episode,coins,kills,game_score,steps,epsilon,training_reward,objective_reward,other_event_reward,potential_net,potential_positive,potential_negative,potential_calls,terminal_potential_calls,event_counts,event_rewards
1,2,0,2,400,0.2,-0.41000000000000236,2.0,1.7300000000000018,-4.140000000000002,50.40641666666664,-54.54641666666669,401,1,"{""BOMB_DROPPED"": 31, ""BOMB_EXPLODED"": 31, ""BOMB_NEXT_TO_CRATE"": 11, ""COIN_COLLECTED"": 2, ""COIN_FOUND"": 1, ""CRATE_DESTROYED"": 28, ""ESCAPED_DANGER"": 31, ""MOVED_AWAY_FROM_COIN"": 5, ""MOVED_DOWN"": 71, ""MOVED_LEFT"": 61, ""MOVED_RIGHT"": 60, ""MOVED_TOWARD_COIN"": 28, ""MOVED_TOWARD_SAFETY"": 43, ""MOVED_UP"": 71, ""OPPONENT_ELIMINATED"": 1, ""SAFE_BOMB_THREATENS_OPPONENT"": 3, ""STAYED_IN_DANGER"": 8, ""SURVIVED_ROUND"": 1, ""USELESS_BOMB"": 19, ""WAITED"": 106}","{""BOMB_DROPPED"": 0.0, ""BOMB_EXPLODED"": 0.0, ""BOMB_NEXT_TO_CRATE"": 0.5499999999999999, ""COIN_COLLECTED"": 2.0, ""COIN_FOUND"": 0.05, ""CRATE_DESTROYED"": 2.800000000000001, ""ESCAPED_DANGER"": 0.9300000000000006, ""MOVED_AWAY_FROM_COIN"": -0.35000000000000003, ""MOVED_DOWN"": 0.0, ""MOVED_LEFT"": 0.0, ""MOVED_RIGHT"": 0.0, ""MOVED_TOWARD_COIN"": 1.680000000000001, ""MOVED_TOWARD_SAFETY"": 1.290000000000001, ""MOVED_UP"": 0.0, ""OPPONENT_ELIMINATED"": 0.0, ""SAFE_BOMB_THREATENS_OPPONENT"": 0.30000000000000004, ""STAYED_IN_DANGER"": -2.0, ""SURVIVED_ROUND"": 0.5, ""USELESS_BOMB"": -1.9000000000000006, ""WAITED"": -2.1200000000000014}"
2,1,1,6,400,0.19988666666666668,-5.142750000000001,6.0,-3.0300000000000002,-8.112750000000013,61.25949999999999,-69.37225000000004,401,1,"{""BOMB_DROPPED"": 32, ""BOMB_EXPLODED"": 32, ""BOMB_NEXT_TO_CRATE"": 6, ""COIN_COLLECTED"": 1, ""COIN_FOUND"": 2, ""CRATE_DESTROYED"": 13, ""ESCAPED_DANGER"": 41, ""INVALID_ACTION"": 2, ""KILLED_OPPONENT"": 1, ""MOVED_AWAY_FROM_COIN"": 4, ""MOVED_DOWN"": 32, ""MOVED_INTO_DANGER"": 9, ""MOVED_LEFT"": 86, ""MOVED_RIGHT"": 76, ""MOVED_TOWARD_COIN"": 13, ""MOVED_TOWARD_SAFETY"": 48, ""MOVED_UP"": 42, ""OPPONENT_ELIMINATED"": 2, ""SAFE_BOMB_THREATENS_OPPONENT"": 13, ""STAYED_IN_DANGER"": 9, ""SURVIVED_ROUND"": 1, ""USELESS_BOMB"": 15, ""WAITED"": 130}","{""BOMB_DROPPED"": 0.0, ""BOMB_EXPLODED"": 0.0, ""BOMB_NEXT_TO_CRATE"": 0.3, ""COIN_COLLECTED"": 1.0, ""COIN_FOUND"": 0.1, ""CRATE_DESTROYED"": 1.3, ""ESCAPED_DANGER"": 1.2300000000000009, ""INVALID_ACTION"": -0.2, ""KILLED_OPPONENT"": 5.0, ""MOVED_AWAY_FROM_COIN"": -0.28, ""MOVED_DOWN"": 0.0, ""MOVED_INTO_DANGER"": -3.1500000000000004, ""MOVED_LEFT"": 0.0, ""MOVED_RIGHT"": 0.0, ""MOVED_TOWARD_COIN"": 0.7800000000000002, ""MOVED_TOWARD_SAFETY"": 1.440000000000001, ""MOVED_UP"": 0.0, ""OPPONENT_ELIMINATED"": 0.0, ""SAFE_BOMB_THREATENS_OPPONENT"": 1.3, ""STAYED_IN_DANGER"": -2.25, ""SURVIVED_ROUND"": 0.5, ""USELESS_BOMB"": -1.5000000000000002, ""WAITED"": -2.600000000000002}"
3,1,0,1,400,0.19977333333333336,-6.788750000000006,1.0,-0.6500000000000004,-7.138750000000011,34.525583333333316,-41.664333333333325,401,1,"{""BOMB_DROPPED"": 18, ""BOMB_EXPLODED"": 18, ""BOMB_NEXT_TO_CRATE"": 4, ""COIN_COLLECTED"": 1, ""CRATE_DESTROYED"": 10, ""ESCAPED_DANGER"": 21, ""MOVED_AWAY_FROM_COIN"": 11, ""MOVED_DOWN"": 59, ""MOVED_INTO_DANGER"": 4, ""MOVED_LEFT"": 55, ""MOVED_RIGHT"": 67, ""MOVED_TOWARD_COIN"": 32, ""MOVED_TOWARD_SAFETY"": 28, ""MOVED_UP"": 45, ""OPPONENT_ELIMINATED"": 1, ""SAFE_BOMB_THREATENS_OPPONENT"": 7, ""STAYED_IN_DANGER"": 1, ""SURVIVED_ROUND"": 1, ""USELESS_BOMB"": 9, ""WAITED"": 156}","{""BOMB_DROPPED"": 0.0, ""BOMB_EXPLODED"": 0.0, ""BOMB_NEXT_TO_CRATE"": 0.2, ""COIN_COLLECTED"": 1.0, ""CRATE_DESTROYED"": 0.9999999999999999, ""ESCAPED_DANGER"": 0.6300000000000003, ""MOVED_AWAY_FROM_COIN"": -0.7700000000000002, ""MOVED_DOWN"": 0.0, ""MOVED_INTO_DANGER"": -1.4, ""MOVED_LEFT"": 0.0, ""MOVED_RIGHT"": 0.0, ""MOVED_TOWARD_COIN"": 1.9200000000000013, ""MOVED_TOWARD_SAFETY"": 0.8400000000000005, ""MOVED_UP"": 0.0, ""OPPONENT_ELIMINATED"": 0.0, ""SAFE_BOMB_THREATENS_OPPONENT"": 0.7, ""STAYED_IN_DANGER"": -0.25, ""SURVIVED_ROUND"": 0.5, ""USELESS_BOMB"": -0.8999999999999999, ""WAITED"": -3.1200000000000023}"
4,0,0,0,400,0.19966,-9.635500000000047,0,-2.54,-7.095500000000016,43.19749999999988,-50.2930000000001,401,1,"{""BOMB_DROPPED"": 23, ""BOMB_EXPLODED"": 23, ""BOMB_NEXT_TO_CRATE"": 8, ""BOMB_WITH_NO_ESCAPE"": 1, ""CRATE_DESTROYED"": 16, ""ESCAPED_DANGER"": 27, ""INVALID_ACTION"": 3, ""MOVED_AWAY_FROM_COIN"": 6, ""MOVED_DOWN"": 72, ""MOVED_INTO_DANGER"": 7, ""MOVED_LEFT"": 50, ""MOVED_RIGHT"": 57, ""MOVED_TOWARD_COIN"": 7, ""MOVED_TOWARD_SAFETY"": 41, ""MOVED_UP"": 86, ""OPPONENT_ELIMINATED"": 3, ""SAFE_BOMB_THREATENS_OPPONENT"": 11, ""SAFE_BOMB_TRAPS_OPPONENT"": 2, ""STAYED_IN_DANGER"": 10, ""SURVIVED_ROUND"": 1, ""USELESS_BOMB"": 6, ""WAITED"": 109}","{""BOMB_DROPPED"": 0.0, ""BOMB_EXPLODED"": 0.0, ""BOMB_NEXT_TO_CRATE"": 0.39999999999999997, ""BOMB_WITH_NO_ESCAPE"": -0.55, ""CRATE_DESTROYED"": 1.6000000000000003, ""ESCAPED_DANGER"": 0.8100000000000005, ""INVALID_ACTION"": -0.30000000000000004, ""MOVED_AWAY_FROM_COIN"": -0.42000000000000004, ""MOVED_DOWN"": 0.0, ""MOVED_INTO_DANGER"": -2.45, ""MOVED_LEFT"": 0.0, ""MOVED_RIGHT"": 0.0, ""MOVED_TOWARD_COIN"": 0.42, ""MOVED_TOWARD_SAFETY"": 1.2300000000000009, ""MOVED_UP"": 0.0, ""OPPONENT_ELIMINATED"": 0.0, ""SAFE_BOMB_THREATENS_OPPONENT"": 1.0999999999999999, ""SAFE_BOMB_TRAPS_OPPONENT"": 0.4, ""STAYED_IN_DANGER"": -2.5, ""SURVIVED_ROUND"": 0.5, ""USELESS_BOMB"": -0.6, ""WAITED"": -2.1800000000000015}"
5,1,0,1,400,0.19954666666666668,-7.238999999999991,1.0,-1.479999999999999,-6.758999999999986,46.087749999999986,-52.846750000000064,401,1,"{""BOMB_DROPPED"": 22, ""BOMB_EXPLODED"": 22, ""BOMB_NEXT_TO_CRATE"": 8, ""BOMB_WITH_NO_ESCAPE"": 1, ""COIN_COLLECTED"": 1, ""COIN_FOUND"": 1, ""CRATE_DESTROYED"": 22, ""ESCAPED_DANGER"": 27, ""INVALID_ACTION"": 1, ""MOVED_AWAY_FROM_COIN"": 8, ""MOVED_DOWN"": 91, ""MOVED_INTO_DANGER"": 7, ""MOVED_LEFT"": 43, ""MOVED_RIGHT"": 55, ""MOVED_TOWARD_COIN"": 19, ""MOVED_TOWARD_SAFETY"": 38, ""MOVED_UP"": 90, ""OPPONENT_ELIMINATED"": 1, ""SAFE_BOMB_THREATENS_OPPONENT"": 8, ""STAYED_IN_DANGER"": 8, ""SURVIVED_ROUND"": 1, ""USELESS_BOMB"": 9, ""WAITED"": 98}","{""BOMB_DROPPED"": 0.0, ""BOMB_EXPLODED"": 0.0, ""BOMB_NEXT_TO_CRATE"": 0.39999999999999997, ""BOMB_WITH_NO_ESCAPE"": -0.55, ""COIN_COLLECTED"": 1.0, ""COIN_FOUND"": 0.05, ""CRATE_DESTROYED"": 2.2000000000000006, ""ESCAPED_DANGER"": 0.8100000000000005, ""INVALID_ACTION"": -0.1, ""MOVED_AWAY_FROM_COIN"": -0.56, ""MOVED_DOWN"": 0.0, ""MOVED_INTO_DANGER"": -2.45, ""MOVED_LEFT"": 0.0, ""MOVED_RIGHT"": 0.0, ""MOVED_TOWARD_COIN"": 1.1400000000000006, ""MOVED_TOWARD_SAFETY"": 1.1400000000000008, ""MOVED_UP"": 0.0, ""OPPONENT_ELIMINATED"": 0.0, ""SAFE_BOMB_THREATENS_OPPONENT"": 0.7999999999999999, ""STAYED_IN_DANGER"": -2.0, ""SURVIVED_ROUND"": 0.5, ""USELESS_BOMB"": -0.8999999999999999, ""WAITED"": -1.9600000000000013}"
6,0,1,5,400,0.19943333333333335,-3.3610000000000024,5.0,0.18000000000000238,-8.541000000000025,54.658583333333326,-63.199583333333344,401,1,"{""BOMB_DROPPED"": 29, ""BOMB_EXPLODED"": 29, ""BOMB_NEXT_TO_CRATE"": 10, ""COIN_FOUND"": 2, ""CRATE_DESTROYED"": 30, ""ESCAPED_DANGER"": 34, ""INVALID_ACTION"": 2, ""KILLED_OPPONENT"": 1, ""MOVED_AWAY_FROM_COIN"": 36, ""MOVED_DOWN"": 70, ""MOVED_INTO_DANGER"": 6, ""MOVED_LEFT"": 46, ""MOVED_RIGHT"": 58, ""MOVED_TOWARD_COIN"": 30, ""MOVED_TOWARD_SAFETY"": 46, ""MOVED_UP"": 70, ""OPPONENT_ELIMINATED"": 2, ""SAFE_BOMB_THREATENS_OPPONENT"": 13, ""STAYED_IN_DANGER"": 6, ""SURVIVED_ROUND"": 1, ""USELESS_BOMB"": 6, ""WAITED"": 125}","{""BOMB_DROPPED"": 0.0, ""BOMB_EXPLODED"": 0.0, ""BOMB_NEXT_TO_CRATE"": 0.49999999999999994, ""COIN_FOUND"": 0.1, ""CRATE_DESTROYED"": 3.0000000000000013, ""ESCAPED_DANGER"": 1.0200000000000007, ""INVALID_ACTION"": -0.2, ""KILLED_OPPONENT"": 5.0, ""MOVED_AWAY_FROM_COIN"": -2.52, ""MOVED_DOWN"": 0.0, ""MOVED_INTO_DANGER"": -2.1, ""MOVED_LEFT"": 0.0, ""MOVED_RIGHT"": 0.0, ""MOVED_TOWARD_COIN"": 1.8000000000000012, ""MOVED_TOWARD_SAFETY"": 1.380000000000001, ""MOVED_UP"": 0.0, ""OPPONENT_ELIMINATED"": 0.0, ""SAFE_BOMB_THREATENS_OPPONENT"": 1.3, ""STAYED_IN_DANGER"": -1.5, ""SURVIVED_ROUND"": 0.5, ""USELESS_BOMB"": -0.6, ""WAITED"": -2.5000000000000018}"
7,4,0,4,124,0.19932,-3.4560000000000035,4.0,-4.35,-3.1060000000000025,14.138583333333324,-17.24458333333333,124,1,"{""BOMB_DROPPED"": 8, ""BOMB_EXPLODED"": 7, ""BOMB_NEXT_TO_CRATE"": 5, ""BOMB_WITH_NO_ESCAPE"": 1, ""COIN_COLLECTED"": 4, ""COIN_FOUND"": 4, ""CRATE_DESTROYED"": 13, ""ESCAPED_DANGER"": 7, ""GOT_KILLED"": 1, ""MOVED_AWAY_FROM_COIN"": 7, ""MOVED_DOWN"": 19, ""MOVED_INTO_DANGER"": 1, ""MOVED_LEFT"": 15, ""MOVED_RIGHT"": 14, ""MOVED_TOWARD_COIN"": 27, ""MOVED_TOWARD_SAFETY"": 12, ""MOVED_UP"": 33, ""OPPONENT_ELIMINATED"": 1, ""STAYED_IN_DANGER"": 4, ""USELESS_BOMB"": 2, ""WAITED"": 35}","{""BOMB_DROPPED"": 0.0, ""BOMB_EXPLODED"": 0.0, ""BOMB_NEXT_TO_CRATE"": 0.25, ""BOMB_WITH_NO_ESCAPE"": -0.55, ""COIN_COLLECTED"": 4.0, ""COIN_FOUND"": 0.2, ""CRATE_DESTROYED"": 1.3, ""ESCAPED_DANGER"": 0.21, ""GOT_KILLED"": -5.0, ""MOVED_AWAY_FROM_COIN"": -0.49000000000000005, ""MOVED_DOWN"": 0.0, ""MOVED_INTO_DANGER"": -0.35, ""MOVED_LEFT"": 0.0, ""MOVED_RIGHT"": 0.0, ""MOVED_TOWARD_COIN"": 1.620000000000001, ""MOVED_TOWARD_SAFETY"": 0.3600000000000001, ""MOVED_UP"": 0.0, ""OPPONENT_ELIMINATED"": 0.0, ""STAYED_IN_DANGER"": -1.0, ""USELESS_BOMB"": -0.2, ""WAITED"": -0.7000000000000003}"
8,1,1,6,400,0.19920666666666667,-4.645500000000009,6.0,-1.4999999999999991,-9.14550000000001,64.53408333333338,-73.67958333333333,401,1,"{""BOMB_DROPPED"": 34, ""BOMB_EXPLODED"": 34, ""BOMB_NEXT_TO_CRATE"": 10, ""COIN_COLLECTED"": 1, ""COIN_FOUND"": 3, ""CRATE_DESTROYED"": 17, ""ESCAPED_DANGER"": 43, ""INVALID_ACTION"": 3, ""KILLED_OPPONENT"": 1, ""MOVED_AWAY_FROM_COIN"": 1, ""MOVED_DOWN"": 56, ""MOVED_INTO_DANGER"": 10, ""MOVED_LEFT"": 55, ""MOVED_RIGHT"": 44, ""MOVED_TOWARD_COIN"": 10, ""MOVED_TOWARD_SAFETY"": 53, ""MOVED_UP"": 70, ""OPPONENT_ELIMINATED"": 2, ""SAFE_BOMB_THREATENS_OPPONENT"": 22, ""STAYED_IN_DANGER"": 12, ""SURVIVED_ROUND"": 1, ""USELESS_BOMB"": 4, ""WAITED"": 138}","{""BOMB_DROPPED"": 0.0, ""BOMB_EXPLODED"": 0.0, ""BOMB_NEXT_TO_CRATE"": 0.49999999999999994, ""COIN_COLLECTED"": 1.0, ""COIN_FOUND"": 0.15000000000000002, ""CRATE_DESTROYED"": 1.7000000000000004, ""ESCAPED_DANGER"": 1.290000000000001, ""INVALID_ACTION"": -0.30000000000000004, ""KILLED_OPPONENT"": 5.0, ""MOVED_AWAY_FROM_COIN"": -0.07, ""MOVED_DOWN"": 0.0, ""MOVED_INTO_DANGER"": -3.5000000000000004, ""MOVED_LEFT"": 0.0, ""MOVED_RIGHT"": 0.0, ""MOVED_TOWARD_COIN"": 0.6000000000000001, ""MOVED_TOWARD_SAFETY"": 1.5900000000000012, ""MOVED_UP"": 0.0, ""OPPONENT_ELIMINATED"": 0.0, ""SAFE_BOMB_THREATENS_OPPONENT"": 2.2000000000000006, ""STAYED_IN_DANGER"": -3.0, ""SURVIVED_ROUND"": 0.5, ""USELESS_BOMB"": -0.4, ""WAITED"": -2.760000000000002}"
9,2,0,2,400,0.19909333333333334,-5.878000000000002,2.0,-1.0099999999999993,-6.868000000000011,51.34808333333331,-58.21608333333337,401,1,"{""BOMB_DROPPED"": 27, ""BOMB_EXPLODED"": 27, ""BOMB_NEXT_TO_CRATE"": 13, ""COIN_COLLECTED"": 2, ""COIN_FOUND"": 2, ""CRATE_DESTROYED"": 22, ""ESCAPED_DANGER"": 33, ""INVALID_ACTION"": 2, ""MOVED_AWAY_FROM_COIN"": 6, ""MOVED_DOWN"": 57, ""MOVED_INTO_DANGER"": 9, ""MOVED_LEFT"": 69, ""MOVED_RIGHT"": 79, ""MOVED_TOWARD_COIN"": 16, ""MOVED_TOWARD_SAFETY"": 45, ""MOVED_UP"": 49, ""OPPONENT_ELIMINATED"": 2, ""SAFE_BOMB_THREATENS_OPPONENT"": 14, ""STAYED_IN_DANGER"": 11, ""SURVIVED_ROUND"": 1, ""USELESS_BOMB"": 3, ""WAITED"": 117}","{""BOMB_DROPPED"": 0.0, ""BOMB_EXPLODED"": 0.0, ""BOMB_NEXT_TO_CRATE"": 0.65, ""COIN_COLLECTED"": 2.0, ""COIN_FOUND"": 0.1, ""CRATE_DESTROYED"": 2.2000000000000006, ""ESCAPED_DANGER"": 0.9900000000000007, ""INVALID_ACTION"": -0.2, ""MOVED_AWAY_FROM_COIN"": -0.42000000000000004, ""MOVED_DOWN"": 0.0, ""MOVED_INTO_DANGER"": -3.1500000000000004, ""MOVED_LEFT"": 0.0, ""MOVED_RIGHT"": 0.0, ""MOVED_TOWARD_COIN"": 0.9600000000000004, ""MOVED_TOWARD_SAFETY"": 1.350000000000001, ""MOVED_UP"": 0.0, ""OPPONENT_ELIMINATED"": 0.0, ""SAFE_BOMB_THREATENS_OPPONENT"": 1.4000000000000001, ""STAYED_IN_DANGER"": -2.75, ""SURVIVED_ROUND"": 0.5, ""USELESS_BOMB"": -0.30000000000000004, ""WAITED"": -2.3400000000000016}"
10,2,0,2,400,0.19898000000000002,-3.457999999999999,2.0,2.0400000000000027,-7.498000000000009,61.34966666666675,-68.84766666666667,401,1,"{""BOMB_DROPPED"": 32, ""BOMB_EXPLODED"": 32, ""BOMB_NEXT_TO_CRATE"": 9, ""COIN_COLLECTED"": 2, ""COIN_FOUND"": 1, ""CRATE_DESTROYED"": 24, ""ESCAPED_DANGER"": 38, ""MOVED_AWAY_FROM_COIN"": 8, ""MOVED_DOWN"": 83, ""MOVED_INTO_DANGER"": 7, ""MOVED_LEFT"": 38, ""MOVED_RIGHT"": 37, ""MOVED_TOWARD_COIN"": 29, ""MOVED_TOWARD_SAFETY"": 55, ""MOVED_UP"": 91, ""OPPONENT_ELIMINATED"": 2, ""SAFE_BOMB_THREATENS_OPPONENT"": 17, ""STAYED_IN_DANGER"": 6, ""SURVIVED_ROUND"": 1, ""USELESS_BOMB"": 7, ""WAITED"": 119}","{""BOMB_DROPPED"": 0.0, ""BOMB_EXPLODED"": 0.0, ""BOMB_NEXT_TO_CRATE"": 0.44999999999999996, ""COIN_COLLECTED"": 2.0, ""COIN_FOUND"": 0.05, ""CRATE_DESTROYED"": 2.400000000000001, ""ESCAPED_DANGER"": 1.1400000000000008, ""MOVED_AWAY_FROM_COIN"": -0.56, ""MOVED_DOWN"": 0.0, ""MOVED_INTO_DANGER"": -2.45, ""MOVED_LEFT"": 0.0, ""MOVED_RIGHT"": 0.0, ""MOVED_TOWARD_COIN"": 1.740000000000001, ""MOVED_TOWARD_SAFETY"": 1.6500000000000012, ""MOVED_UP"": 0.0, ""OPPONENT_ELIMINATED"": 0.0, ""SAFE_BOMB_THREATENS_OPPONENT"": 1.7000000000000004, ""STAYED_IN_DANGER"": -1.5, ""SURVIVED_ROUND"": 0.5, ""USELESS_BOMB"": -0.7, ""WAITED"": -2.3800000000000017}"
11,1,0,1,400,0.19886666666666666,-7.945999999999998,1.0,-0.6499999999999998,-8.296000000000015,55.708416666666686,-64.00441666666667,401,1,"{""BOMB_DROPPED"": 27, ""BOMB_EXPLODED"": 26, ""BOMB_NEXT_TO_CRATE"": 9, ""COIN_COLLECTED"": 1, ""COIN_FOUND"": 1, ""CRATE_DESTROYED"": 24, ""ESCAPED_DANGER"": 38, ""INVALID_ACTION"": 3, ""MOVED_AWAY_FROM_COIN"": 7, ""MOVED_DOWN"": 80, ""MOVED_INTO_DANGER"": 11, ""MOVED_LEFT"": 43, ""MOVED_RIGHT"": 34, ""MOVED_TOWARD_COIN"": 9, ""MOVED_TOWARD_SAFETY"": 43, ""MOVED_UP"": 84, ""OPPONENT_ELIMINATED"": 2, ""SAFE_BOMB_THREATENS_OPPONENT"": 14, ""STAYED_IN_DANGER"": 2, ""SURVIVED_ROUND"": 1, ""USELESS_BOMB"": 7, ""WAITED"": 129}","{""BOMB_DROPPED"": 0.0, ""BOMB_EXPLODED"": 0.0, ""BOMB_NEXT_TO_CRATE"": 0.44999999999999996, ""COIN_COLLECTED"": 1.0, ""COIN_FOUND"": 0.05, ""CRATE_DESTROYED"": 2.400000000000001, ""ESCAPED_DANGER"": 1.1400000000000008, ""INVALID_ACTION"": -0.30000000000000004, ""MOVED_AWAY_FROM_COIN"": -0.49000000000000005, ""MOVED_DOWN"": 0.0, ""MOVED_INTO_DANGER"": -3.8500000000000005, ""MOVED_LEFT"": 0.0, ""MOVED_RIGHT"": 0.0, ""MOVED_TOWARD_COIN"": 0.54, ""MOVED_TOWARD_SAFETY"": 1.290000000000001, ""MOVED_UP"": 0.0, ""OPPONENT_ELIMINATED"": 0.0, ""SAFE_BOMB_THREATENS_OPPONENT"": 1.4000000000000001, ""STAYED_IN_DANGER"": -0.5, ""SURVIVED_ROUND"": 0.5, ""USELESS_BOMB"": -0.7, ""WAITED"": -2.580000000000002}"
12,0,0,0,400,0.19875333333333334,-7.5007500000000045,0,0.2700000000000008,-7.7707500000000085,55.57899999999994,-63.34975000000009,401,1,"{""BOMB_DROPPED"": 30, ""BOMB_EXPLODED"": 30, ""BOMB_NEXT_TO_CRATE"": 9, ""CRATE_DESTROYED"": 19, ""ESCAPED_DANGER"": 37, ""INVALID_ACTION"": 1, ""MOVED_AWAY_FROM_COIN"": 6, ""MOVED_DOWN"": 69, ""MOVED_INTO_DANGER"": 7, ""MOVED_LEFT"": 49, ""MOVED_RIGHT"": 49, ""MOVED_TOWARD_COIN"": 16, ""MOVED_TOWARD_SAFETY"": 44, ""MOVED_UP"": 77, ""OPPONENT_ELIMINATED"": 2, ""SAFE_BOMB_THREATENS_OPPONENT"": 13, ""STAYED_IN_DANGER"": 4, ""SURVIVED_ROUND"": 1, ""USELESS_BOMB"": 8, ""WAITED"": 125}","{""BOMB_DROPPED"": 0.0, ""BOMB_EXPLODED"": 0.0, ""BOMB_NEXT_TO_CRATE"": 0.44999999999999996, ""CRATE_DESTROYED"": 1.9000000000000006, ""ESCAPED_DANGER"": 1.1100000000000008, ""INVALID_ACTION"": -0.1, ""MOVED_AWAY_FROM_COIN"": -0.42000000000000004, ""MOVED_DOWN"": 0.0, ""MOVED_INTO_DANGER"": -2.45, ""MOVED_LEFT"": 0.0, ""MOVED_RIGHT"": 0.0, ""MOVED_TOWARD_COIN"": 0.9600000000000004, ""MOVED_TOWARD_SAFETY"": 1.320000000000001, ""MOVED_UP"": 0.0, ""OPPONENT_ELIMINATED"": 0.0, ""SAFE_BOMB_THREATENS_OPPONENT"": 1.3, ""STAYED_IN_DANGER"": -1.0, ""SURVIVED_ROUND"": 0.5, ""USELESS_BOMB"": -0.7999999999999999, ""WAITED"": -2.5000000000000018}"
13,1,1,6,400,0.19864,-1.161749999999997,6.0,0.07000000000000206,-7.231750000000014,59.78491666666668,-67.01666666666671,401,1,"{""BOMB_DROPPED"": 30, ""BOMB_EXPLODED"": 30, ""BOMB_NEXT_TO_CRATE"": 14, ""COIN_COLLECTED"": 1, ""COIN_FOUND"": 2, ""CRATE_DESTROYED"": 38, ""ESCAPED_DANGER"": 39, ""KILLED_OPPONENT"": 1, ""MOVED_AWAY_FROM_COIN"": 4, ""MOVED_DOWN"": 69, ""MOVED_INTO_DANGER"": 9, ""MOVED_LEFT"": 47, ""MOVED_RIGHT"": 56, ""MOVED_TOWARD_COIN"": 11, ""MOVED_TOWARD_SAFETY"": 46, ""MOVED_UP"": 75, ""OPPONENT_ELIMINATED"": 1, ""SAFE_BOMB_THREATENS_OPPONENT"": 6, ""STAYED_IN_DANGER"": 7, ""SURVIVED_ROUND"": 1, ""USELESS_BOMB"": 12, ""WAITED"": 123}","{""BOMB_DROPPED"": 0.0, ""BOMB_EXPLODED"": 0.0, ""BOMB_NEXT_TO_CRATE"": 0.7000000000000001, ""COIN_COLLECTED"": 1.0, ""COIN_FOUND"": 0.1, ""CRATE_DESTROYED"": 3.800000000000002, ""ESCAPED_DANGER"": 1.1700000000000008, ""KILLED_OPPONENT"": 5.0, ""MOVED_AWAY_FROM_COIN"": -0.28, ""MOVED_DOWN"": 0.0, ""MOVED_INTO_DANGER"": -3.1500000000000004, ""MOVED_LEFT"": 0.0, ""MOVED_RIGHT"": 0.0, ""MOVED_TOWARD_COIN"": 0.6600000000000001, ""MOVED_TOWARD_SAFETY"": 1.380000000000001, ""MOVED_UP"": 0.0, ""OPPONENT_ELIMINATED"": 0.0, ""SAFE_BOMB_THREATENS_OPPONENT"": 0.6, ""STAYED_IN_DANGER"": -1.75, ""SURVIVED_ROUND"": 0.5, ""USELESS_BOMB"": -1.2, ""WAITED"": -2.4600000000000017}"
14,0,0,0,400,0.19852666666666666,-2.732750000000005,0,0.2500000000000003,-2.9827499999999967,55.19275000000005,-58.175499999999786,401,1,"{""BOMB_DROPPED"": 33, ""BOMB_EXPLODED"": 33, ""BOMB_NEXT_TO_CRATE"": 6, ""CRATE_DESTROYED"": 17, ""ESCAPED_DANGER"": 35, ""MOVED_AWAY_FROM_COIN"": 13, ""MOVED_DOWN"": 43, ""MOVED_INTO_DANGER"": 2, ""MOVED_LEFT"": 86, ""MOVED_RIGHT"": 88, ""MOVED_TOWARD_COIN"": 16, ""MOVED_TOWARD_SAFETY"": 62, ""MOVED_UP"": 42, ""OPPONENT_ELIMINATED"": 3, ""SAFE_BOMB_THREATENS_OPPONENT"": 2, ""SAFE_BOMB_TRAPS_OPPONENT"": 1, ""STAYED_IN_DANGER"": 1, ""SURVIVED_ROUND"": 1, ""USELESS_BOMB"": 25, ""WAITED"": 108}","{""BOMB_DROPPED"": 0.0, ""BOMB_EXPLODED"": 0.0, ""BOMB_NEXT_TO_CRATE"": 0.3, ""CRATE_DESTROYED"": 1.7000000000000004, ""ESCAPED_DANGER"": 1.0500000000000007, ""MOVED_AWAY_FROM_COIN"": -0.9100000000000004, ""MOVED_DOWN"": 0.0, ""MOVED_INTO_DANGER"": -0.7, ""MOVED_LEFT"": 0.0, ""MOVED_RIGHT"": 0.0, ""MOVED_TOWARD_COIN"": 0.9600000000000004, ""MOVED_TOWARD_SAFETY"": 1.8600000000000014, ""MOVED_UP"": 0.0, ""OPPONENT_ELIMINATED"": 0.0, ""SAFE_BOMB_THREATENS_OPPONENT"": 0.2, ""SAFE_BOMB_TRAPS_OPPONENT"": 0.2, ""STAYED_IN_DANGER"": -0.25, ""SURVIVED_ROUND"": 0.5, ""USELESS_BOMB"": -2.500000000000001, ""WAITED"": -2.1600000000000015}"
15,0,0,0,400,0.19841333333333336,-11.839499999999981,0,-4.330000000000001,-7.5095000000000045,60.239583333333385,-67.7490833333333,401,1,"{""BOMB_DROPPED"": 32, ""BOMB_EXPLODED"": 32, ""BOMB_NEXT_TO_CRATE"": 6, ""CRATE_DESTROYED"": 17, ""ESCAPED_DANGER"": 40, ""MOVED_AWAY_FROM_COIN"": 1, ""MOVED_DOWN"": 57, ""MOVED_INTO_DANGER"": 9, ""MOVED_LEFT"": 47, ""MOVED_RIGHT"": 52, ""MOVED_TOWARD_COIN"": 5, ""MOVED_TOWARD_SAFETY"": 37, ""MOVED_UP"": 71, ""OPPONENT_ELIMINATED"": 2, ""SAFE_BOMB_THREATENS_OPPONENT"": 11, ""STAYED_IN_DANGER"": 12, ""SURVIVED_ROUND"": 1, ""USELESS_BOMB"": 15, ""WAITED"": 141}","{""BOMB_DROPPED"": 0.0, ""BOMB_EXPLODED"": 0.0, ""BOMB_NEXT_TO_CRATE"": 0.3, ""CRATE_DESTROYED"": 1.7000000000000004, ""ESCAPED_DANGER"": 1.2000000000000008, ""MOVED_AWAY_FROM_COIN"": -0.07, ""MOVED_DOWN"": 0.0, ""MOVED_INTO_DANGER"": -3.1500000000000004, ""MOVED_LEFT"": 0.0, ""MOVED_RIGHT"": 0.0, ""MOVED_TOWARD_COIN"": 0.3, ""MOVED_TOWARD_SAFETY"": 1.1100000000000008, ""MOVED_UP"": 0.0, ""OPPONENT_ELIMINATED"": 0.0, ""SAFE_BOMB_THREATENS_OPPONENT"": 1.0999999999999999, ""STAYED_IN_DANGER"": -3.0, ""SURVIVED_ROUND"": 0.5, ""USELESS_BOMB"": -1.5000000000000002, ""WAITED"": -2.820000000000002}"
16,1,0,1,268,0.1983,-11.513250000000003,1.0,-6.1499999999999995,-6.363250000000005,44.54233333333331,-50.90558333333331,268,1,"{""BOMB_DROPPED"": 21, ""BOMB_EXPLODED"": 20, ""BOMB_NEXT_TO_CRATE"": 11, ""BOMB_WITH_NO_ESCAPE"": 1, ""COIN_COLLECTED"": 1, ""COIN_FOUND"": 2, ""CRATE_DESTROYED"": 25, ""ESCAPED_DANGER"": 29, ""GOT_KILLED"": 1, ""MOVED_AWAY_FROM_COIN"": 24, ""MOVED_DOWN"": 42, ""MOVED_INTO_DANGER"": 10, ""MOVED_LEFT"": 32, ""MOVED_RIGHT"": 45, ""MOVED_TOWARD_COIN"": 30, ""MOVED_TOWARD_SAFETY"": 36, ""MOVED_UP"": 42, ""OPPONENT_ELIMINATED"": 1, ""SAFE_BOMB_THREATENS_OPPONENT"": 9, ""SAFE_BOMB_TRAPS_OPPONENT"": 1, ""STAYED_IN_DANGER"": 6, ""USELESS_BOMB"": 2, ""WAITED"": 86}","{""BOMB_DROPPED"": 0.0, ""BOMB_EXPLODED"": 0.0, ""BOMB_NEXT_TO_CRATE"": 0.5499999999999999, ""BOMB_WITH_NO_ESCAPE"": -0.55, ""COIN_COLLECTED"": 1.0, ""COIN_FOUND"": 0.1, ""CRATE_DESTROYED"": 2.500000000000001, ""ESCAPED_DANGER"": 0.8700000000000006, ""GOT_KILLED"": -5.0, ""MOVED_AWAY_FROM_COIN"": -1.680000000000001, ""MOVED_DOWN"": 0.0, ""MOVED_INTO_DANGER"": -3.5000000000000004, ""MOVED_LEFT"": 0.0, ""MOVED_RIGHT"": 0.0, ""MOVED_TOWARD_COIN"": 1.8000000000000012, ""MOVED_TOWARD_SAFETY"": 1.0800000000000007, ""MOVED_UP"": 0.0, ""OPPONENT_ELIMINATED"": 0.0, ""SAFE_BOMB_THREATENS_OPPONENT"": 0.8999999999999999, ""SAFE_BOMB_TRAPS_OPPONENT"": 0.2, ""STAYED_IN_DANGER"": -1.5, ""USELESS_BOMB"": -0.2, ""WAITED"": -1.720000000000001}"
17,1,0,1,385,0.19818666666666668,-17.36475,1.0,-9.809999999999999,-8.554750000000015,50.85291666666669,-59.40766666666665,385,1,"{""BOMB_DROPPED"": 20, ""BOMB_EXPLODED"": 19, ""BOMB_NEXT_TO_CRATE"": 7, ""BOMB_WITH_NO_ESCAPE"": 1, ""COIN_COLLECTED"": 1, ""COIN_FOUND"": 1, ""CRATE_DESTROYED"": 16, ""ESCAPED_DANGER"": 32, ""GOT_KILLED"": 1, ""INVALID_ACTION"": 2, ""MOVED_AWAY_FROM_COIN"": 7, ""MOVED_DOWN"": 56, ""MOVED_INTO_DANGER"": 14, ""MOVED_LEFT"": 61, ""MOVED_RIGHT"": 59, ""MOVED_TOWARD_COIN"": 25, ""MOVED_TOWARD_SAFETY"": 29, ""MOVED_UP"": 47, ""OPPONENT_ELIMINATED"": 1, ""SAFE_BOMB_THREATENS_OPPONENT"": 8, ""STAYED_IN_DANGER"": 6, ""USELESS_BOMB"": 5, ""WAITED"": 140}","{""BOMB_DROPPED"": 0.0, ""BOMB_EXPLODED"": 0.0, ""BOMB_NEXT_TO_CRATE"": 0.35, ""BOMB_WITH_NO_ESCAPE"": -0.55, ""COIN_COLLECTED"": 1.0, ""COIN_FOUND"": 0.05, ""CRATE_DESTROYED"": 1.6000000000000003, ""ESCAPED_DANGER"": 0.9600000000000006, ""GOT_KILLED"": -5.0, ""INVALID_ACTION"": -0.2, ""MOVED_AWAY_FROM_COIN"": -0.49000000000000005, ""MOVED_DOWN"": 0.0, ""MOVED_INTO_DANGER"": -4.8999999999999995, ""MOVED_LEFT"": 0.0, ""MOVED_RIGHT"": 0.0, ""MOVED_TOWARD_COIN"": 1.5000000000000009, ""MOVED_TOWARD_SAFETY"": 0.8700000000000006, ""MOVED_UP"": 0.0, ""OPPONENT_ELIMINATED"": 0.0, ""SAFE_BOMB_THREATENS_OPPONENT"": 0.7999999999999999, ""STAYED_IN_DANGER"": -1.5, ""USELESS_BOMB"": -0.5, ""WAITED"": -2.800000000000002}"
18,0,1,5,400,0.19807333333333335,-2.399000000000001,5.0,-0.02999999999999936,-7.369000000000014,59.397500000000015,-66.76649999999997,401,1,"{""BOMB_DROPPED"": 33, ""BOMB_EXPLODED"": 33, ""BOMB_NEXT_TO_CRATE"": 7, ""CRATE_DESTROYED"": 14, ""ESCAPED_DANGER"": 39, ""INVALID_ACTION"": 3, ""KILLED_OPPONENT"": 1, ""MOVED_DOWN"": 72, ""MOVED_INTO_DANGER"": 6, ""MOVED_LEFT"": 51, ""MOVED_RIGHT"": 45, ""MOVED_TOWARD_COIN"": 9, ""MOVED_TOWARD_SAFETY"": 51, ""MOVED_UP"": 60, ""OPPONENT_ELIMINATED"": 2, ""SAFE_BOMB_THREATENS_OPPONENT"": 22, ""STAYED_IN_DANGER"": 8, ""SURVIVED_ROUND"": 1, ""USELESS_BOMB"": 6, ""WAITED"": 136}","{""BOMB_DROPPED"": 0.0, ""BOMB_EXPLODED"": 0.0, ""BOMB_NEXT_TO_CRATE"": 0.35, ""CRATE_DESTROYED"": 1.4000000000000001, ""ESCAPED_DANGER"": 1.1700000000000008, ""INVALID_ACTION"": -0.30000000000000004, ""KILLED_OPPONENT"": 5.0, ""MOVED_DOWN"": 0.0, ""MOVED_INTO_DANGER"": -2.1, ""MOVED_LEFT"": 0.0, ""MOVED_RIGHT"": 0.0, ""MOVED_TOWARD_COIN"": 0.54, ""MOVED_TOWARD_SAFETY"": 1.5300000000000011, ""MOVED_UP"": 0.0, ""OPPONENT_ELIMINATED"": 0.0, ""SAFE_BOMB_THREATENS_OPPONENT"": 2.2000000000000006, ""STAYED_IN_DANGER"": -2.0, ""SURVIVED_ROUND"": 0.5, ""USELESS_BOMB"": -0.6, ""WAITED"": -2.720000000000002}"
19,1,0,1,400,0.19796,-7.079749999999999,1.0,-0.9799999999999991,-7.099750000000014,57.32400000000011,-64.42374999999994,401,1,"{""BOMB_DROPPED"": 31, ""BOMB_EXPLODED"": 31, ""BOMB_NEXT_TO_CRATE"": 7, ""COIN_COLLECTED"": 1, ""COIN_FOUND"": 1, ""CRATE_DESTROYED"": 17, ""ESCAPED_DANGER"": 37, ""INVALID_ACTION"": 6, ""MOVED_DOWN"": 78, ""MOVED_INTO_DANGER"": 6, ""MOVED_LEFT"": 31, ""MOVED_RIGHT"": 44, ""MOVED_TOWARD_COIN"": 10, ""MOVED_TOWARD_SAFETY"": 39, ""MOVED_UP"": 92, ""OPPONENT_ELIMINATED"": 2, ""SAFE_BOMB_THREATENS_OPPONENT"": 18, ""STAYED_IN_DANGER"": 10, ""SURVIVED_ROUND"": 1, ""USELESS_BOMB"": 7, ""WAITED"": 118}","{""BOMB_DROPPED"": 0.0, ""BOMB_EXPLODED"": 0.0, ""BOMB_NEXT_TO_CRATE"": 0.35, ""COIN_COLLECTED"": 1.0, ""COIN_FOUND"": 0.05, ""CRATE_DESTROYED"": 1.7000000000000004, ""ESCAPED_DANGER"": 1.1100000000000008, ""INVALID_ACTION"": -0.6, ""MOVED_DOWN"": 0.0, ""MOVED_INTO_DANGER"": -2.1, ""MOVED_LEFT"": 0.0, ""MOVED_RIGHT"": 0.0, ""MOVED_TOWARD_COIN"": 0.6000000000000001, ""MOVED_TOWARD_SAFETY"": 1.1700000000000008, ""MOVED_UP"": 0.0, ""OPPONENT_ELIMINATED"": 0.0, ""SAFE_BOMB_THREATENS_OPPONENT"": 1.8000000000000005, ""STAYED_IN_DANGER"": -2.5, ""SURVIVED_ROUND"": 0.5, ""USELESS_BOMB"": -0.7, ""WAITED"": -2.3600000000000017}"
20,1,0,1,400,0.19784666666666667,-10.880999999999998,1.0,-3.1200000000000006,-8.76100000000001,58.72041666666663,-67.4814166666667,401,1,"{""BOMB_DROPPED"": 33, ""BOMB_EXPLODED"": 33, ""BOMB_NEXT_TO_CRATE"": 6, ""BOMB_WITH_NO_ESCAPE"": 1, ""COIN_COLLECTED"": 1, ""CRATE_DESTROYED"": 12, ""ESCAPED_DANGER"": 39, ""INVALID_ACTION"": 1, ""MOVED_AWAY_FROM_COIN"": 4, ""MOVED_DOWN"": 63, ""MOVED_INTO_DANGER"": 8, ""MOVED_LEFT"": 49, ""MOVED_RIGHT"": 40, ""MOVED_TOWARD_COIN"": 12, ""MOVED_TOWARD_SAFETY"": 44, ""MOVED_UP"": 49, ""OPPONENT_ELIMINATED"": 1, ""SAFE_BOMB_THREATENS_OPPONENT"": 20, ""STAYED_IN_DANGER"": 10, ""SURVIVED_ROUND"": 1, ""USELESS_BOMB"": 8, ""WAITED"": 165}","{""BOMB_DROPPED"": 0.0, ""BOMB_EXPLODED"": 0.0, ""BOMB_NEXT_TO_CRATE"": 0.3, ""BOMB_WITH_NO_ESCAPE"": -0.55, ""COIN_COLLECTED"": 1.0, ""CRATE_DESTROYED"": 1.2, ""ESCAPED_DANGER"": 1.1700000000000008, ""INVALID_ACTION"": -0.1, ""MOVED_AWAY_FROM_COIN"": -0.28, ""MOVED_DOWN"": 0.0, ""MOVED_INTO_DANGER"": -2.8000000000000003, ""MOVED_LEFT"": 0.0, ""MOVED_RIGHT"": 0.0, ""MOVED_TOWARD_COIN"": 0.7200000000000002, ""MOVED_TOWARD_SAFETY"": 1.320000000000001, ""MOVED_UP"": 0.0, ""OPPONENT_ELIMINATED"": 0.0, ""SAFE_BOMB_THREATENS_OPPONENT"": 2.0000000000000004, ""STAYED_IN_DANGER"": -2.5, ""SURVIVED_ROUND"": 0.5, ""USELESS_BOMB"": -0.7999999999999999, ""WAITED"": -3.3000000000000025}"
21,2,0,2,400,0.19773333333333334,-5.043750000000005,2.0,1.110000000000002,-8.153750000000011,62.2505,-70.40424999999999,401,1,"{""BOMB_DROPPED"": 36, ""BOMB_EXPLODED"": 35, ""BOMB_NEXT_TO_CRATE"": 10, ""BOMB_WITH_NO_ESCAPE"": 1, ""COIN_COLLECTED"": 2, ""COIN_FOUND"": 2, ""CRATE_DESTROYED"": 23, ""ESCAPED_DANGER"": 40, ""INVALID_ACTION"": 2, ""MOVED_AWAY_FROM_COIN"": 1, ""MOVED_DOWN"": 56, ""MOVED_INTO_DANGER"": 5, ""MOVED_LEFT"": 60, ""MOVED_RIGHT"": 62, ""MOVED_TOWARD_COIN"": 18, ""MOVED_TOWARD_SAFETY"": 55, ""MOVED_UP"": 69, ""OPPONENT_ELIMINATED"": 2, ""SAFE_BOMB_THREATENS_OPPONENT"": 15, ""STAYED_IN_DANGER"": 7, ""SURVIVED_ROUND"": 1, ""USELESS_BOMB"": 11, ""WAITED"": 115}","{""BOMB_DROPPED"": 0.0, ""BOMB_EXPLODED"": 0.0, ""BOMB_NEXT_TO_CRATE"": 0.49999999999999994, ""BOMB_WITH_NO_ESCAPE"": -0.55, ""COIN_COLLECTED"": 2.0, ""COIN_FOUND"": 0.1, ""CRATE_DESTROYED"": 2.3000000000000007, ""ESCAPED_DANGER"": 1.2000000000000008, ""INVALID_ACTION"": -0.2, ""MOVED_AWAY_FROM_COIN"": -0.07, ""MOVED_DOWN"": 0.0, ""MOVED_INTO_DANGER"": -1.75, ""MOVED_LEFT"": 0.0, ""MOVED_RIGHT"": 0.0, ""MOVED_TOWARD_COIN"": 1.0800000000000005, ""MOVED_TOWARD_SAFETY"": 1.6500000000000012, ""MOVED_UP"": 0.0, ""OPPONENT_ELIMINATED"": 0.0, ""SAFE_BOMB_THREATENS_OPPONENT"": 1.5000000000000002, ""STAYED_IN_DANGER"": -1.75, ""SURVIVED_ROUND"": 0.5, ""USELESS_BOMB"": -1.0999999999999999, ""WAITED"": -2.3000000000000016}"
22,2,0,2,400,0.19762000000000002,-4.880500000000003,2.0,1.3500000000000005,-8.23050000000001,51.14574999999996,-59.37625000000003,401,1,"{""BOMB_DROPPED"": 31, ""BOMB_EXPLODED"": 31, ""BOMB_NEXT_TO_CRATE"": 8, ""COIN_COLLECTED"": 2, ""COIN_FOUND"": 2, ""CRATE_DESTROYED"": 16, ""ESCAPED_DANGER"": 33, ""MOVED_AWAY_FROM_COIN"": 2, ""MOVED_DOWN"": 51, ""MOVED_INTO_DANGER"": 2, ""MOVED_LEFT"": 77, ""MOVED_RIGHT"": 90, ""MOVED_TOWARD_COIN"": 14, ""MOVED_TOWARD_SAFETY"": 41, ""MOVED_UP"": 45, ""OPPONENT_ELIMINATED"": 1, ""SAFE_BOMB_THREATENS_OPPONENT"": 12, ""STAYED_IN_DANGER"": 5, ""SURVIVED_ROUND"": 1, ""USELESS_BOMB"": 13, ""WAITED"": 106}","{""BOMB_DROPPED"": 0.0, ""BOMB_EXPLODED"": 0.0, ""BOMB_NEXT_TO_CRATE"": 0.39999999999999997, ""COIN_COLLECTED"": 2.0, ""COIN_FOUND"": 0.1, ""CRATE_DESTROYED"": 1.6000000000000003, ""ESCAPED_DANGER"": 0.9900000000000007, ""MOVED_AWAY_FROM_COIN"": -0.14, ""MOVED_DOWN"": 0.0, ""MOVED_INTO_DANGER"": -0.7, ""MOVED_LEFT"": 0.0, ""MOVED_RIGHT"": 0.0, ""MOVED_TOWARD_COIN"": 0.8400000000000003, ""MOVED_TOWARD_SAFETY"": 1.2300000000000009, ""MOVED_UP"": 0.0, ""OPPONENT_ELIMINATED"": 0.0, ""SAFE_BOMB_THREATENS_OPPONENT"": 1.2, ""STAYED_IN_DANGER"": -1.25, ""SURVIVED_ROUND"": 0.5, ""USELESS_BOMB"": -1.3, ""WAITED"": -2.1200000000000014}"
23,0,1,5,400,0.19750666666666666,-5.256250000000002,5.0,-2.439999999999999,-7.816250000000012,70.30000000000004,-78.11625000000001,401,1,"{""BOMB_DROPPED"": 36, ""BOMB_EXPLODED"": 36, ""BOMB_NEXT_TO_CRATE"": 9, ""COIN_FOUND"": 1, ""CRATE_DESTROYED"": 17, ""ESCAPED_DANGER"": 45, ""INVALID_ACTION"": 2, ""KILLED_OPPONENT"": 1, ""MOVED_AWAY_FROM_COIN"": 4, ""MOVED_DOWN"": 55, ""MOVED_INTO_DANGER"": 10, ""MOVED_LEFT"": 59, ""MOVED_RIGHT"": 54, ""MOVED_TOWARD_COIN"": 8, ""MOVED_TOWARD_SAFETY"": 52, ""MOVED_UP"": 69, ""OPPONENT_ELIMINATED"": 2, ""SAFE_BOMB_THREATENS_OPPONENT"": 24, ""STAYED_IN_DANGER"": 15, ""SURVIVED_ROUND"": 1, ""USELESS_BOMB"": 7, ""WAITED"": 125}","{""BOMB_DROPPED"": 0.0, ""BOMB_EXPLODED"": 0.0, ""BOMB_NEXT_TO_CRATE"": 0.44999999999999996, ""COIN_FOUND"": 0.05, ""CRATE_DESTROYED"": 1.7000000000000004, ""ESCAPED_DANGER"": 1.350000000000001, ""INVALID_ACTION"": -0.2, ""KILLED_OPPONENT"": 5.0, ""MOVED_AWAY_FROM_COIN"": -0.28, ""MOVED_DOWN"": 0.0, ""MOVED_INTO_DANGER"": -3.5000000000000004, ""MOVED_LEFT"": 0.0, ""MOVED_RIGHT"": 0.0, ""MOVED_TOWARD_COIN"": 0.48, ""MOVED_TOWARD_SAFETY"": 1.5600000000000012, ""MOVED_UP"": 0.0, ""OPPONENT_ELIMINATED"": 0.0, ""SAFE_BOMB_THREATENS_OPPONENT"": 2.400000000000001, ""STAYED_IN_DANGER"": -3.75, ""SURVIVED_ROUND"": 0.5, ""USELESS_BOMB"": -0.7, ""WAITED"": -2.5000000000000018}"
24,2,0,2,400,0.19739333333333334,-5.785750000000008,2.0,0.19000000000000083,-7.975750000000006,60.29974999999996,-68.27550000000002,401,1,"{""BOMB_DROPPED"": 36, ""BOMB_EXPLODED"": 35, ""BOMB_NEXT_TO_CRATE"": 10, ""COIN_COLLECTED"": 2, ""COIN_FOUND"": 3, ""CRATE_DESTROYED"": 23, ""ESCAPED_DANGER"": 38, ""INVALID_ACTION"": 1, ""MOVED_AWAY_FROM_COIN"": 1, ""MOVED_DOWN"": 48, ""MOVED_INTO_DANGER"": 4, ""MOVED_LEFT"": 62, ""MOVED_RIGHT"": 75, ""MOVED_TOWARD_COIN"": 18, ""MOVED_TOWARD_SAFETY"": 51, ""MOVED_UP"": 56, ""OPPONENT_ELIMINATED"": 2, ""SAFE_BOMB_THREATENS_OPPONENT"": 11, ""STAYED_IN_DANGER"": 10, ""SURVIVED_ROUND"": 1, ""USELESS_BOMB"": 16, ""WAITED"": 122}","{""BOMB_DROPPED"": 0.0, ""BOMB_EXPLODED"": 0.0, ""BOMB_NEXT_TO_CRATE"": 0.49999999999999994, ""COIN_COLLECTED"": 2.0, ""COIN_FOUND"": 0.15000000000000002, ""CRATE_DESTROYED"": 2.3000000000000007, ""ESCAPED_DANGER"": 1.1400000000000008, ""INVALID_ACTION"": -0.1, ""MOVED_AWAY_FROM_COIN"": -0.07, ""MOVED_DOWN"": 0.0, ""MOVED_INTO_DANGER"": -1.4, ""MOVED_LEFT"": 0.0, ""MOVED_RIGHT"": 0.0, ""MOVED_TOWARD_COIN"": 1.0800000000000005, ""MOVED_TOWARD_SAFETY"": 1.5300000000000011, ""MOVED_UP"": 0.0, ""OPPONENT_ELIMINATED"": 0.0, ""SAFE_BOMB_THREATENS_OPPONENT"": 1.0999999999999999, ""STAYED_IN_DANGER"": -2.5, ""SURVIVED_ROUND"": 0.5, ""USELESS_BOMB"": -1.6000000000000003, ""WAITED"": -2.4400000000000017}"
25,1,1,6,400,0.19728,-3.787000000000001,6.0,-0.29999999999999893,-9.48700000000002,56.044333333333306,-65.53133333333335,401,1,"{""BOMB_DROPPED"": 31, ""BOMB_EXPLODED"": 31, ""BOMB_NEXT_TO_CRATE"": 6, ""COIN_COLLECTED"": 1, ""COIN_FOUND"": 4, ""CRATE_DESTROYED"": 18, ""ESCAPED_DANGER"": 37, ""INVALID_ACTION"": 2, ""KILLED_OPPONENT"": 1, ""MOVED_AWAY_FROM_COIN"": 4, ""MOVED_DOWN"": 63, ""MOVED_INTO_DANGER"": 7, ""MOVED_LEFT"": 46, ""MOVED_RIGHT"": 45, ""MOVED_TOWARD_COIN"": 13, ""MOVED_TOWARD_SAFETY"": 45, ""MOVED_UP"": 75, ""OPPONENT_ELIMINATED"": 2, ""SAFE_BOMB_THREATENS_OPPONENT"": 16, ""STAYED_IN_DANGER"": 5, ""SURVIVED_ROUND"": 1, ""USELESS_BOMB"": 10, ""WAITED"": 138}","{""BOMB_DROPPED"": 0.0, ""BOMB_EXPLODED"": 0.0, ""BOMB_NEXT_TO_CRATE"": 0.3, ""COIN_COLLECTED"": 1.0, ""COIN_FOUND"": 0.2, ""CRATE_DESTROYED"": 1.8000000000000005, ""ESCAPED_DANGER"": 1.1100000000000008, ""INVALID_ACTION"": -0.2, ""KILLED_OPPONENT"": 5.0, ""MOVED_AWAY_FROM_COIN"": -0.28, ""MOVED_DOWN"": 0.0, ""MOVED_INTO_DANGER"": -2.45, ""MOVED_LEFT"": 0.0, ""MOVED_RIGHT"": 0.0, ""MOVED_TOWARD_COIN"": 0.7800000000000002, ""MOVED_TOWARD_SAFETY"": 1.350000000000001, ""MOVED_UP"": 0.0, ""OPPONENT_ELIMINATED"": 0.0, ""SAFE_BOMB_THREATENS_OPPONENT"": 1.6000000000000003, ""STAYED_IN_DANGER"": -1.25, ""SURVIVED_ROUND"": 0.5, ""USELESS_BOMB"": -0.9999999999999999, ""WAITED"": -2.760000000000002}"
26,1,0,1,131,0.19716666666666666,-5.864499999999998,1.0,-4.229999999999999,-2.6345000000000027,26.285416666666652,-28.919916666666662,131,1,"{""BOMB_DROPPED"": 14, ""BOMB_EXPLODED"": 13, ""BOMB_NEXT_TO_CRATE"": 10, ""BOMB_WITH_NO_ESCAPE"": 1, ""COIN_COLLECTED"": 1, ""COIN_FOUND"": 2, ""CRATE_DESTROYED"": 28, ""ESCAPED_DANGER"": 17, ""GOT_KILLED"": 1, ""INVALID_ACTION"": 1, ""MOVED_AWAY_FROM_COIN"": 1, ""MOVED_DOWN"": 11, ""MOVED_INTO_DANGER"": 5, ""MOVED_LEFT"": 16, ""MOVED_RIGHT"": 30, ""MOVED_TOWARD_COIN"": 3, ""MOVED_TOWARD_SAFETY"": 19, ""MOVED_UP"": 13, ""SAFE_BOMB_THREATENS_OPPONENT"": 5, ""STAYED_IN_DANGER"": 4, ""WAITED"": 46}","{""BOMB_DROPPED"": 0.0, ""BOMB_EXPLODED"": 0.0, ""BOMB_NEXT_TO_CRATE"": 0.49999999999999994, ""BOMB_WITH_NO_ESCAPE"": -0.55, ""COIN_COLLECTED"": 1.0, ""COIN_FOUND"": 0.1, ""CRATE_DESTROYED"": 2.800000000000001, ""ESCAPED_DANGER"": 0.5100000000000002, ""GOT_KILLED"": -5.0, ""INVALID_ACTION"": -0.1, ""MOVED_AWAY_FROM_COIN"": -0.07, ""MOVED_DOWN"": 0.0, ""MOVED_INTO_DANGER"": -1.75, ""MOVED_LEFT"": 0.0, ""MOVED_RIGHT"": 0.0, ""MOVED_TOWARD_COIN"": 0.18, ""MOVED_TOWARD_SAFETY"": 0.5700000000000003, ""MOVED_UP"": 0.0, ""SAFE_BOMB_THREATENS_OPPONENT"": 0.5, ""STAYED_IN_DANGER"": -1.0, ""WAITED"": -0.9200000000000005}"
27,2,0,2,83,0.19705333333333336,-4.206999999999998,2.0,-5.26,-0.9469999999999998,12.715416666666664,-13.662416666666672,83,1,"{""BOMB_DROPPED"": 8, ""BOMB_EXPLODED"": 7, ""BOMB_NEXT_TO_CRATE"": 5, ""BOMB_WITH_NO_ESCAPE"": 1, ""COIN_COLLECTED"": 2, ""COIN_FOUND"": 2, ""CRATE_DESTROYED"": 15, ""ESCAPED_DANGER"": 7, ""GOT_KILLED"": 1, ""MOVED_AWAY_FROM_COIN"": 2, ""MOVED_DOWN"": 12, ""MOVED_INTO_DANGER"": 1, ""MOVED_LEFT"": 7, ""MOVED_RIGHT"": 6, ""MOVED_TOWARD_COIN"": 5, ""MOVED_TOWARD_SAFETY"": 10, ""MOVED_UP"": 16, ""STAYED_IN_DANGER"": 4, ""USELESS_BOMB"": 2, ""WAITED"": 34}","{""BOMB_DROPPED"": 0.0, ""BOMB_EXPLODED"": 0.0, ""BOMB_NEXT_TO_CRATE"": 0.25, ""BOMB_WITH_NO_ESCAPE"": -0.55, ""COIN_COLLECTED"": 2.0, ""COIN_FOUND"": 0.1, ""CRATE_DESTROYED"": 1.5000000000000002, ""ESCAPED_DANGER"": 0.21, ""GOT_KILLED"": -5.0, ""MOVED_AWAY_FROM_COIN"": -0.14, ""MOVED_DOWN"": 0.0, ""MOVED_INTO_DANGER"": -0.35, ""MOVED_LEFT"": 0.0, ""MOVED_RIGHT"": 0.0, ""MOVED_TOWARD_COIN"": 0.3, ""MOVED_TOWARD_SAFETY"": 0.30000000000000004, ""MOVED_UP"": 0.0, ""STAYED_IN_DANGER"": -1.0, ""USELESS_BOMB"": -0.2, ""WAITED"": -0.6800000000000003}"
28,2,0,2,186,0.19694,-8.746500000000001,2.0,-6.12,-4.626500000000005,26.74866666666665,-31.37516666666666,186,1,"{""BOMB_DROPPED"": 13, ""BOMB_EXPLODED"": 12, ""BOMB_NEXT_TO_CRATE"": 7, ""BOMB_WITH_NO_ESCAPE"": 1, ""COIN_COLLECTED"": 2, ""COIN_FOUND"": 1, ""CRATE_DESTROYED"": 14, ""ESCAPED_DANGER"": 16, ""GOT_KILLED"": 1, ""INVALID_ACTION"": 1, ""MOVED_AWAY_FROM_COIN"": 3, ""MOVED_DOWN"": 28, ""MOVED_INTO_DANGER"": 5, ""MOVED_LEFT"": 18, ""MOVED_RIGHT"": 18, ""MOVED_TOWARD_COIN"": 23, ""MOVED_TOWARD_SAFETY"": 15, ""MOVED_UP"": 32, ""OPPONENT_ELIMINATED"": 1, ""SAFE_BOMB_THREATENS_OPPONENT"": 5, ""STAYED_IN_DANGER"": 6, ""USELESS_BOMB"": 1, ""WAITED"": 76}","{""BOMB_DROPPED"": 0.0, ""BOMB_EXPLODED"": 0.0, ""BOMB_NEXT_TO_CRATE"": 0.35, ""BOMB_WITH_NO_ESCAPE"": -0.55, ""COIN_COLLECTED"": 2.0, ""COIN_FOUND"": 0.05, ""CRATE_DESTROYED"": 1.4000000000000001, ""ESCAPED_DANGER"": 0.4800000000000002, ""GOT_KILLED"": -5.0, ""INVALID_ACTION"": -0.1, ""MOVED_AWAY_FROM_COIN"": -0.21000000000000002, ""MOVED_DOWN"": 0.0, ""MOVED_INTO_DANGER"": -1.75, ""MOVED_LEFT"": 0.0, ""MOVED_RIGHT"": 0.0, ""MOVED_TOWARD_COIN"": 1.3800000000000008, ""MOVED_TOWARD_SAFETY"": 0.4500000000000002, ""MOVED_UP"": 0.0, ""OPPONENT_ELIMINATED"": 0.0, ""SAFE_BOMB_THREATENS_OPPONENT"": 0.5, ""STAYED_IN_DANGER"": -1.5, ""USELESS_BOMB"": -0.1, ""WAITED"": -1.520000000000001}"
29,2,0,2,400,0.19682666666666668,-3.8519999999999994,2.0,1.9000000000000026,-7.752000000000006,59.70941666666666,-67.46141666666668,401,1,"{""BOMB_DROPPED"": 39, ""BOMB_EXPLODED"": 38, ""BOMB_NEXT_TO_CRATE"": 10, ""COIN_COLLECTED"": 2, ""COIN_FOUND"": 2, ""CRATE_DESTROYED"": 18, ""ESCAPED_DANGER"": 39, ""INVALID_ACTION"": 1, ""MOVED_AWAY_FROM_COIN"": 5, ""MOVED_DOWN"": 67, ""MOVED_INTO_DANGER"": 3, ""MOVED_LEFT"": 50, ""MOVED_RIGHT"": 60, ""MOVED_TOWARD_COIN"": 27, ""MOVED_TOWARD_SAFETY"": 58, ""MOVED_UP"": 59, ""OPPONENT_ELIMINATED"": 2, ""SAFE_BOMB_THREATENS_OPPONENT"": 18, ""STAYED_IN_DANGER"": 9, ""SURVIVED_ROUND"": 1, ""USELESS_BOMB"": 11, ""WAITED"": 124}","{""BOMB_DROPPED"": 0.0, ""BOMB_EXPLODED"": 0.0, ""BOMB_NEXT_TO_CRATE"": 0.49999999999999994, ""COIN_COLLECTED"": 2.0, ""COIN_FOUND"": 0.1, ""CRATE_DESTROYED"": 1.8000000000000005, ""ESCAPED_DANGER"": 1.1700000000000008, ""INVALID_ACTION"": -0.1, ""MOVED_AWAY_FROM_COIN"": -0.35000000000000003, ""MOVED_DOWN"": 0.0, ""MOVED_INTO_DANGER"": -1.0499999999999998, ""MOVED_LEFT"": 0.0, ""MOVED_RIGHT"": 0.0, ""MOVED_TOWARD_COIN"": 1.620000000000001, ""MOVED_TOWARD_SAFETY"": 1.7400000000000013, ""MOVED_UP"": 0.0, ""OPPONENT_ELIMINATED"": 0.0, ""SAFE_BOMB_THREATENS_OPPONENT"": 1.8000000000000005, ""STAYED_IN_DANGER"": -2.25, ""SURVIVED_ROUND"": 0.5, ""USELESS_BOMB"": -1.0999999999999999, ""WAITED"": -2.4800000000000018}"
30,0,0,0,400,0.19671333333333335,-6.2082500000000085,0,1.2600000000000018,-7.4682500000000065,61.10399999999999,-68.57225,401,1,"{""BOMB_DROPPED"": 33, ""BOMB_EXPLODED"": 33, ""BOMB_NEXT_TO_CRATE"": 8, ""COIN_FOUND"": 1, ""CRATE_DESTROYED"": 18, ""ESCAPED_DANGER"": 38, ""INVALID_ACTION"": 4, ""MOVED_AWAY_FROM_COIN"": 4, ""MOVED_DOWN"": 51, ""MOVED_INTO_DANGER"": 5, ""MOVED_LEFT"": 70, ""MOVED_RIGHT"": 81, ""MOVED_TOWARD_COIN"": 13, ""MOVED_TOWARD_SAFETY"": 57, ""MOVED_UP"": 49, ""OPPONENT_ELIMINATED"": 2, ""SAFE_BOMB_THREATENS_OPPONENT"": 17, ""STAYED_IN_DANGER"": 5, ""SURVIVED_ROUND"": 1, ""USELESS_BOMB"": 9, ""WAITED"": 112}","{""BOMB_DROPPED"": 0.0, ""BOMB_EXPLODED"": 0.0, ""BOMB_NEXT_TO_CRATE"": 0.39999999999999997, ""COIN_FOUND"": 0.05, ""CRATE_DESTROYED"": 1.8000000000000005, ""ESCAPED_DANGER"": 1.1400000000000008, ""INVALID_ACTION"": -0.4, ""MOVED_AWAY_FROM_COIN"": -0.28, ""MOVED_DOWN"": 0.0, ""MOVED_INTO_DANGER"": -1.75, ""MOVED_LEFT"": 0.0, ""MOVED_RIGHT"": 0.0, ""MOVED_TOWARD_COIN"": 0.7800000000000002, ""MOVED_TOWARD_SAFETY"": 1.7100000000000013, ""MOVED_UP"": 0.0, ""OPPONENT_ELIMINATED"": 0.0, ""SAFE_BOMB_THREATENS_OPPONENT"": 1.7000000000000004, ""STAYED_IN_DANGER"": -1.25, ""SURVIVED_ROUND"": 0.5, ""USELESS_BOMB"": -0.8999999999999999, ""WAITED"": -2.2400000000000015}"
31,2,0,2,400,0.1966,-7.710000000000005,2.0,-1.4899999999999984,-8.220000000000018,65.63575000000002,-73.85574999999999,401,1,"{""BOMB_DROPPED"": 35, ""BOMB_EXPLODED"": 35, ""BOMB_NEXT_TO_CRATE"": 9, ""COIN_COLLECTED"": 2, ""COIN_FOUND"": 1, ""CRATE_DESTROYED"": 20, ""ESCAPED_DANGER"": 43, ""INVALID_ACTION"": 1, ""MOVED_AWAY_FROM_COIN"": 4, ""MOVED_DOWN"": 51, ""MOVED_INTO_DANGER"": 10, ""MOVED_LEFT"": 57, ""MOVED_RIGHT"": 68, ""MOVED_TOWARD_COIN"": 22, ""MOVED_TOWARD_SAFETY"": 51, ""MOVED_UP"": 63, ""OPPONENT_ELIMINATED"": 1, ""SAFE_BOMB_THREATENS_OPPONENT"": 19, ""STAYED_IN_DANGER"": 13, ""SURVIVED_ROUND"": 1, ""USELESS_BOMB"": 9, ""WAITED"": 125}","{""BOMB_DROPPED"": 0.0, ""BOMB_EXPLODED"": 0.0, ""BOMB_NEXT_TO_CRATE"": 0.44999999999999996, ""COIN_COLLECTED"": 2.0, ""COIN_FOUND"": 0.05, ""CRATE_DESTROYED"": 2.0000000000000004, ""ESCAPED_DANGER"": 1.290000000000001, ""INVALID_ACTION"": -0.1, ""MOVED_AWAY_FROM_COIN"": -0.28, ""MOVED_DOWN"": 0.0, ""MOVED_INTO_DANGER"": -3.5000000000000004, ""MOVED_LEFT"": 0.0, ""MOVED_RIGHT"": 0.0, ""MOVED_TOWARD_COIN"": 1.3200000000000007, ""MOVED_TOWARD_SAFETY"": 1.5300000000000011, ""MOVED_UP"": 0.0, ""OPPONENT_ELIMINATED"": 0.0, ""SAFE_BOMB_THREATENS_OPPONENT"": 1.9000000000000006, ""STAYED_IN_DANGER"": -3.25, ""SURVIVED_ROUND"": 0.5, ""USELESS_BOMB"": -0.8999999999999999, ""WAITED"": -2.5000000000000018}"
32,1,0,1,400,0.1964866666666667,-10.452500000000002,1.0,-1.8599999999999997,-9.592500000000006,48.43916666666664,-58.03166666666678,401,1,"{""BOMB_DROPPED"": 24, ""BOMB_EXPLODED"": 23, ""BOMB_NEXT_TO_CRATE"": 6, ""COIN_COLLECTED"": 1, ""COIN_FOUND"": 1, ""CRATE_DESTROYED"": 15, ""ESCAPED_DANGER"": 29, ""INVALID_ACTION"": 1, ""MOVED_AWAY_FROM_COIN"": 6, ""MOVED_DOWN"": 59, ""MOVED_INTO_DANGER"": 6, ""MOVED_LEFT"": 66, ""MOVED_RIGHT"": 63, ""MOVED_TOWARD_COIN"": 17, ""MOVED_TOWARD_SAFETY"": 42, ""MOVED_UP"": 65, ""OPPONENT_ELIMINATED"": 1, ""SAFE_BOMB_THREATENS_OPPONENT"": 8, ""STAYED_IN_DANGER"": 8, ""SURVIVED_ROUND"": 1, ""USELESS_BOMB"": 11, ""WAITED"": 122}","{""BOMB_DROPPED"": 0.0, ""BOMB_EXPLODED"": 0.0, ""BOMB_NEXT_TO_CRATE"": 0.3, ""COIN_COLLECTED"": 1.0, ""COIN_FOUND"": 0.05, ""CRATE_DESTROYED"": 1.5000000000000002, ""ESCAPED_DANGER"": 0.8700000000000006, ""INVALID_ACTION"": -0.1, ""MOVED_AWAY_FROM_COIN"": -0.42000000000000004, ""MOVED_DOWN"": 0.0, ""MOVED_INTO_DANGER"": -2.1, ""MOVED_LEFT"": 0.0, ""MOVED_RIGHT"": 0.0, ""MOVED_TOWARD_COIN"": 1.0200000000000005, ""MOVED_TOWARD_SAFETY"": 1.260000000000001, ""MOVED_UP"": 0.0, ""OPPONENT_ELIMINATED"": 0.0, ""SAFE_BOMB_THREATENS_OPPONENT"": 0.7999999999999999, ""STAYED_IN_DANGER"": -2.0, ""SURVIVED_ROUND"": 0.5, ""USELESS_BOMB"": -1.0999999999999999, ""WAITED"": -2.4400000000000017}"
33,1,0,1,400,0.19637333333333334,-11.294999999999987,1.0,-5.75,-6.545000000000013,67.1060833333333,-73.65108333333329,401,1,"{""BOMB_DROPPED"": 33, ""BOMB_EXPLODED"": 33, ""BOMB_NEXT_TO_CRATE"": 5, ""COIN_COLLECTED"": 1, ""CRATE_DESTROYED"": 10, ""ESCAPED_DANGER"": 43, ""INVALID_ACTION"": 2, ""MOVED_AWAY_FROM_COIN"": 13, ""MOVED_DOWN"": 63, ""MOVED_INTO_DANGER"": 12, ""MOVED_LEFT"": 55, ""MOVED_RIGHT"": 46, ""MOVED_TOWARD_COIN"": 24, ""MOVED_TOWARD_SAFETY"": 48, ""MOVED_UP"": 63, ""OPPONENT_ELIMINATED"": 2, ""SAFE_BOMB_THREATENS_OPPONENT"": 14, ""STAYED_IN_DANGER"": 14, ""SURVIVED_ROUND"": 1, ""USELESS_BOMB"": 15, ""WAITED"": 138}","{""BOMB_DROPPED"": 0.0, ""BOMB_EXPLODED"": 0.0, ""BOMB_NEXT_TO_CRATE"": 0.25, ""COIN_COLLECTED"": 1.0, ""CRATE_DESTROYED"": 0.9999999999999999, ""ESCAPED_DANGER"": 1.290000000000001, ""INVALID_ACTION"": -0.2, ""MOVED_AWAY_FROM_COIN"": -0.9100000000000004, ""MOVED_DOWN"": 0.0, ""MOVED_INTO_DANGER"": -4.2, ""MOVED_LEFT"": 0.0, ""MOVED_RIGHT"": 0.0, ""MOVED_TOWARD_COIN"": 1.4400000000000008, ""MOVED_TOWARD_SAFETY"": 1.440000000000001, ""MOVED_UP"": 0.0, ""OPPONENT_ELIMINATED"": 0.0, ""SAFE_BOMB_THREATENS_OPPONENT"": 1.4000000000000001, ""STAYED_IN_DANGER"": -3.5, ""SURVIVED_ROUND"": 0.5, ""USELESS_BOMB"": -1.5000000000000002, ""WAITED"": -2.760000000000002}"
34,1,0,1,400,0.19626000000000002,-9.774249999999999,1.0,-2.4799999999999995,-8.294250000000002,58.99391666666663,-67.28816666666667,401,1,"{""BOMB_DROPPED"": 33, ""BOMB_EXPLODED"": 33, ""BOMB_NEXT_TO_CRATE"": 5, ""COIN_COLLECTED"": 1, ""COIN_FOUND"": 1, ""CRATE_DESTROYED"": 11, ""ESCAPED_DANGER"": 37, ""INVALID_ACTION"": 2, ""MOVED_AWAY_FROM_COIN"": 3, ""MOVED_DOWN"": 51, ""MOVED_INTO_DANGER"": 5, ""MOVED_LEFT"": 58, ""MOVED_RIGHT"": 57, ""MOVED_TOWARD_COIN"": 19, ""MOVED_TOWARD_SAFETY"": 46, ""MOVED_UP"": 59, ""OPPONENT_ELIMINATED"": 2, ""SAFE_BOMB_THREATENS_OPPONENT"": 15, ""STAYED_IN_DANGER"": 13, ""SURVIVED_ROUND"": 1, ""USELESS_BOMB"": 13, ""WAITED"": 140}","{""BOMB_DROPPED"": 0.0, ""BOMB_EXPLODED"": 0.0, ""BOMB_NEXT_TO_CRATE"": 0.25, ""COIN_COLLECTED"": 1.0, ""COIN_FOUND"": 0.05, ""CRATE_DESTROYED"": 1.0999999999999999, ""ESCAPED_DANGER"": 1.1100000000000008, ""INVALID_ACTION"": -0.2, ""MOVED_AWAY_FROM_COIN"": -0.21000000000000002, ""MOVED_DOWN"": 0.0, ""MOVED_INTO_DANGER"": -1.75, ""MOVED_LEFT"": 0.0, ""MOVED_RIGHT"": 0.0, ""MOVED_TOWARD_COIN"": 1.1400000000000006, ""MOVED_TOWARD_SAFETY"": 1.380000000000001, ""MOVED_UP"": 0.0, ""OPPONENT_ELIMINATED"": 0.0, ""SAFE_BOMB_THREATENS_OPPONENT"": 1.5000000000000002, ""STAYED_IN_DANGER"": -3.25, ""SURVIVED_ROUND"": 0.5, ""USELESS_BOMB"": -1.3, ""WAITED"": -2.800000000000002}"
35,2,0,2,400,0.1961466666666667,-7.013000000000008,2.0,1.1000000000000019,-10.11300000000001,54.08449999999999,-64.1975000000001,401,1,"{""BOMB_DROPPED"": 31, ""BOMB_EXPLODED"": 31, ""BOMB_NEXT_TO_CRATE"": 12, ""COIN_COLLECTED"": 2, ""COIN_FOUND"": 1, ""CRATE_DESTROYED"": 21, ""ESCAPED_DANGER"": 35, ""MOVED_AWAY_FROM_COIN"": 14, ""MOVED_DOWN"": 42, ""MOVED_INTO_DANGER"": 4, ""MOVED_LEFT"": 83, ""MOVED_RIGHT"": 69, ""MOVED_TOWARD_COIN"": 33, ""MOVED_TOWARD_SAFETY"": 40, ""MOVED_UP"": 50, ""OPPONENT_ELIMINATED"": 2, ""SAFE_BOMB_THREATENS_OPPONENT"": 19, ""STAYED_IN_DANGER"": 12, ""SURVIVED_ROUND"": 1, ""USELESS_BOMB"": 4, ""WAITED"": 125}","{""BOMB_DROPPED"": 0.0, ""BOMB_EXPLODED"": 0.0, ""BOMB_NEXT_TO_CRATE"": 0.6, ""COIN_COLLECTED"": 2.0, ""COIN_FOUND"": 0.05, ""CRATE_DESTROYED"": 2.1000000000000005, ""ESCAPED_DANGER"": 1.0500000000000007, ""MOVED_AWAY_FROM_COIN"": -0.9800000000000004, ""MOVED_DOWN"": 0.0, ""MOVED_INTO_DANGER"": -1.4, ""MOVED_LEFT"": 0.0, ""MOVED_RIGHT"": 0.0, ""MOVED_TOWARD_COIN"": 1.9800000000000013, ""MOVED_TOWARD_SAFETY"": 1.2000000000000008, ""MOVED_UP"": 0.0, ""OPPONENT_ELIMINATED"": 0.0, ""SAFE_BOMB_THREATENS_OPPONENT"": 1.9000000000000006, ""STAYED_IN_DANGER"": -3.0, ""SURVIVED_ROUND"": 0.5, ""USELESS_BOMB"": -0.4, ""WAITED"": -2.5000000000000018}"
36,2,0,2,400,0.19603333333333334,-8.633500000000002,2.0,-2.8299999999999996,-7.803499999999993,49.544499999999964,-57.34800000000003,401,1,"{""BOMB_DROPPED"": 29, ""BOMB_EXPLODED"": 28, ""BOMB_NEXT_TO_CRATE"": 5, ""COIN_COLLECTED"": 2, ""COIN_FOUND"": 1, ""CRATE_DESTROYED"": 10, ""ESCAPED_DANGER"": 30, ""INVALID_ACTION"": 1, ""MOVED_AWAY_FROM_COIN"": 3, ""MOVED_DOWN"": 45, ""MOVED_INTO_DANGER"": 2, ""MOVED_LEFT"": 84, ""MOVED_RIGHT"": 96, ""MOVED_TOWARD_COIN"": 23, ""MOVED_TOWARD_SAFETY"": 37, ""MOVED_UP"": 37, ""OPPONENT_ELIMINATED"": 1, ""SAFE_BOMB_THREATENS_OPPONENT"": 9, ""STAYED_IN_DANGER"": 17, ""SURVIVED_ROUND"": 1, ""USELESS_BOMB"": 15, ""WAITED"": 108}","{""BOMB_DROPPED"": 0.0, ""BOMB_EXPLODED"": 0.0, ""BOMB_NEXT_TO_CRATE"": 0.25, ""COIN_COLLECTED"": 2.0, ""COIN_FOUND"": 0.05, ""CRATE_DESTROYED"": 0.9999999999999999, ""ESCAPED_DANGER"": 0.9000000000000006, ""INVALID_ACTION"": -0.1, ""MOVED_AWAY_FROM_COIN"": -0.21000000000000002, ""MOVED_DOWN"": 0.0, ""MOVED_INTO_DANGER"": -0.7, ""MOVED_LEFT"": 0.0, ""MOVED_RIGHT"": 0.0, ""MOVED_TOWARD_COIN"": 1.3800000000000008, ""MOVED_TOWARD_SAFETY"": 1.1100000000000008, ""MOVED_UP"": 0.0, ""OPPONENT_ELIMINATED"": 0.0, ""SAFE_BOMB_THREATENS_OPPONENT"": 0.8999999999999999, ""STAYED_IN_DANGER"": -4.25, ""SURVIVED_ROUND"": 0.5, ""USELESS_BOMB"": -1.5000000000000002, ""WAITED"": -2.1600000000000015}"
37,2,0,2,400,0.19592,-6.319250000000005,2.0,-0.06999999999999895,-8.249250000000009,51.46950000000004,-59.71875,401,1,"{""BOMB_DROPPED"": 28, ""BOMB_EXPLODED"": 28, ""BOMB_NEXT_TO_CRATE"": 11, ""COIN_COLLECTED"": 2, ""COIN_FOUND"": 3, ""CRATE_DESTROYED"": 25, ""ESCAPED_DANGER"": 33, ""INVALID_ACTION"": 3, ""MOVED_AWAY_FROM_COIN"": 6, ""MOVED_DOWN"": 38, ""MOVED_INTO_DANGER"": 7, ""MOVED_LEFT"": 86, ""MOVED_RIGHT"": 76, ""MOVED_TOWARD_COIN"": 13, ""MOVED_TOWARD_SAFETY"": 44, ""MOVED_UP"": 52, ""OPPONENT_ELIMINATED"": 2, ""SAFE_BOMB_THREATENS_OPPONENT"": 14, ""STAYED_IN_DANGER"": 9, ""SURVIVED_ROUND"": 1, ""USELESS_BOMB"": 5, ""WAITED"": 117}","{""BOMB_DROPPED"": 0.0, ""BOMB_EXPLODED"": 0.0, ""BOMB_NEXT_TO_CRATE"": 0.5499999999999999, ""COIN_COLLECTED"": 2.0, ""COIN_FOUND"": 0.15000000000000002, ""CRATE_DESTROYED"": 2.500000000000001, ""ESCAPED_DANGER"": 0.9900000000000007, ""INVALID_ACTION"": -0.30000000000000004, ""MOVED_AWAY_FROM_COIN"": -0.42000000000000004, ""MOVED_DOWN"": 0.0, ""MOVED_INTO_DANGER"": -2.45, ""MOVED_LEFT"": 0.0, ""MOVED_RIGHT"": 0.0, ""MOVED_TOWARD_COIN"": 0.7800000000000002, ""MOVED_TOWARD_SAFETY"": 1.320000000000001, ""MOVED_UP"": 0.0, ""OPPONENT_ELIMINATED"": 0.0, ""SAFE_BOMB_THREATENS_OPPONENT"": 1.4000000000000001, ""STAYED_IN_DANGER"": -2.25, ""SURVIVED_ROUND"": 0.5, ""USELESS_BOMB"": -0.5, ""WAITED"": -2.3400000000000016}"
38,1,0,1,400,0.19580666666666668,-4.427749999999988,1.0,-0.43999999999999984,-4.987750000000004,46.4990833333333,-51.48683333333328,401,1,"{""BOMB_DROPPED"": 26, ""BOMB_EXPLODED"": 26, ""BOMB_NEXT_TO_CRATE"": 7, ""COIN_COLLECTED"": 1, ""COIN_FOUND"": 1, ""CRATE_DESTROYED"": 18, ""ESCAPED_DANGER"": 29, ""MOVED_AWAY_FROM_COIN"": 3, ""MOVED_DOWN"": 54, ""MOVED_INTO_DANGER"": 3, ""MOVED_LEFT"": 70, ""MOVED_RIGHT"": 83, ""MOVED_TOWARD_COIN"": 11, ""MOVED_TOWARD_SAFETY"": 43, ""MOVED_UP"": 42, ""OPPONENT_ELIMINATED"": 3, ""SAFE_BOMB_THREATENS_OPPONENT"": 4, ""STAYED_IN_DANGER"": 4, ""SURVIVED_ROUND"": 1, ""USELESS_BOMB"": 16, ""WAITED"": 125}","{""BOMB_DROPPED"": 0.0, ""BOMB_EXPLODED"": 0.0, ""BOMB_NEXT_TO_CRATE"": 0.35, ""COIN_COLLECTED"": 1.0, ""COIN_FOUND"": 0.05, ""CRATE_DESTROYED"": 1.8000000000000005, ""ESCAPED_DANGER"": 0.8700000000000006, ""MOVED_AWAY_FROM_COIN"": -0.21000000000000002, ""MOVED_DOWN"": 0.0, ""MOVED_INTO_DANGER"": -1.0499999999999998, ""MOVED_LEFT"": 0.0, ""MOVED_RIGHT"": 0.0, ""MOVED_TOWARD_COIN"": 0.6600000000000001, ""MOVED_TOWARD_SAFETY"": 1.290000000000001, ""MOVED_UP"": 0.0, ""OPPONENT_ELIMINATED"": 0.0, ""SAFE_BOMB_THREATENS_OPPONENT"": 0.4, ""STAYED_IN_DANGER"": -1.0, ""SURVIVED_ROUND"": 0.5, ""USELESS_BOMB"": -1.6000000000000003, ""WAITED"": -2.5000000000000018}"
39,3,0,3,400,0.19569333333333336,-7.386249999999996,3.0,-2.2199999999999998,-8.166250000000005,58.81408333333336,-66.98033333333338,401,1,"{""BOMB_DROPPED"": 31, ""BOMB_EXPLODED"": 31, ""BOMB_NEXT_TO_CRATE"": 6, ""COIN_COLLECTED"": 3, ""COIN_FOUND"": 2, ""CRATE_DESTROYED"": 14, ""ESCAPED_DANGER"": 37, ""MOVED_AWAY_FROM_COIN"": 7, ""MOVED_DOWN"": 45, ""MOVED_INTO_DANGER"": 7, ""MOVED_LEFT"": 67, ""MOVED_RIGHT"": 59, ""MOVED_TOWARD_COIN"": 22, ""MOVED_TOWARD_SAFETY"": 49, ""MOVED_UP"": 59, ""OPPONENT_ELIMINATED"": 2, ""SAFE_BOMB_THREATENS_OPPONENT"": 9, ""STAYED_IN_DANGER"": 8, ""SURVIVED_ROUND"": 1, ""USELESS_BOMB"": 16, ""WAITED"": 139}","{""BOMB_DROPPED"": 0.0, ""BOMB_EXPLODED"": 0.0, ""BOMB_NEXT_TO_CRATE"": 0.3, ""COIN_COLLECTED"": 3.0, ""COIN_FOUND"": 0.1, ""CRATE_DESTROYED"": 1.4000000000000001, ""ESCAPED_DANGER"": 1.1100000000000008, ""MOVED_AWAY_FROM_COIN"": -0.49000000000000005, ""MOVED_DOWN"": 0.0, ""MOVED_INTO_DANGER"": -2.45, ""MOVED_LEFT"": 0.0, ""MOVED_RIGHT"": 0.0, ""MOVED_TOWARD_COIN"": 1.3200000000000007, ""MOVED_TOWARD_SAFETY"": 1.470000000000001, ""MOVED_UP"": 0.0, ""OPPONENT_ELIMINATED"": 0.0, ""SAFE_BOMB_THREATENS_OPPONENT"": 0.8999999999999999, ""STAYED_IN_DANGER"": -2.0, ""SURVIVED_ROUND"": 0.5, ""USELESS_BOMB"": -1.6000000000000003, ""WAITED"": -2.780000000000002}"
40,0,0,0,400,0.19558,-9.619749999999996,0,-1.6899999999999993,-7.929750000000016,61.82541666666666,-69.7551666666667,401,1,"{""BOMB_DROPPED"": 33, ""BOMB_EXPLODED"": 33, ""BOMB_NEXT_TO_CRATE"": 10, ""CRATE_DESTROYED"": 24, ""ESCAPED_DANGER"": 40, ""INVALID_ACTION"": 2, ""MOVED_AWAY_FROM_COIN"": 1, ""MOVED_DOWN"": 43, ""MOVED_INTO_DANGER"": 7, ""MOVED_LEFT"": 69, ""MOVED_RIGHT"": 72, ""MOVED_TOWARD_COIN"": 7, ""MOVED_TOWARD_SAFETY"": 42, ""MOVED_UP"": 51, ""OPPONENT_ELIMINATED"": 2, ""SAFE_BOMB_THREATENS_OPPONENT"": 15, ""STAYED_IN_DANGER"": 13, ""SURVIVED_ROUND"": 1, ""USELESS_BOMB"": 9, ""WAITED"": 130}","{""BOMB_DROPPED"": 0.0, ""BOMB_EXPLODED"": 0.0, ""BOMB_NEXT_TO_CRATE"": 0.49999999999999994, ""CRATE_DESTROYED"": 2.400000000000001, ""ESCAPED_DANGER"": 1.2000000000000008, ""INVALID_ACTION"": -0.2, ""MOVED_AWAY_FROM_COIN"": -0.07, ""MOVED_DOWN"": 0.0, ""MOVED_INTO_DANGER"": -2.45, ""MOVED_LEFT"": 0.0, ""MOVED_RIGHT"": 0.0, ""MOVED_TOWARD_COIN"": 0.42, ""MOVED_TOWARD_SAFETY"": 1.260000000000001, ""MOVED_UP"": 0.0, ""OPPONENT_ELIMINATED"": 0.0, ""SAFE_BOMB_THREATENS_OPPONENT"": 1.5000000000000002, ""STAYED_IN_DANGER"": -3.25, ""SURVIVED_ROUND"": 0.5, ""USELESS_BOMB"": -0.8999999999999999, ""WAITED"": -2.600000000000002}"
41,1,0,1,400,0.19546666666666668,-6.878000000000005,1.0,0.4400000000000024,-8.318000000000014,61.37541666666663,-69.69341666666668,401,1,"{""BOMB_DROPPED"": 33, ""BOMB_EXPLODED"": 32, ""BOMB_NEXT_TO_CRATE"": 7, ""COIN_COLLECTED"": 1, ""COIN_FOUND"": 2, ""CRATE_DESTROYED"": 19, ""ESCAPED_DANGER"": 38, ""MOVED_AWAY_FROM_COIN"": 13, ""MOVED_DOWN"": 51, ""MOVED_INTO_DANGER"": 7, ""MOVED_LEFT"": 71, ""MOVED_RIGHT"": 65, ""MOVED_TOWARD_COIN"": 34, ""MOVED_TOWARD_SAFETY"": 56, ""MOVED_UP"": 62, ""OPPONENT_ELIMINATED"": 2, ""SAFE_BOMB_THREATENS_OPPONENT"": 20, ""STAYED_IN_DANGER"": 11, ""SURVIVED_ROUND"": 1, ""USELESS_BOMB"": 8, ""WAITED"": 118}","{""BOMB_DROPPED"": 0.0, ""BOMB_EXPLODED"": 0.0, ""BOMB_NEXT_TO_CRATE"": 0.35, ""COIN_COLLECTED"": 1.0, ""COIN_FOUND"": 0.1, ""CRATE_DESTROYED"": 1.9000000000000006, ""ESCAPED_DANGER"": 1.1400000000000008, ""MOVED_AWAY_FROM_COIN"": -0.9100000000000004, ""MOVED_DOWN"": 0.0, ""MOVED_INTO_DANGER"": -2.45, ""MOVED_LEFT"": 0.0, ""MOVED_RIGHT"": 0.0, ""MOVED_TOWARD_COIN"": 2.0400000000000014, ""MOVED_TOWARD_SAFETY"": 1.6800000000000013, ""MOVED_UP"": 0.0, ""OPPONENT_ELIMINATED"": 0.0, ""SAFE_BOMB_THREATENS_OPPONENT"": 2.0000000000000004, ""STAYED_IN_DANGER"": -2.75, ""SURVIVED_ROUND"": 0.5, ""USELESS_BOMB"": -0.7999999999999999, ""WAITED"": -2.3600000000000017}"
42,2,0,2,400,0.19535333333333335,-10.707500000000001,2.0,-2.2,-10.507500000000027,48.89275,-59.40025,401,1,"{""BOMB_DROPPED"": 22, ""BOMB_EXPLODED"": 22, ""BOMB_NEXT_TO_CRATE"": 9, ""COIN_COLLECTED"": 2, ""COIN_FOUND"": 2, ""CRATE_DESTROYED"": 18, ""ESCAPED_DANGER"": 32, ""MOVED_DOWN"": 33, ""MOVED_INTO_DANGER"": 10, ""MOVED_LEFT"": 77, ""MOVED_RIGHT"": 86, ""MOVED_TOWARD_COIN"": 19, ""MOVED_TOWARD_SAFETY"": 30, ""MOVED_UP"": 47, ""OPPONENT_ELIMINATED"": 1, ""SAFE_BOMB_THREATENS_OPPONENT"": 9, ""STAYED_IN_DANGER"": 9, ""SURVIVED_ROUND"": 1, ""USELESS_BOMB"": 5, ""WAITED"": 135}","{""BOMB_DROPPED"": 0.0, ""BOMB_EXPLODED"": 0.0, ""BOMB_NEXT_TO_CRATE"": 0.44999999999999996, ""COIN_COLLECTED"": 2.0, ""COIN_FOUND"": 0.1, ""CRATE_DESTROYED"": 1.8000000000000005, ""ESCAPED_DANGER"": 0.9600000000000006, ""MOVED_DOWN"": 0.0, ""MOVED_INTO_DANGER"": -3.5000000000000004, ""MOVED_LEFT"": 0.0, ""MOVED_RIGHT"": 0.0, ""MOVED_TOWARD_COIN"": 1.1400000000000006, ""MOVED_TOWARD_SAFETY"": 0.9000000000000006, ""MOVED_UP"": 0.0, ""OPPONENT_ELIMINATED"": 0.0, ""SAFE_BOMB_THREATENS_OPPONENT"": 0.8999999999999999, ""STAYED_IN_DANGER"": -2.25, ""SURVIVED_ROUND"": 0.5, ""USELESS_BOMB"": -0.5, ""WAITED"": -2.700000000000002}"
43,1,0,1,400,0.19524,-9.011000000000005,1.0,-1.9099999999999984,-8.10100000000001,55.36924999999997,-63.47025000000004,401,1,"{""BOMB_DROPPED"": 30, ""BOMB_EXPLODED"": 30, ""BOMB_NEXT_TO_CRATE"": 6, ""COIN_COLLECTED"": 1, ""COIN_FOUND"": 2, ""CRATE_DESTROYED"": 18, ""ESCAPED_DANGER"": 35, ""INVALID_ACTION"": 1, ""MOVED_AWAY_FROM_COIN"": 7, ""MOVED_DOWN"": 55, ""MOVED_INTO_DANGER"": 5, ""MOVED_LEFT"": 67, ""MOVED_RIGHT"": 70, ""MOVED_TOWARD_COIN"": 26, ""MOVED_TOWARD_SAFETY"": 40, ""MOVED_UP"": 63, ""OPPONENT_ELIMINATED"": 2, ""SAFE_BOMB_THREATENS_OPPONENT"": 13, ""STAYED_IN_DANGER"": 16, ""SURVIVED_ROUND"": 1, ""USELESS_BOMB"": 11, ""WAITED"": 114}","{""BOMB_DROPPED"": 0.0, ""BOMB_EXPLODED"": 0.0, ""BOMB_NEXT_TO_CRATE"": 0.3, ""COIN_COLLECTED"": 1.0, ""COIN_FOUND"": 0.1, ""CRATE_DESTROYED"": 1.8000000000000005, ""ESCAPED_DANGER"": 1.0500000000000007, ""INVALID_ACTION"": -0.1, ""MOVED_AWAY_FROM_COIN"": -0.49000000000000005, ""MOVED_DOWN"": 0.0, ""MOVED_INTO_DANGER"": -1.75, ""MOVED_LEFT"": 0.0, ""MOVED_RIGHT"": 0.0, ""MOVED_TOWARD_COIN"": 1.560000000000001, ""MOVED_TOWARD_SAFETY"": 1.2000000000000008, ""MOVED_UP"": 0.0, ""OPPONENT_ELIMINATED"": 0.0, ""SAFE_BOMB_THREATENS_OPPONENT"": 1.3, ""STAYED_IN_DANGER"": -4.0, ""SURVIVED_ROUND"": 0.5, ""USELESS_BOMB"": -1.0999999999999999, ""WAITED"": -2.2800000000000016}"
44,2,0,2,400,0.1951266666666667,-5.075499999999999,2.0,0.5500000000000016,-7.625500000000005,55.4694166666666,-63.09491666666669,401,1,"{""BOMB_DROPPED"": 30, ""BOMB_EXPLODED"": 30, ""BOMB_NEXT_TO_CRATE"": 11, ""COIN_COLLECTED"": 2, ""COIN_FOUND"": 2, ""CRATE_DESTROYED"": 23, ""ESCAPED_DANGER"": 35, ""INVALID_ACTION"": 1, ""MOVED_AWAY_FROM_COIN"": 1, ""MOVED_DOWN"": 42, ""MOVED_INTO_DANGER"": 5, ""MOVED_LEFT"": 69, ""MOVED_RIGHT"": 82, ""MOVED_TOWARD_COIN"": 28, ""MOVED_TOWARD_SAFETY"": 46, ""MOVED_UP"": 54, ""OPPONENT_ELIMINATED"": 1, ""SAFE_BOMB_THREATENS_OPPONENT"": 11, ""STAYED_IN_DANGER"": 11, ""SURVIVED_ROUND"": 1, ""USELESS_BOMB"": 10, ""WAITED"": 122}","{""BOMB_DROPPED"": 0.0, ""BOMB_EXPLODED"": 0.0, ""BOMB_NEXT_TO_CRATE"": 0.5499999999999999, ""COIN_COLLECTED"": 2.0, ""COIN_FOUND"": 0.1, ""CRATE_DESTROYED"": 2.3000000000000007, ""ESCAPED_DANGER"": 1.0500000000000007, ""INVALID_ACTION"": -0.1, ""MOVED_AWAY_FROM_COIN"": -0.07, ""MOVED_DOWN"": 0.0, ""MOVED_INTO_DANGER"": -1.75, ""MOVED_LEFT"": 0.0, ""MOVED_RIGHT"": 0.0, ""MOVED_TOWARD_COIN"": 1.680000000000001, ""MOVED_TOWARD_SAFETY"": 1.380000000000001, ""MOVED_UP"": 0.0, ""OPPONENT_ELIMINATED"": 0.0, ""SAFE_BOMB_THREATENS_OPPONENT"": 1.0999999999999999, ""STAYED_IN_DANGER"": -2.75, ""SURVIVED_ROUND"": 0.5, ""USELESS_BOMB"": -0.9999999999999999, ""WAITED"": -2.4400000000000017}"
45,2,0,2,400,0.19501333333333334,-2.7610000000000086,2.0,-0.7999999999999992,-3.961000000000008,42.02208333333333,-45.98308333333339,401,1,"{""BOMB_DROPPED"": 23, ""BOMB_EXPLODED"": 23, ""BOMB_NEXT_TO_CRATE"": 7, ""COIN_COLLECTED"": 2, ""COIN_FOUND"": 1, ""CRATE_DESTROYED"": 16, ""ESCAPED_DANGER"": 25, ""INVALID_ACTION"": 1, ""MOVED_AWAY_FROM_COIN"": 1, ""MOVED_DOWN"": 34, ""MOVED_INTO_DANGER"": 3, ""MOVED_LEFT"": 112, ""MOVED_RIGHT"": 114, ""MOVED_TOWARD_COIN"": 15, ""MOVED_TOWARD_SAFETY"": 32, ""MOVED_UP"": 34, ""OPPONENT_ELIMINATED"": 1, ""SAFE_BOMB_THREATENS_OPPONENT"": 7, ""STAYED_IN_DANGER"": 11, ""SURVIVED_ROUND"": 1, ""USELESS_BOMB"": 10, ""WAITED"": 82}","{""BOMB_DROPPED"": 0.0, ""BOMB_EXPLODED"": 0.0, ""BOMB_NEXT_TO_CRATE"": 0.35, ""COIN_COLLECTED"": 2.0, ""COIN_FOUND"": 0.05, ""CRATE_DESTROYED"": 1.6000000000000003, ""ESCAPED_DANGER"": 0.7500000000000004, ""INVALID_ACTION"": -0.1, ""MOVED_AWAY_FROM_COIN"": -0.07, ""MOVED_DOWN"": 0.0, ""MOVED_INTO_DANGER"": -1.0499999999999998, ""MOVED_LEFT"": 0.0, ""MOVED_RIGHT"": 0.0, ""MOVED_TOWARD_COIN"": 0.9000000000000004, ""MOVED_TOWARD_SAFETY"": 0.9600000000000006, ""MOVED_UP"": 0.0, ""OPPONENT_ELIMINATED"": 0.0, ""SAFE_BOMB_THREATENS_OPPONENT"": 0.7, ""STAYED_IN_DANGER"": -2.75, ""SURVIVED_ROUND"": 0.5, ""USELESS_BOMB"": -0.9999999999999999, ""WAITED"": -1.640000000000001}"
46,1,0,1,400,0.19490000000000002,-6.988250000000004,1.0,-0.47999999999999865,-7.508250000000011,65.34641666666671,-72.85466666666657,401,1,"{""BOMB_DROPPED"": 33, ""BOMB_EXPLODED"": 33, ""BOMB_NEXT_TO_CRATE"": 12, ""COIN_COLLECTED"": 1, ""COIN_FOUND"": 1, ""CRATE_DESTROYED"": 28, ""ESCAPED_DANGER"": 44, ""MOVED_AWAY_FROM_COIN"": 1, ""MOVED_DOWN"": 40, ""MOVED_INTO_DANGER"": 11, ""MOVED_LEFT"": 73, ""MOVED_RIGHT"": 75, ""MOVED_TOWARD_COIN"": 12, ""MOVED_TOWARD_SAFETY"": 49, ""MOVED_UP"": 53, ""OPPONENT_ELIMINATED"": 2, ""SAFE_BOMB_THREATENS_OPPONENT"": 16, ""STAYED_IN_DANGER"": 10, ""SURVIVED_ROUND"": 1, ""USELESS_BOMB"": 6, ""WAITED"": 126}","{""BOMB_DROPPED"": 0.0, ""BOMB_EXPLODED"": 0.0, ""BOMB_NEXT_TO_CRATE"": 0.6, ""COIN_COLLECTED"": 1.0, ""COIN_FOUND"": 0.05, ""CRATE_DESTROYED"": 2.800000000000001, ""ESCAPED_DANGER"": 1.320000000000001, ""MOVED_AWAY_FROM_COIN"": -0.07, ""MOVED_DOWN"": 0.0, ""MOVED_INTO_DANGER"": -3.8500000000000005, ""MOVED_LEFT"": 0.0, ""MOVED_RIGHT"": 0.0, ""MOVED_TOWARD_COIN"": 0.7200000000000002, ""MOVED_TOWARD_SAFETY"": 1.470000000000001, ""MOVED_UP"": 0.0, ""OPPONENT_ELIMINATED"": 0.0, ""SAFE_BOMB_THREATENS_OPPONENT"": 1.6000000000000003, ""STAYED_IN_DANGER"": -2.5, ""SURVIVED_ROUND"": 0.5, ""USELESS_BOMB"": -0.6, ""WAITED"": -2.520000000000002}"
47,1,0,1,400,0.1947866666666667,-7.199000000000011,1.0,0.6300000000000008,-8.829000000000004,35.57308333333334,-44.40208333333336,401,1,"{""BOMB_DROPPED"": 19, ""BOMB_EXPLODED"": 19, ""BOMB_NEXT_TO_CRATE"": 9, ""COIN_COLLECTED"": 1, ""COIN_FOUND"": 1, ""CRATE_DESTROYED"": 19, ""ESCAPED_DANGER"": 21, ""MOVED_AWAY_FROM_COIN"": 4, ""MOVED_DOWN"": 35, ""MOVED_INTO_DANGER"": 2, ""MOVED_LEFT"": 106, ""MOVED_RIGHT"": 96, ""MOVED_TOWARD_COIN"": 19, ""MOVED_TOWARD_SAFETY"": 28, ""MOVED_UP"": 49, ""OPPONENT_ELIMINATED"": 1, ""SAFE_BOMB_THREATENS_OPPONENT"": 3, ""STAYED_IN_DANGER"": 6, ""SURVIVED_ROUND"": 1, ""USELESS_BOMB"": 8, ""WAITED"": 95}","{""BOMB_DROPPED"": 0.0, ""BOMB_EXPLODED"": 0.0, ""BOMB_NEXT_TO_CRATE"": 0.44999999999999996, ""COIN_COLLECTED"": 1.0, ""COIN_FOUND"": 0.05, ""CRATE_DESTROYED"": 1.9000000000000006, ""ESCAPED_DANGER"": 0.6300000000000003, ""MOVED_AWAY_FROM_COIN"": -0.28, ""MOVED_DOWN"": 0.0, ""MOVED_INTO_DANGER"": -0.7, ""MOVED_LEFT"": 0.0, ""MOVED_RIGHT"": 0.0, ""MOVED_TOWARD_COIN"": 1.1400000000000006, ""MOVED_TOWARD_SAFETY"": 0.8400000000000005, ""MOVED_UP"": 0.0, ""OPPONENT_ELIMINATED"": 0.0, ""SAFE_BOMB_THREATENS_OPPONENT"": 0.30000000000000004, ""STAYED_IN_DANGER"": -1.5, ""SURVIVED_ROUND"": 0.5, ""USELESS_BOMB"": -0.7999999999999999, ""WAITED"": -1.9000000000000012}"
48,2,0,2,400,0.19467333333333334,-7.460500000000008,2.0,-1.219999999999999,-8.240500000000017,37.42316666666664,-45.66366666666668,401,1,"{""BOMB_DROPPED"": 20, ""BOMB_EXPLODED"": 20, ""BOMB_NEXT_TO_CRATE"": 4, ""COIN_COLLECTED"": 2, ""CRATE_DESTROYED"": 3, ""ESCAPED_DANGER"": 22, ""MOVED_AWAY_FROM_COIN"": 2, ""MOVED_DOWN"": 53, ""MOVED_INTO_DANGER"": 4, ""MOVED_LEFT"": 83, ""MOVED_RIGHT"": 74, ""MOVED_TOWARD_COIN"": 34, ""MOVED_TOWARD_SAFETY"": 32, ""MOVED_UP"": 53, ""OPPONENT_ELIMINATED"": 1, ""SAFE_BOMB_THREATENS_OPPONENT"": 12, ""STAYED_IN_DANGER"": 10, ""SURVIVED_ROUND"": 1, ""USELESS_BOMB"": 7, ""WAITED"": 117}","{""BOMB_DROPPED"": 0.0, ""BOMB_EXPLODED"": 0.0, ""BOMB_NEXT_TO_CRATE"": 0.2, ""COIN_COLLECTED"": 2.0, ""CRATE_DESTROYED"": 0.30000000000000004, ""ESCAPED_DANGER"": 0.6600000000000004, ""MOVED_AWAY_FROM_COIN"": -0.14, ""MOVED_DOWN"": 0.0, ""MOVED_INTO_DANGER"": -1.4, ""MOVED_LEFT"": 0.0, ""MOVED_RIGHT"": 0.0, ""MOVED_TOWARD_COIN"": 2.0400000000000014, ""MOVED_TOWARD_SAFETY"": 0.9600000000000006, ""MOVED_UP"": 0.0, ""OPPONENT_ELIMINATED"": 0.0, ""SAFE_BOMB_THREATENS_OPPONENT"": 1.2, ""STAYED_IN_DANGER"": -2.5, ""SURVIVED_ROUND"": 0.5, ""USELESS_BOMB"": -0.7, ""WAITED"": -2.3400000000000016}"
49,2,2,12,400,0.19456,6.302250000000022,12.0,2.0100000000000016,-7.707750000000003,54.820999999999984,-62.52875000000007,401,1,"{""BOMB_DROPPED"": 32, ""BOMB_EXPLODED"": 31, ""BOMB_NEXT_TO_CRATE"": 8, ""COIN_COLLECTED"": 2, ""COIN_FOUND"": 1, ""CRATE_DESTROYED"": 11, ""ESCAPED_DANGER"": 33, ""KILLED_OPPONENT"": 2, ""MOVED_AWAY_FROM_COIN"": 10, ""MOVED_DOWN"": 55, ""MOVED_INTO_DANGER"": 2, ""MOVED_LEFT"": 73, ""MOVED_RIGHT"": 61, ""MOVED_TOWARD_COIN"": 51, ""MOVED_TOWARD_SAFETY"": 45, ""MOVED_UP"": 62, ""OPPONENT_ELIMINATED"": 2, ""SAFE_BOMB_THREATENS_OPPONENT"": 15, ""SAFE_BOMB_TRAPS_OPPONENT"": 1, ""STAYED_IN_DANGER"": 10, ""SURVIVED_ROUND"": 1, ""USELESS_BOMB"": 9, ""WAITED"": 117}","{""BOMB_DROPPED"": 0.0, ""BOMB_EXPLODED"": 0.0, ""BOMB_NEXT_TO_CRATE"": 0.39999999999999997, ""COIN_COLLECTED"": 2.0, ""COIN_FOUND"": 0.05, ""CRATE_DESTROYED"": 1.0999999999999999, ""ESCAPED_DANGER"": 0.9900000000000007, ""KILLED_OPPONENT"": 10.0, ""MOVED_AWAY_FROM_COIN"": -0.7000000000000002, ""MOVED_DOWN"": 0.0, ""MOVED_INTO_DANGER"": -0.7, ""MOVED_LEFT"": 0.0, ""MOVED_RIGHT"": 0.0, ""MOVED_TOWARD_COIN"": 3.0600000000000023, ""MOVED_TOWARD_SAFETY"": 1.350000000000001, ""MOVED_UP"": 0.0, ""OPPONENT_ELIMINATED"": 0.0, ""SAFE_BOMB_THREATENS_OPPONENT"": 1.5000000000000002, ""SAFE_BOMB_TRAPS_OPPONENT"": 0.2, ""STAYED_IN_DANGER"": -2.5, ""SURVIVED_ROUND"": 0.5, ""USELESS_BOMB"": -0.8999999999999999, ""WAITED"": -2.3400000000000016}"
50,2,1,7,400,0.19444666666666668,-1.8427500000000023,7.0,-1.54,-7.30275,55.34899999999997,-62.65175,401,1,"{""BOMB_DROPPED"": 33, ""BOMB_EXPLODED"": 33, ""BOMB_NEXT_TO_CRATE"": 6, ""COIN_COLLECTED"": 2, ""COIN_FOUND"": 1, ""CRATE_DESTROYED"": 14, ""ESCAPED_DANGER"": 34, ""INVALID_ACTION"": 2, ""KILLED_OPPONENT"": 1, ""MOVED_DOWN"": 56, ""MOVED_INTO_DANGER"": 1, ""MOVED_LEFT"": 65, ""MOVED_RIGHT"": 61, ""MOVED_TOWARD_COIN"": 21, ""MOVED_TOWARD_SAFETY"": 46, ""MOVED_UP"": 48, ""OPPONENT_ELIMINATED"": 2, ""SAFE_BOMB_THREATENS_OPPONENT"": 13, ""STAYED_IN_DANGER"": 16, ""SURVIVED_ROUND"": 1, ""USELESS_BOMB"": 15, ""WAITED"": 135}","{""BOMB_DROPPED"": 0.0, ""BOMB_EXPLODED"": 0.0, ""BOMB_NEXT_TO_CRATE"": 0.3, ""COIN_COLLECTED"": 2.0, ""COIN_FOUND"": 0.05, ""CRATE_DESTROYED"": 1.4000000000000001, ""ESCAPED_DANGER"": 1.0200000000000007, ""INVALID_ACTION"": -0.2, ""KILLED_OPPONENT"": 5.0, ""MOVED_DOWN"": 0.0, ""MOVED_INTO_DANGER"": -0.35, ""MOVED_LEFT"": 0.0, ""MOVED_RIGHT"": 0.0, ""MOVED_TOWARD_COIN"": 1.2600000000000007, ""MOVED_TOWARD_SAFETY"": 1.380000000000001, ""MOVED_UP"": 0.0, ""OPPONENT_ELIMINATED"": 0.0, ""SAFE_BOMB_THREATENS_OPPONENT"": 1.3, ""STAYED_IN_DANGER"": -4.0, ""SURVIVED_ROUND"": 0.5, ""USELESS_BOMB"": -1.5000000000000002, ""WAITED"": -2.700000000000002}"
51,3,0,3,400,0.19433333333333336,-5.728000000000007,3.0,-0.4399999999999986,-8.288000000000002,56.87241666666666,-65.16041666666669,401,1,"{""BOMB_DROPPED"": 30, ""BOMB_EXPLODED"": 30, ""BOMB_NEXT_TO_CRATE"": 8, ""COIN_COLLECTED"": 3, ""COIN_FOUND"": 2, ""CRATE_DESTROYED"": 16, ""ESCAPED_DANGER"": 35, ""INVALID_ACTION"": 1, ""MOVED_AWAY_FROM_COIN"": 6, ""MOVED_DOWN"": 75, ""MOVED_INTO_DANGER"": 5, ""MOVED_LEFT"": 64, ""MOVED_RIGHT"": 50, ""MOVED_TOWARD_COIN"": 25, ""MOVED_TOWARD_SAFETY"": 45, ""MOVED_UP"": 64, ""OPPONENT_ELIMINATED"": 2, ""SAFE_BOMB_THREATENS_OPPONENT"": 14, ""STAYED_IN_DANGER"": 11, ""SURVIVED_ROUND"": 1, ""USELESS_BOMB"": 10, ""WAITED"": 116}","{""BOMB_DROPPED"": 0.0, ""BOMB_EXPLODED"": 0.0, ""BOMB_NEXT_TO_CRATE"": 0.39999999999999997, ""COIN_COLLECTED"": 3.0, ""COIN_FOUND"": 0.1, ""CRATE_DESTROYED"": 1.6000000000000003, ""ESCAPED_DANGER"": 1.0500000000000007, ""INVALID_ACTION"": -0.1, ""MOVED_AWAY_FROM_COIN"": -0.42000000000000004, ""MOVED_DOWN"": 0.0, ""MOVED_INTO_DANGER"": -1.75, ""MOVED_LEFT"": 0.0, ""MOVED_RIGHT"": 0.0, ""MOVED_TOWARD_COIN"": 1.5000000000000009, ""MOVED_TOWARD_SAFETY"": 1.350000000000001, ""MOVED_UP"": 0.0, ""OPPONENT_ELIMINATED"": 0.0, ""SAFE_BOMB_THREATENS_OPPONENT"": 1.4000000000000001, ""STAYED_IN_DANGER"": -2.75, ""SURVIVED_ROUND"": 0.5, ""USELESS_BOMB"": -0.9999999999999999, ""WAITED"": -2.3200000000000016}"
52,0,0,0,400,0.19422,-8.771749999999988,0,-2.24,-6.531750000000008,51.14058333333339,-57.6723333333333,401,1,"{""BOMB_DROPPED"": 26, ""BOMB_EXPLODED"": 26, ""BOMB_NEXT_TO_CRATE"": 8, ""CRATE_DESTROYED"": 17, ""ESCAPED_DANGER"": 32, ""INVALID_ACTION"": 3, ""MOVED_AWAY_FROM_COIN"": 3, ""MOVED_DOWN"": 55, ""MOVED_INTO_DANGER"": 6, ""MOVED_LEFT"": 62, ""MOVED_RIGHT"": 62, ""MOVED_TOWARD_COIN"": 15, ""MOVED_TOWARD_SAFETY"": 40, ""MOVED_UP"": 55, ""OPPONENT_ELIMINATED"": 2, ""SAFE_BOMB_THREATENS_OPPONENT"": 10, ""STAYED_IN_DANGER"": 11, ""SURVIVED_ROUND"": 1, ""USELESS_BOMB"": 8, ""WAITED"": 137}","{""BOMB_DROPPED"": 0.0, ""BOMB_EXPLODED"": 0.0, ""BOMB_NEXT_TO_CRATE"": 0.39999999999999997, ""CRATE_DESTROYED"": 1.7000000000000004, ""ESCAPED_DANGER"": 0.9600000000000006, ""INVALID_ACTION"": -0.30000000000000004, ""MOVED_AWAY_FROM_COIN"": -0.21000000000000002, ""MOVED_DOWN"": 0.0, ""MOVED_INTO_DANGER"": -2.1, ""MOVED_LEFT"": 0.0, ""MOVED_RIGHT"": 0.0, ""MOVED_TOWARD_COIN"": 0.9000000000000004, ""MOVED_TOWARD_SAFETY"": 1.2000000000000008, ""MOVED_UP"": 0.0, ""OPPONENT_ELIMINATED"": 0.0, ""SAFE_BOMB_THREATENS_OPPONENT"": 0.9999999999999999, ""STAYED_IN_DANGER"": -2.75, ""SURVIVED_ROUND"": 0.5, ""USELESS_BOMB"": -0.7999999999999999, ""WAITED"": -2.740000000000002}"
53,1,0,1,400,0.19410666666666668,-8.303249999999998,1.0,-1.0899999999999983,-8.213250000000011,61.2575833333333,-69.47083333333339,401,1,"{""BOMB_DROPPED"": 36, ""BOMB_EXPLODED"": 35, ""BOMB_NEXT_TO_CRATE"": 10, ""COIN_COLLECTED"": 1, ""COIN_FOUND"": 3, ""CRATE_DESTROYED"": 23, ""ESCAPED_DANGER"": 39, ""INVALID_ACTION"": 1, ""MOVED_AWAY_FROM_COIN"": 8, ""MOVED_DOWN"": 48, ""MOVED_INTO_DANGER"": 6, ""MOVED_LEFT"": 72, ""MOVED_RIGHT"": 76, ""MOVED_TOWARD_COIN"": 15, ""MOVED_TOWARD_SAFETY"": 50, ""MOVED_UP"": 47, ""OPPONENT_ELIMINATED"": 2, ""SAFE_BOMB_THREATENS_OPPONENT"": 21, ""STAYED_IN_DANGER"": 17, ""SURVIVED_ROUND"": 1, ""USELESS_BOMB"": 8, ""WAITED"": 120}","{""BOMB_DROPPED"": 0.0, ""BOMB_EXPLODED"": 0.0, ""BOMB_NEXT_TO_CRATE"": 0.49999999999999994, ""COIN_COLLECTED"": 1.0, ""COIN_FOUND"": 0.15000000000000002, ""CRATE_DESTROYED"": 2.3000000000000007, ""ESCAPED_DANGER"": 1.1700000000000008, ""INVALID_ACTION"": -0.1, ""MOVED_AWAY_FROM_COIN"": -0.56, ""MOVED_DOWN"": 0.0, ""MOVED_INTO_DANGER"": -2.1, ""MOVED_LEFT"": 0.0, ""MOVED_RIGHT"": 0.0, ""MOVED_TOWARD_COIN"": 0.9000000000000004, ""MOVED_TOWARD_SAFETY"": 1.500000000000001, ""MOVED_UP"": 0.0, ""OPPONENT_ELIMINATED"": 0.0, ""SAFE_BOMB_THREATENS_OPPONENT"": 2.1000000000000005, ""STAYED_IN_DANGER"": -4.25, ""SURVIVED_ROUND"": 0.5, ""USELESS_BOMB"": -0.7999999999999999, ""WAITED"": -2.4000000000000017}"
54,1,0,1,400,0.19399333333333335,-8.901750000000007,1.0,-2.0199999999999987,-7.88175000000001,53.984166666666695,-61.86591666666665,401,1,"{""BOMB_DROPPED"": 27, ""BOMB_EXPLODED"": 27, ""BOMB_NEXT_TO_CRATE"": 9, ""COIN_COLLECTED"": 1, ""COIN_FOUND"": 2, ""CRATE_DESTROYED"": 23, ""ESCAPED_DANGER"": 34, ""INVALID_ACTION"": 2, ""MOVED_AWAY_FROM_COIN"": 8, ""MOVED_DOWN"": 37, ""MOVED_INTO_DANGER"": 9, ""MOVED_LEFT"": 94, ""MOVED_RIGHT"": 93, ""MOVED_TOWARD_COIN"": 22, ""MOVED_TOWARD_SAFETY"": 38, ""MOVED_UP"": 35, ""OPPONENT_ELIMINATED"": 1, ""SAFE_BOMB_THREATENS_OPPONENT"": 14, ""STAYED_IN_DANGER"": 14, ""SURVIVED_ROUND"": 1, ""USELESS_BOMB"": 6, ""WAITED"": 112}","{""BOMB_DROPPED"": 0.0, ""BOMB_EXPLODED"": 0.0, ""BOMB_NEXT_TO_CRATE"": 0.44999999999999996, ""COIN_COLLECTED"": 1.0, ""COIN_FOUND"": 0.1, ""CRATE_DESTROYED"": 2.3000000000000007, ""ESCAPED_DANGER"": 1.0200000000000007, ""INVALID_ACTION"": -0.2, ""MOVED_AWAY_FROM_COIN"": -0.56, ""MOVED_DOWN"": 0.0, ""MOVED_INTO_DANGER"": -3.1500000000000004, ""MOVED_LEFT"": 0.0, ""MOVED_RIGHT"": 0.0, ""MOVED_TOWARD_COIN"": 1.3200000000000007, ""MOVED_TOWARD_SAFETY"": 1.1400000000000008, ""MOVED_UP"": 0.0, ""OPPONENT_ELIMINATED"": 0.0, ""SAFE_BOMB_THREATENS_OPPONENT"": 1.4000000000000001, ""STAYED_IN_DANGER"": -3.5, ""SURVIVED_ROUND"": 0.5, ""USELESS_BOMB"": -0.6, ""WAITED"": -2.2400000000000015}"
55,0,0,0,400,0.19388,-13.453500000000009,0,-3.6300000000000003,-9.823500000000017,42.55266666666667,-52.37616666666669,401,1,"{""BOMB_DROPPED"": 16, ""BOMB_EXPLODED"": 16, ""BOMB_NEXT_TO_CRATE"": 7, ""COIN_FOUND"": 1, ""CRATE_DESTROYED"": 17, ""ESCAPED_DANGER"": 26, ""MOVED_AWAY_FROM_COIN"": 11, ""MOVED_DOWN"": 41, ""MOVED_INTO_DANGER"": 10, ""MOVED_LEFT"": 86, ""MOVED_RIGHT"": 80, ""MOVED_TOWARD_COIN"": 27, ""MOVED_TOWARD_SAFETY"": 24, ""MOVED_UP"": 53, ""OPPONENT_ELIMINATED"": 1, ""SAFE_BOMB_THREATENS_OPPONENT"": 4, ""STAYED_IN_DANGER"": 10, ""SURVIVED_ROUND"": 1, ""USELESS_BOMB"": 5, ""WAITED"": 124}","{""BOMB_DROPPED"": 0.0, ""BOMB_EXPLODED"": 0.0, ""BOMB_NEXT_TO_CRATE"": 0.35, ""COIN_FOUND"": 0.05, ""CRATE_DESTROYED"": 1.7000000000000004, ""ESCAPED_DANGER"": 0.7800000000000005, ""MOVED_AWAY_FROM_COIN"": -0.7700000000000002, ""MOVED_DOWN"": 0.0, ""MOVED_INTO_DANGER"": -3.5000000000000004, ""MOVED_LEFT"": 0.0, ""MOVED_RIGHT"": 0.0, ""MOVED_TOWARD_COIN"": 1.620000000000001, ""MOVED_TOWARD_SAFETY"": 0.7200000000000004, ""MOVED_UP"": 0.0, ""OPPONENT_ELIMINATED"": 0.0, ""SAFE_BOMB_THREATENS_OPPONENT"": 0.4, ""STAYED_IN_DANGER"": -2.5, ""SURVIVED_ROUND"": 0.5, ""USELESS_BOMB"": -0.5, ""WAITED"": -2.4800000000000018}"
56,1,0,1,400,0.1937666666666667,-10.818750000000001,1.0,-1.6700000000000004,-10.148750000000021,46.56658333333327,-56.71533333333334,401,1,"{""BOMB_DROPPED"": 24, ""BOMB_EXPLODED"": 24, ""BOMB_NEXT_TO_CRATE"": 3, ""COIN_COLLECTED"": 1, ""COIN_FOUND"": 1, ""CRATE_DESTROYED"": 8, ""ESCAPED_DANGER"": 30, ""MOVED_AWAY_FROM_COIN"": 1, ""MOVED_DOWN"": 60, ""MOVED_INTO_DANGER"": 7, ""MOVED_LEFT"": 66, ""MOVED_RIGHT"": 70, ""MOVED_TOWARD_COIN"": 12, ""MOVED_TOWARD_SAFETY"": 33, ""MOVED_UP"": 57, ""OPPONENT_ELIMINATED"": 2, ""SAFE_BOMB_THREATENS_OPPONENT"": 14, ""STAYED_IN_DANGER"": 6, ""SURVIVED_ROUND"": 1, ""USELESS_BOMB"": 7, ""WAITED"": 123}","{""BOMB_DROPPED"": 0.0, ""BOMB_EXPLODED"": 0.0, ""BOMB_NEXT_TO_CRATE"": 0.15000000000000002, ""COIN_COLLECTED"": 1.0, ""COIN_FOUND"": 0.05, ""CRATE_DESTROYED"": 0.7999999999999999, ""ESCAPED_DANGER"": 0.9000000000000006, ""MOVED_AWAY_FROM_COIN"": -0.07, ""MOVED_DOWN"": 0.0, ""MOVED_INTO_DANGER"": -2.45, ""MOVED_LEFT"": 0.0, ""MOVED_RIGHT"": 0.0, ""MOVED_TOWARD_COIN"": 0.7200000000000002, ""MOVED_TOWARD_SAFETY"": 0.9900000000000007, ""MOVED_UP"": 0.0, ""OPPONENT_ELIMINATED"": 0.0, ""SAFE_BOMB_THREATENS_OPPONENT"": 1.4000000000000001, ""STAYED_IN_DANGER"": -1.5, ""SURVIVED_ROUND"": 0.5, ""USELESS_BOMB"": -0.7, ""WAITED"": -2.4600000000000017}"
57,0,0,0,400,0.19365333333333334,-9.203750000000005,0,-0.8099999999999996,-8.393750000000004,54.13641666666667,-62.53016666666669,401,1,"{""BOMB_DROPPED"": 27, ""BOMB_EXPLODED"": 27, ""BOMB_NEXT_TO_CRATE"": 8, ""CRATE_DESTROYED"": 13, ""ESCAPED_DANGER"": 34, ""MOVED_AWAY_FROM_COIN"": 2, ""MOVED_DOWN"": 56, ""MOVED_INTO_DANGER"": 7, ""MOVED_LEFT"": 71, ""MOVED_RIGHT"": 71, ""MOVED_TOWARD_COIN"": 14, ""MOVED_TOWARD_SAFETY"": 41, ""MOVED_UP"": 67, ""OPPONENT_ELIMINATED"": 2, ""SAFE_BOMB_THREATENS_OPPONENT"": 15, ""STAYED_IN_DANGER"": 9, ""SURVIVED_ROUND"": 1, ""USELESS_BOMB"": 6, ""WAITED"": 108}","{""BOMB_DROPPED"": 0.0, ""BOMB_EXPLODED"": 0.0, ""BOMB_NEXT_TO_CRATE"": 0.39999999999999997, ""CRATE_DESTROYED"": 1.3, ""ESCAPED_DANGER"": 1.0200000000000007, ""MOVED_AWAY_FROM_COIN"": -0.14, ""MOVED_DOWN"": 0.0, ""MOVED_INTO_DANGER"": -2.45, ""MOVED_LEFT"": 0.0, ""MOVED_RIGHT"": 0.0, ""MOVED_TOWARD_COIN"": 0.8400000000000003, ""MOVED_TOWARD_SAFETY"": 1.2300000000000009, ""MOVED_UP"": 0.0, ""OPPONENT_ELIMINATED"": 0.0, ""SAFE_BOMB_THREATENS_OPPONENT"": 1.5000000000000002, ""STAYED_IN_DANGER"": -2.25, ""SURVIVED_ROUND"": 0.5, ""USELESS_BOMB"": -0.6, ""WAITED"": -2.1600000000000015}"
58,1,0,1,400,0.19354000000000002,-8.053749999999999,1.0,-0.7299999999999986,-8.323750000000015,50.368083333333374,-58.6918333333333,401,1,"{""BOMB_DROPPED"": 25, ""BOMB_EXPLODED"": 25, ""BOMB_NEXT_TO_CRATE"": 9, ""COIN_COLLECTED"": 1, ""CRATE_DESTROYED"": 21, ""ESCAPED_DANGER"": 31, ""MOVED_AWAY_FROM_COIN"": 6, ""MOVED_DOWN"": 35, ""MOVED_INTO_DANGER"": 6, ""MOVED_LEFT"": 87, ""MOVED_RIGHT"": 91, ""MOVED_TOWARD_COIN"": 31, ""MOVED_TOWARD_SAFETY"": 37, ""MOVED_UP"": 49, ""OPPONENT_ELIMINATED"": 2, ""SAFE_BOMB_THREATENS_OPPONENT"": 12, ""STAYED_IN_DANGER"": 14, ""SURVIVED_ROUND"": 1, ""USELESS_BOMB"": 6, ""WAITED"": 113}","{""BOMB_DROPPED"": 0.0, ""BOMB_EXPLODED"": 0.0, ""BOMB_NEXT_TO_CRATE"": 0.44999999999999996, ""COIN_COLLECTED"": 1.0, ""CRATE_DESTROYED"": 2.1000000000000005, ""ESCAPED_DANGER"": 0.9300000000000006, ""MOVED_AWAY_FROM_COIN"": -0.42000000000000004, ""MOVED_DOWN"": 0.0, ""MOVED_INTO_DANGER"": -2.1, ""MOVED_LEFT"": 0.0, ""MOVED_RIGHT"": 0.0, ""MOVED_TOWARD_COIN"": 1.8600000000000012, ""MOVED_TOWARD_SAFETY"": 1.1100000000000008, ""MOVED_UP"": 0.0, ""OPPONENT_ELIMINATED"": 0.0, ""SAFE_BOMB_THREATENS_OPPONENT"": 1.2, ""STAYED_IN_DANGER"": -3.5, ""SURVIVED_ROUND"": 0.5, ""USELESS_BOMB"": -0.6, ""WAITED"": -2.2600000000000016}"
59,3,1,8,400,0.1934266666666667,-1.4742500000000014,8.0,-1.3299999999999992,-8.14425000000001,47.983583333333314,-56.127833333333356,401,1,"{""BOMB_DROPPED"": 23, ""BOMB_EXPLODED"": 23, ""BOMB_NEXT_TO_CRATE"": 6, ""COIN_COLLECTED"": 3, ""COIN_FOUND"": 1, ""CRATE_DESTROYED"": 17, ""ESCAPED_DANGER"": 30, ""KILLED_OPPONENT"": 1, ""MOVED_AWAY_FROM_COIN"": 3, ""MOVED_DOWN"": 78, ""MOVED_INTO_DANGER"": 7, ""MOVED_LEFT"": 58, ""MOVED_RIGHT"": 45, ""MOVED_TOWARD_COIN"": 26, ""MOVED_TOWARD_SAFETY"": 34, ""MOVED_UP"": 66, ""OPPONENT_ELIMINATED"": 2, ""SAFE_BOMB_THREATENS_OPPONENT"": 14, ""STAYED_IN_DANGER"": 12, ""SURVIVED_ROUND"": 1, ""USELESS_BOMB"": 5, ""WAITED"": 130}","{""BOMB_DROPPED"": 0.0, ""BOMB_EXPLODED"": 0.0, ""BOMB_NEXT_TO_CRATE"": 0.3, ""COIN_COLLECTED"": 3.0, ""COIN_FOUND"": 0.05, ""CRATE_DESTROYED"": 1.7000000000000004, ""ESCAPED_DANGER"": 0.9000000000000006, ""KILLED_OPPONENT"": 5.0, ""MOVED_AWAY_FROM_COIN"": -0.21000000000000002, ""MOVED_DOWN"": 0.0, ""MOVED_INTO_DANGER"": -2.45, ""MOVED_LEFT"": 0.0, ""MOVED_RIGHT"": 0.0, ""MOVED_TOWARD_COIN"": 1.560000000000001, ""MOVED_TOWARD_SAFETY"": 1.0200000000000007, ""MOVED_UP"": 0.0, ""OPPONENT_ELIMINATED"": 0.0, ""SAFE_BOMB_THREATENS_OPPONENT"": 1.4000000000000001, ""STAYED_IN_DANGER"": -3.0, ""SURVIVED_ROUND"": 0.5, ""USELESS_BOMB"": -0.5, ""WAITED"": -2.600000000000002}"
60,1,0,1,400,0.19331333333333334,-8.630499999999994,1.0,-1.7199999999999998,-7.910500000000003,41.41224999999996,-49.32275000000001,401,1,"{""BOMB_DROPPED"": 22, ""BOMB_EXPLODED"": 21, ""BOMB_NEXT_TO_CRATE"": 8, ""COIN_COLLECTED"": 1, ""COIN_FOUND"": 1, ""CRATE_DESTROYED"": 12, ""ESCAPED_DANGER"": 24, ""MOVED_AWAY_FROM_COIN"": 1, ""MOVED_DOWN"": 41, ""MOVED_INTO_DANGER"": 4, ""MOVED_LEFT"": 94, ""MOVED_RIGHT"": 86, ""MOVED_TOWARD_COIN"": 19, ""MOVED_TOWARD_SAFETY"": 34, ""MOVED_UP"": 53, ""OPPONENT_ELIMINATED"": 1, ""SAFE_BOMB_THREATENS_OPPONENT"": 8, ""STAYED_IN_DANGER"": 12, ""SURVIVED_ROUND"": 1, ""USELESS_BOMB"": 10, ""WAITED"": 104}","{""BOMB_DROPPED"": 0.0, ""BOMB_EXPLODED"": 0.0, ""BOMB_NEXT_TO_CRATE"": 0.39999999999999997, ""COIN_COLLECTED"": 1.0, ""COIN_FOUND"": 0.05, ""CRATE_DESTROYED"": 1.2, ""ESCAPED_DANGER"": 0.7200000000000004, ""MOVED_AWAY_FROM_COIN"": -0.07, ""MOVED_DOWN"": 0.0, ""MOVED_INTO_DANGER"": -1.4, ""MOVED_LEFT"": 0.0, ""MOVED_RIGHT"": 0.0, ""MOVED_TOWARD_COIN"": 1.1400000000000006, ""MOVED_TOWARD_SAFETY"": 1.0200000000000007, ""MOVED_UP"": 0.0, ""OPPONENT_ELIMINATED"": 0.0, ""SAFE_BOMB_THREATENS_OPPONENT"": 0.7999999999999999, ""STAYED_IN_DANGER"": -3.0, ""SURVIVED_ROUND"": 0.5, ""USELESS_BOMB"": -0.9999999999999999, ""WAITED"": -2.0800000000000014}"
61,2,0,2,400,0.1932,-4.285000000000004,2.0,0.20000000000000062,-6.485000000000011,42.68449999999995,-49.16950000000007,401,1,"{""BOMB_DROPPED"": 22, ""BOMB_EXPLODED"": 22, ""BOMB_NEXT_TO_CRATE"": 8, ""COIN_COLLECTED"": 2, ""COIN_FOUND"": 1, ""CRATE_DESTROYED"": 18, ""ESCAPED_DANGER"": 25, ""INVALID_ACTION"": 1, ""MOVED_AWAY_FROM_COIN"": 2, ""MOVED_DOWN"": 47, ""MOVED_INTO_DANGER"": 4, ""MOVED_LEFT"": 90, ""MOVED_RIGHT"": 90, ""MOVED_TOWARD_COIN"": 15, ""MOVED_TOWARD_SAFETY"": 35, ""MOVED_UP"": 57, ""OPPONENT_ELIMINATED"": 1, ""SAFE_BOMB_THREATENS_OPPONENT"": 10, ""STAYED_IN_DANGER"": 9, ""SURVIVED_ROUND"": 1, ""USELESS_BOMB"": 5, ""WAITED"": 93}","{""BOMB_DROPPED"": 0.0, ""BOMB_EXPLODED"": 0.0, ""BOMB_NEXT_TO_CRATE"": 0.39999999999999997, ""COIN_COLLECTED"": 2.0, ""COIN_FOUND"": 0.05, ""CRATE_DESTROYED"": 1.8000000000000005, ""ESCAPED_DANGER"": 0.7500000000000004, ""INVALID_ACTION"": -0.1, ""MOVED_AWAY_FROM_COIN"": -0.14, ""MOVED_DOWN"": 0.0, ""MOVED_INTO_DANGER"": -1.4, ""MOVED_LEFT"": 0.0, ""MOVED_RIGHT"": 0.0, ""MOVED_TOWARD_COIN"": 0.9000000000000004, ""MOVED_TOWARD_SAFETY"": 1.0500000000000007, ""MOVED_UP"": 0.0, ""OPPONENT_ELIMINATED"": 0.0, ""SAFE_BOMB_THREATENS_OPPONENT"": 0.9999999999999999, ""STAYED_IN_DANGER"": -2.25, ""SURVIVED_ROUND"": 0.5, ""USELESS_BOMB"": -0.5, ""WAITED"": -1.8600000000000012}"
62,0,0,0,400,0.19308666666666668,-8.552249999999997,0,0.01000000000000234,-8.562250000000008,60.10433333333328,-68.66658333333338,401,1,"{""BOMB_DROPPED"": 34, ""BOMB_EXPLODED"": 33, ""BOMB_NEXT_TO_CRATE"": 9, ""CRATE_DESTROYED"": 23, ""ESCAPED_DANGER"": 38, ""MOVED_AWAY_FROM_COIN"": 2, ""MOVED_DOWN"": 44, ""MOVED_INTO_DANGER"": 6, ""MOVED_LEFT"": 71, ""MOVED_RIGHT"": 72, ""MOVED_TOWARD_COIN"": 34, ""MOVED_TOWARD_SAFETY"": 45, ""MOVED_UP"": 50, ""OPPONENT_ELIMINATED"": 2, ""SAFE_BOMB_THREATENS_OPPONENT"": 20, ""STAYED_IN_DANGER"": 17, ""SURVIVED_ROUND"": 1, ""USELESS_BOMB"": 7, ""WAITED"": 129}","{""BOMB_DROPPED"": 0.0, ""BOMB_EXPLODED"": 0.0, ""BOMB_NEXT_TO_CRATE"": 0.44999999999999996, ""CRATE_DESTROYED"": 2.3000000000000007, ""ESCAPED_DANGER"": 1.1400000000000008, ""MOVED_AWAY_FROM_COIN"": -0.14, ""MOVED_DOWN"": 0.0, ""MOVED_INTO_DANGER"": -2.1, ""MOVED_LEFT"": 0.0, ""MOVED_RIGHT"": 0.0, ""MOVED_TOWARD_COIN"": 2.0400000000000014, ""MOVED_TOWARD_SAFETY"": 1.350000000000001, ""MOVED_UP"": 0.0, ""OPPONENT_ELIMINATED"": 0.0, ""SAFE_BOMB_THREATENS_OPPONENT"": 2.0000000000000004, ""STAYED_IN_DANGER"": -4.25, ""SURVIVED_ROUND"": 0.5, ""USELESS_BOMB"": -0.7, ""WAITED"": -2.580000000000002}"
63,0,0,0,400,0.19297333333333336,-10.806749999999987,0,-2.209999999999999,-8.596750000000016,53.97208333333339,-62.568833333333295,401,1,"{""BOMB_DROPPED"": 29, ""BOMB_EXPLODED"": 28, ""BOMB_NEXT_TO_CRATE"": 8, ""CRATE_DESTROYED"": 19, ""ESCAPED_DANGER"": 34, ""MOVED_AWAY_FROM_COIN"": 6, ""MOVED_DOWN"": 63, ""MOVED_INTO_DANGER"": 7, ""MOVED_LEFT"": 67, ""MOVED_RIGHT"": 53, ""MOVED_TOWARD_COIN"": 15, ""MOVED_TOWARD_SAFETY"": 40, ""MOVED_UP"": 75, ""OPPONENT_ELIMINATED"": 2, ""SAFE_BOMB_THREATENS_OPPONENT"": 13, ""STAYED_IN_DANGER"": 14, ""SURVIVED_ROUND"": 1, ""USELESS_BOMB"": 8, ""WAITED"": 113}","{""BOMB_DROPPED"": 0.0, ""BOMB_EXPLODED"": 0.0, ""BOMB_NEXT_TO_CRATE"": 0.39999999999999997, ""CRATE_DESTROYED"": 1.9000000000000006, ""ESCAPED_DANGER"": 1.0200000000000007, ""MOVED_AWAY_FROM_COIN"": -0.42000000000000004, ""MOVED_DOWN"": 0.0, ""MOVED_INTO_DANGER"": -2.45, ""MOVED_LEFT"": 0.0, ""MOVED_RIGHT"": 0.0, ""MOVED_TOWARD_COIN"": 0.9000000000000004, ""MOVED_TOWARD_SAFETY"": 1.2000000000000008, ""MOVED_UP"": 0.0, ""OPPONENT_ELIMINATED"": 0.0, ""SAFE_BOMB_THREATENS_OPPONENT"": 1.3, ""STAYED_IN_DANGER"": -3.5, ""SURVIVED_ROUND"": 0.5, ""USELESS_BOMB"": -0.7999999999999999, ""WAITED"": -2.2600000000000016}"
64,2,0,2,400,0.19286,-3.0490000000000044,2.0,1.2300000000000022,-6.279000000000011,53.28183333333331,-59.56083333333334,401,1,"{""BOMB_DROPPED"": 29, ""BOMB_EXPLODED"": 28, ""BOMB_NEXT_TO_CRATE"": 16, ""COIN_COLLECTED"": 2, ""COIN_FOUND"": 1, ""CRATE_DESTROYED"": 31, ""ESCAPED_DANGER"": 34, ""MOVED_DOWN"": 47, ""MOVED_INTO_DANGER"": 7, ""MOVED_LEFT"": 89, ""MOVED_RIGHT"": 88, ""MOVED_TOWARD_COIN"": 18, ""MOVED_TOWARD_SAFETY"": 45, ""MOVED_UP"": 51, ""OPPONENT_ELIMINATED"": 3, ""SAFE_BOMB_THREATENS_OPPONENT"": 9, ""STAYED_IN_DANGER"": 10, ""SURVIVED_ROUND"": 1, ""USELESS_BOMB"": 7, ""WAITED"": 96}","{""BOMB_DROPPED"": 0.0, ""BOMB_EXPLODED"": 0.0, ""BOMB_NEXT_TO_CRATE"": 0.8000000000000002, ""COIN_COLLECTED"": 2.0, ""COIN_FOUND"": 0.05, ""CRATE_DESTROYED"": 3.1000000000000014, ""ESCAPED_DANGER"": 1.0200000000000007, ""MOVED_DOWN"": 0.0, ""MOVED_INTO_DANGER"": -2.45, ""MOVED_LEFT"": 0.0, ""MOVED_RIGHT"": 0.0, ""MOVED_TOWARD_COIN"": 1.0800000000000005, ""MOVED_TOWARD_SAFETY"": 1.350000000000001, ""MOVED_UP"": 0.0, ""OPPONENT_ELIMINATED"": 0.0, ""SAFE_BOMB_THREATENS_OPPONENT"": 0.8999999999999999, ""STAYED_IN_DANGER"": -2.5, ""SURVIVED_ROUND"": 0.5, ""USELESS_BOMB"": -0.7, ""WAITED"": -1.9200000000000013}"
65,4,1,9,400,0.19274666666666668,9.314499999999963,9.0,3.2500000000000036,-2.9354999999999984,40.920333333333396,-43.855833333333266,401,1,"{""BOMB_DROPPED"": 25, ""BOMB_EXPLODED"": 25, ""BOMB_NEXT_TO_CRATE"": 16, ""COIN_COLLECTED"": 4, ""COIN_FOUND"": 4, ""CRATE_DESTROYED"": 30, ""ESCAPED_DANGER"": 25, ""KILLED_OPPONENT"": 1, ""MOVED_AWAY_FROM_COIN"": 8, ""MOVED_DOWN"": 76, ""MOVED_LEFT"": 70, ""MOVED_RIGHT"": 75, ""MOVED_TOWARD_COIN"": 35, ""MOVED_TOWARD_SAFETY"": 41, ""MOVED_UP"": 68, ""OPPONENT_ELIMINATED"": 3, ""SAFE_BOMB_THREATENS_OPPONENT"": 1, ""STAYED_IN_DANGER"": 9, ""SURVIVED_ROUND"": 1, ""USELESS_BOMB"": 9, ""WAITED"": 86}","{""BOMB_DROPPED"": 0.0, ""BOMB_EXPLODED"": 0.0, ""BOMB_NEXT_TO_CRATE"": 0.8000000000000002, ""COIN_COLLECTED"": 4.0, ""COIN_FOUND"": 0.2, ""CRATE_DESTROYED"": 3.0000000000000013, ""ESCAPED_DANGER"": 0.7500000000000004, ""KILLED_OPPONENT"": 5.0, ""MOVED_AWAY_FROM_COIN"": -0.56, ""MOVED_DOWN"": 0.0, ""MOVED_LEFT"": 0.0, ""MOVED_RIGHT"": 0.0, ""MOVED_TOWARD_COIN"": 2.1000000000000014, ""MOVED_TOWARD_SAFETY"": 1.2300000000000009, ""MOVED_UP"": 0.0, ""OPPONENT_ELIMINATED"": 0.0, ""SAFE_BOMB_THREATENS_OPPONENT"": 0.1, ""STAYED_IN_DANGER"": -2.25, ""SURVIVED_ROUND"": 0.5, ""USELESS_BOMB"": -0.8999999999999999, ""WAITED"": -1.720000000000001}"
66,1,0,1,400,0.19263333333333335,-5.858249999999998,1.0,1.4000000000000026,-8.25825000000001,59.02975000000004,-67.28799999999997,401,1,"{""BOMB_DROPPED"": 32, ""BOMB_EXPLODED"": 31, ""BOMB_NEXT_TO_CRATE"": 14, ""COIN_COLLECTED"": 1, ""CRATE_DESTROYED"": 33, ""ESCAPED_DANGER"": 39, ""INVALID_ACTION"": 5, ""MOVED_AWAY_FROM_COIN"": 1, ""MOVED_DOWN"": 34, ""MOVED_INTO_DANGER"": 7, ""MOVED_LEFT"": 73, ""MOVED_RIGHT"": 78, ""MOVED_TOWARD_COIN"": 21, ""MOVED_TOWARD_SAFETY"": 46, ""MOVED_UP"": 46, ""OPPONENT_ELIMINATED"": 2, ""SAFE_BOMB_THREATENS_OPPONENT"": 18, ""STAYED_IN_DANGER"": 11, ""SURVIVED_ROUND"": 1, ""USELESS_BOMB"": 3, ""WAITED"": 132}","{""BOMB_DROPPED"": 0.0, ""BOMB_EXPLODED"": 0.0, ""BOMB_NEXT_TO_CRATE"": 0.7000000000000001, ""COIN_COLLECTED"": 1.0, ""CRATE_DESTROYED"": 3.3000000000000016, ""ESCAPED_DANGER"": 1.1700000000000008, ""INVALID_ACTION"": -0.5, ""MOVED_AWAY_FROM_COIN"": -0.07, ""MOVED_DOWN"": 0.0, ""MOVED_INTO_DANGER"": -2.45, ""MOVED_LEFT"": 0.0, ""MOVED_RIGHT"": 0.0, ""MOVED_TOWARD_COIN"": 1.2600000000000007, ""MOVED_TOWARD_SAFETY"": 1.380000000000001, ""MOVED_UP"": 0.0, ""OPPONENT_ELIMINATED"": 0.0, ""SAFE_BOMB_THREATENS_OPPONENT"": 1.8000000000000005, ""STAYED_IN_DANGER"": -2.75, ""SURVIVED_ROUND"": 0.5, ""USELESS_BOMB"": -0.30000000000000004, ""WAITED"": -2.640000000000002}"
67,1,1,6,400,0.19252,-5.798750000000005,6.0,-2.5,-9.298750000000009,48.06358333333332,-57.362333333333325,401,1,"{""BOMB_DROPPED"": 22, ""BOMB_EXPLODED"": 22, ""BOMB_NEXT_TO_CRATE"": 4, ""COIN_COLLECTED"": 1, ""COIN_FOUND"": 1, ""CRATE_DESTROYED"": 8, ""ESCAPED_DANGER"": 29, ""KILLED_OPPONENT"": 1, ""MOVED_AWAY_FROM_COIN"": 4, ""MOVED_DOWN"": 55, ""MOVED_INTO_DANGER"": 8, ""MOVED_LEFT"": 82, ""MOVED_RIGHT"": 72, ""MOVED_TOWARD_COIN"": 19, ""MOVED_TOWARD_SAFETY"": 34, ""MOVED_UP"": 49, ""OPPONENT_ELIMINATED"": 2, ""SAFE_BOMB_THREATENS_OPPONENT"": 16, ""SAFE_BOMB_TRAPS_OPPONENT"": 1, ""STAYED_IN_DANGER"": 12, ""SURVIVED_ROUND"": 1, ""USELESS_BOMB"": 4, ""WAITED"": 120}","{""BOMB_DROPPED"": 0.0, ""BOMB_EXPLODED"": 0.0, ""BOMB_NEXT_TO_CRATE"": 0.2, ""COIN_COLLECTED"": 1.0, ""COIN_FOUND"": 0.05, ""CRATE_DESTROYED"": 0.7999999999999999, ""ESCAPED_DANGER"": 0.8700000000000006, ""KILLED_OPPONENT"": 5.0, ""MOVED_AWAY_FROM_COIN"": -0.28, ""MOVED_DOWN"": 0.0, ""MOVED_INTO_DANGER"": -2.8000000000000003, ""MOVED_LEFT"": 0.0, ""MOVED_RIGHT"": 0.0, ""MOVED_TOWARD_COIN"": 1.1400000000000006, ""MOVED_TOWARD_SAFETY"": 1.0200000000000007, ""MOVED_UP"": 0.0, ""OPPONENT_ELIMINATED"": 0.0, ""SAFE_BOMB_THREATENS_OPPONENT"": 1.6000000000000003, ""SAFE_BOMB_TRAPS_OPPONENT"": 0.2, ""STAYED_IN_DANGER"": -3.0, ""SURVIVED_ROUND"": 0.5, ""USELESS_BOMB"": -0.4, ""WAITED"": -2.4000000000000017}"
68,1,1,6,400,0.19240666666666667,-2.596750000000002,6.0,0.15000000000000124,-8.746750000000016,57.645916666666736,-66.39266666666668,401,1,"{""BOMB_DROPPED"": 31, ""BOMB_EXPLODED"": 30, ""BOMB_NEXT_TO_CRATE"": 9, ""COIN_COLLECTED"": 1, ""COIN_FOUND"": 1, ""CRATE_DESTROYED"": 24, ""ESCAPED_DANGER"": 37, ""INVALID_ACTION"": 1, ""KILLED_OPPONENT"": 1, ""MOVED_AWAY_FROM_COIN"": 3, ""MOVED_DOWN"": 48, ""MOVED_INTO_DANGER"": 7, ""MOVED_LEFT"": 67, ""MOVED_RIGHT"": 55, ""MOVED_TOWARD_COIN"": 26, ""MOVED_TOWARD_SAFETY"": 42, ""MOVED_UP"": 62, ""OPPONENT_ELIMINATED"": 2, ""SAFE_BOMB_THREATENS_OPPONENT"": 18, ""STAYED_IN_DANGER"": 12, ""SURVIVED_ROUND"": 1, ""USELESS_BOMB"": 5, ""WAITED"": 136}","{""BOMB_DROPPED"": 0.0, ""BOMB_EXPLODED"": 0.0, ""BOMB_NEXT_TO_CRATE"": 0.44999999999999996, ""COIN_COLLECTED"": 1.0, ""COIN_FOUND"": 0.05, ""CRATE_DESTROYED"": 2.400000000000001, ""ESCAPED_DANGER"": 1.1100000000000008, ""INVALID_ACTION"": -0.1, ""KILLED_OPPONENT"": 5.0, ""MOVED_AWAY_FROM_COIN"": -0.21000000000000002, ""MOVED_DOWN"": 0.0, ""MOVED_INTO_DANGER"": -2.45, ""MOVED_LEFT"": 0.0, ""MOVED_RIGHT"": 0.0, ""MOVED_TOWARD_COIN"": 1.560000000000001, ""MOVED_TOWARD_SAFETY"": 1.260000000000001, ""MOVED_UP"": 0.0, ""OPPONENT_ELIMINATED"": 0.0, ""SAFE_BOMB_THREATENS_OPPONENT"": 1.8000000000000005, ""STAYED_IN_DANGER"": -3.0, ""SURVIVED_ROUND"": 0.5, ""USELESS_BOMB"": -0.5, ""WAITED"": -2.720000000000002}"
69,0,0,0,400,0.19229333333333334,-7.900249999999999,0,0.6,-8.50025,34.50408333333331,-43.004333333333335,401,1,"{""BOMB_DROPPED"": 19, ""BOMB_EXPLODED"": 19, ""BOMB_NEXT_TO_CRATE"": 5, ""CRATE_DESTROYED"": 13, ""ESCAPED_DANGER"": 20, ""MOVED_AWAY_FROM_COIN"": 2, ""MOVED_DOWN"": 60, ""MOVED_INTO_DANGER"": 1, ""MOVED_LEFT"": 89, ""MOVED_RIGHT"": 87, ""MOVED_TOWARD_COIN"": 8, ""MOVED_TOWARD_SAFETY"": 30, ""MOVED_UP"": 68, ""OPPONENT_ELIMINATED"": 2, ""SAFE_BOMB_THREATENS_OPPONENT"": 8, ""STAYED_IN_DANGER"": 6, ""SURVIVED_ROUND"": 1, ""USELESS_BOMB"": 7, ""WAITED"": 77}","{""BOMB_DROPPED"": 0.0, ""BOMB_EXPLODED"": 0.0, ""BOMB_NEXT_TO_CRATE"": 0.25, ""CRATE_DESTROYED"": 1.3, ""ESCAPED_DANGER"": 0.6000000000000003, ""MOVED_AWAY_FROM_COIN"": -0.14, ""MOVED_DOWN"": 0.0, ""MOVED_INTO_DANGER"": -0.35, ""MOVED_LEFT"": 0.0, ""MOVED_RIGHT"": 0.0, ""MOVED_TOWARD_COIN"": 0.48, ""MOVED_TOWARD_SAFETY"": 0.9000000000000006, ""MOVED_UP"": 0.0, ""OPPONENT_ELIMINATED"": 0.0, ""SAFE_BOMB_THREATENS_OPPONENT"": 0.7999999999999999, ""STAYED_IN_DANGER"": -1.5, ""SURVIVED_ROUND"": 0.5, ""USELESS_BOMB"": -0.7, ""WAITED"": -1.540000000000001}"
70,1,0,1,400,0.19218,-4.636500000000007,1.0,1.8200000000000025,-7.456500000000007,54.70341666666667,-62.159916666666724,401,1,"{""BOMB_DROPPED"": 32, ""BOMB_EXPLODED"": 32, ""BOMB_NEXT_TO_CRATE"": 10, ""COIN_COLLECTED"": 1, ""COIN_FOUND"": 1, ""CRATE_DESTROYED"": 28, ""ESCAPED_DANGER"": 34, ""INVALID_ACTION"": 1, ""MOVED_AWAY_FROM_COIN"": 1, ""MOVED_DOWN"": 65, ""MOVED_INTO_DANGER"": 3, ""MOVED_LEFT"": 65, ""MOVED_RIGHT"": 65, ""MOVED_TOWARD_COIN"": 23, ""MOVED_TOWARD_SAFETY"": 49, ""MOVED_UP"": 63, ""OPPONENT_ELIMINATED"": 1, ""SAFE_BOMB_THREATENS_OPPONENT"": 14, ""STAYED_IN_DANGER"": 12, ""SURVIVED_ROUND"": 1, ""USELESS_BOMB"": 9, ""WAITED"": 109}","{""BOMB_DROPPED"": 0.0, ""BOMB_EXPLODED"": 0.0, ""BOMB_NEXT_TO_CRATE"": 0.49999999999999994, ""COIN_COLLECTED"": 1.0, ""COIN_FOUND"": 0.05, ""CRATE_DESTROYED"": 2.800000000000001, ""ESCAPED_DANGER"": 1.0200000000000007, ""INVALID_ACTION"": -0.1, ""MOVED_AWAY_FROM_COIN"": -0.07, ""MOVED_DOWN"": 0.0, ""MOVED_INTO_DANGER"": -1.0499999999999998, ""MOVED_LEFT"": 0.0, ""MOVED_RIGHT"": 0.0, ""MOVED_TOWARD_COIN"": 1.3800000000000008, ""MOVED_TOWARD_SAFETY"": 1.470000000000001, ""MOVED_UP"": 0.0, ""OPPONENT_ELIMINATED"": 0.0, ""SAFE_BOMB_THREATENS_OPPONENT"": 1.4000000000000001, ""STAYED_IN_DANGER"": -3.0, ""SURVIVED_ROUND"": 0.5, ""USELESS_BOMB"": -0.8999999999999999, ""WAITED"": -2.1800000000000015}"
71,2,0,2,104,0.1920666666666667,-4.071999999999999,2.0,-3.819999999999999,-2.252,16.95983333333333,-19.21183333333333,104,1,"{""BOMB_DROPPED"": 9, ""BOMB_EXPLODED"": 8, ""BOMB_NEXT_TO_CRATE"": 7, ""BOMB_WITH_NO_ESCAPE"": 1, ""COIN_COLLECTED"": 2, ""COIN_FOUND"": 1, ""CRATE_DESTROYED"": 15, ""ESCAPED_DANGER"": 10, ""GOT_KILLED"": 1, ""INVALID_ACTION"": 1, ""MOVED_AWAY_FROM_COIN"": 1, ""MOVED_DOWN"": 12, ""MOVED_INTO_DANGER"": 3, ""MOVED_LEFT"": 20, ""MOVED_RIGHT"": 14, ""MOVED_TOWARD_COIN"": 19, ""MOVED_TOWARD_SAFETY"": 17, ""MOVED_UP"": 18, ""SAFE_BOMB_THREATENS_OPPONENT"": 2, ""STAYED_IN_DANGER"": 2, ""WAITED"": 30}","{""BOMB_DROPPED"": 0.0, ""BOMB_EXPLODED"": 0.0, ""BOMB_NEXT_TO_CRATE"": 0.35, ""BOMB_WITH_NO_ESCAPE"": -0.55, ""COIN_COLLECTED"": 2.0, ""COIN_FOUND"": 0.05, ""CRATE_DESTROYED"": 1.5000000000000002, ""ESCAPED_DANGER"": 0.30000000000000004, ""GOT_KILLED"": -5.0, ""INVALID_ACTION"": -0.1, ""MOVED_AWAY_FROM_COIN"": -0.07, ""MOVED_DOWN"": 0.0, ""MOVED_INTO_DANGER"": -1.0499999999999998, ""MOVED_LEFT"": 0.0, ""MOVED_RIGHT"": 0.0, ""MOVED_TOWARD_COIN"": 1.1400000000000006, ""MOVED_TOWARD_SAFETY"": 0.5100000000000002, ""MOVED_UP"": 0.0, ""SAFE_BOMB_THREATENS_OPPONENT"": 0.2, ""STAYED_IN_DANGER"": -0.5, ""WAITED"": -0.6000000000000002}"
72,3,0,3,400,0.19195333333333334,-2.0410000000000053,3.0,2.6300000000000026,-7.671000000000015,36.6303333333333,-44.30133333333337,401,1,"{""BOMB_DROPPED"": 19, ""BOMB_EXPLODED"": 19, ""BOMB_NEXT_TO_CRATE"": 8, ""COIN_COLLECTED"": 3, ""COIN_FOUND"": 2, ""CRATE_DESTROYED"": 25, ""ESCAPED_DANGER"": 21, ""MOVED_AWAY_FROM_COIN"": 8, ""MOVED_DOWN"": 46, ""MOVED_INTO_DANGER"": 2, ""MOVED_LEFT"": 104, ""MOVED_RIGHT"": 90, ""MOVED_TOWARD_COIN"": 43, ""MOVED_TOWARD_SAFETY"": 29, ""MOVED_UP"": 59, ""OPPONENT_ELIMINATED"": 1, ""SAFE_BOMB_THREATENS_OPPONENT"": 4, ""STAYED_IN_DANGER"": 7, ""SURVIVED_ROUND"": 1, ""USELESS_BOMB"": 7, ""WAITED"": 82}","{""BOMB_DROPPED"": 0.0, ""BOMB_EXPLODED"": 0.0, ""BOMB_NEXT_TO_CRATE"": 0.39999999999999997, ""COIN_COLLECTED"": 3.0, ""COIN_FOUND"": 0.1, ""CRATE_DESTROYED"": 2.500000000000001, ""ESCAPED_DANGER"": 0.6300000000000003, ""MOVED_AWAY_FROM_COIN"": -0.56, ""MOVED_DOWN"": 0.0, ""MOVED_INTO_DANGER"": -0.7, ""MOVED_LEFT"": 0.0, ""MOVED_RIGHT"": 0.0, ""MOVED_TOWARD_COIN"": 2.580000000000002, ""MOVED_TOWARD_SAFETY"": 0.8700000000000006, ""MOVED_UP"": 0.0, ""OPPONENT_ELIMINATED"": 0.0, ""SAFE_BOMB_THREATENS_OPPONENT"": 0.4, ""STAYED_IN_DANGER"": -1.75, ""SURVIVED_ROUND"": 0.5, ""USELESS_BOMB"": -0.7, ""WAITED"": -1.640000000000001}"
73,1,0,1,400,0.19184,-4.017750000000007,1.0,1.0200000000000014,-6.0377500000000115,38.67724999999996,-44.71500000000004,401,1,"{""BOMB_DROPPED"": 21, ""BOMB_EXPLODED"": 21, ""BOMB_NEXT_TO_CRATE"": 8, ""COIN_COLLECTED"": 1, ""COIN_FOUND"": 1, ""CRATE_DESTROYED"": 23, ""ESCAPED_DANGER"": 21, ""MOVED_AWAY_FROM_COIN"": 1, ""MOVED_DOWN"": 79, ""MOVED_LEFT"": 68, ""MOVED_RIGHT"": 70, ""MOVED_TOWARD_COIN"": 18, ""MOVED_TOWARD_SAFETY"": 32, ""MOVED_UP"": 78, ""OPPONENT_ELIMINATED"": 1, ""SAFE_BOMB_THREATENS_OPPONENT"": 3, ""STAYED_IN_DANGER"": 9, ""SURVIVED_ROUND"": 1, ""USELESS_BOMB"": 12, ""WAITED"": 84}","{""BOMB_DROPPED"": 0.0, ""BOMB_EXPLODED"": 0.0, ""BOMB_NEXT_TO_CRATE"": 0.39999999999999997, ""COIN_COLLECTED"": 1.0, ""COIN_FOUND"": 0.05, ""CRATE_DESTROYED"": 2.3000000000000007, ""ESCAPED_DANGER"": 0.6300000000000003, ""MOVED_AWAY_FROM_COIN"": -0.07, ""MOVED_DOWN"": 0.0, ""MOVED_LEFT"": 0.0, ""MOVED_RIGHT"": 0.0, ""MOVED_TOWARD_COIN"": 1.0800000000000005, ""MOVED_TOWARD_SAFETY"": 0.9600000000000006, ""MOVED_UP"": 0.0, ""OPPONENT_ELIMINATED"": 0.0, ""SAFE_BOMB_THREATENS_OPPONENT"": 0.30000000000000004, ""STAYED_IN_DANGER"": -2.25, ""SURVIVED_ROUND"": 0.5, ""USELESS_BOMB"": -1.2, ""WAITED"": -1.680000000000001}"
74,1,1,6,400,0.19172666666666668,-2.1547499999999964,6.0,-0.03999999999999826,-8.114750000000006,59.41274999999993,-67.52750000000003,401,1,"{""BOMB_DROPPED"": 34, ""BOMB_EXPLODED"": 34, ""BOMB_NEXT_TO_CRATE"": 8, ""COIN_COLLECTED"": 1, ""CRATE_DESTROYED"": 20, ""ESCAPED_DANGER"": 39, ""KILLED_OPPONENT"": 1, ""MOVED_AWAY_FROM_COIN"": 6, ""MOVED_DOWN"": 62, ""MOVED_INTO_DANGER"": 6, ""MOVED_LEFT"": 57, ""MOVED_RIGHT"": 57, ""MOVED_TOWARD_COIN"": 26, ""MOVED_TOWARD_SAFETY"": 45, ""MOVED_UP"": 65, ""OPPONENT_ELIMINATED"": 2, ""SAFE_BOMB_THREATENS_OPPONENT"": 19, ""STAYED_IN_DANGER"": 12, ""SURVIVED_ROUND"": 1, ""USELESS_BOMB"": 9, ""WAITED"": 125}","{""BOMB_DROPPED"": 0.0, ""BOMB_EXPLODED"": 0.0, ""BOMB_NEXT_TO_CRATE"": 0.39999999999999997, ""COIN_COLLECTED"": 1.0, ""CRATE_DESTROYED"": 2.0000000000000004, ""ESCAPED_DANGER"": 1.1700000000000008, ""KILLED_OPPONENT"": 5.0, ""MOVED_AWAY_FROM_COIN"": -0.42000000000000004, ""MOVED_DOWN"": 0.0, ""MOVED_INTO_DANGER"": -2.1, ""MOVED_LEFT"": 0.0, ""MOVED_RIGHT"": 0.0, ""MOVED_TOWARD_COIN"": 1.560000000000001, ""MOVED_TOWARD_SAFETY"": 1.350000000000001, ""MOVED_UP"": 0.0, ""OPPONENT_ELIMINATED"": 0.0, ""SAFE_BOMB_THREATENS_OPPONENT"": 1.9000000000000006, ""STAYED_IN_DANGER"": -3.0, ""SURVIVED_ROUND"": 0.5, ""USELESS_BOMB"": -0.8999999999999999, ""WAITED"": -2.5000000000000018}"
75,2,0,2,400,0.19161333333333333,-3.521250000000004,2.0,-0.699999999999998,-4.821250000000006,52.117749999999994,-56.93899999999997,401,1,"{""BOMB_DROPPED"": 29, ""BOMB_EXPLODED"": 29, ""BOMB_NEXT_TO_CRATE"": 14, ""BOMB_WITH_NO_ESCAPE"": 1, ""COIN_COLLECTED"": 2, ""COIN_FOUND"": 2, ""CRATE_DESTROYED"": 32, ""ESCAPED_DANGER"": 32, ""INVALID_ACTION"": 1, ""MOVED_DOWN"": 64, ""MOVED_INTO_DANGER"": 4, ""MOVED_LEFT"": 70, ""MOVED_RIGHT"": 71, ""MOVED_TOWARD_COIN"": 11, ""MOVED_TOWARD_SAFETY"": 46, ""MOVED_UP"": 60, ""OPPONENT_ELIMINATED"": 1, ""SAFE_BOMB_THREATENS_OPPONENT"": 3, ""STAYED_IN_DANGER"": 13, ""SURVIVED_ROUND"": 1, ""USELESS_BOMB"": 11, ""WAITED"": 105}","{""BOMB_DROPPED"": 0.0, ""BOMB_EXPLODED"": 0.0, ""BOMB_NEXT_TO_CRATE"": 0.7000000000000001, ""BOMB_WITH_NO_ESCAPE"": -0.55, ""COIN_COLLECTED"": 2.0, ""COIN_FOUND"": 0.1, ""CRATE_DESTROYED"": 3.2000000000000015, ""ESCAPED_DANGER"": 0.9600000000000006, ""INVALID_ACTION"": -0.1, ""MOVED_DOWN"": 0.0, ""MOVED_INTO_DANGER"": -1.4, ""MOVED_LEFT"": 0.0, ""MOVED_RIGHT"": 0.0, ""MOVED_TOWARD_COIN"": 0.6600000000000001, ""MOVED_TOWARD_SAFETY"": 1.380000000000001, ""MOVED_UP"": 0.0, ""OPPONENT_ELIMINATED"": 0.0, ""SAFE_BOMB_THREATENS_OPPONENT"": 0.30000000000000004, ""STAYED_IN_DANGER"": -3.25, ""SURVIVED_ROUND"": 0.5, ""USELESS_BOMB"": -1.0999999999999999, ""WAITED"": -2.1000000000000014}"
76,2,0,2,400,0.1915,-5.926000000000007,2.0,0.09000000000000163,-8.01600000000001,54.09866666666667,-62.11466666666671,401,1,"{""BOMB_DROPPED"": 27, ""BOMB_EXPLODED"": 27, ""BOMB_NEXT_TO_CRATE"": 9, ""COIN_COLLECTED"": 2, ""COIN_FOUND"": 2, ""CRATE_DESTROYED"": 30, ""ESCAPED_DANGER"": 34, ""MOVED_DOWN"": 62, ""MOVED_INTO_DANGER"": 7, ""MOVED_LEFT"": 74, ""MOVED_RIGHT"": 74, ""MOVED_TOWARD_COIN"": 18, ""MOVED_TOWARD_SAFETY"": 38, ""MOVED_UP"": 58, ""OPPONENT_ELIMINATED"": 2, ""SAFE_BOMB_THREATENS_OPPONENT"": 12, ""STAYED_IN_DANGER"": 13, ""SURVIVED_ROUND"": 1, ""USELESS_BOMB"": 6, ""WAITED"": 105}","{""BOMB_DROPPED"": 0.0, ""BOMB_EXPLODED"": 0.0, ""BOMB_NEXT_TO_CRATE"": 0.44999999999999996, ""COIN_COLLECTED"": 2.0, ""COIN_FOUND"": 0.1, ""CRATE_DESTROYED"": 3.0000000000000013, ""ESCAPED_DANGER"": 1.0200000000000007, ""MOVED_DOWN"": 0.0, ""MOVED_INTO_DANGER"": -2.45, ""MOVED_LEFT"": 0.0, ""MOVED_RIGHT"": 0.0, ""MOVED_TOWARD_COIN"": 1.0800000000000005, ""MOVED_TOWARD_SAFETY"": 1.1400000000000008, ""MOVED_UP"": 0.0, ""OPPONENT_ELIMINATED"": 0.0, ""SAFE_BOMB_THREATENS_OPPONENT"": 1.2, ""STAYED_IN_DANGER"": -3.25, ""SURVIVED_ROUND"": 0.5, ""USELESS_BOMB"": -0.6, ""WAITED"": -2.1000000000000014}"
77,1,1,6,400,0.19138666666666668,-5.129750000000003,6.0,-2.4699999999999984,-8.659750000000013,58.450666666666685,-67.1104166666667,401,1,"{""BOMB_DROPPED"": 29, ""BOMB_EXPLODED"": 28, ""BOMB_NEXT_TO_CRATE"": 5, ""COIN_COLLECTED"": 1, ""COIN_FOUND"": 2, ""CRATE_DESTROYED"": 16, ""ESCAPED_DANGER"": 36, ""KILLED_OPPONENT"": 1, ""MOVED_AWAY_FROM_COIN"": 5, ""MOVED_DOWN"": 60, ""MOVED_INTO_DANGER"": 7, ""MOVED_LEFT"": 69, ""MOVED_RIGHT"": 71, ""MOVED_TOWARD_COIN"": 37, ""MOVED_TOWARD_SAFETY"": 38, ""MOVED_UP"": 63, ""OPPONENT_ELIMINATED"": 2, ""SAFE_BOMB_THREATENS_OPPONENT"": 10, ""STAYED_IN_DANGER"": 16, ""SURVIVED_ROUND"": 1, ""USELESS_BOMB"": 14, ""WAITED"": 108}","{""BOMB_DROPPED"": 0.0, ""BOMB_EXPLODED"": 0.0, ""BOMB_NEXT_TO_CRATE"": 0.25, ""COIN_COLLECTED"": 1.0, ""COIN_FOUND"": 0.1, ""CRATE_DESTROYED"": 1.6000000000000003, ""ESCAPED_DANGER"": 1.0800000000000007, ""KILLED_OPPONENT"": 5.0, ""MOVED_AWAY_FROM_COIN"": -0.35000000000000003, ""MOVED_DOWN"": 0.0, ""MOVED_INTO_DANGER"": -2.45, ""MOVED_LEFT"": 0.0, ""MOVED_RIGHT"": 0.0, ""MOVED_TOWARD_COIN"": 2.2200000000000015, ""MOVED_TOWARD_SAFETY"": 1.1400000000000008, ""MOVED_UP"": 0.0, ""OPPONENT_ELIMINATED"": 0.0, ""SAFE_BOMB_THREATENS_OPPONENT"": 0.9999999999999999, ""STAYED_IN_DANGER"": -4.0, ""SURVIVED_ROUND"": 0.5, ""USELESS_BOMB"": -1.4000000000000001, ""WAITED"": -2.1600000000000015}"
78,3,0,3,400,0.19127333333333335,-6.227000000000002,3.0,-0.8999999999999986,-8.327000000000005,52.62133333333331,-60.94833333333337,401,1,"{""BOMB_DROPPED"": 30, ""BOMB_EXPLODED"": 30, ""BOMB_NEXT_TO_CRATE"": 8, ""COIN_COLLECTED"": 3, ""COIN_FOUND"": 2, ""CRATE_DESTROYED"": 23, ""ESCAPED_DANGER"": 32, ""MOVED_AWAY_FROM_COIN"": 4, ""MOVED_DOWN"": 86, ""MOVED_INTO_DANGER"": 3, ""MOVED_LEFT"": 50, ""MOVED_RIGHT"": 51, ""MOVED_TOWARD_COIN"": 27, ""MOVED_TOWARD_SAFETY"": 41, ""MOVED_UP"": 74, ""OPPONENT_ELIMINATED"": 2, ""SAFE_BOMB_THREATENS_OPPONENT"": 9, ""STAYED_IN_DANGER"": 16, ""SURVIVED_ROUND"": 1, ""USELESS_BOMB"": 14, ""WAITED"": 109}","{""BOMB_DROPPED"": 0.0, ""BOMB_EXPLODED"": 0.0, ""BOMB_NEXT_TO_CRATE"": 0.39999999999999997, ""COIN_COLLECTED"": 3.0, ""COIN_FOUND"": 0.1, ""CRATE_DESTROYED"": 2.3000000000000007, ""ESCAPED_DANGER"": 0.9600000000000006, ""MOVED_AWAY_FROM_COIN"": -0.28, ""MOVED_DOWN"": 0.0, ""MOVED_INTO_DANGER"": -1.0499999999999998, ""MOVED_LEFT"": 0.0, ""MOVED_RIGHT"": 0.0, ""MOVED_TOWARD_COIN"": 1.620000000000001, ""MOVED_TOWARD_SAFETY"": 1.2300000000000009, ""MOVED_UP"": 0.0, ""OPPONENT_ELIMINATED"": 0.0, ""SAFE_BOMB_THREATENS_OPPONENT"": 0.8999999999999999, ""STAYED_IN_DANGER"": -4.0, ""SURVIVED_ROUND"": 0.5, ""USELESS_BOMB"": -1.4000000000000001, ""WAITED"": -2.1800000000000015}"
79,4,0,4,400,0.19116,-3.5199999999999982,4.0,0.5700000000000021,-8.090000000000009,56.176666666666655,-64.26666666666672,401,1,"{""BOMB_DROPPED"": 31, ""BOMB_EXPLODED"": 31, ""BOMB_NEXT_TO_CRATE"": 10, ""COIN_COLLECTED"": 4, ""COIN_FOUND"": 3, ""CRATE_DESTROYED"": 23, ""ESCAPED_DANGER"": 35, ""MOVED_AWAY_FROM_COIN"": 4, ""MOVED_DOWN"": 59, ""MOVED_INTO_DANGER"": 7, ""MOVED_LEFT"": 64, ""MOVED_RIGHT"": 74, ""MOVED_TOWARD_COIN"": 28, ""MOVED_TOWARD_SAFETY"": 46, ""MOVED_UP"": 59, ""OPPONENT_ELIMINATED"": 2, ""SAFE_BOMB_THREATENS_OPPONENT"": 15, ""SAFE_BOMB_TRAPS_OPPONENT"": 1, ""STAYED_IN_DANGER"": 12, ""SURVIVED_ROUND"": 1, ""USELESS_BOMB"": 7, ""WAITED"": 113}","{""BOMB_DROPPED"": 0.0, ""BOMB_EXPLODED"": 0.0, ""BOMB_NEXT_TO_CRATE"": 0.49999999999999994, ""COIN_COLLECTED"": 4.0, ""COIN_FOUND"": 0.15000000000000002, ""CRATE_DESTROYED"": 2.3000000000000007, ""ESCAPED_DANGER"": 1.0500000000000007, ""MOVED_AWAY_FROM_COIN"": -0.28, ""MOVED_DOWN"": 0.0, ""MOVED_INTO_DANGER"": -2.45, ""MOVED_LEFT"": 0.0, ""MOVED_RIGHT"": 0.0, ""MOVED_TOWARD_COIN"": 1.680000000000001, ""MOVED_TOWARD_SAFETY"": 1.380000000000001, ""MOVED_UP"": 0.0, ""OPPONENT_ELIMINATED"": 0.0, ""SAFE_BOMB_THREATENS_OPPONENT"": 1.5000000000000002, ""SAFE_BOMB_TRAPS_OPPONENT"": 0.2, ""STAYED_IN_DANGER"": -3.0, ""SURVIVED_ROUND"": 0.5, ""USELESS_BOMB"": -0.7, ""WAITED"": -2.2600000000000016}"
80,2,0,2,400,0.19104666666666667,-7.43000000000001,2.0,-0.09999999999999898,-9.330000000000007,49.36533333333332,-58.69533333333337,401,1,"{""BOMB_DROPPED"": 28, ""BOMB_EXPLODED"": 28, ""BOMB_NEXT_TO_CRATE"": 4, ""COIN_COLLECTED"": 2, ""CRATE_DESTROYED"": 7, ""ESCAPED_DANGER"": 30, ""INVALID_ACTION"": 1, ""MOVED_AWAY_FROM_COIN"": 1, ""MOVED_DOWN"": 65, ""MOVED_INTO_DANGER"": 2, ""MOVED_LEFT"": 62, ""MOVED_RIGHT"": 57, ""MOVED_TOWARD_COIN"": 22, ""MOVED_TOWARD_SAFETY"": 42, ""MOVED_UP"": 79, ""OPPONENT_ELIMINATED"": 2, ""SAFE_BOMB_THREATENS_OPPONENT"": 14, ""STAYED_IN_DANGER"": 9, ""SURVIVED_ROUND"": 1, ""USELESS_BOMB"": 11, ""WAITED"": 108}","{""BOMB_DROPPED"": 0.0, ""BOMB_EXPLODED"": 0.0, ""BOMB_NEXT_TO_CRATE"": 0.2, ""COIN_COLLECTED"": 2.0, ""CRATE_DESTROYED"": 0.7, ""ESCAPED_DANGER"": 0.9000000000000006, ""INVALID_ACTION"": -0.1, ""MOVED_AWAY_FROM_COIN"": -0.07, ""MOVED_DOWN"": 0.0, ""MOVED_INTO_DANGER"": -0.7, ""MOVED_LEFT"": 0.0, ""MOVED_RIGHT"": 0.0, ""MOVED_TOWARD_COIN"": 1.3200000000000007, ""MOVED_TOWARD_SAFETY"": 1.260000000000001, ""MOVED_UP"": 0.0, ""OPPONENT_ELIMINATED"": 0.0, ""SAFE_BOMB_THREATENS_OPPONENT"": 1.4000000000000001, ""STAYED_IN_DANGER"": -2.25, ""SURVIVED_ROUND"": 0.5, ""USELESS_BOMB"": -1.0999999999999999, ""WAITED"": -2.1600000000000015}"
81,0,1,5,400,0.19093333333333334,-1.6302500000000006,5.0,0.10000000000000053,-6.730250000000007,46.29241666666665,-53.022666666666666,401,1,"{""BOMB_DROPPED"": 25, ""BOMB_EXPLODED"": 25, ""BOMB_NEXT_TO_CRATE"": 8, ""COIN_FOUND"": 2, ""CRATE_DESTROYED"": 17, ""ESCAPED_DANGER"": 30, ""INVALID_ACTION"": 1, ""KILLED_OPPONENT"": 1, ""MOVED_AWAY_FROM_COIN"": 2, ""MOVED_DOWN"": 64, ""MOVED_INTO_DANGER"": 5, ""MOVED_LEFT"": 74, ""MOVED_RIGHT"": 72, ""MOVED_TOWARD_COIN"": 16, ""MOVED_TOWARD_SAFETY"": 37, ""MOVED_UP"": 70, ""OPPONENT_ELIMINATED"": 3, ""SAFE_BOMB_THREATENS_OPPONENT"": 10, ""SAFE_BOMB_TRAPS_OPPONENT"": 1, ""STAYED_IN_DANGER"": 8, ""SURVIVED_ROUND"": 1, ""USELESS_BOMB"": 9, ""WAITED"": 94}","{""BOMB_DROPPED"": 0.0, ""BOMB_EXPLODED"": 0.0, ""BOMB_NEXT_TO_CRATE"": 0.39999999999999997, ""COIN_FOUND"": 0.1, ""CRATE_DESTROYED"": 1.7000000000000004, ""ESCAPED_DANGER"": 0.9000000000000006, ""INVALID_ACTION"": -0.1, ""KILLED_OPPONENT"": 5.0, ""MOVED_AWAY_FROM_COIN"": -0.14, ""MOVED_DOWN"": 0.0, ""MOVED_INTO_DANGER"": -1.75, ""MOVED_LEFT"": 0.0, ""MOVED_RIGHT"": 0.0, ""MOVED_TOWARD_COIN"": 0.9600000000000004, ""MOVED_TOWARD_SAFETY"": 1.1100000000000008, ""MOVED_UP"": 0.0, ""OPPONENT_ELIMINATED"": 0.0, ""SAFE_BOMB_THREATENS_OPPONENT"": 0.9999999999999999, ""SAFE_BOMB_TRAPS_OPPONENT"": 0.2, ""STAYED_IN_DANGER"": -2.0, ""SURVIVED_ROUND"": 0.5, ""USELESS_BOMB"": -0.8999999999999999, ""WAITED"": -1.8800000000000012}"
82,2,0,2,400,0.19082,-9.789750000000012,2.0,-4.489999999999998,-7.29975000000001,57.15116666666664,-64.45091666666664,401,1,"{""BOMB_DROPPED"": 26, ""BOMB_EXPLODED"": 26, ""BOMB_NEXT_TO_CRATE"": 8, ""COIN_COLLECTED"": 2, ""COIN_FOUND"": 1, ""CRATE_DESTROYED"": 24, ""ESCAPED_DANGER"": 35, ""INVALID_ACTION"": 1, ""MOVED_AWAY_FROM_COIN"": 2, ""MOVED_DOWN"": 69, ""MOVED_INTO_DANGER"": 10, ""MOVED_LEFT"": 73, ""MOVED_RIGHT"": 73, ""MOVED_TOWARD_COIN"": 23, ""MOVED_TOWARD_SAFETY"": 38, ""MOVED_UP"": 57, ""OPPONENT_ELIMINATED"": 1, ""SAFE_BOMB_THREATENS_OPPONENT"": 8, ""STAYED_IN_DANGER"": 21, ""SURVIVED_ROUND"": 1, ""USELESS_BOMB"": 12, ""WAITED"": 101}","{""BOMB_DROPPED"": 0.0, ""BOMB_EXPLODED"": 0.0, ""BOMB_NEXT_TO_CRATE"": 0.39999999999999997, ""COIN_COLLECTED"": 2.0, ""COIN_FOUND"": 0.05, ""CRATE_DESTROYED"": 2.400000000000001, ""ESCAPED_DANGER"": 1.0500000000000007, ""INVALID_ACTION"": -0.1, ""MOVED_AWAY_FROM_COIN"": -0.14, ""MOVED_DOWN"": 0.0, ""MOVED_INTO_DANGER"": -3.5000000000000004, ""MOVED_LEFT"": 0.0, ""MOVED_RIGHT"": 0.0, ""MOVED_TOWARD_COIN"": 1.3800000000000008, ""MOVED_TOWARD_SAFETY"": 1.1400000000000008, ""MOVED_UP"": 0.0, ""OPPONENT_ELIMINATED"": 0.0, ""SAFE_BOMB_THREATENS_OPPONENT"": 0.7999999999999999, ""STAYED_IN_DANGER"": -5.25, ""SURVIVED_ROUND"": 0.5, ""USELESS_BOMB"": -1.2, ""WAITED"": -2.0200000000000014}"
83,0,0,0,400,0.1907066666666667,-7.876249999999998,0,0.15000000000000072,-8.026250000000003,50.920583333333305,-58.9468333333334,401,1,"{""BOMB_DROPPED"": 25, ""BOMB_EXPLODED"": 25, ""BOMB_NEXT_TO_CRATE"": 9, ""CRATE_DESTROYED"": 18, ""ESCAPED_DANGER"": 33, ""INVALID_ACTION"": 1, ""MOVED_AWAY_FROM_COIN"": 4, ""MOVED_DOWN"": 45, ""MOVED_INTO_DANGER"": 9, ""MOVED_LEFT"": 94, ""MOVED_RIGHT"": 84, ""MOVED_TOWARD_COIN"": 12, ""MOVED_TOWARD_SAFETY"": 46, ""MOVED_UP"": 53, ""OPPONENT_ELIMINATED"": 3, ""SAFE_BOMB_THREATENS_OPPONENT"": 14, ""SAFE_BOMB_TRAPS_OPPONENT"": 1, ""STAYED_IN_DANGER"": 6, ""SURVIVED_ROUND"": 1, ""USELESS_BOMB"": 3, ""WAITED"": 98}","{""BOMB_DROPPED"": 0.0, ""BOMB_EXPLODED"": 0.0, ""BOMB_NEXT_TO_CRATE"": 0.44999999999999996, ""CRATE_DESTROYED"": 1.8000000000000005, ""ESCAPED_DANGER"": 0.9900000000000007, ""INVALID_ACTION"": -0.1, ""MOVED_AWAY_FROM_COIN"": -0.28, ""MOVED_DOWN"": 0.0, ""MOVED_INTO_DANGER"": -3.1500000000000004, ""MOVED_LEFT"": 0.0, ""MOVED_RIGHT"": 0.0, ""MOVED_TOWARD_COIN"": 0.7200000000000002, ""MOVED_TOWARD_SAFETY"": 1.380000000000001, ""MOVED_UP"": 0.0, ""OPPONENT_ELIMINATED"": 0.0, ""SAFE_BOMB_THREATENS_OPPONENT"": 1.4000000000000001, ""SAFE_BOMB_TRAPS_OPPONENT"": 0.2, ""STAYED_IN_DANGER"": -1.5, ""SURVIVED_ROUND"": 0.5, ""USELESS_BOMB"": -0.30000000000000004, ""WAITED"": -1.9600000000000013}"
84,2,0,2,131,0.19059333333333334,-5.427,2.0,-4.299999999999999,-3.1270000000000007,21.791666666666647,-24.91866666666666,131,1,"{""BOMB_DROPPED"": 14, ""BOMB_EXPLODED"": 13, ""BOMB_NEXT_TO_CRATE"": 11, ""BOMB_WITH_NO_ESCAPE"": 1, ""COIN_COLLECTED"": 2, ""COIN_FOUND"": 3, ""CRATE_DESTROYED"": 22, ""ESCAPED_DANGER"": 13, ""GOT_KILLED"": 1, ""INVALID_ACTION"": 3, ""MOVED_AWAY_FROM_COIN"": 4, ""MOVED_DOWN"": 12, ""MOVED_INTO_DANGER"": 2, ""MOVED_LEFT"": 13, ""MOVED_RIGHT"": 22, ""MOVED_TOWARD_COIN"": 20, ""MOVED_TOWARD_SAFETY"": 16, ""MOVED_UP"": 20, ""SAFE_BOMB_THREATENS_OPPONENT"": 5, ""STAYED_IN_DANGER"": 8, ""WAITED"": 47}","{""BOMB_DROPPED"": 0.0, ""BOMB_EXPLODED"": 0.0, ""BOMB_NEXT_TO_CRATE"": 0.5499999999999999, ""BOMB_WITH_NO_ESCAPE"": -0.55, ""COIN_COLLECTED"": 2.0, ""COIN_FOUND"": 0.15000000000000002, ""CRATE_DESTROYED"": 2.2000000000000006, ""ESCAPED_DANGER"": 0.3900000000000001, ""GOT_KILLED"": -5.0, ""INVALID_ACTION"": -0.30000000000000004, ""MOVED_AWAY_FROM_COIN"": -0.28, ""MOVED_DOWN"": 0.0, ""MOVED_INTO_DANGER"": -0.7, ""MOVED_LEFT"": 0.0, ""MOVED_RIGHT"": 0.0, ""MOVED_TOWARD_COIN"": 1.2000000000000006, ""MOVED_TOWARD_SAFETY"": 0.4800000000000002, ""MOVED_UP"": 0.0, ""SAFE_BOMB_THREATENS_OPPONENT"": 0.5, ""STAYED_IN_DANGER"": -2.0, ""WAITED"": -0.9400000000000005}"
85,3,0,3,400,0.19048,-3.0245000000000015,3.0,1.7700000000000022,-7.79450000000001,57.47400000000001,-65.26850000000002,401,1,"{""BOMB_DROPPED"": 30, ""BOMB_EXPLODED"": 30, ""BOMB_NEXT_TO_CRATE"": 11, ""COIN_COLLECTED"": 3, ""COIN_FOUND"": 3, ""CRATE_DESTROYED"": 24, ""ESCAPED_DANGER"": 36, ""MOVED_AWAY_FROM_COIN"": 6, ""MOVED_DOWN"": 76, ""MOVED_INTO_DANGER"": 6, ""MOVED_LEFT"": 52, ""MOVED_RIGHT"": 54, ""MOVED_TOWARD_COIN"": 31, ""MOVED_TOWARD_SAFETY"": 46, ""MOVED_UP"": 64, ""OPPONENT_ELIMINATED"": 2, ""SAFE_BOMB_THREATENS_OPPONENT"": 13, ""STAYED_IN_DANGER"": 7, ""SURVIVED_ROUND"": 1, ""USELESS_BOMB"": 7, ""WAITED"": 124}","{""BOMB_DROPPED"": 0.0, ""BOMB_EXPLODED"": 0.0, ""BOMB_NEXT_TO_CRATE"": 0.5499999999999999, ""COIN_COLLECTED"": 3.0, ""COIN_FOUND"": 0.15000000000000002, ""CRATE_DESTROYED"": 2.400000000000001, ""ESCAPED_DANGER"": 1.0800000000000007, ""MOVED_AWAY_FROM_COIN"": -0.42000000000000004, ""MOVED_DOWN"": 0.0, ""MOVED_INTO_DANGER"": -2.1, ""MOVED_LEFT"": 0.0, ""MOVED_RIGHT"": 0.0, ""MOVED_TOWARD_COIN"": 1.8600000000000012, ""MOVED_TOWARD_SAFETY"": 1.380000000000001, ""MOVED_UP"": 0.0, ""OPPONENT_ELIMINATED"": 0.0, ""SAFE_BOMB_THREATENS_OPPONENT"": 1.3, ""STAYED_IN_DANGER"": -1.75, ""SURVIVED_ROUND"": 0.5, ""USELESS_BOMB"": -0.7, ""WAITED"": -2.4800000000000018}"
86,2,0,2,400,0.19036666666666668,-7.549500000000002,2.0,-0.5499999999999996,-8.999500000000022,46.35683333333333,-55.356333333333325,401,1,"{""BOMB_DROPPED"": 23, ""BOMB_EXPLODED"": 23, ""BOMB_NEXT_TO_CRATE"": 10, ""COIN_COLLECTED"": 2, ""COIN_FOUND"": 2, ""CRATE_DESTROYED"": 19, ""ESCAPED_DANGER"": 28, ""MOVED_AWAY_FROM_COIN"": 7, ""MOVED_DOWN"": 56, ""MOVED_INTO_DANGER"": 6, ""MOVED_LEFT"": 66, ""MOVED_RIGHT"": 52, ""MOVED_TOWARD_COIN"": 24, ""MOVED_TOWARD_SAFETY"": 39, ""MOVED_UP"": 60, ""OPPONENT_ELIMINATED"": 2, ""SAFE_BOMB_THREATENS_OPPONENT"": 12, ""STAYED_IN_DANGER"": 9, ""SURVIVED_ROUND"": 1, ""USELESS_BOMB"": 5, ""WAITED"": 143}","{""BOMB_DROPPED"": 0.0, ""BOMB_EXPLODED"": 0.0, ""BOMB_NEXT_TO_CRATE"": 0.49999999999999994, ""COIN_COLLECTED"": 2.0, ""COIN_FOUND"": 0.1, ""CRATE_DESTROYED"": 1.9000000000000006, ""ESCAPED_DANGER"": 0.8400000000000005, ""MOVED_AWAY_FROM_COIN"": -0.49000000000000005, ""MOVED_DOWN"": 0.0, ""MOVED_INTO_DANGER"": -2.1, ""MOVED_LEFT"": 0.0, ""MOVED_RIGHT"": 0.0, ""MOVED_TOWARD_COIN"": 1.4400000000000008, ""MOVED_TOWARD_SAFETY"": 1.1700000000000008, ""MOVED_UP"": 0.0, ""OPPONENT_ELIMINATED"": 0.0, ""SAFE_BOMB_THREATENS_OPPONENT"": 1.2, ""STAYED_IN_DANGER"": -2.25, ""SURVIVED_ROUND"": 0.5, ""USELESS_BOMB"": -0.5, ""WAITED"": -2.860000000000002}"
87,3,0,3,90,0.19025333333333333,-1.4152499999999977,3.0,-3.459999999999999,-0.9552500000000002,13.595833333333333,-14.551083333333334,90,1,"{""BOMB_DROPPED"": 8, ""BOMB_EXPLODED"": 7, ""BOMB_NEXT_TO_CRATE"": 8, ""BOMB_WITH_NO_ESCAPE"": 1, ""COIN_COLLECTED"": 3, ""COIN_FOUND"": 3, ""CRATE_DESTROYED"": 25, ""ESCAPED_DANGER"": 7, ""GOT_KILLED"": 1, ""MOVED_AWAY_FROM_COIN"": 1, ""MOVED_DOWN"": 6, ""MOVED_INTO_DANGER"": 1, ""MOVED_LEFT"": 20, ""MOVED_RIGHT"": 21, ""MOVED_TOWARD_COIN"": 7, ""MOVED_TOWARD_SAFETY"": 11, ""MOVED_UP"": 10, ""OPPONENT_ELIMINATED"": 2, ""STAYED_IN_DANGER"": 4, ""WAITED"": 25}","{""BOMB_DROPPED"": 0.0, ""BOMB_EXPLODED"": 0.0, ""BOMB_NEXT_TO_CRATE"": 0.39999999999999997, ""BOMB_WITH_NO_ESCAPE"": -0.55, ""COIN_COLLECTED"": 3.0, ""COIN_FOUND"": 0.15000000000000002, ""CRATE_DESTROYED"": 2.500000000000001, ""ESCAPED_DANGER"": 0.21, ""GOT_KILLED"": -5.0, ""MOVED_AWAY_FROM_COIN"": -0.07, ""MOVED_DOWN"": 0.0, ""MOVED_INTO_DANGER"": -0.35, ""MOVED_LEFT"": 0.0, ""MOVED_RIGHT"": 0.0, ""MOVED_TOWARD_COIN"": 0.42, ""MOVED_TOWARD_SAFETY"": 0.33000000000000007, ""MOVED_UP"": 0.0, ""OPPONENT_ELIMINATED"": 0.0, ""STAYED_IN_DANGER"": -1.0, ""WAITED"": -0.5000000000000001}"
88,1,0,1,400,0.19014,-12.10999999999998,1.0,-5.04,-8.070000000000011,54.31883333333342,-62.388833333333295,401,1,"{""BOMB_DROPPED"": 21, ""BOMB_EXPLODED"": 21, ""BOMB_NEXT_TO_CRATE"": 7, ""COIN_COLLECTED"": 1, ""COIN_FOUND"": 1, ""CRATE_DESTROYED"": 15, ""ESCAPED_DANGER"": 36, ""INVALID_ACTION"": 3, ""MOVED_AWAY_FROM_COIN"": 2, ""MOVED_DOWN"": 47, ""MOVED_INTO_DANGER"": 15, ""MOVED_LEFT"": 54, ""MOVED_RIGHT"": 44, ""MOVED_TOWARD_COIN"": 7, ""MOVED_TOWARD_SAFETY"": 30, ""MOVED_UP"": 61, ""SAFE_BOMB_THREATENS_OPPONENT"": 12, ""STAYED_IN_DANGER"": 7, ""SURVIVED_ROUND"": 1, ""USELESS_BOMB"": 2, ""WAITED"": 170}","{""BOMB_DROPPED"": 0.0, ""BOMB_EXPLODED"": 0.0, ""BOMB_NEXT_TO_CRATE"": 0.35, ""COIN_COLLECTED"": 1.0, ""COIN_FOUND"": 0.05, ""CRATE_DESTROYED"": 1.5000000000000002, ""ESCAPED_DANGER"": 1.0800000000000007, ""INVALID_ACTION"": -0.30000000000000004, ""MOVED_AWAY_FROM_COIN"": -0.14, ""MOVED_DOWN"": 0.0, ""MOVED_INTO_DANGER"": -5.249999999999999, ""MOVED_LEFT"": 0.0, ""MOVED_RIGHT"": 0.0, ""MOVED_TOWARD_COIN"": 0.42, ""MOVED_TOWARD_SAFETY"": 0.9000000000000006, ""MOVED_UP"": 0.0, ""SAFE_BOMB_THREATENS_OPPONENT"": 1.2, ""STAYED_IN_DANGER"": -1.75, ""SURVIVED_ROUND"": 0.5, ""USELESS_BOMB"": -0.2, ""WAITED"": -3.4000000000000026}"
89,2,1,7,400,0.19002666666666668,0.37149999999999106,7.0,1.6900000000000013,-8.318500000000002,40.53808333333336,-48.85658333333336,401,1,"{""BOMB_DROPPED"": 22, ""BOMB_EXPLODED"": 22, ""BOMB_NEXT_TO_CRATE"": 12, ""COIN_COLLECTED"": 2, ""COIN_FOUND"": 3, ""CRATE_DESTROYED"": 24, ""ESCAPED_DANGER"": 24, ""KILLED_OPPONENT"": 1, ""MOVED_AWAY_FROM_COIN"": 4, ""MOVED_DOWN"": 57, ""MOVED_INTO_DANGER"": 2, ""MOVED_LEFT"": 81, ""MOVED_RIGHT"": 71, ""MOVED_TOWARD_COIN"": 20, ""MOVED_TOWARD_SAFETY"": 37, ""MOVED_UP"": 71, ""OPPONENT_ELIMINATED"": 2, ""SAFE_BOMB_THREATENS_OPPONENT"": 4, ""STAYED_IN_DANGER"": 7, ""SURVIVED_ROUND"": 1, ""USELESS_BOMB"": 7, ""WAITED"": 98}","{""BOMB_DROPPED"": 0.0, ""BOMB_EXPLODED"": 0.0, ""BOMB_NEXT_TO_CRATE"": 0.6, ""COIN_COLLECTED"": 2.0, ""COIN_FOUND"": 0.15000000000000002, ""CRATE_DESTROYED"": 2.400000000000001, ""ESCAPED_DANGER"": 0.7200000000000004, ""KILLED_OPPONENT"": 5.0, ""MOVED_AWAY_FROM_COIN"": -0.28, ""MOVED_DOWN"": 0.0, ""MOVED_INTO_DANGER"": -0.7, ""MOVED_LEFT"": 0.0, ""MOVED_RIGHT"": 0.0, ""MOVED_TOWARD_COIN"": 1.2000000000000006, ""MOVED_TOWARD_SAFETY"": 1.1100000000000008, ""MOVED_UP"": 0.0, ""OPPONENT_ELIMINATED"": 0.0, ""SAFE_BOMB_THREATENS_OPPONENT"": 0.4, ""STAYED_IN_DANGER"": -1.75, ""SURVIVED_ROUND"": 0.5, ""USELESS_BOMB"": -0.7, ""WAITED"": -1.9600000000000013}"
90,2,0,2,400,0.18991333333333335,-9.515000000000006,2.0,-2.0200000000000005,-9.49500000000001,48.863,-58.358000000000004,401,1,"{""BOMB_DROPPED"": 23, ""BOMB_EXPLODED"": 23, ""BOMB_NEXT_TO_CRATE"": 6, ""COIN_COLLECTED"": 2, ""COIN_FOUND"": 1, ""CRATE_DESTROYED"": 14, ""ESCAPED_DANGER"": 32, ""MOVED_AWAY_FROM_COIN"": 5, ""MOVED_DOWN"": 39, ""MOVED_INTO_DANGER"": 9, ""MOVED_LEFT"": 76, ""MOVED_RIGHT"": 65, ""MOVED_TOWARD_COIN"": 26, ""MOVED_TOWARD_SAFETY"": 32, ""MOVED_UP"": 37, ""OPPONENT_ELIMINATED"": 2, ""SAFE_BOMB_THREATENS_OPPONENT"": 12, ""STAYED_IN_DANGER"": 7, ""SURVIVED_ROUND"": 1, ""USELESS_BOMB"": 5, ""WAITED"": 160}","{""BOMB_DROPPED"": 0.0, ""BOMB_EXPLODED"": 0.0, ""BOMB_NEXT_TO_CRATE"": 0.3, ""COIN_COLLECTED"": 2.0, ""COIN_FOUND"": 0.05, ""CRATE_DESTROYED"": 1.4000000000000001, ""ESCAPED_DANGER"": 0.9600000000000006, ""MOVED_AWAY_FROM_COIN"": -0.35000000000000003, ""MOVED_DOWN"": 0.0, ""MOVED_INTO_DANGER"": -3.1500000000000004, ""MOVED_LEFT"": 0.0, ""MOVED_RIGHT"": 0.0, ""MOVED_TOWARD_COIN"": 1.560000000000001, ""MOVED_TOWARD_SAFETY"": 0.9600000000000006, ""MOVED_UP"": 0.0, ""OPPONENT_ELIMINATED"": 0.0, ""SAFE_BOMB_THREATENS_OPPONENT"": 1.2, ""STAYED_IN_DANGER"": -1.75, ""SURVIVED_ROUND"": 0.5, ""USELESS_BOMB"": -0.5, ""WAITED"": -3.2000000000000024}"
91,0,0,0,400,0.1898,-5.574500000000015,0,0.9200000000000024,-6.4945000000000155,46.03174999999997,-52.526250000000076,401,1,"{""BOMB_DROPPED"": 23, ""BOMB_EXPLODED"": 23, ""BOMB_NEXT_TO_CRATE"": 9, ""CRATE_DESTROYED"": 18, ""ESCAPED_DANGER"": 27, ""MOVED_AWAY_FROM_COIN"": 4, ""MOVED_DOWN"": 66, ""MOVED_INTO_DANGER"": 4, ""MOVED_LEFT"": 86, ""MOVED_RIGHT"": 72, ""MOVED_TOWARD_COIN"": 37, ""MOVED_TOWARD_SAFETY"": 34, ""MOVED_UP"": 78, ""OPPONENT_ELIMINATED"": 1, ""SAFE_BOMB_THREATENS_OPPONENT"": 6, ""STAYED_IN_DANGER"": 10, ""SURVIVED_ROUND"": 1, ""USELESS_BOMB"": 8, ""WAITED"": 75}","{""BOMB_DROPPED"": 0.0, ""BOMB_EXPLODED"": 0.0, ""BOMB_NEXT_TO_CRATE"": 0.44999999999999996, ""CRATE_DESTROYED"": 1.8000000000000005, ""ESCAPED_DANGER"": 0.8100000000000005, ""MOVED_AWAY_FROM_COIN"": -0.28, ""MOVED_DOWN"": 0.0, ""MOVED_INTO_DANGER"": -1.4, ""MOVED_LEFT"": 0.0, ""MOVED_RIGHT"": 0.0, ""MOVED_TOWARD_COIN"": 2.2200000000000015, ""MOVED_TOWARD_SAFETY"": 1.0200000000000007, ""MOVED_UP"": 0.0, ""OPPONENT_ELIMINATED"": 0.0, ""SAFE_BOMB_THREATENS_OPPONENT"": 0.6, ""STAYED_IN_DANGER"": -2.5, ""SURVIVED_ROUND"": 0.5, ""USELESS_BOMB"": -0.7999999999999999, ""WAITED"": -1.5000000000000009}"
92,0,0,0,400,0.18968666666666667,-12.28474999999999,0,-4.280000000000002,-8.004750000000008,45.52858333333332,-53.53333333333334,401,1,"{""BOMB_DROPPED"": 23, ""BOMB_EXPLODED"": 23, ""BOMB_NEXT_TO_CRATE"": 5, ""CRATE_DESTROYED"": 10, ""ESCAPED_DANGER"": 28, ""INVALID_ACTION"": 1, ""MOVED_AWAY_FROM_COIN"": 1, ""MOVED_DOWN"": 48, ""MOVED_INTO_DANGER"": 6, ""MOVED_LEFT"": 54, ""MOVED_RIGHT"": 49, ""MOVED_TOWARD_COIN"": 5, ""MOVED_TOWARD_SAFETY"": 32, ""MOVED_UP"": 42, ""OPPONENT_ELIMINATED"": 2, ""SAFE_BOMB_THREATENS_OPPONENT"": 13, ""STAYED_IN_DANGER"": 12, ""SURVIVED_ROUND"": 1, ""USELESS_BOMB"": 5, ""WAITED"": 183}","{""BOMB_DROPPED"": 0.0, ""BOMB_EXPLODED"": 0.0, ""BOMB_NEXT_TO_CRATE"": 0.25, ""CRATE_DESTROYED"": 0.9999999999999999, ""ESCAPED_DANGER"": 0.8400000000000005, ""INVALID_ACTION"": -0.1, ""MOVED_AWAY_FROM_COIN"": -0.07, ""MOVED_DOWN"": 0.0, ""MOVED_INTO_DANGER"": -2.1, ""MOVED_LEFT"": 0.0, ""MOVED_RIGHT"": 0.0, ""MOVED_TOWARD_COIN"": 0.3, ""MOVED_TOWARD_SAFETY"": 0.9600000000000006, ""MOVED_UP"": 0.0, ""OPPONENT_ELIMINATED"": 0.0, ""SAFE_BOMB_THREATENS_OPPONENT"": 1.3, ""STAYED_IN_DANGER"": -3.0, ""SURVIVED_ROUND"": 0.5, ""USELESS_BOMB"": -0.5, ""WAITED"": -3.660000000000003}"
93,3,0,3,400,0.18957333333333334,-7.1287500000000055,3.0,-1.4399999999999973,-8.688749999999994,63.363416666666666,-72.05216666666672,401,1,"{""BOMB_DROPPED"": 31, ""BOMB_EXPLODED"": 30, ""BOMB_NEXT_TO_CRATE"": 13, ""COIN_COLLECTED"": 3, ""COIN_FOUND"": 4, ""CRATE_DESTROYED"": 33, ""ESCAPED_DANGER"": 42, ""INVALID_ACTION"": 2, ""MOVED_DOWN"": 58, ""MOVED_INTO_DANGER"": 13, ""MOVED_LEFT"": 63, ""MOVED_RIGHT"": 64, ""MOVED_TOWARD_COIN"": 22, ""MOVED_TOWARD_SAFETY"": 42, ""MOVED_UP"": 58, ""OPPONENT_ELIMINATED"": 2, ""SAFE_BOMB_THREATENS_OPPONENT"": 14, ""STAYED_IN_DANGER"": 14, ""SURVIVED_ROUND"": 1, ""USELESS_BOMB"": 6, ""WAITED"": 124}","{""BOMB_DROPPED"": 0.0, ""BOMB_EXPLODED"": 0.0, ""BOMB_NEXT_TO_CRATE"": 0.65, ""COIN_COLLECTED"": 3.0, ""COIN_FOUND"": 0.2, ""CRATE_DESTROYED"": 3.3000000000000016, ""ESCAPED_DANGER"": 1.260000000000001, ""INVALID_ACTION"": -0.2, ""MOVED_DOWN"": 0.0, ""MOVED_INTO_DANGER"": -4.55, ""MOVED_LEFT"": 0.0, ""MOVED_RIGHT"": 0.0, ""MOVED_TOWARD_COIN"": 1.3200000000000007, ""MOVED_TOWARD_SAFETY"": 1.260000000000001, ""MOVED_UP"": 0.0, ""OPPONENT_ELIMINATED"": 0.0, ""SAFE_BOMB_THREATENS_OPPONENT"": 1.4000000000000001, ""STAYED_IN_DANGER"": -3.5, ""SURVIVED_ROUND"": 0.5, ""USELESS_BOMB"": -0.6, ""WAITED"": -2.4800000000000018}"
94,2,0,2,400,0.18946,-2.924500000000009,2.0,2.1800000000000024,-7.104500000000005,37.45866666666655,-44.563166666666724,401,1,"{""BOMB_DROPPED"": 22, ""BOMB_EXPLODED"": 21, ""BOMB_NEXT_TO_CRATE"": 8, ""COIN_COLLECTED"": 2, ""COIN_FOUND"": 1, ""CRATE_DESTROYED"": 17, ""ESCAPED_DANGER"": 22, ""INVALID_ACTION"": 1, ""MOVED_AWAY_FROM_COIN"": 7, ""MOVED_DOWN"": 67, ""MOVED_INTO_DANGER"": 1, ""MOVED_LEFT"": 70, ""MOVED_RIGHT"": 71, ""MOVED_TOWARD_COIN"": 50, ""MOVED_TOWARD_SAFETY"": 33, ""MOVED_UP"": 75, ""OPPONENT_ELIMINATED"": 3, ""SAFE_BOMB_THREATENS_OPPONENT"": 8, ""SAFE_BOMB_TRAPS_OPPONENT"": 1, ""STAYED_IN_DANGER"": 10, ""SURVIVED_ROUND"": 1, ""USELESS_BOMB"": 8, ""WAITED"": 94}","{""BOMB_DROPPED"": 0.0, ""BOMB_EXPLODED"": 0.0, ""BOMB_NEXT_TO_CRATE"": 0.39999999999999997, ""COIN_COLLECTED"": 2.0, ""COIN_FOUND"": 0.05, ""CRATE_DESTROYED"": 1.7000000000000004, ""ESCAPED_DANGER"": 0.6600000000000004, ""INVALID_ACTION"": -0.1, ""MOVED_AWAY_FROM_COIN"": -0.49000000000000005, ""MOVED_DOWN"": 0.0, ""MOVED_INTO_DANGER"": -0.35, ""MOVED_LEFT"": 0.0, ""MOVED_RIGHT"": 0.0, ""MOVED_TOWARD_COIN"": 3.000000000000002, ""MOVED_TOWARD_SAFETY"": 0.9900000000000007, ""MOVED_UP"": 0.0, ""OPPONENT_ELIMINATED"": 0.0, ""SAFE_BOMB_THREATENS_OPPONENT"": 0.7999999999999999, ""SAFE_BOMB_TRAPS_OPPONENT"": 0.2, ""STAYED_IN_DANGER"": -2.5, ""SURVIVED_ROUND"": 0.5, ""USELESS_BOMB"": -0.7999999999999999, ""WAITED"": -1.8800000000000012}"
95,1,0,1,400,0.1893466666666667,-0.5729999999999952,1.0,3.650000000000003,-5.22300000000001,40.34066666666666,-45.56366666666667,401,1,"{""BOMB_DROPPED"": 24, ""BOMB_EXPLODED"": 24, ""BOMB_NEXT_TO_CRATE"": 18, ""COIN_COLLECTED"": 1, ""COIN_FOUND"": 3, ""CRATE_DESTROYED"": 35, ""ESCAPED_DANGER"": 25, ""MOVED_AWAY_FROM_COIN"": 8, ""MOVED_DOWN"": 32, ""MOVED_INTO_DANGER"": 1, ""MOVED_LEFT"": 102, ""MOVED_RIGHT"": 106, ""MOVED_TOWARD_COIN"": 22, ""MOVED_TOWARD_SAFETY"": 38, ""MOVED_UP"": 46, ""OPPONENT_ELIMINATED"": 3, ""SAFE_BOMB_THREATENS_OPPONENT"": 4, ""STAYED_IN_DANGER"": 8, ""SURVIVED_ROUND"": 1, ""USELESS_BOMB"": 3, ""WAITED"": 90}","{""BOMB_DROPPED"": 0.0, ""BOMB_EXPLODED"": 0.0, ""BOMB_NEXT_TO_CRATE"": 0.9000000000000002, ""COIN_COLLECTED"": 1.0, ""COIN_FOUND"": 0.15000000000000002, ""CRATE_DESTROYED"": 3.5000000000000018, ""ESCAPED_DANGER"": 0.7500000000000004, ""MOVED_AWAY_FROM_COIN"": -0.56, ""MOVED_DOWN"": 0.0, ""MOVED_INTO_DANGER"": -0.35, ""MOVED_LEFT"": 0.0, ""MOVED_RIGHT"": 0.0, ""MOVED_TOWARD_COIN"": 1.3200000000000007, ""MOVED_TOWARD_SAFETY"": 1.1400000000000008, ""MOVED_UP"": 0.0, ""OPPONENT_ELIMINATED"": 0.0, ""SAFE_BOMB_THREATENS_OPPONENT"": 0.4, ""STAYED_IN_DANGER"": -2.0, ""SURVIVED_ROUND"": 0.5, ""USELESS_BOMB"": -0.30000000000000004, ""WAITED"": -1.8000000000000012}"
96,2,0,2,400,0.18923333333333334,-6.364250000000004,2.0,0.7700000000000022,-9.134250000000007,60.838999999999984,-69.97325000000008,401,1,"{""BOMB_DROPPED"": 37, ""BOMB_EXPLODED"": 36, ""BOMB_NEXT_TO_CRATE"": 9, ""COIN_COLLECTED"": 2, ""CRATE_DESTROYED"": 20, ""ESCAPED_DANGER"": 39, ""INVALID_ACTION"": 3, ""MOVED_AWAY_FROM_COIN"": 3, ""MOVED_DOWN"": 59, ""MOVED_INTO_DANGER"": 5, ""MOVED_LEFT"": 64, ""MOVED_RIGHT"": 52, ""MOVED_TOWARD_COIN"": 19, ""MOVED_TOWARD_SAFETY"": 53, ""MOVED_UP"": 64, ""OPPONENT_ELIMINATED"": 2, ""SAFE_BOMB_THREATENS_OPPONENT"": 26, ""SAFE_BOMB_TRAPS_OPPONENT"": 1, ""STAYED_IN_DANGER"": 14, ""SURVIVED_ROUND"": 1, ""USELESS_BOMB"": 7, ""WAITED"": 121}","{""BOMB_DROPPED"": 0.0, ""BOMB_EXPLODED"": 0.0, ""BOMB_NEXT_TO_CRATE"": 0.44999999999999996, ""COIN_COLLECTED"": 2.0, ""CRATE_DESTROYED"": 2.0000000000000004, ""ESCAPED_DANGER"": 1.1700000000000008, ""INVALID_ACTION"": -0.30000000000000004, ""MOVED_AWAY_FROM_COIN"": -0.21000000000000002, ""MOVED_DOWN"": 0.0, ""MOVED_INTO_DANGER"": -1.75, ""MOVED_LEFT"": 0.0, ""MOVED_RIGHT"": 0.0, ""MOVED_TOWARD_COIN"": 1.1400000000000006, ""MOVED_TOWARD_SAFETY"": 1.5900000000000012, ""MOVED_UP"": 0.0, ""OPPONENT_ELIMINATED"": 0.0, ""SAFE_BOMB_THREATENS_OPPONENT"": 2.600000000000001, ""SAFE_BOMB_TRAPS_OPPONENT"": 0.2, ""STAYED_IN_DANGER"": -3.5, ""SURVIVED_ROUND"": 0.5, ""USELESS_BOMB"": -0.7, ""WAITED"": -2.4200000000000017}"
97,0,0,0,400,0.18912,-9.080750000000002,0,-1.2799999999999985,-7.8007500000000105,56.08983333333334,-63.89058333333332,401,1,"{""BOMB_DROPPED"": 29, ""BOMB_EXPLODED"": 29, ""BOMB_NEXT_TO_CRATE"": 5, ""CRATE_DESTROYED"": 15, ""ESCAPED_DANGER"": 36, ""MOVED_AWAY_FROM_COIN"": 2, ""MOVED_DOWN"": 45, ""MOVED_INTO_DANGER"": 7, ""MOVED_LEFT"": 80, ""MOVED_RIGHT"": 71, ""MOVED_TOWARD_COIN"": 25, ""MOVED_TOWARD_SAFETY"": 40, ""MOVED_UP"": 59, ""OPPONENT_ELIMINATED"": 1, ""SAFE_BOMB_THREATENS_OPPONENT"": 18, ""STAYED_IN_DANGER"": 14, ""SURVIVED_ROUND"": 1, ""USELESS_BOMB"": 7, ""WAITED"": 116}","{""BOMB_DROPPED"": 0.0, ""BOMB_EXPLODED"": 0.0, ""BOMB_NEXT_TO_CRATE"": 0.25, ""CRATE_DESTROYED"": 1.5000000000000002, ""ESCAPED_DANGER"": 1.0800000000000007, ""MOVED_AWAY_FROM_COIN"": -0.14, ""MOVED_DOWN"": 0.0, ""MOVED_INTO_DANGER"": -2.45, ""MOVED_LEFT"": 0.0, ""MOVED_RIGHT"": 0.0, ""MOVED_TOWARD_COIN"": 1.5000000000000009, ""MOVED_TOWARD_SAFETY"": 1.2000000000000008, ""MOVED_UP"": 0.0, ""OPPONENT_ELIMINATED"": 0.0, ""SAFE_BOMB_THREATENS_OPPONENT"": 1.8000000000000005, ""STAYED_IN_DANGER"": -3.5, ""SURVIVED_ROUND"": 0.5, ""USELESS_BOMB"": -0.7, ""WAITED"": -2.3200000000000016}"
98,1,0,1,400,0.18900666666666668,-3.6167500000000015,1.0,-0.18999999999999917,-4.4267500000000055,37.135916666666624,-41.56266666666664,401,1,"{""BOMB_DROPPED"": 21, ""BOMB_EXPLODED"": 21, ""BOMB_NEXT_TO_CRATE"": 6, ""COIN_COLLECTED"": 1, ""COIN_FOUND"": 1, ""CRATE_DESTROYED"": 15, ""ESCAPED_DANGER"": 21, ""MOVED_AWAY_FROM_COIN"": 17, ""MOVED_DOWN"": 102, ""MOVED_LEFT"": 40, ""MOVED_RIGHT"": 40, ""MOVED_TOWARD_COIN"": 40, ""MOVED_TOWARD_SAFETY"": 29, ""MOVED_UP"": 102, ""OPPONENT_ELIMINATED"": 1, ""SAFE_BOMB_THREATENS_OPPONENT"": 3, ""STAYED_IN_DANGER"": 9, ""SURVIVED_ROUND"": 1, ""USELESS_BOMB"": 14, ""WAITED"": 95}","{""BOMB_DROPPED"": 0.0, ""BOMB_EXPLODED"": 0.0, ""BOMB_NEXT_TO_CRATE"": 0.3, ""COIN_COLLECTED"": 1.0, ""COIN_FOUND"": 0.05, ""CRATE_DESTROYED"": 1.5000000000000002, ""ESCAPED_DANGER"": 0.6300000000000003, ""MOVED_AWAY_FROM_COIN"": -1.1900000000000006, ""MOVED_DOWN"": 0.0, ""MOVED_LEFT"": 0.0, ""MOVED_RIGHT"": 0.0, ""MOVED_TOWARD_COIN"": 2.4000000000000017, ""MOVED_TOWARD_SAFETY"": 0.8700000000000006, ""MOVED_UP"": 0.0, ""OPPONENT_ELIMINATED"": 0.0, ""SAFE_BOMB_THREATENS_OPPONENT"": 0.30000000000000004, ""STAYED_IN_DANGER"": -2.25, ""SURVIVED_ROUND"": 0.5, ""USELESS_BOMB"": -1.4000000000000001, ""WAITED"": -1.9000000000000012}"
99,3,0,3,400,0.18889333333333333,-3.4259999999999966,3.0,0.720000000000002,-7.146000000000009,46.68516666666664,-53.83116666666672,401,1,"{""BOMB_DROPPED"": 27, ""BOMB_EXPLODED"": 27, ""BOMB_NEXT_TO_CRATE"": 13, ""COIN_COLLECTED"": 3, ""COIN_FOUND"": 3, ""CRATE_DESTROYED"": 23, ""ESCAPED_DANGER"": 28, ""MOVED_AWAY_FROM_COIN"": 2, ""MOVED_DOWN"": 86, ""MOVED_INTO_DANGER"": 3, ""MOVED_LEFT"": 52, ""MOVED_RIGHT"": 52, ""MOVED_TOWARD_COIN"": 26, ""MOVED_TOWARD_SAFETY"": 39, ""MOVED_UP"": 85, ""OPPONENT_ELIMINATED"": 1, ""SAFE_BOMB_THREATENS_OPPONENT"": 10, ""STAYED_IN_DANGER"": 14, ""SURVIVED_ROUND"": 1, ""USELESS_BOMB"": 8, ""WAITED"": 98}","{""BOMB_DROPPED"": 0.0, ""BOMB_EXPLODED"": 0.0, ""BOMB_NEXT_TO_CRATE"": 0.65, ""COIN_COLLECTED"": 3.0, ""COIN_FOUND"": 0.15000000000000002, ""CRATE_DESTROYED"": 2.3000000000000007, ""ESCAPED_DANGER"": 0.8400000000000005, ""MOVED_AWAY_FROM_COIN"": -0.14, ""MOVED_DOWN"": 0.0, ""MOVED_INTO_DANGER"": -1.0499999999999998, ""MOVED_LEFT"": 0.0, ""MOVED_RIGHT"": 0.0, ""MOVED_TOWARD_COIN"": 1.560000000000001, ""MOVED_TOWARD_SAFETY"": 1.1700000000000008, ""MOVED_UP"": 0.0, ""OPPONENT_ELIMINATED"": 0.0, ""SAFE_BOMB_THREATENS_OPPONENT"": 0.9999999999999999, ""STAYED_IN_DANGER"": -3.5, ""SURVIVED_ROUND"": 0.5, ""USELESS_BOMB"": -0.7999999999999999, ""WAITED"": -1.9600000000000013}"
100,2,0,2,74,0.18878,-3.9965,2.0,-4.029999999999999,-1.9665000000000012,11.059249999999999,-13.025750000000004,74,1,"{""BOMB_DROPPED"": 7, ""BOMB_EXPLODED"": 6, ""BOMB_NEXT_TO_CRATE"": 6, ""BOMB_WITH_NO_ESCAPE"": 1, ""COIN_COLLECTED"": 2, ""COIN_FOUND"": 2, ""CRATE_DESTROYED"": 17, ""ESCAPED_DANGER"": 6, ""GOT_KILLED"": 1, ""INVALID_ACTION"": 1, ""MOVED_AWAY_FROM_COIN"": 3, ""MOVED_DOWN"": 9, ""MOVED_INTO_DANGER"": 1, ""MOVED_LEFT"": 15, ""MOVED_RIGHT"": 10, ""MOVED_TOWARD_COIN"": 13, ""MOVED_TOWARD_SAFETY"": 10, ""MOVED_UP"": 13, ""OPPONENT_ELIMINATED"": 1, ""SAFE_BOMB_THREATENS_OPPONENT"": 2, ""STAYED_IN_DANGER"": 4, ""WAITED"": 19}","{""BOMB_DROPPED"": 0.0, ""BOMB_EXPLODED"": 0.0, ""BOMB_NEXT_TO_CRATE"": 0.3, ""BOMB_WITH_NO_ESCAPE"": -0.55, ""COIN_COLLECTED"": 2.0, ""COIN_FOUND"": 0.1, ""CRATE_DESTROYED"": 1.7000000000000004, ""ESCAPED_DANGER"": 0.18, ""GOT_KILLED"": -5.0, ""INVALID_ACTION"": -0.1, ""MOVED_AWAY_FROM_COIN"": -0.21000000000000002, ""MOVED_DOWN"": 0.0, ""MOVED_INTO_DANGER"": -0.35, ""MOVED_LEFT"": 0.0, ""MOVED_RIGHT"": 0.0, ""MOVED_TOWARD_COIN"": 0.7800000000000002, ""MOVED_TOWARD_SAFETY"": 0.30000000000000004, ""MOVED_UP"": 0.0, ""OPPONENT_ELIMINATED"": 0.0, ""SAFE_BOMB_THREATENS_OPPONENT"": 0.2, ""STAYED_IN_DANGER"": -1.0, ""WAITED"": -0.38000000000000006}"
