episode,coins,kills,game_score,steps,epsilon,training_reward,objective_reward,other_event_reward,potential_net,potential_positive,potential_negative,potential_calls,terminal_potential_calls,event_counts,event_rewards
1,2,0,2,400,0.2,1.8780000000000063,2.0,3.7600000000000025,-3.8819999999999943,37.95383333333334,-41.83583333333343,400,0,"{""BOMB_DROPPED"": 20, ""BOMB_EXPLODED"": 20, ""BOMB_NEXT_TO_CRATE"": 14, ""COIN_COLLECTED"": 2, ""COIN_FOUND"": 2, ""CRATE_DESTROYED"": 32, ""ESCAPED_DANGER"": 21, ""MOVED_AWAY_FROM_COIN"": 3, ""MOVED_DOWN"": 61, ""MOVED_INTO_DANGER"": 1, ""MOVED_LEFT"": 91, ""MOVED_RIGHT"": 90, ""MOVED_TOWARD_COIN"": 16, ""MOVED_TOWARD_SAFETY"": 34, ""MOVED_UP"": 61, ""OPPONENT_ELIMINATED"": 1, ""SAFE_BOMB_THREATENS_OPPONENT"": 1, ""STAYED_IN_DANGER"": 3, ""SURVIVED_ROUND"": 1, ""USELESS_BOMB"": 6, ""WAITED"": 77}","{""BOMB_DROPPED"": 0.0, ""BOMB_EXPLODED"": 0.0, ""BOMB_NEXT_TO_CRATE"": 0.7000000000000001, ""COIN_COLLECTED"": 2.0, ""COIN_FOUND"": 0.1, ""CRATE_DESTROYED"": 3.2000000000000015, ""ESCAPED_DANGER"": 0.6300000000000003, ""MOVED_AWAY_FROM_COIN"": -0.21000000000000002, ""MOVED_DOWN"": 0.0, ""MOVED_INTO_DANGER"": -0.35, ""MOVED_LEFT"": 0.0, ""MOVED_RIGHT"": 0.0, ""MOVED_TOWARD_COIN"": 0.9600000000000004, ""MOVED_TOWARD_SAFETY"": 1.0200000000000007, ""MOVED_UP"": 0.0, ""OPPONENT_ELIMINATED"": 0.0, ""SAFE_BOMB_THREATENS_OPPONENT"": 0.1, ""STAYED_IN_DANGER"": -0.75, ""SURVIVED_ROUND"": 0.5, ""USELESS_BOMB"": -0.6, ""WAITED"": -1.540000000000001}"
2,2,0,2,400,0.19988666666666668,-7.5990833333333345,2.0,-0.8099999999999996,-8.789083333333346,53.522500000000115,-62.31158333333332,400,0,"{""BOMB_DROPPED"": 26, ""BOMB_EXPLODED"": 25, ""BOMB_NEXT_TO_CRATE"": 10, ""COIN_COLLECTED"": 2, ""COIN_FOUND"": 4, ""CRATE_DESTROYED"": 26, ""ESCAPED_DANGER"": 35, ""INVALID_ACTION"": 2, ""MOVED_AWAY_FROM_COIN"": 4, ""MOVED_DOWN"": 63, ""MOVED_INTO_DANGER"": 11, ""MOVED_LEFT"": 62, ""MOVED_RIGHT"": 48, ""MOVED_TOWARD_COIN"": 19, ""MOVED_TOWARD_SAFETY"": 35, ""MOVED_UP"": 63, ""OPPONENT_ELIMINATED"": 2, ""SAFE_BOMB_THREATENS_OPPONENT"": 12, ""STAYED_IN_DANGER"": 6, ""SURVIVED_ROUND"": 1, ""USELESS_BOMB"": 5, ""WAITED"": 136}","{""BOMB_DROPPED"": 0.0, ""BOMB_EXPLODED"": 0.0, ""BOMB_NEXT_TO_CRATE"": 0.49999999999999994, ""COIN_COLLECTED"": 2.0, ""COIN_FOUND"": 0.2, ""CRATE_DESTROYED"": 2.600000000000001, ""ESCAPED_DANGER"": 1.0500000000000007, ""INVALID_ACTION"": -0.2, ""MOVED_AWAY_FROM_COIN"": -0.28, ""MOVED_DOWN"": 0.0, ""MOVED_INTO_DANGER"": -3.8500000000000005, ""MOVED_LEFT"": 0.0, ""MOVED_RIGHT"": 0.0, ""MOVED_TOWARD_COIN"": 1.1400000000000006, ""MOVED_TOWARD_SAFETY"": 1.0500000000000007, ""MOVED_UP"": 0.0, ""OPPONENT_ELIMINATED"": 0.0, ""SAFE_BOMB_THREATENS_OPPONENT"": 1.2, ""STAYED_IN_DANGER"": -1.5, ""SURVIVED_ROUND"": 0.5, ""USELESS_BOMB"": -0.5, ""WAITED"": -2.720000000000002}"
3,2,0,2,400,0.19977333333333336,-2.8472500000000056,2.0,0.6500000000000004,-5.4972500000000055,34.95566666666665,-40.45291666666669,400,0,"{""BOMB_DROPPED"": 20, ""BOMB_EXPLODED"": 20, ""BOMB_NEXT_TO_CRATE"": 7, ""COIN_COLLECTED"": 2, ""COIN_FOUND"": 2, ""CRATE_DESTROYED"": 17, ""ESCAPED_DANGER"": 20, ""MOVED_AWAY_FROM_COIN"": 3, ""MOVED_DOWN"": 35, ""MOVED_LEFT"": 88, ""MOVED_RIGHT"": 90, ""MOVED_TOWARD_COIN"": 28, ""MOVED_TOWARD_SAFETY"": 29, ""MOVED_UP"": 35, ""OPPONENT_ELIMINATED"": 1, ""STAYED_IN_DANGER"": 4, ""SURVIVED_ROUND"": 1, ""USELESS_BOMB"": 13, ""WAITED"": 132}","{""BOMB_DROPPED"": 0.0, ""BOMB_EXPLODED"": 0.0, ""BOMB_NEXT_TO_CRATE"": 0.35, ""COIN_COLLECTED"": 2.0, ""COIN_FOUND"": 0.1, ""CRATE_DESTROYED"": 1.7000000000000004, ""ESCAPED_DANGER"": 0.6000000000000003, ""MOVED_AWAY_FROM_COIN"": -0.21000000000000002, ""MOVED_DOWN"": 0.0, ""MOVED_LEFT"": 0.0, ""MOVED_RIGHT"": 0.0, ""MOVED_TOWARD_COIN"": 1.680000000000001, ""MOVED_TOWARD_SAFETY"": 0.8700000000000006, ""MOVED_UP"": 0.0, ""OPPONENT_ELIMINATED"": 0.0, ""STAYED_IN_DANGER"": -1.0, ""SURVIVED_ROUND"": 0.5, ""USELESS_BOMB"": -1.3, ""WAITED"": -2.640000000000002}"
4,3,0,3,400,0.19966,0.012999999999995793,3.0,1.2100000000000017,-4.196999999999994,42.144916666666646,-46.341916666666705,400,0,"{""BOMB_DROPPED"": 20, ""BOMB_EXPLODED"": 20, ""BOMB_NEXT_TO_CRATE"": 8, ""COIN_COLLECTED"": 3, ""COIN_FOUND"": 1, ""CRATE_DESTROYED"": 18, ""ESCAPED_DANGER"": 24, ""MOVED_AWAY_FROM_COIN"": 10, ""MOVED_DOWN"": 74, ""MOVED_INTO_DANGER"": 4, ""MOVED_LEFT"": 69, ""MOVED_RIGHT"": 69, ""MOVED_TOWARD_COIN"": 35, ""MOVED_TOWARD_SAFETY"": 36, ""MOVED_UP"": 71, ""OPPONENT_ELIMINATED"": 1, ""SAFE_BOMB_THREATENS_OPPONENT"": 2, ""STAYED_IN_DANGER"": 2, ""SURVIVED_ROUND"": 1, ""USELESS_BOMB"": 11, ""WAITED"": 97}","{""BOMB_DROPPED"": 0.0, ""BOMB_EXPLODED"": 0.0, ""BOMB_NEXT_TO_CRATE"": 0.39999999999999997, ""COIN_COLLECTED"": 3.0, ""COIN_FOUND"": 0.05, ""CRATE_DESTROYED"": 1.8000000000000005, ""ESCAPED_DANGER"": 0.7200000000000004, ""MOVED_AWAY_FROM_COIN"": -0.7000000000000002, ""MOVED_DOWN"": 0.0, ""MOVED_INTO_DANGER"": -1.4, ""MOVED_LEFT"": 0.0, ""MOVED_RIGHT"": 0.0, ""MOVED_TOWARD_COIN"": 2.1000000000000014, ""MOVED_TOWARD_SAFETY"": 1.0800000000000007, ""MOVED_UP"": 0.0, ""OPPONENT_ELIMINATED"": 0.0, ""SAFE_BOMB_THREATENS_OPPONENT"": 0.2, ""STAYED_IN_DANGER"": -0.5, ""SURVIVED_ROUND"": 0.5, ""USELESS_BOMB"": -1.0999999999999999, ""WAITED"": -1.9400000000000013}"
5,2,0,2,400,0.19954666666666668,-5.701750000000001,2.0,0.7700000000000014,-8.471750000000005,44.06708333333334,-52.53883333333336,400,0,"{""BOMB_DROPPED"": 23, ""BOMB_EXPLODED"": 23, ""BOMB_NEXT_TO_CRATE"": 6, ""COIN_COLLECTED"": 2, ""COIN_FOUND"": 2, ""CRATE_DESTROYED"": 17, ""ESCAPED_DANGER"": 28, ""MOVED_AWAY_FROM_COIN"": 18, ""MOVED_DOWN"": 82, ""MOVED_INTO_DANGER"": 5, ""MOVED_LEFT"": 54, ""MOVED_RIGHT"": 60, ""MOVED_TOWARD_COIN"": 44, ""MOVED_TOWARD_SAFETY"": 35, ""MOVED_UP"": 81, ""OPPONENT_ELIMINATED"": 2, ""SAFE_BOMB_THREATENS_OPPONENT"": 8, ""STAYED_IN_DANGER"": 5, ""SURVIVED_ROUND"": 1, ""USELESS_BOMB"": 9, ""WAITED"": 100}","{""BOMB_DROPPED"": 0.0, ""BOMB_EXPLODED"": 0.0, ""BOMB_NEXT_TO_CRATE"": 0.3, ""COIN_COLLECTED"": 2.0, ""COIN_FOUND"": 0.1, ""CRATE_DESTROYED"": 1.7000000000000004, ""ESCAPED_DANGER"": 0.8400000000000005, ""MOVED_AWAY_FROM_COIN"": -1.2600000000000007, ""MOVED_DOWN"": 0.0, ""MOVED_INTO_DANGER"": -1.75, ""MOVED_LEFT"": 0.0, ""MOVED_RIGHT"": 0.0, ""MOVED_TOWARD_COIN"": 2.640000000000002, ""MOVED_TOWARD_SAFETY"": 1.0500000000000007, ""MOVED_UP"": 0.0, ""OPPONENT_ELIMINATED"": 0.0, ""SAFE_BOMB_THREATENS_OPPONENT"": 0.7999999999999999, ""STAYED_IN_DANGER"": -1.25, ""SURVIVED_ROUND"": 0.5, ""USELESS_BOMB"": -0.8999999999999999, ""WAITED"": -2.0000000000000013}"
6,1,2,11,400,0.19943333333333335,4.788,11.0,0.7600000000000016,-6.972000000000007,58.38750000000004,-65.35950000000001,400,0,"{""BOMB_DROPPED"": 29, ""BOMB_EXPLODED"": 29, ""BOMB_NEXT_TO_CRATE"": 9, ""COIN_COLLECTED"": 1, ""CRATE_DESTROYED"": 22, ""ESCAPED_DANGER"": 39, ""INVALID_ACTION"": 3, ""KILLED_OPPONENT"": 2, ""MOVED_AWAY_FROM_COIN"": 3, ""MOVED_DOWN"": 72, ""MOVED_INTO_DANGER"": 10, ""MOVED_LEFT"": 65, ""MOVED_RIGHT"": 53, ""MOVED_TOWARD_COIN"": 26, ""MOVED_TOWARD_SAFETY"": 47, ""MOVED_UP"": 72, ""OPPONENT_ELIMINATED"": 2, ""SAFE_BOMB_THREATENS_OPPONENT"": 16, ""STAYED_IN_DANGER"": 6, ""SURVIVED_ROUND"": 1, ""USELESS_BOMB"": 5, ""WAITED"": 106}","{""BOMB_DROPPED"": 0.0, ""BOMB_EXPLODED"": 0.0, ""BOMB_NEXT_TO_CRATE"": 0.44999999999999996, ""COIN_COLLECTED"": 1.0, ""CRATE_DESTROYED"": 2.2000000000000006, ""ESCAPED_DANGER"": 1.1700000000000008, ""INVALID_ACTION"": -0.30000000000000004, ""KILLED_OPPONENT"": 10.0, ""MOVED_AWAY_FROM_COIN"": -0.21000000000000002, ""MOVED_DOWN"": 0.0, ""MOVED_INTO_DANGER"": -3.5000000000000004, ""MOVED_LEFT"": 0.0, ""MOVED_RIGHT"": 0.0, ""MOVED_TOWARD_COIN"": 1.560000000000001, ""MOVED_TOWARD_SAFETY"": 1.410000000000001, ""MOVED_UP"": 0.0, ""OPPONENT_ELIMINATED"": 0.0, ""SAFE_BOMB_THREATENS_OPPONENT"": 1.6000000000000003, ""STAYED_IN_DANGER"": -1.5, ""SURVIVED_ROUND"": 0.5, ""USELESS_BOMB"": -0.5, ""WAITED"": -2.1200000000000014}"
7,2,0,2,400,0.19932,-7.537833333333319,2.0,-1.3400000000000003,-8.197833333333348,48.48750000000011,-56.68533333333326,400,0,"{""BOMB_DROPPED"": 24, ""BOMB_EXPLODED"": 23, ""BOMB_NEXT_TO_CRATE"": 8, ""COIN_COLLECTED"": 2, ""COIN_FOUND"": 2, ""CRATE_DESTROYED"": 20, ""ESCAPED_DANGER"": 30, ""INVALID_ACTION"": 1, ""MOVED_AWAY_FROM_COIN"": 3, ""MOVED_DOWN"": 64, ""MOVED_INTO_DANGER"": 7, ""MOVED_LEFT"": 43, ""MOVED_RIGHT"": 43, ""MOVED_TOWARD_COIN"": 20, ""MOVED_TOWARD_SAFETY"": 33, ""MOVED_UP"": 64, ""OPPONENT_ELIMINATED"": 2, ""SAFE_BOMB_THREATENS_OPPONENT"": 5, ""STAYED_IN_DANGER"": 3, ""SURVIVED_ROUND"": 1, ""USELESS_BOMB"": 12, ""WAITED"": 161}","{""BOMB_DROPPED"": 0.0, ""BOMB_EXPLODED"": 0.0, ""BOMB_NEXT_TO_CRATE"": 0.39999999999999997, ""COIN_COLLECTED"": 2.0, ""COIN_FOUND"": 0.1, ""CRATE_DESTROYED"": 2.0000000000000004, ""ESCAPED_DANGER"": 0.9000000000000006, ""INVALID_ACTION"": -0.1, ""MOVED_AWAY_FROM_COIN"": -0.21000000000000002, ""MOVED_DOWN"": 0.0, ""MOVED_INTO_DANGER"": -2.45, ""MOVED_LEFT"": 0.0, ""MOVED_RIGHT"": 0.0, ""MOVED_TOWARD_COIN"": 1.2000000000000006, ""MOVED_TOWARD_SAFETY"": 0.9900000000000007, ""MOVED_UP"": 0.0, ""OPPONENT_ELIMINATED"": 0.0, ""SAFE_BOMB_THREATENS_OPPONENT"": 0.5, ""STAYED_IN_DANGER"": -0.75, ""SURVIVED_ROUND"": 0.5, ""USELESS_BOMB"": -1.2, ""WAITED"": -3.2200000000000024}"
8,0,0,0,400,0.19920666666666667,-7.384833333333338,0,1.6300000000000014,-9.014833333333348,60.24974999999997,-69.26458333333336,400,0,"{""BOMB_DROPPED"": 35, ""BOMB_EXPLODED"": 34, ""BOMB_NEXT_TO_CRATE"": 11, ""COIN_FOUND"": 1, ""CRATE_DESTROYED"": 24, ""ESCAPED_DANGER"": 40, ""MOVED_DOWN"": 55, ""MOVED_INTO_DANGER"": 8, ""MOVED_LEFT"": 61, ""MOVED_RIGHT"": 53, ""MOVED_TOWARD_COIN"": 12, ""MOVED_TOWARD_SAFETY"": 50, ""MOVED_UP"": 69, ""OPPONENT_ELIMINATED"": 2, ""SAFE_BOMB_THREATENS_OPPONENT"": 22, ""STAYED_IN_DANGER"": 7, ""SURVIVED_ROUND"": 1, ""USELESS_BOMB"": 4, ""WAITED"": 127}","{""BOMB_DROPPED"": 0.0, ""BOMB_EXPLODED"": 0.0, ""BOMB_NEXT_TO_CRATE"": 0.5499999999999999, ""COIN_FOUND"": 0.05, ""CRATE_DESTROYED"": 2.400000000000001, ""ESCAPED_DANGER"": 1.2000000000000008, ""MOVED_DOWN"": 0.0, ""MOVED_INTO_DANGER"": -2.8000000000000003, ""MOVED_LEFT"": 0.0, ""MOVED_RIGHT"": 0.0, ""MOVED_TOWARD_COIN"": 0.7200000000000002, ""MOVED_TOWARD_SAFETY"": 1.500000000000001, ""MOVED_UP"": 0.0, ""OPPONENT_ELIMINATED"": 0.0, ""SAFE_BOMB_THREATENS_OPPONENT"": 2.2000000000000006, ""STAYED_IN_DANGER"": -1.75, ""SURVIVED_ROUND"": 0.5, ""USELESS_BOMB"": -0.4, ""WAITED"": -2.540000000000002}"
9,2,1,7,400,0.19909333333333334,1.2674999999999963,7.0,2.740000000000002,-8.472500000000004,52.21075,-60.68325000000005,400,0,"{""BOMB_DROPPED"": 28, ""BOMB_EXPLODED"": 28, ""BOMB_NEXT_TO_CRATE"": 8, ""COIN_COLLECTED"": 2, ""COIN_FOUND"": 3, ""CRATE_DESTROYED"": 21, ""ESCAPED_DANGER"": 33, ""INVALID_ACTION"": 1, ""KILLED_OPPONENT"": 1, ""MOVED_AWAY_FROM_COIN"": 9, ""MOVED_DOWN"": 51, ""MOVED_INTO_DANGER"": 5, ""MOVED_LEFT"": 84, ""MOVED_RIGHT"": 84, ""MOVED_TOWARD_COIN"": 27, ""MOVED_TOWARD_SAFETY"": 46, ""MOVED_UP"": 51, ""OPPONENT_ELIMINATED"": 2, ""SAFE_BOMB_THREATENS_OPPONENT"": 16, ""STAYED_IN_DANGER"": 4, ""SURVIVED_ROUND"": 1, ""USELESS_BOMB"": 5, ""WAITED"": 101}","{""BOMB_DROPPED"": 0.0, ""BOMB_EXPLODED"": 0.0, ""BOMB_NEXT_TO_CRATE"": 0.39999999999999997, ""COIN_COLLECTED"": 2.0, ""COIN_FOUND"": 0.15000000000000002, ""CRATE_DESTROYED"": 2.1000000000000005, ""ESCAPED_DANGER"": 0.9900000000000007, ""INVALID_ACTION"": -0.1, ""KILLED_OPPONENT"": 5.0, ""MOVED_AWAY_FROM_COIN"": -0.6300000000000001, ""MOVED_DOWN"": 0.0, ""MOVED_INTO_DANGER"": -1.75, ""MOVED_LEFT"": 0.0, ""MOVED_RIGHT"": 0.0, ""MOVED_TOWARD_COIN"": 1.620000000000001, ""MOVED_TOWARD_SAFETY"": 1.380000000000001, ""MOVED_UP"": 0.0, ""OPPONENT_ELIMINATED"": 0.0, ""SAFE_BOMB_THREATENS_OPPONENT"": 1.6000000000000003, ""STAYED_IN_DANGER"": -1.0, ""SURVIVED_ROUND"": 0.5, ""USELESS_BOMB"": -0.5, ""WAITED"": -2.0200000000000014}"
10,1,0,1,400,0.19898000000000002,-9.257999999999981,1.0,-2.520000000000002,-7.738000000000022,46.463250000000144,-54.20124999999989,400,0,"{""BOMB_DROPPED"": 21, ""BOMB_EXPLODED"": 21, ""BOMB_NEXT_TO_CRATE"": 7, ""COIN_COLLECTED"": 1, ""COIN_FOUND"": 1, ""CRATE_DESTROYED"": 16, ""ESCAPED_DANGER"": 30, ""INVALID_ACTION"": 3, ""MOVED_AWAY_FROM_COIN"": 3, ""MOVED_DOWN"": 41, ""MOVED_INTO_DANGER"": 9, ""MOVED_LEFT"": 51, ""MOVED_RIGHT"": 51, ""MOVED_TOWARD_COIN"": 8, ""MOVED_TOWARD_SAFETY"": 29, ""MOVED_UP"": 55, ""SAFE_BOMB_THREATENS_OPPONENT"": 13, ""STAYED_IN_DANGER"": 5, ""SURVIVED_ROUND"": 1, ""USELESS_BOMB"": 1, ""WAITED"": 178}","{""BOMB_DROPPED"": 0.0, ""BOMB_EXPLODED"": 0.0, ""BOMB_NEXT_TO_CRATE"": 0.35, ""COIN_COLLECTED"": 1.0, ""COIN_FOUND"": 0.05, ""CRATE_DESTROYED"": 1.6000000000000003, ""ESCAPED_DANGER"": 0.9000000000000006, ""INVALID_ACTION"": -0.30000000000000004, ""MOVED_AWAY_FROM_COIN"": -0.21000000000000002, ""MOVED_DOWN"": 0.0, ""MOVED_INTO_DANGER"": -3.1500000000000004, ""MOVED_LEFT"": 0.0, ""MOVED_RIGHT"": 0.0, ""MOVED_TOWARD_COIN"": 0.48, ""MOVED_TOWARD_SAFETY"": 0.8700000000000006, ""MOVED_UP"": 0.0, ""SAFE_BOMB_THREATENS_OPPONENT"": 1.3, ""STAYED_IN_DANGER"": -1.25, ""SURVIVED_ROUND"": 0.5, ""USELESS_BOMB"": -0.1, ""WAITED"": -3.5600000000000027}"
11,1,0,1,400,0.19886666666666666,-4.819250000000005,1.0,0.9900000000000002,-6.809250000000003,52.94616666666664,-59.7554166666667,400,0,"{""BOMB_DROPPED"": 34, ""BOMB_EXPLODED"": 33, ""BOMB_NEXT_TO_CRATE"": 5, ""COIN_COLLECTED"": 1, ""COIN_FOUND"": 1, ""CRATE_DESTROYED"": 13, ""ESCAPED_DANGER"": 34, ""INVALID_ACTION"": 2, ""MOVED_AWAY_FROM_COIN"": 7, ""MOVED_DOWN"": 61, ""MOVED_LEFT"": 61, ""MOVED_RIGHT"": 60, ""MOVED_TOWARD_COIN"": 14, ""MOVED_TOWARD_SAFETY"": 45, ""MOVED_UP"": 53, ""OPPONENT_ELIMINATED"": 2, ""SAFE_BOMB_THREATENS_OPPONENT"": 16, ""STAYED_IN_DANGER"": 5, ""SURVIVED_ROUND"": 1, ""USELESS_BOMB"": 14, ""WAITED"": 129}","{""BOMB_DROPPED"": 0.0, ""BOMB_EXPLODED"": 0.0, ""BOMB_NEXT_TO_CRATE"": 0.25, ""COIN_COLLECTED"": 1.0, ""COIN_FOUND"": 0.05, ""CRATE_DESTROYED"": 1.3, ""ESCAPED_DANGER"": 1.0200000000000007, ""INVALID_ACTION"": -0.2, ""MOVED_AWAY_FROM_COIN"": -0.49000000000000005, ""MOVED_DOWN"": 0.0, ""MOVED_LEFT"": 0.0, ""MOVED_RIGHT"": 0.0, ""MOVED_TOWARD_COIN"": 0.8400000000000003, ""MOVED_TOWARD_SAFETY"": 1.350000000000001, ""MOVED_UP"": 0.0, ""OPPONENT_ELIMINATED"": 0.0, ""SAFE_BOMB_THREATENS_OPPONENT"": 1.6000000000000003, ""STAYED_IN_DANGER"": -1.25, ""SURVIVED_ROUND"": 0.5, ""USELESS_BOMB"": -1.4000000000000001, ""WAITED"": -2.580000000000002}"
12,1,0,1,196,0.19875333333333334,-8.063750000000002,1.0,-4.92,-4.1437500000000025,16.639333333333326,-20.783083333333337,195,0,"{""BOMB_DROPPED"": 10, ""BOMB_EXPLODED"": 9, ""BOMB_NEXT_TO_CRATE"": 7, ""BOMB_WITH_NO_ESCAPE"": 1, ""COIN_COLLECTED"": 1, ""COIN_FOUND"": 1, ""CRATE_DESTROYED"": 17, ""ESCAPED_DANGER"": 9, ""GOT_KILLED"": 1, ""MOVED_AWAY_FROM_COIN"": 11, ""MOVED_DOWN"": 20, ""MOVED_INTO_DANGER"": 1, ""MOVED_LEFT"": 30, ""MOVED_RIGHT"": 44, ""MOVED_TOWARD_COIN"": 27, ""MOVED_TOWARD_SAFETY"": 12, ""MOVED_UP"": 27, ""OPPONENT_ELIMINATED"": 2, ""STAYED_IN_DANGER"": 4, ""USELESS_BOMB"": 3, ""WAITED"": 65}","{""BOMB_DROPPED"": 0.0, ""BOMB_EXPLODED"": 0.0, ""BOMB_NEXT_TO_CRATE"": 0.35, ""BOMB_WITH_NO_ESCAPE"": -0.55, ""COIN_COLLECTED"": 1.0, ""COIN_FOUND"": 0.05, ""CRATE_DESTROYED"": 1.7000000000000004, ""ESCAPED_DANGER"": 0.27, ""GOT_KILLED"": -5.0, ""MOVED_AWAY_FROM_COIN"": -0.7700000000000002, ""MOVED_DOWN"": 0.0, ""MOVED_INTO_DANGER"": -0.35, ""MOVED_LEFT"": 0.0, ""MOVED_RIGHT"": 0.0, ""MOVED_TOWARD_COIN"": 1.620000000000001, ""MOVED_TOWARD_SAFETY"": 0.3600000000000001, ""MOVED_UP"": 0.0, ""OPPONENT_ELIMINATED"": 0.0, ""STAYED_IN_DANGER"": -1.0, ""USELESS_BOMB"": -0.30000000000000004, ""WAITED"": -1.3000000000000007}"
13,1,0,1,400,0.19864,-7.923499999999997,1.0,-0.9499999999999992,-7.973500000000007,57.25066666666662,-65.22416666666675,400,0,"{""BOMB_DROPPED"": 29, ""BOMB_EXPLODED"": 29, ""BOMB_NEXT_TO_CRATE"": 7, ""COIN_COLLECTED"": 1, ""CRATE_DESTROYED"": 18, ""ESCAPED_DANGER"": 39, ""MOVED_AWAY_FROM_COIN"": 8, ""MOVED_DOWN"": 46, ""MOVED_INTO_DANGER"": 10, ""MOVED_LEFT"": 68, ""MOVED_RIGHT"": 76, ""MOVED_TOWARD_COIN"": 16, ""MOVED_TOWARD_SAFETY"": 40, ""MOVED_UP"": 60, ""OPPONENT_ELIMINATED"": 2, ""SAFE_BOMB_THREATENS_OPPONENT"": 18, ""STAYED_IN_DANGER"": 7, ""SURVIVED_ROUND"": 1, ""USELESS_BOMB"": 5, ""WAITED"": 121}","{""BOMB_DROPPED"": 0.0, ""BOMB_EXPLODED"": 0.0, ""BOMB_NEXT_TO_CRATE"": 0.35, ""COIN_COLLECTED"": 1.0, ""CRATE_DESTROYED"": 1.8000000000000005, ""ESCAPED_DANGER"": 1.1700000000000008, ""MOVED_AWAY_FROM_COIN"": -0.56, ""MOVED_DOWN"": 0.0, ""MOVED_INTO_DANGER"": -3.5000000000000004, ""MOVED_LEFT"": 0.0, ""MOVED_RIGHT"": 0.0, ""MOVED_TOWARD_COIN"": 0.9600000000000004, ""MOVED_TOWARD_SAFETY"": 1.2000000000000008, ""MOVED_UP"": 0.0, ""OPPONENT_ELIMINATED"": 0.0, ""SAFE_BOMB_THREATENS_OPPONENT"": 1.8000000000000005, ""STAYED_IN_DANGER"": -1.75, ""SURVIVED_ROUND"": 0.5, ""USELESS_BOMB"": -0.5, ""WAITED"": -2.4200000000000017}"
14,4,0,4,400,0.19852666666666666,-4.984500000000002,4.0,0.39000000000000146,-9.374500000000015,61.617583333333314,-70.99208333333335,400,0,"{""BOMB_DROPPED"": 33, ""BOMB_EXPLODED"": 32, ""BOMB_NEXT_TO_CRATE"": 7, ""COIN_COLLECTED"": 4, ""COIN_FOUND"": 4, ""CRATE_DESTROYED"": 19, ""ESCAPED_DANGER"": 40, ""INVALID_ACTION"": 1, ""MOVED_AWAY_FROM_COIN"": 13, ""MOVED_DOWN"": 56, ""MOVED_INTO_DANGER"": 8, ""MOVED_LEFT"": 60, ""MOVED_RIGHT"": 50, ""MOVED_TOWARD_COIN"": 34, ""MOVED_TOWARD_SAFETY"": 47, ""MOVED_UP"": 70, ""OPPONENT_ELIMINATED"": 2, ""SAFE_BOMB_THREATENS_OPPONENT"": 17, ""STAYED_IN_DANGER"": 6, ""SURVIVED_ROUND"": 1, ""USELESS_BOMB"": 10, ""WAITED"": 130}","{""BOMB_DROPPED"": 0.0, ""BOMB_EXPLODED"": 0.0, ""BOMB_NEXT_TO_CRATE"": 0.35, ""COIN_COLLECTED"": 4.0, ""COIN_FOUND"": 0.2, ""CRATE_DESTROYED"": 1.9000000000000006, ""ESCAPED_DANGER"": 1.2000000000000008, ""INVALID_ACTION"": -0.1, ""MOVED_AWAY_FROM_COIN"": -0.9100000000000004, ""MOVED_DOWN"": 0.0, ""MOVED_INTO_DANGER"": -2.8000000000000003, ""MOVED_LEFT"": 0.0, ""MOVED_RIGHT"": 0.0, ""MOVED_TOWARD_COIN"": 2.0400000000000014, ""MOVED_TOWARD_SAFETY"": 1.410000000000001, ""MOVED_UP"": 0.0, ""OPPONENT_ELIMINATED"": 0.0, ""SAFE_BOMB_THREATENS_OPPONENT"": 1.7000000000000004, ""STAYED_IN_DANGER"": -1.5, ""SURVIVED_ROUND"": 0.5, ""USELESS_BOMB"": -0.9999999999999999, ""WAITED"": -2.600000000000002}"
15,2,0,2,73,0.19841333333333336,-5.197249999999999,2.0,-5.41,-1.7872499999999998,7.7251666666666665,-9.512416666666667,72,0,"{""BOMB_DROPPED"": 5, ""BOMB_EXPLODED"": 4, ""BOMB_NEXT_TO_CRATE"": 5, ""BOMB_WITH_NO_ESCAPE"": 1, ""COIN_COLLECTED"": 2, ""COIN_FOUND"": 1, ""CRATE_DESTROYED"": 8, ""ESCAPED_DANGER"": 4, ""GOT_KILLED"": 1, ""MOVED_DOWN"": 12, ""MOVED_INTO_DANGER"": 1, ""MOVED_LEFT"": 8, ""MOVED_RIGHT"": 13, ""MOVED_TOWARD_COIN"": 9, ""MOVED_TOWARD_SAFETY"": 5, ""MOVED_UP"": 14, ""OPPONENT_ELIMINATED"": 1, ""STAYED_IN_DANGER"": 4, ""WAITED"": 21}","{""BOMB_DROPPED"": 0.0, ""BOMB_EXPLODED"": 0.0, ""BOMB_NEXT_TO_CRATE"": 0.25, ""BOMB_WITH_NO_ESCAPE"": -0.55, ""COIN_COLLECTED"": 2.0, ""COIN_FOUND"": 0.05, ""CRATE_DESTROYED"": 0.7999999999999999, ""ESCAPED_DANGER"": 0.12, ""GOT_KILLED"": -5.0, ""MOVED_DOWN"": 0.0, ""MOVED_INTO_DANGER"": -0.35, ""MOVED_LEFT"": 0.0, ""MOVED_RIGHT"": 0.0, ""MOVED_TOWARD_COIN"": 0.54, ""MOVED_TOWARD_SAFETY"": 0.15, ""MOVED_UP"": 0.0, ""OPPONENT_ELIMINATED"": 0.0, ""STAYED_IN_DANGER"": -1.0, ""WAITED"": -0.4200000000000001}"
16,1,0,1,224,0.1983,-6.000999999999997,1.0,-2.609999999999998,-4.3910000000000045,29.589999999999975,-33.98099999999998,223,0,"{""BOMB_DROPPED"": 18, ""BOMB_EXPLODED"": 17, ""BOMB_NEXT_TO_CRATE"": 13, ""BOMB_WITH_NO_ESCAPE"": 1, ""COIN_COLLECTED"": 1, ""COIN_FOUND"": 2, ""CRATE_DESTROYED"": 30, ""ESCAPED_DANGER"": 18, ""GOT_KILLED"": 1, ""MOVED_AWAY_FROM_COIN"": 24, ""MOVED_DOWN"": 43, ""MOVED_INTO_DANGER"": 2, ""MOVED_LEFT"": 25, ""MOVED_RIGHT"": 37, ""MOVED_TOWARD_COIN"": 40, ""MOVED_TOWARD_SAFETY"": 27, ""MOVED_UP"": 32, ""OPPONENT_ELIMINATED"": 2, ""SAFE_BOMB_THREATENS_OPPONENT"": 5, ""STAYED_IN_DANGER"": 4, ""USELESS_BOMB"": 3, ""WAITED"": 69}","{""BOMB_DROPPED"": 0.0, ""BOMB_EXPLODED"": 0.0, ""BOMB_NEXT_TO_CRATE"": 0.65, ""BOMB_WITH_NO_ESCAPE"": -0.55, ""COIN_COLLECTED"": 1.0, ""COIN_FOUND"": 0.1, ""CRATE_DESTROYED"": 3.0000000000000013, ""ESCAPED_DANGER"": 0.5400000000000003, ""GOT_KILLED"": -5.0, ""MOVED_AWAY_FROM_COIN"": -1.680000000000001, ""MOVED_DOWN"": 0.0, ""MOVED_INTO_DANGER"": -0.7, ""MOVED_LEFT"": 0.0, ""MOVED_RIGHT"": 0.0, ""MOVED_TOWARD_COIN"": 2.4000000000000017, ""MOVED_TOWARD_SAFETY"": 0.8100000000000005, ""MOVED_UP"": 0.0, ""OPPONENT_ELIMINATED"": 0.0, ""SAFE_BOMB_THREATENS_OPPONENT"": 0.5, ""STAYED_IN_DANGER"": -1.0, ""USELESS_BOMB"": -0.30000000000000004, ""WAITED"": -1.3800000000000008}"
17,4,0,4,400,0.19818666666666668,-6.949250000000002,4.0,-3.639999999999997,-7.309250000000012,63.90166666666667,-71.21091666666673,400,0,"{""BOMB_DROPPED"": 28, ""BOMB_EXPLODED"": 28, ""BOMB_NEXT_TO_CRATE"": 8, ""COIN_COLLECTED"": 4, ""CRATE_DESTROYED"": 24, ""ESCAPED_DANGER"": 43, ""INVALID_ACTION"": 1, ""MOVED_AWAY_FROM_COIN"": 22, ""MOVED_DOWN"": 51, ""MOVED_INTO_DANGER"": 15, ""MOVED_LEFT"": 67, ""MOVED_RIGHT"": 75, ""MOVED_TOWARD_COIN"": 41, ""MOVED_TOWARD_SAFETY"": 42, ""MOVED_UP"": 65, ""OPPONENT_ELIMINATED"": 2, ""SAFE_BOMB_THREATENS_OPPONENT"": 12, ""STAYED_IN_DANGER"": 12, ""SURVIVED_ROUND"": 1, ""USELESS_BOMB"": 10, ""WAITED"": 113}","{""BOMB_DROPPED"": 0.0, ""BOMB_EXPLODED"": 0.0, ""BOMB_NEXT_TO_CRATE"": 0.39999999999999997, ""COIN_COLLECTED"": 4.0, ""CRATE_DESTROYED"": 2.400000000000001, ""ESCAPED_DANGER"": 1.290000000000001, ""INVALID_ACTION"": -0.1, ""MOVED_AWAY_FROM_COIN"": -1.540000000000001, ""MOVED_DOWN"": 0.0, ""MOVED_INTO_DANGER"": -5.249999999999999, ""MOVED_LEFT"": 0.0, ""MOVED_RIGHT"": 0.0, ""MOVED_TOWARD_COIN"": 2.4600000000000017, ""MOVED_TOWARD_SAFETY"": 1.260000000000001, ""MOVED_UP"": 0.0, ""OPPONENT_ELIMINATED"": 0.0, ""SAFE_BOMB_THREATENS_OPPONENT"": 1.2, ""STAYED_IN_DANGER"": -3.0, ""SURVIVED_ROUND"": 0.5, ""USELESS_BOMB"": -0.9999999999999999, ""WAITED"": -2.2600000000000016}"
18,0,0,0,400,0.19807333333333335,-8.457250000000002,0,-0.9899999999999991,-7.467250000000015,61.94433333333331,-69.4115833333334,400,0,"{""BOMB_DROPPED"": 30, ""BOMB_EXPLODED"": 30, ""BOMB_NEXT_TO_CRATE"": 8, ""CRATE_DESTROYED"": 14, ""ESCAPED_DANGER"": 41, ""INVALID_ACTION"": 2, ""MOVED_AWAY_FROM_COIN"": 3, ""MOVED_DOWN"": 60, ""MOVED_INTO_DANGER"": 11, ""MOVED_LEFT"": 60, ""MOVED_RIGHT"": 55, ""MOVED_TOWARD_COIN"": 27, ""MOVED_TOWARD_SAFETY"": 45, ""MOVED_UP"": 74, ""OPPONENT_ELIMINATED"": 2, ""SAFE_BOMB_THREATENS_OPPONENT"": 14, ""STAYED_IN_DANGER"": 5, ""SURVIVED_ROUND"": 1, ""USELESS_BOMB"": 10, ""WAITED"": 119}","{""BOMB_DROPPED"": 0.0, ""BOMB_EXPLODED"": 0.0, ""BOMB_NEXT_TO_CRATE"": 0.39999999999999997, ""CRATE_DESTROYED"": 1.4000000000000001, ""ESCAPED_DANGER"": 1.2300000000000009, ""INVALID_ACTION"": -0.2, ""MOVED_AWAY_FROM_COIN"": -0.21000000000000002, ""MOVED_DOWN"": 0.0, ""MOVED_INTO_DANGER"": -3.8500000000000005, ""MOVED_LEFT"": 0.0, ""MOVED_RIGHT"": 0.0, ""MOVED_TOWARD_COIN"": 1.620000000000001, ""MOVED_TOWARD_SAFETY"": 1.350000000000001, ""MOVED_UP"": 0.0, ""OPPONENT_ELIMINATED"": 0.0, ""SAFE_BOMB_THREATENS_OPPONENT"": 1.4000000000000001, ""STAYED_IN_DANGER"": -1.25, ""SURVIVED_ROUND"": 0.5, ""USELESS_BOMB"": -0.9999999999999999, ""WAITED"": -2.3800000000000017}"
19,3,1,8,400,0.19796,1.0292499999999984,8.0,1.2300000000000004,-8.20075000000001,44.21824999999997,-52.41900000000004,400,0,"{""BOMB_DROPPED"": 23, ""BOMB_EXPLODED"": 23, ""BOMB_NEXT_TO_CRATE"": 11, ""COIN_COLLECTED"": 3, ""COIN_FOUND"": 2, ""CRATE_DESTROYED"": 18, ""ESCAPED_DANGER"": 28, ""KILLED_OPPONENT"": 1, ""MOVED_AWAY_FROM_COIN"": 4, ""MOVED_DOWN"": 70, ""MOVED_INTO_DANGER"": 5, ""MOVED_LEFT"": 60, ""MOVED_RIGHT"": 64, ""MOVED_TOWARD_COIN"": 25, ""MOVED_TOWARD_SAFETY"": 37, ""MOVED_UP"": 81, ""OPPONENT_ELIMINATED"": 1, ""SAFE_BOMB_THREATENS_OPPONENT"": 6, ""STAYED_IN_DANGER"": 4, ""SURVIVED_ROUND"": 1, ""USELESS_BOMB"": 7, ""WAITED"": 102}","{""BOMB_DROPPED"": 0.0, ""BOMB_EXPLODED"": 0.0, ""BOMB_NEXT_TO_CRATE"": 0.5499999999999999, ""COIN_COLLECTED"": 3.0, ""COIN_FOUND"": 0.1, ""CRATE_DESTROYED"": 1.8000000000000005, ""ESCAPED_DANGER"": 0.8400000000000005, ""KILLED_OPPONENT"": 5.0, ""MOVED_AWAY_FROM_COIN"": -0.28, ""MOVED_DOWN"": 0.0, ""MOVED_INTO_DANGER"": -1.75, ""MOVED_LEFT"": 0.0, ""MOVED_RIGHT"": 0.0, ""MOVED_TOWARD_COIN"": 1.5000000000000009, ""MOVED_TOWARD_SAFETY"": 1.1100000000000008, ""MOVED_UP"": 0.0, ""OPPONENT_ELIMINATED"": 0.0, ""SAFE_BOMB_THREATENS_OPPONENT"": 0.6, ""STAYED_IN_DANGER"": -1.0, ""SURVIVED_ROUND"": 0.5, ""USELESS_BOMB"": -0.7, ""WAITED"": -2.0400000000000014}"
20,1,0,1,104,0.19784666666666667,-7.292500000000001,1.0,-4.809999999999999,-3.4825000000000013,13.765666666666668,-17.248166666666666,103,0,"{""BOMB_DROPPED"": 8, ""BOMB_EXPLODED"": 7, ""BOMB_NEXT_TO_CRATE"": 5, ""BOMB_WITH_NO_ESCAPE"": 1, ""COIN_COLLECTED"": 1, ""COIN_FOUND"": 1, ""CRATE_DESTROYED"": 15, ""ESCAPED_DANGER"": 8, ""GOT_KILLED"": 1, ""INVALID_ACTION"": 1, ""MOVED_AWAY_FROM_COIN"": 8, ""MOVED_DOWN"": 23, ""MOVED_INTO_DANGER"": 2, ""MOVED_LEFT"": 9, ""MOVED_RIGHT"": 7, ""MOVED_TOWARD_COIN"": 21, ""MOVED_TOWARD_SAFETY"": 12, ""MOVED_UP"": 23, ""SAFE_BOMB_THREATENS_OPPONENT"": 2, ""STAYED_IN_DANGER"": 4, ""USELESS_BOMB"": 1, ""WAITED"": 33}","{""BOMB_DROPPED"": 0.0, ""BOMB_EXPLODED"": 0.0, ""BOMB_NEXT_TO_CRATE"": 0.25, ""BOMB_WITH_NO_ESCAPE"": -0.55, ""COIN_COLLECTED"": 1.0, ""COIN_FOUND"": 0.05, ""CRATE_DESTROYED"": 1.5000000000000002, ""ESCAPED_DANGER"": 0.24, ""GOT_KILLED"": -5.0, ""INVALID_ACTION"": -0.1, ""MOVED_AWAY_FROM_COIN"": -0.56, ""MOVED_DOWN"": 0.0, ""MOVED_INTO_DANGER"": -0.7, ""MOVED_LEFT"": 0.0, ""MOVED_RIGHT"": 0.0, ""MOVED_TOWARD_COIN"": 1.2600000000000007, ""MOVED_TOWARD_SAFETY"": 0.3600000000000001, ""MOVED_UP"": 0.0, ""SAFE_BOMB_THREATENS_OPPONENT"": 0.2, ""STAYED_IN_DANGER"": -1.0, ""USELESS_BOMB"": -0.1, ""WAITED"": -0.6600000000000003}"
21,1,0,1,400,0.19773333333333334,-13.341833333333337,1.0,-5.06,-9.281833333333337,51.754666666666665,-61.03650000000005,400,0,"{""BOMB_DROPPED"": 21, ""BOMB_EXPLODED"": 20, ""BOMB_NEXT_TO_CRATE"": 3, ""COIN_COLLECTED"": 1, ""COIN_FOUND"": 1, ""CRATE_DESTROYED"": 5, ""ESCAPED_DANGER"": 35, ""INVALID_ACTION"": 2, ""MOVED_AWAY_FROM_COIN"": 2, ""MOVED_DOWN"": 56, ""MOVED_INTO_DANGER"": 15, ""MOVED_LEFT"": 68, ""MOVED_RIGHT"": 64, ""MOVED_TOWARD_COIN"": 11, ""MOVED_TOWARD_SAFETY"": 32, ""MOVED_UP"": 52, ""OPPONENT_ELIMINATED"": 2, ""SAFE_BOMB_THREATENS_OPPONENT"": 11, ""STAYED_IN_DANGER"": 4, ""SURVIVED_ROUND"": 1, ""USELESS_BOMB"": 7, ""WAITED"": 137}","{""BOMB_DROPPED"": 0.0, ""BOMB_EXPLODED"": 0.0, ""BOMB_NEXT_TO_CRATE"": 0.15000000000000002, ""COIN_COLLECTED"": 1.0, ""COIN_FOUND"": 0.05, ""CRATE_DESTROYED"": 0.5, ""ESCAPED_DANGER"": 1.0500000000000007, ""INVALID_ACTION"": -0.2, ""MOVED_AWAY_FROM_COIN"": -0.14, ""MOVED_DOWN"": 0.0, ""MOVED_INTO_DANGER"": -5.249999999999999, ""MOVED_LEFT"": 0.0, ""MOVED_RIGHT"": 0.0, ""MOVED_TOWARD_COIN"": 0.6600000000000001, ""MOVED_TOWARD_SAFETY"": 0.9600000000000006, ""MOVED_UP"": 0.0, ""OPPONENT_ELIMINATED"": 0.0, ""SAFE_BOMB_THREATENS_OPPONENT"": 1.0999999999999999, ""STAYED_IN_DANGER"": -1.0, ""SURVIVED_ROUND"": 0.5, ""USELESS_BOMB"": -0.7, ""WAITED"": -2.740000000000002}"
22,2,0,2,400,0.19762000000000002,-1.7192500000000095,2.0,1.5900000000000016,-5.309249999999995,52.74366666666664,-58.05291666666672,400,0,"{""BOMB_DROPPED"": 30, ""BOMB_EXPLODED"": 30, ""BOMB_NEXT_TO_CRATE"": 10, ""COIN_COLLECTED"": 2, ""CRATE_DESTROYED"": 24, ""ESCAPED_DANGER"": 33, ""INVALID_ACTION"": 1, ""MOVED_AWAY_FROM_COIN"": 6, ""MOVED_DOWN"": 66, ""MOVED_INTO_DANGER"": 4, ""MOVED_LEFT"": 67, ""MOVED_RIGHT"": 69, ""MOVED_TOWARD_COIN"": 25, ""MOVED_TOWARD_SAFETY"": 47, ""MOVED_UP"": 65, ""OPPONENT_ELIMINATED"": 1, ""SAFE_BOMB_THREATENS_OPPONENT"": 5, ""STAYED_IN_DANGER"": 3, ""SURVIVED_ROUND"": 1, ""USELESS_BOMB"": 15, ""WAITED"": 102}","{""BOMB_DROPPED"": 0.0, ""BOMB_EXPLODED"": 0.0, ""BOMB_NEXT_TO_CRATE"": 0.49999999999999994, ""COIN_COLLECTED"": 2.0, ""CRATE_DESTROYED"": 2.400000000000001, ""ESCAPED_DANGER"": 0.9900000000000007, ""INVALID_ACTION"": -0.1, ""MOVED_AWAY_FROM_COIN"": -0.42000000000000004, ""MOVED_DOWN"": 0.0, ""MOVED_INTO_DANGER"": -1.4, ""MOVED_LEFT"": 0.0, ""MOVED_RIGHT"": 0.0, ""MOVED_TOWARD_COIN"": 1.5000000000000009, ""MOVED_TOWARD_SAFETY"": 1.410000000000001, ""MOVED_UP"": 0.0, ""OPPONENT_ELIMINATED"": 0.0, ""SAFE_BOMB_THREATENS_OPPONENT"": 0.5, ""STAYED_IN_DANGER"": -0.75, ""SURVIVED_ROUND"": 0.5, ""USELESS_BOMB"": -1.5000000000000002, ""WAITED"": -2.0400000000000014}"
23,1,1,6,400,0.19750666666666666,-1.7327500000000033,6.0,-1.7999999999999998,-5.932750000000004,53.01649999999987,-58.949250000000085,400,0,"{""BOMB_DROPPED"": 25, ""BOMB_EXPLODED"": 25, ""BOMB_NEXT_TO_CRATE"": 7, ""COIN_COLLECTED"": 1, ""CRATE_DESTROYED"": 17, ""ESCAPED_DANGER"": 34, ""INVALID_ACTION"": 3, ""KILLED_OPPONENT"": 1, ""MOVED_AWAY_FROM_COIN"": 2, ""MOVED_DOWN"": 82, ""MOVED_INTO_DANGER"": 10, ""MOVED_LEFT"": 61, ""MOVED_RIGHT"": 71, ""MOVED_TOWARD_COIN"": 4, ""MOVED_TOWARD_SAFETY"": 43, ""MOVED_UP"": 70, ""OPPONENT_ELIMINATED"": 3, ""SAFE_BOMB_THREATENS_OPPONENT"": 11, ""STAYED_IN_DANGER"": 6, ""SURVIVED_ROUND"": 1, ""USELESS_BOMB"": 8, ""WAITED"": 88}","{""BOMB_DROPPED"": 0.0, ""BOMB_EXPLODED"": 0.0, ""BOMB_NEXT_TO_CRATE"": 0.35, ""COIN_COLLECTED"": 1.0, ""CRATE_DESTROYED"": 1.7000000000000004, ""ESCAPED_DANGER"": 1.0200000000000007, ""INVALID_ACTION"": -0.30000000000000004, ""KILLED_OPPONENT"": 5.0, ""MOVED_AWAY_FROM_COIN"": -0.14, ""MOVED_DOWN"": 0.0, ""MOVED_INTO_DANGER"": -3.5000000000000004, ""MOVED_LEFT"": 0.0, ""MOVED_RIGHT"": 0.0, ""MOVED_TOWARD_COIN"": 0.24, ""MOVED_TOWARD_SAFETY"": 1.290000000000001, ""MOVED_UP"": 0.0, ""OPPONENT_ELIMINATED"": 0.0, ""SAFE_BOMB_THREATENS_OPPONENT"": 1.0999999999999999, ""STAYED_IN_DANGER"": -1.5, ""SURVIVED_ROUND"": 0.5, ""USELESS_BOMB"": -0.7999999999999999, ""WAITED"": -1.7600000000000011}"
24,1,0,1,400,0.19739333333333334,-9.282249999999987,1.0,-2.3299999999999996,-7.952250000000015,63.89791666666671,-71.85016666666667,400,0,"{""BOMB_DROPPED"": 30, ""BOMB_EXPLODED"": 30, ""BOMB_NEXT_TO_CRATE"": 11, ""COIN_COLLECTED"": 1, ""COIN_FOUND"": 1, ""CRATE_DESTROYED"": 20, ""ESCAPED_DANGER"": 42, ""MOVED_AWAY_FROM_COIN"": 4, ""MOVED_DOWN"": 39, ""MOVED_INTO_DANGER"": 12, ""MOVED_LEFT"": 70, ""MOVED_RIGHT"": 82, ""MOVED_TOWARD_COIN"": 12, ""MOVED_TOWARD_SAFETY"": 43, ""MOVED_UP"": 53, ""OPPONENT_ELIMINATED"": 2, ""SAFE_BOMB_THREATENS_OPPONENT"": 11, ""STAYED_IN_DANGER"": 8, ""SURVIVED_ROUND"": 1, ""USELESS_BOMB"": 8, ""WAITED"": 126}","{""BOMB_DROPPED"": 0.0, ""BOMB_EXPLODED"": 0.0, ""BOMB_NEXT_TO_CRATE"": 0.5499999999999999, ""COIN_COLLECTED"": 1.0, ""COIN_FOUND"": 0.05, ""CRATE_DESTROYED"": 2.0000000000000004, ""ESCAPED_DANGER"": 1.260000000000001, ""MOVED_AWAY_FROM_COIN"": -0.28, ""MOVED_DOWN"": 0.0, ""MOVED_INTO_DANGER"": -4.2, ""MOVED_LEFT"": 0.0, ""MOVED_RIGHT"": 0.0, ""MOVED_TOWARD_COIN"": 0.7200000000000002, ""MOVED_TOWARD_SAFETY"": 1.290000000000001, ""MOVED_UP"": 0.0, ""OPPONENT_ELIMINATED"": 0.0, ""SAFE_BOMB_THREATENS_OPPONENT"": 1.0999999999999999, ""STAYED_IN_DANGER"": -2.0, ""SURVIVED_ROUND"": 0.5, ""USELESS_BOMB"": -0.7999999999999999, ""WAITED"": -2.520000000000002}"
25,2,0,2,400,0.19728,-5.116499999999999,2.0,0.6200000000000001,-7.736500000000007,46.16166666666665,-53.89816666666668,400,0,"{""BOMB_DROPPED"": 28, ""BOMB_EXPLODED"": 28, ""BOMB_NEXT_TO_CRATE"": 4, ""COIN_COLLECTED"": 2, ""COIN_FOUND"": 1, ""CRATE_DESTROYED"": 7, ""ESCAPED_DANGER"": 29, ""MOVED_AWAY_FROM_COIN"": 10, ""MOVED_DOWN"": 48, ""MOVED_INTO_DANGER"": 1, ""MOVED_LEFT"": 63, ""MOVED_RIGHT"": 62, ""MOVED_TOWARD_COIN"": 22, ""MOVED_TOWARD_SAFETY"": 40, ""MOVED_UP"": 48, ""OPPONENT_ELIMINATED"": 2, ""SAFE_BOMB_THREATENS_OPPONENT"": 15, ""STAYED_IN_DANGER"": 3, ""SURVIVED_ROUND"": 1, ""USELESS_BOMB"": 9, ""WAITED"": 151}","{""BOMB_DROPPED"": 0.0, ""BOMB_EXPLODED"": 0.0, ""BOMB_NEXT_TO_CRATE"": 0.2, ""COIN_COLLECTED"": 2.0, ""COIN_FOUND"": 0.05, ""CRATE_DESTROYED"": 0.7, ""ESCAPED_DANGER"": 0.8700000000000006, ""MOVED_AWAY_FROM_COIN"": -0.7000000000000002, ""MOVED_DOWN"": 0.0, ""MOVED_INTO_DANGER"": -0.35, ""MOVED_LEFT"": 0.0, ""MOVED_RIGHT"": 0.0, ""MOVED_TOWARD_COIN"": 1.3200000000000007, ""MOVED_TOWARD_SAFETY"": 1.2000000000000008, ""MOVED_UP"": 0.0, ""OPPONENT_ELIMINATED"": 0.0, ""SAFE_BOMB_THREATENS_OPPONENT"": 1.5000000000000002, ""STAYED_IN_DANGER"": -0.75, ""SURVIVED_ROUND"": 0.5, ""USELESS_BOMB"": -0.8999999999999999, ""WAITED"": -3.0200000000000022}"
26,1,0,1,400,0.19716666666666666,-5.575249999999995,1.0,-0.33999999999999664,-6.235250000000004,70.59433333333338,-76.8295833333332,400,0,"{""BOMB_DROPPED"": 33, ""BOMB_EXPLODED"": 33, ""BOMB_NEXT_TO_CRATE"": 15, ""COIN_COLLECTED"": 1, ""COIN_FOUND"": 1, ""CRATE_DESTROYED"": 31, ""ESCAPED_DANGER"": 47, ""MOVED_AWAY_FROM_COIN"": 3, ""MOVED_DOWN"": 54, ""MOVED_INTO_DANGER"": 14, ""MOVED_LEFT"": 66, ""MOVED_RIGHT"": 67, ""MOVED_TOWARD_COIN"": 6, ""MOVED_TOWARD_SAFETY"": 58, ""MOVED_UP"": 68, ""OPPONENT_ELIMINATED"": 2, ""SAFE_BOMB_THREATENS_OPPONENT"": 18, ""STAYED_IN_DANGER"": 10, ""SURVIVED_ROUND"": 1, ""USELESS_BOMB"": 2, ""WAITED"": 112}","{""BOMB_DROPPED"": 0.0, ""BOMB_EXPLODED"": 0.0, ""BOMB_NEXT_TO_CRATE"": 0.7500000000000001, ""COIN_COLLECTED"": 1.0, ""COIN_FOUND"": 0.05, ""CRATE_DESTROYED"": 3.1000000000000014, ""ESCAPED_DANGER"": 1.410000000000001, ""MOVED_AWAY_FROM_COIN"": -0.21000000000000002, ""MOVED_DOWN"": 0.0, ""MOVED_INTO_DANGER"": -4.8999999999999995, ""MOVED_LEFT"": 0.0, ""MOVED_RIGHT"": 0.0, ""MOVED_TOWARD_COIN"": 0.36, ""MOVED_TOWARD_SAFETY"": 1.7400000000000013, ""MOVED_UP"": 0.0, ""OPPONENT_ELIMINATED"": 0.0, ""SAFE_BOMB_THREATENS_OPPONENT"": 1.8000000000000005, ""STAYED_IN_DANGER"": -2.5, ""SURVIVED_ROUND"": 0.5, ""USELESS_BOMB"": -0.2, ""WAITED"": -2.2400000000000015}"
27,0,0,0,400,0.19705333333333336,-6.136500000000011,0,-1.4699999999999998,-4.666500000000013,49.90516666666662,-54.57166666666668,400,0,"{""BOMB_DROPPED"": 28, ""BOMB_EXPLODED"": 28, ""BOMB_NEXT_TO_CRATE"": 9, ""COIN_FOUND"": 1, ""CRATE_DESTROYED"": 16, ""ESCAPED_DANGER"": 31, ""MOVED_AWAY_FROM_COIN"": 1, ""MOVED_DOWN"": 37, ""MOVED_INTO_DANGER"": 3, ""MOVED_LEFT"": 83, ""MOVED_RIGHT"": 97, ""MOVED_TOWARD_COIN"": 9, ""MOVED_TOWARD_SAFETY"": 37, ""MOVED_UP"": 46, ""OPPONENT_ELIMINATED"": 1, ""SAFE_BOMB_THREATENS_OPPONENT"": 7, ""STAYED_IN_DANGER"": 11, ""SURVIVED_ROUND"": 1, ""USELESS_BOMB"": 13, ""WAITED"": 109}","{""BOMB_DROPPED"": 0.0, ""BOMB_EXPLODED"": 0.0, ""BOMB_NEXT_TO_CRATE"": 0.44999999999999996, ""COIN_FOUND"": 0.05, ""CRATE_DESTROYED"": 1.6000000000000003, ""ESCAPED_DANGER"": 0.9300000000000006, ""MOVED_AWAY_FROM_COIN"": -0.07, ""MOVED_DOWN"": 0.0, ""MOVED_INTO_DANGER"": -1.0499999999999998, ""MOVED_LEFT"": 0.0, ""MOVED_RIGHT"": 0.0, ""MOVED_TOWARD_COIN"": 0.54, ""MOVED_TOWARD_SAFETY"": 1.1100000000000008, ""MOVED_UP"": 0.0, ""OPPONENT_ELIMINATED"": 0.0, ""SAFE_BOMB_THREATENS_OPPONENT"": 0.7, ""STAYED_IN_DANGER"": -2.75, ""SURVIVED_ROUND"": 0.5, ""USELESS_BOMB"": -1.3, ""WAITED"": -2.1800000000000015}"
28,1,0,1,400,0.19694,-8.260499999999997,1.0,-0.9299999999999993,-8.330500000000004,63.38474999999996,-71.71525,400,0,"{""BOMB_DROPPED"": 33, ""BOMB_EXPLODED"": 33, ""BOMB_NEXT_TO_CRATE"": 8, ""COIN_COLLECTED"": 1, ""CRATE_DESTROYED"": 21, ""ESCAPED_DANGER"": 42, ""INVALID_ACTION"": 2, ""MOVED_AWAY_FROM_COIN"": 6, ""MOVED_DOWN"": 57, ""MOVED_INTO_DANGER"": 9, ""MOVED_LEFT"": 45, ""MOVED_RIGHT"": 59, ""MOVED_TOWARD_COIN"": 17, ""MOVED_TOWARD_SAFETY"": 42, ""MOVED_UP"": 64, ""OPPONENT_ELIMINATED"": 2, ""SAFE_BOMB_THREATENS_OPPONENT"": 17, ""SAFE_BOMB_TRAPS_OPPONENT"": 1, ""STAYED_IN_DANGER"": 8, ""SURVIVED_ROUND"": 1, ""USELESS_BOMB"": 8, ""WAITED"": 140}","{""BOMB_DROPPED"": 0.0, ""BOMB_EXPLODED"": 0.0, ""BOMB_NEXT_TO_CRATE"": 0.39999999999999997, ""COIN_COLLECTED"": 1.0, ""CRATE_DESTROYED"": 2.1000000000000005, ""ESCAPED_DANGER"": 1.260000000000001, ""INVALID_ACTION"": -0.2, ""MOVED_AWAY_FROM_COIN"": -0.42000000000000004, ""MOVED_DOWN"": 0.0, ""MOVED_INTO_DANGER"": -3.1500000000000004, ""MOVED_LEFT"": 0.0, ""MOVED_RIGHT"": 0.0, ""MOVED_TOWARD_COIN"": 1.0200000000000005, ""MOVED_TOWARD_SAFETY"": 1.260000000000001, ""MOVED_UP"": 0.0, ""OPPONENT_ELIMINATED"": 0.0, ""SAFE_BOMB_THREATENS_OPPONENT"": 1.7000000000000004, ""SAFE_BOMB_TRAPS_OPPONENT"": 0.2, ""STAYED_IN_DANGER"": -2.0, ""SURVIVED_ROUND"": 0.5, ""USELESS_BOMB"": -0.7999999999999999, ""WAITED"": -2.800000000000002}"
29,2,0,2,400,0.19682666666666668,-2.3687499999999964,2.0,1.200000000000002,-5.568750000000001,59.081083333333424,-64.64983333333329,400,0,"{""BOMB_DROPPED"": 30, ""BOMB_EXPLODED"": 30, ""BOMB_NEXT_TO_CRATE"": 9, ""COIN_COLLECTED"": 2, ""COIN_FOUND"": 2, ""CRATE_DESTROYED"": 22, ""ESCAPED_DANGER"": 37, ""MOVED_AWAY_FROM_COIN"": 3, ""MOVED_DOWN"": 42, ""MOVED_INTO_DANGER"": 8, ""MOVED_LEFT"": 85, ""MOVED_RIGHT"": 72, ""MOVED_TOWARD_COIN"": 34, ""MOVED_TOWARD_SAFETY"": 48, ""MOVED_UP"": 42, ""OPPONENT_ELIMINATED"": 2, ""SAFE_BOMB_THREATENS_OPPONENT"": 14, ""STAYED_IN_DANGER"": 7, ""SURVIVED_ROUND"": 1, ""USELESS_BOMB"": 7, ""WAITED"": 129}","{""BOMB_DROPPED"": 0.0, ""BOMB_EXPLODED"": 0.0, ""BOMB_NEXT_TO_CRATE"": 0.44999999999999996, ""COIN_COLLECTED"": 2.0, ""COIN_FOUND"": 0.1, ""CRATE_DESTROYED"": 2.2000000000000006, ""ESCAPED_DANGER"": 1.1100000000000008, ""MOVED_AWAY_FROM_COIN"": -0.21000000000000002, ""MOVED_DOWN"": 0.0, ""MOVED_INTO_DANGER"": -2.8000000000000003, ""MOVED_LEFT"": 0.0, ""MOVED_RIGHT"": 0.0, ""MOVED_TOWARD_COIN"": 2.0400000000000014, ""MOVED_TOWARD_SAFETY"": 1.440000000000001, ""MOVED_UP"": 0.0, ""OPPONENT_ELIMINATED"": 0.0, ""SAFE_BOMB_THREATENS_OPPONENT"": 1.4000000000000001, ""STAYED_IN_DANGER"": -1.75, ""SURVIVED_ROUND"": 0.5, ""USELESS_BOMB"": -0.7, ""WAITED"": -2.580000000000002}"
30,3,0,3,400,0.19671333333333335,-6.827750000000005,3.0,-3.249999999999997,-6.577750000000008,64.81725000000007,-71.39499999999998,400,0,"{""BOMB_DROPPED"": 27, ""BOMB_EXPLODED"": 27, ""BOMB_NEXT_TO_CRATE"": 6, ""COIN_COLLECTED"": 3, ""COIN_FOUND"": 2, ""CRATE_DESTROYED"": 19, ""ESCAPED_DANGER"": 44, ""INVALID_ACTION"": 2, ""MOVED_AWAY_FROM_COIN"": 14, ""MOVED_DOWN"": 45, ""MOVED_INTO_DANGER"": 17, ""MOVED_LEFT"": 66, ""MOVED_RIGHT"": 57, ""MOVED_TOWARD_COIN"": 31, ""MOVED_TOWARD_SAFETY"": 41, ""MOVED_UP"": 59, ""OPPONENT_ELIMINATED"": 2, ""SAFE_BOMB_THREATENS_OPPONENT"": 15, ""STAYED_IN_DANGER"": 5, ""SURVIVED_ROUND"": 1, ""USELESS_BOMB"": 7, ""WAITED"": 144}","{""BOMB_DROPPED"": 0.0, ""BOMB_EXPLODED"": 0.0, ""BOMB_NEXT_TO_CRATE"": 0.3, ""COIN_COLLECTED"": 3.0, ""COIN_FOUND"": 0.1, ""CRATE_DESTROYED"": 1.9000000000000006, ""ESCAPED_DANGER"": 1.320000000000001, ""INVALID_ACTION"": -0.2, ""MOVED_AWAY_FROM_COIN"": -0.9800000000000004, ""MOVED_DOWN"": 0.0, ""MOVED_INTO_DANGER"": -5.949999999999998, ""MOVED_LEFT"": 0.0, ""MOVED_RIGHT"": 0.0, ""MOVED_TOWARD_COIN"": 1.8600000000000012, ""MOVED_TOWARD_SAFETY"": 1.2300000000000009, ""MOVED_UP"": 0.0, ""OPPONENT_ELIMINATED"": 0.0, ""SAFE_BOMB_THREATENS_OPPONENT"": 1.5000000000000002, ""STAYED_IN_DANGER"": -1.25, ""SURVIVED_ROUND"": 0.5, ""USELESS_BOMB"": -0.7, ""WAITED"": -2.880000000000002}"
31,0,0,0,400,0.1966,-7.160750000000001,0,-0.8299999999999992,-6.330750000000014,65.57841666666663,-71.90916666666666,400,0,"{""BOMB_DROPPED"": 39, ""BOMB_EXPLODED"": 39, ""BOMB_NEXT_TO_CRATE"": 6, ""CRATE_DESTROYED"": 11, ""ESCAPED_DANGER"": 44, ""INVALID_ACTION"": 1, ""MOVED_AWAY_FROM_COIN"": 2, ""MOVED_DOWN"": 59, ""MOVED_INTO_DANGER"": 6, ""MOVED_LEFT"": 47, ""MOVED_RIGHT"": 46, ""MOVED_TOWARD_COIN"": 3, ""MOVED_TOWARD_SAFETY"": 57, ""MOVED_UP"": 73, ""OPPONENT_ELIMINATED"": 2, ""SAFE_BOMB_THREATENS_OPPONENT"": 22, ""STAYED_IN_DANGER"": 8, ""SURVIVED_ROUND"": 1, ""USELESS_BOMB"": 11, ""WAITED"": 135}","{""BOMB_DROPPED"": 0.0, ""BOMB_EXPLODED"": 0.0, ""BOMB_NEXT_TO_CRATE"": 0.3, ""CRATE_DESTROYED"": 1.0999999999999999, ""ESCAPED_DANGER"": 1.320000000000001, ""INVALID_ACTION"": -0.1, ""MOVED_AWAY_FROM_COIN"": -0.14, ""MOVED_DOWN"": 0.0, ""MOVED_INTO_DANGER"": -2.1, ""MOVED_LEFT"": 0.0, ""MOVED_RIGHT"": 0.0, ""MOVED_TOWARD_COIN"": 0.18, ""MOVED_TOWARD_SAFETY"": 1.7100000000000013, ""MOVED_UP"": 0.0, ""OPPONENT_ELIMINATED"": 0.0, ""SAFE_BOMB_THREATENS_OPPONENT"": 2.2000000000000006, ""STAYED_IN_DANGER"": -2.0, ""SURVIVED_ROUND"": 0.5, ""USELESS_BOMB"": -1.0999999999999999, ""WAITED"": -2.700000000000002}"
32,0,0,0,101,0.1964866666666667,-4.839749999999998,0,-3.4499999999999997,-1.3897500000000003,16.693250000000003,-18.083,100,0,"{""BOMB_DROPPED"": 10, ""BOMB_EXPLODED"": 10, ""BOMB_NEXT_TO_CRATE"": 8, ""CRATE_DESTROYED"": 15, ""ESCAPED_DANGER"": 10, ""GOT_KILLED"": 1, ""MOVED_DOWN"": 13, ""MOVED_INTO_DANGER"": 1, ""MOVED_LEFT"": 11, ""MOVED_RIGHT"": 17, ""MOVED_TOWARD_COIN"": 9, ""MOVED_TOWARD_SAFETY"": 17, ""MOVED_UP"": 15, ""SAFE_BOMB_THREATENS_OPPONENT"": 2, ""STAYED_IN_DANGER"": 3, ""USELESS_BOMB"": 1, ""WAITED"": 35}","{""BOMB_DROPPED"": 0.0, ""BOMB_EXPLODED"": 0.0, ""BOMB_NEXT_TO_CRATE"": 0.39999999999999997, ""CRATE_DESTROYED"": 1.5000000000000002, ""ESCAPED_DANGER"": 0.30000000000000004, ""GOT_KILLED"": -5.0, ""MOVED_DOWN"": 0.0, ""MOVED_INTO_DANGER"": -0.35, ""MOVED_LEFT"": 0.0, ""MOVED_RIGHT"": 0.0, ""MOVED_TOWARD_COIN"": 0.54, ""MOVED_TOWARD_SAFETY"": 0.5100000000000002, ""MOVED_UP"": 0.0, ""SAFE_BOMB_THREATENS_OPPONENT"": 0.2, ""STAYED_IN_DANGER"": -0.75, ""USELESS_BOMB"": -0.1, ""WAITED"": -0.7000000000000003}"
33,0,0,0,114,0.19637333333333334,-7.655750000000001,0,-5.42,-2.2357500000000017,14.62316666666666,-16.858916666666673,113,0,"{""BOMB_DROPPED"": 7, ""BOMB_EXPLODED"": 7, ""BOMB_NEXT_TO_CRATE"": 7, ""CRATE_DESTROYED"": 15, ""ESCAPED_DANGER"": 8, ""GOT_KILLED"": 1, ""MOVED_AWAY_FROM_COIN"": 3, ""MOVED_DOWN"": 5, ""MOVED_INTO_DANGER"": 2, ""MOVED_LEFT"": 23, ""MOVED_RIGHT"": 29, ""MOVED_TOWARD_COIN"": 3, ""MOVED_TOWARD_SAFETY"": 11, ""MOVED_UP"": 7, ""OPPONENT_ELIMINATED"": 1, ""STAYED_IN_DANGER"": 5, ""WAITED"": 43}","{""BOMB_DROPPED"": 0.0, ""BOMB_EXPLODED"": 0.0, ""BOMB_NEXT_TO_CRATE"": 0.35, ""CRATE_DESTROYED"": 1.5000000000000002, ""ESCAPED_DANGER"": 0.24, ""GOT_KILLED"": -5.0, ""MOVED_AWAY_FROM_COIN"": -0.21000000000000002, ""MOVED_DOWN"": 0.0, ""MOVED_INTO_DANGER"": -0.7, ""MOVED_LEFT"": 0.0, ""MOVED_RIGHT"": 0.0, ""MOVED_TOWARD_COIN"": 0.18, ""MOVED_TOWARD_SAFETY"": 0.33000000000000007, ""MOVED_UP"": 0.0, ""OPPONENT_ELIMINATED"": 0.0, ""STAYED_IN_DANGER"": -1.25, ""WAITED"": -0.8600000000000004}"
34,0,0,0,171,0.19626000000000002,-9.775250000000002,0,-4.9399999999999995,-4.835250000000004,21.354166666666654,-26.18941666666664,170,0,"{""BOMB_DROPPED"": 11, ""BOMB_EXPLODED"": 11, ""BOMB_NEXT_TO_CRATE"": 8, ""CRATE_DESTROYED"": 14, ""ESCAPED_DANGER"": 14, ""GOT_KILLED"": 1, ""INVALID_ACTION"": 2, ""MOVED_AWAY_FROM_COIN"": 10, ""MOVED_DOWN"": 30, ""MOVED_INTO_DANGER"": 4, ""MOVED_LEFT"": 16, ""MOVED_RIGHT"": 16, ""MOVED_TOWARD_COIN"": 29, ""MOVED_TOWARD_SAFETY"": 19, ""MOVED_UP"": 30, ""OPPONENT_ELIMINATED"": 1, ""SAFE_BOMB_THREATENS_OPPONENT"": 1, ""STAYED_IN_DANGER"": 3, ""USELESS_BOMB"": 2, ""WAITED"": 66}","{""BOMB_DROPPED"": 0.0, ""BOMB_EXPLODED"": 0.0, ""BOMB_NEXT_TO_CRATE"": 0.39999999999999997, ""CRATE_DESTROYED"": 1.4000000000000001, ""ESCAPED_DANGER"": 0.42000000000000015, ""GOT_KILLED"": -5.0, ""INVALID_ACTION"": -0.2, ""MOVED_AWAY_FROM_COIN"": -0.7000000000000002, ""MOVED_DOWN"": 0.0, ""MOVED_INTO_DANGER"": -1.4, ""MOVED_LEFT"": 0.0, ""MOVED_RIGHT"": 0.0, ""MOVED_TOWARD_COIN"": 1.740000000000001, ""MOVED_TOWARD_SAFETY"": 0.5700000000000003, ""MOVED_UP"": 0.0, ""OPPONENT_ELIMINATED"": 0.0, ""SAFE_BOMB_THREATENS_OPPONENT"": 0.1, ""STAYED_IN_DANGER"": -0.75, ""USELESS_BOMB"": -0.2, ""WAITED"": -1.3200000000000007}"
35,0,1,5,400,0.1961466666666667,-1.2340000000000022,5.0,-0.35999999999999943,-5.874000000000002,65.42725000000002,-71.30125000000002,400,0,"{""BOMB_DROPPED"": 37, ""BOMB_EXPLODED"": 37, ""BOMB_NEXT_TO_CRATE"": 11, ""CRATE_DESTROYED"": 25, ""ESCAPED_DANGER"": 42, ""INVALID_ACTION"": 1, ""KILLED_OPPONENT"": 1, ""MOVED_AWAY_FROM_COIN"": 4, ""MOVED_DOWN"": 54, ""MOVED_INTO_DANGER"": 6, ""MOVED_LEFT"": 63, ""MOVED_RIGHT"": 66, ""MOVED_TOWARD_COIN"": 8, ""MOVED_TOWARD_SAFETY"": 62, ""MOVED_UP"": 60, ""OPPONENT_ELIMINATED"": 2, ""SAFE_BOMB_THREATENS_OPPONENT"": 12, ""STAYED_IN_DANGER"": 9, ""SURVIVED_ROUND"": 1, ""USELESS_BOMB"": 16, ""WAITED"": 119}","{""BOMB_DROPPED"": 0.0, ""BOMB_EXPLODED"": 0.0, ""BOMB_NEXT_TO_CRATE"": 0.5499999999999999, ""CRATE_DESTROYED"": 2.500000000000001, ""ESCAPED_DANGER"": 1.260000000000001, ""INVALID_ACTION"": -0.1, ""KILLED_OPPONENT"": 5.0, ""MOVED_AWAY_FROM_COIN"": -0.28, ""MOVED_DOWN"": 0.0, ""MOVED_INTO_DANGER"": -2.1, ""MOVED_LEFT"": 0.0, ""MOVED_RIGHT"": 0.0, ""MOVED_TOWARD_COIN"": 0.48, ""MOVED_TOWARD_SAFETY"": 1.8600000000000014, ""MOVED_UP"": 0.0, ""OPPONENT_ELIMINATED"": 0.0, ""SAFE_BOMB_THREATENS_OPPONENT"": 1.2, ""STAYED_IN_DANGER"": -2.25, ""SURVIVED_ROUND"": 0.5, ""USELESS_BOMB"": -1.6000000000000003, ""WAITED"": -2.3800000000000017}"
36,0,0,0,105,0.19603333333333334,-7.95225,0,-5.62,-2.332250000000001,15.460499999999996,-17.792749999999995,104,0,"{""BOMB_DROPPED"": 10, ""BOMB_EXPLODED"": 9, ""BOMB_NEXT_TO_CRATE"": 6, ""BOMB_WITH_NO_ESCAPE"": 1, ""CRATE_DESTROYED"": 11, ""ESCAPED_DANGER"": 10, ""GOT_KILLED"": 1, ""MOVED_AWAY_FROM_COIN"": 1, ""MOVED_DOWN"": 15, ""MOVED_INTO_DANGER"": 2, ""MOVED_LEFT"": 8, ""MOVED_RIGHT"": 7, ""MOVED_TOWARD_COIN"": 5, ""MOVED_TOWARD_SAFETY"": 11, ""MOVED_UP"": 21, ""SAFE_BOMB_THREATENS_OPPONENT"": 2, ""STAYED_IN_DANGER"": 3, ""USELESS_BOMB"": 2, ""WAITED"": 44}","{""BOMB_DROPPED"": 0.0, ""BOMB_EXPLODED"": 0.0, ""BOMB_NEXT_TO_CRATE"": 0.3, ""BOMB_WITH_NO_ESCAPE"": -0.55, ""CRATE_DESTROYED"": 1.0999999999999999, ""ESCAPED_DANGER"": 0.30000000000000004, ""GOT_KILLED"": -5.0, ""MOVED_AWAY_FROM_COIN"": -0.07, ""MOVED_DOWN"": 0.0, ""MOVED_INTO_DANGER"": -0.7, ""MOVED_LEFT"": 0.0, ""MOVED_RIGHT"": 0.0, ""MOVED_TOWARD_COIN"": 0.3, ""MOVED_TOWARD_SAFETY"": 0.33000000000000007, ""MOVED_UP"": 0.0, ""SAFE_BOMB_THREATENS_OPPONENT"": 0.2, ""STAYED_IN_DANGER"": -0.75, ""USELESS_BOMB"": -0.2, ""WAITED"": -0.8800000000000004}"
37,1,0,1,400,0.19592,-6.545499999999999,1.0,-0.9899999999999993,-6.555500000000013,55.02658333333338,-61.582083333333344,400,0,"{""BOMB_DROPPED"": 28, ""BOMB_EXPLODED"": 28, ""BOMB_NEXT_TO_CRATE"": 6, ""COIN_COLLECTED"": 1, ""COIN_FOUND"": 1, ""CRATE_DESTROYED"": 14, ""ESCAPED_DANGER"": 35, ""INVALID_ACTION"": 3, ""MOVED_AWAY_FROM_COIN"": 2, ""MOVED_DOWN"": 79, ""MOVED_INTO_DANGER"": 7, ""MOVED_LEFT"": 49, ""MOVED_RIGHT"": 49, ""MOVED_TOWARD_COIN"": 19, ""MOVED_TOWARD_SAFETY"": 41, ""MOVED_UP"": 91, ""OPPONENT_ELIMINATED"": 2, ""SAFE_BOMB_THREATENS_OPPONENT"": 11, ""STAYED_IN_DANGER"": 7, ""SURVIVED_ROUND"": 1, ""USELESS_BOMB"": 11, ""WAITED"": 101}","{""BOMB_DROPPED"": 0.0, ""BOMB_EXPLODED"": 0.0, ""BOMB_NEXT_TO_CRATE"": 0.3, ""COIN_COLLECTED"": 1.0, ""COIN_FOUND"": 0.05, ""CRATE_DESTROYED"": 1.4000000000000001, ""ESCAPED_DANGER"": 1.0500000000000007, ""INVALID_ACTION"": -0.30000000000000004, ""MOVED_AWAY_FROM_COIN"": -0.14, ""MOVED_DOWN"": 0.0, ""MOVED_INTO_DANGER"": -2.45, ""MOVED_LEFT"": 0.0, ""MOVED_RIGHT"": 0.0, ""MOVED_TOWARD_COIN"": 1.1400000000000006, ""MOVED_TOWARD_SAFETY"": 1.2300000000000009, ""MOVED_UP"": 0.0, ""OPPONENT_ELIMINATED"": 0.0, ""SAFE_BOMB_THREATENS_OPPONENT"": 1.0999999999999999, ""STAYED_IN_DANGER"": -1.75, ""SURVIVED_ROUND"": 0.5, ""USELESS_BOMB"": -1.0999999999999999, ""WAITED"": -2.0200000000000014}"
38,1,0,1,179,0.19580666666666668,-7.027750000000001,1.0,-2.9999999999999987,-5.027750000000002,27.41324999999999,-32.44099999999999,178,0,"{""BOMB_DROPPED"": 16, ""BOMB_EXPLODED"": 15, ""BOMB_NEXT_TO_CRATE"": 13, ""BOMB_WITH_NO_ESCAPE"": 1, ""COIN_COLLECTED"": 1, ""COIN_FOUND"": 2, ""CRATE_DESTROYED"": 24, ""ESCAPED_DANGER"": 16, ""GOT_KILLED"": 1, ""MOVED_AWAY_FROM_COIN"": 6, ""MOVED_DOWN"": 21, ""MOVED_INTO_DANGER"": 2, ""MOVED_LEFT"": 20, ""MOVED_RIGHT"": 27, ""MOVED_TOWARD_COIN"": 18, ""MOVED_TOWARD_SAFETY"": 22, ""MOVED_UP"": 35, ""OPPONENT_ELIMINATED"": 1, ""SAFE_BOMB_THREATENS_OPPONENT"": 6, ""STAYED_IN_DANGER"": 4, ""USELESS_BOMB"": 1, ""WAITED"": 60}","{""BOMB_DROPPED"": 0.0, ""BOMB_EXPLODED"": 0.0, ""BOMB_NEXT_TO_CRATE"": 0.65, ""BOMB_WITH_NO_ESCAPE"": -0.55, ""COIN_COLLECTED"": 1.0, ""COIN_FOUND"": 0.1, ""CRATE_DESTROYED"": 2.400000000000001, ""ESCAPED_DANGER"": 0.4800000000000002, ""GOT_KILLED"": -5.0, ""MOVED_AWAY_FROM_COIN"": -0.42000000000000004, ""MOVED_DOWN"": 0.0, ""MOVED_INTO_DANGER"": -0.7, ""MOVED_LEFT"": 0.0, ""MOVED_RIGHT"": 0.0, ""MOVED_TOWARD_COIN"": 1.0800000000000005, ""MOVED_TOWARD_SAFETY"": 0.6600000000000004, ""MOVED_UP"": 0.0, ""OPPONENT_ELIMINATED"": 0.0, ""SAFE_BOMB_THREATENS_OPPONENT"": 0.6, ""STAYED_IN_DANGER"": -1.0, ""USELESS_BOMB"": -0.1, ""WAITED"": -1.2000000000000006}"
39,3,0,3,400,0.19569333333333336,-1.9442500000000056,3.0,2.150000000000002,-7.0942500000000015,53.44949999999998,-60.54375000000002,400,0,"{""BOMB_DROPPED"": 31, ""BOMB_EXPLODED"": 31, ""BOMB_NEXT_TO_CRATE"": 12, ""COIN_COLLECTED"": 3, ""COIN_FOUND"": 3, ""CRATE_DESTROYED"": 24, ""ESCAPED_DANGER"": 34, ""MOVED_AWAY_FROM_COIN"": 6, ""MOVED_DOWN"": 73, ""MOVED_INTO_DANGER"": 3, ""MOVED_LEFT"": 68, ""MOVED_RIGHT"": 68, ""MOVED_TOWARD_COIN"": 25, ""MOVED_TOWARD_SAFETY"": 49, ""MOVED_UP"": 59, ""OPPONENT_ELIMINATED"": 1, ""SAFE_BOMB_THREATENS_OPPONENT"": 5, ""STAYED_IN_DANGER"": 4, ""SURVIVED_ROUND"": 1, ""USELESS_BOMB"": 15, ""WAITED"": 101}","{""BOMB_DROPPED"": 0.0, ""BOMB_EXPLODED"": 0.0, ""BOMB_NEXT_TO_CRATE"": 0.6, ""COIN_COLLECTED"": 3.0, ""COIN_FOUND"": 0.15000000000000002, ""CRATE_DESTROYED"": 2.400000000000001, ""ESCAPED_DANGER"": 1.0200000000000007, ""MOVED_AWAY_FROM_COIN"": -0.42000000000000004, ""MOVED_DOWN"": 0.0, ""MOVED_INTO_DANGER"": -1.0499999999999998, ""MOVED_LEFT"": 0.0, ""MOVED_RIGHT"": 0.0, ""MOVED_TOWARD_COIN"": 1.5000000000000009, ""MOVED_TOWARD_SAFETY"": 1.470000000000001, ""MOVED_UP"": 0.0, ""OPPONENT_ELIMINATED"": 0.0, ""SAFE_BOMB_THREATENS_OPPONENT"": 0.5, ""STAYED_IN_DANGER"": -1.0, ""SURVIVED_ROUND"": 0.5, ""USELESS_BOMB"": -1.5000000000000002, ""WAITED"": -2.0200000000000014}"
40,1,0,1,400,0.19558,-6.165499999999998,1.0,0.8400000000000025,-8.005500000000005,61.80324999999996,-69.80875000000003,400,0,"{""BOMB_DROPPED"": 36, ""BOMB_EXPLODED"": 36, ""BOMB_NEXT_TO_CRATE"": 8, ""COIN_COLLECTED"": 1, ""COIN_FOUND"": 1, ""CRATE_DESTROYED"": 19, ""ESCAPED_DANGER"": 41, ""INVALID_ACTION"": 2, ""MOVED_AWAY_FROM_COIN"": 6, ""MOVED_DOWN"": 53, ""MOVED_INTO_DANGER"": 5, ""MOVED_LEFT"": 61, ""MOVED_RIGHT"": 48, ""MOVED_TOWARD_COIN"": 31, ""MOVED_TOWARD_SAFETY"": 51, ""MOVED_UP"": 67, ""OPPONENT_ELIMINATED"": 2, ""SAFE_BOMB_THREATENS_OPPONENT"": 19, ""STAYED_IN_DANGER"": 10, ""SURVIVED_ROUND"": 1, ""USELESS_BOMB"": 10, ""WAITED"": 133}","{""BOMB_DROPPED"": 0.0, ""BOMB_EXPLODED"": 0.0, ""BOMB_NEXT_TO_CRATE"": 0.39999999999999997, ""COIN_COLLECTED"": 1.0, ""COIN_FOUND"": 0.05, ""CRATE_DESTROYED"": 1.9000000000000006, ""ESCAPED_DANGER"": 1.2300000000000009, ""INVALID_ACTION"": -0.2, ""MOVED_AWAY_FROM_COIN"": -0.42000000000000004, ""MOVED_DOWN"": 0.0, ""MOVED_INTO_DANGER"": -1.75, ""MOVED_LEFT"": 0.0, ""MOVED_RIGHT"": 0.0, ""MOVED_TOWARD_COIN"": 1.8600000000000012, ""MOVED_TOWARD_SAFETY"": 1.5300000000000011, ""MOVED_UP"": 0.0, ""OPPONENT_ELIMINATED"": 0.0, ""SAFE_BOMB_THREATENS_OPPONENT"": 1.9000000000000006, ""STAYED_IN_DANGER"": -2.5, ""SURVIVED_ROUND"": 0.5, ""USELESS_BOMB"": -0.9999999999999999, ""WAITED"": -2.660000000000002}"
41,2,1,7,400,0.19546666666666668,-1.4232500000000017,7.0,1.0300000000000011,-9.453250000000004,56.411333333333324,-65.86458333333337,400,0,"{""BOMB_DROPPED"": 29, ""BOMB_EXPLODED"": 28, ""BOMB_NEXT_TO_CRATE"": 13, ""COIN_COLLECTED"": 2, ""COIN_FOUND"": 4, ""CRATE_DESTROYED"": 31, ""ESCAPED_DANGER"": 37, ""KILLED_OPPONENT"": 1, ""MOVED_AWAY_FROM_COIN"": 4, ""MOVED_DOWN"": 43, ""MOVED_INTO_DANGER"": 10, ""MOVED_LEFT"": 70, ""MOVED_RIGHT"": 84, ""MOVED_TOWARD_COIN"": 23, ""MOVED_TOWARD_SAFETY"": 45, ""MOVED_UP"": 55, ""OPPONENT_ELIMINATED"": 2, ""SAFE_BOMB_THREATENS_OPPONENT"": 11, ""STAYED_IN_DANGER"": 6, ""SURVIVED_ROUND"": 1, ""USELESS_BOMB"": 7, ""WAITED"": 119}","{""BOMB_DROPPED"": 0.0, ""BOMB_EXPLODED"": 0.0, ""BOMB_NEXT_TO_CRATE"": 0.65, ""COIN_COLLECTED"": 2.0, ""COIN_FOUND"": 0.2, ""CRATE_DESTROYED"": 3.1000000000000014, ""ESCAPED_DANGER"": 1.1100000000000008, ""KILLED_OPPONENT"": 5.0, ""MOVED_AWAY_FROM_COIN"": -0.28, ""MOVED_DOWN"": 0.0, ""MOVED_INTO_DANGER"": -3.5000000000000004, ""MOVED_LEFT"": 0.0, ""MOVED_RIGHT"": 0.0, ""MOVED_TOWARD_COIN"": 1.3800000000000008, ""MOVED_TOWARD_SAFETY"": 1.350000000000001, ""MOVED_UP"": 0.0, ""OPPONENT_ELIMINATED"": 0.0, ""SAFE_BOMB_THREATENS_OPPONENT"": 1.0999999999999999, ""STAYED_IN_DANGER"": -1.5, ""SURVIVED_ROUND"": 0.5, ""USELESS_BOMB"": -0.7, ""WAITED"": -2.3800000000000017}"
42,2,0,2,87,0.19535333333333335,-2.279750000000001,2.0,-2.5799999999999996,-1.6997499999999999,14.336666666666659,-16.036416666666664,86,0,"{""BOMB_DROPPED"": 9, ""BOMB_EXPLODED"": 9, ""BOMB_NEXT_TO_CRATE"": 9, ""COIN_COLLECTED"": 2, ""COIN_FOUND"": 2, ""CRATE_DESTROYED"": 21, ""ESCAPED_DANGER"": 9, ""GOT_KILLED"": 1, ""MOVED_DOWN"": 9, ""MOVED_INTO_DANGER"": 1, ""MOVED_LEFT"": 7, ""MOVED_RIGHT"": 12, ""MOVED_TOWARD_COIN"": 6, ""MOVED_TOWARD_SAFETY"": 16, ""MOVED_UP"": 13, ""STAYED_IN_DANGER"": 1, ""WAITED"": 37}","{""BOMB_DROPPED"": 0.0, ""BOMB_EXPLODED"": 0.0, ""BOMB_NEXT_TO_CRATE"": 0.44999999999999996, ""COIN_COLLECTED"": 2.0, ""COIN_FOUND"": 0.1, ""CRATE_DESTROYED"": 2.1000000000000005, ""ESCAPED_DANGER"": 0.27, ""GOT_KILLED"": -5.0, ""MOVED_DOWN"": 0.0, ""MOVED_INTO_DANGER"": -0.35, ""MOVED_LEFT"": 0.0, ""MOVED_RIGHT"": 0.0, ""MOVED_TOWARD_COIN"": 0.36, ""MOVED_TOWARD_SAFETY"": 0.4800000000000002, ""MOVED_UP"": 0.0, ""STAYED_IN_DANGER"": -0.25, ""WAITED"": -0.7400000000000003}"
43,2,1,7,400,0.19524,-0.42625000000000335,7.0,2.1400000000000023,-9.566250000000005,57.08558333333333,-66.65183333333343,400,0,"{""BOMB_DROPPED"": 30, ""BOMB_EXPLODED"": 30, ""BOMB_NEXT_TO_CRATE"": 10, ""COIN_COLLECTED"": 2, ""COIN_FOUND"": 3, ""CRATE_DESTROYED"": 25, ""ESCAPED_DANGER"": 38, ""INVALID_ACTION"": 2, ""KILLED_OPPONENT"": 1, ""MOVED_AWAY_FROM_COIN"": 4, ""MOVED_DOWN"": 81, ""MOVED_INTO_DANGER"": 8, ""MOVED_LEFT"": 45, ""MOVED_RIGHT"": 58, ""MOVED_TOWARD_COIN"": 25, ""MOVED_TOWARD_SAFETY"": 48, ""MOVED_UP"": 71, ""OPPONENT_ELIMINATED"": 2, ""SAFE_BOMB_THREATENS_OPPONENT"": 15, ""STAYED_IN_DANGER"": 3, ""SURVIVED_ROUND"": 1, ""USELESS_BOMB"": 8, ""WAITED"": 113}","{""BOMB_DROPPED"": 0.0, ""BOMB_EXPLODED"": 0.0, ""BOMB_NEXT_TO_CRATE"": 0.49999999999999994, ""COIN_COLLECTED"": 2.0, ""COIN_FOUND"": 0.15000000000000002, ""CRATE_DESTROYED"": 2.500000000000001, ""ESCAPED_DANGER"": 1.1400000000000008, ""INVALID_ACTION"": -0.2, ""KILLED_OPPONENT"": 5.0, ""MOVED_AWAY_FROM_COIN"": -0.28, ""MOVED_DOWN"": 0.0, ""MOVED_INTO_DANGER"": -2.8000000000000003, ""MOVED_LEFT"": 0.0, ""MOVED_RIGHT"": 0.0, ""MOVED_TOWARD_COIN"": 1.5000000000000009, ""MOVED_TOWARD_SAFETY"": 1.440000000000001, ""MOVED_UP"": 0.0, ""OPPONENT_ELIMINATED"": 0.0, ""SAFE_BOMB_THREATENS_OPPONENT"": 1.5000000000000002, ""STAYED_IN_DANGER"": -0.75, ""SURVIVED_ROUND"": 0.5, ""USELESS_BOMB"": -0.7999999999999999, ""WAITED"": -2.2600000000000016}"
44,0,0,0,400,0.1951266666666667,-7.478250000000003,0,-0.749999999999999,-6.728250000000004,55.45949999999999,-62.187750000000015,400,0,"{""BOMB_DROPPED"": 25, ""BOMB_EXPLODED"": 25, ""BOMB_NEXT_TO_CRATE"": 5, ""CRATE_DESTROYED"": 11, ""ESCAPED_DANGER"": 35, ""INVALID_ACTION"": 1, ""MOVED_AWAY_FROM_COIN"": 8, ""MOVED_DOWN"": 99, ""MOVED_INTO_DANGER"": 10, ""MOVED_LEFT"": 39, ""MOVED_RIGHT"": 35, ""MOVED_TOWARD_COIN"": 32, ""MOVED_TOWARD_SAFETY"": 43, ""MOVED_UP"": 106, ""OPPONENT_ELIMINATED"": 1, ""SAFE_BOMB_THREATENS_OPPONENT"": 11, ""STAYED_IN_DANGER"": 4, ""SURVIVED_ROUND"": 1, ""USELESS_BOMB"": 9, ""WAITED"": 95}","{""BOMB_DROPPED"": 0.0, ""BOMB_EXPLODED"": 0.0, ""BOMB_NEXT_TO_CRATE"": 0.25, ""CRATE_DESTROYED"": 1.0999999999999999, ""ESCAPED_DANGER"": 1.0500000000000007, ""INVALID_ACTION"": -0.1, ""MOVED_AWAY_FROM_COIN"": -0.56, ""MOVED_DOWN"": 0.0, ""MOVED_INTO_DANGER"": -3.5000000000000004, ""MOVED_LEFT"": 0.0, ""MOVED_RIGHT"": 0.0, ""MOVED_TOWARD_COIN"": 1.9200000000000013, ""MOVED_TOWARD_SAFETY"": 1.290000000000001, ""MOVED_UP"": 0.0, ""OPPONENT_ELIMINATED"": 0.0, ""SAFE_BOMB_THREATENS_OPPONENT"": 1.0999999999999999, ""STAYED_IN_DANGER"": -1.0, ""SURVIVED_ROUND"": 0.5, ""USELESS_BOMB"": -0.8999999999999999, ""WAITED"": -1.9000000000000012}"
45,2,0,2,400,0.19501333333333334,-4.200999999999999,2.0,0.7800000000000016,-6.981000000000017,53.99183333333337,-60.972833333333355,400,0,"{""BOMB_DROPPED"": 26, ""BOMB_EXPLODED"": 26, ""BOMB_NEXT_TO_CRATE"": 8, ""COIN_COLLECTED"": 2, ""COIN_FOUND"": 2, ""CRATE_DESTROYED"": 26, ""ESCAPED_DANGER"": 33, ""INVALID_ACTION"": 1, ""MOVED_DOWN"": 66, ""MOVED_INTO_DANGER"": 7, ""MOVED_LEFT"": 72, ""MOVED_RIGHT"": 72, ""MOVED_TOWARD_COIN"": 16, ""MOVED_TOWARD_SAFETY"": 41, ""MOVED_UP"": 63, ""OPPONENT_ELIMINATED"": 2, ""SAFE_BOMB_THREATENS_OPPONENT"": 8, ""STAYED_IN_DANGER"": 5, ""SURVIVED_ROUND"": 1, ""USELESS_BOMB"": 10, ""WAITED"": 100}","{""BOMB_DROPPED"": 0.0, ""BOMB_EXPLODED"": 0.0, ""BOMB_NEXT_TO_CRATE"": 0.39999999999999997, ""COIN_COLLECTED"": 2.0, ""COIN_FOUND"": 0.1, ""CRATE_DESTROYED"": 2.600000000000001, ""ESCAPED_DANGER"": 0.9900000000000007, ""INVALID_ACTION"": -0.1, ""MOVED_DOWN"": 0.0, ""MOVED_INTO_DANGER"": -2.45, ""MOVED_LEFT"": 0.0, ""MOVED_RIGHT"": 0.0, ""MOVED_TOWARD_COIN"": 0.9600000000000004, ""MOVED_TOWARD_SAFETY"": 1.2300000000000009, ""MOVED_UP"": 0.0, ""OPPONENT_ELIMINATED"": 0.0, ""SAFE_BOMB_THREATENS_OPPONENT"": 0.7999999999999999, ""STAYED_IN_DANGER"": -1.25, ""SURVIVED_ROUND"": 0.5, ""USELESS_BOMB"": -0.9999999999999999, ""WAITED"": -2.0000000000000013}"
46,0,0,0,400,0.19490000000000002,-7.067750000000003,0,-1.8300000000000003,-5.237750000000014,61.74866666666668,-66.98641666666666,400,0,"{""BOMB_DROPPED"": 32, ""BOMB_EXPLODED"": 32, ""BOMB_NEXT_TO_CRATE"": 10, ""COIN_FOUND"": 1, ""CRATE_DESTROYED"": 14, ""ESCAPED_DANGER"": 39, ""INVALID_ACTION"": 1, ""MOVED_AWAY_FROM_COIN"": 4, ""MOVED_DOWN"": 61, ""MOVED_INTO_DANGER"": 8, ""MOVED_LEFT"": 58, ""MOVED_RIGHT"": 72, ""MOVED_TOWARD_COIN"": 9, ""MOVED_TOWARD_SAFETY"": 54, ""MOVED_UP"": 57, ""OPPONENT_ELIMINATED"": 1, ""SAFE_BOMB_THREATENS_OPPONENT"": 8, ""STAYED_IN_DANGER"": 5, ""SURVIVED_ROUND"": 1, ""USELESS_BOMB"": 16, ""WAITED"": 119}","{""BOMB_DROPPED"": 0.0, ""BOMB_EXPLODED"": 0.0, ""BOMB_NEXT_TO_CRATE"": 0.49999999999999994, ""COIN_FOUND"": 0.05, ""CRATE_DESTROYED"": 1.4000000000000001, ""ESCAPED_DANGER"": 1.1700000000000008, ""INVALID_ACTION"": -0.1, ""MOVED_AWAY_FROM_COIN"": -0.28, ""MOVED_DOWN"": 0.0, ""MOVED_INTO_DANGER"": -2.8000000000000003, ""MOVED_LEFT"": 0.0, ""MOVED_RIGHT"": 0.0, ""MOVED_TOWARD_COIN"": 0.54, ""MOVED_TOWARD_SAFETY"": 1.6200000000000012, ""MOVED_UP"": 0.0, ""OPPONENT_ELIMINATED"": 0.0, ""SAFE_BOMB_THREATENS_OPPONENT"": 0.7999999999999999, ""STAYED_IN_DANGER"": -1.25, ""SURVIVED_ROUND"": 0.5, ""USELESS_BOMB"": -1.6000000000000003, ""WAITED"": -2.3800000000000017}"
47,2,1,7,400,0.1947866666666667,-3.5892500000000043,7.0,-2.469999999999997,-8.119250000000008,65.34791666666663,-73.46716666666666,400,0,"{""BOMB_DROPPED"": 26, ""BOMB_EXPLODED"": 26, ""BOMB_NEXT_TO_CRATE"": 9, ""COIN_COLLECTED"": 2, ""COIN_FOUND"": 1, ""CRATE_DESTROYED"": 20, ""ESCAPED_DANGER"": 43, ""INVALID_ACTION"": 2, ""KILLED_OPPONENT"": 1, ""MOVED_AWAY_FROM_COIN"": 4, ""MOVED_DOWN"": 60, ""MOVED_INTO_DANGER"": 17, ""MOVED_LEFT"": 61, ""MOVED_RIGHT"": 62, ""MOVED_TOWARD_COIN"": 14, ""MOVED_TOWARD_SAFETY"": 53, ""MOVED_UP"": 56, ""OPPONENT_ELIMINATED"": 2, ""SAFE_BOMB_THREATENS_OPPONENT"": 12, ""STAYED_IN_DANGER"": 2, ""SURVIVED_ROUND"": 1, ""USELESS_BOMB"": 8, ""WAITED"": 133}","{""BOMB_DROPPED"": 0.0, ""BOMB_EXPLODED"": 0.0, ""BOMB_NEXT_TO_CRATE"": 0.44999999999999996, ""COIN_COLLECTED"": 2.0, ""COIN_FOUND"": 0.05, ""CRATE_DESTROYED"": 2.0000000000000004, ""ESCAPED_DANGER"": 1.290000000000001, ""INVALID_ACTION"": -0.2, ""KILLED_OPPONENT"": 5.0, ""MOVED_AWAY_FROM_COIN"": -0.28, ""MOVED_DOWN"": 0.0, ""MOVED_INTO_DANGER"": -5.949999999999998, ""MOVED_LEFT"": 0.0, ""MOVED_RIGHT"": 0.0, ""MOVED_TOWARD_COIN"": 0.8400000000000003, ""MOVED_TOWARD_SAFETY"": 1.5900000000000012, ""MOVED_UP"": 0.0, ""OPPONENT_ELIMINATED"": 0.0, ""SAFE_BOMB_THREATENS_OPPONENT"": 1.2, ""STAYED_IN_DANGER"": -0.5, ""SURVIVED_ROUND"": 0.5, ""USELESS_BOMB"": -0.7999999999999999, ""WAITED"": -2.660000000000002}"
48,0,0,0,139,0.19467333333333334,-10.005749999999999,0,-7.990000000000001,-2.0157499999999997,9.283999999999999,-11.299749999999998,138,0,"{""BOMB_DROPPED"": 5, ""BOMB_EXPLODED"": 4, ""BOMB_NEXT_TO_CRATE"": 4, ""BOMB_WITH_NO_ESCAPE"": 1, ""CRATE_DESTROYED"": 8, ""ESCAPED_DANGER"": 6, ""GOT_KILLED"": 1, ""MOVED_AWAY_FROM_COIN"": 1, ""MOVED_DOWN"": 12, ""MOVED_INTO_DANGER"": 3, ""MOVED_LEFT"": 9, ""MOVED_RIGHT"": 6, ""MOVED_TOWARD_COIN"": 1, ""MOVED_TOWARD_SAFETY"": 6, ""MOVED_UP"": 10, ""OPPONENT_ELIMINATED"": 1, ""SAFE_BOMB_THREATENS_OPPONENT"": 2, ""STAYED_IN_DANGER"": 4, ""WAITED"": 97}","{""BOMB_DROPPED"": 0.0, ""BOMB_EXPLODED"": 0.0, ""BOMB_NEXT_TO_CRATE"": 0.2, ""BOMB_WITH_NO_ESCAPE"": -0.55, ""CRATE_DESTROYED"": 0.7999999999999999, ""ESCAPED_DANGER"": 0.18, ""GOT_KILLED"": -5.0, ""MOVED_AWAY_FROM_COIN"": -0.07, ""MOVED_DOWN"": 0.0, ""MOVED_INTO_DANGER"": -1.0499999999999998, ""MOVED_LEFT"": 0.0, ""MOVED_RIGHT"": 0.0, ""MOVED_TOWARD_COIN"": 0.06, ""MOVED_TOWARD_SAFETY"": 0.18, ""MOVED_UP"": 0.0, ""OPPONENT_ELIMINATED"": 0.0, ""SAFE_BOMB_THREATENS_OPPONENT"": 0.2, ""STAYED_IN_DANGER"": -1.0, ""WAITED"": -1.9400000000000013}"
49,1,0,1,400,0.19456,-4.963750000000001,1.0,1.7700000000000014,-7.7337500000000095,56.40741666666666,-64.14116666666673,400,0,"{""BOMB_DROPPED"": 29, ""BOMB_EXPLODED"": 29, ""BOMB_NEXT_TO_CRATE"": 9, ""COIN_COLLECTED"": 1, ""COIN_FOUND"": 1, ""CRATE_DESTROYED"": 18, ""ESCAPED_DANGER"": 35, ""MOVED_AWAY_FROM_COIN"": 3, ""MOVED_DOWN"": 65, ""MOVED_INTO_DANGER"": 6, ""MOVED_LEFT"": 69, ""MOVED_RIGHT"": 69, ""MOVED_TOWARD_COIN"": 26, ""MOVED_TOWARD_SAFETY"": 46, ""MOVED_UP"": 60, ""OPPONENT_ELIMINATED"": 2, ""SAFE_BOMB_THREATENS_OPPONENT"": 11, ""STAYED_IN_DANGER"": 3, ""SURVIVED_ROUND"": 1, ""USELESS_BOMB"": 9, ""WAITED"": 108}","{""BOMB_DROPPED"": 0.0, ""BOMB_EXPLODED"": 0.0, ""BOMB_NEXT_TO_CRATE"": 0.44999999999999996, ""COIN_COLLECTED"": 1.0, ""COIN_FOUND"": 0.05, ""CRATE_DESTROYED"": 1.8000000000000005, ""ESCAPED_DANGER"": 1.0500000000000007, ""MOVED_AWAY_FROM_COIN"": -0.21000000000000002, ""MOVED_DOWN"": 0.0, ""MOVED_INTO_DANGER"": -2.1, ""MOVED_LEFT"": 0.0, ""MOVED_RIGHT"": 0.0, ""MOVED_TOWARD_COIN"": 1.560000000000001, ""MOVED_TOWARD_SAFETY"": 1.380000000000001, ""MOVED_UP"": 0.0, ""OPPONENT_ELIMINATED"": 0.0, ""SAFE_BOMB_THREATENS_OPPONENT"": 1.0999999999999999, ""STAYED_IN_DANGER"": -0.75, ""SURVIVED_ROUND"": 0.5, ""USELESS_BOMB"": -0.8999999999999999, ""WAITED"": -2.1600000000000015}"
50,2,1,7,127,0.19444666666666668,-1.6432500000000045,7.0,-4.419999999999998,-4.223250000000002,14.956416666666662,-19.179666666666666,126,0,"{""BOMB_DROPPED"": 8, ""BOMB_EXPLODED"": 7, ""BOMB_NEXT_TO_CRATE"": 3, ""BOMB_WITH_NO_ESCAPE"": 2, ""COIN_COLLECTED"": 2, ""COIN_FOUND"": 2, ""CRATE_DESTROYED"": 11, ""ESCAPED_DANGER"": 8, ""GOT_KILLED"": 1, ""KILLED_OPPONENT"": 1, ""MOVED_AWAY_FROM_COIN"": 3, ""MOVED_DOWN"": 24, ""MOVED_INTO_DANGER"": 3, ""MOVED_LEFT"": 17, ""MOVED_RIGHT"": 16, ""MOVED_TOWARD_COIN"": 42, ""MOVED_TOWARD_SAFETY"": 15, ""MOVED_UP"": 26, ""OPPONENT_ELIMINATED"": 1, ""SAFE_BOMB_THREATENS_OPPONENT"": 2, ""STAYED_IN_DANGER"": 4, ""USELESS_BOMB"": 1, ""WAITED"": 36}","{""BOMB_DROPPED"": 0.0, ""BOMB_EXPLODED"": 0.0, ""BOMB_NEXT_TO_CRATE"": 0.15000000000000002, ""BOMB_WITH_NO_ESCAPE"": -1.1, ""COIN_COLLECTED"": 2.0, ""COIN_FOUND"": 0.1, ""CRATE_DESTROYED"": 1.0999999999999999, ""ESCAPED_DANGER"": 0.24, ""GOT_KILLED"": -5.0, ""KILLED_OPPONENT"": 5.0, ""MOVED_AWAY_FROM_COIN"": -0.21000000000000002, ""MOVED_DOWN"": 0.0, ""MOVED_INTO_DANGER"": -1.0499999999999998, ""MOVED_LEFT"": 0.0, ""MOVED_RIGHT"": 0.0, ""MOVED_TOWARD_COIN"": 2.520000000000002, ""MOVED_TOWARD_SAFETY"": 0.4500000000000002, ""MOVED_UP"": 0.0, ""OPPONENT_ELIMINATED"": 0.0, ""SAFE_BOMB_THREATENS_OPPONENT"": 0.2, ""STAYED_IN_DANGER"": -1.0, ""USELESS_BOMB"": -0.1, ""WAITED"": -0.7200000000000003}"
51,0,0,0,400,0.19433333333333336,-9.658833333333332,0,-0.5699999999999995,-9.088833333333346,57.805166666666615,-66.8940000000001,400,0,"{""BOMB_DROPPED"": 30, ""BOMB_EXPLODED"": 29, ""BOMB_NEXT_TO_CRATE"": 9, ""COIN_FOUND"": 1, ""CRATE_DESTROYED"": 20, ""ESCAPED_DANGER"": 38, ""INVALID_ACTION"": 3, ""MOVED_AWAY_FROM_COIN"": 7, ""MOVED_DOWN"": 47, ""MOVED_INTO_DANGER"": 9, ""MOVED_LEFT"": 68, ""MOVED_RIGHT"": 70, ""MOVED_TOWARD_COIN"": 13, ""MOVED_TOWARD_SAFETY"": 49, ""MOVED_UP"": 51, ""OPPONENT_ELIMINATED"": 2, ""SAFE_BOMB_THREATENS_OPPONENT"": 15, ""SAFE_BOMB_TRAPS_OPPONENT"": 1, ""STAYED_IN_DANGER"": 6, ""SURVIVED_ROUND"": 1, ""USELESS_BOMB"": 6, ""WAITED"": 131}","{""BOMB_DROPPED"": 0.0, ""BOMB_EXPLODED"": 0.0, ""BOMB_NEXT_TO_CRATE"": 0.44999999999999996, ""COIN_FOUND"": 0.05, ""CRATE_DESTROYED"": 2.0000000000000004, ""ESCAPED_DANGER"": 1.1400000000000008, ""INVALID_ACTION"": -0.30000000000000004, ""MOVED_AWAY_FROM_COIN"": -0.49000000000000005, ""MOVED_DOWN"": 0.0, ""MOVED_INTO_DANGER"": -3.1500000000000004, ""MOVED_LEFT"": 0.0, ""MOVED_RIGHT"": 0.0, ""MOVED_TOWARD_COIN"": 0.7800000000000002, ""MOVED_TOWARD_SAFETY"": 1.470000000000001, ""MOVED_UP"": 0.0, ""OPPONENT_ELIMINATED"": 0.0, ""SAFE_BOMB_THREATENS_OPPONENT"": 1.5000000000000002, ""SAFE_BOMB_TRAPS_OPPONENT"": 0.2, ""STAYED_IN_DANGER"": -1.5, ""SURVIVED_ROUND"": 0.5, ""USELESS_BOMB"": -0.6, ""WAITED"": -2.620000000000002}"
52,3,0,3,158,0.19422,-8.543999999999997,3.0,-7.459999999999998,-4.084000000000002,23.511333333333322,-27.59533333333333,157,0,"{""BOMB_DROPPED"": 11, ""BOMB_EXPLODED"": 11, ""BOMB_NEXT_TO_CRATE"": 10, ""COIN_COLLECTED"": 3, ""COIN_FOUND"": 2, ""CRATE_DESTROYED"": 28, ""ESCAPED_DANGER"": 13, ""GOT_KILLED"": 1, ""INVALID_ACTION"": 1, ""KILLED_SELF"": 1, ""MOVED_DOWN"": 21, ""MOVED_INTO_DANGER"": 3, ""MOVED_LEFT"": 35, ""MOVED_RIGHT"": 35, ""MOVED_TOWARD_COIN"": 24, ""MOVED_TOWARD_SAFETY"": 19, ""MOVED_UP"": 17, ""OPPONENT_ELIMINATED"": 1, ""STAYED_IN_DANGER"": 5, ""USELESS_BOMB"": 1, ""WAITED"": 38}","{""BOMB_DROPPED"": 0.0, ""BOMB_EXPLODED"": 0.0, ""BOMB_NEXT_TO_CRATE"": 0.49999999999999994, ""COIN_COLLECTED"": 3.0, ""COIN_FOUND"": 0.1, ""CRATE_DESTROYED"": 2.800000000000001, ""ESCAPED_DANGER"": 0.3900000000000001, ""GOT_KILLED"": -5.0, ""INVALID_ACTION"": -0.1, ""KILLED_SELF"": -5.0, ""MOVED_DOWN"": 0.0, ""MOVED_INTO_DANGER"": -1.0499999999999998, ""MOVED_LEFT"": 0.0, ""MOVED_RIGHT"": 0.0, ""MOVED_TOWARD_COIN"": 1.4400000000000008, ""MOVED_TOWARD_SAFETY"": 0.5700000000000003, ""MOVED_UP"": 0.0, ""OPPONENT_ELIMINATED"": 0.0, ""STAYED_IN_DANGER"": -1.25, ""USELESS_BOMB"": -0.1, ""WAITED"": -0.7600000000000003}"
53,1,0,1,400,0.19410666666666668,-6.474500000000004,1.0,0.7000000000000022,-8.174500000000016,59.32249999999997,-67.49700000000006,400,0,"{""BOMB_DROPPED"": 32, ""BOMB_EXPLODED"": 31, ""BOMB_NEXT_TO_CRATE"": 11, ""COIN_COLLECTED"": 1, ""COIN_FOUND"": 1, ""CRATE_DESTROYED"": 25, ""ESCAPED_DANGER"": 39, ""INVALID_ACTION"": 2, ""MOVED_AWAY_FROM_COIN"": 7, ""MOVED_DOWN"": 37, ""MOVED_INTO_DANGER"": 8, ""MOVED_LEFT"": 85, ""MOVED_RIGHT"": 89, ""MOVED_TOWARD_COIN"": 23, ""MOVED_TOWARD_SAFETY"": 53, ""MOVED_UP"": 50, ""OPPONENT_ELIMINATED"": 1, ""SAFE_BOMB_THREATENS_OPPONENT"": 15, ""STAYED_IN_DANGER"": 9, ""SURVIVED_ROUND"": 1, ""USELESS_BOMB"": 7, ""WAITED"": 105}","{""BOMB_DROPPED"": 0.0, ""BOMB_EXPLODED"": 0.0, ""BOMB_NEXT_TO_CRATE"": 0.5499999999999999, ""COIN_COLLECTED"": 1.0, ""COIN_FOUND"": 0.05, ""CRATE_DESTROYED"": 2.500000000000001, ""ESCAPED_DANGER"": 1.1700000000000008, ""INVALID_ACTION"": -0.2, ""MOVED_AWAY_FROM_COIN"": -0.49000000000000005, ""MOVED_DOWN"": 0.0, ""MOVED_INTO_DANGER"": -2.8000000000000003, ""MOVED_LEFT"": 0.0, ""MOVED_RIGHT"": 0.0, ""MOVED_TOWARD_COIN"": 1.3800000000000008, ""MOVED_TOWARD_SAFETY"": 1.5900000000000012, ""MOVED_UP"": 0.0, ""OPPONENT_ELIMINATED"": 0.0, ""SAFE_BOMB_THREATENS_OPPONENT"": 1.5000000000000002, ""STAYED_IN_DANGER"": -2.25, ""SURVIVED_ROUND"": 0.5, ""USELESS_BOMB"": -0.7, ""WAITED"": -2.1000000000000014}"
54,2,1,7,400,0.19399333333333335,4.148749999999995,7.0,2.610000000000003,-5.461249999999997,50.244583333333296,-55.70583333333334,400,0,"{""BOMB_DROPPED"": 28, ""BOMB_EXPLODED"": 28, ""BOMB_NEXT_TO_CRATE"": 18, ""COIN_COLLECTED"": 2, ""COIN_FOUND"": 1, ""CRATE_DESTROYED"": 36, ""ESCAPED_DANGER"": 33, ""KILLED_OPPONENT"": 1, ""MOVED_AWAY_FROM_COIN"": 2, ""MOVED_DOWN"": 86, ""MOVED_INTO_DANGER"": 5, ""MOVED_LEFT"": 51, ""MOVED_RIGHT"": 51, ""MOVED_TOWARD_COIN"": 12, ""MOVED_TOWARD_SAFETY"": 40, ""MOVED_UP"": 86, ""OPPONENT_ELIMINATED"": 3, ""SAFE_BOMB_THREATENS_OPPONENT"": 6, ""STAYED_IN_DANGER"": 6, ""SURVIVED_ROUND"": 1, ""USELESS_BOMB"": 6, ""WAITED"": 98}","{""BOMB_DROPPED"": 0.0, ""BOMB_EXPLODED"": 0.0, ""BOMB_NEXT_TO_CRATE"": 0.9000000000000002, ""COIN_COLLECTED"": 2.0, ""COIN_FOUND"": 0.05, ""CRATE_DESTROYED"": 3.600000000000002, ""ESCAPED_DANGER"": 0.9900000000000007, ""KILLED_OPPONENT"": 5.0, ""MOVED_AWAY_FROM_COIN"": -0.14, ""MOVED_DOWN"": 0.0, ""MOVED_INTO_DANGER"": -1.75, ""MOVED_LEFT"": 0.0, ""MOVED_RIGHT"": 0.0, ""MOVED_TOWARD_COIN"": 0.7200000000000002, ""MOVED_TOWARD_SAFETY"": 1.2000000000000008, ""MOVED_UP"": 0.0, ""OPPONENT_ELIMINATED"": 0.0, ""SAFE_BOMB_THREATENS_OPPONENT"": 0.6, ""STAYED_IN_DANGER"": -1.5, ""SURVIVED_ROUND"": 0.5, ""USELESS_BOMB"": -0.6, ""WAITED"": -1.9600000000000013}"
55,2,0,2,400,0.19388,-1.7572500000000102,2.0,2.6000000000000023,-6.357250000000011,35.10441666666667,-41.461666666666694,400,0,"{""BOMB_DROPPED"": 19, ""BOMB_EXPLODED"": 19, ""BOMB_NEXT_TO_CRATE"": 8, ""COIN_COLLECTED"": 2, ""CRATE_DESTROYED"": 11, ""ESCAPED_DANGER"": 19, ""MOVED_AWAY_FROM_COIN"": 1, ""MOVED_DOWN"": 74, ""MOVED_LEFT"": 84, ""MOVED_RIGHT"": 80, ""MOVED_TOWARD_COIN"": 49, ""MOVED_TOWARD_SAFETY"": 27, ""MOVED_UP"": 68, ""OPPONENT_ELIMINATED"": 1, ""SAFE_BOMB_THREATENS_OPPONENT"": 1, ""STAYED_IN_DANGER"": 5, ""SURVIVED_ROUND"": 1, ""USELESS_BOMB"": 10, ""WAITED"": 75}","{""BOMB_DROPPED"": 0.0, ""BOMB_EXPLODED"": 0.0, ""BOMB_NEXT_TO_CRATE"": 0.39999999999999997, ""COIN_COLLECTED"": 2.0, ""CRATE_DESTROYED"": 1.0999999999999999, ""ESCAPED_DANGER"": 0.5700000000000003, ""MOVED_AWAY_FROM_COIN"": -0.07, ""MOVED_DOWN"": 0.0, ""MOVED_LEFT"": 0.0, ""MOVED_RIGHT"": 0.0, ""MOVED_TOWARD_COIN"": 2.940000000000002, ""MOVED_TOWARD_SAFETY"": 0.8100000000000005, ""MOVED_UP"": 0.0, ""OPPONENT_ELIMINATED"": 0.0, ""SAFE_BOMB_THREATENS_OPPONENT"": 0.1, ""STAYED_IN_DANGER"": -1.25, ""SURVIVED_ROUND"": 0.5, ""USELESS_BOMB"": -0.9999999999999999, ""WAITED"": -1.5000000000000009}"
56,2,0,2,400,0.1937666666666667,-5.619000000000004,2.0,-0.6799999999999993,-6.939000000000009,53.60433333333332,-60.54333333333332,400,0,"{""BOMB_DROPPED"": 29, ""BOMB_EXPLODED"": 29, ""BOMB_NEXT_TO_CRATE"": 8, ""COIN_COLLECTED"": 2, ""CRATE_DESTROYED"": 15, ""ESCAPED_DANGER"": 34, ""INVALID_ACTION"": 1, ""MOVED_AWAY_FROM_COIN"": 2, ""MOVED_DOWN"": 47, ""MOVED_INTO_DANGER"": 5, ""MOVED_LEFT"": 85, ""MOVED_RIGHT"": 75, ""MOVED_TOWARD_COIN"": 21, ""MOVED_TOWARD_SAFETY"": 43, ""MOVED_UP"": 45, ""OPPONENT_ELIMINATED"": 2, ""SAFE_BOMB_THREATENS_OPPONENT"": 9, ""STAYED_IN_DANGER"": 8, ""SURVIVED_ROUND"": 1, ""USELESS_BOMB"": 12, ""WAITED"": 118}","{""BOMB_DROPPED"": 0.0, ""BOMB_EXPLODED"": 0.0, ""BOMB_NEXT_TO_CRATE"": 0.39999999999999997, ""COIN_COLLECTED"": 2.0, ""CRATE_DESTROYED"": 1.5000000000000002, ""ESCAPED_DANGER"": 1.0200000000000007, ""INVALID_ACTION"": -0.1, ""MOVED_AWAY_FROM_COIN"": -0.14, ""MOVED_DOWN"": 0.0, ""MOVED_INTO_DANGER"": -1.75, ""MOVED_LEFT"": 0.0, ""MOVED_RIGHT"": 0.0, ""MOVED_TOWARD_COIN"": 1.2600000000000007, ""MOVED_TOWARD_SAFETY"": 1.290000000000001, ""MOVED_UP"": 0.0, ""OPPONENT_ELIMINATED"": 0.0, ""SAFE_BOMB_THREATENS_OPPONENT"": 0.8999999999999999, ""STAYED_IN_DANGER"": -2.0, ""SURVIVED_ROUND"": 0.5, ""USELESS_BOMB"": -1.2, ""WAITED"": -2.3600000000000017}"
57,0,1,5,400,0.19365333333333334,-3.8062500000000075,5.0,-0.1999999999999993,-8.606250000000008,52.49766666666669,-61.10391666666675,400,0,"{""BOMB_DROPPED"": 26, ""BOMB_EXPLODED"": 26, ""BOMB_NEXT_TO_CRATE"": 6, ""CRATE_DESTROYED"": 14, ""ESCAPED_DANGER"": 33, ""KILLED_OPPONENT"": 1, ""MOVED_AWAY_FROM_COIN"": 1, ""MOVED_DOWN"": 55, ""MOVED_INTO_DANGER"": 8, ""MOVED_LEFT"": 74, ""MOVED_RIGHT"": 88, ""MOVED_TOWARD_COIN"": 22, ""MOVED_TOWARD_SAFETY"": 40, ""MOVED_UP"": 55, ""OPPONENT_ELIMINATED"": 2, ""SAFE_BOMB_THREATENS_OPPONENT"": 13, ""STAYED_IN_DANGER"": 6, ""SURVIVED_ROUND"": 1, ""USELESS_BOMB"": 8, ""WAITED"": 102}","{""BOMB_DROPPED"": 0.0, ""BOMB_EXPLODED"": 0.0, ""BOMB_NEXT_TO_CRATE"": 0.3, ""CRATE_DESTROYED"": 1.4000000000000001, ""ESCAPED_DANGER"": 0.9900000000000007, ""KILLED_OPPONENT"": 5.0, ""MOVED_AWAY_FROM_COIN"": -0.07, ""MOVED_DOWN"": 0.0, ""MOVED_INTO_DANGER"": -2.8000000000000003, ""MOVED_LEFT"": 0.0, ""MOVED_RIGHT"": 0.0, ""MOVED_TOWARD_COIN"": 1.3200000000000007, ""MOVED_TOWARD_SAFETY"": 1.2000000000000008, ""MOVED_UP"": 0.0, ""OPPONENT_ELIMINATED"": 0.0, ""SAFE_BOMB_THREATENS_OPPONENT"": 1.3, ""STAYED_IN_DANGER"": -1.5, ""SURVIVED_ROUND"": 0.5, ""USELESS_BOMB"": -0.7999999999999999, ""WAITED"": -2.0400000000000014}"
58,0,0,0,227,0.19354000000000002,-14.570750000000004,0,-10.04,-4.530750000000004,36.90708333333332,-41.43783333333336,226,0,"{""BOMB_DROPPED"": 21, ""BOMB_EXPLODED"": 21, ""BOMB_NEXT_TO_CRATE"": 11, ""CRATE_DESTROYED"": 19, ""ESCAPED_DANGER"": 24, ""GOT_KILLED"": 1, ""KILLED_SELF"": 1, ""MOVED_DOWN"": 18, ""MOVED_INTO_DANGER"": 4, ""MOVED_LEFT"": 49, ""MOVED_RIGHT"": 38, ""MOVED_TOWARD_COIN"": 7, ""MOVED_TOWARD_SAFETY"": 31, ""MOVED_UP"": 18, ""OPPONENT_ELIMINATED"": 2, ""SAFE_BOMB_THREATENS_OPPONENT"": 3, ""STAYED_IN_DANGER"": 4, ""USELESS_BOMB"": 8, ""WAITED"": 83}","{""BOMB_DROPPED"": 0.0, ""BOMB_EXPLODED"": 0.0, ""BOMB_NEXT_TO_CRATE"": 0.5499999999999999, ""CRATE_DESTROYED"": 1.9000000000000006, ""ESCAPED_DANGER"": 0.7200000000000004, ""GOT_KILLED"": -5.0, ""KILLED_SELF"": -5.0, ""MOVED_DOWN"": 0.0, ""MOVED_INTO_DANGER"": -1.4, ""MOVED_LEFT"": 0.0, ""MOVED_RIGHT"": 0.0, ""MOVED_TOWARD_COIN"": 0.42, ""MOVED_TOWARD_SAFETY"": 0.9300000000000006, ""MOVED_UP"": 0.0, ""OPPONENT_ELIMINATED"": 0.0, ""SAFE_BOMB_THREATENS_OPPONENT"": 0.30000000000000004, ""STAYED_IN_DANGER"": -1.0, ""USELESS_BOMB"": -0.7999999999999999, ""WAITED"": -1.660000000000001}"
59,1,0,1,400,0.1934266666666667,-6.1459999999999875,1.0,-1.1699999999999988,-5.976000000000005,68.90358333333346,-74.87958333333336,400,0,"{""BOMB_DROPPED"": 34, ""BOMB_EXPLODED"": 34, ""BOMB_NEXT_TO_CRATE"": 9, ""COIN_COLLECTED"": 1, ""CRATE_DESTROYED"": 20, ""ESCAPED_DANGER"": 46, ""INVALID_ACTION"": 6, ""MOVED_AWAY_FROM_COIN"": 1, ""MOVED_DOWN"": 69, ""MOVED_INTO_DANGER"": 12, ""MOVED_LEFT"": 31, ""MOVED_RIGHT"": 43, ""MOVED_TOWARD_COIN"": 15, ""MOVED_TOWARD_SAFETY"": 50, ""MOVED_UP"": 83, ""SAFE_BOMB_THREATENS_OPPONENT"": 20, ""STAYED_IN_DANGER"": 7, ""SURVIVED_ROUND"": 1, ""USELESS_BOMB"": 6, ""WAITED"": 134}","{""BOMB_DROPPED"": 0.0, ""BOMB_EXPLODED"": 0.0, ""BOMB_NEXT_TO_CRATE"": 0.44999999999999996, ""COIN_COLLECTED"": 1.0, ""CRATE_DESTROYED"": 2.0000000000000004, ""ESCAPED_DANGER"": 1.380000000000001, ""INVALID_ACTION"": -0.6, ""MOVED_AWAY_FROM_COIN"": -0.07, ""MOVED_DOWN"": 0.0, ""MOVED_INTO_DANGER"": -4.2, ""MOVED_LEFT"": 0.0, ""MOVED_RIGHT"": 0.0, ""MOVED_TOWARD_COIN"": 0.9000000000000004, ""MOVED_TOWARD_SAFETY"": 1.500000000000001, ""MOVED_UP"": 0.0, ""SAFE_BOMB_THREATENS_OPPONENT"": 2.0000000000000004, ""STAYED_IN_DANGER"": -1.75, ""SURVIVED_ROUND"": 0.5, ""USELESS_BOMB"": -0.6, ""WAITED"": -2.680000000000002}"
60,1,0,1,400,0.19331333333333334,-5.898250000000004,1.0,-0.24000000000000055,-6.658250000000004,46.65724999999997,-53.31550000000002,400,0,"{""BOMB_DROPPED"": 28, ""BOMB_EXPLODED"": 28, ""BOMB_NEXT_TO_CRATE"": 10, ""COIN_COLLECTED"": 1, ""COIN_FOUND"": 1, ""CRATE_DESTROYED"": 16, ""ESCAPED_DANGER"": 29, ""INVALID_ACTION"": 1, ""MOVED_AWAY_FROM_COIN"": 3, ""MOVED_DOWN"": 53, ""MOVED_INTO_DANGER"": 1, ""MOVED_LEFT"": 55, ""MOVED_RIGHT"": 42, ""MOVED_TOWARD_COIN"": 13, ""MOVED_TOWARD_SAFETY"": 39, ""MOVED_UP"": 51, ""OPPONENT_ELIMINATED"": 2, ""SAFE_BOMB_THREATENS_OPPONENT"": 15, ""STAYED_IN_DANGER"": 11, ""SURVIVED_ROUND"": 1, ""USELESS_BOMB"": 4, ""WAITED"": 170}","{""BOMB_DROPPED"": 0.0, ""BOMB_EXPLODED"": 0.0, ""BOMB_NEXT_TO_CRATE"": 0.49999999999999994, ""COIN_COLLECTED"": 1.0, ""COIN_FOUND"": 0.05, ""CRATE_DESTROYED"": 1.6000000000000003, ""ESCAPED_DANGER"": 0.8700000000000006, ""INVALID_ACTION"": -0.1, ""MOVED_AWAY_FROM_COIN"": -0.21000000000000002, ""MOVED_DOWN"": 0.0, ""MOVED_INTO_DANGER"": -0.35, ""MOVED_LEFT"": 0.0, ""MOVED_RIGHT"": 0.0, ""MOVED_TOWARD_COIN"": 0.7800000000000002, ""MOVED_TOWARD_SAFETY"": 1.1700000000000008, ""MOVED_UP"": 0.0, ""OPPONENT_ELIMINATED"": 0.0, ""SAFE_BOMB_THREATENS_OPPONENT"": 1.5000000000000002, ""STAYED_IN_DANGER"": -2.75, ""SURVIVED_ROUND"": 0.5, ""USELESS_BOMB"": -0.4, ""WAITED"": -3.4000000000000026}"
61,2,0,2,400,0.1932,-5.284249999999988,2.0,-0.8699999999999983,-6.414250000000013,62.72308333333343,-69.13733333333329,400,0,"{""BOMB_DROPPED"": 28, ""BOMB_EXPLODED"": 28, ""BOMB_NEXT_TO_CRATE"": 8, ""COIN_COLLECTED"": 2, ""COIN_FOUND"": 2, ""CRATE_DESTROYED"": 26, ""ESCAPED_DANGER"": 41, ""INVALID_ACTION"": 2, ""MOVED_AWAY_FROM_COIN"": 4, ""MOVED_DOWN"": 38, ""MOVED_INTO_DANGER"": 13, ""MOVED_LEFT"": 69, ""MOVED_RIGHT"": 69, ""MOVED_TOWARD_COIN"": 18, ""MOVED_TOWARD_SAFETY"": 43, ""MOVED_UP"": 52, ""OPPONENT_ELIMINATED"": 2, ""SAFE_BOMB_THREATENS_OPPONENT"": 17, ""STAYED_IN_DANGER"": 6, ""SURVIVED_ROUND"": 1, ""USELESS_BOMB"": 4, ""WAITED"": 142}","{""BOMB_DROPPED"": 0.0, ""BOMB_EXPLODED"": 0.0, ""BOMB_NEXT_TO_CRATE"": 0.39999999999999997, ""COIN_COLLECTED"": 2.0, ""COIN_FOUND"": 0.1, ""CRATE_DESTROYED"": 2.600000000000001, ""ESCAPED_DANGER"": 1.2300000000000009, ""INVALID_ACTION"": -0.2, ""MOVED_AWAY_FROM_COIN"": -0.28, ""MOVED_DOWN"": 0.0, ""MOVED_INTO_DANGER"": -4.55, ""MOVED_LEFT"": 0.0, ""MOVED_RIGHT"": 0.0, ""MOVED_TOWARD_COIN"": 1.0800000000000005, ""MOVED_TOWARD_SAFETY"": 1.290000000000001, ""MOVED_UP"": 0.0, ""OPPONENT_ELIMINATED"": 0.0, ""SAFE_BOMB_THREATENS_OPPONENT"": 1.7000000000000004, ""STAYED_IN_DANGER"": -1.5, ""SURVIVED_ROUND"": 0.5, ""USELESS_BOMB"": -0.4, ""WAITED"": -2.840000000000002}"
62,2,0,2,122,0.19308666666666668,-4.795999999999998,2.0,-3.6199999999999988,-3.1760000000000033,16.880083333333324,-20.056083333333323,121,0,"{""BOMB_DROPPED"": 11, ""BOMB_EXPLODED"": 10, ""BOMB_NEXT_TO_CRATE"": 10, ""BOMB_WITH_NO_ESCAPE"": 1, ""COIN_COLLECTED"": 2, ""COIN_FOUND"": 2, ""CRATE_DESTROYED"": 24, ""ESCAPED_DANGER"": 10, ""GOT_KILLED"": 1, ""INVALID_ACTION"": 2, ""MOVED_AWAY_FROM_COIN"": 5, ""MOVED_DOWN"": 26, ""MOVED_INTO_DANGER"": 1, ""MOVED_LEFT"": 15, ""MOVED_RIGHT"": 17, ""MOVED_TOWARD_COIN"": 20, ""MOVED_TOWARD_SAFETY"": 13, ""MOVED_UP"": 18, ""SAFE_BOMB_THREATENS_OPPONENT"": 1, ""STAYED_IN_DANGER"": 6, ""WAITED"": 33}","{""BOMB_DROPPED"": 0.0, ""BOMB_EXPLODED"": 0.0, ""BOMB_NEXT_TO_CRATE"": 0.49999999999999994, ""BOMB_WITH_NO_ESCAPE"": -0.55, ""COIN_COLLECTED"": 2.0, ""COIN_FOUND"": 0.1, ""CRATE_DESTROYED"": 2.400000000000001, ""ESCAPED_DANGER"": 0.30000000000000004, ""GOT_KILLED"": -5.0, ""INVALID_ACTION"": -0.2, ""MOVED_AWAY_FROM_COIN"": -0.35000000000000003, ""MOVED_DOWN"": 0.0, ""MOVED_INTO_DANGER"": -0.35, ""MOVED_LEFT"": 0.0, ""MOVED_RIGHT"": 0.0, ""MOVED_TOWARD_COIN"": 1.2000000000000006, ""MOVED_TOWARD_SAFETY"": 0.3900000000000001, ""MOVED_UP"": 0.0, ""SAFE_BOMB_THREATENS_OPPONENT"": 0.1, ""STAYED_IN_DANGER"": -1.5, ""WAITED"": -0.6600000000000003}"
63,0,0,0,400,0.19297333333333336,-7.9530000000000065,0,-2.7,-5.253000000000011,36.95000000000002,-42.20299999999997,400,0,"{""BOMB_DROPPED"": 19, ""BOMB_EXPLODED"": 19, ""BOMB_NEXT_TO_CRATE"": 4, ""CRATE_DESTROYED"": 10, ""ESCAPED_DANGER"": 22, ""MOVED_AWAY_FROM_COIN"": 1, ""MOVED_DOWN"": 45, ""MOVED_INTO_DANGER"": 3, ""MOVED_LEFT"": 101, ""MOVED_RIGHT"": 87, ""MOVED_TOWARD_COIN"": 11, ""MOVED_TOWARD_SAFETY"": 26, ""MOVED_UP"": 39, ""OPPONENT_ELIMINATED"": 1, ""SAFE_BOMB_THREATENS_OPPONENT"": 4, ""STAYED_IN_DANGER"": 10, ""SURVIVED_ROUND"": 1, ""USELESS_BOMB"": 11, ""WAITED"": 109}","{""BOMB_DROPPED"": 0.0, ""BOMB_EXPLODED"": 0.0, ""BOMB_NEXT_TO_CRATE"": 0.2, ""CRATE_DESTROYED"": 0.9999999999999999, ""ESCAPED_DANGER"": 0.6600000000000004, ""MOVED_AWAY_FROM_COIN"": -0.07, ""MOVED_DOWN"": 0.0, ""MOVED_INTO_DANGER"": -1.0499999999999998, ""MOVED_LEFT"": 0.0, ""MOVED_RIGHT"": 0.0, ""MOVED_TOWARD_COIN"": 0.6600000000000001, ""MOVED_TOWARD_SAFETY"": 0.7800000000000005, ""MOVED_UP"": 0.0, ""OPPONENT_ELIMINATED"": 0.0, ""SAFE_BOMB_THREATENS_OPPONENT"": 0.4, ""STAYED_IN_DANGER"": -2.5, ""SURVIVED_ROUND"": 0.5, ""USELESS_BOMB"": -1.0999999999999999, ""WAITED"": -2.1800000000000015}"
64,3,0,3,400,0.19286,2.029749999999995,3.0,5.340000000000005,-6.310250000000014,62.05891666666667,-68.36916666666673,400,0,"{""BOMB_DROPPED"": 35, ""BOMB_EXPLODED"": 34, ""BOMB_NEXT_TO_CRATE"": 15, ""COIN_COLLECTED"": 3, ""COIN_FOUND"": 3, ""CRATE_DESTROYED"": 35, ""ESCAPED_DANGER"": 40, ""MOVED_AWAY_FROM_COIN"": 9, ""MOVED_DOWN"": 48, ""MOVED_INTO_DANGER"": 5, ""MOVED_LEFT"": 69, ""MOVED_RIGHT"": 70, ""MOVED_TOWARD_COIN"": 48, ""MOVED_TOWARD_SAFETY"": 56, ""MOVED_UP"": 56, ""OPPONENT_ELIMINATED"": 2, ""SAFE_BOMB_THREATENS_OPPONENT"": 16, ""STAYED_IN_DANGER"": 6, ""SURVIVED_ROUND"": 1, ""USELESS_BOMB"": 6, ""WAITED"": 122}","{""BOMB_DROPPED"": 0.0, ""BOMB_EXPLODED"": 0.0, ""BOMB_NEXT_TO_CRATE"": 0.7500000000000001, ""COIN_COLLECTED"": 3.0, ""COIN_FOUND"": 0.15000000000000002, ""CRATE_DESTROYED"": 3.5000000000000018, ""ESCAPED_DANGER"": 1.2000000000000008, ""MOVED_AWAY_FROM_COIN"": -0.6300000000000001, ""MOVED_DOWN"": 0.0, ""MOVED_INTO_DANGER"": -1.75, ""MOVED_LEFT"": 0.0, ""MOVED_RIGHT"": 0.0, ""MOVED_TOWARD_COIN"": 2.880000000000002, ""MOVED_TOWARD_SAFETY"": 1.6800000000000013, ""MOVED_UP"": 0.0, ""OPPONENT_ELIMINATED"": 0.0, ""SAFE_BOMB_THREATENS_OPPONENT"": 1.6000000000000003, ""STAYED_IN_DANGER"": -1.5, ""SURVIVED_ROUND"": 0.5, ""USELESS_BOMB"": -0.6, ""WAITED"": -2.4400000000000017}"
65,1,0,1,400,0.19274666666666668,-8.710999999999997,1.0,-3.479999999999999,-6.231000000000012,59.63716666666673,-65.86816666666667,400,0,"{""BOMB_DROPPED"": 27, ""BOMB_EXPLODED"": 26, ""BOMB_NEXT_TO_CRATE"": 8, ""COIN_COLLECTED"": 1, ""COIN_FOUND"": 1, ""CRATE_DESTROYED"": 20, ""ESCAPED_DANGER"": 37, ""MOVED_AWAY_FROM_COIN"": 5, ""MOVED_DOWN"": 55, ""MOVED_INTO_DANGER"": 10, ""MOVED_LEFT"": 78, ""MOVED_RIGHT"": 80, ""MOVED_TOWARD_COIN"": 27, ""MOVED_TOWARD_SAFETY"": 39, ""MOVED_UP"": 56, ""OPPONENT_ELIMINATED"": 2, ""SAFE_BOMB_THREATENS_OPPONENT"": 5, ""STAYED_IN_DANGER"": 14, ""SURVIVED_ROUND"": 1, ""USELESS_BOMB"": 14, ""WAITED"": 104}","{""BOMB_DROPPED"": 0.0, ""BOMB_EXPLODED"": 0.0, ""BOMB_NEXT_TO_CRATE"": 0.39999999999999997, ""COIN_COLLECTED"": 1.0, ""COIN_FOUND"": 0.05, ""CRATE_DESTROYED"": 2.0000000000000004, ""ESCAPED_DANGER"": 1.1100000000000008, ""MOVED_AWAY_FROM_COIN"": -0.35000000000000003, ""MOVED_DOWN"": 0.0, ""MOVED_INTO_DANGER"": -3.5000000000000004, ""MOVED_LEFT"": 0.0, ""MOVED_RIGHT"": 0.0, ""MOVED_TOWARD_COIN"": 1.620000000000001, ""MOVED_TOWARD_SAFETY"": 1.1700000000000008, ""MOVED_UP"": 0.0, ""OPPONENT_ELIMINATED"": 0.0, ""SAFE_BOMB_THREATENS_OPPONENT"": 0.5, ""STAYED_IN_DANGER"": -3.5, ""SURVIVED_ROUND"": 0.5, ""USELESS_BOMB"": -1.4000000000000001, ""WAITED"": -2.0800000000000014}"
66,0,0,0,400,0.19263333333333335,-6.721500000000009,0,0.5700000000000012,-7.291500000000013,55.70674999999996,-62.99825000000006,400,0,"{""BOMB_DROPPED"": 30, ""BOMB_EXPLODED"": 30, ""BOMB_NEXT_TO_CRATE"": 13, ""CRATE_DESTROYED"": 24, ""ESCAPED_DANGER"": 37, ""MOVED_AWAY_FROM_COIN"": 2, ""MOVED_DOWN"": 75, ""MOVED_INTO_DANGER"": 7, ""MOVED_LEFT"": 47, ""MOVED_RIGHT"": 56, ""MOVED_TOWARD_COIN"": 18, ""MOVED_TOWARD_SAFETY"": 40, ""MOVED_UP"": 73, ""OPPONENT_ELIMINATED"": 2, ""SAFE_BOMB_THREATENS_OPPONENT"": 14, ""STAYED_IN_DANGER"": 10, ""SURVIVED_ROUND"": 1, ""USELESS_BOMB"": 3, ""WAITED"": 119}","{""BOMB_DROPPED"": 0.0, ""BOMB_EXPLODED"": 0.0, ""BOMB_NEXT_TO_CRATE"": 0.65, ""CRATE_DESTROYED"": 2.400000000000001, ""ESCAPED_DANGER"": 1.1100000000000008, ""MOVED_AWAY_FROM_COIN"": -0.14, ""MOVED_DOWN"": 0.0, ""MOVED_INTO_DANGER"": -2.45, ""MOVED_LEFT"": 0.0, ""MOVED_RIGHT"": 0.0, ""MOVED_TOWARD_COIN"": 1.0800000000000005, ""MOVED_TOWARD_SAFETY"": 1.2000000000000008, ""MOVED_UP"": 0.0, ""OPPONENT_ELIMINATED"": 0.0, ""SAFE_BOMB_THREATENS_OPPONENT"": 1.4000000000000001, ""STAYED_IN_DANGER"": -2.5, ""SURVIVED_ROUND"": 0.5, ""USELESS_BOMB"": -0.30000000000000004, ""WAITED"": -2.3800000000000017}"
67,2,0,2,400,0.19252,-4.905000000000003,2.0,-0.7599999999999993,-6.145000000000003,50.90433333333333,-57.04933333333334,400,0,"{""BOMB_DROPPED"": 25, ""BOMB_EXPLODED"": 25, ""BOMB_NEXT_TO_CRATE"": 7, ""COIN_COLLECTED"": 2, ""COIN_FOUND"": 3, ""CRATE_DESTROYED"": 20, ""ESCAPED_DANGER"": 30, ""MOVED_AWAY_FROM_COIN"": 1, ""MOVED_DOWN"": 64, ""MOVED_INTO_DANGER"": 5, ""MOVED_LEFT"": 75, ""MOVED_RIGHT"": 73, ""MOVED_TOWARD_COIN"": 14, ""MOVED_TOWARD_SAFETY"": 40, ""MOVED_UP"": 64, ""OPPONENT_ELIMINATED"": 1, ""SAFE_BOMB_THREATENS_OPPONENT"": 5, ""STAYED_IN_DANGER"": 8, ""SURVIVED_ROUND"": 1, ""USELESS_BOMB"": 14, ""WAITED"": 99}","{""BOMB_DROPPED"": 0.0, ""BOMB_EXPLODED"": 0.0, ""BOMB_NEXT_TO_CRATE"": 0.35, ""COIN_COLLECTED"": 2.0, ""COIN_FOUND"": 0.15000000000000002, ""CRATE_DESTROYED"": 2.0000000000000004, ""ESCAPED_DANGER"": 0.9000000000000006, ""MOVED_AWAY_FROM_COIN"": -0.07, ""MOVED_DOWN"": 0.0, ""MOVED_INTO_DANGER"": -1.75, ""MOVED_LEFT"": 0.0, ""MOVED_RIGHT"": 0.0, ""MOVED_TOWARD_COIN"": 0.8400000000000003, ""MOVED_TOWARD_SAFETY"": 1.2000000000000008, ""MOVED_UP"": 0.0, ""OPPONENT_ELIMINATED"": 0.0, ""SAFE_BOMB_THREATENS_OPPONENT"": 0.5, ""STAYED_IN_DANGER"": -2.0, ""SURVIVED_ROUND"": 0.5, ""USELESS_BOMB"": -1.4000000000000001, ""WAITED"": -1.9800000000000013}"
68,3,0,3,400,0.19240666666666667,-1.4997499999999966,3.0,2.5900000000000025,-7.089750000000012,60.7363333333334,-67.82608333333333,400,0,"{""BOMB_DROPPED"": 33, ""BOMB_EXPLODED"": 33, ""BOMB_NEXT_TO_CRATE"": 14, ""COIN_COLLECTED"": 3, ""COIN_FOUND"": 1, ""CRATE_DESTROYED"": 25, ""ESCAPED_DANGER"": 39, ""INVALID_ACTION"": 2, ""MOVED_AWAY_FROM_COIN"": 6, ""MOVED_DOWN"": 42, ""MOVED_INTO_DANGER"": 6, ""MOVED_LEFT"": 75, ""MOVED_RIGHT"": 70, ""MOVED_TOWARD_COIN"": 34, ""MOVED_TOWARD_SAFETY"": 51, ""MOVED_UP"": 54, ""OPPONENT_ELIMINATED"": 2, ""SAFE_BOMB_THREATENS_OPPONENT"": 18, ""STAYED_IN_DANGER"": 8, ""SURVIVED_ROUND"": 1, ""USELESS_BOMB"": 5, ""WAITED"": 124}","{""BOMB_DROPPED"": 0.0, ""BOMB_EXPLODED"": 0.0, ""BOMB_NEXT_TO_CRATE"": 0.7000000000000001, ""COIN_COLLECTED"": 3.0, ""COIN_FOUND"": 0.05, ""CRATE_DESTROYED"": 2.500000000000001, ""ESCAPED_DANGER"": 1.1700000000000008, ""INVALID_ACTION"": -0.2, ""MOVED_AWAY_FROM_COIN"": -0.42000000000000004, ""MOVED_DOWN"": 0.0, ""MOVED_INTO_DANGER"": -2.1, ""MOVED_LEFT"": 0.0, ""MOVED_RIGHT"": 0.0, ""MOVED_TOWARD_COIN"": 2.0400000000000014, ""MOVED_TOWARD_SAFETY"": 1.5300000000000011, ""MOVED_UP"": 0.0, ""OPPONENT_ELIMINATED"": 0.0, ""SAFE_BOMB_THREATENS_OPPONENT"": 1.8000000000000005, ""STAYED_IN_DANGER"": -2.0, ""SURVIVED_ROUND"": 0.5, ""USELESS_BOMB"": -0.5, ""WAITED"": -2.4800000000000018}"
69,2,0,2,400,0.19229333333333334,-4.8255000000000035,2.0,0.6300000000000017,-7.455500000000013,48.36008333333332,-55.815583333333294,400,0,"{""BOMB_DROPPED"": 28, ""BOMB_EXPLODED"": 27, ""BOMB_NEXT_TO_CRATE"": 8, ""COIN_COLLECTED"": 2, ""COIN_FOUND"": 2, ""CRATE_DESTROYED"": 13, ""ESCAPED_DANGER"": 30, ""INVALID_ACTION"": 2, ""MOVED_AWAY_FROM_COIN"": 1, ""MOVED_DOWN"": 71, ""MOVED_INTO_DANGER"": 3, ""MOVED_LEFT"": 57, ""MOVED_RIGHT"": 65, ""MOVED_TOWARD_COIN"": 29, ""MOVED_TOWARD_SAFETY"": 41, ""MOVED_UP"": 81, ""OPPONENT_ELIMINATED"": 2, ""SAFE_BOMB_THREATENS_OPPONENT"": 14, ""STAYED_IN_DANGER"": 12, ""SURVIVED_ROUND"": 1, ""USELESS_BOMB"": 7, ""WAITED"": 96}","{""BOMB_DROPPED"": 0.0, ""BOMB_EXPLODED"": 0.0, ""BOMB_NEXT_TO_CRATE"": 0.39999999999999997, ""COIN_COLLECTED"": 2.0, ""COIN_FOUND"": 0.1, ""CRATE_DESTROYED"": 1.3, ""ESCAPED_DANGER"": 0.9000000000000006, ""INVALID_ACTION"": -0.2, ""MOVED_AWAY_FROM_COIN"": -0.07, ""MOVED_DOWN"": 0.0, ""MOVED_INTO_DANGER"": -1.0499999999999998, ""MOVED_LEFT"": 0.0, ""MOVED_RIGHT"": 0.0, ""MOVED_TOWARD_COIN"": 1.740000000000001, ""MOVED_TOWARD_SAFETY"": 1.2300000000000009, ""MOVED_UP"": 0.0, ""OPPONENT_ELIMINATED"": 0.0, ""SAFE_BOMB_THREATENS_OPPONENT"": 1.4000000000000001, ""STAYED_IN_DANGER"": -3.0, ""SURVIVED_ROUND"": 0.5, ""USELESS_BOMB"": -0.7, ""WAITED"": -1.9200000000000013}"
70,1,0,1,400,0.19218,-7.702999999999996,1.0,-1.219999999999999,-7.483000000000011,52.43525000000004,-59.91825000000001,400,0,"{""BOMB_DROPPED"": 26, ""BOMB_EXPLODED"": 26, ""BOMB_NEXT_TO_CRATE"": 6, ""COIN_COLLECTED"": 1, ""COIN_FOUND"": 1, ""CRATE_DESTROYED"": 19, ""ESCAPED_DANGER"": 32, ""INVALID_ACTION"": 1, ""MOVED_AWAY_FROM_COIN"": 1, ""MOVED_DOWN"": 48, ""MOVED_INTO_DANGER"": 7, ""MOVED_LEFT"": 72, ""MOVED_RIGHT"": 72, ""MOVED_TOWARD_COIN"": 23, ""MOVED_TOWARD_SAFETY"": 38, ""MOVED_UP"": 62, ""OPPONENT_ELIMINATED"": 2, ""SAFE_BOMB_THREATENS_OPPONENT"": 9, ""STAYED_IN_DANGER"": 9, ""SURVIVED_ROUND"": 1, ""USELESS_BOMB"": 11, ""WAITED"": 119}","{""BOMB_DROPPED"": 0.0, ""BOMB_EXPLODED"": 0.0, ""BOMB_NEXT_TO_CRATE"": 0.3, ""COIN_COLLECTED"": 1.0, ""COIN_FOUND"": 0.05, ""CRATE_DESTROYED"": 1.9000000000000006, ""ESCAPED_DANGER"": 0.9600000000000006, ""INVALID_ACTION"": -0.1, ""MOVED_AWAY_FROM_COIN"": -0.07, ""MOVED_DOWN"": 0.0, ""MOVED_INTO_DANGER"": -2.45, ""MOVED_LEFT"": 0.0, ""MOVED_RIGHT"": 0.0, ""MOVED_TOWARD_COIN"": 1.3800000000000008, ""MOVED_TOWARD_SAFETY"": 1.1400000000000008, ""MOVED_UP"": 0.0, ""OPPONENT_ELIMINATED"": 0.0, ""SAFE_BOMB_THREATENS_OPPONENT"": 0.8999999999999999, ""STAYED_IN_DANGER"": -2.25, ""SURVIVED_ROUND"": 0.5, ""USELESS_BOMB"": -1.0999999999999999, ""WAITED"": -2.3800000000000017}"
71,3,1,8,400,0.1920666666666667,-3.518000000000006,8.0,-1.9099999999999993,-9.608000000000017,57.194833333333285,-66.80283333333341,400,0,"{""BOMB_DROPPED"": 28, ""BOMB_EXPLODED"": 28, ""BOMB_NEXT_TO_CRATE"": 8, ""COIN_COLLECTED"": 3, ""COIN_FOUND"": 3, ""CRATE_DESTROYED"": 22, ""ESCAPED_DANGER"": 39, ""KILLED_OPPONENT"": 1, ""MOVED_AWAY_FROM_COIN"": 8, ""MOVED_DOWN"": 63, ""MOVED_INTO_DANGER"": 11, ""MOVED_LEFT"": 64, ""MOVED_RIGHT"": 51, ""MOVED_TOWARD_COIN"": 36, ""MOVED_TOWARD_SAFETY"": 35, ""MOVED_UP"": 65, ""OPPONENT_ELIMINATED"": 2, ""SAFE_BOMB_THREATENS_OPPONENT"": 11, ""STAYED_IN_DANGER"": 11, ""SURVIVED_ROUND"": 1, ""USELESS_BOMB"": 9, ""WAITED"": 129}","{""BOMB_DROPPED"": 0.0, ""BOMB_EXPLODED"": 0.0, ""BOMB_NEXT_TO_CRATE"": 0.39999999999999997, ""COIN_COLLECTED"": 3.0, ""COIN_FOUND"": 0.15000000000000002, ""CRATE_DESTROYED"": 2.2000000000000006, ""ESCAPED_DANGER"": 1.1700000000000008, ""KILLED_OPPONENT"": 5.0, ""MOVED_AWAY_FROM_COIN"": -0.56, ""MOVED_DOWN"": 0.0, ""MOVED_INTO_DANGER"": -3.8500000000000005, ""MOVED_LEFT"": 0.0, ""MOVED_RIGHT"": 0.0, ""MOVED_TOWARD_COIN"": 2.1600000000000015, ""MOVED_TOWARD_SAFETY"": 1.0500000000000007, ""MOVED_UP"": 0.0, ""OPPONENT_ELIMINATED"": 0.0, ""SAFE_BOMB_THREATENS_OPPONENT"": 1.0999999999999999, ""STAYED_IN_DANGER"": -2.75, ""SURVIVED_ROUND"": 0.5, ""USELESS_BOMB"": -0.8999999999999999, ""WAITED"": -2.580000000000002}"
72,3,0,3,400,0.19195333333333334,-1.0907500000000034,3.0,2.2100000000000035,-6.300750000000002,46.427333333333344,-52.72808333333335,400,0,"{""BOMB_DROPPED"": 27, ""BOMB_EXPLODED"": 27, ""BOMB_NEXT_TO_CRATE"": 12, ""COIN_COLLECTED"": 3, ""COIN_FOUND"": 2, ""CRATE_DESTROYED"": 25, ""ESCAPED_DANGER"": 27, ""INVALID_ACTION"": 1, ""MOVED_AWAY_FROM_COIN"": 6, ""MOVED_DOWN"": 59, ""MOVED_LEFT"": 80, ""MOVED_RIGHT"": 80, ""MOVED_TOWARD_COIN"": 58, ""MOVED_TOWARD_SAFETY"": 34, ""MOVED_UP"": 59, ""OPPONENT_ELIMINATED"": 1, ""SAFE_BOMB_THREATENS_OPPONENT"": 6, ""STAYED_IN_DANGER"": 16, ""SURVIVED_ROUND"": 1, ""USELESS_BOMB"": 10, ""WAITED"": 94}","{""BOMB_DROPPED"": 0.0, ""BOMB_EXPLODED"": 0.0, ""BOMB_NEXT_TO_CRATE"": 0.6, ""COIN_COLLECTED"": 3.0, ""COIN_FOUND"": 0.1, ""CRATE_DESTROYED"": 2.500000000000001, ""ESCAPED_DANGER"": 0.8100000000000005, ""INVALID_ACTION"": -0.1, ""MOVED_AWAY_FROM_COIN"": -0.42000000000000004, ""MOVED_DOWN"": 0.0, ""MOVED_LEFT"": 0.0, ""MOVED_RIGHT"": 0.0, ""MOVED_TOWARD_COIN"": 3.4800000000000026, ""MOVED_TOWARD_SAFETY"": 1.0200000000000007, ""MOVED_UP"": 0.0, ""OPPONENT_ELIMINATED"": 0.0, ""SAFE_BOMB_THREATENS_OPPONENT"": 0.6, ""STAYED_IN_DANGER"": -4.0, ""SURVIVED_ROUND"": 0.5, ""USELESS_BOMB"": -0.9999999999999999, ""WAITED"": -1.8800000000000012}"
73,2,0,2,400,0.19184,-3.526500000000002,2.0,3.240000000000003,-8.766500000000015,55.599749999999965,-64.36625000000002,400,0,"{""BOMB_DROPPED"": 32, ""BOMB_EXPLODED"": 32, ""BOMB_NEXT_TO_CRATE"": 12, ""COIN_COLLECTED"": 2, ""COIN_FOUND"": 3, ""CRATE_DESTROYED"": 24, ""ESCAPED_DANGER"": 35, ""INVALID_ACTION"": 2, ""MOVED_AWAY_FROM_COIN"": 2, ""MOVED_DOWN"": 57, ""MOVED_INTO_DANGER"": 6, ""MOVED_LEFT"": 73, ""MOVED_RIGHT"": 73, ""MOVED_TOWARD_COIN"": 43, ""MOVED_TOWARD_SAFETY"": 51, ""MOVED_UP"": 49, ""OPPONENT_ELIMINATED"": 2, ""SAFE_BOMB_THREATENS_OPPONENT"": 20, ""SAFE_BOMB_TRAPS_OPPONENT"": 1, ""STAYED_IN_DANGER"": 11, ""SURVIVED_ROUND"": 1, ""USELESS_BOMB"": 3, ""WAITED"": 114}","{""BOMB_DROPPED"": 0.0, ""BOMB_EXPLODED"": 0.0, ""BOMB_NEXT_TO_CRATE"": 0.6, ""COIN_COLLECTED"": 2.0, ""COIN_FOUND"": 0.15000000000000002, ""CRATE_DESTROYED"": 2.400000000000001, ""ESCAPED_DANGER"": 1.0500000000000007, ""INVALID_ACTION"": -0.2, ""MOVED_AWAY_FROM_COIN"": -0.14, ""MOVED_DOWN"": 0.0, ""MOVED_INTO_DANGER"": -2.1, ""MOVED_LEFT"": 0.0, ""MOVED_RIGHT"": 0.0, ""MOVED_TOWARD_COIN"": 2.580000000000002, ""MOVED_TOWARD_SAFETY"": 1.5300000000000011, ""MOVED_UP"": 0.0, ""OPPONENT_ELIMINATED"": 0.0, ""SAFE_BOMB_THREATENS_OPPONENT"": 2.0000000000000004, ""SAFE_BOMB_TRAPS_OPPONENT"": 0.2, ""STAYED_IN_DANGER"": -2.75, ""SURVIVED_ROUND"": 0.5, ""USELESS_BOMB"": -0.30000000000000004, ""WAITED"": -2.2800000000000016}"
74,3,0,3,399,0.19172666666666668,-9.028999999999998,3.0,-5.199999999999998,-6.829000000000004,55.63733333333338,-62.46633333333328,398,0,"{""BOMB_DROPPED"": 31, ""BOMB_EXPLODED"": 31, ""BOMB_NEXT_TO_CRATE"": 13, ""COIN_COLLECTED"": 3, ""COIN_FOUND"": 1, ""CRATE_DESTROYED"": 28, ""ESCAPED_DANGER"": 34, ""GOT_KILLED"": 1, ""INVALID_ACTION"": 2, ""MOVED_AWAY_FROM_COIN"": 1, ""MOVED_DOWN"": 60, ""MOVED_INTO_DANGER"": 4, ""MOVED_LEFT"": 61, ""MOVED_RIGHT"": 75, ""MOVED_TOWARD_COIN"": 16, ""MOVED_TOWARD_SAFETY"": 45, ""MOVED_UP"": 57, ""OPPONENT_ELIMINATED"": 1, ""SAFE_BOMB_THREATENS_OPPONENT"": 11, ""STAYED_IN_DANGER"": 14, ""USELESS_BOMB"": 7, ""WAITED"": 113}","{""BOMB_DROPPED"": 0.0, ""BOMB_EXPLODED"": 0.0, ""BOMB_NEXT_TO_CRATE"": 0.65, ""COIN_COLLECTED"": 3.0, ""COIN_FOUND"": 0.05, ""CRATE_DESTROYED"": 2.800000000000001, ""ESCAPED_DANGER"": 1.0200000000000007, ""GOT_KILLED"": -5.0, ""INVALID_ACTION"": -0.2, ""MOVED_AWAY_FROM_COIN"": -0.07, ""MOVED_DOWN"": 0.0, ""MOVED_INTO_DANGER"": -1.4, ""MOVED_LEFT"": 0.0, ""MOVED_RIGHT"": 0.0, ""MOVED_TOWARD_COIN"": 0.9600000000000004, ""MOVED_TOWARD_SAFETY"": 1.350000000000001, ""MOVED_UP"": 0.0, ""OPPONENT_ELIMINATED"": 0.0, ""SAFE_BOMB_THREATENS_OPPONENT"": 1.0999999999999999, ""STAYED_IN_DANGER"": -3.5, ""USELESS_BOMB"": -0.7, ""WAITED"": -2.2600000000000016}"
75,4,0,4,400,0.19161333333333333,0.4167499999999992,4.0,2.570000000000002,-6.153250000000014,52.33133333333342,-58.484583333333305,400,0,"{""BOMB_DROPPED"": 27, ""BOMB_EXPLODED"": 26, ""BOMB_NEXT_TO_CRATE"": 13, ""COIN_COLLECTED"": 4, ""COIN_FOUND"": 1, ""CRATE_DESTROYED"": 23, ""ESCAPED_DANGER"": 33, ""MOVED_AWAY_FROM_COIN"": 4, ""MOVED_DOWN"": 53, ""MOVED_INTO_DANGER"": 6, ""MOVED_LEFT"": 77, ""MOVED_RIGHT"": 77, ""MOVED_TOWARD_COIN"": 45, ""MOVED_TOWARD_SAFETY"": 43, ""MOVED_UP"": 52, ""OPPONENT_ELIMINATED"": 2, ""SAFE_BOMB_THREATENS_OPPONENT"": 10, ""STAYED_IN_DANGER"": 7, ""SURVIVED_ROUND"": 1, ""USELESS_BOMB"": 5, ""WAITED"": 114}","{""BOMB_DROPPED"": 0.0, ""BOMB_EXPLODED"": 0.0, ""BOMB_NEXT_TO_CRATE"": 0.65, ""COIN_COLLECTED"": 4.0, ""COIN_FOUND"": 0.05, ""CRATE_DESTROYED"": 2.3000000000000007, ""ESCAPED_DANGER"": 0.9900000000000007, ""MOVED_AWAY_FROM_COIN"": -0.28, ""MOVED_DOWN"": 0.0, ""MOVED_INTO_DANGER"": -2.1, ""MOVED_LEFT"": 0.0, ""MOVED_RIGHT"": 0.0, ""MOVED_TOWARD_COIN"": 2.700000000000002, ""MOVED_TOWARD_SAFETY"": 1.290000000000001, ""MOVED_UP"": 0.0, ""OPPONENT_ELIMINATED"": 0.0, ""SAFE_BOMB_THREATENS_OPPONENT"": 0.9999999999999999, ""STAYED_IN_DANGER"": -1.75, ""SURVIVED_ROUND"": 0.5, ""USELESS_BOMB"": -0.5, ""WAITED"": -2.2800000000000016}"
76,4,0,4,400,0.1915,-2.0447500000000076,4.0,1.5800000000000018,-7.624750000000001,44.778833333333324,-52.40358333333334,400,0,"{""BOMB_DROPPED"": 23, ""BOMB_EXPLODED"": 23, ""BOMB_NEXT_TO_CRATE"": 11, ""COIN_COLLECTED"": 4, ""COIN_FOUND"": 5, ""CRATE_DESTROYED"": 21, ""ESCAPED_DANGER"": 26, ""MOVED_AWAY_FROM_COIN"": 9, ""MOVED_DOWN"": 93, ""MOVED_INTO_DANGER"": 4, ""MOVED_LEFT"": 56, ""MOVED_RIGHT"": 56, ""MOVED_TOWARD_COIN"": 43, ""MOVED_TOWARD_SAFETY"": 36, ""MOVED_UP"": 83, ""OPPONENT_ELIMINATED"": 1, ""SAFE_BOMB_THREATENS_OPPONENT"": 8, ""STAYED_IN_DANGER"": 11, ""SURVIVED_ROUND"": 1, ""USELESS_BOMB"": 5, ""WAITED"": 89}","{""BOMB_DROPPED"": 0.0, ""BOMB_EXPLODED"": 0.0, ""BOMB_NEXT_TO_CRATE"": 0.5499999999999999, ""COIN_COLLECTED"": 4.0, ""COIN_FOUND"": 0.25, ""CRATE_DESTROYED"": 2.1000000000000005, ""ESCAPED_DANGER"": 0.7800000000000005, ""MOVED_AWAY_FROM_COIN"": -0.6300000000000001, ""MOVED_DOWN"": 0.0, ""MOVED_INTO_DANGER"": -1.4, ""MOVED_LEFT"": 0.0, ""MOVED_RIGHT"": 0.0, ""MOVED_TOWARD_COIN"": 2.580000000000002, ""MOVED_TOWARD_SAFETY"": 1.0800000000000007, ""MOVED_UP"": 0.0, ""OPPONENT_ELIMINATED"": 0.0, ""SAFE_BOMB_THREATENS_OPPONENT"": 0.7999999999999999, ""STAYED_IN_DANGER"": -2.75, ""SURVIVED_ROUND"": 0.5, ""USELESS_BOMB"": -0.5, ""WAITED"": -1.7800000000000011}"
77,0,0,0,400,0.19138666666666668,-9.968999999999987,0,-4.38,-5.589000000000003,61.91441666666665,-67.50341666666667,400,0,"{""BOMB_DROPPED"": 31, ""BOMB_EXPLODED"": 31, ""BOMB_NEXT_TO_CRATE"": 5, ""CRATE_DESTROYED"": 9, ""ESCAPED_DANGER"": 40, ""INVALID_ACTION"": 1, ""MOVED_AWAY_FROM_COIN"": 1, ""MOVED_DOWN"": 55, ""MOVED_INTO_DANGER"": 9, ""MOVED_LEFT"": 62, ""MOVED_RIGHT"": 62, ""MOVED_TOWARD_COIN"": 13, ""MOVED_TOWARD_SAFETY"": 48, ""MOVED_UP"": 55, ""SAFE_BOMB_THREATENS_OPPONENT"": 15, ""STAYED_IN_DANGER"": 15, ""SURVIVED_ROUND"": 1, ""USELESS_BOMB"": 12, ""WAITED"": 134}","{""BOMB_DROPPED"": 0.0, ""BOMB_EXPLODED"": 0.0, ""BOMB_NEXT_TO_CRATE"": 0.25, ""CRATE_DESTROYED"": 0.8999999999999999, ""ESCAPED_DANGER"": 1.2000000000000008, ""INVALID_ACTION"": -0.1, ""MOVED_AWAY_FROM_COIN"": -0.07, ""MOVED_DOWN"": 0.0, ""MOVED_INTO_DANGER"": -3.1500000000000004, ""MOVED_LEFT"": 0.0, ""MOVED_RIGHT"": 0.0, ""MOVED_TOWARD_COIN"": 0.7800000000000002, ""MOVED_TOWARD_SAFETY"": 1.440000000000001, ""MOVED_UP"": 0.0, ""SAFE_BOMB_THREATENS_OPPONENT"": 1.5000000000000002, ""STAYED_IN_DANGER"": -3.75, ""SURVIVED_ROUND"": 0.5, ""USELESS_BOMB"": -1.2, ""WAITED"": -2.680000000000002}"
78,2,0,2,400,0.19127333333333335,-2.2815000000000096,2.0,1.4000000000000008,-5.681499999999991,28.544583333333353,-34.22608333333339,400,0,"{""BOMB_DROPPED"": 14, ""BOMB_EXPLODED"": 14, ""BOMB_NEXT_TO_CRATE"": 8, ""COIN_COLLECTED"": 2, ""COIN_FOUND"": 3, ""CRATE_DESTROYED"": 19, ""ESCAPED_DANGER"": 15, ""MOVED_AWAY_FROM_COIN"": 2, ""MOVED_DOWN"": 58, ""MOVED_INTO_DANGER"": 1, ""MOVED_LEFT"": 82, ""MOVED_RIGHT"": 82, ""MOVED_TOWARD_COIN"": 27, ""MOVED_TOWARD_SAFETY"": 22, ""MOVED_UP"": 57, ""OPPONENT_ELIMINATED"": 1, ""SAFE_BOMB_THREATENS_OPPONENT"": 1, ""STAYED_IN_DANGER"": 5, ""SURVIVED_ROUND"": 1, ""USELESS_BOMB"": 5, ""WAITED"": 107}","{""BOMB_DROPPED"": 0.0, ""BOMB_EXPLODED"": 0.0, ""BOMB_NEXT_TO_CRATE"": 0.39999999999999997, ""COIN_COLLECTED"": 2.0, ""COIN_FOUND"": 0.15000000000000002, ""CRATE_DESTROYED"": 1.9000000000000006, ""ESCAPED_DANGER"": 0.4500000000000002, ""MOVED_AWAY_FROM_COIN"": -0.14, ""MOVED_DOWN"": 0.0, ""MOVED_INTO_DANGER"": -0.35, ""MOVED_LEFT"": 0.0, ""MOVED_RIGHT"": 0.0, ""MOVED_TOWARD_COIN"": 1.620000000000001, ""MOVED_TOWARD_SAFETY"": 0.6600000000000004, ""MOVED_UP"": 0.0, ""OPPONENT_ELIMINATED"": 0.0, ""SAFE_BOMB_THREATENS_OPPONENT"": 0.1, ""STAYED_IN_DANGER"": -1.25, ""SURVIVED_ROUND"": 0.5, ""USELESS_BOMB"": -0.5, ""WAITED"": -2.1400000000000015}"
79,1,1,6,400,0.19116,-2.1070000000000007,6.0,0.7800000000000029,-8.887000000000015,60.53141666666665,-69.41841666666676,400,0,"{""BOMB_DROPPED"": 29, ""BOMB_EXPLODED"": 29, ""BOMB_NEXT_TO_CRATE"": 14, ""COIN_COLLECTED"": 1, ""COIN_FOUND"": 2, ""CRATE_DESTROYED"": 28, ""ESCAPED_DANGER"": 39, ""INVALID_ACTION"": 1, ""KILLED_OPPONENT"": 1, ""MOVED_AWAY_FROM_COIN"": 6, ""MOVED_DOWN"": 64, ""MOVED_INTO_DANGER"": 10, ""MOVED_LEFT"": 62, ""MOVED_RIGHT"": 54, ""MOVED_TOWARD_COIN"": 44, ""MOVED_TOWARD_SAFETY"": 45, ""MOVED_UP"": 72, ""OPPONENT_ELIMINATED"": 2, ""SAFE_BOMB_THREATENS_OPPONENT"": 13, ""STAYED_IN_DANGER"": 12, ""SURVIVED_ROUND"": 1, ""USELESS_BOMB"": 4, ""WAITED"": 118}","{""BOMB_DROPPED"": 0.0, ""BOMB_EXPLODED"": 0.0, ""BOMB_NEXT_TO_CRATE"": 0.7000000000000001, ""COIN_COLLECTED"": 1.0, ""COIN_FOUND"": 0.1, ""CRATE_DESTROYED"": 2.800000000000001, ""ESCAPED_DANGER"": 1.1700000000000008, ""INVALID_ACTION"": -0.1, ""KILLED_OPPONENT"": 5.0, ""MOVED_AWAY_FROM_COIN"": -0.42000000000000004, ""MOVED_DOWN"": 0.0, ""MOVED_INTO_DANGER"": -3.5000000000000004, ""MOVED_LEFT"": 0.0, ""MOVED_RIGHT"": 0.0, ""MOVED_TOWARD_COIN"": 2.640000000000002, ""MOVED_TOWARD_SAFETY"": 1.350000000000001, ""MOVED_UP"": 0.0, ""OPPONENT_ELIMINATED"": 0.0, ""SAFE_BOMB_THREATENS_OPPONENT"": 1.3, ""STAYED_IN_DANGER"": -3.0, ""SURVIVED_ROUND"": 0.5, ""USELESS_BOMB"": -0.4, ""WAITED"": -2.3600000000000017}"
80,4,1,9,400,0.19104666666666667,5.255999999999983,9.0,2.1000000000000014,-5.844000000000015,37.87599999999997,-43.720000000000034,400,0,"{""BOMB_DROPPED"": 20, ""BOMB_EXPLODED"": 20, ""BOMB_NEXT_TO_CRATE"": 11, ""COIN_COLLECTED"": 4, ""COIN_FOUND"": 4, ""CRATE_DESTROYED"": 22, ""ESCAPED_DANGER"": 21, ""INVALID_ACTION"": 1, ""KILLED_OPPONENT"": 1, ""MOVED_AWAY_FROM_COIN"": 1, ""MOVED_DOWN"": 103, ""MOVED_INTO_DANGER"": 1, ""MOVED_LEFT"": 41, ""MOVED_RIGHT"": 47, ""MOVED_TOWARD_COIN"": 14, ""MOVED_TOWARD_SAFETY"": 33, ""MOVED_UP"": 111, ""OPPONENT_ELIMINATED"": 1, ""SAFE_BOMB_THREATENS_OPPONENT"": 4, ""STAYED_IN_DANGER"": 5, ""SURVIVED_ROUND"": 1, ""USELESS_BOMB"": 9, ""WAITED"": 77}","{""BOMB_DROPPED"": 0.0, ""BOMB_EXPLODED"": 0.0, ""BOMB_NEXT_TO_CRATE"": 0.5499999999999999, ""COIN_COLLECTED"": 4.0, ""COIN_FOUND"": 0.2, ""CRATE_DESTROYED"": 2.2000000000000006, ""ESCAPED_DANGER"": 0.6300000000000003, ""INVALID_ACTION"": -0.1, ""KILLED_OPPONENT"": 5.0, ""MOVED_AWAY_FROM_COIN"": -0.07, ""MOVED_DOWN"": 0.0, ""MOVED_INTO_DANGER"": -0.35, ""MOVED_LEFT"": 0.0, ""MOVED_RIGHT"": 0.0, ""MOVED_TOWARD_COIN"": 0.8400000000000003, ""MOVED_TOWARD_SAFETY"": 0.9900000000000007, ""MOVED_UP"": 0.0, ""OPPONENT_ELIMINATED"": 0.0, ""SAFE_BOMB_THREATENS_OPPONENT"": 0.4, ""STAYED_IN_DANGER"": -1.25, ""SURVIVED_ROUND"": 0.5, ""USELESS_BOMB"": -0.8999999999999999, ""WAITED"": -1.540000000000001}"
81,1,0,1,400,0.19093333333333334,-5.9347500000000055,1.0,-0.9099999999999993,-6.024750000000005,44.97258333333336,-50.997333333333366,400,0,"{""BOMB_DROPPED"": 24, ""BOMB_EXPLODED"": 24, ""BOMB_NEXT_TO_CRATE"": 10, ""COIN_COLLECTED"": 1, ""CRATE_DESTROYED"": 19, ""ESCAPED_DANGER"": 27, ""MOVED_AWAY_FROM_COIN"": 1, ""MOVED_DOWN"": 63, ""MOVED_INTO_DANGER"": 3, ""MOVED_LEFT"": 71, ""MOVED_RIGHT"": 83, ""MOVED_TOWARD_COIN"": 12, ""MOVED_TOWARD_SAFETY"": 30, ""MOVED_UP"": 63, ""OPPONENT_ELIMINATED"": 1, ""SAFE_BOMB_THREATENS_OPPONENT"": 6, ""STAYED_IN_DANGER"": 12, ""SURVIVED_ROUND"": 1, ""USELESS_BOMB"": 8, ""WAITED"": 96}","{""BOMB_DROPPED"": 0.0, ""BOMB_EXPLODED"": 0.0, ""BOMB_NEXT_TO_CRATE"": 0.49999999999999994, ""COIN_COLLECTED"": 1.0, ""CRATE_DESTROYED"": 1.9000000000000006, ""ESCAPED_DANGER"": 0.8100000000000005, ""MOVED_AWAY_FROM_COIN"": -0.07, ""MOVED_DOWN"": 0.0, ""MOVED_INTO_DANGER"": -1.0499999999999998, ""MOVED_LEFT"": 0.0, ""MOVED_RIGHT"": 0.0, ""MOVED_TOWARD_COIN"": 0.7200000000000002, ""MOVED_TOWARD_SAFETY"": 0.9000000000000006, ""MOVED_UP"": 0.0, ""OPPONENT_ELIMINATED"": 0.0, ""SAFE_BOMB_THREATENS_OPPONENT"": 0.6, ""STAYED_IN_DANGER"": -3.0, ""SURVIVED_ROUND"": 0.5, ""USELESS_BOMB"": -0.7999999999999999, ""WAITED"": -1.9200000000000013}"
82,2,0,2,306,0.19082,-13.701,2.0,-8.339999999999996,-7.361000000000009,45.73016666666667,-53.091166666666695,305,0,"{""BOMB_DROPPED"": 24, ""BOMB_EXPLODED"": 24, ""BOMB_NEXT_TO_CRATE"": 11, ""COIN_COLLECTED"": 2, ""COIN_FOUND"": 1, ""CRATE_DESTROYED"": 24, ""ESCAPED_DANGER"": 29, ""GOT_KILLED"": 1, ""INVALID_ACTION"": 3, ""KILLED_SELF"": 1, ""MOVED_AWAY_FROM_COIN"": 5, ""MOVED_DOWN"": 38, ""MOVED_INTO_DANGER"": 7, ""MOVED_LEFT"": 75, ""MOVED_RIGHT"": 61, ""MOVED_TOWARD_COIN"": 40, ""MOVED_TOWARD_SAFETY"": 44, ""MOVED_UP"": 26, ""OPPONENT_ELIMINATED"": 2, ""SAFE_BOMB_THREATENS_OPPONENT"": 12, ""SAFE_BOMB_TRAPS_OPPONENT"": 1, ""STAYED_IN_DANGER"": 9, ""USELESS_BOMB"": 4, ""WAITED"": 79}","{""BOMB_DROPPED"": 0.0, ""BOMB_EXPLODED"": 0.0, ""BOMB_NEXT_TO_CRATE"": 0.5499999999999999, ""COIN_COLLECTED"": 2.0, ""COIN_FOUND"": 0.05, ""CRATE_DESTROYED"": 2.400000000000001, ""ESCAPED_DANGER"": 0.8700000000000006, ""GOT_KILLED"": -5.0, ""INVALID_ACTION"": -0.30000000000000004, ""KILLED_SELF"": -5.0, ""MOVED_AWAY_FROM_COIN"": -0.35000000000000003, ""MOVED_DOWN"": 0.0, ""MOVED_INTO_DANGER"": -2.45, ""MOVED_LEFT"": 0.0, ""MOVED_RIGHT"": 0.0, ""MOVED_TOWARD_COIN"": 2.4000000000000017, ""MOVED_TOWARD_SAFETY"": 1.320000000000001, ""MOVED_UP"": 0.0, ""OPPONENT_ELIMINATED"": 0.0, ""SAFE_BOMB_THREATENS_OPPONENT"": 1.2, ""SAFE_BOMB_TRAPS_OPPONENT"": 0.2, ""STAYED_IN_DANGER"": -2.25, ""USELESS_BOMB"": -0.4, ""WAITED"": -1.580000000000001}"
83,4,0,4,400,0.1907066666666667,-0.8282499999999997,4.0,2.200000000000003,-7.028250000000006,54.960583333333346,-61.988833333333325,400,0,"{""BOMB_DROPPED"": 30, ""BOMB_EXPLODED"": 30, ""BOMB_NEXT_TO_CRATE"": 17, ""COIN_COLLECTED"": 4, ""COIN_FOUND"": 2, ""CRATE_DESTROYED"": 32, ""ESCAPED_DANGER"": 35, ""MOVED_AWAY_FROM_COIN"": 1, ""MOVED_DOWN"": 56, ""MOVED_INTO_DANGER"": 5, ""MOVED_LEFT"": 60, ""MOVED_RIGHT"": 69, ""MOVED_TOWARD_COIN"": 32, ""MOVED_TOWARD_SAFETY"": 40, ""MOVED_UP"": 70, ""OPPONENT_ELIMINATED"": 1, ""SAFE_BOMB_THREATENS_OPPONENT"": 7, ""STAYED_IN_DANGER"": 10, ""SURVIVED_ROUND"": 1, ""USELESS_BOMB"": 7, ""WAITED"": 115}","{""BOMB_DROPPED"": 0.0, ""BOMB_EXPLODED"": 0.0, ""BOMB_NEXT_TO_CRATE"": 0.8500000000000002, ""COIN_COLLECTED"": 4.0, ""COIN_FOUND"": 0.1, ""CRATE_DESTROYED"": 3.2000000000000015, ""ESCAPED_DANGER"": 1.0500000000000007, ""MOVED_AWAY_FROM_COIN"": -0.07, ""MOVED_DOWN"": 0.0, ""MOVED_INTO_DANGER"": -1.75, ""MOVED_LEFT"": 0.0, ""MOVED_RIGHT"": 0.0, ""MOVED_TOWARD_COIN"": 1.9200000000000013, ""MOVED_TOWARD_SAFETY"": 1.2000000000000008, ""MOVED_UP"": 0.0, ""OPPONENT_ELIMINATED"": 0.0, ""SAFE_BOMB_THREATENS_OPPONENT"": 0.7, ""STAYED_IN_DANGER"": -2.5, ""SURVIVED_ROUND"": 0.5, ""USELESS_BOMB"": -0.7, ""WAITED"": -2.3000000000000016}"
84,1,0,1,400,0.19059333333333334,-7.114749999999983,1.0,-1.0099999999999998,-7.1047500000000205,53.68091666666685,-60.785666666666586,400,0,"{""BOMB_DROPPED"": 24, ""BOMB_EXPLODED"": 24, ""BOMB_NEXT_TO_CRATE"": 12, ""COIN_COLLECTED"": 1, ""COIN_FOUND"": 1, ""CRATE_DESTROYED"": 26, ""ESCAPED_DANGER"": 34, ""INVALID_ACTION"": 1, ""MOVED_AWAY_FROM_COIN"": 4, ""MOVED_DOWN"": 33, ""MOVED_INTO_DANGER"": 10, ""MOVED_LEFT"": 56, ""MOVED_RIGHT"": 67, ""MOVED_TOWARD_COIN"": 22, ""MOVED_TOWARD_SAFETY"": 44, ""MOVED_UP"": 47, ""OPPONENT_ELIMINATED"": 2, ""SAFE_BOMB_THREATENS_OPPONENT"": 9, ""STAYED_IN_DANGER"": 6, ""SURVIVED_ROUND"": 1, ""USELESS_BOMB"": 5, ""WAITED"": 172}","{""BOMB_DROPPED"": 0.0, ""BOMB_EXPLODED"": 0.0, ""BOMB_NEXT_TO_CRATE"": 0.6, ""COIN_COLLECTED"": 1.0, ""COIN_FOUND"": 0.05, ""CRATE_DESTROYED"": 2.600000000000001, ""ESCAPED_DANGER"": 1.0200000000000007, ""INVALID_ACTION"": -0.1, ""MOVED_AWAY_FROM_COIN"": -0.28, ""MOVED_DOWN"": 0.0, ""MOVED_INTO_DANGER"": -3.5000000000000004, ""MOVED_LEFT"": 0.0, ""MOVED_RIGHT"": 0.0, ""MOVED_TOWARD_COIN"": 1.3200000000000007, ""MOVED_TOWARD_SAFETY"": 1.320000000000001, ""MOVED_UP"": 0.0, ""OPPONENT_ELIMINATED"": 0.0, ""SAFE_BOMB_THREATENS_OPPONENT"": 0.8999999999999999, ""STAYED_IN_DANGER"": -1.5, ""SURVIVED_ROUND"": 0.5, ""USELESS_BOMB"": -0.5, ""WAITED"": -3.4400000000000026}"
85,1,0,1,400,0.19048,-4.069249999999999,1.0,0.890000000000001,-5.959250000000005,54.17808333333341,-60.1373333333333,400,0,"{""BOMB_DROPPED"": 26, ""BOMB_EXPLODED"": 26, ""BOMB_NEXT_TO_CRATE"": 10, ""COIN_COLLECTED"": 1, ""COIN_FOUND"": 1, ""CRATE_DESTROYED"": 20, ""ESCAPED_DANGER"": 34, ""INVALID_ACTION"": 1, ""MOVED_AWAY_FROM_COIN"": 5, ""MOVED_DOWN"": 70, ""MOVED_INTO_DANGER"": 8, ""MOVED_LEFT"": 65, ""MOVED_RIGHT"": 77, ""MOVED_TOWARD_COIN"": 13, ""MOVED_TOWARD_SAFETY"": 47, ""MOVED_UP"": 70, ""OPPONENT_ELIMINATED"": 2, ""SAFE_BOMB_THREATENS_OPPONENT"": 15, ""STAYED_IN_DANGER"": 6, ""SURVIVED_ROUND"": 1, ""USELESS_BOMB"": 3, ""WAITED"": 91}","{""BOMB_DROPPED"": 0.0, ""BOMB_EXPLODED"": 0.0, ""BOMB_NEXT_TO_CRATE"": 0.49999999999999994, ""COIN_COLLECTED"": 1.0, ""COIN_FOUND"": 0.05, ""CRATE_DESTROYED"": 2.0000000000000004, ""ESCAPED_DANGER"": 1.0200000000000007, ""INVALID_ACTION"": -0.1, ""MOVED_AWAY_FROM_COIN"": -0.35000000000000003, ""MOVED_DOWN"": 0.0, ""MOVED_INTO_DANGER"": -2.8000000000000003, ""MOVED_LEFT"": 0.0, ""MOVED_RIGHT"": 0.0, ""MOVED_TOWARD_COIN"": 0.7800000000000002, ""MOVED_TOWARD_SAFETY"": 1.410000000000001, ""MOVED_UP"": 0.0, ""OPPONENT_ELIMINATED"": 0.0, ""SAFE_BOMB_THREATENS_OPPONENT"": 1.5000000000000002, ""STAYED_IN_DANGER"": -1.5, ""SURVIVED_ROUND"": 0.5, ""USELESS_BOMB"": -0.30000000000000004, ""WAITED"": -1.8200000000000012}"
86,1,1,6,400,0.19036666666666668,-2.3004999999999995,6.0,-0.6699999999999982,-7.630500000000009,56.55475,-64.18525,400,0,"{""BOMB_DROPPED"": 31, ""BOMB_EXPLODED"": 31, ""BOMB_NEXT_TO_CRATE"": 13, ""COIN_COLLECTED"": 1, ""COIN_FOUND"": 1, ""CRATE_DESTROYED"": 18, ""ESCAPED_DANGER"": 35, ""INVALID_ACTION"": 1, ""KILLED_OPPONENT"": 1, ""MOVED_AWAY_FROM_COIN"": 4, ""MOVED_DOWN"": 64, ""MOVED_INTO_DANGER"": 4, ""MOVED_LEFT"": 65, ""MOVED_RIGHT"": 58, ""MOVED_TOWARD_COIN"": 21, ""MOVED_TOWARD_SAFETY"": 46, ""MOVED_UP"": 72, ""OPPONENT_ELIMINATED"": 3, ""SAFE_BOMB_THREATENS_OPPONENT"": 10, ""STAYED_IN_DANGER"": 14, ""SURVIVED_ROUND"": 1, ""USELESS_BOMB"": 9, ""WAITED"": 109}","{""BOMB_DROPPED"": 0.0, ""BOMB_EXPLODED"": 0.0, ""BOMB_NEXT_TO_CRATE"": 0.65, ""COIN_COLLECTED"": 1.0, ""COIN_FOUND"": 0.05, ""CRATE_DESTROYED"": 1.8000000000000005, ""ESCAPED_DANGER"": 1.0500000000000007, ""INVALID_ACTION"": -0.1, ""KILLED_OPPONENT"": 5.0, ""MOVED_AWAY_FROM_COIN"": -0.28, ""MOVED_DOWN"": 0.0, ""MOVED_INTO_DANGER"": -1.4, ""MOVED_LEFT"": 0.0, ""MOVED_RIGHT"": 0.0, ""MOVED_TOWARD_COIN"": 1.2600000000000007, ""MOVED_TOWARD_SAFETY"": 1.380000000000001, ""MOVED_UP"": 0.0, ""OPPONENT_ELIMINATED"": 0.0, ""SAFE_BOMB_THREATENS_OPPONENT"": 0.9999999999999999, ""STAYED_IN_DANGER"": -3.5, ""SURVIVED_ROUND"": 0.5, ""USELESS_BOMB"": -0.8999999999999999, ""WAITED"": -2.1800000000000015}"
87,2,0,2,400,0.19025333333333333,-2.315000000000005,2.0,4.030000000000003,-8.345000000000015,56.19650000000006,-64.54150000000003,400,0,"{""BOMB_DROPPED"": 32, ""BOMB_EXPLODED"": 31, ""BOMB_NEXT_TO_CRATE"": 13, ""COIN_COLLECTED"": 2, ""COIN_FOUND"": 2, ""CRATE_DESTROYED"": 25, ""ESCAPED_DANGER"": 35, ""MOVED_AWAY_FROM_COIN"": 4, ""MOVED_DOWN"": 51, ""MOVED_INTO_DANGER"": 4, ""MOVED_LEFT"": 72, ""MOVED_RIGHT"": 72, ""MOVED_TOWARD_COIN"": 24, ""MOVED_TOWARD_SAFETY"": 55, ""MOVED_UP"": 64, ""OPPONENT_ELIMINATED"": 2, ""SAFE_BOMB_THREATENS_OPPONENT"": 18, ""STAYED_IN_DANGER"": 6, ""SURVIVED_ROUND"": 1, ""USELESS_BOMB"": 3, ""WAITED"": 109}","{""BOMB_DROPPED"": 0.0, ""BOMB_EXPLODED"": 0.0, ""BOMB_NEXT_TO_CRATE"": 0.65, ""COIN_COLLECTED"": 2.0, ""COIN_FOUND"": 0.1, ""CRATE_DESTROYED"": 2.500000000000001, ""ESCAPED_DANGER"": 1.0500000000000007, ""MOVED_AWAY_FROM_COIN"": -0.28, ""MOVED_DOWN"": 0.0, ""MOVED_INTO_DANGER"": -1.4, ""MOVED_LEFT"": 0.0, ""MOVED_RIGHT"": 0.0, ""MOVED_TOWARD_COIN"": 1.4400000000000008, ""MOVED_TOWARD_SAFETY"": 1.6500000000000012, ""MOVED_UP"": 0.0, ""OPPONENT_ELIMINATED"": 0.0, ""SAFE_BOMB_THREATENS_OPPONENT"": 1.8000000000000005, ""STAYED_IN_DANGER"": -1.5, ""SURVIVED_ROUND"": 0.5, ""USELESS_BOMB"": -0.30000000000000004, ""WAITED"": -2.1800000000000015}"
88,0,0,0,400,0.19014,-6.2309999999999715,0,-0.27999999999999914,-5.950999999999976,34.047333333333306,-39.998333333333235,400,0,"{""BOMB_DROPPED"": 19, ""BOMB_EXPLODED"": 19, ""BOMB_NEXT_TO_CRATE"": 10, ""CRATE_DESTROYED"": 19, ""ESCAPED_DANGER"": 21, ""INVALID_ACTION"": 2, ""MOVED_AWAY_FROM_COIN"": 3, ""MOVED_DOWN"": 93, ""MOVED_INTO_DANGER"": 2, ""MOVED_LEFT"": 64, ""MOVED_RIGHT"": 64, ""MOVED_TOWARD_COIN"": 19, ""MOVED_TOWARD_SAFETY"": 19, ""MOVED_UP"": 80, ""OPPONENT_ELIMINATED"": 3, ""SAFE_BOMB_THREATENS_OPPONENT"": 3, ""SAFE_BOMB_TRAPS_OPPONENT"": 1, ""STAYED_IN_DANGER"": 11, ""SURVIVED_ROUND"": 1, ""USELESS_BOMB"": 6, ""WAITED"": 78}","{""BOMB_DROPPED"": 0.0, ""BOMB_EXPLODED"": 0.0, ""BOMB_NEXT_TO_CRATE"": 0.49999999999999994, ""CRATE_DESTROYED"": 1.9000000000000006, ""ESCAPED_DANGER"": 0.6300000000000003, ""INVALID_ACTION"": -0.2, ""MOVED_AWAY_FROM_COIN"": -0.21000000000000002, ""MOVED_DOWN"": 0.0, ""MOVED_INTO_DANGER"": -0.7, ""MOVED_LEFT"": 0.0, ""MOVED_RIGHT"": 0.0, ""MOVED_TOWARD_COIN"": 1.1400000000000006, ""MOVED_TOWARD_SAFETY"": 0.5700000000000003, ""MOVED_UP"": 0.0, ""OPPONENT_ELIMINATED"": 0.0, ""SAFE_BOMB_THREATENS_OPPONENT"": 0.30000000000000004, ""SAFE_BOMB_TRAPS_OPPONENT"": 0.2, ""STAYED_IN_DANGER"": -2.75, ""SURVIVED_ROUND"": 0.5, ""USELESS_BOMB"": -0.6, ""WAITED"": -1.560000000000001}"
89,2,0,2,88,0.19002666666666668,-4.439500000000001,2.0,-4.029999999999999,-2.409500000000002,12.898583333333331,-15.30808333333333,87,0,"{""BOMB_DROPPED"": 8, ""BOMB_EXPLODED"": 7, ""BOMB_NEXT_TO_CRATE"": 5, ""COIN_COLLECTED"": 2, ""COIN_FOUND"": 1, ""CRATE_DESTROYED"": 12, ""ESCAPED_DANGER"": 7, ""GOT_KILLED"": 1, ""INVALID_ACTION"": 1, ""MOVED_AWAY_FROM_COIN"": 3, ""MOVED_DOWN"": 18, ""MOVED_INTO_DANGER"": 1, ""MOVED_LEFT"": 17, ""MOVED_RIGHT"": 9, ""MOVED_TOWARD_COIN"": 23, ""MOVED_TOWARD_SAFETY"": 11, ""MOVED_UP"": 8, ""OPPONENT_ELIMINATED"": 1, ""SAFE_BOMB_THREATENS_OPPONENT"": 1, ""STAYED_IN_DANGER"": 5, ""USELESS_BOMB"": 1, ""WAITED"": 27}","{""BOMB_DROPPED"": 0.0, ""BOMB_EXPLODED"": 0.0, ""BOMB_NEXT_TO_CRATE"": 0.25, ""COIN_COLLECTED"": 2.0, ""COIN_FOUND"": 0.05, ""CRATE_DESTROYED"": 1.2, ""ESCAPED_DANGER"": 0.21, ""GOT_KILLED"": -5.0, ""INVALID_ACTION"": -0.1, ""MOVED_AWAY_FROM_COIN"": -0.21000000000000002, ""MOVED_DOWN"": 0.0, ""MOVED_INTO_DANGER"": -0.35, ""MOVED_LEFT"": 0.0, ""MOVED_RIGHT"": 0.0, ""MOVED_TOWARD_COIN"": 1.3800000000000008, ""MOVED_TOWARD_SAFETY"": 0.33000000000000007, ""MOVED_UP"": 0.0, ""OPPONENT_ELIMINATED"": 0.0, ""SAFE_BOMB_THREATENS_OPPONENT"": 0.1, ""STAYED_IN_DANGER"": -1.25, ""USELESS_BOMB"": -0.1, ""WAITED"": -0.5400000000000001}"
90,2,0,2,400,0.18991333333333335,0.08900000000000335,2.0,2.780000000000001,-4.691000000000013,35.76008333333337,-40.45108333333336,400,0,"{""BOMB_DROPPED"": 21, ""BOMB_EXPLODED"": 21, ""BOMB_NEXT_TO_CRATE"": 13, ""COIN_COLLECTED"": 2, ""CRATE_DESTROYED"": 26, ""ESCAPED_DANGER"": 22, ""MOVED_DOWN"": 97, ""MOVED_INTO_DANGER"": 1, ""MOVED_LEFT"": 48, ""MOVED_RIGHT"": 48, ""MOVED_TOWARD_COIN"": 15, ""MOVED_TOWARD_SAFETY"": 37, ""MOVED_UP"": 94, ""OPPONENT_ELIMINATED"": 3, ""SAFE_BOMB_THREATENS_OPPONENT"": 2, ""SAFE_BOMB_TRAPS_OPPONENT"": 1, ""STAYED_IN_DANGER"": 5, ""SURVIVED_ROUND"": 1, ""USELESS_BOMB"": 6, ""WAITED"": 92}","{""BOMB_DROPPED"": 0.0, ""BOMB_EXPLODED"": 0.0, ""BOMB_NEXT_TO_CRATE"": 0.65, ""COIN_COLLECTED"": 2.0, ""CRATE_DESTROYED"": 2.600000000000001, ""ESCAPED_DANGER"": 0.6600000000000004, ""MOVED_DOWN"": 0.0, ""MOVED_INTO_DANGER"": -0.35, ""MOVED_LEFT"": 0.0, ""MOVED_RIGHT"": 0.0, ""MOVED_TOWARD_COIN"": 0.9000000000000004, ""MOVED_TOWARD_SAFETY"": 1.1100000000000008, ""MOVED_UP"": 0.0, ""OPPONENT_ELIMINATED"": 0.0, ""SAFE_BOMB_THREATENS_OPPONENT"": 0.2, ""SAFE_BOMB_TRAPS_OPPONENT"": 0.2, ""STAYED_IN_DANGER"": -1.25, ""SURVIVED_ROUND"": 0.5, ""USELESS_BOMB"": -0.6, ""WAITED"": -1.8400000000000012}"
91,1,0,1,400,0.1898,-6.345250000000006,1.0,0.8200000000000016,-8.165250000000011,58.673083333333295,-66.8383333333334,400,0,"{""BOMB_DROPPED"": 27, ""BOMB_EXPLODED"": 27, ""BOMB_NEXT_TO_CRATE"": 14, ""COIN_COLLECTED"": 1, ""COIN_FOUND"": 4, ""CRATE_DESTROYED"": 24, ""ESCAPED_DANGER"": 38, ""MOVED_AWAY_FROM_COIN"": 2, ""MOVED_DOWN"": 73, ""MOVED_INTO_DANGER"": 12, ""MOVED_LEFT"": 66, ""MOVED_RIGHT"": 66, ""MOVED_TOWARD_COIN"": 19, ""MOVED_TOWARD_SAFETY"": 48, ""MOVED_UP"": 60, ""OPPONENT_ELIMINATED"": 2, ""SAFE_BOMB_THREATENS_OPPONENT"": 12, ""STAYED_IN_DANGER"": 4, ""SURVIVED_ROUND"": 1, ""USELESS_BOMB"": 4, ""WAITED"": 108}","{""BOMB_DROPPED"": 0.0, ""BOMB_EXPLODED"": 0.0, ""BOMB_NEXT_TO_CRATE"": 0.7000000000000001, ""COIN_COLLECTED"": 1.0, ""COIN_FOUND"": 0.2, ""CRATE_DESTROYED"": 2.400000000000001, ""ESCAPED_DANGER"": 1.1400000000000008, ""MOVED_AWAY_FROM_COIN"": -0.14, ""MOVED_DOWN"": 0.0, ""MOVED_INTO_DANGER"": -4.2, ""MOVED_LEFT"": 0.0, ""MOVED_RIGHT"": 0.0, ""MOVED_TOWARD_COIN"": 1.1400000000000006, ""MOVED_TOWARD_SAFETY"": 1.440000000000001, ""MOVED_UP"": 0.0, ""OPPONENT_ELIMINATED"": 0.0, ""SAFE_BOMB_THREATENS_OPPONENT"": 1.2, ""STAYED_IN_DANGER"": -1.0, ""SURVIVED_ROUND"": 0.5, ""USELESS_BOMB"": -0.4, ""WAITED"": -2.1600000000000015}"
92,5,0,5,400,0.18968666666666667,-3.1360000000000094,5.0,0.19000000000000217,-8.326000000000015,49.45975000000006,-57.785749999999965,400,0,"{""BOMB_DROPPED"": 20, ""BOMB_EXPLODED"": 20, ""BOMB_NEXT_TO_CRATE"": 11, ""COIN_COLLECTED"": 5, ""COIN_FOUND"": 5, ""CRATE_DESTROYED"": 23, ""ESCAPED_DANGER"": 32, ""MOVED_AWAY_FROM_COIN"": 8, ""MOVED_DOWN"": 60, ""MOVED_INTO_DANGER"": 12, ""MOVED_LEFT"": 79, ""MOVED_RIGHT"": 79, ""MOVED_TOWARD_COIN"": 42, ""MOVED_TOWARD_SAFETY"": 34, ""MOVED_UP"": 62, ""OPPONENT_ELIMINATED"": 2, ""SAFE_BOMB_THREATENS_OPPONENT"": 5, ""STAYED_IN_DANGER"": 5, ""SURVIVED_ROUND"": 1, ""USELESS_BOMB"": 4, ""WAITED"": 100}","{""BOMB_DROPPED"": 0.0, ""BOMB_EXPLODED"": 0.0, ""BOMB_NEXT_TO_CRATE"": 0.5499999999999999, ""COIN_COLLECTED"": 5.0, ""COIN_FOUND"": 0.25, ""CRATE_DESTROYED"": 2.3000000000000007, ""ESCAPED_DANGER"": 0.9600000000000006, ""MOVED_AWAY_FROM_COIN"": -0.56, ""MOVED_DOWN"": 0.0, ""MOVED_INTO_DANGER"": -4.2, ""MOVED_LEFT"": 0.0, ""MOVED_RIGHT"": 0.0, ""MOVED_TOWARD_COIN"": 2.520000000000002, ""MOVED_TOWARD_SAFETY"": 1.0200000000000007, ""MOVED_UP"": 0.0, ""OPPONENT_ELIMINATED"": 0.0, ""SAFE_BOMB_THREATENS_OPPONENT"": 0.5, ""STAYED_IN_DANGER"": -1.25, ""SURVIVED_ROUND"": 0.5, ""USELESS_BOMB"": -0.4, ""WAITED"": -2.0000000000000013}"
93,1,0,1,400,0.18957333333333334,-6.41925,1.0,-0.73,-6.689250000000001,46.0570833333333,-52.74633333333337,400,0,"{""BOMB_DROPPED"": 25, ""BOMB_EXPLODED"": 25, ""BOMB_NEXT_TO_CRATE"": 9, ""COIN_COLLECTED"": 1, ""COIN_FOUND"": 1, ""CRATE_DESTROYED"": 12, ""ESCAPED_DANGER"": 28, ""MOVED_AWAY_FROM_COIN"": 2, ""MOVED_DOWN"": 66, ""MOVED_INTO_DANGER"": 4, ""MOVED_LEFT"": 70, ""MOVED_RIGHT"": 57, ""MOVED_TOWARD_COIN"": 17, ""MOVED_TOWARD_SAFETY"": 37, ""MOVED_UP"": 64, ""OPPONENT_ELIMINATED"": 1, ""SAFE_BOMB_THREATENS_OPPONENT"": 11, ""STAYED_IN_DANGER"": 10, ""SURVIVED_ROUND"": 1, ""USELESS_BOMB"": 6, ""WAITED"": 118}","{""BOMB_DROPPED"": 0.0, ""BOMB_EXPLODED"": 0.0, ""BOMB_NEXT_TO_CRATE"": 0.44999999999999996, ""COIN_COLLECTED"": 1.0, ""COIN_FOUND"": 0.05, ""CRATE_DESTROYED"": 1.2, ""ESCAPED_DANGER"": 0.8400000000000005, ""MOVED_AWAY_FROM_COIN"": -0.14, ""MOVED_DOWN"": 0.0, ""MOVED_INTO_DANGER"": -1.4, ""MOVED_LEFT"": 0.0, ""MOVED_RIGHT"": 0.0, ""MOVED_TOWARD_COIN"": 1.0200000000000005, ""MOVED_TOWARD_SAFETY"": 1.1100000000000008, ""MOVED_UP"": 0.0, ""OPPONENT_ELIMINATED"": 0.0, ""SAFE_BOMB_THREATENS_OPPONENT"": 1.0999999999999999, ""STAYED_IN_DANGER"": -2.5, ""SURVIVED_ROUND"": 0.5, ""USELESS_BOMB"": -0.6, ""WAITED"": -2.3600000000000017}"
94,1,0,1,400,0.18946,-4.124750000000001,1.0,-0.23999999999999877,-4.884750000000012,45.87350000000004,-50.75824999999994,400,0,"{""BOMB_DROPPED"": 25, ""BOMB_EXPLODED"": 25, ""BOMB_NEXT_TO_CRATE"": 10, ""COIN_COLLECTED"": 1, ""COIN_FOUND"": 1, ""CRATE_DESTROYED"": 20, ""ESCAPED_DANGER"": 29, ""MOVED_AWAY_FROM_COIN"": 2, ""MOVED_DOWN"": 91, ""MOVED_INTO_DANGER"": 4, ""MOVED_LEFT"": 59, ""MOVED_RIGHT"": 45, ""MOVED_TOWARD_COIN"": 18, ""MOVED_TOWARD_SAFETY"": 36, ""MOVED_UP"": 91, ""OPPONENT_ELIMINATED"": 3, ""SAFE_BOMB_THREATENS_OPPONENT"": 5, ""STAYED_IN_DANGER"": 10, ""SURVIVED_ROUND"": 1, ""USELESS_BOMB"": 10, ""WAITED"": 89}","{""BOMB_DROPPED"": 0.0, ""BOMB_EXPLODED"": 0.0, ""BOMB_NEXT_TO_CRATE"": 0.49999999999999994, ""COIN_COLLECTED"": 1.0, ""COIN_FOUND"": 0.05, ""CRATE_DESTROYED"": 2.0000000000000004, ""ESCAPED_DANGER"": 0.8700000000000006, ""MOVED_AWAY_FROM_COIN"": -0.14, ""MOVED_DOWN"": 0.0, ""MOVED_INTO_DANGER"": -1.4, ""MOVED_LEFT"": 0.0, ""MOVED_RIGHT"": 0.0, ""MOVED_TOWARD_COIN"": 1.0800000000000005, ""MOVED_TOWARD_SAFETY"": 1.0800000000000007, ""MOVED_UP"": 0.0, ""OPPONENT_ELIMINATED"": 0.0, ""SAFE_BOMB_THREATENS_OPPONENT"": 0.5, ""STAYED_IN_DANGER"": -2.5, ""SURVIVED_ROUND"": 0.5, ""USELESS_BOMB"": -0.9999999999999999, ""WAITED"": -1.7800000000000011}"
95,1,0,1,252,0.1893466666666667,-16.583750000000002,1.0,-10.919999999999998,-6.663750000000006,34.46291666666666,-41.12666666666666,251,0,"{""BOMB_DROPPED"": 18, ""BOMB_EXPLODED"": 18, ""BOMB_NEXT_TO_CRATE"": 7, ""COIN_COLLECTED"": 1, ""CRATE_DESTROYED"": 14, ""ESCAPED_DANGER"": 21, ""GOT_KILLED"": 1, ""INVALID_ACTION"": 1, ""KILLED_SELF"": 1, ""MOVED_AWAY_FROM_COIN"": 4, ""MOVED_DOWN"": 50, ""MOVED_INTO_DANGER"": 4, ""MOVED_LEFT"": 29, ""MOVED_RIGHT"": 31, ""MOVED_TOWARD_COIN"": 28, ""MOVED_TOWARD_SAFETY"": 22, ""MOVED_UP"": 50, ""OPPONENT_ELIMINATED"": 2, ""SAFE_BOMB_THREATENS_OPPONENT"": 6, ""STAYED_IN_DANGER"": 10, ""USELESS_BOMB"": 5, ""WAITED"": 73}","{""BOMB_DROPPED"": 0.0, ""BOMB_EXPLODED"": 0.0, ""BOMB_NEXT_TO_CRATE"": 0.35, ""COIN_COLLECTED"": 1.0, ""CRATE_DESTROYED"": 1.4000000000000001, ""ESCAPED_DANGER"": 0.6300000000000003, ""GOT_KILLED"": -5.0, ""INVALID_ACTION"": -0.1, ""KILLED_SELF"": -5.0, ""MOVED_AWAY_FROM_COIN"": -0.28, ""MOVED_DOWN"": 0.0, ""MOVED_INTO_DANGER"": -1.4, ""MOVED_LEFT"": 0.0, ""MOVED_RIGHT"": 0.0, ""MOVED_TOWARD_COIN"": 1.680000000000001, ""MOVED_TOWARD_SAFETY"": 0.6600000000000004, ""MOVED_UP"": 0.0, ""OPPONENT_ELIMINATED"": 0.0, ""SAFE_BOMB_THREATENS_OPPONENT"": 0.6, ""STAYED_IN_DANGER"": -2.5, ""USELESS_BOMB"": -0.5, ""WAITED"": -1.4600000000000009}"
96,0,0,0,400,0.18923333333333334,-8.455499999999999,0,-2.6999999999999993,-5.755500000000009,59.802500000000066,-65.55799999999996,400,0,"{""BOMB_DROPPED"": 30, ""BOMB_EXPLODED"": 29, ""BOMB_NEXT_TO_CRATE"": 10, ""CRATE_DESTROYED"": 18, ""ESCAPED_DANGER"": 39, ""INVALID_ACTION"": 2, ""MOVED_AWAY_FROM_COIN"": 2, ""MOVED_DOWN"": 49, ""MOVED_INTO_DANGER"": 10, ""MOVED_LEFT"": 83, ""MOVED_RIGHT"": 73, ""MOVED_TOWARD_COIN"": 14, ""MOVED_TOWARD_SAFETY"": 41, ""MOVED_UP"": 48, ""OPPONENT_ELIMINATED"": 2, ""SAFE_BOMB_THREATENS_OPPONENT"": 16, ""STAYED_IN_DANGER"": 14, ""SURVIVED_ROUND"": 1, ""USELESS_BOMB"": 7, ""WAITED"": 115}","{""BOMB_DROPPED"": 0.0, ""BOMB_EXPLODED"": 0.0, ""BOMB_NEXT_TO_CRATE"": 0.49999999999999994, ""CRATE_DESTROYED"": 1.8000000000000005, ""ESCAPED_DANGER"": 1.1700000000000008, ""INVALID_ACTION"": -0.2, ""MOVED_AWAY_FROM_COIN"": -0.14, ""MOVED_DOWN"": 0.0, ""MOVED_INTO_DANGER"": -3.5000000000000004, ""MOVED_LEFT"": 0.0, ""MOVED_RIGHT"": 0.0, ""MOVED_TOWARD_COIN"": 0.8400000000000003, ""MOVED_TOWARD_SAFETY"": 1.2300000000000009, ""MOVED_UP"": 0.0, ""OPPONENT_ELIMINATED"": 0.0, ""SAFE_BOMB_THREATENS_OPPONENT"": 1.6000000000000003, ""STAYED_IN_DANGER"": -3.5, ""SURVIVED_ROUND"": 0.5, ""USELESS_BOMB"": -0.7, ""WAITED"": -2.3000000000000016}"
97,4,0,4,205,0.18912,-6.126250000000003,4.0,-4.349999999999998,-5.776250000000005,25.360499999999988,-31.136749999999985,204,0,"{""BOMB_DROPPED"": 13, ""BOMB_EXPLODED"": 13, ""BOMB_NEXT_TO_CRATE"": 8, ""COIN_COLLECTED"": 4, ""COIN_FOUND"": 2, ""CRATE_DESTROYED"": 18, ""ESCAPED_DANGER"": 16, ""GOT_KILLED"": 1, ""INVALID_ACTION"": 1, ""MOVED_AWAY_FROM_COIN"": 5, ""MOVED_DOWN"": 38, ""MOVED_INTO_DANGER"": 4, ""MOVED_LEFT"": 30, ""MOVED_RIGHT"": 40, ""MOVED_TOWARD_COIN"": 41, ""MOVED_TOWARD_SAFETY"": 22, ""MOVED_UP"": 38, ""OPPONENT_ELIMINATED"": 2, ""SAFE_BOMB_THREATENS_OPPONENT"": 3, ""STAYED_IN_DANGER"": 10, ""USELESS_BOMB"": 3, ""WAITED"": 45}","{""BOMB_DROPPED"": 0.0, ""BOMB_EXPLODED"": 0.0, ""BOMB_NEXT_TO_CRATE"": 0.39999999999999997, ""COIN_COLLECTED"": 4.0, ""COIN_FOUND"": 0.1, ""CRATE_DESTROYED"": 1.8000000000000005, ""ESCAPED_DANGER"": 0.4800000000000002, ""GOT_KILLED"": -5.0, ""INVALID_ACTION"": -0.1, ""MOVED_AWAY_FROM_COIN"": -0.35000000000000003, ""MOVED_DOWN"": 0.0, ""MOVED_INTO_DANGER"": -1.4, ""MOVED_LEFT"": 0.0, ""MOVED_RIGHT"": 0.0, ""MOVED_TOWARD_COIN"": 2.4600000000000017, ""MOVED_TOWARD_SAFETY"": 0.6600000000000004, ""MOVED_UP"": 0.0, ""OPPONENT_ELIMINATED"": 0.0, ""SAFE_BOMB_THREATENS_OPPONENT"": 0.30000000000000004, ""STAYED_IN_DANGER"": -2.5, ""USELESS_BOMB"": -0.30000000000000004, ""WAITED"": -0.9000000000000005}"
98,1,0,1,400,0.18900666666666668,-4.781500000000008,1.0,0.9600000000000026,-6.741500000000016,52.263333333333414,-59.004833333333295,400,0,"{""BOMB_DROPPED"": 29, ""BOMB_EXPLODED"": 28, ""BOMB_NEXT_TO_CRATE"": 13, ""COIN_COLLECTED"": 1, ""CRATE_DESTROYED"": 25, ""ESCAPED_DANGER"": 33, ""INVALID_ACTION"": 3, ""MOVED_AWAY_FROM_COIN"": 4, ""MOVED_DOWN"": 55, ""MOVED_INTO_DANGER"": 4, ""MOVED_LEFT"": 68, ""MOVED_RIGHT"": 71, ""MOVED_TOWARD_COIN"": 42, ""MOVED_TOWARD_SAFETY"": 37, ""MOVED_UP"": 65, ""OPPONENT_ELIMINATED"": 2, ""SAFE_BOMB_THREATENS_OPPONENT"": 12, ""STAYED_IN_DANGER"": 15, ""SURVIVED_ROUND"": 1, ""USELESS_BOMB"": 6, ""WAITED"": 109}","{""BOMB_DROPPED"": 0.0, ""BOMB_EXPLODED"": 0.0, ""BOMB_NEXT_TO_CRATE"": 0.65, ""COIN_COLLECTED"": 1.0, ""CRATE_DESTROYED"": 2.500000000000001, ""ESCAPED_DANGER"": 0.9900000000000007, ""INVALID_ACTION"": -0.30000000000000004, ""MOVED_AWAY_FROM_COIN"": -0.28, ""MOVED_DOWN"": 0.0, ""MOVED_INTO_DANGER"": -1.4, ""MOVED_LEFT"": 0.0, ""MOVED_RIGHT"": 0.0, ""MOVED_TOWARD_COIN"": 2.520000000000002, ""MOVED_TOWARD_SAFETY"": 1.1100000000000008, ""MOVED_UP"": 0.0, ""OPPONENT_ELIMINATED"": 0.0, ""SAFE_BOMB_THREATENS_OPPONENT"": 1.2, ""STAYED_IN_DANGER"": -3.75, ""SURVIVED_ROUND"": 0.5, ""USELESS_BOMB"": -0.6, ""WAITED"": -2.1800000000000015}"
99,2,0,2,400,0.18889333333333333,-4.138500000000002,2.0,0.9700000000000015,-7.108500000000003,50.830833333333324,-57.93933333333335,400,0,"{""BOMB_DROPPED"": 27, ""BOMB_EXPLODED"": 27, ""BOMB_NEXT_TO_CRATE"": 11, ""COIN_COLLECTED"": 2, ""COIN_FOUND"": 2, ""CRATE_DESTROYED"": 28, ""ESCAPED_DANGER"": 30, ""INVALID_ACTION"": 1, ""MOVED_AWAY_FROM_COIN"": 3, ""MOVED_DOWN"": 66, ""MOVED_INTO_DANGER"": 3, ""MOVED_LEFT"": 55, ""MOVED_RIGHT"": 68, ""MOVED_TOWARD_COIN"": 15, ""MOVED_TOWARD_SAFETY"": 43, ""MOVED_UP"": 80, ""OPPONENT_ELIMINATED"": 1, ""SAFE_BOMB_THREATENS_OPPONENT"": 9, ""STAYED_IN_DANGER"": 11, ""SURVIVED_ROUND"": 1, ""USELESS_BOMB"": 8, ""WAITED"": 103}","{""BOMB_DROPPED"": 0.0, ""BOMB_EXPLODED"": 0.0, ""BOMB_NEXT_TO_CRATE"": 0.5499999999999999, ""COIN_COLLECTED"": 2.0, ""COIN_FOUND"": 0.1, ""CRATE_DESTROYED"": 2.800000000000001, ""ESCAPED_DANGER"": 0.9000000000000006, ""INVALID_ACTION"": -0.1, ""MOVED_AWAY_FROM_COIN"": -0.21000000000000002, ""MOVED_DOWN"": 0.0, ""MOVED_INTO_DANGER"": -1.0499999999999998, ""MOVED_LEFT"": 0.0, ""MOVED_RIGHT"": 0.0, ""MOVED_TOWARD_COIN"": 0.9000000000000004, ""MOVED_TOWARD_SAFETY"": 1.290000000000001, ""MOVED_UP"": 0.0, ""OPPONENT_ELIMINATED"": 0.0, ""SAFE_BOMB_THREATENS_OPPONENT"": 0.8999999999999999, ""STAYED_IN_DANGER"": -2.75, ""SURVIVED_ROUND"": 0.5, ""USELESS_BOMB"": -0.7999999999999999, ""WAITED"": -2.0600000000000014}"
100,2,0,2,400,0.18878,-7.045500000000007,2.0,-0.19999999999999796,-8.845500000000015,60.443499999999986,-69.28900000000004,400,0,"{""BOMB_DROPPED"": 29, ""BOMB_EXPLODED"": 28, ""BOMB_NEXT_TO_CRATE"": 12, ""COIN_COLLECTED"": 2, ""COIN_FOUND"": 3, ""CRATE_DESTROYED"": 26, ""ESCAPED_DANGER"": 39, ""INVALID_ACTION"": 1, ""MOVED_DOWN"": 55, ""MOVED_INTO_DANGER"": 12, ""MOVED_LEFT"": 72, ""MOVED_RIGHT"": 80, ""MOVED_TOWARD_COIN"": 20, ""MOVED_TOWARD_SAFETY"": 45, ""MOVED_UP"": 57, ""OPPONENT_ELIMINATED"": 2, ""SAFE_BOMB_THREATENS_OPPONENT"": 16, ""STAYED_IN_DANGER"": 11, ""SURVIVED_ROUND"": 1, ""USELESS_BOMB"": 2, ""WAITED"": 106}","{""BOMB_DROPPED"": 0.0, ""BOMB_EXPLODED"": 0.0, ""BOMB_NEXT_TO_CRATE"": 0.6, ""COIN_COLLECTED"": 2.0, ""COIN_FOUND"": 0.15000000000000002, ""CRATE_DESTROYED"": 2.600000000000001, ""ESCAPED_DANGER"": 1.1700000000000008, ""INVALID_ACTION"": -0.1, ""MOVED_DOWN"": 0.0, ""MOVED_INTO_DANGER"": -4.2, ""MOVED_LEFT"": 0.0, ""MOVED_RIGHT"": 0.0, ""MOVED_TOWARD_COIN"": 1.2000000000000006, ""MOVED_TOWARD_SAFETY"": 1.350000000000001, ""MOVED_UP"": 0.0, ""OPPONENT_ELIMINATED"": 0.0, ""SAFE_BOMB_THREATENS_OPPONENT"": 1.6000000000000003, ""STAYED_IN_DANGER"": -2.75, ""SURVIVED_ROUND"": 0.5, ""USELESS_BOMB"": -0.2, ""WAITED"": -2.1200000000000014}"
