episode,coins,kills,game_score,steps,epsilon,training_reward,objective_reward,other_event_reward,potential_net,potential_positive,potential_negative,potential_calls,terminal_potential_calls,event_counts,event_rewards
1,1,0,1,400,0.2,19.902249999999995,1.0,23.100000000000012,-4.197750000000003,49.89224999999985,-54.089999999999904,401,1,"{""BOMB_DROPPED"": 28, ""BOMB_EXPLODED"": 28, ""BOMB_NEXT_TO_CRATE"": 15, ""COIN_COLLECTED"": 1, ""COIN_FOUND"": 1, ""CRATE_DESTROYED"": 28, ""ESCAPED_DANGER"": 32, ""MOVED_AWAY_FROM_COIN"": 2, ""MOVED_DOWN"": 42, ""MOVED_INTO_DANGER"": 4, ""MOVED_LEFT"": 87, ""MOVED_RIGHT"": 100, ""MOVED_TOWARD_COIN"": 16, ""MOVED_TOWARD_SAFETY"": 43, ""MOVED_UP"": 42, ""OPPONENT_ELIMINATED"": 1, ""SAFE_BOMB_THREATENS_OPPONENT"": 6, ""STAYED_IN_DANGER"": 2, ""SURVIVED_ROUND"": 1, ""USELESS_BOMB"": 10, ""WAITED"": 101}","{""BOMB_DROPPED"": 0.0, ""BOMB_EXPLODED"": 0.0, ""BOMB_NEXT_TO_CRATE"": 0.7500000000000001, ""COIN_COLLECTED"": 1.0, ""COIN_FOUND"": 0.05, ""CRATE_DESTROYED"": 2.800000000000001, ""ESCAPED_DANGER"": 9.600000000000001, ""MOVED_AWAY_FROM_COIN"": -0.14, ""MOVED_DOWN"": 0.0, ""MOVED_INTO_DANGER"": -1.4, ""MOVED_LEFT"": 0.0, ""MOVED_RIGHT"": 0.0, ""MOVED_TOWARD_COIN"": 0.9600000000000004, ""MOVED_TOWARD_SAFETY"": 12.90000000000001, ""MOVED_UP"": 0.0, ""OPPONENT_ELIMINATED"": 0.0, ""SAFE_BOMB_THREATENS_OPPONENT"": 0.6, ""STAYED_IN_DANGER"": -0.5, ""SURVIVED_ROUND"": 0.5, ""USELESS_BOMB"": -0.9999999999999999, ""WAITED"": -2.0200000000000014}"
2,3,0,3,400,0.19988666666666668,30.91749999999998,3.0,31.62000000000004,-3.7025000000000023,79.38949999999998,-83.09199999999996,401,1,"{""BOMB_DROPPED"": 49, ""BOMB_EXPLODED"": 49, ""BOMB_NEXT_TO_CRATE"": 12, ""COIN_COLLECTED"": 3, ""COIN_FOUND"": 4, ""CRATE_DESTROYED"": 30, ""ESCAPED_DANGER"": 53, ""MOVED_DOWN"": 49, ""MOVED_INTO_DANGER"": 4, ""MOVED_LEFT"": 35, ""MOVED_RIGHT"": 49, ""MOVED_TOWARD_COIN"": 13, ""MOVED_TOWARD_SAFETY"": 69, ""MOVED_UP"": 55, ""OPPONENT_ELIMINATED"": 1, ""SAFE_BOMB_THREATENS_OPPONENT"": 4, ""STAYED_IN_DANGER"": 10, ""SURVIVED_ROUND"": 1, ""USELESS_BOMB"": 33, ""WAITED"": 163}","{""BOMB_DROPPED"": 0.0, ""BOMB_EXPLODED"": 0.0, ""BOMB_NEXT_TO_CRATE"": 0.6, ""COIN_COLLECTED"": 3.0, ""COIN_FOUND"": 0.2, ""CRATE_DESTROYED"": 3.0000000000000013, ""ESCAPED_DANGER"": 15.900000000000016, ""MOVED_DOWN"": 0.0, ""MOVED_INTO_DANGER"": -1.4, ""MOVED_LEFT"": 0.0, ""MOVED_RIGHT"": 0.0, ""MOVED_TOWARD_COIN"": 0.7800000000000002, ""MOVED_TOWARD_SAFETY"": 20.700000000000028, ""MOVED_UP"": 0.0, ""OPPONENT_ELIMINATED"": 0.0, ""SAFE_BOMB_THREATENS_OPPONENT"": 0.4, ""STAYED_IN_DANGER"": -2.5, ""SURVIVED_ROUND"": 0.5, ""USELESS_BOMB"": -3.3000000000000016, ""WAITED"": -3.2600000000000025}"
3,0,0,0,237,0.19977333333333336,7.7199999999999935,0,10.330000000000004,-2.610000000000002,46.33700000000001,-48.946999999999996,237,1,"{""BOMB_DROPPED"": 24, ""BOMB_EXPLODED"": 23, ""BOMB_NEXT_TO_CRATE"": 8, ""BOMB_WITH_NO_ESCAPE"": 1, ""CRATE_DESTROYED"": 18, ""ESCAPED_DANGER"": 30, ""GOT_KILLED"": 1, ""INVALID_ACTION"": 3, ""MOVED_AWAY_FROM_COIN"": 8, ""MOVED_DOWN"": 36, ""MOVED_INTO_DANGER"": 8, ""MOVED_LEFT"": 25, ""MOVED_RIGHT"": 25, ""MOVED_TOWARD_COIN"": 27, ""MOVED_TOWARD_SAFETY"": 36, ""MOVED_UP"": 40, ""SAFE_BOMB_THREATENS_OPPONENT"": 3, ""STAYED_IN_DANGER"": 6, ""USELESS_BOMB"": 12, ""WAITED"": 84}","{""BOMB_DROPPED"": 0.0, ""BOMB_EXPLODED"": 0.0, ""BOMB_NEXT_TO_CRATE"": 0.39999999999999997, ""BOMB_WITH_NO_ESCAPE"": -0.55, ""CRATE_DESTROYED"": 1.8000000000000005, ""ESCAPED_DANGER"": 9.0, ""GOT_KILLED"": -5.0, ""INVALID_ACTION"": -0.30000000000000004, ""MOVED_AWAY_FROM_COIN"": -0.56, ""MOVED_DOWN"": 0.0, ""MOVED_INTO_DANGER"": -2.8000000000000003, ""MOVED_LEFT"": 0.0, ""MOVED_RIGHT"": 0.0, ""MOVED_TOWARD_COIN"": 1.620000000000001, ""MOVED_TOWARD_SAFETY"": 10.800000000000004, ""MOVED_UP"": 0.0, ""SAFE_BOMB_THREATENS_OPPONENT"": 0.30000000000000004, ""STAYED_IN_DANGER"": -1.5, ""USELESS_BOMB"": -1.2, ""WAITED"": -1.680000000000001}"
4,2,0,2,400,0.19966,31.445750000000004,2.0,32.19000000000005,-2.7442500000000005,79.84849999999997,-82.59274999999997,401,1,"{""BOMB_DROPPED"": 47, ""BOMB_EXPLODED"": 47, ""BOMB_NEXT_TO_CRATE"": 6, ""COIN_COLLECTED"": 2, ""COIN_FOUND"": 1, ""CRATE_DESTROYED"": 14, ""ESCAPED_DANGER"": 52, ""MOVED_AWAY_FROM_COIN"": 4, ""MOVED_DOWN"": 65, ""MOVED_INTO_DANGER"": 5, ""MOVED_LEFT"": 45, ""MOVED_RIGHT"": 44, ""MOVED_TOWARD_COIN"": 14, ""MOVED_TOWARD_SAFETY"": 77, ""MOVED_UP"": 63, ""OPPONENT_ELIMINATED"": 1, ""SAFE_BOMB_THREATENS_OPPONENT"": 5, ""STAYED_IN_DANGER"": 7, ""SURVIVED_ROUND"": 1, ""USELESS_BOMB"": 36, ""WAITED"": 136}","{""BOMB_DROPPED"": 0.0, ""BOMB_EXPLODED"": 0.0, ""BOMB_NEXT_TO_CRATE"": 0.3, ""COIN_COLLECTED"": 2.0, ""COIN_FOUND"": 0.05, ""CRATE_DESTROYED"": 1.4000000000000001, ""ESCAPED_DANGER"": 15.600000000000016, ""MOVED_AWAY_FROM_COIN"": -0.28, ""MOVED_DOWN"": 0.0, ""MOVED_INTO_DANGER"": -1.75, ""MOVED_LEFT"": 0.0, ""MOVED_RIGHT"": 0.0, ""MOVED_TOWARD_COIN"": 0.8400000000000003, ""MOVED_TOWARD_SAFETY"": 23.100000000000033, ""MOVED_UP"": 0.0, ""OPPONENT_ELIMINATED"": 0.0, ""SAFE_BOMB_THREATENS_OPPONENT"": 0.5, ""STAYED_IN_DANGER"": -1.75, ""SURVIVED_ROUND"": 0.5, ""USELESS_BOMB"": -3.600000000000002, ""WAITED"": -2.720000000000002}"
5,2,0,2,400,0.19954666666666668,22.385750000000005,2.0,24.910000000000018,-4.524250000000008,56.702583333333315,-61.226833333333325,401,1,"{""BOMB_DROPPED"": 33, ""BOMB_EXPLODED"": 33, ""BOMB_NEXT_TO_CRATE"": 13, ""COIN_COLLECTED"": 2, ""COIN_FOUND"": 1, ""CRATE_DESTROYED"": 24, ""ESCAPED_DANGER"": 35, ""MOVED_DOWN"": 49, ""MOVED_INTO_DANGER"": 2, ""MOVED_LEFT"": 77, ""MOVED_RIGHT"": 86, ""MOVED_TOWARD_COIN"": 8, ""MOVED_TOWARD_SAFETY"": 54, ""MOVED_UP"": 49, ""OPPONENT_ELIMINATED"": 1, ""SAFE_BOMB_THREATENS_OPPONENT"": 1, ""STAYED_IN_DANGER"": 5, ""SURVIVED_ROUND"": 1, ""USELESS_BOMB"": 19, ""WAITED"": 106}","{""BOMB_DROPPED"": 0.0, ""BOMB_EXPLODED"": 0.0, ""BOMB_NEXT_TO_CRATE"": 0.65, ""COIN_COLLECTED"": 2.0, ""COIN_FOUND"": 0.05, ""CRATE_DESTROYED"": 2.400000000000001, ""ESCAPED_DANGER"": 10.500000000000004, ""MOVED_DOWN"": 0.0, ""MOVED_INTO_DANGER"": -0.7, ""MOVED_LEFT"": 0.0, ""MOVED_RIGHT"": 0.0, ""MOVED_TOWARD_COIN"": 0.48, ""MOVED_TOWARD_SAFETY"": 16.200000000000017, ""MOVED_UP"": 0.0, ""OPPONENT_ELIMINATED"": 0.0, ""SAFE_BOMB_THREATENS_OPPONENT"": 0.1, ""STAYED_IN_DANGER"": -1.25, ""SURVIVED_ROUND"": 0.5, ""USELESS_BOMB"": -1.9000000000000006, ""WAITED"": -2.1200000000000014}"
6,2,1,7,154,0.19943333333333335,9.944499999999985,7.0,6.519999999999996,-3.575500000000004,25.98741666666664,-29.562916666666663,154,1,"{""BOMB_DROPPED"": 17, ""BOMB_EXPLODED"": 16, ""BOMB_NEXT_TO_CRATE"": 13, ""BOMB_WITH_NO_ESCAPE"": 1, ""COIN_COLLECTED"": 2, ""CRATE_DESTROYED"": 18, ""ESCAPED_DANGER"": 17, ""GOT_KILLED"": 1, ""INVALID_ACTION"": 1, ""KILLED_OPPONENT"": 1, ""MOVED_AWAY_FROM_COIN"": 11, ""MOVED_DOWN"": 10, ""MOVED_INTO_DANGER"": 2, ""MOVED_LEFT"": 21, ""MOVED_RIGHT"": 30, ""MOVED_TOWARD_COIN"": 19, ""MOVED_TOWARD_SAFETY"": 24, ""MOVED_UP"": 20, ""OPPONENT_ELIMINATED"": 1, ""SAFE_BOMB_THREATENS_OPPONENT"": 7, ""STAYED_IN_DANGER"": 7, ""USELESS_BOMB"": 1, ""WAITED"": 55}","{""BOMB_DROPPED"": 0.0, ""BOMB_EXPLODED"": 0.0, ""BOMB_NEXT_TO_CRATE"": 0.65, ""BOMB_WITH_NO_ESCAPE"": -0.55, ""COIN_COLLECTED"": 2.0, ""CRATE_DESTROYED"": 1.8000000000000005, ""ESCAPED_DANGER"": 5.099999999999999, ""GOT_KILLED"": -5.0, ""INVALID_ACTION"": -0.1, ""KILLED_OPPONENT"": 5.0, ""MOVED_AWAY_FROM_COIN"": -0.7700000000000002, ""MOVED_DOWN"": 0.0, ""MOVED_INTO_DANGER"": -0.7, ""MOVED_LEFT"": 0.0, ""MOVED_RIGHT"": 0.0, ""MOVED_TOWARD_COIN"": 1.1400000000000006, ""MOVED_TOWARD_SAFETY"": 7.1999999999999975, ""MOVED_UP"": 0.0, ""OPPONENT_ELIMINATED"": 0.0, ""SAFE_BOMB_THREATENS_OPPONENT"": 0.7, ""STAYED_IN_DANGER"": -1.75, ""USELESS_BOMB"": -0.1, ""WAITED"": -1.1000000000000005}"
7,1,0,1,82,0.19932,0.8647500000000008,1.0,1.2999999999999994,-1.4352500000000001,11.955249999999996,-13.390500000000001,82,1,"{""BOMB_DROPPED"": 8, ""BOMB_EXPLODED"": 7, ""BOMB_NEXT_TO_CRATE"": 7, ""BOMB_WITH_NO_ESCAPE"": 1, ""COIN_COLLECTED"": 1, ""CRATE_DESTROYED"": 20, ""ESCAPED_DANGER"": 7, ""GOT_KILLED"": 1, ""MOVED_DOWN"": 14, ""MOVED_INTO_DANGER"": 1, ""MOVED_LEFT"": 9, ""MOVED_RIGHT"": 16, ""MOVED_TOWARD_COIN"": 5, ""MOVED_TOWARD_SAFETY"": 12, ""MOVED_UP"": 10, ""SAFE_BOMB_THREATENS_OPPONENT"": 1, ""STAYED_IN_DANGER"": 3, ""WAITED"": 25}","{""BOMB_DROPPED"": 0.0, ""BOMB_EXPLODED"": 0.0, ""BOMB_NEXT_TO_CRATE"": 0.35, ""BOMB_WITH_NO_ESCAPE"": -0.55, ""COIN_COLLECTED"": 1.0, ""CRATE_DESTROYED"": 2.0000000000000004, ""ESCAPED_DANGER"": 2.1, ""GOT_KILLED"": -5.0, ""MOVED_DOWN"": 0.0, ""MOVED_INTO_DANGER"": -0.35, ""MOVED_LEFT"": 0.0, ""MOVED_RIGHT"": 0.0, ""MOVED_TOWARD_COIN"": 0.3, ""MOVED_TOWARD_SAFETY"": 3.599999999999999, ""MOVED_UP"": 0.0, ""SAFE_BOMB_THREATENS_OPPONENT"": 0.1, ""STAYED_IN_DANGER"": -0.75, ""WAITED"": -0.5000000000000001}"
8,0,0,0,400,0.19920666666666667,12.123500000000003,0,20.080000000000013,-7.9564999999999975,51.063750000000006,-59.02025000000004,401,1,"{""BOMB_DROPPED"": 25, ""BOMB_EXPLODED"": 25, ""BOMB_NEXT_TO_CRATE"": 12, ""COIN_FOUND"": 2, ""CRATE_DESTROYED"": 25, ""ESCAPED_DANGER"": 30, ""INVALID_ACTION"": 1, ""MOVED_AWAY_FROM_COIN"": 42, ""MOVED_DOWN"": 29, ""MOVED_INTO_DANGER"": 5, ""MOVED_LEFT"": 117, ""MOVED_RIGHT"": 104, ""MOVED_TOWARD_COIN"": 42, ""MOVED_TOWARD_SAFETY"": 42, ""MOVED_UP"": 29, ""OPPONENT_ELIMINATED"": 2, ""SAFE_BOMB_THREATENS_OPPONENT"": 8, ""STAYED_IN_DANGER"": 5, ""SURVIVED_ROUND"": 1, ""USELESS_BOMB"": 6, ""WAITED"": 95}","{""BOMB_DROPPED"": 0.0, ""BOMB_EXPLODED"": 0.0, ""BOMB_NEXT_TO_CRATE"": 0.6, ""COIN_FOUND"": 0.1, ""CRATE_DESTROYED"": 2.500000000000001, ""ESCAPED_DANGER"": 9.0, ""INVALID_ACTION"": -0.1, ""MOVED_AWAY_FROM_COIN"": -2.939999999999999, ""MOVED_DOWN"": 0.0, ""MOVED_INTO_DANGER"": -1.75, ""MOVED_LEFT"": 0.0, ""MOVED_RIGHT"": 0.0, ""MOVED_TOWARD_COIN"": 2.520000000000002, ""MOVED_TOWARD_SAFETY"": 12.600000000000009, ""MOVED_UP"": 0.0, ""OPPONENT_ELIMINATED"": 0.0, ""SAFE_BOMB_THREATENS_OPPONENT"": 0.7999999999999999, ""STAYED_IN_DANGER"": -1.25, ""SURVIVED_ROUND"": 0.5, ""USELESS_BOMB"": -0.6, ""WAITED"": -1.9000000000000012}"
9,1,0,1,400,0.19909333333333334,19.660499999999974,1.0,24.43000000000002,-5.769500000000011,58.659000000000034,-64.4285,401,1,"{""BOMB_DROPPED"": 31, ""BOMB_EXPLODED"": 30, ""BOMB_NEXT_TO_CRATE"": 10, ""COIN_COLLECTED"": 1, ""CRATE_DESTROYED"": 23, ""ESCAPED_DANGER"": 36, ""MOVED_AWAY_FROM_COIN"": 10, ""MOVED_DOWN"": 39, ""MOVED_INTO_DANGER"": 6, ""MOVED_LEFT"": 85, ""MOVED_RIGHT"": 99, ""MOVED_TOWARD_COIN"": 21, ""MOVED_TOWARD_SAFETY"": 53, ""MOVED_UP"": 47, ""OPPONENT_ELIMINATED"": 2, ""SAFE_BOMB_THREATENS_OPPONENT"": 4, ""STAYED_IN_DANGER"": 3, ""SURVIVED_ROUND"": 1, ""USELESS_BOMB"": 17, ""WAITED"": 99}","{""BOMB_DROPPED"": 0.0, ""BOMB_EXPLODED"": 0.0, ""BOMB_NEXT_TO_CRATE"": 0.49999999999999994, ""COIN_COLLECTED"": 1.0, ""CRATE_DESTROYED"": 2.3000000000000007, ""ESCAPED_DANGER"": 10.800000000000004, ""MOVED_AWAY_FROM_COIN"": -0.7000000000000002, ""MOVED_DOWN"": 0.0, ""MOVED_INTO_DANGER"": -2.1, ""MOVED_LEFT"": 0.0, ""MOVED_RIGHT"": 0.0, ""MOVED_TOWARD_COIN"": 1.2600000000000007, ""MOVED_TOWARD_SAFETY"": 15.900000000000016, ""MOVED_UP"": 0.0, ""OPPONENT_ELIMINATED"": 0.0, ""SAFE_BOMB_THREATENS_OPPONENT"": 0.4, ""STAYED_IN_DANGER"": -0.75, ""SURVIVED_ROUND"": 0.5, ""USELESS_BOMB"": -1.7000000000000004, ""WAITED"": -1.9800000000000013}"
10,0,0,0,400,0.19898000000000002,17.261,0,23.550000000000022,-6.28900000000001,62.6915,-68.98050000000006,401,1,"{""BOMB_DROPPED"": 36, ""BOMB_EXPLODED"": 35, ""BOMB_NEXT_TO_CRATE"": 7, ""COIN_FOUND"": 1, ""CRATE_DESTROYED"": 13, ""ESCAPED_DANGER"": 41, ""MOVED_AWAY_FROM_COIN"": 14, ""MOVED_DOWN"": 52, ""MOVED_INTO_DANGER"": 6, ""MOVED_LEFT"": 70, ""MOVED_RIGHT"": 64, ""MOVED_TOWARD_COIN"": 20, ""MOVED_TOWARD_SAFETY"": 54, ""MOVED_UP"": 52, ""OPPONENT_ELIMINATED"": 2, ""SAFE_BOMB_THREATENS_OPPONENT"": 10, ""STAYED_IN_DANGER"": 7, ""SURVIVED_ROUND"": 1, ""USELESS_BOMB"": 20, ""WAITED"": 126}","{""BOMB_DROPPED"": 0.0, ""BOMB_EXPLODED"": 0.0, ""BOMB_NEXT_TO_CRATE"": 0.35, ""COIN_FOUND"": 0.05, ""CRATE_DESTROYED"": 1.3, ""ESCAPED_DANGER"": 12.300000000000008, ""MOVED_AWAY_FROM_COIN"": -0.9800000000000004, ""MOVED_DOWN"": 0.0, ""MOVED_INTO_DANGER"": -2.1, ""MOVED_LEFT"": 0.0, ""MOVED_RIGHT"": 0.0, ""MOVED_TOWARD_COIN"": 1.2000000000000006, ""MOVED_TOWARD_SAFETY"": 16.200000000000017, ""MOVED_UP"": 0.0, ""OPPONENT_ELIMINATED"": 0.0, ""SAFE_BOMB_THREATENS_OPPONENT"": 0.9999999999999999, ""STAYED_IN_DANGER"": -1.75, ""SURVIVED_ROUND"": 0.5, ""USELESS_BOMB"": -2.0000000000000004, ""WAITED"": -2.520000000000002}"
11,2,0,2,400,0.19886666666666666,19.263499999999972,2.0,24.000000000000025,-6.736500000000006,67.42108333333333,-74.15758333333336,401,1,"{""BOMB_DROPPED"": 34, ""BOMB_EXPLODED"": 34, ""BOMB_NEXT_TO_CRATE"": 11, ""COIN_COLLECTED"": 2, ""COIN_FOUND"": 2, ""CRATE_DESTROYED"": 19, ""ESCAPED_DANGER"": 43, ""INVALID_ACTION"": 2, ""MOVED_AWAY_FROM_COIN"": 1, ""MOVED_DOWN"": 54, ""MOVED_INTO_DANGER"": 9, ""MOVED_LEFT"": 75, ""MOVED_RIGHT"": 68, ""MOVED_TOWARD_COIN"": 12, ""MOVED_TOWARD_SAFETY"": 56, ""MOVED_UP"": 42, ""OPPONENT_ELIMINATED"": 2, ""SAFE_BOMB_THREATENS_OPPONENT"": 5, ""STAYED_IN_DANGER"": 9, ""SURVIVED_ROUND"": 1, ""USELESS_BOMB"": 18, ""WAITED"": 125}","{""BOMB_DROPPED"": 0.0, ""BOMB_EXPLODED"": 0.0, ""BOMB_NEXT_TO_CRATE"": 0.5499999999999999, ""COIN_COLLECTED"": 2.0, ""COIN_FOUND"": 0.1, ""CRATE_DESTROYED"": 1.9000000000000006, ""ESCAPED_DANGER"": 12.90000000000001, ""INVALID_ACTION"": -0.2, ""MOVED_AWAY_FROM_COIN"": -0.07, ""MOVED_DOWN"": 0.0, ""MOVED_INTO_DANGER"": -3.1500000000000004, ""MOVED_LEFT"": 0.0, ""MOVED_RIGHT"": 0.0, ""MOVED_TOWARD_COIN"": 0.7200000000000002, ""MOVED_TOWARD_SAFETY"": 16.80000000000002, ""MOVED_UP"": 0.0, ""OPPONENT_ELIMINATED"": 0.0, ""SAFE_BOMB_THREATENS_OPPONENT"": 0.5, ""STAYED_IN_DANGER"": -2.25, ""SURVIVED_ROUND"": 0.5, ""USELESS_BOMB"": -1.8000000000000005, ""WAITED"": -2.5000000000000018}"
12,1,1,6,400,0.19875333333333334,31.64724999999997,6.0,32.030000000000044,-6.382750000000008,79.51175000000002,-85.8945,401,1,"{""BOMB_DROPPED"": 42, ""BOMB_EXPLODED"": 42, ""BOMB_NEXT_TO_CRATE"": 11, ""COIN_COLLECTED"": 1, ""COIN_FOUND"": 1, ""CRATE_DESTROYED"": 22, ""ESCAPED_DANGER"": 54, ""INVALID_ACTION"": 2, ""KILLED_OPPONENT"": 1, ""MOVED_AWAY_FROM_COIN"": 1, ""MOVED_DOWN"": 50, ""MOVED_INTO_DANGER"": 12, ""MOVED_LEFT"": 41, ""MOVED_RIGHT"": 54, ""MOVED_TOWARD_COIN"": 9, ""MOVED_TOWARD_SAFETY"": 73, ""MOVED_UP"": 64, ""OPPONENT_ELIMINATED"": 1, ""SAFE_BOMB_THREATENS_OPPONENT"": 13, ""STAYED_IN_DANGER"": 8, ""SURVIVED_ROUND"": 1, ""USELESS_BOMB"": 18, ""WAITED"": 147}","{""BOMB_DROPPED"": 0.0, ""BOMB_EXPLODED"": 0.0, ""BOMB_NEXT_TO_CRATE"": 0.5499999999999999, ""COIN_COLLECTED"": 1.0, ""COIN_FOUND"": 0.05, ""CRATE_DESTROYED"": 2.2000000000000006, ""ESCAPED_DANGER"": 16.200000000000017, ""INVALID_ACTION"": -0.2, ""KILLED_OPPONENT"": 5.0, ""MOVED_AWAY_FROM_COIN"": -0.07, ""MOVED_DOWN"": 0.0, ""MOVED_INTO_DANGER"": -4.2, ""MOVED_LEFT"": 0.0, ""MOVED_RIGHT"": 0.0, ""MOVED_TOWARD_COIN"": 0.54, ""MOVED_TOWARD_SAFETY"": 21.90000000000003, ""MOVED_UP"": 0.0, ""OPPONENT_ELIMINATED"": 0.0, ""SAFE_BOMB_THREATENS_OPPONENT"": 1.3, ""STAYED_IN_DANGER"": -2.0, ""SURVIVED_ROUND"": 0.5, ""USELESS_BOMB"": -1.8000000000000005, ""WAITED"": -2.940000000000002}"
13,0,0,0,400,0.19864,16.439750000000025,0,22.460000000000022,-6.0202500000000105,60.936250000000086,-66.95649999999995,401,1,"{""BOMB_DROPPED"": 35, ""BOMB_EXPLODED"": 34, ""BOMB_NEXT_TO_CRATE"": 6, ""COIN_FOUND"": 1, ""CRATE_DESTROYED"": 17, ""ESCAPED_DANGER"": 39, ""INVALID_ACTION"": 1, ""MOVED_AWAY_FROM_COIN"": 5, ""MOVED_DOWN"": 48, ""MOVED_INTO_DANGER"": 5, ""MOVED_LEFT"": 37, ""MOVED_RIGHT"": 35, ""MOVED_TOWARD_COIN"": 7, ""MOVED_TOWARD_SAFETY"": 54, ""MOVED_UP"": 61, ""OPPONENT_ELIMINATED"": 2, ""SAFE_BOMB_THREATENS_OPPONENT"": 13, ""STAYED_IN_DANGER"": 9, ""SURVIVED_ROUND"": 1, ""USELESS_BOMB"": 16, ""WAITED"": 183}","{""BOMB_DROPPED"": 0.0, ""BOMB_EXPLODED"": 0.0, ""BOMB_NEXT_TO_CRATE"": 0.3, ""COIN_FOUND"": 0.05, ""CRATE_DESTROYED"": 1.7000000000000004, ""ESCAPED_DANGER"": 11.700000000000006, ""INVALID_ACTION"": -0.1, ""MOVED_AWAY_FROM_COIN"": -0.35000000000000003, ""MOVED_DOWN"": 0.0, ""MOVED_INTO_DANGER"": -1.75, ""MOVED_LEFT"": 0.0, ""MOVED_RIGHT"": 0.0, ""MOVED_TOWARD_COIN"": 0.42, ""MOVED_TOWARD_SAFETY"": 16.200000000000017, ""MOVED_UP"": 0.0, ""OPPONENT_ELIMINATED"": 0.0, ""SAFE_BOMB_THREATENS_OPPONENT"": 1.3, ""STAYED_IN_DANGER"": -2.25, ""SURVIVED_ROUND"": 0.5, ""USELESS_BOMB"": -1.6000000000000003, ""WAITED"": -3.660000000000003}"
14,0,0,0,400,0.19852666666666666,27.745749999999997,0,31.440000000000044,-3.6942500000000056,72.11274999999999,-75.80699999999993,401,1,"{""BOMB_DROPPED"": 42, ""BOMB_EXPLODED"": 42, ""BOMB_NEXT_TO_CRATE"": 7, ""CRATE_DESTROYED"": 14, ""ESCAPED_DANGER"": 46, ""INVALID_ACTION"": 1, ""MOVED_AWAY_FROM_COIN"": 4, ""MOVED_DOWN"": 60, ""MOVED_INTO_DANGER"": 4, ""MOVED_LEFT"": 53, ""MOVED_RIGHT"": 52, ""MOVED_TOWARD_COIN"": 3, ""MOVED_TOWARD_SAFETY"": 78, ""MOVED_UP"": 54, ""OPPONENT_ELIMINATED"": 2, ""SAFE_BOMB_THREATENS_OPPONENT"": 3, ""STAYED_IN_DANGER"": 3, ""SURVIVED_ROUND"": 1, ""USELESS_BOMB"": 32, ""WAITED"": 138}","{""BOMB_DROPPED"": 0.0, ""BOMB_EXPLODED"": 0.0, ""BOMB_NEXT_TO_CRATE"": 0.35, ""CRATE_DESTROYED"": 1.4000000000000001, ""ESCAPED_DANGER"": 13.800000000000011, ""INVALID_ACTION"": -0.1, ""MOVED_AWAY_FROM_COIN"": -0.28, ""MOVED_DOWN"": 0.0, ""MOVED_INTO_DANGER"": -1.4, ""MOVED_LEFT"": 0.0, ""MOVED_RIGHT"": 0.0, ""MOVED_TOWARD_COIN"": 0.18, ""MOVED_TOWARD_SAFETY"": 23.400000000000034, ""MOVED_UP"": 0.0, ""OPPONENT_ELIMINATED"": 0.0, ""SAFE_BOMB_THREATENS_OPPONENT"": 0.30000000000000004, ""STAYED_IN_DANGER"": -0.75, ""SURVIVED_ROUND"": 0.5, ""USELESS_BOMB"": -3.2000000000000015, ""WAITED"": -2.760000000000002}"
15,1,0,1,400,0.19841333333333336,29.57299999999996,1.0,33.380000000000045,-4.807000000000005,76.96800000000003,-81.775,401,1,"{""BOMB_DROPPED"": 50, ""BOMB_EXPLODED"": 49, ""BOMB_NEXT_TO_CRATE"": 13, ""BOMB_WITH_NO_ESCAPE"": 1, ""COIN_COLLECTED"": 1, ""COIN_FOUND"": 1, ""CRATE_DESTROYED"": 34, ""ESCAPED_DANGER"": 51, ""MOVED_AWAY_FROM_COIN"": 4, ""MOVED_DOWN"": 43, ""MOVED_INTO_DANGER"": 3, ""MOVED_LEFT"": 43, ""MOVED_RIGHT"": 55, ""MOVED_TOWARD_COIN"": 4, ""MOVED_TOWARD_SAFETY"": 78, ""MOVED_UP"": 55, ""OPPONENT_ELIMINATED"": 1, ""SAFE_BOMB_THREATENS_OPPONENT"": 11, ""STAYED_IN_DANGER"": 14, ""SURVIVED_ROUND"": 1, ""USELESS_BOMB"": 28, ""WAITED"": 154}","{""BOMB_DROPPED"": 0.0, ""BOMB_EXPLODED"": 0.0, ""BOMB_NEXT_TO_CRATE"": 0.65, ""BOMB_WITH_NO_ESCAPE"": -0.55, ""COIN_COLLECTED"": 1.0, ""COIN_FOUND"": 0.05, ""CRATE_DESTROYED"": 3.4000000000000017, ""ESCAPED_DANGER"": 15.300000000000015, ""MOVED_AWAY_FROM_COIN"": -0.28, ""MOVED_DOWN"": 0.0, ""MOVED_INTO_DANGER"": -1.0499999999999998, ""MOVED_LEFT"": 0.0, ""MOVED_RIGHT"": 0.0, ""MOVED_TOWARD_COIN"": 0.24, ""MOVED_TOWARD_SAFETY"": 23.400000000000034, ""MOVED_UP"": 0.0, ""OPPONENT_ELIMINATED"": 0.0, ""SAFE_BOMB_THREATENS_OPPONENT"": 1.0999999999999999, ""STAYED_IN_DANGER"": -3.5, ""SURVIVED_ROUND"": 0.5, ""USELESS_BOMB"": -2.800000000000001, ""WAITED"": -3.0800000000000023}"
16,0,1,5,400,0.1983,30.63424999999996,5.0,31.15000000000004,-5.515750000000005,69.95041666666665,-75.46616666666665,401,1,"{""BOMB_DROPPED"": 41, ""BOMB_EXPLODED"": 40, ""BOMB_NEXT_TO_CRATE"": 8, ""CRATE_DESTROYED"": 20, ""ESCAPED_DANGER"": 45, ""INVALID_ACTION"": 1, ""KILLED_OPPONENT"": 1, ""MOVED_AWAY_FROM_COIN"": 1, ""MOVED_DOWN"": 55, ""MOVED_INTO_DANGER"": 5, ""MOVED_LEFT"": 53, ""MOVED_RIGHT"": 59, ""MOVED_TOWARD_COIN"": 4, ""MOVED_TOWARD_SAFETY"": 72, ""MOVED_UP"": 55, ""OPPONENT_ELIMINATED"": 2, ""SAFE_BOMB_THREATENS_OPPONENT"": 8, ""STAYED_IN_DANGER"": 3, ""SURVIVED_ROUND"": 1, ""USELESS_BOMB"": 25, ""WAITED"": 136}","{""BOMB_DROPPED"": 0.0, ""BOMB_EXPLODED"": 0.0, ""BOMB_NEXT_TO_CRATE"": 0.39999999999999997, ""CRATE_DESTROYED"": 2.0000000000000004, ""ESCAPED_DANGER"": 13.50000000000001, ""INVALID_ACTION"": -0.1, ""KILLED_OPPONENT"": 5.0, ""MOVED_AWAY_FROM_COIN"": -0.07, ""MOVED_DOWN"": 0.0, ""MOVED_INTO_DANGER"": -1.75, ""MOVED_LEFT"": 0.0, ""MOVED_RIGHT"": 0.0, ""MOVED_TOWARD_COIN"": 0.24, ""MOVED_TOWARD_SAFETY"": 21.60000000000003, ""MOVED_UP"": 0.0, ""OPPONENT_ELIMINATED"": 0.0, ""SAFE_BOMB_THREATENS_OPPONENT"": 0.7999999999999999, ""STAYED_IN_DANGER"": -0.75, ""SURVIVED_ROUND"": 0.5, ""USELESS_BOMB"": -2.500000000000001, ""WAITED"": -2.720000000000002}"
17,0,1,5,400,0.19818666666666668,36.945250000000065,5.0,36.82000000000005,-4.874749999999988,77.94549999999998,-82.82024999999997,401,1,"{""BOMB_DROPPED"": 47, ""BOMB_EXPLODED"": 47, ""BOMB_NEXT_TO_CRATE"": 18, ""COIN_FOUND"": 2, ""CRATE_DESTROYED"": 39, ""ESCAPED_DANGER"": 52, ""INVALID_ACTION"": 4, ""KILLED_OPPONENT"": 1, ""MOVED_AWAY_FROM_COIN"": 7, ""MOVED_DOWN"": 43, ""MOVED_INTO_DANGER"": 5, ""MOVED_LEFT"": 41, ""MOVED_RIGHT"": 53, ""MOVED_TOWARD_COIN"": 21, ""MOVED_TOWARD_SAFETY"": 78, ""MOVED_UP"": 57, ""OPPONENT_ELIMINATED"": 3, ""SAFE_BOMB_THREATENS_OPPONENT"": 7, ""STAYED_IN_DANGER"": 6, ""SURVIVED_ROUND"": 1, ""USELESS_BOMB"": 23, ""WAITED"": 155}","{""BOMB_DROPPED"": 0.0, ""BOMB_EXPLODED"": 0.0, ""BOMB_NEXT_TO_CRATE"": 0.9000000000000002, ""COIN_FOUND"": 0.1, ""CRATE_DESTROYED"": 3.900000000000002, ""ESCAPED_DANGER"": 15.600000000000016, ""INVALID_ACTION"": -0.4, ""KILLED_OPPONENT"": 5.0, ""MOVED_AWAY_FROM_COIN"": -0.49000000000000005, ""MOVED_DOWN"": 0.0, ""MOVED_INTO_DANGER"": -1.75, ""MOVED_LEFT"": 0.0, ""MOVED_RIGHT"": 0.0, ""MOVED_TOWARD_COIN"": 1.2600000000000007, ""MOVED_TOWARD_SAFETY"": 23.400000000000034, ""MOVED_UP"": 0.0, ""OPPONENT_ELIMINATED"": 0.0, ""SAFE_BOMB_THREATENS_OPPONENT"": 0.7, ""STAYED_IN_DANGER"": -1.5, ""SURVIVED_ROUND"": 0.5, ""USELESS_BOMB"": -2.3000000000000007, ""WAITED"": -3.1000000000000023}"
18,1,0,1,400,0.19807333333333335,26.956249999999983,1.0,30.98000000000004,-5.023749999999996,66.72158333333331,-71.74533333333338,401,1,"{""BOMB_DROPPED"": 41, ""BOMB_EXPLODED"": 40, ""BOMB_NEXT_TO_CRATE"": 9, ""COIN_COLLECTED"": 1, ""COIN_FOUND"": 1, ""CRATE_DESTROYED"": 18, ""ESCAPED_DANGER"": 43, ""MOVED_AWAY_FROM_COIN"": 3, ""MOVED_DOWN"": 65, ""MOVED_INTO_DANGER"": 2, ""MOVED_LEFT"": 44, ""MOVED_RIGHT"": 43, ""MOVED_TOWARD_COIN"": 10, ""MOVED_TOWARD_SAFETY"": 74, ""MOVED_UP"": 79, ""OPPONENT_ELIMINATED"": 1, ""SAFE_BOMB_THREATENS_OPPONENT"": 2, ""STAYED_IN_DANGER"": 5, ""SURVIVED_ROUND"": 1, ""USELESS_BOMB"": 30, ""WAITED"": 128}","{""BOMB_DROPPED"": 0.0, ""BOMB_EXPLODED"": 0.0, ""BOMB_NEXT_TO_CRATE"": 0.44999999999999996, ""COIN_COLLECTED"": 1.0, ""COIN_FOUND"": 0.05, ""CRATE_DESTROYED"": 1.8000000000000005, ""ESCAPED_DANGER"": 12.90000000000001, ""MOVED_AWAY_FROM_COIN"": -0.21000000000000002, ""MOVED_DOWN"": 0.0, ""MOVED_INTO_DANGER"": -0.7, ""MOVED_LEFT"": 0.0, ""MOVED_RIGHT"": 0.0, ""MOVED_TOWARD_COIN"": 0.6000000000000001, ""MOVED_TOWARD_SAFETY"": 22.20000000000003, ""MOVED_UP"": 0.0, ""OPPONENT_ELIMINATED"": 0.0, ""SAFE_BOMB_THREATENS_OPPONENT"": 0.2, ""STAYED_IN_DANGER"": -1.25, ""SURVIVED_ROUND"": 0.5, ""USELESS_BOMB"": -3.0000000000000013, ""WAITED"": -2.560000000000002}"
19,1,0,1,400,0.19796,28.79574999999996,1.0,33.310000000000045,-5.514250000000014,74.44558333333337,-79.95983333333335,401,1,"{""BOMB_DROPPED"": 48, ""BOMB_EXPLODED"": 47, ""BOMB_NEXT_TO_CRATE"": 8, ""COIN_COLLECTED"": 1, ""COIN_FOUND"": 4, ""CRATE_DESTROYED"": 20, ""ESCAPED_DANGER"": 48, ""INVALID_ACTION"": 1, ""MOVED_AWAY_FROM_COIN"": 9, ""MOVED_DOWN"": 59, ""MOVED_INTO_DANGER"": 1, ""MOVED_LEFT"": 48, ""MOVED_RIGHT"": 46, ""MOVED_TOWARD_COIN"": 22, ""MOVED_TOWARD_SAFETY"": 79, ""MOVED_UP"": 59, ""OPPONENT_ELIMINATED"": 1, ""SAFE_BOMB_THREATENS_OPPONENT"": 5, ""STAYED_IN_DANGER"": 9, ""SURVIVED_ROUND"": 1, ""USELESS_BOMB"": 36, ""WAITED"": 139}","{""BOMB_DROPPED"": 0.0, ""BOMB_EXPLODED"": 0.0, ""BOMB_NEXT_TO_CRATE"": 0.39999999999999997, ""COIN_COLLECTED"": 1.0, ""COIN_FOUND"": 0.2, ""CRATE_DESTROYED"": 2.0000000000000004, ""ESCAPED_DANGER"": 14.400000000000013, ""INVALID_ACTION"": -0.1, ""MOVED_AWAY_FROM_COIN"": -0.6300000000000001, ""MOVED_DOWN"": 0.0, ""MOVED_INTO_DANGER"": -0.35, ""MOVED_LEFT"": 0.0, ""MOVED_RIGHT"": 0.0, ""MOVED_TOWARD_COIN"": 1.3200000000000007, ""MOVED_TOWARD_SAFETY"": 23.700000000000035, ""MOVED_UP"": 0.0, ""OPPONENT_ELIMINATED"": 0.0, ""SAFE_BOMB_THREATENS_OPPONENT"": 0.5, ""STAYED_IN_DANGER"": -2.25, ""SURVIVED_ROUND"": 0.5, ""USELESS_BOMB"": -3.600000000000002, ""WAITED"": -2.780000000000002}"
20,0,1,5,400,0.19784666666666667,30.62524999999995,5.0,31.11000000000005,-5.484750000000003,81.20491666666669,-86.68966666666672,401,1,"{""BOMB_DROPPED"": 48, ""BOMB_EXPLODED"": 47, ""BOMB_NEXT_TO_CRATE"": 11, ""BOMB_WITH_NO_ESCAPE"": 1, ""COIN_FOUND"": 1, ""CRATE_DESTROYED"": 22, ""ESCAPED_DANGER"": 53, ""INVALID_ACTION"": 1, ""KILLED_OPPONENT"": 1, ""MOVED_AWAY_FROM_COIN"": 9, ""MOVED_DOWN"": 44, ""MOVED_INTO_DANGER"": 8, ""MOVED_LEFT"": 47, ""MOVED_RIGHT"": 60, ""MOVED_TOWARD_COIN"": 11, ""MOVED_TOWARD_SAFETY"": 79, ""MOVED_UP"": 44, ""OPPONENT_ELIMINATED"": 2, ""SAFE_BOMB_THREATENS_OPPONENT"": 11, ""STAYED_IN_DANGER"": 15, ""SURVIVED_ROUND"": 1, ""USELESS_BOMB"": 26, ""WAITED"": 156}","{""BOMB_DROPPED"": 0.0, ""BOMB_EXPLODED"": 0.0, ""BOMB_NEXT_TO_CRATE"": 0.5499999999999999, ""BOMB_WITH_NO_ESCAPE"": -0.55, ""COIN_FOUND"": 0.05, ""CRATE_DESTROYED"": 2.2000000000000006, ""ESCAPED_DANGER"": 15.900000000000016, ""INVALID_ACTION"": -0.1, ""KILLED_OPPONENT"": 5.0, ""MOVED_AWAY_FROM_COIN"": -0.6300000000000001, ""MOVED_DOWN"": 0.0, ""MOVED_INTO_DANGER"": -2.8000000000000003, ""MOVED_LEFT"": 0.0, ""MOVED_RIGHT"": 0.0, ""MOVED_TOWARD_COIN"": 0.6600000000000001, ""MOVED_TOWARD_SAFETY"": 23.700000000000035, ""MOVED_UP"": 0.0, ""OPPONENT_ELIMINATED"": 0.0, ""SAFE_BOMB_THREATENS_OPPONENT"": 1.0999999999999999, ""STAYED_IN_DANGER"": -3.75, ""SURVIVED_ROUND"": 0.5, ""USELESS_BOMB"": -2.600000000000001, ""WAITED"": -3.1200000000000023}"
21,0,0,0,158,0.19773333333333334,4.5889999999999995,0,6.219999999999997,-1.631000000000001,25.139999999999993,-26.770999999999997,158,1,"{""BOMB_DROPPED"": 15, ""BOMB_EXPLODED"": 15, ""BOMB_NEXT_TO_CRATE"": 8, ""CRATE_DESTROYED"": 15, ""ESCAPED_DANGER"": 15, ""GOT_KILLED"": 1, ""MOVED_DOWN"": 20, ""MOVED_INTO_DANGER"": 1, ""MOVED_LEFT"": 19, ""MOVED_RIGHT"": 13, ""MOVED_TOWARD_COIN"": 2, ""MOVED_TOWARD_SAFETY"": 28, ""MOVED_UP"": 16, ""OPPONENT_ELIMINATED"": 2, ""SAFE_BOMB_THREATENS_OPPONENT"": 1, ""STAYED_IN_DANGER"": 5, ""USELESS_BOMB"": 7, ""WAITED"": 75}","{""BOMB_DROPPED"": 0.0, ""BOMB_EXPLODED"": 0.0, ""BOMB_NEXT_TO_CRATE"": 0.39999999999999997, ""CRATE_DESTROYED"": 1.5000000000000002, ""ESCAPED_DANGER"": 4.499999999999999, ""GOT_KILLED"": -5.0, ""MOVED_DOWN"": 0.0, ""MOVED_INTO_DANGER"": -0.35, ""MOVED_LEFT"": 0.0, ""MOVED_RIGHT"": 0.0, ""MOVED_TOWARD_COIN"": 0.12, ""MOVED_TOWARD_SAFETY"": 8.399999999999999, ""MOVED_UP"": 0.0, ""OPPONENT_ELIMINATED"": 0.0, ""SAFE_BOMB_THREATENS_OPPONENT"": 0.1, ""STAYED_IN_DANGER"": -1.25, ""USELESS_BOMB"": -0.7, ""WAITED"": -1.5000000000000009}"
22,0,1,5,400,0.19762000000000002,31.936999999999937,5.0,32.39000000000004,-5.453000000000012,80.08491666666673,-85.53791666666667,401,1,"{""BOMB_DROPPED"": 46, ""BOMB_EXPLODED"": 46, ""BOMB_NEXT_TO_CRATE"": 8, ""COIN_FOUND"": 2, ""CRATE_DESTROYED"": 21, ""ESCAPED_DANGER"": 52, ""KILLED_OPPONENT"": 1, ""MOVED_AWAY_FROM_COIN"": 3, ""MOVED_DOWN"": 51, ""MOVED_INTO_DANGER"": 6, ""MOVED_LEFT"": 41, ""MOVED_RIGHT"": 54, ""MOVED_TOWARD_COIN"": 9, ""MOVED_TOWARD_SAFETY"": 76, ""MOVED_UP"": 51, ""OPPONENT_ELIMINATED"": 2, ""SAFE_BOMB_THREATENS_OPPONENT"": 8, ""STAYED_IN_DANGER"": 8, ""SURVIVED_ROUND"": 1, ""USELESS_BOMB"": 30, ""WAITED"": 157}","{""BOMB_DROPPED"": 0.0, ""BOMB_EXPLODED"": 0.0, ""BOMB_NEXT_TO_CRATE"": 0.39999999999999997, ""COIN_FOUND"": 0.1, ""CRATE_DESTROYED"": 2.1000000000000005, ""ESCAPED_DANGER"": 15.600000000000016, ""KILLED_OPPONENT"": 5.0, ""MOVED_AWAY_FROM_COIN"": -0.21000000000000002, ""MOVED_DOWN"": 0.0, ""MOVED_INTO_DANGER"": -2.1, ""MOVED_LEFT"": 0.0, ""MOVED_RIGHT"": 0.0, ""MOVED_TOWARD_COIN"": 0.54, ""MOVED_TOWARD_SAFETY"": 22.800000000000033, ""MOVED_UP"": 0.0, ""OPPONENT_ELIMINATED"": 0.0, ""SAFE_BOMB_THREATENS_OPPONENT"": 0.7999999999999999, ""STAYED_IN_DANGER"": -2.0, ""SURVIVED_ROUND"": 0.5, ""USELESS_BOMB"": -3.0000000000000013, ""WAITED"": -3.1400000000000023}"
23,1,1,6,151,0.19750666666666666,9.471500000000006,6.0,6.289999999999997,-2.818500000000002,26.19524999999999,-29.013749999999984,151,1,"{""BOMB_DROPPED"": 15, ""BOMB_EXPLODED"": 15, ""BOMB_NEXT_TO_CRATE"": 8, ""COIN_COLLECTED"": 1, ""COIN_FOUND"": 2, ""CRATE_DESTROYED"": 18, ""ESCAPED_DANGER"": 16, ""GOT_KILLED"": 1, ""KILLED_OPPONENT"": 1, ""MOVED_AWAY_FROM_COIN"": 9, ""MOVED_DOWN"": 16, ""MOVED_INTO_DANGER"": 2, ""MOVED_LEFT"": 22, ""MOVED_RIGHT"": 18, ""MOVED_TOWARD_COIN"": 22, ""MOVED_TOWARD_SAFETY"": 24, ""MOVED_UP"": 30, ""OPPONENT_ELIMINATED"": 2, ""SAFE_BOMB_THREATENS_OPPONENT"": 1, ""STAYED_IN_DANGER"": 6, ""USELESS_BOMB"": 6, ""WAITED"": 50}","{""BOMB_DROPPED"": 0.0, ""BOMB_EXPLODED"": 0.0, ""BOMB_NEXT_TO_CRATE"": 0.39999999999999997, ""COIN_COLLECTED"": 1.0, ""COIN_FOUND"": 0.1, ""CRATE_DESTROYED"": 1.8000000000000005, ""ESCAPED_DANGER"": 4.799999999999999, ""GOT_KILLED"": -5.0, ""KILLED_OPPONENT"": 5.0, ""MOVED_AWAY_FROM_COIN"": -0.6300000000000001, ""MOVED_DOWN"": 0.0, ""MOVED_INTO_DANGER"": -0.7, ""MOVED_LEFT"": 0.0, ""MOVED_RIGHT"": 0.0, ""MOVED_TOWARD_COIN"": 1.3200000000000007, ""MOVED_TOWARD_SAFETY"": 7.1999999999999975, ""MOVED_UP"": 0.0, ""OPPONENT_ELIMINATED"": 0.0, ""SAFE_BOMB_THREATENS_OPPONENT"": 0.1, ""STAYED_IN_DANGER"": -1.5, ""USELESS_BOMB"": -0.6, ""WAITED"": -1.0000000000000004}"
24,0,1,5,400,0.19739333333333334,37.85599999999993,5.0,34.740000000000045,-1.883999999999994,72.87974999999996,-74.76374999999976,401,1,"{""BOMB_DROPPED"": 45, ""BOMB_EXPLODED"": 44, ""BOMB_NEXT_TO_CRATE"": 12, ""COIN_FOUND"": 2, ""CRATE_DESTROYED"": 23, ""ESCAPED_DANGER"": 48, ""INVALID_ACTION"": 1, ""KILLED_OPPONENT"": 1, ""MOVED_AWAY_FROM_COIN"": 3, ""MOVED_DOWN"": 60, ""MOVED_INTO_DANGER"": 4, ""MOVED_LEFT"": 46, ""MOVED_RIGHT"": 46, ""MOVED_TOWARD_COIN"": 10, ""MOVED_TOWARD_SAFETY"": 80, ""MOVED_UP"": 72, ""OPPONENT_ELIMINATED"": 3, ""SAFE_BOMB_THREATENS_OPPONENT"": 3, ""SAFE_BOMB_TRAPS_OPPONENT"": 1, ""STAYED_IN_DANGER"": 3, ""SURVIVED_ROUND"": 1, ""USELESS_BOMB"": 32, ""WAITED"": 130}","{""BOMB_DROPPED"": 0.0, ""BOMB_EXPLODED"": 0.0, ""BOMB_NEXT_TO_CRATE"": 0.6, ""COIN_FOUND"": 0.1, ""CRATE_DESTROYED"": 2.3000000000000007, ""ESCAPED_DANGER"": 14.400000000000013, ""INVALID_ACTION"": -0.1, ""KILLED_OPPONENT"": 5.0, ""MOVED_AWAY_FROM_COIN"": -0.21000000000000002, ""MOVED_DOWN"": 0.0, ""MOVED_INTO_DANGER"": -1.4, ""MOVED_LEFT"": 0.0, ""MOVED_RIGHT"": 0.0, ""MOVED_TOWARD_COIN"": 0.6000000000000001, ""MOVED_TOWARD_SAFETY"": 24.000000000000036, ""MOVED_UP"": 0.0, ""OPPONENT_ELIMINATED"": 0.0, ""SAFE_BOMB_THREATENS_OPPONENT"": 0.30000000000000004, ""SAFE_BOMB_TRAPS_OPPONENT"": 0.2, ""STAYED_IN_DANGER"": -0.75, ""SURVIVED_ROUND"": 0.5, ""USELESS_BOMB"": -3.2000000000000015, ""WAITED"": -2.600000000000002}"
25,1,0,1,400,0.19728,25.401499999999942,1.0,30.13000000000004,-5.728500000000005,75.90075,-81.62925000000003,401,1,"{""BOMB_DROPPED"": 43, ""BOMB_EXPLODED"": 43, ""BOMB_NEXT_TO_CRATE"": 9, ""COIN_COLLECTED"": 1, ""COIN_FOUND"": 1, ""CRATE_DESTROYED"": 17, ""ESCAPED_DANGER"": 51, ""INVALID_ACTION"": 1, ""MOVED_DOWN"": 43, ""MOVED_INTO_DANGER"": 8, ""MOVED_LEFT"": 62, ""MOVED_RIGHT"": 70, ""MOVED_TOWARD_COIN"": 4, ""MOVED_TOWARD_SAFETY"": 71, ""MOVED_UP"": 43, ""OPPONENT_ELIMINATED"": 2, ""SAFE_BOMB_THREATENS_OPPONENT"": 7, ""STAYED_IN_DANGER"": 7, ""SURVIVED_ROUND"": 1, ""USELESS_BOMB"": 27, ""WAITED"": 138}","{""BOMB_DROPPED"": 0.0, ""BOMB_EXPLODED"": 0.0, ""BOMB_NEXT_TO_CRATE"": 0.44999999999999996, ""COIN_COLLECTED"": 1.0, ""COIN_FOUND"": 0.05, ""CRATE_DESTROYED"": 1.7000000000000004, ""ESCAPED_DANGER"": 15.300000000000015, ""INVALID_ACTION"": -0.1, ""MOVED_DOWN"": 0.0, ""MOVED_INTO_DANGER"": -2.8000000000000003, ""MOVED_LEFT"": 0.0, ""MOVED_RIGHT"": 0.0, ""MOVED_TOWARD_COIN"": 0.24, ""MOVED_TOWARD_SAFETY"": 21.30000000000003, ""MOVED_UP"": 0.0, ""OPPONENT_ELIMINATED"": 0.0, ""SAFE_BOMB_THREATENS_OPPONENT"": 0.7, ""STAYED_IN_DANGER"": -1.75, ""SURVIVED_ROUND"": 0.5, ""USELESS_BOMB"": -2.700000000000001, ""WAITED"": -2.760000000000002}"
26,0,1,5,400,0.19716666666666666,27.348749999999942,5.0,30.390000000000043,-8.041250000000014,73.78641666666667,-81.82766666666664,401,1,"{""BOMB_DROPPED"": 41, ""BOMB_EXPLODED"": 40, ""BOMB_NEXT_TO_CRATE"": 16, ""COIN_FOUND"": 2, ""CRATE_DESTROYED"": 33, ""ESCAPED_DANGER"": 49, ""INVALID_ACTION"": 1, ""KILLED_OPPONENT"": 1, ""MOVED_AWAY_FROM_COIN"": 3, ""MOVED_DOWN"": 47, ""MOVED_INTO_DANGER"": 9, ""MOVED_LEFT"": 51, ""MOVED_RIGHT"": 63, ""MOVED_TOWARD_COIN"": 7, ""MOVED_TOWARD_SAFETY"": 70, ""MOVED_UP"": 56, ""OPPONENT_ELIMINATED"": 2, ""SAFE_BOMB_THREATENS_OPPONENT"": 8, ""STAYED_IN_DANGER"": 13, ""SURVIVED_ROUND"": 1, ""USELESS_BOMB"": 17, ""WAITED"": 141}","{""BOMB_DROPPED"": 0.0, ""BOMB_EXPLODED"": 0.0, ""BOMB_NEXT_TO_CRATE"": 0.8000000000000002, ""COIN_FOUND"": 0.1, ""CRATE_DESTROYED"": 3.3000000000000016, ""ESCAPED_DANGER"": 14.700000000000014, ""INVALID_ACTION"": -0.1, ""KILLED_OPPONENT"": 5.0, ""MOVED_AWAY_FROM_COIN"": -0.21000000000000002, ""MOVED_DOWN"": 0.0, ""MOVED_INTO_DANGER"": -3.1500000000000004, ""MOVED_LEFT"": 0.0, ""MOVED_RIGHT"": 0.0, ""MOVED_TOWARD_COIN"": 0.42, ""MOVED_TOWARD_SAFETY"": 21.00000000000003, ""MOVED_UP"": 0.0, ""OPPONENT_ELIMINATED"": 0.0, ""SAFE_BOMB_THREATENS_OPPONENT"": 0.7999999999999999, ""STAYED_IN_DANGER"": -3.25, ""SURVIVED_ROUND"": 0.5, ""USELESS_BOMB"": -1.7000000000000004, ""WAITED"": -2.820000000000002}"
27,1,0,1,400,0.19705333333333336,20.754750000000012,1.0,24.170000000000023,-4.415250000000006,60.15866666666665,-64.57391666666668,401,1,"{""BOMB_DROPPED"": 37, ""BOMB_EXPLODED"": 36, ""BOMB_NEXT_TO_CRATE"": 12, ""COIN_COLLECTED"": 1, ""COIN_FOUND"": 2, ""CRATE_DESTROYED"": 17, ""ESCAPED_DANGER"": 38, ""INVALID_ACTION"": 1, ""MOVED_AWAY_FROM_COIN"": 5, ""MOVED_DOWN"": 90, ""MOVED_INTO_DANGER"": 2, ""MOVED_LEFT"": 35, ""MOVED_RIGHT"": 35, ""MOVED_TOWARD_COIN"": 13, ""MOVED_TOWARD_SAFETY"": 55, ""MOVED_UP"": 89, ""OPPONENT_ELIMINATED"": 1, ""SAFE_BOMB_THREATENS_OPPONENT"": 3, ""STAYED_IN_DANGER"": 8, ""SURVIVED_ROUND"": 1, ""USELESS_BOMB"": 23, ""WAITED"": 113}","{""BOMB_DROPPED"": 0.0, ""BOMB_EXPLODED"": 0.0, ""BOMB_NEXT_TO_CRATE"": 0.6, ""COIN_COLLECTED"": 1.0, ""COIN_FOUND"": 0.1, ""CRATE_DESTROYED"": 1.7000000000000004, ""ESCAPED_DANGER"": 11.400000000000006, ""INVALID_ACTION"": -0.1, ""MOVED_AWAY_FROM_COIN"": -0.35000000000000003, ""MOVED_DOWN"": 0.0, ""MOVED_INTO_DANGER"": -0.7, ""MOVED_LEFT"": 0.0, ""MOVED_RIGHT"": 0.0, ""MOVED_TOWARD_COIN"": 0.7800000000000002, ""MOVED_TOWARD_SAFETY"": 16.500000000000018, ""MOVED_UP"": 0.0, ""OPPONENT_ELIMINATED"": 0.0, ""SAFE_BOMB_THREATENS_OPPONENT"": 0.30000000000000004, ""STAYED_IN_DANGER"": -2.0, ""SURVIVED_ROUND"": 0.5, ""USELESS_BOMB"": -2.3000000000000007, ""WAITED"": -2.2600000000000016}"
28,0,1,5,400,0.19694,25.92824999999995,5.0,27.370000000000033,-6.441750000000007,72.61916666666664,-79.06091666666671,401,1,"{""BOMB_DROPPED"": 43, ""BOMB_EXPLODED"": 43, ""BOMB_NEXT_TO_CRATE"": 10, ""COIN_FOUND"": 1, ""CRATE_DESTROYED"": 17, ""ESCAPED_DANGER"": 47, ""KILLED_OPPONENT"": 1, ""MOVED_AWAY_FROM_COIN"": 4, ""MOVED_DOWN"": 66, ""MOVED_INTO_DANGER"": 5, ""MOVED_LEFT"": 43, ""MOVED_RIGHT"": 41, ""MOVED_TOWARD_COIN"": 11, ""MOVED_TOWARD_SAFETY"": 62, ""MOVED_UP"": 69, ""OPPONENT_ELIMINATED"": 2, ""SAFE_BOMB_THREATENS_OPPONENT"": 13, ""STAYED_IN_DANGER"": 13, ""SURVIVED_ROUND"": 1, ""USELESS_BOMB"": 20, ""WAITED"": 138}","{""BOMB_DROPPED"": 0.0, ""BOMB_EXPLODED"": 0.0, ""BOMB_NEXT_TO_CRATE"": 0.49999999999999994, ""COIN_FOUND"": 0.05, ""CRATE_DESTROYED"": 1.7000000000000004, ""ESCAPED_DANGER"": 14.100000000000012, ""KILLED_OPPONENT"": 5.0, ""MOVED_AWAY_FROM_COIN"": -0.28, ""MOVED_DOWN"": 0.0, ""MOVED_INTO_DANGER"": -1.75, ""MOVED_LEFT"": 0.0, ""MOVED_RIGHT"": 0.0, ""MOVED_TOWARD_COIN"": 0.6600000000000001, ""MOVED_TOWARD_SAFETY"": 18.600000000000023, ""MOVED_UP"": 0.0, ""OPPONENT_ELIMINATED"": 0.0, ""SAFE_BOMB_THREATENS_OPPONENT"": 1.3, ""STAYED_IN_DANGER"": -3.25, ""SURVIVED_ROUND"": 0.5, ""USELESS_BOMB"": -2.0000000000000004, ""WAITED"": -2.760000000000002}"
29,2,0,2,400,0.19682666666666668,30.592249999999986,2.0,31.380000000000038,-2.787750000000006,72.19758333333328,-74.98533333333316,401,1,"{""BOMB_DROPPED"": 44, ""BOMB_EXPLODED"": 44, ""BOMB_NEXT_TO_CRATE"": 12, ""COIN_COLLECTED"": 2, ""COIN_FOUND"": 1, ""CRATE_DESTROYED"": 21, ""ESCAPED_DANGER"": 46, ""MOVED_AWAY_FROM_COIN"": 1, ""MOVED_DOWN"": 62, ""MOVED_INTO_DANGER"": 2, ""MOVED_LEFT"": 40, ""MOVED_RIGHT"": 54, ""MOVED_TOWARD_COIN"": 8, ""MOVED_TOWARD_SAFETY"": 73, ""MOVED_UP"": 61, ""OPPONENT_ELIMINATED"": 1, ""SAFE_BOMB_THREATENS_OPPONENT"": 1, ""STAYED_IN_DANGER"": 6, ""SURVIVED_ROUND"": 1, ""USELESS_BOMB"": 31, ""WAITED"": 139}","{""BOMB_DROPPED"": 0.0, ""BOMB_EXPLODED"": 0.0, ""BOMB_NEXT_TO_CRATE"": 0.6, ""COIN_COLLECTED"": 2.0, ""COIN_FOUND"": 0.05, ""CRATE_DESTROYED"": 2.1000000000000005, ""ESCAPED_DANGER"": 13.800000000000011, ""MOVED_AWAY_FROM_COIN"": -0.07, ""MOVED_DOWN"": 0.0, ""MOVED_INTO_DANGER"": -0.7, ""MOVED_LEFT"": 0.0, ""MOVED_RIGHT"": 0.0, ""MOVED_TOWARD_COIN"": 0.48, ""MOVED_TOWARD_SAFETY"": 21.90000000000003, ""MOVED_UP"": 0.0, ""OPPONENT_ELIMINATED"": 0.0, ""SAFE_BOMB_THREATENS_OPPONENT"": 0.1, ""STAYED_IN_DANGER"": -1.5, ""SURVIVED_ROUND"": 0.5, ""USELESS_BOMB"": -3.1000000000000014, ""WAITED"": -2.780000000000002}"
30,2,0,2,400,0.19671333333333335,29.712249999999976,2.0,34.97000000000004,-7.257750000000009,74.50066666666673,-81.75841666666669,401,1,"{""BOMB_DROPPED"": 45, ""BOMB_EXPLODED"": 45, ""BOMB_NEXT_TO_CRATE"": 16, ""COIN_COLLECTED"": 2, ""COIN_FOUND"": 3, ""CRATE_DESTROYED"": 48, ""ESCAPED_DANGER"": 50, ""MOVED_AWAY_FROM_COIN"": 14, ""MOVED_DOWN"": 45, ""MOVED_INTO_DANGER"": 5, ""MOVED_LEFT"": 49, ""MOVED_RIGHT"": 63, ""MOVED_TOWARD_COIN"": 18, ""MOVED_TOWARD_SAFETY"": 73, ""MOVED_UP"": 54, ""OPPONENT_ELIMINATED"": 1, ""SAFE_BOMB_THREATENS_OPPONENT"": 5, ""STAYED_IN_DANGER"": 7, ""SURVIVED_ROUND"": 1, ""USELESS_BOMB"": 24, ""WAITED"": 144}","{""BOMB_DROPPED"": 0.0, ""BOMB_EXPLODED"": 0.0, ""BOMB_NEXT_TO_CRATE"": 0.8000000000000002, ""COIN_COLLECTED"": 2.0, ""COIN_FOUND"": 0.15000000000000002, ""CRATE_DESTROYED"": 4.799999999999999, ""ESCAPED_DANGER"": 15.000000000000014, ""MOVED_AWAY_FROM_COIN"": -0.9800000000000004, ""MOVED_DOWN"": 0.0, ""MOVED_INTO_DANGER"": -1.75, ""MOVED_LEFT"": 0.0, ""MOVED_RIGHT"": 0.0, ""MOVED_TOWARD_COIN"": 1.0800000000000005, ""MOVED_TOWARD_SAFETY"": 21.90000000000003, ""MOVED_UP"": 0.0, ""OPPONENT_ELIMINATED"": 0.0, ""SAFE_BOMB_THREATENS_OPPONENT"": 0.5, ""STAYED_IN_DANGER"": -1.75, ""SURVIVED_ROUND"": 0.5, ""USELESS_BOMB"": -2.400000000000001, ""WAITED"": -2.880000000000002}"
31,2,0,2,400,0.1966,22.532999999999994,2.0,26.350000000000033,-5.81700000000001,77.4006666666667,-83.21766666666656,401,1,"{""BOMB_DROPPED"": 42, ""BOMB_EXPLODED"": 42, ""BOMB_NEXT_TO_CRATE"": 11, ""COIN_COLLECTED"": 2, ""COIN_FOUND"": 1, ""CRATE_DESTROYED"": 21, ""ESCAPED_DANGER"": 52, ""INVALID_ACTION"": 1, ""MOVED_AWAY_FROM_COIN"": 3, ""MOVED_DOWN"": 38, ""MOVED_INTO_DANGER"": 10, ""MOVED_LEFT"": 57, ""MOVED_RIGHT"": 71, ""MOVED_TOWARD_COIN"": 9, ""MOVED_TOWARD_SAFETY"": 61, ""MOVED_UP"": 37, ""OPPONENT_ELIMINATED"": 2, ""SAFE_BOMB_THREATENS_OPPONENT"": 6, ""STAYED_IN_DANGER"": 10, ""SURVIVED_ROUND"": 1, ""USELESS_BOMB"": 25, ""WAITED"": 154}","{""BOMB_DROPPED"": 0.0, ""BOMB_EXPLODED"": 0.0, ""BOMB_NEXT_TO_CRATE"": 0.5499999999999999, ""COIN_COLLECTED"": 2.0, ""COIN_FOUND"": 0.05, ""CRATE_DESTROYED"": 2.1000000000000005, ""ESCAPED_DANGER"": 15.600000000000016, ""INVALID_ACTION"": -0.1, ""MOVED_AWAY_FROM_COIN"": -0.21000000000000002, ""MOVED_DOWN"": 0.0, ""MOVED_INTO_DANGER"": -3.5000000000000004, ""MOVED_LEFT"": 0.0, ""MOVED_RIGHT"": 0.0, ""MOVED_TOWARD_COIN"": 0.54, ""MOVED_TOWARD_SAFETY"": 18.300000000000022, ""MOVED_UP"": 0.0, ""OPPONENT_ELIMINATED"": 0.0, ""SAFE_BOMB_THREATENS_OPPONENT"": 0.6, ""STAYED_IN_DANGER"": -2.5, ""SURVIVED_ROUND"": 0.5, ""USELESS_BOMB"": -2.500000000000001, ""WAITED"": -3.0800000000000023}"
32,1,0,1,400,0.1964866666666667,28.87949999999991,1.0,32.22000000000004,-4.340499999999995,71.33349999999999,-75.674,401,1,"{""BOMB_DROPPED"": 47, ""BOMB_EXPLODED"": 47, ""BOMB_NEXT_TO_CRATE"": 13, ""COIN_COLLECTED"": 1, ""COIN_FOUND"": 4, ""CRATE_DESTROYED"": 26, ""ESCAPED_DANGER"": 48, ""MOVED_AWAY_FROM_COIN"": 14, ""MOVED_DOWN"": 54, ""MOVED_INTO_DANGER"": 1, ""MOVED_LEFT"": 43, ""MOVED_RIGHT"": 43, ""MOVED_TOWARD_COIN"": 25, ""MOVED_TOWARD_SAFETY"": 71, ""MOVED_UP"": 53, ""OPPONENT_ELIMINATED"": 3, ""STAYED_IN_DANGER"": 4, ""SURVIVED_ROUND"": 1, ""USELESS_BOMB"": 34, ""WAITED"": 160}","{""BOMB_DROPPED"": 0.0, ""BOMB_EXPLODED"": 0.0, ""BOMB_NEXT_TO_CRATE"": 0.65, ""COIN_COLLECTED"": 1.0, ""COIN_FOUND"": 0.2, ""CRATE_DESTROYED"": 2.600000000000001, ""ESCAPED_DANGER"": 14.400000000000013, ""MOVED_AWAY_FROM_COIN"": -0.9800000000000004, ""MOVED_DOWN"": 0.0, ""MOVED_INTO_DANGER"": -0.35, ""MOVED_LEFT"": 0.0, ""MOVED_RIGHT"": 0.0, ""MOVED_TOWARD_COIN"": 1.5000000000000009, ""MOVED_TOWARD_SAFETY"": 21.30000000000003, ""MOVED_UP"": 0.0, ""OPPONENT_ELIMINATED"": 0.0, ""STAYED_IN_DANGER"": -1.0, ""SURVIVED_ROUND"": 0.5, ""USELESS_BOMB"": -3.4000000000000017, ""WAITED"": -3.2000000000000024}"
33,0,0,0,400,0.19637333333333334,23.266749999999966,0,29.260000000000037,-5.993250000000009,72.21283333333331,-78.20608333333338,401,1,"{""BOMB_DROPPED"": 43, ""BOMB_EXPLODED"": 42, ""BOMB_NEXT_TO_CRATE"": 8, ""COIN_FOUND"": 1, ""CRATE_DESTROYED"": 15, ""ESCAPED_DANGER"": 46, ""INVALID_ACTION"": 1, ""MOVED_AWAY_FROM_COIN"": 5, ""MOVED_DOWN"": 65, ""MOVED_INTO_DANGER"": 4, ""MOVED_LEFT"": 43, ""MOVED_RIGHT"": 43, ""MOVED_TOWARD_COIN"": 14, ""MOVED_TOWARD_SAFETY"": 69, ""MOVED_UP"": 61, ""OPPONENT_ELIMINATED"": 1, ""SAFE_BOMB_THREATENS_OPPONENT"": 9, ""STAYED_IN_DANGER"": 8, ""SURVIVED_ROUND"": 1, ""USELESS_BOMB"": 27, ""WAITED"": 144}","{""BOMB_DROPPED"": 0.0, ""BOMB_EXPLODED"": 0.0, ""BOMB_NEXT_TO_CRATE"": 0.39999999999999997, ""COIN_FOUND"": 0.05, ""CRATE_DESTROYED"": 1.5000000000000002, ""ESCAPED_DANGER"": 13.800000000000011, ""INVALID_ACTION"": -0.1, ""MOVED_AWAY_FROM_COIN"": -0.35000000000000003, ""MOVED_DOWN"": 0.0, ""MOVED_INTO_DANGER"": -1.4, ""MOVED_LEFT"": 0.0, ""MOVED_RIGHT"": 0.0, ""MOVED_TOWARD_COIN"": 0.8400000000000003, ""MOVED_TOWARD_SAFETY"": 20.700000000000028, ""MOVED_UP"": 0.0, ""OPPONENT_ELIMINATED"": 0.0, ""SAFE_BOMB_THREATENS_OPPONENT"": 0.8999999999999999, ""STAYED_IN_DANGER"": -2.0, ""SURVIVED_ROUND"": 0.5, ""USELESS_BOMB"": -2.700000000000001, ""WAITED"": -2.880000000000002}"
34,0,0,0,400,0.19626000000000002,25.332999999999974,0,32.160000000000046,-6.827000000000009,76.96624999999995,-83.79324999999997,401,1,"{""BOMB_DROPPED"": 45, ""BOMB_EXPLODED"": 45, ""BOMB_NEXT_TO_CRATE"": 8, ""COIN_FOUND"": 1, ""CRATE_DESTROYED"": 15, ""ESCAPED_DANGER"": 51, ""MOVED_AWAY_FROM_COIN"": 2, ""MOVED_DOWN"": 55, ""MOVED_INTO_DANGER"": 6, ""MOVED_LEFT"": 56, ""MOVED_RIGHT"": 55, ""MOVED_TOWARD_COIN"": 12, ""MOVED_TOWARD_SAFETY"": 74, ""MOVED_UP"": 53, ""OPPONENT_ELIMINATED"": 2, ""SAFE_BOMB_THREATENS_OPPONENT"": 10, ""STAYED_IN_DANGER"": 7, ""SURVIVED_ROUND"": 1, ""USELESS_BOMB"": 28, ""WAITED"": 136}","{""BOMB_DROPPED"": 0.0, ""BOMB_EXPLODED"": 0.0, ""BOMB_NEXT_TO_CRATE"": 0.39999999999999997, ""COIN_FOUND"": 0.05, ""CRATE_DESTROYED"": 1.5000000000000002, ""ESCAPED_DANGER"": 15.300000000000015, ""MOVED_AWAY_FROM_COIN"": -0.14, ""MOVED_DOWN"": 0.0, ""MOVED_INTO_DANGER"": -2.1, ""MOVED_LEFT"": 0.0, ""MOVED_RIGHT"": 0.0, ""MOVED_TOWARD_COIN"": 0.7200000000000002, ""MOVED_TOWARD_SAFETY"": 22.20000000000003, ""MOVED_UP"": 0.0, ""OPPONENT_ELIMINATED"": 0.0, ""SAFE_BOMB_THREATENS_OPPONENT"": 0.9999999999999999, ""STAYED_IN_DANGER"": -1.75, ""SURVIVED_ROUND"": 0.5, ""USELESS_BOMB"": -2.800000000000001, ""WAITED"": -2.720000000000002}"
35,1,2,11,400,0.1961466666666667,41.40899999999992,11.0,32.94000000000005,-2.530999999999999,73.96933333333328,-76.50033333333317,401,1,"{""BOMB_DROPPED"": 47, ""BOMB_EXPLODED"": 46, ""BOMB_NEXT_TO_CRATE"": 8, ""COIN_COLLECTED"": 1, ""COIN_FOUND"": 2, ""CRATE_DESTROYED"": 16, ""ESCAPED_DANGER"": 50, ""INVALID_ACTION"": 1, ""KILLED_OPPONENT"": 2, ""MOVED_AWAY_FROM_COIN"": 3, ""MOVED_DOWN"": 47, ""MOVED_INTO_DANGER"": 3, ""MOVED_LEFT"": 50, ""MOVED_RIGHT"": 50, ""MOVED_TOWARD_COIN"": 5, ""MOVED_TOWARD_SAFETY"": 81, ""MOVED_UP"": 60, ""OPPONENT_ELIMINATED"": 3, ""SAFE_BOMB_THREATENS_OPPONENT"": 2, ""STAYED_IN_DANGER"": 6, ""SURVIVED_ROUND"": 1, ""USELESS_BOMB"": 37, ""WAITED"": 145}","{""BOMB_DROPPED"": 0.0, ""BOMB_EXPLODED"": 0.0, ""BOMB_NEXT_TO_CRATE"": 0.39999999999999997, ""COIN_COLLECTED"": 1.0, ""COIN_FOUND"": 0.1, ""CRATE_DESTROYED"": 1.6000000000000003, ""ESCAPED_DANGER"": 15.000000000000014, ""INVALID_ACTION"": -0.1, ""KILLED_OPPONENT"": 10.0, ""MOVED_AWAY_FROM_COIN"": -0.21000000000000002, ""MOVED_DOWN"": 0.0, ""MOVED_INTO_DANGER"": -1.0499999999999998, ""MOVED_LEFT"": 0.0, ""MOVED_RIGHT"": 0.0, ""MOVED_TOWARD_COIN"": 0.3, ""MOVED_TOWARD_SAFETY"": 24.300000000000036, ""MOVED_UP"": 0.0, ""OPPONENT_ELIMINATED"": 0.0, ""SAFE_BOMB_THREATENS_OPPONENT"": 0.2, ""STAYED_IN_DANGER"": -1.5, ""SURVIVED_ROUND"": 0.5, ""USELESS_BOMB"": -3.700000000000002, ""WAITED"": -2.900000000000002}"
36,0,0,0,400,0.19603333333333334,20.688249999999968,0,27.900000000000034,-7.211750000000011,71.68158333333338,-78.89333333333336,401,1,"{""BOMB_DROPPED"": 41, ""BOMB_EXPLODED"": 40, ""BOMB_NEXT_TO_CRATE"": 9, ""CRATE_DESTROYED"": 19, ""ESCAPED_DANGER"": 47, ""INVALID_ACTION"": 1, ""MOVED_AWAY_FROM_COIN"": 6, ""MOVED_DOWN"": 47, ""MOVED_INTO_DANGER"": 7, ""MOVED_LEFT"": 50, ""MOVED_RIGHT"": 50, ""MOVED_TOWARD_COIN"": 21, ""MOVED_TOWARD_SAFETY"": 63, ""MOVED_UP"": 59, ""OPPONENT_ELIMINATED"": 2, ""SAFE_BOMB_THREATENS_OPPONENT"": 10, ""STAYED_IN_DANGER"": 8, ""SURVIVED_ROUND"": 1, ""USELESS_BOMB"": 22, ""WAITED"": 152}","{""BOMB_DROPPED"": 0.0, ""BOMB_EXPLODED"": 0.0, ""BOMB_NEXT_TO_CRATE"": 0.44999999999999996, ""CRATE_DESTROYED"": 1.9000000000000006, ""ESCAPED_DANGER"": 14.100000000000012, ""INVALID_ACTION"": -0.1, ""MOVED_AWAY_FROM_COIN"": -0.42000000000000004, ""MOVED_DOWN"": 0.0, ""MOVED_INTO_DANGER"": -2.45, ""MOVED_LEFT"": 0.0, ""MOVED_RIGHT"": 0.0, ""MOVED_TOWARD_COIN"": 1.2600000000000007, ""MOVED_TOWARD_SAFETY"": 18.900000000000023, ""MOVED_UP"": 0.0, ""OPPONENT_ELIMINATED"": 0.0, ""SAFE_BOMB_THREATENS_OPPONENT"": 0.9999999999999999, ""STAYED_IN_DANGER"": -2.0, ""SURVIVED_ROUND"": 0.5, ""USELESS_BOMB"": -2.2000000000000006, ""WAITED"": -3.0400000000000023}"
37,0,0,0,400,0.19592,22.026749999999975,0,28.080000000000034,-6.0532500000000065,75.53799999999998,-81.59124999999999,401,1,"{""BOMB_DROPPED"": 47, ""BOMB_EXPLODED"": 46, ""BOMB_NEXT_TO_CRATE"": 7, ""CRATE_DESTROYED"": 12, ""ESCAPED_DANGER"": 51, ""INVALID_ACTION"": 1, ""MOVED_AWAY_FROM_COIN"": 1, ""MOVED_DOWN"": 46, ""MOVED_INTO_DANGER"": 5, ""MOVED_LEFT"": 46, ""MOVED_RIGHT"": 44, ""MOVED_TOWARD_COIN"": 5, ""MOVED_TOWARD_SAFETY"": 64, ""MOVED_UP"": 56, ""OPPONENT_ELIMINATED"": 1, ""SAFE_BOMB_THREATENS_OPPONENT"": 13, ""STAYED_IN_DANGER"": 9, ""SURVIVED_ROUND"": 1, ""USELESS_BOMB"": 27, ""WAITED"": 160}","{""BOMB_DROPPED"": 0.0, ""BOMB_EXPLODED"": 0.0, ""BOMB_NEXT_TO_CRATE"": 0.35, ""CRATE_DESTROYED"": 1.2, ""ESCAPED_DANGER"": 15.300000000000015, ""INVALID_ACTION"": -0.1, ""MOVED_AWAY_FROM_COIN"": -0.07, ""MOVED_DOWN"": 0.0, ""MOVED_INTO_DANGER"": -1.75, ""MOVED_LEFT"": 0.0, ""MOVED_RIGHT"": 0.0, ""MOVED_TOWARD_COIN"": 0.3, ""MOVED_TOWARD_SAFETY"": 19.200000000000024, ""MOVED_UP"": 0.0, ""OPPONENT_ELIMINATED"": 0.0, ""SAFE_BOMB_THREATENS_OPPONENT"": 1.3, ""STAYED_IN_DANGER"": -2.25, ""SURVIVED_ROUND"": 0.5, ""USELESS_BOMB"": -2.700000000000001, ""WAITED"": -3.2000000000000024}"
38,1,1,6,400,0.19580666666666668,32.80199999999995,6.0,31.980000000000047,-5.178000000000004,82.38783333333343,-87.56583333333337,401,1,"{""BOMB_DROPPED"": 47, ""BOMB_EXPLODED"": 47, ""BOMB_NEXT_TO_CRATE"": 10, ""COIN_COLLECTED"": 1, ""COIN_FOUND"": 3, ""CRATE_DESTROYED"": 18, ""ESCAPED_DANGER"": 54, ""KILLED_OPPONENT"": 1, ""MOVED_AWAY_FROM_COIN"": 6, ""MOVED_DOWN"": 47, ""MOVED_INTO_DANGER"": 7, ""MOVED_LEFT"": 47, ""MOVED_RIGHT"": 59, ""MOVED_TOWARD_COIN"": 13, ""MOVED_TOWARD_SAFETY"": 75, ""MOVED_UP"": 46, ""OPPONENT_ELIMINATED"": 2, ""SAFE_BOMB_THREATENS_OPPONENT"": 7, ""STAYED_IN_DANGER"": 8, ""SURVIVED_ROUND"": 1, ""USELESS_BOMB"": 32, ""WAITED"": 154}","{""BOMB_DROPPED"": 0.0, ""BOMB_EXPLODED"": 0.0, ""BOMB_NEXT_TO_CRATE"": 0.49999999999999994, ""COIN_COLLECTED"": 1.0, ""COIN_FOUND"": 0.15000000000000002, ""CRATE_DESTROYED"": 1.8000000000000005, ""ESCAPED_DANGER"": 16.200000000000017, ""KILLED_OPPONENT"": 5.0, ""MOVED_AWAY_FROM_COIN"": -0.42000000000000004, ""MOVED_DOWN"": 0.0, ""MOVED_INTO_DANGER"": -2.45, ""MOVED_LEFT"": 0.0, ""MOVED_RIGHT"": 0.0, ""MOVED_TOWARD_COIN"": 0.7800000000000002, ""MOVED_TOWARD_SAFETY"": 22.500000000000032, ""MOVED_UP"": 0.0, ""OPPONENT_ELIMINATED"": 0.0, ""SAFE_BOMB_THREATENS_OPPONENT"": 0.7, ""STAYED_IN_DANGER"": -2.0, ""SURVIVED_ROUND"": 0.5, ""USELESS_BOMB"": -3.2000000000000015, ""WAITED"": -3.0800000000000023}"
39,0,0,0,400,0.19569333333333336,22.668499999999945,0,28.500000000000032,-5.831500000000003,71.10341666666667,-76.93491666666668,401,1,"{""BOMB_DROPPED"": 45, ""BOMB_EXPLODED"": 44, ""BOMB_NEXT_TO_CRATE"": 11, ""CRATE_DESTROYED"": 23, ""ESCAPED_DANGER"": 47, ""MOVED_AWAY_FROM_COIN"": 2, ""MOVED_DOWN"": 45, ""MOVED_INTO_DANGER"": 4, ""MOVED_LEFT"": 53, ""MOVED_RIGHT"": 47, ""MOVED_TOWARD_COIN"": 5, ""MOVED_TOWARD_SAFETY"": 62, ""MOVED_UP"": 57, ""OPPONENT_ELIMINATED"": 2, ""SAFE_BOMB_THREATENS_OPPONENT"": 12, ""STAYED_IN_DANGER"": 9, ""SURVIVED_ROUND"": 1, ""USELESS_BOMB"": 22, ""WAITED"": 153}","{""BOMB_DROPPED"": 0.0, ""BOMB_EXPLODED"": 0.0, ""BOMB_NEXT_TO_CRATE"": 0.5499999999999999, ""CRATE_DESTROYED"": 2.3000000000000007, ""ESCAPED_DANGER"": 14.100000000000012, ""MOVED_AWAY_FROM_COIN"": -0.14, ""MOVED_DOWN"": 0.0, ""MOVED_INTO_DANGER"": -1.4, ""MOVED_LEFT"": 0.0, ""MOVED_RIGHT"": 0.0, ""MOVED_TOWARD_COIN"": 0.3, ""MOVED_TOWARD_SAFETY"": 18.600000000000023, ""MOVED_UP"": 0.0, ""OPPONENT_ELIMINATED"": 0.0, ""SAFE_BOMB_THREATENS_OPPONENT"": 1.2, ""STAYED_IN_DANGER"": -2.25, ""SURVIVED_ROUND"": 0.5, ""USELESS_BOMB"": -2.2000000000000006, ""WAITED"": -3.0600000000000023}"
40,1,0,1,128,0.19558,-2.507500000000003,1.0,-1.5900000000000016,-1.9175000000000013,14.520249999999994,-16.43775,128,1,"{""BOMB_DROPPED"": 7, ""BOMB_EXPLODED"": 7, ""BOMB_NEXT_TO_CRATE"": 3, ""COIN_COLLECTED"": 1, ""COIN_FOUND"": 1, ""CRATE_DESTROYED"": 8, ""ESCAPED_DANGER"": 7, ""GOT_KILLED"": 1, ""MOVED_AWAY_FROM_COIN"": 1, ""MOVED_DOWN"": 9, ""MOVED_INTO_DANGER"": 1, ""MOVED_LEFT"": 16, ""MOVED_RIGHT"": 11, ""MOVED_TOWARD_COIN"": 5, ""MOVED_TOWARD_SAFETY"": 12, ""MOVED_UP"": 9, ""OPPONENT_ELIMINATED"": 1, ""STAYED_IN_DANGER"": 5, ""USELESS_BOMB"": 4, ""WAITED"": 76}","{""BOMB_DROPPED"": 0.0, ""BOMB_EXPLODED"": 0.0, ""BOMB_NEXT_TO_CRATE"": 0.15000000000000002, ""COIN_COLLECTED"": 1.0, ""COIN_FOUND"": 0.05, ""CRATE_DESTROYED"": 0.7999999999999999, ""ESCAPED_DANGER"": 2.1, ""GOT_KILLED"": -5.0, ""MOVED_AWAY_FROM_COIN"": -0.07, ""MOVED_DOWN"": 0.0, ""MOVED_INTO_DANGER"": -0.35, ""MOVED_LEFT"": 0.0, ""MOVED_RIGHT"": 0.0, ""MOVED_TOWARD_COIN"": 0.3, ""MOVED_TOWARD_SAFETY"": 3.599999999999999, ""MOVED_UP"": 0.0, ""OPPONENT_ELIMINATED"": 0.0, ""STAYED_IN_DANGER"": -1.25, ""USELESS_BOMB"": -0.4, ""WAITED"": -1.520000000000001}"
41,0,0,0,400,0.19546666666666668,24.14349999999997,0,27.490000000000038,-3.3464999999999945,75.84974999999996,-79.19624999999989,401,1,"{""BOMB_DROPPED"": 42, ""BOMB_EXPLODED"": 41, ""BOMB_NEXT_TO_CRATE"": 10, ""COIN_FOUND"": 1, ""CRATE_DESTROYED"": 18, ""ESCAPED_DANGER"": 52, ""INVALID_ACTION"": 1, ""MOVED_DOWN"": 54, ""MOVED_INTO_DANGER"": 10, ""MOVED_LEFT"": 45, ""MOVED_RIGHT"": 58, ""MOVED_TOWARD_COIN"": 11, ""MOVED_TOWARD_SAFETY"": 64, ""MOVED_UP"": 54, ""OPPONENT_ELIMINATED"": 3, ""SAFE_BOMB_THREATENS_OPPONENT"": 2, ""STAYED_IN_DANGER"": 6, ""SURVIVED_ROUND"": 1, ""USELESS_BOMB"": 30, ""WAITED"": 146}","{""BOMB_DROPPED"": 0.0, ""BOMB_EXPLODED"": 0.0, ""BOMB_NEXT_TO_CRATE"": 0.49999999999999994, ""COIN_FOUND"": 0.05, ""CRATE_DESTROYED"": 1.8000000000000005, ""ESCAPED_DANGER"": 15.600000000000016, ""INVALID_ACTION"": -0.1, ""MOVED_DOWN"": 0.0, ""MOVED_INTO_DANGER"": -3.5000000000000004, ""MOVED_LEFT"": 0.0, ""MOVED_RIGHT"": 0.0, ""MOVED_TOWARD_COIN"": 0.6600000000000001, ""MOVED_TOWARD_SAFETY"": 19.200000000000024, ""MOVED_UP"": 0.0, ""OPPONENT_ELIMINATED"": 0.0, ""SAFE_BOMB_THREATENS_OPPONENT"": 0.2, ""STAYED_IN_DANGER"": -1.5, ""SURVIVED_ROUND"": 0.5, ""USELESS_BOMB"": -3.0000000000000013, ""WAITED"": -2.920000000000002}"
42,0,1,5,400,0.19535333333333335,27.41974999999995,5.0,29.140000000000036,-6.72025000000002,76.63566666666671,-83.35591666666667,401,1,"{""BOMB_DROPPED"": 45, ""BOMB_EXPLODED"": 44, ""BOMB_NEXT_TO_CRATE"": 12, ""CRATE_DESTROYED"": 23, ""ESCAPED_DANGER"": 50, ""INVALID_ACTION"": 1, ""KILLED_OPPONENT"": 1, ""MOVED_AWAY_FROM_COIN"": 3, ""MOVED_DOWN"": 58, ""MOVED_INTO_DANGER"": 6, ""MOVED_LEFT"": 44, ""MOVED_RIGHT"": 44, ""MOVED_TOWARD_COIN"": 15, ""MOVED_TOWARD_SAFETY"": 63, ""MOVED_UP"": 58, ""OPPONENT_ELIMINATED"": 2, ""SAFE_BOMB_THREATENS_OPPONENT"": 12, ""STAYED_IN_DANGER"": 11, ""SURVIVED_ROUND"": 1, ""USELESS_BOMB"": 21, ""WAITED"": 150}","{""BOMB_DROPPED"": 0.0, ""BOMB_EXPLODED"": 0.0, ""BOMB_NEXT_TO_CRATE"": 0.6, ""CRATE_DESTROYED"": 2.3000000000000007, ""ESCAPED_DANGER"": 15.000000000000014, ""INVALID_ACTION"": -0.1, ""KILLED_OPPONENT"": 5.0, ""MOVED_AWAY_FROM_COIN"": -0.21000000000000002, ""MOVED_DOWN"": 0.0, ""MOVED_INTO_DANGER"": -2.1, ""MOVED_LEFT"": 0.0, ""MOVED_RIGHT"": 0.0, ""MOVED_TOWARD_COIN"": 0.9000000000000004, ""MOVED_TOWARD_SAFETY"": 18.900000000000023, ""MOVED_UP"": 0.0, ""OPPONENT_ELIMINATED"": 0.0, ""SAFE_BOMB_THREATENS_OPPONENT"": 1.2, ""STAYED_IN_DANGER"": -2.75, ""SURVIVED_ROUND"": 0.5, ""USELESS_BOMB"": -2.1000000000000005, ""WAITED"": -3.000000000000002}"
43,0,0,0,400,0.19524,29.54949999999996,0,34.80000000000005,-5.250500000000005,75.922,-81.17250000000007,401,1,"{""BOMB_DROPPED"": 48, ""BOMB_EXPLODED"": 48, ""BOMB_NEXT_TO_CRATE"": 15, ""CRATE_DESTROYED"": 39, ""ESCAPED_DANGER"": 52, ""MOVED_DOWN"": 49, ""MOVED_INTO_DANGER"": 4, ""MOVED_LEFT"": 39, ""MOVED_RIGHT"": 53, ""MOVED_TOWARD_COIN"": 5, ""MOVED_TOWARD_SAFETY"": 75, ""MOVED_UP"": 61, ""OPPONENT_ELIMINATED"": 1, ""SAFE_BOMB_THREATENS_OPPONENT"": 6, ""STAYED_IN_DANGER"": 9, ""SURVIVED_ROUND"": 1, ""USELESS_BOMB"": 27, ""WAITED"": 150}","{""BOMB_DROPPED"": 0.0, ""BOMB_EXPLODED"": 0.0, ""BOMB_NEXT_TO_CRATE"": 0.7500000000000001, ""CRATE_DESTROYED"": 3.900000000000002, ""ESCAPED_DANGER"": 15.600000000000016, ""MOVED_DOWN"": 0.0, ""MOVED_INTO_DANGER"": -1.4, ""MOVED_LEFT"": 0.0, ""MOVED_RIGHT"": 0.0, ""MOVED_TOWARD_COIN"": 0.3, ""MOVED_TOWARD_SAFETY"": 22.500000000000032, ""MOVED_UP"": 0.0, ""OPPONENT_ELIMINATED"": 0.0, ""SAFE_BOMB_THREATENS_OPPONENT"": 0.6, ""STAYED_IN_DANGER"": -2.25, ""SURVIVED_ROUND"": 0.5, ""USELESS_BOMB"": -2.700000000000001, ""WAITED"": -3.000000000000002}"
44,0,1,5,400,0.1951266666666667,24.86249999999997,5.0,27.580000000000034,-7.717500000000012,74.72416666666666,-82.44166666666666,401,1,"{""BOMB_DROPPED"": 42, ""BOMB_EXPLODED"": 42, ""BOMB_NEXT_TO_CRATE"": 7, ""COIN_FOUND"": 1, ""CRATE_DESTROYED"": 16, ""ESCAPED_DANGER"": 51, ""KILLED_OPPONENT"": 1, ""MOVED_AWAY_FROM_COIN"": 4, ""MOVED_DOWN"": 38, ""MOVED_INTO_DANGER"": 9, ""MOVED_LEFT"": 63, ""MOVED_RIGHT"": 62, ""MOVED_TOWARD_COIN"": 2, ""MOVED_TOWARD_SAFETY"": 63, ""MOVED_UP"": 52, ""OPPONENT_ELIMINATED"": 2, ""SAFE_BOMB_THREATENS_OPPONENT"": 9, ""STAYED_IN_DANGER"": 5, ""SURVIVED_ROUND"": 1, ""USELESS_BOMB"": 26, ""WAITED"": 143}","{""BOMB_DROPPED"": 0.0, ""BOMB_EXPLODED"": 0.0, ""BOMB_NEXT_TO_CRATE"": 0.35, ""COIN_FOUND"": 0.05, ""CRATE_DESTROYED"": 1.6000000000000003, ""ESCAPED_DANGER"": 15.300000000000015, ""KILLED_OPPONENT"": 5.0, ""MOVED_AWAY_FROM_COIN"": -0.28, ""MOVED_DOWN"": 0.0, ""MOVED_INTO_DANGER"": -3.1500000000000004, ""MOVED_LEFT"": 0.0, ""MOVED_RIGHT"": 0.0, ""MOVED_TOWARD_COIN"": 0.12, ""MOVED_TOWARD_SAFETY"": 18.900000000000023, ""MOVED_UP"": 0.0, ""OPPONENT_ELIMINATED"": 0.0, ""SAFE_BOMB_THREATENS_OPPONENT"": 0.8999999999999999, ""STAYED_IN_DANGER"": -1.25, ""SURVIVED_ROUND"": 0.5, ""USELESS_BOMB"": -2.600000000000001, ""WAITED"": -2.860000000000002}"
45,0,0,0,400,0.19501333333333334,21.369499999999988,0,27.61000000000003,-6.240500000000011,73.29775,-79.53825000000002,401,1,"{""BOMB_DROPPED"": 45, ""BOMB_EXPLODED"": 44, ""BOMB_NEXT_TO_CRATE"": 14, ""COIN_FOUND"": 3, ""CRATE_DESTROYED"": 29, ""ESCAPED_DANGER"": 48, ""INVALID_ACTION"": 1, ""MOVED_AWAY_FROM_COIN"": 4, ""MOVED_DOWN"": 39, ""MOVED_INTO_DANGER"": 4, ""MOVED_LEFT"": 48, ""MOVED_RIGHT"": 62, ""MOVED_TOWARD_COIN"": 5, ""MOVED_TOWARD_SAFETY"": 61, ""MOVED_UP"": 52, ""OPPONENT_ELIMINATED"": 1, ""SAFE_BOMB_THREATENS_OPPONENT"": 5, ""STAYED_IN_DANGER"": 10, ""SURVIVED_ROUND"": 1, ""USELESS_BOMB"": 28, ""WAITED"": 153}","{""BOMB_DROPPED"": 0.0, ""BOMB_EXPLODED"": 0.0, ""BOMB_NEXT_TO_CRATE"": 0.7000000000000001, ""COIN_FOUND"": 0.15000000000000002, ""CRATE_DESTROYED"": 2.9000000000000012, ""ESCAPED_DANGER"": 14.400000000000013, ""INVALID_ACTION"": -0.1, ""MOVED_AWAY_FROM_COIN"": -0.28, ""MOVED_DOWN"": 0.0, ""MOVED_INTO_DANGER"": -1.4, ""MOVED_LEFT"": 0.0, ""MOVED_RIGHT"": 0.0, ""MOVED_TOWARD_COIN"": 0.3, ""MOVED_TOWARD_SAFETY"": 18.300000000000022, ""MOVED_UP"": 0.0, ""OPPONENT_ELIMINATED"": 0.0, ""SAFE_BOMB_THREATENS_OPPONENT"": 0.5, ""STAYED_IN_DANGER"": -2.5, ""SURVIVED_ROUND"": 0.5, ""USELESS_BOMB"": -2.800000000000001, ""WAITED"": -3.0600000000000023}"
46,1,0,1,400,0.19490000000000002,24.462249999999948,1.0,30.720000000000038,-7.257750000000015,73.64533333333334,-80.90308333333333,401,1,"{""BOMB_DROPPED"": 44, ""BOMB_EXPLODED"": 44, ""BOMB_NEXT_TO_CRATE"": 7, ""COIN_COLLECTED"": 1, ""COIN_FOUND"": 2, ""CRATE_DESTROYED"": 14, ""ESCAPED_DANGER"": 49, ""MOVED_AWAY_FROM_COIN"": 6, ""MOVED_DOWN"": 42, ""MOVED_INTO_DANGER"": 5, ""MOVED_LEFT"": 54, ""MOVED_RIGHT"": 68, ""MOVED_TOWARD_COIN"": 31, ""MOVED_TOWARD_SAFETY"": 69, ""MOVED_UP"": 41, ""OPPONENT_ELIMINATED"": 2, ""SAFE_BOMB_THREATENS_OPPONENT"": 8, ""STAYED_IN_DANGER"": 6, ""SURVIVED_ROUND"": 1, ""USELESS_BOMB"": 30, ""WAITED"": 151}","{""BOMB_DROPPED"": 0.0, ""BOMB_EXPLODED"": 0.0, ""BOMB_NEXT_TO_CRATE"": 0.35, ""COIN_COLLECTED"": 1.0, ""COIN_FOUND"": 0.1, ""CRATE_DESTROYED"": 1.4000000000000001, ""ESCAPED_DANGER"": 14.700000000000014, ""MOVED_AWAY_FROM_COIN"": -0.42000000000000004, ""MOVED_DOWN"": 0.0, ""MOVED_INTO_DANGER"": -1.75, ""MOVED_LEFT"": 0.0, ""MOVED_RIGHT"": 0.0, ""MOVED_TOWARD_COIN"": 1.8600000000000012, ""MOVED_TOWARD_SAFETY"": 20.700000000000028, ""MOVED_UP"": 0.0, ""OPPONENT_ELIMINATED"": 0.0, ""SAFE_BOMB_THREATENS_OPPONENT"": 0.7999999999999999, ""STAYED_IN_DANGER"": -1.5, ""SURVIVED_ROUND"": 0.5, ""USELESS_BOMB"": -3.0000000000000013, ""WAITED"": -3.0200000000000022}"
47,2,1,7,400,0.1947866666666667,27.088249999999952,7.0,26.88000000000003,-6.7917500000000075,72.90933333333341,-79.70108333333332,401,1,"{""BOMB_DROPPED"": 42, ""BOMB_EXPLODED"": 41, ""BOMB_NEXT_TO_CRATE"": 10, ""COIN_COLLECTED"": 2, ""COIN_FOUND"": 2, ""CRATE_DESTROYED"": 23, ""ESCAPED_DANGER"": 49, ""KILLED_OPPONENT"": 1, ""MOVED_AWAY_FROM_COIN"": 8, ""MOVED_DOWN"": 46, ""MOVED_INTO_DANGER"": 7, ""MOVED_LEFT"": 56, ""MOVED_RIGHT"": 55, ""MOVED_TOWARD_COIN"": 16, ""MOVED_TOWARD_SAFETY"": 62, ""MOVED_UP"": 60, ""OPPONENT_ELIMINATED"": 2, ""SAFE_BOMB_THREATENS_OPPONENT"": 5, ""STAYED_IN_DANGER"": 11, ""SURVIVED_ROUND"": 1, ""USELESS_BOMB"": 27, ""WAITED"": 141}","{""BOMB_DROPPED"": 0.0, ""BOMB_EXPLODED"": 0.0, ""BOMB_NEXT_TO_CRATE"": 0.49999999999999994, ""COIN_COLLECTED"": 2.0, ""COIN_FOUND"": 0.1, ""CRATE_DESTROYED"": 2.3000000000000007, ""ESCAPED_DANGER"": 14.700000000000014, ""KILLED_OPPONENT"": 5.0, ""MOVED_AWAY_FROM_COIN"": -0.56, ""MOVED_DOWN"": 0.0, ""MOVED_INTO_DANGER"": -2.45, ""MOVED_LEFT"": 0.0, ""MOVED_RIGHT"": 0.0, ""MOVED_TOWARD_COIN"": 0.9600000000000004, ""MOVED_TOWARD_SAFETY"": 18.600000000000023, ""MOVED_UP"": 0.0, ""OPPONENT_ELIMINATED"": 0.0, ""SAFE_BOMB_THREATENS_OPPONENT"": 0.5, ""STAYED_IN_DANGER"": -2.75, ""SURVIVED_ROUND"": 0.5, ""USELESS_BOMB"": -2.700000000000001, ""WAITED"": -2.820000000000002}"
48,1,0,1,400,0.19467333333333334,15.592999999999996,1.0,22.360000000000028,-7.767000000000007,69.05900000000004,-76.82600000000002,401,1,"{""BOMB_DROPPED"": 34, ""BOMB_EXPLODED"": 33, ""BOMB_NEXT_TO_CRATE"": 7, ""COIN_COLLECTED"": 1, ""COIN_FOUND"": 2, ""CRATE_DESTROYED"": 16, ""ESCAPED_DANGER"": 46, ""MOVED_AWAY_FROM_COIN"": 9, ""MOVED_DOWN"": 52, ""MOVED_INTO_DANGER"": 13, ""MOVED_LEFT"": 68, ""MOVED_RIGHT"": 65, ""MOVED_TOWARD_COIN"": 16, ""MOVED_TOWARD_SAFETY"": 55, ""MOVED_UP"": 50, ""OPPONENT_ELIMINATED"": 2, ""SAFE_BOMB_THREATENS_OPPONENT"": 4, ""STAYED_IN_DANGER"": 7, ""SURVIVED_ROUND"": 1, ""USELESS_BOMB"": 23, ""WAITED"": 131}","{""BOMB_DROPPED"": 0.0, ""BOMB_EXPLODED"": 0.0, ""BOMB_NEXT_TO_CRATE"": 0.35, ""COIN_COLLECTED"": 1.0, ""COIN_FOUND"": 0.1, ""CRATE_DESTROYED"": 1.6000000000000003, ""ESCAPED_DANGER"": 13.800000000000011, ""MOVED_AWAY_FROM_COIN"": -0.6300000000000001, ""MOVED_DOWN"": 0.0, ""MOVED_INTO_DANGER"": -4.55, ""MOVED_LEFT"": 0.0, ""MOVED_RIGHT"": 0.0, ""MOVED_TOWARD_COIN"": 0.9600000000000004, ""MOVED_TOWARD_SAFETY"": 16.500000000000018, ""MOVED_UP"": 0.0, ""OPPONENT_ELIMINATED"": 0.0, ""SAFE_BOMB_THREATENS_OPPONENT"": 0.4, ""STAYED_IN_DANGER"": -1.75, ""SURVIVED_ROUND"": 0.5, ""USELESS_BOMB"": -2.3000000000000007, ""WAITED"": -2.620000000000002}"
49,0,0,0,400,0.19456,32.655500000000025,0,34.18000000000004,-1.5245000000000024,73.98133333333334,-75.50583333333347,401,1,"{""BOMB_DROPPED"": 48, ""BOMB_EXPLODED"": 48, ""BOMB_NEXT_TO_CRATE"": 11, ""CRATE_DESTROYED"": 19, ""ESCAPED_DANGER"": 49, ""MOVED_AWAY_FROM_COIN"": 4, ""MOVED_DOWN"": 46, ""MOVED_INTO_DANGER"": 1, ""MOVED_LEFT"": 47, ""MOVED_RIGHT"": 46, ""MOVED_TOWARD_COIN"": 6, ""MOVED_TOWARD_SAFETY"": 80, ""MOVED_UP"": 58, ""OPPONENT_ELIMINATED"": 1, ""SAFE_BOMB_THREATENS_OPPONENT"": 3, ""STAYED_IN_DANGER"": 4, ""SURVIVED_ROUND"": 1, ""USELESS_BOMB"": 34, ""WAITED"": 155}","{""BOMB_DROPPED"": 0.0, ""BOMB_EXPLODED"": 0.0, ""BOMB_NEXT_TO_CRATE"": 0.5499999999999999, ""CRATE_DESTROYED"": 1.9000000000000006, ""ESCAPED_DANGER"": 14.700000000000014, ""MOVED_AWAY_FROM_COIN"": -0.28, ""MOVED_DOWN"": 0.0, ""MOVED_INTO_DANGER"": -0.35, ""MOVED_LEFT"": 0.0, ""MOVED_RIGHT"": 0.0, ""MOVED_TOWARD_COIN"": 0.36, ""MOVED_TOWARD_SAFETY"": 24.000000000000036, ""MOVED_UP"": 0.0, ""OPPONENT_ELIMINATED"": 0.0, ""SAFE_BOMB_THREATENS_OPPONENT"": 0.30000000000000004, ""STAYED_IN_DANGER"": -1.0, ""SURVIVED_ROUND"": 0.5, ""USELESS_BOMB"": -3.4000000000000017, ""WAITED"": -3.1000000000000023}"
50,1,0,1,400,0.19444666666666668,24.689249999999998,1.0,29.860000000000042,-6.170750000000012,81.19416666666669,-87.36491666666664,401,1,"{""BOMB_DROPPED"": 47, ""BOMB_EXPLODED"": 47, ""BOMB_NEXT_TO_CRATE"": 11, ""COIN_COLLECTED"": 1, ""COIN_FOUND"": 1, ""CRATE_DESTROYED"": 18, ""ESCAPED_DANGER"": 55, ""MOVED_AWAY_FROM_COIN"": 3, ""MOVED_DOWN"": 46, ""MOVED_INTO_DANGER"": 8, ""MOVED_LEFT"": 38, ""MOVED_RIGHT"": 48, ""MOVED_TOWARD_COIN"": 6, ""MOVED_TOWARD_SAFETY"": 67, ""MOVED_UP"": 59, ""OPPONENT_ELIMINATED"": 2, ""SAFE_BOMB_THREATENS_OPPONENT"": 11, ""STAYED_IN_DANGER"": 9, ""SURVIVED_ROUND"": 1, ""USELESS_BOMB"": 26, ""WAITED"": 162}","{""BOMB_DROPPED"": 0.0, ""BOMB_EXPLODED"": 0.0, ""BOMB_NEXT_TO_CRATE"": 0.5499999999999999, ""COIN_COLLECTED"": 1.0, ""COIN_FOUND"": 0.05, ""CRATE_DESTROYED"": 1.8000000000000005, ""ESCAPED_DANGER"": 16.500000000000018, ""MOVED_AWAY_FROM_COIN"": -0.21000000000000002, ""MOVED_DOWN"": 0.0, ""MOVED_INTO_DANGER"": -2.8000000000000003, ""MOVED_LEFT"": 0.0, ""MOVED_RIGHT"": 0.0, ""MOVED_TOWARD_COIN"": 0.36, ""MOVED_TOWARD_SAFETY"": 20.100000000000026, ""MOVED_UP"": 0.0, ""OPPONENT_ELIMINATED"": 0.0, ""SAFE_BOMB_THREATENS_OPPONENT"": 1.0999999999999999, ""STAYED_IN_DANGER"": -2.25, ""SURVIVED_ROUND"": 0.5, ""USELESS_BOMB"": -2.600000000000001, ""WAITED"": -3.2400000000000024}"
51,1,0,1,400,0.19433333333333336,27.911750000000012,1.0,30.29000000000004,-3.3782500000000018,79.6771666666667,-83.05541666666656,401,1,"{""BOMB_DROPPED"": 48, ""BOMB_EXPLODED"": 47, ""BOMB_NEXT_TO_CRATE"": 14, ""COIN_COLLECTED"": 1, ""COIN_FOUND"": 4, ""CRATE_DESTROYED"": 32, ""ESCAPED_DANGER"": 51, ""MOVED_AWAY_FROM_COIN"": 8, ""MOVED_DOWN"": 47, ""MOVED_INTO_DANGER"": 3, ""MOVED_LEFT"": 37, ""MOVED_RIGHT"": 50, ""MOVED_TOWARD_COIN"": 19, ""MOVED_TOWARD_SAFETY"": 66, ""MOVED_UP"": 61, ""OPPONENT_ELIMINATED"": 1, ""SAFE_BOMB_THREATENS_OPPONENT"": 4, ""STAYED_IN_DANGER"": 12, ""SURVIVED_ROUND"": 1, ""USELESS_BOMB"": 32, ""WAITED"": 157}","{""BOMB_DROPPED"": 0.0, ""BOMB_EXPLODED"": 0.0, ""BOMB_NEXT_TO_CRATE"": 0.7000000000000001, ""COIN_COLLECTED"": 1.0, ""COIN_FOUND"": 0.2, ""CRATE_DESTROYED"": 3.2000000000000015, ""ESCAPED_DANGER"": 15.300000000000015, ""MOVED_AWAY_FROM_COIN"": -0.56, ""MOVED_DOWN"": 0.0, ""MOVED_INTO_DANGER"": -1.0499999999999998, ""MOVED_LEFT"": 0.0, ""MOVED_RIGHT"": 0.0, ""MOVED_TOWARD_COIN"": 1.1400000000000006, ""MOVED_TOWARD_SAFETY"": 19.800000000000026, ""MOVED_UP"": 0.0, ""OPPONENT_ELIMINATED"": 0.0, ""SAFE_BOMB_THREATENS_OPPONENT"": 0.4, ""STAYED_IN_DANGER"": -3.0, ""SURVIVED_ROUND"": 0.5, ""USELESS_BOMB"": -3.2000000000000015, ""WAITED"": -3.1400000000000023}"
52,2,1,7,400,0.19422,29.296249999999944,7.0,29.430000000000035,-7.133750000000008,74.93783333333323,-82.07158333333342,401,1,"{""BOMB_DROPPED"": 46, ""BOMB_EXPLODED"": 45, ""BOMB_NEXT_TO_CRATE"": 11, ""COIN_COLLECTED"": 2, ""COIN_FOUND"": 4, ""CRATE_DESTROYED"": 20, ""ESCAPED_DANGER"": 49, ""INVALID_ACTION"": 1, ""KILLED_OPPONENT"": 1, ""MOVED_AWAY_FROM_COIN"": 5, ""MOVED_DOWN"": 59, ""MOVED_INTO_DANGER"": 4, ""MOVED_LEFT"": 41, ""MOVED_RIGHT"": 41, ""MOVED_TOWARD_COIN"": 19, ""MOVED_TOWARD_SAFETY"": 64, ""MOVED_UP"": 59, ""OPPONENT_ELIMINATED"": 2, ""SAFE_BOMB_THREATENS_OPPONENT"": 10, ""STAYED_IN_DANGER"": 9, ""SURVIVED_ROUND"": 1, ""USELESS_BOMB"": 27, ""WAITED"": 153}","{""BOMB_DROPPED"": 0.0, ""BOMB_EXPLODED"": 0.0, ""BOMB_NEXT_TO_CRATE"": 0.5499999999999999, ""COIN_COLLECTED"": 2.0, ""COIN_FOUND"": 0.2, ""CRATE_DESTROYED"": 2.0000000000000004, ""ESCAPED_DANGER"": 14.700000000000014, ""INVALID_ACTION"": -0.1, ""KILLED_OPPONENT"": 5.0, ""MOVED_AWAY_FROM_COIN"": -0.35000000000000003, ""MOVED_DOWN"": 0.0, ""MOVED_INTO_DANGER"": -1.4, ""MOVED_LEFT"": 0.0, ""MOVED_RIGHT"": 0.0, ""MOVED_TOWARD_COIN"": 1.1400000000000006, ""MOVED_TOWARD_SAFETY"": 19.200000000000024, ""MOVED_UP"": 0.0, ""OPPONENT_ELIMINATED"": 0.0, ""SAFE_BOMB_THREATENS_OPPONENT"": 0.9999999999999999, ""STAYED_IN_DANGER"": -2.25, ""SURVIVED_ROUND"": 0.5, ""USELESS_BOMB"": -2.700000000000001, ""WAITED"": -3.0600000000000023}"
53,1,1,6,400,0.19410666666666668,26.90024999999996,6.0,27.59000000000004,-6.689750000000007,79.20008333333337,-85.88983333333341,401,1,"{""BOMB_DROPPED"": 46, ""BOMB_EXPLODED"": 46, ""BOMB_NEXT_TO_CRATE"": 6, ""COIN_COLLECTED"": 1, ""COIN_FOUND"": 1, ""CRATE_DESTROYED"": 12, ""ESCAPED_DANGER"": 53, ""INVALID_ACTION"": 1, ""KILLED_OPPONENT"": 1, ""MOVED_AWAY_FROM_COIN"": 7, ""MOVED_DOWN"": 60, ""MOVED_INTO_DANGER"": 7, ""MOVED_LEFT"": 48, ""MOVED_RIGHT"": 47, ""MOVED_TOWARD_COIN"": 16, ""MOVED_TOWARD_SAFETY"": 69, ""MOVED_UP"": 54, ""OPPONENT_ELIMINATED"": 2, ""SAFE_BOMB_THREATENS_OPPONENT"": 7, ""STAYED_IN_DANGER"": 14, ""SURVIVED_ROUND"": 1, ""USELESS_BOMB"": 33, ""WAITED"": 144}","{""BOMB_DROPPED"": 0.0, ""BOMB_EXPLODED"": 0.0, ""BOMB_NEXT_TO_CRATE"": 0.3, ""COIN_COLLECTED"": 1.0, ""COIN_FOUND"": 0.05, ""CRATE_DESTROYED"": 1.2, ""ESCAPED_DANGER"": 15.900000000000016, ""INVALID_ACTION"": -0.1, ""KILLED_OPPONENT"": 5.0, ""MOVED_AWAY_FROM_COIN"": -0.49000000000000005, ""MOVED_DOWN"": 0.0, ""MOVED_INTO_DANGER"": -2.45, ""MOVED_LEFT"": 0.0, ""MOVED_RIGHT"": 0.0, ""MOVED_TOWARD_COIN"": 0.9600000000000004, ""MOVED_TOWARD_SAFETY"": 20.700000000000028, ""MOVED_UP"": 0.0, ""OPPONENT_ELIMINATED"": 0.0, ""SAFE_BOMB_THREATENS_OPPONENT"": 0.7, ""STAYED_IN_DANGER"": -3.5, ""SURVIVED_ROUND"": 0.5, ""USELESS_BOMB"": -3.3000000000000016, ""WAITED"": -2.880000000000002}"
54,2,0,2,400,0.19399333333333335,27.719749999999973,2.0,32.07000000000004,-6.350250000000009,74.40566666666673,-80.75591666666666,401,1,"{""BOMB_DROPPED"": 45, ""BOMB_EXPLODED"": 44, ""BOMB_NEXT_TO_CRATE"": 13, ""COIN_COLLECTED"": 2, ""COIN_FOUND"": 1, ""CRATE_DESTROYED"": 23, ""ESCAPED_DANGER"": 49, ""MOVED_AWAY_FROM_COIN"": 4, ""MOVED_DOWN"": 54, ""MOVED_INTO_DANGER"": 7, ""MOVED_LEFT"": 43, ""MOVED_RIGHT"": 51, ""MOVED_TOWARD_COIN"": 18, ""MOVED_TOWARD_SAFETY"": 74, ""MOVED_UP"": 68, ""OPPONENT_ELIMINATED"": 1, ""SAFE_BOMB_THREATENS_OPPONENT"": 9, ""STAYED_IN_DANGER"": 10, ""SURVIVED_ROUND"": 1, ""USELESS_BOMB"": 23, ""WAITED"": 139}","{""BOMB_DROPPED"": 0.0, ""BOMB_EXPLODED"": 0.0, ""BOMB_NEXT_TO_CRATE"": 0.65, ""COIN_COLLECTED"": 2.0, ""COIN_FOUND"": 0.05, ""CRATE_DESTROYED"": 2.3000000000000007, ""ESCAPED_DANGER"": 14.700000000000014, ""MOVED_AWAY_FROM_COIN"": -0.28, ""MOVED_DOWN"": 0.0, ""MOVED_INTO_DANGER"": -2.45, ""MOVED_LEFT"": 0.0, ""MOVED_RIGHT"": 0.0, ""MOVED_TOWARD_COIN"": 1.0800000000000005, ""MOVED_TOWARD_SAFETY"": 22.20000000000003, ""MOVED_UP"": 0.0, ""OPPONENT_ELIMINATED"": 0.0, ""SAFE_BOMB_THREATENS_OPPONENT"": 0.8999999999999999, ""STAYED_IN_DANGER"": -2.5, ""SURVIVED_ROUND"": 0.5, ""USELESS_BOMB"": -2.3000000000000007, ""WAITED"": -2.780000000000002}"
55,2,0,2,400,0.19388,33.34775,2.0,33.55000000000005,-2.202250000000005,81.47191666666659,-83.6741666666666,401,1,"{""BOMB_DROPPED"": 52, ""BOMB_EXPLODED"": 51, ""BOMB_NEXT_TO_CRATE"": 9, ""COIN_COLLECTED"": 2, ""COIN_FOUND"": 1, ""CRATE_DESTROYED"": 21, ""ESCAPED_DANGER"": 53, ""INVALID_ACTION"": 1, ""MOVED_AWAY_FROM_COIN"": 2, ""MOVED_DOWN"": 43, ""MOVED_INTO_DANGER"": 2, ""MOVED_LEFT"": 36, ""MOVED_RIGHT"": 47, ""MOVED_TOWARD_COIN"": 12, ""MOVED_TOWARD_SAFETY"": 80, ""MOVED_UP"": 57, ""OPPONENT_ELIMINATED"": 1, ""SAFE_BOMB_THREATENS_OPPONENT"": 3, ""STAYED_IN_DANGER"": 9, ""SURVIVED_ROUND"": 1, ""USELESS_BOMB"": 40, ""WAITED"": 164}","{""BOMB_DROPPED"": 0.0, ""BOMB_EXPLODED"": 0.0, ""BOMB_NEXT_TO_CRATE"": 0.44999999999999996, ""COIN_COLLECTED"": 2.0, ""COIN_FOUND"": 0.05, ""CRATE_DESTROYED"": 2.1000000000000005, ""ESCAPED_DANGER"": 15.900000000000016, ""INVALID_ACTION"": -0.1, ""MOVED_AWAY_FROM_COIN"": -0.14, ""MOVED_DOWN"": 0.0, ""MOVED_INTO_DANGER"": -0.7, ""MOVED_LEFT"": 0.0, ""MOVED_RIGHT"": 0.0, ""MOVED_TOWARD_COIN"": 0.7200000000000002, ""MOVED_TOWARD_SAFETY"": 24.000000000000036, ""MOVED_UP"": 0.0, ""OPPONENT_ELIMINATED"": 0.0, ""SAFE_BOMB_THREATENS_OPPONENT"": 0.30000000000000004, ""STAYED_IN_DANGER"": -2.25, ""SURVIVED_ROUND"": 0.5, ""USELESS_BOMB"": -4.000000000000002, ""WAITED"": -3.2800000000000025}"
56,1,0,1,299,0.1937666666666667,10.79849999999998,1.0,16.010000000000016,-6.211500000000005,52.03608333333336,-58.24758333333333,299,1,"{""BOMB_DROPPED"": 28, ""BOMB_EXPLODED"": 28, ""BOMB_NEXT_TO_CRATE"": 9, ""COIN_COLLECTED"": 1, ""CRATE_DESTROYED"": 18, ""ESCAPED_DANGER"": 34, ""GOT_KILLED"": 1, ""INVALID_ACTION"": 1, ""MOVED_AWAY_FROM_COIN"": 5, ""MOVED_DOWN"": 38, ""MOVED_INTO_DANGER"": 7, ""MOVED_LEFT"": 40, ""MOVED_RIGHT"": 52, ""MOVED_TOWARD_COIN"": 12, ""MOVED_TOWARD_SAFETY"": 49, ""MOVED_UP"": 32, ""OPPONENT_ELIMINATED"": 1, ""SAFE_BOMB_THREATENS_OPPONENT"": 8, ""STAYED_IN_DANGER"": 6, ""USELESS_BOMB"": 11, ""WAITED"": 108}","{""BOMB_DROPPED"": 0.0, ""BOMB_EXPLODED"": 0.0, ""BOMB_NEXT_TO_CRATE"": 0.44999999999999996, ""COIN_COLLECTED"": 1.0, ""CRATE_DESTROYED"": 1.8000000000000005, ""ESCAPED_DANGER"": 10.200000000000003, ""GOT_KILLED"": -5.0, ""INVALID_ACTION"": -0.1, ""MOVED_AWAY_FROM_COIN"": -0.35000000000000003, ""MOVED_DOWN"": 0.0, ""MOVED_INTO_DANGER"": -2.45, ""MOVED_LEFT"": 0.0, ""MOVED_RIGHT"": 0.0, ""MOVED_TOWARD_COIN"": 0.7200000000000002, ""MOVED_TOWARD_SAFETY"": 14.700000000000014, ""MOVED_UP"": 0.0, ""OPPONENT_ELIMINATED"": 0.0, ""SAFE_BOMB_THREATENS_OPPONENT"": 0.7999999999999999, ""STAYED_IN_DANGER"": -1.5, ""USELESS_BOMB"": -1.0999999999999999, ""WAITED"": -2.1600000000000015}"
57,1,0,1,400,0.19365333333333334,30.84674999999995,1.0,33.11000000000005,-3.2632500000000046,80.31583333333333,-83.57908333333336,401,1,"{""BOMB_DROPPED"": 50, ""BOMB_EXPLODED"": 50, ""BOMB_NEXT_TO_CRATE"": 8, ""COIN_COLLECTED"": 1, ""COIN_FOUND"": 1, ""CRATE_DESTROYED"": 19, ""ESCAPED_DANGER"": 52, ""MOVED_AWAY_FROM_COIN"": 2, ""MOVED_DOWN"": 51, ""MOVED_INTO_DANGER"": 2, ""MOVED_LEFT"": 44, ""MOVED_RIGHT"": 57, ""MOVED_TOWARD_COIN"": 8, ""MOVED_TOWARD_SAFETY"": 80, ""MOVED_UP"": 49, ""SAFE_BOMB_THREATENS_OPPONENT"": 1, ""STAYED_IN_DANGER"": 8, ""SURVIVED_ROUND"": 1, ""USELESS_BOMB"": 41, ""WAITED"": 149}","{""BOMB_DROPPED"": 0.0, ""BOMB_EXPLODED"": 0.0, ""BOMB_NEXT_TO_CRATE"": 0.39999999999999997, ""COIN_COLLECTED"": 1.0, ""COIN_FOUND"": 0.05, ""CRATE_DESTROYED"": 1.9000000000000006, ""ESCAPED_DANGER"": 15.600000000000016, ""MOVED_AWAY_FROM_COIN"": -0.14, ""MOVED_DOWN"": 0.0, ""MOVED_INTO_DANGER"": -0.7, ""MOVED_LEFT"": 0.0, ""MOVED_RIGHT"": 0.0, ""MOVED_TOWARD_COIN"": 0.48, ""MOVED_TOWARD_SAFETY"": 24.000000000000036, ""MOVED_UP"": 0.0, ""SAFE_BOMB_THREATENS_OPPONENT"": 0.1, ""STAYED_IN_DANGER"": -2.0, ""SURVIVED_ROUND"": 0.5, ""USELESS_BOMB"": -4.100000000000001, ""WAITED"": -2.980000000000002}"
58,2,0,2,400,0.19354000000000002,28.26074999999997,2.0,31.840000000000046,-5.579250000000003,78.4615,-84.04074999999993,401,1,"{""BOMB_DROPPED"": 49, ""BOMB_EXPLODED"": 48, ""BOMB_NEXT_TO_CRATE"": 13, ""COIN_COLLECTED"": 2, ""COIN_FOUND"": 3, ""CRATE_DESTROYED"": 25, ""ESCAPED_DANGER"": 51, ""INVALID_ACTION"": 1, ""MOVED_AWAY_FROM_COIN"": 2, ""MOVED_DOWN"": 42, ""MOVED_INTO_DANGER"": 3, ""MOVED_LEFT"": 43, ""MOVED_RIGHT"": 55, ""MOVED_TOWARD_COIN"": 8, ""MOVED_TOWARD_SAFETY"": 73, ""MOVED_UP"": 55, ""OPPONENT_ELIMINATED"": 1, ""SAFE_BOMB_THREATENS_OPPONENT"": 6, ""STAYED_IN_DANGER"": 11, ""SURVIVED_ROUND"": 1, ""USELESS_BOMB"": 31, ""WAITED"": 155}","{""BOMB_DROPPED"": 0.0, ""BOMB_EXPLODED"": 0.0, ""BOMB_NEXT_TO_CRATE"": 0.65, ""COIN_COLLECTED"": 2.0, ""COIN_FOUND"": 0.15000000000000002, ""CRATE_DESTROYED"": 2.500000000000001, ""ESCAPED_DANGER"": 15.300000000000015, ""INVALID_ACTION"": -0.1, ""MOVED_AWAY_FROM_COIN"": -0.14, ""MOVED_DOWN"": 0.0, ""MOVED_INTO_DANGER"": -1.0499999999999998, ""MOVED_LEFT"": 0.0, ""MOVED_RIGHT"": 0.0, ""MOVED_TOWARD_COIN"": 0.48, ""MOVED_TOWARD_SAFETY"": 21.90000000000003, ""MOVED_UP"": 0.0, ""OPPONENT_ELIMINATED"": 0.0, ""SAFE_BOMB_THREATENS_OPPONENT"": 0.6, ""STAYED_IN_DANGER"": -2.75, ""SURVIVED_ROUND"": 0.5, ""USELESS_BOMB"": -3.1000000000000014, ""WAITED"": -3.1000000000000023}"
59,0,0,0,400,0.1934266666666667,23.639499999999977,0,29.380000000000038,-5.740500000000004,76.88291666666669,-82.62341666666664,401,1,"{""BOMB_DROPPED"": 47, ""BOMB_EXPLODED"": 47, ""BOMB_NEXT_TO_CRATE"": 5, ""CRATE_DESTROYED"": 9, ""ESCAPED_DANGER"": 49, ""MOVED_AWAY_FROM_COIN"": 6, ""MOVED_DOWN"": 48, ""MOVED_INTO_DANGER"": 2, ""MOVED_LEFT"": 54, ""MOVED_RIGHT"": 53, ""MOVED_TOWARD_COIN"": 14, ""MOVED_TOWARD_SAFETY"": 72, ""MOVED_UP"": 46, ""OPPONENT_ELIMINATED"": 2, ""SAFE_BOMB_THREATENS_OPPONENT"": 6, ""STAYED_IN_DANGER"": 9, ""SURVIVED_ROUND"": 1, ""USELESS_BOMB"": 36, ""WAITED"": 152}","{""BOMB_DROPPED"": 0.0, ""BOMB_EXPLODED"": 0.0, ""BOMB_NEXT_TO_CRATE"": 0.25, ""CRATE_DESTROYED"": 0.8999999999999999, ""ESCAPED_DANGER"": 14.700000000000014, ""MOVED_AWAY_FROM_COIN"": -0.42000000000000004, ""MOVED_DOWN"": 0.0, ""MOVED_INTO_DANGER"": -0.7, ""MOVED_LEFT"": 0.0, ""MOVED_RIGHT"": 0.0, ""MOVED_TOWARD_COIN"": 0.8400000000000003, ""MOVED_TOWARD_SAFETY"": 21.60000000000003, ""MOVED_UP"": 0.0, ""OPPONENT_ELIMINATED"": 0.0, ""SAFE_BOMB_THREATENS_OPPONENT"": 0.6, ""STAYED_IN_DANGER"": -2.25, ""SURVIVED_ROUND"": 0.5, ""USELESS_BOMB"": -3.600000000000002, ""WAITED"": -3.0400000000000023}"
60,0,0,0,400,0.19331333333333334,27.989999999999984,0,31.10000000000004,-3.110000000000002,78.68591666666664,-81.79591666666661,401,1,"{""BOMB_DROPPED"": 50, ""BOMB_EXPLODED"": 50, ""BOMB_NEXT_TO_CRATE"": 10, ""COIN_FOUND"": 1, ""CRATE_DESTROYED"": 22, ""ESCAPED_DANGER"": 51, ""MOVED_DOWN"": 40, ""MOVED_INTO_DANGER"": 1, ""MOVED_LEFT"": 50, ""MOVED_RIGHT"": 49, ""MOVED_TOWARD_COIN"": 9, ""MOVED_TOWARD_SAFETY"": 71, ""MOVED_UP"": 54, ""OPPONENT_ELIMINATED"": 1, ""SAFE_BOMB_THREATENS_OPPONENT"": 4, ""STAYED_IN_DANGER"": 10, ""SURVIVED_ROUND"": 1, ""USELESS_BOMB"": 37, ""WAITED"": 157}","{""BOMB_DROPPED"": 0.0, ""BOMB_EXPLODED"": 0.0, ""BOMB_NEXT_TO_CRATE"": 0.49999999999999994, ""COIN_FOUND"": 0.05, ""CRATE_DESTROYED"": 2.2000000000000006, ""ESCAPED_DANGER"": 15.300000000000015, ""MOVED_DOWN"": 0.0, ""MOVED_INTO_DANGER"": -0.35, ""MOVED_LEFT"": 0.0, ""MOVED_RIGHT"": 0.0, ""MOVED_TOWARD_COIN"": 0.54, ""MOVED_TOWARD_SAFETY"": 21.30000000000003, ""MOVED_UP"": 0.0, ""OPPONENT_ELIMINATED"": 0.0, ""SAFE_BOMB_THREATENS_OPPONENT"": 0.4, ""STAYED_IN_DANGER"": -2.5, ""SURVIVED_ROUND"": 0.5, ""USELESS_BOMB"": -3.700000000000002, ""WAITED"": -3.1400000000000023}"
61,1,0,1,400,0.1932,22.657249999999973,1.0,27.570000000000036,-5.912750000000007,78.27758333333341,-84.19033333333338,401,1,"{""BOMB_DROPPED"": 43, ""BOMB_EXPLODED"": 42, ""BOMB_NEXT_TO_CRATE"": 7, ""COIN_COLLECTED"": 1, ""COIN_FOUND"": 1, ""CRATE_DESTROYED"": 21, ""ESCAPED_DANGER"": 53, ""INVALID_ACTION"": 3, ""MOVED_AWAY_FROM_COIN"": 2, ""MOVED_DOWN"": 45, ""MOVED_INTO_DANGER"": 11, ""MOVED_LEFT"": 59, ""MOVED_RIGHT"": 57, ""MOVED_TOWARD_COIN"": 12, ""MOVED_TOWARD_SAFETY"": 63, ""MOVED_UP"": 45, ""OPPONENT_ELIMINATED"": 2, ""SAFE_BOMB_THREATENS_OPPONENT"": 7, ""STAYED_IN_DANGER"": 6, ""SURVIVED_ROUND"": 1, ""USELESS_BOMB"": 29, ""WAITED"": 148}","{""BOMB_DROPPED"": 0.0, ""BOMB_EXPLODED"": 0.0, ""BOMB_NEXT_TO_CRATE"": 0.35, ""COIN_COLLECTED"": 1.0, ""COIN_FOUND"": 0.05, ""CRATE_DESTROYED"": 2.1000000000000005, ""ESCAPED_DANGER"": 15.900000000000016, ""INVALID_ACTION"": -0.30000000000000004, ""MOVED_AWAY_FROM_COIN"": -0.14, ""MOVED_DOWN"": 0.0, ""MOVED_INTO_DANGER"": -3.8500000000000005, ""MOVED_LEFT"": 0.0, ""MOVED_RIGHT"": 0.0, ""MOVED_TOWARD_COIN"": 0.7200000000000002, ""MOVED_TOWARD_SAFETY"": 18.900000000000023, ""MOVED_UP"": 0.0, ""OPPONENT_ELIMINATED"": 0.0, ""SAFE_BOMB_THREATENS_OPPONENT"": 0.7, ""STAYED_IN_DANGER"": -1.5, ""SURVIVED_ROUND"": 0.5, ""USELESS_BOMB"": -2.9000000000000012, ""WAITED"": -2.960000000000002}"
62,2,1,7,400,0.19308666666666668,38.03999999999996,7.0,35.60000000000005,-4.560000000000005,80.70049999999998,-85.2605,401,1,"{""BOMB_DROPPED"": 48, ""BOMB_EXPLODED"": 48, ""BOMB_NEXT_TO_CRATE"": 11, ""COIN_COLLECTED"": 2, ""COIN_FOUND"": 3, ""CRATE_DESTROYED"": 27, ""ESCAPED_DANGER"": 54, ""INVALID_ACTION"": 1, ""KILLED_OPPONENT"": 1, ""MOVED_AWAY_FROM_COIN"": 6, ""MOVED_DOWN"": 50, ""MOVED_INTO_DANGER"": 6, ""MOVED_LEFT"": 37, ""MOVED_RIGHT"": 51, ""MOVED_TOWARD_COIN"": 12, ""MOVED_TOWARD_SAFETY"": 81, ""MOVED_UP"": 63, ""OPPONENT_ELIMINATED"": 1, ""SAFE_BOMB_THREATENS_OPPONENT"": 4, ""STAYED_IN_DANGER"": 4, ""SURVIVED_ROUND"": 1, ""USELESS_BOMB"": 33, ""WAITED"": 150}","{""BOMB_DROPPED"": 0.0, ""BOMB_EXPLODED"": 0.0, ""BOMB_NEXT_TO_CRATE"": 0.5499999999999999, ""COIN_COLLECTED"": 2.0, ""COIN_FOUND"": 0.15000000000000002, ""CRATE_DESTROYED"": 2.700000000000001, ""ESCAPED_DANGER"": 16.200000000000017, ""INVALID_ACTION"": -0.1, ""KILLED_OPPONENT"": 5.0, ""MOVED_AWAY_FROM_COIN"": -0.42000000000000004, ""MOVED_DOWN"": 0.0, ""MOVED_INTO_DANGER"": -2.1, ""MOVED_LEFT"": 0.0, ""MOVED_RIGHT"": 0.0, ""MOVED_TOWARD_COIN"": 0.7200000000000002, ""MOVED_TOWARD_SAFETY"": 24.300000000000036, ""MOVED_UP"": 0.0, ""OPPONENT_ELIMINATED"": 0.0, ""SAFE_BOMB_THREATENS_OPPONENT"": 0.4, ""STAYED_IN_DANGER"": -1.0, ""SURVIVED_ROUND"": 0.5, ""USELESS_BOMB"": -3.3000000000000016, ""WAITED"": -3.000000000000002}"
63,1,0,1,400,0.19297333333333336,27.642999999999954,1.0,33.65000000000004,-7.007000000000008,78.73550000000004,-85.7425,401,1,"{""BOMB_DROPPED"": 48, ""BOMB_EXPLODED"": 48, ""BOMB_NEXT_TO_CRATE"": 17, ""COIN_COLLECTED"": 1, ""COIN_FOUND"": 5, ""CRATE_DESTROYED"": 42, ""ESCAPED_DANGER"": 54, ""INVALID_ACTION"": 2, ""MOVED_AWAY_FROM_COIN"": 11, ""MOVED_DOWN"": 44, ""MOVED_INTO_DANGER"": 6, ""MOVED_LEFT"": 37, ""MOVED_RIGHT"": 51, ""MOVED_TOWARD_COIN"": 19, ""MOVED_TOWARD_SAFETY"": 69, ""MOVED_UP"": 57, ""OPPONENT_ELIMINATED"": 2, ""SAFE_BOMB_THREATENS_OPPONENT"": 12, ""STAYED_IN_DANGER"": 12, ""SURVIVED_ROUND"": 1, ""USELESS_BOMB"": 21, ""WAITED"": 161}","{""BOMB_DROPPED"": 0.0, ""BOMB_EXPLODED"": 0.0, ""BOMB_NEXT_TO_CRATE"": 0.8500000000000002, ""COIN_COLLECTED"": 1.0, ""COIN_FOUND"": 0.25, ""CRATE_DESTROYED"": 4.200000000000001, ""ESCAPED_DANGER"": 16.200000000000017, ""INVALID_ACTION"": -0.2, ""MOVED_AWAY_FROM_COIN"": -0.7700000000000002, ""MOVED_DOWN"": 0.0, ""MOVED_INTO_DANGER"": -2.1, ""MOVED_LEFT"": 0.0, ""MOVED_RIGHT"": 0.0, ""MOVED_TOWARD_COIN"": 1.1400000000000006, ""MOVED_TOWARD_SAFETY"": 20.700000000000028, ""MOVED_UP"": 0.0, ""OPPONENT_ELIMINATED"": 0.0, ""SAFE_BOMB_THREATENS_OPPONENT"": 1.2, ""STAYED_IN_DANGER"": -3.0, ""SURVIVED_ROUND"": 0.5, ""USELESS_BOMB"": -2.1000000000000005, ""WAITED"": -3.2200000000000024}"
64,1,0,1,400,0.19286,32.959499999999984,1.0,32.80000000000005,-0.8404999999999974,75.8643333333333,-76.70483333333314,401,1,"{""BOMB_DROPPED"": 49, ""BOMB_EXPLODED"": 49, ""BOMB_NEXT_TO_CRATE"": 7, ""COIN_COLLECTED"": 1, ""COIN_FOUND"": 1, ""CRATE_DESTROYED"": 13, ""ESCAPED_DANGER"": 50, ""MOVED_DOWN"": 52, ""MOVED_INTO_DANGER"": 1, ""MOVED_LEFT"": 51, ""MOVED_RIGHT"": 51, ""MOVED_TOWARD_COIN"": 2, ""MOVED_TOWARD_SAFETY"": 84, ""MOVED_UP"": 51, ""OPPONENT_ELIMINATED"": 3, ""STAYED_IN_DANGER"": 9, ""SURVIVED_ROUND"": 1, ""USELESS_BOMB"": 42, ""WAITED"": 146}","{""BOMB_DROPPED"": 0.0, ""BOMB_EXPLODED"": 0.0, ""BOMB_NEXT_TO_CRATE"": 0.35, ""COIN_COLLECTED"": 1.0, ""COIN_FOUND"": 0.05, ""CRATE_DESTROYED"": 1.3, ""ESCAPED_DANGER"": 15.000000000000014, ""MOVED_DOWN"": 0.0, ""MOVED_INTO_DANGER"": -0.35, ""MOVED_LEFT"": 0.0, ""MOVED_RIGHT"": 0.0, ""MOVED_TOWARD_COIN"": 0.12, ""MOVED_TOWARD_SAFETY"": 25.20000000000004, ""MOVED_UP"": 0.0, ""OPPONENT_ELIMINATED"": 0.0, ""STAYED_IN_DANGER"": -2.25, ""SURVIVED_ROUND"": 0.5, ""USELESS_BOMB"": -4.200000000000001, ""WAITED"": -2.920000000000002}"
65,0,1,5,400,0.19274666666666668,32.15275,5.0,29.87000000000004,-2.717249999999996,73.66508333333324,-76.38233333333322,401,1,"{""BOMB_DROPPED"": 48, ""BOMB_EXPLODED"": 48, ""BOMB_NEXT_TO_CRATE"": 5, ""COIN_FOUND"": 2, ""CRATE_DESTROYED"": 14, ""ESCAPED_DANGER"": 50, ""KILLED_OPPONENT"": 1, ""MOVED_AWAY_FROM_COIN"": 7, ""MOVED_DOWN"": 53, ""MOVED_INTO_DANGER"": 2, ""MOVED_LEFT"": 51, ""MOVED_RIGHT"": 49, ""MOVED_TOWARD_COIN"": 8, ""MOVED_TOWARD_SAFETY"": 75, ""MOVED_UP"": 53, ""OPPONENT_ELIMINATED"": 3, ""SAFE_BOMB_THREATENS_OPPONENT"": 4, ""STAYED_IN_DANGER"": 11, ""SURVIVED_ROUND"": 1, ""USELESS_BOMB"": 39, ""WAITED"": 146}","{""BOMB_DROPPED"": 0.0, ""BOMB_EXPLODED"": 0.0, ""BOMB_NEXT_TO_CRATE"": 0.25, ""COIN_FOUND"": 0.1, ""CRATE_DESTROYED"": 1.4000000000000001, ""ESCAPED_DANGER"": 15.000000000000014, ""KILLED_OPPONENT"": 5.0, ""MOVED_AWAY_FROM_COIN"": -0.49000000000000005, ""MOVED_DOWN"": 0.0, ""MOVED_INTO_DANGER"": -0.7, ""MOVED_LEFT"": 0.0, ""MOVED_RIGHT"": 0.0, ""MOVED_TOWARD_COIN"": 0.48, ""MOVED_TOWARD_SAFETY"": 22.500000000000032, ""MOVED_UP"": 0.0, ""OPPONENT_ELIMINATED"": 0.0, ""SAFE_BOMB_THREATENS_OPPONENT"": 0.4, ""STAYED_IN_DANGER"": -2.75, ""SURVIVED_ROUND"": 0.5, ""USELESS_BOMB"": -3.900000000000002, ""WAITED"": -2.920000000000002}"
66,3,0,3,400,0.19263333333333335,27.512249999999966,3.0,31.55000000000004,-7.037750000000009,76.42050000000009,-83.45824999999995,401,1,"{""BOMB_DROPPED"": 45, ""BOMB_EXPLODED"": 45, ""BOMB_NEXT_TO_CRATE"": 9, ""COIN_COLLECTED"": 3, ""COIN_FOUND"": 2, ""CRATE_DESTROYED"": 19, ""ESCAPED_DANGER"": 51, ""MOVED_AWAY_FROM_COIN"": 17, ""MOVED_DOWN"": 50, ""MOVED_INTO_DANGER"": 6, ""MOVED_LEFT"": 57, ""MOVED_RIGHT"": 56, ""MOVED_TOWARD_COIN"": 38, ""MOVED_TOWARD_SAFETY"": 72, ""MOVED_UP"": 50, ""OPPONENT_ELIMINATED"": 2, ""SAFE_BOMB_THREATENS_OPPONENT"": 7, ""STAYED_IN_DANGER"": 9, ""SURVIVED_ROUND"": 1, ""USELESS_BOMB"": 29, ""WAITED"": 142}","{""BOMB_DROPPED"": 0.0, ""BOMB_EXPLODED"": 0.0, ""BOMB_NEXT_TO_CRATE"": 0.44999999999999996, ""COIN_COLLECTED"": 3.0, ""COIN_FOUND"": 0.1, ""CRATE_DESTROYED"": 1.9000000000000006, ""ESCAPED_DANGER"": 15.300000000000015, ""MOVED_AWAY_FROM_COIN"": -1.1900000000000006, ""MOVED_DOWN"": 0.0, ""MOVED_INTO_DANGER"": -2.1, ""MOVED_LEFT"": 0.0, ""MOVED_RIGHT"": 0.0, ""MOVED_TOWARD_COIN"": 2.2800000000000016, ""MOVED_TOWARD_SAFETY"": 21.60000000000003, ""MOVED_UP"": 0.0, ""OPPONENT_ELIMINATED"": 0.0, ""SAFE_BOMB_THREATENS_OPPONENT"": 0.7, ""STAYED_IN_DANGER"": -2.25, ""SURVIVED_ROUND"": 0.5, ""USELESS_BOMB"": -2.9000000000000012, ""WAITED"": -2.840000000000002}"
67,0,0,0,400,0.19252,25.19574999999999,0,29.400000000000038,-4.204250000000005,75.8533333333333,-80.05758333333331,401,1,"{""BOMB_DROPPED"": 48, ""BOMB_EXPLODED"": 47, ""BOMB_NEXT_TO_CRATE"": 7, ""COIN_FOUND"": 2, ""CRATE_DESTROYED"": 19, ""ESCAPED_DANGER"": 50, ""MOVED_DOWN"": 45, ""MOVED_INTO_DANGER"": 2, ""MOVED_LEFT"": 53, ""MOVED_RIGHT"": 53, ""MOVED_TOWARD_COIN"": 4, ""MOVED_TOWARD_SAFETY"": 69, ""MOVED_UP"": 44, ""OPPONENT_ELIMINATED"": 1, ""SAFE_BOMB_THREATENS_OPPONENT"": 4, ""STAYED_IN_DANGER"": 9, ""SURVIVED_ROUND"": 1, ""USELESS_BOMB"": 37, ""WAITED"": 157}","{""BOMB_DROPPED"": 0.0, ""BOMB_EXPLODED"": 0.0, ""BOMB_NEXT_TO_CRATE"": 0.35, ""COIN_FOUND"": 0.1, ""CRATE_DESTROYED"": 1.9000000000000006, ""ESCAPED_DANGER"": 15.000000000000014, ""MOVED_DOWN"": 0.0, ""MOVED_INTO_DANGER"": -0.7, ""MOVED_LEFT"": 0.0, ""MOVED_RIGHT"": 0.0, ""MOVED_TOWARD_COIN"": 0.24, ""MOVED_TOWARD_SAFETY"": 20.700000000000028, ""MOVED_UP"": 0.0, ""OPPONENT_ELIMINATED"": 0.0, ""SAFE_BOMB_THREATENS_OPPONENT"": 0.4, ""STAYED_IN_DANGER"": -2.25, ""SURVIVED_ROUND"": 0.5, ""USELESS_BOMB"": -3.700000000000002, ""WAITED"": -3.1400000000000023}"
68,0,0,0,400,0.19240666666666667,29.121749999999977,0,33.04000000000005,-3.91825,85.71166666666667,-89.62991666666662,401,1,"{""BOMB_DROPPED"": 48, ""BOMB_EXPLODED"": 48, ""BOMB_NEXT_TO_CRATE"": 10, ""COIN_FOUND"": 1, ""CRATE_DESTROYED"": 31, ""ESCAPED_DANGER"": 58, ""INVALID_ACTION"": 1, ""MOVED_DOWN"": 50, ""MOVED_INTO_DANGER"": 10, ""MOVED_LEFT"": 39, ""MOVED_RIGHT"": 53, ""MOVED_TOWARD_COIN"": 4, ""MOVED_TOWARD_SAFETY"": 76, ""MOVED_UP"": 64, ""OPPONENT_ELIMINATED"": 2, ""SAFE_BOMB_THREATENS_OPPONENT"": 3, ""STAYED_IN_DANGER"": 7, ""SURVIVED_ROUND"": 1, ""USELESS_BOMB"": 36, ""WAITED"": 145}","{""BOMB_DROPPED"": 0.0, ""BOMB_EXPLODED"": 0.0, ""BOMB_NEXT_TO_CRATE"": 0.49999999999999994, ""COIN_FOUND"": 0.05, ""CRATE_DESTROYED"": 3.1000000000000014, ""ESCAPED_DANGER"": 17.40000000000002, ""INVALID_ACTION"": -0.1, ""MOVED_DOWN"": 0.0, ""MOVED_INTO_DANGER"": -3.5000000000000004, ""MOVED_LEFT"": 0.0, ""MOVED_RIGHT"": 0.0, ""MOVED_TOWARD_COIN"": 0.24, ""MOVED_TOWARD_SAFETY"": 22.800000000000033, ""MOVED_UP"": 0.0, ""OPPONENT_ELIMINATED"": 0.0, ""SAFE_BOMB_THREATENS_OPPONENT"": 0.30000000000000004, ""STAYED_IN_DANGER"": -1.75, ""SURVIVED_ROUND"": 0.5, ""USELESS_BOMB"": -3.600000000000002, ""WAITED"": -2.900000000000002}"
69,1,0,1,101,0.19229333333333334,2.303500000000003,1.0,2.929999999999997,-1.6265000000000014,20.36808333333332,-21.99458333333332,101,1,"{""BOMB_DROPPED"": 12, ""BOMB_EXPLODED"": 12, ""BOMB_NEXT_TO_CRATE"": 4, ""COIN_COLLECTED"": 1, ""COIN_FOUND"": 1, ""CRATE_DESTROYED"": 9, ""ESCAPED_DANGER"": 13, ""GOT_KILLED"": 1, ""INVALID_ACTION"": 1, ""MOVED_DOWN"": 15, ""MOVED_INTO_DANGER"": 2, ""MOVED_LEFT"": 12, ""MOVED_RIGHT"": 8, ""MOVED_TOWARD_COIN"": 5, ""MOVED_TOWARD_SAFETY"": 20, ""MOVED_UP"": 12, ""STAYED_IN_DANGER"": 4, ""USELESS_BOMB"": 8, ""WAITED"": 41}","{""BOMB_DROPPED"": 0.0, ""BOMB_EXPLODED"": 0.0, ""BOMB_NEXT_TO_CRATE"": 0.2, ""COIN_COLLECTED"": 1.0, ""COIN_FOUND"": 0.05, ""CRATE_DESTROYED"": 0.8999999999999999, ""ESCAPED_DANGER"": 3.899999999999999, ""GOT_KILLED"": -5.0, ""INVALID_ACTION"": -0.1, ""MOVED_DOWN"": 0.0, ""MOVED_INTO_DANGER"": -0.7, ""MOVED_LEFT"": 0.0, ""MOVED_RIGHT"": 0.0, ""MOVED_TOWARD_COIN"": 0.3, ""MOVED_TOWARD_SAFETY"": 5.999999999999998, ""MOVED_UP"": 0.0, ""STAYED_IN_DANGER"": -1.0, ""USELESS_BOMB"": -0.7999999999999999, ""WAITED"": -0.8200000000000004}"
70,1,0,1,400,0.19218,19.140499999999978,1.0,25.210000000000026,-7.069500000000005,68.4908333333333,-75.5603333333334,401,1,"{""BOMB_DROPPED"": 41, ""BOMB_EXPLODED"": 41, ""BOMB_NEXT_TO_CRATE"": 9, ""COIN_COLLECTED"": 1, ""COIN_FOUND"": 1, ""CRATE_DESTROYED"": 19, ""ESCAPED_DANGER"": 45, ""MOVED_AWAY_FROM_COIN"": 1, ""MOVED_DOWN"": 52, ""MOVED_INTO_DANGER"": 4, ""MOVED_LEFT"": 51, ""MOVED_RIGHT"": 50, ""MOVED_TOWARD_COIN"": 13, ""MOVED_TOWARD_SAFETY"": 56, ""MOVED_UP"": 66, ""OPPONENT_ELIMINATED"": 1, ""SAFE_BOMB_THREATENS_OPPONENT"": 9, ""STAYED_IN_DANGER"": 12, ""SURVIVED_ROUND"": 1, ""USELESS_BOMB"": 24, ""WAITED"": 140}","{""BOMB_DROPPED"": 0.0, ""BOMB_EXPLODED"": 0.0, ""BOMB_NEXT_TO_CRATE"": 0.44999999999999996, ""COIN_COLLECTED"": 1.0, ""COIN_FOUND"": 0.05, ""CRATE_DESTROYED"": 1.9000000000000006, ""ESCAPED_DANGER"": 13.50000000000001, ""MOVED_AWAY_FROM_COIN"": -0.07, ""MOVED_DOWN"": 0.0, ""MOVED_INTO_DANGER"": -1.4, ""MOVED_LEFT"": 0.0, ""MOVED_RIGHT"": 0.0, ""MOVED_TOWARD_COIN"": 0.7800000000000002, ""MOVED_TOWARD_SAFETY"": 16.80000000000002, ""MOVED_UP"": 0.0, ""OPPONENT_ELIMINATED"": 0.0, ""SAFE_BOMB_THREATENS_OPPONENT"": 0.8999999999999999, ""STAYED_IN_DANGER"": -3.0, ""SURVIVED_ROUND"": 0.5, ""USELESS_BOMB"": -2.400000000000001, ""WAITED"": -2.800000000000002}"
71,0,0,0,400,0.1920666666666667,23.097499999999958,0,28.980000000000036,-5.882500000000009,77.37316666666672,-83.25566666666664,401,1,"{""BOMB_DROPPED"": 51, ""BOMB_EXPLODED"": 50, ""BOMB_NEXT_TO_CRATE"": 10, ""COIN_FOUND"": 2, ""CRATE_DESTROYED"": 22, ""ESCAPED_DANGER"": 53, ""MOVED_AWAY_FROM_COIN"": 1, ""MOVED_DOWN"": 40, ""MOVED_INTO_DANGER"": 4, ""MOVED_LEFT"": 42, ""MOVED_RIGHT"": 54, ""MOVED_TOWARD_COIN"": 6, ""MOVED_TOWARD_SAFETY"": 64, ""MOVED_UP"": 40, ""OPPONENT_ELIMINATED"": 2, ""SAFE_BOMB_THREATENS_OPPONENT"": 10, ""STAYED_IN_DANGER"": 11, ""SURVIVED_ROUND"": 1, ""USELESS_BOMB"": 31, ""WAITED"": 173}","{""BOMB_DROPPED"": 0.0, ""BOMB_EXPLODED"": 0.0, ""BOMB_NEXT_TO_CRATE"": 0.49999999999999994, ""COIN_FOUND"": 0.1, ""CRATE_DESTROYED"": 2.2000000000000006, ""ESCAPED_DANGER"": 15.900000000000016, ""MOVED_AWAY_FROM_COIN"": -0.07, ""MOVED_DOWN"": 0.0, ""MOVED_INTO_DANGER"": -1.4, ""MOVED_LEFT"": 0.0, ""MOVED_RIGHT"": 0.0, ""MOVED_TOWARD_COIN"": 0.36, ""MOVED_TOWARD_SAFETY"": 19.200000000000024, ""MOVED_UP"": 0.0, ""OPPONENT_ELIMINATED"": 0.0, ""SAFE_BOMB_THREATENS_OPPONENT"": 0.9999999999999999, ""STAYED_IN_DANGER"": -2.75, ""SURVIVED_ROUND"": 0.5, ""USELESS_BOMB"": -3.1000000000000014, ""WAITED"": -3.4600000000000026}"
72,1,0,1,134,0.19195333333333334,4.713249999999996,1.0,5.739999999999997,-2.0267500000000016,26.15299999999999,-28.17975000000001,134,1,"{""BOMB_DROPPED"": 16, ""BOMB_EXPLODED"": 16, ""BOMB_NEXT_TO_CRATE"": 9, ""COIN_COLLECTED"": 1, ""COIN_FOUND"": 2, ""CRATE_DESTROYED"": 18, ""ESCAPED_DANGER"": 17, ""GOT_KILLED"": 1, ""INVALID_ACTION"": 1, ""MOVED_AWAY_FROM_COIN"": 8, ""MOVED_DOWN"": 17, ""MOVED_INTO_DANGER"": 2, ""MOVED_LEFT"": 14, ""MOVED_RIGHT"": 12, ""MOVED_TOWARD_COIN"": 14, ""MOVED_TOWARD_SAFETY"": 22, ""MOVED_UP"": 22, ""OPPONENT_ELIMINATED"": 1, ""SAFE_BOMB_THREATENS_OPPONENT"": 1, ""STAYED_IN_DANGER"": 5, ""USELESS_BOMB"": 6, ""WAITED"": 52}","{""BOMB_DROPPED"": 0.0, ""BOMB_EXPLODED"": 0.0, ""BOMB_NEXT_TO_CRATE"": 0.44999999999999996, ""COIN_COLLECTED"": 1.0, ""COIN_FOUND"": 0.1, ""CRATE_DESTROYED"": 1.8000000000000005, ""ESCAPED_DANGER"": 5.099999999999999, ""GOT_KILLED"": -5.0, ""INVALID_ACTION"": -0.1, ""MOVED_AWAY_FROM_COIN"": -0.56, ""MOVED_DOWN"": 0.0, ""MOVED_INTO_DANGER"": -0.7, ""MOVED_LEFT"": 0.0, ""MOVED_RIGHT"": 0.0, ""MOVED_TOWARD_COIN"": 0.8400000000000003, ""MOVED_TOWARD_SAFETY"": 6.599999999999998, ""MOVED_UP"": 0.0, ""OPPONENT_ELIMINATED"": 0.0, ""SAFE_BOMB_THREATENS_OPPONENT"": 0.1, ""STAYED_IN_DANGER"": -1.25, ""USELESS_BOMB"": -0.6, ""WAITED"": -1.0400000000000005}"
73,1,0,1,400,0.19184,25.784999999999975,1.0,29.740000000000045,-4.95500000000001,83.92116666666668,-88.87616666666668,401,1,"{""BOMB_DROPPED"": 48, ""BOMB_EXPLODED"": 47, ""BOMB_NEXT_TO_CRATE"": 8, ""COIN_COLLECTED"": 1, ""COIN_FOUND"": 1, ""CRATE_DESTROYED"": 19, ""ESCAPED_DANGER"": 57, ""INVALID_ACTION"": 1, ""MOVED_AWAY_FROM_COIN"": 2, ""MOVED_DOWN"": 50, ""MOVED_INTO_DANGER"": 9, ""MOVED_LEFT"": 49, ""MOVED_RIGHT"": 48, ""MOVED_TOWARD_COIN"": 11, ""MOVED_TOWARD_SAFETY"": 71, ""MOVED_UP"": 50, ""OPPONENT_ELIMINATED"": 1, ""SAFE_BOMB_THREATENS_OPPONENT"": 6, ""SAFE_BOMB_TRAPS_OPPONENT"": 1, ""STAYED_IN_DANGER"": 12, ""SURVIVED_ROUND"": 1, ""USELESS_BOMB"": 35, ""WAITED"": 154}","{""BOMB_DROPPED"": 0.0, ""BOMB_EXPLODED"": 0.0, ""BOMB_NEXT_TO_CRATE"": 0.39999999999999997, ""COIN_COLLECTED"": 1.0, ""COIN_FOUND"": 0.05, ""CRATE_DESTROYED"": 1.9000000000000006, ""ESCAPED_DANGER"": 17.10000000000002, ""INVALID_ACTION"": -0.1, ""MOVED_AWAY_FROM_COIN"": -0.14, ""MOVED_DOWN"": 0.0, ""MOVED_INTO_DANGER"": -3.1500000000000004, ""MOVED_LEFT"": 0.0, ""MOVED_RIGHT"": 0.0, ""MOVED_TOWARD_COIN"": 0.6600000000000001, ""MOVED_TOWARD_SAFETY"": 21.30000000000003, ""MOVED_UP"": 0.0, ""OPPONENT_ELIMINATED"": 0.0, ""SAFE_BOMB_THREATENS_OPPONENT"": 0.6, ""SAFE_BOMB_TRAPS_OPPONENT"": 0.2, ""STAYED_IN_DANGER"": -3.0, ""SURVIVED_ROUND"": 0.5, ""USELESS_BOMB"": -3.5000000000000018, ""WAITED"": -3.0800000000000023}"
74,2,0,2,400,0.19172666666666668,22.07049999999998,2.0,25.880000000000035,-5.809500000000009,76.73916666666668,-82.54866666666672,401,1,"{""BOMB_DROPPED"": 49, ""BOMB_EXPLODED"": 48, ""BOMB_NEXT_TO_CRATE"": 7, ""COIN_COLLECTED"": 2, ""COIN_FOUND"": 2, ""CRATE_DESTROYED"": 16, ""ESCAPED_DANGER"": 51, ""MOVED_AWAY_FROM_COIN"": 5, ""MOVED_DOWN"": 52, ""MOVED_INTO_DANGER"": 3, ""MOVED_LEFT"": 45, ""MOVED_RIGHT"": 41, ""MOVED_TOWARD_COIN"": 19, ""MOVED_TOWARD_SAFETY"": 63, ""MOVED_UP"": 65, ""SAFE_BOMB_THREATENS_OPPONENT"": 4, ""STAYED_IN_DANGER"": 17, ""SURVIVED_ROUND"": 1, ""USELESS_BOMB"": 38, ""WAITED"": 148}","{""BOMB_DROPPED"": 0.0, ""BOMB_EXPLODED"": 0.0, ""BOMB_NEXT_TO_CRATE"": 0.35, ""COIN_COLLECTED"": 2.0, ""COIN_FOUND"": 0.1, ""CRATE_DESTROYED"": 1.6000000000000003, ""ESCAPED_DANGER"": 15.300000000000015, ""MOVED_AWAY_FROM_COIN"": -0.35000000000000003, ""MOVED_DOWN"": 0.0, ""MOVED_INTO_DANGER"": -1.0499999999999998, ""MOVED_LEFT"": 0.0, ""MOVED_RIGHT"": 0.0, ""MOVED_TOWARD_COIN"": 1.1400000000000006, ""MOVED_TOWARD_SAFETY"": 18.900000000000023, ""MOVED_UP"": 0.0, ""SAFE_BOMB_THREATENS_OPPONENT"": 0.4, ""STAYED_IN_DANGER"": -4.25, ""SURVIVED_ROUND"": 0.5, ""USELESS_BOMB"": -3.800000000000002, ""WAITED"": -2.960000000000002}"
75,1,0,1,400,0.19161333333333333,26.82824999999998,1.0,31.94000000000004,-6.1117500000000105,76.00025000000002,-82.11200000000001,401,1,"{""BOMB_DROPPED"": 51, ""BOMB_EXPLODED"": 50, ""BOMB_NEXT_TO_CRATE"": 11, ""COIN_COLLECTED"": 1, ""COIN_FOUND"": 2, ""CRATE_DESTROYED"": 28, ""ESCAPED_DANGER"": 51, ""INVALID_ACTION"": 1, ""MOVED_AWAY_FROM_COIN"": 4, ""MOVED_DOWN"": 50, ""MOVED_INTO_DANGER"": 1, ""MOVED_LEFT"": 42, ""MOVED_RIGHT"": 52, ""MOVED_TOWARD_COIN"": 3, ""MOVED_TOWARD_SAFETY"": 73, ""MOVED_UP"": 46, ""OPPONENT_ELIMINATED"": 1, ""SAFE_BOMB_THREATENS_OPPONENT"": 5, ""STAYED_IN_DANGER"": 10, ""SURVIVED_ROUND"": 1, ""USELESS_BOMB"": 35, ""WAITED"": 158}","{""BOMB_DROPPED"": 0.0, ""BOMB_EXPLODED"": 0.0, ""BOMB_NEXT_TO_CRATE"": 0.5499999999999999, ""COIN_COLLECTED"": 1.0, ""COIN_FOUND"": 0.1, ""CRATE_DESTROYED"": 2.800000000000001, ""ESCAPED_DANGER"": 15.300000000000015, ""INVALID_ACTION"": -0.1, ""MOVED_AWAY_FROM_COIN"": -0.28, ""MOVED_DOWN"": 0.0, ""MOVED_INTO_DANGER"": -0.35, ""MOVED_LEFT"": 0.0, ""MOVED_RIGHT"": 0.0, ""MOVED_TOWARD_COIN"": 0.18, ""MOVED_TOWARD_SAFETY"": 21.90000000000003, ""MOVED_UP"": 0.0, ""OPPONENT_ELIMINATED"": 0.0, ""SAFE_BOMB_THREATENS_OPPONENT"": 0.5, ""STAYED_IN_DANGER"": -2.5, ""SURVIVED_ROUND"": 0.5, ""USELESS_BOMB"": -3.5000000000000018, ""WAITED"": -3.1600000000000024}"
76,2,0,2,400,0.1915,24.352499999999967,2.0,30.30000000000004,-7.947500000000016,80.89458333333332,-88.84208333333328,401,1,"{""BOMB_DROPPED"": 46, ""BOMB_EXPLODED"": 46, ""BOMB_NEXT_TO_CRATE"": 10, ""COIN_COLLECTED"": 2, ""COIN_FOUND"": 2, ""CRATE_DESTROYED"": 21, ""ESCAPED_DANGER"": 56, ""INVALID_ACTION"": 1, ""MOVED_AWAY_FROM_COIN"": 7, ""MOVED_DOWN"": 43, ""MOVED_INTO_DANGER"": 10, ""MOVED_LEFT"": 44, ""MOVED_RIGHT"": 42, ""MOVED_TOWARD_COIN"": 22, ""MOVED_TOWARD_SAFETY"": 67, ""MOVED_UP"": 55, ""OPPONENT_ELIMINATED"": 2, ""SAFE_BOMB_THREATENS_OPPONENT"": 11, ""STAYED_IN_DANGER"": 9, ""SURVIVED_ROUND"": 1, ""USELESS_BOMB"": 25, ""WAITED"": 169}","{""BOMB_DROPPED"": 0.0, ""BOMB_EXPLODED"": 0.0, ""BOMB_NEXT_TO_CRATE"": 0.49999999999999994, ""COIN_COLLECTED"": 2.0, ""COIN_FOUND"": 0.1, ""CRATE_DESTROYED"": 2.1000000000000005, ""ESCAPED_DANGER"": 16.80000000000002, ""INVALID_ACTION"": -0.1, ""MOVED_AWAY_FROM_COIN"": -0.49000000000000005, ""MOVED_DOWN"": 0.0, ""MOVED_INTO_DANGER"": -3.5000000000000004, ""MOVED_LEFT"": 0.0, ""MOVED_RIGHT"": 0.0, ""MOVED_TOWARD_COIN"": 1.3200000000000007, ""MOVED_TOWARD_SAFETY"": 20.100000000000026, ""MOVED_UP"": 0.0, ""OPPONENT_ELIMINATED"": 0.0, ""SAFE_BOMB_THREATENS_OPPONENT"": 1.0999999999999999, ""STAYED_IN_DANGER"": -2.25, ""SURVIVED_ROUND"": 0.5, ""USELESS_BOMB"": -2.500000000000001, ""WAITED"": -3.3800000000000026}"
77,0,0,0,400,0.19138666666666668,20.699999999999978,0,27.26000000000004,-6.5600000000000085,82.6549166666667,-89.21491666666664,401,1,"{""BOMB_DROPPED"": 46, ""BOMB_EXPLODED"": 45, ""BOMB_NEXT_TO_CRATE"": 5, ""CRATE_DESTROYED"": 17, ""ESCAPED_DANGER"": 56, ""INVALID_ACTION"": 2, ""MOVED_AWAY_FROM_COIN"": 2, ""MOVED_DOWN"": 56, ""MOVED_INTO_DANGER"": 11, ""MOVED_LEFT"": 48, ""MOVED_RIGHT"": 47, ""MOVED_TOWARD_COIN"": 15, ""MOVED_TOWARD_SAFETY"": 64, ""MOVED_UP"": 56, ""OPPONENT_ELIMINATED"": 2, ""SAFE_BOMB_THREATENS_OPPONENT"": 8, ""STAYED_IN_DANGER"": 10, ""SURVIVED_ROUND"": 1, ""USELESS_BOMB"": 33, ""WAITED"": 145}","{""BOMB_DROPPED"": 0.0, ""BOMB_EXPLODED"": 0.0, ""BOMB_NEXT_TO_CRATE"": 0.25, ""CRATE_DESTROYED"": 1.7000000000000004, ""ESCAPED_DANGER"": 16.80000000000002, ""INVALID_ACTION"": -0.2, ""MOVED_AWAY_FROM_COIN"": -0.14, ""MOVED_DOWN"": 0.0, ""MOVED_INTO_DANGER"": -3.8500000000000005, ""MOVED_LEFT"": 0.0, ""MOVED_RIGHT"": 0.0, ""MOVED_TOWARD_COIN"": 0.9000000000000004, ""MOVED_TOWARD_SAFETY"": 19.200000000000024, ""MOVED_UP"": 0.0, ""OPPONENT_ELIMINATED"": 0.0, ""SAFE_BOMB_THREATENS_OPPONENT"": 0.7999999999999999, ""STAYED_IN_DANGER"": -2.5, ""SURVIVED_ROUND"": 0.5, ""USELESS_BOMB"": -3.3000000000000016, ""WAITED"": -2.900000000000002}"
78,0,0,0,400,0.19127333333333335,28.00149999999999,0,31.160000000000043,-3.1584999999999996,76.74458333333337,-79.90308333333334,401,1,"{""BOMB_DROPPED"": 50, ""BOMB_EXPLODED"": 50, ""BOMB_NEXT_TO_CRATE"": 8, ""CRATE_DESTROYED"": 16, ""ESCAPED_DANGER"": 50, ""MOVED_AWAY_FROM_COIN"": 4, ""MOVED_DOWN"": 47, ""MOVED_LEFT"": 49, ""MOVED_RIGHT"": 62, ""MOVED_TOWARD_COIN"": 3, ""MOVED_TOWARD_SAFETY"": 75, ""MOVED_UP"": 45, ""OPPONENT_ELIMINATED"": 1, ""SAFE_BOMB_THREATENS_OPPONENT"": 2, ""STAYED_IN_DANGER"": 8, ""SURVIVED_ROUND"": 1, ""USELESS_BOMB"": 40, ""WAITED"": 147}","{""BOMB_DROPPED"": 0.0, ""BOMB_EXPLODED"": 0.0, ""BOMB_NEXT_TO_CRATE"": 0.39999999999999997, ""CRATE_DESTROYED"": 1.6000000000000003, ""ESCAPED_DANGER"": 15.000000000000014, ""MOVED_AWAY_FROM_COIN"": -0.28, ""MOVED_DOWN"": 0.0, ""MOVED_LEFT"": 0.0, ""MOVED_RIGHT"": 0.0, ""MOVED_TOWARD_COIN"": 0.18, ""MOVED_TOWARD_SAFETY"": 22.500000000000032, ""MOVED_UP"": 0.0, ""OPPONENT_ELIMINATED"": 0.0, ""SAFE_BOMB_THREATENS_OPPONENT"": 0.2, ""STAYED_IN_DANGER"": -2.0, ""SURVIVED_ROUND"": 0.5, ""USELESS_BOMB"": -4.000000000000002, ""WAITED"": -2.940000000000002}"
79,1,0,1,400,0.19116,22.974749999999975,1.0,28.340000000000032,-6.3652500000000085,72.24275000000002,-78.60799999999996,401,1,"{""BOMB_DROPPED"": 48, ""BOMB_EXPLODED"": 48, ""BOMB_NEXT_TO_CRATE"": 10, ""COIN_COLLECTED"": 1, ""COIN_FOUND"": 1, ""CRATE_DESTROYED"": 16, ""ESCAPED_DANGER"": 49, ""MOVED_AWAY_FROM_COIN"": 5, ""MOVED_DOWN"": 45, ""MOVED_INTO_DANGER"": 1, ""MOVED_LEFT"": 46, ""MOVED_RIGHT"": 60, ""MOVED_TOWARD_COIN"": 21, ""MOVED_TOWARD_SAFETY"": 62, ""MOVED_UP"": 45, ""OPPONENT_ELIMINATED"": 2, ""SAFE_BOMB_THREATENS_OPPONENT"": 5, ""STAYED_IN_DANGER"": 9, ""SURVIVED_ROUND"": 1, ""USELESS_BOMB"": 33, ""WAITED"": 156}","{""BOMB_DROPPED"": 0.0, ""BOMB_EXPLODED"": 0.0, ""BOMB_NEXT_TO_CRATE"": 0.49999999999999994, ""COIN_COLLECTED"": 1.0, ""COIN_FOUND"": 0.05, ""CRATE_DESTROYED"": 1.6000000000000003, ""ESCAPED_DANGER"": 14.700000000000014, ""MOVED_AWAY_FROM_COIN"": -0.35000000000000003, ""MOVED_DOWN"": 0.0, ""MOVED_INTO_DANGER"": -0.35, ""MOVED_LEFT"": 0.0, ""MOVED_RIGHT"": 0.0, ""MOVED_TOWARD_COIN"": 1.2600000000000007, ""MOVED_TOWARD_SAFETY"": 18.600000000000023, ""MOVED_UP"": 0.0, ""OPPONENT_ELIMINATED"": 0.0, ""SAFE_BOMB_THREATENS_OPPONENT"": 0.5, ""STAYED_IN_DANGER"": -2.25, ""SURVIVED_ROUND"": 0.5, ""USELESS_BOMB"": -3.3000000000000016, ""WAITED"": -3.1200000000000023}"
80,0,0,0,400,0.19104666666666667,24.764499999999963,0,28.72000000000004,-3.955500000000005,80.50875000000008,-84.46425000000004,401,1,"{""BOMB_DROPPED"": 47, ""BOMB_EXPLODED"": 46, ""BOMB_NEXT_TO_CRATE"": 11, ""CRATE_DESTROYED"": 17, ""ESCAPED_DANGER"": 54, ""MOVED_AWAY_FROM_COIN"": 3, ""MOVED_DOWN"": 45, ""MOVED_INTO_DANGER"": 8, ""MOVED_LEFT"": 51, ""MOVED_RIGHT"": 64, ""MOVED_TOWARD_COIN"": 8, ""MOVED_TOWARD_SAFETY"": 69, ""MOVED_UP"": 43, ""OPPONENT_ELIMINATED"": 2, ""SAFE_BOMB_THREATENS_OPPONENT"": 4, ""STAYED_IN_DANGER"": 10, ""SURVIVED_ROUND"": 1, ""USELESS_BOMB"": 33, ""WAITED"": 150}","{""BOMB_DROPPED"": 0.0, ""BOMB_EXPLODED"": 0.0, ""BOMB_NEXT_TO_CRATE"": 0.5499999999999999, ""CRATE_DESTROYED"": 1.7000000000000004, ""ESCAPED_DANGER"": 16.200000000000017, ""MOVED_AWAY_FROM_COIN"": -0.21000000000000002, ""MOVED_DOWN"": 0.0, ""MOVED_INTO_DANGER"": -2.8000000000000003, ""MOVED_LEFT"": 0.0, ""MOVED_RIGHT"": 0.0, ""MOVED_TOWARD_COIN"": 0.48, ""MOVED_TOWARD_SAFETY"": 20.700000000000028, ""MOVED_UP"": 0.0, ""OPPONENT_ELIMINATED"": 0.0, ""SAFE_BOMB_THREATENS_OPPONENT"": 0.4, ""STAYED_IN_DANGER"": -2.5, ""SURVIVED_ROUND"": 0.5, ""USELESS_BOMB"": -3.3000000000000016, ""WAITED"": -3.000000000000002}"
81,0,0,0,400,0.19093333333333334,19.035499999999992,0,25.190000000000033,-6.154500000000006,72.72933333333333,-78.8838333333333,401,1,"{""BOMB_DROPPED"": 44, ""BOMB_EXPLODED"": 44, ""BOMB_NEXT_TO_CRATE"": 5, ""CRATE_DESTROYED"": 12, ""ESCAPED_DANGER"": 49, ""MOVED_DOWN"": 53, ""MOVED_INTO_DANGER"": 5, ""MOVED_LEFT"": 50, ""MOVED_RIGHT"": 47, ""MOVED_TOWARD_COIN"": 5, ""MOVED_TOWARD_SAFETY"": 61, ""MOVED_UP"": 53, ""OPPONENT_ELIMINATED"": 1, ""SAFE_BOMB_THREATENS_OPPONENT"": 7, ""STAYED_IN_DANGER"": 11, ""SURVIVED_ROUND"": 1, ""USELESS_BOMB"": 32, ""WAITED"": 153}","{""BOMB_DROPPED"": 0.0, ""BOMB_EXPLODED"": 0.0, ""BOMB_NEXT_TO_CRATE"": 0.25, ""CRATE_DESTROYED"": 1.2, ""ESCAPED_DANGER"": 14.700000000000014, ""MOVED_DOWN"": 0.0, ""MOVED_INTO_DANGER"": -1.75, ""MOVED_LEFT"": 0.0, ""MOVED_RIGHT"": 0.0, ""MOVED_TOWARD_COIN"": 0.3, ""MOVED_TOWARD_SAFETY"": 18.300000000000022, ""MOVED_UP"": 0.0, ""OPPONENT_ELIMINATED"": 0.0, ""SAFE_BOMB_THREATENS_OPPONENT"": 0.7, ""STAYED_IN_DANGER"": -2.75, ""SURVIVED_ROUND"": 0.5, ""USELESS_BOMB"": -3.2000000000000015, ""WAITED"": -3.0600000000000023}"
82,2,0,2,400,0.19082,29.64174999999998,2.0,30.810000000000038,-3.1682500000000076,81.10233333333332,-84.27058333333333,401,1,"{""BOMB_DROPPED"": 50, ""BOMB_EXPLODED"": 50, ""BOMB_NEXT_TO_CRATE"": 15, ""COIN_COLLECTED"": 2, ""COIN_FOUND"": 3, ""CRATE_DESTROYED"": 28, ""ESCAPED_DANGER"": 54, ""MOVED_AWAY_FROM_COIN"": 1, ""MOVED_DOWN"": 41, ""MOVED_INTO_DANGER"": 4, ""MOVED_LEFT"": 48, ""MOVED_RIGHT"": 46, ""MOVED_TOWARD_COIN"": 20, ""MOVED_TOWARD_SAFETY"": 66, ""MOVED_UP"": 54, ""OPPONENT_ELIMINATED"": 1, ""SAFE_BOMB_THREATENS_OPPONENT"": 4, ""STAYED_IN_DANGER"": 12, ""SURVIVED_ROUND"": 1, ""USELESS_BOMB"": 33, ""WAITED"": 161}","{""BOMB_DROPPED"": 0.0, ""BOMB_EXPLODED"": 0.0, ""BOMB_NEXT_TO_CRATE"": 0.7500000000000001, ""COIN_COLLECTED"": 2.0, ""COIN_FOUND"": 0.15000000000000002, ""CRATE_DESTROYED"": 2.800000000000001, ""ESCAPED_DANGER"": 16.200000000000017, ""MOVED_AWAY_FROM_COIN"": -0.07, ""MOVED_DOWN"": 0.0, ""MOVED_INTO_DANGER"": -1.4, ""MOVED_LEFT"": 0.0, ""MOVED_RIGHT"": 0.0, ""MOVED_TOWARD_COIN"": 1.2000000000000006, ""MOVED_TOWARD_SAFETY"": 19.800000000000026, ""MOVED_UP"": 0.0, ""OPPONENT_ELIMINATED"": 0.0, ""SAFE_BOMB_THREATENS_OPPONENT"": 0.4, ""STAYED_IN_DANGER"": -3.0, ""SURVIVED_ROUND"": 0.5, ""USELESS_BOMB"": -3.3000000000000016, ""WAITED"": -3.2200000000000024}"
83,3,0,3,400,0.1907066666666667,28.627249999999947,3.0,32.04000000000004,-6.4127500000000115,79.68400000000001,-86.09674999999994,401,1,"{""BOMB_DROPPED"": 49, ""BOMB_EXPLODED"": 48, ""BOMB_NEXT_TO_CRATE"": 13, ""COIN_COLLECTED"": 3, ""COIN_FOUND"": 2, ""CRATE_DESTROYED"": 30, ""ESCAPED_DANGER"": 53, ""MOVED_AWAY_FROM_COIN"": 7, ""MOVED_DOWN"": 45, ""MOVED_INTO_DANGER"": 4, ""MOVED_LEFT"": 36, ""MOVED_RIGHT"": 50, ""MOVED_TOWARD_COIN"": 17, ""MOVED_TOWARD_SAFETY"": 70, ""MOVED_UP"": 58, ""OPPONENT_ELIMINATED"": 2, ""SAFE_BOMB_THREATENS_OPPONENT"": 8, ""STAYED_IN_DANGER"": 12, ""SURVIVED_ROUND"": 1, ""USELESS_BOMB"": 28, ""WAITED"": 162}","{""BOMB_DROPPED"": 0.0, ""BOMB_EXPLODED"": 0.0, ""BOMB_NEXT_TO_CRATE"": 0.65, ""COIN_COLLECTED"": 3.0, ""COIN_FOUND"": 0.1, ""CRATE_DESTROYED"": 3.0000000000000013, ""ESCAPED_DANGER"": 15.900000000000016, ""MOVED_AWAY_FROM_COIN"": -0.49000000000000005, ""MOVED_DOWN"": 0.0, ""MOVED_INTO_DANGER"": -1.4, ""MOVED_LEFT"": 0.0, ""MOVED_RIGHT"": 0.0, ""MOVED_TOWARD_COIN"": 1.0200000000000005, ""MOVED_TOWARD_SAFETY"": 21.00000000000003, ""MOVED_UP"": 0.0, ""OPPONENT_ELIMINATED"": 0.0, ""SAFE_BOMB_THREATENS_OPPONENT"": 0.7999999999999999, ""STAYED_IN_DANGER"": -3.0, ""SURVIVED_ROUND"": 0.5, ""USELESS_BOMB"": -2.800000000000001, ""WAITED"": -3.2400000000000024}"
84,1,0,1,400,0.19059333333333334,28.90599999999997,1.0,30.940000000000044,-3.0340000000000042,80.57649999999995,-83.61049999999997,401,1,"{""BOMB_DROPPED"": 54, ""BOMB_EXPLODED"": 53, ""BOMB_NEXT_TO_CRATE"": 11, ""COIN_COLLECTED"": 1, ""COIN_FOUND"": 1, ""CRATE_DESTROYED"": 24, ""ESCAPED_DANGER"": 54, ""MOVED_AWAY_FROM_COIN"": 2, ""MOVED_DOWN"": 41, ""MOVED_INTO_DANGER"": 1, ""MOVED_LEFT"": 38, ""MOVED_RIGHT"": 50, ""MOVED_TOWARD_COIN"": 5, ""MOVED_TOWARD_SAFETY"": 71, ""MOVED_UP"": 41, ""OPPONENT_ELIMINATED"": 1, ""SAFE_BOMB_THREATENS_OPPONENT"": 4, ""STAYED_IN_DANGER"": 11, ""SURVIVED_ROUND"": 1, ""USELESS_BOMB"": 40, ""WAITED"": 176}","{""BOMB_DROPPED"": 0.0, ""BOMB_EXPLODED"": 0.0, ""BOMB_NEXT_TO_CRATE"": 0.5499999999999999, ""COIN_COLLECTED"": 1.0, ""COIN_FOUND"": 0.05, ""CRATE_DESTROYED"": 2.400000000000001, ""ESCAPED_DANGER"": 16.200000000000017, ""MOVED_AWAY_FROM_COIN"": -0.14, ""MOVED_DOWN"": 0.0, ""MOVED_INTO_DANGER"": -0.35, ""MOVED_LEFT"": 0.0, ""MOVED_RIGHT"": 0.0, ""MOVED_TOWARD_COIN"": 0.3, ""MOVED_TOWARD_SAFETY"": 21.30000000000003, ""MOVED_UP"": 0.0, ""OPPONENT_ELIMINATED"": 0.0, ""SAFE_BOMB_THREATENS_OPPONENT"": 0.4, ""STAYED_IN_DANGER"": -2.75, ""SURVIVED_ROUND"": 0.5, ""USELESS_BOMB"": -4.000000000000002, ""WAITED"": -3.5200000000000027}"
85,0,0,0,400,0.19048,24.87624999999997,0,29.62000000000004,-4.743750000000003,77.55275000000002,-82.29649999999998,401,1,"{""BOMB_DROPPED"": 53, ""BOMB_EXPLODED"": 52, ""BOMB_NEXT_TO_CRATE"": 9, ""COIN_FOUND"": 2, ""CRATE_DESTROYED"": 18, ""ESCAPED_DANGER"": 52, ""MOVED_AWAY_FROM_COIN"": 3, ""MOVED_DOWN"": 39, ""MOVED_LEFT"": 45, ""MOVED_RIGHT"": 45, ""MOVED_TOWARD_COIN"": 7, ""MOVED_TOWARD_SAFETY"": 70, ""MOVED_UP"": 51, ""OPPONENT_ELIMINATED"": 1, ""SAFE_BOMB_THREATENS_OPPONENT"": 1, ""STAYED_IN_DANGER"": 10, ""SURVIVED_ROUND"": 1, ""USELESS_BOMB"": 43, ""WAITED"": 167}","{""BOMB_DROPPED"": 0.0, ""BOMB_EXPLODED"": 0.0, ""BOMB_NEXT_TO_CRATE"": 0.44999999999999996, ""COIN_FOUND"": 0.1, ""CRATE_DESTROYED"": 1.8000000000000005, ""ESCAPED_DANGER"": 15.600000000000016, ""MOVED_AWAY_FROM_COIN"": -0.21000000000000002, ""MOVED_DOWN"": 0.0, ""MOVED_LEFT"": 0.0, ""MOVED_RIGHT"": 0.0, ""MOVED_TOWARD_COIN"": 0.42, ""MOVED_TOWARD_SAFETY"": 21.00000000000003, ""MOVED_UP"": 0.0, ""OPPONENT_ELIMINATED"": 0.0, ""SAFE_BOMB_THREATENS_OPPONENT"": 0.1, ""STAYED_IN_DANGER"": -2.5, ""SURVIVED_ROUND"": 0.5, ""USELESS_BOMB"": -4.300000000000001, ""WAITED"": -3.3400000000000025}"
86,2,0,2,400,0.19036666666666668,26.531249999999968,2.0,31.780000000000044,-7.2487500000000065,77.9525,-85.20125,401,1,"{""BOMB_DROPPED"": 51, ""BOMB_EXPLODED"": 50, ""BOMB_NEXT_TO_CRATE"": 11, ""COIN_COLLECTED"": 2, ""COIN_FOUND"": 2, ""CRATE_DESTROYED"": 22, ""ESCAPED_DANGER"": 53, ""INVALID_ACTION"": 1, ""MOVED_AWAY_FROM_COIN"": 3, ""MOVED_DOWN"": 37, ""MOVED_INTO_DANGER"": 3, ""MOVED_LEFT"": 41, ""MOVED_RIGHT"": 53, ""MOVED_TOWARD_COIN"": 6, ""MOVED_TOWARD_SAFETY"": 69, ""MOVED_UP"": 51, ""OPPONENT_ELIMINATED"": 2, ""SAFE_BOMB_THREATENS_OPPONENT"": 10, ""STAYED_IN_DANGER"": 7, ""SURVIVED_ROUND"": 1, ""USELESS_BOMB"": 31, ""WAITED"": 166}","{""BOMB_DROPPED"": 0.0, ""BOMB_EXPLODED"": 0.0, ""BOMB_NEXT_TO_CRATE"": 0.5499999999999999, ""COIN_COLLECTED"": 2.0, ""COIN_FOUND"": 0.1, ""CRATE_DESTROYED"": 2.2000000000000006, ""ESCAPED_DANGER"": 15.900000000000016, ""INVALID_ACTION"": -0.1, ""MOVED_AWAY_FROM_COIN"": -0.21000000000000002, ""MOVED_DOWN"": 0.0, ""MOVED_INTO_DANGER"": -1.0499999999999998, ""MOVED_LEFT"": 0.0, ""MOVED_RIGHT"": 0.0, ""MOVED_TOWARD_COIN"": 0.36, ""MOVED_TOWARD_SAFETY"": 20.700000000000028, ""MOVED_UP"": 0.0, ""OPPONENT_ELIMINATED"": 0.0, ""SAFE_BOMB_THREATENS_OPPONENT"": 0.9999999999999999, ""STAYED_IN_DANGER"": -1.75, ""SURVIVED_ROUND"": 0.5, ""USELESS_BOMB"": -3.1000000000000014, ""WAITED"": -3.3200000000000025}"
87,0,0,0,400,0.19025333333333333,24.215999999999987,0,29.45000000000004,-5.234000000000008,71.61583333333334,-76.84983333333335,401,1,"{""BOMB_DROPPED"": 47, ""BOMB_EXPLODED"": 46, ""BOMB_NEXT_TO_CRATE"": 7, ""COIN_FOUND"": 1, ""CRATE_DESTROYED"": 17, ""ESCAPED_DANGER"": 48, ""MOVED_AWAY_FROM_COIN"": 3, ""MOVED_DOWN"": 51, ""MOVED_INTO_DANGER"": 2, ""MOVED_LEFT"": 56, ""MOVED_RIGHT"": 55, ""MOVED_TOWARD_COIN"": 6, ""MOVED_TOWARD_SAFETY"": 69, ""MOVED_UP"": 51, ""OPPONENT_ELIMINATED"": 2, ""SAFE_BOMB_THREATENS_OPPONENT"": 3, ""STAYED_IN_DANGER"": 6, ""SURVIVED_ROUND"": 1, ""USELESS_BOMB"": 37, ""WAITED"": 140}","{""BOMB_DROPPED"": 0.0, ""BOMB_EXPLODED"": 0.0, ""BOMB_NEXT_TO_CRATE"": 0.35, ""COIN_FOUND"": 0.05, ""CRATE_DESTROYED"": 1.7000000000000004, ""ESCAPED_DANGER"": 14.400000000000013, ""MOVED_AWAY_FROM_COIN"": -0.21000000000000002, ""MOVED_DOWN"": 0.0, ""MOVED_INTO_DANGER"": -0.7, ""MOVED_LEFT"": 0.0, ""MOVED_RIGHT"": 0.0, ""MOVED_TOWARD_COIN"": 0.36, ""MOVED_TOWARD_SAFETY"": 20.700000000000028, ""MOVED_UP"": 0.0, ""OPPONENT_ELIMINATED"": 0.0, ""SAFE_BOMB_THREATENS_OPPONENT"": 0.30000000000000004, ""STAYED_IN_DANGER"": -1.5, ""SURVIVED_ROUND"": 0.5, ""USELESS_BOMB"": -3.700000000000002, ""WAITED"": -2.800000000000002}"
88,1,0,1,400,0.19014,22.261999999999993,1.0,26.280000000000037,-5.018000000000003,80.27908333333335,-85.2970833333333,401,1,"{""BOMB_DROPPED"": 47, ""BOMB_EXPLODED"": 46, ""BOMB_NEXT_TO_CRATE"": 6, ""COIN_COLLECTED"": 1, ""COIN_FOUND"": 1, ""CRATE_DESTROYED"": 17, ""ESCAPED_DANGER"": 52, ""INVALID_ACTION"": 1, ""MOVED_AWAY_FROM_COIN"": 4, ""MOVED_DOWN"": 46, ""MOVED_INTO_DANGER"": 6, ""MOVED_LEFT"": 50, ""MOVED_RIGHT"": 42, ""MOVED_TOWARD_COIN"": 20, ""MOVED_TOWARD_SAFETY"": 63, ""MOVED_UP"": 57, ""OPPONENT_ELIMINATED"": 1, ""SAFE_BOMB_THREATENS_OPPONENT"": 5, ""STAYED_IN_DANGER"": 13, ""SURVIVED_ROUND"": 1, ""USELESS_BOMB"": 36, ""WAITED"": 157}","{""BOMB_DROPPED"": 0.0, ""BOMB_EXPLODED"": 0.0, ""BOMB_NEXT_TO_CRATE"": 0.3, ""COIN_COLLECTED"": 1.0, ""COIN_FOUND"": 0.05, ""CRATE_DESTROYED"": 1.7000000000000004, ""ESCAPED_DANGER"": 15.600000000000016, ""INVALID_ACTION"": -0.1, ""MOVED_AWAY_FROM_COIN"": -0.28, ""MOVED_DOWN"": 0.0, ""MOVED_INTO_DANGER"": -2.1, ""MOVED_LEFT"": 0.0, ""MOVED_RIGHT"": 0.0, ""MOVED_TOWARD_COIN"": 1.2000000000000006, ""MOVED_TOWARD_SAFETY"": 18.900000000000023, ""MOVED_UP"": 0.0, ""OPPONENT_ELIMINATED"": 0.0, ""SAFE_BOMB_THREATENS_OPPONENT"": 0.5, ""STAYED_IN_DANGER"": -3.25, ""SURVIVED_ROUND"": 0.5, ""USELESS_BOMB"": -3.600000000000002, ""WAITED"": -3.1400000000000023}"
89,1,0,1,400,0.19002666666666668,23.919999999999987,1.0,28.94000000000004,-6.020000000000003,77.21008333333332,-83.23008333333328,401,1,"{""BOMB_DROPPED"": 46, ""BOMB_EXPLODED"": 45, ""BOMB_NEXT_TO_CRATE"": 10, ""COIN_COLLECTED"": 1, ""COIN_FOUND"": 1, ""CRATE_DESTROYED"": 20, ""ESCAPED_DANGER"": 52, ""MOVED_AWAY_FROM_COIN"": 4, ""MOVED_DOWN"": 48, ""MOVED_INTO_DANGER"": 6, ""MOVED_LEFT"": 44, ""MOVED_RIGHT"": 44, ""MOVED_TOWARD_COIN"": 11, ""MOVED_TOWARD_SAFETY"": 67, ""MOVED_UP"": 61, ""OPPONENT_ELIMINATED"": 2, ""SAFE_BOMB_THREATENS_OPPONENT"": 7, ""STAYED_IN_DANGER"": 11, ""SURVIVED_ROUND"": 1, ""USELESS_BOMB"": 29, ""WAITED"": 157}","{""BOMB_DROPPED"": 0.0, ""BOMB_EXPLODED"": 0.0, ""BOMB_NEXT_TO_CRATE"": 0.49999999999999994, ""COIN_COLLECTED"": 1.0, ""COIN_FOUND"": 0.05, ""CRATE_DESTROYED"": 2.0000000000000004, ""ESCAPED_DANGER"": 15.600000000000016, ""MOVED_AWAY_FROM_COIN"": -0.28, ""MOVED_DOWN"": 0.0, ""MOVED_INTO_DANGER"": -2.1, ""MOVED_LEFT"": 0.0, ""MOVED_RIGHT"": 0.0, ""MOVED_TOWARD_COIN"": 0.6600000000000001, ""MOVED_TOWARD_SAFETY"": 20.100000000000026, ""MOVED_UP"": 0.0, ""OPPONENT_ELIMINATED"": 0.0, ""SAFE_BOMB_THREATENS_OPPONENT"": 0.7, ""STAYED_IN_DANGER"": -2.75, ""SURVIVED_ROUND"": 0.5, ""USELESS_BOMB"": -2.9000000000000012, ""WAITED"": -3.1400000000000023}"
90,1,0,1,129,0.18991333333333335,7.179499999999997,1.0,7.959999999999997,-1.7805000000000022,23.642083333333325,-25.422583333333332,129,1,"{""BOMB_DROPPED"": 15, ""BOMB_EXPLODED"": 15, ""BOMB_NEXT_TO_CRATE"": 12, ""COIN_COLLECTED"": 1, ""COIN_FOUND"": 2, ""CRATE_DESTROYED"": 29, ""ESCAPED_DANGER"": 15, ""GOT_KILLED"": 1, ""MOVED_AWAY_FROM_COIN"": 1, ""MOVED_DOWN"": 10, ""MOVED_INTO_DANGER"": 1, ""MOVED_LEFT"": 11, ""MOVED_RIGHT"": 23, ""MOVED_TOWARD_COIN"": 13, ""MOVED_TOWARD_SAFETY"": 23, ""MOVED_UP"": 15, ""STAYED_IN_DANGER"": 4, ""USELESS_BOMB"": 3, ""WAITED"": 55}","{""BOMB_DROPPED"": 0.0, ""BOMB_EXPLODED"": 0.0, ""BOMB_NEXT_TO_CRATE"": 0.6, ""COIN_COLLECTED"": 1.0, ""COIN_FOUND"": 0.1, ""CRATE_DESTROYED"": 2.9000000000000012, ""ESCAPED_DANGER"": 4.499999999999999, ""GOT_KILLED"": -5.0, ""MOVED_AWAY_FROM_COIN"": -0.07, ""MOVED_DOWN"": 0.0, ""MOVED_INTO_DANGER"": -0.35, ""MOVED_LEFT"": 0.0, ""MOVED_RIGHT"": 0.0, ""MOVED_TOWARD_COIN"": 0.7800000000000002, ""MOVED_TOWARD_SAFETY"": 6.899999999999998, ""MOVED_UP"": 0.0, ""STAYED_IN_DANGER"": -1.0, ""USELESS_BOMB"": -0.30000000000000004, ""WAITED"": -1.1000000000000005}"
91,1,0,1,400,0.1898,24.36624999999997,1.0,29.040000000000042,-5.673750000000012,76.88116666666674,-82.55491666666663,401,1,"{""BOMB_DROPPED"": 44, ""BOMB_EXPLODED"": 43, ""BOMB_NEXT_TO_CRATE"": 6, ""COIN_COLLECTED"": 1, ""COIN_FOUND"": 1, ""CRATE_DESTROYED"": 17, ""ESCAPED_DANGER"": 50, ""MOVED_AWAY_FROM_COIN"": 3, ""MOVED_DOWN"": 60, ""MOVED_INTO_DANGER"": 7, ""MOVED_LEFT"": 51, ""MOVED_RIGHT"": 51, ""MOVED_TOWARD_COIN"": 15, ""MOVED_TOWARD_SAFETY"": 74, ""MOVED_UP"": 59, ""OPPONENT_ELIMINATED"": 1, ""SAFE_BOMB_THREATENS_OPPONENT"": 4, ""STAYED_IN_DANGER"": 13, ""SURVIVED_ROUND"": 1, ""USELESS_BOMB"": 34, ""WAITED"": 135}","{""BOMB_DROPPED"": 0.0, ""BOMB_EXPLODED"": 0.0, ""BOMB_NEXT_TO_CRATE"": 0.3, ""COIN_COLLECTED"": 1.0, ""COIN_FOUND"": 0.05, ""CRATE_DESTROYED"": 1.7000000000000004, ""ESCAPED_DANGER"": 15.000000000000014, ""MOVED_AWAY_FROM_COIN"": -0.21000000000000002, ""MOVED_DOWN"": 0.0, ""MOVED_INTO_DANGER"": -2.45, ""MOVED_LEFT"": 0.0, ""MOVED_RIGHT"": 0.0, ""MOVED_TOWARD_COIN"": 0.9000000000000004, ""MOVED_TOWARD_SAFETY"": 22.20000000000003, ""MOVED_UP"": 0.0, ""OPPONENT_ELIMINATED"": 0.0, ""SAFE_BOMB_THREATENS_OPPONENT"": 0.4, ""STAYED_IN_DANGER"": -3.25, ""SURVIVED_ROUND"": 0.5, ""USELESS_BOMB"": -3.4000000000000017, ""WAITED"": -2.700000000000002}"
92,0,1,5,400,0.18968666666666667,25.692499999999935,5.0,27.70000000000004,-7.007500000000014,82.26599999999999,-89.27350000000003,401,1,"{""BOMB_DROPPED"": 47, ""BOMB_EXPLODED"": 47, ""BOMB_NEXT_TO_CRATE"": 13, ""COIN_FOUND"": 3, ""CRATE_DESTROYED"": 26, ""ESCAPED_DANGER"": 57, ""INVALID_ACTION"": 2, ""KILLED_OPPONENT"": 1, ""MOVED_AWAY_FROM_COIN"": 7, ""MOVED_DOWN"": 40, ""MOVED_INTO_DANGER"": 12, ""MOVED_LEFT"": 37, ""MOVED_RIGHT"": 51, ""MOVED_TOWARD_COIN"": 14, ""MOVED_TOWARD_SAFETY"": 63, ""MOVED_UP"": 53, ""OPPONENT_ELIMINATED"": 2, ""SAFE_BOMB_THREATENS_OPPONENT"": 10, ""STAYED_IN_DANGER"": 13, ""SURVIVED_ROUND"": 1, ""USELESS_BOMB"": 25, ""WAITED"": 170}","{""BOMB_DROPPED"": 0.0, ""BOMB_EXPLODED"": 0.0, ""BOMB_NEXT_TO_CRATE"": 0.65, ""COIN_FOUND"": 0.15000000000000002, ""CRATE_DESTROYED"": 2.600000000000001, ""ESCAPED_DANGER"": 17.10000000000002, ""INVALID_ACTION"": -0.2, ""KILLED_OPPONENT"": 5.0, ""MOVED_AWAY_FROM_COIN"": -0.49000000000000005, ""MOVED_DOWN"": 0.0, ""MOVED_INTO_DANGER"": -4.2, ""MOVED_LEFT"": 0.0, ""MOVED_RIGHT"": 0.0, ""MOVED_TOWARD_COIN"": 0.8400000000000003, ""MOVED_TOWARD_SAFETY"": 18.900000000000023, ""MOVED_UP"": 0.0, ""OPPONENT_ELIMINATED"": 0.0, ""SAFE_BOMB_THREATENS_OPPONENT"": 0.9999999999999999, ""STAYED_IN_DANGER"": -3.25, ""SURVIVED_ROUND"": 0.5, ""USELESS_BOMB"": -2.500000000000001, ""WAITED"": -3.4000000000000026}"
93,1,0,1,400,0.18957333333333334,26.571499999999997,1.0,29.53000000000004,-3.9585000000000026,79.26266666666663,-83.22116666666663,401,1,"{""BOMB_DROPPED"": 53, ""BOMB_EXPLODED"": 52, ""BOMB_NEXT_TO_CRATE"": 10, ""COIN_COLLECTED"": 1, ""COIN_FOUND"": 2, ""CRATE_DESTROYED"": 21, ""ESCAPED_DANGER"": 52, ""MOVED_AWAY_FROM_COIN"": 2, ""MOVED_DOWN"": 45, ""MOVED_LEFT"": 37, ""MOVED_RIGHT"": 51, ""MOVED_TOWARD_COIN"": 12, ""MOVED_TOWARD_SAFETY"": 68, ""MOVED_UP"": 44, ""OPPONENT_ELIMINATED"": 1, ""SAFE_BOMB_THREATENS_OPPONENT"": 1, ""STAYED_IN_DANGER"": 11, ""SURVIVED_ROUND"": 1, ""USELESS_BOMB"": 42, ""WAITED"": 170}","{""BOMB_DROPPED"": 0.0, ""BOMB_EXPLODED"": 0.0, ""BOMB_NEXT_TO_CRATE"": 0.49999999999999994, ""COIN_COLLECTED"": 1.0, ""COIN_FOUND"": 0.1, ""CRATE_DESTROYED"": 2.1000000000000005, ""ESCAPED_DANGER"": 15.600000000000016, ""MOVED_AWAY_FROM_COIN"": -0.14, ""MOVED_DOWN"": 0.0, ""MOVED_LEFT"": 0.0, ""MOVED_RIGHT"": 0.0, ""MOVED_TOWARD_COIN"": 0.7200000000000002, ""MOVED_TOWARD_SAFETY"": 20.400000000000027, ""MOVED_UP"": 0.0, ""OPPONENT_ELIMINATED"": 0.0, ""SAFE_BOMB_THREATENS_OPPONENT"": 0.1, ""STAYED_IN_DANGER"": -2.75, ""SURVIVED_ROUND"": 0.5, ""USELESS_BOMB"": -4.200000000000001, ""WAITED"": -3.4000000000000026}"
94,0,0,0,400,0.18946,25.215249999999983,0,30.010000000000044,-4.794750000000006,78.13199999999999,-82.92675000000003,401,1,"{""BOMB_DROPPED"": 50, ""BOMB_EXPLODED"": 49, ""BOMB_NEXT_TO_CRATE"": 6, ""COIN_FOUND"": 1, ""CRATE_DESTROYED"": 15, ""ESCAPED_DANGER"": 51, ""MOVED_DOWN"": 48, ""MOVED_INTO_DANGER"": 2, ""MOVED_LEFT"": 46, ""MOVED_RIGHT"": 46, ""MOVED_TOWARD_COIN"": 5, ""MOVED_TOWARD_SAFETY"": 74, ""MOVED_UP"": 48, ""OPPONENT_ELIMINATED"": 1, ""SAFE_BOMB_THREATENS_OPPONENT"": 1, ""STAYED_IN_DANGER"": 8, ""SURVIVED_ROUND"": 1, ""USELESS_BOMB"": 43, ""WAITED"": 162}","{""BOMB_DROPPED"": 0.0, ""BOMB_EXPLODED"": 0.0, ""BOMB_NEXT_TO_CRATE"": 0.3, ""COIN_FOUND"": 0.05, ""CRATE_DESTROYED"": 1.5000000000000002, ""ESCAPED_DANGER"": 15.300000000000015, ""MOVED_DOWN"": 0.0, ""MOVED_INTO_DANGER"": -0.7, ""MOVED_LEFT"": 0.0, ""MOVED_RIGHT"": 0.0, ""MOVED_TOWARD_COIN"": 0.3, ""MOVED_TOWARD_SAFETY"": 22.20000000000003, ""MOVED_UP"": 0.0, ""OPPONENT_ELIMINATED"": 0.0, ""SAFE_BOMB_THREATENS_OPPONENT"": 0.1, ""STAYED_IN_DANGER"": -2.0, ""SURVIVED_ROUND"": 0.5, ""USELESS_BOMB"": -4.300000000000001, ""WAITED"": -3.2400000000000024}"
95,1,0,1,400,0.1893466666666667,20.201749999999986,1.0,26.27000000000003,-7.068250000000005,72.556,-79.62424999999995,401,1,"{""BOMB_DROPPED"": 44, ""BOMB_EXPLODED"": 44, ""BOMB_NEXT_TO_CRATE"": 5, ""COIN_COLLECTED"": 1, ""COIN_FOUND"": 1, ""CRATE_DESTROYED"": 16, ""ESCAPED_DANGER"": 49, ""INVALID_ACTION"": 1, ""MOVED_AWAY_FROM_COIN"": 3, ""MOVED_DOWN"": 48, ""MOVED_INTO_DANGER"": 5, ""MOVED_LEFT"": 50, ""MOVED_RIGHT"": 50, ""MOVED_TOWARD_COIN"": 15, ""MOVED_TOWARD_SAFETY"": 59, ""MOVED_UP"": 46, ""OPPONENT_ELIMINATED"": 1, ""SAFE_BOMB_THREATENS_OPPONENT"": 5, ""STAYED_IN_DANGER"": 5, ""SURVIVED_ROUND"": 1, ""USELESS_BOMB"": 34, ""WAITED"": 161}","{""BOMB_DROPPED"": 0.0, ""BOMB_EXPLODED"": 0.0, ""BOMB_NEXT_TO_CRATE"": 0.25, ""COIN_COLLECTED"": 1.0, ""COIN_FOUND"": 0.05, ""CRATE_DESTROYED"": 1.6000000000000003, ""ESCAPED_DANGER"": 14.700000000000014, ""INVALID_ACTION"": -0.1, ""MOVED_AWAY_FROM_COIN"": -0.21000000000000002, ""MOVED_DOWN"": 0.0, ""MOVED_INTO_DANGER"": -1.75, ""MOVED_LEFT"": 0.0, ""MOVED_RIGHT"": 0.0, ""MOVED_TOWARD_COIN"": 0.9000000000000004, ""MOVED_TOWARD_SAFETY"": 17.70000000000002, ""MOVED_UP"": 0.0, ""OPPONENT_ELIMINATED"": 0.0, ""SAFE_BOMB_THREATENS_OPPONENT"": 0.5, ""STAYED_IN_DANGER"": -1.25, ""SURVIVED_ROUND"": 0.5, ""USELESS_BOMB"": -3.4000000000000017, ""WAITED"": -3.2200000000000024}"
96,0,0,0,400,0.18923333333333334,21.76124999999996,0,26.010000000000034,-4.248750000000006,76.47125000000003,-80.71999999999993,401,1,"{""BOMB_DROPPED"": 46, ""BOMB_EXPLODED"": 45, ""BOMB_NEXT_TO_CRATE"": 5, ""CRATE_DESTROYED"": 10, ""ESCAPED_DANGER"": 50, ""MOVED_AWAY_FROM_COIN"": 1, ""MOVED_DOWN"": 51, ""MOVED_INTO_DANGER"": 5, ""MOVED_LEFT"": 56, ""MOVED_RIGHT"": 54, ""MOVED_TOWARD_COIN"": 13, ""MOVED_TOWARD_SAFETY"": 63, ""MOVED_UP"": 48, ""OPPONENT_ELIMINATED"": 1, ""SAFE_BOMB_THREATENS_OPPONENT"": 2, ""STAYED_IN_DANGER"": 8, ""SURVIVED_ROUND"": 1, ""USELESS_BOMB"": 39, ""WAITED"": 145}","{""BOMB_DROPPED"": 0.0, ""BOMB_EXPLODED"": 0.0, ""BOMB_NEXT_TO_CRATE"": 0.25, ""CRATE_DESTROYED"": 0.9999999999999999, ""ESCAPED_DANGER"": 15.000000000000014, ""MOVED_AWAY_FROM_COIN"": -0.07, ""MOVED_DOWN"": 0.0, ""MOVED_INTO_DANGER"": -1.75, ""MOVED_LEFT"": 0.0, ""MOVED_RIGHT"": 0.0, ""MOVED_TOWARD_COIN"": 0.7800000000000002, ""MOVED_TOWARD_SAFETY"": 18.900000000000023, ""MOVED_UP"": 0.0, ""OPPONENT_ELIMINATED"": 0.0, ""SAFE_BOMB_THREATENS_OPPONENT"": 0.2, ""STAYED_IN_DANGER"": -2.0, ""SURVIVED_ROUND"": 0.5, ""USELESS_BOMB"": -3.900000000000002, ""WAITED"": -2.900000000000002}"
97,0,1,5,400,0.18912,22.526999999999997,5.0,24.670000000000037,-7.143000000000008,76.73199999999999,-83.875,401,1,"{""BOMB_DROPPED"": 52, ""BOMB_EXPLODED"": 51, ""BOMB_NEXT_TO_CRATE"": 7, ""COIN_FOUND"": 3, ""CRATE_DESTROYED"": 13, ""ESCAPED_DANGER"": 53, ""KILLED_OPPONENT"": 1, ""MOVED_AWAY_FROM_COIN"": 7, ""MOVED_DOWN"": 51, ""MOVED_INTO_DANGER"": 2, ""MOVED_LEFT"": 44, ""MOVED_RIGHT"": 39, ""MOVED_TOWARD_COIN"": 12, ""MOVED_TOWARD_SAFETY"": 62, ""MOVED_UP"": 51, ""OPPONENT_ELIMINATED"": 3, ""SAFE_BOMB_THREATENS_OPPONENT"": 3, ""STAYED_IN_DANGER"": 18, ""SURVIVED_ROUND"": 1, ""USELESS_BOMB"": 42, ""WAITED"": 163}","{""BOMB_DROPPED"": 0.0, ""BOMB_EXPLODED"": 0.0, ""BOMB_NEXT_TO_CRATE"": 0.35, ""COIN_FOUND"": 0.15000000000000002, ""CRATE_DESTROYED"": 1.3, ""ESCAPED_DANGER"": 15.900000000000016, ""KILLED_OPPONENT"": 5.0, ""MOVED_AWAY_FROM_COIN"": -0.49000000000000005, ""MOVED_DOWN"": 0.0, ""MOVED_INTO_DANGER"": -0.7, ""MOVED_LEFT"": 0.0, ""MOVED_RIGHT"": 0.0, ""MOVED_TOWARD_COIN"": 0.7200000000000002, ""MOVED_TOWARD_SAFETY"": 18.600000000000023, ""MOVED_UP"": 0.0, ""OPPONENT_ELIMINATED"": 0.0, ""SAFE_BOMB_THREATENS_OPPONENT"": 0.30000000000000004, ""STAYED_IN_DANGER"": -4.5, ""SURVIVED_ROUND"": 0.5, ""USELESS_BOMB"": -4.200000000000001, ""WAITED"": -3.2600000000000025}"
98,1,2,11,400,0.18900666666666668,31.824749999999984,11.0,26.850000000000037,-6.025250000000006,74.75174999999996,-80.777,401,1,"{""BOMB_DROPPED"": 47, ""BOMB_EXPLODED"": 47, ""BOMB_NEXT_TO_CRATE"": 7, ""COIN_COLLECTED"": 1, ""COIN_FOUND"": 1, ""CRATE_DESTROYED"": 18, ""ESCAPED_DANGER"": 51, ""INVALID_ACTION"": 3, ""KILLED_OPPONENT"": 2, ""MOVED_AWAY_FROM_COIN"": 7, ""MOVED_DOWN"": 42, ""MOVED_INTO_DANGER"": 4, ""MOVED_LEFT"": 46, ""MOVED_RIGHT"": 52, ""MOVED_TOWARD_COIN"": 27, ""MOVED_TOWARD_SAFETY"": 63, ""MOVED_UP"": 56, ""OPPONENT_ELIMINATED"": 3, ""SAFE_BOMB_THREATENS_OPPONENT"": 8, ""STAYED_IN_DANGER"": 16, ""SURVIVED_ROUND"": 1, ""USELESS_BOMB"": 32, ""WAITED"": 154}","{""BOMB_DROPPED"": 0.0, ""BOMB_EXPLODED"": 0.0, ""BOMB_NEXT_TO_CRATE"": 0.35, ""COIN_COLLECTED"": 1.0, ""COIN_FOUND"": 0.05, ""CRATE_DESTROYED"": 1.8000000000000005, ""ESCAPED_DANGER"": 15.300000000000015, ""INVALID_ACTION"": -0.30000000000000004, ""KILLED_OPPONENT"": 10.0, ""MOVED_AWAY_FROM_COIN"": -0.49000000000000005, ""MOVED_DOWN"": 0.0, ""MOVED_INTO_DANGER"": -1.4, ""MOVED_LEFT"": 0.0, ""MOVED_RIGHT"": 0.0, ""MOVED_TOWARD_COIN"": 1.620000000000001, ""MOVED_TOWARD_SAFETY"": 18.900000000000023, ""MOVED_UP"": 0.0, ""OPPONENT_ELIMINATED"": 0.0, ""SAFE_BOMB_THREATENS_OPPONENT"": 0.7999999999999999, ""STAYED_IN_DANGER"": -4.0, ""SURVIVED_ROUND"": 0.5, ""USELESS_BOMB"": -3.2000000000000015, ""WAITED"": -3.0800000000000023}"
99,1,2,11,400,0.18889333333333333,39.027250000000016,11.0,29.52000000000004,-1.4927499999999945,70.42574999999997,-71.91849999999982,401,1,"{""BOMB_DROPPED"": 47, ""BOMB_EXPLODED"": 47, ""BOMB_NEXT_TO_CRATE"": 7, ""COIN_COLLECTED"": 1, ""COIN_FOUND"": 1, ""CRATE_DESTROYED"": 14, ""ESCAPED_DANGER"": 47, ""KILLED_OPPONENT"": 2, ""MOVED_AWAY_FROM_COIN"": 1, ""MOVED_DOWN"": 62, ""MOVED_LEFT"": 45, ""MOVED_RIGHT"": 44, ""MOVED_TOWARD_COIN"": 3, ""MOVED_TOWARD_SAFETY"": 76, ""MOVED_UP"": 60, ""OPPONENT_ELIMINATED"": 3, ""SAFE_BOMB_THREATENS_OPPONENT"": 2, ""STAYED_IN_DANGER"": 13, ""SURVIVED_ROUND"": 1, ""USELESS_BOMB"": 39, ""WAITED"": 142}","{""BOMB_DROPPED"": 0.0, ""BOMB_EXPLODED"": 0.0, ""BOMB_NEXT_TO_CRATE"": 0.35, ""COIN_COLLECTED"": 1.0, ""COIN_FOUND"": 0.05, ""CRATE_DESTROYED"": 1.4000000000000001, ""ESCAPED_DANGER"": 14.100000000000012, ""KILLED_OPPONENT"": 10.0, ""MOVED_AWAY_FROM_COIN"": -0.07, ""MOVED_DOWN"": 0.0, ""MOVED_LEFT"": 0.0, ""MOVED_RIGHT"": 0.0, ""MOVED_TOWARD_COIN"": 0.18, ""MOVED_TOWARD_SAFETY"": 22.800000000000033, ""MOVED_UP"": 0.0, ""OPPONENT_ELIMINATED"": 0.0, ""SAFE_BOMB_THREATENS_OPPONENT"": 0.2, ""STAYED_IN_DANGER"": -3.25, ""SURVIVED_ROUND"": 0.5, ""USELESS_BOMB"": -3.900000000000002, ""WAITED"": -2.840000000000002}"
100,1,0,1,400,0.18878,23.43249999999997,1.0,28.29000000000004,-5.857500000000001,78.36566666666667,-84.22316666666663,401,1,"{""BOMB_DROPPED"": 47, ""BOMB_EXPLODED"": 47, ""BOMB_NEXT_TO_CRATE"": 10, ""COIN_COLLECTED"": 1, ""COIN_FOUND"": 2, ""CRATE_DESTROYED"": 20, ""ESCAPED_DANGER"": 53, ""MOVED_AWAY_FROM_COIN"": 3, ""MOVED_DOWN"": 41, ""MOVED_INTO_DANGER"": 6, ""MOVED_LEFT"": 49, ""MOVED_RIGHT"": 49, ""MOVED_TOWARD_COIN"": 4, ""MOVED_TOWARD_SAFETY"": 65, ""MOVED_UP"": 52, ""OPPONENT_ELIMINATED"": 2, ""SAFE_BOMB_THREATENS_OPPONENT"": 7, ""STAYED_IN_DANGER"": 10, ""SURVIVED_ROUND"": 1, ""USELESS_BOMB"": 31, ""WAITED"": 162}","{""BOMB_DROPPED"": 0.0, ""BOMB_EXPLODED"": 0.0, ""BOMB_NEXT_TO_CRATE"": 0.49999999999999994, ""COIN_COLLECTED"": 1.0, ""COIN_FOUND"": 0.1, ""CRATE_DESTROYED"": 2.0000000000000004, ""ESCAPED_DANGER"": 15.900000000000016, ""MOVED_AWAY_FROM_COIN"": -0.21000000000000002, ""MOVED_DOWN"": 0.0, ""MOVED_INTO_DANGER"": -2.1, ""MOVED_LEFT"": 0.0, ""MOVED_RIGHT"": 0.0, ""MOVED_TOWARD_COIN"": 0.24, ""MOVED_TOWARD_SAFETY"": 19.500000000000025, ""MOVED_UP"": 0.0, ""OPPONENT_ELIMINATED"": 0.0, ""SAFE_BOMB_THREATENS_OPPONENT"": 0.7, ""STAYED_IN_DANGER"": -2.5, ""SURVIVED_ROUND"": 0.5, ""USELESS_BOMB"": -3.1000000000000014, ""WAITED"": -3.2400000000000024}"
