episode,coins,kills,game_score,steps,epsilon,training_reward,objective_reward,other_event_reward,potential_net,potential_positive,potential_negative,potential_calls,terminal_potential_calls,event_counts,event_rewards
1,1,0,1,400,0.2,18.063499999999944,1.0,22.51000000000001,-5.44650000000002,46.69658333333325,-52.1430833333333,400,0,"{""BOMB_DROPPED"": 29, ""BOMB_EXPLODED"": 29, ""BOMB_NEXT_TO_CRATE"": 13, ""COIN_COLLECTED"": 1, ""CRATE_DESTROYED"": 32, ""ESCAPED_DANGER"": 29, ""MOVED_DOWN"": 48, ""MOVED_INTO_DANGER"": 1, ""MOVED_LEFT"": 88, ""MOVED_RIGHT"": 87, ""MOVED_TOWARD_COIN"": 21, ""MOVED_TOWARD_SAFETY"": 41, ""MOVED_UP"": 48, ""OPPONENT_ELIMINATED"": 1, ""SAFE_BOMB_THREATENS_OPPONENT"": 6, ""STAYED_IN_DANGER"": 5, ""SURVIVED_ROUND"": 1, ""USELESS_BOMB"": 11, ""WAITED"": 100}","{""BOMB_DROPPED"": 0.0, ""BOMB_EXPLODED"": 0.0, ""BOMB_NEXT_TO_CRATE"": 0.65, ""COIN_COLLECTED"": 1.0, ""CRATE_DESTROYED"": 3.2000000000000015, ""ESCAPED_DANGER"": 8.7, ""MOVED_DOWN"": 0.0, ""MOVED_INTO_DANGER"": -0.35, ""MOVED_LEFT"": 0.0, ""MOVED_RIGHT"": 0.0, ""MOVED_TOWARD_COIN"": 1.2600000000000007, ""MOVED_TOWARD_SAFETY"": 12.300000000000008, ""MOVED_UP"": 0.0, ""OPPONENT_ELIMINATED"": 0.0, ""SAFE_BOMB_THREATENS_OPPONENT"": 0.6, ""STAYED_IN_DANGER"": -1.25, ""SURVIVED_ROUND"": 0.5, ""USELESS_BOMB"": -1.0999999999999999, ""WAITED"": -2.0000000000000013}"
2,2,0,2,400,0.19988666666666668,26.555999999999955,2.0,30.24000000000003,-5.684000000000006,67.95191666666666,-73.6359166666667,400,0,"{""BOMB_DROPPED"": 42, ""BOMB_EXPLODED"": 42, ""BOMB_NEXT_TO_CRATE"": 14, ""COIN_COLLECTED"": 2, ""COIN_FOUND"": 2, ""CRATE_DESTROYED"": 24, ""ESCAPED_DANGER"": 44, ""INVALID_ACTION"": 1, ""MOVED_AWAY_FROM_COIN"": 2, ""MOVED_DOWN"": 48, ""MOVED_INTO_DANGER"": 2, ""MOVED_LEFT"": 64, ""MOVED_RIGHT"": 54, ""MOVED_TOWARD_COIN"": 25, ""MOVED_TOWARD_SAFETY"": 64, ""MOVED_UP"": 60, ""OPPONENT_ELIMINATED"": 2, ""SAFE_BOMB_THREATENS_OPPONENT"": 10, ""STAYED_IN_DANGER"": 12, ""SURVIVED_ROUND"": 1, ""USELESS_BOMB"": 18, ""WAITED"": 131}","{""BOMB_DROPPED"": 0.0, ""BOMB_EXPLODED"": 0.0, ""BOMB_NEXT_TO_CRATE"": 0.7000000000000001, ""COIN_COLLECTED"": 2.0, ""COIN_FOUND"": 0.1, ""CRATE_DESTROYED"": 2.400000000000001, ""ESCAPED_DANGER"": 13.20000000000001, ""INVALID_ACTION"": -0.1, ""MOVED_AWAY_FROM_COIN"": -0.14, ""MOVED_DOWN"": 0.0, ""MOVED_INTO_DANGER"": -0.7, ""MOVED_LEFT"": 0.0, ""MOVED_RIGHT"": 0.0, ""MOVED_TOWARD_COIN"": 1.5000000000000009, ""MOVED_TOWARD_SAFETY"": 19.200000000000024, ""MOVED_UP"": 0.0, ""OPPONENT_ELIMINATED"": 0.0, ""SAFE_BOMB_THREATENS_OPPONENT"": 0.9999999999999999, ""STAYED_IN_DANGER"": -3.0, ""SURVIVED_ROUND"": 0.5, ""USELESS_BOMB"": -1.8000000000000005, ""WAITED"": -2.620000000000002}"
3,1,0,1,400,0.19977333333333336,30.385500000000015,1.0,32.21000000000004,-2.8244999999999987,72.54133333333327,-75.36583333333334,400,0,"{""BOMB_DROPPED"": 46, ""BOMB_EXPLODED"": 46, ""BOMB_NEXT_TO_CRATE"": 14, ""COIN_COLLECTED"": 1, ""COIN_FOUND"": 3, ""CRATE_DESTROYED"": 26, ""ESCAPED_DANGER"": 46, ""MOVED_AWAY_FROM_COIN"": 2, ""MOVED_DOWN"": 48, ""MOVED_LEFT"": 53, ""MOVED_RIGHT"": 56, ""MOVED_TOWARD_COIN"": 4, ""MOVED_TOWARD_SAFETY"": 74, ""MOVED_UP"": 60, ""OPPONENT_ELIMINATED"": 1, ""SAFE_BOMB_THREATENS_OPPONENT"": 3, ""STAYED_IN_DANGER"": 10, ""SURVIVED_ROUND"": 1, ""USELESS_BOMB"": 29, ""WAITED"": 137}","{""BOMB_DROPPED"": 0.0, ""BOMB_EXPLODED"": 0.0, ""BOMB_NEXT_TO_CRATE"": 0.7000000000000001, ""COIN_COLLECTED"": 1.0, ""COIN_FOUND"": 0.15000000000000002, ""CRATE_DESTROYED"": 2.600000000000001, ""ESCAPED_DANGER"": 13.800000000000011, ""MOVED_AWAY_FROM_COIN"": -0.14, ""MOVED_DOWN"": 0.0, ""MOVED_LEFT"": 0.0, ""MOVED_RIGHT"": 0.0, ""MOVED_TOWARD_COIN"": 0.24, ""MOVED_TOWARD_SAFETY"": 22.20000000000003, ""MOVED_UP"": 0.0, ""OPPONENT_ELIMINATED"": 0.0, ""SAFE_BOMB_THREATENS_OPPONENT"": 0.30000000000000004, ""STAYED_IN_DANGER"": -2.5, ""SURVIVED_ROUND"": 0.5, ""USELESS_BOMB"": -2.9000000000000012, ""WAITED"": -2.740000000000002}"
4,0,1,5,400,0.19966,25.609249999999964,5.0,28.41000000000004,-7.800750000000015,73.74199999999999,-81.54275000000008,400,0,"{""BOMB_DROPPED"": 45, ""BOMB_EXPLODED"": 44, ""BOMB_NEXT_TO_CRATE"": 8, ""COIN_FOUND"": 1, ""CRATE_DESTROYED"": 18, ""ESCAPED_DANGER"": 50, ""INVALID_ACTION"": 2, ""KILLED_OPPONENT"": 1, ""MOVED_AWAY_FROM_COIN"": 10, ""MOVED_DOWN"": 46, ""MOVED_INTO_DANGER"": 6, ""MOVED_LEFT"": 59, ""MOVED_RIGHT"": 58, ""MOVED_TOWARD_COIN"": 15, ""MOVED_TOWARD_SAFETY"": 66, ""MOVED_UP"": 58, ""OPPONENT_ELIMINATED"": 2, ""SAFE_BOMB_THREATENS_OPPONENT"": 15, ""STAYED_IN_DANGER"": 14, ""SURVIVED_ROUND"": 1, ""USELESS_BOMB"": 24, ""WAITED"": 132}","{""BOMB_DROPPED"": 0.0, ""BOMB_EXPLODED"": 0.0, ""BOMB_NEXT_TO_CRATE"": 0.39999999999999997, ""COIN_FOUND"": 0.05, ""CRATE_DESTROYED"": 1.8000000000000005, ""ESCAPED_DANGER"": 15.000000000000014, ""INVALID_ACTION"": -0.2, ""KILLED_OPPONENT"": 5.0, ""MOVED_AWAY_FROM_COIN"": -0.7000000000000002, ""MOVED_DOWN"": 0.0, ""MOVED_INTO_DANGER"": -2.1, ""MOVED_LEFT"": 0.0, ""MOVED_RIGHT"": 0.0, ""MOVED_TOWARD_COIN"": 0.9000000000000004, ""MOVED_TOWARD_SAFETY"": 19.800000000000026, ""MOVED_UP"": 0.0, ""OPPONENT_ELIMINATED"": 0.0, ""SAFE_BOMB_THREATENS_OPPONENT"": 1.5000000000000002, ""STAYED_IN_DANGER"": -3.5, ""SURVIVED_ROUND"": 0.5, ""USELESS_BOMB"": -2.400000000000001, ""WAITED"": -2.640000000000002}"
5,2,1,7,400,0.19954666666666668,25.226499999999973,7.0,25.72000000000002,-7.493500000000001,59.944,-67.43749999999989,400,0,"{""BOMB_DROPPED"": 36, ""BOMB_EXPLODED"": 35, ""BOMB_NEXT_TO_CRATE"": 7, ""COIN_COLLECTED"": 2, ""COIN_FOUND"": 2, ""CRATE_DESTROYED"": 15, ""ESCAPED_DANGER"": 36, ""KILLED_OPPONENT"": 1, ""MOVED_AWAY_FROM_COIN"": 7, ""MOVED_DOWN"": 71, ""MOVED_INTO_DANGER"": 1, ""MOVED_LEFT"": 69, ""MOVED_RIGHT"": 55, ""MOVED_TOWARD_COIN"": 16, ""MOVED_TOWARD_SAFETY"": 58, ""MOVED_UP"": 59, ""OPPONENT_ELIMINATED"": 1, ""SAFE_BOMB_THREATENS_OPPONENT"": 7, ""STAYED_IN_DANGER"": 5, ""SURVIVED_ROUND"": 1, ""USELESS_BOMB"": 23, ""WAITED"": 110}","{""BOMB_DROPPED"": 0.0, ""BOMB_EXPLODED"": 0.0, ""BOMB_NEXT_TO_CRATE"": 0.35, ""COIN_COLLECTED"": 2.0, ""COIN_FOUND"": 0.1, ""CRATE_DESTROYED"": 1.5000000000000002, ""ESCAPED_DANGER"": 10.800000000000004, ""KILLED_OPPONENT"": 5.0, ""MOVED_AWAY_FROM_COIN"": -0.49000000000000005, ""MOVED_DOWN"": 0.0, ""MOVED_INTO_DANGER"": -0.35, ""MOVED_LEFT"": 0.0, ""MOVED_RIGHT"": 0.0, ""MOVED_TOWARD_COIN"": 0.9600000000000004, ""MOVED_TOWARD_SAFETY"": 17.40000000000002, ""MOVED_UP"": 0.0, ""OPPONENT_ELIMINATED"": 0.0, ""SAFE_BOMB_THREATENS_OPPONENT"": 0.7, ""STAYED_IN_DANGER"": -1.25, ""SURVIVED_ROUND"": 0.5, ""USELESS_BOMB"": -2.3000000000000007, ""WAITED"": -2.2000000000000015}"
6,1,0,1,91,0.19943333333333335,-0.5590000000000019,1.0,0.97,-2.5290000000000017,14.676416666666658,-17.205416666666665,90,0,"{""BOMB_DROPPED"": 8, ""BOMB_EXPLODED"": 8, ""BOMB_NEXT_TO_CRATE"": 5, ""COIN_COLLECTED"": 1, ""COIN_FOUND"": 2, ""CRATE_DESTROYED"": 15, ""ESCAPED_DANGER"": 8, ""GOT_KILLED"": 1, ""MOVED_AWAY_FROM_COIN"": 8, ""MOVED_DOWN"": 16, ""MOVED_INTO_DANGER"": 1, ""MOVED_LEFT"": 13, ""MOVED_RIGHT"": 9, ""MOVED_TOWARD_COIN"": 21, ""MOVED_TOWARD_SAFETY"": 11, ""MOVED_UP"": 16, ""OPPONENT_ELIMINATED"": 1, ""SAFE_BOMB_THREATENS_OPPONENT"": 1, ""STAYED_IN_DANGER"": 5, ""USELESS_BOMB"": 2, ""WAITED"": 29}","{""BOMB_DROPPED"": 0.0, ""BOMB_EXPLODED"": 0.0, ""BOMB_NEXT_TO_CRATE"": 0.25, ""COIN_COLLECTED"": 1.0, ""COIN_FOUND"": 0.1, ""CRATE_DESTROYED"": 1.5000000000000002, ""ESCAPED_DANGER"": 2.4, ""GOT_KILLED"": -5.0, ""MOVED_AWAY_FROM_COIN"": -0.56, ""MOVED_DOWN"": 0.0, ""MOVED_INTO_DANGER"": -0.35, ""MOVED_LEFT"": 0.0, ""MOVED_RIGHT"": 0.0, ""MOVED_TOWARD_COIN"": 1.2600000000000007, ""MOVED_TOWARD_SAFETY"": 3.2999999999999994, ""MOVED_UP"": 0.0, ""OPPONENT_ELIMINATED"": 0.0, ""SAFE_BOMB_THREATENS_OPPONENT"": 0.1, ""STAYED_IN_DANGER"": -1.25, ""USELESS_BOMB"": -0.2, ""WAITED"": -0.5800000000000002}"
7,2,1,7,400,0.19932,24.035500000000063,7.0,22.670000000000023,-5.634500000000005,66.06716666666667,-71.70166666666657,400,0,"{""BOMB_DROPPED"": 34, ""BOMB_EXPLODED"": 33, ""BOMB_NEXT_TO_CRATE"": 11, ""COIN_COLLECTED"": 2, ""COIN_FOUND"": 2, ""CRATE_DESTROYED"": 20, ""ESCAPED_DANGER"": 45, ""INVALID_ACTION"": 3, ""KILLED_OPPONENT"": 1, ""MOVED_AWAY_FROM_COIN"": 5, ""MOVED_DOWN"": 55, ""MOVED_INTO_DANGER"": 11, ""MOVED_LEFT"": 56, ""MOVED_RIGHT"": 67, ""MOVED_TOWARD_COIN"": 6, ""MOVED_TOWARD_SAFETY"": 53, ""MOVED_UP"": 63, ""OPPONENT_ELIMINATED"": 3, ""SAFE_BOMB_THREATENS_OPPONENT"": 5, ""STAYED_IN_DANGER"": 8, ""SURVIVED_ROUND"": 1, ""USELESS_BOMB"": 18, ""WAITED"": 122}","{""BOMB_DROPPED"": 0.0, ""BOMB_EXPLODED"": 0.0, ""BOMB_NEXT_TO_CRATE"": 0.5499999999999999, ""COIN_COLLECTED"": 2.0, ""COIN_FOUND"": 0.1, ""CRATE_DESTROYED"": 2.0000000000000004, ""ESCAPED_DANGER"": 13.50000000000001, ""INVALID_ACTION"": -0.30000000000000004, ""KILLED_OPPONENT"": 5.0, ""MOVED_AWAY_FROM_COIN"": -0.35000000000000003, ""MOVED_DOWN"": 0.0, ""MOVED_INTO_DANGER"": -3.8500000000000005, ""MOVED_LEFT"": 0.0, ""MOVED_RIGHT"": 0.0, ""MOVED_TOWARD_COIN"": 0.36, ""MOVED_TOWARD_SAFETY"": 15.900000000000016, ""MOVED_UP"": 0.0, ""OPPONENT_ELIMINATED"": 0.0, ""SAFE_BOMB_THREATENS_OPPONENT"": 0.5, ""STAYED_IN_DANGER"": -2.0, ""SURVIVED_ROUND"": 0.5, ""USELESS_BOMB"": -1.8000000000000005, ""WAITED"": -2.4400000000000017}"
8,3,1,8,309,0.19920666666666667,28.62549999999995,8.0,26.130000000000024,-5.504500000000012,57.292750000000055,-62.79725,309,0,"{""BOMB_DROPPED"": 34, ""BOMB_EXPLODED"": 34, ""BOMB_NEXT_TO_CRATE"": 15, ""COIN_COLLECTED"": 3, ""COIN_FOUND"": 3, ""CRATE_DESTROYED"": 33, ""ESCAPED_DANGER"": 38, ""INVALID_ACTION"": 1, ""KILLED_OPPONENT"": 1, ""MOVED_AWAY_FROM_COIN"": 8, ""MOVED_DOWN"": 37, ""MOVED_INTO_DANGER"": 5, ""MOVED_LEFT"": 32, ""MOVED_RIGHT"": 46, ""MOVED_TOWARD_COIN"": 24, ""MOVED_TOWARD_SAFETY"": 50, ""MOVED_UP"": 49, ""OPPONENT_ELIMINATED"": 3, ""SAFE_BOMB_THREATENS_OPPONENT"": 10, ""SAFE_BOMB_TRAPS_OPPONENT"": 1, ""STAYED_IN_DANGER"": 8, ""SURVIVED_ROUND"": 1, ""USELESS_BOMB"": 10, ""WAITED"": 110}","{""BOMB_DROPPED"": 0.0, ""BOMB_EXPLODED"": 0.0, ""BOMB_NEXT_TO_CRATE"": 0.7500000000000001, ""COIN_COLLECTED"": 3.0, ""COIN_FOUND"": 0.15000000000000002, ""CRATE_DESTROYED"": 3.3000000000000016, ""ESCAPED_DANGER"": 11.400000000000006, ""INVALID_ACTION"": -0.1, ""KILLED_OPPONENT"": 5.0, ""MOVED_AWAY_FROM_COIN"": -0.56, ""MOVED_DOWN"": 0.0, ""MOVED_INTO_DANGER"": -1.75, ""MOVED_LEFT"": 0.0, ""MOVED_RIGHT"": 0.0, ""MOVED_TOWARD_COIN"": 1.4400000000000008, ""MOVED_TOWARD_SAFETY"": 15.000000000000014, ""MOVED_UP"": 0.0, ""OPPONENT_ELIMINATED"": 0.0, ""SAFE_BOMB_THREATENS_OPPONENT"": 0.9999999999999999, ""SAFE_BOMB_TRAPS_OPPONENT"": 0.2, ""STAYED_IN_DANGER"": -2.0, ""SURVIVED_ROUND"": 0.5, ""USELESS_BOMB"": -0.9999999999999999, ""WAITED"": -2.2000000000000015}"
9,0,0,0,400,0.19909333333333334,19.068749999999994,0,24.29000000000002,-5.221250000000007,59.38974999999997,-64.61099999999998,400,0,"{""BOMB_DROPPED"": 35, ""BOMB_EXPLODED"": 34, ""BOMB_NEXT_TO_CRATE"": 7, ""CRATE_DESTROYED"": 19, ""ESCAPED_DANGER"": 38, ""INVALID_ACTION"": 2, ""MOVED_AWAY_FROM_COIN"": 4, ""MOVED_DOWN"": 47, ""MOVED_INTO_DANGER"": 3, ""MOVED_LEFT"": 64, ""MOVED_RIGHT"": 54, ""MOVED_TOWARD_COIN"": 16, ""MOVED_TOWARD_SAFETY"": 55, ""MOVED_UP"": 46, ""OPPONENT_ELIMINATED"": 1, ""SAFE_BOMB_THREATENS_OPPONENT"": 9, ""STAYED_IN_DANGER"": 7, ""SURVIVED_ROUND"": 1, ""USELESS_BOMB"": 19, ""WAITED"": 152}","{""BOMB_DROPPED"": 0.0, ""BOMB_EXPLODED"": 0.0, ""BOMB_NEXT_TO_CRATE"": 0.35, ""CRATE_DESTROYED"": 1.9000000000000006, ""ESCAPED_DANGER"": 11.400000000000006, ""INVALID_ACTION"": -0.2, ""MOVED_AWAY_FROM_COIN"": -0.28, ""MOVED_DOWN"": 0.0, ""MOVED_INTO_DANGER"": -1.0499999999999998, ""MOVED_LEFT"": 0.0, ""MOVED_RIGHT"": 0.0, ""MOVED_TOWARD_COIN"": 0.9600000000000004, ""MOVED_TOWARD_SAFETY"": 16.500000000000018, ""MOVED_UP"": 0.0, ""OPPONENT_ELIMINATED"": 0.0, ""SAFE_BOMB_THREATENS_OPPONENT"": 0.8999999999999999, ""STAYED_IN_DANGER"": -1.75, ""SURVIVED_ROUND"": 0.5, ""USELESS_BOMB"": -1.9000000000000006, ""WAITED"": -3.0400000000000023}"
10,1,0,1,400,0.19898000000000002,18.28549999999999,1.0,23.460000000000015,-6.17450000000001,51.66949999999995,-57.84399999999996,400,0,"{""BOMB_DROPPED"": 31, ""BOMB_EXPLODED"": 31, ""BOMB_NEXT_TO_CRATE"": 11, ""COIN_COLLECTED"": 1, ""COIN_FOUND"": 1, ""CRATE_DESTROYED"": 30, ""ESCAPED_DANGER"": 32, ""MOVED_DOWN"": 70, ""MOVED_INTO_DANGER"": 1, ""MOVED_LEFT"": 71, ""MOVED_RIGHT"": 59, ""MOVED_TOWARD_COIN"": 7, ""MOVED_TOWARD_SAFETY"": 47, ""MOVED_UP"": 66, ""OPPONENT_ELIMINATED"": 1, ""SAFE_BOMB_THREATENS_OPPONENT"": 7, ""STAYED_IN_DANGER"": 7, ""SURVIVED_ROUND"": 1, ""USELESS_BOMB"": 13, ""WAITED"": 103}","{""BOMB_DROPPED"": 0.0, ""BOMB_EXPLODED"": 0.0, ""BOMB_NEXT_TO_CRATE"": 0.5499999999999999, ""COIN_COLLECTED"": 1.0, ""COIN_FOUND"": 0.05, ""CRATE_DESTROYED"": 3.0000000000000013, ""ESCAPED_DANGER"": 9.600000000000001, ""MOVED_DOWN"": 0.0, ""MOVED_INTO_DANGER"": -0.35, ""MOVED_LEFT"": 0.0, ""MOVED_RIGHT"": 0.0, ""MOVED_TOWARD_COIN"": 0.42, ""MOVED_TOWARD_SAFETY"": 14.100000000000012, ""MOVED_UP"": 0.0, ""OPPONENT_ELIMINATED"": 0.0, ""SAFE_BOMB_THREATENS_OPPONENT"": 0.7, ""STAYED_IN_DANGER"": -1.75, ""SURVIVED_ROUND"": 0.5, ""USELESS_BOMB"": -1.3, ""WAITED"": -2.0600000000000014}"
11,0,0,0,400,0.19886666666666666,15.284250000000032,0,22.810000000000024,-7.525750000000011,64.54333333333344,-72.06908333333325,400,0,"{""BOMB_DROPPED"": 35, ""BOMB_EXPLODED"": 34, ""BOMB_NEXT_TO_CRATE"": 9, ""COIN_FOUND"": 1, ""CRATE_DESTROYED"": 20, ""ESCAPED_DANGER"": 42, ""INVALID_ACTION"": 2, ""MOVED_AWAY_FROM_COIN"": 4, ""MOVED_DOWN"": 37, ""MOVED_INTO_DANGER"": 8, ""MOVED_LEFT"": 43, ""MOVED_RIGHT"": 57, ""MOVED_TOWARD_COIN"": 4, ""MOVED_TOWARD_SAFETY"": 53, ""MOVED_UP"": 51, ""OPPONENT_ELIMINATED"": 2, ""SAFE_BOMB_THREATENS_OPPONENT"": 19, ""STAYED_IN_DANGER"": 13, ""SURVIVED_ROUND"": 1, ""USELESS_BOMB"": 8, ""WAITED"": 175}","{""BOMB_DROPPED"": 0.0, ""BOMB_EXPLODED"": 0.0, ""BOMB_NEXT_TO_CRATE"": 0.44999999999999996, ""COIN_FOUND"": 0.05, ""CRATE_DESTROYED"": 2.0000000000000004, ""ESCAPED_DANGER"": 12.600000000000009, ""INVALID_ACTION"": -0.2, ""MOVED_AWAY_FROM_COIN"": -0.28, ""MOVED_DOWN"": 0.0, ""MOVED_INTO_DANGER"": -2.8000000000000003, ""MOVED_LEFT"": 0.0, ""MOVED_RIGHT"": 0.0, ""MOVED_TOWARD_COIN"": 0.24, ""MOVED_TOWARD_SAFETY"": 15.900000000000016, ""MOVED_UP"": 0.0, ""OPPONENT_ELIMINATED"": 0.0, ""SAFE_BOMB_THREATENS_OPPONENT"": 1.9000000000000006, ""STAYED_IN_DANGER"": -3.25, ""SURVIVED_ROUND"": 0.5, ""USELESS_BOMB"": -0.7999999999999999, ""WAITED"": -3.5000000000000027}"
12,1,0,1,400,0.19875333333333334,22.46174999999998,1.0,28.47000000000003,-7.008250000000002,61.609333333333254,-68.6175833333333,400,0,"{""BOMB_DROPPED"": 39, ""BOMB_EXPLODED"": 38, ""BOMB_NEXT_TO_CRATE"": 13, ""COIN_COLLECTED"": 1, ""COIN_FOUND"": 1, ""CRATE_DESTROYED"": 26, ""ESCAPED_DANGER"": 40, ""MOVED_AWAY_FROM_COIN"": 5, ""MOVED_DOWN"": 69, ""MOVED_INTO_DANGER"": 3, ""MOVED_LEFT"": 41, ""MOVED_RIGHT"": 55, ""MOVED_TOWARD_COIN"": 21, ""MOVED_TOWARD_SAFETY"": 62, ""MOVED_UP"": 69, ""OPPONENT_ELIMINATED"": 1, ""SAFE_BOMB_THREATENS_OPPONENT"": 3, ""STAYED_IN_DANGER"": 5, ""SURVIVED_ROUND"": 1, ""USELESS_BOMB"": 23, ""WAITED"": 127}","{""BOMB_DROPPED"": 0.0, ""BOMB_EXPLODED"": 0.0, ""BOMB_NEXT_TO_CRATE"": 0.65, ""COIN_COLLECTED"": 1.0, ""COIN_FOUND"": 0.05, ""CRATE_DESTROYED"": 2.600000000000001, ""ESCAPED_DANGER"": 12.000000000000007, ""MOVED_AWAY_FROM_COIN"": -0.35000000000000003, ""MOVED_DOWN"": 0.0, ""MOVED_INTO_DANGER"": -1.0499999999999998, ""MOVED_LEFT"": 0.0, ""MOVED_RIGHT"": 0.0, ""MOVED_TOWARD_COIN"": 1.2600000000000007, ""MOVED_TOWARD_SAFETY"": 18.600000000000023, ""MOVED_UP"": 0.0, ""OPPONENT_ELIMINATED"": 0.0, ""SAFE_BOMB_THREATENS_OPPONENT"": 0.30000000000000004, ""STAYED_IN_DANGER"": -1.25, ""SURVIVED_ROUND"": 0.5, ""USELESS_BOMB"": -2.3000000000000007, ""WAITED"": -2.540000000000002}"
13,2,0,2,400,0.19864,29.635499999999958,2.0,31.90000000000004,-4.264500000000005,72.8693333333334,-77.13383333333329,400,0,"{""BOMB_DROPPED"": 40, ""BOMB_EXPLODED"": 39, ""BOMB_NEXT_TO_CRATE"": 13, ""COIN_COLLECTED"": 2, ""COIN_FOUND"": 3, ""CRATE_DESTROYED"": 31, ""ESCAPED_DANGER"": 48, ""INVALID_ACTION"": 2, ""MOVED_AWAY_FROM_COIN"": 7, ""MOVED_DOWN"": 63, ""MOVED_INTO_DANGER"": 8, ""MOVED_LEFT"": 47, ""MOVED_RIGHT"": 60, ""MOVED_TOWARD_COIN"": 13, ""MOVED_TOWARD_SAFETY"": 71, ""MOVED_UP"": 71, ""OPPONENT_ELIMINATED"": 2, ""SAFE_BOMB_THREATENS_OPPONENT"": 9, ""STAYED_IN_DANGER"": 9, ""SURVIVED_ROUND"": 1, ""USELESS_BOMB"": 18, ""WAITED"": 117}","{""BOMB_DROPPED"": 0.0, ""BOMB_EXPLODED"": 0.0, ""BOMB_NEXT_TO_CRATE"": 0.65, ""COIN_COLLECTED"": 2.0, ""COIN_FOUND"": 0.15000000000000002, ""CRATE_DESTROYED"": 3.1000000000000014, ""ESCAPED_DANGER"": 14.400000000000013, ""INVALID_ACTION"": -0.2, ""MOVED_AWAY_FROM_COIN"": -0.49000000000000005, ""MOVED_DOWN"": 0.0, ""MOVED_INTO_DANGER"": -2.8000000000000003, ""MOVED_LEFT"": 0.0, ""MOVED_RIGHT"": 0.0, ""MOVED_TOWARD_COIN"": 0.7800000000000002, ""MOVED_TOWARD_SAFETY"": 21.30000000000003, ""MOVED_UP"": 0.0, ""OPPONENT_ELIMINATED"": 0.0, ""SAFE_BOMB_THREATENS_OPPONENT"": 0.8999999999999999, ""STAYED_IN_DANGER"": -2.25, ""SURVIVED_ROUND"": 0.5, ""USELESS_BOMB"": -1.8000000000000005, ""WAITED"": -2.3400000000000016}"
14,0,2,10,400,0.19852666666666666,37.581499999999984,10.0,29.040000000000035,-1.4585000000000021,65.29808333333331,-66.75658333333318,400,0,"{""BOMB_DROPPED"": 41, ""BOMB_EXPLODED"": 40, ""BOMB_NEXT_TO_CRATE"": 12, ""CRATE_DESTROYED"": 25, ""ESCAPED_DANGER"": 43, ""KILLED_OPPONENT"": 2, ""MOVED_AWAY_FROM_COIN"": 2, ""MOVED_DOWN"": 60, ""MOVED_INTO_DANGER"": 2, ""MOVED_LEFT"": 51, ""MOVED_RIGHT"": 48, ""MOVED_TOWARD_COIN"": 6, ""MOVED_TOWARD_SAFETY"": 66, ""MOVED_UP"": 56, ""OPPONENT_ELIMINATED"": 3, ""SAFE_BOMB_THREATENS_OPPONENT"": 4, ""SAFE_BOMB_TRAPS_OPPONENT"": 1, ""STAYED_IN_DANGER"": 8, ""SURVIVED_ROUND"": 1, ""USELESS_BOMB"": 25, ""WAITED"": 144}","{""BOMB_DROPPED"": 0.0, ""BOMB_EXPLODED"": 0.0, ""BOMB_NEXT_TO_CRATE"": 0.6, ""CRATE_DESTROYED"": 2.500000000000001, ""ESCAPED_DANGER"": 12.90000000000001, ""KILLED_OPPONENT"": 10.0, ""MOVED_AWAY_FROM_COIN"": -0.14, ""MOVED_DOWN"": 0.0, ""MOVED_INTO_DANGER"": -0.7, ""MOVED_LEFT"": 0.0, ""MOVED_RIGHT"": 0.0, ""MOVED_TOWARD_COIN"": 0.36, ""MOVED_TOWARD_SAFETY"": 19.800000000000026, ""MOVED_UP"": 0.0, ""OPPONENT_ELIMINATED"": 0.0, ""SAFE_BOMB_THREATENS_OPPONENT"": 0.4, ""SAFE_BOMB_TRAPS_OPPONENT"": 0.2, ""STAYED_IN_DANGER"": -2.0, ""SURVIVED_ROUND"": 0.5, ""USELESS_BOMB"": -2.500000000000001, ""WAITED"": -2.880000000000002}"
15,3,0,3,400,0.19841333333333336,23.281916666666653,3.0,27.330000000000027,-7.048083333333335,54.49741666666663,-61.545499999999976,400,0,"{""BOMB_DROPPED"": 34, ""BOMB_EXPLODED"": 33, ""BOMB_NEXT_TO_CRATE"": 14, ""BOMB_WITH_NO_ESCAPE"": 1, ""COIN_COLLECTED"": 3, ""COIN_FOUND"": 2, ""CRATE_DESTROYED"": 34, ""ESCAPED_DANGER"": 35, ""INVALID_ACTION"": 3, ""MOVED_AWAY_FROM_COIN"": 26, ""MOVED_DOWN"": 86, ""MOVED_INTO_DANGER"": 3, ""MOVED_LEFT"": 41, ""MOVED_RIGHT"": 40, ""MOVED_TOWARD_COIN"": 45, ""MOVED_TOWARD_SAFETY"": 61, ""MOVED_UP"": 86, ""OPPONENT_ELIMINATED"": 1, ""SAFE_BOMB_THREATENS_OPPONENT"": 6, ""STAYED_IN_DANGER"": 9, ""SURVIVED_ROUND"": 1, ""USELESS_BOMB"": 13, ""WAITED"": 110}","{""BOMB_DROPPED"": 0.0, ""BOMB_EXPLODED"": 0.0, ""BOMB_NEXT_TO_CRATE"": 0.7000000000000001, ""BOMB_WITH_NO_ESCAPE"": -0.55, ""COIN_COLLECTED"": 3.0, ""COIN_FOUND"": 0.1, ""CRATE_DESTROYED"": 3.4000000000000017, ""ESCAPED_DANGER"": 10.500000000000004, ""INVALID_ACTION"": -0.30000000000000004, ""MOVED_AWAY_FROM_COIN"": -1.8200000000000012, ""MOVED_DOWN"": 0.0, ""MOVED_INTO_DANGER"": -1.0499999999999998, ""MOVED_LEFT"": 0.0, ""MOVED_RIGHT"": 0.0, ""MOVED_TOWARD_COIN"": 2.700000000000002, ""MOVED_TOWARD_SAFETY"": 18.300000000000022, ""MOVED_UP"": 0.0, ""OPPONENT_ELIMINATED"": 0.0, ""SAFE_BOMB_THREATENS_OPPONENT"": 0.6, ""STAYED_IN_DANGER"": -2.25, ""SURVIVED_ROUND"": 0.5, ""USELESS_BOMB"": -1.3, ""WAITED"": -2.2000000000000015}"
16,1,0,1,400,0.1983,25.40974999999999,1.0,31.060000000000038,-6.650250000000011,66.26191666666664,-72.91216666666666,400,0,"{""BOMB_DROPPED"": 40, ""BOMB_EXPLODED"": 39, ""BOMB_NEXT_TO_CRATE"": 12, ""COIN_COLLECTED"": 1, ""COIN_FOUND"": 1, ""CRATE_DESTROYED"": 19, ""ESCAPED_DANGER"": 42, ""MOVED_AWAY_FROM_COIN"": 5, ""MOVED_DOWN"": 67, ""MOVED_INTO_DANGER"": 3, ""MOVED_LEFT"": 54, ""MOVED_RIGHT"": 52, ""MOVED_TOWARD_COIN"": 15, ""MOVED_TOWARD_SAFETY"": 71, ""MOVED_UP"": 65, ""OPPONENT_ELIMINATED"": 1, ""SAFE_BOMB_THREATENS_OPPONENT"": 8, ""STAYED_IN_DANGER"": 7, ""SURVIVED_ROUND"": 1, ""USELESS_BOMB"": 20, ""WAITED"": 122}","{""BOMB_DROPPED"": 0.0, ""BOMB_EXPLODED"": 0.0, ""BOMB_NEXT_TO_CRATE"": 0.6, ""COIN_COLLECTED"": 1.0, ""COIN_FOUND"": 0.05, ""CRATE_DESTROYED"": 1.9000000000000006, ""ESCAPED_DANGER"": 12.600000000000009, ""MOVED_AWAY_FROM_COIN"": -0.35000000000000003, ""MOVED_DOWN"": 0.0, ""MOVED_INTO_DANGER"": -1.0499999999999998, ""MOVED_LEFT"": 0.0, ""MOVED_RIGHT"": 0.0, ""MOVED_TOWARD_COIN"": 0.9000000000000004, ""MOVED_TOWARD_SAFETY"": 21.30000000000003, ""MOVED_UP"": 0.0, ""OPPONENT_ELIMINATED"": 0.0, ""SAFE_BOMB_THREATENS_OPPONENT"": 0.7999999999999999, ""STAYED_IN_DANGER"": -1.75, ""SURVIVED_ROUND"": 0.5, ""USELESS_BOMB"": -2.0000000000000004, ""WAITED"": -2.4400000000000017}"
17,3,0,3,400,0.19818666666666668,31.64024999999997,3.0,35.94000000000005,-7.29975000000001,72.75841666666665,-80.05816666666674,400,0,"{""BOMB_DROPPED"": 41, ""BOMB_EXPLODED"": 41, ""BOMB_NEXT_TO_CRATE"": 12, ""COIN_COLLECTED"": 3, ""COIN_FOUND"": 3, ""CRATE_DESTROYED"": 31, ""ESCAPED_DANGER"": 47, ""INVALID_ACTION"": 1, ""MOVED_AWAY_FROM_COIN"": 7, ""MOVED_DOWN"": 65, ""MOVED_INTO_DANGER"": 7, ""MOVED_LEFT"": 48, ""MOVED_RIGHT"": 57, ""MOVED_TOWARD_COIN"": 18, ""MOVED_TOWARD_SAFETY"": 80, ""MOVED_UP"": 63, ""OPPONENT_ELIMINATED"": 2, ""SAFE_BOMB_THREATENS_OPPONENT"": 11, ""STAYED_IN_DANGER"": 5, ""SURVIVED_ROUND"": 1, ""USELESS_BOMB"": 19, ""WAITED"": 125}","{""BOMB_DROPPED"": 0.0, ""BOMB_EXPLODED"": 0.0, ""BOMB_NEXT_TO_CRATE"": 0.6, ""COIN_COLLECTED"": 3.0, ""COIN_FOUND"": 0.15000000000000002, ""CRATE_DESTROYED"": 3.1000000000000014, ""ESCAPED_DANGER"": 14.100000000000012, ""INVALID_ACTION"": -0.1, ""MOVED_AWAY_FROM_COIN"": -0.49000000000000005, ""MOVED_DOWN"": 0.0, ""MOVED_INTO_DANGER"": -2.45, ""MOVED_LEFT"": 0.0, ""MOVED_RIGHT"": 0.0, ""MOVED_TOWARD_COIN"": 1.0800000000000005, ""MOVED_TOWARD_SAFETY"": 24.000000000000036, ""MOVED_UP"": 0.0, ""OPPONENT_ELIMINATED"": 0.0, ""SAFE_BOMB_THREATENS_OPPONENT"": 1.0999999999999999, ""STAYED_IN_DANGER"": -1.25, ""SURVIVED_ROUND"": 0.5, ""USELESS_BOMB"": -1.9000000000000006, ""WAITED"": -2.5000000000000018}"
18,1,0,1,400,0.19807333333333335,20.423499999999976,1.0,27.970000000000027,-8.546500000000004,57.398083333333325,-65.94458333333334,400,0,"{""BOMB_DROPPED"": 35, ""BOMB_EXPLODED"": 35, ""BOMB_NEXT_TO_CRATE"": 12, ""COIN_COLLECTED"": 1, ""COIN_FOUND"": 2, ""CRATE_DESTROYED"": 23, ""ESCAPED_DANGER"": 38, ""INVALID_ACTION"": 3, ""MOVED_AWAY_FROM_COIN"": 19, ""MOVED_DOWN"": 72, ""MOVED_INTO_DANGER"": 4, ""MOVED_LEFT"": 48, ""MOVED_RIGHT"": 39, ""MOVED_TOWARD_COIN"": 39, ""MOVED_TOWARD_SAFETY"": 60, ""MOVED_UP"": 86, ""OPPONENT_ELIMINATED"": 1, ""SAFE_BOMB_THREATENS_OPPONENT"": 7, ""STAYED_IN_DANGER"": 4, ""SURVIVED_ROUND"": 1, ""USELESS_BOMB"": 16, ""WAITED"": 117}","{""BOMB_DROPPED"": 0.0, ""BOMB_EXPLODED"": 0.0, ""BOMB_NEXT_TO_CRATE"": 0.6, ""COIN_COLLECTED"": 1.0, ""COIN_FOUND"": 0.1, ""CRATE_DESTROYED"": 2.3000000000000007, ""ESCAPED_DANGER"": 11.400000000000006, ""INVALID_ACTION"": -0.30000000000000004, ""MOVED_AWAY_FROM_COIN"": -1.3300000000000007, ""MOVED_DOWN"": 0.0, ""MOVED_INTO_DANGER"": -1.4, ""MOVED_LEFT"": 0.0, ""MOVED_RIGHT"": 0.0, ""MOVED_TOWARD_COIN"": 2.3400000000000016, ""MOVED_TOWARD_SAFETY"": 18.00000000000002, ""MOVED_UP"": 0.0, ""OPPONENT_ELIMINATED"": 0.0, ""SAFE_BOMB_THREATENS_OPPONENT"": 0.7, ""STAYED_IN_DANGER"": -1.0, ""SURVIVED_ROUND"": 0.5, ""USELESS_BOMB"": -1.6000000000000003, ""WAITED"": -2.3400000000000016}"
19,1,0,1,400,0.19796,17.950500000000027,1.0,20.850000000000012,-3.8995000000000117,48.333749999999924,-52.233249999999956,400,0,"{""BOMB_DROPPED"": 28, ""BOMB_EXPLODED"": 28, ""BOMB_NEXT_TO_CRATE"": 12, ""COIN_COLLECTED"": 1, ""CRATE_DESTROYED"": 26, ""ESCAPED_DANGER"": 32, ""MOVED_DOWN"": 61, ""MOVED_INTO_DANGER"": 4, ""MOVED_LEFT"": 50, ""MOVED_RIGHT"": 54, ""MOVED_TOWARD_COIN"": 16, ""MOVED_TOWARD_SAFETY"": 45, ""MOVED_UP"": 74, ""OPPONENT_ELIMINATED"": 3, ""STAYED_IN_DANGER"": 5, ""SURVIVED_ROUND"": 1, ""USELESS_BOMB"": 16, ""WAITED"": 133}","{""BOMB_DROPPED"": 0.0, ""BOMB_EXPLODED"": 0.0, ""BOMB_NEXT_TO_CRATE"": 0.6, ""COIN_COLLECTED"": 1.0, ""CRATE_DESTROYED"": 2.600000000000001, ""ESCAPED_DANGER"": 9.600000000000001, ""MOVED_DOWN"": 0.0, ""MOVED_INTO_DANGER"": -1.4, ""MOVED_LEFT"": 0.0, ""MOVED_RIGHT"": 0.0, ""MOVED_TOWARD_COIN"": 0.9600000000000004, ""MOVED_TOWARD_SAFETY"": 13.50000000000001, ""MOVED_UP"": 0.0, ""OPPONENT_ELIMINATED"": 0.0, ""STAYED_IN_DANGER"": -1.25, ""SURVIVED_ROUND"": 0.5, ""USELESS_BOMB"": -1.6000000000000003, ""WAITED"": -2.660000000000002}"
20,1,0,1,85,0.19784666666666667,-4.492749999999998,1.0,-3.1800000000000006,-2.3127500000000003,7.459499999999999,-9.77225,84,0,"{""BOMB_DROPPED"": 4, ""BOMB_EXPLODED"": 4, ""BOMB_NEXT_TO_CRATE"": 3, ""COIN_COLLECTED"": 1, ""COIN_FOUND"": 1, ""CRATE_DESTROYED"": 8, ""ESCAPED_DANGER"": 4, ""GOT_KILLED"": 1, ""MOVED_DOWN"": 3, ""MOVED_INTO_DANGER"": 1, ""MOVED_LEFT"": 17, ""MOVED_RIGHT"": 12, ""MOVED_TOWARD_COIN"": 4, ""MOVED_TOWARD_SAFETY"": 5, ""MOVED_UP"": 3, ""STAYED_IN_DANGER"": 3, ""USELESS_BOMB"": 1, ""WAITED"": 46}","{""BOMB_DROPPED"": 0.0, ""BOMB_EXPLODED"": 0.0, ""BOMB_NEXT_TO_CRATE"": 0.15000000000000002, ""COIN_COLLECTED"": 1.0, ""COIN_FOUND"": 0.05, ""CRATE_DESTROYED"": 0.7999999999999999, ""ESCAPED_DANGER"": 1.2, ""GOT_KILLED"": -5.0, ""MOVED_DOWN"": 0.0, ""MOVED_INTO_DANGER"": -0.35, ""MOVED_LEFT"": 0.0, ""MOVED_RIGHT"": 0.0, ""MOVED_TOWARD_COIN"": 0.24, ""MOVED_TOWARD_SAFETY"": 1.5, ""MOVED_UP"": 0.0, ""STAYED_IN_DANGER"": -0.75, ""USELESS_BOMB"": -0.1, ""WAITED"": -0.9200000000000005}"
21,0,0,0,240,0.19773333333333334,3.0325000000000006,0,8.05000000000001,-5.017500000000004,49.60674999999997,-54.62425,239,0,"{""BOMB_DROPPED"": 27, ""BOMB_EXPLODED"": 27, ""BOMB_NEXT_TO_CRATE"": 13, ""COIN_FOUND"": 1, ""CRATE_DESTROYED"": 27, ""ESCAPED_DANGER"": 34, ""GOT_KILLED"": 1, ""INVALID_ACTION"": 2, ""KILLED_SELF"": 1, ""MOVED_AWAY_FROM_COIN"": 1, ""MOVED_DOWN"": 22, ""MOVED_INTO_DANGER"": 8, ""MOVED_LEFT"": 24, ""MOVED_RIGHT"": 34, ""MOVED_TOWARD_COIN"": 2, ""MOVED_TOWARD_SAFETY"": 39, ""MOVED_UP"": 36, ""OPPONENT_ELIMINATED"": 2, ""SAFE_BOMB_THREATENS_OPPONENT"": 5, ""STAYED_IN_DANGER"": 8, ""USELESS_BOMB"": 9, ""WAITED"": 95}","{""BOMB_DROPPED"": 0.0, ""BOMB_EXPLODED"": 0.0, ""BOMB_NEXT_TO_CRATE"": 0.65, ""COIN_FOUND"": 0.05, ""CRATE_DESTROYED"": 2.700000000000001, ""ESCAPED_DANGER"": 10.200000000000003, ""GOT_KILLED"": -5.0, ""INVALID_ACTION"": -0.2, ""KILLED_SELF"": -5.0, ""MOVED_AWAY_FROM_COIN"": -0.07, ""MOVED_DOWN"": 0.0, ""MOVED_INTO_DANGER"": -2.8000000000000003, ""MOVED_LEFT"": 0.0, ""MOVED_RIGHT"": 0.0, ""MOVED_TOWARD_COIN"": 0.12, ""MOVED_TOWARD_SAFETY"": 11.700000000000006, ""MOVED_UP"": 0.0, ""OPPONENT_ELIMINATED"": 0.0, ""SAFE_BOMB_THREATENS_OPPONENT"": 0.5, ""STAYED_IN_DANGER"": -2.0, ""USELESS_BOMB"": -0.8999999999999999, ""WAITED"": -1.9000000000000012}"
22,0,0,0,400,0.19762000000000002,25.193416666666643,0,29.96000000000004,-4.766583333333339,77.1645833333333,-81.9311666666667,400,0,"{""BOMB_DROPPED"": 44, ""BOMB_EXPLODED"": 43, ""BOMB_NEXT_TO_CRATE"": 9, ""CRATE_DESTROYED"": 18, ""ESCAPED_DANGER"": 51, ""INVALID_ACTION"": 1, ""MOVED_AWAY_FROM_COIN"": 3, ""MOVED_DOWN"": 64, ""MOVED_INTO_DANGER"": 8, ""MOVED_LEFT"": 42, ""MOVED_RIGHT"": 46, ""MOVED_TOWARD_COIN"": 15, ""MOVED_TOWARD_SAFETY"": 68, ""MOVED_UP"": 59, ""OPPONENT_ELIMINATED"": 2, ""SAFE_BOMB_THREATENS_OPPONENT"": 10, ""SAFE_BOMB_TRAPS_OPPONENT"": 1, ""STAYED_IN_DANGER"": 8, ""SURVIVED_ROUND"": 1, ""USELESS_BOMB"": 26, ""WAITED"": 144}","{""BOMB_DROPPED"": 0.0, ""BOMB_EXPLODED"": 0.0, ""BOMB_NEXT_TO_CRATE"": 0.44999999999999996, ""CRATE_DESTROYED"": 1.8000000000000005, ""ESCAPED_DANGER"": 15.300000000000015, ""INVALID_ACTION"": -0.1, ""MOVED_AWAY_FROM_COIN"": -0.21000000000000002, ""MOVED_DOWN"": 0.0, ""MOVED_INTO_DANGER"": -2.8000000000000003, ""MOVED_LEFT"": 0.0, ""MOVED_RIGHT"": 0.0, ""MOVED_TOWARD_COIN"": 0.9000000000000004, ""MOVED_TOWARD_SAFETY"": 20.400000000000027, ""MOVED_UP"": 0.0, ""OPPONENT_ELIMINATED"": 0.0, ""SAFE_BOMB_THREATENS_OPPONENT"": 0.9999999999999999, ""SAFE_BOMB_TRAPS_OPPONENT"": 0.2, ""STAYED_IN_DANGER"": -2.0, ""SURVIVED_ROUND"": 0.5, ""USELESS_BOMB"": -2.600000000000001, ""WAITED"": -2.880000000000002}"
23,1,1,6,400,0.19750666666666666,33.82924999999996,6.0,34.200000000000045,-6.370750000000006,77.43583333333339,-83.80658333333331,400,0,"{""BOMB_DROPPED"": 44, ""BOMB_EXPLODED"": 44, ""BOMB_NEXT_TO_CRATE"": 16, ""COIN_COLLECTED"": 1, ""COIN_FOUND"": 2, ""CRATE_DESTROYED"": 29, ""ESCAPED_DANGER"": 51, ""KILLED_OPPONENT"": 1, ""MOVED_AWAY_FROM_COIN"": 12, ""MOVED_DOWN"": 48, ""MOVED_INTO_DANGER"": 8, ""MOVED_LEFT"": 49, ""MOVED_RIGHT"": 62, ""MOVED_TOWARD_COIN"": 29, ""MOVED_TOWARD_SAFETY"": 76, ""MOVED_UP"": 62, ""OPPONENT_ELIMINATED"": 2, ""SAFE_BOMB_THREATENS_OPPONENT"": 7, ""STAYED_IN_DANGER"": 8, ""SURVIVED_ROUND"": 1, ""USELESS_BOMB"": 23, ""WAITED"": 135}","{""BOMB_DROPPED"": 0.0, ""BOMB_EXPLODED"": 0.0, ""BOMB_NEXT_TO_CRATE"": 0.8000000000000002, ""COIN_COLLECTED"": 1.0, ""COIN_FOUND"": 0.1, ""CRATE_DESTROYED"": 2.9000000000000012, ""ESCAPED_DANGER"": 15.300000000000015, ""KILLED_OPPONENT"": 5.0, ""MOVED_AWAY_FROM_COIN"": -0.8400000000000003, ""MOVED_DOWN"": 0.0, ""MOVED_INTO_DANGER"": -2.8000000000000003, ""MOVED_LEFT"": 0.0, ""MOVED_RIGHT"": 0.0, ""MOVED_TOWARD_COIN"": 1.740000000000001, ""MOVED_TOWARD_SAFETY"": 22.800000000000033, ""MOVED_UP"": 0.0, ""OPPONENT_ELIMINATED"": 0.0, ""SAFE_BOMB_THREATENS_OPPONENT"": 0.7, ""STAYED_IN_DANGER"": -2.0, ""SURVIVED_ROUND"": 0.5, ""USELESS_BOMB"": -2.3000000000000007, ""WAITED"": -2.700000000000002}"
24,2,0,2,400,0.19739333333333334,24.869749999999957,2.0,30.12000000000004,-7.250250000000013,73.00816666666671,-80.25841666666668,400,0,"{""BOMB_DROPPED"": 38, ""BOMB_EXPLODED"": 38, ""BOMB_NEXT_TO_CRATE"": 8, ""COIN_COLLECTED"": 2, ""COIN_FOUND"": 3, ""CRATE_DESTROYED"": 22, ""ESCAPED_DANGER"": 48, ""INVALID_ACTION"": 2, ""MOVED_AWAY_FROM_COIN"": 6, ""MOVED_DOWN"": 63, ""MOVED_INTO_DANGER"": 10, ""MOVED_LEFT"": 51, ""MOVED_RIGHT"": 46, ""MOVED_TOWARD_COIN"": 19, ""MOVED_TOWARD_SAFETY"": 66, ""MOVED_UP"": 75, ""OPPONENT_ELIMINATED"": 2, ""SAFE_BOMB_THREATENS_OPPONENT"": 16, ""SAFE_BOMB_TRAPS_OPPONENT"": 1, ""STAYED_IN_DANGER"": 9, ""SURVIVED_ROUND"": 1, ""USELESS_BOMB"": 14, ""WAITED"": 125}","{""BOMB_DROPPED"": 0.0, ""BOMB_EXPLODED"": 0.0, ""BOMB_NEXT_TO_CRATE"": 0.39999999999999997, ""COIN_COLLECTED"": 2.0, ""COIN_FOUND"": 0.15000000000000002, ""CRATE_DESTROYED"": 2.2000000000000006, ""ESCAPED_DANGER"": 14.400000000000013, ""INVALID_ACTION"": -0.2, ""MOVED_AWAY_FROM_COIN"": -0.42000000000000004, ""MOVED_DOWN"": 0.0, ""MOVED_INTO_DANGER"": -3.5000000000000004, ""MOVED_LEFT"": 0.0, ""MOVED_RIGHT"": 0.0, ""MOVED_TOWARD_COIN"": 1.1400000000000006, ""MOVED_TOWARD_SAFETY"": 19.800000000000026, ""MOVED_UP"": 0.0, ""OPPONENT_ELIMINATED"": 0.0, ""SAFE_BOMB_THREATENS_OPPONENT"": 1.6000000000000003, ""SAFE_BOMB_TRAPS_OPPONENT"": 0.2, ""STAYED_IN_DANGER"": -2.25, ""SURVIVED_ROUND"": 0.5, ""USELESS_BOMB"": -1.4000000000000001, ""WAITED"": -2.5000000000000018}"
25,3,0,3,400,0.19728,32.10349999999997,3.0,31.600000000000037,-2.4965000000000064,73.70208333333328,-76.19858333333327,400,0,"{""BOMB_DROPPED"": 44, ""BOMB_EXPLODED"": 43, ""BOMB_NEXT_TO_CRATE"": 9, ""COIN_COLLECTED"": 3, ""COIN_FOUND"": 4, ""CRATE_DESTROYED"": 24, ""ESCAPED_DANGER"": 46, ""MOVED_AWAY_FROM_COIN"": 3, ""MOVED_DOWN"": 79, ""MOVED_INTO_DANGER"": 2, ""MOVED_LEFT"": 33, ""MOVED_RIGHT"": 46, ""MOVED_TOWARD_COIN"": 8, ""MOVED_TOWARD_SAFETY"": 74, ""MOVED_UP"": 77, ""OPPONENT_ELIMINATED"": 1, ""SAFE_BOMB_THREATENS_OPPONENT"": 2, ""STAYED_IN_DANGER"": 8, ""SURVIVED_ROUND"": 1, ""USELESS_BOMB"": 33, ""WAITED"": 121}","{""BOMB_DROPPED"": 0.0, ""BOMB_EXPLODED"": 0.0, ""BOMB_NEXT_TO_CRATE"": 0.44999999999999996, ""COIN_COLLECTED"": 3.0, ""COIN_FOUND"": 0.2, ""CRATE_DESTROYED"": 2.400000000000001, ""ESCAPED_DANGER"": 13.800000000000011, ""MOVED_AWAY_FROM_COIN"": -0.21000000000000002, ""MOVED_DOWN"": 0.0, ""MOVED_INTO_DANGER"": -0.7, ""MOVED_LEFT"": 0.0, ""MOVED_RIGHT"": 0.0, ""MOVED_TOWARD_COIN"": 0.48, ""MOVED_TOWARD_SAFETY"": 22.20000000000003, ""MOVED_UP"": 0.0, ""OPPONENT_ELIMINATED"": 0.0, ""SAFE_BOMB_THREATENS_OPPONENT"": 0.2, ""STAYED_IN_DANGER"": -2.0, ""SURVIVED_ROUND"": 0.5, ""USELESS_BOMB"": -3.3000000000000016, ""WAITED"": -2.4200000000000017}"
26,2,1,7,400,0.19716666666666666,26.3489166666666,7.0,27.160000000000032,-7.811083333333346,66.39533333333331,-74.20641666666666,400,0,"{""BOMB_DROPPED"": 38, ""BOMB_EXPLODED"": 37, ""BOMB_NEXT_TO_CRATE"": 9, ""COIN_COLLECTED"": 2, ""COIN_FOUND"": 2, ""CRATE_DESTROYED"": 25, ""ESCAPED_DANGER"": 43, ""INVALID_ACTION"": 2, ""KILLED_OPPONENT"": 1, ""MOVED_AWAY_FROM_COIN"": 8, ""MOVED_DOWN"": 62, ""MOVED_INTO_DANGER"": 6, ""MOVED_LEFT"": 57, ""MOVED_RIGHT"": 55, ""MOVED_TOWARD_COIN"": 12, ""MOVED_TOWARD_SAFETY"": 60, ""MOVED_UP"": 61, ""OPPONENT_ELIMINATED"": 2, ""SAFE_BOMB_THREATENS_OPPONENT"": 8, ""STAYED_IN_DANGER"": 5, ""SURVIVED_ROUND"": 1, ""USELESS_BOMB"": 22, ""WAITED"": 125}","{""BOMB_DROPPED"": 0.0, ""BOMB_EXPLODED"": 0.0, ""BOMB_NEXT_TO_CRATE"": 0.44999999999999996, ""COIN_COLLECTED"": 2.0, ""COIN_FOUND"": 0.1, ""CRATE_DESTROYED"": 2.500000000000001, ""ESCAPED_DANGER"": 12.90000000000001, ""INVALID_ACTION"": -0.2, ""KILLED_OPPONENT"": 5.0, ""MOVED_AWAY_FROM_COIN"": -0.56, ""MOVED_DOWN"": 0.0, ""MOVED_INTO_DANGER"": -2.1, ""MOVED_LEFT"": 0.0, ""MOVED_RIGHT"": 0.0, ""MOVED_TOWARD_COIN"": 0.7200000000000002, ""MOVED_TOWARD_SAFETY"": 18.00000000000002, ""MOVED_UP"": 0.0, ""OPPONENT_ELIMINATED"": 0.0, ""SAFE_BOMB_THREATENS_OPPONENT"": 0.7999999999999999, ""STAYED_IN_DANGER"": -1.25, ""SURVIVED_ROUND"": 0.5, ""USELESS_BOMB"": -2.2000000000000006, ""WAITED"": -2.5000000000000018}"
27,0,1,5,400,0.19705333333333336,28.368499999999976,5.0,32.74000000000004,-9.371500000000019,71.5025833333333,-80.87408333333336,400,0,"{""BOMB_DROPPED"": 41, ""BOMB_EXPLODED"": 40, ""BOMB_NEXT_TO_CRATE"": 16, ""COIN_FOUND"": 1, ""CRATE_DESTROYED"": 29, ""ESCAPED_DANGER"": 48, ""INVALID_ACTION"": 1, ""KILLED_OPPONENT"": 1, ""MOVED_AWAY_FROM_COIN"": 5, ""MOVED_DOWN"": 48, ""MOVED_INTO_DANGER"": 8, ""MOVED_LEFT"": 48, ""MOVED_RIGHT"": 58, ""MOVED_TOWARD_COIN"": 17, ""MOVED_TOWARD_SAFETY"": 70, ""MOVED_UP"": 60, ""OPPONENT_ELIMINATED"": 3, ""SAFE_BOMB_THREATENS_OPPONENT"": 15, ""STAYED_IN_DANGER"": 8, ""SURVIVED_ROUND"": 1, ""USELESS_BOMB"": 13, ""WAITED"": 144}","{""BOMB_DROPPED"": 0.0, ""BOMB_EXPLODED"": 0.0, ""BOMB_NEXT_TO_CRATE"": 0.8000000000000002, ""COIN_FOUND"": 0.05, ""CRATE_DESTROYED"": 2.9000000000000012, ""ESCAPED_DANGER"": 14.400000000000013, ""INVALID_ACTION"": -0.1, ""KILLED_OPPONENT"": 5.0, ""MOVED_AWAY_FROM_COIN"": -0.35000000000000003, ""MOVED_DOWN"": 0.0, ""MOVED_INTO_DANGER"": -2.8000000000000003, ""MOVED_LEFT"": 0.0, ""MOVED_RIGHT"": 0.0, ""MOVED_TOWARD_COIN"": 1.0200000000000005, ""MOVED_TOWARD_SAFETY"": 21.00000000000003, ""MOVED_UP"": 0.0, ""OPPONENT_ELIMINATED"": 0.0, ""SAFE_BOMB_THREATENS_OPPONENT"": 1.5000000000000002, ""STAYED_IN_DANGER"": -2.0, ""SURVIVED_ROUND"": 0.5, ""USELESS_BOMB"": -1.3, ""WAITED"": -2.880000000000002}"
28,1,0,1,400,0.19694,35.061749999999996,1.0,35.030000000000044,-0.9682500000000029,73.46599999999987,-74.43424999999996,400,0,"{""BOMB_DROPPED"": 46, ""BOMB_EXPLODED"": 46, ""BOMB_NEXT_TO_CRATE"": 10, ""COIN_COLLECTED"": 1, ""CRATE_DESTROYED"": 29, ""ESCAPED_DANGER"": 47, ""MOVED_AWAY_FROM_COIN"": 2, ""MOVED_DOWN"": 50, ""MOVED_INTO_DANGER"": 1, ""MOVED_LEFT"": 49, ""MOVED_RIGHT"": 62, ""MOVED_TOWARD_COIN"": 10, ""MOVED_TOWARD_SAFETY"": 82, ""MOVED_UP"": 64, ""OPPONENT_ELIMINATED"": 1, ""STAYED_IN_DANGER"": 6, ""SURVIVED_ROUND"": 1, ""USELESS_BOMB"": 36, ""WAITED"": 129}","{""BOMB_DROPPED"": 0.0, ""BOMB_EXPLODED"": 0.0, ""BOMB_NEXT_TO_CRATE"": 0.49999999999999994, ""COIN_COLLECTED"": 1.0, ""CRATE_DESTROYED"": 2.9000000000000012, ""ESCAPED_DANGER"": 14.100000000000012, ""MOVED_AWAY_FROM_COIN"": -0.14, ""MOVED_DOWN"": 0.0, ""MOVED_INTO_DANGER"": -0.35, ""MOVED_LEFT"": 0.0, ""MOVED_RIGHT"": 0.0, ""MOVED_TOWARD_COIN"": 0.6000000000000001, ""MOVED_TOWARD_SAFETY"": 24.600000000000037, ""MOVED_UP"": 0.0, ""OPPONENT_ELIMINATED"": 0.0, ""STAYED_IN_DANGER"": -1.5, ""SURVIVED_ROUND"": 0.5, ""USELESS_BOMB"": -3.600000000000002, ""WAITED"": -2.580000000000002}"
29,1,0,1,71,0.19682666666666668,-1.7492499999999964,1.0,-0.22000000000000108,-2.52925,12.820333333333329,-15.349583333333328,70,0,"{""BOMB_DROPPED"": 9, ""BOMB_EXPLODED"": 8, ""BOMB_NEXT_TO_CRATE"": 6, ""BOMB_WITH_NO_ESCAPE"": 1, ""COIN_COLLECTED"": 1, ""COIN_FOUND"": 2, ""CRATE_DESTROYED"": 11, ""ESCAPED_DANGER"": 8, ""GOT_KILLED"": 1, ""MOVED_AWAY_FROM_COIN"": 2, ""MOVED_DOWN"": 7, ""MOVED_INTO_DANGER"": 1, ""MOVED_LEFT"": 6, ""MOVED_RIGHT"": 8, ""MOVED_TOWARD_COIN"": 9, ""MOVED_TOWARD_SAFETY"": 11, ""MOVED_UP"": 10, ""OPPONENT_ELIMINATED"": 1, ""STAYED_IN_DANGER"": 4, ""USELESS_BOMB"": 3, ""WAITED"": 31}","{""BOMB_DROPPED"": 0.0, ""BOMB_EXPLODED"": 0.0, ""BOMB_NEXT_TO_CRATE"": 0.3, ""BOMB_WITH_NO_ESCAPE"": -0.55, ""COIN_COLLECTED"": 1.0, ""COIN_FOUND"": 0.1, ""CRATE_DESTROYED"": 1.0999999999999999, ""ESCAPED_DANGER"": 2.4, ""GOT_KILLED"": -5.0, ""MOVED_AWAY_FROM_COIN"": -0.14, ""MOVED_DOWN"": 0.0, ""MOVED_INTO_DANGER"": -0.35, ""MOVED_LEFT"": 0.0, ""MOVED_RIGHT"": 0.0, ""MOVED_TOWARD_COIN"": 0.54, ""MOVED_TOWARD_SAFETY"": 3.2999999999999994, ""MOVED_UP"": 0.0, ""OPPONENT_ELIMINATED"": 0.0, ""STAYED_IN_DANGER"": -1.0, ""USELESS_BOMB"": -0.30000000000000004, ""WAITED"": -0.6200000000000002}"
30,0,0,0,400,0.19671333333333335,28.98975000000001,0,30.210000000000036,-1.220250000000008,71.54874999999997,-72.76899999999998,400,0,"{""BOMB_DROPPED"": 44, ""BOMB_EXPLODED"": 44, ""BOMB_NEXT_TO_CRATE"": 10, ""CRATE_DESTROYED"": 23, ""ESCAPED_DANGER"": 44, ""MOVED_AWAY_FROM_COIN"": 3, ""MOVED_DOWN"": 61, ""MOVED_LEFT"": 46, ""MOVED_RIGHT"": 44, ""MOVED_TOWARD_COIN"": 9, ""MOVED_TOWARD_SAFETY"": 73, ""MOVED_UP"": 74, ""OPPONENT_ELIMINATED"": 1, ""STAYED_IN_DANGER"": 10, ""SURVIVED_ROUND"": 1, ""USELESS_BOMB"": 34, ""WAITED"": 131}","{""BOMB_DROPPED"": 0.0, ""BOMB_EXPLODED"": 0.0, ""BOMB_NEXT_TO_CRATE"": 0.49999999999999994, ""CRATE_DESTROYED"": 2.3000000000000007, ""ESCAPED_DANGER"": 13.20000000000001, ""MOVED_AWAY_FROM_COIN"": -0.21000000000000002, ""MOVED_DOWN"": 0.0, ""MOVED_LEFT"": 0.0, ""MOVED_RIGHT"": 0.0, ""MOVED_TOWARD_COIN"": 0.54, ""MOVED_TOWARD_SAFETY"": 21.90000000000003, ""MOVED_UP"": 0.0, ""OPPONENT_ELIMINATED"": 0.0, ""STAYED_IN_DANGER"": -2.5, ""SURVIVED_ROUND"": 0.5, ""USELESS_BOMB"": -3.4000000000000017, ""WAITED"": -2.620000000000002}"
31,4,0,4,400,0.1966,31.845916666666636,4.0,33.81000000000004,-5.964083333333338,70.39666666666663,-76.36074999999998,400,0,"{""BOMB_DROPPED"": 45, ""BOMB_EXPLODED"": 44, ""BOMB_NEXT_TO_CRATE"": 19, ""COIN_COLLECTED"": 4, ""COIN_FOUND"": 6, ""CRATE_DESTROYED"": 33, ""ESCAPED_DANGER"": 45, ""MOVED_AWAY_FROM_COIN"": 8, ""MOVED_DOWN"": 50, ""MOVED_INTO_DANGER"": 1, ""MOVED_LEFT"": 49, ""MOVED_RIGHT"": 61, ""MOVED_TOWARD_COIN"": 26, ""MOVED_TOWARD_SAFETY"": 73, ""MOVED_UP"": 63, ""OPPONENT_ELIMINATED"": 1, ""SAFE_BOMB_THREATENS_OPPONENT"": 1, ""STAYED_IN_DANGER"": 9, ""SURVIVED_ROUND"": 1, ""USELESS_BOMB"": 25, ""WAITED"": 132}","{""BOMB_DROPPED"": 0.0, ""BOMB_EXPLODED"": 0.0, ""BOMB_NEXT_TO_CRATE"": 0.9500000000000003, ""COIN_COLLECTED"": 4.0, ""COIN_FOUND"": 0.3, ""CRATE_DESTROYED"": 3.3000000000000016, ""ESCAPED_DANGER"": 13.50000000000001, ""MOVED_AWAY_FROM_COIN"": -0.56, ""MOVED_DOWN"": 0.0, ""MOVED_INTO_DANGER"": -0.35, ""MOVED_LEFT"": 0.0, ""MOVED_RIGHT"": 0.0, ""MOVED_TOWARD_COIN"": 1.560000000000001, ""MOVED_TOWARD_SAFETY"": 21.90000000000003, ""MOVED_UP"": 0.0, ""OPPONENT_ELIMINATED"": 0.0, ""SAFE_BOMB_THREATENS_OPPONENT"": 0.1, ""STAYED_IN_DANGER"": -2.25, ""SURVIVED_ROUND"": 0.5, ""USELESS_BOMB"": -2.500000000000001, ""WAITED"": -2.640000000000002}"
32,1,0,1,400,0.1964866666666667,22.462749999999982,1.0,29.480000000000032,-8.017250000000013,67.07999999999998,-75.09725000000003,400,0,"{""BOMB_DROPPED"": 40, ""BOMB_EXPLODED"": 39, ""BOMB_NEXT_TO_CRATE"": 9, ""COIN_COLLECTED"": 1, ""COIN_FOUND"": 1, ""CRATE_DESTROYED"": 20, ""ESCAPED_DANGER"": 43, ""INVALID_ACTION"": 1, ""MOVED_AWAY_FROM_COIN"": 1, ""MOVED_DOWN"": 73, ""MOVED_INTO_DANGER"": 4, ""MOVED_LEFT"": 47, ""MOVED_RIGHT"": 49, ""MOVED_TOWARD_COIN"": 8, ""MOVED_TOWARD_SAFETY"": 64, ""MOVED_UP"": 71, ""OPPONENT_ELIMINATED"": 2, ""SAFE_BOMB_THREATENS_OPPONENT"": 14, ""STAYED_IN_DANGER"": 7, ""SURVIVED_ROUND"": 1, ""USELESS_BOMB"": 18, ""WAITED"": 119}","{""BOMB_DROPPED"": 0.0, ""BOMB_EXPLODED"": 0.0, ""BOMB_NEXT_TO_CRATE"": 0.44999999999999996, ""COIN_COLLECTED"": 1.0, ""COIN_FOUND"": 0.05, ""CRATE_DESTROYED"": 2.0000000000000004, ""ESCAPED_DANGER"": 12.90000000000001, ""INVALID_ACTION"": -0.1, ""MOVED_AWAY_FROM_COIN"": -0.07, ""MOVED_DOWN"": 0.0, ""MOVED_INTO_DANGER"": -1.4, ""MOVED_LEFT"": 0.0, ""MOVED_RIGHT"": 0.0, ""MOVED_TOWARD_COIN"": 0.48, ""MOVED_TOWARD_SAFETY"": 19.200000000000024, ""MOVED_UP"": 0.0, ""OPPONENT_ELIMINATED"": 0.0, ""SAFE_BOMB_THREATENS_OPPONENT"": 1.4000000000000001, ""STAYED_IN_DANGER"": -1.75, ""SURVIVED_ROUND"": 0.5, ""USELESS_BOMB"": -1.8000000000000005, ""WAITED"": -2.3800000000000017}"
33,1,0,1,400,0.19637333333333334,24.331749999999968,1.0,29.86000000000004,-6.52825,73.4076666666667,-79.93591666666671,400,0,"{""BOMB_DROPPED"": 42, ""BOMB_EXPLODED"": 42, ""BOMB_NEXT_TO_CRATE"": 9, ""COIN_COLLECTED"": 1, ""COIN_FOUND"": 4, ""CRATE_DESTROYED"": 22, ""ESCAPED_DANGER"": 48, ""MOVED_AWAY_FROM_COIN"": 11, ""MOVED_DOWN"": 63, ""MOVED_INTO_DANGER"": 6, ""MOVED_LEFT"": 42, ""MOVED_RIGHT"": 50, ""MOVED_TOWARD_COIN"": 27, ""MOVED_TOWARD_SAFETY"": 68, ""MOVED_UP"": 61, ""OPPONENT_ELIMINATED"": 2, ""SAFE_BOMB_THREATENS_OPPONENT"": 8, ""STAYED_IN_DANGER"": 10, ""SURVIVED_ROUND"": 1, ""USELESS_BOMB"": 25, ""WAITED"": 142}","{""BOMB_DROPPED"": 0.0, ""BOMB_EXPLODED"": 0.0, ""BOMB_NEXT_TO_CRATE"": 0.44999999999999996, ""COIN_COLLECTED"": 1.0, ""COIN_FOUND"": 0.2, ""CRATE_DESTROYED"": 2.2000000000000006, ""ESCAPED_DANGER"": 14.400000000000013, ""MOVED_AWAY_FROM_COIN"": -0.7700000000000002, ""MOVED_DOWN"": 0.0, ""MOVED_INTO_DANGER"": -2.1, ""MOVED_LEFT"": 0.0, ""MOVED_RIGHT"": 0.0, ""MOVED_TOWARD_COIN"": 1.620000000000001, ""MOVED_TOWARD_SAFETY"": 20.400000000000027, ""MOVED_UP"": 0.0, ""OPPONENT_ELIMINATED"": 0.0, ""SAFE_BOMB_THREATENS_OPPONENT"": 0.7999999999999999, ""STAYED_IN_DANGER"": -2.5, ""SURVIVED_ROUND"": 0.5, ""USELESS_BOMB"": -2.500000000000001, ""WAITED"": -2.840000000000002}"
34,1,0,1,400,0.19626000000000002,22.902749999999976,1.0,27.51000000000004,-5.607250000000018,77.06858333333334,-82.67583333333334,400,0,"{""BOMB_DROPPED"": 44, ""BOMB_EXPLODED"": 44, ""BOMB_NEXT_TO_CRATE"": 8, ""COIN_COLLECTED"": 1, ""COIN_FOUND"": 1, ""CRATE_DESTROYED"": 13, ""ESCAPED_DANGER"": 52, ""INVALID_ACTION"": 1, ""MOVED_AWAY_FROM_COIN"": 2, ""MOVED_DOWN"": 54, ""MOVED_INTO_DANGER"": 8, ""MOVED_LEFT"": 57, ""MOVED_RIGHT"": 48, ""MOVED_TOWARD_COIN"": 9, ""MOVED_TOWARD_SAFETY"": 68, ""MOVED_UP"": 54, ""OPPONENT_ELIMINATED"": 2, ""SAFE_BOMB_THREATENS_OPPONENT"": 8, ""SAFE_BOMB_TRAPS_OPPONENT"": 1, ""STAYED_IN_DANGER"": 14, ""SURVIVED_ROUND"": 1, ""USELESS_BOMB"": 29, ""WAITED"": 142}","{""BOMB_DROPPED"": 0.0, ""BOMB_EXPLODED"": 0.0, ""BOMB_NEXT_TO_CRATE"": 0.39999999999999997, ""COIN_COLLECTED"": 1.0, ""COIN_FOUND"": 0.05, ""CRATE_DESTROYED"": 1.3, ""ESCAPED_DANGER"": 15.600000000000016, ""INVALID_ACTION"": -0.1, ""MOVED_AWAY_FROM_COIN"": -0.14, ""MOVED_DOWN"": 0.0, ""MOVED_INTO_DANGER"": -2.8000000000000003, ""MOVED_LEFT"": 0.0, ""MOVED_RIGHT"": 0.0, ""MOVED_TOWARD_COIN"": 0.54, ""MOVED_TOWARD_SAFETY"": 20.400000000000027, ""MOVED_UP"": 0.0, ""OPPONENT_ELIMINATED"": 0.0, ""SAFE_BOMB_THREATENS_OPPONENT"": 0.7999999999999999, ""SAFE_BOMB_TRAPS_OPPONENT"": 0.2, ""STAYED_IN_DANGER"": -3.5, ""SURVIVED_ROUND"": 0.5, ""USELESS_BOMB"": -2.9000000000000012, ""WAITED"": -2.840000000000002}"
35,2,0,2,400,0.1961466666666667,24.899499999999968,2.0,29.150000000000034,-6.250500000000008,71.06091666666671,-77.31141666666664,400,0,"{""BOMB_DROPPED"": 44, ""BOMB_EXPLODED"": 43, ""BOMB_NEXT_TO_CRATE"": 7, ""COIN_COLLECTED"": 2, ""COIN_FOUND"": 1, ""CRATE_DESTROYED"": 11, ""ESCAPED_DANGER"": 45, ""MOVED_AWAY_FROM_COIN"": 6, ""MOVED_DOWN"": 55, ""MOVED_INTO_DANGER"": 2, ""MOVED_LEFT"": 59, ""MOVED_RIGHT"": 47, ""MOVED_TOWARD_COIN"": 27, ""MOVED_TOWARD_SAFETY"": 66, ""MOVED_UP"": 55, ""OPPONENT_ELIMINATED"": 2, ""SAFE_BOMB_THREATENS_OPPONENT"": 13, ""STAYED_IN_DANGER"": 11, ""SURVIVED_ROUND"": 1, ""USELESS_BOMB"": 24, ""WAITED"": 140}","{""BOMB_DROPPED"": 0.0, ""BOMB_EXPLODED"": 0.0, ""BOMB_NEXT_TO_CRATE"": 0.35, ""COIN_COLLECTED"": 2.0, ""COIN_FOUND"": 0.05, ""CRATE_DESTROYED"": 1.0999999999999999, ""ESCAPED_DANGER"": 13.50000000000001, ""MOVED_AWAY_FROM_COIN"": -0.42000000000000004, ""MOVED_DOWN"": 0.0, ""MOVED_INTO_DANGER"": -0.7, ""MOVED_LEFT"": 0.0, ""MOVED_RIGHT"": 0.0, ""MOVED_TOWARD_COIN"": 1.620000000000001, ""MOVED_TOWARD_SAFETY"": 19.800000000000026, ""MOVED_UP"": 0.0, ""OPPONENT_ELIMINATED"": 0.0, ""SAFE_BOMB_THREATENS_OPPONENT"": 1.3, ""STAYED_IN_DANGER"": -2.75, ""SURVIVED_ROUND"": 0.5, ""USELESS_BOMB"": -2.400000000000001, ""WAITED"": -2.800000000000002}"
36,2,0,2,203,0.19603333333333334,7.033499999999989,2.0,10.120000000000001,-5.086500000000003,37.30516666666667,-42.39166666666666,202,0,"{""BOMB_DROPPED"": 23, ""BOMB_EXPLODED"": 22, ""BOMB_NEXT_TO_CRATE"": 9, ""BOMB_WITH_NO_ESCAPE"": 1, ""COIN_COLLECTED"": 2, ""COIN_FOUND"": 1, ""CRATE_DESTROYED"": 19, ""ESCAPED_DANGER"": 24, ""GOT_KILLED"": 1, ""INVALID_ACTION"": 1, ""MOVED_AWAY_FROM_COIN"": 5, ""MOVED_DOWN"": 26, ""MOVED_INTO_DANGER"": 3, ""MOVED_LEFT"": 27, ""MOVED_RIGHT"": 20, ""MOVED_TOWARD_COIN"": 32, ""MOVED_TOWARD_SAFETY"": 33, ""MOVED_UP"": 36, ""OPPONENT_ELIMINATED"": 1, ""SAFE_BOMB_THREATENS_OPPONENT"": 4, ""STAYED_IN_DANGER"": 9, ""USELESS_BOMB"": 10, ""WAITED"": 70}","{""BOMB_DROPPED"": 0.0, ""BOMB_EXPLODED"": 0.0, ""BOMB_NEXT_TO_CRATE"": 0.44999999999999996, ""BOMB_WITH_NO_ESCAPE"": -0.55, ""COIN_COLLECTED"": 2.0, ""COIN_FOUND"": 0.05, ""CRATE_DESTROYED"": 1.9000000000000006, ""ESCAPED_DANGER"": 7.1999999999999975, ""GOT_KILLED"": -5.0, ""INVALID_ACTION"": -0.1, ""MOVED_AWAY_FROM_COIN"": -0.35000000000000003, ""MOVED_DOWN"": 0.0, ""MOVED_INTO_DANGER"": -1.0499999999999998, ""MOVED_LEFT"": 0.0, ""MOVED_RIGHT"": 0.0, ""MOVED_TOWARD_COIN"": 1.9200000000000013, ""MOVED_TOWARD_SAFETY"": 9.900000000000002, ""MOVED_UP"": 0.0, ""OPPONENT_ELIMINATED"": 0.0, ""SAFE_BOMB_THREATENS_OPPONENT"": 0.4, ""STAYED_IN_DANGER"": -2.25, ""USELESS_BOMB"": -0.9999999999999999, ""WAITED"": -1.4000000000000008}"
37,1,0,1,400,0.19592,24.303499999999932,1.0,30.60000000000003,-7.296500000000009,64.54141666666665,-71.83791666666669,400,0,"{""BOMB_DROPPED"": 39, ""BOMB_EXPLODED"": 39, ""BOMB_NEXT_TO_CRATE"": 16, ""COIN_COLLECTED"": 1, ""COIN_FOUND"": 3, ""CRATE_DESTROYED"": 36, ""ESCAPED_DANGER"": 42, ""MOVED_AWAY_FROM_COIN"": 5, ""MOVED_DOWN"": 56, ""MOVED_INTO_DANGER"": 3, ""MOVED_LEFT"": 53, ""MOVED_RIGHT"": 60, ""MOVED_TOWARD_COIN"": 19, ""MOVED_TOWARD_SAFETY"": 59, ""MOVED_UP"": 70, ""OPPONENT_ELIMINATED"": 2, ""SAFE_BOMB_THREATENS_OPPONENT"": 13, ""STAYED_IN_DANGER"": 9, ""SURVIVED_ROUND"": 1, ""USELESS_BOMB"": 11, ""WAITED"": 122}","{""BOMB_DROPPED"": 0.0, ""BOMB_EXPLODED"": 0.0, ""BOMB_NEXT_TO_CRATE"": 0.8000000000000002, ""COIN_COLLECTED"": 1.0, ""COIN_FOUND"": 0.15000000000000002, ""CRATE_DESTROYED"": 3.600000000000002, ""ESCAPED_DANGER"": 12.600000000000009, ""MOVED_AWAY_FROM_COIN"": -0.35000000000000003, ""MOVED_DOWN"": 0.0, ""MOVED_INTO_DANGER"": -1.0499999999999998, ""MOVED_LEFT"": 0.0, ""MOVED_RIGHT"": 0.0, ""MOVED_TOWARD_COIN"": 1.1400000000000006, ""MOVED_TOWARD_SAFETY"": 17.70000000000002, ""MOVED_UP"": 0.0, ""OPPONENT_ELIMINATED"": 0.0, ""SAFE_BOMB_THREATENS_OPPONENT"": 1.3, ""STAYED_IN_DANGER"": -2.25, ""SURVIVED_ROUND"": 0.5, ""USELESS_BOMB"": -1.0999999999999999, ""WAITED"": -2.4400000000000017}"
38,3,0,3,400,0.19580666666666668,23.368999999999932,3.0,29.290000000000035,-8.921000000000008,69.89125000000003,-78.81224999999999,400,0,"{""BOMB_DROPPED"": 44, ""BOMB_EXPLODED"": 43, ""BOMB_NEXT_TO_CRATE"": 9, ""COIN_COLLECTED"": 3, ""COIN_FOUND"": 3, ""CRATE_DESTROYED"": 20, ""ESCAPED_DANGER"": 46, ""MOVED_AWAY_FROM_COIN"": 3, ""MOVED_DOWN"": 56, ""MOVED_INTO_DANGER"": 4, ""MOVED_LEFT"": 35, ""MOVED_RIGHT"": 49, ""MOVED_TOWARD_COIN"": 18, ""MOVED_TOWARD_SAFETY"": 66, ""MOVED_UP"": 52, ""OPPONENT_ELIMINATED"": 2, ""SAFE_BOMB_THREATENS_OPPONENT"": 11, ""SAFE_BOMB_TRAPS_OPPONENT"": 1, ""STAYED_IN_DANGER"": 10, ""SURVIVED_ROUND"": 1, ""USELESS_BOMB"": 24, ""WAITED"": 164}","{""BOMB_DROPPED"": 0.0, ""BOMB_EXPLODED"": 0.0, ""BOMB_NEXT_TO_CRATE"": 0.44999999999999996, ""COIN_COLLECTED"": 3.0, ""COIN_FOUND"": 0.15000000000000002, ""CRATE_DESTROYED"": 2.0000000000000004, ""ESCAPED_DANGER"": 13.800000000000011, ""MOVED_AWAY_FROM_COIN"": -0.21000000000000002, ""MOVED_DOWN"": 0.0, ""MOVED_INTO_DANGER"": -1.4, ""MOVED_LEFT"": 0.0, ""MOVED_RIGHT"": 0.0, ""MOVED_TOWARD_COIN"": 1.0800000000000005, ""MOVED_TOWARD_SAFETY"": 19.800000000000026, ""MOVED_UP"": 0.0, ""OPPONENT_ELIMINATED"": 0.0, ""SAFE_BOMB_THREATENS_OPPONENT"": 1.0999999999999999, ""SAFE_BOMB_TRAPS_OPPONENT"": 0.2, ""STAYED_IN_DANGER"": -2.5, ""SURVIVED_ROUND"": 0.5, ""USELESS_BOMB"": -2.400000000000001, ""WAITED"": -3.2800000000000025}"
39,0,0,0,400,0.19569333333333336,19.20716666666664,0,23.940000000000026,-4.7328333333333426,66.04458333333328,-70.7774166666666,400,0,"{""BOMB_DROPPED"": 35, ""BOMB_EXPLODED"": 34, ""BOMB_NEXT_TO_CRATE"": 7, ""CRATE_DESTROYED"": 10, ""ESCAPED_DANGER"": 41, ""INVALID_ACTION"": 1, ""MOVED_AWAY_FROM_COIN"": 20, ""MOVED_DOWN"": 68, ""MOVED_INTO_DANGER"": 7, ""MOVED_LEFT"": 55, ""MOVED_RIGHT"": 50, ""MOVED_TOWARD_COIN"": 30, ""MOVED_TOWARD_SAFETY"": 59, ""MOVED_UP"": 68, ""OPPONENT_ELIMINATED"": 1, ""SAFE_BOMB_THREATENS_OPPONENT"": 3, ""STAYED_IN_DANGER"": 4, ""SURVIVED_ROUND"": 1, ""USELESS_BOMB"": 26, ""WAITED"": 123}","{""BOMB_DROPPED"": 0.0, ""BOMB_EXPLODED"": 0.0, ""BOMB_NEXT_TO_CRATE"": 0.35, ""CRATE_DESTROYED"": 0.9999999999999999, ""ESCAPED_DANGER"": 12.300000000000008, ""INVALID_ACTION"": -0.1, ""MOVED_AWAY_FROM_COIN"": -1.4000000000000008, ""MOVED_DOWN"": 0.0, ""MOVED_INTO_DANGER"": -2.45, ""MOVED_LEFT"": 0.0, ""MOVED_RIGHT"": 0.0, ""MOVED_TOWARD_COIN"": 1.8000000000000012, ""MOVED_TOWARD_SAFETY"": 17.70000000000002, ""MOVED_UP"": 0.0, ""OPPONENT_ELIMINATED"": 0.0, ""SAFE_BOMB_THREATENS_OPPONENT"": 0.30000000000000004, ""STAYED_IN_DANGER"": -1.0, ""SURVIVED_ROUND"": 0.5, ""USELESS_BOMB"": -2.600000000000001, ""WAITED"": -2.4600000000000017}"
40,0,0,0,400,0.19558,18.97691666666666,0,26.82000000000003,-7.8430833333333405,65.61158333333336,-73.4546666666667,400,0,"{""BOMB_DROPPED"": 39, ""BOMB_EXPLODED"": 38, ""BOMB_NEXT_TO_CRATE"": 5, ""CRATE_DESTROYED"": 9, ""ESCAPED_DANGER"": 42, ""MOVED_AWAY_FROM_COIN"": 7, ""MOVED_DOWN"": 80, ""MOVED_INTO_DANGER"": 4, ""MOVED_LEFT"": 35, ""MOVED_RIGHT"": 34, ""MOVED_TOWARD_COIN"": 10, ""MOVED_TOWARD_SAFETY"": 62, ""MOVED_UP"": 80, ""OPPONENT_ELIMINATED"": 2, ""SAFE_BOMB_THREATENS_OPPONENT"": 9, ""STAYED_IN_DANGER"": 2, ""SURVIVED_ROUND"": 1, ""USELESS_BOMB"": 25, ""WAITED"": 132}","{""BOMB_DROPPED"": 0.0, ""BOMB_EXPLODED"": 0.0, ""BOMB_NEXT_TO_CRATE"": 0.25, ""CRATE_DESTROYED"": 0.8999999999999999, ""ESCAPED_DANGER"": 12.600000000000009, ""MOVED_AWAY_FROM_COIN"": -0.49000000000000005, ""MOVED_DOWN"": 0.0, ""MOVED_INTO_DANGER"": -1.4, ""MOVED_LEFT"": 0.0, ""MOVED_RIGHT"": 0.0, ""MOVED_TOWARD_COIN"": 0.6000000000000001, ""MOVED_TOWARD_SAFETY"": 18.600000000000023, ""MOVED_UP"": 0.0, ""OPPONENT_ELIMINATED"": 0.0, ""SAFE_BOMB_THREATENS_OPPONENT"": 0.8999999999999999, ""STAYED_IN_DANGER"": -0.5, ""SURVIVED_ROUND"": 0.5, ""USELESS_BOMB"": -2.500000000000001, ""WAITED"": -2.640000000000002}"
41,1,0,1,400,0.19546666666666668,21.308499999999984,1.0,27.220000000000027,-6.911500000000013,64.85266666666665,-71.76416666666674,400,0,"{""BOMB_DROPPED"": 37, ""BOMB_EXPLODED"": 37, ""BOMB_NEXT_TO_CRATE"": 10, ""COIN_COLLECTED"": 1, ""COIN_FOUND"": 1, ""CRATE_DESTROYED"": 19, ""ESCAPED_DANGER"": 42, ""MOVED_AWAY_FROM_COIN"": 8, ""MOVED_DOWN"": 72, ""MOVED_INTO_DANGER"": 5, ""MOVED_LEFT"": 43, ""MOVED_RIGHT"": 43, ""MOVED_TOWARD_COIN"": 17, ""MOVED_TOWARD_SAFETY"": 60, ""MOVED_UP"": 83, ""OPPONENT_ELIMINATED"": 2, ""SAFE_BOMB_THREATENS_OPPONENT"": 8, ""STAYED_IN_DANGER"": 6, ""SURVIVED_ROUND"": 1, ""USELESS_BOMB"": 19, ""WAITED"": 122}","{""BOMB_DROPPED"": 0.0, ""BOMB_EXPLODED"": 0.0, ""BOMB_NEXT_TO_CRATE"": 0.49999999999999994, ""COIN_COLLECTED"": 1.0, ""COIN_FOUND"": 0.05, ""CRATE_DESTROYED"": 1.9000000000000006, ""ESCAPED_DANGER"": 12.600000000000009, ""MOVED_AWAY_FROM_COIN"": -0.56, ""MOVED_DOWN"": 0.0, ""MOVED_INTO_DANGER"": -1.75, ""MOVED_LEFT"": 0.0, ""MOVED_RIGHT"": 0.0, ""MOVED_TOWARD_COIN"": 1.0200000000000005, ""MOVED_TOWARD_SAFETY"": 18.00000000000002, ""MOVED_UP"": 0.0, ""OPPONENT_ELIMINATED"": 0.0, ""SAFE_BOMB_THREATENS_OPPONENT"": 0.7999999999999999, ""STAYED_IN_DANGER"": -1.5, ""SURVIVED_ROUND"": 0.5, ""USELESS_BOMB"": -1.9000000000000006, ""WAITED"": -2.4400000000000017}"
42,2,1,7,400,0.19535333333333335,25.48825000000013,7.0,22.290000000000013,-3.8017499999999984,54.31858333333324,-58.120333333333285,400,0,"{""BOMB_DROPPED"": 33, ""BOMB_EXPLODED"": 33, ""BOMB_NEXT_TO_CRATE"": 12, ""COIN_COLLECTED"": 2, ""COIN_FOUND"": 2, ""CRATE_DESTROYED"": 26, ""ESCAPED_DANGER"": 36, ""KILLED_OPPONENT"": 1, ""MOVED_AWAY_FROM_COIN"": 4, ""MOVED_DOWN"": 78, ""MOVED_INTO_DANGER"": 3, ""MOVED_LEFT"": 37, ""MOVED_RIGHT"": 36, ""MOVED_TOWARD_COIN"": 15, ""MOVED_TOWARD_SAFETY"": 45, ""MOVED_UP"": 92, ""OPPONENT_ELIMINATED"": 3, ""SAFE_BOMB_THREATENS_OPPONENT"": 1, ""STAYED_IN_DANGER"": 4, ""SURVIVED_ROUND"": 1, ""USELESS_BOMB"": 20, ""WAITED"": 124}","{""BOMB_DROPPED"": 0.0, ""BOMB_EXPLODED"": 0.0, ""BOMB_NEXT_TO_CRATE"": 0.6, ""COIN_COLLECTED"": 2.0, ""COIN_FOUND"": 0.1, ""CRATE_DESTROYED"": 2.600000000000001, ""ESCAPED_DANGER"": 10.800000000000004, ""KILLED_OPPONENT"": 5.0, ""MOVED_AWAY_FROM_COIN"": -0.28, ""MOVED_DOWN"": 0.0, ""MOVED_INTO_DANGER"": -1.0499999999999998, ""MOVED_LEFT"": 0.0, ""MOVED_RIGHT"": 0.0, ""MOVED_TOWARD_COIN"": 0.9000000000000004, ""MOVED_TOWARD_SAFETY"": 13.50000000000001, ""MOVED_UP"": 0.0, ""OPPONENT_ELIMINATED"": 0.0, ""SAFE_BOMB_THREATENS_OPPONENT"": 0.1, ""STAYED_IN_DANGER"": -1.0, ""SURVIVED_ROUND"": 0.5, ""USELESS_BOMB"": -2.0000000000000004, ""WAITED"": -2.4800000000000018}"
43,0,1,5,400,0.19524,26.821499999999997,5.0,26.620000000000026,-4.798500000000007,61.42516666666664,-66.22366666666667,400,0,"{""BOMB_DROPPED"": 36, ""BOMB_EXPLODED"": 36, ""BOMB_NEXT_TO_CRATE"": 8, ""CRATE_DESTROYED"": 14, ""ESCAPED_DANGER"": 39, ""KILLED_OPPONENT"": 1, ""MOVED_AWAY_FROM_COIN"": 15, ""MOVED_DOWN"": 63, ""MOVED_INTO_DANGER"": 3, ""MOVED_LEFT"": 55, ""MOVED_RIGHT"": 41, ""MOVED_TOWARD_COIN"": 33, ""MOVED_TOWARD_SAFETY"": 60, ""MOVED_UP"": 62, ""OPPONENT_ELIMINATED"": 2, ""SAFE_BOMB_THREATENS_OPPONENT"": 12, ""STAYED_IN_DANGER"": 8, ""SURVIVED_ROUND"": 1, ""USELESS_BOMB"": 16, ""WAITED"": 143}","{""BOMB_DROPPED"": 0.0, ""BOMB_EXPLODED"": 0.0, ""BOMB_NEXT_TO_CRATE"": 0.39999999999999997, ""CRATE_DESTROYED"": 1.4000000000000001, ""ESCAPED_DANGER"": 11.700000000000006, ""KILLED_OPPONENT"": 5.0, ""MOVED_AWAY_FROM_COIN"": -1.0500000000000005, ""MOVED_DOWN"": 0.0, ""MOVED_INTO_DANGER"": -1.0499999999999998, ""MOVED_LEFT"": 0.0, ""MOVED_RIGHT"": 0.0, ""MOVED_TOWARD_COIN"": 1.9800000000000013, ""MOVED_TOWARD_SAFETY"": 18.00000000000002, ""MOVED_UP"": 0.0, ""OPPONENT_ELIMINATED"": 0.0, ""SAFE_BOMB_THREATENS_OPPONENT"": 1.2, ""STAYED_IN_DANGER"": -2.0, ""SURVIVED_ROUND"": 0.5, ""USELESS_BOMB"": -1.6000000000000003, ""WAITED"": -2.860000000000002}"
44,0,0,0,400,0.1951266666666667,23.40266666666661,0,29.610000000000035,-6.207333333333337,68.65983333333337,-74.86716666666669,400,0,"{""BOMB_DROPPED"": 43, ""BOMB_EXPLODED"": 42, ""BOMB_NEXT_TO_CRATE"": 14, ""COIN_FOUND"": 1, ""CRATE_DESTROYED"": 25, ""ESCAPED_DANGER"": 45, ""INVALID_ACTION"": 1, ""MOVED_AWAY_FROM_COIN"": 1, ""MOVED_DOWN"": 66, ""MOVED_INTO_DANGER"": 3, ""MOVED_LEFT"": 44, ""MOVED_RIGHT"": 45, ""MOVED_TOWARD_COIN"": 5, ""MOVED_TOWARD_SAFETY"": 66, ""MOVED_UP"": 60, ""OPPONENT_ELIMINATED"": 2, ""SAFE_BOMB_THREATENS_OPPONENT"": 6, ""STAYED_IN_DANGER"": 8, ""SURVIVED_ROUND"": 1, ""USELESS_BOMB"": 23, ""WAITED"": 141}","{""BOMB_DROPPED"": 0.0, ""BOMB_EXPLODED"": 0.0, ""BOMB_NEXT_TO_CRATE"": 0.7000000000000001, ""COIN_FOUND"": 0.05, ""CRATE_DESTROYED"": 2.500000000000001, ""ESCAPED_DANGER"": 13.50000000000001, ""INVALID_ACTION"": -0.1, ""MOVED_AWAY_FROM_COIN"": -0.07, ""MOVED_DOWN"": 0.0, ""MOVED_INTO_DANGER"": -1.0499999999999998, ""MOVED_LEFT"": 0.0, ""MOVED_RIGHT"": 0.0, ""MOVED_TOWARD_COIN"": 0.3, ""MOVED_TOWARD_SAFETY"": 19.800000000000026, ""MOVED_UP"": 0.0, ""OPPONENT_ELIMINATED"": 0.0, ""SAFE_BOMB_THREATENS_OPPONENT"": 0.6, ""STAYED_IN_DANGER"": -2.0, ""SURVIVED_ROUND"": 0.5, ""USELESS_BOMB"": -2.3000000000000007, ""WAITED"": -2.820000000000002}"
45,1,0,1,400,0.19501333333333334,24.434666666666683,1.0,26.640000000000025,-3.205333333333334,58.56449999999994,-61.76983333333333,400,0,"{""BOMB_DROPPED"": 37, ""BOMB_EXPLODED"": 36, ""BOMB_NEXT_TO_CRATE"": 7, ""COIN_COLLECTED"": 1, ""COIN_FOUND"": 1, ""CRATE_DESTROYED"": 14, ""ESCAPED_DANGER"": 36, ""MOVED_AWAY_FROM_COIN"": 4, ""MOVED_DOWN"": 69, ""MOVED_LEFT"": 48, ""MOVED_RIGHT"": 46, ""MOVED_TOWARD_COIN"": 21, ""MOVED_TOWARD_SAFETY"": 64, ""MOVED_UP"": 68, ""OPPONENT_ELIMINATED"": 1, ""STAYED_IN_DANGER"": 4, ""SURVIVED_ROUND"": 1, ""USELESS_BOMB"": 30, ""WAITED"": 132}","{""BOMB_DROPPED"": 0.0, ""BOMB_EXPLODED"": 0.0, ""BOMB_NEXT_TO_CRATE"": 0.35, ""COIN_COLLECTED"": 1.0, ""COIN_FOUND"": 0.05, ""CRATE_DESTROYED"": 1.4000000000000001, ""ESCAPED_DANGER"": 10.800000000000004, ""MOVED_AWAY_FROM_COIN"": -0.28, ""MOVED_DOWN"": 0.0, ""MOVED_LEFT"": 0.0, ""MOVED_RIGHT"": 0.0, ""MOVED_TOWARD_COIN"": 1.2600000000000007, ""MOVED_TOWARD_SAFETY"": 19.200000000000024, ""MOVED_UP"": 0.0, ""OPPONENT_ELIMINATED"": 0.0, ""STAYED_IN_DANGER"": -1.0, ""SURVIVED_ROUND"": 0.5, ""USELESS_BOMB"": -3.0000000000000013, ""WAITED"": -2.640000000000002}"
46,3,1,8,395,0.19490000000000002,19.66449999999995,8.0,20.370000000000044,-8.705500000000013,80.21575000000001,-88.92125,394,0,"{""BOMB_DROPPED"": 48, ""BOMB_EXPLODED"": 48, ""BOMB_NEXT_TO_CRATE"": 14, ""COIN_COLLECTED"": 3, ""COIN_FOUND"": 4, ""CRATE_DESTROYED"": 22, ""ESCAPED_DANGER"": 54, ""GOT_KILLED"": 1, ""INVALID_ACTION"": 2, ""KILLED_OPPONENT"": 1, ""KILLED_SELF"": 1, ""MOVED_AWAY_FROM_COIN"": 3, ""MOVED_DOWN"": 39, ""MOVED_INTO_DANGER"": 7, ""MOVED_LEFT"": 46, ""MOVED_RIGHT"": 58, ""MOVED_TOWARD_COIN"": 11, ""MOVED_TOWARD_SAFETY"": 69, ""MOVED_UP"": 53, ""OPPONENT_ELIMINATED"": 2, ""SAFE_BOMB_THREATENS_OPPONENT"": 12, ""STAYED_IN_DANGER"": 13, ""USELESS_BOMB"": 24, ""WAITED"": 149}","{""BOMB_DROPPED"": 0.0, ""BOMB_EXPLODED"": 0.0, ""BOMB_NEXT_TO_CRATE"": 0.7000000000000001, ""COIN_COLLECTED"": 3.0, ""COIN_FOUND"": 0.2, ""CRATE_DESTROYED"": 2.2000000000000006, ""ESCAPED_DANGER"": 16.200000000000017, ""GOT_KILLED"": -5.0, ""INVALID_ACTION"": -0.2, ""KILLED_OPPONENT"": 5.0, ""KILLED_SELF"": -5.0, ""MOVED_AWAY_FROM_COIN"": -0.21000000000000002, ""MOVED_DOWN"": 0.0, ""MOVED_INTO_DANGER"": -2.45, ""MOVED_LEFT"": 0.0, ""MOVED_RIGHT"": 0.0, ""MOVED_TOWARD_COIN"": 0.6600000000000001, ""MOVED_TOWARD_SAFETY"": 20.700000000000028, ""MOVED_UP"": 0.0, ""OPPONENT_ELIMINATED"": 0.0, ""SAFE_BOMB_THREATENS_OPPONENT"": 1.2, ""STAYED_IN_DANGER"": -3.25, ""USELESS_BOMB"": -2.400000000000001, ""WAITED"": -2.980000000000002}"
47,1,1,6,400,0.1947866666666667,31.462750000000007,6.0,28.680000000000035,-3.2172499999999897,70.9779166666666,-74.19516666666641,400,0,"{""BOMB_DROPPED"": 46, ""BOMB_EXPLODED"": 46, ""BOMB_NEXT_TO_CRATE"": 17, ""COIN_COLLECTED"": 1, ""COIN_FOUND"": 2, ""CRATE_DESTROYED"": 35, ""ESCAPED_DANGER"": 48, ""INVALID_ACTION"": 1, ""KILLED_OPPONENT"": 1, ""MOVED_AWAY_FROM_COIN"": 8, ""MOVED_DOWN"": 43, ""MOVED_INTO_DANGER"": 2, ""MOVED_LEFT"": 40, ""MOVED_RIGHT"": 54, ""MOVED_TOWARD_COIN"": 19, ""MOVED_TOWARD_SAFETY"": 59, ""MOVED_UP"": 56, ""OPPONENT_ELIMINATED"": 3, ""SAFE_BOMB_THREATENS_OPPONENT"": 8, ""STAYED_IN_DANGER"": 13, ""SURVIVED_ROUND"": 1, ""USELESS_BOMB"": 25, ""WAITED"": 160}","{""BOMB_DROPPED"": 0.0, ""BOMB_EXPLODED"": 0.0, ""BOMB_NEXT_TO_CRATE"": 0.8500000000000002, ""COIN_COLLECTED"": 1.0, ""COIN_FOUND"": 0.1, ""CRATE_DESTROYED"": 3.5000000000000018, ""ESCAPED_DANGER"": 14.400000000000013, ""INVALID_ACTION"": -0.1, ""KILLED_OPPONENT"": 5.0, ""MOVED_AWAY_FROM_COIN"": -0.56, ""MOVED_DOWN"": 0.0, ""MOVED_INTO_DANGER"": -0.7, ""MOVED_LEFT"": 0.0, ""MOVED_RIGHT"": 0.0, ""MOVED_TOWARD_COIN"": 1.1400000000000006, ""MOVED_TOWARD_SAFETY"": 17.70000000000002, ""MOVED_UP"": 0.0, ""OPPONENT_ELIMINATED"": 0.0, ""SAFE_BOMB_THREATENS_OPPONENT"": 0.7999999999999999, ""STAYED_IN_DANGER"": -3.25, ""SURVIVED_ROUND"": 0.5, ""USELESS_BOMB"": -2.500000000000001, ""WAITED"": -3.2000000000000024}"
48,2,1,7,400,0.19467333333333334,34.20749999999992,7.0,33.28000000000004,-6.072500000000008,69.80583333333348,-75.8783333333334,400,0,"{""BOMB_DROPPED"": 42, ""BOMB_EXPLODED"": 42, ""BOMB_NEXT_TO_CRATE"": 15, ""COIN_COLLECTED"": 2, ""COIN_FOUND"": 3, ""CRATE_DESTROYED"": 23, ""ESCAPED_DANGER"": 46, ""INVALID_ACTION"": 1, ""KILLED_OPPONENT"": 1, ""MOVED_AWAY_FROM_COIN"": 34, ""MOVED_DOWN"": 69, ""MOVED_INTO_DANGER"": 4, ""MOVED_LEFT"": 45, ""MOVED_RIGHT"": 55, ""MOVED_TOWARD_COIN"": 74, ""MOVED_TOWARD_SAFETY"": 63, ""MOVED_UP"": 59, ""OPPONENT_ELIMINATED"": 2, ""SAFE_BOMB_THREATENS_OPPONENT"": 22, ""STAYED_IN_DANGER"": 10, ""SURVIVED_ROUND"": 1, ""USELESS_BOMB"": 8, ""WAITED"": 129}","{""BOMB_DROPPED"": 0.0, ""BOMB_EXPLODED"": 0.0, ""BOMB_NEXT_TO_CRATE"": 0.7500000000000001, ""COIN_COLLECTED"": 2.0, ""COIN_FOUND"": 0.15000000000000002, ""CRATE_DESTROYED"": 2.3000000000000007, ""ESCAPED_DANGER"": 13.800000000000011, ""INVALID_ACTION"": -0.1, ""KILLED_OPPONENT"": 5.0, ""MOVED_AWAY_FROM_COIN"": -2.3800000000000003, ""MOVED_DOWN"": 0.0, ""MOVED_INTO_DANGER"": -1.4, ""MOVED_LEFT"": 0.0, ""MOVED_RIGHT"": 0.0, ""MOVED_TOWARD_COIN"": 4.44, ""MOVED_TOWARD_SAFETY"": 18.900000000000023, ""MOVED_UP"": 0.0, ""OPPONENT_ELIMINATED"": 0.0, ""SAFE_BOMB_THREATENS_OPPONENT"": 2.2000000000000006, ""STAYED_IN_DANGER"": -2.5, ""SURVIVED_ROUND"": 0.5, ""USELESS_BOMB"": -0.7999999999999999, ""WAITED"": -2.580000000000002}"
49,2,0,2,400,0.19456,23.27999999999995,2.0,29.61000000000003,-8.330000000000002,66.94925,-75.27925,400,0,"{""BOMB_DROPPED"": 41, ""BOMB_EXPLODED"": 40, ""BOMB_NEXT_TO_CRATE"": 12, ""COIN_COLLECTED"": 2, ""COIN_FOUND"": 2, ""CRATE_DESTROYED"": 30, ""ESCAPED_DANGER"": 45, ""MOVED_AWAY_FROM_COIN"": 3, ""MOVED_DOWN"": 44, ""MOVED_INTO_DANGER"": 5, ""MOVED_LEFT"": 57, ""MOVED_RIGHT"": 69, ""MOVED_TOWARD_COIN"": 9, ""MOVED_TOWARD_SAFETY"": 63, ""MOVED_UP"": 58, ""OPPONENT_ELIMINATED"": 1, ""SAFE_BOMB_THREATENS_OPPONENT"": 10, ""STAYED_IN_DANGER"": 7, ""SURVIVED_ROUND"": 1, ""USELESS_BOMB"": 22, ""WAITED"": 131}","{""BOMB_DROPPED"": 0.0, ""BOMB_EXPLODED"": 0.0, ""BOMB_NEXT_TO_CRATE"": 0.6, ""COIN_COLLECTED"": 2.0, ""COIN_FOUND"": 0.1, ""CRATE_DESTROYED"": 3.0000000000000013, ""ESCAPED_DANGER"": 13.50000000000001, ""MOVED_AWAY_FROM_COIN"": -0.21000000000000002, ""MOVED_DOWN"": 0.0, ""MOVED_INTO_DANGER"": -1.75, ""MOVED_LEFT"": 0.0, ""MOVED_RIGHT"": 0.0, ""MOVED_TOWARD_COIN"": 0.54, ""MOVED_TOWARD_SAFETY"": 18.900000000000023, ""MOVED_UP"": 0.0, ""OPPONENT_ELIMINATED"": 0.0, ""SAFE_BOMB_THREATENS_OPPONENT"": 0.9999999999999999, ""STAYED_IN_DANGER"": -1.75, ""SURVIVED_ROUND"": 0.5, ""USELESS_BOMB"": -2.2000000000000006, ""WAITED"": -2.620000000000002}"
50,0,1,5,400,0.19444666666666668,26.597249999999967,5.0,27.670000000000037,-6.072750000000006,74.47091666666661,-80.54366666666668,400,0,"{""BOMB_DROPPED"": 41, ""BOMB_EXPLODED"": 41, ""BOMB_NEXT_TO_CRATE"": 11, ""COIN_FOUND"": 1, ""CRATE_DESTROYED"": 18, ""ESCAPED_DANGER"": 49, ""INVALID_ACTION"": 2, ""KILLED_OPPONENT"": 1, ""MOVED_AWAY_FROM_COIN"": 4, ""MOVED_DOWN"": 59, ""MOVED_INTO_DANGER"": 9, ""MOVED_LEFT"": 51, ""MOVED_RIGHT"": 48, ""MOVED_TOWARD_COIN"": 5, ""MOVED_TOWARD_SAFETY"": 68, ""MOVED_UP"": 59, ""OPPONENT_ELIMINATED"": 2, ""SAFE_BOMB_THREATENS_OPPONENT"": 12, ""STAYED_IN_DANGER"": 14, ""SURVIVED_ROUND"": 1, ""USELESS_BOMB"": 19, ""WAITED"": 140}","{""BOMB_DROPPED"": 0.0, ""BOMB_EXPLODED"": 0.0, ""BOMB_NEXT_TO_CRATE"": 0.5499999999999999, ""COIN_FOUND"": 0.05, ""CRATE_DESTROYED"": 1.8000000000000005, ""ESCAPED_DANGER"": 14.700000000000014, ""INVALID_ACTION"": -0.2, ""KILLED_OPPONENT"": 5.0, ""MOVED_AWAY_FROM_COIN"": -0.28, ""MOVED_DOWN"": 0.0, ""MOVED_INTO_DANGER"": -3.1500000000000004, ""MOVED_LEFT"": 0.0, ""MOVED_RIGHT"": 0.0, ""MOVED_TOWARD_COIN"": 0.3, ""MOVED_TOWARD_SAFETY"": 20.400000000000027, ""MOVED_UP"": 0.0, ""OPPONENT_ELIMINATED"": 0.0, ""SAFE_BOMB_THREATENS_OPPONENT"": 1.2, ""STAYED_IN_DANGER"": -3.5, ""SURVIVED_ROUND"": 0.5, ""USELESS_BOMB"": -1.9000000000000006, ""WAITED"": -2.800000000000002}"
51,1,0,1,400,0.19433333333333336,27.905999999999988,1.0,29.39000000000003,-2.4840000000000004,62.31816666666658,-64.80216666666671,400,0,"{""BOMB_DROPPED"": 39, ""BOMB_EXPLODED"": 39, ""BOMB_NEXT_TO_CRATE"": 16, ""COIN_COLLECTED"": 1, ""COIN_FOUND"": 3, ""CRATE_DESTROYED"": 28, ""ESCAPED_DANGER"": 40, ""MOVED_AWAY_FROM_COIN"": 6, ""MOVED_DOWN"": 61, ""MOVED_INTO_DANGER"": 1, ""MOVED_LEFT"": 66, ""MOVED_RIGHT"": 66, ""MOVED_TOWARD_COIN"": 11, ""MOVED_TOWARD_SAFETY"": 64, ""MOVED_UP"": 63, ""OPPONENT_ELIMINATED"": 1, ""SAFE_BOMB_THREATENS_OPPONENT"": 2, ""STAYED_IN_DANGER"": 7, ""SURVIVED_ROUND"": 1, ""USELESS_BOMB"": 23, ""WAITED"": 105}","{""BOMB_DROPPED"": 0.0, ""BOMB_EXPLODED"": 0.0, ""BOMB_NEXT_TO_CRATE"": 0.8000000000000002, ""COIN_COLLECTED"": 1.0, ""COIN_FOUND"": 0.15000000000000002, ""CRATE_DESTROYED"": 2.800000000000001, ""ESCAPED_DANGER"": 12.000000000000007, ""MOVED_AWAY_FROM_COIN"": -0.42000000000000004, ""MOVED_DOWN"": 0.0, ""MOVED_INTO_DANGER"": -0.35, ""MOVED_LEFT"": 0.0, ""MOVED_RIGHT"": 0.0, ""MOVED_TOWARD_COIN"": 0.6600000000000001, ""MOVED_TOWARD_SAFETY"": 19.200000000000024, ""MOVED_UP"": 0.0, ""OPPONENT_ELIMINATED"": 0.0, ""SAFE_BOMB_THREATENS_OPPONENT"": 0.2, ""STAYED_IN_DANGER"": -1.75, ""SURVIVED_ROUND"": 0.5, ""USELESS_BOMB"": -2.3000000000000007, ""WAITED"": -2.1000000000000014}"
52,1,0,1,400,0.19422,26.36416666666663,1.0,31.16000000000004,-5.795833333333329,74.67624999999998,-80.47208333333333,400,0,"{""BOMB_DROPPED"": 51, ""BOMB_EXPLODED"": 50, ""BOMB_NEXT_TO_CRATE"": 13, ""COIN_COLLECTED"": 1, ""COIN_FOUND"": 3, ""CRATE_DESTROYED"": 32, ""ESCAPED_DANGER"": 50, ""MOVED_AWAY_FROM_COIN"": 3, ""MOVED_DOWN"": 39, ""MOVED_LEFT"": 38, ""MOVED_RIGHT"": 50, ""MOVED_TOWARD_COIN"": 7, ""MOVED_TOWARD_SAFETY"": 68, ""MOVED_UP"": 52, ""OPPONENT_ELIMINATED"": 1, ""SAFE_BOMB_THREATENS_OPPONENT"": 5, ""STAYED_IN_DANGER"": 11, ""SURVIVED_ROUND"": 1, ""USELESS_BOMB"": 33, ""WAITED"": 170}","{""BOMB_DROPPED"": 0.0, ""BOMB_EXPLODED"": 0.0, ""BOMB_NEXT_TO_CRATE"": 0.65, ""COIN_COLLECTED"": 1.0, ""COIN_FOUND"": 0.15000000000000002, ""CRATE_DESTROYED"": 3.2000000000000015, ""ESCAPED_DANGER"": 15.000000000000014, ""MOVED_AWAY_FROM_COIN"": -0.21000000000000002, ""MOVED_DOWN"": 0.0, ""MOVED_LEFT"": 0.0, ""MOVED_RIGHT"": 0.0, ""MOVED_TOWARD_COIN"": 0.42, ""MOVED_TOWARD_SAFETY"": 20.400000000000027, ""MOVED_UP"": 0.0, ""OPPONENT_ELIMINATED"": 0.0, ""SAFE_BOMB_THREATENS_OPPONENT"": 0.5, ""STAYED_IN_DANGER"": -2.75, ""SURVIVED_ROUND"": 0.5, ""USELESS_BOMB"": -3.3000000000000016, ""WAITED"": -3.4000000000000026}"
53,4,0,4,400,0.19410666666666668,29.156999999999975,4.0,29.710000000000043,-4.553000000000002,74.17583333333336,-78.72883333333333,400,0,"{""BOMB_DROPPED"": 43, ""BOMB_EXPLODED"": 43, ""BOMB_NEXT_TO_CRATE"": 9, ""BOMB_WITH_NO_ESCAPE"": 1, ""COIN_COLLECTED"": 4, ""COIN_FOUND"": 3, ""CRATE_DESTROYED"": 15, ""ESCAPED_DANGER"": 47, ""INVALID_ACTION"": 1, ""MOVED_AWAY_FROM_COIN"": 2, ""MOVED_DOWN"": 51, ""MOVED_INTO_DANGER"": 5, ""MOVED_LEFT"": 55, ""MOVED_RIGHT"": 55, ""MOVED_TOWARD_COIN"": 22, ""MOVED_TOWARD_SAFETY"": 73, ""MOVED_UP"": 49, ""OPPONENT_ELIMINATED"": 1, ""SAFE_BOMB_THREATENS_OPPONENT"": 4, ""STAYED_IN_DANGER"": 9, ""SURVIVED_ROUND"": 1, ""USELESS_BOMB"": 29, ""WAITED"": 146}","{""BOMB_DROPPED"": 0.0, ""BOMB_EXPLODED"": 0.0, ""BOMB_NEXT_TO_CRATE"": 0.44999999999999996, ""BOMB_WITH_NO_ESCAPE"": -0.55, ""COIN_COLLECTED"": 4.0, ""COIN_FOUND"": 0.15000000000000002, ""CRATE_DESTROYED"": 1.5000000000000002, ""ESCAPED_DANGER"": 14.100000000000012, ""INVALID_ACTION"": -0.1, ""MOVED_AWAY_FROM_COIN"": -0.14, ""MOVED_DOWN"": 0.0, ""MOVED_INTO_DANGER"": -1.75, ""MOVED_LEFT"": 0.0, ""MOVED_RIGHT"": 0.0, ""MOVED_TOWARD_COIN"": 1.3200000000000007, ""MOVED_TOWARD_SAFETY"": 21.90000000000003, ""MOVED_UP"": 0.0, ""OPPONENT_ELIMINATED"": 0.0, ""SAFE_BOMB_THREATENS_OPPONENT"": 0.4, ""STAYED_IN_DANGER"": -2.25, ""SURVIVED_ROUND"": 0.5, ""USELESS_BOMB"": -2.9000000000000012, ""WAITED"": -2.920000000000002}"
54,3,0,3,192,0.19399333333333335,3.0500000000000043,3.0,5.300000000000001,-5.2500000000000036,37.644499999999965,-42.894499999999994,191,0,"{""BOMB_DROPPED"": 19, ""BOMB_EXPLODED"": 19, ""BOMB_NEXT_TO_CRATE"": 10, ""COIN_COLLECTED"": 3, ""COIN_FOUND"": 3, ""CRATE_DESTROYED"": 22, ""ESCAPED_DANGER"": 25, ""GOT_KILLED"": 1, ""INVALID_ACTION"": 1, ""KILLED_SELF"": 1, ""MOVED_AWAY_FROM_COIN"": 6, ""MOVED_DOWN"": 24, ""MOVED_INTO_DANGER"": 7, ""MOVED_LEFT"": 26, ""MOVED_RIGHT"": 24, ""MOVED_TOWARD_COIN"": 27, ""MOVED_TOWARD_SAFETY"": 33, ""MOVED_UP"": 38, ""OPPONENT_ELIMINATED"": 2, ""SAFE_BOMB_THREATENS_OPPONENT"": 3, ""STAYED_IN_DANGER"": 8, ""USELESS_BOMB"": 7, ""WAITED"": 60}","{""BOMB_DROPPED"": 0.0, ""BOMB_EXPLODED"": 0.0, ""BOMB_NEXT_TO_CRATE"": 0.49999999999999994, ""COIN_COLLECTED"": 3.0, ""COIN_FOUND"": 0.15000000000000002, ""CRATE_DESTROYED"": 2.2000000000000006, ""ESCAPED_DANGER"": 7.499999999999997, ""GOT_KILLED"": -5.0, ""INVALID_ACTION"": -0.1, ""KILLED_SELF"": -5.0, ""MOVED_AWAY_FROM_COIN"": -0.42000000000000004, ""MOVED_DOWN"": 0.0, ""MOVED_INTO_DANGER"": -2.45, ""MOVED_LEFT"": 0.0, ""MOVED_RIGHT"": 0.0, ""MOVED_TOWARD_COIN"": 1.620000000000001, ""MOVED_TOWARD_SAFETY"": 9.900000000000002, ""MOVED_UP"": 0.0, ""OPPONENT_ELIMINATED"": 0.0, ""SAFE_BOMB_THREATENS_OPPONENT"": 0.30000000000000004, ""STAYED_IN_DANGER"": -2.0, ""USELESS_BOMB"": -0.7, ""WAITED"": -1.2000000000000006}"
55,0,0,0,400,0.19388,23.03566666666664,0,30.86000000000004,-7.824333333333345,71.83425000000003,-79.65858333333335,400,0,"{""BOMB_DROPPED"": 46, ""BOMB_EXPLODED"": 45, ""BOMB_NEXT_TO_CRATE"": 8, ""COIN_FOUND"": 1, ""CRATE_DESTROYED"": 21, ""ESCAPED_DANGER"": 48, ""MOVED_AWAY_FROM_COIN"": 6, ""MOVED_DOWN"": 56, ""MOVED_INTO_DANGER"": 3, ""MOVED_LEFT"": 41, ""MOVED_RIGHT"": 41, ""MOVED_TOWARD_COIN"": 28, ""MOVED_TOWARD_SAFETY"": 68, ""MOVED_UP"": 66, ""OPPONENT_ELIMINATED"": 2, ""SAFE_BOMB_THREATENS_OPPONENT"": 8, ""STAYED_IN_DANGER"": 8, ""SURVIVED_ROUND"": 1, ""USELESS_BOMB"": 30, ""WAITED"": 150}","{""BOMB_DROPPED"": 0.0, ""BOMB_EXPLODED"": 0.0, ""BOMB_NEXT_TO_CRATE"": 0.39999999999999997, ""COIN_FOUND"": 0.05, ""CRATE_DESTROYED"": 2.1000000000000005, ""ESCAPED_DANGER"": 14.400000000000013, ""MOVED_AWAY_FROM_COIN"": -0.42000000000000004, ""MOVED_DOWN"": 0.0, ""MOVED_INTO_DANGER"": -1.0499999999999998, ""MOVED_LEFT"": 0.0, ""MOVED_RIGHT"": 0.0, ""MOVED_TOWARD_COIN"": 1.680000000000001, ""MOVED_TOWARD_SAFETY"": 20.400000000000027, ""MOVED_UP"": 0.0, ""OPPONENT_ELIMINATED"": 0.0, ""SAFE_BOMB_THREATENS_OPPONENT"": 0.7999999999999999, ""STAYED_IN_DANGER"": -2.0, ""SURVIVED_ROUND"": 0.5, ""USELESS_BOMB"": -3.0000000000000013, ""WAITED"": -3.000000000000002}"
56,1,0,1,400,0.1937666666666667,31.10674999999996,1.0,37.270000000000046,-7.163250000000006,76.0440833333333,-83.20733333333332,400,0,"{""BOMB_DROPPED"": 49, ""BOMB_EXPLODED"": 48, ""BOMB_NEXT_TO_CRATE"": 19, ""COIN_COLLECTED"": 1, ""COIN_FOUND"": 3, ""CRATE_DESTROYED"": 37, ""ESCAPED_DANGER"": 50, ""MOVED_AWAY_FROM_COIN"": 5, ""MOVED_DOWN"": 43, ""MOVED_INTO_DANGER"": 2, ""MOVED_LEFT"": 42, ""MOVED_RIGHT"": 54, ""MOVED_TOWARD_COIN"": 12, ""MOVED_TOWARD_SAFETY"": 76, ""MOVED_UP"": 57, ""OPPONENT_ELIMINATED"": 2, ""SAFE_BOMB_THREATENS_OPPONENT"": 11, ""STAYED_IN_DANGER"": 6, ""SURVIVED_ROUND"": 1, ""USELESS_BOMB"": 20, ""WAITED"": 155}","{""BOMB_DROPPED"": 0.0, ""BOMB_EXPLODED"": 0.0, ""BOMB_NEXT_TO_CRATE"": 0.9500000000000003, ""COIN_COLLECTED"": 1.0, ""COIN_FOUND"": 0.15000000000000002, ""CRATE_DESTROYED"": 3.700000000000002, ""ESCAPED_DANGER"": 15.000000000000014, ""MOVED_AWAY_FROM_COIN"": -0.35000000000000003, ""MOVED_DOWN"": 0.0, ""MOVED_INTO_DANGER"": -0.7, ""MOVED_LEFT"": 0.0, ""MOVED_RIGHT"": 0.0, ""MOVED_TOWARD_COIN"": 0.7200000000000002, ""MOVED_TOWARD_SAFETY"": 22.800000000000033, ""MOVED_UP"": 0.0, ""OPPONENT_ELIMINATED"": 0.0, ""SAFE_BOMB_THREATENS_OPPONENT"": 1.0999999999999999, ""STAYED_IN_DANGER"": -1.5, ""SURVIVED_ROUND"": 0.5, ""USELESS_BOMB"": -2.0000000000000004, ""WAITED"": -3.1000000000000023}"
57,0,0,0,98,0.19365333333333334,-0.08174999999999155,0,2.2599999999999985,-2.341750000000001,21.19266666666666,-23.53441666666667,97,0,"{""BOMB_DROPPED"": 12, ""BOMB_EXPLODED"": 11, ""BOMB_NEXT_TO_CRATE"": 9, ""BOMB_WITH_NO_ESCAPE"": 1, ""COIN_FOUND"": 3, ""CRATE_DESTROYED"": 18, ""ESCAPED_DANGER"": 14, ""GOT_KILLED"": 1, ""MOVED_AWAY_FROM_COIN"": 2, ""MOVED_DOWN"": 10, ""MOVED_INTO_DANGER"": 4, ""MOVED_LEFT"": 8, ""MOVED_RIGHT"": 10, ""MOVED_TOWARD_COIN"": 9, ""MOVED_TOWARD_SAFETY"": 15, ""MOVED_UP"": 16, ""SAFE_BOMB_THREATENS_OPPONENT"": 1, ""STAYED_IN_DANGER"": 5, ""USELESS_BOMB"": 3, ""WAITED"": 42}","{""BOMB_DROPPED"": 0.0, ""BOMB_EXPLODED"": 0.0, ""BOMB_NEXT_TO_CRATE"": 0.44999999999999996, ""BOMB_WITH_NO_ESCAPE"": -0.55, ""COIN_FOUND"": 0.15000000000000002, ""CRATE_DESTROYED"": 1.8000000000000005, ""ESCAPED_DANGER"": 4.199999999999999, ""GOT_KILLED"": -5.0, ""MOVED_AWAY_FROM_COIN"": -0.14, ""MOVED_DOWN"": 0.0, ""MOVED_INTO_DANGER"": -1.4, ""MOVED_LEFT"": 0.0, ""MOVED_RIGHT"": 0.0, ""MOVED_TOWARD_COIN"": 0.54, ""MOVED_TOWARD_SAFETY"": 4.499999999999999, ""MOVED_UP"": 0.0, ""SAFE_BOMB_THREATENS_OPPONENT"": 0.1, ""STAYED_IN_DANGER"": -1.25, ""USELESS_BOMB"": -0.30000000000000004, ""WAITED"": -0.8400000000000004}"
58,1,0,1,400,0.19354000000000002,24.296499999999966,1.0,28.440000000000037,-5.143500000000007,74.2134166666667,-79.35691666666663,400,0,"{""BOMB_DROPPED"": 44, ""BOMB_EXPLODED"": 43, ""BOMB_NEXT_TO_CRATE"": 5, ""COIN_COLLECTED"": 1, ""COIN_FOUND"": 1, ""CRATE_DESTROYED"": 12, ""ESCAPED_DANGER"": 49, ""MOVED_AWAY_FROM_COIN"": 1, ""MOVED_DOWN"": 58, ""MOVED_INTO_DANGER"": 5, ""MOVED_LEFT"": 46, ""MOVED_RIGHT"": 45, ""MOVED_TOWARD_COIN"": 14, ""MOVED_TOWARD_SAFETY"": 66, ""MOVED_UP"": 58, ""OPPONENT_ELIMINATED"": 2, ""SAFE_BOMB_THREATENS_OPPONENT"": 9, ""STAYED_IN_DANGER"": 8, ""SURVIVED_ROUND"": 1, ""USELESS_BOMB"": 30, ""WAITED"": 149}","{""BOMB_DROPPED"": 0.0, ""BOMB_EXPLODED"": 0.0, ""BOMB_NEXT_TO_CRATE"": 0.25, ""COIN_COLLECTED"": 1.0, ""COIN_FOUND"": 0.05, ""CRATE_DESTROYED"": 1.2, ""ESCAPED_DANGER"": 14.700000000000014, ""MOVED_AWAY_FROM_COIN"": -0.07, ""MOVED_DOWN"": 0.0, ""MOVED_INTO_DANGER"": -1.75, ""MOVED_LEFT"": 0.0, ""MOVED_RIGHT"": 0.0, ""MOVED_TOWARD_COIN"": 0.8400000000000003, ""MOVED_TOWARD_SAFETY"": 19.800000000000026, ""MOVED_UP"": 0.0, ""OPPONENT_ELIMINATED"": 0.0, ""SAFE_BOMB_THREATENS_OPPONENT"": 0.8999999999999999, ""STAYED_IN_DANGER"": -2.0, ""SURVIVED_ROUND"": 0.5, ""USELESS_BOMB"": -3.0000000000000013, ""WAITED"": -2.980000000000002}"
59,0,0,0,400,0.1934266666666667,20.051999999999957,0,25.860000000000035,-5.808000000000007,80.14841666666673,-85.9564166666666,400,0,"{""BOMB_DROPPED"": 44, ""BOMB_EXPLODED"": 44, ""BOMB_NEXT_TO_CRATE"": 5, ""COIN_FOUND"": 3, ""CRATE_DESTROYED"": 11, ""ESCAPED_DANGER"": 53, ""MOVED_AWAY_FROM_COIN"": 4, ""MOVED_DOWN"": 52, ""MOVED_INTO_DANGER"": 9, ""MOVED_LEFT"": 58, ""MOVED_RIGHT"": 44, ""MOVED_TOWARD_COIN"": 13, ""MOVED_TOWARD_SAFETY"": 64, ""MOVED_UP"": 50, ""OPPONENT_ELIMINATED"": 2, ""SAFE_BOMB_THREATENS_OPPONENT"": 8, ""STAYED_IN_DANGER"": 13, ""SURVIVED_ROUND"": 1, ""USELESS_BOMB"": 31, ""WAITED"": 152}","{""BOMB_DROPPED"": 0.0, ""BOMB_EXPLODED"": 0.0, ""BOMB_NEXT_TO_CRATE"": 0.25, ""COIN_FOUND"": 0.15000000000000002, ""CRATE_DESTROYED"": 1.0999999999999999, ""ESCAPED_DANGER"": 15.900000000000016, ""MOVED_AWAY_FROM_COIN"": -0.28, ""MOVED_DOWN"": 0.0, ""MOVED_INTO_DANGER"": -3.1500000000000004, ""MOVED_LEFT"": 0.0, ""MOVED_RIGHT"": 0.0, ""MOVED_TOWARD_COIN"": 0.7800000000000002, ""MOVED_TOWARD_SAFETY"": 19.200000000000024, ""MOVED_UP"": 0.0, ""OPPONENT_ELIMINATED"": 0.0, ""SAFE_BOMB_THREATENS_OPPONENT"": 0.7999999999999999, ""STAYED_IN_DANGER"": -3.25, ""SURVIVED_ROUND"": 0.5, ""USELESS_BOMB"": -3.1000000000000014, ""WAITED"": -3.0400000000000023}"
60,1,0,1,400,0.19331333333333334,25.877249999999986,1.0,29.78000000000004,-4.902750000000003,77.41741666666668,-82.32016666666671,400,0,"{""BOMB_DROPPED"": 47, ""BOMB_EXPLODED"": 47, ""BOMB_NEXT_TO_CRATE"": 10, ""COIN_COLLECTED"": 1, ""COIN_FOUND"": 1, ""CRATE_DESTROYED"": 20, ""ESCAPED_DANGER"": 52, ""MOVED_AWAY_FROM_COIN"": 2, ""MOVED_DOWN"": 59, ""MOVED_INTO_DANGER"": 5, ""MOVED_LEFT"": 35, ""MOVED_RIGHT"": 46, ""MOVED_TOWARD_COIN"": 10, ""MOVED_TOWARD_SAFETY"": 69, ""MOVED_UP"": 59, ""OPPONENT_ELIMINATED"": 2, ""SAFE_BOMB_THREATENS_OPPONENT"": 8, ""STAYED_IN_DANGER"": 12, ""SURVIVED_ROUND"": 1, ""USELESS_BOMB"": 30, ""WAITED"": 154}","{""BOMB_DROPPED"": 0.0, ""BOMB_EXPLODED"": 0.0, ""BOMB_NEXT_TO_CRATE"": 0.49999999999999994, ""COIN_COLLECTED"": 1.0, ""COIN_FOUND"": 0.05, ""CRATE_DESTROYED"": 2.0000000000000004, ""ESCAPED_DANGER"": 15.600000000000016, ""MOVED_AWAY_FROM_COIN"": -0.14, ""MOVED_DOWN"": 0.0, ""MOVED_INTO_DANGER"": -1.75, ""MOVED_LEFT"": 0.0, ""MOVED_RIGHT"": 0.0, ""MOVED_TOWARD_COIN"": 0.6000000000000001, ""MOVED_TOWARD_SAFETY"": 20.700000000000028, ""MOVED_UP"": 0.0, ""OPPONENT_ELIMINATED"": 0.0, ""SAFE_BOMB_THREATENS_OPPONENT"": 0.7999999999999999, ""STAYED_IN_DANGER"": -3.0, ""SURVIVED_ROUND"": 0.5, ""USELESS_BOMB"": -3.0000000000000013, ""WAITED"": -3.0800000000000023}"
61,0,1,5,400,0.1932,29.898749999999943,5.0,29.640000000000036,-4.7412500000000115,79.11550000000003,-83.85675000000002,400,0,"{""BOMB_DROPPED"": 49, ""BOMB_EXPLODED"": 49, ""BOMB_NEXT_TO_CRATE"": 11, ""CRATE_DESTROYED"": 23, ""ESCAPED_DANGER"": 53, ""KILLED_OPPONENT"": 1, ""MOVED_AWAY_FROM_COIN"": 2, ""MOVED_DOWN"": 45, ""MOVED_INTO_DANGER"": 4, ""MOVED_LEFT"": 46, ""MOVED_RIGHT"": 46, ""MOVED_TOWARD_COIN"": 10, ""MOVED_TOWARD_SAFETY"": 65, ""MOVED_UP"": 58, ""OPPONENT_ELIMINATED"": 2, ""SAFE_BOMB_THREATENS_OPPONENT"": 10, ""STAYED_IN_DANGER"": 13, ""SURVIVED_ROUND"": 1, ""USELESS_BOMB"": 28, ""WAITED"": 156}","{""BOMB_DROPPED"": 0.0, ""BOMB_EXPLODED"": 0.0, ""BOMB_NEXT_TO_CRATE"": 0.5499999999999999, ""CRATE_DESTROYED"": 2.3000000000000007, ""ESCAPED_DANGER"": 15.900000000000016, ""KILLED_OPPONENT"": 5.0, ""MOVED_AWAY_FROM_COIN"": -0.14, ""MOVED_DOWN"": 0.0, ""MOVED_INTO_DANGER"": -1.4, ""MOVED_LEFT"": 0.0, ""MOVED_RIGHT"": 0.0, ""MOVED_TOWARD_COIN"": 0.6000000000000001, ""MOVED_TOWARD_SAFETY"": 19.500000000000025, ""MOVED_UP"": 0.0, ""OPPONENT_ELIMINATED"": 0.0, ""SAFE_BOMB_THREATENS_OPPONENT"": 0.9999999999999999, ""STAYED_IN_DANGER"": -3.25, ""SURVIVED_ROUND"": 0.5, ""USELESS_BOMB"": -2.800000000000001, ""WAITED"": -3.1200000000000023}"
62,0,0,0,400,0.19308666666666668,15.910250000000008,0,20.70000000000002,-4.789750000000005,68.42883333333327,-73.21858333333336,400,0,"{""BOMB_DROPPED"": 42, ""BOMB_EXPLODED"": 42, ""BOMB_NEXT_TO_CRATE"": 8, ""COIN_FOUND"": 2, ""CRATE_DESTROYED"": 23, ""ESCAPED_DANGER"": 45, ""MOVED_AWAY_FROM_COIN"": 3, ""MOVED_DOWN"": 40, ""MOVED_INTO_DANGER"": 3, ""MOVED_LEFT"": 37, ""MOVED_RIGHT"": 50, ""MOVED_TOWARD_COIN"": 13, ""MOVED_TOWARD_SAFETY"": 48, ""MOVED_UP"": 50, ""OPPONENT_ELIMINATED"": 1, ""SAFE_BOMB_THREATENS_OPPONENT"": 8, ""STAYED_IN_DANGER"": 18, ""SURVIVED_ROUND"": 1, ""USELESS_BOMB"": 27, ""WAITED"": 181}","{""BOMB_DROPPED"": 0.0, ""BOMB_EXPLODED"": 0.0, ""BOMB_NEXT_TO_CRATE"": 0.39999999999999997, ""COIN_FOUND"": 0.1, ""CRATE_DESTROYED"": 2.3000000000000007, ""ESCAPED_DANGER"": 13.50000000000001, ""MOVED_AWAY_FROM_COIN"": -0.21000000000000002, ""MOVED_DOWN"": 0.0, ""MOVED_INTO_DANGER"": -1.0499999999999998, ""MOVED_LEFT"": 0.0, ""MOVED_RIGHT"": 0.0, ""MOVED_TOWARD_COIN"": 0.7800000000000002, ""MOVED_TOWARD_SAFETY"": 14.400000000000013, ""MOVED_UP"": 0.0, ""OPPONENT_ELIMINATED"": 0.0, ""SAFE_BOMB_THREATENS_OPPONENT"": 0.7999999999999999, ""STAYED_IN_DANGER"": -4.5, ""SURVIVED_ROUND"": 0.5, ""USELESS_BOMB"": -2.700000000000001, ""WAITED"": -3.6200000000000028}"
63,1,0,1,400,0.19297333333333336,24.06149999999997,1.0,27.170000000000037,-4.108500000000003,74.72449999999999,-78.83300000000007,400,0,"{""BOMB_DROPPED"": 48, ""BOMB_EXPLODED"": 48, ""BOMB_NEXT_TO_CRATE"": 5, ""COIN_COLLECTED"": 1, ""COIN_FOUND"": 2, ""CRATE_DESTROYED"": 12, ""ESCAPED_DANGER"": 48, ""MOVED_AWAY_FROM_COIN"": 2, ""MOVED_DOWN"": 56, ""MOVED_LEFT"": 45, ""MOVED_RIGHT"": 42, ""MOVED_TOWARD_COIN"": 12, ""MOVED_TOWARD_SAFETY"": 68, ""MOVED_UP"": 56, ""OPPONENT_ELIMINATED"": 1, ""SAFE_BOMB_THREATENS_OPPONENT"": 3, ""STAYED_IN_DANGER"": 14, ""SURVIVED_ROUND"": 1, ""USELESS_BOMB"": 40, ""WAITED"": 153}","{""BOMB_DROPPED"": 0.0, ""BOMB_EXPLODED"": 0.0, ""BOMB_NEXT_TO_CRATE"": 0.25, ""COIN_COLLECTED"": 1.0, ""COIN_FOUND"": 0.1, ""CRATE_DESTROYED"": 1.2, ""ESCAPED_DANGER"": 14.400000000000013, ""MOVED_AWAY_FROM_COIN"": -0.14, ""MOVED_DOWN"": 0.0, ""MOVED_LEFT"": 0.0, ""MOVED_RIGHT"": 0.0, ""MOVED_TOWARD_COIN"": 0.7200000000000002, ""MOVED_TOWARD_SAFETY"": 20.400000000000027, ""MOVED_UP"": 0.0, ""OPPONENT_ELIMINATED"": 0.0, ""SAFE_BOMB_THREATENS_OPPONENT"": 0.30000000000000004, ""STAYED_IN_DANGER"": -3.5, ""SURVIVED_ROUND"": 0.5, ""USELESS_BOMB"": -4.000000000000002, ""WAITED"": -3.0600000000000023}"
64,0,0,0,400,0.19286,15.028499999999998,0,21.350000000000023,-6.321499999999999,64.67816666666661,-70.99966666666668,400,0,"{""BOMB_DROPPED"": 41, ""BOMB_EXPLODED"": 40, ""BOMB_NEXT_TO_CRATE"": 4, ""CRATE_DESTROYED"": 8, ""ESCAPED_DANGER"": 44, ""MOVED_AWAY_FROM_COIN"": 2, ""MOVED_DOWN"": 47, ""MOVED_INTO_DANGER"": 4, ""MOVED_LEFT"": 43, ""MOVED_RIGHT"": 57, ""MOVED_TOWARD_COIN"": 6, ""MOVED_TOWARD_SAFETY"": 56, ""MOVED_UP"": 41, ""OPPONENT_ELIMINATED"": 1, ""SAFE_BOMB_THREATENS_OPPONENT"": 7, ""STAYED_IN_DANGER"": 13, ""SURVIVED_ROUND"": 1, ""USELESS_BOMB"": 30, ""WAITED"": 171}","{""BOMB_DROPPED"": 0.0, ""BOMB_EXPLODED"": 0.0, ""BOMB_NEXT_TO_CRATE"": 0.2, ""CRATE_DESTROYED"": 0.7999999999999999, ""ESCAPED_DANGER"": 13.20000000000001, ""MOVED_AWAY_FROM_COIN"": -0.14, ""MOVED_DOWN"": 0.0, ""MOVED_INTO_DANGER"": -1.4, ""MOVED_LEFT"": 0.0, ""MOVED_RIGHT"": 0.0, ""MOVED_TOWARD_COIN"": 0.36, ""MOVED_TOWARD_SAFETY"": 16.80000000000002, ""MOVED_UP"": 0.0, ""OPPONENT_ELIMINATED"": 0.0, ""SAFE_BOMB_THREATENS_OPPONENT"": 0.7, ""STAYED_IN_DANGER"": -3.25, ""SURVIVED_ROUND"": 0.5, ""USELESS_BOMB"": -3.0000000000000013, ""WAITED"": -3.4200000000000026}"
65,2,0,2,400,0.19274666666666668,23.61824999999996,2.0,27.93000000000003,-6.3117500000000035,73.73624999999997,-80.04800000000006,400,0,"{""BOMB_DROPPED"": 44, ""BOMB_EXPLODED"": 44, ""BOMB_NEXT_TO_CRATE"": 10, ""COIN_COLLECTED"": 2, ""COIN_FOUND"": 2, ""CRATE_DESTROYED"": 20, ""ESCAPED_DANGER"": 50, ""INVALID_ACTION"": 1, ""MOVED_AWAY_FROM_COIN"": 5, ""MOVED_DOWN"": 59, ""MOVED_INTO_DANGER"": 6, ""MOVED_LEFT"": 46, ""MOVED_RIGHT"": 45, ""MOVED_TOWARD_COIN"": 10, ""MOVED_TOWARD_SAFETY"": 59, ""MOVED_UP"": 59, ""OPPONENT_ELIMINATED"": 2, ""SAFE_BOMB_THREATENS_OPPONENT"": 15, ""STAYED_IN_DANGER"": 10, ""SURVIVED_ROUND"": 1, ""USELESS_BOMB"": 20, ""WAITED"": 146}","{""BOMB_DROPPED"": 0.0, ""BOMB_EXPLODED"": 0.0, ""BOMB_NEXT_TO_CRATE"": 0.49999999999999994, ""COIN_COLLECTED"": 2.0, ""COIN_FOUND"": 0.1, ""CRATE_DESTROYED"": 2.0000000000000004, ""ESCAPED_DANGER"": 15.000000000000014, ""INVALID_ACTION"": -0.1, ""MOVED_AWAY_FROM_COIN"": -0.35000000000000003, ""MOVED_DOWN"": 0.0, ""MOVED_INTO_DANGER"": -2.1, ""MOVED_LEFT"": 0.0, ""MOVED_RIGHT"": 0.0, ""MOVED_TOWARD_COIN"": 0.6000000000000001, ""MOVED_TOWARD_SAFETY"": 17.70000000000002, ""MOVED_UP"": 0.0, ""OPPONENT_ELIMINATED"": 0.0, ""SAFE_BOMB_THREATENS_OPPONENT"": 1.5000000000000002, ""STAYED_IN_DANGER"": -2.5, ""SURVIVED_ROUND"": 0.5, ""USELESS_BOMB"": -2.0000000000000004, ""WAITED"": -2.920000000000002}"
66,2,0,2,400,0.19263333333333335,26.164749999999977,2.0,29.520000000000035,-5.355250000000009,75.49783333333329,-80.85308333333327,400,0,"{""BOMB_DROPPED"": 50, ""BOMB_EXPLODED"": 49, ""BOMB_NEXT_TO_CRATE"": 11, ""COIN_COLLECTED"": 2, ""COIN_FOUND"": 3, ""CRATE_DESTROYED"": 25, ""ESCAPED_DANGER"": 51, ""INVALID_ACTION"": 1, ""MOVED_AWAY_FROM_COIN"": 3, ""MOVED_DOWN"": 44, ""MOVED_INTO_DANGER"": 1, ""MOVED_LEFT"": 43, ""MOVED_RIGHT"": 56, ""MOVED_TOWARD_COIN"": 14, ""MOVED_TOWARD_SAFETY"": 63, ""MOVED_UP"": 58, ""OPPONENT_ELIMINATED"": 1, ""SAFE_BOMB_THREATENS_OPPONENT"": 9, ""STAYED_IN_DANGER"": 14, ""SURVIVED_ROUND"": 1, ""USELESS_BOMB"": 30, ""WAITED"": 148}","{""BOMB_DROPPED"": 0.0, ""BOMB_EXPLODED"": 0.0, ""BOMB_NEXT_TO_CRATE"": 0.5499999999999999, ""COIN_COLLECTED"": 2.0, ""COIN_FOUND"": 0.15000000000000002, ""CRATE_DESTROYED"": 2.500000000000001, ""ESCAPED_DANGER"": 15.300000000000015, ""INVALID_ACTION"": -0.1, ""MOVED_AWAY_FROM_COIN"": -0.21000000000000002, ""MOVED_DOWN"": 0.0, ""MOVED_INTO_DANGER"": -0.35, ""MOVED_LEFT"": 0.0, ""MOVED_RIGHT"": 0.0, ""MOVED_TOWARD_COIN"": 0.8400000000000003, ""MOVED_TOWARD_SAFETY"": 18.900000000000023, ""MOVED_UP"": 0.0, ""OPPONENT_ELIMINATED"": 0.0, ""SAFE_BOMB_THREATENS_OPPONENT"": 0.8999999999999999, ""STAYED_IN_DANGER"": -3.5, ""SURVIVED_ROUND"": 0.5, ""USELESS_BOMB"": -3.0000000000000013, ""WAITED"": -2.960000000000002}"
67,1,1,6,400,0.19252,28.771499999999985,6.0,30.570000000000036,-7.798500000000015,72.94741666666671,-80.74591666666663,400,0,"{""BOMB_DROPPED"": 46, ""BOMB_EXPLODED"": 45, ""BOMB_NEXT_TO_CRATE"": 12, ""COIN_COLLECTED"": 1, ""COIN_FOUND"": 2, ""CRATE_DESTROYED"": 28, ""ESCAPED_DANGER"": 49, ""KILLED_OPPONENT"": 1, ""MOVED_AWAY_FROM_COIN"": 2, ""MOVED_DOWN"": 52, ""MOVED_INTO_DANGER"": 4, ""MOVED_LEFT"": 43, ""MOVED_RIGHT"": 47, ""MOVED_TOWARD_COIN"": 8, ""MOVED_TOWARD_SAFETY"": 65, ""MOVED_UP"": 66, ""OPPONENT_ELIMINATED"": 2, ""SAFE_BOMB_THREATENS_OPPONENT"": 10, ""STAYED_IN_DANGER"": 9, ""SURVIVED_ROUND"": 1, ""USELESS_BOMB"": 24, ""WAITED"": 146}","{""BOMB_DROPPED"": 0.0, ""BOMB_EXPLODED"": 0.0, ""BOMB_NEXT_TO_CRATE"": 0.6, ""COIN_COLLECTED"": 1.0, ""COIN_FOUND"": 0.1, ""CRATE_DESTROYED"": 2.800000000000001, ""ESCAPED_DANGER"": 14.700000000000014, ""KILLED_OPPONENT"": 5.0, ""MOVED_AWAY_FROM_COIN"": -0.14, ""MOVED_DOWN"": 0.0, ""MOVED_INTO_DANGER"": -1.4, ""MOVED_LEFT"": 0.0, ""MOVED_RIGHT"": 0.0, ""MOVED_TOWARD_COIN"": 0.48, ""MOVED_TOWARD_SAFETY"": 19.500000000000025, ""MOVED_UP"": 0.0, ""OPPONENT_ELIMINATED"": 0.0, ""SAFE_BOMB_THREATENS_OPPONENT"": 0.9999999999999999, ""STAYED_IN_DANGER"": -2.25, ""SURVIVED_ROUND"": 0.5, ""USELESS_BOMB"": -2.400000000000001, ""WAITED"": -2.920000000000002}"
68,0,0,0,400,0.19240666666666667,24.24574999999997,0,31.610000000000042,-7.364250000000006,78.9294166666667,-86.29366666666668,400,0,"{""BOMB_DROPPED"": 45, ""BOMB_EXPLODED"": 44, ""BOMB_NEXT_TO_CRATE"": 12, ""CRATE_DESTROYED"": 23, ""ESCAPED_DANGER"": 53, ""INVALID_ACTION"": 1, ""MOVED_AWAY_FROM_COIN"": 1, ""MOVED_DOWN"": 54, ""MOVED_INTO_DANGER"": 9, ""MOVED_LEFT"": 43, ""MOVED_RIGHT"": 39, ""MOVED_TOWARD_COIN"": 18, ""MOVED_TOWARD_SAFETY"": 71, ""MOVED_UP"": 68, ""OPPONENT_ELIMINATED"": 2, ""SAFE_BOMB_THREATENS_OPPONENT"": 9, ""STAYED_IN_DANGER"": 9, ""SURVIVED_ROUND"": 1, ""USELESS_BOMB"": 24, ""WAITED"": 150}","{""BOMB_DROPPED"": 0.0, ""BOMB_EXPLODED"": 0.0, ""BOMB_NEXT_TO_CRATE"": 0.6, ""CRATE_DESTROYED"": 2.3000000000000007, ""ESCAPED_DANGER"": 15.900000000000016, ""INVALID_ACTION"": -0.1, ""MOVED_AWAY_FROM_COIN"": -0.07, ""MOVED_DOWN"": 0.0, ""MOVED_INTO_DANGER"": -3.1500000000000004, ""MOVED_LEFT"": 0.0, ""MOVED_RIGHT"": 0.0, ""MOVED_TOWARD_COIN"": 1.0800000000000005, ""MOVED_TOWARD_SAFETY"": 21.30000000000003, ""MOVED_UP"": 0.0, ""OPPONENT_ELIMINATED"": 0.0, ""SAFE_BOMB_THREATENS_OPPONENT"": 0.8999999999999999, ""STAYED_IN_DANGER"": -2.25, ""SURVIVED_ROUND"": 0.5, ""USELESS_BOMB"": -2.400000000000001, ""WAITED"": -3.000000000000002}"
69,2,1,7,400,0.19229333333333334,39.409000000000034,7.0,34.860000000000035,-2.4510000000000027,67.00474999999994,-69.45575000000001,400,0,"{""BOMB_DROPPED"": 44, ""BOMB_EXPLODED"": 44, ""BOMB_NEXT_TO_CRATE"": 18, ""COIN_COLLECTED"": 2, ""COIN_FOUND"": 3, ""CRATE_DESTROYED"": 36, ""ESCAPED_DANGER"": 44, ""KILLED_OPPONENT"": 1, ""MOVED_AWAY_FROM_COIN"": 24, ""MOVED_DOWN"": 58, ""MOVED_LEFT"": 51, ""MOVED_RIGHT"": 58, ""MOVED_TOWARD_COIN"": 80, ""MOVED_TOWARD_SAFETY"": 69, ""MOVED_UP"": 66, ""OPPONENT_ELIMINATED"": 3, ""STAYED_IN_DANGER"": 9, ""SURVIVED_ROUND"": 1, ""USELESS_BOMB"": 26, ""WAITED"": 123}","{""BOMB_DROPPED"": 0.0, ""BOMB_EXPLODED"": 0.0, ""BOMB_NEXT_TO_CRATE"": 0.9000000000000002, ""COIN_COLLECTED"": 2.0, ""COIN_FOUND"": 0.15000000000000002, ""CRATE_DESTROYED"": 3.600000000000002, ""ESCAPED_DANGER"": 13.20000000000001, ""KILLED_OPPONENT"": 5.0, ""MOVED_AWAY_FROM_COIN"": -1.680000000000001, ""MOVED_DOWN"": 0.0, ""MOVED_LEFT"": 0.0, ""MOVED_RIGHT"": 0.0, ""MOVED_TOWARD_COIN"": 4.799999999999998, ""MOVED_TOWARD_SAFETY"": 20.700000000000028, ""MOVED_UP"": 0.0, ""OPPONENT_ELIMINATED"": 0.0, ""STAYED_IN_DANGER"": -2.25, ""SURVIVED_ROUND"": 0.5, ""USELESS_BOMB"": -2.600000000000001, ""WAITED"": -2.4600000000000017}"
70,0,0,0,400,0.19218,22.517500000000002,0,28.660000000000036,-6.142500000000014,73.87399999999995,-80.01649999999998,400,0,"{""BOMB_DROPPED"": 49, ""BOMB_EXPLODED"": 48, ""BOMB_NEXT_TO_CRATE"": 9, ""CRATE_DESTROYED"": 18, ""ESCAPED_DANGER"": 50, ""INVALID_ACTION"": 1, ""MOVED_AWAY_FROM_COIN"": 1, ""MOVED_DOWN"": 50, ""MOVED_INTO_DANGER"": 2, ""MOVED_LEFT"": 37, ""MOVED_RIGHT"": 51, ""MOVED_TOWARD_COIN"": 8, ""MOVED_TOWARD_SAFETY"": 65, ""MOVED_UP"": 62, ""OPPONENT_ELIMINATED"": 1, ""SAFE_BOMB_THREATENS_OPPONENT"": 12, ""STAYED_IN_DANGER"": 14, ""SURVIVED_ROUND"": 1, ""USELESS_BOMB"": 29, ""WAITED"": 150}","{""BOMB_DROPPED"": 0.0, ""BOMB_EXPLODED"": 0.0, ""BOMB_NEXT_TO_CRATE"": 0.44999999999999996, ""CRATE_DESTROYED"": 1.8000000000000005, ""ESCAPED_DANGER"": 15.000000000000014, ""INVALID_ACTION"": -0.1, ""MOVED_AWAY_FROM_COIN"": -0.07, ""MOVED_DOWN"": 0.0, ""MOVED_INTO_DANGER"": -0.7, ""MOVED_LEFT"": 0.0, ""MOVED_RIGHT"": 0.0, ""MOVED_TOWARD_COIN"": 0.48, ""MOVED_TOWARD_SAFETY"": 19.500000000000025, ""MOVED_UP"": 0.0, ""OPPONENT_ELIMINATED"": 0.0, ""SAFE_BOMB_THREATENS_OPPONENT"": 1.2, ""STAYED_IN_DANGER"": -3.5, ""SURVIVED_ROUND"": 0.5, ""USELESS_BOMB"": -2.9000000000000012, ""WAITED"": -3.000000000000002}"
71,0,0,0,400,0.1920666666666667,22.463499999999996,0,24.980000000000032,-2.516500000000001,72.84141666666662,-75.35791666666663,400,0,"{""BOMB_DROPPED"": 47, ""BOMB_EXPLODED"": 47, ""BOMB_NEXT_TO_CRATE"": 10, ""COIN_FOUND"": 1, ""CRATE_DESTROYED"": 21, ""ESCAPED_DANGER"": 48, ""MOVED_AWAY_FROM_COIN"": 5, ""MOVED_DOWN"": 48, ""MOVED_INTO_DANGER"": 1, ""MOVED_LEFT"": 37, ""MOVED_RIGHT"": 50, ""MOVED_TOWARD_COIN"": 7, ""MOVED_TOWARD_SAFETY"": 61, ""MOVED_UP"": 46, ""OPPONENT_ELIMINATED"": 1, ""SAFE_BOMB_THREATENS_OPPONENT"": 2, ""STAYED_IN_DANGER"": 15, ""SURVIVED_ROUND"": 1, ""USELESS_BOMB"": 36, ""WAITED"": 172}","{""BOMB_DROPPED"": 0.0, ""BOMB_EXPLODED"": 0.0, ""BOMB_NEXT_TO_CRATE"": 0.49999999999999994, ""COIN_FOUND"": 0.05, ""CRATE_DESTROYED"": 2.1000000000000005, ""ESCAPED_DANGER"": 14.400000000000013, ""MOVED_AWAY_FROM_COIN"": -0.35000000000000003, ""MOVED_DOWN"": 0.0, ""MOVED_INTO_DANGER"": -0.35, ""MOVED_LEFT"": 0.0, ""MOVED_RIGHT"": 0.0, ""MOVED_TOWARD_COIN"": 0.42, ""MOVED_TOWARD_SAFETY"": 18.300000000000022, ""MOVED_UP"": 0.0, ""OPPONENT_ELIMINATED"": 0.0, ""SAFE_BOMB_THREATENS_OPPONENT"": 0.2, ""STAYED_IN_DANGER"": -3.75, ""SURVIVED_ROUND"": 0.5, ""USELESS_BOMB"": -3.600000000000002, ""WAITED"": -3.4400000000000026}"
72,0,0,0,88,0.19195333333333334,0.4284999999999979,0,2.629999999999999,-2.201500000000003,17.16875,-19.370250000000006,87,0,"{""BOMB_DROPPED"": 11, ""BOMB_EXPLODED"": 10, ""BOMB_NEXT_TO_CRATE"": 9, ""BOMB_WITH_NO_ESCAPE"": 1, ""COIN_FOUND"": 1, ""CRATE_DESTROYED"": 22, ""ESCAPED_DANGER"": 11, ""GOT_KILLED"": 1, ""MOVED_AWAY_FROM_COIN"": 2, ""MOVED_DOWN"": 9, ""MOVED_INTO_DANGER"": 2, ""MOVED_LEFT"": 8, ""MOVED_RIGHT"": 12, ""MOVED_TOWARD_COIN"": 3, ""MOVED_TOWARD_SAFETY"": 14, ""MOVED_UP"": 15, ""SAFE_BOMB_THREATENS_OPPONENT"": 3, ""STAYED_IN_DANGER"": 4, ""WAITED"": 33}","{""BOMB_DROPPED"": 0.0, ""BOMB_EXPLODED"": 0.0, ""BOMB_NEXT_TO_CRATE"": 0.44999999999999996, ""BOMB_WITH_NO_ESCAPE"": -0.55, ""COIN_FOUND"": 0.05, ""CRATE_DESTROYED"": 2.2000000000000006, ""ESCAPED_DANGER"": 3.2999999999999994, ""GOT_KILLED"": -5.0, ""MOVED_AWAY_FROM_COIN"": -0.14, ""MOVED_DOWN"": 0.0, ""MOVED_INTO_DANGER"": -0.7, ""MOVED_LEFT"": 0.0, ""MOVED_RIGHT"": 0.0, ""MOVED_TOWARD_COIN"": 0.18, ""MOVED_TOWARD_SAFETY"": 4.199999999999999, ""MOVED_UP"": 0.0, ""SAFE_BOMB_THREATENS_OPPONENT"": 0.30000000000000004, ""STAYED_IN_DANGER"": -1.0, ""WAITED"": -0.6600000000000003}"
73,3,0,3,400,0.19184,26.13699999999995,3.0,30.030000000000037,-6.893000000000006,74.26341666666669,-81.15641666666664,400,0,"{""BOMB_DROPPED"": 46, ""BOMB_EXPLODED"": 46, ""BOMB_NEXT_TO_CRATE"": 12, ""COIN_COLLECTED"": 3, ""COIN_FOUND"": 4, ""CRATE_DESTROYED"": 24, ""ESCAPED_DANGER"": 50, ""MOVED_AWAY_FROM_COIN"": 1, ""MOVED_DOWN"": 47, ""MOVED_INTO_DANGER"": 4, ""MOVED_LEFT"": 42, ""MOVED_RIGHT"": 51, ""MOVED_TOWARD_COIN"": 6, ""MOVED_TOWARD_SAFETY"": 65, ""MOVED_UP"": 61, ""OPPONENT_ELIMINATED"": 2, ""SAFE_BOMB_THREATENS_OPPONENT"": 8, ""STAYED_IN_DANGER"": 8, ""SURVIVED_ROUND"": 1, ""USELESS_BOMB"": 28, ""WAITED"": 153}","{""BOMB_DROPPED"": 0.0, ""BOMB_EXPLODED"": 0.0, ""BOMB_NEXT_TO_CRATE"": 0.6, ""COIN_COLLECTED"": 3.0, ""COIN_FOUND"": 0.2, ""CRATE_DESTROYED"": 2.400000000000001, ""ESCAPED_DANGER"": 15.000000000000014, ""MOVED_AWAY_FROM_COIN"": -0.07, ""MOVED_DOWN"": 0.0, ""MOVED_INTO_DANGER"": -1.4, ""MOVED_LEFT"": 0.0, ""MOVED_RIGHT"": 0.0, ""MOVED_TOWARD_COIN"": 0.36, ""MOVED_TOWARD_SAFETY"": 19.500000000000025, ""MOVED_UP"": 0.0, ""OPPONENT_ELIMINATED"": 0.0, ""SAFE_BOMB_THREATENS_OPPONENT"": 0.7999999999999999, ""STAYED_IN_DANGER"": -2.0, ""SURVIVED_ROUND"": 0.5, ""USELESS_BOMB"": -2.800000000000001, ""WAITED"": -3.0600000000000023}"
74,0,0,0,400,0.19172666666666668,25.706749999999964,0,30.66000000000004,-4.953250000000008,76.71791666666667,-81.67116666666661,400,0,"{""BOMB_DROPPED"": 47, ""BOMB_EXPLODED"": 47, ""BOMB_NEXT_TO_CRATE"": 8, ""CRATE_DESTROYED"": 21, ""ESCAPED_DANGER"": 51, ""MOVED_AWAY_FROM_COIN"": 3, ""MOVED_DOWN"": 53, ""MOVED_INTO_DANGER"": 4, ""MOVED_LEFT"": 42, ""MOVED_RIGHT"": 54, ""MOVED_TOWARD_COIN"": 11, ""MOVED_TOWARD_SAFETY"": 67, ""MOVED_UP"": 52, ""OPPONENT_ELIMINATED"": 2, ""SAFE_BOMB_THREATENS_OPPONENT"": 12, ""STAYED_IN_DANGER"": 9, ""SURVIVED_ROUND"": 1, ""USELESS_BOMB"": 27, ""WAITED"": 152}","{""BOMB_DROPPED"": 0.0, ""BOMB_EXPLODED"": 0.0, ""BOMB_NEXT_TO_CRATE"": 0.39999999999999997, ""CRATE_DESTROYED"": 2.1000000000000005, ""ESCAPED_DANGER"": 15.300000000000015, ""MOVED_AWAY_FROM_COIN"": -0.21000000000000002, ""MOVED_DOWN"": 0.0, ""MOVED_INTO_DANGER"": -1.4, ""MOVED_LEFT"": 0.0, ""MOVED_RIGHT"": 0.0, ""MOVED_TOWARD_COIN"": 0.6600000000000001, ""MOVED_TOWARD_SAFETY"": 20.100000000000026, ""MOVED_UP"": 0.0, ""OPPONENT_ELIMINATED"": 0.0, ""SAFE_BOMB_THREATENS_OPPONENT"": 1.2, ""STAYED_IN_DANGER"": -2.25, ""SURVIVED_ROUND"": 0.5, ""USELESS_BOMB"": -2.700000000000001, ""WAITED"": -3.0400000000000023}"
75,0,0,0,189,0.19161333333333333,5.860000000000001,0,9.719999999999997,-3.8600000000000017,33.73874999999998,-37.598749999999995,188,0,"{""BOMB_DROPPED"": 21, ""BOMB_EXPLODED"": 21, ""BOMB_NEXT_TO_CRATE"": 12, ""CRATE_DESTROYED"": 26, ""ESCAPED_DANGER"": 23, ""GOT_KILLED"": 1, ""INVALID_ACTION"": 2, ""MOVED_AWAY_FROM_COIN"": 1, ""MOVED_DOWN"": 24, ""MOVED_INTO_DANGER"": 3, ""MOVED_LEFT"": 13, ""MOVED_RIGHT"": 23, ""MOVED_TOWARD_COIN"": 7, ""MOVED_TOWARD_SAFETY"": 28, ""MOVED_UP"": 32, ""OPPONENT_ELIMINATED"": 1, ""SAFE_BOMB_THREATENS_OPPONENT"": 3, ""STAYED_IN_DANGER"": 4, ""USELESS_BOMB"": 7, ""WAITED"": 74}","{""BOMB_DROPPED"": 0.0, ""BOMB_EXPLODED"": 0.0, ""BOMB_NEXT_TO_CRATE"": 0.6, ""CRATE_DESTROYED"": 2.600000000000001, ""ESCAPED_DANGER"": 6.899999999999998, ""GOT_KILLED"": -5.0, ""INVALID_ACTION"": -0.2, ""MOVED_AWAY_FROM_COIN"": -0.07, ""MOVED_DOWN"": 0.0, ""MOVED_INTO_DANGER"": -1.0499999999999998, ""MOVED_LEFT"": 0.0, ""MOVED_RIGHT"": 0.0, ""MOVED_TOWARD_COIN"": 0.42, ""MOVED_TOWARD_SAFETY"": 8.399999999999999, ""MOVED_UP"": 0.0, ""OPPONENT_ELIMINATED"": 0.0, ""SAFE_BOMB_THREATENS_OPPONENT"": 0.30000000000000004, ""STAYED_IN_DANGER"": -1.0, ""USELESS_BOMB"": -0.7, ""WAITED"": -1.4800000000000009}"
76,0,0,0,400,0.1915,23.46049999999998,0,27.460000000000036,-3.9995000000000056,79.14524999999998,-83.14474999999993,400,0,"{""BOMB_DROPPED"": 50, ""BOMB_EXPLODED"": 50, ""BOMB_NEXT_TO_CRATE"": 10, ""COIN_FOUND"": 2, ""CRATE_DESTROYED"": 21, ""ESCAPED_DANGER"": 53, ""MOVED_AWAY_FROM_COIN"": 2, ""MOVED_DOWN"": 50, ""MOVED_INTO_DANGER"": 3, ""MOVED_LEFT"": 43, ""MOVED_RIGHT"": 49, ""MOVED_TOWARD_COIN"": 8, ""MOVED_TOWARD_SAFETY"": 63, ""MOVED_UP"": 49, ""OPPONENT_ELIMINATED"": 2, ""SAFE_BOMB_THREATENS_OPPONENT"": 8, ""STAYED_IN_DANGER"": 17, ""SURVIVED_ROUND"": 1, ""USELESS_BOMB"": 32, ""WAITED"": 159}","{""BOMB_DROPPED"": 0.0, ""BOMB_EXPLODED"": 0.0, ""BOMB_NEXT_TO_CRATE"": 0.49999999999999994, ""COIN_FOUND"": 0.1, ""CRATE_DESTROYED"": 2.1000000000000005, ""ESCAPED_DANGER"": 15.900000000000016, ""MOVED_AWAY_FROM_COIN"": -0.14, ""MOVED_DOWN"": 0.0, ""MOVED_INTO_DANGER"": -1.0499999999999998, ""MOVED_LEFT"": 0.0, ""MOVED_RIGHT"": 0.0, ""MOVED_TOWARD_COIN"": 0.48, ""MOVED_TOWARD_SAFETY"": 18.900000000000023, ""MOVED_UP"": 0.0, ""OPPONENT_ELIMINATED"": 0.0, ""SAFE_BOMB_THREATENS_OPPONENT"": 0.7999999999999999, ""STAYED_IN_DANGER"": -4.25, ""SURVIVED_ROUND"": 0.5, ""USELESS_BOMB"": -3.2000000000000015, ""WAITED"": -3.1800000000000024}"
77,1,1,6,400,0.19138666666666668,30.159500000000023,6.0,25.72000000000003,-1.5604999999999978,66.43691666666662,-67.99741666666648,400,0,"{""BOMB_DROPPED"": 45, ""BOMB_EXPLODED"": 45, ""BOMB_NEXT_TO_CRATE"": 12, ""COIN_COLLECTED"": 1, ""COIN_FOUND"": 1, ""CRATE_DESTROYED"": 25, ""ESCAPED_DANGER"": 45, ""INVALID_ACTION"": 2, ""KILLED_OPPONENT"": 1, ""MOVED_AWAY_FROM_COIN"": 4, ""MOVED_DOWN"": 41, ""MOVED_LEFT"": 67, ""MOVED_RIGHT"": 60, ""MOVED_TOWARD_COIN"": 9, ""MOVED_TOWARD_SAFETY"": 59, ""MOVED_UP"": 53, ""OPPONENT_ELIMINATED"": 3, ""SAFE_BOMB_THREATENS_OPPONENT"": 5, ""STAYED_IN_DANGER"": 17, ""SURVIVED_ROUND"": 1, ""USELESS_BOMB"": 28, ""WAITED"": 132}","{""BOMB_DROPPED"": 0.0, ""BOMB_EXPLODED"": 0.0, ""BOMB_NEXT_TO_CRATE"": 0.6, ""COIN_COLLECTED"": 1.0, ""COIN_FOUND"": 0.05, ""CRATE_DESTROYED"": 2.500000000000001, ""ESCAPED_DANGER"": 13.50000000000001, ""INVALID_ACTION"": -0.2, ""KILLED_OPPONENT"": 5.0, ""MOVED_AWAY_FROM_COIN"": -0.28, ""MOVED_DOWN"": 0.0, ""MOVED_LEFT"": 0.0, ""MOVED_RIGHT"": 0.0, ""MOVED_TOWARD_COIN"": 0.54, ""MOVED_TOWARD_SAFETY"": 17.70000000000002, ""MOVED_UP"": 0.0, ""OPPONENT_ELIMINATED"": 0.0, ""SAFE_BOMB_THREATENS_OPPONENT"": 0.5, ""STAYED_IN_DANGER"": -4.25, ""SURVIVED_ROUND"": 0.5, ""USELESS_BOMB"": -2.800000000000001, ""WAITED"": -2.640000000000002}"
78,2,0,2,297,0.19127333333333335,7.8037499999999795,2.0,12.580000000000018,-6.776250000000004,54.87441666666672,-61.65066666666666,296,0,"{""BOMB_DROPPED"": 34, ""BOMB_EXPLODED"": 34, ""BOMB_NEXT_TO_CRATE"": 9, ""COIN_COLLECTED"": 2, ""COIN_FOUND"": 2, ""CRATE_DESTROYED"": 16, ""ESCAPED_DANGER"": 37, ""GOT_KILLED"": 1, ""INVALID_ACTION"": 2, ""KILLED_SELF"": 1, ""MOVED_AWAY_FROM_COIN"": 6, ""MOVED_DOWN"": 39, ""MOVED_INTO_DANGER"": 4, ""MOVED_LEFT"": 30, ""MOVED_RIGHT"": 44, ""MOVED_TOWARD_COIN"": 18, ""MOVED_TOWARD_SAFETY"": 51, ""MOVED_UP"": 39, ""OPPONENT_ELIMINATED"": 2, ""SAFE_BOMB_THREATENS_OPPONENT"": 7, ""STAYED_IN_DANGER"": 7, ""USELESS_BOMB"": 18, ""WAITED"": 109}","{""BOMB_DROPPED"": 0.0, ""BOMB_EXPLODED"": 0.0, ""BOMB_NEXT_TO_CRATE"": 0.44999999999999996, ""COIN_COLLECTED"": 2.0, ""COIN_FOUND"": 0.1, ""CRATE_DESTROYED"": 1.6000000000000003, ""ESCAPED_DANGER"": 11.100000000000005, ""GOT_KILLED"": -5.0, ""INVALID_ACTION"": -0.2, ""KILLED_SELF"": -5.0, ""MOVED_AWAY_FROM_COIN"": -0.42000000000000004, ""MOVED_DOWN"": 0.0, ""MOVED_INTO_DANGER"": -1.4, ""MOVED_LEFT"": 0.0, ""MOVED_RIGHT"": 0.0, ""MOVED_TOWARD_COIN"": 1.0800000000000005, ""MOVED_TOWARD_SAFETY"": 15.300000000000015, ""MOVED_UP"": 0.0, ""OPPONENT_ELIMINATED"": 0.0, ""SAFE_BOMB_THREATENS_OPPONENT"": 0.7, ""STAYED_IN_DANGER"": -1.75, ""USELESS_BOMB"": -1.8000000000000005, ""WAITED"": -2.1800000000000015}"
79,0,0,0,400,0.19116,28.248249999999985,0,30.360000000000042,-2.111750000000002,80.35358333333335,-82.46533333333326,400,0,"{""BOMB_DROPPED"": 49, ""BOMB_EXPLODED"": 49, ""BOMB_NEXT_TO_CRATE"": 13, ""CRATE_DESTROYED"": 20, ""ESCAPED_DANGER"": 53, ""MOVED_AWAY_FROM_COIN"": 3, ""MOVED_DOWN"": 48, ""MOVED_INTO_DANGER"": 4, ""MOVED_LEFT"": 48, ""MOVED_RIGHT"": 47, ""MOVED_TOWARD_COIN"": 7, ""MOVED_TOWARD_SAFETY"": 73, ""MOVED_UP"": 58, ""OPPONENT_ELIMINATED"": 1, ""SAFE_BOMB_THREATENS_OPPONENT"": 7, ""STAYED_IN_DANGER"": 16, ""SURVIVED_ROUND"": 1, ""USELESS_BOMB"": 31, ""WAITED"": 150}","{""BOMB_DROPPED"": 0.0, ""BOMB_EXPLODED"": 0.0, ""BOMB_NEXT_TO_CRATE"": 0.65, ""CRATE_DESTROYED"": 2.0000000000000004, ""ESCAPED_DANGER"": 15.900000000000016, ""MOVED_AWAY_FROM_COIN"": -0.21000000000000002, ""MOVED_DOWN"": 0.0, ""MOVED_INTO_DANGER"": -1.4, ""MOVED_LEFT"": 0.0, ""MOVED_RIGHT"": 0.0, ""MOVED_TOWARD_COIN"": 0.42, ""MOVED_TOWARD_SAFETY"": 21.90000000000003, ""MOVED_UP"": 0.0, ""OPPONENT_ELIMINATED"": 0.0, ""SAFE_BOMB_THREATENS_OPPONENT"": 0.7, ""STAYED_IN_DANGER"": -4.0, ""SURVIVED_ROUND"": 0.5, ""USELESS_BOMB"": -3.1000000000000014, ""WAITED"": -3.000000000000002}"
80,1,0,1,99,0.19104666666666667,2.8424999999999967,1.0,4.1999999999999975,-2.357500000000002,20.081666666666656,-22.43916666666666,98,0,"{""BOMB_DROPPED"": 13, ""BOMB_EXPLODED"": 12, ""BOMB_NEXT_TO_CRATE"": 10, ""BOMB_WITH_NO_ESCAPE"": 1, ""COIN_COLLECTED"": 1, ""COIN_FOUND"": 2, ""CRATE_DESTROYED"": 22, ""ESCAPED_DANGER"": 13, ""GOT_KILLED"": 1, ""MOVED_DOWN"": 7, ""MOVED_INTO_DANGER"": 2, ""MOVED_LEFT"": 11, ""MOVED_RIGHT"": 9, ""MOVED_TOWARD_COIN"": 2, ""MOVED_TOWARD_SAFETY"": 20, ""MOVED_UP"": 18, ""STAYED_IN_DANGER"": 5, ""USELESS_BOMB"": 3, ""WAITED"": 41}","{""BOMB_DROPPED"": 0.0, ""BOMB_EXPLODED"": 0.0, ""BOMB_NEXT_TO_CRATE"": 0.49999999999999994, ""BOMB_WITH_NO_ESCAPE"": -0.55, ""COIN_COLLECTED"": 1.0, ""COIN_FOUND"": 0.1, ""CRATE_DESTROYED"": 2.2000000000000006, ""ESCAPED_DANGER"": 3.899999999999999, ""GOT_KILLED"": -5.0, ""MOVED_DOWN"": 0.0, ""MOVED_INTO_DANGER"": -0.7, ""MOVED_LEFT"": 0.0, ""MOVED_RIGHT"": 0.0, ""MOVED_TOWARD_COIN"": 0.12, ""MOVED_TOWARD_SAFETY"": 5.999999999999998, ""MOVED_UP"": 0.0, ""STAYED_IN_DANGER"": -1.25, ""USELESS_BOMB"": -0.30000000000000004, ""WAITED"": -0.8200000000000004}"
81,2,1,7,400,0.19093333333333334,30.62424999999993,7.0,29.630000000000038,-6.0057500000000115,78.02591666666672,-84.03166666666664,400,0,"{""BOMB_DROPPED"": 45, ""BOMB_EXPLODED"": 45, ""BOMB_NEXT_TO_CRATE"": 11, ""COIN_COLLECTED"": 2, ""COIN_FOUND"": 2, ""CRATE_DESTROYED"": 29, ""ESCAPED_DANGER"": 53, ""KILLED_OPPONENT"": 1, ""MOVED_AWAY_FROM_COIN"": 2, ""MOVED_DOWN"": 37, ""MOVED_INTO_DANGER"": 8, ""MOVED_LEFT"": 38, ""MOVED_RIGHT"": 51, ""MOVED_TOWARD_COIN"": 3, ""MOVED_TOWARD_SAFETY"": 63, ""MOVED_UP"": 51, ""OPPONENT_ELIMINATED"": 2, ""SAFE_BOMB_THREATENS_OPPONENT"": 15, ""STAYED_IN_DANGER"": 10, ""SURVIVED_ROUND"": 1, ""USELESS_BOMB"": 19, ""WAITED"": 178}","{""BOMB_DROPPED"": 0.0, ""BOMB_EXPLODED"": 0.0, ""BOMB_NEXT_TO_CRATE"": 0.5499999999999999, ""COIN_COLLECTED"": 2.0, ""COIN_FOUND"": 0.1, ""CRATE_DESTROYED"": 2.9000000000000012, ""ESCAPED_DANGER"": 15.900000000000016, ""KILLED_OPPONENT"": 5.0, ""MOVED_AWAY_FROM_COIN"": -0.14, ""MOVED_DOWN"": 0.0, ""MOVED_INTO_DANGER"": -2.8000000000000003, ""MOVED_LEFT"": 0.0, ""MOVED_RIGHT"": 0.0, ""MOVED_TOWARD_COIN"": 0.18, ""MOVED_TOWARD_SAFETY"": 18.900000000000023, ""MOVED_UP"": 0.0, ""OPPONENT_ELIMINATED"": 0.0, ""SAFE_BOMB_THREATENS_OPPONENT"": 1.5000000000000002, ""STAYED_IN_DANGER"": -2.5, ""SURVIVED_ROUND"": 0.5, ""USELESS_BOMB"": -1.9000000000000006, ""WAITED"": -3.5600000000000027}"
82,0,0,0,400,0.19082,23.946749999999977,0,28.560000000000038,-4.613250000000003,70.60566666666665,-75.21891666666657,400,0,"{""BOMB_DROPPED"": 47, ""BOMB_EXPLODED"": 46, ""BOMB_NEXT_TO_CRATE"": 7, ""CRATE_DESTROYED"": 10, ""ESCAPED_DANGER"": 47, ""MOVED_AWAY_FROM_COIN"": 2, ""MOVED_DOWN"": 56, ""MOVED_INTO_DANGER"": 1, ""MOVED_LEFT"": 51, ""MOVED_RIGHT"": 51, ""MOVED_TOWARD_COIN"": 7, ""MOVED_TOWARD_SAFETY"": 70, ""MOVED_UP"": 54, ""OPPONENT_ELIMINATED"": 1, ""SAFE_BOMB_THREATENS_OPPONENT"": 5, ""STAYED_IN_DANGER"": 10, ""SURVIVED_ROUND"": 1, ""USELESS_BOMB"": 35, ""WAITED"": 141}","{""BOMB_DROPPED"": 0.0, ""BOMB_EXPLODED"": 0.0, ""BOMB_NEXT_TO_CRATE"": 0.35, ""CRATE_DESTROYED"": 0.9999999999999999, ""ESCAPED_DANGER"": 14.100000000000012, ""MOVED_AWAY_FROM_COIN"": -0.14, ""MOVED_DOWN"": 0.0, ""MOVED_INTO_DANGER"": -0.35, ""MOVED_LEFT"": 0.0, ""MOVED_RIGHT"": 0.0, ""MOVED_TOWARD_COIN"": 0.42, ""MOVED_TOWARD_SAFETY"": 21.00000000000003, ""MOVED_UP"": 0.0, ""OPPONENT_ELIMINATED"": 0.0, ""SAFE_BOMB_THREATENS_OPPONENT"": 0.5, ""STAYED_IN_DANGER"": -2.5, ""SURVIVED_ROUND"": 0.5, ""USELESS_BOMB"": -3.5000000000000018, ""WAITED"": -2.820000000000002}"
83,1,0,1,69,0.1907066666666667,-0.759749999999995,1.0,0.8699999999999994,-2.62975,11.825166666666664,-14.454916666666664,68,0,"{""BOMB_DROPPED"": 9, ""BOMB_EXPLODED"": 8, ""BOMB_NEXT_TO_CRATE"": 7, ""BOMB_WITH_NO_ESCAPE"": 1, ""COIN_COLLECTED"": 1, ""COIN_FOUND"": 2, ""CRATE_DESTROYED"": 19, ""ESCAPED_DANGER"": 8, ""GOT_KILLED"": 1, ""INVALID_ACTION"": 1, ""MOVED_AWAY_FROM_COIN"": 4, ""MOVED_DOWN"": 5, ""MOVED_INTO_DANGER"": 1, ""MOVED_LEFT"": 6, ""MOVED_RIGHT"": 8, ""MOVED_TOWARD_COIN"": 6, ""MOVED_TOWARD_SAFETY"": 12, ""MOVED_UP"": 12, ""SAFE_BOMB_THREATENS_OPPONENT"": 1, ""STAYED_IN_DANGER"": 4, ""USELESS_BOMB"": 1, ""WAITED"": 28}","{""BOMB_DROPPED"": 0.0, ""BOMB_EXPLODED"": 0.0, ""BOMB_NEXT_TO_CRATE"": 0.35, ""BOMB_WITH_NO_ESCAPE"": -0.55, ""COIN_COLLECTED"": 1.0, ""COIN_FOUND"": 0.1, ""CRATE_DESTROYED"": 1.9000000000000006, ""ESCAPED_DANGER"": 2.4, ""GOT_KILLED"": -5.0, ""INVALID_ACTION"": -0.1, ""MOVED_AWAY_FROM_COIN"": -0.28, ""MOVED_DOWN"": 0.0, ""MOVED_INTO_DANGER"": -0.35, ""MOVED_LEFT"": 0.0, ""MOVED_RIGHT"": 0.0, ""MOVED_TOWARD_COIN"": 0.36, ""MOVED_TOWARD_SAFETY"": 3.599999999999999, ""MOVED_UP"": 0.0, ""SAFE_BOMB_THREATENS_OPPONENT"": 0.1, ""STAYED_IN_DANGER"": -1.0, ""USELESS_BOMB"": -0.1, ""WAITED"": -0.5600000000000002}"
84,2,0,2,207,0.19059333333333334,8.219999999999999,2.0,11.41,-5.190000000000005,36.42033333333332,-41.61033333333333,206,0,"{""BOMB_DROPPED"": 21, ""BOMB_EXPLODED"": 21, ""BOMB_NEXT_TO_CRATE"": 10, ""COIN_COLLECTED"": 2, ""COIN_FOUND"": 2, ""CRATE_DESTROYED"": 26, ""ESCAPED_DANGER"": 23, ""GOT_KILLED"": 1, ""INVALID_ACTION"": 1, ""MOVED_AWAY_FROM_COIN"": 5, ""MOVED_DOWN"": 19, ""MOVED_INTO_DANGER"": 3, ""MOVED_LEFT"": 32, ""MOVED_RIGHT"": 30, ""MOVED_TOWARD_COIN"": 16, ""MOVED_TOWARD_SAFETY"": 34, ""MOVED_UP"": 29, ""OPPONENT_ELIMINATED"": 1, ""SAFE_BOMB_THREATENS_OPPONENT"": 8, ""STAYED_IN_DANGER"": 9, ""USELESS_BOMB"": 4, ""WAITED"": 75}","{""BOMB_DROPPED"": 0.0, ""BOMB_EXPLODED"": 0.0, ""BOMB_NEXT_TO_CRATE"": 0.49999999999999994, ""COIN_COLLECTED"": 2.0, ""COIN_FOUND"": 0.1, ""CRATE_DESTROYED"": 2.600000000000001, ""ESCAPED_DANGER"": 6.899999999999998, ""GOT_KILLED"": -5.0, ""INVALID_ACTION"": -0.1, ""MOVED_AWAY_FROM_COIN"": -0.35000000000000003, ""MOVED_DOWN"": 0.0, ""MOVED_INTO_DANGER"": -1.0499999999999998, ""MOVED_LEFT"": 0.0, ""MOVED_RIGHT"": 0.0, ""MOVED_TOWARD_COIN"": 0.9600000000000004, ""MOVED_TOWARD_SAFETY"": 10.200000000000003, ""MOVED_UP"": 0.0, ""OPPONENT_ELIMINATED"": 0.0, ""SAFE_BOMB_THREATENS_OPPONENT"": 0.7999999999999999, ""STAYED_IN_DANGER"": -2.25, ""USELESS_BOMB"": -0.4, ""WAITED"": -1.5000000000000009}"
85,1,0,1,400,0.19048,22.064499999999978,1.0,25.890000000000036,-4.825500000000005,76.59399999999994,-81.41949999999997,400,0,"{""BOMB_DROPPED"": 50, ""BOMB_EXPLODED"": 50, ""BOMB_NEXT_TO_CRATE"": 17, ""COIN_COLLECTED"": 1, ""COIN_FOUND"": 2, ""CRATE_DESTROYED"": 24, ""ESCAPED_DANGER"": 52, ""MOVED_AWAY_FROM_COIN"": 4, ""MOVED_DOWN"": 42, ""MOVED_INTO_DANGER"": 2, ""MOVED_LEFT"": 43, ""MOVED_RIGHT"": 55, ""MOVED_TOWARD_COIN"": 14, ""MOVED_TOWARD_SAFETY"": 60, ""MOVED_UP"": 54, ""OPPONENT_ELIMINATED"": 1, ""SAFE_BOMB_THREATENS_OPPONENT"": 3, ""STAYED_IN_DANGER"": 22, ""SURVIVED_ROUND"": 1, ""USELESS_BOMB"": 31, ""WAITED"": 156}","{""BOMB_DROPPED"": 0.0, ""BOMB_EXPLODED"": 0.0, ""BOMB_NEXT_TO_CRATE"": 0.8500000000000002, ""COIN_COLLECTED"": 1.0, ""COIN_FOUND"": 0.1, ""CRATE_DESTROYED"": 2.400000000000001, ""ESCAPED_DANGER"": 15.600000000000016, ""MOVED_AWAY_FROM_COIN"": -0.28, ""MOVED_DOWN"": 0.0, ""MOVED_INTO_DANGER"": -0.7, ""MOVED_LEFT"": 0.0, ""MOVED_RIGHT"": 0.0, ""MOVED_TOWARD_COIN"": 0.8400000000000003, ""MOVED_TOWARD_SAFETY"": 18.00000000000002, ""MOVED_UP"": 0.0, ""OPPONENT_ELIMINATED"": 0.0, ""SAFE_BOMB_THREATENS_OPPONENT"": 0.30000000000000004, ""STAYED_IN_DANGER"": -5.5, ""SURVIVED_ROUND"": 0.5, ""USELESS_BOMB"": -3.1000000000000014, ""WAITED"": -3.1200000000000023}"
86,1,0,1,400,0.19036666666666668,29.39574999999995,1.0,34.88000000000004,-6.484250000000008,72.96800000000003,-79.45225,400,0,"{""BOMB_DROPPED"": 45, ""BOMB_EXPLODED"": 45, ""BOMB_NEXT_TO_CRATE"": 15, ""COIN_COLLECTED"": 1, ""COIN_FOUND"": 2, ""CRATE_DESTROYED"": 43, ""ESCAPED_DANGER"": 49, ""MOVED_AWAY_FROM_COIN"": 5, ""MOVED_DOWN"": 56, ""MOVED_INTO_DANGER"": 4, ""MOVED_LEFT"": 51, ""MOVED_RIGHT"": 50, ""MOVED_TOWARD_COIN"": 32, ""MOVED_TOWARD_SAFETY"": 66, ""MOVED_UP"": 56, ""OPPONENT_ELIMINATED"": 2, ""SAFE_BOMB_THREATENS_OPPONENT"": 15, ""STAYED_IN_DANGER"": 10, ""SURVIVED_ROUND"": 1, ""USELESS_BOMB"": 16, ""WAITED"": 142}","{""BOMB_DROPPED"": 0.0, ""BOMB_EXPLODED"": 0.0, ""BOMB_NEXT_TO_CRATE"": 0.7500000000000001, ""COIN_COLLECTED"": 1.0, ""COIN_FOUND"": 0.1, ""CRATE_DESTROYED"": 4.300000000000001, ""ESCAPED_DANGER"": 14.700000000000014, ""MOVED_AWAY_FROM_COIN"": -0.35000000000000003, ""MOVED_DOWN"": 0.0, ""MOVED_INTO_DANGER"": -1.4, ""MOVED_LEFT"": 0.0, ""MOVED_RIGHT"": 0.0, ""MOVED_TOWARD_COIN"": 1.9200000000000013, ""MOVED_TOWARD_SAFETY"": 19.800000000000026, ""MOVED_UP"": 0.0, ""OPPONENT_ELIMINATED"": 0.0, ""SAFE_BOMB_THREATENS_OPPONENT"": 1.5000000000000002, ""STAYED_IN_DANGER"": -2.5, ""SURVIVED_ROUND"": 0.5, ""USELESS_BOMB"": -1.6000000000000003, ""WAITED"": -2.840000000000002}"
87,2,0,2,400,0.19025333333333333,22.615916666666624,2.0,26.29000000000004,-5.674083333333335,77.81600000000002,-83.49008333333325,400,0,"{""BOMB_DROPPED"": 47, ""BOMB_EXPLODED"": 46, ""BOMB_NEXT_TO_CRATE"": 12, ""COIN_COLLECTED"": 2, ""COIN_FOUND"": 1, ""CRATE_DESTROYED"": 20, ""ESCAPED_DANGER"": 52, ""MOVED_AWAY_FROM_COIN"": 2, ""MOVED_DOWN"": 53, ""MOVED_INTO_DANGER"": 6, ""MOVED_LEFT"": 42, ""MOVED_RIGHT"": 56, ""MOVED_TOWARD_COIN"": 18, ""MOVED_TOWARD_SAFETY"": 64, ""MOVED_UP"": 52, ""OPPONENT_ELIMINATED"": 1, ""SAFE_BOMB_THREATENS_OPPONENT"": 5, ""STAYED_IN_DANGER"": 20, ""SURVIVED_ROUND"": 1, ""USELESS_BOMB"": 30, ""WAITED"": 150}","{""BOMB_DROPPED"": 0.0, ""BOMB_EXPLODED"": 0.0, ""BOMB_NEXT_TO_CRATE"": 0.6, ""COIN_COLLECTED"": 2.0, ""COIN_FOUND"": 0.05, ""CRATE_DESTROYED"": 2.0000000000000004, ""ESCAPED_DANGER"": 15.600000000000016, ""MOVED_AWAY_FROM_COIN"": -0.14, ""MOVED_DOWN"": 0.0, ""MOVED_INTO_DANGER"": -2.1, ""MOVED_LEFT"": 0.0, ""MOVED_RIGHT"": 0.0, ""MOVED_TOWARD_COIN"": 1.0800000000000005, ""MOVED_TOWARD_SAFETY"": 19.200000000000024, ""MOVED_UP"": 0.0, ""OPPONENT_ELIMINATED"": 0.0, ""SAFE_BOMB_THREATENS_OPPONENT"": 0.5, ""STAYED_IN_DANGER"": -5.0, ""SURVIVED_ROUND"": 0.5, ""USELESS_BOMB"": -3.0000000000000013, ""WAITED"": -3.000000000000002}"
88,3,0,3,400,0.19014,30.51499999999993,3.0,33.810000000000045,-6.295,75.35424999999998,-81.64925000000004,400,0,"{""BOMB_DROPPED"": 48, ""BOMB_EXPLODED"": 48, ""BOMB_NEXT_TO_CRATE"": 15, ""COIN_COLLECTED"": 3, ""COIN_FOUND"": 2, ""CRATE_DESTROYED"": 29, ""ESCAPED_DANGER"": 52, ""MOVED_AWAY_FROM_COIN"": 1, ""MOVED_DOWN"": 45, ""MOVED_INTO_DANGER"": 4, ""MOVED_LEFT"": 41, ""MOVED_RIGHT"": 52, ""MOVED_TOWARD_COIN"": 2, ""MOVED_TOWARD_SAFETY"": 70, ""MOVED_UP"": 57, ""OPPONENT_ELIMINATED"": 2, ""SAFE_BOMB_THREATENS_OPPONENT"": 15, ""STAYED_IN_DANGER"": 9, ""SURVIVED_ROUND"": 1, ""USELESS_BOMB"": 18, ""WAITED"": 157}","{""BOMB_DROPPED"": 0.0, ""BOMB_EXPLODED"": 0.0, ""BOMB_NEXT_TO_CRATE"": 0.7500000000000001, ""COIN_COLLECTED"": 3.0, ""COIN_FOUND"": 0.1, ""CRATE_DESTROYED"": 2.9000000000000012, ""ESCAPED_DANGER"": 15.600000000000016, ""MOVED_AWAY_FROM_COIN"": -0.07, ""MOVED_DOWN"": 0.0, ""MOVED_INTO_DANGER"": -1.4, ""MOVED_LEFT"": 0.0, ""MOVED_RIGHT"": 0.0, ""MOVED_TOWARD_COIN"": 0.12, ""MOVED_TOWARD_SAFETY"": 21.00000000000003, ""MOVED_UP"": 0.0, ""OPPONENT_ELIMINATED"": 0.0, ""SAFE_BOMB_THREATENS_OPPONENT"": 1.5000000000000002, ""STAYED_IN_DANGER"": -2.25, ""SURVIVED_ROUND"": 0.5, ""USELESS_BOMB"": -1.8000000000000005, ""WAITED"": -3.1400000000000023}"
89,1,0,1,400,0.19002666666666668,19.574666666666655,1.0,25.430000000000035,-6.855333333333338,76.32766666666664,-83.18299999999998,400,0,"{""BOMB_DROPPED"": 48, ""BOMB_EXPLODED"": 47, ""BOMB_NEXT_TO_CRATE"": 10, ""COIN_COLLECTED"": 1, ""COIN_FOUND"": 3, ""CRATE_DESTROYED"": 19, ""ESCAPED_DANGER"": 52, ""INVALID_ACTION"": 1, ""MOVED_AWAY_FROM_COIN"": 4, ""MOVED_DOWN"": 53, ""MOVED_INTO_DANGER"": 5, ""MOVED_LEFT"": 40, ""MOVED_RIGHT"": 52, ""MOVED_TOWARD_COIN"": 7, ""MOVED_TOWARD_SAFETY"": 60, ""MOVED_UP"": 53, ""OPPONENT_ELIMINATED"": 2, ""SAFE_BOMB_THREATENS_OPPONENT"": 8, ""STAYED_IN_DANGER"": 17, ""SURVIVED_ROUND"": 1, ""USELESS_BOMB"": 30, ""WAITED"": 153}","{""BOMB_DROPPED"": 0.0, ""BOMB_EXPLODED"": 0.0, ""BOMB_NEXT_TO_CRATE"": 0.49999999999999994, ""COIN_COLLECTED"": 1.0, ""COIN_FOUND"": 0.15000000000000002, ""CRATE_DESTROYED"": 1.9000000000000006, ""ESCAPED_DANGER"": 15.600000000000016, ""INVALID_ACTION"": -0.1, ""MOVED_AWAY_FROM_COIN"": -0.28, ""MOVED_DOWN"": 0.0, ""MOVED_INTO_DANGER"": -1.75, ""MOVED_LEFT"": 0.0, ""MOVED_RIGHT"": 0.0, ""MOVED_TOWARD_COIN"": 0.42, ""MOVED_TOWARD_SAFETY"": 18.00000000000002, ""MOVED_UP"": 0.0, ""OPPONENT_ELIMINATED"": 0.0, ""SAFE_BOMB_THREATENS_OPPONENT"": 0.7999999999999999, ""STAYED_IN_DANGER"": -4.25, ""SURVIVED_ROUND"": 0.5, ""USELESS_BOMB"": -3.0000000000000013, ""WAITED"": -3.0600000000000023}"
90,0,0,0,400,0.18991333333333335,24.322499999999994,0,30.600000000000037,-6.2775000000000185,74.78933333333336,-81.06683333333335,400,0,"{""BOMB_DROPPED"": 45, ""BOMB_EXPLODED"": 45, ""BOMB_NEXT_TO_CRATE"": 11, ""COIN_FOUND"": 1, ""CRATE_DESTROYED"": 23, ""ESCAPED_DANGER"": 50, ""MOVED_AWAY_FROM_COIN"": 5, ""MOVED_DOWN"": 46, ""MOVED_INTO_DANGER"": 5, ""MOVED_LEFT"": 41, ""MOVED_RIGHT"": 54, ""MOVED_TOWARD_COIN"": 8, ""MOVED_TOWARD_SAFETY"": 67, ""MOVED_UP"": 60, ""OPPONENT_ELIMINATED"": 2, ""SAFE_BOMB_THREATENS_OPPONENT"": 11, ""STAYED_IN_DANGER"": 8, ""SURVIVED_ROUND"": 1, ""USELESS_BOMB"": 23, ""WAITED"": 154}","{""BOMB_DROPPED"": 0.0, ""BOMB_EXPLODED"": 0.0, ""BOMB_NEXT_TO_CRATE"": 0.5499999999999999, ""COIN_FOUND"": 0.05, ""CRATE_DESTROYED"": 2.3000000000000007, ""ESCAPED_DANGER"": 15.000000000000014, ""MOVED_AWAY_FROM_COIN"": -0.35000000000000003, ""MOVED_DOWN"": 0.0, ""MOVED_INTO_DANGER"": -1.75, ""MOVED_LEFT"": 0.0, ""MOVED_RIGHT"": 0.0, ""MOVED_TOWARD_COIN"": 0.48, ""MOVED_TOWARD_SAFETY"": 20.100000000000026, ""MOVED_UP"": 0.0, ""OPPONENT_ELIMINATED"": 0.0, ""SAFE_BOMB_THREATENS_OPPONENT"": 1.0999999999999999, ""STAYED_IN_DANGER"": -2.0, ""SURVIVED_ROUND"": 0.5, ""USELESS_BOMB"": -2.3000000000000007, ""WAITED"": -3.0800000000000023}"
91,1,0,1,400,0.1898,25.124250000000014,1.0,28.390000000000033,-4.265750000000001,66.34958333333326,-70.61533333333337,400,0,"{""BOMB_DROPPED"": 42, ""BOMB_EXPLODED"": 41, ""BOMB_NEXT_TO_CRATE"": 6, ""COIN_COLLECTED"": 1, ""COIN_FOUND"": 2, ""CRATE_DESTROYED"": 12, ""ESCAPED_DANGER"": 41, ""MOVED_AWAY_FROM_COIN"": 1, ""MOVED_DOWN"": 52, ""MOVED_LEFT"": 68, ""MOVED_RIGHT"": 68, ""MOVED_TOWARD_COIN"": 11, ""MOVED_TOWARD_SAFETY"": 68, ""MOVED_UP"": 50, ""OPPONENT_ELIMINATED"": 1, ""SAFE_BOMB_THREATENS_OPPONENT"": 3, ""STAYED_IN_DANGER"": 6, ""SURVIVED_ROUND"": 1, ""USELESS_BOMB"": 34, ""WAITED"": 120}","{""BOMB_DROPPED"": 0.0, ""BOMB_EXPLODED"": 0.0, ""BOMB_NEXT_TO_CRATE"": 0.3, ""COIN_COLLECTED"": 1.0, ""COIN_FOUND"": 0.1, ""CRATE_DESTROYED"": 1.2, ""ESCAPED_DANGER"": 12.300000000000008, ""MOVED_AWAY_FROM_COIN"": -0.07, ""MOVED_DOWN"": 0.0, ""MOVED_LEFT"": 0.0, ""MOVED_RIGHT"": 0.0, ""MOVED_TOWARD_COIN"": 0.6600000000000001, ""MOVED_TOWARD_SAFETY"": 20.400000000000027, ""MOVED_UP"": 0.0, ""OPPONENT_ELIMINATED"": 0.0, ""SAFE_BOMB_THREATENS_OPPONENT"": 0.30000000000000004, ""STAYED_IN_DANGER"": -1.5, ""SURVIVED_ROUND"": 0.5, ""USELESS_BOMB"": -3.4000000000000017, ""WAITED"": -2.4000000000000017}"
92,0,0,0,400,0.18968666666666667,22.05175,0,24.29000000000002,-2.2382500000000056,61.29258333333328,-63.53083333333331,400,0,"{""BOMB_DROPPED"": 39, ""BOMB_EXPLODED"": 39, ""BOMB_NEXT_TO_CRATE"": 15, ""CRATE_DESTROYED"": 25, ""ESCAPED_DANGER"": 39, ""MOVED_AWAY_FROM_COIN"": 2, ""MOVED_DOWN"": 46, ""MOVED_LEFT"": 68, ""MOVED_RIGHT"": 76, ""MOVED_TOWARD_COIN"": 8, ""MOVED_TOWARD_SAFETY"": 53, ""MOVED_UP"": 46, ""OPPONENT_ELIMINATED"": 1, ""STAYED_IN_DANGER"": 10, ""SURVIVED_ROUND"": 1, ""USELESS_BOMB"": 24, ""WAITED"": 125}","{""BOMB_DROPPED"": 0.0, ""BOMB_EXPLODED"": 0.0, ""BOMB_NEXT_TO_CRATE"": 0.7500000000000001, ""CRATE_DESTROYED"": 2.500000000000001, ""ESCAPED_DANGER"": 11.700000000000006, ""MOVED_AWAY_FROM_COIN"": -0.14, ""MOVED_DOWN"": 0.0, ""MOVED_LEFT"": 0.0, ""MOVED_RIGHT"": 0.0, ""MOVED_TOWARD_COIN"": 0.48, ""MOVED_TOWARD_SAFETY"": 15.900000000000016, ""MOVED_UP"": 0.0, ""OPPONENT_ELIMINATED"": 0.0, ""STAYED_IN_DANGER"": -2.5, ""SURVIVED_ROUND"": 0.5, ""USELESS_BOMB"": -2.400000000000001, ""WAITED"": -2.5000000000000018}"
93,0,0,0,400,0.18957333333333334,23.24449999999994,0,29.520000000000035,-6.2755000000000045,68.62549999999997,-74.901,400,0,"{""BOMB_DROPPED"": 42, ""BOMB_EXPLODED"": 42, ""BOMB_NEXT_TO_CRATE"": 6, ""CRATE_DESTROYED"": 13, ""ESCAPED_DANGER"": 45, ""MOVED_AWAY_FROM_COIN"": 3, ""MOVED_DOWN"": 68, ""MOVED_INTO_DANGER"": 3, ""MOVED_LEFT"": 48, ""MOVED_RIGHT"": 44, ""MOVED_TOWARD_COIN"": 19, ""MOVED_TOWARD_SAFETY"": 69, ""MOVED_UP"": 65, ""OPPONENT_ELIMINATED"": 2, ""SAFE_BOMB_THREATENS_OPPONENT"": 11, ""STAYED_IN_DANGER"": 10, ""SURVIVED_ROUND"": 1, ""USELESS_BOMB"": 26, ""WAITED"": 133}","{""BOMB_DROPPED"": 0.0, ""BOMB_EXPLODED"": 0.0, ""BOMB_NEXT_TO_CRATE"": 0.3, ""CRATE_DESTROYED"": 1.3, ""ESCAPED_DANGER"": 13.50000000000001, ""MOVED_AWAY_FROM_COIN"": -0.21000000000000002, ""MOVED_DOWN"": 0.0, ""MOVED_INTO_DANGER"": -1.0499999999999998, ""MOVED_LEFT"": 0.0, ""MOVED_RIGHT"": 0.0, ""MOVED_TOWARD_COIN"": 1.1400000000000006, ""MOVED_TOWARD_SAFETY"": 20.700000000000028, ""MOVED_UP"": 0.0, ""OPPONENT_ELIMINATED"": 0.0, ""SAFE_BOMB_THREATENS_OPPONENT"": 1.0999999999999999, ""STAYED_IN_DANGER"": -2.5, ""SURVIVED_ROUND"": 0.5, ""USELESS_BOMB"": -2.600000000000001, ""WAITED"": -2.660000000000002}"
94,2,0,2,400,0.18946,25.706499999999963,2.0,30.960000000000043,-7.253500000000006,76.01250000000003,-83.26599999999996,400,0,"{""BOMB_DROPPED"": 48, ""BOMB_EXPLODED"": 47, ""BOMB_NEXT_TO_CRATE"": 13, ""COIN_COLLECTED"": 2, ""COIN_FOUND"": 4, ""CRATE_DESTROYED"": 30, ""ESCAPED_DANGER"": 51, ""INVALID_ACTION"": 1, ""MOVED_AWAY_FROM_COIN"": 2, ""MOVED_DOWN"": 42, ""MOVED_INTO_DANGER"": 4, ""MOVED_LEFT"": 44, ""MOVED_RIGHT"": 57, ""MOVED_TOWARD_COIN"": 13, ""MOVED_TOWARD_SAFETY"": 69, ""MOVED_UP"": 54, ""OPPONENT_ELIMINATED"": 1, ""SAFE_BOMB_THREATENS_OPPONENT"": 12, ""STAYED_IN_DANGER"": 17, ""SURVIVED_ROUND"": 1, ""USELESS_BOMB"": 24, ""WAITED"": 154}","{""BOMB_DROPPED"": 0.0, ""BOMB_EXPLODED"": 0.0, ""BOMB_NEXT_TO_CRATE"": 0.65, ""COIN_COLLECTED"": 2.0, ""COIN_FOUND"": 0.2, ""CRATE_DESTROYED"": 3.0000000000000013, ""ESCAPED_DANGER"": 15.300000000000015, ""INVALID_ACTION"": -0.1, ""MOVED_AWAY_FROM_COIN"": -0.14, ""MOVED_DOWN"": 0.0, ""MOVED_INTO_DANGER"": -1.4, ""MOVED_LEFT"": 0.0, ""MOVED_RIGHT"": 0.0, ""MOVED_TOWARD_COIN"": 0.7800000000000002, ""MOVED_TOWARD_SAFETY"": 20.700000000000028, ""MOVED_UP"": 0.0, ""OPPONENT_ELIMINATED"": 0.0, ""SAFE_BOMB_THREATENS_OPPONENT"": 1.2, ""STAYED_IN_DANGER"": -4.25, ""SURVIVED_ROUND"": 0.5, ""USELESS_BOMB"": -2.400000000000001, ""WAITED"": -3.0800000000000023}"
95,0,0,0,400,0.1893466666666667,24.13724999999997,0,29.680000000000042,-5.54275000000001,77.92500000000004,-83.46775000000001,400,0,"{""BOMB_DROPPED"": 48, ""BOMB_EXPLODED"": 47, ""BOMB_NEXT_TO_CRATE"": 7, ""CRATE_DESTROYED"": 17, ""ESCAPED_DANGER"": 51, ""INVALID_ACTION"": 1, ""MOVED_AWAY_FROM_COIN"": 7, ""MOVED_DOWN"": 58, ""MOVED_INTO_DANGER"": 3, ""MOVED_LEFT"": 48, ""MOVED_RIGHT"": 48, ""MOVED_TOWARD_COIN"": 19, ""MOVED_TOWARD_SAFETY"": 71, ""MOVED_UP"": 56, ""OPPONENT_ELIMINATED"": 2, ""SAFE_BOMB_THREATENS_OPPONENT"": 5, ""SAFE_BOMB_TRAPS_OPPONENT"": 1, ""STAYED_IN_DANGER"": 13, ""SURVIVED_ROUND"": 1, ""USELESS_BOMB"": 36, ""WAITED"": 141}","{""BOMB_DROPPED"": 0.0, ""BOMB_EXPLODED"": 0.0, ""BOMB_NEXT_TO_CRATE"": 0.35, ""CRATE_DESTROYED"": 1.7000000000000004, ""ESCAPED_DANGER"": 15.300000000000015, ""INVALID_ACTION"": -0.1, ""MOVED_AWAY_FROM_COIN"": -0.49000000000000005, ""MOVED_DOWN"": 0.0, ""MOVED_INTO_DANGER"": -1.0499999999999998, ""MOVED_LEFT"": 0.0, ""MOVED_RIGHT"": 0.0, ""MOVED_TOWARD_COIN"": 1.1400000000000006, ""MOVED_TOWARD_SAFETY"": 21.30000000000003, ""MOVED_UP"": 0.0, ""OPPONENT_ELIMINATED"": 0.0, ""SAFE_BOMB_THREATENS_OPPONENT"": 0.5, ""SAFE_BOMB_TRAPS_OPPONENT"": 0.2, ""STAYED_IN_DANGER"": -3.25, ""SURVIVED_ROUND"": 0.5, ""USELESS_BOMB"": -3.600000000000002, ""WAITED"": -2.820000000000002}"
96,0,0,0,400,0.18923333333333334,22.158250000000002,0,27.10000000000003,-4.9417500000000025,62.908583333333304,-67.85033333333332,400,0,"{""BOMB_DROPPED"": 38, ""BOMB_EXPLODED"": 37, ""BOMB_NEXT_TO_CRATE"": 9, ""CRATE_DESTROYED"": 15, ""ESCAPED_DANGER"": 41, ""INVALID_ACTION"": 1, ""MOVED_AWAY_FROM_COIN"": 1, ""MOVED_DOWN"": 77, ""MOVED_INTO_DANGER"": 3, ""MOVED_LEFT"": 54, ""MOVED_RIGHT"": 45, ""MOVED_TOWARD_COIN"": 7, ""MOVED_TOWARD_SAFETY"": 62, ""MOVED_UP"": 65, ""OPPONENT_ELIMINATED"": 2, ""SAFE_BOMB_THREATENS_OPPONENT"": 8, ""STAYED_IN_DANGER"": 7, ""SURVIVED_ROUND"": 1, ""USELESS_BOMB"": 21, ""WAITED"": 120}","{""BOMB_DROPPED"": 0.0, ""BOMB_EXPLODED"": 0.0, ""BOMB_NEXT_TO_CRATE"": 0.44999999999999996, ""CRATE_DESTROYED"": 1.5000000000000002, ""ESCAPED_DANGER"": 12.300000000000008, ""INVALID_ACTION"": -0.1, ""MOVED_AWAY_FROM_COIN"": -0.07, ""MOVED_DOWN"": 0.0, ""MOVED_INTO_DANGER"": -1.0499999999999998, ""MOVED_LEFT"": 0.0, ""MOVED_RIGHT"": 0.0, ""MOVED_TOWARD_COIN"": 0.42, ""MOVED_TOWARD_SAFETY"": 18.600000000000023, ""MOVED_UP"": 0.0, ""OPPONENT_ELIMINATED"": 0.0, ""SAFE_BOMB_THREATENS_OPPONENT"": 0.7999999999999999, ""STAYED_IN_DANGER"": -1.75, ""SURVIVED_ROUND"": 0.5, ""USELESS_BOMB"": -2.1000000000000005, ""WAITED"": -2.4000000000000017}"
97,1,0,1,400,0.18912,21.518749999999933,1.0,28.02000000000004,-7.501250000000003,81.37058333333333,-88.87183333333334,400,0,"{""BOMB_DROPPED"": 46, ""BOMB_EXPLODED"": 46, ""BOMB_NEXT_TO_CRATE"": 14, ""COIN_COLLECTED"": 1, ""COIN_FOUND"": 2, ""CRATE_DESTROYED"": 22, ""ESCAPED_DANGER"": 55, ""INVALID_ACTION"": 1, ""MOVED_AWAY_FROM_COIN"": 4, ""MOVED_DOWN"": 43, ""MOVED_INTO_DANGER"": 9, ""MOVED_LEFT"": 55, ""MOVED_RIGHT"": 50, ""MOVED_TOWARD_COIN"": 16, ""MOVED_TOWARD_SAFETY"": 63, ""MOVED_UP"": 57, ""OPPONENT_ELIMINATED"": 1, ""SAFE_BOMB_THREATENS_OPPONENT"": 13, ""STAYED_IN_DANGER"": 19, ""SURVIVED_ROUND"": 1, ""USELESS_BOMB"": 19, ""WAITED"": 148}","{""BOMB_DROPPED"": 0.0, ""BOMB_EXPLODED"": 0.0, ""BOMB_NEXT_TO_CRATE"": 0.7000000000000001, ""COIN_COLLECTED"": 1.0, ""COIN_FOUND"": 0.1, ""CRATE_DESTROYED"": 2.2000000000000006, ""ESCAPED_DANGER"": 16.500000000000018, ""INVALID_ACTION"": -0.1, ""MOVED_AWAY_FROM_COIN"": -0.28, ""MOVED_DOWN"": 0.0, ""MOVED_INTO_DANGER"": -3.1500000000000004, ""MOVED_LEFT"": 0.0, ""MOVED_RIGHT"": 0.0, ""MOVED_TOWARD_COIN"": 0.9600000000000004, ""MOVED_TOWARD_SAFETY"": 18.900000000000023, ""MOVED_UP"": 0.0, ""OPPONENT_ELIMINATED"": 0.0, ""SAFE_BOMB_THREATENS_OPPONENT"": 1.3, ""STAYED_IN_DANGER"": -4.75, ""SURVIVED_ROUND"": 0.5, ""USELESS_BOMB"": -1.9000000000000006, ""WAITED"": -2.960000000000002}"
98,0,2,10,400,0.18900666666666668,33.164250000000024,10.0,27.670000000000037,-4.50575,76.89583333333327,-81.40158333333349,400,0,"{""BOMB_DROPPED"": 47, ""BOMB_EXPLODED"": 47, ""BOMB_NEXT_TO_CRATE"": 9, ""CRATE_DESTROYED"": 22, ""ESCAPED_DANGER"": 52, ""INVALID_ACTION"": 1, ""KILLED_OPPONENT"": 2, ""MOVED_AWAY_FROM_COIN"": 5, ""MOVED_DOWN"": 52, ""MOVED_INTO_DANGER"": 5, ""MOVED_LEFT"": 36, ""MOVED_RIGHT"": 50, ""MOVED_TOWARD_COIN"": 13, ""MOVED_TOWARD_SAFETY"": 65, ""MOVED_UP"": 66, ""OPPONENT_ELIMINATED"": 3, ""SAFE_BOMB_THREATENS_OPPONENT"": 8, ""STAYED_IN_DANGER"": 16, ""SURVIVED_ROUND"": 1, ""USELESS_BOMB"": 30, ""WAITED"": 148}","{""BOMB_DROPPED"": 0.0, ""BOMB_EXPLODED"": 0.0, ""BOMB_NEXT_TO_CRATE"": 0.44999999999999996, ""CRATE_DESTROYED"": 2.2000000000000006, ""ESCAPED_DANGER"": 15.600000000000016, ""INVALID_ACTION"": -0.1, ""KILLED_OPPONENT"": 10.0, ""MOVED_AWAY_FROM_COIN"": -0.35000000000000003, ""MOVED_DOWN"": 0.0, ""MOVED_INTO_DANGER"": -1.75, ""MOVED_LEFT"": 0.0, ""MOVED_RIGHT"": 0.0, ""MOVED_TOWARD_COIN"": 0.7800000000000002, ""MOVED_TOWARD_SAFETY"": 19.500000000000025, ""MOVED_UP"": 0.0, ""OPPONENT_ELIMINATED"": 0.0, ""SAFE_BOMB_THREATENS_OPPONENT"": 0.7999999999999999, ""STAYED_IN_DANGER"": -4.0, ""SURVIVED_ROUND"": 0.5, ""USELESS_BOMB"": -3.0000000000000013, ""WAITED"": -2.960000000000002}"
99,3,0,3,400,0.18889333333333333,25.19749999999997,3.0,28.220000000000034,-6.0225000000000035,72.83783333333334,-78.86033333333333,400,0,"{""BOMB_DROPPED"": 45, ""BOMB_EXPLODED"": 44, ""BOMB_NEXT_TO_CRATE"": 11, ""COIN_COLLECTED"": 3, ""COIN_FOUND"": 3, ""CRATE_DESTROYED"": 18, ""ESCAPED_DANGER"": 48, ""MOVED_AWAY_FROM_COIN"": 5, ""MOVED_DOWN"": 54, ""MOVED_INTO_DANGER"": 4, ""MOVED_LEFT"": 48, ""MOVED_RIGHT"": 47, ""MOVED_TOWARD_COIN"": 13, ""MOVED_TOWARD_SAFETY"": 66, ""MOVED_UP"": 68, ""OPPONENT_ELIMINATED"": 2, ""SAFE_BOMB_THREATENS_OPPONENT"": 7, ""STAYED_IN_DANGER"": 13, ""SURVIVED_ROUND"": 1, ""USELESS_BOMB"": 27, ""WAITED"": 138}","{""BOMB_DROPPED"": 0.0, ""BOMB_EXPLODED"": 0.0, ""BOMB_NEXT_TO_CRATE"": 0.5499999999999999, ""COIN_COLLECTED"": 3.0, ""COIN_FOUND"": 0.15000000000000002, ""CRATE_DESTROYED"": 1.8000000000000005, ""ESCAPED_DANGER"": 14.400000000000013, ""MOVED_AWAY_FROM_COIN"": -0.35000000000000003, ""MOVED_DOWN"": 0.0, ""MOVED_INTO_DANGER"": -1.4, ""MOVED_LEFT"": 0.0, ""MOVED_RIGHT"": 0.0, ""MOVED_TOWARD_COIN"": 0.7800000000000002, ""MOVED_TOWARD_SAFETY"": 19.800000000000026, ""MOVED_UP"": 0.0, ""OPPONENT_ELIMINATED"": 0.0, ""SAFE_BOMB_THREATENS_OPPONENT"": 0.7, ""STAYED_IN_DANGER"": -3.25, ""SURVIVED_ROUND"": 0.5, ""USELESS_BOMB"": -2.700000000000001, ""WAITED"": -2.760000000000002}"
100,1,0,1,400,0.18878,23.325250000000015,1.0,23.86000000000003,-1.5347500000000038,78.81208333333332,-80.34683333333325,400,0,"{""BOMB_DROPPED"": 50, ""BOMB_EXPLODED"": 50, ""BOMB_NEXT_TO_CRATE"": 9, ""COIN_COLLECTED"": 1, ""CRATE_DESTROYED"": 18, ""ESCAPED_DANGER"": 52, ""MOVED_AWAY_FROM_COIN"": 6, ""MOVED_DOWN"": 50, ""MOVED_INTO_DANGER"": 2, ""MOVED_LEFT"": 37, ""MOVED_RIGHT"": 49, ""MOVED_TOWARD_COIN"": 8, ""MOVED_TOWARD_SAFETY"": 60, ""MOVED_UP"": 49, ""OPPONENT_ELIMINATED"": 1, ""SAFE_BOMB_THREATENS_OPPONENT"": 4, ""STAYED_IN_DANGER"": 21, ""SURVIVED_ROUND"": 1, ""USELESS_BOMB"": 37, ""WAITED"": 165}","{""BOMB_DROPPED"": 0.0, ""BOMB_EXPLODED"": 0.0, ""BOMB_NEXT_TO_CRATE"": 0.44999999999999996, ""COIN_COLLECTED"": 1.0, ""CRATE_DESTROYED"": 1.8000000000000005, ""ESCAPED_DANGER"": 15.600000000000016, ""MOVED_AWAY_FROM_COIN"": -0.42000000000000004, ""MOVED_DOWN"": 0.0, ""MOVED_INTO_DANGER"": -0.7, ""MOVED_LEFT"": 0.0, ""MOVED_RIGHT"": 0.0, ""MOVED_TOWARD_COIN"": 0.48, ""MOVED_TOWARD_SAFETY"": 18.00000000000002, ""MOVED_UP"": 0.0, ""OPPONENT_ELIMINATED"": 0.0, ""SAFE_BOMB_THREATENS_OPPONENT"": 0.4, ""STAYED_IN_DANGER"": -5.25, ""SURVIVED_ROUND"": 0.5, ""USELESS_BOMB"": -3.700000000000002, ""WAITED"": -3.3000000000000025}"
