episode,coins,kills,game_score,steps,epsilon,training_reward,objective_reward,other_event_reward,potential_net,potential_positive,potential_negative,potential_calls,terminal_potential_calls,event_counts,event_rewards
1,1,1,6,400,0.2,24.41749999999998,6.0,24.210000000000026,-5.7924999999999995,72.64875000000004,-78.44125000000001,401,1,"{""BOMB_DROPPED"": 46, ""BOMB_EXPLODED"": 45, ""BOMB_NEXT_TO_CRATE"": 11, ""COIN_COLLECTED"": 1, ""CRATE_DESTROYED"": 17, ""ESCAPED_DANGER"": 48, ""INVALID_ACTION"": 1, ""KILLED_OPPONENT"": 1, ""MOVED_AWAY_FROM_COIN"": 3, ""MOVED_DOWN"": 42, ""MOVED_INTO_DANGER"": 3, ""MOVED_LEFT"": 47, ""MOVED_RIGHT"": 60, ""MOVED_TOWARD_COIN"": 16, ""MOVED_TOWARD_SAFETY"": 53, ""MOVED_UP"": 42, ""OPPONENT_ELIMINATED"": 2, ""SAFE_BOMB_THREATENS_OPPONENT"": 4, ""STAYED_IN_DANGER"": 10, ""SURVIVED_ROUND"": 1, ""USELESS_BOMB"": 31, ""WAITED"": 162}","{""BOMB_DROPPED"": 0.0, ""BOMB_EXPLODED"": 0.0, ""BOMB_NEXT_TO_CRATE"": 0.5499999999999999, ""COIN_COLLECTED"": 1.0, ""CRATE_DESTROYED"": 1.7000000000000004, ""ESCAPED_DANGER"": 14.400000000000013, ""INVALID_ACTION"": -0.1, ""KILLED_OPPONENT"": 5.0, ""MOVED_AWAY_FROM_COIN"": -0.21000000000000002, ""MOVED_DOWN"": 0.0, ""MOVED_INTO_DANGER"": -1.0499999999999998, ""MOVED_LEFT"": 0.0, ""MOVED_RIGHT"": 0.0, ""MOVED_TOWARD_COIN"": 0.9600000000000004, ""MOVED_TOWARD_SAFETY"": 15.900000000000016, ""MOVED_UP"": 0.0, ""OPPONENT_ELIMINATED"": 0.0, ""SAFE_BOMB_THREATENS_OPPONENT"": 0.4, ""STAYED_IN_DANGER"": -2.5, ""SURVIVED_ROUND"": 0.5, ""USELESS_BOMB"": -3.1000000000000014, ""WAITED"": -3.2400000000000024}"
2,1,0,1,400,0.19988666666666668,18.169749999999976,1.0,25.940000000000023,-8.770250000000011,59.39350000000002,-68.16375000000004,401,1,"{""BOMB_DROPPED"": 30, ""BOMB_EXPLODED"": 30, ""BOMB_NEXT_TO_CRATE"": 13, ""COIN_COLLECTED"": 1, ""COIN_FOUND"": 3, ""CRATE_DESTROYED"": 25, ""ESCAPED_DANGER"": 38, ""INVALID_ACTION"": 1, ""MOVED_AWAY_FROM_COIN"": 3, ""MOVED_DOWN"": 58, ""MOVED_INTO_DANGER"": 8, ""MOVED_LEFT"": 68, ""MOVED_RIGHT"": 72, ""MOVED_TOWARD_COIN"": 27, ""MOVED_TOWARD_SAFETY"": 51, ""MOVED_UP"": 70, ""OPPONENT_ELIMINATED"": 2, ""SAFE_BOMB_THREATENS_OPPONENT"": 13, ""STAYED_IN_DANGER"": 7, ""SURVIVED_ROUND"": 1, ""USELESS_BOMB"": 6, ""WAITED"": 101}","{""BOMB_DROPPED"": 0.0, ""BOMB_EXPLODED"": 0.0, ""BOMB_NEXT_TO_CRATE"": 0.65, ""COIN_COLLECTED"": 1.0, ""COIN_FOUND"": 0.15000000000000002, ""CRATE_DESTROYED"": 2.500000000000001, ""ESCAPED_DANGER"": 11.400000000000006, ""INVALID_ACTION"": -0.1, ""MOVED_AWAY_FROM_COIN"": -0.21000000000000002, ""MOVED_DOWN"": 0.0, ""MOVED_INTO_DANGER"": -2.8000000000000003, ""MOVED_LEFT"": 0.0, ""MOVED_RIGHT"": 0.0, ""MOVED_TOWARD_COIN"": 1.620000000000001, ""MOVED_TOWARD_SAFETY"": 15.300000000000015, ""MOVED_UP"": 0.0, ""OPPONENT_ELIMINATED"": 0.0, ""SAFE_BOMB_THREATENS_OPPONENT"": 1.3, ""STAYED_IN_DANGER"": -1.75, ""SURVIVED_ROUND"": 0.5, ""USELESS_BOMB"": -0.6, ""WAITED"": -2.0200000000000014}"
3,0,0,0,400,0.19977333333333336,10.1195,0,17.960000000000008,-7.840500000000012,55.71100000000005,-63.55150000000005,401,1,"{""BOMB_DROPPED"": 23, ""BOMB_EXPLODED"": 22, ""BOMB_NEXT_TO_CRATE"": 10, ""CRATE_DESTROYED"": 23, ""ESCAPED_DANGER"": 37, ""INVALID_ACTION"": 1, ""MOVED_AWAY_FROM_COIN"": 2, ""MOVED_DOWN"": 65, ""MOVED_INTO_DANGER"": 15, ""MOVED_LEFT"": 68, ""MOVED_RIGHT"": 78, ""MOVED_TOWARD_COIN"": 15, ""MOVED_TOWARD_SAFETY"": 35, ""MOVED_UP"": 65, ""OPPONENT_ELIMINATED"": 2, ""SAFE_BOMB_THREATENS_OPPONENT"": 9, ""STAYED_IN_DANGER"": 3, ""SURVIVED_ROUND"": 1, ""USELESS_BOMB"": 5, ""WAITED"": 100}","{""BOMB_DROPPED"": 0.0, ""BOMB_EXPLODED"": 0.0, ""BOMB_NEXT_TO_CRATE"": 0.49999999999999994, ""CRATE_DESTROYED"": 2.3000000000000007, ""ESCAPED_DANGER"": 11.100000000000005, ""INVALID_ACTION"": -0.1, ""MOVED_AWAY_FROM_COIN"": -0.14, ""MOVED_DOWN"": 0.0, ""MOVED_INTO_DANGER"": -5.249999999999999, ""MOVED_LEFT"": 0.0, ""MOVED_RIGHT"": 0.0, ""MOVED_TOWARD_COIN"": 0.9000000000000004, ""MOVED_TOWARD_SAFETY"": 10.500000000000004, ""MOVED_UP"": 0.0, ""OPPONENT_ELIMINATED"": 0.0, ""SAFE_BOMB_THREATENS_OPPONENT"": 0.8999999999999999, ""STAYED_IN_DANGER"": -0.75, ""SURVIVED_ROUND"": 0.5, ""USELESS_BOMB"": -0.5, ""WAITED"": -2.0000000000000013}"
4,1,0,1,400,0.19966,26.101999999999983,1.0,32.99000000000003,-7.8880000000000114,62.6418333333334,-70.52983333333336,401,1,"{""BOMB_DROPPED"": 34, ""BOMB_EXPLODED"": 33, ""BOMB_NEXT_TO_CRATE"": 17, ""COIN_COLLECTED"": 1, ""COIN_FOUND"": 2, ""CRATE_DESTROYED"": 32, ""ESCAPED_DANGER"": 40, ""MOVED_AWAY_FROM_COIN"": 25, ""MOVED_DOWN"": 62, ""MOVED_INTO_DANGER"": 7, ""MOVED_LEFT"": 58, ""MOVED_RIGHT"": 72, ""MOVED_TOWARD_COIN"": 68, ""MOVED_TOWARD_SAFETY"": 62, ""MOVED_UP"": 62, ""OPPONENT_ELIMINATED"": 2, ""SAFE_BOMB_THREATENS_OPPONENT"": 15, ""STAYED_IN_DANGER"": 4, ""SURVIVED_ROUND"": 1, ""USELESS_BOMB"": 4, ""WAITED"": 112}","{""BOMB_DROPPED"": 0.0, ""BOMB_EXPLODED"": 0.0, ""BOMB_NEXT_TO_CRATE"": 0.8500000000000002, ""COIN_COLLECTED"": 1.0, ""COIN_FOUND"": 0.1, ""CRATE_DESTROYED"": 3.2000000000000015, ""ESCAPED_DANGER"": 12.000000000000007, ""MOVED_AWAY_FROM_COIN"": -1.750000000000001, ""MOVED_DOWN"": 0.0, ""MOVED_INTO_DANGER"": -2.45, ""MOVED_LEFT"": 0.0, ""MOVED_RIGHT"": 0.0, ""MOVED_TOWARD_COIN"": 4.080000000000003, ""MOVED_TOWARD_SAFETY"": 18.600000000000023, ""MOVED_UP"": 0.0, ""OPPONENT_ELIMINATED"": 0.0, ""SAFE_BOMB_THREATENS_OPPONENT"": 1.5000000000000002, ""STAYED_IN_DANGER"": -1.0, ""SURVIVED_ROUND"": 0.5, ""USELESS_BOMB"": -0.4, ""WAITED"": -2.2400000000000015}"
5,1,0,1,400,0.19954666666666668,15.896750000000006,1.0,23.360000000000024,-8.463250000000011,63.270999999999994,-71.73425000000003,401,1,"{""BOMB_DROPPED"": 29, ""BOMB_EXPLODED"": 28, ""BOMB_NEXT_TO_CRATE"": 10, ""COIN_COLLECTED"": 1, ""COIN_FOUND"": 1, ""CRATE_DESTROYED"": 20, ""ESCAPED_DANGER"": 42, ""INVALID_ACTION"": 1, ""MOVED_AWAY_FROM_COIN"": 4, ""MOVED_DOWN"": 61, ""MOVED_INTO_DANGER"": 15, ""MOVED_LEFT"": 67, ""MOVED_RIGHT"": 63, ""MOVED_TOWARD_COIN"": 26, ""MOVED_TOWARD_SAFETY"": 53, ""MOVED_UP"": 63, ""OPPONENT_ELIMINATED"": 2, ""SAFE_BOMB_THREATENS_OPPONENT"": 11, ""STAYED_IN_DANGER"": 8, ""SURVIVED_ROUND"": 1, ""USELESS_BOMB"": 9, ""WAITED"": 116}","{""BOMB_DROPPED"": 0.0, ""BOMB_EXPLODED"": 0.0, ""BOMB_NEXT_TO_CRATE"": 0.49999999999999994, ""COIN_COLLECTED"": 1.0, ""COIN_FOUND"": 0.05, ""CRATE_DESTROYED"": 2.0000000000000004, ""ESCAPED_DANGER"": 12.600000000000009, ""INVALID_ACTION"": -0.1, ""MOVED_AWAY_FROM_COIN"": -0.28, ""MOVED_DOWN"": 0.0, ""MOVED_INTO_DANGER"": -5.249999999999999, ""MOVED_LEFT"": 0.0, ""MOVED_RIGHT"": 0.0, ""MOVED_TOWARD_COIN"": 1.560000000000001, ""MOVED_TOWARD_SAFETY"": 15.900000000000016, ""MOVED_UP"": 0.0, ""OPPONENT_ELIMINATED"": 0.0, ""SAFE_BOMB_THREATENS_OPPONENT"": 1.0999999999999999, ""STAYED_IN_DANGER"": -2.0, ""SURVIVED_ROUND"": 0.5, ""USELESS_BOMB"": -0.8999999999999999, ""WAITED"": -2.3200000000000016}"
6,0,0,0,400,0.19943333333333335,13.789749999999964,0,20.860000000000017,-7.070250000000011,62.4395833333335,-69.50983333333325,401,1,"{""BOMB_DROPPED"": 28, ""BOMB_EXPLODED"": 28, ""BOMB_NEXT_TO_CRATE"": 12, ""COIN_FOUND"": 1, ""CRATE_DESTROYED"": 28, ""ESCAPED_DANGER"": 41, ""INVALID_ACTION"": 1, ""MOVED_AWAY_FROM_COIN"": 5, ""MOVED_DOWN"": 51, ""MOVED_INTO_DANGER"": 13, ""MOVED_LEFT"": 46, ""MOVED_RIGHT"": 46, ""MOVED_TOWARD_COIN"": 11, ""MOVED_TOWARD_SAFETY"": 45, ""MOVED_UP"": 63, ""SAFE_BOMB_THREATENS_OPPONENT"": 11, ""STAYED_IN_DANGER"": 7, ""SURVIVED_ROUND"": 1, ""USELESS_BOMB"": 6, ""WAITED"": 165}","{""BOMB_DROPPED"": 0.0, ""BOMB_EXPLODED"": 0.0, ""BOMB_NEXT_TO_CRATE"": 0.6, ""COIN_FOUND"": 0.05, ""CRATE_DESTROYED"": 2.800000000000001, ""ESCAPED_DANGER"": 12.300000000000008, ""INVALID_ACTION"": -0.1, ""MOVED_AWAY_FROM_COIN"": -0.35000000000000003, ""MOVED_DOWN"": 0.0, ""MOVED_INTO_DANGER"": -4.55, ""MOVED_LEFT"": 0.0, ""MOVED_RIGHT"": 0.0, ""MOVED_TOWARD_COIN"": 0.6600000000000001, ""MOVED_TOWARD_SAFETY"": 13.50000000000001, ""MOVED_UP"": 0.0, ""SAFE_BOMB_THREATENS_OPPONENT"": 1.0999999999999999, ""STAYED_IN_DANGER"": -1.75, ""SURVIVED_ROUND"": 0.5, ""USELESS_BOMB"": -0.6, ""WAITED"": -3.3000000000000025}"
7,1,0,1,125,0.19932,6.3785,1.0,7.639999999999997,-2.2615000000000007,26.498416666666653,-28.75991666666665,125,1,"{""BOMB_DROPPED"": 13, ""BOMB_EXPLODED"": 13, ""BOMB_NEXT_TO_CRATE"": 11, ""COIN_COLLECTED"": 1, ""COIN_FOUND"": 3, ""CRATE_DESTROYED"": 28, ""ESCAPED_DANGER"": 16, ""GOT_KILLED"": 1, ""INVALID_ACTION"": 4, ""MOVED_AWAY_FROM_COIN"": 3, ""MOVED_DOWN"": 13, ""MOVED_INTO_DANGER"": 4, ""MOVED_LEFT"": 12, ""MOVED_RIGHT"": 16, ""MOVED_TOWARD_COIN"": 9, ""MOVED_TOWARD_SAFETY"": 26, ""MOVED_UP"": 25, ""OPPONENT_ELIMINATED"": 1, ""SAFE_BOMB_THREATENS_OPPONENT"": 2, ""STAYED_IN_DANGER"": 5, ""USELESS_BOMB"": 1, ""WAITED"": 42}","{""BOMB_DROPPED"": 0.0, ""BOMB_EXPLODED"": 0.0, ""BOMB_NEXT_TO_CRATE"": 0.5499999999999999, ""COIN_COLLECTED"": 1.0, ""COIN_FOUND"": 0.15000000000000002, ""CRATE_DESTROYED"": 2.800000000000001, ""ESCAPED_DANGER"": 4.799999999999999, ""GOT_KILLED"": -5.0, ""INVALID_ACTION"": -0.4, ""MOVED_AWAY_FROM_COIN"": -0.21000000000000002, ""MOVED_DOWN"": 0.0, ""MOVED_INTO_DANGER"": -1.4, ""MOVED_LEFT"": 0.0, ""MOVED_RIGHT"": 0.0, ""MOVED_TOWARD_COIN"": 0.54, ""MOVED_TOWARD_SAFETY"": 7.799999999999997, ""MOVED_UP"": 0.0, ""OPPONENT_ELIMINATED"": 0.0, ""SAFE_BOMB_THREATENS_OPPONENT"": 0.2, ""STAYED_IN_DANGER"": -1.25, ""USELESS_BOMB"": -0.1, ""WAITED"": -0.8400000000000004}"
8,1,0,1,400,0.19920666666666667,18.242999999999988,1.0,23.840000000000018,-6.5970000000000075,55.13858333333333,-61.735583333333295,401,1,"{""BOMB_DROPPED"": 32, ""BOMB_EXPLODED"": 32, ""BOMB_NEXT_TO_CRATE"": 12, ""BOMB_WITH_NO_ESCAPE"": 1, ""COIN_COLLECTED"": 1, ""COIN_FOUND"": 1, ""CRATE_DESTROYED"": 27, ""ESCAPED_DANGER"": 34, ""MOVED_AWAY_FROM_COIN"": 7, ""MOVED_DOWN"": 41, ""MOVED_INTO_DANGER"": 3, ""MOVED_LEFT"": 83, ""MOVED_RIGHT"": 92, ""MOVED_TOWARD_COIN"": 20, ""MOVED_TOWARD_SAFETY"": 52, ""MOVED_UP"": 41, ""OPPONENT_ELIMINATED"": 1, ""SAFE_BOMB_THREATENS_OPPONENT"": 7, ""STAYED_IN_DANGER"": 8, ""SURVIVED_ROUND"": 1, ""USELESS_BOMB"": 14, ""WAITED"": 111}","{""BOMB_DROPPED"": 0.0, ""BOMB_EXPLODED"": 0.0, ""BOMB_NEXT_TO_CRATE"": 0.6, ""BOMB_WITH_NO_ESCAPE"": -0.55, ""COIN_COLLECTED"": 1.0, ""COIN_FOUND"": 0.05, ""CRATE_DESTROYED"": 2.700000000000001, ""ESCAPED_DANGER"": 10.200000000000003, ""MOVED_AWAY_FROM_COIN"": -0.49000000000000005, ""MOVED_DOWN"": 0.0, ""MOVED_INTO_DANGER"": -1.0499999999999998, ""MOVED_LEFT"": 0.0, ""MOVED_RIGHT"": 0.0, ""MOVED_TOWARD_COIN"": 1.2000000000000006, ""MOVED_TOWARD_SAFETY"": 15.600000000000016, ""MOVED_UP"": 0.0, ""OPPONENT_ELIMINATED"": 0.0, ""SAFE_BOMB_THREATENS_OPPONENT"": 0.7, ""STAYED_IN_DANGER"": -2.0, ""SURVIVED_ROUND"": 0.5, ""USELESS_BOMB"": -1.4000000000000001, ""WAITED"": -2.2200000000000015}"
9,0,0,0,400,0.19909333333333334,17.678750000000004,0,23.68000000000002,-6.0012500000000095,58.43041666666666,-64.43166666666666,401,1,"{""BOMB_DROPPED"": 34, ""BOMB_EXPLODED"": 33, ""BOMB_NEXT_TO_CRATE"": 7, ""CRATE_DESTROYED"": 11, ""ESCAPED_DANGER"": 37, ""MOVED_DOWN"": 44, ""MOVED_INTO_DANGER"": 3, ""MOVED_LEFT"": 53, ""MOVED_RIGHT"": 51, ""MOVED_TOWARD_COIN"": 5, ""MOVED_TOWARD_SAFETY"": 55, ""MOVED_UP"": 57, ""OPPONENT_ELIMINATED"": 1, ""SAFE_BOMB_THREATENS_OPPONENT"": 9, ""STAYED_IN_DANGER"": 4, ""SURVIVED_ROUND"": 1, ""USELESS_BOMB"": 18, ""WAITED"": 161}","{""BOMB_DROPPED"": 0.0, ""BOMB_EXPLODED"": 0.0, ""BOMB_NEXT_TO_CRATE"": 0.35, ""CRATE_DESTROYED"": 1.0999999999999999, ""ESCAPED_DANGER"": 11.100000000000005, ""MOVED_DOWN"": 0.0, ""MOVED_INTO_DANGER"": -1.0499999999999998, ""MOVED_LEFT"": 0.0, ""MOVED_RIGHT"": 0.0, ""MOVED_TOWARD_COIN"": 0.3, ""MOVED_TOWARD_SAFETY"": 16.500000000000018, ""MOVED_UP"": 0.0, ""OPPONENT_ELIMINATED"": 0.0, ""SAFE_BOMB_THREATENS_OPPONENT"": 0.8999999999999999, ""STAYED_IN_DANGER"": -1.0, ""SURVIVED_ROUND"": 0.5, ""USELESS_BOMB"": -1.8000000000000005, ""WAITED"": -3.2200000000000024}"
10,2,0,2,400,0.19898000000000002,21.508000000000006,2.0,24.82000000000003,-5.3120000000000065,71.10291666666666,-76.41491666666668,401,1,"{""BOMB_DROPPED"": 37, ""BOMB_EXPLODED"": 37, ""BOMB_NEXT_TO_CRATE"": 11, ""COIN_COLLECTED"": 2, ""COIN_FOUND"": 2, ""CRATE_DESTROYED"": 23, ""ESCAPED_DANGER"": 46, ""MOVED_DOWN"": 41, ""MOVED_INTO_DANGER"": 9, ""MOVED_LEFT"": 75, ""MOVED_RIGHT"": 75, ""MOVED_TOWARD_COIN"": 5, ""MOVED_TOWARD_SAFETY"": 56, ""MOVED_UP"": 48, ""OPPONENT_ELIMINATED"": 2, ""SAFE_BOMB_THREATENS_OPPONENT"": 6, ""STAYED_IN_DANGER"": 10, ""SURVIVED_ROUND"": 1, ""USELESS_BOMB"": 20, ""WAITED"": 124}","{""BOMB_DROPPED"": 0.0, ""BOMB_EXPLODED"": 0.0, ""BOMB_NEXT_TO_CRATE"": 0.5499999999999999, ""COIN_COLLECTED"": 2.0, ""COIN_FOUND"": 0.1, ""CRATE_DESTROYED"": 2.3000000000000007, ""ESCAPED_DANGER"": 13.800000000000011, ""MOVED_DOWN"": 0.0, ""MOVED_INTO_DANGER"": -3.1500000000000004, ""MOVED_LEFT"": 0.0, ""MOVED_RIGHT"": 0.0, ""MOVED_TOWARD_COIN"": 0.3, ""MOVED_TOWARD_SAFETY"": 16.80000000000002, ""MOVED_UP"": 0.0, ""OPPONENT_ELIMINATED"": 0.0, ""SAFE_BOMB_THREATENS_OPPONENT"": 0.6, ""STAYED_IN_DANGER"": -2.5, ""SURVIVED_ROUND"": 0.5, ""USELESS_BOMB"": -2.0000000000000004, ""WAITED"": -2.4800000000000018}"
11,0,1,5,400,0.19886666666666666,29.501749999999976,5.0,30.98000000000004,-6.478250000000008,72.65783333333331,-79.13608333333323,401,1,"{""BOMB_DROPPED"": 42, ""BOMB_EXPLODED"": 42, ""BOMB_NEXT_TO_CRATE"": 9, ""COIN_FOUND"": 1, ""CRATE_DESTROYED"": 16, ""ESCAPED_DANGER"": 48, ""KILLED_OPPONENT"": 1, ""MOVED_AWAY_FROM_COIN"": 11, ""MOVED_DOWN"": 41, ""MOVED_INTO_DANGER"": 6, ""MOVED_LEFT"": 60, ""MOVED_RIGHT"": 60, ""MOVED_TOWARD_COIN"": 28, ""MOVED_TOWARD_SAFETY"": 70, ""MOVED_UP"": 53, ""OPPONENT_ELIMINATED"": 1, ""SAFE_BOMB_THREATENS_OPPONENT"": 11, ""STAYED_IN_DANGER"": 7, ""SURVIVED_ROUND"": 1, ""USELESS_BOMB"": 23, ""WAITED"": 144}","{""BOMB_DROPPED"": 0.0, ""BOMB_EXPLODED"": 0.0, ""BOMB_NEXT_TO_CRATE"": 0.44999999999999996, ""COIN_FOUND"": 0.05, ""CRATE_DESTROYED"": 1.6000000000000003, ""ESCAPED_DANGER"": 14.400000000000013, ""KILLED_OPPONENT"": 5.0, ""MOVED_AWAY_FROM_COIN"": -0.7700000000000002, ""MOVED_DOWN"": 0.0, ""MOVED_INTO_DANGER"": -2.1, ""MOVED_LEFT"": 0.0, ""MOVED_RIGHT"": 0.0, ""MOVED_TOWARD_COIN"": 1.680000000000001, ""MOVED_TOWARD_SAFETY"": 21.00000000000003, ""MOVED_UP"": 0.0, ""OPPONENT_ELIMINATED"": 0.0, ""SAFE_BOMB_THREATENS_OPPONENT"": 1.0999999999999999, ""STAYED_IN_DANGER"": -1.75, ""SURVIVED_ROUND"": 0.5, ""USELESS_BOMB"": -2.3000000000000007, ""WAITED"": -2.880000000000002}"
12,1,1,6,400,0.19875333333333334,21.083999999999957,6.0,21.720000000000013,-6.636000000000012,54.068250000000035,-60.70425,401,1,"{""BOMB_DROPPED"": 28, ""BOMB_EXPLODED"": 28, ""BOMB_NEXT_TO_CRATE"": 16, ""COIN_COLLECTED"": 1, ""COIN_FOUND"": 1, ""CRATE_DESTROYED"": 33, ""ESCAPED_DANGER"": 35, ""INVALID_ACTION"": 2, ""KILLED_OPPONENT"": 1, ""MOVED_AWAY_FROM_COIN"": 5, ""MOVED_DOWN"": 41, ""MOVED_INTO_DANGER"": 7, ""MOVED_LEFT"": 80, ""MOVED_RIGHT"": 78, ""MOVED_TOWARD_COIN"": 9, ""MOVED_TOWARD_SAFETY"": 45, ""MOVED_UP"": 55, ""OPPONENT_ELIMINATED"": 2, ""SAFE_BOMB_THREATENS_OPPONENT"": 2, ""STAYED_IN_DANGER"": 5, ""SURVIVED_ROUND"": 1, ""USELESS_BOMB"": 11, ""WAITED"": 116}","{""BOMB_DROPPED"": 0.0, ""BOMB_EXPLODED"": 0.0, ""BOMB_NEXT_TO_CRATE"": 0.8000000000000002, ""COIN_COLLECTED"": 1.0, ""COIN_FOUND"": 0.05, ""CRATE_DESTROYED"": 3.3000000000000016, ""ESCAPED_DANGER"": 10.500000000000004, ""INVALID_ACTION"": -0.2, ""KILLED_OPPONENT"": 5.0, ""MOVED_AWAY_FROM_COIN"": -0.35000000000000003, ""MOVED_DOWN"": 0.0, ""MOVED_INTO_DANGER"": -2.45, ""MOVED_LEFT"": 0.0, ""MOVED_RIGHT"": 0.0, ""MOVED_TOWARD_COIN"": 0.54, ""MOVED_TOWARD_SAFETY"": 13.50000000000001, ""MOVED_UP"": 0.0, ""OPPONENT_ELIMINATED"": 0.0, ""SAFE_BOMB_THREATENS_OPPONENT"": 0.2, ""STAYED_IN_DANGER"": -1.25, ""SURVIVED_ROUND"": 0.5, ""USELESS_BOMB"": -1.0999999999999999, ""WAITED"": -2.3200000000000016}"
13,0,0,0,400,0.19864,10.69800000000001,0,19.350000000000016,-8.652000000000019,65.11883333333333,-73.77083333333331,401,1,"{""BOMB_DROPPED"": 33, ""BOMB_EXPLODED"": 33, ""BOMB_NEXT_TO_CRATE"": 6, ""COIN_FOUND"": 1, ""CRATE_DESTROYED"": 13, ""ESCAPED_DANGER"": 43, ""INVALID_ACTION"": 3, ""MOVED_AWAY_FROM_COIN"": 2, ""MOVED_DOWN"": 43, ""MOVED_INTO_DANGER"": 10, ""MOVED_LEFT"": 59, ""MOVED_RIGHT"": 58, ""MOVED_TOWARD_COIN"": 9, ""MOVED_TOWARD_SAFETY"": 45, ""MOVED_UP"": 39, ""OPPONENT_ELIMINATED"": 2, ""SAFE_BOMB_THREATENS_OPPONENT"": 14, ""STAYED_IN_DANGER"": 10, ""SURVIVED_ROUND"": 1, ""USELESS_BOMB"": 14, ""WAITED"": 165}","{""BOMB_DROPPED"": 0.0, ""BOMB_EXPLODED"": 0.0, ""BOMB_NEXT_TO_CRATE"": 0.3, ""COIN_FOUND"": 0.05, ""CRATE_DESTROYED"": 1.3, ""ESCAPED_DANGER"": 12.90000000000001, ""INVALID_ACTION"": -0.30000000000000004, ""MOVED_AWAY_FROM_COIN"": -0.14, ""MOVED_DOWN"": 0.0, ""MOVED_INTO_DANGER"": -3.5000000000000004, ""MOVED_LEFT"": 0.0, ""MOVED_RIGHT"": 0.0, ""MOVED_TOWARD_COIN"": 0.54, ""MOVED_TOWARD_SAFETY"": 13.50000000000001, ""MOVED_UP"": 0.0, ""OPPONENT_ELIMINATED"": 0.0, ""SAFE_BOMB_THREATENS_OPPONENT"": 1.4000000000000001, ""STAYED_IN_DANGER"": -2.5, ""SURVIVED_ROUND"": 0.5, ""USELESS_BOMB"": -1.4000000000000001, ""WAITED"": -3.3000000000000025}"
14,1,1,6,400,0.19852666666666666,23.83849999999998,6.0,25.07000000000003,-7.231500000000015,71.71416666666666,-78.94566666666665,401,1,"{""BOMB_DROPPED"": 41, ""BOMB_EXPLODED"": 41, ""BOMB_NEXT_TO_CRATE"": 12, ""COIN_COLLECTED"": 1, ""COIN_FOUND"": 3, ""CRATE_DESTROYED"": 25, ""ESCAPED_DANGER"": 48, ""KILLED_OPPONENT"": 1, ""MOVED_AWAY_FROM_COIN"": 5, ""MOVED_DOWN"": 44, ""MOVED_INTO_DANGER"": 9, ""MOVED_LEFT"": 38, ""MOVED_RIGHT"": 52, ""MOVED_TOWARD_COIN"": 6, ""MOVED_TOWARD_SAFETY"": 58, ""MOVED_UP"": 58, ""OPPONENT_ELIMINATED"": 2, ""SAFE_BOMB_THREATENS_OPPONENT"": 7, ""STAYED_IN_DANGER"": 10, ""SURVIVED_ROUND"": 1, ""USELESS_BOMB"": 22, ""WAITED"": 167}","{""BOMB_DROPPED"": 0.0, ""BOMB_EXPLODED"": 0.0, ""BOMB_NEXT_TO_CRATE"": 0.6, ""COIN_COLLECTED"": 1.0, ""COIN_FOUND"": 0.15000000000000002, ""CRATE_DESTROYED"": 2.500000000000001, ""ESCAPED_DANGER"": 14.400000000000013, ""KILLED_OPPONENT"": 5.0, ""MOVED_AWAY_FROM_COIN"": -0.35000000000000003, ""MOVED_DOWN"": 0.0, ""MOVED_INTO_DANGER"": -3.1500000000000004, ""MOVED_LEFT"": 0.0, ""MOVED_RIGHT"": 0.0, ""MOVED_TOWARD_COIN"": 0.36, ""MOVED_TOWARD_SAFETY"": 17.40000000000002, ""MOVED_UP"": 0.0, ""OPPONENT_ELIMINATED"": 0.0, ""SAFE_BOMB_THREATENS_OPPONENT"": 0.7, ""STAYED_IN_DANGER"": -2.5, ""SURVIVED_ROUND"": 0.5, ""USELESS_BOMB"": -2.2000000000000006, ""WAITED"": -3.3400000000000025}"
15,1,0,1,400,0.19841333333333336,23.71825,1.0,27.000000000000032,-4.281750000000008,66.83724999999995,-71.11899999999999,401,1,"{""BOMB_DROPPED"": 39, ""BOMB_EXPLODED"": 39, ""BOMB_NEXT_TO_CRATE"": 11, ""COIN_COLLECTED"": 1, ""COIN_FOUND"": 3, ""CRATE_DESTROYED"": 25, ""ESCAPED_DANGER"": 43, ""INVALID_ACTION"": 1, ""MOVED_AWAY_FROM_COIN"": 8, ""MOVED_DOWN"": 50, ""MOVED_INTO_DANGER"": 5, ""MOVED_LEFT"": 56, ""MOVED_RIGHT"": 56, ""MOVED_TOWARD_COIN"": 6, ""MOVED_TOWARD_SAFETY"": 64, ""MOVED_UP"": 63, ""OPPONENT_ELIMINATED"": 1, ""SAFE_BOMB_THREATENS_OPPONENT"": 5, ""STAYED_IN_DANGER"": 9, ""SURVIVED_ROUND"": 1, ""USELESS_BOMB"": 23, ""WAITED"": 135}","{""BOMB_DROPPED"": 0.0, ""BOMB_EXPLODED"": 0.0, ""BOMB_NEXT_TO_CRATE"": 0.5499999999999999, ""COIN_COLLECTED"": 1.0, ""COIN_FOUND"": 0.15000000000000002, ""CRATE_DESTROYED"": 2.500000000000001, ""ESCAPED_DANGER"": 12.90000000000001, ""INVALID_ACTION"": -0.1, ""MOVED_AWAY_FROM_COIN"": -0.56, ""MOVED_DOWN"": 0.0, ""MOVED_INTO_DANGER"": -1.75, ""MOVED_LEFT"": 0.0, ""MOVED_RIGHT"": 0.0, ""MOVED_TOWARD_COIN"": 0.36, ""MOVED_TOWARD_SAFETY"": 19.200000000000024, ""MOVED_UP"": 0.0, ""OPPONENT_ELIMINATED"": 0.0, ""SAFE_BOMB_THREATENS_OPPONENT"": 0.5, ""STAYED_IN_DANGER"": -2.25, ""SURVIVED_ROUND"": 0.5, ""USELESS_BOMB"": -2.3000000000000007, ""WAITED"": -2.700000000000002}"
16,2,0,2,400,0.1983,20.7595,2.0,26.00000000000003,-7.240500000000012,67.20799999999998,-74.44850000000004,401,1,"{""BOMB_DROPPED"": 35, ""BOMB_EXPLODED"": 34, ""BOMB_NEXT_TO_CRATE"": 8, ""COIN_COLLECTED"": 2, ""COIN_FOUND"": 2, ""CRATE_DESTROYED"": 17, ""ESCAPED_DANGER"": 43, ""INVALID_ACTION"": 1, ""MOVED_AWAY_FROM_COIN"": 3, ""MOVED_DOWN"": 47, ""MOVED_INTO_DANGER"": 9, ""MOVED_LEFT"": 64, ""MOVED_RIGHT"": 64, ""MOVED_TOWARD_COIN"": 10, ""MOVED_TOWARD_SAFETY"": 59, ""MOVED_UP"": 57, ""OPPONENT_ELIMINATED"": 2, ""SAFE_BOMB_THREATENS_OPPONENT"": 12, ""STAYED_IN_DANGER"": 6, ""SURVIVED_ROUND"": 1, ""USELESS_BOMB"": 15, ""WAITED"": 132}","{""BOMB_DROPPED"": 0.0, ""BOMB_EXPLODED"": 0.0, ""BOMB_NEXT_TO_CRATE"": 0.39999999999999997, ""COIN_COLLECTED"": 2.0, ""COIN_FOUND"": 0.1, ""CRATE_DESTROYED"": 1.7000000000000004, ""ESCAPED_DANGER"": 12.90000000000001, ""INVALID_ACTION"": -0.1, ""MOVED_AWAY_FROM_COIN"": -0.21000000000000002, ""MOVED_DOWN"": 0.0, ""MOVED_INTO_DANGER"": -3.1500000000000004, ""MOVED_LEFT"": 0.0, ""MOVED_RIGHT"": 0.0, ""MOVED_TOWARD_COIN"": 0.6000000000000001, ""MOVED_TOWARD_SAFETY"": 17.70000000000002, ""MOVED_UP"": 0.0, ""OPPONENT_ELIMINATED"": 0.0, ""SAFE_BOMB_THREATENS_OPPONENT"": 1.2, ""STAYED_IN_DANGER"": -1.5, ""SURVIVED_ROUND"": 0.5, ""USELESS_BOMB"": -1.5000000000000002, ""WAITED"": -2.640000000000002}"
17,0,0,0,400,0.19818666666666668,10.93075,0,18.500000000000014,-7.569250000000003,56.365916666666664,-63.93516666666669,401,1,"{""BOMB_DROPPED"": 32, ""BOMB_EXPLODED"": 31, ""BOMB_NEXT_TO_CRATE"": 5, ""CRATE_DESTROYED"": 13, ""ESCAPED_DANGER"": 36, ""INVALID_ACTION"": 2, ""MOVED_AWAY_FROM_COIN"": 22, ""MOVED_DOWN"": 60, ""MOVED_INTO_DANGER"": 5, ""MOVED_LEFT"": 50, ""MOVED_RIGHT"": 44, ""MOVED_TOWARD_COIN"": 18, ""MOVED_TOWARD_SAFETY"": 47, ""MOVED_UP"": 60, ""OPPONENT_ELIMINATED"": 2, ""SAFE_BOMB_THREATENS_OPPONENT"": 6, ""STAYED_IN_DANGER"": 6, ""SURVIVED_ROUND"": 1, ""USELESS_BOMB"": 21, ""WAITED"": 152}","{""BOMB_DROPPED"": 0.0, ""BOMB_EXPLODED"": 0.0, ""BOMB_NEXT_TO_CRATE"": 0.25, ""CRATE_DESTROYED"": 1.3, ""ESCAPED_DANGER"": 10.800000000000004, ""INVALID_ACTION"": -0.2, ""MOVED_AWAY_FROM_COIN"": -1.540000000000001, ""MOVED_DOWN"": 0.0, ""MOVED_INTO_DANGER"": -1.75, ""MOVED_LEFT"": 0.0, ""MOVED_RIGHT"": 0.0, ""MOVED_TOWARD_COIN"": 1.0800000000000005, ""MOVED_TOWARD_SAFETY"": 14.100000000000012, ""MOVED_UP"": 0.0, ""OPPONENT_ELIMINATED"": 0.0, ""SAFE_BOMB_THREATENS_OPPONENT"": 0.6, ""STAYED_IN_DANGER"": -1.5, ""SURVIVED_ROUND"": 0.5, ""USELESS_BOMB"": -2.1000000000000005, ""WAITED"": -3.0400000000000023}"
18,1,1,6,400,0.19807333333333335,37.634249999999966,6.0,34.11000000000005,-2.4757500000000023,77.29399999999997,-79.76974999999983,401,1,"{""BOMB_DROPPED"": 51, ""BOMB_EXPLODED"": 51, ""BOMB_NEXT_TO_CRATE"": 10, ""COIN_COLLECTED"": 1, ""COIN_FOUND"": 2, ""CRATE_DESTROYED"": 21, ""ESCAPED_DANGER"": 53, ""KILLED_OPPONENT"": 1, ""MOVED_AWAY_FROM_COIN"": 7, ""MOVED_DOWN"": 48, ""MOVED_INTO_DANGER"": 2, ""MOVED_LEFT"": 32, ""MOVED_RIGHT"": 45, ""MOVED_TOWARD_COIN"": 3, ""MOVED_TOWARD_SAFETY"": 81, ""MOVED_UP"": 60, ""OPPONENT_ELIMINATED"": 3, ""SAFE_BOMB_THREATENS_OPPONENT"": 3, ""STAYED_IN_DANGER"": 6, ""SURVIVED_ROUND"": 1, ""USELESS_BOMB"": 38, ""WAITED"": 164}","{""BOMB_DROPPED"": 0.0, ""BOMB_EXPLODED"": 0.0, ""BOMB_NEXT_TO_CRATE"": 0.49999999999999994, ""COIN_COLLECTED"": 1.0, ""COIN_FOUND"": 0.1, ""CRATE_DESTROYED"": 2.1000000000000005, ""ESCAPED_DANGER"": 15.900000000000016, ""KILLED_OPPONENT"": 5.0, ""MOVED_AWAY_FROM_COIN"": -0.49000000000000005, ""MOVED_DOWN"": 0.0, ""MOVED_INTO_DANGER"": -0.7, ""MOVED_LEFT"": 0.0, ""MOVED_RIGHT"": 0.0, ""MOVED_TOWARD_COIN"": 0.18, ""MOVED_TOWARD_SAFETY"": 24.300000000000036, ""MOVED_UP"": 0.0, ""OPPONENT_ELIMINATED"": 0.0, ""SAFE_BOMB_THREATENS_OPPONENT"": 0.30000000000000004, ""STAYED_IN_DANGER"": -1.5, ""SURVIVED_ROUND"": 0.5, ""USELESS_BOMB"": -3.800000000000002, ""WAITED"": -3.2800000000000025}"
19,0,0,0,400,0.19796,22.30624999999999,0,27.640000000000036,-5.333750000000005,67.2528333333333,-72.58658333333331,401,1,"{""BOMB_DROPPED"": 40, ""BOMB_EXPLODED"": 39, ""BOMB_NEXT_TO_CRATE"": 7, ""COIN_FOUND"": 1, ""CRATE_DESTROYED"": 15, ""ESCAPED_DANGER"": 43, ""MOVED_AWAY_FROM_COIN"": 11, ""MOVED_DOWN"": 52, ""MOVED_INTO_DANGER"": 4, ""MOVED_LEFT"": 58, ""MOVED_RIGHT"": 58, ""MOVED_TOWARD_COIN"": 16, ""MOVED_TOWARD_SAFETY"": 70, ""MOVED_UP"": 52, ""OPPONENT_ELIMINATED"": 1, ""SAFE_BOMB_THREATENS_OPPONENT"": 2, ""STAYED_IN_DANGER"": 7, ""SURVIVED_ROUND"": 1, ""USELESS_BOMB"": 31, ""WAITED"": 140}","{""BOMB_DROPPED"": 0.0, ""BOMB_EXPLODED"": 0.0, ""BOMB_NEXT_TO_CRATE"": 0.35, ""COIN_FOUND"": 0.05, ""CRATE_DESTROYED"": 1.5000000000000002, ""ESCAPED_DANGER"": 12.90000000000001, ""MOVED_AWAY_FROM_COIN"": -0.7700000000000002, ""MOVED_DOWN"": 0.0, ""MOVED_INTO_DANGER"": -1.4, ""MOVED_LEFT"": 0.0, ""MOVED_RIGHT"": 0.0, ""MOVED_TOWARD_COIN"": 0.9600000000000004, ""MOVED_TOWARD_SAFETY"": 21.00000000000003, ""MOVED_UP"": 0.0, ""OPPONENT_ELIMINATED"": 0.0, ""SAFE_BOMB_THREATENS_OPPONENT"": 0.2, ""STAYED_IN_DANGER"": -1.75, ""SURVIVED_ROUND"": 0.5, ""USELESS_BOMB"": -3.1000000000000014, ""WAITED"": -2.800000000000002}"
20,0,0,0,400,0.19784666666666667,16.38200000000001,0,23.64000000000004,-7.258000000000005,83.68925000000004,-90.94725000000001,401,1,"{""BOMB_DROPPED"": 36, ""BOMB_EXPLODED"": 35, ""BOMB_NEXT_TO_CRATE"": 13, ""COIN_FOUND"": 2, ""CRATE_DESTROYED"": 30, ""ESCAPED_DANGER"": 57, ""INVALID_ACTION"": 1, ""MOVED_AWAY_FROM_COIN"": 7, ""MOVED_DOWN"": 35, ""MOVED_INTO_DANGER"": 22, ""MOVED_LEFT"": 63, ""MOVED_RIGHT"": 77, ""MOVED_TOWARD_COIN"": 5, ""MOVED_TOWARD_SAFETY"": 56, ""MOVED_UP"": 47, ""OPPONENT_ELIMINATED"": 2, ""SAFE_BOMB_THREATENS_OPPONENT"": 6, ""STAYED_IN_DANGER"": 10, ""SURVIVED_ROUND"": 1, ""USELESS_BOMB"": 18, ""WAITED"": 141}","{""BOMB_DROPPED"": 0.0, ""BOMB_EXPLODED"": 0.0, ""BOMB_NEXT_TO_CRATE"": 0.65, ""COIN_FOUND"": 0.1, ""CRATE_DESTROYED"": 3.0000000000000013, ""ESCAPED_DANGER"": 17.10000000000002, ""INVALID_ACTION"": -0.1, ""MOVED_AWAY_FROM_COIN"": -0.49000000000000005, ""MOVED_DOWN"": 0.0, ""MOVED_INTO_DANGER"": -7.699999999999997, ""MOVED_LEFT"": 0.0, ""MOVED_RIGHT"": 0.0, ""MOVED_TOWARD_COIN"": 0.3, ""MOVED_TOWARD_SAFETY"": 16.80000000000002, ""MOVED_UP"": 0.0, ""OPPONENT_ELIMINATED"": 0.0, ""SAFE_BOMB_THREATENS_OPPONENT"": 0.6, ""STAYED_IN_DANGER"": -2.5, ""SURVIVED_ROUND"": 0.5, ""USELESS_BOMB"": -1.8000000000000005, ""WAITED"": -2.820000000000002}"
21,0,1,5,400,0.19773333333333334,29.725999999999953,5.0,28.130000000000038,-3.4039999999999955,72.91158333333331,-76.31558333333331,401,1,"{""BOMB_DROPPED"": 45, ""BOMB_EXPLODED"": 45, ""BOMB_NEXT_TO_CRATE"": 8, ""CRATE_DESTROYED"": 15, ""ESCAPED_DANGER"": 49, ""KILLED_OPPONENT"": 1, ""MOVED_AWAY_FROM_COIN"": 1, ""MOVED_DOWN"": 51, ""MOVED_INTO_DANGER"": 4, ""MOVED_LEFT"": 51, ""MOVED_RIGHT"": 51, ""MOVED_TOWARD_COIN"": 6, ""MOVED_TOWARD_SAFETY"": 66, ""MOVED_UP"": 49, ""OPPONENT_ELIMINATED"": 3, ""SAFE_BOMB_THREATENS_OPPONENT"": 8, ""STAYED_IN_DANGER"": 10, ""SURVIVED_ROUND"": 1, ""USELESS_BOMB"": 29, ""WAITED"": 153}","{""BOMB_DROPPED"": 0.0, ""BOMB_EXPLODED"": 0.0, ""BOMB_NEXT_TO_CRATE"": 0.39999999999999997, ""CRATE_DESTROYED"": 1.5000000000000002, ""ESCAPED_DANGER"": 14.700000000000014, ""KILLED_OPPONENT"": 5.0, ""MOVED_AWAY_FROM_COIN"": -0.07, ""MOVED_DOWN"": 0.0, ""MOVED_INTO_DANGER"": -1.4, ""MOVED_LEFT"": 0.0, ""MOVED_RIGHT"": 0.0, ""MOVED_TOWARD_COIN"": 0.36, ""MOVED_TOWARD_SAFETY"": 19.800000000000026, ""MOVED_UP"": 0.0, ""OPPONENT_ELIMINATED"": 0.0, ""SAFE_BOMB_THREATENS_OPPONENT"": 0.7999999999999999, ""STAYED_IN_DANGER"": -2.5, ""SURVIVED_ROUND"": 0.5, ""USELESS_BOMB"": -2.9000000000000012, ""WAITED"": -3.0600000000000023}"
22,3,0,3,400,0.19762000000000002,24.246249999999954,3.0,28.280000000000033,-7.033750000000012,71.95899999999997,-78.99274999999996,401,1,"{""BOMB_DROPPED"": 40, ""BOMB_EXPLODED"": 39, ""BOMB_NEXT_TO_CRATE"": 10, ""COIN_COLLECTED"": 3, ""COIN_FOUND"": 3, ""CRATE_DESTROYED"": 26, ""ESCAPED_DANGER"": 49, ""MOVED_AWAY_FROM_COIN"": 2, ""MOVED_DOWN"": 54, ""MOVED_INTO_DANGER"": 10, ""MOVED_LEFT"": 42, ""MOVED_RIGHT"": 54, ""MOVED_TOWARD_COIN"": 8, ""MOVED_TOWARD_SAFETY"": 63, ""MOVED_UP"": 62, ""OPPONENT_ELIMINATED"": 1, ""SAFE_BOMB_THREATENS_OPPONENT"": 9, ""STAYED_IN_DANGER"": 7, ""SURVIVED_ROUND"": 1, ""USELESS_BOMB"": 21, ""WAITED"": 148}","{""BOMB_DROPPED"": 0.0, ""BOMB_EXPLODED"": 0.0, ""BOMB_NEXT_TO_CRATE"": 0.49999999999999994, ""COIN_COLLECTED"": 3.0, ""COIN_FOUND"": 0.15000000000000002, ""CRATE_DESTROYED"": 2.600000000000001, ""ESCAPED_DANGER"": 14.700000000000014, ""MOVED_AWAY_FROM_COIN"": -0.14, ""MOVED_DOWN"": 0.0, ""MOVED_INTO_DANGER"": -3.5000000000000004, ""MOVED_LEFT"": 0.0, ""MOVED_RIGHT"": 0.0, ""MOVED_TOWARD_COIN"": 0.48, ""MOVED_TOWARD_SAFETY"": 18.900000000000023, ""MOVED_UP"": 0.0, ""OPPONENT_ELIMINATED"": 0.0, ""SAFE_BOMB_THREATENS_OPPONENT"": 0.8999999999999999, ""STAYED_IN_DANGER"": -1.75, ""SURVIVED_ROUND"": 0.5, ""USELESS_BOMB"": -2.1000000000000005, ""WAITED"": -2.960000000000002}"
23,0,0,0,105,0.19750666666666666,1.423249999999996,0,3.189999999999997,-1.7667500000000014,19.938666666666666,-21.705416666666665,105,1,"{""BOMB_DROPPED"": 14, ""BOMB_EXPLODED"": 13, ""BOMB_NEXT_TO_CRATE"": 7, ""BOMB_WITH_NO_ESCAPE"": 1, ""COIN_FOUND"": 3, ""CRATE_DESTROYED"": 15, ""ESCAPED_DANGER"": 13, ""GOT_KILLED"": 1, ""MOVED_AWAY_FROM_COIN"": 3, ""MOVED_DOWN"": 11, ""MOVED_INTO_DANGER"": 1, ""MOVED_LEFT"": 9, ""MOVED_RIGHT"": 14, ""MOVED_TOWARD_COIN"": 1, ""MOVED_TOWARD_SAFETY"": 20, ""MOVED_UP"": 9, ""OPPONENT_ELIMINATED"": 1, ""STAYED_IN_DANGER"": 4, ""USELESS_BOMB"": 7, ""WAITED"": 48}","{""BOMB_DROPPED"": 0.0, ""BOMB_EXPLODED"": 0.0, ""BOMB_NEXT_TO_CRATE"": 0.35, ""BOMB_WITH_NO_ESCAPE"": -0.55, ""COIN_FOUND"": 0.15000000000000002, ""CRATE_DESTROYED"": 1.5000000000000002, ""ESCAPED_DANGER"": 3.899999999999999, ""GOT_KILLED"": -5.0, ""MOVED_AWAY_FROM_COIN"": -0.21000000000000002, ""MOVED_DOWN"": 0.0, ""MOVED_INTO_DANGER"": -0.35, ""MOVED_LEFT"": 0.0, ""MOVED_RIGHT"": 0.0, ""MOVED_TOWARD_COIN"": 0.06, ""MOVED_TOWARD_SAFETY"": 5.999999999999998, ""MOVED_UP"": 0.0, ""OPPONENT_ELIMINATED"": 0.0, ""STAYED_IN_DANGER"": -1.0, ""USELESS_BOMB"": -0.7, ""WAITED"": -0.9600000000000005}"
24,1,0,1,400,0.19739333333333334,21.805999999999994,1.0,26.940000000000033,-6.134000000000005,74.36458333333329,-80.49858333333337,401,1,"{""BOMB_DROPPED"": 41, ""BOMB_EXPLODED"": 40, ""BOMB_NEXT_TO_CRATE"": 10, ""COIN_COLLECTED"": 1, ""COIN_FOUND"": 3, ""CRATE_DESTROYED"": 22, ""ESCAPED_DANGER"": 49, ""INVALID_ACTION"": 1, ""MOVED_AWAY_FROM_COIN"": 7, ""MOVED_DOWN"": 53, ""MOVED_INTO_DANGER"": 10, ""MOVED_LEFT"": 54, ""MOVED_RIGHT"": 52, ""MOVED_TOWARD_COIN"": 11, ""MOVED_TOWARD_SAFETY"": 63, ""MOVED_UP"": 65, ""OPPONENT_ELIMINATED"": 1, ""SAFE_BOMB_THREATENS_OPPONENT"": 6, ""STAYED_IN_DANGER"": 8, ""SURVIVED_ROUND"": 1, ""USELESS_BOMB"": 25, ""WAITED"": 134}","{""BOMB_DROPPED"": 0.0, ""BOMB_EXPLODED"": 0.0, ""BOMB_NEXT_TO_CRATE"": 0.49999999999999994, ""COIN_COLLECTED"": 1.0, ""COIN_FOUND"": 0.15000000000000002, ""CRATE_DESTROYED"": 2.2000000000000006, ""ESCAPED_DANGER"": 14.700000000000014, ""INVALID_ACTION"": -0.1, ""MOVED_AWAY_FROM_COIN"": -0.49000000000000005, ""MOVED_DOWN"": 0.0, ""MOVED_INTO_DANGER"": -3.5000000000000004, ""MOVED_LEFT"": 0.0, ""MOVED_RIGHT"": 0.0, ""MOVED_TOWARD_COIN"": 0.6600000000000001, ""MOVED_TOWARD_SAFETY"": 18.900000000000023, ""MOVED_UP"": 0.0, ""OPPONENT_ELIMINATED"": 0.0, ""SAFE_BOMB_THREATENS_OPPONENT"": 0.6, ""STAYED_IN_DANGER"": -2.0, ""SURVIVED_ROUND"": 0.5, ""USELESS_BOMB"": -2.500000000000001, ""WAITED"": -2.680000000000002}"
25,2,0,2,400,0.19728,24.280499999999954,2.0,30.87000000000004,-8.589500000000015,70.7921666666667,-79.38166666666677,401,1,"{""BOMB_DROPPED"": 38, ""BOMB_EXPLODED"": 37, ""BOMB_NEXT_TO_CRATE"": 13, ""COIN_COLLECTED"": 2, ""COIN_FOUND"": 3, ""CRATE_DESTROYED"": 30, ""ESCAPED_DANGER"": 46, ""MOVED_AWAY_FROM_COIN"": 6, ""MOVED_DOWN"": 72, ""MOVED_INTO_DANGER"": 9, ""MOVED_LEFT"": 47, ""MOVED_RIGHT"": 61, ""MOVED_TOWARD_COIN"": 20, ""MOVED_TOWARD_SAFETY"": 66, ""MOVED_UP"": 64, ""OPPONENT_ELIMINATED"": 2, ""SAFE_BOMB_THREATENS_OPPONENT"": 11, ""STAYED_IN_DANGER"": 8, ""SURVIVED_ROUND"": 1, ""USELESS_BOMB"": 14, ""WAITED"": 118}","{""BOMB_DROPPED"": 0.0, ""BOMB_EXPLODED"": 0.0, ""BOMB_NEXT_TO_CRATE"": 0.65, ""COIN_COLLECTED"": 2.0, ""COIN_FOUND"": 0.15000000000000002, ""CRATE_DESTROYED"": 3.0000000000000013, ""ESCAPED_DANGER"": 13.800000000000011, ""MOVED_AWAY_FROM_COIN"": -0.42000000000000004, ""MOVED_DOWN"": 0.0, ""MOVED_INTO_DANGER"": -3.1500000000000004, ""MOVED_LEFT"": 0.0, ""MOVED_RIGHT"": 0.0, ""MOVED_TOWARD_COIN"": 1.2000000000000006, ""MOVED_TOWARD_SAFETY"": 19.800000000000026, ""MOVED_UP"": 0.0, ""OPPONENT_ELIMINATED"": 0.0, ""SAFE_BOMB_THREATENS_OPPONENT"": 1.0999999999999999, ""STAYED_IN_DANGER"": -2.0, ""SURVIVED_ROUND"": 0.5, ""USELESS_BOMB"": -1.4000000000000001, ""WAITED"": -2.3600000000000017}"
26,1,0,1,400,0.19716666666666666,27.97049999999995,1.0,32.30000000000004,-5.329499999999998,76.30483333333328,-81.63433333333329,401,1,"{""BOMB_DROPPED"": 48, ""BOMB_EXPLODED"": 47, ""BOMB_NEXT_TO_CRATE"": 15, ""COIN_COLLECTED"": 1, ""COIN_FOUND"": 3, ""CRATE_DESTROYED"": 30, ""ESCAPED_DANGER"": 50, ""MOVED_AWAY_FROM_COIN"": 10, ""MOVED_DOWN"": 51, ""MOVED_INTO_DANGER"": 3, ""MOVED_LEFT"": 42, ""MOVED_RIGHT"": 56, ""MOVED_TOWARD_COIN"": 11, ""MOVED_TOWARD_SAFETY"": 73, ""MOVED_UP"": 60, ""OPPONENT_ELIMINATED"": 1, ""SAFE_BOMB_THREATENS_OPPONENT"": 3, ""STAYED_IN_DANGER"": 9, ""SURVIVED_ROUND"": 1, ""USELESS_BOMB"": 31, ""WAITED"": 143}","{""BOMB_DROPPED"": 0.0, ""BOMB_EXPLODED"": 0.0, ""BOMB_NEXT_TO_CRATE"": 0.7500000000000001, ""COIN_COLLECTED"": 1.0, ""COIN_FOUND"": 0.15000000000000002, ""CRATE_DESTROYED"": 3.0000000000000013, ""ESCAPED_DANGER"": 15.000000000000014, ""MOVED_AWAY_FROM_COIN"": -0.7000000000000002, ""MOVED_DOWN"": 0.0, ""MOVED_INTO_DANGER"": -1.0499999999999998, ""MOVED_LEFT"": 0.0, ""MOVED_RIGHT"": 0.0, ""MOVED_TOWARD_COIN"": 0.6600000000000001, ""MOVED_TOWARD_SAFETY"": 21.90000000000003, ""MOVED_UP"": 0.0, ""OPPONENT_ELIMINATED"": 0.0, ""SAFE_BOMB_THREATENS_OPPONENT"": 0.30000000000000004, ""STAYED_IN_DANGER"": -2.25, ""SURVIVED_ROUND"": 0.5, ""USELESS_BOMB"": -3.1000000000000014, ""WAITED"": -2.860000000000002}"
27,0,1,5,400,0.19705333333333336,32.28475,5.0,30.780000000000044,-3.49525000000001,75.24449999999993,-78.73974999999984,401,1,"{""BOMB_DROPPED"": 44, ""BOMB_EXPLODED"": 44, ""BOMB_NEXT_TO_CRATE"": 7, ""COIN_FOUND"": 1, ""CRATE_DESTROYED"": 16, ""ESCAPED_DANGER"": 49, ""INVALID_ACTION"": 1, ""KILLED_OPPONENT"": 1, ""MOVED_AWAY_FROM_COIN"": 2, ""MOVED_DOWN"": 63, ""MOVED_INTO_DANGER"": 5, ""MOVED_LEFT"": 44, ""MOVED_RIGHT"": 44, ""MOVED_TOWARD_COIN"": 8, ""MOVED_TOWARD_SAFETY"": 73, ""MOVED_UP"": 61, ""OPPONENT_ELIMINATED"": 1, ""SAFE_BOMB_THREATENS_OPPONENT"": 5, ""STAYED_IN_DANGER"": 5, ""SURVIVED_ROUND"": 1, ""USELESS_BOMB"": 32, ""WAITED"": 143}","{""BOMB_DROPPED"": 0.0, ""BOMB_EXPLODED"": 0.0, ""BOMB_NEXT_TO_CRATE"": 0.35, ""COIN_FOUND"": 0.05, ""CRATE_DESTROYED"": 1.6000000000000003, ""ESCAPED_DANGER"": 14.700000000000014, ""INVALID_ACTION"": -0.1, ""KILLED_OPPONENT"": 5.0, ""MOVED_AWAY_FROM_COIN"": -0.14, ""MOVED_DOWN"": 0.0, ""MOVED_INTO_DANGER"": -1.75, ""MOVED_LEFT"": 0.0, ""MOVED_RIGHT"": 0.0, ""MOVED_TOWARD_COIN"": 0.48, ""MOVED_TOWARD_SAFETY"": 21.90000000000003, ""MOVED_UP"": 0.0, ""OPPONENT_ELIMINATED"": 0.0, ""SAFE_BOMB_THREATENS_OPPONENT"": 0.5, ""STAYED_IN_DANGER"": -1.25, ""SURVIVED_ROUND"": 0.5, ""USELESS_BOMB"": -3.2000000000000015, ""WAITED"": -2.860000000000002}"
28,1,0,1,400,0.19694,24.976499999999977,1.0,29.240000000000034,-5.263500000000005,73.12274999999998,-78.38624999999995,401,1,"{""BOMB_DROPPED"": 41, ""BOMB_EXPLODED"": 40, ""BOMB_NEXT_TO_CRATE"": 10, ""COIN_COLLECTED"": 1, ""COIN_FOUND"": 2, ""CRATE_DESTROYED"": 25, ""ESCAPED_DANGER"": 47, ""MOVED_AWAY_FROM_COIN"": 8, ""MOVED_DOWN"": 50, ""MOVED_INTO_DANGER"": 7, ""MOVED_LEFT"": 55, ""MOVED_RIGHT"": 53, ""MOVED_TOWARD_COIN"": 17, ""MOVED_TOWARD_SAFETY"": 66, ""MOVED_UP"": 60, ""OPPONENT_ELIMINATED"": 1, ""SAFE_BOMB_THREATENS_OPPONENT"": 5, ""STAYED_IN_DANGER"": 5, ""SURVIVED_ROUND"": 1, ""USELESS_BOMB"": 27, ""WAITED"": 141}","{""BOMB_DROPPED"": 0.0, ""BOMB_EXPLODED"": 0.0, ""BOMB_NEXT_TO_CRATE"": 0.49999999999999994, ""COIN_COLLECTED"": 1.0, ""COIN_FOUND"": 0.1, ""CRATE_DESTROYED"": 2.500000000000001, ""ESCAPED_DANGER"": 14.100000000000012, ""MOVED_AWAY_FROM_COIN"": -0.56, ""MOVED_DOWN"": 0.0, ""MOVED_INTO_DANGER"": -2.45, ""MOVED_LEFT"": 0.0, ""MOVED_RIGHT"": 0.0, ""MOVED_TOWARD_COIN"": 1.0200000000000005, ""MOVED_TOWARD_SAFETY"": 19.800000000000026, ""MOVED_UP"": 0.0, ""OPPONENT_ELIMINATED"": 0.0, ""SAFE_BOMB_THREATENS_OPPONENT"": 0.5, ""STAYED_IN_DANGER"": -1.25, ""SURVIVED_ROUND"": 0.5, ""USELESS_BOMB"": -2.700000000000001, ""WAITED"": -2.820000000000002}"
29,0,0,0,400,0.19682666666666668,17.972499999999997,0,24.88000000000003,-6.907500000000006,73.18183333333337,-80.08933333333331,401,1,"{""BOMB_DROPPED"": 39, ""BOMB_EXPLODED"": 39, ""BOMB_NEXT_TO_CRATE"": 12, ""BOMB_WITH_NO_ESCAPE"": 1, ""CRATE_DESTROYED"": 21, ""ESCAPED_DANGER"": 48, ""MOVED_AWAY_FROM_COIN"": 3, ""MOVED_DOWN"": 69, ""MOVED_INTO_DANGER"": 11, ""MOVED_LEFT"": 38, ""MOVED_RIGHT"": 50, ""MOVED_TOWARD_COIN"": 5, ""MOVED_TOWARD_SAFETY"": 56, ""MOVED_UP"": 61, ""OPPONENT_ELIMINATED"": 2, ""SAFE_BOMB_THREATENS_OPPONENT"": 15, ""STAYED_IN_DANGER"": 11, ""SURVIVED_ROUND"": 1, ""USELESS_BOMB"": 11, ""WAITED"": 143}","{""BOMB_DROPPED"": 0.0, ""BOMB_EXPLODED"": 0.0, ""BOMB_NEXT_TO_CRATE"": 0.6, ""BOMB_WITH_NO_ESCAPE"": -0.55, ""CRATE_DESTROYED"": 2.1000000000000005, ""ESCAPED_DANGER"": 14.400000000000013, ""MOVED_AWAY_FROM_COIN"": -0.21000000000000002, ""MOVED_DOWN"": 0.0, ""MOVED_INTO_DANGER"": -3.8500000000000005, ""MOVED_LEFT"": 0.0, ""MOVED_RIGHT"": 0.0, ""MOVED_TOWARD_COIN"": 0.3, ""MOVED_TOWARD_SAFETY"": 16.80000000000002, ""MOVED_UP"": 0.0, ""OPPONENT_ELIMINATED"": 0.0, ""SAFE_BOMB_THREATENS_OPPONENT"": 1.5000000000000002, ""STAYED_IN_DANGER"": -2.75, ""SURVIVED_ROUND"": 0.5, ""USELESS_BOMB"": -1.0999999999999999, ""WAITED"": -2.860000000000002}"
30,0,1,5,400,0.19671333333333335,32.96299999999996,5.0,32.310000000000045,-4.347000000000003,73.94416666666667,-78.29116666666668,401,1,"{""BOMB_DROPPED"": 44, ""BOMB_EXPLODED"": 44, ""BOMB_NEXT_TO_CRATE"": 8, ""COIN_FOUND"": 1, ""CRATE_DESTROYED"": 19, ""ESCAPED_DANGER"": 47, ""INVALID_ACTION"": 2, ""KILLED_OPPONENT"": 1, ""MOVED_AWAY_FROM_COIN"": 11, ""MOVED_DOWN"": 52, ""MOVED_INTO_DANGER"": 3, ""MOVED_LEFT"": 44, ""MOVED_RIGHT"": 58, ""MOVED_TOWARD_COIN"": 26, ""MOVED_TOWARD_SAFETY"": 75, ""MOVED_UP"": 51, ""OPPONENT_ELIMINATED"": 2, ""SAFE_BOMB_THREATENS_OPPONENT"": 7, ""STAYED_IN_DANGER"": 6, ""SURVIVED_ROUND"": 1, ""USELESS_BOMB"": 29, ""WAITED"": 149}","{""BOMB_DROPPED"": 0.0, ""BOMB_EXPLODED"": 0.0, ""BOMB_NEXT_TO_CRATE"": 0.39999999999999997, ""COIN_FOUND"": 0.05, ""CRATE_DESTROYED"": 1.9000000000000006, ""ESCAPED_DANGER"": 14.100000000000012, ""INVALID_ACTION"": -0.2, ""KILLED_OPPONENT"": 5.0, ""MOVED_AWAY_FROM_COIN"": -0.7700000000000002, ""MOVED_DOWN"": 0.0, ""MOVED_INTO_DANGER"": -1.0499999999999998, ""MOVED_LEFT"": 0.0, ""MOVED_RIGHT"": 0.0, ""MOVED_TOWARD_COIN"": 1.560000000000001, ""MOVED_TOWARD_SAFETY"": 22.500000000000032, ""MOVED_UP"": 0.0, ""OPPONENT_ELIMINATED"": 0.0, ""SAFE_BOMB_THREATENS_OPPONENT"": 0.7, ""STAYED_IN_DANGER"": -1.5, ""SURVIVED_ROUND"": 0.5, ""USELESS_BOMB"": -2.9000000000000012, ""WAITED"": -2.980000000000002}"
31,0,0,0,400,0.1966,28.17574999999996,0,32.48000000000004,-4.304250000000005,78.84350000000002,-83.14774999999999,401,1,"{""BOMB_DROPPED"": 43, ""BOMB_EXPLODED"": 43, ""BOMB_NEXT_TO_CRATE"": 11, ""CRATE_DESTROYED"": 24, ""ESCAPED_DANGER"": 51, ""MOVED_AWAY_FROM_COIN"": 1, ""MOVED_DOWN"": 60, ""MOVED_INTO_DANGER"": 8, ""MOVED_LEFT"": 42, ""MOVED_RIGHT"": 55, ""MOVED_TOWARD_COIN"": 5, ""MOVED_TOWARD_SAFETY"": 71, ""MOVED_UP"": 60, ""OPPONENT_ELIMINATED"": 2, ""SAFE_BOMB_THREATENS_OPPONENT"": 10, ""STAYED_IN_DANGER"": 4, ""SURVIVED_ROUND"": 1, ""USELESS_BOMB"": 22, ""WAITED"": 140}","{""BOMB_DROPPED"": 0.0, ""BOMB_EXPLODED"": 0.0, ""BOMB_NEXT_TO_CRATE"": 0.5499999999999999, ""CRATE_DESTROYED"": 2.400000000000001, ""ESCAPED_DANGER"": 15.300000000000015, ""MOVED_AWAY_FROM_COIN"": -0.07, ""MOVED_DOWN"": 0.0, ""MOVED_INTO_DANGER"": -2.8000000000000003, ""MOVED_LEFT"": 0.0, ""MOVED_RIGHT"": 0.0, ""MOVED_TOWARD_COIN"": 0.3, ""MOVED_TOWARD_SAFETY"": 21.30000000000003, ""MOVED_UP"": 0.0, ""OPPONENT_ELIMINATED"": 0.0, ""SAFE_BOMB_THREATENS_OPPONENT"": 0.9999999999999999, ""STAYED_IN_DANGER"": -1.0, ""SURVIVED_ROUND"": 0.5, ""USELESS_BOMB"": -2.2000000000000006, ""WAITED"": -2.800000000000002}"
32,1,0,1,400,0.1964866666666667,21.05399999999998,1.0,28.220000000000038,-8.166000000000011,81.60450000000002,-89.77050000000004,401,1,"{""BOMB_DROPPED"": 40, ""BOMB_EXPLODED"": 40, ""BOMB_NEXT_TO_CRATE"": 9, ""COIN_COLLECTED"": 1, ""CRATE_DESTROYED"": 15, ""ESCAPED_DANGER"": 56, ""INVALID_ACTION"": 1, ""MOVED_AWAY_FROM_COIN"": 4, ""MOVED_DOWN"": 56, ""MOVED_INTO_DANGER"": 16, ""MOVED_LEFT"": 48, ""MOVED_RIGHT"": 60, ""MOVED_TOWARD_COIN"": 10, ""MOVED_TOWARD_SAFETY"": 59, ""MOVED_UP"": 55, ""OPPONENT_ELIMINATED"": 2, ""SAFE_BOMB_THREATENS_OPPONENT"": 20, ""STAYED_IN_DANGER"": 5, ""SURVIVED_ROUND"": 1, ""USELESS_BOMB"": 13, ""WAITED"": 140}","{""BOMB_DROPPED"": 0.0, ""BOMB_EXPLODED"": 0.0, ""BOMB_NEXT_TO_CRATE"": 0.44999999999999996, ""COIN_COLLECTED"": 1.0, ""CRATE_DESTROYED"": 1.5000000000000002, ""ESCAPED_DANGER"": 16.80000000000002, ""INVALID_ACTION"": -0.1, ""MOVED_AWAY_FROM_COIN"": -0.28, ""MOVED_DOWN"": 0.0, ""MOVED_INTO_DANGER"": -5.599999999999999, ""MOVED_LEFT"": 0.0, ""MOVED_RIGHT"": 0.0, ""MOVED_TOWARD_COIN"": 0.6000000000000001, ""MOVED_TOWARD_SAFETY"": 17.70000000000002, ""MOVED_UP"": 0.0, ""OPPONENT_ELIMINATED"": 0.0, ""SAFE_BOMB_THREATENS_OPPONENT"": 2.0000000000000004, ""STAYED_IN_DANGER"": -1.25, ""SURVIVED_ROUND"": 0.5, ""USELESS_BOMB"": -1.3, ""WAITED"": -2.800000000000002}"
33,1,0,1,400,0.19637333333333334,30.18124999999998,1.0,33.04000000000004,-3.858750000000006,76.27466666666662,-80.13341666666663,401,1,"{""BOMB_DROPPED"": 47, ""BOMB_EXPLODED"": 47, ""BOMB_NEXT_TO_CRATE"": 8, ""COIN_COLLECTED"": 1, ""COIN_FOUND"": 1, ""CRATE_DESTROYED"": 13, ""ESCAPED_DANGER"": 49, ""MOVED_AWAY_FROM_COIN"": 1, ""MOVED_DOWN"": 50, ""MOVED_INTO_DANGER"": 2, ""MOVED_LEFT"": 54, ""MOVED_RIGHT"": 52, ""MOVED_TOWARD_COIN"": 4, ""MOVED_TOWARD_SAFETY"": 80, ""MOVED_UP"": 48, ""OPPONENT_ELIMINATED"": 1, ""SAFE_BOMB_THREATENS_OPPONENT"": 5, ""STAYED_IN_DANGER"": 6, ""SURVIVED_ROUND"": 1, ""USELESS_BOMB"": 34, ""WAITED"": 149}","{""BOMB_DROPPED"": 0.0, ""BOMB_EXPLODED"": 0.0, ""BOMB_NEXT_TO_CRATE"": 0.39999999999999997, ""COIN_COLLECTED"": 1.0, ""COIN_FOUND"": 0.05, ""CRATE_DESTROYED"": 1.3, ""ESCAPED_DANGER"": 14.700000000000014, ""MOVED_AWAY_FROM_COIN"": -0.07, ""MOVED_DOWN"": 0.0, ""MOVED_INTO_DANGER"": -0.7, ""MOVED_LEFT"": 0.0, ""MOVED_RIGHT"": 0.0, ""MOVED_TOWARD_COIN"": 0.24, ""MOVED_TOWARD_SAFETY"": 24.000000000000036, ""MOVED_UP"": 0.0, ""OPPONENT_ELIMINATED"": 0.0, ""SAFE_BOMB_THREATENS_OPPONENT"": 0.5, ""STAYED_IN_DANGER"": -1.5, ""SURVIVED_ROUND"": 0.5, ""USELESS_BOMB"": -3.4000000000000017, ""WAITED"": -2.980000000000002}"
34,0,0,0,400,0.19626000000000002,27.829499999999978,0,33.240000000000045,-5.410500000000008,75.3029166666667,-80.71341666666669,401,1,"{""BOMB_DROPPED"": 44, ""BOMB_EXPLODED"": 43, ""BOMB_NEXT_TO_CRATE"": 13, ""COIN_FOUND"": 1, ""CRATE_DESTROYED"": 36, ""ESCAPED_DANGER"": 50, ""MOVED_DOWN"": 45, ""MOVED_INTO_DANGER"": 7, ""MOVED_LEFT"": 47, ""MOVED_RIGHT"": 60, ""MOVED_TOWARD_COIN"": 4, ""MOVED_TOWARD_SAFETY"": 72, ""MOVED_UP"": 59, ""OPPONENT_ELIMINATED"": 2, ""SAFE_BOMB_THREATENS_OPPONENT"": 7, ""STAYED_IN_DANGER"": 5, ""SURVIVED_ROUND"": 1, ""USELESS_BOMB"": 25, ""WAITED"": 145}","{""BOMB_DROPPED"": 0.0, ""BOMB_EXPLODED"": 0.0, ""BOMB_NEXT_TO_CRATE"": 0.65, ""COIN_FOUND"": 0.05, ""CRATE_DESTROYED"": 3.600000000000002, ""ESCAPED_DANGER"": 15.000000000000014, ""MOVED_DOWN"": 0.0, ""MOVED_INTO_DANGER"": -2.45, ""MOVED_LEFT"": 0.0, ""MOVED_RIGHT"": 0.0, ""MOVED_TOWARD_COIN"": 0.24, ""MOVED_TOWARD_SAFETY"": 21.60000000000003, ""MOVED_UP"": 0.0, ""OPPONENT_ELIMINATED"": 0.0, ""SAFE_BOMB_THREATENS_OPPONENT"": 0.7, ""STAYED_IN_DANGER"": -1.25, ""SURVIVED_ROUND"": 0.5, ""USELESS_BOMB"": -2.500000000000001, ""WAITED"": -2.900000000000002}"
35,0,0,0,400,0.1961466666666667,21.80824999999995,0,27.97000000000004,-6.161750000000007,83.38175000000005,-89.5435,401,1,"{""BOMB_DROPPED"": 42, ""BOMB_EXPLODED"": 42, ""BOMB_NEXT_TO_CRATE"": 9, ""CRATE_DESTROYED"": 23, ""ESCAPED_DANGER"": 56, ""INVALID_ACTION"": 2, ""MOVED_AWAY_FROM_COIN"": 1, ""MOVED_DOWN"": 47, ""MOVED_INTO_DANGER"": 14, ""MOVED_LEFT"": 51, ""MOVED_RIGHT"": 47, ""MOVED_TOWARD_COIN"": 6, ""MOVED_TOWARD_SAFETY"": 66, ""MOVED_UP"": 60, ""OPPONENT_ELIMINATED"": 2, ""SAFE_BOMB_THREATENS_OPPONENT"": 10, ""STAYED_IN_DANGER"": 11, ""SURVIVED_ROUND"": 1, ""USELESS_BOMB"": 23, ""WAITED"": 151}","{""BOMB_DROPPED"": 0.0, ""BOMB_EXPLODED"": 0.0, ""BOMB_NEXT_TO_CRATE"": 0.44999999999999996, ""CRATE_DESTROYED"": 2.3000000000000007, ""ESCAPED_DANGER"": 16.80000000000002, ""INVALID_ACTION"": -0.2, ""MOVED_AWAY_FROM_COIN"": -0.07, ""MOVED_DOWN"": 0.0, ""MOVED_INTO_DANGER"": -4.8999999999999995, ""MOVED_LEFT"": 0.0, ""MOVED_RIGHT"": 0.0, ""MOVED_TOWARD_COIN"": 0.36, ""MOVED_TOWARD_SAFETY"": 19.800000000000026, ""MOVED_UP"": 0.0, ""OPPONENT_ELIMINATED"": 0.0, ""SAFE_BOMB_THREATENS_OPPONENT"": 0.9999999999999999, ""STAYED_IN_DANGER"": -2.75, ""SURVIVED_ROUND"": 0.5, ""USELESS_BOMB"": -2.3000000000000007, ""WAITED"": -3.0200000000000022}"
36,0,0,0,400,0.19603333333333334,19.47424999999999,0,24.900000000000023,-5.425750000000001,59.47291666666662,-64.8986666666667,401,1,"{""BOMB_DROPPED"": 38, ""BOMB_EXPLODED"": 38, ""BOMB_NEXT_TO_CRATE"": 6, ""CRATE_DESTROYED"": 17, ""ESCAPED_DANGER"": 39, ""INVALID_ACTION"": 1, ""MOVED_AWAY_FROM_COIN"": 1, ""MOVED_DOWN"": 46, ""MOVED_INTO_DANGER"": 1, ""MOVED_LEFT"": 48, ""MOVED_RIGHT"": 46, ""MOVED_TOWARD_COIN"": 6, ""MOVED_TOWARD_SAFETY"": 56, ""MOVED_UP"": 44, ""OPPONENT_ELIMINATED"": 1, ""SAFE_BOMB_THREATENS_OPPONENT"": 9, ""STAYED_IN_DANGER"": 4, ""SURVIVED_ROUND"": 1, ""USELESS_BOMB"": 23, ""WAITED"": 177}","{""BOMB_DROPPED"": 0.0, ""BOMB_EXPLODED"": 0.0, ""BOMB_NEXT_TO_CRATE"": 0.3, ""CRATE_DESTROYED"": 1.7000000000000004, ""ESCAPED_DANGER"": 11.700000000000006, ""INVALID_ACTION"": -0.1, ""MOVED_AWAY_FROM_COIN"": -0.07, ""MOVED_DOWN"": 0.0, ""MOVED_INTO_DANGER"": -0.35, ""MOVED_LEFT"": 0.0, ""MOVED_RIGHT"": 0.0, ""MOVED_TOWARD_COIN"": 0.36, ""MOVED_TOWARD_SAFETY"": 16.80000000000002, ""MOVED_UP"": 0.0, ""OPPONENT_ELIMINATED"": 0.0, ""SAFE_BOMB_THREATENS_OPPONENT"": 0.8999999999999999, ""STAYED_IN_DANGER"": -1.0, ""SURVIVED_ROUND"": 0.5, ""USELESS_BOMB"": -2.3000000000000007, ""WAITED"": -3.5400000000000027}"
37,1,0,1,400,0.19592,21.804249999999957,1.0,27.480000000000032,-6.6757500000000105,72.16791666666671,-78.84366666666672,401,1,"{""BOMB_DROPPED"": 44, ""BOMB_EXPLODED"": 43, ""BOMB_NEXT_TO_CRATE"": 7, ""COIN_COLLECTED"": 1, ""COIN_FOUND"": 2, ""CRATE_DESTROYED"": 15, ""ESCAPED_DANGER"": 48, ""MOVED_AWAY_FROM_COIN"": 7, ""MOVED_DOWN"": 47, ""MOVED_INTO_DANGER"": 5, ""MOVED_LEFT"": 45, ""MOVED_RIGHT"": 43, ""MOVED_TOWARD_COIN"": 7, ""MOVED_TOWARD_SAFETY"": 64, ""MOVED_UP"": 46, ""OPPONENT_ELIMINATED"": 2, ""SAFE_BOMB_THREATENS_OPPONENT"": 11, ""STAYED_IN_DANGER"": 7, ""SURVIVED_ROUND"": 1, ""USELESS_BOMB"": 26, ""WAITED"": 175}","{""BOMB_DROPPED"": 0.0, ""BOMB_EXPLODED"": 0.0, ""BOMB_NEXT_TO_CRATE"": 0.35, ""COIN_COLLECTED"": 1.0, ""COIN_FOUND"": 0.1, ""CRATE_DESTROYED"": 1.5000000000000002, ""ESCAPED_DANGER"": 14.400000000000013, ""MOVED_AWAY_FROM_COIN"": -0.49000000000000005, ""MOVED_DOWN"": 0.0, ""MOVED_INTO_DANGER"": -1.75, ""MOVED_LEFT"": 0.0, ""MOVED_RIGHT"": 0.0, ""MOVED_TOWARD_COIN"": 0.42, ""MOVED_TOWARD_SAFETY"": 19.200000000000024, ""MOVED_UP"": 0.0, ""OPPONENT_ELIMINATED"": 0.0, ""SAFE_BOMB_THREATENS_OPPONENT"": 1.0999999999999999, ""STAYED_IN_DANGER"": -1.75, ""SURVIVED_ROUND"": 0.5, ""USELESS_BOMB"": -2.600000000000001, ""WAITED"": -3.5000000000000027}"
38,0,0,0,400,0.19580666666666668,25.39050000000001,0,29.36000000000004,-3.9695000000000027,77.14124999999999,-81.11075000000002,401,1,"{""BOMB_DROPPED"": 47, ""BOMB_EXPLODED"": 47, ""BOMB_NEXT_TO_CRATE"": 9, ""COIN_FOUND"": 1, ""CRATE_DESTROYED"": 21, ""ESCAPED_DANGER"": 49, ""MOVED_AWAY_FROM_COIN"": 3, ""MOVED_DOWN"": 52, ""MOVED_INTO_DANGER"": 2, ""MOVED_LEFT"": 43, ""MOVED_RIGHT"": 56, ""MOVED_TOWARD_COIN"": 2, ""MOVED_TOWARD_SAFETY"": 69, ""MOVED_UP"": 52, ""OPPONENT_ELIMINATED"": 2, ""SAFE_BOMB_THREATENS_OPPONENT"": 1, ""STAYED_IN_DANGER"": 7, ""SURVIVED_ROUND"": 1, ""USELESS_BOMB"": 37, ""WAITED"": 150}","{""BOMB_DROPPED"": 0.0, ""BOMB_EXPLODED"": 0.0, ""BOMB_NEXT_TO_CRATE"": 0.44999999999999996, ""COIN_FOUND"": 0.05, ""CRATE_DESTROYED"": 2.1000000000000005, ""ESCAPED_DANGER"": 14.700000000000014, ""MOVED_AWAY_FROM_COIN"": -0.21000000000000002, ""MOVED_DOWN"": 0.0, ""MOVED_INTO_DANGER"": -0.7, ""MOVED_LEFT"": 0.0, ""MOVED_RIGHT"": 0.0, ""MOVED_TOWARD_COIN"": 0.12, ""MOVED_TOWARD_SAFETY"": 20.700000000000028, ""MOVED_UP"": 0.0, ""OPPONENT_ELIMINATED"": 0.0, ""SAFE_BOMB_THREATENS_OPPONENT"": 0.1, ""STAYED_IN_DANGER"": -1.75, ""SURVIVED_ROUND"": 0.5, ""USELESS_BOMB"": -3.700000000000002, ""WAITED"": -3.000000000000002}"
39,1,0,1,400,0.19569333333333336,22.909249999999954,1.0,28.33000000000004,-6.420750000000009,77.32625000000007,-83.74700000000006,401,1,"{""BOMB_DROPPED"": 43, ""BOMB_EXPLODED"": 42, ""BOMB_NEXT_TO_CRATE"": 10, ""COIN_COLLECTED"": 1, ""COIN_FOUND"": 1, ""CRATE_DESTROYED"": 19, ""ESCAPED_DANGER"": 52, ""INVALID_ACTION"": 1, ""MOVED_AWAY_FROM_COIN"": 2, ""MOVED_DOWN"": 49, ""MOVED_INTO_DANGER"": 9, ""MOVED_LEFT"": 43, ""MOVED_RIGHT"": 57, ""MOVED_TOWARD_COIN"": 5, ""MOVED_TOWARD_SAFETY"": 68, ""MOVED_UP"": 48, ""OPPONENT_ELIMINATED"": 2, ""SAFE_BOMB_THREATENS_OPPONENT"": 6, ""STAYED_IN_DANGER"": 9, ""SURVIVED_ROUND"": 1, ""USELESS_BOMB"": 27, ""WAITED"": 159}","{""BOMB_DROPPED"": 0.0, ""BOMB_EXPLODED"": 0.0, ""BOMB_NEXT_TO_CRATE"": 0.49999999999999994, ""COIN_COLLECTED"": 1.0, ""COIN_FOUND"": 0.05, ""CRATE_DESTROYED"": 1.9000000000000006, ""ESCAPED_DANGER"": 15.600000000000016, ""INVALID_ACTION"": -0.1, ""MOVED_AWAY_FROM_COIN"": -0.14, ""MOVED_DOWN"": 0.0, ""MOVED_INTO_DANGER"": -3.1500000000000004, ""MOVED_LEFT"": 0.0, ""MOVED_RIGHT"": 0.0, ""MOVED_TOWARD_COIN"": 0.3, ""MOVED_TOWARD_SAFETY"": 20.400000000000027, ""MOVED_UP"": 0.0, ""OPPONENT_ELIMINATED"": 0.0, ""SAFE_BOMB_THREATENS_OPPONENT"": 0.6, ""STAYED_IN_DANGER"": -2.25, ""SURVIVED_ROUND"": 0.5, ""USELESS_BOMB"": -2.700000000000001, ""WAITED"": -3.1800000000000024}"
40,1,0,1,400,0.19558,31.37249999999996,1.0,35.43000000000005,-5.057499999999997,75.09191666666668,-80.14941666666674,401,1,"{""BOMB_DROPPED"": 48, ""BOMB_EXPLODED"": 47, ""BOMB_NEXT_TO_CRATE"": 15, ""COIN_COLLECTED"": 1, ""COIN_FOUND"": 3, ""CRATE_DESTROYED"": 28, ""ESCAPED_DANGER"": 48, ""MOVED_AWAY_FROM_COIN"": 3, ""MOVED_DOWN"": 42, ""MOVED_INTO_DANGER"": 1, ""MOVED_LEFT"": 46, ""MOVED_RIGHT"": 58, ""MOVED_TOWARD_COIN"": 6, ""MOVED_TOWARD_SAFETY"": 81, ""MOVED_UP"": 55, ""OPPONENT_ELIMINATED"": 1, ""SAFE_BOMB_THREATENS_OPPONENT"": 2, ""STAYED_IN_DANGER"": 5, ""SURVIVED_ROUND"": 1, ""USELESS_BOMB"": 32, ""WAITED"": 151}","{""BOMB_DROPPED"": 0.0, ""BOMB_EXPLODED"": 0.0, ""BOMB_NEXT_TO_CRATE"": 0.7500000000000001, ""COIN_COLLECTED"": 1.0, ""COIN_FOUND"": 0.15000000000000002, ""CRATE_DESTROYED"": 2.800000000000001, ""ESCAPED_DANGER"": 14.400000000000013, ""MOVED_AWAY_FROM_COIN"": -0.21000000000000002, ""MOVED_DOWN"": 0.0, ""MOVED_INTO_DANGER"": -0.35, ""MOVED_LEFT"": 0.0, ""MOVED_RIGHT"": 0.0, ""MOVED_TOWARD_COIN"": 0.36, ""MOVED_TOWARD_SAFETY"": 24.300000000000036, ""MOVED_UP"": 0.0, ""OPPONENT_ELIMINATED"": 0.0, ""SAFE_BOMB_THREATENS_OPPONENT"": 0.2, ""STAYED_IN_DANGER"": -1.25, ""SURVIVED_ROUND"": 0.5, ""USELESS_BOMB"": -3.2000000000000015, ""WAITED"": -3.0200000000000022}"
41,0,0,0,400,0.19546666666666668,23.075249999999976,0,30.090000000000035,-7.014750000000008,75.95291666666672,-82.96766666666663,401,1,"{""BOMB_DROPPED"": 45, ""BOMB_EXPLODED"": 44, ""BOMB_NEXT_TO_CRATE"": 12, ""CRATE_DESTROYED"": 29, ""ESCAPED_DANGER"": 51, ""INVALID_ACTION"": 1, ""MOVED_AWAY_FROM_COIN"": 5, ""MOVED_DOWN"": 40, ""MOVED_INTO_DANGER"": 6, ""MOVED_LEFT"": 40, ""MOVED_RIGHT"": 52, ""MOVED_TOWARD_COIN"": 2, ""MOVED_TOWARD_SAFETY"": 63, ""MOVED_UP"": 53, ""OPPONENT_ELIMINATED"": 2, ""SAFE_BOMB_THREATENS_OPPONENT"": 13, ""STAYED_IN_DANGER"": 6, ""SURVIVED_ROUND"": 1, ""USELESS_BOMB"": 21, ""WAITED"": 169}","{""BOMB_DROPPED"": 0.0, ""BOMB_EXPLODED"": 0.0, ""BOMB_NEXT_TO_CRATE"": 0.6, ""CRATE_DESTROYED"": 2.9000000000000012, ""ESCAPED_DANGER"": 15.300000000000015, ""INVALID_ACTION"": -0.1, ""MOVED_AWAY_FROM_COIN"": -0.35000000000000003, ""MOVED_DOWN"": 0.0, ""MOVED_INTO_DANGER"": -2.1, ""MOVED_LEFT"": 0.0, ""MOVED_RIGHT"": 0.0, ""MOVED_TOWARD_COIN"": 0.12, ""MOVED_TOWARD_SAFETY"": 18.900000000000023, ""MOVED_UP"": 0.0, ""OPPONENT_ELIMINATED"": 0.0, ""SAFE_BOMB_THREATENS_OPPONENT"": 1.3, ""STAYED_IN_DANGER"": -1.5, ""SURVIVED_ROUND"": 0.5, ""USELESS_BOMB"": -2.1000000000000005, ""WAITED"": -3.3800000000000026}"
42,0,0,0,400,0.19535333333333335,20.77249999999998,0,28.500000000000036,-7.727500000000003,72.91275000000002,-80.64024999999998,401,1,"{""BOMB_DROPPED"": 47, ""BOMB_EXPLODED"": 46, ""BOMB_NEXT_TO_CRATE"": 6, ""COIN_FOUND"": 1, ""CRATE_DESTROYED"": 8, ""ESCAPED_DANGER"": 49, ""INVALID_ACTION"": 1, ""MOVED_AWAY_FROM_COIN"": 5, ""MOVED_DOWN"": 45, ""MOVED_INTO_DANGER"": 3, ""MOVED_LEFT"": 39, ""MOVED_RIGHT"": 51, ""MOVED_TOWARD_COIN"": 9, ""MOVED_TOWARD_SAFETY"": 66, ""MOVED_UP"": 45, ""OPPONENT_ELIMINATED"": 2, ""SAFE_BOMB_THREATENS_OPPONENT"": 13, ""STAYED_IN_DANGER"": 7, ""SURVIVED_ROUND"": 1, ""USELESS_BOMB"": 28, ""WAITED"": 172}","{""BOMB_DROPPED"": 0.0, ""BOMB_EXPLODED"": 0.0, ""BOMB_NEXT_TO_CRATE"": 0.3, ""COIN_FOUND"": 0.05, ""CRATE_DESTROYED"": 0.7999999999999999, ""ESCAPED_DANGER"": 14.700000000000014, ""INVALID_ACTION"": -0.1, ""MOVED_AWAY_FROM_COIN"": -0.35000000000000003, ""MOVED_DOWN"": 0.0, ""MOVED_INTO_DANGER"": -1.0499999999999998, ""MOVED_LEFT"": 0.0, ""MOVED_RIGHT"": 0.0, ""MOVED_TOWARD_COIN"": 0.54, ""MOVED_TOWARD_SAFETY"": 19.800000000000026, ""MOVED_UP"": 0.0, ""OPPONENT_ELIMINATED"": 0.0, ""SAFE_BOMB_THREATENS_OPPONENT"": 1.3, ""STAYED_IN_DANGER"": -1.75, ""SURVIVED_ROUND"": 0.5, ""USELESS_BOMB"": -2.800000000000001, ""WAITED"": -3.4400000000000026}"
43,0,0,0,400,0.19524,22.329499999999957,0,27.780000000000037,-5.450500000000011,75.76933333333334,-81.21983333333334,401,1,"{""BOMB_DROPPED"": 43, ""BOMB_EXPLODED"": 43, ""BOMB_NEXT_TO_CRATE"": 5, ""CRATE_DESTROYED"": 15, ""ESCAPED_DANGER"": 50, ""MOVED_AWAY_FROM_COIN"": 1, ""MOVED_DOWN"": 55, ""MOVED_INTO_DANGER"": 7, ""MOVED_LEFT"": 55, ""MOVED_RIGHT"": 54, ""MOVED_TOWARD_COIN"": 1, ""MOVED_TOWARD_SAFETY"": 67, ""MOVED_UP"": 55, ""OPPONENT_ELIMINATED"": 2, ""SAFE_BOMB_THREATENS_OPPONENT"": 6, ""STAYED_IN_DANGER"": 7, ""SURVIVED_ROUND"": 1, ""USELESS_BOMB"": 32, ""WAITED"": 138}","{""BOMB_DROPPED"": 0.0, ""BOMB_EXPLODED"": 0.0, ""BOMB_NEXT_TO_CRATE"": 0.25, ""CRATE_DESTROYED"": 1.5000000000000002, ""ESCAPED_DANGER"": 15.000000000000014, ""MOVED_AWAY_FROM_COIN"": -0.07, ""MOVED_DOWN"": 0.0, ""MOVED_INTO_DANGER"": -2.45, ""MOVED_LEFT"": 0.0, ""MOVED_RIGHT"": 0.0, ""MOVED_TOWARD_COIN"": 0.06, ""MOVED_TOWARD_SAFETY"": 20.100000000000026, ""MOVED_UP"": 0.0, ""OPPONENT_ELIMINATED"": 0.0, ""SAFE_BOMB_THREATENS_OPPONENT"": 0.6, ""STAYED_IN_DANGER"": -1.75, ""SURVIVED_ROUND"": 0.5, ""USELESS_BOMB"": -3.2000000000000015, ""WAITED"": -2.760000000000002}"
44,0,0,0,400,0.1951266666666667,19.683249999999944,0,25.080000000000027,-5.396750000000005,66.28775000000006,-71.68449999999991,401,1,"{""BOMB_DROPPED"": 40, ""BOMB_EXPLODED"": 40, ""BOMB_NEXT_TO_CRATE"": 5, ""COIN_FOUND"": 1, ""CRATE_DESTROYED"": 11, ""ESCAPED_DANGER"": 43, ""INVALID_ACTION"": 2, ""MOVED_AWAY_FROM_COIN"": 6, ""MOVED_DOWN"": 47, ""MOVED_INTO_DANGER"": 3, ""MOVED_LEFT"": 42, ""MOVED_RIGHT"": 41, ""MOVED_TOWARD_COIN"": 12, ""MOVED_TOWARD_SAFETY"": 60, ""MOVED_UP"": 47, ""OPPONENT_ELIMINATED"": 2, ""SAFE_BOMB_THREATENS_OPPONENT"": 8, ""STAYED_IN_DANGER"": 5, ""SURVIVED_ROUND"": 1, ""USELESS_BOMB"": 27, ""WAITED"": 181}","{""BOMB_DROPPED"": 0.0, ""BOMB_EXPLODED"": 0.0, ""BOMB_NEXT_TO_CRATE"": 0.25, ""COIN_FOUND"": 0.05, ""CRATE_DESTROYED"": 1.0999999999999999, ""ESCAPED_DANGER"": 12.90000000000001, ""INVALID_ACTION"": -0.2, ""MOVED_AWAY_FROM_COIN"": -0.42000000000000004, ""MOVED_DOWN"": 0.0, ""MOVED_INTO_DANGER"": -1.0499999999999998, ""MOVED_LEFT"": 0.0, ""MOVED_RIGHT"": 0.0, ""MOVED_TOWARD_COIN"": 0.7200000000000002, ""MOVED_TOWARD_SAFETY"": 18.00000000000002, ""MOVED_UP"": 0.0, ""OPPONENT_ELIMINATED"": 0.0, ""SAFE_BOMB_THREATENS_OPPONENT"": 0.7999999999999999, ""STAYED_IN_DANGER"": -1.25, ""SURVIVED_ROUND"": 0.5, ""USELESS_BOMB"": -2.700000000000001, ""WAITED"": -3.6200000000000028}"
45,1,0,1,132,0.19501333333333334,6.4864999999999915,1.0,7.689999999999998,-2.203500000000002,24.72041666666666,-26.92391666666666,132,1,"{""BOMB_DROPPED"": 13, ""BOMB_EXPLODED"": 13, ""BOMB_NEXT_TO_CRATE"": 13, ""COIN_COLLECTED"": 1, ""COIN_FOUND"": 1, ""CRATE_DESTROYED"": 31, ""ESCAPED_DANGER"": 16, ""GOT_KILLED"": 1, ""INVALID_ACTION"": 2, ""MOVED_AWAY_FROM_COIN"": 2, ""MOVED_DOWN"": 12, ""MOVED_INTO_DANGER"": 4, ""MOVED_LEFT"": 16, ""MOVED_RIGHT"": 16, ""MOVED_TOWARD_COIN"": 9, ""MOVED_TOWARD_SAFETY"": 23, ""MOVED_UP"": 25, ""OPPONENT_ELIMINATED"": 1, ""SAFE_BOMB_THREATENS_OPPONENT"": 1, ""STAYED_IN_DANGER"": 3, ""WAITED"": 48}","{""BOMB_DROPPED"": 0.0, ""BOMB_EXPLODED"": 0.0, ""BOMB_NEXT_TO_CRATE"": 0.65, ""COIN_COLLECTED"": 1.0, ""COIN_FOUND"": 0.05, ""CRATE_DESTROYED"": 3.1000000000000014, ""ESCAPED_DANGER"": 4.799999999999999, ""GOT_KILLED"": -5.0, ""INVALID_ACTION"": -0.2, ""MOVED_AWAY_FROM_COIN"": -0.14, ""MOVED_DOWN"": 0.0, ""MOVED_INTO_DANGER"": -1.4, ""MOVED_LEFT"": 0.0, ""MOVED_RIGHT"": 0.0, ""MOVED_TOWARD_COIN"": 0.54, ""MOVED_TOWARD_SAFETY"": 6.899999999999998, ""MOVED_UP"": 0.0, ""OPPONENT_ELIMINATED"": 0.0, ""SAFE_BOMB_THREATENS_OPPONENT"": 0.1, ""STAYED_IN_DANGER"": -0.75, ""WAITED"": -0.9600000000000005}"
46,2,0,2,400,0.19490000000000002,28.69899999999997,2.0,30.700000000000045,-4.001000000000001,84.1861666666667,-88.18716666666666,401,1,"{""BOMB_DROPPED"": 43, ""BOMB_EXPLODED"": 43, ""BOMB_NEXT_TO_CRATE"": 12, ""COIN_COLLECTED"": 2, ""COIN_FOUND"": 3, ""CRATE_DESTROYED"": 24, ""ESCAPED_DANGER"": 54, ""MOVED_AWAY_FROM_COIN"": 2, ""MOVED_DOWN"": 48, ""MOVED_INTO_DANGER"": 11, ""MOVED_LEFT"": 46, ""MOVED_RIGHT"": 60, ""MOVED_TOWARD_COIN"": 6, ""MOVED_TOWARD_SAFETY"": 70, ""MOVED_UP"": 62, ""OPPONENT_ELIMINATED"": 2, ""SAFE_BOMB_THREATENS_OPPONENT"": 5, ""STAYED_IN_DANGER"": 6, ""SURVIVED_ROUND"": 1, ""USELESS_BOMB"": 27, ""WAITED"": 141}","{""BOMB_DROPPED"": 0.0, ""BOMB_EXPLODED"": 0.0, ""BOMB_NEXT_TO_CRATE"": 0.6, ""COIN_COLLECTED"": 2.0, ""COIN_FOUND"": 0.15000000000000002, ""CRATE_DESTROYED"": 2.400000000000001, ""ESCAPED_DANGER"": 16.200000000000017, ""MOVED_AWAY_FROM_COIN"": -0.14, ""MOVED_DOWN"": 0.0, ""MOVED_INTO_DANGER"": -3.8500000000000005, ""MOVED_LEFT"": 0.0, ""MOVED_RIGHT"": 0.0, ""MOVED_TOWARD_COIN"": 0.36, ""MOVED_TOWARD_SAFETY"": 21.00000000000003, ""MOVED_UP"": 0.0, ""OPPONENT_ELIMINATED"": 0.0, ""SAFE_BOMB_THREATENS_OPPONENT"": 0.5, ""STAYED_IN_DANGER"": -1.5, ""SURVIVED_ROUND"": 0.5, ""USELESS_BOMB"": -2.700000000000001, ""WAITED"": -2.820000000000002}"
47,0,1,5,400,0.1947866666666667,29.374249999999968,5.0,32.01000000000004,-7.635750000000004,78.1245833333334,-85.76033333333339,401,1,"{""BOMB_DROPPED"": 42, ""BOMB_EXPLODED"": 41, ""BOMB_NEXT_TO_CRATE"": 14, ""COIN_FOUND"": 2, ""CRATE_DESTROYED"": 34, ""ESCAPED_DANGER"": 52, ""INVALID_ACTION"": 2, ""KILLED_OPPONENT"": 1, ""MOVED_AWAY_FROM_COIN"": 17, ""MOVED_DOWN"": 45, ""MOVED_INTO_DANGER"": 10, ""MOVED_LEFT"": 50, ""MOVED_RIGHT"": 64, ""MOVED_TOWARD_COIN"": 33, ""MOVED_TOWARD_SAFETY"": 71, ""MOVED_UP"": 58, ""OPPONENT_ELIMINATED"": 2, ""SAFE_BOMB_THREATENS_OPPONENT"": 7, ""STAYED_IN_DANGER"": 10, ""SURVIVED_ROUND"": 1, ""USELESS_BOMB"": 21, ""WAITED"": 139}","{""BOMB_DROPPED"": 0.0, ""BOMB_EXPLODED"": 0.0, ""BOMB_NEXT_TO_CRATE"": 0.7000000000000001, ""COIN_FOUND"": 0.1, ""CRATE_DESTROYED"": 3.4000000000000017, ""ESCAPED_DANGER"": 15.600000000000016, ""INVALID_ACTION"": -0.2, ""KILLED_OPPONENT"": 5.0, ""MOVED_AWAY_FROM_COIN"": -1.1900000000000006, ""MOVED_DOWN"": 0.0, ""MOVED_INTO_DANGER"": -3.5000000000000004, ""MOVED_LEFT"": 0.0, ""MOVED_RIGHT"": 0.0, ""MOVED_TOWARD_COIN"": 1.9800000000000013, ""MOVED_TOWARD_SAFETY"": 21.30000000000003, ""MOVED_UP"": 0.0, ""OPPONENT_ELIMINATED"": 0.0, ""SAFE_BOMB_THREATENS_OPPONENT"": 0.7, ""STAYED_IN_DANGER"": -2.5, ""SURVIVED_ROUND"": 0.5, ""USELESS_BOMB"": -2.1000000000000005, ""WAITED"": -2.780000000000002}"
48,1,0,1,400,0.19467333333333334,26.985749999999925,1.0,32.62000000000005,-6.634250000000014,79.23958333333336,-85.87383333333335,401,1,"{""BOMB_DROPPED"": 48, ""BOMB_EXPLODED"": 47, ""BOMB_NEXT_TO_CRATE"": 13, ""COIN_COLLECTED"": 1, ""COIN_FOUND"": 2, ""CRATE_DESTROYED"": 23, ""ESCAPED_DANGER"": 53, ""MOVED_AWAY_FROM_COIN"": 3, ""MOVED_DOWN"": 43, ""MOVED_INTO_DANGER"": 5, ""MOVED_LEFT"": 38, ""MOVED_RIGHT"": 51, ""MOVED_TOWARD_COIN"": 4, ""MOVED_TOWARD_SAFETY"": 74, ""MOVED_UP"": 57, ""OPPONENT_ELIMINATED"": 2, ""SAFE_BOMB_THREATENS_OPPONENT"": 9, ""STAYED_IN_DANGER"": 9, ""SURVIVED_ROUND"": 1, ""USELESS_BOMB"": 27, ""WAITED"": 163}","{""BOMB_DROPPED"": 0.0, ""BOMB_EXPLODED"": 0.0, ""BOMB_NEXT_TO_CRATE"": 0.65, ""COIN_COLLECTED"": 1.0, ""COIN_FOUND"": 0.1, ""CRATE_DESTROYED"": 2.3000000000000007, ""ESCAPED_DANGER"": 15.900000000000016, ""MOVED_AWAY_FROM_COIN"": -0.21000000000000002, ""MOVED_DOWN"": 0.0, ""MOVED_INTO_DANGER"": -1.75, ""MOVED_LEFT"": 0.0, ""MOVED_RIGHT"": 0.0, ""MOVED_TOWARD_COIN"": 0.24, ""MOVED_TOWARD_SAFETY"": 22.20000000000003, ""MOVED_UP"": 0.0, ""OPPONENT_ELIMINATED"": 0.0, ""SAFE_BOMB_THREATENS_OPPONENT"": 0.8999999999999999, ""STAYED_IN_DANGER"": -2.25, ""SURVIVED_ROUND"": 0.5, ""USELESS_BOMB"": -2.700000000000001, ""WAITED"": -3.2600000000000025}"
49,4,0,4,400,0.19456,29.002499999999955,4.0,32.22000000000004,-7.217500000000008,75.74975000000008,-82.96725,401,1,"{""BOMB_DROPPED"": 42, ""BOMB_EXPLODED"": 42, ""BOMB_NEXT_TO_CRATE"": 16, ""COIN_COLLECTED"": 4, ""COIN_FOUND"": 5, ""CRATE_DESTROYED"": 43, ""ESCAPED_DANGER"": 50, ""MOVED_AWAY_FROM_COIN"": 7, ""MOVED_DOWN"": 38, ""MOVED_INTO_DANGER"": 8, ""MOVED_LEFT"": 37, ""MOVED_RIGHT"": 49, ""MOVED_TOWARD_COIN"": 10, ""MOVED_TOWARD_SAFETY"": 70, ""MOVED_UP"": 52, ""OPPONENT_ELIMINATED"": 2, ""SAFE_BOMB_THREATENS_OPPONENT"": 4, ""STAYED_IN_DANGER"": 6, ""SURVIVED_ROUND"": 1, ""USELESS_BOMB"": 22, ""WAITED"": 182}","{""BOMB_DROPPED"": 0.0, ""BOMB_EXPLODED"": 0.0, ""BOMB_NEXT_TO_CRATE"": 0.8000000000000002, ""COIN_COLLECTED"": 4.0, ""COIN_FOUND"": 0.25, ""CRATE_DESTROYED"": 4.300000000000001, ""ESCAPED_DANGER"": 15.000000000000014, ""MOVED_AWAY_FROM_COIN"": -0.49000000000000005, ""MOVED_DOWN"": 0.0, ""MOVED_INTO_DANGER"": -2.8000000000000003, ""MOVED_LEFT"": 0.0, ""MOVED_RIGHT"": 0.0, ""MOVED_TOWARD_COIN"": 0.6000000000000001, ""MOVED_TOWARD_SAFETY"": 21.00000000000003, ""MOVED_UP"": 0.0, ""OPPONENT_ELIMINATED"": 0.0, ""SAFE_BOMB_THREATENS_OPPONENT"": 0.4, ""STAYED_IN_DANGER"": -1.5, ""SURVIVED_ROUND"": 0.5, ""USELESS_BOMB"": -2.2000000000000006, ""WAITED"": -3.640000000000003}"
50,0,0,0,400,0.19444666666666668,24.68524999999997,0,29.89000000000004,-5.204750000000003,74.02633333333333,-79.23108333333334,401,1,"{""BOMB_DROPPED"": 45, ""BOMB_EXPLODED"": 45, ""BOMB_NEXT_TO_CRATE"": 7, ""CRATE_DESTROYED"": 15, ""ESCAPED_DANGER"": 49, ""MOVED_AWAY_FROM_COIN"": 3, ""MOVED_DOWN"": 42, ""MOVED_INTO_DANGER"": 4, ""MOVED_LEFT"": 56, ""MOVED_RIGHT"": 56, ""MOVED_TOWARD_COIN"": 10, ""MOVED_TOWARD_SAFETY"": 71, ""MOVED_UP"": 56, ""OPPONENT_ELIMINATED"": 1, ""SAFE_BOMB_THREATENS_OPPONENT"": 5, ""STAYED_IN_DANGER"": 7, ""SURVIVED_ROUND"": 1, ""USELESS_BOMB"": 33, ""WAITED"": 145}","{""BOMB_DROPPED"": 0.0, ""BOMB_EXPLODED"": 0.0, ""BOMB_NEXT_TO_CRATE"": 0.35, ""CRATE_DESTROYED"": 1.5000000000000002, ""ESCAPED_DANGER"": 14.700000000000014, ""MOVED_AWAY_FROM_COIN"": -0.21000000000000002, ""MOVED_DOWN"": 0.0, ""MOVED_INTO_DANGER"": -1.4, ""MOVED_LEFT"": 0.0, ""MOVED_RIGHT"": 0.0, ""MOVED_TOWARD_COIN"": 0.6000000000000001, ""MOVED_TOWARD_SAFETY"": 21.30000000000003, ""MOVED_UP"": 0.0, ""OPPONENT_ELIMINATED"": 0.0, ""SAFE_BOMB_THREATENS_OPPONENT"": 0.5, ""STAYED_IN_DANGER"": -1.75, ""SURVIVED_ROUND"": 0.5, ""USELESS_BOMB"": -3.3000000000000016, ""WAITED"": -2.900000000000002}"
51,2,0,2,400,0.19433333333333336,24.520250000000004,2.0,28.110000000000035,-5.58975,66.91966666666661,-72.50941666666667,401,1,"{""BOMB_DROPPED"": 44, ""BOMB_EXPLODED"": 44, ""BOMB_NEXT_TO_CRATE"": 9, ""BOMB_WITH_NO_ESCAPE"": 1, ""COIN_COLLECTED"": 2, ""COIN_FOUND"": 3, ""CRATE_DESTROYED"": 22, ""ESCAPED_DANGER"": 44, ""INVALID_ACTION"": 1, ""MOVED_AWAY_FROM_COIN"": 14, ""MOVED_DOWN"": 49, ""MOVED_INTO_DANGER"": 2, ""MOVED_LEFT"": 55, ""MOVED_RIGHT"": 67, ""MOVED_TOWARD_COIN"": 11, ""MOVED_TOWARD_SAFETY"": 69, ""MOVED_UP"": 48, ""OPPONENT_ELIMINATED"": 2, ""SAFE_BOMB_THREATENS_OPPONENT"": 6, ""STAYED_IN_DANGER"": 10, ""SURVIVED_ROUND"": 1, ""USELESS_BOMB"": 28, ""WAITED"": 136}","{""BOMB_DROPPED"": 0.0, ""BOMB_EXPLODED"": 0.0, ""BOMB_NEXT_TO_CRATE"": 0.44999999999999996, ""BOMB_WITH_NO_ESCAPE"": -0.55, ""COIN_COLLECTED"": 2.0, ""COIN_FOUND"": 0.15000000000000002, ""CRATE_DESTROYED"": 2.2000000000000006, ""ESCAPED_DANGER"": 13.20000000000001, ""INVALID_ACTION"": -0.1, ""MOVED_AWAY_FROM_COIN"": -0.9800000000000004, ""MOVED_DOWN"": 0.0, ""MOVED_INTO_DANGER"": -0.7, ""MOVED_LEFT"": 0.0, ""MOVED_RIGHT"": 0.0, ""MOVED_TOWARD_COIN"": 0.6600000000000001, ""MOVED_TOWARD_SAFETY"": 20.700000000000028, ""MOVED_UP"": 0.0, ""OPPONENT_ELIMINATED"": 0.0, ""SAFE_BOMB_THREATENS_OPPONENT"": 0.6, ""STAYED_IN_DANGER"": -2.5, ""SURVIVED_ROUND"": 0.5, ""USELESS_BOMB"": -2.800000000000001, ""WAITED"": -2.720000000000002}"
52,0,0,0,400,0.19422,25.538249999999998,0,28.480000000000036,-2.9417500000000034,71.45691666666666,-74.39866666666666,401,1,"{""BOMB_DROPPED"": 45, ""BOMB_EXPLODED"": 45, ""BOMB_NEXT_TO_CRATE"": 11, ""COIN_FOUND"": 2, ""CRATE_DESTROYED"": 22, ""ESCAPED_DANGER"": 47, ""MOVED_AWAY_FROM_COIN"": 5, ""MOVED_DOWN"": 53, ""MOVED_INTO_DANGER"": 2, ""MOVED_LEFT"": 43, ""MOVED_RIGHT"": 43, ""MOVED_TOWARD_COIN"": 14, ""MOVED_TOWARD_SAFETY"": 67, ""MOVED_UP"": 53, ""OPPONENT_ELIMINATED"": 1, ""SAFE_BOMB_THREATENS_OPPONENT"": 2, ""STAYED_IN_DANGER"": 10, ""SURVIVED_ROUND"": 1, ""USELESS_BOMB"": 33, ""WAITED"": 163}","{""BOMB_DROPPED"": 0.0, ""BOMB_EXPLODED"": 0.0, ""BOMB_NEXT_TO_CRATE"": 0.5499999999999999, ""COIN_FOUND"": 0.1, ""CRATE_DESTROYED"": 2.2000000000000006, ""ESCAPED_DANGER"": 14.100000000000012, ""MOVED_AWAY_FROM_COIN"": -0.35000000000000003, ""MOVED_DOWN"": 0.0, ""MOVED_INTO_DANGER"": -0.7, ""MOVED_LEFT"": 0.0, ""MOVED_RIGHT"": 0.0, ""MOVED_TOWARD_COIN"": 0.8400000000000003, ""MOVED_TOWARD_SAFETY"": 20.100000000000026, ""MOVED_UP"": 0.0, ""OPPONENT_ELIMINATED"": 0.0, ""SAFE_BOMB_THREATENS_OPPONENT"": 0.2, ""STAYED_IN_DANGER"": -2.5, ""SURVIVED_ROUND"": 0.5, ""USELESS_BOMB"": -3.3000000000000016, ""WAITED"": -3.2600000000000025}"
53,0,1,5,400,0.19410666666666668,35.125999999999934,5.0,31.980000000000047,-1.8539999999999974,79.58774999999993,-81.44174999999986,401,1,"{""BOMB_DROPPED"": 52, ""BOMB_EXPLODED"": 51, ""BOMB_NEXT_TO_CRATE"": 6, ""CRATE_DESTROYED"": 12, ""ESCAPED_DANGER"": 54, ""INVALID_ACTION"": 1, ""KILLED_OPPONENT"": 1, ""MOVED_AWAY_FROM_COIN"": 3, ""MOVED_DOWN"": 52, ""MOVED_INTO_DANGER"": 2, ""MOVED_LEFT"": 39, ""MOVED_RIGHT"": 38, ""MOVED_TOWARD_COIN"": 5, ""MOVED_TOWARD_SAFETY"": 78, ""MOVED_UP"": 50, ""OPPONENT_ELIMINATED"": 3, ""SAFE_BOMB_THREATENS_OPPONENT"": 4, ""STAYED_IN_DANGER"": 7, ""SURVIVED_ROUND"": 1, ""USELESS_BOMB"": 42, ""WAITED"": 168}","{""BOMB_DROPPED"": 0.0, ""BOMB_EXPLODED"": 0.0, ""BOMB_NEXT_TO_CRATE"": 0.3, ""CRATE_DESTROYED"": 1.2, ""ESCAPED_DANGER"": 16.200000000000017, ""INVALID_ACTION"": -0.1, ""KILLED_OPPONENT"": 5.0, ""MOVED_AWAY_FROM_COIN"": -0.21000000000000002, ""MOVED_DOWN"": 0.0, ""MOVED_INTO_DANGER"": -0.7, ""MOVED_LEFT"": 0.0, ""MOVED_RIGHT"": 0.0, ""MOVED_TOWARD_COIN"": 0.3, ""MOVED_TOWARD_SAFETY"": 23.400000000000034, ""MOVED_UP"": 0.0, ""OPPONENT_ELIMINATED"": 0.0, ""SAFE_BOMB_THREATENS_OPPONENT"": 0.4, ""STAYED_IN_DANGER"": -1.75, ""SURVIVED_ROUND"": 0.5, ""USELESS_BOMB"": -4.200000000000001, ""WAITED"": -3.3600000000000025}"
54,1,0,1,400,0.19399333333333335,25.64299999999996,1.0,30.600000000000044,-5.957000000000009,83.55483333333335,-89.5118333333334,401,1,"{""BOMB_DROPPED"": 48, ""BOMB_EXPLODED"": 47, ""BOMB_NEXT_TO_CRATE"": 7, ""COIN_COLLECTED"": 1, ""COIN_FOUND"": 2, ""CRATE_DESTROYED"": 17, ""ESCAPED_DANGER"": 56, ""INVALID_ACTION"": 1, ""MOVED_AWAY_FROM_COIN"": 5, ""MOVED_DOWN"": 47, ""MOVED_INTO_DANGER"": 8, ""MOVED_LEFT"": 51, ""MOVED_RIGHT"": 50, ""MOVED_TOWARD_COIN"": 9, ""MOVED_TOWARD_SAFETY"": 74, ""MOVED_UP"": 61, ""OPPONENT_ELIMINATED"": 2, ""SAFE_BOMB_THREATENS_OPPONENT"": 3, ""STAYED_IN_DANGER"": 8, ""SURVIVED_ROUND"": 1, ""USELESS_BOMB"": 38, ""WAITED"": 142}","{""BOMB_DROPPED"": 0.0, ""BOMB_EXPLODED"": 0.0, ""BOMB_NEXT_TO_CRATE"": 0.35, ""COIN_COLLECTED"": 1.0, ""COIN_FOUND"": 0.1, ""CRATE_DESTROYED"": 1.7000000000000004, ""ESCAPED_DANGER"": 16.80000000000002, ""INVALID_ACTION"": -0.1, ""MOVED_AWAY_FROM_COIN"": -0.35000000000000003, ""MOVED_DOWN"": 0.0, ""MOVED_INTO_DANGER"": -2.8000000000000003, ""MOVED_LEFT"": 0.0, ""MOVED_RIGHT"": 0.0, ""MOVED_TOWARD_COIN"": 0.54, ""MOVED_TOWARD_SAFETY"": 22.20000000000003, ""MOVED_UP"": 0.0, ""OPPONENT_ELIMINATED"": 0.0, ""SAFE_BOMB_THREATENS_OPPONENT"": 0.30000000000000004, ""STAYED_IN_DANGER"": -2.0, ""SURVIVED_ROUND"": 0.5, ""USELESS_BOMB"": -3.800000000000002, ""WAITED"": -2.840000000000002}"
55,1,0,1,400,0.19388,25.402249999999952,1.0,31.600000000000044,-7.197750000000013,80.53958333333343,-87.73733333333337,401,1,"{""BOMB_DROPPED"": 46, ""BOMB_EXPLODED"": 46, ""BOMB_NEXT_TO_CRATE"": 10, ""COIN_COLLECTED"": 1, ""COIN_FOUND"": 3, ""CRATE_DESTROYED"": 22, ""ESCAPED_DANGER"": 54, ""MOVED_AWAY_FROM_COIN"": 9, ""MOVED_DOWN"": 40, ""MOVED_INTO_DANGER"": 9, ""MOVED_LEFT"": 49, ""MOVED_RIGHT"": 49, ""MOVED_TOWARD_COIN"": 9, ""MOVED_TOWARD_SAFETY"": 70, ""MOVED_UP"": 53, ""OPPONENT_ELIMINATED"": 2, ""SAFE_BOMB_THREATENS_OPPONENT"": 12, ""STAYED_IN_DANGER"": 5, ""SURVIVED_ROUND"": 1, ""USELESS_BOMB"": 24, ""WAITED"": 163}","{""BOMB_DROPPED"": 0.0, ""BOMB_EXPLODED"": 0.0, ""BOMB_NEXT_TO_CRATE"": 0.49999999999999994, ""COIN_COLLECTED"": 1.0, ""COIN_FOUND"": 0.15000000000000002, ""CRATE_DESTROYED"": 2.2000000000000006, ""ESCAPED_DANGER"": 16.200000000000017, ""MOVED_AWAY_FROM_COIN"": -0.6300000000000001, ""MOVED_DOWN"": 0.0, ""MOVED_INTO_DANGER"": -3.1500000000000004, ""MOVED_LEFT"": 0.0, ""MOVED_RIGHT"": 0.0, ""MOVED_TOWARD_COIN"": 0.54, ""MOVED_TOWARD_SAFETY"": 21.00000000000003, ""MOVED_UP"": 0.0, ""OPPONENT_ELIMINATED"": 0.0, ""SAFE_BOMB_THREATENS_OPPONENT"": 1.2, ""STAYED_IN_DANGER"": -1.25, ""SURVIVED_ROUND"": 0.5, ""USELESS_BOMB"": -2.400000000000001, ""WAITED"": -3.2600000000000025}"
56,0,0,0,400,0.1937666666666667,16.529500000000002,0,23.42000000000003,-6.89050000000001,76.5289166666667,-83.41941666666662,401,1,"{""BOMB_DROPPED"": 43, ""BOMB_EXPLODED"": 42, ""BOMB_NEXT_TO_CRATE"": 5, ""CRATE_DESTROYED"": 12, ""ESCAPED_DANGER"": 50, ""INVALID_ACTION"": 2, ""MOVED_AWAY_FROM_COIN"": 5, ""MOVED_DOWN"": 44, ""MOVED_INTO_DANGER"": 9, ""MOVED_LEFT"": 53, ""MOVED_RIGHT"": 51, ""MOVED_TOWARD_COIN"": 7, ""MOVED_TOWARD_SAFETY"": 59, ""MOVED_UP"": 52, ""OPPONENT_ELIMINATED"": 2, ""SAFE_BOMB_THREATENS_OPPONENT"": 10, ""SAFE_BOMB_TRAPS_OPPONENT"": 1, ""STAYED_IN_DANGER"": 13, ""SURVIVED_ROUND"": 1, ""USELESS_BOMB"": 28, ""WAITED"": 155}","{""BOMB_DROPPED"": 0.0, ""BOMB_EXPLODED"": 0.0, ""BOMB_NEXT_TO_CRATE"": 0.25, ""CRATE_DESTROYED"": 1.2, ""ESCAPED_DANGER"": 15.000000000000014, ""INVALID_ACTION"": -0.2, ""MOVED_AWAY_FROM_COIN"": -0.35000000000000003, ""MOVED_DOWN"": 0.0, ""MOVED_INTO_DANGER"": -3.1500000000000004, ""MOVED_LEFT"": 0.0, ""MOVED_RIGHT"": 0.0, ""MOVED_TOWARD_COIN"": 0.42, ""MOVED_TOWARD_SAFETY"": 17.70000000000002, ""MOVED_UP"": 0.0, ""OPPONENT_ELIMINATED"": 0.0, ""SAFE_BOMB_THREATENS_OPPONENT"": 0.9999999999999999, ""SAFE_BOMB_TRAPS_OPPONENT"": 0.2, ""STAYED_IN_DANGER"": -3.25, ""SURVIVED_ROUND"": 0.5, ""USELESS_BOMB"": -2.800000000000001, ""WAITED"": -3.1000000000000023}"
57,1,1,6,400,0.19365333333333334,32.09049999999996,6.0,30.640000000000036,-4.549500000000002,75.09241666666667,-79.64191666666665,401,1,"{""BOMB_DROPPED"": 48, ""BOMB_EXPLODED"": 48, ""BOMB_NEXT_TO_CRATE"": 8, ""COIN_COLLECTED"": 1, ""COIN_FOUND"": 1, ""CRATE_DESTROYED"": 17, ""ESCAPED_DANGER"": 48, ""KILLED_OPPONENT"": 1, ""MOVED_AWAY_FROM_COIN"": 4, ""MOVED_DOWN"": 43, ""MOVED_INTO_DANGER"": 1, ""MOVED_LEFT"": 48, ""MOVED_RIGHT"": 47, ""MOVED_TOWARD_COIN"": 5, ""MOVED_TOWARD_SAFETY"": 73, ""MOVED_UP"": 55, ""OPPONENT_ELIMINATED"": 1, ""SAFE_BOMB_THREATENS_OPPONENT"": 6, ""STAYED_IN_DANGER"": 8, ""SURVIVED_ROUND"": 1, ""USELESS_BOMB"": 34, ""WAITED"": 159}","{""BOMB_DROPPED"": 0.0, ""BOMB_EXPLODED"": 0.0, ""BOMB_NEXT_TO_CRATE"": 0.39999999999999997, ""COIN_COLLECTED"": 1.0, ""COIN_FOUND"": 0.05, ""CRATE_DESTROYED"": 1.7000000000000004, ""ESCAPED_DANGER"": 14.400000000000013, ""KILLED_OPPONENT"": 5.0, ""MOVED_AWAY_FROM_COIN"": -0.28, ""MOVED_DOWN"": 0.0, ""MOVED_INTO_DANGER"": -0.35, ""MOVED_LEFT"": 0.0, ""MOVED_RIGHT"": 0.0, ""MOVED_TOWARD_COIN"": 0.3, ""MOVED_TOWARD_SAFETY"": 21.90000000000003, ""MOVED_UP"": 0.0, ""OPPONENT_ELIMINATED"": 0.0, ""SAFE_BOMB_THREATENS_OPPONENT"": 0.6, ""STAYED_IN_DANGER"": -2.0, ""SURVIVED_ROUND"": 0.5, ""USELESS_BOMB"": -3.4000000000000017, ""WAITED"": -3.1800000000000024}"
58,0,0,0,133,0.19354000000000002,3.7972500000000062,0,5.429999999999996,-1.6327500000000015,27.319333333333322,-28.95208333333333,133,1,"{""BOMB_DROPPED"": 16, ""BOMB_EXPLODED"": 16, ""BOMB_NEXT_TO_CRATE"": 9, ""COIN_FOUND"": 1, ""CRATE_DESTROYED"": 20, ""ESCAPED_DANGER"": 17, ""GOT_KILLED"": 1, ""MOVED_DOWN"": 14, ""MOVED_INTO_DANGER"": 2, ""MOVED_LEFT"": 12, ""MOVED_RIGHT"": 10, ""MOVED_TOWARD_COIN"": 7, ""MOVED_TOWARD_SAFETY"": 22, ""MOVED_UP"": 19, ""OPPONENT_ELIMINATED"": 1, ""SAFE_BOMB_THREATENS_OPPONENT"": 1, ""STAYED_IN_DANGER"": 7, ""USELESS_BOMB"": 6, ""WAITED"": 62}","{""BOMB_DROPPED"": 0.0, ""BOMB_EXPLODED"": 0.0, ""BOMB_NEXT_TO_CRATE"": 0.44999999999999996, ""COIN_FOUND"": 0.05, ""CRATE_DESTROYED"": 2.0000000000000004, ""ESCAPED_DANGER"": 5.099999999999999, ""GOT_KILLED"": -5.0, ""MOVED_DOWN"": 0.0, ""MOVED_INTO_DANGER"": -0.7, ""MOVED_LEFT"": 0.0, ""MOVED_RIGHT"": 0.0, ""MOVED_TOWARD_COIN"": 0.42, ""MOVED_TOWARD_SAFETY"": 6.599999999999998, ""MOVED_UP"": 0.0, ""OPPONENT_ELIMINATED"": 0.0, ""SAFE_BOMB_THREATENS_OPPONENT"": 0.1, ""STAYED_IN_DANGER"": -1.75, ""USELESS_BOMB"": -0.6, ""WAITED"": -1.2400000000000007}"
59,3,0,3,400,0.1934266666666667,27.64299999999992,3.0,30.52000000000004,-5.877,70.13983333333341,-76.01683333333325,401,1,"{""BOMB_DROPPED"": 41, ""BOMB_EXPLODED"": 41, ""BOMB_NEXT_TO_CRATE"": 11, ""COIN_COLLECTED"": 3, ""COIN_FOUND"": 4, ""CRATE_DESTROYED"": 32, ""ESCAPED_DANGER"": 47, ""INVALID_ACTION"": 2, ""MOVED_AWAY_FROM_COIN"": 4, ""MOVED_DOWN"": 28, ""MOVED_INTO_DANGER"": 6, ""MOVED_LEFT"": 51, ""MOVED_RIGHT"": 63, ""MOVED_TOWARD_COIN"": 16, ""MOVED_TOWARD_SAFETY"": 65, ""MOVED_UP"": 42, ""OPPONENT_ELIMINATED"": 2, ""SAFE_BOMB_THREATENS_OPPONENT"": 7, ""STAYED_IN_DANGER"": 3, ""SURVIVED_ROUND"": 1, ""USELESS_BOMB"": 24, ""WAITED"": 173}","{""BOMB_DROPPED"": 0.0, ""BOMB_EXPLODED"": 0.0, ""BOMB_NEXT_TO_CRATE"": 0.5499999999999999, ""COIN_COLLECTED"": 3.0, ""COIN_FOUND"": 0.2, ""CRATE_DESTROYED"": 3.2000000000000015, ""ESCAPED_DANGER"": 14.100000000000012, ""INVALID_ACTION"": -0.2, ""MOVED_AWAY_FROM_COIN"": -0.28, ""MOVED_DOWN"": 0.0, ""MOVED_INTO_DANGER"": -2.1, ""MOVED_LEFT"": 0.0, ""MOVED_RIGHT"": 0.0, ""MOVED_TOWARD_COIN"": 0.9600000000000004, ""MOVED_TOWARD_SAFETY"": 19.500000000000025, ""MOVED_UP"": 0.0, ""OPPONENT_ELIMINATED"": 0.0, ""SAFE_BOMB_THREATENS_OPPONENT"": 0.7, ""STAYED_IN_DANGER"": -0.75, ""SURVIVED_ROUND"": 0.5, ""USELESS_BOMB"": -2.400000000000001, ""WAITED"": -3.4600000000000026}"
60,2,0,2,400,0.19331333333333334,20.974999999999948,2.0,24.190000000000033,-5.215000000000009,76.98466666666667,-82.1996666666667,401,1,"{""BOMB_DROPPED"": 45, ""BOMB_EXPLODED"": 45, ""BOMB_NEXT_TO_CRATE"": 9, ""COIN_COLLECTED"": 2, ""COIN_FOUND"": 2, ""CRATE_DESTROYED"": 17, ""ESCAPED_DANGER"": 53, ""INVALID_ACTION"": 2, ""MOVED_AWAY_FROM_COIN"": 7, ""MOVED_DOWN"": 41, ""MOVED_INTO_DANGER"": 10, ""MOVED_LEFT"": 54, ""MOVED_RIGHT"": 64, ""MOVED_TOWARD_COIN"": 9, ""MOVED_TOWARD_SAFETY"": 61, ""MOVED_UP"": 41, ""OPPONENT_ELIMINATED"": 2, ""SAFE_BOMB_THREATENS_OPPONENT"": 7, ""STAYED_IN_DANGER"": 15, ""SURVIVED_ROUND"": 1, ""USELESS_BOMB"": 30, ""WAITED"": 153}","{""BOMB_DROPPED"": 0.0, ""BOMB_EXPLODED"": 0.0, ""BOMB_NEXT_TO_CRATE"": 0.44999999999999996, ""COIN_COLLECTED"": 2.0, ""COIN_FOUND"": 0.1, ""CRATE_DESTROYED"": 1.7000000000000004, ""ESCAPED_DANGER"": 15.900000000000016, ""INVALID_ACTION"": -0.2, ""MOVED_AWAY_FROM_COIN"": -0.49000000000000005, ""MOVED_DOWN"": 0.0, ""MOVED_INTO_DANGER"": -3.5000000000000004, ""MOVED_LEFT"": 0.0, ""MOVED_RIGHT"": 0.0, ""MOVED_TOWARD_COIN"": 0.54, ""MOVED_TOWARD_SAFETY"": 18.300000000000022, ""MOVED_UP"": 0.0, ""OPPONENT_ELIMINATED"": 0.0, ""SAFE_BOMB_THREATENS_OPPONENT"": 0.7, ""STAYED_IN_DANGER"": -3.75, ""SURVIVED_ROUND"": 0.5, ""USELESS_BOMB"": -3.0000000000000013, ""WAITED"": -3.0600000000000023}"
61,1,0,1,400,0.1932,28.421499999999952,1.0,31.37000000000004,-3.9484999999999992,79.536,-83.48449999999995,401,1,"{""BOMB_DROPPED"": 49, ""BOMB_EXPLODED"": 49, ""BOMB_NEXT_TO_CRATE"": 10, ""COIN_COLLECTED"": 1, ""COIN_FOUND"": 2, ""CRATE_DESTROYED"": 18, ""ESCAPED_DANGER"": 52, ""MOVED_AWAY_FROM_COIN"": 1, ""MOVED_DOWN"": 44, ""MOVED_INTO_DANGER"": 3, ""MOVED_LEFT"": 51, ""MOVED_RIGHT"": 47, ""MOVED_TOWARD_COIN"": 10, ""MOVED_TOWARD_SAFETY"": 74, ""MOVED_UP"": 56, ""OPPONENT_ELIMINATED"": 1, ""SAFE_BOMB_THREATENS_OPPONENT"": 5, ""STAYED_IN_DANGER"": 11, ""SURVIVED_ROUND"": 1, ""USELESS_BOMB"": 35, ""WAITED"": 153}","{""BOMB_DROPPED"": 0.0, ""BOMB_EXPLODED"": 0.0, ""BOMB_NEXT_TO_CRATE"": 0.49999999999999994, ""COIN_COLLECTED"": 1.0, ""COIN_FOUND"": 0.1, ""CRATE_DESTROYED"": 1.8000000000000005, ""ESCAPED_DANGER"": 15.600000000000016, ""MOVED_AWAY_FROM_COIN"": -0.07, ""MOVED_DOWN"": 0.0, ""MOVED_INTO_DANGER"": -1.0499999999999998, ""MOVED_LEFT"": 0.0, ""MOVED_RIGHT"": 0.0, ""MOVED_TOWARD_COIN"": 0.6000000000000001, ""MOVED_TOWARD_SAFETY"": 22.20000000000003, ""MOVED_UP"": 0.0, ""OPPONENT_ELIMINATED"": 0.0, ""SAFE_BOMB_THREATENS_OPPONENT"": 0.5, ""STAYED_IN_DANGER"": -2.75, ""SURVIVED_ROUND"": 0.5, ""USELESS_BOMB"": -3.5000000000000018, ""WAITED"": -3.0600000000000023}"
62,0,1,5,400,0.19308666666666668,30.72774999999997,5.0,31.22000000000005,-5.492250000000002,85.4918333333334,-90.98408333333332,401,1,"{""BOMB_DROPPED"": 50, ""BOMB_EXPLODED"": 50, ""BOMB_NEXT_TO_CRATE"": 6, ""COIN_FOUND"": 2, ""CRATE_DESTROYED"": 16, ""ESCAPED_DANGER"": 57, ""KILLED_OPPONENT"": 1, ""MOVED_AWAY_FROM_COIN"": 7, ""MOVED_DOWN"": 46, ""MOVED_INTO_DANGER"": 7, ""MOVED_LEFT"": 39, ""MOVED_RIGHT"": 52, ""MOVED_TOWARD_COIN"": 5, ""MOVED_TOWARD_SAFETY"": 77, ""MOVED_UP"": 46, ""OPPONENT_ELIMINATED"": 2, ""SAFE_BOMB_THREATENS_OPPONENT"": 7, ""STAYED_IN_DANGER"": 10, ""SURVIVED_ROUND"": 1, ""USELESS_BOMB"": 37, ""WAITED"": 167}","{""BOMB_DROPPED"": 0.0, ""BOMB_EXPLODED"": 0.0, ""BOMB_NEXT_TO_CRATE"": 0.3, ""COIN_FOUND"": 0.1, ""CRATE_DESTROYED"": 1.6000000000000003, ""ESCAPED_DANGER"": 17.10000000000002, ""KILLED_OPPONENT"": 5.0, ""MOVED_AWAY_FROM_COIN"": -0.49000000000000005, ""MOVED_DOWN"": 0.0, ""MOVED_INTO_DANGER"": -2.45, ""MOVED_LEFT"": 0.0, ""MOVED_RIGHT"": 0.0, ""MOVED_TOWARD_COIN"": 0.3, ""MOVED_TOWARD_SAFETY"": 23.100000000000033, ""MOVED_UP"": 0.0, ""OPPONENT_ELIMINATED"": 0.0, ""SAFE_BOMB_THREATENS_OPPONENT"": 0.7, ""STAYED_IN_DANGER"": -2.5, ""SURVIVED_ROUND"": 0.5, ""USELESS_BOMB"": -3.700000000000002, ""WAITED"": -3.3400000000000025}"
63,0,0,0,400,0.19297333333333336,24.073750000000004,0,28.45000000000004,-4.376250000000003,75.80666666666664,-80.1829166666667,401,1,"{""BOMB_DROPPED"": 46, ""BOMB_EXPLODED"": 45, ""BOMB_NEXT_TO_CRATE"": 8, ""COIN_FOUND"": 1, ""CRATE_DESTROYED"": 15, ""ESCAPED_DANGER"": 50, ""MOVED_AWAY_FROM_COIN"": 15, ""MOVED_DOWN"": 42, ""MOVED_INTO_DANGER"": 5, ""MOVED_LEFT"": 54, ""MOVED_RIGHT"": 54, ""MOVED_TOWARD_COIN"": 6, ""MOVED_TOWARD_SAFETY"": 71, ""MOVED_UP"": 56, ""OPPONENT_ELIMINATED"": 1, ""SAFE_BOMB_THREATENS_OPPONENT"": 2, ""STAYED_IN_DANGER"": 6, ""SURVIVED_ROUND"": 1, ""USELESS_BOMB"": 36, ""WAITED"": 148}","{""BOMB_DROPPED"": 0.0, ""BOMB_EXPLODED"": 0.0, ""BOMB_NEXT_TO_CRATE"": 0.39999999999999997, ""COIN_FOUND"": 0.05, ""CRATE_DESTROYED"": 1.5000000000000002, ""ESCAPED_DANGER"": 15.000000000000014, ""MOVED_AWAY_FROM_COIN"": -1.0500000000000005, ""MOVED_DOWN"": 0.0, ""MOVED_INTO_DANGER"": -1.75, ""MOVED_LEFT"": 0.0, ""MOVED_RIGHT"": 0.0, ""MOVED_TOWARD_COIN"": 0.36, ""MOVED_TOWARD_SAFETY"": 21.30000000000003, ""MOVED_UP"": 0.0, ""OPPONENT_ELIMINATED"": 0.0, ""SAFE_BOMB_THREATENS_OPPONENT"": 0.2, ""STAYED_IN_DANGER"": -1.5, ""SURVIVED_ROUND"": 0.5, ""USELESS_BOMB"": -3.600000000000002, ""WAITED"": -2.960000000000002}"
64,0,0,0,400,0.19286,23.995500000000003,0,27.59000000000004,-3.5945000000000022,76.2348333333333,-79.82933333333334,401,1,"{""BOMB_DROPPED"": 48, ""BOMB_EXPLODED"": 48, ""BOMB_NEXT_TO_CRATE"": 8, ""CRATE_DESTROYED"": 22, ""ESCAPED_DANGER"": 51, ""INVALID_ACTION"": 1, ""MOVED_AWAY_FROM_COIN"": 1, ""MOVED_DOWN"": 49, ""MOVED_INTO_DANGER"": 5, ""MOVED_LEFT"": 45, ""MOVED_RIGHT"": 58, ""MOVED_TOWARD_COIN"": 5, ""MOVED_TOWARD_SAFETY"": 70, ""MOVED_UP"": 47, ""OPPONENT_ELIMINATED"": 1, ""SAFE_BOMB_THREATENS_OPPONENT"": 3, ""STAYED_IN_DANGER"": 15, ""SURVIVED_ROUND"": 1, ""USELESS_BOMB"": 37, ""WAITED"": 152}","{""BOMB_DROPPED"": 0.0, ""BOMB_EXPLODED"": 0.0, ""BOMB_NEXT_TO_CRATE"": 0.39999999999999997, ""CRATE_DESTROYED"": 2.2000000000000006, ""ESCAPED_DANGER"": 15.300000000000015, ""INVALID_ACTION"": -0.1, ""MOVED_AWAY_FROM_COIN"": -0.07, ""MOVED_DOWN"": 0.0, ""MOVED_INTO_DANGER"": -1.75, ""MOVED_LEFT"": 0.0, ""MOVED_RIGHT"": 0.0, ""MOVED_TOWARD_COIN"": 0.3, ""MOVED_TOWARD_SAFETY"": 21.00000000000003, ""MOVED_UP"": 0.0, ""OPPONENT_ELIMINATED"": 0.0, ""SAFE_BOMB_THREATENS_OPPONENT"": 0.30000000000000004, ""STAYED_IN_DANGER"": -3.75, ""SURVIVED_ROUND"": 0.5, ""USELESS_BOMB"": -3.700000000000002, ""WAITED"": -3.0400000000000023}"
65,0,0,0,400,0.19274666666666668,29.391999999999978,0,33.89000000000005,-4.498000000000006,79.82441666666658,-84.32241666666664,401,1,"{""BOMB_DROPPED"": 52, ""BOMB_EXPLODED"": 51, ""BOMB_NEXT_TO_CRATE"": 8, ""COIN_FOUND"": 1, ""CRATE_DESTROYED"": 14, ""ESCAPED_DANGER"": 53, ""MOVED_AWAY_FROM_COIN"": 12, ""MOVED_DOWN"": 43, ""MOVED_INTO_DANGER"": 1, ""MOVED_LEFT"": 44, ""MOVED_RIGHT"": 57, ""MOVED_TOWARD_COIN"": 10, ""MOVED_TOWARD_SAFETY"": 80, ""MOVED_UP"": 43, ""OPPONENT_ELIMINATED"": 1, ""SAFE_BOMB_THREATENS_OPPONENT"": 3, ""STAYED_IN_DANGER"": 3, ""SURVIVED_ROUND"": 1, ""USELESS_BOMB"": 41, ""WAITED"": 161}","{""BOMB_DROPPED"": 0.0, ""BOMB_EXPLODED"": 0.0, ""BOMB_NEXT_TO_CRATE"": 0.39999999999999997, ""COIN_FOUND"": 0.05, ""CRATE_DESTROYED"": 1.4000000000000001, ""ESCAPED_DANGER"": 15.900000000000016, ""MOVED_AWAY_FROM_COIN"": -0.8400000000000003, ""MOVED_DOWN"": 0.0, ""MOVED_INTO_DANGER"": -0.35, ""MOVED_LEFT"": 0.0, ""MOVED_RIGHT"": 0.0, ""MOVED_TOWARD_COIN"": 0.6000000000000001, ""MOVED_TOWARD_SAFETY"": 24.000000000000036, ""MOVED_UP"": 0.0, ""OPPONENT_ELIMINATED"": 0.0, ""SAFE_BOMB_THREATENS_OPPONENT"": 0.30000000000000004, ""STAYED_IN_DANGER"": -0.75, ""SURVIVED_ROUND"": 0.5, ""USELESS_BOMB"": -4.100000000000001, ""WAITED"": -3.2200000000000024}"
66,0,0,0,400,0.19263333333333335,20.94624999999996,0,27.480000000000036,-6.533750000000008,77.9505,-84.48425000000003,401,1,"{""BOMB_DROPPED"": 44, ""BOMB_EXPLODED"": 43, ""BOMB_NEXT_TO_CRATE"": 8, ""COIN_FOUND"": 1, ""CRATE_DESTROYED"": 17, ""ESCAPED_DANGER"": 52, ""MOVED_AWAY_FROM_COIN"": 2, ""MOVED_DOWN"": 41, ""MOVED_INTO_DANGER"": 8, ""MOVED_LEFT"": 56, ""MOVED_RIGHT"": 56, ""MOVED_TOWARD_COIN"": 5, ""MOVED_TOWARD_SAFETY"": 66, ""MOVED_UP"": 54, ""OPPONENT_ELIMINATED"": 2, ""SAFE_BOMB_THREATENS_OPPONENT"": 5, ""STAYED_IN_DANGER"": 9, ""SURVIVED_ROUND"": 1, ""USELESS_BOMB"": 32, ""WAITED"": 149}","{""BOMB_DROPPED"": 0.0, ""BOMB_EXPLODED"": 0.0, ""BOMB_NEXT_TO_CRATE"": 0.39999999999999997, ""COIN_FOUND"": 0.05, ""CRATE_DESTROYED"": 1.7000000000000004, ""ESCAPED_DANGER"": 15.600000000000016, ""MOVED_AWAY_FROM_COIN"": -0.14, ""MOVED_DOWN"": 0.0, ""MOVED_INTO_DANGER"": -2.8000000000000003, ""MOVED_LEFT"": 0.0, ""MOVED_RIGHT"": 0.0, ""MOVED_TOWARD_COIN"": 0.3, ""MOVED_TOWARD_SAFETY"": 19.800000000000026, ""MOVED_UP"": 0.0, ""OPPONENT_ELIMINATED"": 0.0, ""SAFE_BOMB_THREATENS_OPPONENT"": 0.5, ""STAYED_IN_DANGER"": -2.25, ""SURVIVED_ROUND"": 0.5, ""USELESS_BOMB"": -3.2000000000000015, ""WAITED"": -2.980000000000002}"
67,0,0,0,400,0.19252,21.08874999999998,0,27.51000000000004,-6.421250000000001,85.65333333333338,-92.0745833333333,401,1,"{""BOMB_DROPPED"": 48, ""BOMB_EXPLODED"": 48, ""BOMB_NEXT_TO_CRATE"": 12, ""COIN_FOUND"": 4, ""CRATE_DESTROYED"": 27, ""ESCAPED_DANGER"": 59, ""INVALID_ACTION"": 2, ""MOVED_AWAY_FROM_COIN"": 5, ""MOVED_DOWN"": 34, ""MOVED_INTO_DANGER"": 12, ""MOVED_LEFT"": 41, ""MOVED_RIGHT"": 55, ""MOVED_TOWARD_COIN"": 4, ""MOVED_TOWARD_SAFETY"": 63, ""MOVED_UP"": 46, ""OPPONENT_ELIMINATED"": 2, ""SAFE_BOMB_THREATENS_OPPONENT"": 5, ""STAYED_IN_DANGER"": 10, ""SURVIVED_ROUND"": 1, ""USELESS_BOMB"": 31, ""WAITED"": 174}","{""BOMB_DROPPED"": 0.0, ""BOMB_EXPLODED"": 0.0, ""BOMB_NEXT_TO_CRATE"": 0.6, ""COIN_FOUND"": 0.2, ""CRATE_DESTROYED"": 2.700000000000001, ""ESCAPED_DANGER"": 17.70000000000002, ""INVALID_ACTION"": -0.2, ""MOVED_AWAY_FROM_COIN"": -0.35000000000000003, ""MOVED_DOWN"": 0.0, ""MOVED_INTO_DANGER"": -4.2, ""MOVED_LEFT"": 0.0, ""MOVED_RIGHT"": 0.0, ""MOVED_TOWARD_COIN"": 0.24, ""MOVED_TOWARD_SAFETY"": 18.900000000000023, ""MOVED_UP"": 0.0, ""OPPONENT_ELIMINATED"": 0.0, ""SAFE_BOMB_THREATENS_OPPONENT"": 0.5, ""STAYED_IN_DANGER"": -2.5, ""SURVIVED_ROUND"": 0.5, ""USELESS_BOMB"": -3.1000000000000014, ""WAITED"": -3.4800000000000026}"
68,0,0,0,400,0.19240666666666667,22.245249999999977,0,28.330000000000044,-6.084750000000007,80.65283333333333,-86.73758333333333,401,1,"{""BOMB_DROPPED"": 48, ""BOMB_EXPLODED"": 47, ""BOMB_NEXT_TO_CRATE"": 6, ""COIN_FOUND"": 2, ""CRATE_DESTROYED"": 11, ""ESCAPED_DANGER"": 54, ""MOVED_AWAY_FROM_COIN"": 9, ""MOVED_DOWN"": 41, ""MOVED_INTO_DANGER"": 7, ""MOVED_LEFT"": 52, ""MOVED_RIGHT"": 52, ""MOVED_TOWARD_COIN"": 10, ""MOVED_TOWARD_SAFETY"": 73, ""MOVED_UP"": 55, ""OPPONENT_ELIMINATED"": 1, ""SAFE_BOMB_THREATENS_OPPONENT"": 1, ""STAYED_IN_DANGER"": 9, ""SURVIVED_ROUND"": 1, ""USELESS_BOMB"": 41, ""WAITED"": 152}","{""BOMB_DROPPED"": 0.0, ""BOMB_EXPLODED"": 0.0, ""BOMB_NEXT_TO_CRATE"": 0.3, ""COIN_FOUND"": 0.1, ""CRATE_DESTROYED"": 1.0999999999999999, ""ESCAPED_DANGER"": 16.200000000000017, ""MOVED_AWAY_FROM_COIN"": -0.6300000000000001, ""MOVED_DOWN"": 0.0, ""MOVED_INTO_DANGER"": -2.45, ""MOVED_LEFT"": 0.0, ""MOVED_RIGHT"": 0.0, ""MOVED_TOWARD_COIN"": 0.6000000000000001, ""MOVED_TOWARD_SAFETY"": 21.90000000000003, ""MOVED_UP"": 0.0, ""OPPONENT_ELIMINATED"": 0.0, ""SAFE_BOMB_THREATENS_OPPONENT"": 0.1, ""STAYED_IN_DANGER"": -2.25, ""SURVIVED_ROUND"": 0.5, ""USELESS_BOMB"": -4.100000000000001, ""WAITED"": -3.0400000000000023}"
69,1,0,1,400,0.19229333333333334,22.84174999999995,1.0,28.980000000000036,-7.13825000000001,74.17350000000003,-81.31175000000003,401,1,"{""BOMB_DROPPED"": 51, ""BOMB_EXPLODED"": 50, ""BOMB_NEXT_TO_CRATE"": 11, ""COIN_COLLECTED"": 1, ""COIN_FOUND"": 2, ""CRATE_DESTROYED"": 25, ""ESCAPED_DANGER"": 51, ""MOVED_AWAY_FROM_COIN"": 9, ""MOVED_DOWN"": 44, ""MOVED_INTO_DANGER"": 1, ""MOVED_LEFT"": 39, ""MOVED_RIGHT"": 52, ""MOVED_TOWARD_COIN"": 16, ""MOVED_TOWARD_SAFETY"": 61, ""MOVED_UP"": 44, ""OPPONENT_ELIMINATED"": 2, ""SAFE_BOMB_THREATENS_OPPONENT"": 12, ""STAYED_IN_DANGER"": 13, ""SURVIVED_ROUND"": 1, ""USELESS_BOMB"": 28, ""WAITED"": 170}","{""BOMB_DROPPED"": 0.0, ""BOMB_EXPLODED"": 0.0, ""BOMB_NEXT_TO_CRATE"": 0.5499999999999999, ""COIN_COLLECTED"": 1.0, ""COIN_FOUND"": 0.1, ""CRATE_DESTROYED"": 2.500000000000001, ""ESCAPED_DANGER"": 15.300000000000015, ""MOVED_AWAY_FROM_COIN"": -0.6300000000000001, ""MOVED_DOWN"": 0.0, ""MOVED_INTO_DANGER"": -0.35, ""MOVED_LEFT"": 0.0, ""MOVED_RIGHT"": 0.0, ""MOVED_TOWARD_COIN"": 0.9600000000000004, ""MOVED_TOWARD_SAFETY"": 18.300000000000022, ""MOVED_UP"": 0.0, ""OPPONENT_ELIMINATED"": 0.0, ""SAFE_BOMB_THREATENS_OPPONENT"": 1.2, ""STAYED_IN_DANGER"": -3.25, ""SURVIVED_ROUND"": 0.5, ""USELESS_BOMB"": -2.800000000000001, ""WAITED"": -3.4000000000000026}"
70,0,0,0,400,0.19218,22.93199999999993,0,30.05000000000004,-7.118000000000014,77.15691666666665,-84.27491666666668,401,1,"{""BOMB_DROPPED"": 47, ""BOMB_EXPLODED"": 46, ""BOMB_NEXT_TO_CRATE"": 14, ""COIN_FOUND"": 1, ""CRATE_DESTROYED"": 28, ""ESCAPED_DANGER"": 53, ""INVALID_ACTION"": 2, ""MOVED_AWAY_FROM_COIN"": 7, ""MOVED_DOWN"": 34, ""MOVED_INTO_DANGER"": 7, ""MOVED_LEFT"": 53, ""MOVED_RIGHT"": 55, ""MOVED_TOWARD_COIN"": 11, ""MOVED_TOWARD_SAFETY"": 65, ""MOVED_UP"": 48, ""OPPONENT_ELIMINATED"": 2, ""SAFE_BOMB_THREATENS_OPPONENT"": 12, ""STAYED_IN_DANGER"": 10, ""SURVIVED_ROUND"": 1, ""USELESS_BOMB"": 24, ""WAITED"": 161}","{""BOMB_DROPPED"": 0.0, ""BOMB_EXPLODED"": 0.0, ""BOMB_NEXT_TO_CRATE"": 0.7000000000000001, ""COIN_FOUND"": 0.05, ""CRATE_DESTROYED"": 2.800000000000001, ""ESCAPED_DANGER"": 15.900000000000016, ""INVALID_ACTION"": -0.2, ""MOVED_AWAY_FROM_COIN"": -0.49000000000000005, ""MOVED_DOWN"": 0.0, ""MOVED_INTO_DANGER"": -2.45, ""MOVED_LEFT"": 0.0, ""MOVED_RIGHT"": 0.0, ""MOVED_TOWARD_COIN"": 0.6600000000000001, ""MOVED_TOWARD_SAFETY"": 19.500000000000025, ""MOVED_UP"": 0.0, ""OPPONENT_ELIMINATED"": 0.0, ""SAFE_BOMB_THREATENS_OPPONENT"": 1.2, ""STAYED_IN_DANGER"": -2.5, ""SURVIVED_ROUND"": 0.5, ""USELESS_BOMB"": -2.400000000000001, ""WAITED"": -3.2200000000000024}"
71,1,0,1,400,0.1920666666666667,24.798749999999995,1.0,28.420000000000037,-4.621250000000007,78.63516666666663,-83.25641666666667,401,1,"{""BOMB_DROPPED"": 50, ""BOMB_EXPLODED"": 49, ""BOMB_NEXT_TO_CRATE"": 9, ""COIN_COLLECTED"": 1, ""COIN_FOUND"": 2, ""CRATE_DESTROYED"": 18, ""ESCAPED_DANGER"": 52, ""INVALID_ACTION"": 1, ""MOVED_AWAY_FROM_COIN"": 6, ""MOVED_DOWN"": 40, ""MOVED_INTO_DANGER"": 3, ""MOVED_LEFT"": 45, ""MOVED_RIGHT"": 45, ""MOVED_TOWARD_COIN"": 9, ""MOVED_TOWARD_SAFETY"": 66, ""MOVED_UP"": 54, ""OPPONENT_ELIMINATED"": 1, ""SAFE_BOMB_THREATENS_OPPONENT"": 3, ""STAYED_IN_DANGER"": 8, ""SURVIVED_ROUND"": 1, ""USELESS_BOMB"": 38, ""WAITED"": 165}","{""BOMB_DROPPED"": 0.0, ""BOMB_EXPLODED"": 0.0, ""BOMB_NEXT_TO_CRATE"": 0.44999999999999996, ""COIN_COLLECTED"": 1.0, ""COIN_FOUND"": 0.1, ""CRATE_DESTROYED"": 1.8000000000000005, ""ESCAPED_DANGER"": 15.600000000000016, ""INVALID_ACTION"": -0.1, ""MOVED_AWAY_FROM_COIN"": -0.42000000000000004, ""MOVED_DOWN"": 0.0, ""MOVED_INTO_DANGER"": -1.0499999999999998, ""MOVED_LEFT"": 0.0, ""MOVED_RIGHT"": 0.0, ""MOVED_TOWARD_COIN"": 0.54, ""MOVED_TOWARD_SAFETY"": 19.800000000000026, ""MOVED_UP"": 0.0, ""OPPONENT_ELIMINATED"": 0.0, ""SAFE_BOMB_THREATENS_OPPONENT"": 0.30000000000000004, ""STAYED_IN_DANGER"": -2.0, ""SURVIVED_ROUND"": 0.5, ""USELESS_BOMB"": -3.800000000000002, ""WAITED"": -3.3000000000000025}"
72,0,0,0,400,0.19195333333333334,20.31874999999997,0,26.720000000000027,-6.40125000000001,66.5560833333334,-72.95733333333332,401,1,"{""BOMB_DROPPED"": 41, ""BOMB_EXPLODED"": 41, ""BOMB_NEXT_TO_CRATE"": 10, ""COIN_FOUND"": 2, ""CRATE_DESTROYED"": 20, ""ESCAPED_DANGER"": 44, ""INVALID_ACTION"": 2, ""MOVED_AWAY_FROM_COIN"": 23, ""MOVED_DOWN"": 51, ""MOVED_INTO_DANGER"": 4, ""MOVED_LEFT"": 52, ""MOVED_RIGHT"": 51, ""MOVED_TOWARD_COIN"": 46, ""MOVED_TOWARD_SAFETY"": 57, ""MOVED_UP"": 49, ""OPPONENT_ELIMINATED"": 2, ""SAFE_BOMB_THREATENS_OPPONENT"": 9, ""STAYED_IN_DANGER"": 7, ""SURVIVED_ROUND"": 1, ""USELESS_BOMB"": 23, ""WAITED"": 154}","{""BOMB_DROPPED"": 0.0, ""BOMB_EXPLODED"": 0.0, ""BOMB_NEXT_TO_CRATE"": 0.49999999999999994, ""COIN_FOUND"": 0.1, ""CRATE_DESTROYED"": 2.0000000000000004, ""ESCAPED_DANGER"": 13.20000000000001, ""INVALID_ACTION"": -0.2, ""MOVED_AWAY_FROM_COIN"": -1.610000000000001, ""MOVED_DOWN"": 0.0, ""MOVED_INTO_DANGER"": -1.4, ""MOVED_LEFT"": 0.0, ""MOVED_RIGHT"": 0.0, ""MOVED_TOWARD_COIN"": 2.760000000000002, ""MOVED_TOWARD_SAFETY"": 17.10000000000002, ""MOVED_UP"": 0.0, ""OPPONENT_ELIMINATED"": 0.0, ""SAFE_BOMB_THREATENS_OPPONENT"": 0.8999999999999999, ""STAYED_IN_DANGER"": -1.75, ""SURVIVED_ROUND"": 0.5, ""USELESS_BOMB"": -2.3000000000000007, ""WAITED"": -3.0800000000000023}"
73,0,0,0,400,0.19184,12.411000000000014,0,18.100000000000023,-5.689000000000008,74.90708333333335,-80.59608333333325,401,1,"{""BOMB_DROPPED"": 40, ""BOMB_EXPLODED"": 40, ""BOMB_NEXT_TO_CRATE"": 2, ""CRATE_DESTROYED"": 5, ""ESCAPED_DANGER"": 51, ""MOVED_AWAY_FROM_COIN"": 3, ""MOVED_DOWN"": 36, ""MOVED_INTO_DANGER"": 11, ""MOVED_LEFT"": 61, ""MOVED_RIGHT"": 61, ""MOVED_TOWARD_COIN"": 5, ""MOVED_TOWARD_SAFETY"": 50, ""MOVED_UP"": 35, ""OPPONENT_ELIMINATED"": 2, ""SAFE_BOMB_THREATENS_OPPONENT"": 3, ""STAYED_IN_DANGER"": 12, ""SURVIVED_ROUND"": 1, ""USELESS_BOMB"": 35, ""WAITED"": 167}","{""BOMB_DROPPED"": 0.0, ""BOMB_EXPLODED"": 0.0, ""BOMB_NEXT_TO_CRATE"": 0.1, ""CRATE_DESTROYED"": 0.5, ""ESCAPED_DANGER"": 15.300000000000015, ""MOVED_AWAY_FROM_COIN"": -0.21000000000000002, ""MOVED_DOWN"": 0.0, ""MOVED_INTO_DANGER"": -3.8500000000000005, ""MOVED_LEFT"": 0.0, ""MOVED_RIGHT"": 0.0, ""MOVED_TOWARD_COIN"": 0.3, ""MOVED_TOWARD_SAFETY"": 15.000000000000014, ""MOVED_UP"": 0.0, ""OPPONENT_ELIMINATED"": 0.0, ""SAFE_BOMB_THREATENS_OPPONENT"": 0.30000000000000004, ""STAYED_IN_DANGER"": -3.0, ""SURVIVED_ROUND"": 0.5, ""USELESS_BOMB"": -3.5000000000000018, ""WAITED"": -3.3400000000000025}"
74,0,0,0,400,0.19172666666666668,26.14349999999996,0,30.490000000000045,-4.346500000000004,81.13091666666669,-85.47741666666676,401,1,"{""BOMB_DROPPED"": 52, ""BOMB_EXPLODED"": 51, ""BOMB_NEXT_TO_CRATE"": 8, ""CRATE_DESTROYED"": 22, ""ESCAPED_DANGER"": 56, ""MOVED_AWAY_FROM_COIN"": 2, ""MOVED_DOWN"": 44, ""MOVED_INTO_DANGER"": 4, ""MOVED_LEFT"": 39, ""MOVED_RIGHT"": 52, ""MOVED_TOWARD_COIN"": 6, ""MOVED_TOWARD_SAFETY"": 70, ""MOVED_UP"": 44, ""OPPONENT_ELIMINATED"": 3, ""SAFE_BOMB_THREATENS_OPPONENT"": 4, ""STAYED_IN_DANGER"": 9, ""SURVIVED_ROUND"": 1, ""USELESS_BOMB"": 40, ""WAITED"": 169}","{""BOMB_DROPPED"": 0.0, ""BOMB_EXPLODED"": 0.0, ""BOMB_NEXT_TO_CRATE"": 0.39999999999999997, ""CRATE_DESTROYED"": 2.2000000000000006, ""ESCAPED_DANGER"": 16.80000000000002, ""MOVED_AWAY_FROM_COIN"": -0.14, ""MOVED_DOWN"": 0.0, ""MOVED_INTO_DANGER"": -1.4, ""MOVED_LEFT"": 0.0, ""MOVED_RIGHT"": 0.0, ""MOVED_TOWARD_COIN"": 0.36, ""MOVED_TOWARD_SAFETY"": 21.00000000000003, ""MOVED_UP"": 0.0, ""OPPONENT_ELIMINATED"": 0.0, ""SAFE_BOMB_THREATENS_OPPONENT"": 0.4, ""STAYED_IN_DANGER"": -2.25, ""SURVIVED_ROUND"": 0.5, ""USELESS_BOMB"": -4.000000000000002, ""WAITED"": -3.3800000000000026}"
75,0,1,5,400,0.19161333333333333,24.187249999999956,5.0,24.40000000000003,-5.212750000000003,74.09775000000002,-79.31049999999998,401,1,"{""BOMB_DROPPED"": 48, ""BOMB_EXPLODED"": 48, ""BOMB_NEXT_TO_CRATE"": 8, ""COIN_FOUND"": 1, ""CRATE_DESTROYED"": 17, ""ESCAPED_DANGER"": 50, ""INVALID_ACTION"": 1, ""KILLED_OPPONENT"": 1, ""MOVED_AWAY_FROM_COIN"": 3, ""MOVED_DOWN"": 39, ""MOVED_INTO_DANGER"": 2, ""MOVED_LEFT"": 47, ""MOVED_RIGHT"": 60, ""MOVED_TOWARD_COIN"": 12, ""MOVED_TOWARD_SAFETY"": 56, ""MOVED_UP"": 37, ""OPPONENT_ELIMINATED"": 2, ""SAFE_BOMB_THREATENS_OPPONENT"": 6, ""STAYED_IN_DANGER"": 14, ""SURVIVED_ROUND"": 1, ""USELESS_BOMB"": 35, ""WAITED"": 168}","{""BOMB_DROPPED"": 0.0, ""BOMB_EXPLODED"": 0.0, ""BOMB_NEXT_TO_CRATE"": 0.39999999999999997, ""COIN_FOUND"": 0.05, ""CRATE_DESTROYED"": 1.7000000000000004, ""ESCAPED_DANGER"": 15.000000000000014, ""INVALID_ACTION"": -0.1, ""KILLED_OPPONENT"": 5.0, ""MOVED_AWAY_FROM_COIN"": -0.21000000000000002, ""MOVED_DOWN"": 0.0, ""MOVED_INTO_DANGER"": -0.7, ""MOVED_LEFT"": 0.0, ""MOVED_RIGHT"": 0.0, ""MOVED_TOWARD_COIN"": 0.7200000000000002, ""MOVED_TOWARD_SAFETY"": 16.80000000000002, ""MOVED_UP"": 0.0, ""OPPONENT_ELIMINATED"": 0.0, ""SAFE_BOMB_THREATENS_OPPONENT"": 0.6, ""STAYED_IN_DANGER"": -3.5, ""SURVIVED_ROUND"": 0.5, ""USELESS_BOMB"": -3.5000000000000018, ""WAITED"": -3.3600000000000025}"
76,1,0,1,400,0.1915,28.088249999999928,1.0,33.90000000000005,-6.811750000000007,80.99983333333338,-87.81158333333339,401,1,"{""BOMB_DROPPED"": 50, ""BOMB_EXPLODED"": 49, ""BOMB_NEXT_TO_CRATE"": 9, ""COIN_COLLECTED"": 1, ""COIN_FOUND"": 2, ""CRATE_DESTROYED"": 20, ""ESCAPED_DANGER"": 54, ""INVALID_ACTION"": 2, ""MOVED_AWAY_FROM_COIN"": 7, ""MOVED_DOWN"": 45, ""MOVED_INTO_DANGER"": 4, ""MOVED_LEFT"": 41, ""MOVED_RIGHT"": 40, ""MOVED_TOWARD_COIN"": 20, ""MOVED_TOWARD_SAFETY"": 75, ""MOVED_UP"": 59, ""OPPONENT_ELIMINATED"": 2, ""SAFE_BOMB_THREATENS_OPPONENT"": 10, ""STAYED_IN_DANGER"": 6, ""SURVIVED_ROUND"": 1, ""USELESS_BOMB"": 32, ""WAITED"": 163}","{""BOMB_DROPPED"": 0.0, ""BOMB_EXPLODED"": 0.0, ""BOMB_NEXT_TO_CRATE"": 0.44999999999999996, ""COIN_COLLECTED"": 1.0, ""COIN_FOUND"": 0.1, ""CRATE_DESTROYED"": 2.0000000000000004, ""ESCAPED_DANGER"": 16.200000000000017, ""INVALID_ACTION"": -0.2, ""MOVED_AWAY_FROM_COIN"": -0.49000000000000005, ""MOVED_DOWN"": 0.0, ""MOVED_INTO_DANGER"": -1.4, ""MOVED_LEFT"": 0.0, ""MOVED_RIGHT"": 0.0, ""MOVED_TOWARD_COIN"": 1.2000000000000006, ""MOVED_TOWARD_SAFETY"": 22.500000000000032, ""MOVED_UP"": 0.0, ""OPPONENT_ELIMINATED"": 0.0, ""SAFE_BOMB_THREATENS_OPPONENT"": 0.9999999999999999, ""STAYED_IN_DANGER"": -1.5, ""SURVIVED_ROUND"": 0.5, ""USELESS_BOMB"": -3.2000000000000015, ""WAITED"": -3.2600000000000025}"
77,1,1,6,400,0.19138666666666668,25.790499999999923,6.0,25.880000000000035,-6.0895000000000055,77.9295833333334,-84.01908333333326,401,1,"{""BOMB_DROPPED"": 48, ""BOMB_EXPLODED"": 47, ""BOMB_NEXT_TO_CRATE"": 12, ""COIN_COLLECTED"": 1, ""COIN_FOUND"": 1, ""CRATE_DESTROYED"": 25, ""ESCAPED_DANGER"": 53, ""KILLED_OPPONENT"": 1, ""MOVED_AWAY_FROM_COIN"": 4, ""MOVED_DOWN"": 38, ""MOVED_INTO_DANGER"": 7, ""MOVED_LEFT"": 43, ""MOVED_RIGHT"": 55, ""MOVED_TOWARD_COIN"": 16, ""MOVED_TOWARD_SAFETY"": 58, ""MOVED_UP"": 51, ""OPPONENT_ELIMINATED"": 2, ""SAFE_BOMB_THREATENS_OPPONENT"": 8, ""STAYED_IN_DANGER"": 16, ""SURVIVED_ROUND"": 1, ""USELESS_BOMB"": 28, ""WAITED"": 165}","{""BOMB_DROPPED"": 0.0, ""BOMB_EXPLODED"": 0.0, ""BOMB_NEXT_TO_CRATE"": 0.6, ""COIN_COLLECTED"": 1.0, ""COIN_FOUND"": 0.05, ""CRATE_DESTROYED"": 2.500000000000001, ""ESCAPED_DANGER"": 15.900000000000016, ""KILLED_OPPONENT"": 5.0, ""MOVED_AWAY_FROM_COIN"": -0.28, ""MOVED_DOWN"": 0.0, ""MOVED_INTO_DANGER"": -2.45, ""MOVED_LEFT"": 0.0, ""MOVED_RIGHT"": 0.0, ""MOVED_TOWARD_COIN"": 0.9600000000000004, ""MOVED_TOWARD_SAFETY"": 17.40000000000002, ""MOVED_UP"": 0.0, ""OPPONENT_ELIMINATED"": 0.0, ""SAFE_BOMB_THREATENS_OPPONENT"": 0.7999999999999999, ""STAYED_IN_DANGER"": -4.0, ""SURVIVED_ROUND"": 0.5, ""USELESS_BOMB"": -2.800000000000001, ""WAITED"": -3.3000000000000025}"
78,0,0,0,400,0.19127333333333335,20.30574999999997,0,27.120000000000037,-6.814250000000008,78.71866666666666,-85.53291666666664,401,1,"{""BOMB_DROPPED"": 49, ""BOMB_EXPLODED"": 48, ""BOMB_NEXT_TO_CRATE"": 8, ""COIN_FOUND"": 3, ""CRATE_DESTROYED"": 16, ""ESCAPED_DANGER"": 55, ""MOVED_AWAY_FROM_COIN"": 10, ""MOVED_DOWN"": 45, ""MOVED_INTO_DANGER"": 6, ""MOVED_LEFT"": 48, ""MOVED_RIGHT"": 45, ""MOVED_TOWARD_COIN"": 7, ""MOVED_TOWARD_SAFETY"": 65, ""MOVED_UP"": 43, ""OPPONENT_ELIMINATED"": 1, ""SAFE_BOMB_THREATENS_OPPONENT"": 3, ""STAYED_IN_DANGER"": 9, ""SURVIVED_ROUND"": 1, ""USELESS_BOMB"": 38, ""WAITED"": 170}","{""BOMB_DROPPED"": 0.0, ""BOMB_EXPLODED"": 0.0, ""BOMB_NEXT_TO_CRATE"": 0.39999999999999997, ""COIN_FOUND"": 0.15000000000000002, ""CRATE_DESTROYED"": 1.6000000000000003, ""ESCAPED_DANGER"": 16.500000000000018, ""MOVED_AWAY_FROM_COIN"": -0.7000000000000002, ""MOVED_DOWN"": 0.0, ""MOVED_INTO_DANGER"": -2.1, ""MOVED_LEFT"": 0.0, ""MOVED_RIGHT"": 0.0, ""MOVED_TOWARD_COIN"": 0.42, ""MOVED_TOWARD_SAFETY"": 19.500000000000025, ""MOVED_UP"": 0.0, ""OPPONENT_ELIMINATED"": 0.0, ""SAFE_BOMB_THREATENS_OPPONENT"": 0.30000000000000004, ""STAYED_IN_DANGER"": -2.25, ""SURVIVED_ROUND"": 0.5, ""USELESS_BOMB"": -3.800000000000002, ""WAITED"": -3.4000000000000026}"
79,0,0,0,400,0.19116,19.457999999999995,0,26.420000000000037,-6.962000000000006,74.95208333333336,-81.91408333333331,401,1,"{""BOMB_DROPPED"": 49, ""BOMB_EXPLODED"": 48, ""BOMB_NEXT_TO_CRATE"": 5, ""COIN_FOUND"": 1, ""CRATE_DESTROYED"": 11, ""ESCAPED_DANGER"": 53, ""MOVED_AWAY_FROM_COIN"": 15, ""MOVED_DOWN"": 48, ""MOVED_INTO_DANGER"": 4, ""MOVED_LEFT"": 47, ""MOVED_RIGHT"": 45, ""MOVED_TOWARD_COIN"": 13, ""MOVED_TOWARD_SAFETY"": 66, ""MOVED_UP"": 48, ""OPPONENT_ELIMINATED"": 3, ""SAFE_BOMB_THREATENS_OPPONENT"": 5, ""STAYED_IN_DANGER"": 11, ""SURVIVED_ROUND"": 1, ""USELESS_BOMB"": 40, ""WAITED"": 163}","{""BOMB_DROPPED"": 0.0, ""BOMB_EXPLODED"": 0.0, ""BOMB_NEXT_TO_CRATE"": 0.25, ""COIN_FOUND"": 0.05, ""CRATE_DESTROYED"": 1.0999999999999999, ""ESCAPED_DANGER"": 15.900000000000016, ""MOVED_AWAY_FROM_COIN"": -1.0500000000000005, ""MOVED_DOWN"": 0.0, ""MOVED_INTO_DANGER"": -1.4, ""MOVED_LEFT"": 0.0, ""MOVED_RIGHT"": 0.0, ""MOVED_TOWARD_COIN"": 0.7800000000000002, ""MOVED_TOWARD_SAFETY"": 19.800000000000026, ""MOVED_UP"": 0.0, ""OPPONENT_ELIMINATED"": 0.0, ""SAFE_BOMB_THREATENS_OPPONENT"": 0.5, ""STAYED_IN_DANGER"": -2.75, ""SURVIVED_ROUND"": 0.5, ""USELESS_BOMB"": -4.000000000000002, ""WAITED"": -3.2600000000000025}"
80,1,0,1,400,0.19104666666666667,23.282000000000007,1.0,25.34000000000003,-3.0580000000000087,68.53441666666664,-71.59241666666638,401,1,"{""BOMB_DROPPED"": 45, ""BOMB_EXPLODED"": 45, ""BOMB_NEXT_TO_CRATE"": 8, ""COIN_COLLECTED"": 1, ""COIN_FOUND"": 2, ""CRATE_DESTROYED"": 19, ""ESCAPED_DANGER"": 45, ""MOVED_AWAY_FROM_COIN"": 10, ""MOVED_DOWN"": 48, ""MOVED_LEFT"": 55, ""MOVED_RIGHT"": 67, ""MOVED_TOWARD_COIN"": 15, ""MOVED_TOWARD_SAFETY"": 60, ""MOVED_UP"": 47, ""OPPONENT_ELIMINATED"": 1, ""SAFE_BOMB_THREATENS_OPPONENT"": 1, ""STAYED_IN_DANGER"": 12, ""SURVIVED_ROUND"": 1, ""USELESS_BOMB"": 36, ""WAITED"": 138}","{""BOMB_DROPPED"": 0.0, ""BOMB_EXPLODED"": 0.0, ""BOMB_NEXT_TO_CRATE"": 0.39999999999999997, ""COIN_COLLECTED"": 1.0, ""COIN_FOUND"": 0.1, ""CRATE_DESTROYED"": 1.9000000000000006, ""ESCAPED_DANGER"": 13.50000000000001, ""MOVED_AWAY_FROM_COIN"": -0.7000000000000002, ""MOVED_DOWN"": 0.0, ""MOVED_LEFT"": 0.0, ""MOVED_RIGHT"": 0.0, ""MOVED_TOWARD_COIN"": 0.9000000000000004, ""MOVED_TOWARD_SAFETY"": 18.00000000000002, ""MOVED_UP"": 0.0, ""OPPONENT_ELIMINATED"": 0.0, ""SAFE_BOMB_THREATENS_OPPONENT"": 0.1, ""STAYED_IN_DANGER"": -3.0, ""SURVIVED_ROUND"": 0.5, ""USELESS_BOMB"": -3.600000000000002, ""WAITED"": -2.760000000000002}"
81,1,0,1,400,0.19093333333333334,24.37724999999994,1.0,28.070000000000036,-4.692750000000011,79.14691666666664,-83.83966666666663,401,1,"{""BOMB_DROPPED"": 51, ""BOMB_EXPLODED"": 51, ""BOMB_NEXT_TO_CRATE"": 10, ""COIN_COLLECTED"": 1, ""COIN_FOUND"": 2, ""CRATE_DESTROYED"": 21, ""ESCAPED_DANGER"": 53, ""MOVED_AWAY_FROM_COIN"": 5, ""MOVED_DOWN"": 43, ""MOVED_INTO_DANGER"": 2, ""MOVED_LEFT"": 42, ""MOVED_RIGHT"": 55, ""MOVED_TOWARD_COIN"": 13, ""MOVED_TOWARD_SAFETY"": 64, ""MOVED_UP"": 41, ""OPPONENT_ELIMINATED"": 1, ""SAFE_BOMB_THREATENS_OPPONENT"": 5, ""STAYED_IN_DANGER"": 14, ""SURVIVED_ROUND"": 1, ""USELESS_BOMB"": 36, ""WAITED"": 168}","{""BOMB_DROPPED"": 0.0, ""BOMB_EXPLODED"": 0.0, ""BOMB_NEXT_TO_CRATE"": 0.49999999999999994, ""COIN_COLLECTED"": 1.0, ""COIN_FOUND"": 0.1, ""CRATE_DESTROYED"": 2.1000000000000005, ""ESCAPED_DANGER"": 15.900000000000016, ""MOVED_AWAY_FROM_COIN"": -0.35000000000000003, ""MOVED_DOWN"": 0.0, ""MOVED_INTO_DANGER"": -0.7, ""MOVED_LEFT"": 0.0, ""MOVED_RIGHT"": 0.0, ""MOVED_TOWARD_COIN"": 0.7800000000000002, ""MOVED_TOWARD_SAFETY"": 19.200000000000024, ""MOVED_UP"": 0.0, ""OPPONENT_ELIMINATED"": 0.0, ""SAFE_BOMB_THREATENS_OPPONENT"": 0.5, ""STAYED_IN_DANGER"": -3.5, ""SURVIVED_ROUND"": 0.5, ""USELESS_BOMB"": -3.600000000000002, ""WAITED"": -3.3600000000000025}"
82,0,0,0,400,0.19082,24.08424999999994,0,28.740000000000034,-4.655750000000005,76.0575,-80.71325000000006,401,1,"{""BOMB_DROPPED"": 46, ""BOMB_EXPLODED"": 45, ""BOMB_NEXT_TO_CRATE"": 7, ""CRATE_DESTROYED"": 12, ""ESCAPED_DANGER"": 52, ""MOVED_AWAY_FROM_COIN"": 3, ""MOVED_DOWN"": 48, ""MOVED_INTO_DANGER"": 6, ""MOVED_LEFT"": 53, ""MOVED_RIGHT"": 53, ""MOVED_TOWARD_COIN"": 6, ""MOVED_TOWARD_SAFETY"": 63, ""MOVED_UP"": 47, ""OPPONENT_ELIMINATED"": 2, ""SAFE_BOMB_THREATENS_OPPONENT"": 13, ""STAYED_IN_DANGER"": 6, ""SURVIVED_ROUND"": 1, ""USELESS_BOMB"": 26, ""WAITED"": 153}","{""BOMB_DROPPED"": 0.0, ""BOMB_EXPLODED"": 0.0, ""BOMB_NEXT_TO_CRATE"": 0.35, ""CRATE_DESTROYED"": 1.2, ""ESCAPED_DANGER"": 15.600000000000016, ""MOVED_AWAY_FROM_COIN"": -0.21000000000000002, ""MOVED_DOWN"": 0.0, ""MOVED_INTO_DANGER"": -2.1, ""MOVED_LEFT"": 0.0, ""MOVED_RIGHT"": 0.0, ""MOVED_TOWARD_COIN"": 0.36, ""MOVED_TOWARD_SAFETY"": 18.900000000000023, ""MOVED_UP"": 0.0, ""OPPONENT_ELIMINATED"": 0.0, ""SAFE_BOMB_THREATENS_OPPONENT"": 1.3, ""STAYED_IN_DANGER"": -1.5, ""SURVIVED_ROUND"": 0.5, ""USELESS_BOMB"": -2.600000000000001, ""WAITED"": -3.0600000000000023}"
83,1,0,1,400,0.1907066666666667,20.715499999999942,1.0,27.990000000000034,-8.274500000000012,76.18808333333332,-84.46258333333336,401,1,"{""BOMB_DROPPED"": 47, ""BOMB_EXPLODED"": 46, ""BOMB_NEXT_TO_CRATE"": 14, ""COIN_COLLECTED"": 1, ""COIN_FOUND"": 1, ""CRATE_DESTROYED"": 27, ""ESCAPED_DANGER"": 52, ""INVALID_ACTION"": 1, ""MOVED_AWAY_FROM_COIN"": 2, ""MOVED_DOWN"": 38, ""MOVED_INTO_DANGER"": 6, ""MOVED_LEFT"": 44, ""MOVED_RIGHT"": 54, ""MOVED_TOWARD_COIN"": 3, ""MOVED_TOWARD_SAFETY"": 60, ""MOVED_UP"": 51, ""OPPONENT_ELIMINATED"": 2, ""SAFE_BOMB_THREATENS_OPPONENT"": 11, ""STAYED_IN_DANGER"": 12, ""SURVIVED_ROUND"": 1, ""USELESS_BOMB"": 22, ""WAITED"": 165}","{""BOMB_DROPPED"": 0.0, ""BOMB_EXPLODED"": 0.0, ""BOMB_NEXT_TO_CRATE"": 0.7000000000000001, ""COIN_COLLECTED"": 1.0, ""COIN_FOUND"": 0.05, ""CRATE_DESTROYED"": 2.700000000000001, ""ESCAPED_DANGER"": 15.600000000000016, ""INVALID_ACTION"": -0.1, ""MOVED_AWAY_FROM_COIN"": -0.14, ""MOVED_DOWN"": 0.0, ""MOVED_INTO_DANGER"": -2.1, ""MOVED_LEFT"": 0.0, ""MOVED_RIGHT"": 0.0, ""MOVED_TOWARD_COIN"": 0.18, ""MOVED_TOWARD_SAFETY"": 18.00000000000002, ""MOVED_UP"": 0.0, ""OPPONENT_ELIMINATED"": 0.0, ""SAFE_BOMB_THREATENS_OPPONENT"": 1.0999999999999999, ""STAYED_IN_DANGER"": -3.0, ""SURVIVED_ROUND"": 0.5, ""USELESS_BOMB"": -2.2000000000000006, ""WAITED"": -3.3000000000000025}"
84,3,0,3,400,0.19059333333333334,27.35249999999998,3.0,30.160000000000032,-5.807500000000014,72.65066666666667,-78.45816666666673,401,1,"{""BOMB_DROPPED"": 48, ""BOMB_EXPLODED"": 48, ""BOMB_NEXT_TO_CRATE"": 10, ""COIN_COLLECTED"": 3, ""COIN_FOUND"": 2, ""CRATE_DESTROYED"": 21, ""ESCAPED_DANGER"": 49, ""MOVED_AWAY_FROM_COIN"": 6, ""MOVED_DOWN"": 50, ""MOVED_INTO_DANGER"": 1, ""MOVED_LEFT"": 41, ""MOVED_RIGHT"": 53, ""MOVED_TOWARD_COIN"": 21, ""MOVED_TOWARD_SAFETY"": 65, ""MOVED_UP"": 49, ""OPPONENT_ELIMINATED"": 3, ""SAFE_BOMB_THREATENS_OPPONENT"": 6, ""STAYED_IN_DANGER"": 7, ""SURVIVED_ROUND"": 1, ""USELESS_BOMB"": 34, ""WAITED"": 159}","{""BOMB_DROPPED"": 0.0, ""BOMB_EXPLODED"": 0.0, ""BOMB_NEXT_TO_CRATE"": 0.49999999999999994, ""COIN_COLLECTED"": 3.0, ""COIN_FOUND"": 0.1, ""CRATE_DESTROYED"": 2.1000000000000005, ""ESCAPED_DANGER"": 14.700000000000014, ""MOVED_AWAY_FROM_COIN"": -0.42000000000000004, ""MOVED_DOWN"": 0.0, ""MOVED_INTO_DANGER"": -0.35, ""MOVED_LEFT"": 0.0, ""MOVED_RIGHT"": 0.0, ""MOVED_TOWARD_COIN"": 1.2600000000000007, ""MOVED_TOWARD_SAFETY"": 19.500000000000025, ""MOVED_UP"": 0.0, ""OPPONENT_ELIMINATED"": 0.0, ""SAFE_BOMB_THREATENS_OPPONENT"": 0.6, ""STAYED_IN_DANGER"": -1.75, ""SURVIVED_ROUND"": 0.5, ""USELESS_BOMB"": -3.4000000000000017, ""WAITED"": -3.1800000000000024}"
85,1,0,1,400,0.19048,19.994249999999973,1.0,25.540000000000035,-6.545750000000007,81.02475000000003,-87.57050000000001,401,1,"{""BOMB_DROPPED"": 50, ""BOMB_EXPLODED"": 50, ""BOMB_NEXT_TO_CRATE"": 5, ""COIN_COLLECTED"": 1, ""COIN_FOUND"": 3, ""CRATE_DESTROYED"": 12, ""ESCAPED_DANGER"": 55, ""MOVED_AWAY_FROM_COIN"": 2, ""MOVED_DOWN"": 48, ""MOVED_INTO_DANGER"": 5, ""MOVED_LEFT"": 51, ""MOVED_RIGHT"": 43, ""MOVED_TOWARD_COIN"": 10, ""MOVED_TOWARD_SAFETY"": 59, ""MOVED_UP"": 47, ""OPPONENT_ELIMINATED"": 2, ""SAFE_BOMB_THREATENS_OPPONENT"": 10, ""STAYED_IN_DANGER"": 15, ""SURVIVED_ROUND"": 1, ""USELESS_BOMB"": 35, ""WAITED"": 161}","{""BOMB_DROPPED"": 0.0, ""BOMB_EXPLODED"": 0.0, ""BOMB_NEXT_TO_CRATE"": 0.25, ""COIN_COLLECTED"": 1.0, ""COIN_FOUND"": 0.15000000000000002, ""CRATE_DESTROYED"": 1.2, ""ESCAPED_DANGER"": 16.500000000000018, ""MOVED_AWAY_FROM_COIN"": -0.14, ""MOVED_DOWN"": 0.0, ""MOVED_INTO_DANGER"": -1.75, ""MOVED_LEFT"": 0.0, ""MOVED_RIGHT"": 0.0, ""MOVED_TOWARD_COIN"": 0.6000000000000001, ""MOVED_TOWARD_SAFETY"": 17.70000000000002, ""MOVED_UP"": 0.0, ""OPPONENT_ELIMINATED"": 0.0, ""SAFE_BOMB_THREATENS_OPPONENT"": 0.9999999999999999, ""STAYED_IN_DANGER"": -3.75, ""SURVIVED_ROUND"": 0.5, ""USELESS_BOMB"": -3.5000000000000018, ""WAITED"": -3.2200000000000024}"
86,0,0,0,400,0.19036666666666668,19.351749999999992,0,26.500000000000032,-7.148250000000003,71.06208333333338,-78.21033333333335,401,1,"{""BOMB_DROPPED"": 47, ""BOMB_EXPLODED"": 46, ""BOMB_NEXT_TO_CRATE"": 9, ""COIN_FOUND"": 3, ""CRATE_DESTROYED"": 18, ""ESCAPED_DANGER"": 48, ""MOVED_AWAY_FROM_COIN"": 4, ""MOVED_DOWN"": 49, ""MOVED_INTO_DANGER"": 1, ""MOVED_LEFT"": 47, ""MOVED_RIGHT"": 46, ""MOVED_TOWARD_COIN"": 17, ""MOVED_TOWARD_SAFETY"": 59, ""MOVED_UP"": 59, ""OPPONENT_ELIMINATED"": 1, ""SAFE_BOMB_THREATENS_OPPONENT"": 7, ""STAYED_IN_DANGER"": 13, ""SURVIVED_ROUND"": 1, ""USELESS_BOMB"": 33, ""WAITED"": 152}","{""BOMB_DROPPED"": 0.0, ""BOMB_EXPLODED"": 0.0, ""BOMB_NEXT_TO_CRATE"": 0.44999999999999996, ""COIN_FOUND"": 0.15000000000000002, ""CRATE_DESTROYED"": 1.8000000000000005, ""ESCAPED_DANGER"": 14.400000000000013, ""MOVED_AWAY_FROM_COIN"": -0.28, ""MOVED_DOWN"": 0.0, ""MOVED_INTO_DANGER"": -0.35, ""MOVED_LEFT"": 0.0, ""MOVED_RIGHT"": 0.0, ""MOVED_TOWARD_COIN"": 1.0200000000000005, ""MOVED_TOWARD_SAFETY"": 17.70000000000002, ""MOVED_UP"": 0.0, ""OPPONENT_ELIMINATED"": 0.0, ""SAFE_BOMB_THREATENS_OPPONENT"": 0.7, ""STAYED_IN_DANGER"": -3.25, ""SURVIVED_ROUND"": 0.5, ""USELESS_BOMB"": -3.3000000000000016, ""WAITED"": -3.0400000000000023}"
87,0,1,5,400,0.19025333333333333,28.83799999999993,5.0,30.290000000000042,-6.452000000000007,78.08091666666664,-84.53291666666668,401,1,"{""BOMB_DROPPED"": 46, ""BOMB_EXPLODED"": 45, ""BOMB_NEXT_TO_CRATE"": 12, ""CRATE_DESTROYED"": 29, ""ESCAPED_DANGER"": 53, ""INVALID_ACTION"": 2, ""KILLED_OPPONENT"": 1, ""MOVED_AWAY_FROM_COIN"": 6, ""MOVED_DOWN"": 36, ""MOVED_INTO_DANGER"": 7, ""MOVED_LEFT"": 62, ""MOVED_RIGHT"": 58, ""MOVED_TOWARD_COIN"": 20, ""MOVED_TOWARD_SAFETY"": 63, ""MOVED_UP"": 49, ""OPPONENT_ELIMINATED"": 2, ""SAFE_BOMB_THREATENS_OPPONENT"": 11, ""STAYED_IN_DANGER"": 10, ""SURVIVED_ROUND"": 1, ""USELESS_BOMB"": 23, ""WAITED"": 147}","{""BOMB_DROPPED"": 0.0, ""BOMB_EXPLODED"": 0.0, ""BOMB_NEXT_TO_CRATE"": 0.6, ""CRATE_DESTROYED"": 2.9000000000000012, ""ESCAPED_DANGER"": 15.900000000000016, ""INVALID_ACTION"": -0.2, ""KILLED_OPPONENT"": 5.0, ""MOVED_AWAY_FROM_COIN"": -0.42000000000000004, ""MOVED_DOWN"": 0.0, ""MOVED_INTO_DANGER"": -2.45, ""MOVED_LEFT"": 0.0, ""MOVED_RIGHT"": 0.0, ""MOVED_TOWARD_COIN"": 1.2000000000000006, ""MOVED_TOWARD_SAFETY"": 18.900000000000023, ""MOVED_UP"": 0.0, ""OPPONENT_ELIMINATED"": 0.0, ""SAFE_BOMB_THREATENS_OPPONENT"": 1.0999999999999999, ""STAYED_IN_DANGER"": -2.5, ""SURVIVED_ROUND"": 0.5, ""USELESS_BOMB"": -2.3000000000000007, ""WAITED"": -2.940000000000002}"
88,0,0,0,400,0.19014,18.47124999999999,0,23.940000000000033,-5.468750000000002,80.44158333333334,-85.9103333333333,401,1,"{""BOMB_DROPPED"": 48, ""BOMB_EXPLODED"": 47, ""BOMB_NEXT_TO_CRATE"": 5, ""COIN_FOUND"": 1, ""CRATE_DESTROYED"": 9, ""ESCAPED_DANGER"": 55, ""MOVED_AWAY_FROM_COIN"": 4, ""MOVED_DOWN"": 44, ""MOVED_INTO_DANGER"": 7, ""MOVED_LEFT"": 51, ""MOVED_RIGHT"": 49, ""MOVED_TOWARD_COIN"": 11, ""MOVED_TOWARD_SAFETY"": 56, ""MOVED_UP"": 41, ""OPPONENT_ELIMINATED"": 1, ""SAFE_BOMB_THREATENS_OPPONENT"": 10, ""STAYED_IN_DANGER"": 13, ""SURVIVED_ROUND"": 1, ""USELESS_BOMB"": 34, ""WAITED"": 167}","{""BOMB_DROPPED"": 0.0, ""BOMB_EXPLODED"": 0.0, ""BOMB_NEXT_TO_CRATE"": 0.25, ""COIN_FOUND"": 0.05, ""CRATE_DESTROYED"": 0.8999999999999999, ""ESCAPED_DANGER"": 16.500000000000018, ""MOVED_AWAY_FROM_COIN"": -0.28, ""MOVED_DOWN"": 0.0, ""MOVED_INTO_DANGER"": -2.45, ""MOVED_LEFT"": 0.0, ""MOVED_RIGHT"": 0.0, ""MOVED_TOWARD_COIN"": 0.6600000000000001, ""MOVED_TOWARD_SAFETY"": 16.80000000000002, ""MOVED_UP"": 0.0, ""OPPONENT_ELIMINATED"": 0.0, ""SAFE_BOMB_THREATENS_OPPONENT"": 0.9999999999999999, ""STAYED_IN_DANGER"": -3.25, ""SURVIVED_ROUND"": 0.5, ""USELESS_BOMB"": -3.4000000000000017, ""WAITED"": -3.3400000000000025}"
89,0,0,0,400,0.19002666666666668,28.228499999999976,0,32.83000000000005,-4.601500000000016,79.88708333333324,-84.48858333333331,401,1,"{""BOMB_DROPPED"": 54, ""BOMB_EXPLODED"": 53, ""BOMB_NEXT_TO_CRATE"": 11, ""COIN_FOUND"": 3, ""CRATE_DESTROYED"": 27, ""ESCAPED_DANGER"": 54, ""MOVED_AWAY_FROM_COIN"": 12, ""MOVED_DOWN"": 36, ""MOVED_INTO_DANGER"": 1, ""MOVED_LEFT"": 39, ""MOVED_RIGHT"": 52, ""MOVED_TOWARD_COIN"": 10, ""MOVED_TOWARD_SAFETY"": 75, ""MOVED_UP"": 50, ""OPPONENT_ELIMINATED"": 1, ""STAYED_IN_DANGER"": 6, ""SURVIVED_ROUND"": 1, ""USELESS_BOMB"": 43, ""WAITED"": 169}","{""BOMB_DROPPED"": 0.0, ""BOMB_EXPLODED"": 0.0, ""BOMB_NEXT_TO_CRATE"": 0.5499999999999999, ""COIN_FOUND"": 0.15000000000000002, ""CRATE_DESTROYED"": 2.700000000000001, ""ESCAPED_DANGER"": 16.200000000000017, ""MOVED_AWAY_FROM_COIN"": -0.8400000000000003, ""MOVED_DOWN"": 0.0, ""MOVED_INTO_DANGER"": -0.35, ""MOVED_LEFT"": 0.0, ""MOVED_RIGHT"": 0.0, ""MOVED_TOWARD_COIN"": 0.6000000000000001, ""MOVED_TOWARD_SAFETY"": 22.500000000000032, ""MOVED_UP"": 0.0, ""OPPONENT_ELIMINATED"": 0.0, ""STAYED_IN_DANGER"": -1.5, ""SURVIVED_ROUND"": 0.5, ""USELESS_BOMB"": -4.300000000000001, ""WAITED"": -3.3800000000000026}"
90,1,0,1,63,0.18991333333333335,0.5619999999999976,1.0,0.7299999999999998,-1.1680000000000001,13.217333333333332,-14.38533333333333,63,1,"{""BOMB_DROPPED"": 8, ""BOMB_EXPLODED"": 8, ""BOMB_NEXT_TO_CRATE"": 6, ""COIN_COLLECTED"": 1, ""COIN_FOUND"": 1, ""CRATE_DESTROYED"": 18, ""ESCAPED_DANGER"": 8, ""GOT_KILLED"": 1, ""INVALID_ACTION"": 1, ""MOVED_AWAY_FROM_COIN"": 1, ""MOVED_DOWN"": 3, ""MOVED_INTO_DANGER"": 1, ""MOVED_LEFT"": 7, ""MOVED_RIGHT"": 13, ""MOVED_TOWARD_COIN"": 3, ""MOVED_TOWARD_SAFETY"": 10, ""MOVED_UP"": 7, ""SAFE_BOMB_THREATENS_OPPONENT"": 1, ""STAYED_IN_DANGER"": 4, ""USELESS_BOMB"": 1, ""WAITED"": 24}","{""BOMB_DROPPED"": 0.0, ""BOMB_EXPLODED"": 0.0, ""BOMB_NEXT_TO_CRATE"": 0.3, ""COIN_COLLECTED"": 1.0, ""COIN_FOUND"": 0.05, ""CRATE_DESTROYED"": 1.8000000000000005, ""ESCAPED_DANGER"": 2.4, ""GOT_KILLED"": -5.0, ""INVALID_ACTION"": -0.1, ""MOVED_AWAY_FROM_COIN"": -0.07, ""MOVED_DOWN"": 0.0, ""MOVED_INTO_DANGER"": -0.35, ""MOVED_LEFT"": 0.0, ""MOVED_RIGHT"": 0.0, ""MOVED_TOWARD_COIN"": 0.18, ""MOVED_TOWARD_SAFETY"": 2.9999999999999996, ""MOVED_UP"": 0.0, ""SAFE_BOMB_THREATENS_OPPONENT"": 0.1, ""STAYED_IN_DANGER"": -1.0, ""USELESS_BOMB"": -0.1, ""WAITED"": -0.48000000000000015}"
91,1,0,1,400,0.1898,25.27650000000002,1.0,27.850000000000033,-3.573499999999998,64.23858333333332,-67.81208333333315,401,1,"{""BOMB_DROPPED"": 45, ""BOMB_EXPLODED"": 44, ""BOMB_NEXT_TO_CRATE"": 5, ""COIN_COLLECTED"": 1, ""COIN_FOUND"": 3, ""CRATE_DESTROYED"": 14, ""ESCAPED_DANGER"": 44, ""MOVED_AWAY_FROM_COIN"": 12, ""MOVED_DOWN"": 63, ""MOVED_LEFT"": 47, ""MOVED_RIGHT"": 46, ""MOVED_TOWARD_COIN"": 11, ""MOVED_TOWARD_SAFETY"": 67, ""MOVED_UP"": 63, ""OPPONENT_ELIMINATED"": 3, ""SAFE_BOMB_THREATENS_OPPONENT"": 2, ""STAYED_IN_DANGER"": 5, ""SURVIVED_ROUND"": 1, ""USELESS_BOMB"": 38, ""WAITED"": 136}","{""BOMB_DROPPED"": 0.0, ""BOMB_EXPLODED"": 0.0, ""BOMB_NEXT_TO_CRATE"": 0.25, ""COIN_COLLECTED"": 1.0, ""COIN_FOUND"": 0.15000000000000002, ""CRATE_DESTROYED"": 1.4000000000000001, ""ESCAPED_DANGER"": 13.20000000000001, ""MOVED_AWAY_FROM_COIN"": -0.8400000000000003, ""MOVED_DOWN"": 0.0, ""MOVED_LEFT"": 0.0, ""MOVED_RIGHT"": 0.0, ""MOVED_TOWARD_COIN"": 0.6600000000000001, ""MOVED_TOWARD_SAFETY"": 20.100000000000026, ""MOVED_UP"": 0.0, ""OPPONENT_ELIMINATED"": 0.0, ""SAFE_BOMB_THREATENS_OPPONENT"": 0.2, ""STAYED_IN_DANGER"": -1.25, ""SURVIVED_ROUND"": 0.5, ""USELESS_BOMB"": -3.800000000000002, ""WAITED"": -2.720000000000002}"
92,2,0,2,400,0.18968666666666667,23.932749999999963,2.0,27.64000000000004,-5.707250000000006,86.5905000000001,-92.29775,401,1,"{""BOMB_DROPPED"": 52, ""BOMB_EXPLODED"": 52, ""BOMB_NEXT_TO_CRATE"": 9, ""COIN_COLLECTED"": 2, ""COIN_FOUND"": 4, ""CRATE_DESTROYED"": 21, ""ESCAPED_DANGER"": 59, ""INVALID_ACTION"": 1, ""MOVED_AWAY_FROM_COIN"": 2, ""MOVED_DOWN"": 37, ""MOVED_INTO_DANGER"": 7, ""MOVED_LEFT"": 40, ""MOVED_RIGHT"": 50, ""MOVED_TOWARD_COIN"": 8, ""MOVED_TOWARD_SAFETY"": 65, ""MOVED_UP"": 50, ""OPPONENT_ELIMINATED"": 2, ""SAFE_BOMB_THREATENS_OPPONENT"": 6, ""STAYED_IN_DANGER"": 16, ""SURVIVED_ROUND"": 1, ""USELESS_BOMB"": 38, ""WAITED"": 170}","{""BOMB_DROPPED"": 0.0, ""BOMB_EXPLODED"": 0.0, ""BOMB_NEXT_TO_CRATE"": 0.44999999999999996, ""COIN_COLLECTED"": 2.0, ""COIN_FOUND"": 0.2, ""CRATE_DESTROYED"": 2.1000000000000005, ""ESCAPED_DANGER"": 17.70000000000002, ""INVALID_ACTION"": -0.1, ""MOVED_AWAY_FROM_COIN"": -0.14, ""MOVED_DOWN"": 0.0, ""MOVED_INTO_DANGER"": -2.45, ""MOVED_LEFT"": 0.0, ""MOVED_RIGHT"": 0.0, ""MOVED_TOWARD_COIN"": 0.48, ""MOVED_TOWARD_SAFETY"": 19.500000000000025, ""MOVED_UP"": 0.0, ""OPPONENT_ELIMINATED"": 0.0, ""SAFE_BOMB_THREATENS_OPPONENT"": 0.6, ""STAYED_IN_DANGER"": -4.0, ""SURVIVED_ROUND"": 0.5, ""USELESS_BOMB"": -3.800000000000002, ""WAITED"": -3.4000000000000026}"
93,1,0,1,400,0.18957333333333334,23.677749999999964,1.0,28.46000000000004,-5.782250000000011,78.48041666666668,-84.26266666666666,401,1,"{""BOMB_DROPPED"": 51, ""BOMB_EXPLODED"": 51, ""BOMB_NEXT_TO_CRATE"": 6, ""COIN_COLLECTED"": 1, ""COIN_FOUND"": 2, ""CRATE_DESTROYED"": 12, ""ESCAPED_DANGER"": 53, ""MOVED_AWAY_FROM_COIN"": 6, ""MOVED_DOWN"": 48, ""MOVED_INTO_DANGER"": 2, ""MOVED_LEFT"": 46, ""MOVED_RIGHT"": 42, ""MOVED_TOWARD_COIN"": 8, ""MOVED_TOWARD_SAFETY"": 70, ""MOVED_UP"": 48, ""OPPONENT_ELIMINATED"": 2, ""SAFE_BOMB_THREATENS_OPPONENT"": 2, ""STAYED_IN_DANGER"": 10, ""SURVIVED_ROUND"": 1, ""USELESS_BOMB"": 43, ""WAITED"": 165}","{""BOMB_DROPPED"": 0.0, ""BOMB_EXPLODED"": 0.0, ""BOMB_NEXT_TO_CRATE"": 0.3, ""COIN_COLLECTED"": 1.0, ""COIN_FOUND"": 0.1, ""CRATE_DESTROYED"": 1.2, ""ESCAPED_DANGER"": 15.900000000000016, ""MOVED_AWAY_FROM_COIN"": -0.42000000000000004, ""MOVED_DOWN"": 0.0, ""MOVED_INTO_DANGER"": -0.7, ""MOVED_LEFT"": 0.0, ""MOVED_RIGHT"": 0.0, ""MOVED_TOWARD_COIN"": 0.48, ""MOVED_TOWARD_SAFETY"": 21.00000000000003, ""MOVED_UP"": 0.0, ""OPPONENT_ELIMINATED"": 0.0, ""SAFE_BOMB_THREATENS_OPPONENT"": 0.2, ""STAYED_IN_DANGER"": -2.5, ""SURVIVED_ROUND"": 0.5, ""USELESS_BOMB"": -4.300000000000001, ""WAITED"": -3.3000000000000025}"
94,0,0,0,400,0.18946,22.121749999999977,0,28.41000000000004,-6.28825000000001,81.03558333333339,-87.32383333333327,401,1,"{""BOMB_DROPPED"": 55, ""BOMB_EXPLODED"": 54, ""BOMB_NEXT_TO_CRATE"": 9, ""COIN_FOUND"": 1, ""CRATE_DESTROYED"": 22, ""ESCAPED_DANGER"": 56, ""MOVED_AWAY_FROM_COIN"": 3, ""MOVED_DOWN"": 41, ""MOVED_INTO_DANGER"": 2, ""MOVED_LEFT"": 43, ""MOVED_RIGHT"": 53, ""MOVED_TOWARD_COIN"": 8, ""MOVED_TOWARD_SAFETY"": 63, ""MOVED_UP"": 40, ""OPPONENT_ELIMINATED"": 2, ""SAFE_BOMB_THREATENS_OPPONENT"": 7, ""STAYED_IN_DANGER"": 14, ""SURVIVED_ROUND"": 1, ""USELESS_BOMB"": 39, ""WAITED"": 168}","{""BOMB_DROPPED"": 0.0, ""BOMB_EXPLODED"": 0.0, ""BOMB_NEXT_TO_CRATE"": 0.44999999999999996, ""COIN_FOUND"": 0.05, ""CRATE_DESTROYED"": 2.2000000000000006, ""ESCAPED_DANGER"": 16.80000000000002, ""MOVED_AWAY_FROM_COIN"": -0.21000000000000002, ""MOVED_DOWN"": 0.0, ""MOVED_INTO_DANGER"": -0.7, ""MOVED_LEFT"": 0.0, ""MOVED_RIGHT"": 0.0, ""MOVED_TOWARD_COIN"": 0.48, ""MOVED_TOWARD_SAFETY"": 18.900000000000023, ""MOVED_UP"": 0.0, ""OPPONENT_ELIMINATED"": 0.0, ""SAFE_BOMB_THREATENS_OPPONENT"": 0.7, ""STAYED_IN_DANGER"": -3.5, ""SURVIVED_ROUND"": 0.5, ""USELESS_BOMB"": -3.900000000000002, ""WAITED"": -3.3600000000000025}"
95,1,0,1,400,0.1893466666666667,22.137750000000004,1.0,27.33000000000004,-6.1922500000000085,82.9526666666667,-89.14491666666667,401,1,"{""BOMB_DROPPED"": 51, ""BOMB_EXPLODED"": 50, ""BOMB_NEXT_TO_CRATE"": 9, ""COIN_COLLECTED"": 1, ""COIN_FOUND"": 1, ""CRATE_DESTROYED"": 19, ""ESCAPED_DANGER"": 56, ""INVALID_ACTION"": 1, ""MOVED_AWAY_FROM_COIN"": 3, ""MOVED_DOWN"": 48, ""MOVED_INTO_DANGER"": 6, ""MOVED_LEFT"": 47, ""MOVED_RIGHT"": 45, ""MOVED_TOWARD_COIN"": 13, ""MOVED_TOWARD_SAFETY"": 67, ""MOVED_UP"": 46, ""OPPONENT_ELIMINATED"": 2, ""SAFE_BOMB_THREATENS_OPPONENT"": 6, ""STAYED_IN_DANGER"": 18, ""SURVIVED_ROUND"": 1, ""USELESS_BOMB"": 37, ""WAITED"": 162}","{""BOMB_DROPPED"": 0.0, ""BOMB_EXPLODED"": 0.0, ""BOMB_NEXT_TO_CRATE"": 0.44999999999999996, ""COIN_COLLECTED"": 1.0, ""COIN_FOUND"": 0.05, ""CRATE_DESTROYED"": 1.9000000000000006, ""ESCAPED_DANGER"": 16.80000000000002, ""INVALID_ACTION"": -0.1, ""MOVED_AWAY_FROM_COIN"": -0.21000000000000002, ""MOVED_DOWN"": 0.0, ""MOVED_INTO_DANGER"": -2.1, ""MOVED_LEFT"": 0.0, ""MOVED_RIGHT"": 0.0, ""MOVED_TOWARD_COIN"": 0.7800000000000002, ""MOVED_TOWARD_SAFETY"": 20.100000000000026, ""MOVED_UP"": 0.0, ""OPPONENT_ELIMINATED"": 0.0, ""SAFE_BOMB_THREATENS_OPPONENT"": 0.6, ""STAYED_IN_DANGER"": -4.5, ""SURVIVED_ROUND"": 0.5, ""USELESS_BOMB"": -3.700000000000002, ""WAITED"": -3.2400000000000024}"
96,0,1,5,373,0.18923333333333334,25.13875000000003,5.0,24.45000000000003,-4.31125,71.84383333333335,-76.15508333333341,374,1,"{""BOMB_DROPPED"": 46, ""BOMB_EXPLODED"": 46, ""BOMB_NEXT_TO_CRATE"": 8, ""COIN_FOUND"": 2, ""CRATE_DESTROYED"": 16, ""ESCAPED_DANGER"": 50, ""INVALID_ACTION"": 1, ""KILLED_OPPONENT"": 1, ""MOVED_AWAY_FROM_COIN"": 1, ""MOVED_DOWN"": 35, ""MOVED_INTO_DANGER"": 5, ""MOVED_LEFT"": 35, ""MOVED_RIGHT"": 49, ""MOVED_TOWARD_COIN"": 9, ""MOVED_TOWARD_SAFETY"": 58, ""MOVED_UP"": 46, ""OPPONENT_ELIMINATED"": 3, ""SAFE_BOMB_THREATENS_OPPONENT"": 8, ""STAYED_IN_DANGER"": 15, ""SURVIVED_ROUND"": 1, ""USELESS_BOMB"": 30, ""WAITED"": 161}","{""BOMB_DROPPED"": 0.0, ""BOMB_EXPLODED"": 0.0, ""BOMB_NEXT_TO_CRATE"": 0.39999999999999997, ""COIN_FOUND"": 0.1, ""CRATE_DESTROYED"": 1.6000000000000003, ""ESCAPED_DANGER"": 15.000000000000014, ""INVALID_ACTION"": -0.1, ""KILLED_OPPONENT"": 5.0, ""MOVED_AWAY_FROM_COIN"": -0.07, ""MOVED_DOWN"": 0.0, ""MOVED_INTO_DANGER"": -1.75, ""MOVED_LEFT"": 0.0, ""MOVED_RIGHT"": 0.0, ""MOVED_TOWARD_COIN"": 0.54, ""MOVED_TOWARD_SAFETY"": 17.40000000000002, ""MOVED_UP"": 0.0, ""OPPONENT_ELIMINATED"": 0.0, ""SAFE_BOMB_THREATENS_OPPONENT"": 0.7999999999999999, ""STAYED_IN_DANGER"": -3.75, ""SURVIVED_ROUND"": 0.5, ""USELESS_BOMB"": -3.0000000000000013, ""WAITED"": -3.2200000000000024}"
97,2,0,2,400,0.18912,20.39199999999997,2.0,22.97000000000003,-4.578000000000003,79.2094166666667,-83.78741666666669,401,1,"{""BOMB_DROPPED"": 49, ""BOMB_EXPLODED"": 49, ""BOMB_NEXT_TO_CRATE"": 5, ""COIN_COLLECTED"": 2, ""COIN_FOUND"": 2, ""CRATE_DESTROYED"": 12, ""ESCAPED_DANGER"": 55, ""INVALID_ACTION"": 2, ""MOVED_DOWN"": 40, ""MOVED_INTO_DANGER"": 6, ""MOVED_LEFT"": 52, ""MOVED_RIGHT"": 48, ""MOVED_TOWARD_COIN"": 2, ""MOVED_TOWARD_SAFETY"": 55, ""MOVED_UP"": 39, ""OPPONENT_ELIMINATED"": 2, ""SAFE_BOMB_THREATENS_OPPONENT"": 7, ""STAYED_IN_DANGER"": 14, ""SURVIVED_ROUND"": 1, ""USELESS_BOMB"": 37, ""WAITED"": 170}","{""BOMB_DROPPED"": 0.0, ""BOMB_EXPLODED"": 0.0, ""BOMB_NEXT_TO_CRATE"": 0.25, ""COIN_COLLECTED"": 2.0, ""COIN_FOUND"": 0.1, ""CRATE_DESTROYED"": 1.2, ""ESCAPED_DANGER"": 16.500000000000018, ""INVALID_ACTION"": -0.2, ""MOVED_DOWN"": 0.0, ""MOVED_INTO_DANGER"": -2.1, ""MOVED_LEFT"": 0.0, ""MOVED_RIGHT"": 0.0, ""MOVED_TOWARD_COIN"": 0.12, ""MOVED_TOWARD_SAFETY"": 16.500000000000018, ""MOVED_UP"": 0.0, ""OPPONENT_ELIMINATED"": 0.0, ""SAFE_BOMB_THREATENS_OPPONENT"": 0.7, ""STAYED_IN_DANGER"": -3.5, ""SURVIVED_ROUND"": 0.5, ""USELESS_BOMB"": -3.700000000000002, ""WAITED"": -3.4000000000000026}"
98,1,0,1,400,0.18900666666666668,25.388500000000008,1.0,28.83000000000004,-4.441500000000012,72.63925000000003,-77.0807499999999,401,1,"{""BOMB_DROPPED"": 46, ""BOMB_EXPLODED"": 46, ""BOMB_NEXT_TO_CRATE"": 9, ""COIN_COLLECTED"": 1, ""COIN_FOUND"": 3, ""CRATE_DESTROYED"": 19, ""ESCAPED_DANGER"": 49, ""MOVED_AWAY_FROM_COIN"": 3, ""MOVED_DOWN"": 59, ""MOVED_INTO_DANGER"": 6, ""MOVED_LEFT"": 39, ""MOVED_RIGHT"": 39, ""MOVED_TOWARD_COIN"": 7, ""MOVED_TOWARD_SAFETY"": 71, ""MOVED_UP"": 73, ""OPPONENT_ELIMINATED"": 3, ""SAFE_BOMB_THREATENS_OPPONENT"": 5, ""SAFE_BOMB_TRAPS_OPPONENT"": 2, ""STAYED_IN_DANGER"": 12, ""SURVIVED_ROUND"": 1, ""USELESS_BOMB"": 33, ""WAITED"": 144}","{""BOMB_DROPPED"": 0.0, ""BOMB_EXPLODED"": 0.0, ""BOMB_NEXT_TO_CRATE"": 0.44999999999999996, ""COIN_COLLECTED"": 1.0, ""COIN_FOUND"": 0.15000000000000002, ""CRATE_DESTROYED"": 1.9000000000000006, ""ESCAPED_DANGER"": 14.700000000000014, ""MOVED_AWAY_FROM_COIN"": -0.21000000000000002, ""MOVED_DOWN"": 0.0, ""MOVED_INTO_DANGER"": -2.1, ""MOVED_LEFT"": 0.0, ""MOVED_RIGHT"": 0.0, ""MOVED_TOWARD_COIN"": 0.42, ""MOVED_TOWARD_SAFETY"": 21.30000000000003, ""MOVED_UP"": 0.0, ""OPPONENT_ELIMINATED"": 0.0, ""SAFE_BOMB_THREATENS_OPPONENT"": 0.5, ""SAFE_BOMB_TRAPS_OPPONENT"": 0.4, ""STAYED_IN_DANGER"": -3.0, ""SURVIVED_ROUND"": 0.5, ""USELESS_BOMB"": -3.3000000000000016, ""WAITED"": -2.880000000000002}"
99,1,0,1,400,0.18889333333333333,20.81649999999998,1.0,25.870000000000037,-6.053500000000004,84.67791666666672,-90.73141666666665,401,1,"{""BOMB_DROPPED"": 50, ""BOMB_EXPLODED"": 49, ""BOMB_NEXT_TO_CRATE"": 6, ""COIN_COLLECTED"": 1, ""COIN_FOUND"": 1, ""CRATE_DESTROYED"": 12, ""ESCAPED_DANGER"": 58, ""MOVED_AWAY_FROM_COIN"": 2, ""MOVED_DOWN"": 38, ""MOVED_INTO_DANGER"": 9, ""MOVED_LEFT"": 51, ""MOVED_RIGHT"": 49, ""MOVED_TOWARD_COIN"": 9, ""MOVED_TOWARD_SAFETY"": 61, ""MOVED_UP"": 38, ""OPPONENT_ELIMINATED"": 2, ""SAFE_BOMB_THREATENS_OPPONENT"": 10, ""STAYED_IN_DANGER"": 13, ""SURVIVED_ROUND"": 1, ""USELESS_BOMB"": 34, ""WAITED"": 174}","{""BOMB_DROPPED"": 0.0, ""BOMB_EXPLODED"": 0.0, ""BOMB_NEXT_TO_CRATE"": 0.3, ""COIN_COLLECTED"": 1.0, ""COIN_FOUND"": 0.05, ""CRATE_DESTROYED"": 1.2, ""ESCAPED_DANGER"": 17.40000000000002, ""MOVED_AWAY_FROM_COIN"": -0.14, ""MOVED_DOWN"": 0.0, ""MOVED_INTO_DANGER"": -3.1500000000000004, ""MOVED_LEFT"": 0.0, ""MOVED_RIGHT"": 0.0, ""MOVED_TOWARD_COIN"": 0.54, ""MOVED_TOWARD_SAFETY"": 18.300000000000022, ""MOVED_UP"": 0.0, ""OPPONENT_ELIMINATED"": 0.0, ""SAFE_BOMB_THREATENS_OPPONENT"": 0.9999999999999999, ""STAYED_IN_DANGER"": -3.25, ""SURVIVED_ROUND"": 0.5, ""USELESS_BOMB"": -3.4000000000000017, ""WAITED"": -3.4800000000000026}"
100,4,0,4,400,0.18878,22.38874999999991,4.0,26.96000000000003,-8.571250000000017,70.06458333333343,-78.63583333333332,401,1,"{""BOMB_DROPPED"": 42, ""BOMB_EXPLODED"": 42, ""BOMB_NEXT_TO_CRATE"": 14, ""COIN_COLLECTED"": 4, ""COIN_FOUND"": 5, ""CRATE_DESTROYED"": 36, ""ESCAPED_DANGER"": 48, ""INVALID_ACTION"": 4, ""MOVED_AWAY_FROM_COIN"": 3, ""MOVED_DOWN"": 32, ""MOVED_INTO_DANGER"": 6, ""MOVED_LEFT"": 39, ""MOVED_RIGHT"": 51, ""MOVED_TOWARD_COIN"": 14, ""MOVED_TOWARD_SAFETY"": 54, ""MOVED_UP"": 46, ""SAFE_BOMB_THREATENS_OPPONENT"": 15, ""STAYED_IN_DANGER"": 12, ""SURVIVED_ROUND"": 1, ""USELESS_BOMB"": 16, ""WAITED"": 186}","{""BOMB_DROPPED"": 0.0, ""BOMB_EXPLODED"": 0.0, ""BOMB_NEXT_TO_CRATE"": 0.7000000000000001, ""COIN_COLLECTED"": 4.0, ""COIN_FOUND"": 0.25, ""CRATE_DESTROYED"": 3.600000000000002, ""ESCAPED_DANGER"": 14.400000000000013, ""INVALID_ACTION"": -0.4, ""MOVED_AWAY_FROM_COIN"": -0.21000000000000002, ""MOVED_DOWN"": 0.0, ""MOVED_INTO_DANGER"": -2.1, ""MOVED_LEFT"": 0.0, ""MOVED_RIGHT"": 0.0, ""MOVED_TOWARD_COIN"": 0.8400000000000003, ""MOVED_TOWARD_SAFETY"": 16.200000000000017, ""MOVED_UP"": 0.0, ""SAFE_BOMB_THREATENS_OPPONENT"": 1.5000000000000002, ""STAYED_IN_DANGER"": -3.0, ""SURVIVED_ROUND"": 0.5, ""USELESS_BOMB"": -1.6000000000000003, ""WAITED"": -3.720000000000003}"
