episode,steps,total_reward,coins,crates,invalid,killed_self,killed_opponents,survived,epsilon,alpha,buffer
1,400,17.365,9,29,0,0,0,1,1.0,0.0001,400
2,400,22.862,9,51,0,0,0,1,0.999,0.0001,800
3,400,27.219,13,62,0,0,0,1,0.999,0.0001,1200
4,400,19.621,9,52,0,0,0,1,0.998,0.0001,1600
5,400,24.16,9,35,0,0,0,1,0.997,0.0001,2000
6,400,26.147,12,39,0,0,0,1,0.997,0.0001,2400
7,400,19.422,14,45,0,0,0,1,0.996,0.0001,2800
8,400,23.919,11,40,0,0,0,1,0.995,0.0001,3200
9,400,27.1,14,46,0,0,0,1,0.995,0.0001,3600
10,400,29.858,16,47,0,0,0,1,0.994,0.0001,4000
11,400,25.081,13,45,0,0,0,1,0.994,0.0001,4400
12,400,25.088,14,53,0,0,0,1,0.993,0.0001,4800
13,400,19.729,9,34,0,0,0,1,0.992,0.0001,5200
14,400,20.014,11,39,0,0,0,1,0.992,0.0001,5600
15,400,32.286,17,49,0,0,0,1,0.991,0.0001,6000
16,400,30.214,15,58,0,0,0,1,0.99,0.0001,6400
17,400,26.429,13,56,0,0,0,1,0.99,0.0001,6800
18,400,16.982,4,38,0,0,0,1,0.989,0.0001,7200
19,400,17.589,9,44,0,0,0,1,0.988,0.0001,7600
20,400,21.653,12,40,0,0,0,1,0.988,0.0001,8000
21,400,15.861,9,44,0,0,0,1,0.987,0.0001,8400
22,400,25.599,13,40,0,0,0,1,0.986,0.0001,8800
23,400,20.568,8,35,0,0,0,1,0.986,0.0001,9200
24,400,32.434,20,41,0,0,0,1,0.985,0.0001,9600
25,400,22.954,9,37,0,0,0,1,0.984,0.0001,10000
26,400,26.398,13,53,0,0,0,1,0.984,0.0001,10000
27,400,36.016,17,69,0,0,0,1,0.983,0.0001,10000
28,400,28.278,17,42,0,0,0,1,0.983,0.0001,10000
29,400,18.354,9,39,0,0,0,1,0.982,0.0001,10000
30,400,21.641,9,42,0,0,0,1,0.981,0.0001,10000
31,400,33.826,20,55,0,0,0,1,0.981,0.0001,10000
32,400,29.826,14,56,0,0,0,1,0.98,0.0001,10000
33,400,30.526,16,47,0,0,0,1,0.979,0.0001,10000
34,400,5.467,3,31,0,0,0,1,0.979,0.0001,10000
35,400,11.738,4,21,0,0,0,1,0.978,0.0001,10000
36,400,19.463,11,47,0,0,0,1,0.977,0.0001,10000
37,400,27.837,15,48,0,0,0,1,0.977,0.0001,10000
38,400,30.915,15,67,0,0,0,1,0.976,0.0001,10000
39,400,21.456,11,48,0,0,0,1,0.975,0.0001,10000
40,400,31.802,18,48,0,0,0,1,0.975,0.0001,10000
41,400,29.122,13,54,0,0,0,1,0.974,0.0001,10000
42,400,31.4,18,47,0,0,0,1,0.973,0.0001,10000
43,400,16.989,9,44,0,0,0,1,0.973,0.0001,10000
44,400,30.048,18,55,0,0,0,1,0.972,0.0001,10000
45,400,28.294,12,61,0,0,0,1,0.972,0.0001,10000
46,400,25.806,14,45,0,0,0,1,0.971,0.0001,10000
47,400,19.494,9,40,0,0,0,1,0.97,0.0001,10000
48,400,37.296,15,75,0,0,0,1,0.97,0.0001,10000
49,400,24.062,11,66,0,0,0,1,0.969,0.0001,10000
50,400,31.652,17,54,0,0,0,1,0.968,0.0001,10000
51,400,31.426,14,58,0,0,0,1,0.968,0.0001,10000
52,400,27.486,12,37,0,0,0,1,0.967,0.0001,10000
53,400,18.061,9,42,0,0,0,1,0.966,0.0001,10000
54,400,20.462,10,38,0,0,0,1,0.966,0.0001,10000
55,400,17.527,7,31,0,0,0,1,0.965,0.0001,10000
56,400,29.195,12,58,0,0,0,1,0.964,0.0001,10000
57,400,27.179,14,68,0,0,0,1,0.964,0.0001,10000
58,400,26.881,13,46,0,0,0,1,0.963,0.0001,10000
59,400,24.244,13,57,0,0,0,1,0.962,0.0001,10000
60,400,28.868,16,50,0,0,0,1,0.962,0.0001,10000
61,400,22.541,8,36,0,0,0,1,0.961,0.0001,10000
62,400,24.621,11,46,0,0,0,1,0.961,0.0001,10000
63,400,27.525,11,47,0,0,0,1,0.96,0.0001,10000
64,400,18.944,11,37,0,0,0,1,0.959,0.0001,10000
65,400,26.892,12,36,0,0,0,1,0.959,0.0001,10000
66,400,22.678,6,46,0,0,0,1,0.958,0.0001,10000
67,400,21.286,12,37,0,0,0,1,0.957,0.0001,10000
68,400,27.521,15,63,0,0,0,1,0.957,0.0001,10000
69,400,14.04,5,37,0,0,0,1,0.956,0.0001,10000
70,400,30.897,17,67,0,0,0,1,0.955,0.0001,10000
71,400,22.169,14,45,0,0,0,1,0.955,0.0001,10000
72,400,27.526,15,44,0,0,0,1,0.954,0.0001,10000
73,400,9.566,4,28,0,0,0,1,0.953,0.0001,10000
74,400,16.603,10,38,0,0,0,1,0.953,0.0001,10000
75,400,23.683,12,61,0,0,0,1,0.952,0.0001,10000
76,400,23.332,12,42,0,0,0,1,0.952,0.0001,10000
77,400,29.746,15,50,0,0,0,1,0.951,0.0001,10000
78,400,34.627,16,67,0,0,0,1,0.95,0.0001,10000
79,400,29.619,12,57,0,0,0,1,0.95,0.0001,10000
80,400,30.175,14,50,0,0,0,1,0.949,0.0001,10000
81,400,40.798,21,73,0,0,0,1,0.948,0.0001,10000
82,400,27.126,16,61,0,0,0,1,0.948,0.0001,10000
83,400,32.831,16,57,0,0,0,1,0.947,0.0001,10000
84,400,25.37,13,50,0,0,0,1,0.946,0.0001,10000
85,400,19.439,10,31,0,0,0,1,0.946,0.0001,10000
86,400,25.999,13,40,0,0,0,1,0.945,0.0001,10000
87,400,30.854,14,65,0,0,0,1,0.944,0.0001,10000
88,400,32.266,16,50,0,0,0,1,0.944,0.0001,10000
89,400,14.952,5,34,0,0,0,1,0.943,0.0001,10000
90,400,35.445,19,62,0,0,0,1,0.942,0.0001,10000
91,400,27.869,12,44,0,0,0,1,0.942,0.0001,10000
92,400,26.353,12,49,0,0,0,1,0.941,0.0001,10000
93,400,19.304,11,33,0,0,0,1,0.941,0.0001,10000
94,400,22.84,7,44,0,0,0,1,0.94,0.0001,10000
95,400,21.176,9,38,0,0,0,1,0.939,0.0001,10000
96,400,41.166,21,74,0,0,0,1,0.939,0.0001,10000
97,400,22.379,6,30,0,0,0,1,0.938,0.0001,10000
98,400,35.747,19,68,0,0,0,1,0.937,0.0001,10000
99,400,22.864,11,54,0,0,0,1,0.937,0.0001,10000
100,400,33.798,15,44,0,0,0,1,0.936,0.0001,10000
101,400,30.919,13,52,0,0,0,1,0.935,0.0001,10000
102,400,27.328,12,37,0,0,0,1,0.935,0.0001,10000
103,400,16.737,10,34,0,0,0,1,0.934,0.0001,10000
104,400,26.389,9,46,0,0,0,1,0.933,0.0001,10000
105,400,17.717,10,38,0,0,0,1,0.933,0.0001,10000
106,400,31.482,16,61,0,0,0,1,0.932,0.0001,10000
107,400,27.448,13,40,0,0,0,1,0.931,0.0001,10000
108,400,25.026,11,47,0,0,0,1,0.931,0.0001,10000
109,400,29.637,15,58,0,0,0,1,0.93,0.0001,10000
110,400,30.831,15,51,0,0,0,1,0.93,0.0001,10000
111,400,32.112,17,57,0,0,0,1,0.929,0.0001,10000
112,400,27.218,9,52,0,0,0,1,0.928,0.0001,10000
113,400,33.371,15,61,0,0,0,1,0.928,0.0001,10000
114,400,23.192,12,39,0,0,0,1,0.927,0.0001,10000
115,400,25.529,12,59,0,0,0,1,0.926,0.0001,10000
116,400,29.24,16,45,0,0,0,1,0.926,0.0001,10000
117,400,19.588,10,38,0,0,0,1,0.925,0.0001,10000
118,400,36.926,17,61,0,0,0,1,0.924,0.0001,10000
119,400,27.134,11,59,0,0,0,1,0.924,0.0001,10000
120,400,25.317,11,50,0,0,0,1,0.923,0.0001,10000
121,400,28.17,12,56,0,0,0,1,0.922,0.0001,10000
122,400,21.168,10,44,0,0,0,1,0.922,0.0001,10000
123,400,28.766,14,48,0,0,0,1,0.921,0.0001,10000
124,400,30.597,16,56,0,0,0,1,0.92,0.0001,10000
125,400,29.345,13,47,0,0,0,1,0.92,0.0001,10000
126,400,39.678,23,70,0,0,0,1,0.919,0.0001,10000
127,400,31.258,16,55,0,0,0,1,0.919,0.0001,10000
128,400,25.021,13,39,0,0,0,1,0.918,0.0001,10000
129,400,35.946,18,59,0,0,0,1,0.917,0.0001,10000
130,400,38.291,17,77,0,0,0,1,0.917,0.0001,10000
131,400,27.227,14,59,0,0,0,1,0.916,0.0001,10000
132,400,37.36,17,62,0,0,0,1,0.915,0.0001,10000
133,400,32.324,15,48,0,0,0,1,0.915,0.0001,10000
134,400,25.011,14,39,0,0,0,1,0.914,0.0001,10000
135,400,39.939,22,65,0,0,0,1,0.913,0.0001,10000
136,400,33.388,18,55,0,0,0,1,0.913,0.0001,10000
137,400,29.516,18,71,0,0,0,1,0.912,0.0001,10000
138,400,36.467,16,55,0,0,0,1,0.911,0.0001,10000
139,400,45.378,21,63,0,0,0,1,0.911,0.0001,10000
140,400,27.257,9,55,0,0,0,1,0.91,0.0001,10000
141,400,35.263,20,67,0,0,0,1,0.909,0.0001,10000
142,400,20.473,10,44,0,0,0,1,0.909,0.0001,10000
143,400,36.856,16,60,0,0,0,1,0.908,0.0001,10000
144,400,26.144,13,50,0,0,0,1,0.908,0.0001,10000
145,400,35.66,18,70,0,0,0,1,0.907,0.0001,10000
146,400,30.982,15,50,0,0,0,1,0.906,0.0001,10000
147,400,34.141,15,62,0,0,0,1,0.906,0.0001,10000
148,400,22.47,10,40,0,0,0,1,0.905,0.0001,10000
149,400,15.481,7,42,0,0,0,1,0.904,0.0001,10000
150,400,42.244,25,67,0,0,0,1,0.904,0.0001,10000
151,400,31.942,17,45,0,0,0,1,0.903,0.0001,10000
152,400,20.077,10,41,0,0,0,1,0.902,0.0001,10000
153,400,24.197,13,38,0,0,0,1,0.902,0.0001,10000
154,400,24.653,12,47,0,0,0,1,0.901,0.0001,10000
155,400,35.617,14,64,0,0,0,1,0.9,0.0001,10000
156,400,32.437,17,53,0,0,0,1,0.9,0.0001,10000
157,400,29.434,15,62,0,0,0,1,0.899,0.0001,10000
158,400,29.544,13,58,0,0,0,1,0.898,0.0001,10000
159,400,23.144,10,48,0,0,0,1,0.898,0.0001,10000
160,400,39.143,19,61,0,0,0,1,0.897,0.0001,10000
161,400,39.067,17,63,0,0,0,1,0.897,0.0001,10000
162,400,35.895,17,54,0,0,0,1,0.896,0.0001,10000
163,400,28.618,13,48,0,0,0,1,0.895,0.0001,10000
164,400,23.093,9,55,0,0,0,1,0.895,0.0001,10000
165,400,32.64,16,67,0,0,0,1,0.894,0.0001,10000
166,400,30.388,17,56,0,0,0,1,0.893,0.0001,10000
167,400,29.995,14,58,0,0,0,1,0.893,0.0001,10000
168,400,25.529,14,50,0,0,0,1,0.892,0.0001,10000
169,400,31.951,14,52,0,0,0,1,0.891,0.0001,10000
170,400,15.805,10,37,0,0,0,1,0.891,0.0001,10000
171,400,30.33,14,44,0,0,0,1,0.89,0.0001,10000
172,400,32.106,18,52,0,0,0,1,0.889,0.0001,10000
173,400,24.341,9,46,0,0,0,1,0.889,0.0001,10000
174,400,31.931,12,61,0,0,0,1,0.888,0.0001,10000
175,400,34.09,20,68,0,0,0,1,0.887,0.0001,10000
176,400,30.461,14,51,0,0,0,1,0.887,0.0001,10000
177,400,42.33,20,73,0,0,0,1,0.886,0.0001,10000
178,400,29.069,11,48,0,0,0,1,0.886,0.0001,10000
179,400,29.645,13,64,0,0,0,1,0.885,0.0001,10000
180,400,22.842,11,43,0,0,0,1,0.884,0.0001,10000
181,400,24.518,17,49,0,0,0,1,0.884,0.0001,10000
182,400,37.506,16,71,0,0,0,1,0.883,0.0001,10000
183,400,31.752,14,51,0,0,0,1,0.882,0.0001,10000
184,400,32.003,14,61,0,0,0,1,0.882,0.0001,10000
185,400,40.583,19,72,0,0,0,1,0.881,0.0001,10000
186,400,31.542,14,64,0,0,0,1,0.88,0.0001,10000
187,400,17.829,9,35,0,0,0,1,0.88,0.0001,10000
188,400,34.096,18,64,0,0,0,1,0.879,0.0001,10000
189,400,31.759,18,54,0,0,0,1,0.878,0.0001,10000
190,400,37.056,16,72,0,0,0,1,0.878,0.0001,10000
191,400,31.059,17,45,0,0,0,1,0.877,0.0001,10000
192,400,24.394,11,39,0,0,0,1,0.876,0.0001,10000
193,400,38.273,19,69,0,0,0,1,0.876,0.0001,10000
194,400,35.914,18,59,0,0,0,1,0.875,0.0001,10000
195,400,17.885,9,32,0,0,0,1,0.875,0.0001,10000
196,400,30.956,14,57,0,0,0,1,0.874,0.0001,10000
197,400,30.888,16,59,0,0,0,1,0.873,0.0001,10000
198,400,35.238,17,62,0,0,0,1,0.873,0.0001,10000
199,400,36.713,16,62,0,0,0,1,0.872,0.0001,10000
200,400,25.006,8,46,0,0,0,1,0.871,0.0001,10000
201,400,27.208,13,55,0,0,0,1,0.871,0.0001,10000
202,400,24.098,10,59,0,0,0,1,0.87,0.0001,10000
203,400,33.938,15,48,0,0,0,1,0.869,0.0001,10000
204,400,38.649,18,80,0,0,0,1,0.869,0.0001,10000
205,400,33.216,12,55,0,0,0,1,0.868,0.0001,10000
206,400,34.528,19,58,0,0,0,1,0.867,0.0001,10000
207,400,41.04,23,64,0,0,0,1,0.867,0.0001,10000
208,400,44.668,23,78,0,0,0,1,0.866,0.0001,10000
209,400,25.943,10,36,0,0,0,1,0.865,0.0001,10000
210,400,30.909,15,53,0,0,0,1,0.865,0.0001,10000
211,400,22.805,13,36,0,0,0,1,0.864,0.0001,10000
212,400,42.478,20,78,0,0,0,1,0.864,0.0001,10000
213,400,33.803,16,61,0,0,0,1,0.863,0.0001,10000
214,400,43.597,20,85,0,0,0,1,0.862,0.0001,10000
215,400,22.401,10,36,0,0,0,1,0.862,0.0001,10000
216,400,34.726,15,60,0,0,0,1,0.861,0.0001,10000
217,400,36.343,18,54,0,0,0,1,0.86,0.0001,10000
218,400,32.321,16,57,0,0,0,1,0.86,0.0001,10000
219,400,31.95,16,67,0,0,0,1,0.859,0.0001,10000
220,400,37.096,17,61,0,0,0,1,0.858,0.0001,10000
221,400,34.026,15,51,0,0,0,1,0.858,0.0001,10000
222,400,37.079,17,63,0,0,0,1,0.857,0.0001,10000
223,400,31.806,12,65,0,0,0,1,0.856,0.0001,10000
224,400,43.152,21,70,0,0,0,1,0.856,0.0001,10000
225,400,35.704,20,58,0,0,0,1,0.855,0.0001,10000
226,400,28.836,14,50,0,0,0,1,0.855,0.0001,10000
227,400,42.551,21,78,0,0,0,1,0.854,0.0001,10000
228,400,27.856,14,44,0,0,0,1,0.853,0.0001,10000
229,400,54.447,28,87,0,0,0,1,0.853,0.0001,10000
230,400,43.108,27,70,0,0,0,1,0.852,0.0001,10000
231,400,24.951,12,41,0,0,0,1,0.851,0.0001,10000
232,400,30.232,13,63,0,0,0,1,0.851,0.0001,10000
233,400,45.804,22,73,0,0,0,1,0.85,0.0001,10000
234,400,30.096,18,48,0,0,0,1,0.849,0.0001,10000
235,400,39.522,20,57,0,0,0,1,0.849,0.0001,10000
236,400,25.876,11,40,0,0,0,1,0.848,0.0001,10000
237,400,34.49,15,65,0,0,0,1,0.847,0.0001,10000
238,400,28.629,16,50,0,0,0,1,0.847,0.0001,10000
239,400,30.681,14,43,0,0,0,1,0.846,0.0001,10000
240,400,28.584,15,55,0,0,0,1,0.845,0.0001,10000
241,400,22.537,7,39,0,0,0,1,0.845,0.0001,10000
242,400,23.663,12,39,0,0,0,1,0.844,0.0001,10000
243,400,35.924,16,60,0,0,0,1,0.844,0.0001,10000
244,400,30.162,12,66,0,0,0,1,0.843,0.0001,10000
245,400,32.639,16,63,0,0,0,1,0.842,0.0001,10000
246,400,38.913,16,68,0,0,0,1,0.842,0.0001,10000
247,400,41.016,22,62,0,0,0,1,0.841,0.0001,10000
248,400,26.01,13,48,0,0,0,1,0.84,0.0001,10000
249,400,29.946,14,48,0,0,0,1,0.84,0.0001,10000
250,400,47.695,19,92,0,0,0,1,0.839,0.0001,10000
251,400,31.286,14,54,0,0,0,1,0.838,0.0001,10000
252,400,36.934,18,60,0,0,0,1,0.838,0.0001,10000
253,400,17.321,10,39,0,0,0,1,0.837,0.0001,10000
254,400,36.709,19,66,0,0,0,1,0.836,0.0001,10000
255,400,41.466,18,84,0,0,0,1,0.836,0.0001,10000
256,400,42.003,18,70,0,0,0,1,0.835,0.0001,10000
257,400,44.343,19,64,0,0,0,1,0.834,0.0001,10000
258,400,31.16,16,50,0,0,0,1,0.834,0.0001,10000
259,400,27.266,14,55,0,0,0,1,0.833,0.0001,10000
260,400,27.054,12,48,0,0,0,1,0.833,0.0001,10000
261,400,33.558,17,63,0,0,0,1,0.832,0.0001,10000
262,400,41.299,21,84,0,0,0,1,0.831,0.0001,10000
263,400,40.447,21,75,0,0,0,1,0.831,0.0001,10000
264,400,42.5,23,65,0,0,0,1,0.83,0.0001,10000
265,400,34.068,17,61,0,0,0,1,0.829,0.0001,10000
266,400,36.346,20,58,0,0,0,1,0.829,0.0001,10000
267,400,37.499,19,55,0,0,0,1,0.828,0.0001,10000
268,400,32.396,16,58,0,0,0,1,0.827,0.0001,10000
269,400,43.709,22,73,0,0,0,1,0.827,0.0001,10000
270,400,37.473,16,63,0,0,0,1,0.826,0.0001,10000
271,400,43.517,21,67,0,0,0,1,0.825,0.0001,10000
272,400,41.91,24,65,0,0,0,1,0.825,0.0001,10000
273,400,42.54,22,74,0,0,0,1,0.824,0.0001,10000
274,400,32.443,16,67,0,0,0,1,0.823,0.0001,10000
275,400,43.271,21,63,0,0,0,1,0.823,0.0001,10000
276,400,52.35,26,85,0,0,0,1,0.822,0.0001,10000
277,400,42.238,24,72,0,0,0,1,0.822,0.0001,10000
278,400,40.206,17,64,0,0,0,1,0.821,0.0001,10000
279,400,32.498,13,63,0,0,0,1,0.82,0.0001,10000
280,400,28.955,14,57,0,0,0,1,0.82,0.0001,10000
281,400,46.084,21,82,0,0,0,1,0.819,0.0001,10000
282,400,36.683,18,83,0,0,0,1,0.818,0.0001,10000
283,400,33.617,15,63,0,0,0,1,0.818,0.0001,10000
284,400,36.087,17,54,0,0,0,1,0.817,0.0001,10000
285,400,40.219,20,62,0,0,0,1,0.816,0.0001,10000
286,400,33.722,15,61,0,0,0,1,0.816,0.0001,10000
287,400,34.486,15,56,0,0,0,1,0.815,0.0001,10000
288,400,42.617,21,62,0,0,0,1,0.814,0.0001,10000
289,400,28.924,15,39,0,0,0,1,0.814,0.0001,10000
290,400,34.423,17,63,0,0,0,1,0.813,0.0001,10000
291,400,39.562,15,74,0,0,0,1,0.812,0.0001,10000
292,400,40.848,20,72,0,0,0,1,0.812,0.0001,10000
293,400,33.901,19,50,0,0,0,1,0.811,0.0001,10000
294,400,46.654,23,80,0,0,0,1,0.811,0.0001,10000
295,400,40.095,19,82,0,0,0,1,0.81,0.0001,10000
296,400,21.776,7,49,0,0,0,1,0.809,0.0001,10000
297,400,37.063,18,78,0,0,0,1,0.809,0.0001,10000
298,400,32.711,17,60,0,0,0,1,0.808,0.0001,10000
299,400,45.578,23,67,0,0,0,1,0.807,0.0001,10000
300,400,29.742,14,51,0,0,0,1,0.807,0.0001,10000
301,400,50.186,23,73,0,0,0,1,0.806,0.0001,10000
302,400,34.439,14,62,0,0,0,1,0.805,0.0001,10000
303,400,38.215,20,62,0,0,0,1,0.805,0.0001,10000
304,400,44.918,25,82,0,0,0,1,0.804,0.0001,10000
305,400,35.466,18,59,0,0,0,1,0.803,0.0001,10000
306,400,33.162,17,54,0,0,0,1,0.803,0.0001,10000
307,400,38.634,16,64,0,0,0,1,0.802,0.0001,10000
308,400,41.792,22,63,0,0,0,1,0.801,0.0001,10000
309,400,48.733,26,77,0,0,0,1,0.801,0.0001,10000
310,400,41.897,23,74,0,0,0,1,0.8,0.0001,10000
311,400,29.663,14,64,0,0,0,1,0.8,0.0001,10000
312,400,32.508,18,52,0,0,0,1,0.799,0.0001,10000
313,400,40.306,18,54,0,0,0,1,0.798,0.0001,10000
314,400,46.914,19,84,0,0,0,1,0.798,0.0001,10000
315,400,37.789,18,70,0,0,0,1,0.797,0.0001,10000
316,400,24.977,8,56,0,0,0,1,0.796,0.0001,10000
317,400,43.414,18,76,0,0,0,1,0.796,0.0001,10000
318,400,37.812,15,73,0,0,0,1,0.795,0.0001,10000
319,400,36.363,17,65,0,0,0,1,0.794,0.0001,10000
320,400,44.987,22,71,0,0,0,1,0.794,0.0001,10000
321,400,49.292,23,76,0,0,0,1,0.793,0.0001,10000
322,400,36.929,19,56,0,0,0,1,0.792,0.0001,10000
323,400,41.921,20,60,0,0,0,1,0.792,0.0001,10000
324,400,38.952,19,67,0,0,0,1,0.791,0.0001,10000
325,400,34.314,14,72,0,0,0,1,0.79,0.0001,10000
326,400,37.684,17,49,0,0,0,1,0.79,0.0001,10000
327,400,49.859,25,86,0,0,0,1,0.789,0.0001,10000
328,400,35.656,16,65,0,0,0,1,0.789,0.0001,10000
329,400,41.639,21,64,0,0,0,1,0.788,0.0001,10000
330,400,37.226,17,68,0,0,0,1,0.787,0.0001,10000
331,400,45.626,20,71,0,0,0,1,0.787,0.0001,10000
332,400,39.5,20,62,0,0,0,1,0.786,0.0001,10000
333,400,34.871,15,55,0,0,0,1,0.785,0.0001,10000
334,400,40.388,20,67,0,0,0,1,0.785,0.0001,10000
335,400,49.823,23,71,0,0,0,1,0.784,0.0001,10000
336,400,40.48,21,73,0,0,0,1,0.783,0.0001,10000
337,400,36.451,13,63,0,0,0,1,0.783,0.0001,10000
338,400,47.73,23,82,0,0,0,1,0.782,0.0001,10000
339,400,34.007,14,55,0,0,0,1,0.781,0.0001,10000
340,400,60.812,28,78,0,0,0,1,0.781,0.0001,10000
341,400,39.421,18,59,0,0,0,1,0.78,0.0001,10000
342,400,46.178,23,63,0,0,0,1,0.779,0.0001,10000
343,400,41.638,23,63,0,0,0,1,0.779,0.0001,10000
344,400,42.984,23,75,0,0,0,1,0.778,0.0001,10000
345,400,43.387,23,68,0,0,0,1,0.778,0.0001,10000
346,400,34.021,14,54,0,0,0,1,0.777,0.0001,10000
347,400,31.529,14,71,0,0,0,1,0.776,0.0001,10000
348,400,42.607,20,75,0,0,0,1,0.776,0.0001,10000
349,400,43.914,18,78,0,0,0,1,0.775,0.0001,10000
350,400,43.633,23,81,0,0,0,1,0.774,0.0001,10000
351,400,52.128,28,78,0,0,0,1,0.774,0.0001,10000
352,400,43.943,17,86,0,0,0,1,0.773,0.0001,10000
353,400,22.338,6,29,0,0,0,1,0.772,0.0001,10000
354,400,39.239,17,65,0,0,0,1,0.772,0.0001,10000
355,400,29.053,12,45,0,0,0,1,0.771,0.0001,10000
356,400,42.254,18,86,0,0,0,1,0.77,0.0001,10000
357,400,39.452,14,64,0,0,0,1,0.77,0.0001,10000
358,400,39.705,18,74,0,0,0,1,0.769,0.0001,10000
359,400,44.344,15,88,0,0,0,1,0.768,0.0001,10000
360,400,41.903,20,64,0,0,0,1,0.768,0.0001,10000
361,400,38.567,15,64,0,0,0,1,0.767,0.0001,10000
362,400,44.249,22,69,0,0,0,1,0.767,0.0001,10000
363,400,33.694,18,60,0,0,0,1,0.766,0.0001,10000
364,400,33.647,17,61,0,0,0,1,0.765,0.0001,10000
365,400,40.454,18,70,0,0,0,1,0.765,0.0001,10000
366,400,47.125,18,87,0,0,0,1,0.764,0.0001,10000
367,400,28.222,12,46,0,0,0,1,0.763,0.0001,10000
368,400,39.686,22,75,0,0,0,1,0.763,0.0001,10000
369,400,51.167,25,87,0,0,0,1,0.762,0.0001,10000
370,400,50.005,23,91,0,0,0,1,0.761,0.0001,10000
371,400,32.06,13,73,0,0,0,1,0.761,0.0001,10000
372,400,41.957,20,63,0,0,0,1,0.76,0.0001,10000
373,400,42.898,22,76,0,0,0,1,0.759,0.0001,10000
374,400,44.743,19,66,0,0,0,1,0.759,0.0001,10000
375,400,41.383,15,73,0,0,0,1,0.758,0.0001,10000
376,400,54.997,27,74,0,0,0,1,0.758,0.0001,10000
377,400,40.758,14,63,0,0,0,1,0.757,0.0001,10000
378,400,43.626,21,82,0,0,0,1,0.756,0.0001,10000
379,400,33.11,15,57,0,0,0,1,0.756,0.0001,10000
380,400,45.453,21,64,0,0,0,1,0.755,0.0001,10000
381,400,35.162,17,64,0,0,0,1,0.754,0.0001,10000
382,400,39.564,17,63,0,0,0,1,0.754,0.0001,10000
383,400,43.471,20,78,0,0,0,1,0.753,0.0001,10000
384,400,43.654,22,86,0,0,0,1,0.752,0.0001,10000
385,400,44.165,18,75,0,0,0,1,0.752,0.0001,10000
386,400,52.147,25,96,0,0,0,1,0.751,0.0001,10000
387,400,33.189,15,60,0,0,0,1,0.75,0.0001,10000
388,400,40.398,19,78,0,0,0,1,0.75,0.0001,10000
389,400,44.802,18,80,0,0,0,1,0.749,0.0001,10000
390,400,35.64,16,64,0,0,0,1,0.748,0.0001,10000
391,400,41.27,18,61,0,0,0,1,0.748,0.0001,10000
392,400,49.534,26,84,0,0,0,1,0.747,0.0001,10000
393,400,53.822,27,78,0,0,0,1,0.747,0.0001,10000
394,400,51.053,25,84,0,0,0,1,0.746,0.0001,10000
395,400,52.419,21,87,0,0,0,1,0.745,0.0001,10000
396,400,37.983,17,64,0,0,0,1,0.745,0.0001,10000
397,400,49.78,24,85,0,0,0,1,0.744,0.0001,10000
398,400,43.747,20,69,0,0,0,1,0.743,0.0001,10000
399,400,47.624,19,80,0,0,0,1,0.743,0.0001,10000
400,400,40.289,16,72,0,0,0,1,0.742,0.0001,10000
401,400,55.579,24,89,0,0,0,1,0.741,0.0001,10000
402,400,34.415,17,57,0,0,0,1,0.741,0.0001,10000
403,400,51.611,24,87,0,0,0,1,0.74,0.0001,10000
404,400,41.767,21,60,0,0,0,1,0.739,0.0001,10000
405,400,32.9,13,47,0,0,0,1,0.739,0.0001,10000
406,400,50.483,27,81,0,0,0,1,0.738,0.0001,10000
407,400,50.026,24,79,0,0,0,1,0.737,0.0001,10000
408,400,56.19,23,83,0,0,0,1,0.737,0.0001,10000
409,400,37.962,19,75,0,0,0,1,0.736,0.0001,10000
410,400,46.562,23,77,0,0,0,1,0.736,0.0001,10000
411,400,53.716,24,78,0,0,0,1,0.735,0.0001,10000
412,400,43.602,22,56,0,0,0,1,0.734,0.0001,10000
413,400,49.61,20,84,0,0,0,1,0.734,0.0001,10000
414,400,45.055,23,77,0,0,0,1,0.733,0.0001,10000
415,400,40.84,18,68,0,0,0,1,0.732,0.0001,10000
416,400,35.378,15,48,0,0,0,1,0.732,0.0001,10000
417,400,48.177,23,84,0,0,0,1,0.731,0.0001,10000
418,400,41.448,21,76,0,0,0,1,0.73,0.0001,10000
419,400,40.492,18,80,0,0,0,1,0.73,0.0001,10000
420,400,33.409,14,54,0,0,0,1,0.729,0.0001,10000
421,400,50.648,25,77,0,0,0,1,0.728,0.0001,10000
422,400,38.114,20,61,0,0,0,1,0.728,0.0001,10000
423,400,48.244,18,72,0,0,0,1,0.727,0.0001,10000
424,400,51.825,24,84,0,0,0,1,0.726,0.0001,10000
425,400,38.989,21,71,0,0,0,1,0.726,0.0001,10000
426,400,46.67,22,78,0,0,0,1,0.725,0.0001,10000
427,400,54.563,23,85,0,0,0,1,0.725,0.0001,10000
428,400,42.605,18,73,0,0,0,1,0.724,0.0001,10000
429,400,54.386,23,75,0,0,0,1,0.723,0.0001,10000
430,400,38.5,16,73,0,0,0,1,0.723,0.0001,10000
431,400,50.019,21,81,0,0,0,1,0.722,0.0001,10000
432,400,44.151,21,64,0,0,0,1,0.721,0.0001,10000
433,400,49.69,25,88,0,0,0,1,0.721,0.0001,10000
434,400,39.366,14,73,0,0,0,1,0.72,0.0001,10000
435,400,40.486,19,72,0,0,0,1,0.719,0.0001,10000
436,400,54.736,25,74,0,0,0,1,0.719,0.0001,10000
437,400,42.743,21,77,0,0,0,1,0.718,0.0001,10000
438,400,45.05,20,71,0,0,0,1,0.717,0.0001,10000
439,400,50.09,22,73,0,0,0,1,0.717,0.0001,10000
440,400,51.611,18,86,0,0,0,1,0.716,0.0001,10000
441,400,50.101,25,86,0,0,0,1,0.715,0.0001,10000
442,400,55.547,28,79,0,0,0,1,0.715,0.0001,10000
443,400,46.061,22,84,0,0,0,1,0.714,0.0001,10000
444,400,47.879,21,81,0,0,0,1,0.714,0.0001,10000
445,400,57.208,31,87,0,0,0,1,0.713,0.0001,10000
446,400,42.771,21,74,0,0,0,1,0.712,0.0001,10000
447,400,54.21,25,86,0,0,0,1,0.712,0.0001,10000
448,400,46.676,24,76,0,0,0,1,0.711,0.0001,10000
449,400,42.325,24,69,0,0,0,1,0.71,0.0001,10000
450,400,56.919,25,92,0,0,0,1,0.71,0.0001,10000
451,400,51.085,26,89,0,0,0,1,0.709,0.0001,10000
452,400,43.377,20,76,0,0,0,1,0.708,0.0001,10000
453,400,51.601,25,76,0,0,0,1,0.708,0.0001,10000
454,400,39.648,13,59,0,0,0,1,0.707,0.0001,10000
455,400,43.791,21,59,0,0,0,1,0.706,0.0001,10000
456,400,50.64,22,67,0,0,0,1,0.706,0.0001,10000
457,400,38.299,14,69,0,0,0,1,0.705,0.0001,10000
458,400,50.904,22,94,0,0,0,1,0.704,0.0001,10000
459,400,51.372,22,68,0,0,0,1,0.704,0.0001,10000
460,400,39.918,17,68,0,0,0,1,0.703,0.0001,10000
461,400,39.15,16,68,0,0,0,1,0.703,0.0001,10000
462,400,45.065,16,87,0,0,0,1,0.702,0.0001,10000
463,400,55.628,28,94,0,0,0,1,0.701,0.0001,10000
464,400,55.906,29,82,0,0,0,1,0.701,0.0001,10000
465,400,44.02,18,67,0,0,0,1,0.7,0.0001,10000
466,400,60.228,27,94,0,0,0,1,0.699,0.0001,10000
467,400,47.979,25,77,0,0,0,1,0.699,0.0001,10000
468,400,39.081,20,58,0,0,0,1,0.698,0.0001,10000
469,400,45.088,23,72,0,0,0,1,0.697,0.0001,10000
470,400,50.192,25,76,0,0,0,1,0.697,0.0001,10000
471,400,36.792,16,58,0,0,0,1,0.696,0.0001,10000
472,400,44.631,22,81,0,0,0,1,0.695,0.0001,10000
473,400,35.402,18,47,0,0,0,1,0.695,0.0001,10000
474,400,47.011,18,73,0,0,0,1,0.694,0.0001,10000
475,400,34.15,12,56,0,0,0,1,0.693,0.0001,10000
476,400,40.167,21,62,0,0,0,1,0.693,0.0001,10000
477,400,51.42,25,89,0,0,0,1,0.692,0.0001,10000
478,400,39.563,19,78,0,0,0,1,0.692,0.0001,10000
479,400,60.226,28,90,0,0,0,1,0.691,0.0001,10000
480,400,39.98,17,59,0,0,0,1,0.69,0.0001,10000
481,400,36.277,14,76,0,0,0,1,0.69,0.0001,10000
482,400,46.912,25,62,0,0,0,1,0.689,0.0001,10000
483,400,46.961,23,78,0,0,0,1,0.688,0.0001,10000
484,400,40.613,20,68,0,0,0,1,0.688,0.0001,10000
485,400,45.226,21,72,0,0,0,1,0.687,0.0001,10000
486,400,37.345,17,66,0,0,0,1,0.686,0.0001,10000
487,400,44.665,18,67,0,0,0,1,0.686,0.0001,10000
488,400,55.509,28,85,0,0,0,1,0.685,0.0001,10000
489,400,58.029,28,73,0,0,0,1,0.684,0.0001,10000
490,400,55.702,28,81,0,0,0,1,0.684,0.0001,10000
491,400,38.962,18,55,0,0,0,1,0.683,0.0001,10000
492,400,31.265,14,53,0,0,0,1,0.682,0.0001,10000
493,400,44.981,20,70,0,0,0,1,0.682,0.0001,10000
494,400,37.925,15,66,0,0,0,1,0.681,0.0001,10000
495,400,40.828,18,65,0,0,0,1,0.681,0.0001,10000
496,400,47.073,22,83,0,0,0,1,0.68,0.0001,10000
497,400,41.308,19,61,0,0,0,1,0.679,0.0001,10000
498,400,47.708,22,73,0,0,0,1,0.679,0.0001,10000
499,400,49.246,21,65,0,0,0,1,0.678,0.0001,10000
500,400,47.966,22,77,0,0,0,1,0.677,0.0001,10000
501,400,50.557,24,84,0,0,0,1,0.677,0.0001,10000
502,400,61.569,32,85,0,0,0,1,0.676,0.0001,10000
503,400,41.459,17,67,0,0,0,1,0.675,0.0001,10000
504,400,32.352,14,55,0,0,0,1,0.675,0.0001,10000
505,400,54.867,26,91,0,0,0,1,0.674,0.0001,10000
506,400,38.862,17,70,0,0,0,1,0.673,0.0001,10000
507,400,37.085,18,65,0,0,0,1,0.673,0.0001,10000
508,400,47.078,21,66,0,0,0,1,0.672,0.0001,10000
509,400,36.934,17,53,0,0,0,1,0.671,0.0001,10000
510,400,50.177,20,75,0,0,0,1,0.671,0.0001,10000
511,400,34.321,11,56,0,0,0,1,0.67,0.0001,10000
512,400,50.017,23,89,0,0,0,1,0.67,0.0001,10000
513,400,37.084,14,62,0,0,0,1,0.669,0.0001,10000
514,400,50.075,22,87,0,0,0,1,0.668,0.0001,10000
515,400,56.623,28,99,0,0,0,1,0.668,0.0001,10000
516,400,42.928,21,77,0,0,0,1,0.667,0.0001,10000
517,400,57.489,33,74,0,0,0,1,0.666,0.0001,10000
518,400,42.837,18,74,0,0,0,1,0.666,0.0001,10000
519,400,50.487,28,70,0,0,0,1,0.665,0.0001,10000
520,400,56.352,25,100,0,0,0,1,0.664,0.0001,10000
521,400,50.461,21,91,0,0,0,1,0.664,0.0001,10000
522,400,59.822,33,97,0,0,0,1,0.663,0.0001,10000
523,400,51.257,25,68,0,0,0,1,0.662,0.0001,10000
524,400,53.127,25,76,0,0,0,1,0.662,0.0001,10000
525,400,44.288,18,67,0,0,0,1,0.661,0.0001,10000
526,400,41.411,17,72,0,0,0,1,0.66,0.0001,10000
527,400,52.252,22,91,0,0,0,1,0.66,0.0001,10000
528,400,33.43,14,61,0,0,0,1,0.659,0.0001,10000
529,400,55.092,26,87,0,0,0,1,0.659,0.0001,10000
530,400,44.726,21,74,0,0,0,1,0.658,0.0001,10000
531,400,56.871,21,89,0,0,0,1,0.657,0.0001,10000
532,400,34.899,14,58,0,0,0,1,0.657,0.0001,10000
533,400,53.625,24,79,0,0,0,1,0.656,0.0001,10000
534,400,48.354,23,70,0,0,0,1,0.655,0.0001,10000
535,400,40.265,16,66,0,0,0,1,0.655,0.0001,10000
536,400,42.936,21,66,0,0,0,1,0.654,0.0001,10000
537,400,49.315,22,83,0,0,0,1,0.653,0.0001,10000
538,400,51.463,25,93,0,0,0,1,0.653,0.0001,10000
539,400,52.627,24,85,0,0,0,1,0.652,0.0001,10000
540,400,52.543,27,87,0,0,0,1,0.651,0.0001,10000
541,400,54.352,27,96,0,0,0,1,0.651,0.0001,10000
542,400,49.362,23,77,0,0,0,1,0.65,0.0001,10000
543,400,43.311,21,54,0,0,0,1,0.65,0.0001,10000
544,400,49.588,23,70,0,0,0,1,0.649,0.0001,10000
545,400,37.9,18,76,0,0,0,1,0.648,0.0001,10000
546,400,52.778,28,77,0,0,0,1,0.648,0.0001,10000
547,400,53.314,20,68,0,0,0,1,0.647,0.0001,10000
548,400,49.469,23,83,0,0,0,1,0.646,0.0001,10000
549,400,41.872,19,67,0,0,0,1,0.646,0.0001,10000
550,400,48.337,24,78,0,0,0,1,0.645,0.0001,10000
551,400,53.975,29,79,0,0,0,1,0.644,0.0001,10000
552,400,49.395,26,67,0,0,0,1,0.644,0.0001,10000
553,400,58.282,29,83,0,0,0,1,0.643,0.0001,10000
554,400,54.72,27,82,0,0,0,1,0.642,0.0001,10000
555,400,45.282,23,66,0,0,0,1,0.642,0.0001,10000
556,400,49.141,22,86,0,0,0,1,0.641,0.0001,10000
557,400,39.708,16,68,0,0,0,1,0.64,0.0001,10000
558,400,49.344,22,81,0,0,0,1,0.64,0.0001,10000
559,400,63.799,30,100,0,0,0,1,0.639,0.0001,10000
560,400,65.973,34,96,0,0,0,1,0.639,0.0001,10000
561,400,51.41,25,77,0,0,0,1,0.638,0.0001,10000
562,400,46.63,22,65,0,0,0,1,0.637,0.0001,10000
563,400,42.552,17,60,0,0,0,1,0.637,0.0001,10000
564,400,45.086,20,72,0,0,0,1,0.636,0.0001,10000
565,400,51.404,23,80,0,0,0,1,0.635,0.0001,10000
566,400,53.215,25,78,0,0,0,1,0.635,0.0001,10000
567,400,57.05,26,97,0,0,0,1,0.634,0.0001,10000
568,400,47.918,24,67,0,0,0,1,0.633,0.0001,10000
569,400,46.235,18,78,0,0,0,1,0.633,0.0001,10000
570,400,57.461,23,96,0,0,0,1,0.632,0.0001,10000
571,400,44.279,22,61,0,0,0,1,0.631,0.0001,10000
572,400,67.036,31,105,0,0,0,1,0.631,0.0001,10000
573,400,54.189,23,95,0,0,0,1,0.63,0.0001,10000
574,400,40.906,22,60,0,0,0,1,0.629,0.0001,10000
575,400,56.558,28,83,0,0,0,1,0.629,0.0001,10000
576,400,49.237,25,83,0,0,0,1,0.628,0.0001,10000
577,400,45.713,17,89,0,0,0,1,0.628,0.0001,10000
578,400,61.959,25,98,0,0,0,1,0.627,0.0001,10000
579,400,52.915,23,89,0,0,0,1,0.626,0.0001,10000
580,400,51.615,25,78,0,0,0,1,0.626,0.0001,10000
581,400,48.609,20,70,0,0,0,1,0.625,0.0001,10000
582,400,60.586,29,92,0,0,0,1,0.624,0.0001,10000
583,400,50.756,24,68,0,0,0,1,0.624,0.0001,10000
584,400,60.438,33,96,0,0,0,1,0.623,0.0001,10000
585,400,61.036,30,104,0,0,0,1,0.622,0.0001,10000
586,400,61.803,33,101,0,0,0,1,0.622,0.0001,10000
587,400,64.553,32,96,0,0,0,1,0.621,0.0001,10000
588,400,53.216,22,83,0,0,0,1,0.62,0.0001,10000
589,400,32.903,18,42,0,0,0,1,0.62,0.0001,10000
590,400,56.056,23,71,0,0,0,1,0.619,0.0001,10000
591,400,45.265,19,69,0,0,0,1,0.618,0.0001,10000
592,400,55.025,26,81,0,0,0,1,0.618,0.0001,10000
593,400,59.402,28,82,0,0,0,1,0.617,0.0001,10000
594,400,33.623,16,40,0,0,0,1,0.617,0.0001,10000
595,400,45.855,23,81,0,0,0,1,0.616,0.0001,10000
596,400,50.675,22,86,0,0,0,1,0.615,0.0001,10000
597,400,55.083,25,75,0,0,0,1,0.615,0.0001,10000
598,400,49.396,19,83,0,0,0,1,0.614,0.0001,10000
599,400,45.111,21,77,0,0,0,1,0.613,0.0001,10000
600,400,54.446,25,100,0,0,0,1,0.613,0.0001,10000
601,400,42.397,18,58,0,0,0,1,0.612,0.0001,10000
602,400,44.592,22,78,0,0,0,1,0.611,0.0001,10000
603,400,66.147,34,103,0,0,0,1,0.611,0.0001,10000
604,400,37.98,18,83,0,0,0,1,0.61,0.0001,10000
605,400,63.192,32,92,0,0,0,1,0.609,0.0001,10000
606,400,47.097,19,88,0,0,0,1,0.609,0.0001,10000
607,400,45.662,21,85,0,0,0,1,0.608,0.0001,10000
608,400,50.136,26,86,0,0,0,1,0.607,0.0001,10000
609,400,44.538,24,63,0,0,0,1,0.607,0.0001,10000
610,400,56.878,27,93,0,0,0,1,0.606,0.0001,10000
611,400,36.896,18,71,0,0,0,1,0.606,0.0001,10000
612,400,46.957,26,79,0,0,0,1,0.605,0.0001,10000
613,400,36.971,18,67,0,0,0,1,0.604,0.0001,10000
614,400,61.053,29,96,0,0,0,1,0.604,0.0001,10000
615,400,47.395,18,91,0,0,0,1,0.603,0.0001,10000
616,400,44.413,20,79,0,0,0,1,0.602,0.0001,10000
617,400,59.74,28,85,0,0,0,1,0.602,0.0001,10000
618,400,56.376,24,83,0,0,0,1,0.601,0.0001,10000
619,400,51.303,25,84,0,0,0,1,0.6,0.0001,10000
620,400,53.599,25,87,0,0,0,1,0.6,0.0001,10000
621,400,43.066,18,84,0,0,0,1,0.599,0.0001,10000
622,400,49.401,24,68,0,0,0,1,0.598,0.0001,10000
623,400,43.078,20,73,0,0,0,1,0.598,0.0001,10000
624,400,37.936,18,61,0,0,0,1,0.597,0.0001,10000
625,400,46.454,24,70,0,0,0,1,0.596,0.0001,10000
626,400,57.503,27,89,0,0,0,1,0.596,0.0001,10000
627,400,67.477,36,92,0,0,0,1,0.595,0.0001,10000
628,400,65.713,33,104,0,0,0,1,0.595,0.0001,10000
629,400,66.228,35,104,0,0,0,1,0.594,0.0001,10000
630,400,64.734,34,98,0,0,0,1,0.593,0.0001,10000
631,400,52.069,25,90,0,0,0,1,0.593,0.0001,10000
632,400,52.981,24,92,0,0,0,1,0.592,0.0001,10000
633,400,39.945,21,74,0,0,0,1,0.591,0.0001,10000
634,400,34.793,16,62,0,0,0,1,0.591,0.0001,10000
635,400,64.876,32,109,0,0,0,1,0.59,0.0001,10000
636,400,49.523,21,81,0,0,0,1,0.589,0.0001,10000
637,400,42.087,16,57,0,0,0,1,0.589,0.0001,10000
638,400,47.582,24,68,0,0,0,1,0.588,0.0001,10000
639,400,44.19,17,73,0,0,0,1,0.587,0.0001,10000
640,400,45.278,22,77,0,0,0,1,0.587,0.0001,10000
641,400,61.793,32,81,0,0,0,1,0.586,0.0001,10000
642,400,52.912,24,92,0,0,0,1,0.585,0.0001,10000
643,400,54.591,24,83,0,0,0,1,0.585,0.0001,10000
644,400,58.597,25,83,0,0,0,1,0.584,0.0001,10000
645,400,54.842,26,74,0,0,0,1,0.584,0.0001,10000
646,400,53.146,24,84,0,0,0,1,0.583,0.0001,10000
647,400,45.662,20,76,0,0,0,1,0.582,0.0001,10000
648,400,63.117,31,95,0,0,0,1,0.582,0.0001,10000
649,400,44.467,22,71,0,0,0,1,0.581,0.0001,10000
650,400,50.528,23,93,0,0,0,1,0.58,0.0001,10000
651,400,57.605,28,87,0,0,0,1,0.58,0.0001,10000
652,400,62.596,27,102,0,0,0,1,0.579,0.0001,10000
653,400,41.083,16,61,0,0,0,1,0.578,0.0001,10000
654,400,56.018,28,91,0,0,0,1,0.578,0.0001,10000
655,400,54.889,26,88,0,0,0,1,0.577,0.0001,10000
656,400,56.085,26,91,0,0,0,1,0.576,0.0001,10000
657,400,58.166,23,90,0,0,0,1,0.576,0.0001,10000
658,400,60.743,28,98,0,0,0,1,0.575,0.0001,10000
659,400,40.629,20,81,0,0,0,1,0.574,0.0001,10000
660,400,45.745,17,81,0,0,0,1,0.574,0.0001,10000
661,400,47.742,18,73,0,0,0,1,0.573,0.0001,10000
662,400,45.048,25,73,0,0,0,1,0.573,0.0001,10000
663,400,53.687,20,78,0,0,0,1,0.572,0.0001,10000
664,400,60.192,28,106,0,0,0,1,0.571,0.0001,10000
665,400,62.577,31,97,0,0,0,1,0.571,0.0001,10000
666,400,65.482,28,88,0,0,0,1,0.57,0.0001,10000
667,400,53.897,27,81,0,0,0,1,0.569,0.0001,10000
668,400,58.707,25,88,0,0,0,1,0.569,0.0001,10000
669,400,47.567,19,53,0,0,0,1,0.568,0.0001,10000
670,400,51.767,25,79,0,0,0,1,0.567,0.0001,10000
671,400,64.29,29,98,0,0,0,1,0.567,0.0001,10000
672,400,61.621,30,100,0,0,0,1,0.566,0.0001,10000
673,400,65.104,32,92,0,0,0,1,0.565,0.0001,10000
674,400,52.397,26,90,0,0,0,1,0.565,0.0001,10000
675,400,47.568,20,85,0,0,0,1,0.564,0.0001,10000
676,400,42.611,20,67,0,0,0,1,0.564,0.0001,10000
677,400,60.375,27,90,0,0,0,1,0.563,0.0001,10000
678,400,53.968,25,86,0,0,0,1,0.562,0.0001,10000
679,400,44.467,15,67,0,0,0,1,0.562,0.0001,10000
680,400,41.463,18,65,0,0,0,1,0.561,0.0001,10000
681,400,58.964,29,88,0,0,0,1,0.56,0.0001,10000
682,400,56.632,28,92,0,0,0,1,0.56,0.0001,10000
683,400,59.861,26,72,0,0,0,1,0.559,0.0001,10000
684,400,60.128,28,85,0,0,0,1,0.558,0.0001,10000
685,400,53.381,26,86,0,0,0,1,0.558,0.0001,10000
686,400,52.71,25,85,0,0,0,1,0.557,0.0001,10000
687,400,51.614,27,87,0,0,0,1,0.556,0.0001,10000
688,400,60.825,26,101,0,0,0,1,0.556,0.0001,10000
689,400,64.66,31,94,0,0,0,1,0.555,0.0001,10000
690,400,58.56,27,89,0,0,0,1,0.554,0.0001,10000
691,400,65.627,33,87,0,0,0,1,0.554,0.0001,10000
692,400,53.903,26,77,0,0,0,1,0.553,0.0001,10000
693,400,35.747,19,62,0,0,0,1,0.553,0.0001,10000
694,400,46.644,20,79,0,0,0,1,0.552,0.0001,10000
695,400,56.283,28,85,0,0,0,1,0.551,0.0001,10000
696,400,63.141,32,94,0,0,0,1,0.551,0.0001,10000
697,400,59.911,28,95,0,0,0,1,0.55,0.0001,10000
698,400,57.83,28,91,0,0,0,1,0.549,0.0001,10000
699,400,53.294,23,76,0,0,0,1,0.549,0.0001,10000
700,400,55.651,25,85,0,0,0,1,0.548,0.0001,10000
701,400,53.006,25,92,0,0,0,1,0.547,0.0001,10000
702,400,62.102,31,90,0,0,0,1,0.547,0.0001,10000
703,400,36.624,16,65,0,0,0,1,0.546,0.0001,10000
704,400,53.912,27,97,0,0,0,1,0.545,0.0001,10000
705,400,59.013,23,75,0,0,0,1,0.545,0.0001,10000
706,400,64.223,31,102,0,0,0,1,0.544,0.0001,10000
707,400,58.311,23,90,0,0,0,1,0.543,0.0001,10000
708,400,49.865,25,87,0,0,0,1,0.543,0.0001,10000
709,400,50.301,24,84,0,0,0,1,0.542,0.0001,10000
710,400,55.134,22,79,0,0,0,1,0.542,0.0001,10000
711,400,59.405,30,88,0,0,0,1,0.541,0.0001,10000
712,400,54.592,27,101,0,0,0,1,0.54,0.0001,10000
713,400,56.369,25,78,0,0,0,1,0.54,0.0001,10000
714,400,54.06,25,86,0,0,0,1,0.539,0.0001,10000
715,400,51.784,26,87,0,0,0,1,0.538,0.0001,10000
716,400,57.13,26,83,0,0,0,1,0.538,0.0001,10000
717,400,49.403,22,73,0,0,0,1,0.537,0.0001,10000
718,400,56.223,26,72,0,0,0,1,0.536,0.0001,10000
719,400,49.93,20,63,0,0,0,1,0.536,0.0001,10000
720,400,59.405,26,93,0,0,0,1,0.535,0.0001,10000
721,400,72.288,33,112,0,0,0,1,0.534,0.0001,10000
722,400,56.272,25,80,0,0,0,1,0.534,0.0001,10000
723,400,65.732,32,96,0,0,0,1,0.533,0.0001,10000
724,400,49.569,24,79,0,0,0,1,0.532,0.0001,10000
725,400,54.988,26,87,0,0,0,1,0.532,0.0001,10000
726,400,58.447,29,97,0,0,0,1,0.531,0.0001,10000
727,400,62.513,29,84,0,0,0,1,0.531,0.0001,10000
728,400,65.197,33,85,0,0,0,1,0.53,0.0001,10000
729,400,59.391,26,91,0,0,0,1,0.529,0.0001,10000
730,400,35.85,13,45,0,0,0,1,0.529,0.0001,10000
731,400,49.3,21,73,0,0,0,1,0.528,0.0001,10000
732,400,33.159,12,59,0,0,0,1,0.527,0.0001,10000
733,400,48.882,21,72,0,0,0,1,0.527,0.0001,10000
734,400,43.771,18,63,0,0,0,1,0.526,0.0001,10000
735,400,53.328,24,78,0,0,0,1,0.525,0.0001,10000
736,400,53.979,26,84,0,0,0,1,0.525,0.0001,10000
737,400,57.603,26,104,0,0,0,1,0.524,0.0001,10000
738,400,62.452,32,85,0,0,0,1,0.523,0.0001,10000
739,400,52.803,24,73,0,0,0,1,0.523,0.0001,10000
740,400,51.699,24,83,0,0,0,1,0.522,0.0001,10000
741,400,46.738,19,73,0,0,0,1,0.521,0.0001,10000
742,400,60.884,30,94,0,0,0,1,0.521,0.0001,10000
743,400,59.294,27,92,0,0,0,1,0.52,0.0001,10000
744,400,53.918,26,67,0,0,0,1,0.52,0.0001,10000
745,400,46.002,19,68,0,0,0,1,0.519,0.0001,10000
746,400,60.009,29,91,0,0,0,1,0.518,0.0001,10000
747,400,50.712,21,84,0,0,0,1,0.518,0.0001,10000
748,400,59.332,27,92,0,0,0,1,0.517,0.0001,10000
749,400,56.959,27,81,0,0,0,1,0.516,0.0001,10000
750,400,52.519,21,80,0,0,0,1,0.516,0.0001,10000
751,400,9.317,9,31,0,0,0,1,0.515,0.0001,10000
752,400,57.453,28,86,0,0,0,1,0.514,0.0001,10000
753,400,67.013,32,105,0,0,0,1,0.514,0.0001,10000
754,400,57.671,27,82,0,0,0,1,0.513,0.0001,10000
755,400,64.349,29,104,0,0,0,1,0.512,0.0001,10000
756,400,58.786,26,105,0,0,0,1,0.512,0.0001,10000
757,400,56.619,27,79,0,0,0,1,0.511,0.0001,10000
758,400,64.14,34,91,0,0,0,1,0.51,0.0001,10000
759,400,69.731,32,101,0,0,0,1,0.51,0.0001,10000
760,400,53.901,22,96,0,0,0,1,0.509,0.0001,10000
761,400,55.453,25,95,0,0,0,1,0.509,0.0001,10000
762,400,47.091,19,73,0,0,0,1,0.508,0.0001,10000
763,400,55.339,23,102,0,0,0,1,0.507,0.0001,10000
764,400,45.41,23,80,0,0,0,1,0.507,0.0001,10000
765,400,54.91,27,83,0,0,0,1,0.506,0.0001,10000
766,400,53.331,25,73,0,0,0,1,0.505,0.0001,10000
767,400,55.743,24,82,0,0,0,1,0.505,0.0001,10000
768,400,56.428,26,84,0,0,0,1,0.504,0.0001,10000
769,400,63.48,35,86,0,0,0,1,0.503,0.0001,10000
770,400,51.272,27,81,0,0,0,1,0.503,0.0001,10000
771,400,65.093,32,103,0,0,0,1,0.502,0.0001,10000
772,400,53.967,27,83,0,0,0,1,0.501,0.0001,10000
773,400,63.569,28,93,0,0,0,1,0.501,0.0001,10000
774,400,63.407,31,100,0,0,0,1,0.5,0.0001,10000
775,400,66.104,33,105,0,0,0,1,0.499,0.0001,10000
776,400,51.792,24,93,0,0,0,1,0.499,0.0001,10000
777,400,58.814,27,95,0,0,0,1,0.498,0.0001,10000
778,400,55.185,26,85,0,0,0,1,0.498,0.0001,10000
779,400,59.76,26,101,0,0,0,1,0.497,0.0001,10000
780,400,56.12,23,92,0,0,0,1,0.496,0.0001,10000
781,400,61.957,30,89,0,0,0,1,0.496,0.0001,10000
782,400,58.635,30,93,0,0,0,1,0.495,0.0001,10000
783,400,58.95,28,95,0,0,0,1,0.494,0.0001,10000
784,400,66.019,30,103,0,0,0,1,0.494,0.0001,10000
785,400,47.356,19,51,0,0,0,1,0.493,0.0001,10000
786,400,66.033,31,109,0,0,0,1,0.492,0.0001,10000
787,400,62.047,29,112,0,0,0,1,0.492,0.0001,10000
788,400,31.678,14,70,0,0,0,1,0.491,0.0001,10000
789,400,64.406,29,116,0,0,0,1,0.49,0.0001,10000
790,400,60.278,29,98,0,0,0,1,0.49,0.0001,10000
791,400,60.501,30,87,0,0,0,1,0.489,0.0001,10000
792,400,15.035,12,39,0,0,0,1,0.488,0.0001,10000
793,400,60.717,28,84,0,0,0,1,0.488,0.0001,10000
794,400,55.235,28,100,0,0,0,1,0.487,0.0001,10000
795,400,58.545,25,92,0,0,0,1,0.487,0.0001,10000
796,400,72.494,36,104,0,0,0,1,0.486,0.0001,10000
797,400,59.503,25,94,0,0,0,1,0.485,0.0001,10000
798,400,62.872,28,94,0,0,0,1,0.485,0.0001,10000
799,400,52.583,24,82,0,0,0,1,0.484,0.0001,10000
800,400,55.47,31,74,0,0,0,1,0.483,0.0001,10000
801,400,70.692,36,92,0,0,0,1,0.483,0.0001,10000
802,400,65.958,34,98,0,0,0,1,0.482,0.0001,10000
803,400,63.904,31,85,0,0,0,1,0.481,0.0001,10000
804,400,53.291,25,80,0,0,0,1,0.481,0.0001,10000
805,400,64.003,30,100,0,0,0,1,0.48,0.0001,10000
806,400,55.875,24,95,0,0,0,1,0.479,0.0001,10000
807,400,55.204,24,85,0,0,0,1,0.479,0.0001,10000
808,400,44.692,18,88,0,0,0,1,0.478,0.0001,10000
809,400,54.734,27,84,0,0,0,1,0.477,0.0001,10000
810,400,50.894,25,66,0,0,0,1,0.477,0.0001,10000
811,400,66.138,33,96,0,0,0,1,0.476,0.0001,10000
812,400,61.547,28,81,0,0,0,1,0.476,0.0001,10000
813,400,48.291,19,67,0,0,0,1,0.475,0.0001,10000
814,400,46.459,20,66,0,0,0,1,0.474,0.0001,10000
815,400,63.037,33,87,0,0,0,1,0.474,0.0001,10000
816,400,57.525,26,89,0,0,0,1,0.473,0.0001,10000
817,400,67.344,23,108,0,0,0,1,0.472,0.0001,10000
818,400,64.206,29,93,0,0,0,1,0.472,0.0001,10000
819,400,69.388,34,99,0,0,0,1,0.471,0.0001,10000
820,400,55.203,27,81,0,0,0,1,0.47,0.0001,10000
821,400,63.773,27,91,0,0,0,1,0.47,0.0001,10000
822,400,55.966,26,82,0,0,0,1,0.469,0.0001,10000
823,400,50.651,23,85,0,0,0,1,0.468,0.0001,10000
824,400,56.09,29,80,0,0,0,1,0.468,0.0001,10000
825,400,42.806,19,67,0,0,0,1,0.467,0.0001,10000
826,400,22.625,11,57,0,0,0,1,0.466,0.0001,10000
827,400,45.396,20,80,0,0,0,1,0.466,0.0001,10000
828,400,66.924,31,97,0,0,0,1,0.465,0.0001,10000
829,400,59.833,28,81,0,0,0,1,0.465,0.0001,10000
830,400,70.961,34,100,0,0,0,1,0.464,0.0001,10000
831,400,64.367,29,90,0,0,0,1,0.463,0.0001,10000
832,400,39.965,19,63,0,0,0,1,0.463,0.0001,10000
833,400,67.786,31,91,0,0,0,1,0.462,0.0001,10000
834,400,56.842,26,77,0,0,0,1,0.461,0.0001,10000
835,400,61.559,28,102,0,0,0,1,0.461,0.0001,10000
836,400,64.623,32,98,0,0,0,1,0.46,0.0001,10000
837,400,67.9,35,106,0,0,0,1,0.459,0.0001,10000
838,400,58.477,26,88,0,0,0,1,0.459,0.0001,10000
839,400,59.958,29,97,0,0,0,1,0.458,0.0001,10000
840,400,66.472,31,101,0,0,0,1,0.457,0.0001,10000
841,400,59.653,30,99,0,0,0,1,0.457,0.0001,10000
842,400,47.88,21,83,0,0,0,1,0.456,0.0001,10000
843,400,66.739,28,104,0,0,0,1,0.456,0.0001,10000
844,400,67.849,31,84,0,0,0,1,0.455,0.0001,10000
845,400,70.436,35,95,0,0,0,1,0.454,0.0001,10000
846,400,64.146,28,96,0,0,0,1,0.454,0.0001,10000
847,400,66.668,34,104,0,0,0,1,0.453,0.0001,10000
848,400,46.903,16,60,0,0,0,1,0.452,0.0001,10000
849,400,60.331,24,86,0,0,0,1,0.452,0.0001,10000
850,400,61.563,28,89,0,0,0,1,0.451,0.0001,10000
851,400,62.21,28,84,0,0,0,1,0.45,0.0001,10000
852,400,47.151,17,60,0,0,0,1,0.45,0.0001,10000
853,400,60.766,27,82,0,0,0,1,0.449,0.0001,10000
854,400,68.343,33,97,0,0,0,1,0.448,0.0001,10000
855,400,54.675,27,84,0,0,0,1,0.448,0.0001,10000
856,400,61.416,24,86,0,0,0,1,0.447,0.0001,10000
857,400,49.413,25,77,0,0,0,1,0.446,0.0001,10000
858,400,65.167,24,102,0,0,0,1,0.446,0.0001,10000
859,400,53.911,24,97,0,0,0,1,0.445,0.0001,10000
860,400,68.403,35,94,0,0,0,1,0.445,0.0001,10000
861,400,52.25,30,90,0,0,0,1,0.444,0.0001,10000
862,400,64.001,30,100,0,0,0,1,0.443,0.0001,10000
863,400,69.275,31,98,0,0,0,1,0.443,0.0001,10000
864,400,59.067,24,88,0,0,0,1,0.442,0.0001,10000
865,400,66.412,34,93,0,0,0,1,0.441,0.0001,10000
866,400,51.258,22,71,0,0,0,1,0.441,0.0001,10000
867,400,70.642,32,97,0,0,0,1,0.44,0.0001,10000
868,400,63.303,25,83,0,0,0,1,0.439,0.0001,10000
869,400,63.196,26,93,0,0,0,1,0.439,0.0001,10000
870,400,62.42,30,95,0,0,0,1,0.438,0.0001,10000
871,400,51.651,24,92,0,0,0,1,0.437,0.0001,10000
872,400,70.277,34,96,0,0,0,1,0.437,0.0001,10000
873,400,43.538,16,62,0,0,0,1,0.436,0.0001,10000
874,400,67.259,27,90,0,0,0,1,0.435,0.0001,10000
875,400,65.015,32,102,0,0,0,1,0.435,0.0001,10000
876,400,45.927,17,51,0,0,0,1,0.434,0.0001,10000
877,400,64.306,32,90,0,0,0,1,0.434,0.0001,10000
878,400,59.088,28,75,0,0,0,1,0.433,0.0001,10000
879,400,34.88,15,48,0,0,0,1,0.432,0.0001,10000
880,400,62.817,31,104,0,0,0,1,0.432,0.0001,10000
881,400,0.783,5,12,0,0,0,1,0.431,0.0001,10000
882,400,67.949,29,90,0,0,0,1,0.43,0.0001,10000
883,400,51.116,23,82,0,0,0,1,0.43,0.0001,10000
884,400,46.33,19,63,0,0,0,1,0.429,0.0001,10000
885,400,55.477,29,63,0,0,0,1,0.428,0.0001,10000
886,400,56.516,19,90,0,0,0,1,0.428,0.0001,10000
887,400,46.461,20,68,0,0,0,1,0.427,0.0001,10000
888,400,67.283,28,103,0,0,0,1,0.426,0.0001,10000
889,400,69.116,30,90,0,0,0,1,0.426,0.0001,10000
890,400,76.748,40,104,0,0,0,1,0.425,0.0001,10000
891,400,12.383,9,38,0,0,0,1,0.424,0.0001,10000
892,400,64.865,29,84,0,0,0,1,0.424,0.0001,10000
893,400,57.096,28,94,0,0,0,1,0.423,0.0001,10000
894,400,69.932,33,97,0,0,0,1,0.423,0.0001,10000
895,400,53.644,29,90,0,0,0,1,0.422,0.0001,10000
896,400,39.383,13,43,0,0,0,1,0.421,0.0001,10000
897,400,58.039,28,77,0,0,0,1,0.421,0.0001,10000
898,400,34.891,18,62,0,0,0,1,0.42,0.0001,10000
899,400,57.396,29,84,0,0,0,1,0.419,0.0001,10000
900,400,66.46,30,97,0,0,0,1,0.419,0.0001,10000
901,400,75.399,35,99,0,0,0,1,0.418,0.0001,10000
902,400,61.974,26,83,0,0,0,1,0.417,0.0001,10000
903,400,75.224,38,103,0,0,0,1,0.417,0.0001,10000
904,400,70.23,33,106,0,0,0,1,0.416,0.0001,10000
905,400,65.695,29,95,0,0,0,1,0.415,0.0001,10000
906,400,68.316,28,105,0,0,0,1,0.415,0.0001,10000
907,400,67.374,34,97,0,0,0,1,0.414,0.0001,10000
908,400,72.635,35,103,0,0,0,1,0.413,0.0001,10000
909,400,63.402,30,91,0,0,0,1,0.413,0.0001,10000
910,400,76.448,34,117,0,0,0,1,0.412,0.0001,10000
911,400,59.584,25,97,0,0,0,1,0.412,0.0001,10000
912,400,54.47,24,97,0,0,0,1,0.411,0.0001,10000
913,400,41.863,20,78,0,0,0,1,0.41,0.0001,10000
914,400,47.766,22,93,0,0,0,1,0.41,0.0001,10000
915,400,44.357,17,49,0,0,0,1,0.409,0.0001,10000
916,400,67.78,30,102,0,0,0,1,0.408,0.0001,10000
917,400,68.237,34,107,0,0,0,1,0.408,0.0001,10000
918,400,59.733,24,95,0,0,0,1,0.407,0.0001,10000
919,400,68.804,33,100,0,0,0,1,0.406,0.0001,10000
920,400,70.648,36,107,0,0,0,1,0.406,0.0001,10000
921,400,69.412,37,100,0,0,0,1,0.405,0.0001,10000
922,400,51.379,26,86,0,0,0,1,0.404,0.0001,10000
923,400,9.629,7,31,0,0,0,1,0.404,0.0001,10000
924,400,65.623,35,106,0,0,0,1,0.403,0.0001,10000
925,400,69.887,34,107,0,0,0,1,0.402,0.0001,10000
926,400,53.504,22,73,0,0,0,1,0.402,0.0001,10000
927,400,64.926,31,96,0,0,0,1,0.401,0.0001,10000
928,400,34.072,17,60,0,0,0,1,0.401,0.0001,10000
929,400,46.85,22,86,0,0,0,1,0.4,0.0001,10000
930,400,73.764,34,111,0,0,0,1,0.399,0.0001,10000
931,400,70.582,33,103,0,0,0,1,0.399,0.0001,10000
932,400,62.807,32,90,0,0,0,1,0.398,0.0001,10000
933,400,70.849,32,105,0,0,0,1,0.397,0.0001,10000
934,400,55.597,28,95,0,0,0,1,0.397,0.0001,10000
935,400,68.425,31,99,0,0,0,1,0.396,0.0001,10000
936,400,82.983,36,113,0,0,0,1,0.395,0.0001,10000
937,400,65.182,32,90,0,0,0,1,0.395,0.0001,10000
938,400,67.805,32,108,0,0,0,1,0.394,0.0001,10000
939,400,-7.459,1,6,0,0,0,1,0.393,0.0001,10000
940,400,55.959,26,75,0,0,0,1,0.393,0.0001,10000
941,400,67.043,32,105,0,0,0,1,0.392,0.0001,10000
942,400,50.392,28,83,0,0,0,1,0.391,0.0001,10000
943,400,65.768,29,92,0,0,0,1,0.391,0.0001,10000
944,400,43.324,19,86,0,0,0,1,0.39,0.0001,10000
945,400,65.545,30,100,0,0,0,1,0.39,0.0001,10000
946,400,73.944,37,102,0,0,0,1,0.389,0.0001,10000
947,400,66.088,29,83,0,0,0,1,0.388,0.0001,10000
948,400,45.427,14,67,0,0,0,1,0.388,0.0001,10000
949,400,77.97,37,114,0,0,0,1,0.387,0.0001,10000
950,400,67.465,33,90,0,0,0,1,0.386,0.0001,10000
951,400,61.555,29,100,0,0,0,1,0.386,0.0001,10000
952,400,58.147,26,76,0,0,0,1,0.385,0.0001,10000
953,400,71.939,34,96,0,0,0,1,0.384,0.0001,10000
954,400,75.121,36,108,0,0,0,1,0.384,0.0001,10000
955,400,22.874,13,46,0,0,0,1,0.383,0.0001,10000
956,400,72.224,34,113,0,0,0,1,0.382,0.0001,10000
957,400,65.434,30,96,0,0,0,1,0.382,0.0001,10000
958,400,68.814,35,105,0,0,0,1,0.381,0.0001,10000
959,400,44.268,24,71,0,0,0,1,0.38,0.0001,10000
960,400,73.705,36,108,0,0,0,1,0.38,0.0001,10000
961,400,70.924,33,97,0,0,0,1,0.379,0.0001,10000
962,400,59.921,26,90,0,0,0,1,0.379,0.0001,10000
963,400,66.671,34,105,0,0,0,1,0.378,0.0001,10000
964,400,66.426,34,109,0,0,0,1,0.377,0.0001,10000
965,400,46.835,22,77,0,0,0,1,0.377,0.0001,10000
966,400,78.292,37,111,0,0,0,1,0.376,0.0001,10000
967,400,54.831,27,87,0,0,0,1,0.375,0.0001,10000
968,400,63.122,24,86,0,0,0,1,0.375,0.0001,10000
969,400,56.578,23,91,0,0,0,1,0.374,0.0001,10000
970,400,50.17,22,83,0,0,0,1,0.373,0.0001,10000
971,400,62.324,29,115,0,0,0,1,0.373,0.0001,10000
972,400,65.489,27,110,0,0,0,1,0.372,0.0001,10000
973,400,63.283,26,103,0,0,0,1,0.371,0.0001,10000
974,400,68.069,34,97,0,0,0,1,0.371,0.0001,10000
975,400,72.868,33,103,0,0,0,1,0.37,0.0001,10000
976,400,61.614,25,98,0,0,0,1,0.369,0.0001,10000
977,400,66.246,29,98,0,0,0,1,0.369,0.0001,10000
978,400,67.046,28,95,0,0,0,1,0.368,0.0001,10000
979,400,67.546,26,82,0,0,0,1,0.368,0.0001,10000
980,400,84.85,44,111,0,0,0,1,0.367,0.0001,10000
981,400,75.64,36,105,0,0,0,1,0.366,0.0001,10000
982,400,75.948,36,105,0,0,0,1,0.366,0.0001,10000
983,400,36.341,20,75,0,0,0,1,0.365,0.0001,10000
984,400,68.96,32,90,0,0,0,1,0.364,0.0001,10000
985,400,63.44,27,92,0,0,0,1,0.364,0.0001,10000
986,400,62.315,31,103,0,0,0,1,0.363,0.0001,10000
987,400,55.972,25,90,0,0,0,1,0.362,0.0001,10000
988,400,63.904,27,92,0,0,0,1,0.362,0.0001,10000
989,400,54.074,20,79,0,0,0,1,0.361,0.0001,10000
990,400,60.103,31,87,0,0,0,1,0.36,0.0001,10000
991,400,64.804,31,93,0,0,0,1,0.36,0.0001,10000
992,400,38.492,21,62,0,0,0,1,0.359,0.0001,10000
993,400,69.154,29,93,0,0,0,1,0.359,0.0001,10000
994,400,65.735,33,101,0,0,0,1,0.358,0.0001,10000
995,400,56.338,26,78,0,0,0,1,0.357,0.0001,10000
996,400,48.613,23,77,0,0,0,1,0.357,0.0001,10000
997,400,66.005,30,101,0,0,0,1,0.356,0.0001,10000
998,400,68.224,31,100,0,0,0,1,0.355,0.0001,10000
999,400,48.78,24,97,0,0,0,1,0.355,0.0001,10000
1000,400,53.629,29,99,0,0,0,1,0.354,0.0001,10000
1001,400,55.814,27,100,0,0,0,1,0.353,0.0001,10000
1002,400,79.252,37,116,0,0,0,1,0.353,0.0001,10000
1003,400,61.045,30,82,0,0,0,1,0.352,0.0001,10000
1004,400,68.405,28,106,0,0,0,1,0.351,0.0001,10000
1005,400,68.798,31,103,0,0,0,1,0.351,0.0001,10000
1006,400,38.768,19,53,0,0,0,1,0.35,0.0001,10000
1007,400,71.092,33,99,0,0,0,1,0.349,0.0001,10000
1008,400,61.806,29,95,0,0,0,1,0.349,0.0001,10000
1009,400,76.627,37,119,0,0,0,1,0.348,0.0001,10000
1010,400,53.126,20,67,0,0,0,1,0.348,0.0001,10000
1011,400,62.244,26,103,0,0,0,1,0.347,0.0001,10000
1012,400,61.19,25,83,0,0,0,1,0.346,0.0001,10000
1013,400,64.092,29,106,0,0,0,1,0.346,0.0001,10000
1014,400,57.696,30,85,0,0,0,1,0.345,0.0001,10000
1015,400,70.441,33,105,0,0,0,1,0.344,0.0001,10000
1016,400,73.037,33,101,0,0,0,1,0.344,0.0001,10000
1017,400,63.194,28,100,0,0,0,1,0.343,0.0001,10000
1018,400,47.665,25,81,0,0,0,1,0.342,0.0001,10000
1019,400,45.249,16,59,0,0,0,1,0.342,0.0001,10000
1020,400,80.393,37,101,0,0,0,1,0.341,0.0001,10000
1021,400,64.477,27,108,0,0,0,1,0.34,0.0001,10000
1022,400,52.044,16,59,0,0,0,1,0.34,0.0001,10000
1023,400,67.465,32,99,0,0,0,1,0.339,0.0001,10000
1024,400,60.829,25,89,0,0,0,1,0.338,0.0001,10000
1025,400,43.751,20,78,0,0,0,1,0.338,0.0001,10000
1026,400,74.655,32,108,0,0,0,1,0.337,0.0001,10000
1027,400,60.631,27,103,0,0,0,1,0.337,0.0001,10000
1028,400,64.878,30,99,0,0,0,1,0.336,0.0001,10000
1029,400,79.52,38,115,0,0,0,1,0.335,0.0001,10000
1030,400,82.17,40,117,0,0,0,1,0.335,0.0001,10000
1031,400,57.761,27,82,0,0,0,1,0.334,0.0001,10000
1032,400,74.577,34,119,0,0,0,1,0.333,0.0001,10000
1033,400,65.74,35,96,0,0,0,1,0.333,0.0001,10000
1034,400,56.809,27,78,0,0,0,1,0.332,0.0001,10000
1035,400,8.185,9,32,0,0,0,1,0.331,0.0001,10000
1036,400,75.817,37,114,0,0,0,1,0.331,0.0001,10000
1037,400,71.36,32,107,0,0,0,1,0.33,0.0001,10000
1038,400,-4.473,1,8,0,0,0,1,0.329,0.0001,10000
1039,400,81.941,38,109,0,0,0,1,0.329,0.0001,10000
1040,400,65.934,27,100,0,0,0,1,0.328,0.0001,10000
1041,400,26.418,11,65,0,0,0,1,0.327,0.0001,10000
1042,400,-7.941,1,6,0,0,0,1,0.327,0.0001,10000
1043,400,71.868,36,105,0,0,0,1,0.326,0.0001,10000
1044,400,43.652,21,76,0,0,0,1,0.326,0.0001,10000
1045,400,31.241,11,60,0,0,0,1,0.325,0.0001,10000
1046,400,71.352,30,98,0,0,0,1,0.324,0.0001,10000
1047,400,73.797,32,105,0,0,0,1,0.324,0.0001,10000
1048,400,36.272,19,74,0,0,0,1,0.323,0.0001,10000
1049,400,71.661,31,92,0,0,0,1,0.322,0.0001,10000
1050,400,82.443,40,106,0,0,0,1,0.322,0.0001,10000
1051,400,52.675,23,77,0,0,0,1,0.321,0.0001,10000
1052,400,70.091,32,100,0,0,0,1,0.32,0.0001,10000
1053,400,62.38,30,94,0,0,0,1,0.32,0.0001,10000
1054,400,70.322,30,105,0,0,0,1,0.319,0.0001,10000
1055,400,69.675,33,97,0,0,0,1,0.318,0.0001,10000
1056,400,63.447,31,90,0,0,0,1,0.318,0.0001,10000
1057,400,-7.627,1,11,0,0,0,1,0.317,0.0001,10000
1058,400,44.783,22,77,0,0,0,1,0.316,0.0001,10000
1059,400,49.334,24,81,0,0,0,1,0.316,0.0001,10000
1060,400,69.631,34,95,0,0,0,1,0.315,0.0001,10000
1061,400,74.824,35,105,0,0,0,1,0.315,0.0001,10000
1062,400,-2.716,2,13,0,0,0,1,0.314,0.0001,10000
1063,400,48.603,24,87,0,0,0,1,0.313,0.0001,10000
1064,400,20.941,13,51,0,0,0,1,0.313,0.0001,10000
1065,400,69.936,32,112,0,0,0,1,0.312,0.0001,10000
1066,400,84.731,41,122,0,0,0,1,0.311,0.0001,10000
1067,400,29.392,16,55,0,0,0,1,0.311,0.0001,10000
1068,400,28.017,18,46,0,0,0,1,0.31,0.0001,10000
1069,400,-4.167,2,17,0,0,0,1,0.309,0.0001,10000
1070,400,52.889,14,56,0,0,0,1,0.309,0.0001,10000
1071,400,77.429,39,102,0,0,0,1,0.308,0.0001,10000
1072,400,79.794,37,104,0,0,0,1,0.307,0.0001,10000
1073,400,80.572,35,114,0,0,0,1,0.307,0.0001,10000
1074,400,36.529,18,52,0,0,0,1,0.306,0.0001,10000
1075,400,22.895,15,49,0,0,0,1,0.305,0.0001,10000
1076,400,53.811,25,86,0,0,0,1,0.305,0.0001,10000
1077,400,70.779,31,90,0,0,0,1,0.304,0.0001,10000
1078,400,61.088,25,91,0,0,0,1,0.304,0.0001,10000
1079,400,11.287,5,31,0,0,0,1,0.303,0.0001,10000
1080,400,70.915,33,97,0,0,0,1,0.302,0.0001,10000
1081,400,42.914,10,42,0,0,0,1,0.302,0.0001,10000
1082,400,52.344,17,59,0,0,0,1,0.301,0.0001,10000
1083,400,49.915,26,82,0,0,0,1,0.3,0.0001,10000
1084,400,61.779,29,107,0,0,0,1,0.3,0.0001,10000
1085,400,39.78,18,77,0,0,0,1,0.299,0.0001,10000
1086,400,73.077,32,92,0,0,0,1,0.298,0.0001,10000
1087,400,87.542,41,117,0,0,0,1,0.298,0.0001,10000
1088,400,60.415,27,92,0,0,0,1,0.297,0.0001,10000
1089,400,66.371,35,94,0,0,0,1,0.296,0.0001,10000
1090,400,69.872,36,105,0,0,0,1,0.296,0.0001,10000
1091,400,63.514,31,94,0,0,0,1,0.295,0.0001,10000
1092,400,67.117,30,99,0,0,0,1,0.294,0.0001,10000
1093,400,79.837,36,110,0,0,0,1,0.294,0.0001,10000
1094,400,65.216,30,103,0,0,0,1,0.293,0.0001,10000
1095,400,68.941,35,87,0,0,0,1,0.293,0.0001,10000
1096,400,72.829,33,98,0,0,0,1,0.292,0.0001,10000
1097,400,69.148,31,104,0,0,0,1,0.291,0.0001,10000
1098,400,28.311,17,51,0,0,0,1,0.291,0.0001,10000
1099,400,59.929,25,90,0,0,0,1,0.29,0.0001,10000
1100,400,68.999,29,101,0,0,0,1,0.289,0.0001,10000
1101,400,39.244,20,68,0,0,0,1,0.289,0.0001,10000
1102,400,48.686,23,71,0,0,0,1,0.288,0.0001,10000
1103,400,59.547,25,78,0,0,0,1,0.287,0.0001,10000
1104,400,54.414,18,71,0,0,0,1,0.287,0.0001,10000
1105,400,39.074,22,72,0,0,0,1,0.286,0.0001,10000
1106,400,71.656,33,96,0,0,0,1,0.285,0.0001,10000
1107,400,79.695,39,111,0,0,0,1,0.285,0.0001,10000
1108,400,36.529,23,74,0,0,0,1,0.284,0.0001,10000
1109,400,77.538,38,111,0,0,0,1,0.283,0.0001,10000
1110,400,67.736,30,117,0,0,0,1,0.283,0.0001,10000
1111,400,44.454,22,66,0,0,0,1,0.282,0.0001,10000
1112,400,52.283,31,81,0,0,0,1,0.282,0.0001,10000
1113,400,51.735,26,62,0,0,0,1,0.281,0.0001,10000
1114,400,80.024,38,109,0,0,0,1,0.28,0.0001,10000
1115,400,55.659,18,58,0,0,0,1,0.28,0.0001,10000
1116,400,45.695,25,80,0,0,0,1,0.279,0.0001,10000
1117,400,80.958,35,115,0,0,0,1,0.278,0.0001,10000
1118,400,54.6,26,88,0,0,0,1,0.278,0.0001,10000
1119,400,38.509,20,66,0,0,0,1,0.277,0.0001,10000
1120,400,50.507,17,69,0,0,0,1,0.276,0.0001,10000
1121,400,75.671,35,103,0,0,0,1,0.276,0.0001,10000
1122,400,79.837,38,107,0,0,0,1,0.275,0.0001,10000
1123,400,81.994,39,115,0,0,0,1,0.274,0.0001,10000
1124,400,56.177,20,68,0,0,0,1,0.274,0.0001,10000
1125,400,38.462,20,74,0,0,0,1,0.273,0.0001,10000
1126,400,78.393,36,114,0,0,0,1,0.272,0.0001,10000
1127,400,77.331,37,104,0,0,0,1,0.272,0.0001,10000
1128,400,-8.073,0,6,0,0,0,1,0.271,0.0001,10000
1129,400,66.31,22,83,0,0,0,1,0.271,0.0001,10000
1130,400,41.098,20,81,0,0,0,1,0.27,0.0001,10000
1131,400,63.238,27,78,0,0,0,1,0.269,0.0001,10000
1132,400,64.854,30,83,0,0,0,1,0.269,0.0001,10000
1133,400,67.582,32,92,0,0,0,1,0.268,0.0001,10000
1134,400,47.009,21,79,0,0,0,1,0.267,0.0001,10000
1135,400,67.29,31,104,0,0,0,1,0.267,0.0001,10000
1136,400,53.09,27,72,0,0,0,1,0.266,0.0001,10000
1137,400,77.657,36,93,0,0,0,1,0.265,0.0001,10000
1138,400,78.501,37,104,0,0,0,1,0.265,0.0001,10000
1139,400,71.402,27,92,0,0,0,1,0.264,0.0001,10000
1140,400,70.47,30,80,0,0,0,1,0.263,0.0001,10000
1141,400,72.105,31,103,0,0,0,1,0.263,0.0001,10000
1142,400,62.677,25,90,0,0,0,1,0.262,0.0001,10000
1143,400,56.439,24,76,0,0,0,1,0.262,0.0001,10000
1144,400,66.937,34,81,0,0,0,1,0.261,0.0001,10000
1145,400,52.474,22,85,0,0,0,1,0.26,0.0001,10000
1146,400,70.081,30,95,0,0,0,1,0.26,0.0001,10000
1147,400,-1.414,2,6,0,0,0,1,0.259,0.0001,10000
1148,400,59.776,23,82,0,0,0,1,0.258,0.0001,10000
1149,400,62.389,25,107,0,0,0,1,0.258,0.0001,10000
1150,400,68.73,25,115,0,0,0,1,0.257,0.0001,10000
1151,400,64.814,28,101,0,0,0,1,0.256,0.0001,10000
1152,400,-7.623,2,7,0,0,0,1,0.256,0.0001,10000
1153,400,63.525,26,105,0,0,0,1,0.255,0.0001,10000
1154,400,62.462,26,76,0,0,0,1,0.254,0.0001,10000
1155,400,74.484,35,103,0,0,0,1,0.254,0.0001,10000
1156,400,48.956,16,50,0,0,0,1,0.253,0.0001,10000
1157,400,80.834,41,111,0,0,0,1,0.252,0.0001,10000
1158,400,71.108,32,90,0,0,0,1,0.252,0.0001,10000
1159,400,54.883,25,80,0,0,0,1,0.251,0.0001,10000
1160,400,74.922,37,115,0,0,0,1,0.251,0.0001,10000
1161,400,51.336,16,52,0,0,0,1,0.25,0.0001,10000
1162,400,41.039,21,73,0,0,0,1,0.249,0.0001,10000
1163,400,68.452,32,98,0,0,0,1,0.249,0.0001,10000
1164,400,18.317,11,43,0,0,0,1,0.248,0.0001,10000
1165,400,83.331,39,128,0,0,0,1,0.247,0.0001,10000
1166,400,80.472,39,96,0,0,0,1,0.247,0.0001,10000
1167,400,70.284,32,103,0,0,0,1,0.246,0.0001,10000
1168,400,50.602,23,88,0,0,0,1,0.245,0.0001,10000
1169,400,67.365,28,89,0,0,0,1,0.245,0.0001,10000
1170,400,69.264,29,87,0,0,0,1,0.244,0.0001,10000
1171,400,72.935,30,100,0,0,0,1,0.243,0.0001,10000
1172,400,56.11,25,88,0,0,0,1,0.243,0.0001,10000
1173,400,51.294,27,91,0,0,0,1,0.242,0.0001,10000
1174,400,65.805,29,79,0,0,0,1,0.241,0.0001,10000
1175,400,78.108,36,104,0,0,0,1,0.241,0.0001,10000
1176,400,60.653,28,97,0,0,0,1,0.24,0.0001,10000
1177,400,65.699,29,84,0,0,0,1,0.24,0.0001,10000
1178,400,76.655,33,101,0,0,0,1,0.239,0.0001,10000
1179,400,65.34,29,94,0,0,0,1,0.238,0.0001,10000
1180,400,75.652,33,107,0,0,0,1,0.238,0.0001,10000
1181,400,68.787,34,94,0,0,0,1,0.237,0.0001,10000
1182,400,46.569,23,76,0,0,0,1,0.236,0.0001,10000
1183,400,60.453,31,93,0,0,0,1,0.236,0.0001,10000
1184,400,59.912,27,76,0,0,0,1,0.235,0.0001,10000
1185,400,64.247,31,84,0,0,0,1,0.234,0.0001,10000
1186,400,74.116,34,110,0,0,0,1,0.234,0.0001,10000
1187,400,-9.267,0,8,0,0,0,1,0.233,0.0001,10000
1188,400,52.495,25,87,0,0,0,1,0.232,0.0001,10000
1189,400,78.496,31,112,0,0,0,1,0.232,0.0001,10000
1190,400,58.988,28,101,0,0,0,1,0.231,0.0001,10000
1191,400,58.975,27,78,0,0,0,1,0.23,0.0001,10000
1192,400,72.708,34,98,0,0,0,1,0.23,0.0001,10000
1193,400,32.737,15,64,0,0,0,1,0.229,0.0001,10000
1194,400,64.227,26,93,0,0,0,1,0.229,0.0001,10000
1195,400,62.239,32,104,0,0,0,1,0.228,0.0001,10000
1196,400,29.478,17,51,0,0,0,1,0.227,0.0001,10000
1197,400,-7.0,0,6,0,0,0,1,0.227,0.0001,10000
1198,400,-9.859,1,3,0,0,0,1,0.226,0.0001,10000
1199,400,79.078,34,104,0,0,0,1,0.225,0.0001,10000
1200,400,28.424,8,41,0,0,0,1,0.225,0.0001,10000
1201,400,80.329,39,122,0,0,0,1,0.224,0.0001,10000
1202,400,64.266,31,96,0,0,0,1,0.223,0.0001,10000
1203,400,59.916,29,92,0,0,0,1,0.223,0.0001,10000
1204,400,76.67,35,104,0,0,0,1,0.222,0.0001,10000
1205,400,17.614,10,43,0,0,0,1,0.221,0.0001,10000
1206,400,81.611,36,116,0,0,0,1,0.221,0.0001,10000
1207,400,18.025,11,44,0,0,0,1,0.22,0.0001,10000
1208,400,76.873,34,125,0,0,0,1,0.219,0.0001,10000
1209,400,58.14,25,77,0,0,0,1,0.219,0.0001,10000
1210,400,65.089,29,101,0,0,0,1,0.218,0.0001,10000
1211,400,67.018,26,87,0,0,0,1,0.218,0.0001,10000
1212,400,-3.634,5,10,0,0,0,1,0.217,0.0001,10000
1213,400,79.619,34,107,0,0,0,1,0.216,0.0001,10000
1214,400,88.897,41,110,0,0,0,1,0.216,0.0001,10000
1215,400,56.22,25,66,0,0,0,1,0.215,0.0001,10000
1216,400,41.882,19,82,0,0,0,1,0.214,0.0001,10000
1217,400,76.304,34,104,0,0,0,1,0.214,0.0001,10000
1218,400,69.365,31,86,0,0,0,1,0.213,0.0001,10000
1219,400,68.984,26,101,0,0,0,1,0.212,0.0001,10000
1220,400,55.613,25,74,0,0,0,1,0.212,0.0001,10000
1221,400,75.427,36,101,0,0,0,1,0.211,0.0001,10000
1222,400,49.894,12,47,0,0,0,1,0.21,0.0001,10000
1223,400,75.712,30,102,0,0,0,1,0.21,0.0001,10000
1224,400,54.01,21,72,0,0,0,1,0.209,0.0001,10000
1225,400,46.296,24,68,0,0,0,1,0.208,0.0001,10000
1226,400,59.632,25,90,0,0,0,1,0.208,0.0001,10000
1227,400,49.572,26,78,0,0,0,1,0.207,0.0001,10000
1228,400,58.709,27,81,0,0,0,1,0.207,0.0001,10000
1229,400,72.45,34,99,0,0,0,1,0.206,0.0001,10000
1230,400,61.112,24,75,0,0,0,1,0.205,0.0001,10000
1231,400,53.636,24,79,0,0,0,1,0.205,0.0001,10000
1232,400,75.443,30,113,0,0,0,1,0.204,0.0001,10000
1233,400,41.344,23,58,0,0,0,1,0.203,0.0001,10000
1234,400,78.709,36,113,0,0,0,1,0.203,0.0001,10000
1235,400,43.078,10,59,0,0,0,1,0.202,0.0001,10000
1236,400,77.434,35,91,0,0,0,1,0.201,0.0001,10000
1237,400,80.205,35,121,0,0,0,1,0.201,0.0001,10000
1238,400,7.339,5,14,0,0,0,1,0.2,0.0001,10000
1239,400,76.197,33,110,0,0,0,1,0.199,0.0001,10000
1240,400,83.088,36,121,0,0,0,1,0.199,0.0001,10000
1241,400,39.91,20,73,0,0,0,1,0.198,0.0001,10000
1242,400,69.627,25,87,0,0,0,1,0.197,0.0001,10000
1243,400,-2.426,3,11,0,0,0,1,0.197,0.0001,10000
1244,400,66.559,29,108,0,0,0,1,0.196,0.0001,10000
1245,400,74.398,35,114,0,0,0,1,0.196,0.0001,10000
1246,400,26.187,16,52,0,0,0,1,0.195,0.0001,10000
1247,400,48.952,22,70,0,0,0,1,0.194,0.0001,10000
1248,400,82.013,39,107,0,0,0,1,0.194,0.0001,10000
1249,400,49.036,28,69,0,0,0,1,0.193,0.0001,10000
1250,400,81.24,37,114,0,0,0,1,0.192,0.0001,10000
1251,400,83.116,38,123,0,0,0,1,0.192,0.0001,10000
1252,400,92.902,44,122,0,0,0,1,0.191,0.0001,10000
1253,400,70.941,32,112,0,0,0,1,0.19,0.0001,10000
1254,400,73.596,36,95,0,0,0,1,0.19,0.0001,10000
1255,400,87.588,40,116,0,0,0,1,0.189,0.0001,10000
1256,400,50.398,22,68,0,0,0,1,0.188,0.0001,10000
1257,400,68.748,29,107,0,0,0,1,0.188,0.0001,10000
1258,400,64.092,30,96,0,0,0,1,0.187,0.0001,10000
1259,400,86.923,37,109,0,0,0,1,0.186,0.0001,10000
1260,400,28.306,14,52,0,0,0,1,0.186,0.0001,10000
1261,400,9.995,10,27,0,0,0,1,0.185,0.0001,10000
1262,400,45.751,24,84,0,0,0,1,0.185,0.0001,10000
1263,400,51.565,24,81,0,0,0,1,0.184,0.0001,10000
1264,400,61.42,23,64,0,0,0,1,0.183,0.0001,10000
1265,400,55.431,18,83,0,0,0,1,0.183,0.0001,10000
1266,400,55.677,20,70,0,0,0,1,0.182,0.0001,10000
1267,400,65.063,24,79,0,0,0,1,0.181,0.0001,10000
1268,400,57.536,32,89,0,0,0,1,0.181,0.0001,10000
1269,400,16.571,11,44,0,0,0,1,0.18,0.0001,10000
1270,400,60.44,23,70,0,0,0,1,0.179,0.0001,10000
1271,400,55.68,18,76,0,0,0,1,0.179,0.0001,10000
1272,400,61.368,31,91,0,0,0,1,0.178,0.0001,10000
1273,400,-5.345,1,9,0,0,0,1,0.177,0.0001,10000
1274,400,72.032,29,99,0,0,0,1,0.177,0.0001,10000
1275,400,90.776,39,123,0,0,0,1,0.176,0.0001,10000
1276,400,22.933,10,59,0,0,0,1,0.176,0.0001,10000
1277,400,13.51,6,31,0,0,0,1,0.175,0.0001,10000
1278,400,71.833,30,101,0,0,0,1,0.174,0.0001,10000
1279,400,63.664,32,99,0,0,0,1,0.174,0.0001,10000
1280,400,69.457,36,100,0,0,0,1,0.173,0.0001,10000
1281,400,-0.778,2,16,0,0,0,1,0.172,0.0001,10000
1282,400,69.638,35,111,0,0,0,1,0.172,0.0001,10000
1283,400,9.207,10,31,0,0,0,1,0.171,0.0001,10000
1284,400,67.683,32,86,0,0,0,1,0.17,0.0001,10000
1285,400,9.074,3,28,0,0,0,1,0.17,0.0001,10000
1286,400,84.02,36,108,0,0,0,1,0.169,0.0001,10000
1287,400,38.446,19,77,0,0,0,1,0.168,0.0001,10000
1288,400,67.154,31,103,0,0,0,1,0.168,0.0001,10000
1289,400,59.981,20,78,0,0,0,1,0.167,0.0001,10000
1290,400,72.817,33,82,0,0,0,1,0.166,0.0001,10000
1291,400,58.184,29,92,0,0,0,1,0.166,0.0001,10000
1292,400,65.239,29,97,0,0,0,1,0.165,0.0001,10000
1293,400,63.103,29,93,0,0,0,1,0.165,0.0001,10000
1294,400,60.073,25,79,0,0,0,1,0.164,0.0001,10000
1295,400,29.595,6,20,0,0,0,1,0.163,0.0001,10000
1296,400,67.035,30,104,0,0,0,1,0.163,0.0001,10000
1297,400,67.264,34,108,0,0,0,1,0.162,0.0001,10000
1298,400,74.88,33,83,0,0,0,1,0.161,0.0001,10000
1299,400,35.673,17,60,0,0,0,1,0.161,0.0001,10000
1300,400,78.211,36,108,0,0,0,1,0.16,0.0001,10000
1301,400,44.544,23,79,0,0,0,1,0.159,0.0001,10000
1302,400,65.212,29,64,0,0,0,1,0.159,0.0001,10000
1303,400,48.674,25,81,0,0,0,1,0.158,0.0001,10000
1304,400,61.991,27,107,0,0,0,1,0.157,0.0001,10000
1305,400,31.573,5,30,0,0,0,1,0.157,0.0001,10000
1306,400,82.262,39,118,0,0,0,1,0.156,0.0001,10000
1307,400,75.692,34,95,0,0,0,1,0.155,0.0001,10000
1308,400,64.599,26,80,0,0,0,1,0.155,0.0001,10000
1309,400,63.464,34,97,0,0,0,1,0.154,0.0001,10000
1310,400,64.503,28,97,0,0,0,1,0.154,0.0001,10000
1311,400,65.856,30,106,0,0,0,1,0.153,0.0001,10000
1312,400,59.736,25,91,0,0,0,1,0.152,0.0001,10000
1313,400,45.7,23,81,0,0,0,1,0.152,0.0001,10000
1314,400,80.92,40,96,0,0,0,1,0.151,0.0001,10000
1315,400,91.509,41,122,0,0,0,1,0.15,0.0001,10000
1316,400,78.291,35,100,0,0,0,1,0.15,0.0001,10000
1317,400,61.105,26,77,0,0,0,1,0.149,0.0001,10000
1318,400,60.906,24,81,0,0,0,1,0.148,0.0001,10000
1319,400,-5.187,3,13,0,0,0,1,0.148,0.0001,10000
1320,400,81.37,42,114,0,0,0,1,0.147,0.0001,10000
1321,400,56.651,20,57,0,0,0,1,0.146,0.0001,10000
1322,400,36.639,12,55,0,0,0,1,0.146,0.0001,10000
1323,400,62.094,24,87,0,0,0,1,0.145,0.0001,10000
1324,400,57.527,18,55,0,0,0,1,0.144,0.0001,10000
1325,400,-8.849,1,6,0,0,0,1,0.144,0.0001,10000
1326,400,73.879,28,94,0,0,0,1,0.143,0.0001,10000
1327,400,79.414,36,115,0,0,0,1,0.143,0.0001,10000
1328,400,48.703,17,78,0,0,0,1,0.142,0.0001,10000
1329,400,58.97,23,65,0,0,0,1,0.141,0.0001,10000
1330,400,46.526,20,83,0,0,0,1,0.141,0.0001,10000
1331,400,89.429,38,122,0,0,0,1,0.14,0.0001,10000
1332,400,61.444,22,68,0,0,0,1,0.139,0.0001,10000
1333,400,81.657,39,114,0,0,0,1,0.139,0.0001,10000
1334,400,87.303,39,116,0,0,0,1,0.138,0.0001,10000
1335,400,55.79,23,84,0,0,0,1,0.137,0.0001,10000
1336,400,64.298,23,83,0,0,0,1,0.137,0.0001,10000
1337,400,83.042,38,108,0,0,0,1,0.136,0.0001,10000
1338,400,50.045,25,83,0,0,0,1,0.135,0.0001,10000
1339,400,68.847,27,69,0,0,0,1,0.135,0.0001,10000
1340,400,67.966,30,93,0,0,0,1,0.134,0.0001,10000
1341,400,-11.328,0,5,0,0,0,1,0.133,0.0001,10000
1342,400,78.325,31,96,0,0,0,1,0.133,0.0001,10000
1343,400,22.945,14,55,0,0,0,1,0.132,0.0001,10000
1344,400,60.143,27,76,0,0,0,1,0.132,0.0001,10000
1345,400,66.59,27,84,0,0,0,1,0.131,0.0001,10000
1346,400,-8.543,0,5,0,0,0,1,0.13,0.0001,10000
1347,400,65.935,30,76,0,0,0,1,0.13,0.0001,10000
1348,400,67.177,25,94,0,0,0,1,0.129,0.0001,10000
1349,400,73.015,31,114,0,0,0,1,0.128,0.0001,10000
1350,400,61.963,28,77,0,0,0,1,0.128,0.0001,10000
1351,400,77.397,32,100,0,0,0,1,0.127,0.0001,10000
1352,400,59.195,31,84,0,0,0,1,0.126,0.0001,10000
1353,400,57.897,25,102,0,0,0,1,0.126,0.0001,10000
1354,400,31.587,16,44,0,0,0,1,0.125,0.0001,10000
1355,400,71.264,28,88,0,0,0,1,0.124,0.0001,10000
1356,400,72.699,31,94,0,0,0,1,0.124,0.0001,10000
1357,400,-7.053,1,13,0,0,0,1,0.123,0.0001,10000
1358,400,29.884,13,65,0,0,0,1,0.122,0.0001,10000
1359,400,83.477,39,111,0,0,0,1,0.122,0.0001,10000
1360,400,4.222,5,26,0,0,0,1,0.121,0.0001,10000
1361,400,21.503,15,52,0,0,0,1,0.121,0.0001,10000
1362,400,55.448,16,53,0,0,0,1,0.12,0.0001,10000
1363,400,41.514,15,74,0,0,0,1,0.119,0.0001,10000
1364,400,85.772,38,106,0,0,0,1,0.119,0.0001,10000
1365,400,78.619,37,107,0,0,0,1,0.118,0.0001,10000
1366,400,61.508,30,91,0,0,0,1,0.117,0.0001,10000
1367,400,44.221,17,59,0,0,0,1,0.117,0.0001,10000
1368,400,86.008,38,119,0,0,0,1,0.116,0.0001,10000
1369,400,92.363,44,112,0,0,0,1,0.115,0.0001,10000
1370,400,21.622,14,38,0,0,0,1,0.115,0.0001,10000
1371,400,77.286,27,100,0,0,0,1,0.114,0.0001,10000
1372,400,79.988,33,110,0,0,0,1,0.113,0.0001,10000
1373,400,86.88,44,116,0,0,0,1,0.113,0.0001,10000
1374,400,77.224,32,90,0,0,0,1,0.112,0.0001,10000
1375,400,18.158,11,62,0,0,0,1,0.111,0.0001,10000
1376,400,94.707,45,119,0,0,0,1,0.111,0.0001,10000
1377,400,8.388,6,37,0,0,0,1,0.11,0.0001,10000
1378,400,48.066,18,64,0,0,0,1,0.11,0.0001,10000
1379,400,64.981,22,64,0,0,0,1,0.109,0.0001,10000
1380,400,57.057,25,81,0,0,0,1,0.108,0.0001,10000
1381,400,32.861,18,64,0,0,0,1,0.108,0.0001,10000
1382,400,80.969,36,106,0,0,0,1,0.107,0.0001,10000
1383,400,47.534,17,56,0,0,0,1,0.106,0.0001,10000
1384,400,60.159,28,96,0,0,0,1,0.106,0.0001,10000
1385,400,73.053,32,100,0,0,0,1,0.105,0.0001,10000
1386,400,-5.984,3,14,0,0,0,1,0.104,0.0001,10000
1387,400,86.983,41,115,0,0,0,1,0.104,0.0001,10000
1388,400,26.024,15,53,0,0,0,1,0.103,0.0001,10000
1389,400,67.947,26,77,0,0,0,1,0.102,0.0001,10000
1390,400,21.386,11,50,0,0,0,1,0.102,0.0001,10000
1391,400,58.179,18,76,0,0,0,1,0.101,0.0001,10000
1392,400,57.399,23,78,0,0,0,1,0.1,0.0001,10000
1393,400,47.862,13,75,0,0,0,1,0.1,0.0001,10000
1394,400,37.595,19,63,0,0,0,1,0.099,0.0001,10000
1395,400,9.826,0,3,0,0,0,1,0.099,0.0001,10000
1396,400,52.528,23,70,0,0,0,1,0.098,0.0001,10000
1397,400,73.339,30,95,0,0,0,1,0.097,0.0001,10000
1398,400,2.683,2,29,0,0,0,1,0.097,0.0001,10000
1399,400,58.278,15,57,0,0,0,1,0.096,0.0001,10000
1400,400,68.476,27,83,0,0,0,1,0.095,0.0001,10000
1401,400,-3.595,4,13,0,0,0,1,0.095,0.0001,10000
1402,400,32.343,10,37,0,0,0,1,0.094,0.0001,10000
1403,400,77.446,36,93,0,0,0,1,0.093,0.0001,10000
1404,400,-10.601,0,4,0,0,0,1,0.093,0.0001,10000
1405,400,70.89,36,101,0,0,0,1,0.092,0.0001,10000
1406,400,83.78,40,117,0,0,0,1,0.091,0.0001,10000
1407,400,28.853,16,63,0,0,0,1,0.091,0.0001,10000
1408,400,73.082,35,112,0,0,0,1,0.09,0.0001,10000
1409,400,76.849,34,89,0,0,0,1,0.089,0.0001,10000
1410,400,41.101,19,76,0,0,0,1,0.089,0.0001,10000
1411,400,51.43,21,62,0,0,0,1,0.088,0.0001,10000
1412,400,-6.092,3,13,0,0,0,1,0.088,0.0001,10000
1413,400,77.478,37,91,0,0,0,1,0.087,0.0001,10000
1414,400,77.148,33,97,0,0,0,1,0.086,0.0001,10000
1415,400,62.109,26,85,0,0,0,1,0.086,0.0001,10000
1416,400,-9.902,1,6,0,0,0,1,0.085,0.0001,10000
1417,400,63.659,28,96,0,0,0,1,0.084,0.0001,10000
1418,400,44.589,17,69,0,0,0,1,0.084,0.0001,10000
1419,400,69.962,24,62,0,0,0,1,0.083,0.0001,10000
1420,400,74.426,28,98,0,0,0,1,0.082,0.0001,10000
1421,400,-9.31,1,3,0,0,0,1,0.082,0.0001,10000
1422,400,-13.251,0,6,0,0,0,1,0.081,0.0001,10000
1423,400,4.905,8,20,0,0,0,1,0.08,0.0001,10000
1424,400,74.703,33,99,0,0,0,1,0.08,0.0001,10000
1425,400,31.87,21,61,0,0,0,1,0.079,0.0001,10000
1426,400,36.018,19,68,0,0,0,1,0.079,0.0001,10000
1427,400,70.097,31,85,0,0,0,1,0.078,0.0001,10000
1428,400,70.914,25,70,0,0,0,1,0.077,0.0001,10000
1429,400,82.609,35,96,0,0,0,1,0.077,0.0001,10000
1430,400,3.512,5,15,0,0,0,1,0.076,0.0001,10000
1431,400,77.201,33,89,0,0,0,1,0.075,0.0001,10000
1432,400,49.98,23,84,0,0,0,1,0.075,0.0001,10000
1433,400,58.641,27,76,0,0,0,1,0.074,0.0001,10000
1434,400,74.763,25,80,0,0,0,1,0.073,0.0001,10000
1435,400,84.786,35,110,0,0,0,1,0.073,0.0001,10000
1436,400,67.944,31,99,0,0,0,1,0.072,0.0001,10000
1437,400,76.6,27,94,0,0,0,1,0.071,0.0001,10000
1438,400,-11.44,0,2,0,0,0,1,0.071,0.0001,10000
1439,400,75.055,31,87,0,0,0,1,0.07,0.0001,10000
1440,400,-3.141,4,10,0,0,0,1,0.069,0.0001,10000
1441,400,28.137,15,52,0,0,0,1,0.069,0.0001,10000
1442,400,67.747,23,75,0,0,0,1,0.068,0.0001,10000
1443,400,69.464,28,94,0,0,0,1,0.068,0.0001,10000
1444,400,79.513,35,104,0,0,0,1,0.067,0.0001,10000
1445,400,46.781,23,93,0,0,0,1,0.066,0.0001,10000
1446,400,84.582,37,102,0,0,0,1,0.066,0.0001,10000
1447,400,51.912,18,71,0,0,0,1,0.065,0.0001,10000
1448,400,55.363,26,82,0,0,0,1,0.064,0.0001,10000
1449,400,77.731,30,99,0,0,0,1,0.064,0.0001,10000
1450,400,73.176,28,88,0,0,0,1,0.063,0.0001,10000
1451,400,-6.501,4,7,0,0,0,1,0.062,0.0001,10000
1452,400,78.544,35,107,0,0,0,1,0.062,0.0001,10000
1453,400,83.741,37,106,0,0,0,1,0.061,0.0001,10000
1454,400,47.982,27,89,0,0,0,1,0.06,0.0001,10000
1455,400,58.402,25,95,0,0,0,1,0.06,0.0001,10000
1456,400,94.613,40,123,0,0,0,1,0.059,0.0001,10000
1457,400,63.62,29,105,0,0,0,1,0.058,0.0001,10000
1458,400,75.516,31,90,0,0,0,1,0.058,0.0001,10000
1459,400,68.318,28,106,0,0,0,1,0.057,0.0001,10000
1460,400,90.446,37,109,0,0,0,1,0.057,0.0001,10000
1461,400,40.709,21,74,0,0,0,1,0.056,0.0001,10000
1462,400,61.8,20,88,0,0,0,1,0.055,0.0001,10000
1463,400,84.211,31,103,0,0,0,1,0.055,0.0001,10000
1464,400,42.565,23,83,0,0,0,1,0.054,0.0001,10000
1465,400,44.638,12,44,0,0,0,1,0.053,0.0001,10000
1466,400,46.115,19,75,0,0,0,1,0.053,0.0001,10000
1467,400,66.588,27,76,0,0,0,1,0.052,0.0001,10000
1468,400,69.137,25,95,0,0,0,1,0.051,0.0001,10000
1469,400,70.034,26,85,0,0,0,1,0.051,0.0001,10000
1470,400,88.927,35,109,0,0,0,1,0.05,0.0001,10000
1471,400,45.298,24,74,0,0,0,1,0.049,0.0001,10000
1472,400,-5.666,1,7,0,0,0,1,0.049,0.0001,10000
1473,400,86.088,37,109,0,0,0,1,0.048,0.0001,10000
1474,400,87.603,44,120,0,0,0,1,0.047,0.0001,10000
1475,400,61.409,28,93,0,0,0,1,0.047,0.0001,10000
1476,400,66.962,26,82,0,0,0,1,0.046,0.0001,10000
1477,400,63.763,33,105,0,0,0,1,0.046,0.0001,10000
1478,400,-8.993,1,14,0,0,0,1,0.045,0.0001,10000
1479,400,13.712,6,42,0,0,0,1,0.044,0.0001,10000
1480,400,60.971,26,86,0,0,0,1,0.044,0.0001,10000
1481,400,56.185,18,79,0,0,0,1,0.043,0.0001,10000
1482,400,92.178,40,119,0,0,0,1,0.042,0.0001,10000
1483,400,84.105,34,116,0,0,0,1,0.042,0.0001,10000
1484,400,67.192,29,85,0,0,0,1,0.041,0.0001,10000
1485,400,-9.734,2,9,0,0,0,1,0.04,0.0001,10000
1486,400,10.361,16,38,0,0,0,1,0.04,0.0001,10000
1487,400,68.54,27,106,0,0,0,1,0.039,0.0001,10000
1488,400,33.401,19,64,0,0,0,1,0.038,0.0001,10000
1489,400,74.171,31,93,0,0,0,1,0.038,0.0001,10000
1490,400,49.135,20,58,0,0,0,1,0.037,0.0001,10000
1491,400,72.272,27,87,0,0,0,1,0.036,0.0001,10000
1492,400,-2.174,2,3,0,0,0,1,0.036,0.0001,10000
1493,400,65.229,28,91,0,0,0,1,0.035,0.0001,10000
1494,400,33.694,18,55,0,0,0,1,0.035,0.0001,10000
1495,400,60.18,27,89,0,0,0,1,0.034,0.0001,10000
1496,400,55.577,19,66,0,0,0,1,0.033,0.0001,10000
1497,400,-1.707,3,7,0,0,0,1,0.033,0.0001,10000
1498,400,-9.606,0,5,0,0,0,1,0.032,0.0001,10000
1499,400,-6.107,4,6,0,0,0,1,0.031,0.0001,10000
1500,400,21.579,15,56,0,0,0,1,0.031,0.0001,10000
1501,400,-10.991,1,3,0,0,0,1,0.03,0.0001,10000
1502,400,92.054,40,114,0,0,0,1,0.03,0.0001,10000
1503,400,-2.637,5,17,0,0,0,1,0.03,0.0001,10000
1504,400,3.513,7,23,0,0,0,1,0.03,0.0001,10000
1505,400,1.548,3,8,0,0,0,1,0.03,0.0001,10000
1506,400,57.715,29,94,0,0,0,1,0.03,0.0001,10000
1507,400,73.057,29,103,0,0,0,1,0.03,0.0001,10000
1508,400,-9.345,2,7,0,0,0,1,0.03,0.0001,10000
1509,400,43.538,11,43,0,0,0,1,0.03,0.0001,10000
1510,400,-9.917,1,6,0,0,0,1,0.03,0.0001,10000
1511,400,82.724,40,109,0,0,0,1,0.03,0.0001,10000
1512,400,15.539,11,46,0,0,0,1,0.03,0.0001,10000
1513,400,-13.425,0,4,0,0,0,1,0.03,0.0001,10000
1514,400,26.986,12,65,0,0,0,1,0.03,0.0001,10000
1515,400,-5.694,1,12,0,0,0,1,0.03,0.0001,10000
1516,400,30.268,18,69,0,0,0,1,0.03,0.0001,10000
1517,400,8.146,7,36,0,0,0,1,0.03,0.0001,10000
1518,400,61.588,29,97,0,0,0,1,0.03,0.0001,10000
1519,400,76.53,39,117,0,0,0,1,0.03,0.0001,10000
1520,400,81.123,36,102,0,0,0,1,0.03,0.0001,10000
1521,400,5.497,9,24,0,0,0,1,0.03,0.0001,10000
1522,400,80.636,34,109,0,0,0,1,0.03,0.0001,10000
1523,400,-2.677,5,22,0,0,0,1,0.03,0.0001,10000
1524,400,33.189,18,68,0,0,0,1,0.03,0.0001,10000
1525,400,68.446,24,87,0,0,0,1,0.03,0.0001,10000
1526,400,91.481,39,108,0,0,0,1,0.03,0.0001,10000
1527,400,-9.233,2,2,0,0,0,1,0.03,0.0001,10000
1528,400,90.846,39,123,0,0,0,1,0.03,0.0001,10000
1529,400,1.218,4,29,0,0,0,1,0.03,0.0001,10000
1530,400,84.177,39,113,0,0,0,1,0.03,0.0001,10000
1531,400,30.686,13,48,0,0,0,1,0.03,0.0001,10000
1532,400,70.425,31,88,0,0,0,1,0.03,0.0001,10000
1533,400,86.046,30,97,0,0,0,1,0.03,0.0001,10000
1534,400,48.1,24,72,0,0,0,1,0.03,0.0001,10000
1535,400,13.933,6,26,0,0,0,1,0.03,0.0001,10000
1536,400,-1.744,3,20,0,0,0,1,0.03,0.0001,10000
1537,400,-6.161,1,5,0,0,0,1,0.03,0.0001,10000
1538,400,52.188,16,42,0,0,0,1,0.03,0.0001,10000
1539,400,83.989,39,102,0,0,0,1,0.03,0.0001,10000
1540,400,62.682,22,80,0,0,0,1,0.03,0.0001,10000
1541,400,42.613,12,41,0,0,0,1,0.03,0.0001,10000
1542,400,45.289,12,41,0,0,0,1,0.03,0.0001,10000
1543,400,40.656,26,65,0,0,0,1,0.03,0.0001,10000
1544,400,64.03,25,78,0,0,0,1,0.03,0.0001,10000
1545,400,-0.54,4,13,0,0,0,1,0.03,0.0001,10000
1546,400,73.583,24,81,0,0,0,1,0.03,0.0001,10000
1547,400,12.561,11,42,0,0,0,1,0.03,0.0001,10000
1548,400,62.02,23,70,0,0,0,1,0.03,0.0001,10000
1549,400,21.361,14,42,0,0,0,1,0.03,0.0001,10000
1550,400,60.52,15,68,0,0,0,1,0.03,0.0001,10000
1551,400,69.967,30,107,0,0,0,1,0.03,0.0001,10000
1552,400,-9.839,2,7,0,0,0,1,0.03,0.0001,10000
1553,400,40.778,18,74,0,0,0,1,0.03,0.0001,10000
1554,400,14.165,10,43,0,0,0,1,0.03,0.0001,10000
1555,400,12.752,10,44,0,0,0,1,0.03,0.0001,10000
1556,400,34.389,14,45,0,0,0,1,0.03,0.0001,10000
1557,400,37.014,18,68,0,0,0,1,0.03,0.0001,10000
1558,400,63.233,30,104,0,0,0,1,0.03,0.0001,10000
1559,400,50.64,18,74,0,0,0,1,0.03,0.0001,10000
1560,400,40.474,4,10,0,0,0,1,0.03,0.0001,10000
1561,400,-7.693,2,6,0,0,0,1,0.03,0.0001,10000
1562,400,13.571,9,36,0,0,0,1,0.03,0.0001,10000
1563,400,55.751,19,81,0,0,0,1,0.03,0.0001,10000
1564,400,-3.031,4,19,0,0,0,1,0.03,0.0001,10000
1565,400,59.836,19,67,0,0,0,1,0.03,0.0001,10000
1566,400,-11.322,0,7,0,0,0,1,0.03,0.0001,10000
1567,400,31.865,4,21,0,0,0,1,0.03,0.0001,10000
1568,400,27.179,14,65,0,0,0,1,0.03,0.0001,10000
1569,400,47.703,25,85,0,0,0,1,0.03,0.0001,10000
1570,400,-4.009,0,10,0,0,0,1,0.03,0.0001,10000
1571,400,76.454,32,105,0,0,0,1,0.03,0.0001,10000
1572,400,41.072,15,50,0,0,0,1,0.03,0.0001,10000
1573,400,0.793,4,26,0,0,0,1,0.03,0.0001,10000
1574,400,7.768,6,25,0,0,0,1,0.03,0.0001,10000
1575,400,78.674,32,101,0,0,0,1,0.03,0.0001,10000
1576,400,73.102,31,106,0,0,0,1,0.03,0.0001,10000
1577,400,18.999,7,31,0,0,0,1,0.03,0.0001,10000
1578,400,-14.341,0,2,0,0,0,1,0.03,0.0001,10000
1579,400,-2.959,3,18,0,0,0,1,0.03,0.0001,10000
1580,400,12.6,9,39,0,0,0,1,0.03,0.0001,10000
1581,400,7.083,4,31,0,0,0,1,0.03,0.0001,10000
1582,400,78.223,30,100,0,0,0,1,0.03,0.0001,10000
1583,400,-10.868,1,3,0,0,0,1,0.03,0.0001,10000
1584,400,94.38,44,120,0,0,0,1,0.03,0.0001,10000
1585,400,-4.894,3,15,0,0,0,1,0.03,0.0001,10000
1586,400,-6.222,4,10,0,0,0,1,0.03,0.0001,10000
1587,400,15.73,8,59,0,0,0,1,0.03,0.0001,10000
1588,400,49.967,30,74,0,0,0,1,0.03,0.0001,10000
1589,400,67.586,33,98,0,0,0,1,0.03,0.0001,10000
1590,400,-7.056,2,8,0,0,0,1,0.03,0.0001,10000
1591,400,89.153,38,126,0,0,0,1,0.03,0.0001,10000
1592,400,63.604,29,88,0,0,0,1,0.03,0.0001,10000
1593,400,42.653,6,24,0,0,0,1,0.03,0.0001,10000
1594,400,74.024,30,93,0,0,0,1,0.03,0.0001,10000
1595,400,2.087,5,15,0,0,0,1,0.03,0.0001,10000
1596,400,38.837,11,51,0,0,0,1,0.03,0.0001,10000
1597,400,-9.976,2,3,0,0,0,1,0.03,0.0001,10000
1598,400,42.147,24,59,0,0,0,1,0.03,0.0001,10000
1599,400,62.713,23,82,0,0,0,1,0.03,0.0001,10000
1600,400,12.874,8,28,0,0,0,1,0.03,0.0001,10000
1601,400,55.147,29,87,0,0,0,1,0.03,0.0001,10000
1602,400,63.425,27,71,0,0,0,1,0.03,0.0001,10000
1603,400,46.545,26,79,0,0,0,1,0.03,0.0001,10000
1604,400,-10.956,1,2,0,0,0,1,0.03,0.0001,10000
1605,400,54.489,24,79,0,0,0,1,0.03,0.0001,10000
1606,400,-12.732,0,5,0,0,0,1,0.03,0.0001,10000
1607,400,5.568,7,19,0,0,0,1,0.03,0.0001,10000
1608,400,50.008,26,76,0,0,0,1,0.03,0.0001,10000
1609,400,42.825,21,77,0,0,0,1,0.03,0.0001,10000
1610,400,79.283,39,118,0,0,0,1,0.03,0.0001,10000
1611,400,44.098,22,58,0,0,0,1,0.03,0.0001,10000
1612,400,49.491,11,33,0,0,0,1,0.03,0.0001,10000
1613,400,-2.529,1,6,0,0,0,1,0.03,0.0001,10000
1614,400,48.722,2,8,0,0,0,1,0.03,0.0001,10000
1615,400,83.235,36,115,0,0,0,1,0.03,0.0001,10000
1616,400,53.337,15,48,0,0,0,1,0.03,0.0001,10000
1617,400,51.397,10,39,0,0,0,1,0.03,0.0001,10000
1618,400,37.317,7,44,0,0,0,1,0.03,0.0001,10000
1619,400,65.627,27,89,0,0,0,1,0.03,0.0001,10000
1620,400,50.57,26,78,0,0,0,1,0.03,0.0001,10000
1621,400,35.791,19,76,0,0,0,1,0.03,0.0001,10000
1622,400,94.804,43,120,0,0,0,1,0.03,0.0001,10000
1623,400,89.9,40,109,0,0,0,1,0.03,0.0001,10000
1624,400,39.612,7,31,0,0,0,1,0.03,0.0001,10000
1625,400,-9.291,0,16,0,0,0,1,0.03,0.0001,10000
1626,400,-7.747,2,12,0,0,0,1,0.03,0.0001,10000
1627,400,92.69,44,116,0,0,0,1,0.03,0.0001,10000
1628,400,43.028,19,60,0,0,0,1,0.03,0.0001,10000
1629,400,83.764,34,112,0,0,0,1,0.03,0.0001,10000
1630,400,-11.073,1,7,0,0,0,1,0.03,0.0001,10000
1631,400,85.98,36,115,0,0,0,1,0.03,0.0001,10000
1632,400,19.703,14,48,0,0,0,1,0.03,0.0001,10000
1633,400,88.122,37,114,0,0,0,1,0.03,0.0001,10000
1634,400,72.919,26,88,0,0,0,1,0.03,0.0001,10000
1635,400,36.894,21,66,0,0,0,1,0.03,0.0001,10000
1636,400,89.573,39,110,0,0,0,1,0.03,0.0001,10000
1637,400,79.388,37,107,0,0,0,1,0.03,0.0001,10000
1638,400,-1.76,5,11,0,0,0,1,0.03,0.0001,10000
1639,400,89.889,37,106,0,0,0,1,0.03,0.0001,10000
1640,400,25.422,13,41,0,0,0,1,0.03,0.0001,10000
1641,400,87.97,39,111,0,0,0,1,0.03,0.0001,10000
1642,400,-9.271,0,9,0,0,0,1,0.03,0.0001,10000
1643,400,64.274,22,71,0,0,0,1,0.03,0.0001,10000
1644,400,35.632,17,78,0,0,0,1,0.03,0.0001,10000
1645,400,41.911,22,68,0,0,0,1,0.03,0.0001,10000
1646,400,82.712,36,111,0,0,0,1,0.03,0.0001,10000
1647,400,56.222,28,87,0,0,0,1,0.03,0.0001,10000
1648,400,72.852,29,106,0,0,0,1,0.03,0.0001,10000
1649,400,-8.122,2,9,0,0,0,1,0.03,0.0001,10000
1650,400,51.031,15,55,0,0,0,1,0.03,0.0001,10000
1651,400,27.637,8,26,0,0,0,1,0.03,0.0001,10000
1652,400,72.853,33,112,0,0,0,1,0.03,0.0001,10000
1653,400,0.66,6,28,0,0,0,1,0.03,0.0001,10000
1654,400,49.493,26,73,0,0,0,1,0.03,0.0001,10000
1655,400,-2.001,2,12,0,0,0,1,0.03,0.0001,10000
1656,400,85.519,41,117,0,0,0,1,0.03,0.0001,10000
1657,400,93.94,40,113,0,0,0,1,0.03,0.0001,10000
1658,400,62.29,30,90,0,0,0,1,0.03,0.0001,10000
1659,400,80.205,33,106,0,0,0,1,0.03,0.0001,10000
1660,400,-6.443,3,3,0,0,0,1,0.03,0.0001,10000
1661,400,32.521,17,72,0,0,0,1,0.03,0.0001,10000
1662,400,48.098,16,57,0,0,0,1,0.03,0.0001,10000
1663,400,79.449,40,107,0,0,0,1,0.03,0.0001,10000
1664,400,52.434,25,80,0,0,0,1,0.03,0.0001,10000
1665,400,80.355,30,88,0,0,0,1,0.03,0.0001,10000
1666,400,-11.5,0,4,0,0,0,1,0.03,0.0001,10000
1667,400,-11.15,0,3,0,0,0,1,0.03,0.0001,10000
1668,400,92.663,39,114,0,0,0,1,0.03,0.0001,10000
1669,400,86.45,33,113,0,0,0,1,0.03,0.0001,10000
1670,400,-13.114,1,3,0,0,0,1,0.03,0.0001,10000
1671,400,9.247,10,33,0,0,0,1,0.03,0.0001,10000
1672,400,55.177,18,72,0,0,0,1,0.03,0.0001,10000
1673,400,53.64,15,55,0,0,0,1,0.03,0.0001,10000
1674,400,52.858,23,85,0,0,0,1,0.03,0.0001,10000
1675,400,55.539,12,55,0,0,0,1,0.03,0.0001,10000
1676,400,32.858,18,60,0,0,0,1,0.03,0.0001,10000
1677,400,39.855,20,82,0,0,0,1,0.03,0.0001,10000
1678,400,77.999,41,97,0,0,0,1,0.03,0.0001,10000
1679,400,93.756,39,111,0,0,0,1,0.03,0.0001,10000
1680,400,45.223,25,79,0,0,0,1,0.03,0.0001,10000
1681,400,65.018,30,98,0,0,0,1,0.03,0.0001,10000
1682,400,1.936,5,28,0,0,0,1,0.03,0.0001,10000
1683,400,47.627,9,59,0,0,0,1,0.03,0.0001,10000
1684,400,55.464,29,92,0,0,0,1,0.03,0.0001,10000
1685,400,55.869,12,47,0,0,0,1,0.03,0.0001,10000
1686,400,49.518,25,93,0,0,0,1,0.03,0.0001,10000
1687,400,-3.304,1,11,0,0,0,1,0.03,0.0001,10000
1688,400,84.655,35,108,0,0,0,1,0.03,0.0001,10000
1689,400,-3.726,2,14,0,0,0,1,0.03,0.0001,10000
1690,400,-13.043,0,0,0,0,0,1,0.03,0.0001,10000
1691,400,52.366,24,76,0,0,0,1,0.03,0.0001,10000
1692,400,92.363,38,120,0,0,0,1,0.03,0.0001,10000
1693,400,67.888,34,105,0,0,0,1,0.03,0.0001,10000
1694,400,28.162,17,58,0,0,0,1,0.03,0.0001,10000
1695,400,71.642,29,94,0,0,0,1,0.03,0.0001,10000
1696,400,43.495,17,69,0,0,0,1,0.03,0.0001,10000
1697,400,19.624,9,59,0,0,0,1,0.03,0.0001,10000
1698,400,1.393,5,29,0,0,0,1,0.03,0.0001,10000
1699,400,57.581,22,92,0,0,0,1,0.03,0.0001,10000
1700,400,93.713,46,113,0,0,0,1,0.03,0.0001,10000
1701,400,64.424,20,65,0,0,0,1,0.03,0.0001,10000
1702,400,77.287,39,108,0,0,0,1,0.03,0.0001,10000
1703,400,45.782,23,63,0,0,0,1,0.03,0.0001,10000
1704,400,25.984,14,68,0,0,0,1,0.03,0.0001,10000
1705,400,87.873,42,104,0,0,0,1,0.03,0.0001,10000
1706,400,63.17,29,101,0,0,0,1,0.03,0.0001,10000
1707,400,63.142,17,56,0,0,0,1,0.03,0.0001,10000
1708,400,0.33,5,12,0,0,0,1,0.03,0.0001,10000
1709,400,68.291,30,101,0,0,0,1,0.03,0.0001,10000
1710,400,64.123,31,100,0,0,0,1,0.03,0.0001,10000
1711,400,8.591,7,41,0,0,0,1,0.03,0.0001,10000
1712,400,6.819,8,36,0,0,0,1,0.03,0.0001,10000
1713,400,78.331,34,113,0,0,0,1,0.03,0.0001,10000
1714,400,73.157,32,109,0,0,0,1,0.03,0.0001,10000
1715,400,85.327,34,100,0,0,0,1,0.03,0.0001,10000
1716,400,83.617,33,121,0,0,0,1,0.03,0.0001,10000
1717,400,-5.382,3,16,0,0,0,1,0.03,0.0001,10000
1718,400,55.455,25,89,0,0,0,1,0.03,0.0001,10000
1719,400,-9.864,2,3,0,0,0,1,0.03,0.0001,10000
1720,400,65.036,26,73,0,0,0,1,0.03,0.0001,10000
1721,400,52.728,27,82,0,0,0,1,0.03,0.0001,10000
1722,400,-8.687,3,3,0,0,0,1,0.03,0.0001,10000
1723,400,60.177,26,78,0,0,0,1,0.03,0.0001,10000
1724,400,7.446,10,27,0,0,0,1,0.03,0.0001,10000
1725,400,53.39,26,71,0,0,0,1,0.03,0.0001,10000
1726,400,-1.515,5,18,0,0,0,1,0.03,0.0001,10000
1727,400,64.374,14,64,0,0,0,1,0.03,0.0001,10000
1728,400,1.124,3,16,0,0,0,1,0.03,0.0001,10000
1729,400,8.868,9,31,0,0,0,1,0.03,0.0001,10000
1730,400,84.28,39,108,0,0,0,1,0.03,0.0001,10000
1731,400,85.693,38,114,0,0,0,1,0.03,0.0001,10000
1732,400,54.198,28,90,0,0,0,1,0.03,0.0001,10000
1733,400,44.215,17,63,0,0,0,1,0.03,0.0001,10000
1734,400,89.39,40,111,0,0,0,1,0.03,0.0001,10000
1735,400,52.898,17,80,0,0,0,1,0.03,0.0001,10000
1736,400,58.582,14,62,0,0,0,1,0.03,0.0001,10000
1737,400,0.912,6,21,0,0,0,1,0.03,0.0001,10000
1738,400,-11.625,1,6,0,0,0,1,0.03,0.0001,10000
1739,400,-8.064,2,5,0,0,0,1,0.03,0.0001,10000
1740,400,-4.256,2,7,0,0,0,1,0.03,0.0001,10000
1741,400,74.022,34,88,0,0,0,1,0.03,0.0001,10000
1742,400,89.59,40,111,0,0,0,1,0.03,0.0001,10000
1743,400,21.722,13,49,0,0,0,1,0.03,0.0001,10000
1744,400,70.654,30,93,0,0,0,1,0.03,0.0001,10000
1745,400,56.854,29,99,0,0,0,1,0.03,0.0001,10000
1746,400,-7.206,2,9,0,0,0,1,0.03,0.0001,10000
1747,400,58.324,29,93,0,0,0,1,0.03,0.0001,10000
1748,400,73.905,36,116,0,0,0,1,0.03,0.0001,10000
1749,400,66.448,30,93,0,0,0,1,0.03,0.0001,10000
1750,400,-3.643,2,8,0,0,0,1,0.03,0.0001,10000
1751,400,4.24,0,4,0,0,0,1,0.03,0.0001,10000
1752,400,-6.751,1,6,0,0,0,1,0.03,0.0001,10000
1753,400,43.906,20,62,0,0,0,1,0.03,0.0001,10000
1754,400,64.391,19,59,0,0,0,1,0.03,0.0001,10000
1755,400,84.444,38,111,0,0,0,1,0.03,0.0001,10000
1756,400,-10.101,1,2,0,0,0,1,0.03,0.0001,10000
1757,400,-9.667,2,3,0,0,0,1,0.03,0.0001,10000
1758,400,48.748,3,20,0,0,0,1,0.03,0.0001,10000
1759,400,49.471,25,96,0,0,0,1,0.03,0.0001,10000
1760,400,39.75,20,68,0,0,0,1,0.03,0.0001,10000
1761,400,-4.161,2,21,0,0,0,1,0.03,0.0001,10000
1762,400,34.391,21,69,0,0,0,1,0.03,0.0001,10000
1763,400,71.945,33,108,0,0,0,1,0.03,0.0001,10000
1764,400,63.074,16,69,0,0,0,1,0.03,0.0001,10000
1765,400,56.513,30,82,0,0,0,1,0.03,0.0001,10000
1766,400,23.965,5,21,0,0,0,1,0.03,0.0001,10000
1767,400,58.405,22,69,0,0,0,1,0.03,0.0001,10000
1768,400,18.823,11,58,0,0,0,1,0.03,0.0001,10000
1769,400,96.042,43,127,0,0,0,1,0.03,0.0001,10000
1770,400,77.804,30,115,0,0,0,1,0.03,0.0001,10000
1771,400,-1.671,6,16,0,0,0,1,0.03,0.0001,10000
1772,400,85.269,38,120,0,0,0,1,0.03,0.0001,10000
1773,400,71.013,31,98,0,0,0,1,0.03,0.0001,10000
1774,400,41.319,23,63,0,0,0,1,0.03,0.0001,10000
1775,400,63.688,16,58,0,0,0,1,0.03,0.0001,10000
1776,400,66.103,27,97,0,0,0,1,0.03,0.0001,10000
1777,400,72.786,29,102,0,0,0,1,0.03,0.0001,10000
1778,400,44.008,20,74,0,0,0,1,0.03,0.0001,10000
1779,400,63.623,31,94,0,0,0,1,0.03,0.0001,10000
1780,400,27.479,11,48,0,0,0,1,0.03,0.0001,10000
1781,400,86.617,36,127,0,0,0,1,0.03,0.0001,10000
1782,400,-10.555,2,6,0,0,0,1,0.03,0.0001,10000
1783,400,73.053,33,104,0,0,0,1,0.03,0.0001,10000
1784,400,6.262,7,30,0,0,0,1,0.03,0.0001,10000
1785,400,64.328,31,107,0,0,0,1,0.03,0.0001,10000
1786,400,61.486,28,83,0,0,0,1,0.03,0.0001,10000
1787,400,54.41,27,90,0,0,0,1,0.03,0.0001,10000
1788,400,80.455,31,107,0,0,0,1,0.03,0.0001,10000
1789,400,91.122,40,123,0,0,0,1,0.03,0.0001,10000
1790,400,74.823,26,84,0,0,0,1,0.03,0.0001,10000
1791,400,26.854,14,57,0,0,0,1,0.03,0.0001,10000
1792,400,85.081,40,108,0,0,0,1,0.03,0.0001,10000
1793,400,75.803,30,95,0,0,0,1,0.03,0.0001,10000
1794,400,78.294,35,99,0,0,0,1,0.03,0.0001,10000
1795,400,26.905,16,60,0,0,0,1,0.03,0.0001,10000
1796,400,77.358,27,76,0,0,0,1,0.03,0.0001,10000
1797,400,61.817,17,83,0,0,0,1,0.03,0.0001,10000
1798,400,2.009,3,15,0,0,0,1,0.03,0.0001,10000
1799,400,31.803,23,69,0,0,0,1,0.03,0.0001,10000
1800,400,-0.784,1,20,0,0,0,1,0.03,0.0001,10000
1801,400,50.923,16,64,0,0,0,1,0.03,0.0001,10000
1802,400,62.472,24,81,0,0,0,1,0.03,0.0001,10000
1803,400,42.263,21,80,0,0,0,1,0.03,0.0001,10000
1804,400,87.028,39,99,0,0,0,1,0.03,0.0001,10000
1805,400,-9.836,2,3,0,0,0,1,0.03,0.0001,10000
1806,400,88.388,38,101,0,0,0,1,0.03,0.0001,10000
1807,400,84.728,36,113,0,0,0,1,0.03,0.0001,10000
1808,400,19.817,11,45,0,0,0,1,0.03,0.0001,10000
1809,400,73.987,35,98,0,0,0,1,0.03,0.0001,10000
1810,400,66.905,37,110,0,0,0,1,0.03,0.0001,10000
1811,400,-0.644,6,21,0,0,0,1,0.03,0.0001,10000
1812,400,58.657,25,75,0,0,0,1,0.03,0.0001,10000
1813,400,84.357,38,125,0,0,0,1,0.03,0.0001,10000
1814,400,73.695,32,104,0,0,0,1,0.03,0.0001,10000
1815,400,21.033,14,39,0,0,0,1,0.03,0.0001,10000
1816,400,66.567,24,73,0,0,0,1,0.03,0.0001,10000
1817,400,50.953,25,82,0,0,0,1,0.03,0.0001,10000
1818,400,89.533,39,106,0,0,0,1,0.03,0.0001,10000
1819,400,32.998,19,70,0,0,0,1,0.03,0.0001,10000
1820,400,63.551,25,86,0,0,0,1,0.03,0.0001,10000
1821,400,44.387,25,87,0,0,0,1,0.03,0.0001,10000
1822,400,73.082,33,106,0,0,0,1,0.03,0.0001,10000
1823,400,-9.716,2,3,0,0,0,1,0.03,0.0001,10000
1824,400,72.318,33,117,0,0,0,1,0.03,0.0001,10000
1825,400,81.576,39,109,0,0,0,1,0.03,0.0001,10000
1826,400,52.836,29,98,0,0,0,1,0.03,0.0001,10000
1827,400,82.89,37,102,0,0,0,1,0.03,0.0001,10000
1828,400,85.646,38,113,0,0,0,1,0.03,0.0001,10000
1829,400,93.268,43,117,0,0,0,1,0.03,0.0001,10000
1830,400,24.953,14,53,0,0,0,1,0.03,0.0001,10000
1831,400,31.662,16,62,0,0,0,1,0.03,0.0001,10000
1832,400,57.813,29,90,0,0,0,1,0.03,0.0001,10000
1833,400,66.934,24,86,0,0,0,1,0.03,0.0001,10000
1834,400,-3.504,0,5,0,0,0,1,0.03,0.0001,10000
1835,400,-5.633,3,9,0,0,0,1,0.03,0.0001,10000
1836,400,13.304,8,33,0,0,0,1,0.03,0.0001,10000
1837,400,-4.183,0,1,0,0,0,1,0.03,0.0001,10000
1838,400,38.177,19,67,0,0,0,1,0.03,0.0001,10000
1839,400,80.32,37,101,0,0,0,1,0.03,0.0001,10000
1840,400,78.28,33,113,0,0,0,1,0.03,0.0001,10000
1841,400,71.365,32,96,0,0,0,1,0.03,0.0001,10000
1842,400,87.846,40,117,0,0,0,1,0.03,0.0001,10000
1843,400,3.379,7,25,0,0,0,1,0.03,0.0001,10000
1844,400,59.621,10,53,0,0,0,1,0.03,0.0001,10000
1845,400,46.281,20,85,0,0,0,1,0.03,0.0001,10000
1846,400,71.712,28,84,0,0,0,1,0.03,0.0001,10000
1847,400,9.498,7,33,0,0,0,1,0.03,0.0001,10000
1848,400,83.129,41,114,0,0,0,1,0.03,0.0001,10000
1849,400,66.51,29,92,0,0,0,1,0.03,0.0001,10000
1850,400,83.535,38,116,0,0,0,1,0.03,0.0001,10000
1851,400,79.48,38,113,0,0,0,1,0.03,0.0001,10000
1852,400,-4.105,4,11,0,0,0,1,0.03,0.0001,10000
1853,400,92.503,41,121,0,0,0,1,0.03,0.0001,10000
1854,400,41.662,18,75,0,0,0,1,0.03,0.0001,10000
1855,400,-2.075,4,17,0,0,0,1,0.03,0.0001,10000
1856,400,79.026,34,115,0,0,0,1,0.03,0.0001,10000
1857,400,67.996,33,103,0,0,0,1,0.03,0.0001,10000
1858,400,9.608,10,37,0,0,0,1,0.03,0.0001,10000
1859,400,83.099,33,106,0,0,0,1,0.03,0.0001,10000
1860,400,88.915,41,127,0,0,0,1,0.03,0.0001,10000
1861,400,0.853,5,27,0,0,0,1,0.03,0.0001,10000
1862,400,28.066,13,62,0,0,0,1,0.03,0.0001,10000
1863,400,67.104,31,92,0,0,0,1,0.03,0.0001,10000
1864,400,70.905,30,101,0,0,0,1,0.03,0.0001,10000
1865,400,-8.513,2,5,0,0,0,1,0.03,0.0001,10000
1866,400,86.536,35,121,0,0,0,1,0.03,0.0001,10000
1867,400,49.406,21,75,0,0,0,1,0.03,0.0001,10000
1868,400,83.565,33,92,0,0,0,1,0.03,0.0001,10000
1869,400,0.135,3,22,0,0,0,1,0.03,0.0001,10000
1870,400,-0.594,5,23,0,0,0,1,0.03,0.0001,10000
1871,400,-4.327,1,3,0,0,0,1,0.03,0.0001,10000
1872,400,56.134,25,87,0,0,0,1,0.03,0.0001,10000
1873,400,-3.273,4,18,0,0,0,1,0.03,0.0001,10000
1874,400,21.548,14,65,0,0,0,1,0.03,0.0001,10000
1875,400,7.048,7,40,0,0,0,1,0.03,0.0001,10000
1876,400,0.447,4,20,0,0,0,1,0.03,0.0001,10000
1877,400,44.283,20,87,0,0,0,1,0.03,0.0001,10000
1878,400,35.803,9,22,0,0,0,1,0.03,0.0001,10000
1879,400,91.632,42,119,0,0,0,1,0.03,0.0001,10000
1880,400,-7.212,0,4,0,0,0,1,0.03,0.0001,10000
1881,400,48.082,24,80,0,0,0,1,0.03,0.0001,10000
1882,400,29.68,15,68,0,0,0,1,0.03,0.0001,10000
1883,400,79.773,37,102,0,0,0,1,0.03,0.0001,10000
1884,400,89.933,38,114,0,0,0,1,0.03,0.0001,10000
1885,400,77.304,37,100,0,0,0,1,0.03,0.0001,10000
1886,400,65.022,30,90,0,0,0,1,0.03,0.0001,10000
1887,400,92.783,38,120,0,0,0,1,0.03,0.0001,10000
1888,400,72.771,28,88,0,0,0,1,0.03,0.0001,10000
1889,400,75.077,36,111,0,0,0,1,0.03,0.0001,10000
1890,400,78.356,36,93,0,0,0,1,0.03,0.0001,10000
1891,400,46.095,21,69,0,0,0,1,0.03,0.0001,10000
1892,400,18.292,11,41,0,0,0,1,0.03,0.0001,10000
1893,400,55.798,20,67,0,0,0,1,0.03,0.0001,10000
1894,400,58.695,23,93,0,0,0,1,0.03,0.0001,10000
1895,400,84.721,38,97,0,0,0,1,0.03,0.0001,10000
1896,400,62.444,26,96,0,0,0,1,0.03,0.0001,10000
1897,400,14.21,9,32,0,0,0,1,0.03,0.0001,10000
1898,400,33.292,15,68,0,0,0,1,0.03,0.0001,10000
1899,400,33.229,16,45,0,0,0,1,0.03,0.0001,10000
1900,400,16.248,12,37,0,0,0,1,0.03,0.0001,10000
1901,400,-9.456,1,8,0,0,0,1,0.03,0.0001,10000
1902,400,61.956,30,84,0,0,0,1,0.03,0.0001,10000
1903,400,41.768,14,47,0,0,0,1,0.03,0.0001,10000
1904,400,76.196,32,114,0,0,0,1,0.03,0.0001,10000
1905,400,80.578,31,103,0,0,0,1,0.03,0.0001,10000
1906,400,58.551,25,88,0,0,0,1,0.03,0.0001,10000
1907,400,15.711,10,47,0,0,0,1,0.03,0.0001,10000
1908,400,-7.806,2,10,0,0,0,1,0.03,0.0001,10000
1909,400,9.723,9,34,0,0,0,1,0.03,0.0001,10000
1910,400,87.663,38,116,0,0,0,1,0.03,0.0001,10000
1911,400,26.304,20,61,0,0,0,1,0.03,0.0001,10000
1912,400,30.419,16,58,0,0,0,1,0.03,0.0001,10000
1913,400,-7.582,2,12,0,0,0,1,0.03,0.0001,10000
1914,400,72.333,32,102,0,0,0,1,0.03,0.0001,10000
1915,400,66.255,26,99,0,0,0,1,0.03,0.0001,10000
1916,400,42.926,17,66,0,0,0,1,0.03,0.0001,10000
1917,400,13.703,8,29,0,0,0,1,0.03,0.0001,10000
1918,400,87.332,33,114,0,0,0,1,0.03,0.0001,10000
1919,400,80.128,38,106,0,0,0,1,0.03,0.0001,10000
1920,400,17.95,9,45,0,0,0,1,0.03,0.0001,10000
1921,400,17.293,13,40,0,0,0,1,0.03,0.0001,10000
1922,400,91.58,41,112,0,0,0,1,0.03,0.0001,10000
1923,400,46.486,25,74,0,0,0,1,0.03,0.0001,10000
1924,400,69.605,24,85,0,0,0,1,0.03,0.0001,10000
1925,400,75.582,33,99,0,0,0,1,0.03,0.0001,10000
1926,400,11.814,9,47,0,0,0,1,0.03,0.0001,10000
1927,400,-9.613,2,3,0,0,0,1,0.03,0.0001,10000
1928,400,58.348,18,54,0,0,0,1,0.03,0.0001,10000
1929,400,33.268,20,62,0,0,0,1,0.03,0.0001,10000
1930,400,83.952,41,102,0,0,0,1,0.03,0.0001,10000
1931,400,9.624,10,31,0,0,0,1,0.03,0.0001,10000
1932,400,56.28,21,98,0,0,0,1,0.03,0.0001,10000
1933,400,30.796,18,42,0,0,0,1,0.03,0.0001,10000
1934,400,69.316,30,89,0,0,0,1,0.03,0.0001,10000
1935,400,68.781,30,118,0,0,0,1,0.03,0.0001,10000
1936,400,70.423,29,88,0,0,0,1,0.03,0.0001,10000
1937,400,32.601,17,68,0,0,0,1,0.03,0.0001,10000
1938,400,-2.272,2,3,0,0,0,1,0.03,0.0001,10000
1939,400,54.185,16,52,0,0,0,1,0.03,0.0001,10000
1940,400,64.626,28,82,0,0,0,1,0.03,0.0001,10000
1941,400,59.838,32,88,0,0,0,1,0.03,0.0001,10000
1942,400,56.132,24,77,0,0,0,1,0.03,0.0001,10000
1943,400,72.706,30,95,0,0,0,1,0.03,0.0001,10000
1944,400,4.959,8,34,0,0,0,1,0.03,0.0001,10000
1945,400,14.616,10,57,0,0,0,1,0.03,0.0001,10000
1946,400,68.067,24,104,0,0,0,1,0.03,0.0001,10000
1947,400,61.921,30,98,0,0,0,1,0.03,0.0001,10000
1948,400,62.685,17,77,0,0,0,1,0.03,0.0001,10000
1949,400,43.727,14,42,0,0,0,1,0.03,0.0001,10000
1950,400,56.735,24,90,0,0,0,1,0.03,0.0001,10000
1951,400,49.693,24,83,0,0,0,1,0.03,0.0001,10000
1952,400,54.927,27,89,0,0,0,1,0.03,0.0001,10000
1953,400,-10.923,2,6,0,0,0,1,0.03,0.0001,10000
1954,400,22.884,12,58,0,0,0,1,0.03,0.0001,10000
1955,400,55.639,28,94,0,0,0,1,0.03,0.0001,10000
1956,400,43.295,26,65,0,0,0,1,0.03,0.0001,10000
1957,400,-10.584,1,9,0,0,0,1,0.03,0.0001,10000
1958,400,53.986,28,93,0,0,0,1,0.03,0.0001,10000
1959,400,42.526,21,92,0,0,0,1,0.03,0.0001,10000
1960,400,57.593,24,66,0,0,0,1,0.03,0.0001,10000
1961,400,44.583,16,80,0,0,0,1,0.03,0.0001,10000
1962,400,19.818,12,43,0,0,0,1,0.03,0.0001,10000
1963,400,66.9,18,47,0,0,0,1,0.03,0.0001,10000
1964,400,39.961,21,78,0,0,0,1,0.03,0.0001,10000
1965,400,33.922,16,72,0,0,0,1,0.03,0.0001,10000
1966,400,-7.176,1,2,0,0,0,1,0.03,0.0001,10000
1967,400,66.101,21,70,0,0,0,1,0.03,0.0001,10000
1968,400,-8.395,2,10,0,0,0,1,0.03,0.0001,10000
1969,400,81.61,32,114,0,0,0,1,0.03,0.0001,10000
1970,400,54.762,27,93,0,0,0,1,0.03,0.0001,10000
1971,400,55.671,28,93,0,0,0,1,0.03,0.0001,10000
1972,400,87.997,41,105,0,0,0,1,0.03,0.0001,10000
1973,400,-12.403,1,4,0,0,0,1,0.03,0.0001,10000
1974,400,-13.023,0,3,0,0,0,1,0.03,0.0001,10000
1975,400,35.496,21,50,0,0,0,1,0.03,0.0001,10000
1976,400,67.081,18,49,0,0,0,1,0.03,0.0001,10000
1977,400,63.676,13,51,0,0,0,1,0.03,0.0001,10000
1978,400,35.985,19,54,0,0,0,1,0.03,0.0001,10000
1979,400,59.482,22,88,0,0,0,1,0.03,0.0001,10000
1980,400,11.517,9,21,0,0,0,1,0.03,0.0001,10000
1981,400,52.441,21,69,0,0,0,1,0.03,0.0001,10000
1982,400,57.176,22,86,0,0,0,1,0.03,0.0001,10000
1983,400,19.635,17,52,0,0,0,1,0.03,0.0001,10000
1984,400,42.516,12,44,0,0,0,1,0.03,0.0001,10000
1985,400,51.658,26,89,0,0,0,1,0.03,0.0001,10000
1986,400,-10.198,0,10,0,0,0,1,0.03,0.0001,10000
1987,400,37.016,18,71,0,0,0,1,0.03,0.0001,10000
1988,400,6.721,8,36,0,0,0,1,0.03,0.0001,10000
1989,400,35.1,4,24,0,0,0,1,0.03,0.0001,10000
1990,400,61.149,30,86,0,0,0,1,0.03,0.0001,10000
1991,400,8.919,8,27,0,0,0,1,0.03,0.0001,10000
1992,400,62.102,18,75,0,0,0,1,0.03,0.0001,10000
1993,400,65.957,28,83,0,0,0,1,0.03,0.0001,10000
1994,400,59.054,14,36,0,0,0,1,0.03,0.0001,10000
1995,400,81.638,28,98,0,0,0,1,0.03,0.0001,10000
1996,400,74.285,30,103,0,0,0,1,0.03,0.0001,10000
1997,400,26.95,17,55,0,0,0,1,0.03,0.0001,10000
1998,400,60.068,18,91,0,0,0,1,0.03,0.0001,10000
1999,400,64.87,22,86,0,0,0,1,0.03,0.0001,10000
2000,400,76.054,34,102,0,0,0,1,0.03,0.0001,10000
2001,400,71.482,27,97,0,0,0,1,0.03,0.0001,10000
2002,400,86.831,36,110,0,0,0,1,0.03,0.0001,10000
2003,400,-2.201,2,3,0,0,0,1,0.03,0.0001,10000
2004,400,22.464,12,42,0,0,0,1,0.03,0.0001,10000
2005,400,50.393,21,76,0,0,0,1,0.03,0.0001,10000
2006,400,35.413,21,50,0,0,0,1,0.03,0.0001,10000
2007,400,79.118,34,110,0,0,0,1,0.03,0.0001,10000
2008,400,54.76,27,80,0,0,0,1,0.03,0.0001,10000
2009,400,76.428,33,99,0,0,0,1,0.03,0.0001,10000
2010,400,49.344,19,72,0,0,0,1,0.03,0.0001,10000
2011,400,78.482,26,72,0,0,0,1,0.03,0.0001,10000
2012,400,-10.141,1,5,0,0,0,1,0.03,0.0001,10000
2013,400,7.522,6,25,0,0,0,1,0.03,0.0001,10000
2014,400,53.172,11,54,0,0,0,1,0.03,0.0001,10000
2015,400,47.841,23,92,0,0,0,1,0.03,0.0001,10000
2016,400,44.776,19,70,0,0,0,1,0.03,0.0001,10000
2017,400,39.089,18,64,0,0,0,1,0.03,0.0001,10000
2018,400,65.805,18,65,0,0,0,1,0.03,0.0001,10000
2019,400,89.101,42,105,0,0,0,1,0.03,0.0001,10000
2020,400,49.501,25,74,0,0,0,1,0.03,0.0001,10000
2021,400,82.145,34,90,0,0,0,1,0.03,0.0001,10000
2022,400,64.349,34,101,0,0,0,1,0.03,0.0001,10000
2023,400,77.227,26,84,0,0,0,1,0.03,0.0001,10000
2024,400,70.793,34,111,0,0,0,1,0.03,0.0001,10000
2025,400,89.926,40,109,0,0,0,1,0.03,0.0001,10000
2026,400,55.263,24,77,0,0,0,1,0.03,0.0001,10000
2027,400,-0.759,2,5,0,0,0,1,0.03,0.0001,10000
2028,400,76.443,35,91,0,0,0,1,0.03,0.0001,10000
2029,400,31.768,16,51,0,0,0,1,0.03,0.0001,10000
2030,400,48.452,26,86,0,0,0,1,0.03,0.0001,10000
2031,400,66.08,22,65,0,0,0,1,0.03,0.0001,10000
2032,400,76.813,36,106,0,0,0,1,0.03,0.0001,10000
2033,400,97.863,43,108,0,0,0,1,0.03,0.0001,10000
2034,400,23.689,12,33,0,0,0,1,0.03,0.0001,10000
2035,400,76.109,36,103,0,0,0,1,0.03,0.0001,10000
2036,400,61.977,14,45,0,0,0,1,0.03,0.0001,10000
2037,400,16.056,14,35,0,0,0,1,0.03,0.0001,10000
2038,400,-0.177,5,20,0,0,0,1,0.03,0.0001,10000
2039,400,46.177,23,90,0,0,0,1,0.03,0.0001,10000
2040,400,-13.515,0,6,0,0,0,1,0.03,0.0001,10000
2041,400,63.769,19,86,0,0,0,1,0.03,0.0001,10000
2042,400,51.295,15,58,0,0,0,1,0.03,0.0001,10000
2043,400,50.581,26,88,0,0,0,1,0.03,0.0001,10000
2044,400,51.254,22,82,0,0,0,1,0.03,0.0001,10000
2045,400,21.224,13,49,0,0,0,1,0.03,0.0001,10000
2046,400,70.497,29,93,0,0,0,1,0.03,0.0001,10000
2047,400,7.188,9,26,0,0,0,1,0.03,0.0001,10000
2048,400,85.844,41,114,0,0,0,1,0.03,0.0001,10000
2049,400,66.888,17,76,0,0,0,1,0.03,0.0001,10000
2050,400,59.135,11,36,0,0,0,1,0.03,0.0001,10000
2051,400,66.935,32,100,0,0,0,1,0.03,0.0001,10000
2052,400,17.458,8,40,0,0,0,1,0.03,0.0001,10000
2053,400,45.817,11,36,0,0,0,1,0.03,0.0001,10000
2054,400,70.201,28,93,0,0,0,1,0.03,0.0001,10000
2055,400,49.82,25,94,0,0,0,1,0.03,0.0001,10000
2056,400,-4.409,1,5,0,0,0,1,0.03,0.0001,10000
2057,400,-4.807,1,9,0,0,0,1,0.03,0.0001,10000
2058,400,43.968,20,85,0,0,0,1,0.03,0.0001,10000
2059,400,74.042,27,89,0,0,0,1,0.03,0.0001,10000
2060,400,77.952,28,89,0,0,0,1,0.03,0.0001,10000
2061,400,28.609,18,61,0,0,0,1,0.03,0.0001,10000
2062,400,-9.222,1,8,0,0,0,1,0.03,0.0001,10000
2063,400,90.341,38,123,0,0,0,1,0.03,0.0001,10000
2064,400,13.479,11,36,0,0,0,1,0.03,0.0001,10000
2065,400,-4.59,0,3,0,0,0,1,0.03,0.0001,10000
2066,400,60.046,27,98,0,0,0,1,0.03,0.0001,10000
2067,400,-13.2,0,5,0,0,0,1,0.03,0.0001,10000
2068,400,-9.421,1,4,0,0,0,1,0.03,0.0001,10000
2069,400,19.218,5,19,0,0,0,1,0.03,0.0001,10000
2070,400,31.714,19,58,0,0,0,1,0.03,0.0001,10000
2071,400,-1.723,3,26,0,0,0,1,0.03,0.0001,10000
2072,400,27.582,15,66,0,0,0,1,0.03,0.0001,10000
2073,400,24.995,13,51,0,0,0,1,0.03,0.0001,10000
2074,400,-2.662,5,16,0,0,0,1,0.03,0.0001,10000
2075,400,12.726,7,48,0,0,0,1,0.03,0.0001,10000
2076,400,42.571,4,19,0,0,0,1,0.03,0.0001,10000
2077,400,32.078,18,68,0,0,0,1,0.03,0.0001,10000
2078,400,62.151,18,83,0,0,0,1,0.03,0.0001,10000
2079,400,71.421,28,80,0,0,0,1,0.03,0.0001,10000
2080,400,92.218,36,114,0,0,0,1,0.03,0.0001,10000
2081,400,-10.766,1,2,0,0,0,1,0.03,0.0001,10000
2082,400,27.894,17,42,0,0,0,1,0.03,0.0001,10000
2083,400,80.765,31,110,0,0,0,1,0.03,0.0001,10000
2084,400,-2.114,2,3,0,0,0,1,0.03,0.0001,10000
2085,400,50.338,27,85,0,0,0,1,0.03,0.0001,10000
2086,400,-5.368,3,10,0,0,0,1,0.03,0.0001,10000
2087,400,86.87,40,112,0,0,0,1,0.03,0.0001,10000
2088,400,81.746,39,107,0,0,0,1,0.03,0.0001,10000
2089,400,57.203,27,96,0,0,0,1,0.03,0.0001,10000
2090,400,84.15,37,89,0,0,0,1,0.03,0.0001,10000
2091,400,67.875,19,55,0,0,0,1,0.03,0.0001,10000
2092,400,-8.034,2,13,0,0,0,1,0.03,0.0001,10000
2093,400,52.288,26,82,0,0,0,1,0.03,0.0001,10000
2094,400,-10.55,0,9,0,0,0,1,0.03,0.0001,10000
2095,400,-1.83,7,16,0,0,0,1,0.03,0.0001,10000
2096,400,85.718,39,123,0,0,0,1,0.03,0.0001,10000
2097,400,70.705,29,76,0,0,0,1,0.03,0.0001,10000
2098,400,57.807,14,40,0,0,0,1,0.03,0.0001,10000
2099,400,41.803,21,72,0,0,0,1,0.03,0.0001,10000
2100,400,90.431,40,113,0,0,0,1,0.03,0.0001,10000
2101,400,47.331,11,42,0,0,0,1,0.03,0.0001,10000
2102,400,54.395,17,45,0,0,0,1,0.03,0.0001,10000
2103,400,55.225,17,62,0,0,0,1,0.03,0.0001,10000
2104,400,67.941,27,88,0,0,0,1,0.03,0.0001,10000
2105,400,76.095,32,104,0,0,0,1,0.03,0.0001,10000
2106,400,66.346,32,96,0,0,0,1,0.03,0.0001,10000
2107,400,68.749,32,108,0,0,0,1,0.03,0.0001,10000
2108,400,-6.776,2,2,0,0,0,1,0.03,0.0001,10000
2109,400,-10.792,1,2,0,0,0,1,0.03,0.0001,10000
2110,400,1.335,7,13,0,0,0,1,0.03,0.0001,10000
2111,400,22.743,12,61,0,0,0,1,0.03,0.0001,10000
2112,400,-10.193,1,4,0,0,0,1,0.03,0.0001,10000
2113,400,34.183,19,67,0,0,0,1,0.03,0.0001,10000
2114,400,63.763,21,65,0,0,0,1,0.03,0.0001,10000
2115,400,49.411,26,82,0,0,0,1,0.03,0.0001,10000
2116,400,-7.694,2,11,0,0,0,1,0.03,0.0001,10000
2117,400,76.091,36,106,0,0,0,1,0.03,0.0001,10000
2118,400,-5.615,1,6,0,0,0,1,0.03,0.0001,10000
2119,400,32.159,16,68,0,0,0,1,0.03,0.0001,10000
2120,400,-12.494,0,5,0,0,0,1,0.03,0.0001,10000
2121,400,57.596,23,74,0,0,0,1,0.03,0.0001,10000
2122,400,40.492,19,75,0,0,0,1,0.03,0.0001,10000
2123,400,69.486,30,92,0,0,0,1,0.03,0.0001,10000
2124,400,56.293,17,64,0,0,0,1,0.03,0.0001,10000
2125,400,58.153,19,52,0,0,0,1,0.03,0.0001,10000
2126,400,49.395,24,89,0,0,0,1,0.03,0.0001,10000
2127,400,72.068,28,71,0,0,0,1,0.03,0.0001,10000
2128,400,-9.883,1,9,0,0,0,1,0.03,0.0001,10000
2129,400,92.377,38,123,0,0,0,1,0.03,0.0001,10000
2130,400,83.035,37,117,0,0,0,1,0.03,0.0001,10000
2131,400,69.307,33,90,0,0,0,1,0.03,0.0001,10000
2132,400,30.59,21,69,0,0,0,1,0.03,0.0001,10000
2133,400,-9.48,0,10,0,0,0,1,0.03,0.0001,10000
2134,400,8.167,10,23,0,0,0,1,0.03,0.0001,10000
2135,400,58.542,30,89,0,0,0,1,0.03,0.0001,10000
2136,400,90.491,36,129,0,0,0,1,0.03,0.0001,10000
2137,400,13.822,8,44,0,0,0,1,0.03,0.0001,10000
2138,400,18.996,14,37,0,0,0,1,0.03,0.0001,10000
2139,400,-8.784,1,12,0,0,0,1,0.03,0.0001,10000
2140,400,71.742,32,101,0,0,0,1,0.03,0.0001,10000
2141,400,-2.733,4,15,0,0,0,1,0.03,0.0001,10000
2142,400,63.486,29,78,0,0,0,1,0.03,0.0001,10000
2143,400,44.574,23,84,0,0,0,1,0.03,0.0001,10000
2144,400,-7.169,2,5,0,0,0,1,0.03,0.0001,10000
2145,400,41.438,22,80,0,0,0,1,0.03,0.0001,10000
2146,400,48.93,25,76,0,0,0,1,0.03,0.0001,10000
2147,400,56.289,23,72,0,0,0,1,0.03,0.0001,10000
2148,400,56.447,25,74,0,0,0,1,0.03,0.0001,10000
2149,400,3.687,5,20,0,0,0,1,0.03,0.0001,10000
2150,400,80.61,38,115,0,0,0,1,0.03,0.0001,10000
2151,400,9.009,10,33,0,0,0,1,0.03,0.0001,10000
2152,400,43.666,17,68,0,0,0,1,0.03,0.0001,10000
2153,400,46.675,21,78,0,0,0,1,0.03,0.0001,10000
2154,400,66.145,28,91,0,0,0,1,0.03,0.0001,10000
2155,400,42.959,17,48,0,0,0,1,0.03,0.0001,10000
2156,400,69.338,33,92,0,0,0,1,0.03,0.0001,10000
2157,400,71.375,31,91,0,0,0,1,0.03,0.0001,10000
2158,400,76.796,37,106,0,0,0,1,0.03,0.0001,10000
2159,400,89.057,38,114,0,0,0,1,0.03,0.0001,10000
2160,400,68.786,23,69,0,0,0,1,0.03,0.0001,10000
2161,400,73.347,33,102,0,0,0,1,0.03,0.0001,10000
2162,400,90.695,39,115,0,0,0,1,0.03,0.0001,10000
2163,400,63.968,22,65,0,0,0,1,0.03,0.0001,10000
2164,400,-5.685,3,10,0,0,0,1,0.03,0.0001,10000
2165,400,63.978,20,73,0,0,0,1,0.03,0.0001,10000
2166,400,77.87,32,111,0,0,0,1,0.03,0.0001,10000
2167,400,78.543,29,75,0,0,0,1,0.03,0.0001,10000
2168,400,-11.02,1,2,0,0,0,1,0.03,0.0001,10000
2169,400,-8.646,3,3,0,0,0,1,0.03,0.0001,10000
2170,400,-8.568,3,3,0,0,0,1,0.03,0.0001,10000
2171,400,53.663,22,76,0,0,0,1,0.03,0.0001,10000
2172,400,5.897,2,15,0,0,0,1,0.03,0.0001,10000
2173,400,39.169,24,63,0,0,0,1,0.03,0.0001,10000
2174,400,20.907,11,38,0,0,0,1,0.03,0.0001,10000
2175,400,35.175,17,79,0,0,0,1,0.03,0.0001,10000
2176,400,67.53,28,80,0,0,0,1,0.03,0.0001,10000
2177,400,65.761,33,99,0,0,0,1,0.03,0.0001,10000
2178,400,79.118,39,104,0,0,0,1,0.03,0.0001,10000
2179,400,70.129,28,84,0,0,0,1,0.03,0.0001,10000
2180,400,-9.823,2,3,0,0,0,1,0.03,0.0001,10000
2181,400,56.657,28,92,0,0,0,1,0.03,0.0001,10000
2182,400,24.256,18,44,0,0,0,1,0.03,0.0001,10000
2183,400,74.733,33,106,0,0,0,1,0.03,0.0001,10000
2184,400,-9.701,2,3,0,0,0,1,0.03,0.0001,10000
2185,400,84.196,32,103,0,0,0,1,0.03,0.0001,10000
2186,400,83.319,37,114,0,0,0,1,0.03,0.0001,10000
2187,400,41.345,22,58,0,0,0,1,0.03,0.0001,10000
2188,400,89.474,33,112,0,0,0,1,0.03,0.0001,10000
2189,400,64.678,30,98,0,0,0,1,0.03,0.0001,10000
2190,400,82.769,39,101,0,0,0,1,0.03,0.0001,10000
2191,400,84.523,40,113,0,0,0,1,0.03,0.0001,10000
2192,400,13.145,11,42,0,0,0,1,0.03,0.0001,10000
2193,400,77.857,35,121,0,0,0,1,0.03,0.0001,10000
2194,400,28.414,16,55,0,0,0,1,0.03,0.0001,10000
2195,400,8.216,5,22,0,0,0,1,0.03,0.0001,10000
2196,400,61.814,27,106,0,0,0,1,0.03,0.0001,10000
2197,400,-3.25,1,3,0,0,0,1,0.03,0.0001,10000
2198,400,88.513,37,109,0,0,0,1,0.03,0.0001,10000
2199,400,43.807,23,72,0,0,0,1,0.03,0.0001,10000
2200,400,76.472,34,96,0,0,0,1,0.03,0.0001,10000
2201,400,37.15,20,77,0,0,0,1,0.03,0.0001,10000
2202,400,71.855,34,86,0,0,0,1,0.03,0.0001,10000
2203,400,49.677,23,74,0,0,0,1,0.03,0.0001,10000
2204,400,-2.163,2,13,0,0,0,1,0.03,0.0001,10000
2205,400,77.706,36,107,0,0,0,1,0.03,0.0001,10000
2206,400,5.812,6,21,0,0,0,1,0.03,0.0001,10000
2207,400,-3.415,1,2,0,0,0,1,0.03,0.0001,10000
2208,400,-8.081,1,12,0,0,0,1,0.03,0.0001,10000
2209,400,71.374,24,85,0,0,0,1,0.03,0.0001,10000
2210,400,19.052,15,44,0,0,0,1,0.03,0.0001,10000
2211,400,35.067,18,65,0,0,0,1,0.03,0.0001,10000
2212,400,64.672,31,103,0,0,0,1,0.03,0.0001,10000
2213,400,71.893,37,114,0,0,0,1,0.03,0.0001,10000
2214,400,13.326,12,45,0,0,0,1,0.03,0.0001,10000
2215,400,77.966,34,112,0,0,0,1,0.03,0.0001,10000
2216,400,22.89,13,43,0,0,0,1,0.03,0.0001,10000
2217,400,52.749,14,44,0,0,0,1,0.03,0.0001,10000
2218,400,1.726,4,10,0,0,0,1,0.03,0.0001,10000
2219,400,57.943,29,90,0,0,0,1,0.03,0.0001,10000
2220,400,27.757,14,50,0,0,0,1,0.03,0.0001,10000
2221,400,72.429,32,99,0,0,0,1,0.03,0.0001,10000
2222,400,87.178,37,120,0,0,0,1,0.03,0.0001,10000
2223,400,34.996,15,80,0,0,0,1,0.03,0.0001,10000
2224,400,84.3,36,98,0,0,0,1,0.03,0.0001,10000
2225,400,55.432,26,84,0,0,0,1,0.03,0.0001,10000
2226,400,17.002,10,57,0,0,0,1,0.03,0.0001,10000
2227,400,72.187,37,114,0,0,0,1,0.03,0.0001,10000
2228,400,43.663,10,46,0,0,0,1,0.03,0.0001,10000
2229,400,26.533,19,53,0,0,0,1,0.03,0.0001,10000
2230,400,12.788,12,40,0,0,0,1,0.03,0.0001,10000
2231,400,28.358,18,58,0,0,0,1,0.03,0.0001,10000
2232,400,72.281,34,95,0,0,0,1,0.03,0.0001,10000
2233,400,74.733,28,93,0,0,0,1,0.03,0.0001,10000
2234,400,77.972,29,85,0,0,0,1,0.03,0.0001,10000
2235,400,54.72,23,81,0,0,0,1,0.03,0.0001,10000
2236,400,4.862,8,25,0,0,0,1,0.03,0.0001,10000
2237,400,-11.367,2,4,0,0,0,1,0.03,0.0001,10000
2238,400,29.034,11,61,0,0,0,1,0.03,0.0001,10000
2239,400,-0.82,4,13,0,0,0,1,0.03,0.0001,10000
2240,400,-2.491,6,15,0,0,0,1,0.03,0.0001,10000
2241,400,65.895,33,101,0,0,0,1,0.03,0.0001,10000
2242,400,30.075,18,68,0,0,0,1,0.03,0.0001,10000
2243,400,20.818,17,45,0,0,0,1,0.03,0.0001,10000
2244,400,-4.635,3,11,0,0,0,1,0.03,0.0001,10000
2245,400,81.012,40,120,0,0,0,1,0.03,0.0001,10000
2246,400,78.163,33,106,0,0,0,1,0.03,0.0001,10000
2247,400,49.105,20,64,0,0,0,1,0.03,0.0001,10000
2248,400,58.865,18,60,0,0,0,1,0.03,0.0001,10000
2249,400,87.082,42,107,0,0,0,1,0.03,0.0001,10000
2250,400,41.944,22,90,0,0,0,1,0.03,0.0001,10000
2251,400,85.313,36,98,0,0,0,1,0.03,0.0001,10000
2252,400,76.764,33,97,0,0,0,1,0.03,0.0001,10000
2253,400,-3.512,3,7,0,0,0,1,0.03,0.0001,10000
2254,400,-9.27,3,6,0,0,0,1,0.03,0.0001,10000
2255,400,61.31,23,81,0,0,0,1,0.03,0.0001,10000
2256,400,14.083,9,35,0,0,0,1,0.03,0.0001,10000
2257,400,36.451,6,24,0,0,0,1,0.03,0.0001,10000
2258,400,70.65,26,72,0,0,0,1,0.03,0.0001,10000
2259,400,6.249,2,8,0,0,0,1,0.03,0.0001,10000
2260,400,-10.162,1,10,0,0,0,1,0.03,0.0001,10000
2261,400,93.0,40,112,0,0,0,1,0.03,0.0001,10000
2262,400,71.846,31,90,0,0,0,1,0.03,0.0001,10000
2263,400,30.227,16,72,0,0,0,1,0.03,0.0001,10000
2264,400,30.351,6,20,0,0,0,1,0.03,0.0001,10000
2265,400,9.794,8,28,0,0,0,1,0.03,0.0001,10000
2266,400,60.691,25,73,0,0,0,1,0.03,0.0001,10000
2267,400,43.989,19,62,0,0,0,1,0.03,0.0001,10000
2268,400,30.937,19,61,0,0,0,1,0.03,0.0001,10000
2269,400,57.706,29,82,0,0,0,1,0.03,0.0001,10000
2270,400,90.24,39,113,0,0,0,1,0.03,0.0001,10000
2271,400,64.273,13,69,0,0,0,1,0.03,0.0001,10000
2272,400,35.073,25,63,0,0,0,1,0.03,0.0001,10000
2273,400,7.025,7,25,0,0,0,1,0.03,0.0001,10000
2274,400,63.13,16,73,0,0,0,1,0.03,0.0001,10000
2275,400,84.9,35,115,0,0,0,1,0.03,0.0001,10000
2276,400,51.202,12,52,0,0,0,1,0.03,0.0001,10000
2277,400,53.335,29,79,0,0,0,1,0.03,0.0001,10000
2278,400,-2.475,3,16,0,0,0,1,0.03,0.0001,10000
2279,400,0.975,3,26,0,0,0,1,0.03,0.0001,10000
2280,400,56.931,24,96,0,0,0,1,0.03,0.0001,10000
2281,400,65.382,13,43,0,0,0,1,0.03,0.0001,10000
2282,400,-9.083,2,3,0,0,0,1,0.03,0.0001,10000
2283,400,44.995,25,77,0,0,0,1,0.03,0.0001,10000
2284,400,26.457,14,51,0,0,0,1,0.03,0.0001,10000
2285,400,-6.655,2,12,0,0,0,1,0.03,0.0001,10000
2286,400,25.352,15,69,0,0,0,1,0.03,0.0001,10000
2287,400,-2.466,4,13,0,0,0,1,0.03,0.0001,10000
2288,400,-9.835,1,6,0,0,0,1,0.03,0.0001,10000
2289,400,20.37,0,1,0,0,0,1,0.03,0.0001,10000
2290,400,58.635,30,82,0,0,0,1,0.03,0.0001,10000
2291,400,-10.005,1,7,0,0,0,1,0.03,0.0001,10000
2292,400,-14.872,1,11,0,0,0,1,0.03,0.0001,10000
2293,400,46.165,19,75,0,0,0,1,0.03,0.0001,10000
2294,400,12.378,10,37,0,0,0,1,0.03,0.0001,10000
2295,400,56.546,14,56,0,0,0,1,0.03,0.0001,10000
2296,400,24.851,18,48,0,0,0,1,0.03,0.0001,10000
2297,400,94.622,43,127,0,0,0,1,0.03,0.0001,10000
2298,400,55.368,13,60,0,0,0,1,0.03,0.0001,10000
2299,400,52.969,22,79,0,0,0,1,0.03,0.0001,10000
2300,400,78.512,36,107,0,0,0,1,0.03,0.0001,10000
2301,400,56.31,25,82,0,0,0,1,0.03,0.0001,10000
2302,400,23.479,15,53,0,0,0,1,0.03,0.0001,10000
2303,400,-0.852,3,21,0,0,0,1,0.03,0.0001,10000
2304,400,50.447,24,76,0,0,0,1,0.03,0.0001,10000
2305,400,42.683,21,70,0,0,0,1,0.03,0.0001,10000
2306,400,48.113,18,68,0,0,0,1,0.03,0.0001,10000
2307,400,38.179,19,53,0,0,0,1,0.03,0.0001,10000
2308,400,51.074,23,75,0,0,0,1,0.03,0.0001,10000
2309,400,81.432,35,106,0,0,0,1,0.03,0.0001,10000
2310,400,65.716,30,89,0,0,0,1,0.03,0.0001,10000
2311,400,-11.071,0,8,0,0,0,1,0.03,0.0001,10000
2312,400,0.681,5,22,0,0,0,1,0.03,0.0001,10000
2313,400,84.789,41,117,0,0,0,1,0.03,0.0001,10000
2314,400,69.533,24,70,0,0,0,1,0.03,0.0001,10000
2315,400,52.111,25,85,0,0,0,1,0.03,0.0001,10000
2316,400,65.077,16,76,0,0,0,1,0.03,0.0001,10000
2317,400,4.078,7,34,0,0,0,1,0.03,0.0001,10000
2318,400,48.615,25,84,0,0,0,1,0.03,0.0001,10000
2319,400,67.001,36,95,0,0,0,1,0.03,0.0001,10000
2320,400,71.335,38,115,0,0,0,1,0.03,0.0001,10000
2321,400,81.442,34,109,0,0,0,1,0.03,0.0001,10000
2322,400,4.689,6,29,0,0,0,1,0.03,0.0001,10000
2323,400,68.985,27,96,0,0,0,1,0.03,0.0001,10000
2324,400,83.067,41,106,0,0,0,1,0.03,0.0001,10000
2325,400,7.215,8,23,0,0,0,1,0.03,0.0001,10000
2326,400,-12.266,0,3,0,0,0,1,0.03,0.0001,10000
2327,400,10.717,8,46,0,0,0,1,0.03,0.0001,10000
2328,400,91.287,40,116,0,0,0,1,0.03,0.0001,10000
2329,400,19.961,14,52,0,0,0,1,0.03,0.0001,10000
2330,400,97.787,42,131,0,0,0,1,0.03,0.0001,10000
2331,400,31.907,16,67,0,0,0,1,0.03,0.0001,10000
2332,400,61.929,22,77,0,0,0,1,0.03,0.0001,10000
2333,400,74.81,31,103,0,0,0,1,0.03,0.0001,10000
2334,400,47.407,21,80,0,0,0,1,0.03,0.0001,10000
2335,400,52.898,27,79,0,0,0,1,0.03,0.0001,10000
2336,400,-4.125,2,18,0,0,0,1,0.03,0.0001,10000
2337,400,89.311,38,106,0,0,0,1,0.03,0.0001,10000
2338,400,60.429,26,78,0,0,0,1,0.03,0.0001,10000
2339,400,57.89,27,100,0,0,0,1,0.03,0.0001,10000
2340,400,55.417,29,88,0,0,0,1,0.03,0.0001,10000
2341,400,5.988,6,25,0,0,0,1,0.03,0.0001,10000
2342,400,-12.061,0,3,0,0,0,1,0.03,0.0001,10000
2343,400,88.87,41,116,0,0,0,1,0.03,0.0001,10000
2344,400,61.321,29,94,0,0,0,1,0.03,0.0001,10000
2345,400,66.474,30,88,0,0,0,1,0.03,0.0001,10000
2346,400,56.295,24,94,0,0,0,1,0.03,0.0001,10000
2347,400,83.41,38,109,0,0,0,1,0.03,0.0001,10000
2348,400,65.986,33,101,0,0,0,1,0.03,0.0001,10000
2349,400,79.305,38,106,0,0,0,1,0.03,0.0001,10000
2350,400,40.972,20,91,0,0,0,1,0.03,0.0001,10000
2351,400,-3.747,1,5,0,0,0,1,0.03,0.0001,10000
2352,400,71.656,34,92,0,0,0,1,0.03,0.0001,10000
2353,400,78.291,28,94,0,0,0,1,0.03,0.0001,10000
2354,400,13.902,9,44,0,0,0,1,0.03,0.0001,10000
2355,400,79.634,32,112,0,0,0,1,0.03,0.0001,10000
2356,400,56.303,29,87,0,0,0,1,0.03,0.0001,10000
2357,400,20.132,8,52,0,0,0,1,0.03,0.0001,10000
2358,400,68.509,31,108,0,0,0,1,0.03,0.0001,10000
2359,400,16.601,7,28,0,0,0,1,0.03,0.0001,10000
2360,400,-11.27,0,3,0,0,0,1,0.03,0.0001,10000
2361,400,10.711,10,39,0,0,0,1,0.03,0.0001,10000
2362,400,37.962,22,70,0,0,0,1,0.03,0.0001,10000
2363,400,87.019,40,111,0,0,0,1,0.03,0.0001,10000
2364,400,-8.604,3,3,0,0,0,1,0.03,0.0001,10000
2365,400,30.89,19,51,0,0,0,1,0.03,0.0001,10000
2366,400,-10.376,1,3,0,0,0,1,0.03,0.0001,10000
2367,400,10.291,8,45,0,0,0,1,0.03,0.0001,10000
2368,400,26.378,13,40,0,0,0,1,0.03,0.0001,10000
2369,400,-4.685,0,2,0,0,0,1,0.03,0.0001,10000
2370,400,-8.482,2,7,0,0,0,1,0.03,0.0001,10000
2371,400,21.082,10,47,0,0,0,1,0.03,0.0001,10000
2372,400,35.414,16,79,0,0,0,1,0.03,0.0001,10000
2373,400,22.08,14,46,0,0,0,1,0.03,0.0001,10000
2374,400,-3.884,2,6,0,0,0,1,0.03,0.0001,10000
2375,400,46.186,24,81,0,0,0,1,0.03,0.0001,10000
2376,400,81.512,34,112,0,0,0,1,0.03,0.0001,10000
2377,400,-0.284,7,21,0,0,0,1,0.03,0.0001,10000
2378,400,33.24,9,31,0,0,0,1,0.03,0.0001,10000
2379,400,72.878,34,98,0,0,0,1,0.03,0.0001,10000
2380,400,67.118,31,88,0,0,0,1,0.03,0.0001,10000
2381,400,32.284,17,66,0,0,0,1,0.03,0.0001,10000
2382,400,71.639,27,101,0,0,0,1,0.03,0.0001,10000
2383,400,41.04,20,73,0,0,0,1,0.03,0.0001,10000
2384,400,71.143,32,103,0,0,0,1,0.03,0.0001,10000
2385,400,-4.342,1,7,0,0,0,1,0.03,0.0001,10000
2386,400,80.119,32,98,0,0,0,1,0.03,0.0001,10000
2387,400,38.014,21,77,0,0,0,1,0.03,0.0001,10000
2388,400,74.074,31,94,0,0,0,1,0.03,0.0001,10000
2389,400,37.918,24,80,0,0,0,1,0.03,0.0001,10000
2390,400,51.23,17,51,0,0,0,1,0.03,0.0001,10000
2391,400,-10.46,1,8,0,0,0,1,0.03,0.0001,10000
2392,400,82.443,38,111,0,0,0,1,0.03,0.0001,10000
2393,400,60.516,28,90,0,0,0,1,0.03,0.0001,10000
2394,400,53.757,31,86,0,0,0,1,0.03,0.0001,10000
2395,400,56.603,18,60,0,0,0,1,0.03,0.0001,10000
2396,400,78.864,32,86,0,0,0,1,0.03,0.0001,10000
2397,400,-4.005,3,17,0,0,0,1,0.03,0.0001,10000
2398,400,4.944,7,31,0,0,0,1,0.03,0.0001,10000
2399,400,9.793,8,33,0,0,0,1,0.03,0.0001,10000
2400,400,-1.836,5,20,0,0,0,1,0.03,0.0001,10000
2401,400,86.867,38,120,0,0,0,1,0.03,0.0001,10000
2402,400,2.61,6,26,0,0,0,1,0.03,0.0001,10000
2403,400,-4.866,2,20,0,0,0,1,0.03,0.0001,10000
2404,400,77.488,37,97,0,0,0,1,0.03,0.0001,10000
2405,400,-2.924,2,7,0,0,0,1,0.03,0.0001,10000
2406,400,67.415,30,95,0,0,0,1,0.03,0.0001,10000
2407,400,74.564,35,115,0,0,0,1,0.03,0.0001,10000
2408,400,29.102,18,51,0,0,0,1,0.03,0.0001,10000
2409,400,66.326,24,67,0,0,0,1,0.03,0.0001,10000
2410,400,57.602,27,104,0,0,0,1,0.03,0.0001,10000
2411,400,63.953,30,105,0,0,0,1,0.03,0.0001,10000
2412,400,4.794,4,16,0,0,0,1,0.03,0.0001,10000
2413,400,29.336,19,55,0,0,0,1,0.03,0.0001,10000
2414,400,-10.03,1,5,0,0,0,1,0.03,0.0001,10000
2415,400,89.213,41,112,0,0,0,1,0.03,0.0001,10000
2416,400,-5.878,4,8,0,0,0,1,0.03,0.0001,10000
2417,400,-4.598,0,1,0,0,0,1,0.03,0.0001,10000
2418,400,86.011,37,117,0,0,0,1,0.03,0.0001,10000
2419,400,6.387,6,30,0,0,0,1,0.03,0.0001,10000
2420,400,-2.071,4,13,0,0,0,1,0.03,0.0001,10000
2421,400,57.76,22,79,0,0,0,1,0.03,0.0001,10000
2422,400,67.097,22,70,0,0,0,1,0.03,0.0001,10000
2423,400,60.661,28,92,0,0,0,1,0.03,0.0001,10000
2424,400,64.573,19,55,0,0,0,1,0.03,0.0001,10000
2425,400,73.896,31,93,0,0,0,1,0.03,0.0001,10000
2426,400,15.818,12,27,0,0,0,1,0.03,0.0001,10000
2427,400,32.111,13,38,0,0,0,1,0.03,0.0001,10000
2428,400,81.347,31,106,0,0,0,1,0.03,0.0001,10000
2429,400,-2.383,2,10,0,0,0,1,0.03,0.0001,10000
2430,400,22.892,1,3,0,0,0,1,0.03,0.0001,10000
2431,400,65.343,28,91,0,0,0,1,0.03,0.0001,10000
2432,400,55.894,16,61,0,0,0,1,0.03,0.0001,10000
2433,400,77.112,31,107,0,0,0,1,0.03,0.0001,10000
2434,400,-8.45,2,8,0,0,0,1,0.03,0.0001,10000
2435,400,62.424,32,90,0,0,0,1,0.03,0.0001,10000
2436,400,79.064,32,104,0,0,0,1,0.03,0.0001,10000
2437,400,-8.032,2,7,0,0,0,1,0.03,0.0001,10000
2438,400,92.974,37,101,0,0,0,1,0.03,0.0001,10000
2439,400,-3.224,4,9,0,0,0,1,0.03,0.0001,10000
2440,400,3.931,6,26,0,0,0,1,0.03,0.0001,10000
2441,400,44.251,23,82,0,0,0,1,0.03,0.0001,10000
2442,400,63.47,30,88,0,0,0,1,0.03,0.0001,10000
2443,400,15.349,10,35,0,0,0,1,0.03,0.0001,10000
2444,400,73.083,27,88,0,0,0,1,0.03,0.0001,10000
2445,400,72.477,30,97,0,0,0,1,0.03,0.0001,10000
2446,400,67.792,31,98,0,0,0,1,0.03,0.0001,10000
2447,400,41.37,21,83,0,0,0,1,0.03,0.0001,10000
2448,400,-0.393,6,18,0,0,0,1,0.03,0.0001,10000
2449,400,86.126,38,112,0,0,0,1,0.03,0.0001,10000
2450,400,91.042,38,110,0,0,0,1,0.03,0.0001,10000
2451,400,62.227,27,92,0,0,0,1,0.03,0.0001,10000
2452,400,-11.777,2,4,0,0,0,1,0.03,0.0001,10000
2453,400,-11.324,1,5,0,0,0,1,0.03,0.0001,10000
2454,400,86.474,38,97,0,0,0,1,0.03,0.0001,10000
2455,400,63.908,18,73,0,0,0,1,0.03,0.0001,10000
2456,400,85.287,36,100,0,0,0,1,0.03,0.0001,10000
2457,400,73.614,31,90,0,0,0,1,0.03,0.0001,10000
2458,400,68.831,26,86,0,0,0,1,0.03,0.0001,10000
2459,400,72.067,27,86,0,0,0,1,0.03,0.0001,10000
2460,400,55.484,16,60,0,0,0,1,0.03,0.0001,10000
2461,400,68.909,31,107,0,0,0,1,0.03,0.0001,10000
2462,400,84.138,35,95,0,0,0,1,0.03,0.0001,10000
2463,400,-3.611,2,17,0,0,0,1,0.03,0.0001,10000
2464,400,83.617,36,122,0,0,0,1,0.03,0.0001,10000
2465,400,83.107,34,96,0,0,0,1,0.03,0.0001,10000
2466,400,-10.267,1,8,0,0,0,1,0.03,0.0001,10000
2467,400,78.265,30,110,0,0,0,1,0.03,0.0001,10000
2468,400,16.755,9,51,0,0,0,1,0.03,0.0001,10000
2469,400,68.145,30,98,0,0,0,1,0.03,0.0001,10000
2470,400,77.197,30,88,0,0,0,1,0.03,0.0001,10000
2471,400,-9.912,2,9,0,0,0,1,0.03,0.0001,10000
2472,400,61.694,27,94,0,0,0,1,0.03,0.0001,10000
2473,400,20.547,12,53,0,0,0,1,0.03,0.0001,10000
2474,400,47.673,21,89,0,0,0,1,0.03,0.0001,10000
2475,400,9.115,9,39,0,0,0,1,0.03,0.0001,10000
2476,400,-2.858,2,17,0,0,0,1,0.03,0.0001,10000
2477,400,79.795,27,96,0,0,0,1,0.03,0.0001,10000
2478,400,-6.224,3,10,0,0,0,1,0.03,0.0001,10000
2479,400,2.444,5,27,0,0,0,1,0.03,0.0001,10000
2480,400,77.019,27,93,0,0,0,1,0.03,0.0001,10000
2481,400,59.346,21,64,0,0,0,1,0.03,0.0001,10000
2482,400,61.094,28,81,0,0,0,1,0.03,0.0001,10000
2483,400,-8.666,2,6,0,0,0,1,0.03,0.0001,10000
2484,400,57.828,25,95,0,0,0,1,0.03,0.0001,10000
2485,400,56.863,30,86,0,0,0,1,0.03,0.0001,10000
2486,400,-10.466,2,5,0,0,0,1,0.03,0.0001,10000
2487,400,75.922,26,91,0,0,0,1,0.03,0.0001,10000
2488,400,0.85,5,13,0,0,0,1,0.03,0.0001,10000
2489,400,77.51,29,82,0,0,0,1,0.03,0.0001,10000
2490,400,-10.601,2,5,0,0,0,1,0.03,0.0001,10000
2491,400,26.858,15,65,0,0,0,1,0.03,0.0001,10000
2492,400,9.227,10,34,0,0,0,1,0.03,0.0001,10000
2493,400,18.38,13,34,0,0,0,1,0.03,0.0001,10000
2494,400,85.996,36,108,0,0,0,1,0.03,0.0001,10000
2495,400,57.903,24,91,0,0,0,1,0.03,0.0001,10000
2496,400,54.614,16,64,0,0,0,1,0.03,0.0001,10000
2497,400,-3.191,1,3,0,0,0,1,0.03,0.0001,10000
2498,400,43.467,19,69,0,0,0,1,0.03,0.0001,10000
2499,400,-3.873,3,7,0,0,0,1,0.03,0.0001,10000
2500,400,38.006,20,71,0,0,0,1,0.03,0.0001,10000
2501,400,71.4,24,88,0,0,0,1,0.03,0.0001,10000
2502,400,49.956,15,47,0,0,0,1,0.03,0.0001,10000
2503,400,77.982,33,103,0,0,0,1,0.03,0.0001,10000
2504,400,89.257,36,102,0,0,0,1,0.03,0.0001,10000
2505,400,-9.92,1,5,0,0,0,1,0.03,0.0001,10000
2506,400,67.279,26,69,0,0,0,1,0.03,0.0001,10000
2507,400,13.526,8,38,0,0,0,1,0.03,0.0001,10000
2508,400,72.04,24,92,0,0,0,1,0.03,0.0001,10000
2509,400,33.727,19,67,0,0,0,1,0.03,0.0001,10000
2510,400,-10.1,1,4,0,0,0,1,0.03,0.0001,10000
2511,400,63.844,31,101,0,0,0,1,0.03,0.0001,10000
2512,400,75.311,29,93,0,0,0,1,0.03,0.0001,10000
2513,400,47.595,25,75,0,0,0,1,0.03,0.0001,10000
2514,400,65.091,33,98,0,0,0,1,0.03,0.0001,10000
2515,400,32.676,17,60,0,0,0,1,0.03,0.0001,10000
2516,400,78.213,26,99,0,0,0,1,0.03,0.0001,10000
2517,400,63.738,33,99,0,0,0,1,0.03,0.0001,10000
2518,400,79.149,38,114,0,0,0,1,0.03,0.0001,10000
2519,400,16.097,16,53,0,0,0,1,0.03,0.0001,10000
2520,400,48.467,13,43,0,0,0,1,0.03,0.0001,10000
2521,400,77.697,37,108,0,0,0,1,0.03,0.0001,10000
2522,400,78.133,36,100,0,0,0,1,0.03,0.0001,10000
2523,400,3.048,8,25,0,0,0,1,0.03,0.0001,10000
2524,400,74.578,37,106,0,0,0,1,0.03,0.0001,10000
2525,400,36.356,19,74,0,0,0,1,0.03,0.0001,10000
2526,400,35.478,14,62,0,0,0,1,0.03,0.0001,10000
2527,400,50.163,21,75,0,0,0,1,0.03,0.0001,10000
2528,400,-2.265,2,3,0,0,0,1,0.03,0.0001,10000
2529,400,53.718,23,85,0,0,0,1,0.03,0.0001,10000
2530,400,47.212,6,23,0,0,0,1,0.03,0.0001,10000
2531,400,85.302,35,108,0,0,0,1,0.03,0.0001,10000
2532,400,72.655,36,100,0,0,0,1,0.03,0.0001,10000
2533,400,80.606,30,92,0,0,0,1,0.03,0.0001,10000
2534,400,63.968,22,72,0,0,0,1,0.03,0.0001,10000
2535,400,79.308,29,91,0,0,0,1,0.03,0.0001,10000
2536,400,31.315,16,58,0,0,0,1,0.03,0.0001,10000
2537,400,57.182,28,93,0,0,0,1,0.03,0.0001,10000
2538,400,33.664,20,57,0,0,0,1,0.03,0.0001,10000
2539,400,66.645,21,71,0,0,0,1,0.03,0.0001,10000
2540,400,70.269,32,101,0,0,0,1,0.03,0.0001,10000
2541,400,53.11,18,60,0,0,0,1,0.03,0.0001,10000
2542,400,28.174,14,62,0,0,0,1,0.03,0.0001,10000
2543,400,30.623,14,76,0,0,0,1,0.03,0.0001,10000
2544,400,77.296,28,95,0,0,0,1,0.03,0.0001,10000
2545,400,48.596,15,60,0,0,0,1,0.03,0.0001,10000
2546,400,80.009,31,110,0,0,0,1,0.03,0.0001,10000
2547,400,65.392,34,100,0,0,0,1,0.03,0.0001,10000
2548,400,81.073,30,92,0,0,0,1,0.03,0.0001,10000
2549,400,46.464,19,83,0,0,0,1,0.03,0.0001,10000
2550,400,78.727,36,101,0,0,0,1,0.03,0.0001,10000
2551,400,40.739,16,64,0,0,0,1,0.03,0.0001,10000
2552,400,64.821,25,74,0,0,0,1,0.03,0.0001,10000
2553,400,50.229,25,81,0,0,0,1,0.03,0.0001,10000
2554,400,-10.155,1,5,0,0,0,1,0.03,0.0001,10000
2555,400,65.56,21,89,0,0,0,1,0.03,0.0001,10000
2556,400,-10.656,0,7,0,0,0,1,0.03,0.0001,10000
2557,400,-10.653,0,4,0,0,0,1,0.03,0.0001,10000
2558,400,46.636,15,48,0,0,0,1,0.03,0.0001,10000
2559,400,82.226,33,104,0,0,0,1,0.03,0.0001,10000
2560,400,-10.667,1,7,0,0,0,1,0.03,0.0001,10000
2561,400,95.426,41,109,0,0,0,1,0.03,0.0001,10000
2562,400,45.242,25,81,0,0,0,1,0.03,0.0001,10000
2563,400,77.067,28,95,0,0,0,1,0.03,0.0001,10000
2564,400,13.252,10,46,0,0,0,1,0.03,0.0001,10000
2565,400,69.74,28,90,0,0,0,1,0.03,0.0001,10000
2566,400,-5.884,3,9,0,0,0,1,0.03,0.0001,10000
2567,400,45.639,23,75,0,0,0,1,0.03,0.0001,10000
2568,400,83.302,43,117,0,0,0,1,0.03,0.0001,10000
2569,400,-5.543,1,3,0,0,0,1,0.03,0.0001,10000
2570,400,21.561,16,67,0,0,0,1,0.03,0.0001,10000
2571,400,62.21,19,62,0,0,0,1,0.03,0.0001,10000
2572,400,81.488,34,107,0,0,0,1,0.03,0.0001,10000
2573,400,34.507,6,38,0,0,0,1,0.03,0.0001,10000
2574,400,-6.565,2,12,0,0,0,1,0.03,0.0001,10000
2575,400,54.311,18,65,0,0,0,1,0.03,0.0001,10000
2576,400,32.631,18,67,0,0,0,1,0.03,0.0001,10000
2577,400,78.264,24,73,0,0,0,1,0.03,0.0001,10000
2578,400,36.784,20,54,0,0,0,1,0.03,0.0001,10000
2579,400,71.515,32,101,0,0,0,1,0.03,0.0001,10000
2580,400,88.142,37,114,0,0,0,1,0.03,0.0001,10000
2581,400,-3.33,1,3,0,0,0,1,0.03,0.0001,10000
2582,400,41.1,21,82,0,0,0,1,0.03,0.0001,10000
2583,400,-6.568,3,12,0,0,0,1,0.03,0.0001,10000
2584,400,41.995,20,92,0,0,0,1,0.03,0.0001,10000
2585,400,11.932,9,31,0,0,0,1,0.03,0.0001,10000
2586,400,75.521,29,92,0,0,0,1,0.03,0.0001,10000
2587,400,72.707,29,89,0,0,0,1,0.03,0.0001,10000
2588,400,3.427,6,14,0,0,0,1,0.03,0.0001,10000
2589,400,-8.138,0,5,0,0,0,1,0.03,0.0001,10000
2590,400,72.561,22,73,0,0,0,1,0.03,0.0001,10000
2591,400,-7.15,2,6,0,0,0,1,0.03,0.0001,10000
2592,400,83.216,34,110,0,0,0,1,0.03,0.0001,10000
2593,400,76.537,30,95,0,0,0,1,0.03,0.0001,10000
2594,400,51.742,17,37,0,0,0,1,0.03,0.0001,10000
2595,400,-9.428,1,3,0,0,0,1,0.03,0.0001,10000
2596,400,-6.454,3,8,0,0,0,1,0.03,0.0001,10000
2597,400,48.076,27,86,0,0,0,1,0.03,0.0001,10000
2598,400,68.801,38,96,0,0,0,1,0.03,0.0001,10000
2599,400,68.202,31,85,0,0,0,1,0.03,0.0001,10000
2600,400,66.881,30,89,0,0,0,1,0.03,0.0001,10000
2601,400,-3.848,2,3,0,0,0,1,0.03,0.0001,10000
2602,400,26.731,17,60,0,0,0,1,0.03,0.0001,10000
2603,400,81.664,34,103,0,0,0,1,0.03,0.0001,10000
2604,400,-7.897,2,9,0,0,0,1,0.03,0.0001,10000
2605,400,-7.898,2,6,0,0,0,1,0.03,0.0001,10000
2606,400,-0.76,0,2,0,0,0,1,0.03,0.0001,10000
2607,400,72.896,32,102,0,0,0,1,0.03,0.0001,10000
2608,400,7.032,6,29,0,0,0,1,0.03,0.0001,10000
2609,400,31.497,19,77,0,0,0,1,0.03,0.0001,10000
2610,400,42.972,22,70,0,0,0,1,0.03,0.0001,10000
2611,400,91.064,41,118,0,0,0,1,0.03,0.0001,10000
2612,400,27.08,12,53,0,0,0,1,0.03,0.0001,10000
2613,400,80.231,32,103,0,0,0,1,0.03,0.0001,10000
2614,400,75.814,31,110,0,0,0,1,0.03,0.0001,10000
2615,400,46.8,23,94,0,0,0,1,0.03,0.0001,10000
2616,400,63.427,22,88,0,0,0,1,0.03,0.0001,10000
2617,400,16.403,8,48,0,0,0,1,0.03,0.0001,10000
2618,400,80.359,28,88,0,0,0,1,0.03,0.0001,10000
2619,400,-2.471,5,8,0,0,0,1,0.03,0.0001,10000
2620,400,75.557,32,103,0,0,0,1,0.03,0.0001,10000
2621,400,75.101,31,101,0,0,0,1,0.03,0.0001,10000
2622,400,19.547,12,51,0,0,0,1,0.03,0.0001,10000
2623,400,79.8,34,96,0,0,0,1,0.03,0.0001,10000
2624,400,65.568,27,90,0,0,0,1,0.03,0.0001,10000
2625,400,92.141,41,108,0,0,0,1,0.03,0.0001,10000
2626,400,16.138,11,43,0,0,0,1,0.03,0.0001,10000
2627,400,93.266,41,112,0,0,0,1,0.03,0.0001,10000
2628,400,0.167,5,27,0,0,0,1,0.03,0.0001,10000
2629,400,42.782,9,28,0,0,0,1,0.03,0.0001,10000
2630,400,59.755,24,75,0,0,0,1,0.03,0.0001,10000
2631,400,67.808,30,92,0,0,0,1,0.03,0.0001,10000
2632,400,89.106,40,124,0,0,0,1,0.03,0.0001,10000
2633,400,55.984,33,95,0,0,0,1,0.03,0.0001,10000
2634,400,76.139,33,106,0,0,0,1,0.03,0.0001,10000
2635,400,14.642,10,33,0,0,0,1,0.03,0.0001,10000
2636,400,57.973,27,90,0,0,0,1,0.03,0.0001,10000
2637,400,39.549,23,78,0,0,0,1,0.03,0.0001,10000
2638,400,81.19,36,111,0,0,0,1,0.03,0.0001,10000
2639,400,84.158,36,114,0,0,0,1,0.03,0.0001,10000
2640,400,-11.093,1,7,0,0,0,1,0.03,0.0001,10000
2641,400,5.8,9,32,0,0,0,1,0.03,0.0001,10000
2642,400,-3.407,1,2,0,0,0,1,0.03,0.0001,10000
2643,400,53.95,18,59,0,0,0,1,0.03,0.0001,10000
2644,400,77.716,27,85,0,0,0,1,0.03,0.0001,10000
2645,400,-8.041,1,9,0,0,0,1,0.03,0.0001,10000
2646,400,75.217,29,98,0,0,0,1,0.03,0.0001,10000
2647,400,85.666,32,109,0,0,0,1,0.03,0.0001,10000
2648,400,49.984,26,79,0,0,0,1,0.03,0.0001,10000
2649,400,37.512,4,20,0,0,0,1,0.03,0.0001,10000
2650,400,97.016,44,114,0,0,0,1,0.03,0.0001,10000
2651,400,52.147,30,95,0,0,0,1,0.03,0.0001,10000
2652,400,-6.054,3,9,0,0,0,1,0.03,0.0001,10000
2653,400,42.174,18,57,0,0,0,1,0.03,0.0001,10000
2654,400,23.393,7,20,0,0,0,1,0.03,0.0001,10000
2655,400,88.813,43,109,0,0,0,1,0.03,0.0001,10000
2656,400,39.625,23,71,0,0,0,1,0.03,0.0001,10000
2657,400,-1.367,7,14,0,0,0,1,0.03,0.0001,10000
2658,400,50.434,16,39,0,0,0,1,0.03,0.0001,10000
2659,400,-10.061,1,4,0,0,0,1,0.03,0.0001,10000
2660,400,81.084,30,88,0,0,0,1,0.03,0.0001,10000
2661,400,-9.13,3,8,0,0,0,1,0.03,0.0001,10000
2662,400,23.139,15,54,0,0,0,1,0.03,0.0001,10000
2663,400,37.006,16,53,0,0,0,1,0.03,0.0001,10000
2664,400,47.18,11,54,0,0,0,1,0.03,0.0001,10000
2665,400,5.029,6,28,0,0,0,1,0.03,0.0001,10000
2666,400,25.366,13,50,0,0,0,1,0.03,0.0001,10000
2667,400,-2.571,2,11,0,0,0,1,0.03,0.0001,10000
2668,400,86.999,40,107,0,0,0,1,0.03,0.0001,10000
2669,400,63.351,29,79,0,0,0,1,0.03,0.0001,10000
2670,400,100.626,47,118,0,0,0,1,0.03,0.0001,10000
2671,400,73.277,33,92,0,0,0,1,0.03,0.0001,10000
2672,400,24.288,15,47,0,0,0,1,0.03,0.0001,10000
2673,400,-10.752,0,7,0,0,0,1,0.03,0.0001,10000
2674,400,-10.161,1,3,0,0,0,1,0.03,0.0001,10000
2675,400,47.543,25,77,0,0,0,1,0.03,0.0001,10000
2676,400,-10.017,1,5,0,0,0,1,0.03,0.0001,10000
2677,400,-9.066,2,10,0,0,0,1,0.03,0.0001,10000
2678,400,64.835,19,74,0,0,0,1,0.03,0.0001,10000
2679,400,80.437,33,87,0,0,0,1,0.03,0.0001,10000
2680,400,29.881,3,17,0,0,0,1,0.03,0.0001,10000
2681,400,57.118,26,93,0,0,0,1,0.03,0.0001,10000
2682,400,77.818,35,108,0,0,0,1,0.03,0.0001,10000
2683,400,57.023,12,50,0,0,0,1,0.03,0.0001,10000
2684,400,9.239,7,28,0,0,0,1,0.03,0.0001,10000
2685,400,23.876,15,53,0,0,0,1,0.03,0.0001,10000
2686,400,61.493,21,64,0,0,0,1,0.03,0.0001,10000
2687,400,50.105,17,60,0,0,0,1,0.03,0.0001,10000
2688,400,45.003,24,80,0,0,0,1,0.03,0.0001,10000
2689,400,30.503,19,59,0,0,0,1,0.03,0.0001,10000
2690,400,69.883,32,112,0,0,0,1,0.03,0.0001,10000
2691,400,85.365,33,93,0,0,0,1,0.03,0.0001,10000
2692,400,5.267,7,23,0,0,0,1,0.03,0.0001,10000
2693,400,-2.132,4,24,0,0,0,1,0.03,0.0001,10000
2694,400,77.736,28,91,0,0,0,1,0.03,0.0001,10000
2695,400,-8.571,2,9,0,0,0,1,0.03,0.0001,10000
2696,400,-7.828,2,5,0,0,0,1,0.03,0.0001,10000
2697,400,40.077,22,84,0,0,0,1,0.03,0.0001,10000
2698,400,80.592,35,113,0,0,0,1,0.03,0.0001,10000
2699,400,3.428,7,33,0,0,0,1,0.03,0.0001,10000
2700,400,-9.906,1,9,0,0,0,1,0.03,0.0001,10000
2701,400,-10.904,1,2,0,0,0,1,0.03,0.0001,10000
2702,400,-9.61,0,11,0,0,0,1,0.03,0.0001,10000
2703,400,71.444,32,84,0,0,0,1,0.03,0.0001,10000
2704,400,36.678,19,57,0,0,0,1,0.03,0.0001,10000
2705,400,49.881,28,81,0,0,0,1,0.03,0.0001,10000
2706,400,62.349,18,75,0,0,0,1,0.03,0.0001,10000
2707,400,30.008,17,59,0,0,0,1,0.03,0.0001,10000
2708,400,91.736,40,115,0,0,0,1,0.03,0.0001,10000
2709,400,62.804,32,91,0,0,0,1,0.03,0.0001,10000
2710,400,64.504,33,102,0,0,0,1,0.03,0.0001,10000
2711,400,-2.529,2,3,0,0,0,1,0.03,0.0001,10000
2712,400,87.387,41,113,0,0,0,1,0.03,0.0001,10000
2713,400,80.443,36,107,0,0,0,1,0.03,0.0001,10000
2714,400,80.421,37,106,0,0,0,1,0.03,0.0001,10000
2715,400,43.728,22,90,0,0,0,1,0.03,0.0001,10000
2716,400,68.093,34,106,0,0,0,1,0.03,0.0001,10000
2717,400,43.366,25,63,0,0,0,1,0.03,0.0001,10000
2718,400,89.674,35,95,0,0,0,1,0.03,0.0001,10000
2719,400,61.886,23,89,0,0,0,1,0.03,0.0001,10000
2720,400,62.316,27,90,0,0,0,1,0.03,0.0001,10000
2721,400,20.334,9,35,0,0,0,1,0.03,0.0001,10000
2722,400,34.364,20,68,0,0,0,1,0.03,0.0001,10000
2723,400,86.701,39,105,0,0,0,1,0.03,0.0001,10000
2724,400,50.754,23,86,0,0,0,1,0.03,0.0001,10000
2725,400,-11.09,1,5,0,0,0,1,0.03,0.0001,10000
2726,400,39.923,20,78,0,0,0,1,0.03,0.0001,10000
2727,400,66.211,23,72,0,0,0,1,0.03,0.0001,10000
2728,400,0.353,7,15,0,0,0,1,0.03,0.0001,10000
2729,400,80.899,31,95,0,0,0,1,0.03,0.0001,10000
2730,400,36.442,20,56,0,0,0,1,0.03,0.0001,10000
2731,400,90.763,40,116,0,0,0,1,0.03,0.0001,10000
2732,400,74.984,35,111,0,0,0,1,0.03,0.0001,10000
2733,400,51.882,23,93,0,0,0,1,0.03,0.0001,10000
2734,400,79.351,38,107,0,0,0,1,0.03,0.0001,10000
2735,400,72.374,28,81,0,0,0,1,0.03,0.0001,10000
2736,400,-11.008,1,8,0,0,0,1,0.03,0.0001,10000
2737,400,69.605,31,102,0,0,0,1,0.03,0.0001,10000
2738,400,57.627,22,65,0,0,0,1,0.03,0.0001,10000
2739,400,73.956,29,93,0,0,0,1,0.03,0.0001,10000
2740,400,-8.977,0,9,0,0,0,1,0.03,0.0001,10000
2741,400,67.098,23,68,0,0,0,1,0.03,0.0001,10000
2742,400,-9.735,2,3,0,0,0,1,0.03,0.0001,10000
2743,400,8.057,10,30,0,0,0,1,0.03,0.0001,10000
2744,400,-6.469,3,8,0,0,0,1,0.03,0.0001,10000
2745,400,75.326,28,95,0,0,0,1,0.03,0.0001,10000
2746,400,-9.074,2,7,0,0,0,1,0.03,0.0001,10000
2747,400,-1.501,4,17,0,0,0,1,0.03,0.0001,10000
2748,400,-9.608,2,3,0,0,0,1,0.03,0.0001,10000
2749,400,63.928,31,104,0,0,0,1,0.03,0.0001,10000
2750,400,32.154,22,58,0,0,0,1,0.03,0.0001,10000
2751,400,74.866,29,83,0,0,0,1,0.03,0.0001,10000
2752,400,66.994,34,109,0,0,0,1,0.03,0.0001,10000
2753,400,68.453,35,96,0,0,0,1,0.03,0.0001,10000
2754,400,47.098,12,40,0,0,0,1,0.03,0.0001,10000
2755,400,15.753,11,43,0,0,0,1,0.03,0.0001,10000
2756,400,74.831,32,112,0,0,0,1,0.03,0.0001,10000
2757,400,82.455,37,119,0,0,0,1,0.03,0.0001,10000
2758,400,18.831,13,48,0,0,0,1,0.03,0.0001,10000
2759,400,92.622,38,117,0,0,0,1,0.03,0.0001,10000
2760,400,81.953,35,112,0,0,0,1,0.03,0.0001,10000
2761,400,-3.508,1,3,0,0,0,1,0.03,0.0001,10000
2762,400,0.019,5,23,0,0,0,1,0.03,0.0001,10000
2763,400,23.332,14,51,0,0,0,1,0.03,0.0001,10000
2764,400,43.401,25,75,0,0,0,1,0.03,0.0001,10000
2765,400,-5.485,0,0,0,0,0,1,0.03,0.0001,10000
2766,400,3.392,7,23,0,0,0,1,0.03,0.0001,10000
2767,400,72.259,34,90,0,0,0,1,0.03,0.0001,10000
2768,400,-12.229,0,7,0,0,0,1,0.03,0.0001,10000
2769,400,-12.231,0,6,0,0,0,1,0.03,0.0001,10000
2770,400,58.356,23,69,0,0,0,1,0.03,0.0001,10000
2771,400,43.616,22,87,0,0,0,1,0.03,0.0001,10000
2772,400,40.048,25,74,0,0,0,1,0.03,0.0001,10000
2773,400,89.667,38,98,0,0,0,1,0.03,0.0001,10000
2774,400,56.769,23,86,0,0,0,1,0.03,0.0001,10000
2775,400,70.112,30,103,0,0,0,1,0.03,0.0001,10000
2776,400,87.94,35,113,0,0,0,1,0.03,0.0001,10000
2777,400,60.776,15,42,0,0,0,1,0.03,0.0001,10000
2778,400,65.434,23,69,0,0,0,1,0.03,0.0001,10000
2779,400,-10.826,1,3,0,0,0,1,0.03,0.0001,10000
2780,400,79.777,29,103,0,0,0,1,0.03,0.0001,10000
2781,400,95.148,39,112,0,0,0,1,0.03,0.0001,10000
2782,400,-8.756,2,7,0,0,0,1,0.03,0.0001,10000
2783,400,85.857,39,115,0,0,0,1,0.03,0.0001,10000
2784,400,71.605,31,106,0,0,0,1,0.03,0.0001,10000
2785,400,65.002,27,72,0,0,0,1,0.03,0.0001,10000
2786,400,27.519,17,63,0,0,0,1,0.03,0.0001,10000
2787,400,54.095,21,67,0,0,0,1,0.03,0.0001,10000
2788,400,-2.218,2,3,0,0,0,1,0.03,0.0001,10000
2789,400,53.615,24,92,0,0,0,1,0.03,0.0001,10000
2790,400,81.395,34,98,0,0,0,1,0.03,0.0001,10000
2791,400,59.433,16,54,0,0,0,1,0.03,0.0001,10000
2792,400,3.457,4,35,0,0,0,1,0.03,0.0001,10000
2793,400,58.351,28,89,0,0,0,1,0.03,0.0001,10000
2794,400,57.876,16,54,0,0,0,1,0.03,0.0001,10000
2795,400,34.07,18,65,0,0,0,1,0.03,0.0001,10000
2796,400,-0.556,4,27,0,0,0,1,0.03,0.0001,10000
2797,400,66.557,30,88,0,0,0,1,0.03,0.0001,10000
2798,400,82.262,37,107,0,0,0,1,0.03,0.0001,10000
2799,400,-11.526,0,1,0,0,0,1,0.03,0.0001,10000
2800,400,15.609,14,33,0,0,0,1,0.03,0.0001,10000
2801,400,55.536,19,72,0,0,0,1,0.03,0.0001,10000
2802,400,79.154,33,113,0,0,0,1,0.03,0.0001,10000
2803,400,30.991,18,65,0,0,0,1,0.03,0.0001,10000
2804,400,46.265,22,85,0,0,0,1,0.03,0.0001,10000
2805,400,15.805,10,41,0,0,0,1,0.03,0.0001,10000
2806,400,-5.259,2,3,0,0,0,1,0.03,0.0001,10000
2807,400,-6.703,0,5,0,0,0,1,0.03,0.0001,10000
2808,400,75.912,36,93,0,0,0,1,0.03,0.0001,10000
2809,400,37.363,25,73,0,0,0,1,0.03,0.0001,10000
2810,400,14.148,7,42,0,0,0,1,0.03,0.0001,10000
2811,400,64.332,20,82,0,0,0,1,0.03,0.0001,10000
2812,400,68.476,26,85,0,0,0,1,0.03,0.0001,10000
2813,400,50.987,22,56,0,0,0,1,0.03,0.0001,10000
2814,400,73.272,38,105,0,0,0,1,0.03,0.0001,10000
2815,400,-8.491,2,8,0,0,0,1,0.03,0.0001,10000
2816,400,65.997,27,96,0,0,0,1,0.03,0.0001,10000
2817,400,88.562,38,104,0,0,0,1,0.03,0.0001,10000
2818,400,85.933,37,106,0,0,0,1,0.03,0.0001,10000
2819,400,-9.812,2,3,0,0,0,1,0.03,0.0001,10000
2820,400,87.764,40,115,0,0,0,1,0.03,0.0001,10000
2821,400,81.194,36,112,0,0,0,1,0.03,0.0001,10000
2822,400,-9.212,0,7,0,0,0,1,0.03,0.0001,10000
2823,400,76.534,35,116,0,0,0,1,0.03,0.0001,10000
2824,400,0.956,6,29,0,0,0,1,0.03,0.0001,10000
2825,400,84.367,38,100,0,0,0,1,0.03,0.0001,10000
2826,400,90.356,40,128,0,0,0,1,0.03,0.0001,10000
2827,400,84.691,35,95,0,0,0,1,0.03,0.0001,10000
2828,400,90.522,40,116,0,0,0,1,0.03,0.0001,10000
2829,400,39.241,22,72,0,0,0,1,0.03,0.0001,10000
2830,400,25.922,15,59,0,0,0,1,0.03,0.0001,10000
2831,400,63.347,14,57,0,0,0,1,0.03,0.0001,10000
2832,400,94.233,40,117,0,0,0,1,0.03,0.0001,10000
2833,400,75.371,36,102,0,0,0,1,0.03,0.0001,10000
2834,400,60.848,23,84,0,0,0,1,0.03,0.0001,10000
2835,400,92.219,38,120,0,0,0,1,0.03,0.0001,10000
2836,400,91.114,41,125,0,0,0,1,0.03,0.0001,10000
2837,400,53.823,11,58,0,0,0,1,0.03,0.0001,10000
2838,400,-10.732,1,3,0,0,0,1,0.03,0.0001,10000
2839,400,-9.848,2,5,0,0,0,1,0.03,0.0001,10000
2840,400,58.221,19,67,0,0,0,1,0.03,0.0001,10000
2841,400,-10.422,1,5,0,0,0,1,0.03,0.0001,10000
2842,400,56.112,28,100,0,0,0,1,0.03,0.0001,10000
2843,400,86.347,36,89,0,0,0,1,0.03,0.0001,10000
2844,400,30.997,19,62,0,0,0,1,0.03,0.0001,10000
2845,400,5.691,7,38,0,0,0,1,0.03,0.0001,10000
2846,400,7.141,4,32,0,0,0,1,0.03,0.0001,10000
2847,400,-6.939,0,24,0,0,0,1,0.03,0.0001,10000
2848,400,75.623,29,99,0,0,0,1,0.03,0.0001,10000
2849,400,7.233,5,29,0,0,0,1,0.03,0.0001,10000
2850,400,-11.112,0,5,0,0,0,1,0.03,0.0001,10000
2851,400,83.935,31,89,0,0,0,1,0.03,0.0001,10000
2852,400,80.175,31,110,0,0,0,1,0.03,0.0001,10000
2853,400,72.316,35,102,0,0,0,1,0.03,0.0001,10000
2854,400,0.461,6,21,0,0,0,1,0.03,0.0001,10000
2855,400,0.784,6,20,0,0,0,1,0.03,0.0001,10000
2856,400,27.029,16,45,0,0,0,1,0.03,0.0001,10000
2857,400,21.569,3,13,0,0,0,1,0.03,0.0001,10000
2858,400,74.393,33,120,0,0,0,1,0.03,0.0001,10000
2859,400,77.761,31,109,0,0,0,1,0.03,0.0001,10000
2860,400,46.733,24,85,0,0,0,1,0.03,0.0001,10000
2861,400,-8.752,2,3,0,0,0,1,0.03,0.0001,10000
2862,400,90.131,40,100,0,0,0,1,0.03,0.0001,10000
2863,400,72.889,34,107,0,0,0,1,0.03,0.0001,10000
2864,400,0.589,2,17,0,0,0,1,0.03,0.0001,10000
2865,400,93.922,44,121,0,0,0,1,0.03,0.0001,10000
2866,400,84.293,35,103,0,0,0,1,0.03,0.0001,10000
2867,400,64.704,30,97,0,0,0,1,0.03,0.0001,10000
2868,400,22.5,15,43,0,0,0,1,0.03,0.0001,10000
2869,400,-11.06,1,2,0,0,0,1,0.03,0.0001,10000
2870,400,67.248,21,77,0,0,0,1,0.03,0.0001,10000
2871,400,-9.782,2,3,0,0,0,1,0.03,0.0001,10000
2872,400,92.518,42,119,0,0,0,1,0.03,0.0001,10000
2873,400,62.523,25,91,0,0,0,1,0.03,0.0001,10000
2874,400,83.714,37,114,0,0,0,1,0.03,0.0001,10000
2875,400,70.185,21,91,0,0,0,1,0.03,0.0001,10000
2876,400,41.174,24,72,0,0,0,1,0.03,0.0001,10000
2877,400,2.139,4,12,0,0,0,1,0.03,0.0001,10000
2878,400,67.445,28,78,0,0,0,1,0.03,0.0001,10000
2879,400,58.185,26,84,0,0,0,1,0.03,0.0001,10000
2880,400,5.102,6,22,0,0,0,1,0.03,0.0001,10000
2881,400,82.677,38,104,0,0,0,1,0.03,0.0001,10000
2882,400,-2.417,1,10,0,0,0,1,0.03,0.0001,10000
2883,400,15.764,12,42,0,0,0,1,0.03,0.0001,10000
2884,400,54.211,27,88,0,0,0,1,0.03,0.0001,10000
2885,400,34.456,19,76,0,0,0,1,0.03,0.0001,10000
2886,400,53.306,14,51,0,0,0,1,0.03,0.0001,10000
2887,400,22.038,2,10,0,0,0,1,0.03,0.0001,10000
2888,400,38.007,11,35,0,0,0,1,0.03,0.0001,10000
2889,400,47.094,26,77,0,0,0,1,0.03,0.0001,10000
2890,400,81.494,31,98,0,0,0,1,0.03,0.0001,10000
2891,400,33.275,16,72,0,0,0,1,0.03,0.0001,10000
2892,400,-2.544,1,4,0,0,0,1,0.03,0.0001,10000
2893,400,-2.154,2,3,0,0,0,1,0.03,0.0001,10000
2894,400,1.068,1,16,0,0,0,1,0.03,0.0001,10000
2895,400,8.319,8,32,0,0,0,1,0.03,0.0001,10000
2896,400,77.564,27,89,0,0,0,1,0.03,0.0001,10000
2897,400,20.489,17,49,0,0,0,1,0.03,0.0001,10000
2898,400,47.978,22,77,0,0,0,1,0.03,0.0001,10000
2899,400,64.176,32,87,0,0,0,1,0.03,0.0001,10000
2900,400,34.891,2,9,0,0,0,1,0.03,0.0001,10000
2901,400,62.541,26,95,0,0,0,1,0.03,0.0001,10000
2902,400,79.671,35,103,0,0,0,1,0.03,0.0001,10000
2903,400,23.055,12,69,0,0,0,1,0.03,0.0001,10000
2904,400,13.186,9,50,0,0,0,1,0.03,0.0001,10000
2905,400,44.417,14,54,0,0,0,1,0.03,0.0001,10000
2906,400,43.123,13,55,0,0,0,1,0.03,0.0001,10000
2907,400,51.053,25,81,0,0,0,1,0.03,0.0001,10000
2908,400,72.823,33,126,0,0,0,1,0.03,0.0001,10000
2909,400,77.63,32,100,0,0,0,1,0.03,0.0001,10000
2910,400,51.025,27,92,0,0,0,1,0.03,0.0001,10000
2911,400,-11.463,1,6,0,0,0,1,0.03,0.0001,10000
2912,400,-13.125,0,3,0,0,0,1,0.03,0.0001,10000
2913,400,80.901,36,113,0,0,0,1,0.03,0.0001,10000
2914,400,57.819,25,92,0,0,0,1,0.03,0.0001,10000
2915,400,20.548,14,58,0,0,0,1,0.03,0.0001,10000
2916,400,48.18,27,80,0,0,0,1,0.03,0.0001,10000
2917,400,-9.716,2,2,0,0,0,1,0.03,0.0001,10000
2918,400,22.975,13,62,0,0,0,1,0.03,0.0001,10000
2919,400,47.734,24,70,0,0,0,1,0.03,0.0001,10000
2920,400,89.288,39,108,0,0,0,1,0.03,0.0001,10000
2921,400,-5.005,3,9,0,0,0,1,0.03,0.0001,10000
2922,400,70.098,27,90,0,0,0,1,0.03,0.0001,10000
2923,400,82.761,32,113,0,0,0,1,0.03,0.0001,10000
2924,400,5.136,7,29,0,0,0,1,0.03,0.0001,10000
2925,400,-4.294,2,9,0,0,0,1,0.03,0.0001,10000
2926,400,25.966,16,41,0,0,0,1,0.03,0.0001,10000
2927,400,83.208,33,94,0,0,0,1,0.03,0.0001,10000
2928,400,62.179,36,91,0,0,0,1,0.03,0.0001,10000
2929,400,14.009,12,45,0,0,0,1,0.03,0.0001,10000
2930,400,3.337,6,24,0,0,0,1,0.03,0.0001,10000
2931,400,60.763,18,73,0,0,0,1,0.03,0.0001,10000
2932,400,80.979,34,98,0,0,0,1,0.03,0.0001,10000
2933,400,47.336,23,63,0,0,0,1,0.03,0.0001,10000
2934,400,47.098,9,29,0,0,0,1,0.03,0.0001,10000
2935,400,65.679,22,78,0,0,0,1,0.03,0.0001,10000
2936,400,77.609,27,90,0,0,0,1,0.03,0.0001,10000
2937,400,60.993,18,50,0,0,0,1,0.03,0.0001,10000
2938,400,51.974,24,80,0,0,0,1,0.03,0.0001,10000
2939,400,13.24,8,41,0,0,0,1,0.03,0.0001,10000
2940,400,86.941,38,110,0,0,0,1,0.03,0.0001,10000
2941,400,60.08,30,107,0,0,0,1,0.03,0.0001,10000
2942,400,51.409,20,77,0,0,0,1,0.03,0.0001,10000
2943,400,-1.043,6,18,0,0,0,1,0.03,0.0001,10000
2944,400,47.053,18,77,0,0,0,1,0.03,0.0001,10000
2945,400,3.313,9,22,0,0,0,1,0.03,0.0001,10000
2946,400,64.684,32,87,0,0,0,1,0.03,0.0001,10000
2947,400,60.247,26,82,0,0,0,1,0.03,0.0001,10000
2948,400,83.151,34,110,0,0,0,1,0.03,0.0001,10000
2949,400,7.945,6,23,0,0,0,1,0.03,0.0001,10000
2950,400,90.399,38,108,0,0,0,1,0.03,0.0001,10000
2951,400,13.377,10,32,0,0,0,1,0.03,0.0001,10000
2952,400,18.929,13,44,0,0,0,1,0.03,0.0001,10000
2953,400,91.156,38,116,0,0,0,1,0.03,0.0001,10000
2954,400,86.056,36,124,0,0,0,1,0.03,0.0001,10000
2955,400,-10.847,1,6,0,0,0,1,0.03,0.0001,10000
2956,400,61.912,32,84,0,0,0,1,0.03,0.0001,10000
2957,400,-1.291,3,14,0,0,0,1,0.03,0.0001,10000
2958,400,-11.008,1,2,0,0,0,1,0.03,0.0001,10000
2959,400,62.43,26,73,0,0,0,1,0.03,0.0001,10000
2960,400,88.497,38,115,0,0,0,1,0.03,0.0001,10000
2961,400,84.408,34,112,0,0,0,1,0.03,0.0001,10000
2962,400,-3.756,1,8,0,0,0,1,0.03,0.0001,10000
2963,400,16.937,11,56,0,0,0,1,0.03,0.0001,10000
2964,400,7.827,8,24,0,0,0,1,0.03,0.0001,10000
2965,400,37.868,16,51,0,0,0,1,0.03,0.0001,10000
2966,400,95.699,41,111,0,0,0,1,0.03,0.0001,10000
2967,400,21.668,11,57,0,0,0,1,0.03,0.0001,10000
2968,400,39.249,19,71,0,0,0,1,0.03,0.0001,10000
2969,400,88.512,36,118,0,0,0,1,0.03,0.0001,10000
2970,400,-11.929,0,7,0,0,0,1,0.03,0.0001,10000
2971,400,42.462,25,81,0,0,0,1,0.03,0.0001,10000
2972,400,39.427,20,79,0,0,0,1,0.03,0.0001,10000
2973,400,74.496,35,105,0,0,0,1,0.03,0.0001,10000
2974,400,64.932,27,84,0,0,0,1,0.03,0.0001,10000
2975,400,45.788,24,82,0,0,0,1,0.03,0.0001,10000
2976,400,78.915,36,90,0,0,0,1,0.03,0.0001,10000
2977,400,-7.48,0,6,0,0,0,1,0.03,0.0001,10000
2978,400,81.464,31,91,0,0,0,1,0.03,0.0001,10000
2979,400,77.455,32,102,0,0,0,1,0.03,0.0001,10000
2980,400,-13.373,0,6,0,0,0,1,0.03,0.0001,10000
2981,400,26.185,15,47,0,0,0,1,0.03,0.0001,10000
2982,400,32.88,17,67,0,0,0,1,0.03,0.0001,10000
2983,400,15.939,10,52,0,0,0,1,0.03,0.0001,10000
2984,400,9.113,10,43,0,0,0,1,0.03,0.0001,10000
2985,400,33.628,19,79,0,0,0,1,0.03,0.0001,10000
2986,400,39.714,20,67,0,0,0,1,0.03,0.0001,10000
2987,400,81.104,39,120,0,0,0,1,0.03,0.0001,10000
2988,400,-8.401,3,3,0,0,0,1,0.03,0.0001,10000
2989,400,60.958,31,95,0,0,0,1,0.03,0.0001,10000
2990,400,63.47,24,80,0,0,0,1,0.03,0.0001,10000
2991,400,-7.863,1,6,0,0,0,1,0.03,0.0001,10000
2992,400,67.88,31,85,0,0,0,1,0.03,0.0001,10000
2993,400,83.423,38,109,0,0,0,1,0.03,0.0001,10000
2994,400,79.191,32,83,0,0,0,1,0.03,0.0001,10000
2995,400,11.26,13,33,0,0,0,1,0.03,0.0001,10000
2996,400,49.305,21,88,0,0,0,1,0.03,0.0001,10000
2997,400,83.862,40,101,0,0,0,1,0.03,0.0001,10000
2998,400,-9.782,2,3,0,0,0,1,0.03,0.0001,10000
2999,400,47.314,27,75,0,0,0,1,0.03,0.0001,10000
3000,400,32.406,19,62,0,0,0,1,0.03,0.0001,10000
