episode,steps,total_reward,coins,crates,invalid,killed_self,killed_opponents,survived,epsilon,alpha,buffer
1,5,-13.111,0,4,0,1,0,0,1.0,0.02,5
2,8,-11.735,0,3,0,1,0,0,1.0,0.02,13
3,9,-12.839,0,2,0,1,0,0,0.999,0.02,22
4,7,-12.748,0,2,0,1,0,0,0.999,0.02,29
5,5,-13.212,0,3,0,1,0,0,0.998,0.02,34
6,5,-12.235,0,2,0,1,0,0,0.998,0.02,39
7,6,-12.876,0,1,0,1,0,0,0.997,0.02,45
8,7,-9.82,0,3,0,1,0,0,0.997,0.0199,52
9,15,-9.639,0,5,0,1,0,0,0.996,0.0199,67
10,6,-12.776,0,2,0,1,0,0,0.996,0.0199,73
11,6,-9.697,0,2,0,1,0,0,0.995,0.0199,79
12,19,-13.726,0,4,0,1,0,0,0.995,0.0199,98
13,7,-12.812,0,2,0,1,0,0,0.994,0.0199,105
14,5,-13.112,0,4,0,1,0,0,0.994,0.0199,110
15,5,-13.19,0,3,0,1,0,0,0.993,0.0199,115
16,7,-9.854,0,1,0,1,0,0,0.993,0.0199,122
17,11,-11.421,0,5,0,1,0,0,0.992,0.0199,133
18,9,-11.784,0,1,0,1,0,0,0.992,0.0199,142
19,5,-12.762,0,2,0,1,0,0,0.991,0.0199,147
20,21,-12.567,0,6,0,1,0,0,0.991,0.0198,168
21,5,-13.212,0,3,0,1,0,0,0.991,0.0198,173
22,13,-12.809,0,3,0,1,0,0,0.99,0.0198,186
23,5,-12.761,0,2,0,1,0,0,0.99,0.0198,191
24,7,-9.83,0,1,0,1,0,0,0.989,0.0198,198
25,18,-12.321,0,8,0,1,0,0,0.989,0.0198,216
26,10,-13.194,0,4,0,1,0,0,0.988,0.0198,226
27,10,-13.746,0,3,0,1,0,0,0.988,0.0198,236
28,5,-12.612,0,3,0,1,0,0,0.987,0.0198,241
29,9,-10.351,0,1,0,1,0,0,0.987,0.0198,250
30,8,-9.625,0,3,0,1,0,0,0.986,0.0198,258
31,9,-13.07,0,4,0,1,0,0,0.986,0.0198,267
32,8,-10.441,0,2,0,1,0,0,0.985,0.0198,275
33,16,-12.672,0,4,0,1,0,0,0.985,0.0197,291
34,9,-12.955,0,1,0,1,0,0,0.984,0.0197,300
35,8,-9.434,0,3,0,1,0,0,0.984,0.0197,308
36,7,-12.376,0,1,0,1,0,0,0.983,0.0197,315
37,9,-10.404,0,1,0,1,0,0,0.983,0.0197,324
38,12,-13.184,0,4,0,1,0,0,0.982,0.0197,336
39,5,-12.634,0,3,0,1,0,0,0.982,0.0197,341
40,12,-9.62,0,2,0,1,0,0,0.981,0.0197,353
41,23,-13.035,0,4,0,1,0,0,0.981,0.0197,376
42,6,-12.698,0,3,0,1,0,0,0.981,0.0197,382
43,10,-12.633,0,0,0,1,0,0,0.98,0.0197,392
44,22,-12.293,0,5,0,1,0,0,0.98,0.0197,414
45,20,-13.279,0,3,0,1,0,0,0.979,0.0196,434
46,5,-13.112,0,4,0,1,0,0,0.979,0.0196,439
47,25,-10.446,0,3,0,1,0,0,0.978,0.0196,464
48,5,-13.062,0,4,0,1,0,0,0.978,0.0196,469
49,10,-9.44,0,3,0,1,0,0,0.977,0.0196,479
50,7,-12.284,0,2,0,1,0,0,0.977,0.0196,486
51,19,-11.655,0,6,0,1,0,0,0.976,0.0196,505
52,13,-12.023,0,7,0,1,0,0,0.976,0.0196,518
53,7,-12.789,0,2,0,1,0,0,0.975,0.0196,525
54,8,-12.827,0,2,0,1,0,0,0.975,0.0196,533
55,10,-13.305,0,3,0,1,0,0,0.974,0.0196,543
56,5,-13.212,0,3,0,1,0,0,0.974,0.0196,548
57,11,-13.248,0,3,0,1,0,0,0.973,0.0196,559
58,9,-9.76,0,2,0,1,0,0,0.973,0.0195,568
59,11,-12.909,0,2,0,1,0,0,0.972,0.0195,579
60,7,-13.576,0,4,0,1,0,0,0.972,0.0195,586
61,5,-13.112,0,4,0,1,0,0,0.972,0.0195,591
62,15,-12.299,0,4,0,1,0,0,0.971,0.0195,606
63,21,-13.194,0,1,0,1,0,0,0.971,0.0195,627
64,11,-13.667,0,4,0,1,0,0,0.97,0.0195,638
65,5,-13.112,0,4,0,1,0,0,0.97,0.0195,643
66,7,-12.682,0,3,0,1,0,0,0.969,0.0195,650
67,6,-12.15,0,3,0,1,0,0,0.969,0.0195,656
68,5,-13.31,0,2,0,1,0,0,0.968,0.0195,661
69,5,-13.211,0,3,0,1,0,0,0.968,0.0195,666
70,11,-13.279,0,4,0,1,0,0,0.967,0.0194,677
71,7,-13.241,0,3,0,1,0,0,0.967,0.0194,684
72,6,-9.794,0,1,0,1,0,0,0.966,0.0194,690
73,5,-13.112,0,4,0,1,0,0,0.966,0.0194,695
74,7,-12.285,0,2,0,1,0,0,0.965,0.0194,702
75,6,-9.49,0,2,0,1,0,0,0.965,0.0194,708
76,10,-11.794,0,3,0,1,0,0,0.964,0.0194,718
77,6,-13.346,0,2,0,1,0,0,0.964,0.0194,724
78,7,-12.286,0,2,0,1,0,0,0.963,0.0194,731
79,8,-12.18,0,3,0,1,0,0,0.963,0.0194,739
80,6,-9.386,0,1,0,1,0,0,0.962,0.0194,745
81,7,-13.28,0,3,0,1,0,0,0.962,0.0194,752
82,9,-13.12,0,4,0,1,0,0,0.962,0.0194,761
83,13,-13.508,0,2,0,1,0,0,0.961,0.0193,774
84,5,-13.191,0,3,0,1,0,0,0.961,0.0193,779
85,6,-12.935,0,1,0,1,0,0,0.96,0.0193,785
86,5,-13.112,0,4,0,1,0,0,0.96,0.0193,790
87,5,-13.111,0,4,0,1,0,0,0.959,0.0193,795
88,7,-9.63,0,3,0,1,0,0,0.959,0.0193,802
89,7,-12.187,0,3,0,1,0,0,0.958,0.0193,809
90,14,-12.166,0,4,0,1,0,0,0.958,0.0193,823
91,21,-12.732,0,6,0,1,0,0,0.957,0.0193,844
92,7,-9.476,0,2,0,1,0,0,0.957,0.0193,851
93,7,-13.744,0,3,0,1,0,0,0.956,0.0193,858
94,6,-12.776,0,2,0,1,0,0,0.956,0.0193,864
95,10,-9.482,0,3,0,1,0,0,0.955,0.0192,874
96,6,-12.775,0,2,0,1,0,0,0.955,0.0192,880
97,21,-12.684,0,4,0,1,0,0,0.954,0.0192,901
98,5,-13.212,0,3,0,1,0,0,0.954,0.0192,906
99,11,-12.245,0,3,0,1,0,0,0.953,0.0192,917
100,5,-13.212,0,3,0,1,0,0,0.953,0.0192,922
101,6,-12.797,0,2,0,1,0,0,0.953,0.0192,928
102,5,-13.211,0,3,0,1,0,0,0.952,0.0192,933
103,10,-13.498,0,1,0,1,0,0,0.952,0.0192,943
104,6,-12.201,0,2,0,1,0,0,0.951,0.0192,949
105,5,-13.241,0,2,0,1,0,0,0.951,0.0192,954
106,6,-13.095,0,4,0,1,0,0,0.95,0.0192,960
107,5,-12.665,0,3,0,1,0,0,0.95,0.0192,965
108,11,-9.725,0,1,0,1,0,0,0.949,0.0191,976
109,8,-13.474,0,1,0,1,0,0,0.949,0.0191,984
110,6,-13.095,0,4,0,1,0,0,0.948,0.0191,990
111,22,-10.003,0,2,0,1,0,0,0.948,0.0191,1012
112,7,-13.355,0,1,0,1,0,0,0.947,0.0191,1019
113,11,-13.239,0,4,0,1,0,0,0.947,0.0191,1030
114,5,-13.312,0,2,0,1,0,0,0.946,0.0191,1035
115,5,-13.211,0,3,0,1,0,0,0.946,0.0191,1040
116,10,-12.665,0,3,0,1,0,0,0.945,0.0191,1050
117,6,-12.15,0,3,0,1,0,0,0.945,0.0191,1056
118,15,-9.629,0,3,0,1,0,0,0.944,0.0191,1071
119,15,-13.021,0,1,0,1,0,0,0.944,0.0191,1086
120,33,-9.606,0,7,0,1,0,0,0.943,0.019,1119
121,6,-12.25,0,2,0,1,0,0,0.943,0.019,1125
122,19,-12.216,0,4,0,1,0,0,0.943,0.019,1144
123,7,-13.141,0,4,0,1,0,0,0.942,0.019,1151
124,5,-12.819,0,1,0,1,0,0,0.942,0.019,1156
125,5,-13.184,0,3,0,1,0,0,0.941,0.019,1161
126,9,-12.829,0,2,0,1,0,0,0.941,0.019,1170
127,21,-9.496,0,6,0,1,0,0,0.94,0.019,1191
128,5,-9.408,0,0,0,1,0,0,0.94,0.019,1196
129,6,-12.1,0,3,0,1,0,0,0.939,0.019,1202
130,10,-9.306,0,3,0,1,0,0,0.939,0.019,1212
131,7,-13.17,0,3,0,1,0,0,0.938,0.019,1219
132,7,-12.185,0,3,0,1,0,0,0.938,0.019,1226
133,10,-12.918,0,2,0,1,0,0,0.937,0.0189,1236
134,5,-13.312,0,2,0,1,0,0,0.937,0.0189,1241
135,20,-11.286,0,7,0,1,0,0,0.936,0.0189,1261
136,5,-13.112,0,4,0,1,0,0,0.936,0.0189,1266
137,8,-12.749,0,3,0,1,0,0,0.935,0.0189,1274
138,7,-13.725,0,3,0,1,0,0,0.935,0.0189,1281
139,10,-13.304,0,3,0,1,0,0,0.934,0.0189,1291
140,11,-13.239,0,4,0,1,0,0,0.934,0.0189,1302
141,17,-10.015,0,2,0,1,0,0,0.933,0.0189,1319
142,12,-9.772,0,3,0,1,0,0,0.933,0.0189,1331
143,7,-9.529,0,3,0,1,0,0,0.933,0.0189,1338
144,5,-13.112,0,3,0,1,0,0,0.932,0.0189,1343
145,22,-10.172,0,4,0,1,0,0,0.932,0.0188,1365
146,5,-11.541,0,3,0,1,0,0,0.931,0.0188,1370
147,27,-13.057,0,2,0,1,0,0,0.931,0.0188,1397
148,8,-9.362,0,3,0,1,0,0,0.93,0.0188,1405
149,11,-12.928,0,2,0,1,0,0,0.93,0.0188,1416
150,6,-10.221,0,2,0,1,0,0,0.929,0.0188,1422
151,30,-11.233,0,5,0,1,0,0,0.929,0.0188,1452
152,10,-9.819,0,2,0,1,0,0,0.928,0.0188,1462
153,9,-11.624,0,3,0,1,0,0,0.928,0.0188,1471
154,12,-10.055,0,2,0,1,0,0,0.927,0.0188,1483
155,5,-12.315,0,1,0,1,0,0,0.927,0.0188,1488
156,8,-9.168,0,3,0,1,0,0,0.926,0.0188,1496
157,38,-9.475,0,6,0,1,0,0,0.926,0.0188,1534
158,9,-12.355,0,2,0,1,0,0,0.925,0.0187,1543
159,5,-13.112,0,4,0,1,0,0,0.925,0.0187,1548
160,7,-10.011,0,2,0,1,0,0,0.924,0.0187,1555
161,5,-13.112,0,4,0,1,0,0,0.924,0.0187,1560
162,9,-9.568,0,2,0,1,0,0,0.924,0.0187,1569
163,7,-13.825,0,2,0,1,0,0,0.923,0.0187,1576
164,7,-13.28,0,3,0,1,0,0,0.923,0.0187,1583
165,7,-9.632,0,3,0,1,0,0,0.922,0.0187,1590
166,15,-8.706,0,4,0,1,0,0,0.922,0.0187,1605
167,6,-12.351,0,1,0,1,0,0,0.921,0.0187,1611
168,5,-13.162,0,3,0,1,0,0,0.921,0.0187,1616
169,6,-12.352,0,1,0,1,0,0,0.92,0.0187,1622
170,6,-9.546,0,3,0,1,0,0,0.92,0.0186,1628
171,38,-11.484,1,4,0,1,0,0,0.919,0.0186,1666
172,21,-10.506,1,9,0,1,0,0,0.919,0.0186,1687
173,9,-13.314,0,3,0,1,0,0,0.918,0.0186,1696
174,12,-13.465,0,2,0,1,0,0,0.918,0.0186,1708
175,17,-12.73,0,4,0,1,0,0,0.917,0.0186,1725
176,9,-9.902,0,3,0,1,0,0,0.917,0.0186,1734
177,20,-13.942,0,3,0,1,0,0,0.916,0.0186,1754
178,5,-13.112,0,4,0,1,0,0,0.916,0.0186,1759
179,25,-13.055,0,2,0,1,0,0,0.915,0.0186,1784
180,6,-9.62,0,3,0,1,0,0,0.915,0.0186,1790
181,6,-12.648,0,3,0,1,0,0,0.914,0.0186,1796
182,9,-13.17,0,3,0,1,0,0,0.914,0.0186,1805
183,19,-12.194,0,5,0,1,0,0,0.914,0.0185,1824
184,6,-13.399,0,1,0,1,0,0,0.913,0.0185,1830
185,5,-13.212,0,3,0,1,0,0,0.913,0.0185,1835
186,8,-13.175,0,4,0,1,0,0,0.912,0.0185,1843
187,5,-12.838,0,1,0,1,0,0,0.912,0.0185,1848
188,9,-11.934,0,6,0,1,0,0,0.911,0.0185,1857
189,5,-13.265,0,2,0,1,0,0,0.911,0.0185,1862
190,11,-12.831,0,3,0,1,0,0,0.91,0.0185,1873
191,15,-9.72,0,3,0,1,0,0,0.91,0.0185,1888
192,14,-13.084,0,4,0,1,0,0,0.909,0.0185,1902
193,7,-12.492,0,5,0,1,0,0,0.909,0.0185,1909
194,7,-11.69,0,3,0,1,0,0,0.908,0.0185,1916
195,22,-11.126,0,8,0,1,0,0,0.908,0.0184,1938
196,6,-12.698,0,3,0,1,0,0,0.907,0.0184,1944
197,11,-11.964,0,5,0,1,0,0,0.907,0.0184,1955
198,7,-13.041,0,4,0,1,0,0,0.906,0.0184,1962
199,10,-13.687,0,4,0,1,0,0,0.906,0.0184,1972
200,6,-11.906,0,1,0,1,0,0,0.905,0.0184,1978
201,22,-11.762,0,9,0,1,0,0,0.905,0.0184,2000
202,20,-10.111,0,4,0,1,0,0,0.905,0.0184,2020
203,43,-13.772,0,3,0,1,0,0,0.904,0.0184,2063
204,20,-13.214,0,4,0,1,0,0,0.904,0.0184,2083
205,8,-11.979,0,5,0,1,0,0,0.903,0.0184,2091
206,5,-13.11,0,4,0,1,0,0,0.903,0.0184,2096
207,18,-11.103,0,7,0,1,0,0,0.902,0.0184,2114
208,6,-12.698,0,3,0,1,0,0,0.902,0.0183,2120
209,6,-13.449,0,1,0,1,0,0,0.901,0.0183,2126
210,6,-13.145,0,4,0,1,0,0,0.901,0.0183,2132
211,59,-12.011,0,11,0,1,0,0,0.9,0.0183,2191
212,7,-9.606,0,3,0,1,0,0,0.9,0.0183,2198
213,13,-13.054,0,5,0,1,0,0,0.899,0.0183,2211
214,12,-13.699,0,4,0,1,0,0,0.899,0.0183,2223
215,6,-13.246,0,3,0,1,0,0,0.898,0.0183,2229
216,5,-13.312,0,2,0,1,0,0,0.898,0.0183,2234
217,9,-13.309,0,3,0,1,0,0,0.897,0.0183,2243
218,5,-13.104,0,4,0,1,0,0,0.897,0.0183,2248
219,6,-13.095,0,4,0,1,0,0,0.896,0.0183,2254
220,10,-13.327,0,3,0,1,0,0,0.896,0.0182,2264
221,20,-12.802,0,2,0,1,0,0,0.895,0.0182,2284
222,6,-9.236,0,3,0,1,0,0,0.895,0.0182,2290
223,7,-13.28,0,3,0,1,0,0,0.895,0.0182,2297
224,5,-13.255,0,3,0,1,0,0,0.894,0.0182,2302
225,10,-9.696,0,3,0,1,0,0,0.894,0.0182,2312
226,6,-13.345,0,2,0,1,0,0,0.893,0.0182,2318
227,7,-9.527,0,2,0,1,0,0,0.893,0.0182,2325
228,7,-11.375,0,5,0,1,0,0,0.892,0.0182,2332
229,5,-13.112,0,4,0,1,0,0,0.892,0.0182,2337
230,7,-12.185,0,3,0,1,0,0,0.891,0.0182,2344
231,5,-13.211,0,3,0,1,0,0,0.891,0.0182,2349
232,5,-11.47,0,3,0,1,0,0,0.89,0.0182,2354
233,9,-12.351,0,2,0,1,0,0,0.89,0.0181,2363
234,6,-13.346,0,2,0,1,0,0,0.889,0.0181,2369
235,5,-13.212,0,3,0,1,0,0,0.889,0.0181,2374
236,7,-9.632,0,3,0,1,0,0,0.888,0.0181,2381
237,9,-12.356,0,2,0,1,0,0,0.888,0.0181,2390
238,9,-9.0,0,6,0,1,0,0,0.887,0.0181,2399
239,10,-12.239,0,3,0,1,0,0,0.887,0.0181,2409
240,14,-10.763,0,9,0,1,0,0,0.886,0.0181,2423
241,12,-12.255,0,3,0,1,0,0,0.886,0.0181,2435
242,23,-10.497,0,3,0,1,0,0,0.886,0.0181,2458
243,11,-9.903,0,3,0,1,0,0,0.885,0.0181,2469
244,8,-12.222,0,3,0,1,0,0,0.885,0.0181,2477
245,7,-10.075,0,2,0,1,0,0,0.884,0.018,2484
246,6,-9.647,0,2,0,1,0,0,0.884,0.018,2490
247,5,-12.861,0,1,0,1,0,0,0.883,0.018,2495
248,5,-13.212,0,3,0,1,0,0,0.883,0.018,2500
249,17,-13.912,0,3,0,1,0,0,0.882,0.018,2517
250,5,-13.112,0,4,0,1,0,0,0.882,0.018,2522
251,20,-11.118,0,11,0,1,0,0,0.881,0.018,2542
252,8,-13.274,0,3,0,1,0,0,0.881,0.018,2550
253,9,-13.21,0,4,0,1,0,0,0.88,0.018,2559
254,25,-12.723,0,5,0,1,0,0,0.88,0.018,2584
255,6,-13.246,0,3,0,1,0,0,0.879,0.018,2590
256,7,-9.376,0,3,0,1,0,0,0.879,0.018,2597
257,14,-13.009,0,1,0,1,0,0,0.878,0.018,2611
258,6,-9.442,0,2,0,1,0,0,0.878,0.0179,2617
259,14,-9.751,0,3,0,1,0,0,0.877,0.0179,2631
260,8,-9.991,0,2,0,1,0,0,0.877,0.0179,2639
261,7,-9.732,0,2,0,1,0,0,0.877,0.0179,2646
262,6,-12.701,0,2,0,1,0,0,0.876,0.0179,2652
263,6,-13.246,0,3,0,1,0,0,0.876,0.0179,2658
264,6,-13.146,0,4,0,1,0,0,0.875,0.0179,2664
265,10,-13.426,0,2,0,1,0,0,0.875,0.0179,2674
266,8,-9.79,0,2,0,1,0,0,0.874,0.0179,2682
267,26,-11.573,1,8,0,1,0,0,0.874,0.0179,2708
268,33,-12.264,0,6,0,1,0,0,0.873,0.0179,2741
269,6,-9.492,0,2,0,1,0,0,0.873,0.0179,2747
270,10,-13.305,0,3,0,1,0,0,0.872,0.0178,2757
271,6,-13.246,0,3,0,1,0,0,0.872,0.0178,2763
272,5,-13.212,0,3,0,1,0,0,0.871,0.0178,2768
273,18,-11.978,0,3,0,1,0,0,0.871,0.0178,2786
274,6,-13.146,0,4,0,1,0,0,0.87,0.0178,2792
275,13,-11.659,0,6,0,1,0,0,0.87,0.0178,2805
276,9,-12.316,0,2,0,1,0,0,0.869,0.0178,2814
277,5,-11.421,0,3,0,1,0,0,0.869,0.0178,2819
278,9,-12.255,0,3,0,1,0,0,0.868,0.0178,2828
279,11,-12.794,0,0,0,1,0,0,0.868,0.0178,2839
280,17,-9.089,0,6,0,1,0,0,0.867,0.0178,2856
281,9,-12.448,0,1,0,1,0,0,0.867,0.0178,2865
282,6,-12.2,0,2,0,1,0,0,0.867,0.0178,2871
283,8,-12.768,0,3,0,1,0,0,0.866,0.0177,2879
284,5,-13.134,0,4,0,1,0,0,0.866,0.0177,2884
285,28,-8.944,0,6,0,1,0,0,0.865,0.0177,2912
286,5,-13.17,0,3,0,1,0,0,0.865,0.0177,2917
287,57,-11.394,0,11,0,1,0,0,0.864,0.0177,2974
288,6,-12.252,0,2,0,1,0,0,0.864,0.0177,2980
289,15,-9.573,0,3,0,1,0,0,0.863,0.0177,2995
290,8,-10.327,0,3,0,1,0,0,0.863,0.0177,3003
291,8,-9.434,0,3,0,1,0,0,0.862,0.0177,3011
292,50,-11.743,0,8,0,1,0,0,0.862,0.0177,3061
293,5,-13.012,0,4,0,1,0,0,0.861,0.0177,3066
294,6,-9.596,0,3,0,1,0,0,0.861,0.0177,3072
295,8,-10.21,0,2,0,1,0,0,0.86,0.0176,3080
296,9,-9.495,0,3,0,1,0,0,0.86,0.0176,3089
297,14,-12.691,0,5,0,1,0,0,0.859,0.0176,3103
298,5,-13.112,0,4,0,1,0,0,0.859,0.0176,3108
299,10,-9.982,0,2,0,1,0,0,0.858,0.0176,3118
300,17,-12.146,0,3,0,1,0,0,0.858,0.0176,3135
301,13,-13.269,0,4,0,1,0,0,0.858,0.0176,3148
302,23,-12.707,0,7,0,1,0,0,0.857,0.0176,3171
303,11,-9.879,0,3,0,1,0,0,0.857,0.0176,3182
304,14,-11.005,0,7,0,1,0,0,0.856,0.0176,3196
305,18,-10.032,0,3,0,1,0,0,0.856,0.0176,3214
306,5,-13.21,0,3,0,1,0,0,0.855,0.0176,3219
307,24,-7.226,0,14,0,1,0,0,0.855,0.0176,3243
308,6,-9.592,0,1,0,1,0,0,0.854,0.0175,3249
309,6,-9.62,0,3,0,1,0,0,0.854,0.0175,3255
310,24,-9.79,0,1,0,1,0,0,0.853,0.0175,3279
311,5,-13.212,0,3,0,1,0,0,0.853,0.0175,3284
312,14,-9.777,0,3,0,1,0,0,0.852,0.0175,3298
313,6,-12.15,0,3,0,1,0,0,0.852,0.0175,3304
314,27,-12.667,0,6,0,1,0,0,0.851,0.0175,3331
315,10,-9.532,0,3,0,1,0,0,0.851,0.0175,3341
316,12,-13.725,0,4,0,1,0,0,0.85,0.0175,3353
317,33,-12.094,0,5,0,1,0,0,0.85,0.0175,3386
318,6,-12.777,0,2,0,1,0,0,0.849,0.0175,3392
319,19,-9.957,0,2,0,1,0,0,0.849,0.0175,3411
320,21,-12.997,0,3,0,1,0,0,0.848,0.0174,3432
321,10,-13.646,0,4,0,1,0,0,0.848,0.0174,3442
322,8,-9.461,0,3,0,1,0,0,0.848,0.0174,3450
323,6,-9.392,0,3,0,1,0,0,0.847,0.0174,3456
324,12,-13.304,0,2,0,1,0,0,0.847,0.0174,3468
325,10,-13.246,0,4,0,1,0,0,0.846,0.0174,3478
326,5,-13.212,0,3,0,1,0,0,0.846,0.0174,3483
327,7,-12.285,0,2,0,1,0,0,0.845,0.0174,3490
328,17,-11.806,0,5,0,1,0,0,0.845,0.0174,3507
329,29,-11.693,0,6,0,1,0,0,0.844,0.0174,3536
330,13,-11.659,0,6,0,1,0,0,0.844,0.0174,3549
331,24,-11.025,0,8,0,1,0,0,0.843,0.0174,3573
332,6,-12.695,0,3,0,1,0,0,0.843,0.0174,3579
333,15,-9.189,0,6,0,1,0,0,0.842,0.0173,3594
334,7,-9.822,0,3,0,1,0,0,0.842,0.0173,3601
335,8,-13.645,0,4,0,1,0,0,0.841,0.0173,3609
336,25,-12.381,0,5,0,1,0,0,0.841,0.0173,3634
337,12,-10.215,0,3,0,1,0,0,0.84,0.0173,3646
338,16,-12.13,0,3,0,1,0,0,0.84,0.0173,3662
339,6,-13.246,0,3,0,1,0,0,0.839,0.0173,3668
340,7,-9.427,0,3,0,1,0,0,0.839,0.0173,3675
341,34,-10.993,1,6,0,1,0,0,0.839,0.0173,3709
342,6,-9.392,0,3,0,1,0,0,0.838,0.0173,3715
343,13,-8.681,0,5,0,1,0,0,0.838,0.0173,3728
344,5,-13.212,0,3,0,1,0,0,0.837,0.0173,3733
345,5,-12.712,0,2,0,1,0,0,0.837,0.0172,3738
346,15,-11.353,0,7,0,1,0,0,0.836,0.0172,3753
347,18,-11.003,0,8,0,1,0,0,0.836,0.0172,3771
348,7,-13.241,0,3,0,1,0,0,0.835,0.0172,3778
349,11,-9.919,0,3,0,1,0,0,0.835,0.0172,3789
350,15,-13.439,0,3,0,1,0,0,0.834,0.0172,3804
351,5,-13.21,0,3,0,1,0,0,0.834,0.0172,3809
352,6,-12.777,0,2,0,1,0,0,0.833,0.0172,3815
353,49,-12.62,0,6,0,1,0,0,0.833,0.0172,3864
354,7,-11.741,0,3,0,1,0,0,0.832,0.0172,3871
355,6,-13.219,0,3,0,1,0,0,0.832,0.0172,3877
356,17,-11.4,0,6,0,1,0,0,0.831,0.0172,3894
357,8,-9.749,0,2,0,1,0,0,0.831,0.0172,3902
358,14,-10.015,0,5,0,1,0,0,0.83,0.0171,3916
359,7,-9.135,0,2,0,1,0,0,0.83,0.0171,3923
360,13,-9.701,0,2,0,1,0,0,0.829,0.0171,3936
361,10,-12.25,0,3,0,1,0,0,0.829,0.0171,3946
362,9,-9.496,0,3,0,1,0,0,0.829,0.0171,3955
363,9,-13.36,0,2,0,1,0,0,0.828,0.0171,3964
364,9,-9.661,0,3,0,1,0,0,0.828,0.0171,3973
365,8,-11.775,0,3,0,1,0,0,0.827,0.0171,3981
366,7,-9.625,0,1,0,1,0,0,0.827,0.0171,3988
367,7,-12.317,0,6,0,1,0,0,0.826,0.0171,3995
368,5,-13.212,0,3,0,1,0,0,0.826,0.0171,4000
369,6,-9.415,0,3,0,1,0,0,0.825,0.0171,4006
370,8,-13.316,0,2,0,1,0,0,0.825,0.017,4014
371,7,-12.91,0,1,0,1,0,0,0.824,0.017,4021
372,9,-9.446,0,3,0,1,0,0,0.824,0.017,4030
373,12,-9.866,0,2,0,1,0,0,0.823,0.017,4042
374,10,-11.634,0,3,0,1,0,0,0.823,0.017,4052
375,8,-11.685,0,3,0,1,0,0,0.822,0.017,4060
376,7,-9.806,0,1,0,1,0,0,0.822,0.017,4067
377,7,-9.631,0,3,0,1,0,0,0.821,0.017,4074
378,7,-9.528,0,3,0,1,0,0,0.821,0.017,4081
379,7,-13.213,0,3,0,1,0,0,0.82,0.017,4088
380,24,-10.578,0,7,0,1,0,0,0.82,0.017,4112
381,7,-9.731,0,2,0,1,0,0,0.82,0.017,4119
382,6,-11.806,0,2,0,1,0,0,0.819,0.017,4125
383,12,-10.277,0,2,0,1,0,0,0.819,0.0169,4137
384,14,-11.581,0,3,0,1,0,0,0.818,0.0169,4151
385,9,-9.801,0,2,0,1,0,0,0.818,0.0169,4160
386,7,-9.426,0,3,0,1,0,0,0.817,0.0169,4167
387,7,-13.149,0,3,0,1,0,0,0.817,0.0169,4174
388,7,-12.648,0,3,0,1,0,0,0.816,0.0169,4181
389,8,-9.565,0,2,0,1,0,0,0.816,0.0169,4189
390,24,-12.474,0,4,0,1,0,0,0.815,0.0169,4213
391,5,-13.061,0,4,0,1,0,0,0.815,0.0169,4218
392,9,-9.849,0,3,0,1,0,0,0.814,0.0169,4227
393,24,-12.715,0,3,0,1,0,0,0.814,0.0169,4251
394,5,-13.212,0,3,0,1,0,0,0.813,0.0169,4256
395,7,-12.185,0,3,0,1,0,0,0.813,0.0168,4263
396,5,-13.212,0,3,0,1,0,0,0.812,0.0168,4268
397,9,-13.665,0,4,0,1,0,0,0.812,0.0168,4277
398,6,-12.15,0,3,0,1,0,0,0.811,0.0168,4283
399,8,-9.767,0,2,0,1,0,0,0.811,0.0168,4291
400,5,-13.312,0,2,0,1,0,0,0.81,0.0168,4296
401,8,-9.562,0,2,0,1,0,0,0.81,0.0168,4304
402,13,-11.942,0,2,0,1,0,0,0.81,0.0168,4317
403,7,-9.779,0,2,0,1,0,0,0.809,0.0168,4324
404,5,-13.17,0,3,0,1,0,0,0.809,0.0168,4329
405,5,-13.212,0,3,0,1,0,0,0.808,0.0168,4334
406,39,-12.215,1,7,0,1,0,0,0.808,0.0168,4373
407,6,-13.046,0,4,0,1,0,0,0.807,0.0168,4379
408,19,-10.205,0,2,0,1,0,0,0.807,0.0167,4398
409,14,-11.794,0,5,0,1,0,0,0.806,0.0167,4412
410,8,-11.505,0,4,0,1,0,0,0.806,0.0167,4420
411,15,-13.42,0,3,0,1,0,0,0.805,0.0167,4435
412,8,-13.274,0,3,0,1,0,0,0.805,0.0167,4443
413,7,-10.012,0,2,0,1,0,0,0.804,0.0167,4450
414,17,-12.566,0,5,0,1,0,0,0.804,0.0167,4467
415,9,-13.17,0,4,0,1,0,0,0.803,0.0167,4476
416,15,-12.224,0,3,0,1,0,0,0.803,0.0167,4491
417,9,-12.939,0,1,0,1,0,0,0.802,0.0167,4500
418,7,-9.631,0,3,0,1,0,0,0.802,0.0167,4507
419,7,-10.469,0,2,0,1,0,0,0.801,0.0167,4514
420,5,-13.111,0,4,0,1,0,0,0.801,0.0166,4519
421,37,-12.798,0,3,0,1,0,0,0.8,0.0166,4556
422,7,-10.305,0,3,0,1,0,0,0.8,0.0166,4563
423,5,-13.112,0,4,0,1,0,0,0.8,0.0166,4568
424,19,-8.511,0,7,0,1,0,0,0.799,0.0166,4587
425,6,-13.096,0,4,0,1,0,0,0.799,0.0166,4593
426,7,-9.922,0,2,0,1,0,0,0.798,0.0166,4600
427,7,-10.191,0,1,0,1,0,0,0.798,0.0166,4607
428,5,-13.335,0,2,0,1,0,0,0.797,0.0166,4612
429,8,-13.355,0,2,0,1,0,0,0.797,0.0166,4620
430,5,-13.061,0,4,0,1,0,0,0.796,0.0166,4625
431,6,-12.777,0,2,0,1,0,0,0.796,0.0166,4631
432,7,-13.234,0,3,0,1,0,0,0.795,0.0166,4638
433,38,-9.349,1,4,0,1,0,0,0.795,0.0165,4676
434,7,-13.191,0,3,0,1,0,0,0.794,0.0165,4683
435,20,-12.21,0,7,0,1,0,0,0.794,0.0165,4703
436,7,-13.141,0,4,0,1,0,0,0.793,0.0165,4710
437,8,-11.876,0,2,0,1,0,0,0.793,0.0165,4718
438,24,-10.654,0,8,0,1,0,0,0.792,0.0165,4742
439,11,-13.198,0,4,0,1,0,0,0.792,0.0165,4753
440,30,-8.471,0,6,0,1,0,0,0.791,0.0165,4783
441,21,-12.343,0,5,0,1,0,0,0.791,0.0165,4804
442,5,-13.085,0,4,0,1,0,0,0.791,0.0165,4809
443,8,-12.846,0,2,0,1,0,0,0.79,0.0165,4817
444,16,-13.738,0,1,0,1,0,0,0.79,0.0165,4833
445,11,-13.316,0,2,0,1,0,0,0.789,0.0164,4844
446,8,-9.462,0,3,0,1,0,0,0.789,0.0164,4852
447,5,-13.212,0,3,0,1,0,0,0.788,0.0164,4857
448,7,-13.213,0,3,0,1,0,0,0.788,0.0164,4864
449,7,-9.426,0,3,0,1,0,0,0.787,0.0164,4871
450,7,-13.34,0,2,0,1,0,0,0.787,0.0164,4878
451,7,-12.809,0,2,0,1,0,0,0.786,0.0164,4885
452,9,-9.801,0,2,0,1,0,0,0.786,0.0164,4894
453,8,-13.074,0,4,0,1,0,0,0.785,0.0164,4902
454,17,-12.43,0,4,0,1,0,0,0.785,0.0164,4919
455,10,-13.724,0,3,0,1,0,0,0.784,0.0164,4929
456,5,-13.112,0,4,0,1,0,0,0.784,0.0164,4934
457,8,-10.097,0,3,0,1,0,0,0.783,0.0164,4942
458,6,-9.342,0,3,0,1,0,0,0.783,0.0163,4948
459,7,-9.731,0,2,0,1,0,0,0.782,0.0163,4955
460,7,-12.733,0,3,0,1,0,0,0.782,0.0163,4962
461,12,-10.152,0,1,0,1,0,0,0.781,0.0163,4974
462,12,-11.364,0,6,0,1,0,0,0.781,0.0163,4986
463,18,-9.468,0,3,0,1,0,0,0.781,0.0163,5004
464,15,-9.362,0,6,0,1,0,0,0.78,0.0163,5019
465,7,-9.912,0,3,0,1,0,0,0.78,0.0163,5026
466,5,-13.062,0,4,0,1,0,0,0.779,0.0163,5031
467,5,-13.062,0,4,0,1,0,0,0.779,0.0163,5036
468,15,-12.537,0,5,0,1,0,0,0.778,0.0163,5051
469,6,-9.597,0,3,0,1,0,0,0.778,0.0163,5057
470,15,-12.262,0,3,0,1,0,0,0.777,0.0162,5072
471,41,-13.616,0,5,0,1,0,0,0.777,0.0162,5113
472,6,-9.392,0,3,0,1,0,0,0.776,0.0162,5119
473,20,-12.501,0,3,0,1,0,0,0.776,0.0162,5139
474,9,-13.295,0,2,0,1,0,0,0.775,0.0162,5148
475,5,-13.214,0,3,0,1,0,0,0.775,0.0162,5153
476,11,-9.407,0,5,0,1,0,0,0.774,0.0162,5164
477,5,-13.111,0,4,0,1,0,0,0.774,0.0162,5169
478,31,-12.908,0,3,0,1,0,0,0.773,0.0162,5200
479,12,-13.928,0,2,0,1,0,0,0.773,0.0162,5212
480,8,-9.511,0,2,0,1,0,0,0.772,0.0162,5220
481,8,-9.52,0,2,0,1,0,0,0.772,0.0162,5228
482,24,-10.376,0,2,0,1,0,0,0.772,0.0162,5252
483,6,-13.246,0,3,0,1,0,0,0.771,0.0161,5258
484,7,-13.825,0,2,0,1,0,0,0.771,0.0161,5265
485,21,-12.28,0,4,0,1,0,0,0.77,0.0161,5286
486,7,-12.633,0,3,0,1,0,0,0.77,0.0161,5293
487,21,-11.384,0,4,0,1,0,0,0.769,0.0161,5314
488,7,-13.134,0,4,0,1,0,0,0.769,0.0161,5321
489,22,-9.548,0,6,0,1,0,0,0.768,0.0161,5343
490,6,-12.15,0,3,0,1,0,0,0.768,0.0161,5349
491,5,-13.312,0,2,0,1,0,0,0.767,0.0161,5354
492,10,-9.695,0,3,0,1,0,0,0.767,0.0161,5364
493,28,-12.133,0,7,0,1,0,0,0.766,0.0161,5392
494,5,-13.212,0,3,0,1,0,0,0.766,0.0161,5397
495,12,-10.072,0,2,0,1,0,0,0.765,0.016,5409
496,11,-11.651,0,3,0,1,0,0,0.765,0.016,5420
497,6,-9.721,0,2,0,1,0,0,0.764,0.016,5426
498,12,-13.332,0,3,0,1,0,0,0.764,0.016,5438
499,10,-9.575,0,2,0,1,0,0,0.763,0.016,5448
500,6,-13.245,0,3,0,1,0,0,0.763,0.016,5454
501,5,-13.212,0,3,0,1,0,0,0.762,0.016,5459
502,7,-13.28,0,3,0,1,0,0,0.762,0.016,5466
503,5,-13.162,0,3,0,1,0,0,0.762,0.016,5471
504,5,-13.214,0,3,0,1,0,0,0.761,0.016,5476
505,14,-13.865,0,3,0,1,0,0,0.761,0.016,5490
506,8,-13.176,0,4,0,1,0,0,0.76,0.016,5498
507,5,-13.062,0,4,0,1,0,0,0.76,0.016,5503
508,5,-13.235,0,3,0,1,0,0,0.759,0.0159,5508
509,26,-9.938,0,2,0,1,0,0,0.759,0.0159,5534
510,19,-11.616,0,6,0,1,0,0,0.758,0.0159,5553
511,6,-9.696,0,2,0,1,0,0,0.758,0.0159,5559
512,24,-9.563,0,5,0,1,0,0,0.757,0.0159,5583
513,16,-12.324,0,3,0,1,0,0,0.757,0.0159,5599
514,5,-13.235,0,3,0,1,0,0,0.756,0.0159,5604
515,8,-9.766,0,2,0,1,0,0,0.756,0.0159,5612
516,14,-13.385,0,4,0,1,0,0,0.755,0.0159,5626
517,5,-13.212,0,3,0,1,0,0,0.755,0.0159,5631
518,6,-13.145,0,4,0,1,0,0,0.754,0.0159,5637
519,21,-9.708,0,3,0,1,0,0,0.754,0.0159,5658
520,16,-11.333,0,5,0,1,0,0,0.753,0.0158,5674
521,7,-9.912,0,3,0,1,0,0,0.753,0.0158,5681
522,15,-13.637,0,1,0,1,0,0,0.753,0.0158,5696
523,5,-13.251,0,2,0,1,0,0,0.752,0.0158,5701
524,7,-12.91,0,1,0,1,0,0,0.752,0.0158,5708
525,7,-9.4,0,3,0,1,0,0,0.751,0.0158,5715
526,5,-13.11,0,4,0,1,0,0,0.751,0.0158,5720
527,5,-13.012,0,4,0,1,0,0,0.75,0.0158,5725
528,6,-9.392,0,3,0,1,0,0,0.75,0.0158,5731
529,6,-12.701,0,2,0,1,0,0,0.749,0.0158,5737
530,14,-8.572,0,7,0,1,0,0,0.749,0.0158,5751
531,13,-11.869,0,3,0,1,0,0,0.748,0.0158,5764
532,11,-13.617,0,4,0,1,0,0,0.748,0.0158,5775
533,42,-10.268,1,11,0,1,0,0,0.747,0.0157,5817
534,5,-13.141,0,3,0,1,0,0,0.747,0.0157,5822
535,8,-9.956,0,2,0,1,0,0,0.746,0.0157,5830
536,13,-12.441,0,3,0,1,0,0,0.746,0.0157,5843
537,5,-13.312,0,2,0,1,0,0,0.745,0.0157,5848
538,28,-9.53,0,4,0,1,0,0,0.745,0.0157,5876
539,17,-11.285,0,4,0,1,0,0,0.744,0.0157,5893
540,18,-12.695,0,6,0,1,0,0,0.744,0.0157,5911
541,25,-11.711,0,7,0,1,0,0,0.744,0.0157,5936
542,13,-10.066,0,2,0,1,0,0,0.743,0.0157,5949
543,10,-13.295,0,3,0,1,0,0,0.743,0.0157,5959
544,21,-12.252,0,3,0,1,0,0,0.742,0.0157,5980
545,25,-11.966,0,1,0,1,0,0,0.742,0.0156,6005
546,13,-12.293,0,8,0,1,0,0,0.741,0.0156,6018
547,15,-10.91,0,8,0,1,0,0,0.741,0.0156,6033
548,10,-12.23,0,3,0,1,0,0,0.74,0.0156,6043
549,21,-11.447,0,2,0,1,0,0,0.74,0.0156,6064
550,27,-13.067,0,4,0,1,0,0,0.739,0.0156,6091
551,7,-13.243,0,3,0,1,0,0,0.739,0.0156,6098
552,10,-9.796,0,2,0,1,0,0,0.738,0.0156,6108
553,5,-11.471,0,3,0,1,0,0,0.738,0.0156,6113
554,18,-11.601,0,2,0,1,0,0,0.737,0.0156,6131
555,5,-13.06,0,4,0,1,0,0,0.737,0.0156,6136
556,5,-13.234,0,3,0,1,0,0,0.736,0.0156,6141
557,8,-11.726,0,3,0,1,0,0,0.736,0.0156,6149
558,10,-9.836,0,2,0,1,0,0,0.735,0.0155,6159
559,13,-12.608,0,5,0,1,0,0,0.735,0.0155,6172
560,25,-10.796,0,9,0,1,0,0,0.734,0.0155,6197
561,7,-13.091,0,4,0,1,0,0,0.734,0.0155,6204
562,7,-12.832,0,2,0,1,0,0,0.734,0.0155,6211
563,5,-13.085,0,4,0,1,0,0,0.733,0.0155,6216
564,7,-9.732,0,2,0,1,0,0,0.733,0.0155,6223
565,13,-12.68,0,5,0,1,0,0,0.732,0.0155,6236
566,7,-13.239,0,3,0,1,0,0,0.732,0.0155,6243
567,5,-13.312,0,2,0,1,0,0,0.731,0.0155,6248
568,7,-9.527,0,2,0,1,0,0,0.731,0.0155,6255
569,8,-13.275,0,3,0,1,0,0,0.73,0.0155,6263
570,15,-9.584,0,3,0,1,0,0,0.73,0.0154,6278
571,5,-13.134,0,4,0,1,0,0,0.729,0.0154,6283
572,6,-13.146,0,4,0,1,0,0,0.729,0.0154,6289
573,5,-13.112,0,4,0,1,0,0,0.728,0.0154,6294
574,17,-11.901,0,5,0,1,0,0,0.728,0.0154,6311
575,6,-12.725,0,2,0,1,0,0,0.727,0.0154,6317
576,9,-13.839,0,2,0,1,0,0,0.727,0.0154,6326
577,18,-9.69,0,3,0,1,0,0,0.726,0.0154,6344
578,5,-13.212,0,3,0,1,0,0,0.726,0.0154,6349
579,9,-10.311,0,1,0,1,0,0,0.725,0.0154,6358
580,8,-9.955,0,2,0,1,0,0,0.725,0.0154,6366
581,16,-11.636,0,3,0,1,0,0,0.725,0.0154,6382
582,6,-8.852,0,2,0,1,0,0,0.724,0.0154,6388
583,9,-11.868,0,2,0,1,0,0,0.724,0.0153,6397
584,8,-9.953,0,2,0,1,0,0,0.723,0.0153,6405
585,10,-12.286,0,2,0,1,0,0,0.723,0.0153,6415
586,8,-12.787,0,3,0,1,0,0,0.722,0.0153,6423
587,7,-9.961,0,2,0,1,0,0,0.722,0.0153,6430
588,13,-12.172,0,8,0,1,0,0,0.721,0.0153,6443
589,6,-11.806,0,2,0,1,0,0,0.721,0.0153,6449
590,15,-12.312,0,4,0,1,0,0,0.72,0.0153,6464
591,6,-12.775,0,2,0,1,0,0,0.72,0.0153,6470
592,14,-10.03,0,1,0,1,0,0,0.719,0.0153,6484
593,5,-13.212,0,3,0,1,0,0,0.719,0.0153,6489
594,11,-10.155,0,3,0,1,0,0,0.718,0.0153,6500
595,18,-12.683,0,5,0,1,0,0,0.718,0.0152,6518
596,5,-11.545,0,3,0,1,0,0,0.717,0.0152,6523
597,9,-13.483,0,1,0,1,0,0,0.717,0.0152,6532
598,29,-13.647,0,2,0,1,0,0,0.716,0.0152,6561
599,44,-7.687,0,14,0,1,0,0,0.716,0.0152,6605
600,6,-9.596,0,3,0,1,0,0,0.715,0.0152,6611
601,19,-12.256,0,5,0,1,0,0,0.715,0.0152,6630
602,8,-9.462,0,3,0,1,0,0,0.715,0.0152,6638
603,45,-9.892,1,9,0,1,0,0,0.714,0.0152,6683
604,6,-9.492,0,2,0,1,0,0,0.714,0.0152,6689
605,11,-13.239,0,4,0,1,0,0,0.713,0.0152,6700
606,13,-9.298,0,4,0,1,0,0,0.713,0.0152,6713
607,45,-9.938,0,11,0,1,0,0,0.712,0.0152,6758
608,13,-12.693,0,4,0,1,0,0,0.712,0.0151,6771
609,37,-11.602,0,9,0,1,0,0,0.711,0.0151,6808
610,7,-11.84,0,2,0,1,0,0,0.711,0.0151,6815
611,5,-13.111,0,4,0,1,0,0,0.71,0.0151,6820
612,9,-13.27,0,3,0,1,0,0,0.71,0.0151,6829
613,7,-13.179,0,4,0,1,0,0,0.709,0.0151,6836
614,10,-9.396,0,3,0,1,0,0,0.709,0.0151,6846
615,49,-9.135,1,4,0,1,0,0,0.708,0.0151,6895
616,24,-12.099,0,3,0,1,0,0,0.708,0.0151,6919
617,5,-13.062,0,4,0,1,0,0,0.707,0.0151,6924
618,30,-11.294,0,7,0,1,0,0,0.707,0.0151,6954
619,25,-7.859,1,5,0,1,0,0,0.706,0.0151,6979
620,13,-12.643,0,5,0,1,0,0,0.706,0.015,6992
621,5,-13.112,0,4,0,1,0,0,0.706,0.015,6997
622,10,-9.55,0,2,0,1,0,0,0.705,0.015,7007
623,5,-13.294,0,1,0,1,0,0,0.705,0.015,7012
624,16,-13.457,0,2,0,1,0,0,0.704,0.015,7028
625,5,-13.311,0,2,0,1,0,0,0.704,0.015,7033
626,11,-9.379,0,1,0,1,0,0,0.703,0.015,7044
627,12,-13.396,0,3,0,1,0,0,0.703,0.015,7056
628,7,-9.375,0,4,0,1,0,0,0.702,0.015,7063
629,5,-13.212,0,3,0,1,0,0,0.702,0.015,7068
630,7,-13.395,0,1,0,1,0,0,0.701,0.015,7075
631,6,-13.119,0,4,0,1,0,0,0.701,0.015,7081
632,5,-12.838,0,1,0,1,0,0,0.7,0.015,7086
633,14,-9.614,0,3,0,1,0,0,0.7,0.0149,7100
634,15,-13.024,0,5,0,1,0,0,0.699,0.0149,7115
635,5,-13.112,0,4,0,1,0,0,0.699,0.0149,7120
636,6,-12.25,0,2,0,1,0,0,0.698,0.0149,7126
637,8,-12.764,0,2,0,1,0,0,0.698,0.0149,7134
638,7,-9.632,0,3,0,1,0,0,0.697,0.0149,7141
639,8,-13.176,0,4,0,1,0,0,0.697,0.0149,7149
640,6,-13.146,0,4,0,1,0,0,0.696,0.0149,7155
641,7,-9.427,0,3,0,1,0,0,0.696,0.0149,7162
642,8,-12.668,0,3,0,1,0,0,0.696,0.0149,7170
643,7,-12.137,0,3,0,1,0,0,0.695,0.0149,7177
644,6,-9.597,0,3,0,1,0,0,0.695,0.0149,7183
645,5,-13.062,0,4,0,1,0,0,0.694,0.0148,7188
646,5,-13.214,0,3,0,1,0,0,0.694,0.0148,7193
647,6,-12.751,0,2,0,1,0,0,0.693,0.0148,7199
648,9,-12.353,0,2,0,1,0,0,0.693,0.0148,7208
649,17,-9.506,0,5,0,1,0,0,0.692,0.0148,7225
650,29,-11.926,0,6,0,1,0,0,0.692,0.0148,7254
651,21,-9.758,0,2,0,1,0,0,0.691,0.0148,7275
652,14,-12.597,0,5,0,1,0,0,0.691,0.0148,7289
653,12,-13.326,0,3,0,1,0,0,0.69,0.0148,7301
654,5,-13.134,0,4,0,1,0,0,0.69,0.0148,7306
655,7,-9.626,0,1,0,1,0,0,0.689,0.0148,7313
656,23,-9.637,0,5,0,1,0,0,0.689,0.0148,7336
657,5,-13.212,0,3,0,1,0,0,0.688,0.0148,7341
658,5,-13.112,0,4,0,1,0,0,0.688,0.0147,7346
659,66,-11.182,0,13,0,1,0,0,0.687,0.0147,7412
660,10,-13.445,0,2,0,1,0,0,0.687,0.0147,7422
661,9,-9.761,0,2,0,1,0,0,0.686,0.0147,7431
662,51,-9.573,0,5,0,1,0,0,0.686,0.0147,7482
663,7,-13.38,0,2,0,1,0,0,0.686,0.0147,7489
664,39,-12.734,0,3,0,1,0,0,0.685,0.0147,7528
665,15,-10.16,0,2,0,1,0,0,0.685,0.0147,7543
666,8,-13.276,0,3,0,1,0,0,0.684,0.0147,7551
667,8,-9.56,0,2,0,1,0,0,0.684,0.0147,7559
668,7,-11.177,0,1,0,1,0,0,0.683,0.0147,7566
669,18,-12.052,0,5,0,1,0,0,0.683,0.0147,7584
670,20,-12.944,0,5,0,1,0,0,0.682,0.0146,7604
671,10,-12.816,0,3,0,1,0,0,0.682,0.0146,7614
672,5,-13.311,0,2,0,1,0,0,0.681,0.0146,7619
673,6,-9.492,0,2,0,1,0,0,0.681,0.0146,7625
674,6,-12.25,0,2,0,1,0,0,0.68,0.0146,7631
675,56,-10.863,0,10,0,1,0,0,0.68,0.0146,7687
676,30,-9.921,1,9,0,1,0,0,0.679,0.0146,7717
677,5,-13.311,0,2,0,1,0,0,0.679,0.0146,7722
678,5,-13.257,0,2,0,1,0,0,0.678,0.0146,7727
679,26,-11.816,0,4,0,1,0,0,0.678,0.0146,7753
680,5,-13.412,0,1,0,1,0,0,0.677,0.0146,7758
681,5,-13.234,0,3,0,1,0,0,0.677,0.0146,7763
682,18,-11.521,0,3,0,1,0,0,0.677,0.0146,7781
683,5,-13.212,0,3,0,1,0,0,0.676,0.0145,7786
684,14,-13.609,0,2,0,1,0,0,0.676,0.0145,7800
685,35,-11.473,0,15,0,1,0,0,0.675,0.0145,7835
686,5,-13.162,0,3,0,1,0,0,0.675,0.0145,7840
687,9,-9.99,0,2,0,1,0,0,0.674,0.0145,7849
688,70,-10.962,0,13,0,1,0,0,0.674,0.0145,7919
689,7,-12.812,0,2,0,1,0,0,0.673,0.0145,7926
690,10,-13.244,0,4,0,1,0,0,0.673,0.0145,7936
691,29,-9.437,0,6,0,1,0,0,0.672,0.0145,7965
692,8,-13.124,0,4,0,1,0,0,0.672,0.0145,7973
693,24,-9.74,0,6,0,1,0,0,0.671,0.0145,7997
694,13,-12.397,0,3,0,1,0,0,0.671,0.0145,8010
695,26,-9.904,0,4,0,1,0,0,0.67,0.0144,8036
696,53,-11.73,0,7,0,1,0,0,0.67,0.0144,8089
697,18,-12.688,0,3,0,1,0,0,0.669,0.0144,8107
698,8,-13.214,0,4,0,1,0,0,0.669,0.0144,8115
699,12,-12.395,0,2,0,1,0,0,0.668,0.0144,8127
700,18,-8.779,0,6,0,1,0,0,0.668,0.0144,8145
701,18,-8.622,0,8,0,1,0,0,0.667,0.0144,8163
702,5,-13.311,0,2,0,1,0,0,0.667,0.0144,8168
703,16,-12.682,0,5,0,1,0,0,0.667,0.0144,8184
704,7,-9.037,0,3,0,1,0,0,0.666,0.0144,8191
705,7,-12.287,0,2,0,1,0,0,0.666,0.0144,8198
706,6,-13.291,0,2,0,1,0,0,0.665,0.0144,8204
707,16,-11.917,0,6,0,1,0,0,0.665,0.0144,8220
708,31,-11.405,1,6,0,1,0,0,0.664,0.0143,8251
709,5,-13.112,0,4,0,1,0,0,0.664,0.0143,8256
710,72,-10.541,0,8,0,1,0,0,0.663,0.0143,8328
711,7,-10.021,0,1,0,1,0,0,0.663,0.0143,8335
712,7,-10.216,0,2,0,1,0,0,0.662,0.0143,8342
713,6,-12.25,0,2,0,1,0,0,0.662,0.0143,8348
714,5,-13.061,0,4,0,1,0,0,0.661,0.0143,8353
715,7,-10.116,0,3,0,1,0,0,0.661,0.0143,8360
716,44,-11.797,1,5,0,1,0,0,0.66,0.0143,8404
717,35,-7.982,0,8,0,1,0,0,0.66,0.0143,8439
718,9,-9.891,0,3,0,1,0,0,0.659,0.0143,8448
719,9,-9.902,0,1,0,1,0,0,0.659,0.0143,8457
720,7,-11.425,0,4,0,1,0,0,0.658,0.0142,8464
721,34,-11.591,1,4,0,1,0,0,0.658,0.0142,8498
722,7,-12.832,0,2,0,1,0,0,0.658,0.0142,8505
723,6,-9.697,0,2,0,1,0,0,0.657,0.0142,8511
724,25,-10.288,0,3,0,1,0,0,0.657,0.0142,8536
725,5,-13.311,0,2,0,1,0,0,0.656,0.0142,8541
726,8,-9.932,0,3,0,1,0,0,0.656,0.0142,8549
727,8,-13.174,0,4,0,1,0,0,0.655,0.0142,8557
728,9,-11.923,0,5,0,1,0,0,0.655,0.0142,8566
729,5,-12.762,0,2,0,1,0,0,0.654,0.0142,8571
730,32,-12.976,1,2,0,1,0,0,0.654,0.0142,8603
731,6,-13.296,0,2,0,1,0,0,0.653,0.0142,8609
732,9,-13.17,0,3,0,1,0,0,0.653,0.0142,8618
733,7,-9.732,0,2,0,1,0,0,0.652,0.0141,8625
734,11,-13.239,0,4,0,1,0,0,0.652,0.0141,8636
735,13,-12.354,0,3,0,1,0,0,0.651,0.0141,8649
736,12,-9.273,0,2,0,1,0,0,0.651,0.0141,8661
737,14,-11.997,0,5,0,1,0,0,0.65,0.0141,8675
738,10,-10.05,0,2,0,1,0,0,0.65,0.0141,8685
739,5,-13.111,0,4,0,1,0,0,0.649,0.0141,8690
740,6,-12.728,0,2,0,1,0,0,0.649,0.0141,8696
741,25,-12.601,0,6,0,1,0,0,0.648,0.0141,8721
742,13,-13.565,0,2,0,1,0,0,0.648,0.0141,8734
743,5,-13.162,0,3,0,1,0,0,0.648,0.0141,8739
744,5,-13.211,0,3,0,1,0,0,0.647,0.0141,8744
745,39,-11.756,0,4,0,1,0,0,0.647,0.014,8783
746,14,-11.196,0,9,0,1,0,0,0.646,0.014,8797
747,46,-12.465,0,7,0,1,0,0,0.646,0.014,8843
748,23,-13.457,0,4,0,1,0,0,0.645,0.014,8866
749,24,-12.457,0,3,0,1,0,0,0.645,0.014,8890
750,73,-10.243,0,14,0,1,0,0,0.644,0.014,8963
751,11,-9.597,0,2,0,1,0,0,0.644,0.014,8974
752,27,-8.486,0,8,0,1,0,0,0.643,0.014,9001
753,7,-9.655,0,3,0,1,0,0,0.643,0.014,9008
754,28,-11.698,0,10,0,1,0,0,0.642,0.014,9036
755,5,-13.111,0,4,0,1,0,0,0.642,0.014,9041
756,7,-13.24,0,3,0,1,0,0,0.641,0.014,9048
757,46,-7.507,0,9,0,1,0,0,0.641,0.014,9094
758,10,-13.315,0,2,0,1,0,0,0.64,0.0139,9104
759,20,-11.922,0,2,0,1,0,0,0.64,0.0139,9124
760,5,-13.112,0,4,0,1,0,0,0.639,0.0139,9129
761,15,-13.907,0,3,0,1,0,0,0.639,0.0139,9144
762,8,-11.409,0,5,0,1,0,0,0.639,0.0139,9152
763,13,-12.415,0,2,0,1,0,0,0.638,0.0139,9165
764,15,-12.592,0,4,0,1,0,0,0.638,0.0139,9180
765,8,-12.755,0,2,0,1,0,0,0.637,0.0139,9188
766,6,-12.628,0,3,0,1,0,0,0.637,0.0139,9194
767,16,-12.006,0,5,0,1,0,0,0.636,0.0139,9210
768,6,-12.152,0,3,0,1,0,0,0.636,0.0139,9216
769,5,-13.112,0,4,0,1,0,0,0.635,0.0139,9221
770,18,-10.066,0,3,0,1,0,0,0.635,0.0138,9239
771,24,-12.581,0,5,0,1,0,0,0.634,0.0138,9263
772,16,-9.847,0,3,0,1,0,0,0.634,0.0138,9279
773,49,-13.134,0,6,0,1,0,0,0.633,0.0138,9328
774,10,-9.59,0,2,0,1,0,0,0.633,0.0138,9338
775,10,-12.525,0,4,0,1,0,0,0.632,0.0138,9348
776,26,-11.33,0,4,0,1,0,0,0.632,0.0138,9374
777,25,-11.908,0,5,0,1,0,0,0.631,0.0138,9399
778,31,-11.552,0,5,0,1,0,0,0.631,0.0138,9430
779,20,-10.577,0,7,0,1,0,0,0.63,0.0138,9450
780,7,-13.24,0,3,0,1,0,0,0.63,0.0138,9457
781,5,-13.312,0,2,0,1,0,0,0.63,0.0138,9462
782,8,-9.462,0,3,0,1,0,0,0.629,0.0138,9470
783,27,-12.787,0,4,0,1,0,0,0.629,0.0137,9497
784,27,-11.883,0,5,0,1,0,0,0.628,0.0137,9524
785,35,-12.672,0,5,0,1,0,0,0.628,0.0137,9559
786,8,-11.71,0,2,0,1,0,0,0.627,0.0137,9567
787,7,-8.74,0,6,0,1,0,0,0.627,0.0137,9574
788,9,-12.687,0,3,0,1,0,0,0.626,0.0137,9583
789,5,-13.29,0,2,0,1,0,0,0.626,0.0137,9588
790,7,-9.821,0,3,0,1,0,0,0.625,0.0137,9595
791,36,-7.162,0,8,0,1,0,0,0.625,0.0137,9631
792,7,-9.92,0,2,0,1,0,0,0.624,0.0137,9638
793,6,-9.621,0,3,0,1,0,0,0.624,0.0137,9644
794,19,-12.537,0,3,0,1,0,0,0.623,0.0137,9663
795,9,-13.292,0,3,0,1,0,0,0.623,0.0136,9672
796,25,-11.999,0,7,0,1,0,0,0.622,0.0136,9697
797,10,-11.97,0,6,0,1,0,0,0.622,0.0136,9707
798,37,-11.499,1,10,0,1,0,0,0.621,0.0136,9744
799,8,-12.155,0,2,0,1,0,0,0.621,0.0136,9752
800,19,-9.328,0,3,0,1,0,0,0.62,0.0136,9771
801,16,-12.606,0,1,0,1,0,0,0.62,0.0136,9787
802,5,-13.309,0,2,0,1,0,0,0.62,0.0136,9792
803,11,-10.152,0,1,0,1,0,0,0.619,0.0136,9803
804,9,-11.444,0,5,0,1,0,0,0.619,0.0136,9812
805,7,-13.169,0,3,0,1,0,0,0.618,0.0136,9819
806,7,-9.427,0,3,0,1,0,0,0.618,0.0136,9826
807,8,-10.044,0,2,0,1,0,0,0.617,0.0136,9834
808,11,-9.689,0,3,0,1,0,0,0.617,0.0135,9845
809,20,-11.887,0,4,0,1,0,0,0.616,0.0135,9865
810,11,-9.83,0,2,0,1,0,0,0.616,0.0135,9876
811,22,-11.277,0,4,0,1,0,0,0.615,0.0135,9898
812,18,-8.345,0,8,0,1,0,0,0.615,0.0135,9916
813,8,-12.867,0,2,0,1,0,0,0.614,0.0135,9924
814,8,-9.022,0,3,0,1,0,0,0.614,0.0135,9932
815,36,-7.868,0,6,0,1,0,0,0.613,0.0135,9968
816,12,-9.964,0,1,0,1,0,0,0.613,0.0135,9980
817,11,-9.79,0,2,0,1,0,0,0.612,0.0135,9991
818,27,-11.638,0,7,0,1,0,0,0.612,0.0135,10018
819,8,-13.398,0,2,0,1,0,0,0.611,0.0135,10026
820,11,-9.525,0,3,0,1,0,0,0.611,0.0134,10037
821,19,-11.935,0,6,0,1,0,0,0.611,0.0134,10056
822,11,-9.77,0,3,0,1,0,0,0.61,0.0134,10067
823,35,-8.484,0,10,0,1,0,0,0.61,0.0134,10102
824,15,-13.48,0,3,0,1,0,0,0.609,0.0134,10117
825,41,-10.635,1,5,0,1,0,0,0.609,0.0134,10158
826,41,-11.833,1,8,0,1,0,0,0.608,0.0134,10199
827,5,-11.645,0,2,0,1,0,0,0.608,0.0134,10204
828,14,-11.994,0,2,0,1,0,0,0.607,0.0134,10218
829,11,-13.38,0,3,0,1,0,0,0.607,0.0134,10229
830,18,-9.085,0,6,0,1,0,0,0.606,0.0134,10247
831,7,-13.375,0,1,0,1,0,0,0.606,0.0134,10254
832,8,-9.559,0,2,0,1,0,0,0.605,0.0134,10262
833,6,-9.235,0,3,0,1,0,0,0.605,0.0133,10268
834,7,-9.426,0,3,0,1,0,0,0.604,0.0133,10275
835,26,-9.864,0,3,0,1,0,0,0.604,0.0133,10301
836,7,-13.13,0,4,0,1,0,0,0.603,0.0133,10308
837,16,-12.634,0,6,0,1,0,0,0.603,0.0133,10324
838,22,-11.614,0,5,0,1,0,0,0.602,0.0133,10346
839,6,-11.758,0,1,0,1,0,0,0.602,0.0133,10352
840,48,-9.518,0,7,0,1,0,0,0.601,0.0133,10400
841,13,-8.909,0,6,0,1,0,0,0.601,0.0133,10413
842,65,-13.299,0,7,0,1,0,0,0.601,0.0133,10478
843,5,-13.01,0,4,0,1,0,0,0.6,0.0133,10483
844,7,-12.201,0,3,0,1,0,0,0.6,0.0133,10490
845,8,-11.833,0,2,0,1,0,0,0.599,0.0132,10498
846,17,-11.541,0,6,0,1,0,0,0.599,0.0132,10515
847,10,-12.571,0,5,0,1,0,0,0.598,0.0132,10525
848,24,-9.699,0,4,0,1,0,0,0.598,0.0132,10549
849,35,-12.225,0,5,0,1,0,0,0.597,0.0132,10584
850,17,-10.685,0,2,0,1,0,0,0.597,0.0132,10601
851,12,-13.464,0,2,0,1,0,0,0.596,0.0132,10613
852,15,-11.539,0,4,0,1,0,0,0.596,0.0132,10628
853,5,-13.235,0,3,0,1,0,0,0.595,0.0132,10633
854,9,-13.169,0,4,0,1,0,0,0.595,0.0132,10642
855,19,-9.84,0,1,0,1,0,0,0.594,0.0132,10661
856,6,-13.095,0,4,0,1,0,0,0.594,0.0132,10667
857,14,-13.685,0,4,0,1,0,0,0.593,0.0132,10681
858,36,-10.781,1,4,0,1,0,0,0.593,0.0131,10717
859,8,-9.411,0,3,0,1,0,0,0.592,0.0131,10725
860,5,-13.335,0,2,0,1,0,0,0.592,0.0131,10730
861,7,-10.507,0,1,0,1,0,0,0.592,0.0131,10737
862,7,-9.82,0,3,0,1,0,0,0.591,0.0131,10744
863,24,-12.765,0,3,0,1,0,0,0.591,0.0131,10768
864,20,-11.919,0,3,0,1,0,0,0.59,0.0131,10788
865,5,-13.41,0,1,0,1,0,0,0.59,0.0131,10793
866,74,-12.297,0,9,0,1,0,0,0.589,0.0131,10867
867,5,-13.264,0,2,0,1,0,0,0.589,0.0131,10872
868,8,-13.175,0,4,0,1,0,0,0.588,0.0131,10880
869,6,-9.59,0,1,0,1,0,0,0.588,0.0131,10886
870,16,-11.083,1,7,0,1,0,0,0.587,0.013,10902
871,13,-12.468,0,5,0,1,0,0,0.587,0.013,10915
872,21,-10.43,0,10,0,1,0,0,0.586,0.013,10936
873,16,-11.934,0,3,0,1,0,0,0.586,0.013,10952
874,5,-11.645,0,2,0,1,0,0,0.585,0.013,10957
875,12,-13.335,0,3,0,1,0,0,0.585,0.013,10969
876,26,-11.668,0,7,0,1,0,0,0.584,0.013,10995
877,31,-8.823,0,10,0,1,0,0,0.584,0.013,11026
878,12,-9.551,0,3,0,1,0,0,0.583,0.013,11038
879,37,-11.509,0,6,0,1,0,0,0.583,0.013,11075
880,12,-9.561,0,3,0,1,0,0,0.582,0.013,11087
881,10,-9.091,0,3,0,1,0,0,0.582,0.013,11097
882,16,-12.988,0,3,0,1,0,0,0.582,0.013,11113
883,7,-13.19,0,3,0,1,0,0,0.581,0.0129,11120
884,5,-13.061,0,4,0,1,0,0,0.581,0.0129,11125
885,25,-9.641,0,4,0,1,0,0,0.58,0.0129,11150
886,5,-13.161,0,3,0,1,0,0,0.58,0.0129,11155
887,6,-13.249,0,3,0,1,0,0,0.579,0.0129,11161
888,8,-12.797,0,2,0,1,0,0,0.579,0.0129,11169
889,9,-13.41,0,2,0,1,0,0,0.578,0.0129,11178
890,29,-9.97,0,4,0,1,0,0,0.578,0.0129,11207
891,55,-11.799,0,10,0,1,0,0,0.577,0.0129,11262
892,7,-11.839,0,6,0,1,0,0,0.577,0.0129,11269
893,44,-8.71,0,8,0,1,0,0,0.576,0.0129,11313
894,25,-11.029,0,6,0,1,0,0,0.576,0.0129,11338
895,5,-13.211,0,3,0,1,0,0,0.575,0.0128,11343
896,12,-13.273,0,4,0,1,0,0,0.575,0.0128,11355
897,8,-8.508,0,5,0,1,0,0,0.574,0.0128,11363
898,7,-13.241,0,3,0,1,0,0,0.574,0.0128,11370
899,11,-9.749,0,1,0,1,0,0,0.573,0.0128,11381
900,5,-13.312,0,2,0,1,0,0,0.573,0.0128,11386
901,36,-8.655,0,7,0,1,0,0,0.573,0.0128,11422
902,13,-11.955,0,6,0,1,0,0,0.572,0.0128,11435
903,16,-10.035,0,2,0,1,0,0,0.572,0.0128,11451
904,6,-13.096,0,4,0,1,0,0,0.571,0.0128,11457
905,56,-8.604,0,7,0,1,0,0,0.571,0.0128,11513
906,11,-13.363,0,3,0,1,0,0,0.57,0.0128,11524
907,7,-9.632,0,3,0,1,0,0,0.57,0.0128,11531
908,6,-9.546,0,3,0,1,0,0,0.569,0.0127,11537
909,28,-9.423,0,6,0,1,0,0,0.569,0.0127,11565
910,57,-8.74,0,8,0,1,0,0,0.568,0.0127,11622
911,5,-13.11,0,4,0,1,0,0,0.568,0.0127,11627
912,16,-13.474,0,3,0,1,0,0,0.567,0.0127,11643
913,5,-13.112,0,4,0,1,0,0,0.567,0.0127,11648
914,27,-9.086,1,11,0,1,0,0,0.566,0.0127,11675
915,8,-9.956,0,2,0,1,0,0,0.566,0.0127,11683
916,8,-9.462,0,3,0,1,0,0,0.565,0.0127,11691
917,9,-9.429,0,3,0,1,0,0,0.565,0.0127,11700
918,50,-5.775,1,13,0,1,0,0,0.564,0.0127,11750
919,7,-13.091,0,4,0,1,0,0,0.564,0.0127,11757
920,26,-13.119,0,7,0,1,0,0,0.563,0.0126,11783
921,21,-12.661,0,2,0,1,0,0,0.563,0.0126,11804
922,14,-12.732,0,5,0,1,0,0,0.563,0.0126,11818
923,6,-13.146,0,4,0,1,0,0,0.562,0.0126,11824
924,5,-13.111,0,4,0,1,0,0,0.562,0.0126,11829
925,21,-9.907,0,1,0,1,0,0,0.561,0.0126,11850
926,6,-11.756,0,2,0,1,0,0,0.561,0.0126,11856
927,7,-9.427,0,3,0,1,0,0,0.56,0.0126,11863
928,8,-9.562,0,2,0,1,0,0,0.56,0.0126,11871
929,8,-11.805,0,5,0,1,0,0,0.559,0.0126,11879
930,43,-9.784,0,6,0,1,0,0,0.559,0.0126,11922
931,10,-9.795,0,2,0,1,0,0,0.558,0.0126,11932
932,18,-13.441,0,4,0,1,0,0,0.558,0.0126,11950
933,31,-10.327,1,5,0,1,0,0,0.557,0.0125,11981
934,22,-10.075,0,3,0,1,0,0,0.557,0.0125,12003
935,13,-10.052,0,2,0,1,0,0,0.556,0.0125,12016
936,30,-11.601,0,8,0,1,0,0,0.556,0.0125,12046
937,14,-13.386,0,4,0,1,0,0,0.555,0.0125,12060
938,15,-11.442,0,6,0,1,0,0,0.555,0.0125,12075
939,36,-11.45,0,8,0,1,0,0,0.554,0.0125,12111
940,5,-13.21,0,3,0,1,0,0,0.554,0.0125,12116
941,29,-12.481,0,4,0,1,0,0,0.553,0.0125,12145
942,13,-13.309,0,2,0,1,0,0,0.553,0.0125,12158
943,6,-9.145,0,2,0,1,0,0,0.553,0.0125,12164
944,31,-13.1,0,1,0,1,0,0,0.552,0.0125,12195
945,42,-12.594,0,8,0,1,0,0,0.552,0.0124,12237
946,21,-11.845,0,6,0,1,0,0,0.551,0.0124,12258
947,33,-12.165,0,6,0,1,0,0,0.551,0.0124,12291
948,20,-12.085,0,5,0,1,0,0,0.55,0.0124,12311
949,10,-13.274,0,3,0,1,0,0,0.55,0.0124,12321
950,13,-11.955,0,5,0,1,0,0,0.549,0.0124,12334
951,9,-9.497,0,3,0,1,0,0,0.549,0.0124,12343
952,16,-11.797,0,4,0,1,0,0,0.548,0.0124,12359
953,34,-11.196,0,10,0,1,0,0,0.548,0.0124,12393
954,42,-11.306,0,6,0,1,0,0,0.547,0.0124,12435
955,14,-12.526,0,5,0,1,0,0,0.547,0.0124,12449
956,24,-9.849,0,5,0,1,0,0,0.546,0.0124,12473
957,9,-11.423,0,5,0,1,0,0,0.546,0.0124,12482
958,32,-11.777,0,9,0,1,0,0,0.545,0.0123,12514
959,7,-9.527,0,2,0,1,0,0,0.545,0.0123,12521
960,24,-12.527,0,6,0,1,0,0,0.544,0.0123,12545
961,30,-8.357,0,7,0,1,0,0,0.544,0.0123,12575
962,21,-11.555,0,3,0,1,0,0,0.544,0.0123,12596
963,19,-12.083,0,4,0,1,0,0,0.543,0.0123,12615
964,11,-11.423,0,5,0,1,0,0,0.543,0.0123,12626
965,6,-9.442,0,2,0,1,0,0,0.542,0.0123,12632
966,17,-9.22,0,6,0,1,0,0,0.542,0.0123,12649
967,55,-8.321,1,6,0,1,0,0,0.541,0.0123,12704
968,18,-9.43,0,4,0,1,0,0,0.541,0.0123,12722
969,36,-8.907,0,6,0,1,0,0,0.54,0.0123,12758
970,31,-12.984,0,5,0,1,0,0,0.54,0.0122,12789
971,5,-12.762,0,2,0,1,0,0,0.539,0.0122,12794
972,16,-8.749,0,5,0,1,0,0,0.539,0.0122,12810
973,46,-9.179,0,9,0,1,0,0,0.538,0.0122,12856
974,28,-9.328,0,5,0,1,0,0,0.538,0.0122,12884
975,15,-9.581,0,3,0,1,0,0,0.537,0.0122,12899
976,29,-7.97,1,4,0,1,0,0,0.537,0.0122,12928
977,6,-12.101,0,3,0,1,0,0,0.536,0.0122,12934
978,9,-9.948,0,2,0,1,0,0,0.536,0.0122,12943
979,20,-11.939,0,4,0,1,0,0,0.535,0.0122,12963
980,5,-12.76,0,2,0,1,0,0,0.535,0.0122,12968
981,11,-10.052,0,2,0,1,0,0,0.534,0.0122,12979
982,14,-9.745,0,3,0,1,0,0,0.534,0.0122,12993
983,32,-11.712,1,6,0,1,0,0,0.534,0.0121,13025
984,8,-13.126,0,4,0,1,0,0,0.533,0.0121,13033
985,8,-12.181,0,3,0,1,0,0,0.533,0.0121,13041
986,26,-10.364,0,3,0,1,0,0,0.532,0.0121,13067
987,13,-9.505,0,3,0,1,0,0,0.532,0.0121,13080
988,33,-9.535,0,3,0,1,0,0,0.531,0.0121,13113
989,15,-10.415,0,2,0,1,0,0,0.531,0.0121,13128
990,8,-13.325,0,2,0,1,0,0,0.53,0.0121,13136
991,22,-11.735,0,5,0,1,0,0,0.53,0.0121,13158
992,41,-8.654,0,11,0,1,0,0,0.529,0.0121,13199
993,18,-9.632,0,4,0,1,0,0,0.529,0.0121,13217
994,10,-9.091,0,3,0,1,0,0,0.528,0.0121,13227
995,11,-11.922,0,6,0,1,0,0,0.528,0.012,13238
996,6,-13.245,0,3,0,1,0,0,0.527,0.012,13244
997,10,-13.686,0,4,0,1,0,0,0.527,0.012,13254
998,43,-12.824,0,5,0,1,0,0,0.526,0.012,13297
999,22,-8.937,1,10,0,1,0,0,0.526,0.012,13319
1000,24,-11.845,0,9,0,1,0,0,0.525,0.012,13343
1001,27,-11.843,1,6,0,1,0,0,0.525,0.012,13370
1002,7,-9.427,0,3,0,1,0,0,0.525,0.012,13377
1003,18,-12.052,0,5,0,1,0,0,0.524,0.012,13395
1004,7,-13.19,0,3,0,1,0,0,0.524,0.012,13402
1005,79,-8.947,0,23,0,1,0,0,0.523,0.012,13481
1006,20,-8.639,0,7,0,1,0,0,0.523,0.012,13501
1007,53,-7.962,0,10,0,1,0,0,0.522,0.012,13554
1008,28,-8.549,0,10,0,1,0,0,0.522,0.0119,13582
1009,11,-12.502,0,6,0,1,0,0,0.521,0.0119,13593
1010,16,-11.3,0,7,0,1,0,0,0.521,0.0119,13609
1011,13,-11.583,0,5,0,1,0,0,0.52,0.0119,13622
1012,5,-13.235,0,3,0,1,0,0,0.52,0.0119,13627
1013,30,-11.422,0,9,0,1,0,0,0.519,0.0119,13657
1014,6,-11.706,0,3,0,1,0,0,0.519,0.0119,13663
1015,5,-13.235,0,3,0,1,0,0,0.518,0.0119,13668
1016,6,-13.126,0,0,0,1,0,0,0.518,0.0119,13674
1017,9,-8.81,0,6,0,1,0,0,0.517,0.0119,13683
1018,69,-9.399,0,6,0,1,0,0,0.517,0.0119,13752
1019,57,-8.459,0,12,0,1,0,0,0.516,0.0119,13809
1020,39,-9.761,0,5,0,1,0,0,0.516,0.0118,13848
1021,19,-9.782,0,2,0,1,0,0,0.515,0.0118,13867
1022,60,-8.658,0,10,0,1,0,0,0.515,0.0118,13927
1023,10,-12.262,0,3,0,1,0,0,0.515,0.0118,13937
1024,8,-9.955,0,2,0,1,0,0,0.514,0.0118,13945
1025,25,-8.789,0,6,0,1,0,0,0.514,0.0118,13970
1026,6,-12.249,0,2,0,1,0,0,0.513,0.0118,13976
1027,10,-9.48,0,3,0,1,0,0,0.513,0.0118,13986
1028,7,-9.427,0,3,0,1,0,0,0.512,0.0118,13993
1029,5,-13.308,0,2,0,1,0,0,0.512,0.0118,13998
1030,15,-9.869,0,3,0,1,0,0,0.511,0.0118,14013
1031,45,-12.24,0,3,0,1,0,0,0.511,0.0118,14058
1032,5,-13.062,0,4,0,1,0,0,0.51,0.0118,14063
1033,12,-9.624,0,3,0,1,0,0,0.51,0.0117,14075
1034,6,-13.346,0,2,0,1,0,0,0.509,0.0117,14081
1035,24,-9.777,0,5,0,1,0,0,0.509,0.0117,14105
1036,8,-12.522,0,5,0,1,0,0,0.508,0.0117,14113
1037,28,-10.036,0,2,0,1,0,0,0.508,0.0117,14141
1038,13,-9.655,0,2,0,1,0,0,0.507,0.0117,14154
1039,12,-11.914,0,5,0,1,0,0,0.507,0.0117,14166
1040,11,-10.256,0,2,0,1,0,0,0.506,0.0117,14177
1041,9,-9.761,0,2,0,1,0,0,0.506,0.0117,14186
1042,8,-13.125,0,4,0,1,0,0,0.506,0.0117,14194
1043,41,-8.833,1,7,0,1,0,0,0.505,0.0117,14235
1044,7,-13.725,0,3,0,1,0,0,0.505,0.0117,14242
1045,29,-7.804,0,5,0,1,0,0,0.504,0.0116,14271
1046,14,-9.6,0,2,0,1,0,0,0.504,0.0116,14285
1047,9,-11.444,0,5,0,1,0,0,0.503,0.0116,14294
1048,60,-11.04,1,9,0,1,0,0,0.503,0.0116,14354
1049,22,-13.255,0,2,0,1,0,0,0.502,0.0116,14376
1050,28,-12.503,0,6,0,1,0,0,0.502,0.0116,14404
1051,9,-13.616,0,4,0,1,0,0,0.501,0.0116,14413
1052,6,-13.096,0,4,0,1,0,0,0.501,0.0116,14419
1053,13,-9.9,0,2,0,1,0,0,0.5,0.0116,14432
1054,55,-12.821,0,6,0,1,0,0,0.5,0.0116,14487
1055,5,-13.21,0,3,0,1,0,0,0.499,0.0116,14492
1056,7,-10.214,0,2,0,1,0,0,0.499,0.0116,14499
1057,32,-9.054,0,5,0,1,0,0,0.498,0.0116,14531
1058,11,-13.361,0,3,0,1,0,0,0.498,0.0115,14542
1059,23,-10.863,1,6,0,1,0,0,0.497,0.0115,14565
1060,26,-9.178,0,5,0,1,0,0,0.497,0.0115,14591
1061,15,-10.251,0,2,0,1,0,0,0.496,0.0115,14606
1062,10,-9.736,0,3,0,1,0,0,0.496,0.0115,14616
1063,5,-13.111,0,4,0,1,0,0,0.496,0.0115,14621
1064,8,-13.225,0,3,0,1,0,0,0.495,0.0115,14629
1065,20,-11.273,1,4,0,1,0,0,0.495,0.0115,14649
1066,41,-12.832,0,5,0,1,0,0,0.494,0.0115,14690
1067,22,-13.412,0,4,0,1,0,0,0.494,0.0115,14712
1068,20,-10.739,0,1,0,1,0,0,0.493,0.0115,14732
1069,49,-10.626,0,13,0,1,0,0,0.493,0.0115,14781
1070,5,-13.264,0,2,0,1,0,0,0.492,0.0114,14786
1071,27,-8.564,0,5,0,1,0,0,0.492,0.0114,14813
1072,9,-9.405,0,3,0,1,0,0,0.491,0.0114,14822
1073,14,-13.294,0,4,0,1,0,0,0.491,0.0114,14836
1074,66,-12.078,0,6,0,1,0,0,0.49,0.0114,14902
1075,99,-1.672,1,17,0,0,0,0,0.49,0.0114,15001
1076,6,-13.095,0,4,0,1,0,0,0.489,0.0114,15007
1077,23,-11.143,0,8,0,1,0,0,0.489,0.0114,15030
1078,5,-13.211,0,3,0,1,0,0,0.488,0.0114,15035
1079,47,-12.89,0,10,0,1,0,0,0.488,0.0114,15082
1080,17,-9.49,0,4,0,1,0,0,0.487,0.0114,15099
1081,24,-11.911,0,6,0,1,0,0,0.487,0.0114,15123
1082,14,-12.298,0,5,0,1,0,0,0.487,0.0114,15137
1083,14,-12.747,0,3,0,1,0,0,0.486,0.0113,15151
1084,5,-9.011,0,3,0,1,0,0,0.486,0.0113,15156
1085,27,-8.921,0,5,0,1,0,0,0.485,0.0113,15183
1086,27,-11.705,0,4,0,1,0,0,0.485,0.0113,15210
1087,5,-13.284,0,2,0,1,0,0,0.484,0.0113,15215
1088,12,-10.012,0,3,0,1,0,0,0.484,0.0113,15227
1089,62,-10.962,0,19,0,1,0,0,0.483,0.0113,15289
1090,5,-13.235,0,3,0,1,0,0,0.483,0.0113,15294
1091,34,-12.369,0,4,0,1,0,0,0.482,0.0113,15328
1092,8,-13.274,0,3,0,1,0,0,0.482,0.0113,15336
1093,5,-13.111,0,4,0,1,0,0,0.481,0.0113,15341
1094,5,-13.261,0,2,0,1,0,0,0.481,0.0113,15346
1095,17,-13.955,0,3,0,1,0,0,0.48,0.0112,15363
1096,7,-9.376,0,3,0,1,0,0,0.48,0.0112,15370
1097,9,-9.542,0,3,0,1,0,0,0.479,0.0112,15379
1098,25,-9.745,0,3,0,1,0,0,0.479,0.0112,15404
1099,15,-13.48,0,3,0,1,0,0,0.478,0.0112,15419
1100,16,-12.704,0,5,0,1,0,0,0.478,0.0112,15435
1101,10,-11.459,0,5,0,1,0,0,0.477,0.0112,15445
1102,17,-9.108,0,5,0,1,0,0,0.477,0.0112,15462
1103,12,-8.925,0,5,0,1,0,0,0.477,0.0112,15474
1104,49,-11.971,0,10,0,1,0,0,0.476,0.0112,15523
1105,12,-12.42,0,2,0,1,0,0,0.476,0.0112,15535
1106,18,-10.74,0,8,0,1,0,0,0.475,0.0112,15553
1107,7,-9.826,0,1,0,1,0,0,0.475,0.0112,15560
1108,18,-9.619,0,5,0,1,0,0,0.474,0.0111,15578
1109,56,-9.084,0,14,0,1,0,0,0.474,0.0111,15634
1110,9,-9.01,0,4,0,1,0,0,0.473,0.0111,15643
1111,22,-8.82,0,5,0,1,0,0,0.473,0.0111,15665
1112,47,-10.651,1,14,0,1,0,0,0.472,0.0111,15712
1113,17,-14.024,0,2,0,1,0,0,0.472,0.0111,15729
1114,11,-12.014,0,5,0,1,0,0,0.471,0.0111,15740
1115,6,-13.144,0,4,0,1,0,0,0.471,0.0111,15746
1116,11,-11.815,0,2,0,1,0,0,0.47,0.0111,15757
1117,73,-10.284,0,14,0,1,0,0,0.47,0.0111,15830
1118,47,-11.083,0,10,0,1,0,0,0.469,0.0111,15877
1119,20,-8.999,0,4,0,1,0,0,0.469,0.0111,15897
1120,16,-13.467,0,2,0,1,0,0,0.468,0.011,15913
1121,16,-12.523,0,3,0,1,0,0,0.468,0.011,15929
1122,11,-11.966,0,4,0,1,0,0,0.468,0.011,15940
1123,52,-8.362,1,13,0,1,0,0,0.467,0.011,15992
1124,7,-11.425,0,4,0,1,0,0,0.467,0.011,15999
1125,29,-12.496,0,3,0,1,0,0,0.466,0.011,16028
1126,5,-13.111,0,4,0,1,0,0,0.466,0.011,16033
1127,25,-9.46,0,4,0,1,0,0,0.465,0.011,16058
1128,11,-12.869,0,2,0,1,0,0,0.465,0.011,16069
1129,18,-9.754,0,3,0,1,0,0,0.464,0.011,16087
1130,20,-9.914,0,3,0,1,0,0,0.464,0.011,16107
1131,7,-13.484,0,1,0,1,0,0,0.463,0.011,16114
1132,5,-13.335,0,2,0,1,0,0,0.463,0.011,16119
1133,23,-11.205,0,8,0,1,0,0,0.462,0.0109,16142
1134,34,-8.185,0,6,0,1,0,0,0.462,0.0109,16176
1135,14,-13.344,0,4,0,1,0,0,0.461,0.0109,16190
1136,59,-9.232,0,8,0,1,0,0,0.461,0.0109,16249
1137,7,-11.741,0,3,0,1,0,0,0.46,0.0109,16256
1138,9,-11.91,0,2,0,1,0,0,0.46,0.0109,16265
1139,8,-11.899,0,6,0,1,0,0,0.459,0.0109,16273
1140,6,-9.597,0,3,0,1,0,0,0.459,0.0109,16279
1141,60,-7.227,1,13,0,1,0,0,0.459,0.0109,16339
1142,8,-11.409,0,5,0,1,0,0,0.458,0.0109,16347
1143,5,-13.061,0,4,0,1,0,0,0.458,0.0109,16352
1144,35,-9.767,0,8,0,1,0,0,0.457,0.0109,16387
1145,17,-10.356,0,3,0,1,0,0,0.457,0.0108,16404
1146,8,-13.596,0,4,0,1,0,0,0.456,0.0108,16412
1147,35,-11.509,0,10,0,1,0,0,0.456,0.0108,16447
1148,38,-10.439,1,6,0,1,0,0,0.455,0.0108,16485
1149,21,-9.935,0,2,0,1,0,0,0.455,0.0108,16506
1150,80,-11.399,0,19,0,1,0,0,0.454,0.0108,16586
1151,5,-13.311,0,2,0,1,0,0,0.454,0.0108,16591
1152,11,-9.526,0,3,0,1,0,0,0.453,0.0108,16602
1153,42,-11.129,0,7,0,1,0,0,0.453,0.0108,16644
1154,49,-13.084,0,9,0,1,0,0,0.452,0.0108,16693
1155,45,-10.592,0,12,0,1,0,0,0.452,0.0108,16738
1156,26,-12.408,0,4,0,1,0,0,0.451,0.0108,16764
1157,6,-9.146,0,2,0,1,0,0,0.451,0.0108,16770
1158,73,-11.329,0,16,0,1,0,0,0.45,0.0107,16843
1159,28,-10.7,1,4,0,1,0,0,0.45,0.0107,16871
1160,6,-12.776,0,2,0,1,0,0,0.449,0.0107,16877
1161,29,-11.685,0,7,0,1,0,0,0.449,0.0107,16906
1162,39,-11.685,0,8,0,1,0,0,0.449,0.0107,16945
1163,18,-10.135,0,1,0,1,0,0,0.448,0.0107,16963
1164,6,-9.145,0,2,0,1,0,0,0.448,0.0107,16969
1165,5,-13.14,0,3,0,1,0,0,0.447,0.0107,16974
1166,13,-11.843,0,9,0,1,0,0,0.447,0.0107,16987
1167,17,-9.895,0,4,0,1,0,0,0.446,0.0107,17004
1168,29,-8.838,0,7,0,1,0,0,0.446,0.0107,17033
1169,11,-9.233,0,3,0,1,0,0,0.445,0.0107,17044
1170,5,-13.06,0,4,0,1,0,0,0.445,0.0106,17049
1171,34,-8.987,0,6,0,1,0,0,0.444,0.0106,17083
1172,27,-9.802,0,8,0,1,0,0,0.444,0.0106,17110
1173,26,-10.252,0,3,0,1,0,0,0.443,0.0106,17136
1174,13,-11.473,0,5,0,1,0,0,0.443,0.0106,17149
1175,30,-7.325,1,7,0,1,0,0,0.442,0.0106,17179
1176,11,-13.707,0,4,0,1,0,0,0.442,0.0106,17190
1177,12,-9.716,0,3,0,1,0,0,0.441,0.0106,17202
1178,8,-13.696,0,3,0,1,0,0,0.441,0.0106,17210
1179,43,-12.371,0,8,0,1,0,0,0.44,0.0106,17253
1180,34,-13.345,0,2,0,1,0,0,0.44,0.0106,17287
1181,39,-9.636,0,9,0,1,0,0,0.44,0.0106,17326
1182,5,-12.762,0,2,0,1,0,0,0.439,0.0106,17331
1183,33,-9.644,0,4,0,1,0,0,0.439,0.0105,17364
1184,6,-12.726,0,2,0,1,0,0,0.438,0.0105,17370
1185,44,-7.977,0,9,0,1,0,0,0.438,0.0105,17414
1186,12,-12.064,0,2,0,1,0,0,0.437,0.0105,17426
1187,5,-13.311,0,2,0,1,0,0,0.437,0.0105,17431
1188,39,-10.212,0,4,0,1,0,0,0.436,0.0105,17470
1189,17,-11.782,0,2,0,1,0,0,0.436,0.0105,17487
1190,97,-7.491,1,9,0,1,0,0,0.435,0.0105,17584
1191,41,-12.666,0,10,0,1,0,0,0.435,0.0105,17625
1192,115,-9.158,0,13,0,1,0,0,0.434,0.0105,17740
1193,5,-13.112,0,4,0,1,0,0,0.434,0.0105,17745
1194,5,-13.112,0,4,0,1,0,0,0.433,0.0105,17750
1195,28,-13.752,0,4,0,1,0,0,0.433,0.0104,17778
1196,41,-10.133,0,5,0,1,0,0,0.432,0.0104,17819
1197,83,-10.567,0,6,0,1,0,0,0.432,0.0104,17902
1198,72,-8.294,0,12,0,1,0,0,0.431,0.0104,17974
1199,5,-13.061,0,4,0,1,0,0,0.431,0.0104,17979
1200,6,-13.246,0,3,0,1,0,0,0.43,0.0104,17985
1201,11,-11.464,0,5,0,1,0,0,0.43,0.0104,17996
1202,8,-9.462,0,3,0,1,0,0,0.43,0.0104,18004
1203,20,-10.713,0,9,0,1,0,0,0.429,0.0104,18024
1204,6,-9.597,0,3,0,1,0,0,0.429,0.0104,18030
1205,38,-9.669,0,5,0,1,0,0,0.428,0.0104,18068
1206,13,-13.309,0,4,0,1,0,0,0.428,0.0104,18081
1207,23,-9.279,0,5,0,1,0,0,0.427,0.0104,18104
1208,10,-9.796,0,2,0,1,0,0,0.427,0.0103,18114
1209,46,-11.811,0,6,0,1,0,0,0.426,0.0103,18160
1210,10,-12.601,0,4,0,1,0,0,0.426,0.0103,18170
1211,20,-11.783,0,3,0,1,0,0,0.425,0.0103,18190
1212,27,-12.869,0,7,0,1,0,0,0.425,0.0103,18217
1213,16,-12.777,0,4,0,1,0,0,0.424,0.0103,18233
1214,6,-9.392,0,3,0,1,0,0,0.424,0.0103,18239
1215,5,-13.312,0,2,0,1,0,0,0.423,0.0103,18244
1216,15,-12.064,0,7,0,1,0,0,0.423,0.0103,18259
1217,21,-13.466,0,4,0,1,0,0,0.422,0.0103,18280
1218,12,-11.866,0,3,0,1,0,0,0.422,0.0103,18292
1219,77,-12.043,0,10,0,1,0,0,0.421,0.0103,18369
1220,9,-9.655,0,1,0,1,0,0,0.421,0.0102,18378
1221,30,-9.144,0,7,0,1,0,0,0.42,0.0102,18408
1222,30,-11.939,0,4,0,1,0,0,0.42,0.0102,18438
1223,7,-13.141,0,4,0,1,0,0,0.42,0.0102,18445
1224,25,-9.051,0,5,0,1,0,0,0.419,0.0102,18470
1225,18,-9.771,0,3,0,1,0,0,0.419,0.0102,18488
1226,49,-11.125,0,11,0,1,0,0,0.418,0.0102,18537
1227,9,-10.052,0,2,0,1,0,0,0.418,0.0102,18546
1228,15,-13.091,0,6,0,1,0,0,0.417,0.0102,18561
1229,14,-12.978,0,3,0,1,0,0,0.417,0.0102,18575
1230,20,-9.571,0,4,0,1,0,0,0.416,0.0102,18595
1231,33,-10.333,0,3,0,1,0,0,0.416,0.0102,18628
1232,16,-9.701,0,3,0,1,0,0,0.415,0.0102,18644
1233,59,-6.025,1,13,0,1,0,0,0.415,0.0101,18703
1234,144,-6.84,2,22,0,1,0,0,0.414,0.0101,18847
1235,19,-9.715,0,3,0,1,0,0,0.414,0.0101,18866
1236,39,-8.768,0,8,0,1,0,0,0.413,0.0101,18905
1237,37,-8.29,2,10,0,1,0,0,0.413,0.0101,18942
1238,19,-9.027,0,6,0,1,0,0,0.412,0.0101,18961
1239,31,-9.444,0,4,0,1,0,0,0.412,0.0101,18992
1240,21,-10.893,0,4,0,1,0,0,0.411,0.0101,19013
1241,58,-7.048,0,13,0,1,0,0,0.411,0.0101,19071
1242,9,-13.414,0,2,0,1,0,0,0.411,0.0101,19080
1243,6,-11.806,0,2,0,1,0,0,0.41,0.0101,19086
1244,16,-10.374,0,2,0,1,0,0,0.41,0.0101,19102
1245,38,-11.436,1,7,0,1,0,0,0.409,0.01,19140
1246,10,-11.86,0,1,0,1,0,0,0.409,0.01,19150
1247,31,-7.911,0,11,0,1,0,0,0.408,0.01,19181
1248,6,-11.805,0,2,0,1,0,0,0.408,0.01,19187
1249,34,-8.642,1,8,0,1,0,0,0.407,0.01,19221
1250,14,-9.631,0,3,0,1,0,0,0.407,0.01,19235
1251,18,-9.097,0,4,0,1,0,0,0.406,0.01,19253
1252,72,-10.703,1,14,0,1,0,0,0.406,0.01,19325
1253,92,-9.755,0,11,0,1,0,0,0.405,0.01,19417
1254,9,-8.617,0,5,0,1,0,0,0.405,0.01,19426
1255,59,-9.388,0,7,0,1,0,0,0.404,0.01,19485
1256,10,-9.646,0,3,0,1,0,0,0.404,0.01,19495
1257,14,-9.258,0,4,0,1,0,0,0.403,0.01,19509
1258,11,-11.506,0,3,0,1,0,0,0.403,0.0099,19520
1259,123,-5.967,1,22,0,1,0,0,0.402,0.0099,19643
1260,53,-9.831,0,9,0,1,0,0,0.402,0.0099,19696
1261,11,-9.886,0,1,0,1,0,0,0.401,0.0099,19707
1262,16,-10.335,0,3,0,1,0,0,0.401,0.0099,19723
1263,49,-9.92,0,3,0,1,0,0,0.401,0.0099,19772
1264,104,-8.959,0,19,0,1,0,0,0.4,0.0099,19876
1265,16,-9.331,0,5,0,1,0,0,0.4,0.0099,19892
1266,31,-11.876,0,8,0,1,0,0,0.399,0.0099,19923
1267,17,-12.345,0,4,0,1,0,0,0.399,0.0099,19940
1268,137,-6.233,1,19,0,1,0,0,0.398,0.0099,20077
1269,72,-6.899,1,14,0,1,0,0,0.398,0.0099,20149
1270,5,-13.06,0,4,0,1,0,0,0.397,0.0098,20154
1271,70,-10.857,0,10,0,1,0,0,0.397,0.0098,20224
1272,34,-11.122,0,7,0,1,0,0,0.396,0.0098,20258
1273,25,-10.657,0,2,0,1,0,0,0.396,0.0098,20283
1274,58,-11.29,0,13,0,1,0,0,0.395,0.0098,20341
1275,10,-12.707,0,3,0,1,0,0,0.395,0.0098,20351
1276,7,-13.239,0,3,0,1,0,0,0.394,0.0098,20358
1277,38,-9.309,0,6,0,1,0,0,0.394,0.0098,20396
1278,35,-14.137,0,3,0,1,0,0,0.393,0.0098,20431
1279,14,-9.152,0,5,0,1,0,0,0.393,0.0098,20445
1280,21,-8.493,1,2,0,1,0,0,0.392,0.0098,20466
1281,97,-6.586,1,14,0,1,0,0,0.392,0.0098,20563
1282,28,-11.998,0,4,0,1,0,0,0.392,0.0098,20591
1283,100,-11.2,1,15,0,1,0,0,0.391,0.0097,20691
1284,44,-9.174,0,6,0,1,0,0,0.391,0.0097,20735
1285,85,-7.319,0,12,0,1,0,0,0.39,0.0097,20820
1286,16,-12.407,0,4,0,1,0,0,0.39,0.0097,20836
1287,17,-13.376,0,3,0,1,0,0,0.389,0.0097,20853
1288,60,-7.645,0,12,0,1,0,0,0.389,0.0097,20913
1289,6,-9.392,0,3,0,1,0,0,0.388,0.0097,20919
1290,59,-11.242,0,8,0,1,0,0,0.388,0.0097,20978
1291,136,-6.516,0,15,0,1,0,0,0.387,0.0097,21114
1292,5,-13.312,0,2,0,1,0,0,0.387,0.0097,21119
1293,6,-9.547,0,3,0,1,0,0,0.386,0.0097,21125
1294,5,-13.212,0,3,0,1,0,0,0.386,0.0097,21130
1295,38,-12.901,0,8,0,1,0,0,0.385,0.0096,21168
1296,6,-12.152,0,3,0,1,0,0,0.385,0.0096,21174
1297,19,-9.717,0,3,0,1,0,0,0.384,0.0096,21193
1298,36,-10.687,0,7,0,1,0,0,0.384,0.0096,21229
1299,10,-12.466,0,6,0,1,0,0,0.383,0.0096,21239
1300,56,-12.195,0,8,0,1,0,0,0.383,0.0096,21295
1301,25,-10.236,0,10,0,1,0,0,0.382,0.0096,21320
1302,25,-10.65,0,8,0,1,0,0,0.382,0.0096,21345
1303,76,-6.899,0,9,0,0,0,0,0.382,0.0096,21421
1304,99,-3.552,0,9,0,0,0,0,0.381,0.0096,21520
1305,125,-10.009,0,20,0,1,0,0,0.381,0.0096,21645
1306,39,-10.815,0,11,0,1,0,0,0.38,0.0096,21684
1307,103,-7.901,2,13,0,1,0,0,0.38,0.0096,21787
1308,21,-12.643,0,4,0,1,0,0,0.379,0.0095,21808
1309,16,-13.614,0,2,0,1,0,0,0.379,0.0095,21824
1310,5,-13.16,0,3,0,1,0,0,0.378,0.0095,21829
1311,72,-10.788,0,12,0,1,0,0,0.378,0.0095,21901
1312,29,-8.952,0,7,0,1,0,0,0.377,0.0095,21930
1313,21,-9.182,0,5,0,1,0,0,0.377,0.0095,21951
1314,31,-8.722,0,6,0,1,0,0,0.376,0.0095,21982
1315,44,-12.716,0,3,0,1,0,0,0.376,0.0095,22026
1316,38,-10.629,0,8,0,1,0,0,0.375,0.0095,22064
1317,23,-9.272,0,6,0,1,0,0,0.375,0.0095,22087
1318,65,-7.862,0,10,0,1,0,0,0.374,0.0095,22152
1319,23,-11.923,0,5,0,1,0,0,0.374,0.0095,22175
1320,44,-11.333,1,6,0,1,0,0,0.373,0.0094,22219
1321,19,-11.887,0,3,0,1,0,0,0.373,0.0094,22238
1322,15,-9.263,0,4,0,1,0,0,0.373,0.0094,22253
1323,52,-11.823,0,5,0,1,0,0,0.372,0.0094,22305
1324,13,-12.314,0,3,0,1,0,0,0.372,0.0094,22318
1325,16,-12.208,1,2,0,1,0,0,0.371,0.0094,22334
1326,10,-13.786,0,3,0,1,0,0,0.371,0.0094,22344
1327,74,-10.921,0,5,0,1,0,0,0.37,0.0094,22418
1328,10,-12.522,0,5,0,1,0,0,0.37,0.0094,22428
1329,5,-13.111,0,4,0,1,0,0,0.369,0.0094,22433
1330,45,-12.582,0,7,0,1,0,0,0.369,0.0094,22478
1331,5,-13.335,0,2,0,1,0,0,0.368,0.0094,22483
1332,66,-10.166,0,16,0,1,0,0,0.368,0.0094,22549
1333,8,-9.562,0,2,0,1,0,0,0.367,0.0093,22557
1334,8,-11.735,0,3,0,1,0,0,0.367,0.0093,22565
1335,12,-13.307,0,3,0,1,0,0,0.366,0.0093,22577
1336,5,-13.061,0,4,0,1,0,0,0.366,0.0093,22582
1337,26,-10.44,0,1,0,1,0,0,0.365,0.0093,22608
1338,100,-5.296,0,26,0,1,0,0,0.365,0.0093,22708
1339,40,-11.053,0,8,0,1,0,0,0.364,0.0093,22748
1340,62,-9.653,0,9,0,1,0,0,0.364,0.0093,22810
1341,45,-8.165,0,8,0,1,0,0,0.363,0.0093,22855
1342,40,-13.133,0,5,0,1,0,0,0.363,0.0093,22895
1343,17,-12.411,0,2,0,1,0,0,0.363,0.0093,22912
1344,5,-13.211,0,3,0,1,0,0,0.362,0.0093,22917
1345,46,-9.649,0,6,0,1,0,0,0.362,0.0092,22963
1346,5,-13.11,0,4,0,1,0,0,0.361,0.0092,22968
1347,34,-10.872,0,2,0,1,0,0,0.361,0.0092,23002
1348,80,-6.804,1,15,0,1,0,0,0.36,0.0092,23082
1349,29,-8.893,0,8,0,1,0,0,0.36,0.0092,23111
1350,66,-9.753,0,10,0,1,0,0,0.359,0.0092,23177
1351,35,-10.774,1,8,0,1,0,0,0.359,0.0092,23212
1352,51,-11.003,0,10,0,1,0,0,0.358,0.0092,23263
1353,22,-9.776,0,4,0,1,0,0,0.358,0.0092,23285
1354,18,-12.338,0,6,0,1,0,0,0.357,0.0092,23303
1355,14,-9.731,0,2,0,1,0,0,0.357,0.0092,23317
1356,54,-9.109,1,6,0,1,0,0,0.356,0.0092,23371
1357,23,-10.046,0,2,0,1,0,0,0.356,0.0092,23394
1358,95,-11.444,0,11,0,1,0,0,0.355,0.0091,23489
1359,43,-6.752,2,14,0,1,0,0,0.355,0.0091,23532
1360,9,-9.597,0,2,0,1,0,0,0.354,0.0091,23541
1361,61,-7.281,1,8,0,1,0,0,0.354,0.0091,23602
1362,79,-10.183,0,14,0,1,0,0,0.354,0.0091,23681
1363,17,-9.107,0,5,0,1,0,0,0.353,0.0091,23698
1364,5,-13.211,0,3,0,1,0,0,0.353,0.0091,23703
1365,42,-9.889,1,7,0,1,0,0,0.352,0.0091,23745
1366,18,-9.165,0,6,0,1,0,0,0.352,0.0091,23763
1367,94,-14.608,0,6,0,1,0,0,0.351,0.0091,23857
1368,72,-5.366,2,13,0,1,0,0,0.351,0.0091,23929
1369,27,-12.012,0,3,0,1,0,0,0.35,0.0091,23956
1370,38,-11.28,0,10,0,1,0,0,0.35,0.009,23994
1371,31,-9.491,0,4,0,1,0,0,0.349,0.009,24025
1372,22,-12.941,0,5,0,1,0,0,0.349,0.009,24047
1373,10,-9.792,0,2,0,1,0,0,0.348,0.009,24057
1374,81,-7.809,0,8,0,1,0,0,0.348,0.009,24138
1375,74,-10.564,0,4,0,1,0,0,0.347,0.009,24212
1376,41,-11.138,1,11,0,1,0,0,0.347,0.009,24253
1377,17,-10.333,0,2,0,1,0,0,0.346,0.009,24270
1378,5,-13.234,0,3,0,1,0,0,0.346,0.009,24275
1379,38,-11.061,0,3,0,1,0,0,0.345,0.009,24313
1380,43,-10.38,1,6,0,1,0,0,0.345,0.009,24356
1381,96,-8.284,0,11,0,1,0,0,0.345,0.009,24452
1382,32,-13.129,0,3,0,1,0,0,0.344,0.009,24484
1383,7,-9.376,0,3,0,1,0,0,0.344,0.0089,24491
1384,72,-10.694,0,13,0,1,0,0,0.343,0.0089,24563
1385,44,-11.194,0,8,0,1,0,0,0.343,0.0089,24607
1386,9,-9.556,0,2,0,1,0,0,0.342,0.0089,24616
1387,34,-12.221,0,5,0,1,0,0,0.342,0.0089,24650
1388,26,-9.528,0,7,0,1,0,0,0.341,0.0089,24676
1389,6,-13.349,0,2,0,1,0,0,0.341,0.0089,24682
1390,70,-9.848,1,11,0,1,0,0,0.34,0.0089,24752
1391,5,-13.21,0,3,0,1,0,0,0.34,0.0089,24757
1392,10,-13.746,0,3,0,1,0,0,0.339,0.0089,24767
1393,42,-11.55,0,7,0,1,0,0,0.339,0.0089,24809
1394,26,-13.217,0,4,0,1,0,0,0.338,0.0089,24835
1395,86,-8.05,0,8,0,1,0,0,0.338,0.0088,24921
1396,7,-9.427,0,3,0,1,0,0,0.337,0.0088,24928
1397,39,-7.569,1,8,0,1,0,0,0.337,0.0088,24967
1398,14,-10.012,0,3,0,1,0,0,0.336,0.0088,24981
1399,8,-9.462,0,3,0,1,0,0,0.336,0.0088,24989
1400,40,-8.917,0,8,0,1,0,0,0.335,0.0088,25029
1401,5,-13.11,0,4,0,1,0,0,0.335,0.0088,25034
1402,15,-12.204,0,5,0,1,0,0,0.335,0.0088,25049
1403,32,-10.383,0,3,0,1,0,0,0.334,0.0088,25081
1404,54,-13.723,0,4,0,1,0,0,0.334,0.0088,25135
1405,64,-6.599,1,15,0,1,0,0,0.333,0.0088,25199
1406,6,-9.696,0,2,0,1,0,0,0.333,0.0088,25205
1407,5,-13.235,0,3,0,1,0,0,0.332,0.0088,25210
1408,64,-9.425,0,15,0,1,0,0,0.332,0.0087,25274
1409,21,-7.763,0,7,0,1,0,0,0.331,0.0087,25295
1410,37,-10.168,0,8,0,1,0,0,0.331,0.0087,25332
1411,5,-13.161,0,3,0,1,0,0,0.33,0.0087,25337
1412,115,-8.251,1,15,0,1,0,0,0.33,0.0087,25452
1413,16,-12.334,0,3,0,1,0,0,0.329,0.0087,25468
1414,75,-12.584,0,8,0,1,0,0,0.329,0.0087,25543
1415,15,-9.139,0,5,0,1,0,0,0.328,0.0087,25558
1416,56,-11.777,0,9,0,1,0,0,0.328,0.0087,25614
1417,29,-9.823,0,2,0,1,0,0,0.327,0.0087,25643
1418,22,-12.108,0,2,0,1,0,0,0.327,0.0087,25665
1419,12,-9.561,0,3,0,1,0,0,0.326,0.0087,25677
1420,52,-7.089,0,14,0,1,0,0,0.326,0.0086,25729
1421,23,-11.842,0,5,0,1,0,0,0.326,0.0086,25752
1422,7,-9.632,0,3,0,1,0,0,0.325,0.0086,25759
1423,5,-13.315,0,2,0,1,0,0,0.325,0.0086,25764
1424,44,-12.85,0,5,0,1,0,0,0.324,0.0086,25808
1425,23,-13.783,0,3,0,1,0,0,0.324,0.0086,25831
1426,8,-12.222,0,3,0,1,0,0,0.323,0.0086,25839
1427,57,-5.044,0,11,0,0,0,0,0.323,0.0086,25896
1428,124,-4.25,1,16,0,1,0,0,0.322,0.0086,26020
1429,31,-10.479,0,1,0,1,0,0,0.322,0.0086,26051
1430,76,-11.055,0,13,0,1,0,0,0.321,0.0086,26127
1431,37,-12.071,0,7,0,1,0,0,0.321,0.0086,26164
1432,6,-13.346,0,2,0,1,0,0,0.32,0.0086,26170
1433,21,-10.152,0,3,0,1,0,0,0.32,0.0085,26191
1434,5,-13.289,0,2,0,1,0,0,0.319,0.0085,26196
1435,41,-10.836,0,10,0,1,0,0,0.319,0.0085,26237
1436,5,-13.21,0,3,0,1,0,0,0.318,0.0085,26242
1437,17,-12.619,0,5,0,1,0,0,0.318,0.0085,26259
1438,40,-7.713,0,11,0,1,0,0,0.317,0.0085,26299
1439,70,-11.078,1,15,0,1,0,0,0.317,0.0085,26369
1440,5,-13.11,0,4,0,1,0,0,0.316,0.0085,26374
1441,71,-8.715,0,8,0,1,0,0,0.316,0.0085,26445
1442,185,-8.63,1,28,0,1,0,0,0.316,0.0085,26630
1443,5,-13.11,0,4,0,1,0,0,0.315,0.0085,26635
1444,118,-9.225,1,17,0,1,0,0,0.315,0.0085,26753
1445,5,-13.06,0,4,0,1,0,0,0.314,0.0084,26758
1446,29,-12.529,0,2,0,1,0,0,0.314,0.0084,26787
1447,40,-10.419,0,3,0,1,0,0,0.313,0.0084,26827
1448,36,-11.612,0,7,0,1,0,0,0.313,0.0084,26863
1449,5,-13.234,0,3,0,1,0,0,0.312,0.0084,26868
1450,29,-9.923,0,11,0,1,0,0,0.312,0.0084,26897
1451,9,-9.0,0,6,0,1,0,0,0.311,0.0084,26906
1452,8,-8.972,0,3,0,1,0,0,0.311,0.0084,26914
1453,55,-11.886,1,6,0,1,0,0,0.31,0.0084,26969
1454,25,-10.847,0,8,0,1,0,0,0.31,0.0084,26994
1455,94,-6.839,0,14,0,1,0,0,0.309,0.0084,27088
1456,5,-13.16,0,3,0,1,0,0,0.309,0.0084,27093
1457,21,-12.049,0,4,0,1,0,0,0.308,0.0084,27114
1458,157,-13.479,0,8,0,1,0,0,0.308,0.0083,27271
1459,7,-9.527,0,2,0,1,0,0,0.307,0.0083,27278
1460,73,-12.849,0,9,0,1,0,0,0.307,0.0083,27351
1461,11,-12.991,0,1,0,1,0,0,0.306,0.0083,27362
1462,46,-11.208,0,9,0,1,0,0,0.306,0.0083,27408
1463,37,-14.218,0,4,0,1,0,0,0.306,0.0083,27445
1464,5,-13.16,0,3,0,1,0,0,0.305,0.0083,27450
1465,34,-8.607,0,6,0,1,0,0,0.305,0.0083,27484
1466,134,-9.169,0,17,0,1,0,0,0.304,0.0083,27618
1467,19,-9.437,0,5,0,1,0,0,0.304,0.0083,27637
1468,49,-10.433,0,3,0,1,0,0,0.303,0.0083,27686
1469,47,-8.085,0,7,0,1,0,0,0.303,0.0083,27733
1470,62,-8.005,1,8,0,1,0,0,0.302,0.0082,27795
1471,7,-9.862,0,3,0,1,0,0,0.302,0.0082,27802
1472,275,3.057,3,40,0,0,0,0,0.301,0.0082,28077
1473,32,-10.92,0,2,0,1,0,0,0.301,0.0082,28109
1474,34,-10.023,0,5,0,1,0,0,0.3,0.0082,28143
1475,5,-13.11,0,4,0,1,0,0,0.3,0.0082,28148
1476,29,-11.886,0,9,0,1,0,0,0.299,0.0082,28177
1477,136,-9.553,1,12,0,1,0,0,0.299,0.0082,28313
1478,19,-9.402,0,3,0,1,0,0,0.298,0.0082,28332
1479,15,-10.032,0,3,0,1,0,0,0.298,0.0082,28347
1480,38,-10.139,0,11,0,1,0,0,0.297,0.0082,28385
1481,33,-8.243,0,6,0,1,0,0,0.297,0.0082,28418
1482,7,-9.862,0,3,0,1,0,0,0.297,0.0082,28425
1483,109,-10.161,2,8,0,1,0,0,0.296,0.0081,28534
1484,124,-9.706,0,15,0,1,0,0,0.296,0.0081,28658
1485,21,-9.756,0,2,0,1,0,0,0.295,0.0081,28679
1486,87,-8.742,0,13,0,1,0,0,0.295,0.0081,28766
1487,6,-12.152,0,3,0,1,0,0,0.294,0.0081,28772
1488,31,-12.353,0,6,0,1,0,0,0.294,0.0081,28803
1489,31,-13.468,0,3,0,1,0,0,0.293,0.0081,28834
1490,55,-8.367,0,11,0,1,0,0,0.293,0.0081,28889
1491,22,-10.052,0,3,0,1,0,0,0.292,0.0081,28911
1492,25,-9.027,0,5,0,1,0,0,0.292,0.0081,28936
1493,9,-13.333,0,3,0,1,0,0,0.291,0.0081,28945
1494,6,-13.146,0,4,0,1,0,0,0.291,0.0081,28951
1495,99,-8.949,2,14,0,1,0,0,0.29,0.008,29050
1496,50,-8.793,0,8,0,1,0,0,0.29,0.008,29100
1497,16,-9.074,0,5,0,1,0,0,0.289,0.008,29116
1498,46,-12.696,0,6,0,1,0,0,0.289,0.008,29162
1499,56,-12.837,0,9,0,1,0,0,0.288,0.008,29218
1500,49,-7.686,0,11,0,1,0,0,0.288,0.008,29267
1501,95,-10.626,0,15,0,1,0,0,0.287,0.008,29362
1502,15,-13.797,0,3,0,1,0,0,0.287,0.008,29377
1503,51,-11.722,0,8,0,1,0,0,0.287,0.008,29428
1504,55,-12.67,0,4,0,1,0,0,0.286,0.008,29483
1505,15,-10.393,0,2,0,1,0,0,0.286,0.008,29498
1506,71,-11.213,0,7,0,1,0,0,0.285,0.008,29569
1507,62,-10.329,1,8,0,1,0,0,0.285,0.008,29631
1508,18,-8.913,0,6,0,1,0,0,0.284,0.0079,29649
1509,35,-9.259,0,6,0,1,0,0,0.284,0.0079,29684
1510,145,-7.661,1,9,0,1,0,0,0.283,0.0079,29829
1511,76,-11.059,0,4,0,1,0,0,0.283,0.0079,29905
1512,94,-8.753,0,9,0,1,0,0,0.282,0.0079,29999
1513,5,-13.111,0,4,0,1,0,0,0.282,0.0079,30004
1514,41,-9.644,0,6,0,1,0,0,0.281,0.0079,30045
1515,11,-9.69,0,2,0,1,0,0,0.281,0.0079,30056
1516,10,-9.737,0,2,0,1,0,0,0.28,0.0079,30066
1517,201,-10.387,0,22,0,1,0,0,0.28,0.0079,30267
1518,40,-11.714,1,6,0,1,0,0,0.279,0.0079,30307
1519,18,-12.655,0,3,0,1,0,0,0.279,0.0079,30325
1520,66,-13.329,0,4,0,1,0,0,0.278,0.0078,30391
1521,49,-8.713,0,6,0,1,0,0,0.278,0.0078,30440
1522,17,-11.656,0,5,0,1,0,0,0.278,0.0078,30457
1523,231,-8.912,0,26,0,1,0,0,0.277,0.0078,30688
1524,48,-7.67,0,10,0,1,0,0,0.277,0.0078,30736
1525,67,-7.19,1,16,0,1,0,0,0.276,0.0078,30803
1526,15,-8.729,0,5,0,1,0,0,0.276,0.0078,30818
1527,31,-11.64,0,4,0,1,0,0,0.275,0.0078,30849
1528,21,-10.372,0,2,0,1,0,0,0.275,0.0078,30870
1529,26,-10.028,0,2,0,1,0,0,0.274,0.0078,30896
1530,17,-12.394,0,5,0,1,0,0,0.274,0.0078,30913
1531,124,-7.599,2,20,0,1,0,0,0.273,0.0078,31037
1532,38,-8.558,0,8,0,1,0,0,0.273,0.0078,31075
1533,18,-9.909,0,6,0,1,0,0,0.272,0.0077,31093
1534,19,-10.168,0,0,0,1,0,0,0.272,0.0077,31112
1535,13,-9.799,0,3,0,1,0,0,0.271,0.0077,31125
1536,147,-3.689,1,19,0,1,0,0,0.271,0.0077,31272
1537,11,-8.538,0,6,0,1,0,0,0.27,0.0077,31283
1538,66,-9.348,0,6,0,1,0,0,0.27,0.0077,31349
1539,25,-12.367,0,2,0,1,0,0,0.269,0.0077,31374
1540,49,-8.197,0,12,0,1,0,0,0.269,0.0077,31423
1541,25,-12.577,0,3,0,1,0,0,0.268,0.0077,31448
1542,85,-8.673,0,6,0,0,0,0,0.268,0.0077,31533
1543,5,-13.234,0,3,0,1,0,0,0.268,0.0077,31538
1544,15,-8.639,0,6,0,1,0,0,0.267,0.0077,31553
1545,10,-9.837,0,2,0,1,0,0,0.267,0.0076,31563
1546,19,-9.906,0,2,0,1,0,0,0.266,0.0076,31582
1547,28,-9.333,0,4,0,1,0,0,0.266,0.0076,31610
1548,38,-11.877,0,6,0,1,0,0,0.265,0.0076,31648
1549,73,-9.892,0,14,0,1,0,0,0.265,0.0076,31721
1550,13,-8.758,0,5,0,1,0,0,0.264,0.0076,31734
1551,5,-13.11,0,4,0,1,0,0,0.264,0.0076,31739
1552,99,-9.994,0,8,0,1,0,0,0.263,0.0076,31838
1553,50,-12.553,0,8,0,1,0,0,0.263,0.0076,31888
1554,152,-6.049,0,29,0,1,0,0,0.262,0.0076,32040
1555,65,-11.263,0,11,0,1,0,0,0.262,0.0076,32105
1556,43,-9.529,0,6,0,1,0,0,0.261,0.0076,32148
1557,124,-11.1,0,15,0,1,0,0,0.261,0.0076,32272
1558,14,-9.859,0,3,0,1,0,0,0.26,0.0075,32286
1559,33,-9.972,0,13,0,1,0,0,0.26,0.0075,32319
1560,125,-5.129,0,17,0,1,0,0,0.259,0.0075,32444
1561,49,-10.785,0,11,0,1,0,0,0.259,0.0075,32493
1562,237,1.239,3,24,0,1,1,0,0.259,0.0075,32730
1563,19,-8.46,0,6,0,1,0,0,0.258,0.0075,32749
1564,67,-8.734,0,10,0,1,0,0,0.258,0.0075,32816
1565,110,-5.687,1,17,0,1,0,0,0.257,0.0075,32926
1566,29,-9.899,0,3,0,1,0,0,0.257,0.0075,32955
1567,89,-9.265,0,14,0,1,0,0,0.256,0.0075,33044
1568,147,-6.51,1,19,0,1,0,0,0.256,0.0075,33191
1569,48,-10.359,0,3,0,1,0,0,0.255,0.0075,33239
1570,59,-8.275,0,9,0,1,0,0,0.255,0.0074,33298
1571,96,-10.218,0,10,0,1,0,0,0.254,0.0074,33394
1572,85,-9.874,1,11,0,1,0,0,0.254,0.0074,33479
1573,9,-13.31,0,3,0,1,0,0,0.253,0.0074,33488
1574,20,-13.524,0,3,0,1,0,0,0.253,0.0074,33508
1575,25,-12.641,0,5,0,1,0,0,0.252,0.0074,33533
1576,30,-9.569,0,5,0,1,0,0,0.252,0.0074,33563
1577,9,-9.701,0,3,0,1,0,0,0.251,0.0074,33572
1578,191,-3.271,2,19,0,1,0,0,0.251,0.0074,33763
1579,91,-6.208,1,19,0,1,0,0,0.25,0.0074,33854
1580,21,-9.976,0,2,0,1,0,0,0.25,0.0074,33875
1581,14,-11.468,0,6,0,1,0,0,0.249,0.0074,33889
1582,59,-9.954,0,8,0,1,0,0,0.249,0.0074,33948
1583,81,-10.856,0,12,0,1,0,0,0.249,0.0073,34029
1584,5,-13.171,0,3,0,1,0,0,0.248,0.0073,34034
1585,21,-10.079,0,3,0,1,0,0,0.248,0.0073,34055
1586,24,-8.815,0,8,0,1,0,0,0.247,0.0073,34079
1587,19,-10.332,0,2,0,1,0,0,0.247,0.0073,34098
1588,33,-10.825,0,2,0,1,0,0,0.246,0.0073,34131
1589,42,-10.529,0,12,0,1,0,0,0.246,0.0073,34173
1590,17,-13.691,0,2,0,1,0,0,0.245,0.0073,34190
1591,206,-7.91,0,21,0,1,0,0,0.245,0.0073,34396
1592,41,-7.665,0,9,0,1,0,0,0.244,0.0073,34437
1593,63,-9.643,0,6,0,1,0,0,0.244,0.0073,34500
1594,55,-13.484,0,5,0,1,0,0,0.243,0.0073,34555
1595,40,-8.947,0,3,0,1,0,0,0.243,0.0072,34595
1596,143,-6.205,0,14,0,1,0,0,0.242,0.0072,34738
1597,184,-7.045,1,15,0,1,0,0,0.242,0.0072,34922
1598,148,-5.427,2,21,0,1,0,0,0.241,0.0072,35070
1599,5,-13.214,0,3,0,1,0,0,0.241,0.0072,35075
1600,79,-9.823,1,7,0,1,0,0,0.24,0.0072,35154
1601,61,-12.039,0,7,0,1,0,0,0.24,0.0072,35215
1602,73,-11.099,0,11,0,1,0,0,0.24,0.0072,35288
1603,35,-10.829,0,8,0,1,0,0,0.239,0.0072,35323
1604,13,-9.707,0,2,0,1,0,0,0.239,0.0072,35336
1605,43,-12.112,0,4,0,1,0,0,0.238,0.0072,35379
1606,37,-9.336,0,5,0,1,0,0,0.238,0.0072,35416
1607,15,-12.565,0,2,0,1,0,0,0.237,0.0072,35431
1608,193,-8.876,2,19,0,1,0,0,0.237,0.0071,35624
1609,18,-13.625,0,3,0,1,0,0,0.236,0.0071,35642
1610,69,-7.191,0,11,0,1,0,0,0.236,0.0071,35711
1611,132,-11.014,0,15,0,1,0,0,0.235,0.0071,35843
1612,385,-4.992,3,30,0,1,1,0,0.235,0.0071,36228
1613,11,-9.49,0,3,0,1,0,0,0.234,0.0071,36239
1614,95,-10.623,0,4,0,1,0,0,0.234,0.0071,36334
1615,30,-7.215,1,11,0,1,0,0,0.233,0.0071,36364
1616,87,-13.258,0,4,0,1,0,0,0.233,0.0071,36451
1617,17,-9.547,0,3,0,1,0,0,0.232,0.0071,36468
1618,280,-8.118,1,16,0,1,0,0,0.232,0.0071,36748
1619,43,-13.439,0,4,0,1,0,0,0.231,0.0071,36791
1620,10,-9.287,0,6,0,1,0,0,0.231,0.007,36801
1621,69,-4.853,0,5,0,0,0,0,0.23,0.007,36870
1622,81,-11.791,0,9,0,1,0,0,0.23,0.007,36951
1623,14,-12.947,0,1,0,1,0,0,0.23,0.007,36965
1624,31,-11.464,0,4,0,1,0,0,0.229,0.007,36996
1625,195,-5.54,0,27,0,1,0,0,0.229,0.007,37191
1626,107,-5.608,1,14,0,1,0,0,0.228,0.007,37298
1627,139,-10.916,0,9,0,1,0,0,0.228,0.007,37437
1628,16,-9.742,0,3,0,1,0,0,0.227,0.007,37453
1629,44,-9.159,0,7,0,1,0,0,0.227,0.007,37497
1630,9,-9.801,0,2,0,1,0,0,0.226,0.007,37506
1631,95,-6.713,1,19,0,1,0,0,0.226,0.007,37601
1632,119,-8.596,0,9,0,1,0,0,0.225,0.007,37720
1633,71,-11.916,1,7,0,1,0,0,0.225,0.0069,37791
1634,40,-9.173,0,4,0,1,0,0,0.224,0.0069,37831
1635,32,-4.097,0,1,0,0,0,0,0.224,0.0069,37863
1636,28,-10.221,0,2,0,1,0,0,0.223,0.0069,37891
1637,137,-1.903,0,12,0,0,0,0,0.223,0.0069,38028
1638,55,-14.264,0,3,0,1,0,0,0.222,0.0069,38083
1639,200,-4.345,1,34,0,1,0,0,0.222,0.0069,38283
1640,132,-13.146,0,10,0,1,0,0,0.221,0.0069,38415
1641,41,-10.898,0,7,0,1,0,0,0.221,0.0069,38456
1642,229,-7.713,3,10,0,1,0,0,0.221,0.0069,38685
1643,104,-13.889,0,4,0,1,0,0,0.22,0.0069,38789
1644,61,-13.395,0,4,0,1,0,0,0.22,0.0069,38850
1645,151,-3.467,0,16,0,1,1,0,0.219,0.0068,39001
1646,37,-10.59,0,3,0,1,0,0,0.219,0.0068,39038
1647,6,-9.492,0,2,0,1,0,0,0.218,0.0068,39044
1648,400,-0.951,1,16,1,0,0,1,0.218,0.0068,39444
1649,99,-14.678,0,4,0,1,0,0,0.217,0.0068,39543
1650,9,-12.135,0,4,0,1,0,0,0.217,0.0068,39552
1651,5,-13.11,0,4,0,1,0,0,0.216,0.0068,39557
1652,12,-11.75,0,3,0,1,0,0,0.216,0.0068,39569
1653,189,-7.558,0,14,0,1,0,0,0.215,0.0068,39758
1654,44,-6.962,1,12,0,1,0,0,0.215,0.0068,39802
1655,36,-11.259,0,6,0,1,0,0,0.214,0.0068,39838
1656,114,-8.954,0,25,0,1,0,0,0.214,0.0068,39952
1657,12,-12.322,0,2,0,1,0,0,0.213,0.0068,39964
1658,268,-0.085,2,32,0,0,0,0,0.213,0.0067,40232
1659,54,-9.975,0,6,0,1,0,0,0.212,0.0067,40286
1660,8,-9.562,0,2,0,1,0,0,0.212,0.0067,40294
1661,170,-0.159,2,29,0,1,1,0,0.212,0.0067,40464
1662,107,-8.973,1,17,0,1,0,0,0.211,0.0067,40571
1663,55,-11.721,0,9,0,1,0,0,0.211,0.0067,40626
1664,11,-11.881,0,3,0,1,0,0,0.21,0.0067,40637
1665,7,-9.527,0,2,0,1,0,0,0.21,0.0067,40644
1666,11,-9.617,0,2,0,1,0,0,0.209,0.0067,40655
1667,19,-13.659,0,3,0,1,0,0,0.209,0.0067,40674
1668,19,-13.643,0,3,0,1,0,0,0.208,0.0067,40693
1669,240,-5.714,3,25,0,1,0,0,0.208,0.0067,40933
1670,105,-9.168,1,13,0,1,0,0,0.207,0.0066,41038
1671,19,-9.906,0,2,0,1,0,0,0.207,0.0066,41057
1672,82,-7.258,0,6,0,0,0,0,0.206,0.0066,41139
1673,89,-9.51,0,10,0,1,0,0,0.206,0.0066,41228
1674,114,-3.579,3,16,0,1,0,0,0.205,0.0066,41342
1675,11,-9.73,0,3,0,1,0,0,0.205,0.0066,41353
1676,62,-8.98,0,8,0,1,0,0,0.204,0.0066,41415
1677,258,-5.573,0,22,0,1,1,0,0.204,0.0066,41673
1678,142,-8.223,1,14,0,1,0,0,0.203,0.0066,41815
1679,23,-9.979,0,2,0,1,0,0,0.203,0.0066,41838
1680,61,-9.39,0,6,0,1,0,0,0.202,0.0066,41899
1681,10,-9.441,0,3,0,1,0,0,0.202,0.0066,41909
1682,34,-10.726,0,3,0,1,0,0,0.202,0.0066,41943
1683,84,-4.928,2,22,0,1,0,0,0.201,0.0065,42027
1684,157,-10.981,0,6,0,1,0,0,0.201,0.0065,42184
1685,137,-8.943,0,8,0,1,0,0,0.2,0.0065,42321
1686,26,-8.994,0,5,0,1,0,0,0.2,0.0065,42347
1687,8,-13.176,0,4,0,1,0,0,0.199,0.0065,42355
1688,150,-11.353,2,14,0,1,0,0,0.199,0.0065,42505
1689,118,-5.665,2,21,0,1,0,0,0.198,0.0065,42623
1690,48,-6.014,0,0,0,0,0,0,0.198,0.0065,42671
1691,72,-12.883,0,10,0,1,0,0,0.197,0.0065,42743
1692,14,-9.976,0,2,0,1,0,0,0.197,0.0065,42757
1693,50,-10.011,0,8,0,1,0,0,0.196,0.0065,42807
1694,54,-10.839,1,8,0,1,0,0,0.196,0.0065,42861
1695,41,-9.886,0,10,0,1,0,0,0.195,0.0064,42902
1696,36,-9.006,0,6,0,1,0,0,0.195,0.0064,42938
1697,30,-12.862,0,3,0,1,0,0,0.194,0.0064,42968
1698,103,-7.422,0,15,0,1,0,0,0.194,0.0064,43071
1699,15,-8.602,0,6,0,1,0,0,0.193,0.0064,43086
1700,19,-10.287,0,3,0,1,0,0,0.193,0.0064,43105
1701,37,-5.183,0,3,0,0,0,0,0.193,0.0064,43142
1702,43,-5.241,0,3,0,0,0,0,0.192,0.0064,43185
1703,172,-5.803,2,20,0,1,0,0,0.192,0.0064,43357
1704,61,-9.672,1,9,0,1,0,0,0.191,0.0064,43418
1705,55,-7.36,0,8,0,1,0,0,0.191,0.0064,43473
1706,7,-9.912,0,3,0,1,0,0,0.19,0.0064,43480
1707,19,-10.385,0,3,0,1,0,0,0.19,0.0064,43499
1708,17,-9.777,0,3,0,1,0,0,0.189,0.0063,43516
1709,282,-7.537,1,20,0,1,0,0,0.189,0.0063,43798
1710,17,-13.49,0,4,0,1,0,0,0.188,0.0063,43815
1711,74,-9.049,2,17,0,1,0,0,0.188,0.0063,43889
1712,72,-7.509,1,13,0,1,0,0,0.187,0.0063,43961
1713,117,-9.675,1,13,0,1,0,0,0.187,0.0063,44078
1714,84,-9.014,0,8,0,1,0,0,0.186,0.0063,44162
1715,57,-10.59,0,5,0,1,0,0,0.186,0.0063,44219
1716,38,-9.439,0,5,0,1,0,0,0.185,0.0063,44257
1717,280,-9.076,1,20,0,1,0,0,0.185,0.0063,44537
1718,252,-8.568,0,18,0,1,0,0,0.184,0.0063,44789
1719,12,-10.027,0,3,0,1,0,0,0.184,0.0063,44801
1720,37,-10.495,0,2,0,1,0,0,0.183,0.0062,44838
1721,21,-9.826,0,3,0,1,0,0,0.183,0.0062,44859
1722,265,2.979,1,26,1,0,1,0,0.183,0.0062,45124
1723,82,-1.722,1,11,0,0,0,0,0.182,0.0062,45206
1724,39,-11.21,1,10,0,1,0,0,0.182,0.0062,45245
1725,65,-12.526,0,12,0,1,0,0,0.181,0.0062,45310
1726,183,-12.977,1,9,0,1,0,0,0.181,0.0062,45493
1727,269,-8.271,1,17,1,1,1,0,0.18,0.0062,45762
1728,7,-11.741,0,3,0,1,0,0,0.18,0.0062,45769
1729,46,-9.694,0,4,0,1,0,0,0.179,0.0062,45815
1730,143,-9.29,1,11,0,1,0,0,0.179,0.0062,45958
1731,14,-13.868,0,3,0,1,0,0,0.178,0.0062,45972
1732,12,-9.561,0,3,0,1,0,0,0.178,0.0062,45984
1733,59,-8.818,0,8,0,1,0,0,0.177,0.0061,46043
1734,292,-11.611,2,17,0,1,0,0,0.177,0.0061,46335
1735,227,-9.289,0,22,1,1,0,0,0.176,0.0061,46562
1736,60,-9.759,0,9,0,1,0,0,0.176,0.0061,46622
1737,64,-9.576,0,7,0,1,0,0,0.175,0.0061,46686
1738,79,-12.82,1,6,0,1,0,0,0.175,0.0061,46765
1739,344,-12.989,0,24,0,1,0,0,0.174,0.0061,47109
1740,113,-8.117,2,10,0,1,0,0,0.174,0.0061,47222
1741,60,-9.533,0,10,0,1,0,0,0.173,0.0061,47282
1742,26,-10.041,0,3,0,1,0,0,0.173,0.0061,47308
1743,51,-10.403,0,6,0,1,0,0,0.173,0.0061,47359
1744,111,-11.277,1,8,0,1,0,0,0.172,0.0061,47470
1745,400,-0.381,1,31,1,0,0,1,0.172,0.006,47870
1746,63,-7.811,0,11,0,1,0,0,0.171,0.006,47933
1747,13,-9.657,0,3,0,1,0,0,0.171,0.006,47946
1748,73,-8.081,0,10,0,1,0,0,0.17,0.006,48019
1749,5,-13.061,0,4,0,1,0,0,0.17,0.006,48024
1750,37,-11.452,0,8,0,1,0,0,0.169,0.006,48061
1751,105,-14.07,0,3,0,1,0,0,0.169,0.006,48166
1752,165,-9.579,1,18,0,1,0,0,0.168,0.006,48331
1753,61,-4.935,0,4,0,0,0,0,0.168,0.006,48392
1754,19,-13.52,0,4,0,1,0,0,0.167,0.006,48411
1755,166,-6.049,2,22,0,1,0,0,0.167,0.006,48577
1756,40,-10.146,0,3,0,1,0,0,0.166,0.006,48617
1757,37,-11.23,0,7,0,1,0,0,0.166,0.006,48654
1758,16,-10.262,0,2,0,1,0,0,0.165,0.0059,48670
1759,112,-7.109,1,15,0,1,0,0,0.165,0.0059,48782
1760,298,-8.214,2,18,0,1,1,0,0.164,0.0059,49080
1761,41,-9.927,0,3,0,1,0,0,0.164,0.0059,49121
1762,335,-10.463,0,16,0,1,0,0,0.164,0.0059,49456
1763,122,-6.26,2,19,0,1,0,0,0.163,0.0059,49578
1764,301,-13.112,2,15,1,1,0,0,0.163,0.0059,49879
1765,108,-8.304,0,14,0,1,0,0,0.162,0.0059,49987
1766,251,-5.127,1,16,0,0,0,0,0.162,0.0059,50238
1767,62,-7.134,1,12,0,1,0,0,0.161,0.0059,50300
1768,65,-10.582,0,3,0,1,0,0,0.161,0.0059,50365
1769,39,-9.74,1,9,0,1,0,0,0.16,0.0059,50404
1770,52,-4.798,0,2,0,0,0,0,0.16,0.0058,50456
1771,101,-6.285,2,10,0,1,0,0,0.159,0.0058,50557
1772,120,-8.14,1,6,0,0,0,0,0.159,0.0058,50677
1773,101,-9.093,0,9,0,1,0,0,0.158,0.0058,50778
1774,69,-11.234,0,3,0,1,0,0,0.158,0.0058,50847
1775,62,-8.894,1,15,0,1,0,0,0.157,0.0058,50909
1776,13,-9.842,0,3,0,1,0,0,0.157,0.0058,50922
1777,102,-10.072,0,7,0,1,0,0,0.156,0.0058,51024
1778,157,-11.719,1,19,0,1,0,0,0.156,0.0058,51181
1779,106,-12.531,0,11,0,1,0,0,0.155,0.0058,51287
1780,16,-9.055,0,2,0,1,0,0,0.155,0.0058,51303
1781,60,-9.296,0,7,0,1,0,0,0.154,0.0058,51363
1782,128,-4.84,0,8,0,0,0,0,0.154,0.0058,51491
1783,74,-6.572,1,13,0,1,0,0,0.154,0.0057,51565
1784,107,-10.881,1,9,0,1,0,0,0.153,0.0057,51672
1785,75,-5.777,1,14,0,1,0,0,0.153,0.0057,51747
1786,5,-13.21,0,3,0,1,0,0,0.152,0.0057,51752
1787,35,-9.486,0,1,0,1,0,0,0.152,0.0057,51787
1788,43,-9.575,0,5,0,1,0,0,0.151,0.0057,51830
1789,20,-12.085,0,7,0,1,0,0,0.151,0.0057,51850
1790,71,-5.167,0,2,0,0,0,0,0.15,0.0057,51921
1791,400,0.319,2,20,0,0,0,1,0.15,0.0057,52321
1792,56,-8.536,0,10,0,1,0,0,0.149,0.0057,52377
1793,184,-5.348,3,10,0,1,0,0,0.149,0.0057,52561
1794,159,-10.71,0,17,0,1,0,0,0.148,0.0057,52720
1795,68,-5.798,2,13,0,1,0,0,0.148,0.0056,52788
1796,190,-8.111,1,13,0,1,0,0,0.147,0.0056,52978
1797,267,-4.79,3,23,0,1,0,0,0.147,0.0056,53245
1798,83,-10.817,0,3,0,1,0,0,0.146,0.0056,53328
1799,400,-4.921,0,13,0,0,0,1,0.146,0.0056,53728
1800,75,-10.488,0,3,0,1,0,0,0.145,0.0056,53803
1801,159,-3.826,1,26,0,1,0,0,0.145,0.0056,53962
1802,182,-3.609,0,24,0,1,0,0,0.145,0.0056,54144
1803,58,-13.869,0,4,0,1,0,0,0.144,0.0056,54202
1804,163,-8.101,2,11,0,1,0,0,0.144,0.0056,54365
1805,341,-6.006,1,21,0,0,0,0,0.143,0.0056,54706
1806,121,-7.728,0,13,0,1,0,0,0.143,0.0056,54827
1807,13,-10.981,0,3,0,1,0,0,0.142,0.0056,54840
1808,27,-13.038,0,3,0,1,0,0,0.142,0.0055,54867
1809,58,-9.748,0,6,0,1,0,0,0.141,0.0055,54925
1810,39,-9.447,0,8,0,1,0,0,0.141,0.0055,54964
1811,129,-7.402,0,18,0,1,0,0,0.14,0.0055,55093
1812,54,-11.442,0,3,0,1,0,0,0.14,0.0055,55147
1813,114,-9.261,0,18,0,1,0,0,0.139,0.0055,55261
1814,59,-11.117,0,7,0,1,0,0,0.139,0.0055,55320
1815,260,-11.778,0,23,0,1,0,0,0.138,0.0055,55580
1816,64,-11.866,0,5,0,1,0,0,0.138,0.0055,55644
1817,90,-9.983,0,8,0,1,0,0,0.137,0.0055,55734
1818,25,-9.919,0,3,0,1,0,0,0.137,0.0055,55759
1819,400,-2.868,0,16,0,0,0,1,0.136,0.0055,56159
1820,68,-11.697,0,6,0,1,0,0,0.136,0.0054,56227
1821,144,-9.567,1,14,0,1,0,0,0.135,0.0054,56371
1822,144,-3.906,2,10,0,0,0,0,0.135,0.0054,56515
1823,51,-10.271,1,10,0,1,0,0,0.135,0.0054,56566
1824,192,-7.278,2,23,0,1,0,0,0.134,0.0054,56758
1825,96,-12.468,0,11,0,1,0,0,0.134,0.0054,56854
1826,254,-12.155,1,18,1,1,0,0,0.133,0.0054,57108
1827,7,-13.34,0,2,0,1,0,0,0.133,0.0054,57115
1828,112,-4.628,1,19,0,1,0,0,0.132,0.0054,57227
1829,346,-5.804,0,21,0,0,0,0,0.132,0.0054,57573
1830,305,-12.391,0,7,0,1,0,0,0.131,0.0054,57878
1831,239,-5.615,0,21,0,1,0,0,0.131,0.0054,58117
1832,52,-5.028,0,3,0,0,0,0,0.13,0.0054,58169
1833,104,-1.401,3,10,0,0,0,0,0.13,0.0053,58273
1834,297,-5.611,3,17,0,0,0,0,0.129,0.0053,58570
1835,230,-10.478,0,19,0,1,0,0,0.129,0.0053,58800
1836,135,-6.782,2,23,0,1,0,0,0.128,0.0053,58935
1837,89,-10.242,0,11,0,1,0,0,0.128,0.0053,59024
1838,49,-4.449,0,2,0,0,0,0,0.127,0.0053,59073
1839,30,-14.328,0,4,0,1,0,0,0.127,0.0053,59103
1840,168,-8.852,0,6,0,1,0,0,0.126,0.0053,59271
1841,93,-9.008,0,12,0,1,0,0,0.126,0.0053,59364
1842,202,-9.98,0,22,0,1,0,0,0.126,0.0053,59566
1843,176,-2.519,0,14,0,0,0,0,0.125,0.0053,59742
1844,32,-9.397,0,4,0,1,0,0,0.125,0.0053,59774
1845,81,-9.016,0,8,0,1,0,0,0.124,0.0052,59855
1846,13,-9.587,0,3,0,1,0,0,0.124,0.0052,59868
1847,27,-9.398,0,6,0,1,0,0,0.123,0.0052,59895
1848,17,-10.217,0,3,0,1,0,0,0.123,0.0052,59912
1849,113,-6.188,2,14,0,1,0,0,0.122,0.0052,60025
1850,309,-14.591,1,14,1,1,0,0,0.122,0.0052,60334
1851,64,-15.031,0,3,0,1,0,0,0.121,0.0052,60398
1852,99,-12.663,1,10,0,1,0,0,0.121,0.0052,60497
1853,159,-11.731,0,6,0,1,0,0,0.12,0.0052,60656
1854,50,-10.854,0,1,0,1,0,0,0.12,0.0052,60706
1855,140,-12.274,1,8,0,1,0,0,0.119,0.0052,60846
1856,61,-9.427,0,9,0,1,0,0,0.119,0.0052,60907
1857,185,-13.846,0,5,0,1,0,0,0.118,0.0052,61092
1858,55,-10.587,0,4,0,1,0,0,0.118,0.0051,61147
1859,77,-4.028,0,10,0,0,0,0,0.117,0.0051,61224
1860,388,-10.839,0,17,3,1,1,0,0.117,0.0051,61612
1861,190,-8.706,2,17,0,1,0,0,0.116,0.0051,61802
1862,160,-5.043,0,8,0,0,0,0,0.116,0.0051,61962
1863,79,-9.201,0,5,0,1,0,0,0.116,0.0051,62041
1864,127,-5.021,0,8,0,0,0,0,0.115,0.0051,62168
1865,59,-10.496,0,3,0,1,0,0,0.115,0.0051,62227
1866,104,-10.404,0,5,0,1,0,0,0.114,0.0051,62331
1867,98,-11.527,0,8,1,1,0,0,0.114,0.0051,62429
1868,337,-10.782,1,20,0,1,0,0,0.113,0.0051,62766
1869,43,-3.501,1,5,0,0,0,0,0.113,0.0051,62809
1870,26,-13.905,0,3,0,1,0,0,0.112,0.005,62835
1871,143,-10.986,0,8,0,1,0,0,0.112,0.005,62978
1872,163,-8.836,0,16,0,1,0,0,0.111,0.005,63141
1873,81,-7.809,0,11,0,1,0,0,0.111,0.005,63222
1874,288,-10.799,1,10,1,1,1,0,0.11,0.005,63510
1875,123,-8.242,3,12,0,1,0,0,0.11,0.005,63633
1876,311,-8.588,2,31,0,1,0,0,0.109,0.005,63944
1877,5,-13.11,0,4,0,1,0,0,0.109,0.005,63949
1878,126,-9.44,0,13,0,1,0,0,0.108,0.005,64075
1879,115,-3.064,0,15,0,0,0,0,0.108,0.005,64190
1880,13,-9.736,0,2,0,1,0,0,0.107,0.005,64203
1881,366,-10.539,0,13,0,0,0,0,0.107,0.005,64569
1882,82,-7.592,0,14,0,1,0,0,0.107,0.005,64651
1883,267,-9.338,2,11,0,1,0,0,0.106,0.0049,64918
1884,325,-3.012,1,18,0,0,0,0,0.106,0.0049,65243
1885,400,2.705,0,16,0,0,1,1,0.105,0.0049,65643
1886,118,-9.387,0,13,0,1,0,0,0.105,0.0049,65761
1887,342,-3.141,0,17,1,0,1,0,0.104,0.0049,66103
1888,232,-9.0,1,16,0,1,0,0,0.104,0.0049,66335
1889,114,-10.547,0,9,0,1,0,0,0.103,0.0049,66449
1890,44,-9.811,0,6,0,1,0,0,0.103,0.0049,66493
1891,99,-8.237,0,11,0,1,0,0,0.102,0.0049,66592
1892,187,-4.381,0,16,0,0,0,0,0.102,0.0049,66779
1893,40,-13.125,0,4,0,1,0,0,0.101,0.0049,66819
1894,191,-6.729,1,17,0,1,0,0,0.101,0.0049,67010
1895,119,-6.904,2,17,0,1,0,0,0.1,0.0048,67129
1896,9,-9.597,0,2,0,1,0,0,0.1,0.0048,67138
1897,119,-4.371,0,11,0,0,0,0,0.099,0.0048,67257
1898,124,-9.292,1,5,0,1,0,0,0.099,0.0048,67381
1899,188,-9.434,0,16,0,1,0,0,0.098,0.0048,67569
1900,107,-12.657,1,8,0,1,0,0,0.098,0.0048,67676
1901,400,8.162,2,19,0,0,1,1,0.098,0.0048,68076
1902,289,-4.192,1,18,0,0,0,0,0.097,0.0048,68365
1903,304,-7.767,0,17,0,0,0,0,0.097,0.0048,68669
1904,351,-5.906,2,22,1,0,0,0,0.096,0.0048,69020
1905,209,-8.267,0,18,0,1,0,0,0.096,0.0048,69229
1906,400,-1.903,2,16,0,0,0,1,0.095,0.0048,69629
1907,340,-8.749,0,29,0,0,0,0,0.095,0.0048,69969
1908,46,-4.506,0,5,0,0,0,0,0.094,0.0047,70015
1909,63,-12.88,0,6,0,1,0,0,0.094,0.0047,70078
1910,400,-3.428,1,15,0,0,0,1,0.093,0.0047,70478
1911,212,-7.186,2,26,0,1,0,0,0.093,0.0047,70690
1912,141,-11.07,0,6,0,1,0,0,0.092,0.0047,70831
1913,326,-7.522,0,15,0,0,1,0,0.092,0.0047,71157
1914,271,-4.583,1,25,0,0,0,0,0.091,0.0047,71428
1915,220,-13.57,0,7,0,1,0,0,0.091,0.0047,71648
1916,155,-1.671,2,18,0,0,0,0,0.09,0.0047,71803
1917,190,-7.064,3,27,0,1,0,0,0.09,0.0047,71993
1918,113,-11.43,1,11,0,1,0,0,0.089,0.0047,72106
1919,28,-9.122,0,6,0,1,0,0,0.089,0.0047,72134
1920,400,-4.65,1,12,0,0,0,1,0.088,0.0046,72534
1921,210,-0.169,1,31,0,0,0,0,0.088,0.0046,72744
1922,85,-12.089,0,8,0,1,0,0,0.088,0.0046,72829
1923,28,-10.317,0,3,0,1,0,0,0.087,0.0046,72857
1924,137,-6.048,0,11,0,0,0,0,0.087,0.0046,72994
1925,231,-0.388,2,14,1,0,0,0,0.086,0.0046,73225
1926,368,-8.636,0,41,1,1,0,0,0.086,0.0046,73593
1927,134,-4.227,0,11,0,0,0,0,0.085,0.0046,73727
1928,117,-7.511,0,10,0,1,0,0,0.085,0.0046,73844
1929,77,-11.344,1,7,0,1,0,0,0.084,0.0046,73921
1930,400,-5.686,0,17,0,0,0,1,0.084,0.0046,74321
1931,114,-2.593,2,5,0,0,0,0,0.083,0.0046,74435
1932,125,-10.242,0,17,0,1,0,0,0.083,0.0046,74560
1933,400,1.023,0,28,1,0,0,1,0.082,0.0045,74960
1934,218,-4.401,1,18,0,0,0,0,0.082,0.0045,75178
1935,232,-13.139,1,8,0,1,0,0,0.081,0.0045,75410
1936,214,-1.922,2,9,0,0,0,0,0.081,0.0045,75624
1937,327,-10.428,1,21,0,1,0,0,0.08,0.0045,75951
1938,400,-2.53,0,23,0,0,1,1,0.08,0.0045,76351
1939,330,-7.568,0,14,0,0,0,0,0.079,0.0045,76681
1940,147,-1.74,1,14,0,0,0,0,0.079,0.0045,76828
1941,189,-10.657,1,15,0,1,0,0,0.079,0.0045,77017
1942,400,-0.731,1,17,0,0,0,1,0.078,0.0045,77417
1943,124,-5.818,0,18,1,0,0,0,0.078,0.0045,77541
1944,215,-5.453,1,11,1,0,0,0,0.077,0.0045,77756
1945,191,-7.365,0,10,0,0,0,0,0.077,0.0044,77947
1946,400,-4.073,1,15,0,0,0,1,0.076,0.0044,78347
1947,400,2.014,1,29,0,0,0,1,0.076,0.0044,78747
1948,47,-5.759,0,0,0,0,0,0,0.075,0.0044,78794
1949,138,-9.145,3,13,0,1,0,0,0.075,0.0044,78932
1950,400,0.773,3,20,0,0,0,1,0.074,0.0044,79332
1951,36,-14.407,0,4,0,1,0,0,0.074,0.0044,79368
1952,65,-7.656,0,12,0,1,0,0,0.073,0.0044,79433
1953,113,-12.074,0,10,0,1,0,0,0.073,0.0044,79546
1954,245,-9.603,0,19,0,1,0,0,0.072,0.0044,79791
1955,333,-6.931,0,20,0,0,0,0,0.072,0.0044,80124
1956,292,-4.671,2,20,0,0,0,0,0.071,0.0044,80416
1957,309,-4.032,0,34,0,0,0,0,0.071,0.0044,80725
1958,400,-0.41,1,18,0,0,0,1,0.07,0.0043,81125
1959,400,-0.594,2,19,0,0,0,1,0.07,0.0043,81525
1960,304,-4.635,3,18,2,0,0,0,0.069,0.0043,81829
1961,214,-4.468,2,11,0,0,0,0,0.069,0.0043,82043
1962,204,-11.784,0,11,0,1,0,0,0.069,0.0043,82247
1963,400,-2.963,0,13,0,0,0,1,0.068,0.0043,82647
1964,190,-13.27,0,10,0,1,0,0,0.068,0.0043,82837
1965,158,-8.888,0,2,0,0,0,0,0.067,0.0043,82995
1966,181,-5.882,0,10,0,0,0,0,0.067,0.0043,83176
1967,400,-4.713,3,8,0,0,0,1,0.066,0.0043,83576
1968,149,-6.573,0,4,0,0,0,0,0.066,0.0043,83725
1969,393,-4.961,0,31,2,0,0,0,0.065,0.0043,84118
1970,115,-7.931,0,0,0,0,0,0,0.065,0.0042,84233
1971,219,-8.52,1,4,1,1,1,0,0.064,0.0042,84452
1972,400,2.481,0,22,0,0,1,1,0.064,0.0042,84852
1973,184,-7.23,0,8,0,0,0,0,0.063,0.0042,85036
1974,274,-4.129,1,21,0,0,0,0,0.063,0.0042,85310
1975,266,-11.193,0,26,0,1,0,0,0.062,0.0042,85576
1976,208,-9.566,2,13,0,1,0,0,0.062,0.0042,85784
1977,400,0.49,3,23,0,0,0,1,0.061,0.0042,86184
1978,139,-12.97,0,3,0,1,0,0,0.061,0.0042,86323
1979,400,-1.411,2,15,0,0,0,1,0.06,0.0042,86723
1980,375,-3.586,2,26,0,0,0,0,0.06,0.0042,87098
1981,115,-4.248,0,11,0,0,0,0,0.06,0.0042,87213
1982,5,-13.06,0,4,0,1,0,0,0.059,0.0042,87218
1983,400,-5.613,0,9,1,0,0,1,0.059,0.0041,87618
1984,173,-2.358,1,11,1,0,0,0,0.058,0.0041,87791
1985,355,-9.983,0,18,1,0,0,0,0.058,0.0041,88146
1986,66,-9.687,0,3,0,1,0,0,0.057,0.0041,88212
1987,357,-4.541,3,17,1,0,0,0,0.057,0.0041,88569
1988,324,-2.613,0,19,0,0,0,0,0.056,0.0041,88893
1989,301,-5.726,3,21,1,0,0,0,0.056,0.0041,89194
1990,400,-7.53,2,13,0,0,0,1,0.055,0.0041,89594
1991,400,-3.755,0,18,1,0,0,1,0.055,0.0041,89994
1992,218,-10.388,0,3,0,0,0,0,0.054,0.0041,90212
1993,150,-12.572,0,6,0,1,0,0,0.054,0.0041,90362
1994,152,-13.043,0,11,0,1,0,0,0.053,0.0041,90514
1995,64,-11.39,0,2,0,1,0,0,0.053,0.004,90578
1996,313,-5.064,0,22,1,0,0,0,0.052,0.004,90891
1997,351,-6.577,0,12,1,0,0,0,0.052,0.004,91242
1998,278,-5.736,2,16,0,0,0,0,0.051,0.004,91520
1999,200,-10.529,1,16,0,1,0,0,0.051,0.004,91720
2000,400,-0.835,2,24,0,0,0,1,0.05,0.004,92120
2001,371,-6.089,1,10,2,0,1,0,0.05,0.004,92491
2002,274,-4.0,1,16,0,0,0,0,0.05,0.004,92765
2003,139,-13.114,0,6,0,1,0,0,0.05,0.004,92904
2004,220,-4.538,0,18,0,0,0,0,0.05,0.004,93124
2005,400,-2.42,1,11,0,0,0,1,0.05,0.004,93524
2006,84,-10.844,0,3,0,1,0,0,0.05,0.004,93608
2007,400,2.906,1,17,0,0,1,1,0.05,0.004,94008
2008,400,0.313,2,15,0,0,0,1,0.05,0.004,94408
2009,257,-7.951,0,12,0,0,0,0,0.05,0.004,94665
2010,52,-5.843,0,0,0,0,0,0,0.05,0.004,94717
2011,110,-9.455,0,14,0,1,0,0,0.05,0.004,94827
2012,192,-2.956,1,13,0,0,0,0,0.05,0.004,95019
2013,86,-3.509,2,18,0,1,0,0,0.05,0.004,95105
2014,400,-6.519,0,19,3,0,0,1,0.05,0.004,95505
2015,389,-8.535,1,13,0,0,0,0,0.05,0.004,95894
2016,400,-3.343,0,13,0,0,0,1,0.05,0.004,96294
2017,400,-10.356,0,8,0,0,0,1,0.05,0.004,96694
2018,352,-5.76,2,20,0,1,0,0,0.05,0.004,97046
2019,217,-10.6,0,4,1,0,0,0,0.05,0.004,97263
2020,400,-4.204,1,18,0,0,0,1,0.05,0.004,97663
2021,95,-8.996,0,14,0,1,0,0,0.05,0.004,97758
2022,341,-2.868,3,17,0,0,0,0,0.05,0.004,98099
2023,331,-15.005,0,25,0,1,0,0,0.05,0.004,98430
2024,370,-4.664,1,30,0,0,0,0,0.05,0.004,98800
2025,25,-9.623,0,3,0,1,0,0,0.05,0.004,98825
2026,373,-10.745,1,13,0,0,0,0,0.05,0.004,99198
2027,7,-11.454,0,4,0,1,0,0,0.05,0.004,99205
2028,152,-4.261,0,10,0,0,0,0,0.05,0.004,99357
2029,400,-5.983,1,25,0,0,0,1,0.05,0.004,99757
2030,196,-3.674,3,10,0,0,0,0,0.05,0.004,99953
2031,264,-10.091,0,9,1,1,0,0,0.05,0.004,100217
2032,400,3.409,2,29,0,0,1,1,0.05,0.004,100617
2033,95,-15.852,0,3,0,1,0,0,0.05,0.004,100712
2034,400,-3.497,0,17,0,0,0,1,0.05,0.004,101112
2035,146,-5.542,1,7,0,0,0,0,0.05,0.004,101258
2036,400,-1.977,1,31,0,0,0,1,0.05,0.004,101658
2037,189,-5.237,1,17,1,0,0,0,0.05,0.004,101847
2038,162,-14.662,1,5,0,1,0,0,0.05,0.004,102009
2039,378,-8.315,1,20,0,0,0,0,0.05,0.004,102387
2040,300,-9.949,0,6,0,0,0,0,0.05,0.004,102687
2041,106,-5.046,0,9,0,0,0,0,0.05,0.004,102793
2042,336,-4.426,2,18,0,0,0,0,0.05,0.004,103129
2043,400,-8.375,0,15,1,0,0,1,0.05,0.004,103529
2044,195,-5.606,0,10,1,0,0,0,0.05,0.004,103724
2045,185,-12.868,1,8,0,1,0,0,0.05,0.004,103909
2046,144,-10.384,0,6,0,1,0,0,0.05,0.004,104053
2047,400,-4.083,1,27,2,0,0,1,0.05,0.004,104453
2048,88,-9.667,0,7,0,1,0,0,0.05,0.004,104541
2049,216,-4.093,1,15,0,0,0,0,0.05,0.004,104757
2050,323,-13.128,0,17,0,1,0,0,0.05,0.004,105080
2051,400,-4.318,1,11,0,0,0,1,0.05,0.004,105480
2052,227,-9.35,0,11,0,1,0,0,0.05,0.004,105707
2053,212,-4.928,0,14,0,0,0,0,0.05,0.004,105919
2054,400,-0.473,1,23,0,0,1,1,0.05,0.004,106319
2055,400,-4.476,2,12,0,0,0,1,0.05,0.004,106719
2056,235,-7.808,2,8,0,0,0,0,0.05,0.004,106954
2057,400,-5.281,1,9,0,0,0,1,0.05,0.004,107354
2058,189,-13.959,0,11,1,1,0,0,0.05,0.004,107543
2059,54,-5.364,0,3,0,0,0,0,0.05,0.004,107597
2060,400,4.212,1,28,1,0,1,1,0.05,0.004,107997
2061,277,-9.353,0,7,0,0,0,0,0.05,0.004,108274
2062,244,-4.588,1,20,0,0,0,0,0.05,0.004,108518
2063,155,-10.306,0,11,0,1,0,0,0.05,0.004,108673
2064,400,-5.956,0,13,0,0,0,1,0.05,0.004,109073
2065,369,-2.601,2,17,0,0,1,0,0.05,0.004,109442
2066,332,-3.106,1,14,0,0,1,0,0.05,0.004,109774
2067,233,-16.701,0,10,0,1,0,0,0.05,0.004,110007
2068,400,-8.325,0,7,0,0,0,1,0.05,0.004,110407
2069,38,-5.239,0,0,0,0,0,0,0.05,0.004,110445
2070,259,-9.725,1,14,0,1,0,0,0.05,0.004,110704
2071,400,-3.476,0,15,0,0,0,1,0.05,0.004,111104
2072,400,-4.99,0,10,0,0,0,1,0.05,0.004,111504
2073,338,-5.792,1,21,0,0,0,0,0.05,0.004,111842
2074,249,-0.19,1,10,0,0,1,0,0.05,0.004,112091
2075,120,-3.574,0,16,0,1,1,0,0.05,0.004,112211
2076,400,3.705,1,26,1,0,1,1,0.05,0.004,112611
2077,155,-7.916,1,16,0,1,0,0,0.05,0.004,112766
2078,204,-11.514,0,9,0,1,0,0,0.05,0.004,112970
2079,317,-7.678,1,13,0,1,1,0,0.05,0.004,113287
2080,208,-2.347,2,24,0,0,0,0,0.05,0.004,113495
2081,400,-8.025,0,12,0,0,0,0,0.05,0.004,113895
2082,319,-10.126,1,10,0,0,0,0,0.05,0.004,114214
2083,318,0.374,0,34,2,0,1,0,0.05,0.004,114532
2084,400,-6.229,0,13,0,0,0,1,0.05,0.004,114932
2085,354,-10.444,0,16,1,0,0,0,0.05,0.004,115286
2086,133,-8.044,2,9,0,1,0,0,0.05,0.004,115419
2087,96,-12.317,0,3,0,1,0,0,0.05,0.004,115515
2088,113,-4.34,0,7,0,0,0,0,0.05,0.004,115628
2089,134,-7.833,0,5,0,0,0,0,0.05,0.004,115762
2090,363,-13.184,0,20,0,1,0,0,0.05,0.004,116125
2091,385,-13.501,0,13,0,1,0,0,0.05,0.004,116510
2092,178,-8.651,1,9,0,1,0,0,0.05,0.004,116688
2093,43,-13.149,0,5,0,1,0,0,0.05,0.004,116731
2094,312,-16.046,0,4,0,1,0,0,0.05,0.004,117043
2095,400,-3.557,0,17,0,0,0,1,0.05,0.004,117443
2096,44,-4.749,0,1,0,0,0,0,0.05,0.004,117487
2097,63,-13.433,0,6,0,1,0,0,0.05,0.004,117550
2098,400,-2.777,1,14,1,0,0,1,0.05,0.004,117950
2099,270,-3.69,1,11,1,0,0,0,0.05,0.004,118220
2100,400,-3.972,2,20,0,0,0,1,0.05,0.004,118620
2101,205,-7.393,1,7,0,0,0,0,0.05,0.004,118825
2102,400,-3.679,0,20,0,0,0,1,0.05,0.004,119225
2103,229,-8.45,0,10,0,0,0,0,0.05,0.004,119454
2104,60,-6.214,0,0,0,0,0,0,0.05,0.004,119514
2105,323,-5.535,2,25,0,1,0,0,0.05,0.004,119837
2106,276,-17.41,1,18,0,1,0,0,0.05,0.004,120113
2107,400,-10.731,0,7,1,0,0,1,0.05,0.004,120513
2108,109,-7.295,0,1,0,0,0,0,0.05,0.004,120622
2109,357,-7.611,2,13,0,0,0,0,0.05,0.004,120979
2110,326,-8.368,1,16,0,0,0,0,0.05,0.004,121305
2111,400,-1.869,0,21,0,0,0,1,0.05,0.004,121705
2112,311,-7.392,1,17,0,1,1,0,0.05,0.004,122016
2113,328,-13.27,0,7,1,1,1,0,0.05,0.004,122344
2114,293,-7.833,0,7,1,0,0,0,0.05,0.004,122637
2115,265,-11.645,0,18,0,1,0,0,0.05,0.004,122902
2116,400,5.191,2,18,0,0,1,1,0.05,0.004,123302
2117,356,-7.756,0,16,0,0,0,0,0.05,0.004,123658
2118,400,-4.871,1,14,0,0,0,1,0.05,0.004,124058
2119,119,-14.77,0,5,0,1,0,0,0.05,0.004,124177
2120,176,-6.391,0,6,0,0,0,0,0.05,0.004,124353
2121,244,-8.63,0,11,0,0,0,0,0.05,0.004,124597
2122,400,-9.14,0,8,1,0,0,1,0.05,0.004,124997
2123,78,-10.035,0,6,0,1,0,0,0.05,0.004,125075
2124,400,1.771,0,17,0,0,1,1,0.05,0.004,125475
2125,267,-2.491,1,15,0,0,0,0,0.05,0.004,125742
2126,400,-7.626,0,16,0,0,0,1,0.05,0.004,126142
2127,127,-7.293,0,0,0,0,0,0,0.05,0.004,126269
2128,312,-14.211,0,11,0,1,0,0,0.05,0.004,126581
2129,400,-3.38,1,6,0,0,1,1,0.05,0.004,126981
2130,294,-4.946,1,32,0,1,1,0,0.05,0.004,127275
2131,135,-5.211,0,13,0,0,0,0,0.05,0.004,127410
2132,275,-7.068,0,10,0,0,0,0,0.05,0.004,127685
2133,400,-5.756,0,14,0,0,0,1,0.05,0.004,128085
2134,247,-13.099,1,10,0,1,0,0,0.05,0.004,128332
2135,365,-16.306,1,6,0,1,0,0,0.05,0.004,128697
2136,400,-2.853,1,24,0,0,0,1,0.05,0.004,129097
2137,400,4.322,3,32,0,0,1,1,0.05,0.004,129497
2138,400,-6.105,0,16,0,0,0,1,0.05,0.004,129897
2139,400,-1.096,1,6,0,0,1,1,0.05,0.004,130297
2140,400,-3.199,0,19,1,0,0,1,0.05,0.004,130697
2141,269,-8.862,0,6,0,0,0,0,0.05,0.004,130966
2142,400,-3.503,1,19,0,0,0,1,0.05,0.004,131366
2143,400,-3.712,1,20,0,0,0,1,0.05,0.004,131766
2144,353,-11.624,1,22,0,1,0,0,0.05,0.004,132119
2145,84,-12.724,0,7,0,1,0,0,0.05,0.004,132203
2146,370,-13.158,2,16,0,1,0,0,0.05,0.004,132573
2147,400,-5.782,1,5,1,0,0,1,0.05,0.004,132973
2148,400,-5.114,0,15,0,0,0,1,0.05,0.004,133373
2149,189,-12.768,0,4,0,1,0,0,0.05,0.004,133562
2150,159,-3.231,1,9,0,0,0,0,0.05,0.004,133721
2151,400,-2.055,1,13,0,0,1,1,0.05,0.004,134121
2152,400,-4.026,0,24,0,0,0,1,0.05,0.004,134521
2153,400,-2.531,4,8,0,0,0,1,0.05,0.004,134921
2154,400,-4.269,1,13,0,0,0,1,0.05,0.004,135321
2155,5,-13.111,0,4,0,1,0,0,0.05,0.004,135326
2156,328,-7.604,1,17,0,0,0,0,0.05,0.004,135654
2157,252,-8.405,2,23,0,1,0,0,0.05,0.004,135906
2158,232,-6.86,0,11,0,0,0,0,0.05,0.004,136138
2159,193,-10.405,1,18,0,1,0,0,0.05,0.004,136331
2160,400,-0.046,1,24,0,0,0,1,0.05,0.004,136731
2161,74,-10.368,1,9,0,1,0,0,0.05,0.004,136805
2162,400,-6.545,0,12,0,0,0,1,0.05,0.004,137205
2163,400,1.88,1,21,0,0,1,1,0.05,0.004,137605
2164,74,-3.144,1,6,1,0,0,0,0.05,0.004,137679
2165,155,-6.096,0,9,0,0,0,0,0.05,0.004,137834
2166,184,0.024,2,12,0,0,1,0,0.05,0.004,138018
2167,400,-0.432,1,24,0,0,0,1,0.05,0.004,138418
2168,275,-7.355,0,15,0,0,0,0,0.05,0.004,138693
2169,400,-2.209,1,12,0,0,0,1,0.05,0.004,139093
2170,334,-16.086,0,14,0,1,0,0,0.05,0.004,139427
2171,103,-8.536,0,6,0,1,0,0,0.05,0.004,139530
2172,400,3.635,2,13,0,0,1,1,0.05,0.004,139930
2173,8,-9.585,0,2,0,1,0,0,0.05,0.004,139938
2174,400,1.891,0,13,0,0,1,1,0.05,0.004,140338
2175,400,-7.233,0,10,0,0,0,1,0.05,0.004,140738
2176,400,-0.274,1,25,0,0,0,1,0.05,0.004,141138
2177,400,2.33,0,22,0,0,1,1,0.05,0.004,141538
2178,248,-14.245,1,14,2,1,0,0,0.05,0.004,141786
2179,400,-6.682,0,9,0,0,0,1,0.05,0.004,142186
2180,400,-1.787,1,11,0,0,0,1,0.05,0.004,142586
2181,400,1.808,1,19,0,0,1,1,0.05,0.004,142986
2182,78,-11.807,0,3,0,1,0,0,0.05,0.004,143064
2183,273,-11.731,0,6,0,0,0,0,0.05,0.004,143337
2184,125,-11.676,0,6,0,1,0,0,0.05,0.004,143462
2185,400,-7.954,0,9,1,0,0,1,0.05,0.004,143862
2186,72,-6.792,0,0,0,0,0,0,0.05,0.004,143934
2187,162,-12.052,0,7,0,1,0,0,0.05,0.004,144096
2188,400,-5.447,0,4,0,0,0,1,0.05,0.004,144496
2189,17,-9.423,0,3,0,1,0,0,0.05,0.004,144513
2190,400,-4.882,0,18,1,0,0,1,0.05,0.004,144913
2191,147,-9.449,0,8,0,1,0,0,0.05,0.004,145060
2192,400,-2.814,1,14,0,0,0,1,0.05,0.004,145460
2193,400,-7.892,1,6,0,0,0,1,0.05,0.004,145860
2194,400,6.581,1,22,1,0,1,1,0.05,0.004,146260
2195,23,-14.128,0,3,0,1,0,0,0.05,0.004,146283
2196,260,-8.341,0,11,0,0,0,0,0.05,0.004,146543
2197,400,1.127,0,19,0,0,1,1,0.05,0.004,146943
2198,400,-7.059,0,5,0,0,0,1,0.05,0.004,147343
2199,127,-13.178,0,4,0,1,0,0,0.05,0.004,147470
2200,400,-1.286,1,16,0,0,0,1,0.05,0.004,147870
2201,371,-7.396,1,20,0,0,0,0,0.05,0.004,148241
2202,400,-4.787,0,20,1,0,0,1,0.05,0.004,148641
2203,400,-2.837,0,24,0,0,0,1,0.05,0.004,149041
2204,383,-11.789,1,11,0,0,0,0,0.05,0.004,149424
2205,108,-3.902,0,7,0,0,0,0,0.05,0.004,149532
2206,115,-15.551,0,2,0,1,0,0,0.05,0.004,149647
2207,70,-11.53,0,7,0,1,0,0,0.05,0.004,149717
2208,400,-6.28,0,4,0,0,0,1,0.05,0.004,150117
2209,115,-14.816,0,4,0,1,0,0,0.05,0.004,150232
2210,400,-3.632,0,16,1,0,0,1,0.05,0.004,150632
2211,167,-8.728,0,3,0,0,0,0,0.05,0.004,150799
2212,274,-9.012,0,15,0,0,0,0,0.05,0.004,151073
2213,400,-4.005,0,12,0,0,0,1,0.05,0.004,151473
2214,400,-4.798,0,9,0,0,0,1,0.05,0.004,151873
2215,214,-10.079,0,14,0,1,0,0,0.05,0.004,152087
2216,400,-3.783,1,18,0,0,0,1,0.05,0.004,152487
2217,400,-5.327,1,9,0,0,0,1,0.05,0.004,152887
2218,200,-9.979,0,14,0,1,0,0,0.05,0.004,153087
2219,307,-4.961,1,16,0,0,1,0,0.05,0.004,153394
2220,148,-5.899,1,14,0,1,0,0,0.05,0.004,153542
2221,400,-5.414,0,14,1,0,0,1,0.05,0.004,153942
2222,63,-9.338,0,6,0,1,0,0,0.05,0.004,154005
2223,281,-7.586,2,24,0,1,0,0,0.05,0.004,154286
2224,400,-4.583,1,10,0,0,0,1,0.05,0.004,154686
2225,139,-6.759,0,3,0,0,0,0,0.05,0.004,154825
2226,20,-9.982,0,2,0,1,0,0,0.05,0.004,154845
2227,400,-4.913,1,13,0,0,0,1,0.05,0.004,155245
2228,238,-8.525,0,8,1,1,1,0,0.05,0.004,155483
2229,322,-8.662,0,8,0,0,0,0,0.05,0.004,155805
2230,167,-12.963,0,9,0,1,0,0,0.05,0.004,155972
2231,288,-13.071,1,16,0,1,0,0,0.05,0.004,156260
2232,400,-1.665,1,17,0,0,0,1,0.05,0.004,156660
2233,400,-4.443,1,15,0,0,0,1,0.05,0.004,157060
2234,203,-2.27,2,20,0,0,0,0,0.05,0.004,157263
2235,328,-2.834,1,22,0,0,0,0,0.05,0.004,157591
2236,400,0.203,1,19,0,0,1,1,0.05,0.004,157991
2237,99,-12.308,0,2,0,1,0,0,0.05,0.004,158090
2238,400,-2.294,0,17,0,0,0,1,0.05,0.004,158490
2239,187,-6.347,0,8,0,0,0,0,0.05,0.004,158677
2240,54,-11.293,0,1,0,1,0,0,0.05,0.004,158731
2241,213,-10.679,0,2,0,0,0,0,0.05,0.004,158944
2242,400,-11.486,0,8,0,0,0,1,0.05,0.004,159344
2243,207,-6.795,0,8,0,0,0,0,0.05,0.004,159551
2244,400,-6.189,1,9,1,0,0,1,0.05,0.004,159951
2245,78,-15.465,0,2,0,1,0,0,0.05,0.004,160029
2246,163,-6.84,0,21,0,1,0,0,0.05,0.004,160192
2247,181,-12.701,0,13,0,1,0,0,0.05,0.004,160373
2248,400,-3.423,0,17,0,0,0,1,0.05,0.004,160773
2249,236,-14.05,1,10,0,1,0,0,0.05,0.004,161009
2250,344,-14.427,1,11,0,1,0,0,0.05,0.004,161353
2251,339,-4.878,1,15,0,0,0,0,0.05,0.004,161692
2252,400,-7.242,1,8,0,0,0,1,0.05,0.004,162092
2253,158,-4.047,1,21,0,1,1,0,0.05,0.004,162250
2254,146,-3.366,1,11,0,0,0,0,0.05,0.004,162396
2255,400,-3.592,0,24,0,0,0,1,0.05,0.004,162796
2256,256,-15.829,1,14,0,1,0,0,0.05,0.004,163052
2257,400,-4.187,0,20,1,0,0,1,0.05,0.004,163452
2258,305,-0.683,4,22,0,0,0,0,0.05,0.004,163757
2259,400,-5.73,1,14,0,0,0,1,0.05,0.004,164157
2260,228,-15.749,0,10,0,1,0,0,0.05,0.004,164385
2261,138,-3.025,2,19,0,1,0,0,0.05,0.004,164523
2262,400,-6.618,0,10,1,0,0,1,0.05,0.004,164923
2263,400,1.226,2,19,0,0,0,1,0.05,0.004,165323
2264,103,-12.513,0,15,0,1,0,0,0.05,0.004,165426
2265,91,-10.99,0,3,0,1,0,0,0.05,0.004,165517
2266,134,-13.051,1,2,0,1,0,0,0.05,0.004,165651
2267,400,-1.205,1,18,0,0,0,1,0.05,0.004,166051
2268,336,-10.404,1,7,0,0,0,0,0.05,0.004,166387
2269,225,-8.209,1,4,0,0,0,0,0.05,0.004,166612
2270,398,-16.37,0,5,0,0,0,0,0.05,0.004,167010
2271,137,-13.276,1,9,0,1,0,0,0.05,0.004,167147
2272,20,-12.687,0,2,0,1,0,0,0.05,0.004,167167
2273,365,-7.617,1,18,0,0,0,0,0.05,0.004,167532
2274,96,-10.43,0,15,0,1,0,0,0.05,0.004,167628
2275,49,-5.927,0,0,0,0,0,0,0.05,0.004,167677
2276,210,-12.716,0,14,0,1,0,0,0.05,0.004,167887
2277,400,6.531,2,47,0,0,1,1,0.05,0.004,168287
2278,313,-15.282,1,12,0,1,0,0,0.05,0.004,168600
2279,355,-14.424,0,8,1,0,0,0,0.05,0.004,168955
2280,287,3.057,2,28,0,0,1,0,0.05,0.004,169242
2281,400,2.765,1,19,0,0,1,1,0.05,0.004,169642
2282,195,-13.159,0,6,0,1,0,0,0.05,0.004,169837
2283,392,-7.289,2,14,0,0,0,0,0.05,0.004,170229
2284,174,-7.975,1,6,2,0,0,0,0.05,0.004,170403
2285,300,-8.703,0,15,0,0,0,0,0.05,0.004,170703
2286,400,-8.466,0,7,0,0,0,1,0.05,0.004,171103
2287,319,-11.17,0,13,1,1,0,0,0.05,0.004,171422
2288,70,-4.861,0,5,0,0,0,0,0.05,0.004,171492
2289,166,-10.173,0,17,0,1,0,0,0.05,0.004,171658
2290,44,-9.529,0,5,0,1,0,0,0.05,0.004,171702
2291,400,-3.259,0,19,0,0,0,1,0.05,0.004,172102
2292,28,-9.699,0,6,0,1,0,0,0.05,0.004,172130
2293,197,-11.248,0,15,0,1,0,0,0.05,0.004,172327
2294,400,-0.416,0,21,0,0,0,1,0.05,0.004,172727
2295,72,-11.454,0,3,0,1,0,0,0.05,0.004,172799
2296,250,-11.805,1,8,0,1,0,0,0.05,0.004,173049
2297,400,-6.633,0,7,0,0,0,1,0.05,0.004,173449
2298,400,-8.924,0,16,0,0,0,1,0.05,0.004,173849
2299,244,-3.86,1,26,0,1,1,0,0.05,0.004,174093
2300,342,-4.874,2,19,0,0,0,0,0.05,0.004,174435
2301,72,-3.663,0,6,0,0,0,0,0.05,0.004,174507
2302,330,-9.802,0,28,1,1,0,0,0.05,0.004,174837
2303,54,-5.194,0,3,0,0,0,0,0.05,0.004,174891
2304,400,-4.826,1,22,0,0,0,1,0.05,0.004,175291
2305,400,-3.658,1,19,0,0,0,1,0.05,0.004,175691
2306,120,-5.845,0,9,0,0,0,0,0.05,0.004,175811
2307,23,-10.087,0,2,0,1,0,0,0.05,0.004,175834
2308,400,-5.86,0,14,0,0,0,1,0.05,0.004,176234
2309,67,-8.655,0,6,0,1,0,0,0.05,0.004,176301
2310,45,-10.758,0,3,0,1,0,0,0.05,0.004,176346
2311,167,-13.751,0,5,0,1,0,0,0.05,0.004,176513
2312,297,-6.699,1,20,0,0,0,0,0.05,0.004,176810
2313,198,-9.308,0,0,0,0,0,0,0.05,0.004,177008
2314,320,-5.261,2,26,0,0,0,0,0.05,0.004,177328
2315,400,-5.509,1,12,0,0,0,1,0.05,0.004,177728
2316,225,-13.987,0,8,0,1,0,0,0.05,0.004,177953
2317,190,-8.218,1,22,0,1,0,0,0.05,0.004,178143
2318,400,-3.143,2,10,0,0,0,1,0.05,0.004,178543
2319,159,-12.066,0,4,0,1,0,0,0.05,0.004,178702
2320,400,1.282,0,16,0,0,1,1,0.05,0.004,179102
2321,400,-7.515,0,16,0,0,0,1,0.05,0.004,179502
2322,74,-10.26,0,5,0,1,0,0,0.05,0.004,179576
2323,257,-7.888,0,6,0,0,0,0,0.05,0.004,179833
2324,400,-4.433,0,17,0,0,0,1,0.05,0.004,180233
2325,400,-4.832,0,19,0,0,0,1,0.05,0.004,180633
2326,118,-7.603,0,3,0,0,0,0,0.05,0.004,180751
2327,400,0.402,2,26,0,0,1,1,0.05,0.004,181151
2328,400,-4.542,0,18,0,0,0,1,0.05,0.004,181551
2329,328,-6.809,1,10,0,0,0,0,0.05,0.004,181879
2330,310,-6.259,1,17,0,0,0,0,0.05,0.004,182189
2331,230,-4.322,0,13,0,0,0,0,0.05,0.004,182419
2332,304,-6.282,3,9,0,0,0,0,0.05,0.004,182723
2333,5,-13.287,0,2,0,1,0,0,0.05,0.004,182728
2334,47,-10.067,0,5,0,1,0,0,0.05,0.004,182775
2335,257,-9.437,0,6,0,0,0,0,0.05,0.004,183032
2336,6,-9.392,0,3,0,1,0,0,0.05,0.004,183038
2337,62,-12.63,0,5,0,1,0,0,0.05,0.004,183100
2338,400,-3.556,0,19,0,0,0,1,0.05,0.004,183500
2339,400,-3.741,0,15,0,0,0,1,0.05,0.004,183900
2340,58,-14.913,0,2,0,1,0,0,0.05,0.004,183958
2341,400,-1.398,0,10,0,0,1,1,0.05,0.004,184358
2342,46,-14.505,0,4,0,1,0,0,0.05,0.004,184404
2343,148,-13.213,0,7,1,1,0,0,0.05,0.004,184552
2344,217,-16.484,0,4,0,1,0,0,0.05,0.004,184769
2345,199,-0.906,3,14,0,0,0,0,0.05,0.004,184968
2346,276,-14.342,1,9,0,1,0,0,0.05,0.004,185244
2347,56,-10.342,0,2,0,1,0,0,0.05,0.004,185300
2348,177,-6.276,0,8,1,0,0,0,0.05,0.004,185477
2349,400,0.488,2,26,0,0,0,1,0.05,0.004,185877
2350,50,-13.19,0,6,0,1,0,0,0.05,0.004,185927
2351,7,-9.08,0,3,0,1,0,0,0.05,0.004,185934
2352,52,-2.917,0,6,0,0,0,0,0.05,0.004,185986
2353,345,-14.291,0,14,0,1,0,0,0.05,0.004,186331
2354,400,-9.148,0,7,0,0,0,1,0.05,0.004,186731
2355,220,-7.84,0,7,0,0,0,0,0.05,0.004,186951
2356,124,-5.126,1,7,0,0,0,0,0.05,0.004,187075
2357,400,-0.75,3,24,0,0,0,1,0.05,0.004,187475
2358,400,-4.016,1,10,0,0,0,1,0.05,0.004,187875
2359,47,-10.777,0,2,0,1,0,0,0.05,0.004,187922
2360,58,-7.894,0,9,0,1,0,0,0.05,0.004,187980
2361,400,-0.035,0,18,1,0,1,1,0.05,0.004,188380
2362,347,-7.303,0,14,0,0,0,0,0.05,0.004,188727
2363,400,-3.812,0,18,0,0,0,1,0.05,0.004,189127
2364,341,-11.401,0,18,0,1,0,0,0.05,0.004,189468
2365,150,-7.104,1,6,1,0,0,0,0.05,0.004,189618
2366,400,-3.979,1,17,0,0,0,1,0.05,0.004,190018
2367,400,6.76,3,17,0,0,1,1,0.05,0.004,190418
2368,362,-10.65,1,10,0,0,0,0,0.05,0.004,190780
2369,183,-14.622,1,7,0,1,0,0,0.05,0.004,190963
2370,79,-12.027,0,2,0,1,0,0,0.05,0.004,191042
2371,89,-10.764,0,10,1,1,0,0,0.05,0.004,191131
2372,210,-9.507,1,6,0,0,0,0,0.05,0.004,191341
2373,118,-15.033,0,4,0,1,0,0,0.05,0.004,191459
2374,400,-5.572,1,23,0,0,0,1,0.05,0.004,191859
2375,192,-3.961,1,8,0,0,0,0,0.05,0.004,192051
2376,104,-14.562,0,5,0,1,0,0,0.05,0.004,192155
2377,148,-12.128,0,6,0,1,0,0,0.05,0.004,192303
2378,248,-2.279,1,15,1,0,0,0,0.05,0.004,192551
2379,107,-4.532,0,9,1,0,0,0,0.05,0.004,192658
2380,120,-13.55,0,7,0,1,0,0,0.05,0.004,192778
2381,397,-13.565,2,10,0,1,0,0,0.05,0.004,193175
2382,52,-14.649,0,3,0,1,0,0,0.05,0.004,193227
2383,400,-3.023,0,21,0,0,0,1,0.05,0.004,193627
2384,23,-10.608,0,2,0,1,0,0,0.05,0.004,193650
2385,400,-7.936,0,6,0,0,0,1,0.05,0.004,194050
2386,400,-7.46,1,9,0,0,0,1,0.05,0.004,194450
2387,400,-2.335,1,16,0,0,0,1,0.05,0.004,194850
2388,128,-13.626,1,7,0,1,0,0,0.05,0.004,194978
2389,400,-8.081,0,6,0,0,0,1,0.05,0.004,195378
2390,400,-5.861,1,19,0,0,0,1,0.05,0.004,195778
2391,136,-1.579,2,19,0,0,0,0,0.05,0.004,195914
2392,400,-2.044,4,11,0,0,0,1,0.05,0.004,196314
2393,154,-5.977,0,5,0,0,0,0,0.05,0.004,196468
2394,119,-13.494,0,9,0,1,0,0,0.05,0.004,196587
2395,400,-1.6,0,23,0,0,0,1,0.05,0.004,196987
2396,400,0.081,0,29,0,0,0,1,0.05,0.004,197387
2397,103,-9.701,0,10,0,1,0,0,0.05,0.004,197490
2398,106,-10.983,1,10,0,1,0,0,0.05,0.004,197596
2399,265,-10.193,0,17,0,1,0,0,0.05,0.004,197861
2400,400,-7.031,0,14,0,0,0,1,0.05,0.004,198261
2401,400,-4.258,0,10,0,0,0,1,0.05,0.004,198661
2402,400,-4.143,1,10,0,0,0,1,0.05,0.004,199061
2403,282,-12.251,0,16,1,1,0,0,0.05,0.004,199343
2404,400,-1.483,1,13,0,0,0,1,0.05,0.004,199743
2405,400,-4.396,1,18,1,0,0,1,0.05,0.004,200000
2406,120,-6.327,0,7,0,0,0,0,0.05,0.004,200000
2407,400,-10.048,0,7,0,0,0,1,0.05,0.004,200000
2408,90,-11.942,0,3,0,1,0,0,0.05,0.004,200000
2409,196,-4.634,1,15,0,0,0,0,0.05,0.004,200000
2410,400,2.546,1,24,0,0,1,1,0.05,0.004,200000
2411,126,-8.424,0,0,0,0,0,0,0.05,0.004,200000
2412,216,-12.088,0,12,0,1,0,0,0.05,0.004,200000
2413,358,-7.559,1,16,0,0,0,0,0.05,0.004,200000
2414,400,-3.375,0,10,0,0,0,1,0.05,0.004,200000
2415,28,-9.933,0,4,0,1,0,0,0.05,0.004,200000
2416,136,-11.767,1,11,0,1,0,0,0.05,0.004,200000
2417,400,-6.167,0,15,0,0,0,1,0.05,0.004,200000
2418,400,-7.049,0,6,0,0,0,1,0.05,0.004,200000
2419,400,-1.34,1,17,0,0,0,1,0.05,0.004,200000
2420,55,-11.002,0,3,0,1,0,0,0.05,0.004,200000
2421,400,-4.612,1,10,0,0,0,1,0.05,0.004,200000
2422,400,-7.897,2,13,0,0,0,1,0.05,0.004,200000
2423,400,1.144,1,15,0,0,0,1,0.05,0.004,200000
2424,176,-10.48,0,15,0,1,0,0,0.05,0.004,200000
2425,400,-3.928,0,13,0,0,0,1,0.05,0.004,200000
2426,88,-11.955,0,3,0,1,0,0,0.05,0.004,200000
2427,67,-6.336,0,0,0,0,0,0,0.05,0.004,200000
2428,163,-9.061,1,16,0,1,0,0,0.05,0.004,200000
2429,400,-1.429,3,11,0,0,0,1,0.05,0.004,200000
2430,146,-8.645,0,13,0,1,0,0,0.05,0.004,200000
2431,45,-9.867,0,5,0,1,0,0,0.05,0.004,200000
2432,400,-7.086,0,13,0,0,0,1,0.05,0.004,200000
2433,400,-4.18,2,16,0,0,0,1,0.05,0.004,200000
2434,400,-1.945,1,15,0,0,0,1,0.05,0.004,200000
2435,296,-19.603,0,3,0,1,0,0,0.05,0.004,200000
2436,65,-12.474,0,2,0,1,0,0,0.05,0.004,200000
2437,167,-10.998,1,14,0,1,0,0,0.05,0.004,200000
2438,158,-12.25,0,6,0,1,0,0,0.05,0.004,200000
2439,120,-11.156,0,4,0,1,0,0,0.05,0.004,200000
2440,32,-13.714,0,3,0,1,0,0,0.05,0.004,200000
2441,273,-9.325,1,21,0,1,0,0,0.05,0.004,200000
2442,75,-14.695,0,3,0,1,0,0,0.05,0.004,200000
2443,400,-4.278,0,9,0,0,0,1,0.05,0.004,200000
2444,400,-11.799,0,12,0,0,0,1,0.05,0.004,200000
2445,36,-10.558,0,3,0,1,0,0,0.05,0.004,200000
2446,133,-8.72,1,8,0,1,0,0,0.05,0.004,200000
2447,208,-12.234,0,11,0,1,0,0,0.05,0.004,200000
2448,400,-6.731,0,9,0,0,0,1,0.05,0.004,200000
2449,289,-7.196,1,29,0,1,0,0,0.05,0.004,200000
2450,400,-5.957,1,5,0,0,0,1,0.05,0.004,200000
2451,109,-7.053,0,3,0,0,0,0,0.05,0.004,200000
2452,375,-14.537,0,12,0,1,0,0,0.05,0.004,200000
2453,400,-0.813,2,13,0,0,0,1,0.05,0.004,200000
2454,400,-5.021,0,11,0,0,0,1,0.05,0.004,200000
2455,400,-1.454,1,17,0,0,0,1,0.05,0.004,200000
2456,248,-13.741,0,2,0,1,0,0,0.05,0.004,200000
2457,227,-14.655,1,7,0,1,0,0,0.05,0.004,200000
2458,233,-5.373,0,9,0,0,0,0,0.05,0.004,200000
2459,400,-2.648,0,10,0,0,0,1,0.05,0.004,200000
2460,297,-12.514,0,11,0,1,0,0,0.05,0.004,200000
2461,400,-4.082,1,7,0,0,0,1,0.05,0.004,200000
2462,400,-0.562,0,9,1,0,1,1,0.05,0.004,200000
2463,190,-7.937,1,19,0,1,0,0,0.05,0.004,200000
2464,400,-4.256,0,11,0,0,0,1,0.05,0.004,200000
2465,346,-9.737,3,17,0,1,0,0,0.05,0.004,200000
2466,116,-6.152,0,5,0,0,0,0,0.05,0.004,200000
2467,400,1.815,3,14,0,0,0,1,0.05,0.004,200000
2468,93,-5.252,0,5,0,0,0,0,0.05,0.004,200000
2469,269,-9.645,1,17,0,1,0,0,0.05,0.004,200000
2470,50,-11.465,0,6,0,1,0,0,0.05,0.004,200000
2471,250,-11.286,2,15,0,1,0,0,0.05,0.004,200000
2472,400,-3.144,0,8,0,0,0,1,0.05,0.004,200000
2473,225,-10.164,1,13,0,1,0,0,0.05,0.004,200000
2474,386,-9.367,2,19,0,1,0,0,0.05,0.004,200000
2475,400,-5.465,1,10,0,0,0,1,0.05,0.004,200000
2476,400,1.239,0,18,0,0,0,1,0.05,0.004,200000
2477,171,-8.205,1,16,0,1,0,0,0.05,0.004,200000
2478,400,-1.624,2,17,0,0,0,1,0.05,0.004,200000
2479,400,2.703,1,18,1,0,1,1,0.05,0.004,200000
2480,400,0.604,2,20,0,0,0,1,0.05,0.004,200000
2481,124,-8.598,0,13,0,1,0,0,0.05,0.004,200000
2482,256,-8.565,1,19,0,1,0,0,0.05,0.004,200000
2483,400,-12.801,0,3,0,0,0,1,0.05,0.004,200000
2484,393,-13.423,0,14,0,1,0,0,0.05,0.004,200000
2485,400,-0.421,2,20,0,0,0,1,0.05,0.004,200000
2486,151,-1.637,2,13,0,0,0,0,0.05,0.004,200000
2487,400,0.668,1,27,0,0,0,1,0.05,0.004,200000
2488,289,-4.697,1,28,0,0,0,0,0.05,0.004,200000
2489,287,-6.923,1,11,0,0,0,0,0.05,0.004,200000
2490,131,-7.026,2,13,0,1,0,0,0.05,0.004,200000
2491,37,-9.335,0,6,0,1,0,0,0.05,0.004,200000
2492,135,-14.25,0,2,0,1,0,0,0.05,0.004,200000
2493,400,4.623,0,22,0,0,0,1,0.05,0.004,200000
2494,5,-13.212,0,3,0,1,0,0,0.05,0.004,200000
2495,195,-11.613,1,6,0,1,0,0,0.05,0.004,200000
2496,400,8.23,2,34,0,0,1,1,0.05,0.004,200000
2497,206,-9.517,1,11,1,1,0,0,0.05,0.004,200000
2498,122,-6.719,1,16,0,1,0,0,0.05,0.004,200000
2499,73,-3.936,0,12,0,0,0,0,0.05,0.004,200000
2500,26,-9.243,0,4,0,1,0,0,0.05,0.004,200000
2501,89,-10.811,0,4,0,1,0,0,0.05,0.004,200000
2502,395,-10.312,0,12,1,1,1,0,0.05,0.004,200000
2503,273,-6.444,0,6,0,0,0,0,0.05,0.004,200000
2504,60,-5.183,0,1,0,0,0,0,0.05,0.004,200000
2505,201,-11.726,0,11,0,1,0,0,0.05,0.004,200000
2506,305,-10.624,0,11,0,0,0,0,0.05,0.004,200000
2507,196,-12.143,0,9,0,1,0,0,0.05,0.004,200000
2508,400,-0.689,2,7,0,0,0,1,0.05,0.004,200000
2509,326,-3.808,1,30,0,1,1,0,0.05,0.004,200000
2510,398,-4.588,1,16,0,1,1,0,0.05,0.004,200000
2511,394,-11.682,1,11,0,1,0,0,0.05,0.004,200000
2512,131,-11.292,0,4,0,1,0,0,0.05,0.004,200000
2513,205,-7.988,2,18,1,1,0,0,0.05,0.004,200000
2514,400,-2.623,0,14,0,0,0,1,0.05,0.004,200000
2515,400,5.982,4,26,0,0,0,1,0.05,0.004,200000
2516,400,4.035,2,16,0,0,0,1,0.05,0.004,200000
2517,148,-5.885,1,10,0,1,0,0,0.05,0.004,200000
2518,216,5.068,2,42,0,1,1,0,0.05,0.004,200000
2519,5,-11.525,0,3,0,1,0,0,0.05,0.004,200000
2520,66,-11.213,0,3,0,1,0,0,0.05,0.004,200000
2521,217,-5.64,0,8,0,0,0,0,0.05,0.004,200000
2522,364,-18.127,0,9,0,1,0,0,0.05,0.004,200000
2523,400,3.51,2,8,0,0,1,1,0.05,0.004,200000
2524,93,-3.989,1,8,0,0,0,0,0.05,0.004,200000
2525,400,8.179,2,34,0,0,1,1,0.05,0.004,200000
2526,187,-17.177,0,2,0,1,0,0,0.05,0.004,200000
2527,320,-0.118,3,25,0,1,0,0,0.05,0.004,200000
2528,23,-2.682,1,5,0,0,0,0,0.05,0.004,200000
2529,301,1.97,1,18,0,0,1,0,0.05,0.004,200000
2530,400,2.703,1,10,1,0,1,1,0.05,0.004,200000
2531,298,-1.684,1,22,2,0,0,0,0.05,0.004,200000
2532,400,0.203,0,27,0,0,0,1,0.05,0.004,200000
2533,104,-8.927,0,8,0,1,0,0,0.05,0.004,200000
2534,23,-9.995,1,10,0,1,0,0,0.05,0.004,200000
2535,286,0.34,2,31,0,1,1,0,0.05,0.004,200000
2536,393,-7.469,1,10,1,0,0,0,0.05,0.004,200000
2537,353,-9.299,1,15,0,1,0,0,0.05,0.004,200000
2538,400,6.061,3,34,0,0,0,1,0.05,0.004,200000
2539,400,-0.034,2,21,0,0,0,1,0.05,0.004,200000
2540,400,3.011,1,15,0,0,1,1,0.05,0.004,200000
2541,400,2.93,3,31,0,0,0,1,0.05,0.004,200000
2542,97,-11.479,0,8,0,1,0,0,0.05,0.004,200000
2543,400,3.133,0,21,0,0,0,1,0.05,0.004,200000
2544,252,-12.077,0,11,0,1,0,0,0.05,0.004,200000
2545,375,-13.614,0,13,1,1,0,0,0.05,0.004,200000
2546,47,-13.883,0,1,0,1,0,0,0.05,0.004,200000
2547,38,-2.85,1,3,0,0,0,0,0.05,0.004,200000
2548,31,-11.755,0,7,0,1,0,0,0.05,0.004,200000
2549,362,-8.367,1,15,0,1,0,0,0.05,0.004,200000
2550,27,-9.685,1,9,0,1,0,0,0.05,0.004,200000
2551,400,-3.074,0,7,0,0,0,1,0.05,0.004,200000
2552,59,-5.596,2,9,0,1,0,0,0.05,0.004,200000
2553,39,-5.552,0,0,0,0,0,0,0.05,0.004,200000
2554,229,-3.575,2,32,1,1,0,0,0.05,0.004,200000
2555,307,-4.749,1,34,0,1,0,0,0.05,0.004,200000
2556,400,9.136,2,27,0,0,0,1,0.05,0.004,200000
2557,17,-9.282,0,3,0,1,0,0,0.05,0.004,200000
2558,192,-16.321,0,3,0,1,0,0,0.05,0.004,200000
2559,348,-2.61,1,18,0,1,1,0,0.05,0.004,200000
2560,394,-10.486,0,13,0,1,1,0,0.05,0.004,200000
2561,400,0.459,1,18,0,0,0,1,0.05,0.004,200000
2562,14,-10.807,0,8,0,1,0,0,0.05,0.004,200000
2563,400,9.021,3,19,0,0,1,1,0.05,0.004,200000
2564,400,-3.912,1,15,0,0,0,1,0.05,0.004,200000
2565,332,-6.415,1,20,0,1,1,0,0.05,0.004,200000
2566,150,-10.974,1,11,0,1,0,0,0.05,0.004,200000
2567,185,0.82,2,22,0,0,0,0,0.05,0.004,200000
2568,6,-9.542,0,1,0,1,0,0,0.05,0.004,200000
2569,228,-0.881,0,17,0,0,0,0,0.05,0.004,200000
2570,149,-8.062,0,18,0,1,0,0,0.05,0.004,200000
2571,363,-8.451,1,12,0,0,0,0,0.05,0.004,200000
2572,400,7.26,2,22,1,0,1,1,0.05,0.004,200000
2573,41,-9.789,1,5,0,1,0,0,0.05,0.004,200000
2574,51,-6.369,1,12,0,1,0,0,0.05,0.004,200000
2575,155,-1.077,1,12,0,0,0,0,0.05,0.004,200000
2576,223,-2.749,2,30,0,1,0,0,0.05,0.004,200000
2577,249,-4.527,2,21,0,1,0,0,0.05,0.004,200000
2578,312,-1.192,1,21,0,1,1,0,0.05,0.004,200000
2579,97,-7.182,0,16,0,1,0,0,0.05,0.004,200000
2580,376,-4.278,2,28,0,0,0,0,0.05,0.004,200000
2581,132,-10.107,0,7,0,1,0,0,0.05,0.004,200000
2582,148,-7.311,0,10,0,1,0,0,0.05,0.004,200000
2583,194,-2.122,4,23,0,1,0,0,0.05,0.004,200000
2584,138,-3.674,1,22,0,1,0,0,0.05,0.004,200000
2585,190,0.036,4,34,0,1,0,0,0.05,0.004,200000
2586,400,5.761,5,25,0,0,0,1,0.05,0.004,200000
2587,400,5.148,1,17,0,0,0,1,0.05,0.004,200000
2588,400,-0.129,2,17,0,0,0,1,0.05,0.004,200000
2589,400,12.661,3,36,0,0,1,1,0.05,0.004,200000
2590,400,5.593,3,24,0,0,0,1,0.05,0.004,200000
2591,38,-10.107,0,9,0,1,0,0,0.05,0.004,200000
2592,255,-6.476,3,20,0,1,0,0,0.05,0.004,200000
2593,49,-9.698,0,3,0,1,0,0,0.05,0.004,200000
2594,224,-3.446,1,18,0,0,0,0,0.05,0.004,200000
2595,400,0.977,0,15,0,0,0,1,0.05,0.004,200000
2596,400,1.918,1,24,0,0,0,1,0.05,0.004,200000
2597,400,12.983,2,41,0,0,1,1,0.05,0.004,200000
2598,289,-8.511,1,18,0,1,0,0,0.05,0.004,200000
2599,400,4.447,1,14,0,0,0,1,0.05,0.004,200000
2600,26,-10.256,1,9,0,1,0,0,0.05,0.004,200000
2601,294,-0.155,4,24,0,1,0,0,0.05,0.004,200000
2602,400,12.223,5,43,0,0,0,1,0.05,0.004,200000
2603,227,-1.778,0,17,0,0,0,0,0.05,0.004,200000
2604,400,6.245,2,24,1,0,0,1,0.05,0.004,200000
2605,365,-2.318,1,34,0,1,0,0,0.05,0.004,200000
2606,283,-0.571,1,21,0,1,1,0,0.05,0.004,200000
2607,93,0.162,2,13,0,0,0,0,0.05,0.004,200000
2608,173,-4.194,1,21,0,1,0,0,0.05,0.004,200000
2609,47,-9.844,1,13,0,1,0,0,0.05,0.004,200000
2610,27,-7.498,1,6,0,1,0,0,0.05,0.004,200000
2611,22,-2.019,1,4,0,0,0,0,0.05,0.004,200000
2612,227,-2.255,1,26,0,1,0,0,0.05,0.004,200000
2613,400,8.802,4,28,0,0,0,1,0.05,0.004,200000
2614,15,-10.603,0,10,0,1,0,0,0.05,0.004,200000
2615,400,12.023,2,26,0,0,1,1,0.05,0.004,200000
2616,169,3.101,0,28,0,0,0,0,0.05,0.004,200000
2617,22,-10.473,0,5,0,1,0,0,0.05,0.004,200000
2618,237,-2.772,1,28,0,1,0,0,0.05,0.004,200000
2619,23,-11.259,0,6,0,1,0,0,0.05,0.004,200000
2620,371,-5.375,1,29,0,1,0,0,0.05,0.004,200000
2621,400,11.662,0,38,0,0,1,1,0.05,0.004,200000
2622,116,-2.55,2,8,0,0,0,0,0.05,0.004,200000
2623,164,-4.93,1,26,0,1,0,0,0.05,0.004,200000
2624,225,-6.527,0,19,0,1,0,0,0.05,0.004,200000
2625,16,-8.881,0,4,0,1,0,0,0.05,0.004,200000
2626,201,-0.07,0,25,1,0,0,0,0.05,0.004,200000
2627,280,0.381,0,36,0,0,0,0,0.05,0.004,200000
2628,88,0.857,2,11,0,0,0,0,0.05,0.004,200000
2629,29,-10.013,0,3,0,1,0,0,0.05,0.004,200000
2630,171,7.706,2,21,0,0,1,0,0.05,0.004,200000
2631,247,-0.49,1,20,1,1,1,0,0.05,0.004,200000
2632,55,-6.737,0,10,0,1,0,0,0.05,0.004,200000
2633,83,-7.055,1,12,0,1,0,0,0.05,0.004,200000
2634,400,6.861,3,20,0,0,0,1,0.05,0.004,200000
2635,54,-3.234,0,10,0,0,0,0,0.05,0.004,200000
2636,5,-13.112,0,4,0,1,0,0,0.05,0.004,200000
2637,400,-1.205,0,13,0,0,0,1,0.05,0.004,200000
2638,190,-1.859,2,22,0,1,0,0,0.05,0.004,200000
2639,400,2.87,1,29,1,0,0,1,0.05,0.004,200000
2640,56,-11.601,0,10,0,1,0,0,0.05,0.004,200000
2641,269,-1.977,1,29,0,1,0,0,0.05,0.004,200000
2642,106,-7.11,0,16,0,1,0,0,0.05,0.004,200000
2643,400,3.766,2,30,0,0,0,1,0.05,0.004,200000
2644,275,-7.821,2,27,0,1,0,0,0.05,0.004,200000
2645,400,0.466,1,25,0,0,0,1,0.05,0.004,200000
2646,400,14.347,1,24,0,0,2,1,0.05,0.004,200000
2647,121,-6.195,1,18,1,1,0,0,0.05,0.004,200000
2648,363,-10.72,1,14,0,1,0,0,0.05,0.004,200000
2649,131,-3.228,0,19,0,1,0,0,0.05,0.004,200000
2650,400,10.998,4,33,0,0,0,1,0.05,0.004,200000
2651,364,-6.232,0,9,0,0,0,0,0.05,0.004,200000
2652,400,12.041,3,38,0,0,1,1,0.05,0.004,200000
2653,91,-10.352,0,2,0,1,0,0,0.05,0.004,200000
2654,400,9.616,3,34,0,0,0,1,0.05,0.004,200000
2655,186,-8.597,0,0,0,0,0,0,0.05,0.004,200000
2656,241,-6.725,1,14,0,1,0,0,0.05,0.004,200000
2657,119,-9.5,1,9,0,1,0,0,0.05,0.004,200000
2658,317,-1.423,3,18,0,1,0,0,0.05,0.004,200000
2659,22,-10.01,0,7,0,1,0,0,0.05,0.004,200000
2660,400,4.987,1,23,0,0,0,1,0.05,0.004,200000
2661,59,-8.905,0,6,0,1,0,0,0.05,0.004,200000
2662,57,-13.478,0,3,0,1,0,0,0.05,0.004,200000
2663,205,-5.763,0,12,0,1,0,0,0.05,0.004,200000
2664,163,-10.153,0,9,0,1,0,0,0.05,0.004,200000
2665,128,-0.138,0,17,0,0,0,0,0.05,0.004,200000
2666,259,0.663,5,17,0,0,0,0,0.05,0.004,200000
2667,94,2.322,3,21,1,0,0,0,0.05,0.004,200000
2668,289,-1.097,0,17,0,0,0,0,0.05,0.004,200000
2669,193,-2.883,1,18,0,0,0,0,0.05,0.004,200000
2670,359,2.352,2,26,0,0,0,0,0.05,0.004,200000
2671,91,-2.925,0,8,0,0,0,0,0.05,0.004,200000
2672,238,2.216,4,24,2,0,0,0,0.05,0.004,200000
2673,82,-9.085,1,10,0,1,0,0,0.05,0.004,200000
2674,186,-11.83,0,15,0,1,0,0,0.05,0.004,200000
2675,400,9.9,1,26,1,0,1,1,0.05,0.004,200000
2676,400,-1.502,1,19,0,0,0,1,0.05,0.004,200000
2677,351,-12.381,0,10,0,1,0,0,0.05,0.004,200000
2678,58,-7.918,0,11,0,1,0,0,0.05,0.004,200000
2679,303,5.019,3,40,0,0,0,0,0.05,0.004,200000
2680,93,-0.335,1,11,0,0,0,0,0.05,0.004,200000
2681,400,-1.722,2,16,0,0,0,1,0.05,0.004,200000
2682,163,-12.363,0,7,0,1,0,0,0.05,0.004,200000
2683,112,-4.311,1,20,0,1,0,0,0.05,0.004,200000
2684,329,-6.407,1,28,1,1,0,0,0.05,0.004,200000
2685,36,-12.672,0,3,0,1,0,0,0.05,0.004,200000
2686,171,-6.08,1,15,0,1,0,0,0.05,0.004,200000
2687,400,11.067,1,28,0,0,1,1,0.05,0.004,200000
2688,75,-13.117,0,4,0,1,0,0,0.05,0.004,200000
2689,400,10.47,3,36,0,0,0,1,0.05,0.004,200000
2690,40,-8.668,0,12,0,1,0,0,0.05,0.004,200000
2691,36,-10.012,0,12,0,1,0,0,0.05,0.004,200000
2692,213,-4.056,1,19,0,1,0,0,0.05,0.004,200000
2693,311,0.286,3,40,0,1,0,0,0.05,0.004,200000
2694,90,-8.906,0,8,0,1,0,0,0.05,0.004,200000
2695,54,-2.271,0,12,0,0,0,0,0.05,0.004,200000
2696,54,-11.043,0,8,0,1,0,0,0.05,0.004,200000
2697,400,9.366,5,31,0,0,0,1,0.05,0.004,200000
2698,295,-2.734,2,21,0,1,0,0,0.05,0.004,200000
2699,139,2.556,2,28,0,0,0,0,0.05,0.004,200000
2700,106,1.221,0,22,0,0,0,0,0.05,0.004,200000
2701,400,8.716,4,32,0,0,0,1,0.05,0.004,200000
2702,130,-6.579,0,18,0,1,0,0,0.05,0.004,200000
2703,245,-6.356,2,19,0,1,0,0,0.05,0.004,200000
2704,278,-1.539,1,23,0,1,0,0,0.05,0.004,200000
2705,127,-1.624,1,26,0,1,0,0,0.05,0.004,200000
2706,377,-7.404,2,23,3,1,0,0,0.05,0.004,200000
2707,198,-6.345,0,26,1,1,0,0,0.05,0.004,200000
2708,400,13.596,1,27,0,0,1,1,0.05,0.004,200000
2709,368,3.296,2,32,0,0,0,0,0.05,0.004,200000
2710,7,-9.45,0,3,0,1,0,0,0.05,0.004,200000
2711,54,-8.889,0,11,0,1,0,0,0.05,0.004,200000
2712,400,10.673,1,32,0,0,1,1,0.05,0.004,200000
2713,400,-3.515,0,8,0,0,0,1,0.05,0.004,200000
2714,5,-13.061,0,4,0,1,0,0,0.05,0.004,200000
2715,400,11.634,2,29,0,0,1,1,0.05,0.004,200000
2716,263,-6.103,0,13,0,1,0,0,0.05,0.004,200000
2717,123,-3.292,0,7,0,0,0,0,0.05,0.004,200000
2718,145,-0.098,2,25,0,1,0,0,0.05,0.004,200000
2719,353,-1.675,0,20,0,0,0,0,0.05,0.004,200000
2720,283,-5.489,1,28,0,1,0,0,0.05,0.004,200000
2721,400,12.907,4,19,0,0,0,1,0.05,0.004,200000
2722,400,11.51,4,32,0,0,0,1,0.05,0.004,200000
2723,21,-10.978,0,5,0,1,0,0,0.05,0.004,200000
2724,400,7.766,4,32,0,0,0,1,0.05,0.004,200000
2725,30,-12.139,0,6,0,1,0,0,0.05,0.004,200000
2726,56,-8.794,1,13,0,1,0,0,0.05,0.004,200000
2727,34,-10.107,1,10,0,1,0,0,0.05,0.004,200000
2728,237,-1.645,0,31,0,1,0,0,0.05,0.004,200000
2729,5,-13.061,0,4,0,1,0,0,0.05,0.004,200000
2730,240,-5.259,0,20,1,1,0,0,0.05,0.004,200000
2731,124,-2.584,3,33,2,1,0,0,0.05,0.004,200000
2732,268,-6.633,2,17,0,1,0,0,0.05,0.004,200000
2733,375,-10.429,0,16,0,1,0,0,0.05,0.004,200000
2734,256,-10.923,0,10,0,1,0,0,0.05,0.004,200000
2735,330,2.548,1,39,0,1,1,0,0.05,0.004,200000
2736,6,-9.492,0,2,0,1,0,0,0.05,0.004,200000
2737,237,-3.022,2,18,0,0,0,0,0.05,0.004,200000
2738,189,-3.438,0,14,0,1,1,0,0.05,0.004,200000
2739,304,3.683,2,21,0,0,0,0,0.05,0.004,200000
2740,46,-1.024,1,8,0,0,0,0,0.05,0.004,200000
2741,54,-11.812,0,6,0,1,0,0,0.05,0.004,200000
2742,84,-6.785,1,23,0,1,0,0,0.05,0.004,200000
2743,27,-6.408,0,12,0,1,0,0,0.05,0.004,200000
2744,46,-9.58,0,11,0,1,0,0,0.05,0.004,200000
2745,149,-7.335,1,17,0,1,0,0,0.05,0.004,200000
2746,400,7.828,3,36,0,0,0,1,0.05,0.004,200000
2747,13,-9.078,0,6,0,1,0,0,0.05,0.004,200000
2748,331,-1.306,0,23,0,1,1,0,0.05,0.004,200000
2749,103,-2.93,0,27,0,1,0,0,0.05,0.004,200000
2750,227,-8.958,1,15,0,1,0,0,0.05,0.004,200000
2751,400,12.5,4,32,1,0,1,1,0.05,0.004,200000
2752,210,-5.186,0,19,0,1,0,0,0.05,0.004,200000
2753,400,9.213,2,19,0,0,1,1,0.05,0.004,200000
2754,6,-9.442,0,2,0,1,0,0,0.05,0.004,200000
2755,171,-0.799,2,30,0,1,0,0,0.05,0.004,200000
2756,25,-8.654,0,5,0,1,0,0,0.05,0.004,200000
2757,400,7.96,2,25,0,0,0,1,0.05,0.004,200000
2758,58,-8.751,0,15,1,1,0,0,0.05,0.004,200000
2759,108,-4.938,1,18,0,1,0,0,0.05,0.004,200000
2760,161,4.505,3,22,0,0,0,0,0.05,0.004,200000
2761,65,-4.151,0,6,0,0,0,0,0.05,0.004,200000
2762,139,-11.851,0,14,0,1,0,0,0.05,0.004,200000
2763,53,-6.201,2,11,0,1,0,0,0.05,0.004,200000
2764,5,-13.411,0,1,0,1,0,0,0.05,0.004,200000
2765,7,-9.427,0,3,0,1,0,0,0.05,0.004,200000
2766,151,-0.976,1,21,0,1,0,0,0.05,0.004,200000
2767,400,18.599,3,39,0,0,1,1,0.05,0.004,200000
2768,400,5.509,1,28,0,0,0,1,0.05,0.004,200000
2769,46,-2.993,0,7,0,0,0,0,0.05,0.004,200000
2770,62,-5.246,2,8,0,1,0,0,0.05,0.004,200000
2771,400,6.125,2,23,0,0,0,1,0.05,0.004,200000
2772,400,10.06,3,35,0,0,0,1,0.05,0.004,200000
2773,32,-6.564,1,11,0,1,0,0,0.05,0.004,200000
2774,400,10.732,2,20,0,0,1,1,0.05,0.004,200000
2775,400,12.988,3,23,0,0,1,1,0.05,0.004,200000
2776,400,6.373,3,24,0,0,0,1,0.05,0.004,200000
2777,147,7.202,4,34,0,0,0,0,0.05,0.004,200000
2778,14,-13.825,0,2,0,1,0,0,0.05,0.004,200000
2779,390,7.128,3,35,0,1,2,0,0.05,0.004,200000
2780,97,-1.145,0,13,0,0,0,0,0.05,0.004,200000
2781,173,-7.52,0,9,0,1,0,0,0.05,0.004,200000
2782,400,8.962,1,37,0,0,1,1,0.05,0.004,200000
2783,53,-0.191,0,18,0,0,0,0,0.05,0.004,200000
2784,400,18.101,5,45,0,0,0,1,0.05,0.004,200000
2785,400,5.944,3,25,0,0,0,1,0.05,0.004,200000
2786,230,-2.037,2,28,0,1,0,0,0.05,0.004,200000
2787,160,-8.373,1,21,0,1,0,0,0.05,0.004,200000
2788,371,-1.811,1,16,0,1,1,0,0.05,0.004,200000
2789,218,3.98,2,35,1,0,0,0,0.05,0.004,200000
2790,14,-9.183,0,5,0,1,0,0,0.05,0.004,200000
2791,5,-12.762,0,2,0,1,0,0,0.05,0.004,200000
2792,165,-9.216,0,14,0,1,0,0,0.05,0.004,200000
2793,187,-3.353,1,35,0,1,0,0,0.05,0.004,200000
2794,234,-4.002,2,19,0,1,0,0,0.05,0.004,200000
2795,400,17.152,4,37,0,0,1,1,0.05,0.004,200000
2796,208,4.574,3,35,0,0,0,0,0.05,0.004,200000
2797,108,-4.549,0,5,0,0,0,0,0.05,0.004,200000
2798,115,-1.661,1,23,0,0,0,0,0.05,0.004,200000
2799,212,-9.452,1,15,0,1,0,0,0.05,0.004,200000
2800,233,3.179,3,34,0,1,0,0,0.05,0.004,200000
2801,321,2.124,0,31,0,1,1,0,0.05,0.004,200000
2802,200,-7.592,0,12,0,1,0,0,0.05,0.004,200000
2803,43,-7.4,0,10,0,1,0,0,0.05,0.004,200000
2804,61,-10.031,0,11,0,1,0,0,0.05,0.004,200000
2805,7,-9.912,0,3,0,1,0,0,0.05,0.004,200000
2806,5,-9.035,0,2,0,1,0,0,0.05,0.004,200000
2807,400,12.492,1,26,0,0,1,1,0.05,0.004,200000
2808,248,-2.143,3,34,0,1,0,0,0.05,0.004,200000
2809,129,-4.591,1,27,0,1,0,0,0.05,0.004,200000
2810,159,-1.405,2,33,0,1,0,0,0.05,0.004,200000
2811,187,-6.36,0,15,0,1,0,0,0.05,0.004,200000
2812,44,-6.386,0,15,0,1,0,0,0.05,0.004,200000
2813,28,-6.986,1,8,0,1,0,0,0.05,0.004,200000
2814,7,-10.012,0,2,0,1,0,0,0.05,0.004,200000
2815,100,-7.339,0,13,0,1,0,0,0.05,0.004,200000
2816,65,-12.336,0,11,0,1,0,0,0.05,0.004,200000
2817,7,-9.55,0,2,0,1,0,0,0.05,0.004,200000
2818,77,-10.821,0,13,0,1,0,0,0.05,0.004,200000
2819,6,-9.415,0,3,0,1,0,0,0.05,0.004,200000
2820,138,-3.342,1,25,0,1,0,0,0.05,0.004,200000
2821,95,-3.595,2,25,0,1,0,0,0.05,0.004,200000
2822,174,0.877,0,20,0,0,0,0,0.05,0.004,200000
2823,5,-13.01,0,4,0,1,0,0,0.05,0.004,200000
2824,400,7.867,4,51,1,0,0,1,0.05,0.004,200000
2825,400,14.481,3,31,0,0,1,1,0.05,0.004,200000
2826,44,-6.313,1,8,0,1,0,0,0.05,0.004,200000
2827,41,-12.189,0,4,0,1,0,0,0.05,0.004,200000
2828,286,10.291,5,44,0,1,1,0,0.05,0.004,200000
2829,5,-13.111,0,4,0,1,0,0,0.05,0.004,200000
2830,165,-5.025,1,20,0,1,0,0,0.05,0.004,200000
2831,73,-5.251,2,7,0,1,0,0,0.05,0.004,200000
2832,400,9.551,2,44,0,0,0,1,0.05,0.004,200000
2833,400,6.819,2,28,1,0,0,1,0.05,0.004,200000
2834,158,2.837,1,39,0,1,0,0,0.05,0.004,200000
2835,14,-9.103,0,5,0,1,0,0,0.05,0.004,200000
2836,219,-5.474,1,17,0,1,0,0,0.05,0.004,200000
2837,204,-10.207,0,13,0,1,0,0,0.05,0.004,200000
2838,354,6.023,2,41,0,1,1,0,0.05,0.004,200000
2839,89,-3.332,1,4,0,0,0,0,0.05,0.004,200000
2840,400,15.709,2,38,1,0,0,1,0.05,0.004,200000
2841,7,-9.527,0,2,0,1,0,0,0.05,0.004,200000
2842,314,-1.411,4,25,0,1,0,0,0.05,0.004,200000
2843,98,-0.247,0,23,0,0,0,0,0.05,0.004,200000
2844,313,1.188,3,35,0,1,0,0,0.05,0.004,200000
2845,296,2.816,3,48,0,1,0,0,0.05,0.004,200000
2846,400,15.34,3,41,1,0,0,1,0.05,0.004,200000
2847,400,19.545,6,30,0,0,1,1,0.05,0.004,200000
2848,358,-4.331,1,25,0,1,0,0,0.05,0.004,200000
2849,187,0.609,3,29,0,1,0,0,0.05,0.004,200000
2850,348,-2.334,3,31,0,1,0,0,0.05,0.004,200000
2851,400,11.285,5,35,0,0,0,1,0.05,0.004,200000
2852,170,2.897,3,43,0,1,0,0,0.05,0.004,200000
2853,325,2.712,0,43,1,1,1,0,0.05,0.004,200000
2854,310,-1.821,1,24,0,0,0,0,0.05,0.004,200000
2855,400,10.985,3,27,0,0,0,1,0.05,0.004,200000
2856,66,-4.061,1,19,0,1,0,0,0.05,0.004,200000
2857,400,17.467,5,34,0,0,0,1,0.05,0.004,200000
2858,400,-0.1,0,11,0,0,0,1,0.05,0.004,200000
2859,299,3.123,4,44,0,1,0,0,0.05,0.004,200000
2860,400,7.874,2,27,0,0,0,1,0.05,0.004,200000
2861,72,-8.604,1,13,0,1,0,0,0.05,0.004,200000
2862,204,6.896,4,32,0,0,0,0,0.05,0.004,200000
2863,50,-8.913,0,5,0,1,0,0,0.05,0.004,200000
2864,120,-5.476,1,26,0,1,0,0,0.05,0.004,200000
2865,400,8.443,2,37,0,0,0,1,0.05,0.004,200000
2866,400,11.331,1,42,0,0,0,1,0.05,0.004,200000
2867,228,-2.663,1,26,0,1,0,0,0.05,0.004,200000
2868,6,-9.492,0,2,0,1,0,0,0.05,0.004,200000
2869,5,-9.011,0,3,0,1,0,0,0.05,0.004,200000
2870,58,-1.68,0,15,0,0,0,0,0.05,0.004,200000
2871,7,-9.55,0,2,0,1,0,0,0.05,0.004,200000
2872,400,14.831,2,33,0,0,1,1,0.05,0.004,200000
2873,39,-10.015,0,7,0,1,0,0,0.05,0.004,200000
2874,400,13.053,2,29,1,0,1,1,0.05,0.004,200000
2875,51,-7.196,2,12,0,1,0,0,0.05,0.004,200000
2876,400,22.305,4,60,0,0,1,1,0.05,0.004,200000
2877,300,-1.141,0,21,0,0,0,0,0.05,0.004,200000
2878,6,-9.415,0,3,0,1,0,0,0.05,0.004,200000
2879,400,10.445,3,28,0,0,0,1,0.05,0.004,200000
2880,5,-13.161,0,3,0,1,0,0,0.05,0.004,200000
2881,193,-2.288,1,22,0,1,0,0,0.05,0.004,200000
2882,400,13.948,5,46,0,0,0,1,0.05,0.004,200000
2883,208,5.836,1,33,0,0,0,0,0.05,0.004,200000
2884,400,13.585,3,26,0,0,1,1,0.05,0.004,200000
2885,400,-0.198,0,15,0,0,0,1,0.05,0.004,200000
2886,400,11.104,3,34,0,0,0,1,0.05,0.004,200000
2887,400,16.646,5,48,0,0,0,1,0.05,0.004,200000
2888,87,-4.702,2,14,0,1,0,0,0.05,0.004,200000
2889,300,9.004,3,30,0,1,2,0,0.05,0.004,200000
2890,42,-1.943,0,13,0,0,0,0,0.05,0.004,200000
2891,400,9.888,2,31,0,0,1,1,0.05,0.004,200000
2892,142,-0.325,3,29,0,1,0,0,0.05,0.004,200000
2893,5,-13.211,0,3,0,1,0,0,0.05,0.004,200000
2894,400,16.48,3,35,0,0,1,1,0.05,0.004,200000
2895,222,1.601,2,30,0,1,0,0,0.05,0.004,200000
2896,150,2.595,2,24,1,0,0,0,0.05,0.004,200000
2897,7,-11.354,0,5,0,1,0,0,0.05,0.004,200000
2898,208,5.029,4,32,0,1,0,0,0.05,0.004,200000
2899,170,-4.395,2,23,0,1,0,0,0.05,0.004,200000
2900,400,34.739,6,85,1,0,2,1,0.05,0.004,200000
2901,400,21.251,3,55,0,0,1,1,0.05,0.004,200000
2902,6,-9.588,0,1,0,1,0,0,0.05,0.004,200000
2903,129,-3.637,0,34,0,1,0,0,0.05,0.004,200000
2904,51,-5.311,0,22,0,1,0,0,0.05,0.004,200000
2905,66,-2.689,1,26,0,1,0,0,0.05,0.004,200000
2906,256,-2.872,2,45,0,1,0,0,0.05,0.004,200000
2907,400,12.48,5,36,0,0,0,1,0.05,0.004,200000
2908,262,-1.908,3,25,0,1,0,0,0.05,0.004,200000
2909,400,19.369,4,47,0,0,1,1,0.05,0.004,200000
2910,21,-12.329,0,6,0,1,0,0,0.05,0.004,200000
2911,400,13.077,2,37,0,0,0,1,0.05,0.004,200000
2912,369,0.498,1,20,0,0,0,0,0.05,0.004,200000
2913,6,-9.492,0,2,0,1,0,0,0.05,0.004,200000
2914,71,-6.726,1,22,1,1,0,0,0.05,0.004,200000
2915,400,3.852,0,23,0,0,0,1,0.05,0.004,200000
2916,45,-5.239,2,10,0,1,0,0,0.05,0.004,200000
2917,116,-3.216,1,25,0,1,0,0,0.05,0.004,200000
2918,150,-2.11,1,11,0,0,0,0,0.05,0.004,200000
2919,23,-8.717,0,9,0,1,0,0,0.05,0.004,200000
2920,131,-1.685,2,37,0,1,0,0,0.05,0.004,200000
2921,400,12.463,4,38,0,0,0,1,0.05,0.004,200000
2922,223,1.89,1,42,0,1,0,0,0.05,0.004,200000
2923,257,-0.55,3,21,0,1,0,0,0.05,0.004,200000
2924,221,-0.182,1,44,1,1,0,0,0.05,0.004,200000
2925,33,-10.325,1,9,0,1,0,0,0.05,0.004,200000
2926,7,-9.627,0,1,0,1,0,0,0.05,0.004,200000
2927,23,-8.337,0,7,0,1,0,0,0.05,0.004,200000
2928,13,-9.344,0,5,0,1,0,0,0.05,0.004,200000
2929,108,-5.959,2,18,0,1,0,0,0.05,0.004,200000
2930,50,-1.74,0,10,0,0,0,0,0.05,0.004,200000
2931,400,10.663,2,36,0,0,0,1,0.05,0.004,200000
2932,31,-3.886,2,13,0,1,0,0,0.05,0.004,200000
2933,96,-9.314,1,18,0,1,0,0,0.05,0.004,200000
2934,279,1.501,1,48,0,1,0,0,0.05,0.004,200000
2935,400,12.467,6,35,0,0,0,1,0.05,0.004,200000
2936,193,-9.582,1,15,1,1,0,0,0.05,0.004,200000
2937,85,-12.311,0,3,0,1,0,0,0.05,0.004,200000
2938,35,-9.877,0,11,0,1,0,0,0.05,0.004,200000
2939,400,13.621,3,36,0,0,0,1,0.05,0.004,200000
2940,70,-4.331,1,22,0,1,0,0,0.05,0.004,200000
2941,182,3.684,2,48,0,1,0,0,0.05,0.004,200000
2942,133,-6.55,0,17,0,1,0,0,0.05,0.004,200000
2943,338,-3.183,2,30,0,1,0,0,0.05,0.004,200000
2944,279,8.428,5,36,0,1,1,0,0.05,0.004,200000
2945,23,-7.871,0,10,0,1,0,0,0.05,0.004,200000
2946,400,7.987,2,31,0,0,0,1,0.05,0.004,200000
2947,153,-3.581,1,23,1,1,0,0,0.05,0.004,200000
2948,400,12.862,2,24,0,0,1,1,0.05,0.004,200000
2949,37,-10.843,0,8,0,1,0,0,0.05,0.004,200000
2950,8,-10.03,0,2,0,1,0,0,0.05,0.004,200000
2951,400,18.293,7,30,0,0,1,1,0.05,0.004,200000
2952,31,-7.869,0,12,0,1,0,0,0.05,0.004,200000
2953,136,-2.721,2,21,0,1,0,0,0.05,0.004,200000
2954,251,0.611,2,36,0,1,0,0,0.05,0.004,200000
2955,214,1.697,3,20,0,1,0,0,0.05,0.004,200000
2956,97,-1.634,1,23,0,1,0,0,0.05,0.004,200000
2957,14,-8.633,0,6,0,1,0,0,0.05,0.004,200000
2958,21,-10.132,0,10,0,1,0,0,0.05,0.004,200000
2959,140,-2.43,2,22,0,1,0,0,0.05,0.004,200000
2960,250,1.967,3,26,1,1,1,0,0.05,0.004,200000
2961,192,5.964,3,32,0,0,0,0,0.05,0.004,200000
2962,103,-0.705,3,22,0,1,0,0,0.05,0.004,200000
2963,400,19.489,5,33,0,0,1,1,0.05,0.004,200000
2964,171,-1.385,1,30,0,1,0,0,0.05,0.004,200000
2965,400,13.737,1,36,0,0,1,1,0.05,0.004,200000
2966,400,10.687,1,42,0,0,0,1,0.05,0.004,200000
2967,21,-11.897,0,7,0,1,0,0,0.05,0.004,200000
2968,138,2.507,2,41,0,1,0,0,0.05,0.004,200000
2969,6,-9.492,0,2,0,1,0,0,0.05,0.004,200000
2970,397,-5.007,2,35,0,1,0,0,0.05,0.004,200000
2971,142,3.879,0,23,0,0,0,0,0.05,0.004,200000
2972,400,-2.174,1,17,0,0,0,1,0.05,0.004,200000
2973,36,-12.805,0,3,0,1,0,0,0.05,0.004,200000
2974,84,-0.97,4,21,0,1,0,0,0.05,0.004,200000
2975,400,4.458,1,15,0,0,0,1,0.05,0.004,200000
2976,400,10.51,2,39,0,0,0,1,0.05,0.004,200000
2977,400,14.678,6,36,0,0,0,1,0.05,0.004,200000
2978,7,-11.429,0,4,0,1,0,0,0.05,0.004,200000
2979,141,1.138,1,39,0,1,0,0,0.05,0.004,200000
2980,157,-7.024,0,12,1,1,0,0,0.05,0.004,200000
2981,400,21.934,1,48,0,0,2,1,0.05,0.004,200000
2982,210,3.671,5,41,0,1,0,0,0.05,0.004,200000
2983,22,-12.351,0,4,0,1,0,0,0.05,0.004,200000
2984,189,2.626,5,35,0,1,0,0,0.05,0.004,200000
2985,400,12.108,2,32,0,0,0,1,0.05,0.004,200000
2986,149,1.62,3,19,0,0,0,0,0.05,0.004,200000
2987,29,-7.189,2,7,0,1,0,0,0.05,0.004,200000
2988,57,-3.038,2,20,0,1,0,0,0.05,0.004,200000
2989,259,7.283,2,41,0,1,1,0,0.05,0.004,200000
2990,349,-2.588,1,31,0,1,0,0,0.05,0.004,200000
2991,400,6.057,0,30,0,0,0,1,0.05,0.004,200000
2992,46,-7.714,0,11,0,1,0,0,0.05,0.004,200000
2993,162,1.795,3,32,0,1,0,0,0.05,0.004,200000
2994,400,12.362,2,41,0,0,0,1,0.05,0.004,200000
2995,5,-13.11,0,4,0,1,0,0,0.05,0.004,200000
2996,400,18.767,4,35,1,0,2,1,0.05,0.004,200000
2997,79,-0.754,2,17,0,1,0,0,0.05,0.004,200000
2998,262,2.56,4,40,0,1,0,0,0.05,0.004,200000
2999,29,-6.762,1,9,0,1,0,0,0.05,0.004,200000
3000,263,1.968,2,23,0,0,0,0,0.05,0.004,200000
3001,400,7.437,0,28,0,0,0,1,0.05,0.004,200000
3002,123,-0.681,2,24,0,1,0,0,0.05,0.004,200000
3003,14,-9.056,0,5,0,1,0,0,0.05,0.004,200000
3004,400,8.887,3,27,0,0,0,1,0.05,0.004,200000
3005,38,-1.291,1,9,0,0,0,0,0.05,0.004,200000
3006,49,-6.523,0,18,0,1,0,0,0.05,0.004,200000
3007,116,0.602,3,30,0,1,0,0,0.05,0.004,200000
3008,99,-5.219,0,18,0,1,0,0,0.05,0.004,200000
3009,114,1.093,3,27,0,1,0,0,0.05,0.004,200000
3010,5,-9.085,0,2,0,1,0,0,0.05,0.004,200000
3011,278,-4.449,0,24,0,1,0,0,0.05,0.004,200000
3012,147,-1.727,2,24,0,1,0,0,0.05,0.004,200000
3013,133,5.246,2,33,0,0,0,0,0.05,0.004,200000
3014,13,-9.122,0,4,0,1,0,0,0.05,0.004,200000
3015,378,4.485,4,33,0,1,0,0,0.05,0.004,200000
3016,196,2.736,2,43,0,1,0,0,0.05,0.004,200000
3017,188,-10.926,0,13,0,1,0,0,0.05,0.004,200000
3018,135,-3.979,2,17,0,1,0,0,0.05,0.004,200000
3019,312,-0.243,1,28,1,1,1,0,0.05,0.004,200000
3020,113,-8.508,1,13,0,1,0,0,0.05,0.004,200000
3021,400,17.183,5,41,0,0,1,1,0.05,0.004,200000
3022,88,-0.645,1,31,0,1,0,0,0.05,0.004,200000
3023,36,-9.55,1,9,0,1,0,0,0.05,0.004,200000
3024,400,17.141,3,46,0,0,1,1,0.05,0.004,200000
3025,159,-2.561,0,24,0,1,0,0,0.05,0.004,200000
3026,243,1.69,3,36,0,1,0,0,0.05,0.004,200000
3027,232,-3.108,3,34,0,1,0,0,0.05,0.004,200000
3028,6,-9.392,0,3,0,1,0,0,0.05,0.004,200000
3029,400,16.868,6,35,0,0,0,1,0.05,0.004,200000
3030,15,-9.193,0,5,0,1,0,0,0.05,0.004,200000
3031,46,-8.397,0,8,0,1,0,0,0.05,0.004,200000
3032,400,11.738,2,26,0,0,1,1,0.05,0.004,200000
3033,400,14.886,3,47,0,0,0,1,0.05,0.004,200000
3034,122,2.645,1,16,0,0,0,0,0.05,0.004,200000
3035,131,1.425,1,22,0,0,0,0,0.05,0.004,200000
3036,194,1.319,2,37,0,1,0,0,0.05,0.004,200000
3037,105,3.833,1,32,0,0,0,0,0.05,0.004,200000
3038,400,7.331,1,28,0,0,1,1,0.05,0.004,200000
3039,6,-9.146,0,2,0,1,0,0,0.05,0.004,200000
3040,68,-3.623,0,8,0,0,0,0,0.05,0.004,200000
3041,400,10.394,2,49,0,0,0,1,0.05,0.004,200000
3042,104,-1.272,3,36,1,1,0,0,0.05,0.004,200000
3043,71,-2.125,0,13,0,0,0,0,0.05,0.004,200000
3044,400,21.053,7,48,0,0,1,1,0.05,0.004,200000
3045,126,4.953,6,29,0,1,0,0,0.05,0.004,200000
3046,59,-8.364,1,17,0,1,0,0,0.05,0.004,200000
3047,41,-9.314,1,7,0,1,0,0,0.05,0.004,200000
3048,41,-1.773,1,6,0,0,0,0,0.05,0.004,200000
3049,72,-5.223,2,22,0,1,0,0,0.05,0.004,200000
3050,95,-2.139,1,22,0,1,0,0,0.05,0.004,200000
3051,248,8.133,2,41,1,0,0,0,0.05,0.004,200000
3052,83,-3.648,1,18,0,1,0,0,0.05,0.004,200000
3053,21,-10.686,0,8,0,1,0,0,0.05,0.004,200000
3054,79,-0.373,0,15,0,0,0,0,0.05,0.004,200000
3055,267,4.994,3,40,0,1,1,0,0.05,0.004,200000
3056,400,14.479,2,34,0,0,1,1,0.05,0.004,200000
3057,95,-0.846,0,27,0,1,1,0,0.05,0.004,200000
3058,114,1.648,0,24,0,0,0,0,0.05,0.004,200000
3059,22,-8.825,0,5,0,1,0,0,0.05,0.004,200000
3060,118,5.044,3,30,1,0,0,0,0.05,0.004,200000
3061,40,-6.065,0,16,0,1,0,0,0.05,0.004,200000
3062,190,3.769,3,40,0,1,0,0,0.05,0.004,200000
3063,14,-11.371,0,4,0,1,0,0,0.05,0.004,200000
3064,22,-8.189,0,7,0,1,0,0,0.05,0.004,200000
3065,76,-6.948,0,30,0,1,0,0,0.05,0.004,200000
3066,241,3.871,4,24,0,1,0,0,0.05,0.004,200000
3067,89,-10.31,0,15,0,1,0,0,0.05,0.004,200000
3068,400,10.715,2,29,0,0,0,1,0.05,0.004,200000
3069,226,5.474,2,34,0,0,0,0,0.05,0.004,200000
3070,203,-0.119,3,31,1,1,0,0,0.05,0.004,200000
3071,376,-1.307,2,43,0,1,0,0,0.05,0.004,200000
3072,30,-8.124,0,8,0,1,0,0,0.05,0.004,200000
3073,400,14.633,5,43,0,0,0,1,0.05,0.004,200000
3074,184,-0.794,2,29,0,1,0,0,0.05,0.004,200000
3075,89,-2.547,4,24,0,1,0,0,0.05,0.004,200000
3076,30,-7.714,0,12,0,1,0,0,0.05,0.004,200000
3077,400,15.185,3,54,0,0,0,1,0.05,0.004,200000
3078,49,-7.01,0,11,0,1,0,0,0.05,0.004,200000
3079,78,-4.403,1,14,0,1,0,0,0.05,0.004,200000
3080,400,11.699,3,32,0,0,0,1,0.05,0.004,200000
3081,202,1.384,1,43,0,1,0,0,0.05,0.004,200000
3082,52,-3.426,2,17,0,1,0,0,0.05,0.004,200000
3083,181,-6.054,1,15,0,1,0,0,0.05,0.004,200000
3084,62,3.514,3,13,0,0,0,0,0.05,0.004,200000
3085,191,-4.158,0,16,0,1,0,0,0.05,0.004,200000
3086,200,-4.805,1,27,0,1,0,0,0.05,0.004,200000
3087,400,13.656,1,57,0,0,0,1,0.05,0.004,200000
3088,212,10.636,4,47,0,1,1,0,0.05,0.004,200000
3089,388,9.378,2,42,0,1,1,0,0.05,0.004,200000
3090,145,9.602,3,30,0,0,1,0,0.05,0.004,200000
3091,105,0.469,1,21,0,0,0,0,0.05,0.004,200000
3092,95,0.555,0,15,0,1,1,0,0.05,0.004,200000
3093,400,12.118,4,48,0,0,0,1,0.05,0.004,200000
3094,306,3.421,3,37,0,1,1,0,0.05,0.004,200000
3095,5,-13.21,0,3,0,1,0,0,0.05,0.004,200000
3096,170,1.349,2,37,0,1,0,0,0.05,0.004,200000
3097,400,18.709,4,40,0,0,1,1,0.05,0.004,200000
3098,400,12.14,3,31,0,0,1,1,0.05,0.004,200000
3099,114,3.206,2,16,0,0,0,0,0.05,0.004,200000
3100,400,23.336,6,61,0,0,1,1,0.05,0.004,200000
3101,62,-3.977,1,23,0,1,0,0,0.05,0.004,200000
3102,120,3.987,2,30,0,1,1,0,0.05,0.004,200000
3103,400,12.093,4,50,1,0,0,1,0.05,0.004,200000
3104,144,-7.704,1,16,0,1,0,0,0.05,0.004,200000
3105,400,6.837,2,26,0,0,0,1,0.05,0.004,200000
3106,14,-11.964,0,5,0,1,0,0,0.05,0.004,200000
3107,81,-2.184,1,25,0,1,0,0,0.05,0.004,200000
3108,108,-4.745,2,26,1,1,0,0,0.05,0.004,200000
3109,86,-5.791,1,14,0,1,0,0,0.05,0.004,200000
3110,324,8.671,2,22,0,0,0,1,0.05,0.004,200000
3111,297,5.445,1,40,0,1,1,0,0.05,0.004,200000
3112,310,6.6,3,37,0,1,1,0,0.05,0.004,200000
3113,141,0.052,4,30,0,1,0,0,0.05,0.004,200000
3114,36,-8.402,0,13,0,1,0,0,0.05,0.004,200000
3115,82,-6.62,0,20,0,1,0,0,0.05,0.004,200000
3116,13,-11.411,0,4,0,1,0,0,0.05,0.004,200000
3117,132,-0.425,2,26,0,1,0,0,0.05,0.004,200000
3118,14,-9.056,0,5,0,1,0,0,0.05,0.004,200000
3119,400,5.8,0,19,0,0,0,1,0.05,0.004,200000
3120,40,-6.499,0,10,0,1,0,0,0.05,0.004,200000
3121,63,-1.714,0,12,0,0,0,0,0.05,0.004,200000
3122,175,2.156,4,34,0,1,0,0,0.05,0.004,200000
3123,400,12.894,3,40,0,0,0,1,0.05,0.004,200000
3124,40,-7.957,1,15,0,1,0,0,0.05,0.004,200000
3125,22,-7.988,0,9,0,1,0,0,0.05,0.004,200000
3126,32,-8.255,0,9,0,1,0,0,0.05,0.004,200000
3127,186,3.307,4,44,0,1,0,0,0.05,0.004,200000
3128,175,4.039,3,34,0,1,0,0,0.05,0.004,200000
3129,400,12.301,3,40,0,0,0,1,0.05,0.004,200000
3130,400,9.403,2,44,0,0,0,1,0.05,0.004,200000
3131,264,7.565,4,34,0,0,0,0,0.05,0.004,200000
3132,28,-9.861,1,6,0,1,0,0,0.05,0.004,200000
3133,196,-1.16,1,35,1,1,0,0,0.05,0.004,200000
3134,284,-3.25,2,19,0,1,0,0,0.05,0.004,200000
3135,107,-0.779,2,28,0,1,0,0,0.05,0.004,200000
3136,21,-10.873,0,8,0,1,0,0,0.05,0.004,200000
3137,6,-9.392,0,3,0,1,0,0,0.05,0.004,200000
3138,400,11.56,2,42,0,0,0,1,0.05,0.004,200000
3139,400,18.792,5,57,0,0,0,1,0.05,0.004,200000
3140,36,-7.86,0,13,0,1,0,0,0.05,0.004,200000
3141,400,18.609,4,49,0,0,0,1,0.05,0.004,200000
3142,116,6.245,1,33,0,1,1,0,0.05,0.004,200000
3143,86,3.703,2,23,0,0,0,0,0.05,0.004,200000
3144,400,7.951,3,23,0,0,0,1,0.05,0.004,200000
3145,400,25.577,4,66,0,0,1,1,0.05,0.004,200000
3146,400,16.702,3,41,0,0,0,1,0.05,0.004,200000
3147,159,12.053,5,40,0,1,1,0,0.05,0.004,200000
3148,83,-7.312,0,17,0,1,0,0,0.05,0.004,200000
3149,21,-6.815,1,9,0,1,0,0,0.05,0.004,200000
3150,71,-3.911,2,26,1,1,0,0,0.05,0.004,200000
3151,221,5.465,5,44,0,1,0,0,0.05,0.004,200000
3152,86,-7.234,0,13,1,1,0,0,0.05,0.004,200000
3153,400,3.958,0,26,0,0,0,1,0.05,0.004,200000
3154,291,1.597,5,39,0,1,0,0,0.05,0.004,200000
3155,14,-8.294,0,9,0,1,0,0,0.05,0.004,200000
3156,7,-8.84,0,5,0,1,0,0,0.05,0.004,200000
3157,55,-1.791,3,17,0,1,0,0,0.05,0.004,200000
3158,400,4.306,0,30,0,0,0,1,0.05,0.004,200000
3159,208,3.625,1,46,0,1,0,0,0.05,0.004,200000
3160,189,-0.751,2,36,0,1,0,0,0.05,0.004,200000
3161,254,3.862,5,46,1,1,0,0,0.05,0.004,200000
3162,29,-8.354,0,9,0,1,0,0,0.05,0.004,200000
3163,30,-6.006,0,11,0,1,0,0,0.05,0.004,200000
3164,74,1.817,2,19,0,0,0,0,0.05,0.004,200000
3165,121,-0.75,2,27,0,1,0,0,0.05,0.004,200000
3166,14,-10.317,1,3,0,1,0,0,0.05,0.004,200000
3167,40,-8.032,1,15,0,1,0,0,0.05,0.004,200000
3168,52,-7.671,1,10,0,1,0,0,0.05,0.004,200000
3169,13,-9.022,0,5,0,1,0,0,0.05,0.004,200000
3170,192,0.832,3,28,0,1,0,0,0.05,0.004,200000
3171,189,-0.073,2,30,0,1,0,0,0.05,0.004,200000
3172,201,8.174,6,54,0,1,0,0,0.05,0.004,200000
3173,135,4.773,4,32,0,1,1,0,0.05,0.004,200000
3174,310,11.147,3,45,0,1,1,0,0.05,0.004,200000
3175,45,-6.372,1,11,0,1,0,0,0.05,0.004,200000
3176,83,-3.101,3,26,0,1,0,0,0.05,0.004,200000
3177,400,12.61,3,44,0,0,0,1,0.05,0.004,200000
3178,400,13.87,3,35,0,0,0,1,0.05,0.004,200000
3179,400,19.176,6,49,0,0,0,1,0.05,0.004,200000
3180,110,5.619,3,33,0,0,0,0,0.05,0.004,200000
3181,115,5.877,3,22,0,0,0,0,0.05,0.004,200000
3182,35,-5.081,2,13,0,1,0,0,0.05,0.004,200000
3183,400,16.103,2,48,0,0,1,1,0.05,0.004,200000
3184,70,-6.824,2,18,0,1,0,0,0.05,0.004,200000
3185,400,17.033,2,49,0,0,1,1,0.05,0.004,200000
3186,144,-5.101,2,26,1,1,0,0,0.05,0.004,200000
3187,89,0.831,1,17,0,0,0,0,0.05,0.004,200000
3188,301,24.432,2,50,0,0,2,1,0.05,0.004,200000
3189,123,1.395,0,23,0,0,0,0,0.05,0.004,200000
3190,68,-0.469,1,20,0,0,0,0,0.05,0.004,200000
3191,33,-4.901,1,12,0,1,0,0,0.05,0.004,200000
3192,324,10.724,3,58,0,1,1,0,0.05,0.004,200000
3193,400,13.197,6,36,0,0,0,1,0.05,0.004,200000
3194,262,6.828,4,37,1,1,0,0,0.05,0.004,200000
3195,147,3.584,4,49,0,1,0,0,0.05,0.004,200000
3196,400,15.248,4,52,0,0,0,1,0.05,0.004,200000
3197,23,-8.967,0,7,0,1,0,0,0.05,0.004,200000
3198,15,-10.157,0,7,0,1,0,0,0.05,0.004,200000
3199,247,6.113,3,42,0,1,1,0,0.05,0.004,200000
3200,227,4.511,5,51,0,1,0,0,0.05,0.004,200000
3201,400,16.393,4,66,0,0,0,1,0.05,0.004,200000
3202,128,-0.006,1,36,0,1,0,0,0.05,0.004,200000
3203,13,-8.52,0,6,0,1,0,0,0.05,0.004,200000
3204,221,3.276,1,25,0,1,1,0,0.05,0.004,200000
3205,138,-6.491,0,18,0,1,0,0,0.05,0.004,200000
3206,37,-7.809,0,8,0,1,0,0,0.05,0.004,200000
3207,107,-2.792,1,29,0,1,0,0,0.05,0.004,200000
3208,278,9.007,2,42,0,0,0,0,0.05,0.004,200000
3209,176,-7.651,1,19,0,1,0,0,0.05,0.004,200000
3210,47,-6.19,0,16,0,1,0,0,0.05,0.004,200000
3211,400,20.691,4,60,0,0,0,1,0.05,0.004,200000
3212,400,14.273,3,44,0,0,0,1,0.05,0.004,200000
3213,155,2.686,3,39,0,1,0,0,0.05,0.004,200000
3214,231,0.248,2,36,0,1,0,0,0.05,0.004,200000
3215,400,11.746,3,40,0,0,0,1,0.05,0.004,200000
3216,91,-0.255,2,32,0,1,0,0,0.05,0.004,200000
3217,85,4.25,3,23,0,0,0,0,0.05,0.004,200000
3218,400,11.265,2,39,0,0,0,1,0.05,0.004,200000
3219,5,-13.214,0,3,0,1,0,0,0.05,0.004,200000
3220,137,3.611,2,21,0,0,0,0,0.05,0.004,200000
3221,180,1.671,2,39,0,1,0,0,0.05,0.004,200000
3222,182,5.104,2,35,0,0,0,0,0.05,0.004,200000
3223,31,-6.444,0,13,0,1,0,0,0.05,0.004,200000
3224,6,-9.342,0,3,0,1,0,0,0.05,0.004,200000
3225,113,-0.717,6,27,0,1,0,0,0.05,0.004,200000
3226,173,-4.193,1,23,0,1,0,0,0.05,0.004,200000
3227,177,5.504,4,48,0,1,0,0,0.05,0.004,200000
3228,82,-5.952,2,25,0,1,0,0,0.05,0.004,200000
3229,99,-4.94,2,26,0,1,0,0,0.05,0.004,200000
3230,70,-7.368,1,17,0,1,0,0,0.05,0.004,200000
3231,32,-6.703,0,15,0,1,0,0,0.05,0.004,200000
3232,31,-5.947,0,12,0,1,0,0,0.05,0.004,200000
3233,54,-2.902,2,19,0,1,0,0,0.05,0.004,200000
3234,115,-9.424,0,13,0,1,0,0,0.05,0.004,200000
3235,223,5.143,3,29,0,0,0,0,0.05,0.004,200000
3236,33,-11.094,0,14,0,1,0,0,0.05,0.004,200000
3237,277,1.878,4,27,0,1,0,0,0.05,0.004,200000
3238,203,8.726,4,45,0,1,1,0,0.05,0.004,200000
3239,154,-0.167,3,25,0,1,0,0,0.05,0.004,200000
3240,21,-8.874,1,8,0,1,0,0,0.05,0.004,200000
3241,6,-9.492,0,2,0,1,0,0,0.05,0.004,200000
3242,400,14.718,4,46,0,0,0,1,0.05,0.004,200000
3243,6,-9.515,0,2,0,1,0,0,0.05,0.004,200000
3244,14,-8.516,0,7,0,1,0,0,0.05,0.004,200000
3245,24,-6.038,1,10,0,1,0,0,0.05,0.004,200000
3246,102,5.282,2,27,0,0,0,0,0.05,0.004,200000
3247,69,-5.206,1,16,0,1,0,0,0.05,0.004,200000
3248,400,12.208,2,25,0,0,1,1,0.05,0.004,200000
3249,113,-0.908,1,29,0,1,0,0,0.05,0.004,200000
3250,272,5.561,3,54,0,1,0,0,0.05,0.004,200000
3251,6,-8.708,0,2,0,1,0,0,0.05,0.004,200000
3252,400,27.892,4,67,0,0,1,1,0.05,0.004,200000
3253,76,-4.541,4,19,0,1,0,0,0.05,0.004,200000
3254,137,6.477,4,31,0,0,0,0,0.05,0.004,200000
3255,13,-9.499,0,5,0,1,0,0,0.05,0.004,200000
3256,65,-6.884,0,24,0,1,0,0,0.05,0.004,200000
3257,400,14.271,1,34,0,0,1,1,0.05,0.004,200000
3258,70,-6.739,1,23,0,1,0,0,0.05,0.004,200000
3259,400,21.32,2,43,0,0,1,1,0.05,0.004,200000
3260,5,-12.759,0,2,0,1,0,0,0.05,0.004,200000
3261,17,-7.409,1,6,0,1,0,0,0.05,0.004,200000
3262,129,1.078,3,43,0,1,0,0,0.05,0.004,200000
3263,400,5.003,2,20,0,0,0,1,0.05,0.004,200000
3264,232,3.042,3,38,0,1,0,0,0.05,0.004,200000
3265,400,15.64,3,47,0,0,0,1,0.05,0.004,200000
3266,43,-4.004,1,16,0,1,0,0,0.05,0.004,200000
3267,23,-7.134,1,7,0,1,0,0,0.05,0.004,200000
3268,7,-11.354,0,5,0,1,0,0,0.05,0.004,200000
3269,115,3.745,1,31,0,1,1,0,0.05,0.004,200000
3270,21,-10.534,0,9,0,1,0,0,0.05,0.004,200000
3271,96,-3.404,1,31,0,1,0,0,0.05,0.004,200000
3272,13,-9.022,0,5,0,1,0,0,0.05,0.004,200000
3273,101,-11.557,0,12,0,1,0,0,0.05,0.004,200000
3274,307,1.283,2,24,0,1,0,0,0.05,0.004,200000
3275,8,-9.462,0,3,0,1,0,0,0.05,0.004,200000
3276,400,30.284,5,83,0,0,1,1,0.05,0.004,200000
3277,337,-3.715,2,24,0,1,0,0,0.05,0.004,200000
3278,30,-7.734,0,13,0,1,0,0,0.05,0.004,200000
3279,400,12.657,6,40,0,0,0,1,0.05,0.004,200000
3280,400,19.937,4,42,0,0,1,1,0.05,0.004,200000
3281,400,10.683,1,38,0,0,0,1,0.05,0.004,200000
3282,61,-6.955,1,27,0,1,0,0,0.05,0.004,200000
3283,66,-1.384,1,19,0,1,0,0,0.05,0.004,200000
3284,60,1.087,1,19,0,0,0,0,0.05,0.004,200000
3285,54,-6.92,0,12,0,1,0,0,0.05,0.004,200000
3286,212,-3.127,2,21,0,1,0,0,0.05,0.004,200000
3287,183,4.996,5,38,0,1,0,0,0.05,0.004,200000
3288,343,-3.027,2,30,0,1,0,0,0.05,0.004,200000
3289,243,1.565,2,47,0,1,0,0,0.05,0.004,200000
3290,400,11.967,2,42,0,0,0,1,0.05,0.004,200000
3291,209,9.354,4,40,0,0,0,0,0.05,0.004,200000
3292,35,-8.483,0,8,0,1,0,0,0.05,0.004,200000
3293,49,-0.856,2,10,0,0,0,0,0.05,0.004,200000
3294,64,-1.736,3,17,0,1,0,0,0.05,0.004,200000
3295,151,2.709,2,37,0,1,0,0,0.05,0.004,200000
3296,118,-2.076,2,39,0,1,0,0,0.05,0.004,200000
3297,140,2.296,4,40,0,1,0,0,0.05,0.004,200000
3298,161,5.465,3,43,0,1,0,0,0.05,0.004,200000
3299,400,25.091,5,68,0,0,1,1,0.05,0.004,200000
3300,400,15.356,2,21,1,0,1,1,0.05,0.004,200000
3301,33,-7.51,1,15,0,1,0,0,0.05,0.004,200000
3302,400,11.829,1,33,0,0,0,1,0.05,0.004,200000
3303,52,-3.106,2,19,0,1,0,0,0.05,0.004,200000
3304,177,-3.923,1,24,0,1,0,0,0.05,0.004,200000
3305,304,6.097,3,43,0,1,0,0,0.05,0.004,200000
3306,400,14.939,1,45,0,0,0,1,0.05,0.004,200000
3307,83,-2.706,3,24,0,1,0,0,0.05,0.004,200000
3308,27,-11.469,0,12,0,1,0,0,0.05,0.004,200000
3309,16,-8.496,0,5,0,1,0,0,0.05,0.004,200000
3310,94,1.725,2,19,0,0,0,0,0.05,0.004,200000
3311,218,1.879,3,37,0,1,0,0,0.05,0.004,200000
3312,42,-7.606,0,8,0,1,0,0,0.05,0.004,200000
3313,400,15.196,5,46,0,0,0,1,0.05,0.004,200000
3314,22,-8.207,0,8,0,1,0,0,0.05,0.004,200000
3315,143,-0.413,4,38,0,1,0,0,0.05,0.004,200000
3316,400,17.248,4,37,0,0,1,1,0.05,0.004,200000
3317,221,-8.428,1,15,0,1,0,0,0.05,0.004,200000
3318,52,-6.132,2,16,0,1,0,0,0.05,0.004,200000
3319,400,31.837,7,74,1,0,1,1,0.05,0.004,200000
3320,42,-7.099,1,18,0,1,0,0,0.05,0.004,200000
3321,104,1.415,4,21,0,1,0,0,0.05,0.004,200000
3322,400,18.356,3,32,0,0,1,1,0.05,0.004,200000
3323,7,-9.625,0,1,0,1,0,0,0.05,0.004,200000
3324,400,20.997,4,39,0,0,2,1,0.05,0.004,200000
3325,81,-0.908,0,14,0,0,0,0,0.05,0.004,200000
3326,103,-5.287,0,17,0,1,0,0,0.05,0.004,200000
3327,94,-0.94,3,27,0,1,0,0,0.05,0.004,200000
3328,216,6.984,3,31,0,0,0,0,0.05,0.004,200000
3329,165,0.577,4,39,0,1,0,0,0.05,0.004,200000
3330,92,-3.274,2,23,0,1,0,0,0.05,0.004,200000
3331,400,14.227,3,41,0,0,0,1,0.05,0.004,200000
3332,46,-4.871,2,16,0,1,0,0,0.05,0.004,200000
3333,400,18.091,7,51,1,0,0,1,0.05,0.004,200000
3334,400,12.322,4,46,0,0,0,1,0.05,0.004,200000
3335,14,-8.752,0,4,0,1,0,0,0.05,0.004,200000
3336,66,-4.321,1,23,0,1,0,0,0.05,0.004,200000
3337,15,-11.012,0,7,0,1,0,0,0.05,0.004,200000
3338,81,-2.495,2,23,0,1,0,0,0.05,0.004,200000
3339,400,17.302,5,50,0,0,0,1,0.05,0.004,200000
3340,7,-9.426,0,3,0,1,0,0,0.05,0.004,200000
3341,400,32.375,6,83,0,0,1,1,0.05,0.004,200000
3342,400,31.1,6,79,0,0,1,1,0.05,0.004,200000
3343,21,-10.683,0,8,0,1,0,0,0.05,0.004,200000
3344,400,22.333,3,52,0,0,1,1,0.05,0.004,200000
3345,150,6.939,3,55,0,1,1,0,0.05,0.004,200000
3346,13,-8.945,0,6,0,1,0,0,0.05,0.004,200000
3347,141,-3.775,0,27,0,1,0,0,0.05,0.004,200000
3348,70,2.906,2,19,0,0,0,0,0.05,0.004,200000
3349,5,-13.234,0,3,0,1,0,0,0.05,0.004,200000
3350,24,-10.35,1,5,0,1,0,0,0.05,0.004,200000
3351,64,-5.537,2,25,0,1,0,0,0.05,0.004,200000
3352,400,13.498,4,39,0,0,0,1,0.05,0.004,200000
3353,6,-9.442,0,2,0,1,0,0,0.05,0.004,200000
3354,7,-9.427,0,3,0,1,0,0,0.05,0.004,200000
3355,260,2.346,4,37,0,1,0,0,0.05,0.004,200000
3356,120,-2.472,2,25,1,1,0,0,0.05,0.004,200000
3357,218,0.045,2,27,0,1,0,0,0.05,0.004,200000
3358,203,3.144,3,41,0,1,0,0,0.05,0.004,200000
3359,31,-6.407,1,11,0,1,0,0,0.05,0.004,200000
3360,240,3.756,5,40,0,1,0,0,0.05,0.004,200000
3361,400,25.002,4,52,0,0,1,1,0.05,0.004,200000
3362,14,-9.256,0,3,0,1,0,0,0.05,0.004,200000
3363,400,3.11,0,27,0,0,0,1,0.05,0.004,200000
3364,158,4.763,4,37,0,1,0,0,0.05,0.004,200000
3365,200,2.793,4,49,0,1,0,0,0.05,0.004,200000
3366,400,16.14,4,55,0,0,0,1,0.05,0.004,200000
3367,152,3.716,2,25,0,0,0,0,0.05,0.004,200000
3368,58,-5.521,0,20,0,1,0,0,0.05,0.004,200000
3369,400,21.954,6,38,0,0,1,1,0.05,0.004,200000
3370,29,-6.151,1,9,0,1,0,0,0.05,0.004,200000
3371,286,9.2,2,40,0,0,0,0,0.05,0.004,200000
3372,15,-7.62,1,6,0,1,0,0,0.05,0.004,200000
3373,400,14.806,4,45,0,0,0,1,0.05,0.004,200000
3374,64,2.49,1,17,0,1,1,0,0.05,0.004,200000
3375,400,15.403,2,53,0,0,0,1,0.05,0.004,200000
3376,400,18.147,6,39,1,0,1,1,0.05,0.004,200000
3377,29,-8.311,0,10,0,1,0,0,0.05,0.004,200000
3378,6,-13.369,0,2,0,1,0,0,0.05,0.004,200000
3379,355,11.322,4,79,1,1,0,0,0.05,0.004,200000
3380,29,-7.61,0,11,0,1,0,0,0.05,0.004,200000
3381,106,1.84,4,28,0,1,0,0,0.05,0.004,200000
3382,162,4.329,1,31,0,1,1,0,0.05,0.004,200000
3383,38,-1.624,1,11,0,0,0,0,0.05,0.004,200000
3384,400,12.882,3,35,0,0,0,1,0.05,0.004,200000
3385,372,17.151,3,50,0,1,2,0,0.05,0.004,200000
3386,400,8.834,3,30,0,0,0,1,0.05,0.004,200000
3387,33,-14.194,0,3,0,1,0,0,0.05,0.004,200000
3388,400,13.955,2,38,0,0,0,1,0.05,0.004,200000
3389,42,-5.996,1,14,0,1,0,0,0.05,0.004,200000
3390,27,-8.084,1,11,0,1,0,0,0.05,0.004,200000
3391,68,-2.98,1,28,0,1,0,0,0.05,0.004,200000
3392,400,15.067,4,42,0,0,1,1,0.05,0.004,200000
3393,76,-4.636,0,14,0,1,0,0,0.05,0.004,200000
3394,124,4.199,1,30,0,0,0,0,0.05,0.004,200000
3395,50,-5.118,1,15,0,1,0,0,0.05,0.004,200000
3396,400,7.107,3,19,0,0,0,1,0.05,0.004,200000
3397,400,17.314,4,48,0,0,1,1,0.05,0.004,200000
3398,257,8.229,1,51,0,1,1,0,0.05,0.004,200000
3399,62,-6.596,0,15,0,1,0,0,0.05,0.004,200000
3400,26,-13.954,0,3,0,1,0,0,0.05,0.004,200000
3401,71,-4.855,0,20,0,1,0,0,0.05,0.004,200000
3402,43,-7.207,0,9,0,1,0,0,0.05,0.004,200000
3403,400,22.882,5,60,0,0,1,1,0.05,0.004,200000
3404,120,5.35,5,46,0,1,0,0,0.05,0.004,200000
3405,400,32.751,7,83,0,0,1,1,0.05,0.004,200000
3406,77,-0.266,3,24,0,1,0,0,0.05,0.004,200000
3407,25,-10.407,1,8,0,1,0,0,0.05,0.004,200000
3408,100,-0.188,4,30,0,1,0,0,0.05,0.004,200000
3409,20,-10.252,0,8,0,1,0,0,0.05,0.004,200000
3410,51,-4.179,1,15,0,1,0,0,0.05,0.004,200000
3411,14,-8.979,0,6,0,1,0,0,0.05,0.004,200000
3412,112,0.46,2,25,0,1,1,0,0.05,0.004,200000
3413,172,6.374,5,44,0,1,0,0,0.05,0.004,200000
3414,400,15.38,3,41,0,0,0,1,0.05,0.004,200000
3415,159,-1.718,2,34,0,1,0,0,0.05,0.004,200000
3416,72,2.052,3,22,1,1,1,0,0.05,0.004,200000
3417,226,10.617,4,51,0,0,0,0,0.05,0.004,200000
3418,175,5.609,4,44,0,1,0,0,0.05,0.004,200000
3419,228,11.633,7,43,0,0,0,0,0.05,0.004,200000
3420,134,-5.273,1,22,0,1,0,0,0.05,0.004,200000
3421,91,-0.557,2,26,0,1,0,0,0.05,0.004,200000
3422,400,21.511,6,53,0,0,1,1,0.05,0.004,200000
3423,242,3.448,1,45,0,1,0,0,0.05,0.004,200000
3424,51,-2.753,0,10,0,0,0,0,0.05,0.004,200000
3425,400,22.692,6,48,1,0,1,1,0.05,0.004,200000
3426,32,-7.04,0,11,0,1,0,0,0.05,0.004,200000
3427,96,-1.329,1,27,0,1,0,0,0.05,0.004,200000
3428,164,5.341,5,47,0,1,0,0,0.05,0.004,200000
3429,149,6.65,4,43,0,1,0,0,0.05,0.004,200000
3430,400,15.66,2,59,0,0,0,1,0.05,0.004,200000
3431,6,-9.392,0,3,0,1,0,0,0.05,0.004,200000
3432,120,1.799,1,37,0,1,1,0,0.05,0.004,200000
3433,52,-3.915,1,17,0,1,0,0,0.05,0.004,200000
3434,159,-0.592,4,40,0,1,0,0,0.05,0.004,200000
3435,400,11.834,2,37,0,0,1,1,0.05,0.004,200000
3436,17,-8.135,0,7,0,1,0,0,0.05,0.004,200000
3437,40,-5.999,0,16,0,1,0,0,0.05,0.004,200000
3438,159,-5.416,4,18,0,1,0,0,0.05,0.004,200000
3439,158,1.518,3,43,1,1,0,0,0.05,0.004,200000
3440,400,16.323,5,47,1,0,0,1,0.05,0.004,200000
3441,64,0.14,1,14,0,0,0,0,0.05,0.004,200000
3442,5,-13.134,0,4,0,1,0,0,0.05,0.004,200000
3443,219,0.738,4,40,1,1,0,0,0.05,0.004,200000
3444,116,1.023,1,24,0,0,0,0,0.05,0.004,200000
3445,305,3.122,3,37,0,1,0,0,0.05,0.004,200000
3446,192,11.177,4,51,0,0,0,0,0.05,0.004,200000
3447,161,5.215,4,41,0,1,0,0,0.05,0.004,200000
3448,101,-0.433,2,40,0,1,0,0,0.05,0.004,200000
3449,306,12.497,5,46,1,1,1,0,0.05,0.004,200000
3450,15,-7.174,1,4,0,1,0,0,0.05,0.004,200000
3451,54,-0.883,0,12,0,0,0,0,0.05,0.004,200000
3452,82,4.99,2,25,0,0,0,0,0.05,0.004,200000
3453,156,6.106,4,33,0,1,0,0,0.05,0.004,200000
3454,40,-0.683,1,11,0,0,0,0,0.05,0.004,200000
3455,54,-9.87,1,14,0,1,0,0,0.05,0.004,200000
3456,165,3.032,2,55,0,1,0,0,0.05,0.004,200000
3457,7,-9.427,0,3,0,1,0,0,0.05,0.004,200000
3458,7,-9.6,0,1,0,1,0,0,0.05,0.004,200000
3459,81,1.394,1,17,0,0,0,0,0.05,0.004,200000
3460,400,30.79,6,82,1,0,1,1,0.05,0.004,200000
3461,6,-9.515,0,2,0,1,0,0,0.05,0.004,200000
3462,171,13.735,3,42,0,0,1,0,0.05,0.004,200000
3463,400,20.077,4,43,0,0,1,1,0.05,0.004,200000
3464,146,3.265,3,29,0,1,0,0,0.05,0.004,200000
3465,118,2.326,1,26,0,0,0,0,0.05,0.004,200000
3466,14,-12.607,0,3,0,1,0,0,0.05,0.004,200000
3467,319,9.194,7,52,0,1,0,0,0.05,0.004,200000
3468,287,6.037,5,38,0,1,0,0,0.05,0.004,200000
3469,72,-4.341,0,18,0,1,0,0,0.05,0.004,200000
3470,400,5.669,1,26,0,0,0,1,0.05,0.004,200000
3471,81,-3.944,3,24,0,1,0,0,0.05,0.004,200000
3472,38,-6.863,0,13,0,1,0,0,0.05,0.004,200000
3473,146,0.375,1,33,0,1,0,0,0.05,0.004,200000
3474,400,20.806,5,60,0,0,1,1,0.05,0.004,200000
3475,29,-7.992,0,8,0,1,0,0,0.05,0.004,200000
3476,148,2.033,3,37,0,1,0,0,0.05,0.004,200000
3477,40,-6.543,1,11,0,1,0,0,0.05,0.004,200000
3478,13,-12.842,0,3,0,1,0,0,0.05,0.004,200000
3479,211,0.867,1,39,1,1,0,0,0.05,0.004,200000
3480,54,-5.863,1,22,0,1,0,0,0.05,0.004,200000
3481,78,-3.318,4,22,0,1,0,0,0.05,0.004,200000
3482,111,0.287,3,29,0,1,0,0,0.05,0.004,200000
3483,162,4.121,4,39,0,1,0,0,0.05,0.004,200000
3484,400,15.733,4,47,0,0,0,1,0.05,0.004,200000
3485,60,-4.723,0,24,0,1,0,0,0.05,0.004,200000
3486,400,15.047,3,54,0,0,0,1,0.05,0.004,200000
3487,37,-8.89,1,11,0,1,0,0,0.05,0.004,200000
3488,13,-9.294,0,6,0,1,0,0,0.05,0.004,200000
3489,91,-2.606,1,27,0,1,0,0,0.05,0.004,200000
3490,88,2.704,2,25,0,0,0,0,0.05,0.004,200000
3491,400,16.043,6,45,0,0,0,1,0.05,0.004,200000
3492,400,12.488,5,42,0,0,0,1,0.05,0.004,200000
3493,162,-0.187,3,25,0,1,0,0,0.05,0.004,200000
3494,170,12.243,5,49,0,1,1,0,0.05,0.004,200000
3495,17,-8.333,0,5,0,1,0,0,0.05,0.004,200000
3496,400,21.05,8,46,0,0,0,1,0.05,0.004,200000
3497,400,14.142,4,39,0,0,0,1,0.05,0.004,200000
3498,400,15.429,4,51,0,0,0,1,0.05,0.004,200000
3499,222,3.667,4,26,0,1,0,0,0.05,0.004,200000
3500,283,4.257,3,45,0,1,0,0,0.05,0.004,200000
3501,73,-4.84,0,16,0,1,0,0,0.05,0.004,200000
3502,400,19.909,5,48,0,0,0,1,0.05,0.004,200000
3503,263,-6.435,0,18,0,1,0,0,0.05,0.004,200000
3504,22,-8.208,0,8,0,1,0,0,0.05,0.004,200000
3505,21,-12.028,0,9,0,1,0,0,0.05,0.004,200000
3506,67,-3.687,2,27,0,1,0,0,0.05,0.004,200000
3507,400,19.877,3,49,0,0,1,1,0.05,0.004,200000
3508,400,16.173,4,46,1,0,0,1,0.05,0.004,200000
3509,400,22.786,3,52,0,0,1,1,0.05,0.004,200000
3510,159,11.816,6,35,0,0,0,0,0.05,0.004,200000
3511,273,4.714,3,52,0,1,0,0,0.05,0.004,200000
3512,400,16.765,4,44,0,0,0,1,0.05,0.004,200000
3513,365,2.836,2,35,0,1,0,0,0.05,0.004,200000
3514,296,12.902,4,60,0,1,1,0,0.05,0.004,200000
3515,14,-10.877,0,8,0,1,0,0,0.05,0.004,200000
3516,68,-3.347,1,20,0,1,0,0,0.05,0.004,200000
3517,304,17.206,5,42,2,1,2,0,0.05,0.004,200000
3518,400,16.122,5,56,0,0,0,1,0.05,0.004,200000
3519,400,15.434,4,51,0,0,1,1,0.05,0.004,200000
3520,23,-8.332,0,9,0,1,0,0,0.05,0.004,200000
3521,73,-2.99,1,25,0,1,0,0,0.05,0.004,200000
3522,86,6.442,3,26,0,0,0,0,0.05,0.004,200000
3523,313,28.377,6,65,0,0,1,1,0.05,0.004,200000
3524,400,17.434,4,45,0,0,1,1,0.05,0.004,200000
3525,121,2.455,2,29,0,0,0,0,0.05,0.004,200000
3526,54,-10.227,0,9,0,1,0,0,0.05,0.004,200000
3527,99,-2.276,3,26,0,1,0,0,0.05,0.004,200000
3528,40,-6.685,2,15,0,1,0,0,0.05,0.004,200000
3529,187,0.163,5,31,0,1,0,0,0.05,0.004,200000
3530,400,13.618,4,45,0,0,0,1,0.05,0.004,200000
3531,174,-5.821,1,18,0,1,0,0,0.05,0.004,200000
3532,22,-11.543,0,7,0,1,0,0,0.05,0.004,200000
3533,400,12.385,3,38,0,0,0,1,0.05,0.004,200000
3534,163,0.607,0,39,0,1,0,0,0.05,0.004,200000
3535,171,8.257,1,48,0,1,1,0,0.05,0.004,200000
3536,140,-2.423,2,30,0,1,0,0,0.05,0.004,200000
3537,400,20.667,7,52,0,0,0,1,0.05,0.004,200000
3538,101,2.718,2,22,0,0,0,0,0.05,0.004,200000
3539,68,-13.725,0,2,0,1,0,0,0.05,0.004,200000
3540,254,2.82,3,44,0,1,0,0,0.05,0.004,200000
3541,41,-5.787,1,10,0,1,0,0,0.05,0.004,200000
3542,14,-10.828,0,8,0,1,0,0,0.05,0.004,200000
3543,5,-13.234,0,3,0,1,0,0,0.05,0.004,200000
3544,130,3.208,2,20,0,0,0,0,0.05,0.004,200000
3545,23,-10.881,0,5,0,1,0,0,0.05,0.004,200000
3546,89,2.982,3,41,0,1,0,0,0.05,0.004,200000
3547,72,-1.641,4,20,0,1,0,0,0.05,0.004,200000
3548,400,22.333,6,48,0,0,1,1,0.05,0.004,200000
3549,22,-8.187,0,8,0,1,0,0,0.05,0.004,200000
3550,337,1.42,3,46,0,1,0,0,0.05,0.004,200000
3551,400,13.984,5,38,0,0,0,1,0.05,0.004,200000
3552,400,32.705,4,67,0,0,2,1,0.05,0.004,200000
3553,85,-4.941,0,16,0,1,0,0,0.05,0.004,200000
3554,51,-0.651,0,14,0,0,0,0,0.05,0.004,200000
3555,88,4.118,2,33,0,0,0,0,0.05,0.004,200000
3556,400,17.798,6,60,0,0,0,1,0.05,0.004,200000
3557,400,13.982,3,50,0,0,0,1,0.05,0.004,200000
3558,34,-9.836,1,11,0,1,0,0,0.05,0.004,200000
3559,400,17.437,5,56,1,0,0,1,0.05,0.004,200000
3560,161,12.024,2,47,2,0,1,0,0.05,0.004,200000
3561,140,7.804,7,38,0,1,0,0,0.05,0.004,200000
3562,134,8.041,5,21,0,0,0,0,0.05,0.004,200000
3563,24,-8.716,1,11,0,1,0,0,0.05,0.004,200000
3564,6,-9.442,0,2,0,1,0,0,0.05,0.004,200000
3565,7,-9.136,0,2,0,1,0,0,0.05,0.004,200000
3566,106,5.245,2,32,0,0,0,0,0.05,0.004,200000
3567,48,-4.81,0,18,0,1,0,0,0.05,0.004,200000
3568,20,-6.095,2,8,0,1,0,0,0.05,0.004,200000
3569,13,-8.559,0,6,0,1,0,0,0.05,0.004,200000
3570,107,-0.185,2,32,0,1,0,0,0.05,0.004,200000
3571,103,1.858,2,38,0,1,0,0,0.05,0.004,200000
3572,115,2.529,4,32,0,1,0,0,0.05,0.004,200000
3573,83,-1.047,1,11,0,0,0,0,0.05,0.004,200000
3574,5,-13.234,0,3,0,1,0,0,0.05,0.004,200000
3575,204,1.53,3,43,0,1,0,0,0.05,0.004,200000
3576,400,10.415,2,36,0,0,0,1,0.05,0.004,200000
3577,400,24.686,4,59,0,0,1,1,0.05,0.004,200000
3578,260,4.71,2,43,0,1,0,0,0.05,0.004,200000
3579,25,-7.163,1,7,0,1,0,0,0.05,0.004,200000
3580,20,-8.441,0,5,0,1,0,0,0.05,0.004,200000
3581,26,-11.676,0,9,0,1,0,0,0.05,0.004,200000
3582,78,-3.607,2,32,0,1,0,0,0.05,0.004,200000
3583,30,-9.37,2,9,0,1,0,0,0.05,0.004,200000
3584,15,-13.597,0,3,0,1,0,0,0.05,0.004,200000
3585,286,7.371,4,44,0,1,0,0,0.05,0.004,200000
3586,14,-9.156,0,4,0,1,0,0,0.05,0.004,200000
3587,6,-9.415,0,3,0,1,0,0,0.05,0.004,200000
3588,218,9.959,2,47,0,1,1,0,0.05,0.004,200000
3589,333,16.587,4,41,0,0,0,1,0.05,0.004,200000
3590,88,-5.078,0,21,0,1,0,0,0.05,0.004,200000
3591,175,5.093,3,40,0,1,0,0,0.05,0.004,200000
3592,73,-2.234,2,17,0,1,0,0,0.05,0.004,200000
3593,94,5.381,3,27,0,0,0,0,0.05,0.004,200000
3594,171,4.62,2,45,0,1,1,0,0.05,0.004,200000
3595,22,-8.369,0,10,0,1,0,0,0.05,0.004,200000
3596,400,14.589,2,46,0,0,0,1,0.05,0.004,200000
3597,157,8.056,5,34,0,0,0,0,0.05,0.004,200000
3598,86,2.367,5,33,1,1,0,0,0.05,0.004,200000
3599,52,-3.796,2,14,0,1,0,0,0.05,0.004,200000
3600,206,6.4,3,35,0,1,0,0,0.05,0.004,200000
3601,117,4.955,2,30,0,1,1,0,0.05,0.004,200000
3602,124,1.223,2,35,0,1,0,0,0.05,0.004,200000
3603,52,-5.047,1,18,0,1,0,0,0.05,0.004,200000
3604,30,-6.038,1,12,0,1,0,0,0.05,0.004,200000
3605,22,-7.928,0,9,0,1,0,0,0.05,0.004,200000
3606,6,-9.392,0,3,0,1,0,0,0.05,0.004,200000
3607,12,-10.481,0,4,0,1,0,0,0.05,0.004,200000
3608,158,2.705,3,43,0,1,0,0,0.05,0.004,200000
3609,400,22.161,2,61,0,0,1,1,0.05,0.004,200000
3610,80,-3.266,2,18,0,1,0,0,0.05,0.004,200000
3611,69,-5.159,0,25,0,1,0,0,0.05,0.004,200000
3612,251,12.161,5,46,0,0,0,0,0.05,0.004,200000
3613,83,-2.193,1,24,0,1,0,0,0.05,0.004,200000
3614,98,-7.377,0,12,0,1,0,0,0.05,0.004,200000
3615,30,-7.791,0,11,0,1,0,0,0.05,0.004,200000
3616,62,-4.965,1,25,0,1,0,0,0.05,0.004,200000
3617,191,-5.506,2,21,0,1,0,0,0.05,0.004,200000
3618,181,10.032,3,49,0,0,0,0,0.05,0.004,200000
3619,141,3.474,4,33,0,1,0,0,0.05,0.004,200000
3620,400,20.537,4,47,1,0,1,1,0.05,0.004,200000
3621,7,-9.237,0,1,0,1,0,0,0.05,0.004,200000
3622,139,9.903,5,36,0,1,1,0,0.05,0.004,200000
3623,137,3.294,2,23,0,0,0,0,0.05,0.004,200000
3624,15,-11.276,0,4,0,1,0,0,0.05,0.004,200000
3625,164,13.449,6,45,0,0,0,0,0.05,0.004,200000
3626,400,20.441,3,44,0,0,1,1,0.05,0.004,200000
3627,400,25.981,6,62,1,0,1,1,0.05,0.004,200000
3628,13,-12.28,0,5,0,1,0,0,0.05,0.004,200000
3629,5,-13.134,0,4,0,1,0,0,0.05,0.004,200000
3630,86,-2.426,2,34,0,1,0,0,0.05,0.004,200000
3631,188,10.682,2,45,0,1,1,0,0.05,0.004,200000
3632,7,-9.525,0,2,0,1,0,0,0.05,0.004,200000
3633,21,-11.825,0,8,0,1,0,0,0.05,0.004,200000
3634,64,-6.597,0,9,0,1,0,0,0.05,0.004,200000
3635,400,39.002,6,87,0,0,2,1,0.05,0.004,200000
3636,349,15.64,8,64,0,1,1,0,0.05,0.004,200000
3637,7,-10.112,0,1,0,1,0,0,0.05,0.004,200000
3638,14,-11.077,0,6,0,1,0,0,0.05,0.004,200000
3639,38,-6.602,0,13,0,1,0,0,0.05,0.004,200000
3640,74,-1.472,4,17,0,1,0,0,0.05,0.004,200000
3641,130,-7.388,1,21,0,1,0,0,0.05,0.004,200000
3642,112,0.925,2,34,0,1,0,0,0.05,0.004,200000
3643,44,-7.195,2,20,0,1,0,0,0.05,0.004,200000
3644,223,7.331,3,51,0,1,1,0,0.05,0.004,200000
3645,145,1.181,2,28,0,1,0,0,0.05,0.004,200000
3646,211,5.974,3,50,0,1,0,0,0.05,0.004,200000
3647,162,7.656,4,30,0,1,1,0,0.05,0.004,200000
3648,225,5.33,6,45,0,1,0,0,0.05,0.004,200000
3649,141,9.355,4,49,0,0,0,0,0.05,0.004,200000
3650,15,-7.939,0,9,0,1,0,0,0.05,0.004,200000
3651,400,15.542,5,40,0,0,0,1,0.05,0.004,200000
3652,186,4.687,1,42,0,1,1,0,0.05,0.004,200000
3653,54,-5.805,0,15,0,1,0,0,0.05,0.004,200000
3654,30,-7.712,1,11,0,1,0,0,0.05,0.004,200000
3655,159,12.167,1,41,0,0,1,0,0.05,0.004,200000
3656,181,-0.021,0,23,0,0,0,0,0.05,0.004,200000
3657,30,-6.774,0,12,0,1,0,0,0.05,0.004,200000
3658,400,15.869,2,45,0,0,0,1,0.05,0.004,200000
3659,232,13.052,4,56,0,1,1,0,0.05,0.004,200000
3660,277,10.598,4,45,0,1,1,0,0.05,0.004,200000
3661,6,-9.592,0,1,0,1,0,0,0.05,0.004,200000
3662,220,6.019,3,64,0,1,0,0,0.05,0.004,200000
3663,400,27.187,7,56,0,0,1,1,0.05,0.004,200000
3664,13,-9.394,0,5,0,1,0,0,0.05,0.004,200000
3665,5,-13.234,0,3,0,1,0,0,0.05,0.004,200000
3666,228,3.883,3,40,0,1,0,0,0.05,0.004,200000
3667,101,0.029,3,22,1,1,0,0,0.05,0.004,200000
3668,62,-3.823,1,21,0,1,0,0,0.05,0.004,200000
3669,90,-3.725,1,17,0,1,0,0,0.05,0.004,200000
3670,78,-3.463,0,29,0,1,0,0,0.05,0.004,200000
3671,400,15.225,5,38,0,0,1,1,0.05,0.004,200000
3672,122,-1.187,1,25,0,1,0,0,0.05,0.004,200000
3673,188,9.372,4,67,0,1,0,0,0.05,0.004,200000
3674,190,-3.097,2,35,0,1,0,0,0.05,0.004,200000
3675,69,-6.731,0,23,0,1,0,0,0.05,0.004,200000
3676,36,-8.864,1,15,0,1,0,0,0.05,0.004,200000
3677,236,7.359,3,56,0,1,0,0,0.05,0.004,200000
3678,265,7.298,4,51,0,1,0,0,0.05,0.004,200000
3679,400,19.997,5,57,0,0,0,1,0.05,0.004,200000
3680,117,-1.065,1,31,0,1,0,0,0.05,0.004,200000
3681,30,-7.296,0,12,0,1,0,0,0.05,0.004,200000
3682,191,1.022,2,27,0,1,0,0,0.05,0.004,200000
3683,81,-4.717,1,23,0,1,0,0,0.05,0.004,200000
3684,175,3.295,4,41,0,1,0,0,0.05,0.004,200000
3685,400,24.232,6,57,0,0,1,1,0.05,0.004,200000
3686,400,22.629,5,49,0,0,1,1,0.05,0.004,200000
3687,18,-8.992,2,8,0,1,0,0,0.05,0.004,200000
3688,281,5.263,1,44,0,1,1,0,0.05,0.004,200000
3689,26,-9.166,1,11,0,1,0,0,0.05,0.004,200000
3690,400,36.475,6,81,0,0,2,1,0.05,0.004,200000
3691,145,-0.091,4,38,0,1,0,0,0.05,0.004,200000
3692,247,5.637,1,63,0,1,0,0,0.05,0.004,200000
3693,88,-0.737,2,32,0,1,0,0,0.05,0.004,200000
3694,135,-2.03,1,33,0,1,0,0,0.05,0.004,200000
3695,6,-9.492,0,2,0,1,0,0,0.05,0.004,200000
3696,45,-3.683,2,16,0,1,0,0,0.05,0.004,200000
3697,308,14.511,4,53,0,1,1,0,0.05,0.004,200000
3698,400,9.704,1,28,0,0,0,1,0.05,0.004,200000
3699,136,5.579,2,38,0,0,0,0,0.05,0.004,200000
3700,100,1.186,4,28,0,1,0,0,0.05,0.004,200000
3701,264,4.154,4,42,0,1,0,0,0.05,0.004,200000
3702,400,20.534,7,58,0,0,0,1,0.05,0.004,200000
3703,55,-6.935,1,17,0,1,0,0,0.05,0.004,200000
3704,28,-6.67,1,11,0,1,0,0,0.05,0.004,200000
3705,400,18.307,3,47,0,0,1,1,0.05,0.004,200000
3706,250,19.695,6,52,0,1,2,0,0.05,0.004,200000
3707,7,-9.731,0,2,0,1,0,0,0.05,0.004,200000
3708,65,-1.704,2,23,0,1,0,0,0.05,0.004,200000
3709,369,11.394,5,41,0,1,1,0,0.05,0.004,200000
3710,400,26.969,6,78,0,0,0,1,0.05,0.004,200000
3711,400,15.534,4,47,0,0,0,1,0.05,0.004,200000
3712,400,22.645,5,61,0,0,1,1,0.05,0.004,200000
3713,227,2.591,3,40,1,1,0,0,0.05,0.004,200000
3714,60,0.921,1,12,0,0,0,0,0.05,0.004,200000
3715,400,31.552,6,67,0,0,2,1,0.05,0.004,200000
3716,224,10.698,4,49,0,1,1,0,0.05,0.004,200000
3717,361,16.745,5,56,0,1,1,0,0.05,0.004,200000
3718,328,8.746,6,62,0,1,0,0,0.05,0.004,200000
3719,21,-9.104,1,6,0,1,0,0,0.05,0.004,200000
3720,14,-9.157,0,4,0,1,0,0,0.05,0.004,200000
3721,240,14.134,3,62,0,0,0,0,0.05,0.004,200000
3722,150,-1.385,3,31,2,1,0,0,0.05,0.004,200000
3723,246,7.856,3,39,0,0,0,0,0.05,0.004,200000
3724,46,-0.847,0,14,0,0,0,0,0.05,0.004,200000
3725,70,-3.885,0,25,0,1,0,0,0.05,0.004,200000
3726,43,-8.334,1,12,0,1,0,0,0.05,0.004,200000
3727,53,-8.011,1,17,0,1,0,0,0.05,0.004,200000
3728,68,-4.565,1,26,0,1,0,0,0.05,0.004,200000
3729,49,-6.592,0,15,0,1,0,0,0.05,0.004,200000
3730,5,-9.035,0,2,0,1,0,0,0.05,0.004,200000
3731,65,-7.145,1,20,0,1,0,0,0.05,0.004,200000
3732,22,-11.719,0,9,0,1,0,0,0.05,0.004,200000
3733,94,-1.075,1,30,0,1,0,0,0.05,0.004,200000
3734,158,5.077,4,49,0,1,0,0,0.05,0.004,200000
3735,313,9.659,5,45,0,1,0,0,0.05,0.004,200000
3736,400,25.232,5,78,0,0,1,1,0.05,0.004,200000
3737,15,-8.186,0,6,0,1,0,0,0.05,0.004,200000
3738,22,-8.466,0,9,0,1,0,0,0.05,0.004,200000
3739,172,11.921,5,52,0,0,0,0,0.05,0.004,200000
3740,143,-3.208,0,25,0,1,0,0,0.05,0.004,200000
3741,46,-6.861,1,20,0,1,0,0,0.05,0.004,200000
3742,76,0.709,3,26,0,1,0,0,0.05,0.004,200000
3743,81,-2.126,1,21,0,1,0,0,0.05,0.004,200000
3744,12,-11.423,0,6,0,1,0,0,0.05,0.004,200000
3745,43,-5.647,1,14,0,1,0,0,0.05,0.004,200000
3746,126,4.432,4,30,0,0,0,0,0.05,0.004,200000
3747,97,3.817,2,16,0,0,0,0,0.05,0.004,200000
3748,8,-9.93,0,3,0,1,0,0,0.05,0.004,200000
3749,145,2.243,3,44,0,1,0,0,0.05,0.004,200000
3750,52,-0.395,0,16,0,0,0,0,0.05,0.004,200000
3751,29,-7.962,0,11,0,1,0,0,0.05,0.004,200000
3752,70,-5.294,3,22,0,1,0,0,0.05,0.004,200000
3753,46,-7.017,1,21,0,1,0,0,0.05,0.004,200000
3754,63,1.798,1,20,0,0,0,0,0.05,0.004,200000
3755,119,2.788,3,21,0,0,0,0,0.05,0.004,200000
3756,400,16.77,4,60,0,0,0,1,0.05,0.004,200000
3757,243,8.696,7,62,0,1,0,0,0.05,0.004,200000
3758,178,6.5,4,44,0,1,1,0,0.05,0.004,200000
3759,6,-9.392,0,3,0,1,0,0,0.05,0.004,200000
3760,97,1.851,3,32,0,1,0,0,0.05,0.004,200000
3761,118,-3.482,3,27,0,1,0,0,0.05,0.004,200000
3762,400,11.089,1,52,1,0,0,1,0.05,0.004,200000
3763,111,0.632,1,36,0,1,0,0,0.05,0.004,200000
3764,307,10.573,6,42,0,0,0,0,0.05,0.004,200000
3765,307,8.52,4,41,0,1,0,0,0.05,0.004,200000
3766,129,7.165,4,36,0,0,0,0,0.05,0.004,200000
3767,12,-8.816,0,3,0,1,0,0,0.05,0.004,200000
3768,400,37.412,8,91,0,0,1,1,0.05,0.004,200000
3769,15,-8.037,0,8,0,1,0,0,0.05,0.004,200000
3770,177,-5.029,1,22,0,1,0,0,0.05,0.004,200000
3771,99,-0.931,1,30,0,1,0,0,0.05,0.004,200000
3772,92,3.297,1,31,0,0,0,0,0.05,0.004,200000
3773,7,-10.012,0,2,0,1,0,0,0.05,0.004,200000
3774,15,-7.361,1,4,0,1,0,0,0.05,0.004,200000
3775,400,38.431,7,100,0,0,1,1,0.05,0.004,200000
3776,27,-11.038,0,13,0,1,0,0,0.05,0.004,200000
3777,144,4.268,3,24,0,0,0,0,0.05,0.004,200000
3778,259,9.556,4,52,0,1,0,0,0.05,0.004,200000
3779,13,-12.48,0,3,0,1,0,0,0.05,0.004,200000
3780,83,-3.55,0,18,0,1,0,0,0.05,0.004,200000
3781,54,-3.733,1,18,0,1,0,0,0.05,0.004,200000
3782,251,29.44,5,51,0,0,2,1,0.05,0.004,200000
3783,80,4.198,2,30,0,0,0,0,0.05,0.004,200000
3784,86,-7.101,1,20,0,1,0,0,0.05,0.004,200000
3785,400,25.753,3,61,0,0,1,1,0.05,0.004,200000
3786,87,-3.548,2,21,0,1,0,0,0.05,0.004,200000
3787,212,2.275,2,39,0,1,0,0,0.05,0.004,200000
3788,149,4.481,6,39,0,1,0,0,0.05,0.004,200000
3789,24,-7.457,1,8,0,1,0,0,0.05,0.004,200000
3790,216,10.273,4,38,0,0,0,0,0.05,0.004,200000
3791,81,0.587,1,15,0,0,0,0,0.05,0.004,200000
3792,83,4.361,3,20,0,0,0,0,0.05,0.004,200000
3793,26,-7.86,1,6,0,1,0,0,0.05,0.004,200000
3794,167,12.525,4,56,0,1,1,0,0.05,0.004,200000
3795,31,-7.249,0,14,0,1,0,0,0.05,0.004,200000
3796,131,-4.111,0,25,0,1,0,0,0.05,0.004,200000
3797,251,2.622,3,46,0,1,0,0,0.05,0.004,200000
3798,400,8.966,2,32,0,0,0,1,0.05,0.004,200000
3799,57,-6.491,2,15,0,1,0,0,0.05,0.004,200000
3800,117,7.589,3,42,0,0,0,0,0.05,0.004,200000
3801,400,17.278,1,44,0,0,1,1,0.05,0.004,200000
3802,111,0.356,3,24,0,1,0,0,0.05,0.004,200000
3803,400,13.654,2,45,0,0,0,1,0.05,0.004,200000
3804,68,1.552,3,17,0,0,0,0,0.05,0.004,200000
3805,68,-1.949,2,28,0,1,0,0,0.05,0.004,200000
3806,47,-6.411,3,18,0,1,0,0,0.05,0.004,200000
3807,40,-4.809,1,11,0,1,0,0,0.05,0.004,200000
3808,255,8.95,2,40,0,1,1,0,0.05,0.004,200000
3809,14,-10.851,0,4,0,1,0,0,0.05,0.004,200000
3810,152,11.681,5,40,0,1,1,0,0.05,0.004,200000
3811,15,-7.595,0,8,0,1,0,0,0.05,0.004,200000
3812,59,-6.543,0,18,0,1,0,0,0.05,0.004,200000
3813,386,18.555,5,71,0,1,1,0,0.05,0.004,200000
3814,186,5.757,3,44,0,1,0,0,0.05,0.004,200000
3815,156,0.206,3,30,0,1,0,0,0.05,0.004,200000
3816,95,-1.066,2,24,1,1,0,0,0.05,0.004,200000
3817,285,4.254,3,45,0,1,0,0,0.05,0.004,200000
3818,88,-0.318,2,18,0,1,0,0,0.05,0.004,200000
3819,400,15.435,2,45,0,0,0,1,0.05,0.004,200000
3820,152,8.418,2,38,0,0,0,0,0.05,0.004,200000
3821,172,7.155,6,44,0,1,0,0,0.05,0.004,200000
3822,209,4.491,4,41,0,1,0,0,0.05,0.004,200000
3823,311,21.034,5,60,0,0,0,1,0.05,0.004,200000
3824,22,-11.636,0,12,0,1,0,0,0.05,0.004,200000
3825,400,30.844,6,57,1,0,2,1,0.05,0.004,200000
3826,13,-8.62,0,5,0,1,0,0,0.05,0.004,200000
3827,106,-3.364,1,31,0,1,0,0,0.05,0.004,200000
3828,76,-2.206,1,21,0,1,0,0,0.05,0.004,200000
3829,155,-3.381,0,29,0,1,0,0,0.05,0.004,200000
3830,400,17.399,5,47,0,0,0,1,0.05,0.004,200000
3831,25,-9.451,1,10,0,1,0,0,0.05,0.004,200000
3832,32,-6.839,0,12,0,1,0,0,0.05,0.004,200000
3833,5,-12.689,0,2,0,1,0,0,0.05,0.004,200000
3834,271,0.441,3,39,0,1,0,0,0.05,0.004,200000
3835,400,16.497,7,47,0,0,0,1,0.05,0.004,200000
3836,248,5.52,4,46,0,1,0,0,0.05,0.004,200000
3837,141,6.56,4,47,0,1,0,0,0.05,0.004,200000
3838,112,7.882,3,39,0,0,0,0,0.05,0.004,200000
3839,125,6.932,2,29,0,0,0,0,0.05,0.004,200000
3840,90,-2.992,3,23,0,1,0,0,0.05,0.004,200000
3841,40,-9.273,0,13,0,1,0,0,0.05,0.004,200000
3842,120,7.325,3,32,0,1,1,0,0.05,0.004,200000
3843,279,1.631,2,44,1,1,0,0,0.05,0.004,200000
3844,40,-3.268,3,13,0,1,0,0,0.05,0.004,200000
3845,20,-10.323,2,7,0,1,0,0,0.05,0.004,200000
3846,66,-3.825,0,23,0,1,0,0,0.05,0.004,200000
3847,40,-5.504,1,14,0,1,0,0,0.05,0.004,200000
3848,400,12.963,4,42,0,0,0,1,0.05,0.004,200000
3849,86,-4.451,2,21,0,1,0,0,0.05,0.004,200000
3850,51,-3.257,2,17,0,1,0,0,0.05,0.004,200000
3851,126,9.915,5,33,0,0,0,0,0.05,0.004,200000
3852,274,6.557,3,28,0,0,0,0,0.05,0.004,200000
3853,204,4.21,3,43,0,1,0,0,0.05,0.004,200000
3854,359,9.6,5,45,0,1,0,0,0.05,0.004,200000
3855,360,15.902,2,65,0,1,1,0,0.05,0.004,200000
3856,16,-7.405,1,6,0,1,0,0,0.05,0.004,200000
3857,82,-2.279,1,29,0,1,0,0,0.05,0.004,200000
3858,35,-8.051,1,11,0,1,0,0,0.05,0.004,200000
3859,400,34.808,5,71,0,0,2,1,0.05,0.004,200000
3860,23,-9.492,1,6,0,1,0,0,0.05,0.004,200000
3861,222,18.471,5,43,0,1,2,0,0.05,0.004,200000
3862,400,24.018,6,77,0,0,0,1,0.05,0.004,200000
3863,97,-2.081,2,21,0,1,0,0,0.05,0.004,200000
3864,371,19.546,7,75,0,1,1,0,0.05,0.004,200000
3865,17,-7.34,1,7,0,1,0,0,0.05,0.004,200000
3866,5,-13.234,0,3,0,1,0,0,0.05,0.004,200000
3867,7,-9.427,0,3,0,1,0,0,0.05,0.004,200000
3868,152,-1.858,1,38,0,1,0,0,0.05,0.004,200000
3869,51,-8.249,1,15,0,1,0,0,0.05,0.004,200000
3870,158,2.522,4,44,0,1,0,0,0.05,0.004,200000
3871,173,9.829,2,49,0,1,1,0,0.05,0.004,200000
3872,213,13.332,5,46,0,1,1,0,0.05,0.004,200000
3873,400,12.71,1,40,0,0,0,1,0.05,0.004,200000
3874,258,18.126,5,56,0,0,1,0,0.05,0.004,200000
3875,189,9.644,6,49,0,1,0,0,0.05,0.004,200000
3876,23,-8.087,0,9,0,1,0,0,0.05,0.004,200000
3877,400,10.465,2,30,0,0,0,1,0.05,0.004,200000
3878,400,17.743,6,46,0,0,0,1,0.05,0.004,200000
3879,118,-2.136,3,32,0,1,0,0,0.05,0.004,200000
3880,23,-10.865,1,7,0,1,0,0,0.05,0.004,200000
3881,62,-3.641,2,16,0,1,0,0,0.05,0.004,200000
3882,400,10.599,1,47,0,0,0,1,0.05,0.004,200000
3883,241,4.987,5,35,0,1,0,0,0.05,0.004,200000
3884,114,6.824,2,41,0,0,0,0,0.05,0.004,200000
3885,50,-7.119,1,19,0,1,0,0,0.05,0.004,200000
3886,131,5.297,3,38,0,1,1,0,0.05,0.004,200000
3887,400,12.335,5,32,0,0,0,1,0.05,0.004,200000
3888,400,22.127,2,56,0,0,1,1,0.05,0.004,200000
3889,39,-3.847,1,14,0,1,0,0,0.05,0.004,200000
3890,41,-2.977,1,18,0,1,0,0,0.05,0.004,200000
3891,20,-8.082,0,9,0,1,0,0,0.05,0.004,200000
3892,142,4.807,2,36,0,0,0,0,0.05,0.004,200000
3893,291,4.452,4,45,0,1,0,0,0.05,0.004,200000
3894,63,-0.726,0,17,1,0,0,0,0.05,0.004,200000
3895,45,-6.97,0,12,0,1,0,0,0.05,0.004,200000
3896,241,9.111,6,49,0,1,0,0,0.05,0.004,200000
3897,82,-0.937,1,30,0,1,0,0,0.05,0.004,200000
3898,400,19.042,5,37,0,0,1,1,0.05,0.004,200000
3899,321,27.604,4,74,0,0,1,1,0.05,0.004,200000
3900,117,5.748,2,37,0,0,0,0,0.05,0.004,200000
3901,400,17.078,5,46,0,0,0,1,0.05,0.004,200000
3902,359,10.697,2,56,0,1,1,0,0.05,0.004,200000
3903,122,-1.995,1,36,0,1,0,0,0.05,0.004,200000
3904,24,-7.994,0,9,0,1,0,0,0.05,0.004,200000
3905,15,-10.89,0,9,0,1,0,0,0.05,0.004,200000
3906,400,19.492,4,42,0,0,1,1,0.05,0.004,200000
3907,6,-9.492,0,2,0,1,0,0,0.05,0.004,200000
3908,288,10.842,3,41,0,1,1,0,0.05,0.004,200000
3909,104,-1.081,1,29,0,1,0,0,0.05,0.004,200000
3910,13,-8.727,0,4,0,1,0,0,0.05,0.004,200000
3911,143,6.295,2,35,0,1,1,0,0.05,0.004,200000
3912,95,2.354,4,36,0,1,0,0,0.05,0.004,200000
3913,400,18.461,4,57,0,0,0,1,0.05,0.004,200000
3914,87,-0.439,1,25,0,1,0,0,0.05,0.004,200000
3915,78,-5.194,2,16,1,1,0,0,0.05,0.004,200000
3916,140,7.834,3,46,0,0,0,0,0.05,0.004,200000
3917,400,23.829,5,53,0,0,1,1,0.05,0.004,200000
3918,152,1.828,3,32,0,1,0,0,0.05,0.004,200000
3919,157,6.078,6,44,0,1,0,0,0.05,0.004,200000
3920,125,6.477,5,47,0,1,0,0,0.05,0.004,200000
3921,14,-8.467,0,7,0,1,0,0,0.05,0.004,200000
3922,400,21.84,3,51,0,0,1,1,0.05,0.004,200000
3923,6,-9.492,0,2,0,1,0,0,0.05,0.004,200000
3924,42,-8.669,1,16,0,1,0,0,0.05,0.004,200000
3925,173,11.108,2,35,0,0,1,0,0.05,0.004,200000
3926,191,2.842,3,39,0,1,0,0,0.05,0.004,200000
3927,224,0.688,2,47,0,1,0,0,0.05,0.004,200000
3928,275,17.943,6,68,0,1,1,0,0.05,0.004,200000
3929,230,5.248,3,47,1,1,0,0,0.05,0.004,200000
3930,5,-13.214,0,3,0,1,0,0,0.05,0.004,200000
3931,196,8.662,5,28,0,0,0,0,0.05,0.004,200000
3932,21,-11.899,0,6,0,1,0,0,0.05,0.004,200000
3933,33,-6.342,1,13,0,1,0,0,0.05,0.004,200000
3934,239,10.812,6,62,0,1,0,0,0.05,0.004,200000
3935,15,-8.779,0,5,0,1,0,0,0.05,0.004,200000
3936,173,4.755,3,47,0,1,0,0,0.05,0.004,200000
3937,15,-8.908,0,6,0,1,0,0,0.05,0.004,200000
3938,6,-9.12,0,2,0,1,0,0,0.05,0.004,200000
3939,245,9.053,3,56,0,1,1,0,0.05,0.004,200000
3940,98,0.051,2,31,0,1,0,0,0.05,0.004,200000
3941,400,16.83,3,43,0,0,0,1,0.05,0.004,200000
3942,108,-7.925,1,15,0,1,0,0,0.05,0.004,200000
3943,14,-9.414,0,5,0,1,0,0,0.05,0.004,200000
3944,400,22.142,7,69,0,0,0,1,0.05,0.004,200000
3945,29,-7.228,0,12,0,1,0,0,0.05,0.004,200000
3946,79,-0.857,2,26,0,1,0,0,0.05,0.004,200000
3947,179,0.293,2,37,0,1,0,0,0.05,0.004,200000
3948,400,17.318,5,34,0,0,0,1,0.05,0.004,200000
3949,75,1.711,0,20,0,0,0,0,0.05,0.004,200000
3950,110,1.743,3,37,0,1,0,0,0.05,0.004,200000
3951,14,-8.956,0,6,0,1,0,0,0.05,0.004,200000
3952,400,12.758,2,48,0,0,0,1,0.05,0.004,200000
3953,400,22.688,6,55,0,0,1,1,0.05,0.004,200000
3954,123,-0.932,2,40,0,1,0,0,0.05,0.004,200000
3955,5,-13.134,0,4,0,1,0,0,0.05,0.004,200000
3956,22,-8.863,0,9,0,1,0,0,0.05,0.004,200000
3957,79,-1.617,2,20,0,1,0,0,0.05,0.004,200000
3958,8,-9.484,0,3,0,1,0,0,0.05,0.004,200000
3959,400,20.845,5,62,0,0,0,1,0.05,0.004,200000
3960,217,4.385,2,45,0,1,1,0,0.05,0.004,200000
3961,247,7.613,5,49,0,1,0,0,0.05,0.004,200000
3962,78,-5.973,1,24,0,1,0,0,0.05,0.004,200000
3963,29,-10.01,0,9,0,1,0,0,0.05,0.004,200000
3964,400,29.285,5,48,0,0,1,1,0.05,0.004,200000
3965,400,19.73,4,50,0,0,0,1,0.05,0.004,200000
3966,400,12.824,5,35,0,0,0,1,0.05,0.004,200000
3967,81,1.248,4,23,0,1,0,0,0.05,0.004,200000
3968,400,22.468,4,50,0,0,1,1,0.05,0.004,200000
3969,400,12.775,1,52,0,0,0,1,0.05,0.004,200000
3970,59,-4.109,1,18,0,1,0,0,0.05,0.004,200000
3971,186,9.53,3,47,1,1,1,0,0.05,0.004,200000
3972,12,-11.713,0,7,0,1,0,0,0.05,0.004,200000
3973,400,19.325,2,47,0,0,1,1,0.05,0.004,200000
3974,117,5.72,4,46,0,1,0,0,0.05,0.004,200000
3975,19,-6.859,1,8,0,1,0,0,0.05,0.004,200000
3976,21,-8.657,0,6,0,1,0,0,0.05,0.004,200000
3977,43,-6.094,1,11,0,1,0,0,0.05,0.004,200000
3978,96,1.29,1,22,0,0,0,0,0.05,0.004,200000
3979,186,4.241,3,42,0,1,0,0,0.05,0.004,200000
3980,19,-7.407,1,6,0,1,0,0,0.05,0.004,200000
3981,99,-2.661,0,25,0,1,0,0,0.05,0.004,200000
3982,5,-13.16,0,3,0,1,0,0,0.05,0.004,200000
3983,234,6.004,4,50,0,1,0,0,0.05,0.004,200000
3984,400,20.656,4,45,0,0,0,1,0.05,0.004,200000
3985,119,-2.172,2,29,0,1,0,0,0.05,0.004,200000
3986,400,17.663,3,49,0,0,0,1,0.05,0.004,200000
3987,96,-4.299,1,15,1,1,0,0,0.05,0.004,200000
3988,157,3.658,1,29,0,0,0,0,0.05,0.004,200000
3989,236,10.174,4,45,0,0,0,0,0.05,0.004,200000
3990,400,14.008,3,47,0,0,0,1,0.05,0.004,200000
3991,78,-1.189,2,24,0,1,0,0,0.05,0.004,200000
3992,237,4.683,3,57,0,1,0,0,0.05,0.004,200000
3993,400,13.921,4,44,0,0,0,1,0.05,0.004,200000
3994,25,-9.833,1,8,0,1,0,0,0.05,0.004,200000
3995,78,-6.916,1,19,0,1,0,0,0.05,0.004,200000
3996,76,-1.315,2,23,0,1,0,0,0.05,0.004,200000
3997,243,13.52,4,50,0,1,1,0,0.05,0.004,200000
3998,223,11.081,3,51,0,1,1,0,0.05,0.004,200000
3999,170,8.001,1,47,1,0,0,0,0.05,0.004,200000
4000,178,0.855,1,37,0,1,0,0,0.05,0.004,200000
