episode,steps,total_reward,coins,crates,invalid,killed_self,killed_opponents,survived,epsilon,alpha,buffer
1,6,-13.306,0,2,2,1,0,0,1.0,0.02,6
2,6,-13.306,0,2,2,1,0,0,0.999,0.02,12
3,9,-13.208,0,2,5,1,0,0,0.999,0.02,21
4,20,-10.444,0,3,11,1,0,0,0.998,0.02,41
5,9,-12.893,0,3,3,1,0,0,0.997,0.02,50
6,14,-13.022,0,3,8,1,0,0,0.997,0.0199,64
7,5,-13.774,0,4,3,1,0,0,0.996,0.0199,69
8,6,-13.067,0,2,4,1,0,0,0.995,0.0199,75
9,7,-9.812,0,2,1,1,0,0,0.995,0.0199,82
10,12,-12.921,0,2,7,1,0,0,0.994,0.0199,94
11,6,-13.086,0,4,3,1,0,0,0.994,0.0199,100
12,18,-13.745,0,3,9,1,0,0,0.993,0.0199,118
13,6,-13.286,0,3,3,1,0,0,0.992,0.0199,124
14,18,-10.452,0,2,7,1,0,0,0.992,0.0199,142
15,7,-12.952,0,3,4,1,0,0,0.991,0.0199,149
16,7,-13.152,0,1,4,1,0,0,0.99,0.0198,156
17,9,-13.131,0,3,6,1,0,0,0.99,0.0198,165
18,15,-13.881,0,3,7,1,0,0,0.989,0.0198,180
19,16,-13.62,0,1,6,1,0,0,0.988,0.0198,196
20,22,-14.4,0,3,11,1,0,0,0.988,0.0198,218
21,11,-13.443,0,1,6,1,0,0,0.987,0.0198,229
22,17,-13.959,0,2,6,1,0,0,0.986,0.0198,246
23,7,-13.7,0,3,4,1,0,0,0.986,0.0198,253
24,37,-14.617,0,3,17,1,0,0,0.985,0.0198,290
25,6,-13.839,0,3,5,1,0,0,0.984,0.0197,296
26,15,-13.511,0,2,6,1,0,0,0.984,0.0197,311
27,6,-13.067,0,2,4,1,0,0,0.983,0.0197,317
28,7,-12.852,0,3,3,1,0,0,0.983,0.0197,324
29,21,-14.566,0,1,11,1,0,0,0.982,0.0197,345
30,5,-13.574,0,3,3,1,0,0,0.981,0.0197,350
31,12,-13.136,0,2,3,1,0,0,0.981,0.0197,362
32,5,-13.092,0,3,1,1,0,0,0.98,0.0197,367
33,8,-13.763,0,3,5,1,0,0,0.979,0.0197,375
34,6,-12.918,0,3,4,1,0,0,0.979,0.0196,381
35,8,-12.639,0,2,4,1,0,0,0.978,0.0196,389
36,6,-12.39,0,2,3,1,0,0,0.977,0.0196,395
37,8,-13.827,0,3,4,1,0,0,0.977,0.0196,403
38,20,-14.521,0,2,9,1,0,0,0.976,0.0196,423
39,17,-13.439,0,4,8,1,0,0,0.975,0.0196,440
40,7,-13.182,0,2,5,1,0,0,0.975,0.0196,447
41,8,-12.412,0,3,3,1,0,0,0.974,0.0196,455
42,5,-12.875,0,2,3,1,0,0,0.973,0.0196,460
43,28,-14.8,0,3,10,1,0,0,0.973,0.0196,488
44,5,-13.22,0,2,1,1,0,0,0.972,0.0195,493
45,18,-13.547,0,3,9,1,0,0,0.972,0.0195,511
46,5,-13.391,0,3,1,1,0,0,0.971,0.0195,516
47,18,-13.928,0,2,10,1,0,0,0.97,0.0195,534
48,10,-12.689,0,2,5,1,0,0,0.97,0.0195,544
49,5,-13.52,0,3,2,1,0,0,0.969,0.0195,549
50,13,-12.823,0,3,6,1,0,0,0.968,0.0195,562
51,8,-13.175,0,4,2,1,0,0,0.968,0.0195,570
52,8,-12.785,0,2,1,1,0,0,0.967,0.0195,578
53,11,-13.181,0,3,5,1,0,0,0.966,0.0194,589
54,8,-13.117,0,2,5,1,0,0,0.966,0.0194,597
55,16,-13.201,0,3,10,1,0,0,0.965,0.0194,613
56,13,-14.134,0,4,8,1,0,0,0.964,0.0194,626
57,7,-13.002,0,3,4,1,0,0,0.964,0.0194,633
58,10,-13.338,0,2,5,1,0,0,0.963,0.0194,643
59,12,-13.614,0,3,5,1,0,0,0.962,0.0194,655
60,19,-14.388,0,4,9,1,0,0,0.962,0.0194,674
61,13,-14.236,0,3,8,1,0,0,0.961,0.0194,687
62,6,-13.459,0,3,4,1,0,0,0.961,0.0193,693
63,5,-13.274,0,3,3,1,0,0,0.96,0.0193,698
64,14,-13.521,0,2,7,1,0,0,0.959,0.0193,712
65,6,-13.466,0,2,4,1,0,0,0.959,0.0193,718
66,8,-12.409,0,3,3,1,0,0,0.958,0.0193,726
67,6,-13.205,0,3,2,1,0,0,0.957,0.0193,732
68,35,-15.643,0,3,22,1,0,0,0.957,0.0193,767
69,9,-13.822,0,2,3,1,0,0,0.956,0.0193,776
70,11,-13.459,0,2,7,1,0,0,0.955,0.0193,787
71,6,-13.179,0,3,2,1,0,0,0.955,0.0193,793
72,13,-13.409,0,3,7,1,0,0,0.954,0.0192,806
73,16,-13.805,0,2,10,1,0,0,0.953,0.0192,822
74,5,-13.544,0,3,2,1,0,0,0.953,0.0192,827
75,11,-13.102,0,3,5,1,0,0,0.952,0.0192,838
76,11,-13.647,0,4,4,1,0,0,0.952,0.0192,849
77,6,-13.336,0,3,3,1,0,0,0.951,0.0192,855
78,6,-13.614,0,4,4,1,0,0,0.95,0.0192,861
79,6,-13.539,0,3,5,1,0,0,0.95,0.0192,867
80,6,-13.205,0,3,2,1,0,0,0.949,0.0192,873
81,7,-13.399,0,3,4,1,0,0,0.948,0.0191,880
82,5,-14.075,0,3,4,1,0,0,0.948,0.0191,885
83,5,-13.521,0,3,2,1,0,0,0.947,0.0191,890
84,18,-13.735,0,3,10,1,0,0,0.946,0.0191,908
85,6,-13.765,0,2,4,1,0,0,0.946,0.0191,914
86,15,-13.54,0,2,7,1,0,0,0.945,0.0191,929
87,21,-14.008,0,2,11,1,0,0,0.944,0.0191,950
88,9,-13.459,0,3,5,1,0,0,0.944,0.0191,959
89,5,-13.572,0,3,2,1,0,0,0.943,0.0191,964
90,13,-13.41,0,3,7,1,0,0,0.942,0.0191,977
91,11,-12.981,0,3,4,1,0,0,0.942,0.019,988
92,12,-13.447,0,1,6,1,0,0,0.941,0.019,1000
93,17,-13.565,0,1,6,1,0,0,0.941,0.019,1017
94,11,-12.654,0,2,4,1,0,0,0.94,0.019,1028
95,5,-12.941,0,4,1,1,0,0,0.939,0.019,1033
96,20,-13.912,0,3,12,1,0,0,0.939,0.019,1053
97,11,-13.312,0,2,6,1,0,0,0.938,0.019,1064
98,13,-14.19,0,2,6,1,0,0,0.937,0.019,1077
99,6,-12.888,0,2,3,1,0,0,0.937,0.019,1083
100,5,-13.052,0,4,3,1,0,0,0.936,0.0189,1088
101,22,-13.912,0,3,11,1,0,0,0.935,0.0189,1110
102,6,-13.018,0,2,4,1,0,0,0.935,0.0189,1116
103,6,-13.179,0,3,2,1,0,0,0.934,0.0189,1122
104,59,-16.268,0,3,29,1,0,0,0.933,0.0189,1181
105,11,-12.931,0,5,5,1,0,0,0.933,0.0189,1192
106,5,-13.252,0,3,3,1,0,0,0.932,0.0189,1197
107,9,-13.052,0,3,5,1,0,0,0.931,0.0189,1206
108,5,-13.6,0,3,3,1,0,0,0.931,0.0189,1211
109,8,-13.117,0,3,5,1,0,0,0.93,0.0188,1219
110,8,-13.303,0,3,3,1,0,0,0.93,0.0188,1227
111,5,-12.921,0,2,2,1,0,0,0.929,0.0188,1232
112,7,-13.023,0,2,3,1,0,0,0.928,0.0188,1239
113,10,-9.705,0,3,2,1,0,0,0.928,0.0188,1249
114,18,-14.031,0,3,8,1,0,0,0.927,0.0188,1267
115,12,-13.098,0,3,6,1,0,0,0.926,0.0188,1279
116,5,-13.575,0,4,4,1,0,0,0.926,0.0188,1284
117,5,-13.114,0,4,2,1,0,0,0.925,0.0188,1289
118,6,-13.284,0,2,2,1,0,0,0.924,0.0188,1295
119,10,-12.239,0,5,3,1,0,0,0.924,0.0187,1305
120,5,-13.201,0,3,3,1,0,0,0.923,0.0187,1310
121,19,-14.111,0,2,8,1,0,0,0.922,0.0187,1329
122,10,-13.349,0,3,7,1,0,0,0.922,0.0187,1339
123,22,-10.889,0,3,12,1,0,0,0.921,0.0187,1361
124,17,-10.724,0,3,9,1,0,0,0.92,0.0187,1378
125,5,-13.15,0,4,3,1,0,0,0.92,0.0187,1383
126,19,-9.836,0,5,8,1,0,0,0.919,0.0187,1402
127,6,-12.967,0,2,4,1,0,0,0.919,0.0187,1408
128,15,-13.074,0,2,8,1,0,0,0.918,0.0186,1423
129,12,-12.457,0,4,4,1,0,0,0.917,0.0186,1435
130,7,-13.003,0,3,4,1,0,0,0.917,0.0186,1442
131,15,-14.217,0,4,8,1,0,0,0.916,0.0186,1457
132,35,-14.118,0,4,16,1,0,0,0.915,0.0186,1492
133,5,-13.7,0,2,3,1,0,0,0.915,0.0186,1497
134,14,-13.504,0,3,9,1,0,0,0.914,0.0186,1511
135,16,-14.162,0,4,8,1,0,0,0.913,0.0186,1527
136,7,-12.773,0,3,3,1,0,0,0.913,0.0186,1534
137,13,-13.687,0,3,6,1,0,0,0.912,0.0185,1547
138,6,-13.939,0,2,5,1,0,0,0.911,0.0185,1553
139,5,-13.551,0,4,3,1,0,0,0.911,0.0185,1558
140,12,-13.305,0,4,3,1,0,0,0.91,0.0185,1570
141,11,-13.062,0,3,5,1,0,0,0.909,0.0185,1581
142,7,-13.123,0,1,3,1,0,0,0.909,0.0185,1588
143,10,-13.939,0,3,5,1,0,0,0.908,0.0185,1598
144,6,-13.205,0,3,2,1,0,0,0.908,0.0185,1604
145,13,-13.839,0,4,8,1,0,0,0.907,0.0185,1617
146,6,-12.34,0,3,3,1,0,0,0.906,0.0185,1623
147,7,-12.643,0,3,1,1,0,0,0.906,0.0184,1630
148,17,-14.197,0,4,8,1,0,0,0.905,0.0184,1647
149,6,-13.184,0,4,3,1,0,0,0.904,0.0184,1653
150,9,-13.332,0,2,6,1,0,0,0.904,0.0184,1662
151,8,-13.168,0,2,4,1,0,0,0.903,0.0184,1670
152,8,-13.188,0,2,4,1,0,0,0.902,0.0184,1678
153,17,-13.638,0,4,9,1,0,0,0.902,0.0184,1695
154,9,-12.98,0,2,3,1,0,0,0.901,0.0184,1704
155,11,-13.48,0,3,5,1,0,0,0.9,0.0184,1715
156,19,-14.068,0,4,10,1,0,0,0.9,0.0183,1734
157,15,-14.28,0,3,7,1,0,0,0.899,0.0183,1749
158,13,-13.433,0,4,5,1,0,0,0.898,0.0183,1762
159,5,-13.452,0,4,3,1,0,0,0.898,0.0183,1767
160,5,-13.514,0,3,2,1,0,0,0.897,0.0183,1772
161,6,-13.137,0,1,3,1,0,0,0.897,0.0183,1778
162,6,-12.39,0,3,3,1,0,0,0.896,0.0183,1784
163,6,-13.236,0,3,3,1,0,0,0.895,0.0183,1790
164,5,-13.402,0,4,3,1,0,0,0.895,0.0183,1795
165,14,-11.811,0,5,4,1,0,0,0.894,0.0183,1809
166,15,-14.086,0,4,7,1,0,0,0.893,0.0182,1824
167,13,-13.527,0,2,8,1,0,0,0.893,0.0182,1837
168,5,-13.571,0,3,2,1,0,0,0.892,0.0182,1842
169,5,-12.942,0,4,1,1,0,0,0.891,0.0182,1847
170,46,-15.128,0,6,21,1,0,0,0.891,0.0182,1893
171,18,-12.26,0,3,6,1,0,0,0.89,0.0182,1911
172,6,-13.509,0,4,3,1,0,0,0.889,0.0182,1917
173,13,-12.966,0,2,7,1,0,0,0.889,0.0182,1930
174,6,-12.86,0,2,2,1,0,0,0.888,0.0182,1936
175,7,-12.952,0,3,4,1,0,0,0.887,0.0181,1943
176,5,-13.022,0,4,2,1,0,0,0.887,0.0181,1948
177,6,-13.279,0,3,2,1,0,0,0.886,0.0181,1954
178,5,-13.451,0,4,3,1,0,0,0.886,0.0181,1959
179,8,-12.561,0,2,3,1,0,0,0.885,0.0181,1967
180,5,-13.422,0,1,2,1,0,0,0.884,0.0181,1972
181,15,-13.6,0,3,4,1,0,0,0.884,0.0181,1987
182,8,-12.819,0,1,5,1,0,0,0.883,0.0181,1995
183,5,-13.502,0,4,3,1,0,0,0.882,0.0181,2000
184,6,-13.636,0,3,3,1,0,0,0.882,0.018,2006
185,25,-14.07,0,4,13,1,0,0,0.881,0.018,2031
186,9,-9.682,0,3,3,1,0,0,0.88,0.018,2040
187,5,-13.194,0,4,3,1,0,0,0.88,0.018,2045
188,13,-13.424,0,1,5,1,0,0,0.879,0.018,2058
189,5,-13.544,0,2,1,1,0,0,0.878,0.018,2063
190,8,-12.507,0,2,3,1,0,0,0.878,0.018,2071
191,14,-13.971,0,4,6,1,0,0,0.877,0.018,2085
192,5,-13.372,0,4,2,1,0,0,0.876,0.018,2090
193,13,-12.413,0,5,6,1,0,0,0.876,0.018,2103
194,8,-13.121,0,1,5,1,0,0,0.875,0.0179,2111
195,7,-13.7,0,3,4,1,0,0,0.875,0.0179,2118
196,6,-13.634,0,3,3,1,0,0,0.874,0.0179,2124
197,5,-12.694,0,3,2,1,0,0,0.873,0.0179,2129
198,8,-13.437,0,2,3,1,0,0,0.873,0.0179,2137
199,11,-13.332,0,3,7,1,0,0,0.872,0.0179,2148
200,12,-13.546,0,2,7,1,0,0,0.871,0.0179,2160
201,5,-13.224,0,3,3,1,0,0,0.871,0.0179,2165
202,8,-12.587,0,6,3,1,0,0,0.87,0.0179,2173
203,11,-12.559,0,2,5,1,0,0,0.869,0.0178,2184
204,21,-13.066,0,4,7,1,0,0,0.869,0.0178,2205
205,6,-13.616,0,4,4,1,0,0,0.868,0.0178,2211
206,5,-13.27,0,2,2,1,0,0,0.867,0.0178,2216
207,8,-13.789,0,2,3,1,0,0,0.867,0.0178,2224
208,14,-14.602,0,4,9,1,0,0,0.866,0.0178,2238
209,5,-13.701,0,2,3,1,0,0,0.865,0.0178,2243
210,5,-12.915,0,4,1,1,0,0,0.865,0.0178,2248
211,6,-12.884,0,2,2,1,0,0,0.864,0.0178,2254
212,14,-13.364,0,4,4,1,0,0,0.864,0.0177,2268
213,6,-12.758,0,2,1,1,0,0,0.863,0.0177,2274
214,5,-13.902,0,3,3,1,0,0,0.862,0.0177,2279
215,17,-12.781,0,7,6,1,0,0,0.862,0.0177,2296
216,10,-12.546,0,3,3,1,0,0,0.861,0.0177,2306
217,15,-12.463,0,3,8,1,0,0,0.86,0.0177,2321
218,11,-14.204,0,3,4,1,0,0,0.86,0.0177,2332
219,29,-14.156,0,5,14,1,0,0,0.859,0.0177,2361
220,14,-13.827,0,1,9,1,0,0,0.858,0.0177,2375
221,7,-13.082,0,3,5,1,0,0,0.858,0.0177,2382
222,39,-14.893,0,6,21,1,0,0,0.857,0.0176,2421
223,26,-14.498,0,4,9,1,0,0,0.856,0.0176,2447
224,12,-13.596,0,4,6,1,0,0,0.856,0.0176,2459
225,5,-13.402,0,2,3,1,0,0,0.855,0.0176,2464
226,5,-12.941,0,4,1,1,0,0,0.855,0.0176,2469
227,6,-13.156,0,3,2,1,0,0,0.854,0.0176,2475
228,16,-12.754,0,4,7,1,0,0,0.853,0.0176,2491
229,5,-13.621,0,2,2,1,0,0,0.853,0.0176,2496
230,6,-11.634,0,3,2,1,0,0,0.852,0.0176,2502
231,19,-14.728,0,4,13,1,0,0,0.851,0.0175,2521
232,9,-13.35,0,3,3,1,0,0,0.851,0.0175,2530
233,9,-13.901,0,3,5,1,0,0,0.85,0.0175,2539
234,24,-14.361,0,2,13,1,0,0,0.849,0.0175,2563
235,20,-13.024,0,3,7,1,0,0,0.849,0.0175,2583
236,6,-12.867,0,3,3,1,0,0,0.848,0.0175,2589
237,16,-13.51,0,5,8,1,0,0,0.847,0.0175,2605
238,7,-13.68,0,4,5,1,0,0,0.847,0.0175,2612
239,5,-13.352,0,4,3,1,0,0,0.846,0.0175,2617
240,9,-13.072,0,3,4,1,0,0,0.845,0.0175,2626
241,7,-12.346,0,3,2,1,0,0,0.845,0.0174,2633
242,10,-12.64,0,3,5,1,0,0,0.844,0.0174,2643
243,8,-12.134,0,1,2,1,0,0,0.844,0.0174,2651
244,8,-12.219,0,3,3,1,0,0,0.843,0.0174,2659
245,11,-13.329,0,3,7,1,0,0,0.842,0.0174,2670
246,5,-13.422,0,4,2,1,0,0,0.842,0.0174,2675
247,8,-13.098,0,2,5,1,0,0,0.841,0.0174,2683
248,32,-15.193,0,3,21,1,0,0,0.84,0.0174,2715
249,11,-13.976,0,4,7,1,0,0,0.84,0.0174,2726
250,12,-13.655,0,3,10,1,0,0,0.839,0.0173,2738
251,10,-12.937,0,4,5,1,0,0,0.838,0.0173,2748
252,26,-14.331,0,2,12,1,0,0,0.838,0.0173,2774
253,28,-14.125,0,5,13,1,0,0,0.837,0.0173,2802
254,29,-14.666,0,3,8,1,0,0,0.836,0.0173,2831
255,14,-13.293,0,1,9,1,0,0,0.836,0.0173,2845
256,36,-14.293,0,1,15,1,0,0,0.835,0.0173,2881
257,10,-13.036,0,1,2,1,0,0,0.834,0.0173,2891
258,27,-14.218,0,3,14,1,0,0,0.834,0.0173,2918
259,19,-12.825,0,5,7,1,0,0,0.833,0.0172,2937
260,20,-13.742,0,3,10,1,0,0,0.833,0.0172,2957
261,7,-11.896,0,2,2,1,0,0,0.832,0.0172,2964
262,16,-13.226,0,3,6,1,0,0,0.831,0.0172,2980
263,22,-13.341,0,2,9,1,0,0,0.831,0.0172,3002
264,15,-13.566,0,2,7,1,0,0,0.83,0.0172,3017
265,11,-12.357,0,5,6,1,0,0,0.829,0.0172,3028
266,10,-13.914,0,2,4,1,0,0,0.829,0.0172,3038
267,8,-13.217,0,2,5,1,0,0,0.828,0.0172,3046
268,7,-13.055,0,1,4,1,0,0,0.827,0.0172,3053
269,5,-12.972,0,4,2,1,0,0,0.827,0.0171,3058
270,5,-12.851,0,3,3,1,0,0,0.826,0.0171,3063
271,27,-14.435,0,3,16,1,0,0,0.825,0.0171,3090
272,7,-12.375,0,3,3,1,0,0,0.825,0.0171,3097
273,13,-12.268,0,3,4,1,0,0,0.824,0.0171,3110
274,5,-13.802,0,4,3,1,0,0,0.823,0.0171,3115
275,24,-13.503,0,3,11,1,0,0,0.823,0.0171,3139
276,20,-13.564,0,2,12,1,0,0,0.822,0.0171,3159
277,22,-13.049,0,5,14,1,0,0,0.822,0.0171,3181
278,9,-13.419,0,4,4,1,0,0,0.821,0.017,3190
279,5,-13.452,0,4,3,1,0,0,0.82,0.017,3195
280,8,-13.107,0,2,4,1,0,0,0.82,0.017,3203
281,23,-14.179,0,3,13,1,0,0,0.819,0.017,3226
282,19,-13.951,0,2,6,1,0,0,0.818,0.017,3245
283,18,-13.067,0,4,10,1,0,0,0.818,0.017,3263
284,7,-13.083,0,3,5,1,0,0,0.817,0.017,3270
285,11,-13.517,0,4,5,1,0,0,0.816,0.017,3281
286,37,-13.921,0,3,15,1,0,0,0.816,0.017,3318
287,7,-13.68,0,4,5,1,0,0,0.815,0.0169,3325
288,10,-12.51,0,3,4,1,0,0,0.814,0.0169,3335
289,8,-13.188,0,2,4,1,0,0,0.814,0.0169,3343
290,5,-13.152,0,4,3,1,0,0,0.813,0.0169,3348
291,11,-13.46,0,4,6,1,0,0,0.812,0.0169,3359
292,10,-12.739,0,2,5,1,0,0,0.812,0.0169,3369
293,24,-13.994,0,5,14,1,0,0,0.811,0.0169,3393
294,9,-13.203,0,2,5,1,0,0,0.811,0.0169,3402
295,14,-13.844,0,3,7,1,0,0,0.81,0.0169,3416
296,8,-12.49,0,3,4,1,0,0,0.809,0.0169,3424
297,23,-14.223,0,2,14,1,0,0,0.809,0.0168,3447
298,5,-13.702,0,2,3,1,0,0,0.808,0.0168,3452
299,11,-14.039,0,4,5,1,0,0,0.807,0.0168,3463
300,7,-13.67,0,3,3,1,0,0,0.807,0.0168,3470
301,6,-13.266,0,4,4,1,0,0,0.806,0.0168,3476
302,30,-11.034,0,4,18,1,0,0,0.805,0.0168,3506
303,13,-12.886,0,2,6,1,0,0,0.805,0.0168,3519
304,7,-13.094,0,3,1,1,0,0,0.804,0.0168,3526
305,5,-13.144,0,3,2,1,0,0,0.803,0.0168,3531
306,9,-12.475,0,6,2,1,0,0,0.803,0.0167,3540
307,12,-12.68,0,3,4,1,0,0,0.802,0.0167,3552
308,5,-13.022,0,4,2,1,0,0,0.801,0.0167,3557
309,10,-13.465,0,3,4,1,0,0,0.801,0.0167,3567
310,9,-13.123,0,2,3,1,0,0,0.8,0.0167,3576
311,14,-13.814,0,3,6,1,0,0,0.8,0.0167,3590
312,5,-13.052,0,1,3,1,0,0,0.799,0.0167,3595
313,12,-13.433,0,2,6,1,0,0,0.798,0.0167,3607
314,6,-13.302,0,2,2,1,0,0,0.798,0.0167,3613
315,5,-13.072,0,4,2,1,0,0,0.797,0.0167,3618
316,11,-12.831,0,6,6,1,0,0,0.796,0.0166,3629
317,5,-13.121,0,3,2,1,0,0,0.796,0.0166,3634
318,6,-13.685,0,3,3,1,0,0,0.795,0.0166,3640
319,9,-12.275,0,5,3,1,0,0,0.794,0.0166,3649
320,16,-12.916,0,2,6,1,0,0,0.794,0.0166,3665
321,31,-14.042,0,1,14,1,0,0,0.793,0.0166,3696
322,6,-13.456,0,4,2,1,0,0,0.792,0.0166,3702
323,8,-13.485,0,2,4,1,0,0,0.792,0.0166,3710
324,6,-13.409,0,3,4,1,0,0,0.791,0.0166,3716
325,68,-15.822,1,4,32,1,0,0,0.79,0.0165,3784
326,34,-11.415,1,4,13,1,0,0,0.79,0.0165,3818
327,5,-12.367,0,2,2,1,0,0,0.789,0.0165,3823
328,5,-13.111,0,2,0,1,0,0,0.789,0.0165,3828
329,28,-13.409,0,5,13,1,0,0,0.788,0.0165,3856
330,6,-13.286,0,3,3,1,0,0,0.787,0.0165,3862
331,5,-13.022,0,4,2,1,0,0,0.787,0.0165,3867
332,38,-14.218,1,6,25,1,0,0,0.786,0.0165,3905
333,5,-13.325,0,3,3,1,0,0,0.785,0.0165,3910
334,11,-13.483,0,2,7,1,0,0,0.785,0.0164,3921
335,15,-13.82,0,4,8,1,0,0,0.784,0.0164,3936
336,7,-13.4,0,0,3,1,0,0,0.783,0.0164,3943
337,7,-12.725,0,3,3,1,0,0,0.783,0.0164,3950
338,21,-13.555,0,5,15,1,0,0,0.782,0.0164,3971
339,20,-14.352,0,4,12,1,0,0,0.781,0.0164,3991
340,12,-10.07,0,1,2,1,0,0,0.781,0.0164,4003
341,11,-10.249,0,2,2,1,0,0,0.78,0.0164,4014
342,9,-13.312,0,3,7,1,0,0,0.779,0.0164,4023
343,7,-12.455,0,3,4,1,0,0,0.779,0.0164,4030
344,46,-14.697,0,4,18,1,0,0,0.778,0.0163,4076
345,50,-15.764,0,2,22,1,0,0,0.778,0.0163,4126
346,26,-13.505,0,2,9,1,0,0,0.777,0.0163,4152
347,37,-14.453,0,4,14,1,0,0,0.776,0.0163,4189
348,13,-11.882,0,4,4,1,0,0,0.776,0.0163,4202
349,6,-13.359,0,2,3,1,0,0,0.775,0.0163,4208
350,10,-13.895,0,3,5,1,0,0,0.774,0.0163,4218
351,11,-13.383,0,3,7,1,0,0,0.774,0.0163,4229
352,7,-13.8,0,3,4,1,0,0,0.773,0.0163,4236
353,23,-11.581,0,1,10,1,0,0,0.772,0.0162,4259
354,13,-12.645,0,2,3,1,0,0,0.772,0.0162,4272
355,33,-14.739,0,3,12,1,0,0,0.771,0.0162,4305
356,25,-12.838,0,9,11,1,0,0,0.77,0.0162,4330
357,10,-10.215,0,3,3,1,0,0,0.77,0.0162,4340
358,16,-12.919,0,3,7,1,0,0,0.769,0.0162,4356
359,10,-12.71,0,2,4,1,0,0,0.768,0.0162,4366
360,6,-12.359,0,3,3,1,0,0,0.768,0.0162,4372
361,7,-13.002,0,3,4,1,0,0,0.767,0.0162,4379
362,15,-13.373,0,3,6,1,0,0,0.767,0.0161,4394
363,20,-13.962,0,4,8,1,0,0,0.766,0.0161,4414
364,27,-12.94,0,5,11,1,0,0,0.765,0.0161,4441
365,12,-14.12,0,3,7,1,0,0,0.765,0.0161,4453
366,6,-13.136,0,2,3,1,0,0,0.764,0.0161,4459
367,42,-13.411,0,9,16,1,0,0,0.763,0.0161,4501
368,6,-13.286,0,3,3,1,0,0,0.763,0.0161,4507
369,8,-9.953,0,2,3,1,0,0,0.762,0.0161,4515
370,24,-10.97,0,3,9,1,0,0,0.761,0.0161,4539
371,14,-14.374,0,2,8,1,0,0,0.761,0.0161,4553
372,6,-13.199,0,4,2,1,0,0,0.76,0.016,4559
373,12,-12.596,0,4,6,1,0,0,0.759,0.016,4571
374,11,-11.752,0,3,2,1,0,0,0.759,0.016,4582
375,7,-12.393,0,3,3,1,0,0,0.758,0.016,4589
376,10,-13.116,0,3,4,1,0,0,0.758,0.016,4599
377,11,-12.735,0,2,5,1,0,0,0.757,0.016,4610
378,15,-13.52,0,3,8,1,0,0,0.756,0.016,4625
379,5,-13.121,0,3,2,1,0,0,0.756,0.016,4630
380,5,-13.671,0,2,2,1,0,0,0.755,0.016,4635
381,12,-13.985,0,2,4,1,0,0,0.754,0.0159,4647
382,31,-14.034,0,5,15,1,0,0,0.754,0.0159,4678
383,32,-13.605,0,6,14,1,0,0,0.753,0.0159,4710
384,18,-14.148,0,4,8,1,0,0,0.752,0.0159,4728
385,12,-11.617,0,5,3,1,0,0,0.752,0.0159,4740
386,8,-13.287,0,2,6,1,0,0,0.751,0.0159,4748
387,12,-14.192,0,2,6,1,0,0,0.75,0.0159,4760
388,6,-12.442,0,2,3,1,0,0,0.75,0.0159,4766
389,9,-13.32,0,2,2,1,0,0,0.749,0.0159,4775
390,13,-12.495,0,3,3,1,0,0,0.748,0.0159,4788
391,8,-13.959,0,3,3,1,0,0,0.748,0.0158,4796
392,8,-9.777,0,3,2,1,0,0,0.747,0.0158,4804
393,21,-13.175,0,3,8,1,0,0,0.747,0.0158,4825
394,31,-13.805,0,6,13,1,0,0,0.746,0.0158,4856
395,6,-13.075,0,1,3,1,0,0,0.745,0.0158,4862
396,18,-13.427,0,4,9,1,0,0,0.745,0.0158,4880
397,27,-13.438,0,5,14,1,0,0,0.744,0.0158,4907
398,17,-13.511,0,3,7,1,0,0,0.743,0.0158,4924
399,16,-14.203,0,4,9,1,0,0,0.743,0.0158,4940
400,13,-14.087,0,4,8,1,0,0,0.742,0.0157,4953
401,10,-13.255,0,4,2,1,0,0,0.741,0.0157,4963
402,9,-13.476,0,1,6,1,0,0,0.741,0.0157,4972
403,8,-13.144,0,1,4,1,0,0,0.74,0.0157,4980
404,10,-12.48,0,3,3,1,0,0,0.739,0.0157,4990
405,16,-13.595,0,2,7,1,0,0,0.739,0.0157,5006
406,6,-12.925,0,4,1,1,0,0,0.738,0.0157,5012
407,100,-13.624,3,11,29,1,0,0,0.737,0.0157,5112
408,8,-13.168,0,2,5,1,0,0,0.737,0.0157,5120
409,27,-11.714,0,1,15,1,0,0,0.736,0.0156,5147
410,26,-14.12,0,4,16,1,0,0,0.736,0.0156,5173
411,5,-12.948,0,2,3,1,0,0,0.735,0.0156,5178
412,6,-14.036,0,3,3,1,0,0,0.734,0.0156,5184
413,12,-13.948,0,1,7,1,0,0,0.734,0.0156,5196
414,10,-14.124,0,4,6,1,0,0,0.733,0.0156,5206
415,7,-13.399,0,3,4,1,0,0,0.732,0.0156,5213
416,5,-12.962,0,3,0,1,0,0,0.732,0.0156,5218
417,20,-13.45,0,3,6,1,0,0,0.731,0.0156,5238
418,15,-12.259,0,2,4,1,0,0,0.73,0.0156,5253
419,16,-13.688,0,2,8,1,0,0,0.73,0.0155,5269
420,10,-12.897,0,2,2,1,0,0,0.729,0.0155,5279
421,8,-12.62,0,3,5,1,0,0,0.728,0.0155,5287
422,9,-13.431,0,1,6,1,0,0,0.728,0.0155,5296
423,23,-13.53,0,3,12,1,0,0,0.727,0.0155,5319
424,22,-12.551,0,4,11,1,0,0,0.726,0.0155,5341
425,9,-12.755,0,2,5,1,0,0,0.726,0.0155,5350
426,10,-13.695,0,2,5,1,0,0,0.725,0.0155,5360
427,8,-9.548,0,3,1,1,0,0,0.725,0.0155,5368
428,21,-10.349,0,3,5,1,0,0,0.724,0.0154,5389
429,26,-13.377,0,6,13,1,0,0,0.723,0.0154,5415
430,21,-14.082,0,3,12,1,0,0,0.723,0.0154,5436
431,17,-12.197,0,4,6,1,0,0,0.722,0.0154,5453
432,7,-13.071,0,3,1,1,0,0,0.721,0.0154,5460
433,20,-11.445,1,5,7,1,0,0,0.721,0.0154,5480
434,8,-9.844,0,2,1,1,0,0,0.72,0.0154,5488
435,13,-13.291,0,3,5,1,0,0,0.719,0.0154,5501
436,10,-13.287,0,2,5,1,0,0,0.719,0.0154,5511
437,7,-12.296,0,3,2,1,0,0,0.718,0.0153,5518
438,58,-12.497,2,11,21,1,0,0,0.717,0.0153,5576
439,24,-10.895,0,3,8,1,0,0,0.717,0.0153,5600
440,7,-13.55,0,2,4,1,0,0,0.716,0.0153,5607
441,18,-13.248,0,3,7,1,0,0,0.715,0.0153,5625
442,16,-13.368,0,4,8,1,0,0,0.715,0.0153,5641
443,29,-13.871,0,8,15,1,0,0,0.714,0.0153,5670
444,22,-14.286,0,3,14,1,0,0,0.714,0.0153,5692
445,9,-9.911,0,2,4,1,0,0,0.713,0.0153,5701
446,8,-10.057,0,1,3,1,0,0,0.712,0.0153,5709
447,23,-10.832,0,3,9,1,0,0,0.712,0.0152,5732
448,25,-13.463,0,2,12,1,0,0,0.711,0.0152,5757
449,20,-13.623,0,5,11,1,0,0,0.71,0.0152,5777
450,13,-13.639,0,2,8,1,0,0,0.71,0.0152,5790
451,48,-15.587,0,6,21,1,0,0,0.709,0.0152,5838
452,25,-14.677,0,2,11,1,0,0,0.708,0.0152,5863
453,9,-11.505,0,6,3,1,0,0,0.708,0.0152,5872
454,27,-14.322,0,4,12,1,0,0,0.707,0.0152,5899
455,8,-13.018,0,3,5,1,0,0,0.706,0.0152,5907
456,12,-13.642,0,1,7,1,0,0,0.706,0.0151,5919
457,41,-12.35,1,6,16,1,0,0,0.705,0.0151,5960
458,12,-10.361,0,2,6,1,0,0,0.704,0.0151,5972
459,5,-12.991,0,4,1,1,0,0,0.704,0.0151,5977
460,14,-13.424,0,4,4,1,0,0,0.703,0.0151,5991
461,37,-14.102,0,8,16,1,0,0,0.703,0.0151,6028
462,41,-15.072,0,4,19,1,0,0,0.702,0.0151,6069
463,26,-13.299,0,6,10,1,0,0,0.701,0.0151,6095
464,34,-14.649,0,5,21,1,0,0,0.701,0.0151,6129
465,10,-13.585,0,4,3,1,0,0,0.7,0.0151,6139
466,11,-13.309,0,2,5,1,0,0,0.699,0.015,6150
467,23,-14.439,0,3,11,1,0,0,0.699,0.015,6173
468,5,-13.302,0,3,3,1,0,0,0.698,0.015,6178
469,20,-9.223,0,5,4,1,0,0,0.697,0.015,6198
470,33,-14.76,0,3,15,1,0,0,0.697,0.015,6231
471,45,-14.676,0,7,23,1,0,0,0.696,0.015,6276
472,10,-13.695,0,4,5,1,0,0,0.695,0.015,6286
473,32,-12.067,1,5,14,1,0,0,0.695,0.015,6318
474,9,-13.349,0,3,3,1,0,0,0.694,0.015,6327
475,5,-13.551,0,3,3,1,0,0,0.693,0.0149,6332
476,21,-14.121,0,3,13,1,0,0,0.693,0.0149,6353
477,5,-11.65,0,3,2,1,0,0,0.692,0.0149,6358
478,7,-12.999,0,2,3,1,0,0,0.692,0.0149,6365
479,7,-13.053,0,2,4,1,0,0,0.691,0.0149,6372
480,5,-13.152,0,4,3,1,0,0,0.69,0.0149,6377
481,11,-13.117,0,1,8,1,0,0,0.69,0.0149,6388
482,10,-13.037,0,2,3,1,0,0,0.689,0.0149,6398
483,11,-13.302,0,3,6,1,0,0,0.688,0.0149,6409
484,16,-10.042,0,3,6,1,0,0,0.688,0.0148,6425
485,22,-14.496,0,2,16,1,0,0,0.687,0.0148,6447
486,39,-13.308,0,6,14,1,0,0,0.686,0.0148,6486
487,16,-13.079,0,3,9,1,0,0,0.686,0.0148,6502
488,8,-13.845,0,2,4,1,0,0,0.685,0.0148,6510
489,11,-9.785,0,2,2,1,0,0,0.684,0.0148,6521
490,13,-13.611,0,2,8,1,0,0,0.684,0.0148,6534
491,35,-14.784,0,5,19,1,0,0,0.683,0.0148,6569
492,5,-13.471,0,4,2,1,0,0,0.682,0.0148,6574
493,29,-13.313,0,3,6,1,0,0,0.682,0.0148,6603
494,18,-10.175,0,2,6,1,0,0,0.681,0.0147,6621
495,5,-13.274,0,2,2,1,0,0,0.681,0.0147,6626
496,25,-13.184,0,4,8,1,0,0,0.68,0.0147,6651
497,11,-10.151,0,2,6,1,0,0,0.679,0.0147,6662
498,5,-13.041,0,3,1,1,0,0,0.679,0.0147,6667
499,5,-13.952,0,3,3,1,0,0,0.678,0.0147,6672
500,18,-12.544,0,3,7,1,0,0,0.677,0.0147,6690
501,106,-15.338,2,8,47,1,0,0,0.677,0.0147,6796
502,7,-13.619,0,3,3,1,0,0,0.676,0.0147,6803
503,5,-13.364,0,1,1,1,0,0,0.675,0.0146,6808
504,20,-12.825,0,3,5,1,0,0,0.675,0.0146,6828
505,71,-15.953,0,10,33,1,0,0,0.674,0.0146,6899
506,7,-13.55,0,4,4,1,0,0,0.673,0.0146,6906
507,21,-13.392,0,2,10,1,0,0,0.673,0.0146,6927
508,11,-13.282,0,3,7,1,0,0,0.672,0.0146,6938
509,6,-13.135,0,4,3,1,0,0,0.671,0.0146,6944
510,5,-12.992,0,4,1,1,0,0,0.671,0.0146,6949
511,9,-13.091,0,4,1,1,0,0,0.67,0.0146,6958
512,7,-13.531,0,4,3,1,0,0,0.67,0.0145,6965
513,8,-12.572,0,3,5,1,0,0,0.669,0.0145,6973
514,10,-13.212,0,3,2,1,0,0,0.668,0.0145,6983
515,17,-10.434,0,4,8,1,0,0,0.668,0.0145,7000
516,8,-9.644,0,3,2,1,0,0,0.667,0.0145,7008
517,5,-12.891,0,4,1,1,0,0,0.666,0.0145,7013
518,7,-13.022,0,2,3,1,0,0,0.666,0.0145,7020
519,66,-17.95,0,5,39,1,0,0,0.665,0.0145,7086
520,42,-16.183,0,5,28,1,0,0,0.664,0.0145,7128
521,8,-13.514,0,4,3,1,0,0,0.664,0.0145,7136
522,46,-14.956,0,7,20,1,0,0,0.663,0.0144,7182
523,8,-12.895,0,3,4,1,0,0,0.662,0.0144,7190
524,21,-14.168,0,4,12,1,0,0,0.662,0.0144,7211
525,67,-10.081,2,12,31,1,0,0,0.661,0.0144,7278
526,32,-15.591,0,4,20,1,0,0,0.66,0.0144,7310
527,29,-15.206,0,2,13,1,0,0,0.66,0.0144,7339
528,5,-13.502,0,4,3,1,0,0,0.659,0.0144,7344
529,5,-12.971,0,4,2,1,0,0,0.659,0.0144,7349
530,14,-13.426,0,3,8,1,0,0,0.658,0.0144,7363
531,36,-14.091,0,5,17,1,0,0,0.657,0.0143,7399
532,23,-14.17,0,4,8,1,0,0,0.657,0.0143,7422
533,15,-13.014,0,6,6,1,0,0,0.656,0.0143,7437
534,9,-13.329,0,4,4,1,0,0,0.655,0.0143,7446
535,7,-13.18,0,1,4,1,0,0,0.655,0.0143,7453
536,19,-13.644,0,2,9,1,0,0,0.654,0.0143,7472
537,40,-14.867,0,4,19,1,0,0,0.653,0.0143,7512
538,5,-12.972,0,4,2,1,0,0,0.653,0.0143,7517
539,22,-13.277,0,3,13,1,0,0,0.652,0.0143,7539
540,15,-10.453,0,2,4,1,0,0,0.651,0.0143,7554
541,13,-13.712,0,2,9,1,0,0,0.651,0.0142,7567
542,15,-12.841,0,3,7,1,0,0,0.65,0.0142,7582
543,15,-12.89,0,6,8,1,0,0,0.65,0.0142,7597
544,33,-15.455,0,3,17,1,0,0,0.649,0.0142,7630
545,17,-14.267,0,3,7,1,0,0,0.648,0.0142,7647
546,7,-13.082,0,3,5,1,0,0,0.648,0.0142,7654
547,5,-13.15,0,3,2,1,0,0,0.647,0.0142,7659
548,13,-13.441,0,2,7,1,0,0,0.646,0.0142,7672
549,13,-13.642,0,2,8,1,0,0,0.646,0.0142,7685
550,18,-13.466,0,3,6,1,0,0,0.645,0.0141,7703
551,40,-13.792,0,4,20,1,0,0,0.644,0.0141,7743
552,8,-13.315,0,3,3,1,0,0,0.644,0.0141,7751
553,13,-12.779,0,3,6,1,0,0,0.643,0.0141,7764
554,49,-16.196,0,4,20,1,0,0,0.642,0.0141,7813
555,8,-10.03,0,2,3,1,0,0,0.642,0.0141,7821
556,41,-14.224,0,7,17,1,0,0,0.641,0.0141,7862
557,17,-10.227,0,2,6,1,0,0,0.64,0.0141,7879
558,6,-13.066,0,1,3,1,0,0,0.64,0.0141,7885
559,17,-13.838,0,1,8,1,0,0,0.639,0.014,7902
560,56,-15.206,0,4,26,1,0,0,0.639,0.014,7958
561,18,-12.474,0,3,6,1,0,0,0.638,0.014,7976
562,5,-13.25,0,3,3,1,0,0,0.637,0.014,7981
563,94,-17.682,0,4,40,1,0,0,0.637,0.014,8075
564,5,-13.2,0,4,3,1,0,0,0.636,0.014,8080
565,37,-12.471,0,6,15,1,0,0,0.635,0.014,8117
566,19,-12.916,0,1,8,1,0,0,0.635,0.014,8136
567,26,-11.354,0,6,13,1,0,0,0.634,0.014,8162
568,23,-13.85,0,3,15,1,0,0,0.633,0.014,8185
569,5,-13.571,0,3,2,1,0,0,0.633,0.0139,8190
570,64,-14.678,1,6,35,1,0,0,0.632,0.0139,8254
571,10,-13.399,0,1,7,1,0,0,0.631,0.0139,8264
572,5,-13.372,0,4,2,1,0,0,0.631,0.0139,8269
573,69,-15.426,0,4,27,1,0,0,0.63,0.0139,8338
574,37,-10.29,0,7,12,1,0,0,0.629,0.0139,8375
575,6,-12.209,0,1,1,1,0,0,0.629,0.0139,8381
576,12,-13.705,0,3,6,1,0,0,0.628,0.0139,8393
577,29,-13.983,0,5,17,1,0,0,0.628,0.0139,8422
578,41,-16.077,0,1,19,1,0,0,0.627,0.0138,8463
579,14,-13.274,0,3,6,1,0,0,0.626,0.0138,8477
580,14,-13.495,0,2,7,1,0,0,0.626,0.0138,8491
581,44,-16.011,0,3,29,1,0,0,0.625,0.0138,8535
582,5,-13.552,0,3,3,1,0,0,0.624,0.0138,8540
583,50,-10.603,1,7,23,1,0,0,0.624,0.0138,8590
584,57,-14.475,1,4,26,1,0,0,0.623,0.0138,8647
585,5,-13.252,0,3,3,1,0,0,0.622,0.0138,8652
586,5,-13.694,0,4,2,1,0,0,0.622,0.0138,8657
587,5,-13.702,0,4,3,1,0,0,0.621,0.0137,8662
588,6,-13.836,0,4,3,1,0,0,0.62,0.0137,8668
589,28,-13.438,0,6,19,1,0,0,0.62,0.0137,8696
590,5,-13.245,0,3,2,1,0,0,0.619,0.0137,8701
591,30,-10.545,0,3,12,1,0,0,0.618,0.0137,8731
592,20,-14.662,0,2,10,1,0,0,0.618,0.0137,8751
593,19,-14.373,0,2,14,1,0,0,0.617,0.0137,8770
594,44,-14.354,0,6,24,1,0,0,0.617,0.0137,8814
595,47,-11.794,0,5,21,1,0,0,0.616,0.0137,8861
596,12,-12.747,0,3,6,1,0,0,0.615,0.0137,8873
597,16,-13.38,0,2,11,1,0,0,0.615,0.0136,8889
598,17,-13.527,0,4,5,1,0,0,0.614,0.0136,8906
599,60,-13.135,0,11,22,1,0,0,0.613,0.0136,8966
600,6,-13.059,0,1,3,1,0,0,0.613,0.0136,8972
601,15,-13.99,0,4,7,1,0,0,0.612,0.0136,8987
602,25,-13.674,0,3,13,1,0,0,0.611,0.0136,9012
603,12,-12.84,0,2,6,1,0,0,0.611,0.0136,9024
604,28,-13.47,0,5,13,1,0,0,0.61,0.0136,9052
605,116,-20.884,1,10,56,1,0,0,0.609,0.0136,9168
606,10,-12.907,0,3,2,1,0,0,0.609,0.0135,9178
607,18,-10.717,0,3,9,1,0,0,0.608,0.0135,9196
608,9,-12.356,0,3,3,1,0,0,0.607,0.0135,9205
609,19,-13.497,0,4,9,1,0,0,0.607,0.0135,9224
610,16,-10.521,0,3,11,1,0,0,0.606,0.0135,9240
611,15,-13.665,0,2,7,1,0,0,0.606,0.0135,9255
612,21,-12.52,0,4,10,1,0,0,0.605,0.0135,9276
613,18,-13.46,0,2,11,1,0,0,0.604,0.0135,9294
614,20,-11.907,1,3,10,1,0,0,0.604,0.0135,9314
615,36,-9.671,0,6,8,1,0,0,0.603,0.0135,9350
616,6,-13.076,0,3,1,1,0,0,0.602,0.0134,9356
617,15,-13.519,0,5,8,1,0,0,0.602,0.0134,9371
618,40,-14.421,0,7,16,1,0,0,0.601,0.0134,9411
619,5,-13.625,0,3,3,1,0,0,0.6,0.0134,9416
620,10,-12.47,0,3,4,1,0,0,0.6,0.0134,9426
621,20,-13.981,0,4,7,1,0,0,0.599,0.0134,9446
622,42,-12.589,1,6,22,1,0,0,0.598,0.0134,9488
623,60,-14.565,0,8,31,1,0,0,0.598,0.0134,9548
624,25,-10.264,0,5,10,1,0,0,0.597,0.0134,9573
625,6,-13.506,0,3,2,1,0,0,0.596,0.0133,9579
626,43,-15.62,0,6,18,1,0,0,0.596,0.0133,9622
627,34,-15.424,0,7,20,1,0,0,0.595,0.0133,9656
628,16,-14.294,0,4,8,1,0,0,0.595,0.0133,9672
629,20,-10.384,0,2,9,1,0,0,0.594,0.0133,9692
630,20,-14.062,0,2,11,1,0,0,0.593,0.0133,9712
631,17,-11.251,0,2,11,1,0,0,0.593,0.0133,9729
632,19,-13.848,0,4,11,1,0,0,0.592,0.0133,9748
633,42,-14.662,0,6,21,1,0,0,0.591,0.0133,9790
634,9,-13.003,0,3,4,1,0,0,0.591,0.0132,9799
635,36,-15.472,0,2,22,1,0,0,0.59,0.0132,9835
636,6,-13.316,0,3,4,1,0,0,0.589,0.0132,9841
637,16,-13.25,0,1,8,1,0,0,0.589,0.0132,9857
638,40,-11.852,0,6,18,1,0,0,0.588,0.0132,9897
639,8,-9.875,0,2,2,1,0,0,0.587,0.0132,9905
640,14,-12.659,0,2,4,1,0,0,0.587,0.0132,9919
641,27,-11.656,0,2,14,1,0,0,0.586,0.0132,9946
642,38,-14.085,0,9,13,1,0,0,0.585,0.0132,9984
643,9,-9.916,0,2,4,1,0,0,0.585,0.0132,9993
644,25,-15.27,0,4,13,1,0,0,0.584,0.0131,10018
645,33,-14.621,0,2,20,1,0,0,0.584,0.0131,10051
646,23,-10.584,0,6,9,1,0,0,0.583,0.0131,10074
647,17,-13.054,0,3,7,1,0,0,0.582,0.0131,10091
648,11,-13.6,0,3,5,1,0,0,0.582,0.0131,10102
649,39,-14.128,0,5,19,1,0,0,0.581,0.0131,10141
650,59,-13.125,0,2,22,1,0,0,0.58,0.0131,10200
651,18,-10.751,0,2,11,1,0,0,0.58,0.0131,10218
652,66,-14.378,1,6,24,1,0,0,0.579,0.0131,10284
653,13,-12.37,0,2,4,1,0,0,0.578,0.013,10297
654,56,-15.755,0,4,32,1,0,0,0.578,0.013,10353
655,17,-12.921,0,5,10,1,0,0,0.577,0.013,10370
656,14,-11.861,0,3,2,1,0,0,0.576,0.013,10384
657,16,-13.16,0,3,10,1,0,0,0.576,0.013,10400
658,13,-13.642,0,3,10,1,0,0,0.575,0.013,10413
659,5,-13.725,0,3,4,1,0,0,0.574,0.013,10418
660,41,-14.938,0,6,25,1,0,0,0.574,0.013,10459
661,65,-13.265,2,8,31,1,0,0,0.573,0.013,10524
662,22,-10.135,0,4,8,1,0,0,0.573,0.0129,10546
663,55,-13.033,1,6,20,1,0,0,0.572,0.0129,10601
664,7,-12.376,0,3,3,1,0,0,0.571,0.0129,10608
665,6,-13.114,0,1,4,1,0,0,0.571,0.0129,10614
666,39,-14.486,0,5,20,1,0,0,0.57,0.0129,10653
667,69,-15.042,1,10,38,1,0,0,0.569,0.0129,10722
668,15,-10.067,0,2,4,1,0,0,0.569,0.0129,10737
669,7,-11.906,0,5,2,1,0,0,0.568,0.0129,10744
670,19,-13.392,0,5,9,1,0,0,0.567,0.0129,10763
671,32,-14.299,0,5,19,1,0,0,0.567,0.0129,10795
672,8,-12.165,0,4,2,1,0,0,0.566,0.0128,10803
673,12,-13.768,0,3,6,1,0,0,0.565,0.0128,10815
674,51,-13.623,1,5,25,1,0,0,0.565,0.0128,10866
675,29,-12.889,0,3,9,1,0,0,0.564,0.0128,10895
676,30,-13.195,0,5,15,1,0,0,0.564,0.0128,10925
677,7,-12.372,0,2,3,1,0,0,0.563,0.0128,10932
678,5,-13.724,0,2,3,1,0,0,0.562,0.0128,10937
679,22,-13.488,0,3,12,1,0,0,0.562,0.0128,10959
680,9,-12.031,0,3,4,1,0,0,0.561,0.0128,10968
681,114,-12.02,2,14,42,1,0,0,0.56,0.0127,11082
682,47,-15.403,0,4,30,1,0,0,0.56,0.0127,11129
683,9,-10.035,0,2,3,1,0,0,0.559,0.0127,11138
684,9,-13.121,0,4,2,1,0,0,0.558,0.0127,11147
685,85,-17.525,0,5,40,1,0,0,0.558,0.0127,11232
686,14,-13.356,0,3,7,1,0,0,0.557,0.0127,11246
687,5,-13.595,0,3,3,1,0,0,0.556,0.0127,11251
688,5,-12.548,0,1,3,1,0,0,0.556,0.0127,11256
689,6,-13.636,0,3,3,1,0,0,0.555,0.0127,11262
690,7,-14.123,0,3,4,1,0,0,0.554,0.0127,11269
691,9,-13.629,0,3,6,1,0,0,0.554,0.0126,11278
692,30,-13.886,0,3,15,1,0,0,0.553,0.0126,11308
693,112,-18.308,1,8,45,1,0,0,0.553,0.0126,11420
694,9,-13.003,0,3,5,1,0,0,0.552,0.0126,11429
695,7,-13.163,0,4,3,1,0,0,0.551,0.0126,11436
696,30,-15.04,0,2,20,1,0,0,0.551,0.0126,11466
697,71,-13.696,2,11,32,1,0,0,0.55,0.0126,11537
698,80,-14.27,1,14,36,1,0,0,0.549,0.0126,11617
699,52,-15.614,0,2,24,1,0,0,0.549,0.0126,11669
700,20,-13.005,0,2,10,1,0,0,0.548,0.0125,11689
701,26,-11.41,0,5,14,1,0,0,0.547,0.0125,11715
702,12,-13.477,0,2,7,1,0,0,0.547,0.0125,11727
703,16,-12.722,0,3,4,1,0,0,0.546,0.0125,11743
704,10,-14.162,0,2,6,1,0,0,0.545,0.0125,11753
705,63,-12.755,0,10,23,1,0,0,0.545,0.0125,11816
706,14,-10.245,0,1,5,1,0,0,0.544,0.0125,11830
707,8,-12.622,0,2,5,1,0,0,0.543,0.0125,11838
708,6,-13.236,0,3,3,1,0,0,0.543,0.0125,11844
709,9,-13.674,0,4,4,1,0,0,0.542,0.0124,11853
710,23,-12.786,0,4,5,1,0,0,0.542,0.0124,11876
711,13,-11.798,0,4,3,1,0,0,0.541,0.0124,11889
712,49,-12.667,1,11,23,1,0,0,0.54,0.0124,11938
713,16,-13.219,0,2,5,1,0,0,0.54,0.0124,11954
714,5,-13.542,0,2,1,1,0,0,0.539,0.0124,11959
715,5,-13.092,0,3,1,1,0,0,0.538,0.0124,11964
716,18,-14.386,0,3,7,1,0,0,0.538,0.0124,11982
717,6,-12.242,0,3,3,1,0,0,0.537,0.0124,11988
718,11,-12.735,0,3,7,1,0,0,0.536,0.0124,11999
719,6,-12.342,0,3,3,1,0,0,0.536,0.0123,12005
720,42,-14.689,0,4,17,1,0,0,0.535,0.0123,12047
721,26,-13.597,0,5,14,1,0,0,0.534,0.0123,12073
722,13,-10.336,0,2,3,1,0,0,0.534,0.0123,12086
723,68,-15.851,0,4,28,1,0,0,0.533,0.0123,12154
724,68,-13.966,1,15,32,1,0,0,0.532,0.0123,12222
725,51,-13.171,1,7,18,1,0,0,0.532,0.0123,12273
726,12,-13.23,0,3,7,1,0,0,0.531,0.0123,12285
727,14,-12.649,0,3,5,1,0,0,0.531,0.0123,12299
728,15,-10.238,0,3,7,1,0,0,0.53,0.0122,12314
729,24,-12.794,0,8,12,1,0,0,0.529,0.0122,12338
730,5,-12.962,0,3,0,1,0,0,0.529,0.0122,12343
731,39,-14.283,0,6,27,1,0,0,0.528,0.0122,12382
732,10,-12.751,0,3,2,1,0,0,0.527,0.0122,12392
733,15,-9.575,0,2,2,1,0,0,0.527,0.0122,12407
734,8,-12.67,0,2,5,1,0,0,0.526,0.0122,12415
735,55,-14.849,0,7,23,1,0,0,0.525,0.0122,12470
736,14,-12.125,0,2,1,1,0,0,0.525,0.0122,12484
737,20,-13.899,0,5,10,1,0,0,0.524,0.0121,12504
738,8,-12.81,0,3,3,1,0,0,0.523,0.0121,12512
739,5,-12.965,0,4,1,1,0,0,0.523,0.0121,12517
740,27,-14.358,0,4,14,1,0,0,0.522,0.0121,12544
741,7,-9.686,0,2,2,1,0,0,0.521,0.0121,12551
742,51,-14.642,0,5,17,1,0,0,0.521,0.0121,12602
743,8,-12.938,0,3,4,1,0,0,0.52,0.0121,12610
744,25,-14.438,0,2,15,1,0,0,0.52,0.0121,12635
745,7,-9.697,0,1,2,1,0,0,0.519,0.0121,12642
746,58,-9.039,2,10,19,1,0,0,0.518,0.0121,12700
747,12,-10.177,0,2,4,1,0,0,0.518,0.012,12712
748,44,-13.321,0,4,12,1,0,0,0.517,0.012,12756
749,33,-14.235,0,3,20,1,0,0,0.516,0.012,12789
750,28,-10.844,0,3,7,1,0,0,0.516,0.012,12817
751,22,-10.614,0,3,5,1,0,0,0.515,0.012,12839
752,127,-19.493,1,13,56,1,0,0,0.514,0.012,12966
753,27,-13.838,0,2,13,1,0,0,0.514,0.012,12993
754,71,-15.134,1,10,30,1,0,0,0.513,0.012,13064
755,76,-13.51,1,17,27,1,0,0,0.512,0.012,13140
756,16,-13.011,0,4,4,1,0,0,0.512,0.0119,13156
757,24,-12.73,0,5,6,1,0,0,0.511,0.0119,13180
758,7,-12.573,0,1,3,1,0,0,0.51,0.0119,13187
759,60,-14.021,0,5,19,1,0,0,0.51,0.0119,13247
760,34,-10.123,0,5,11,1,0,0,0.509,0.0119,13281
761,32,-10.116,0,5,9,1,0,0,0.509,0.0119,13313
762,27,-13.935,0,2,16,1,0,0,0.508,0.0119,13340
763,12,-12.421,0,6,6,1,0,0,0.507,0.0119,13352
764,8,-9.682,0,2,2,1,0,0,0.507,0.0119,13360
765,100,-17.923,0,13,45,1,0,0,0.506,0.0119,13460
766,23,-13.844,0,4,4,1,0,0,0.505,0.0118,13483
767,62,-16.639,0,8,28,1,0,0,0.505,0.0118,13545
768,27,-14.523,0,5,19,1,0,0,0.504,0.0118,13572
769,54,-15.56,0,5,28,1,0,0,0.503,0.0118,13626
770,35,-14.133,0,2,8,1,0,0,0.503,0.0118,13661
771,8,-12.975,0,4,0,1,0,0,0.502,0.0118,13669
772,58,-12.306,0,3,17,1,0,0,0.501,0.0118,13727
773,61,-11.801,3,16,27,1,0,0,0.501,0.0118,13788
774,66,-14.092,1,10,35,1,0,0,0.5,0.0118,13854
775,6,-12.364,0,2,3,1,0,0,0.499,0.0117,13860
776,36,-15.312,0,3,14,1,0,0,0.499,0.0117,13896
777,47,-13.883,2,9,28,1,0,0,0.498,0.0117,13943
778,18,-12.872,0,3,5,1,0,0,0.498,0.0117,13961
779,35,-11.335,0,5,14,1,0,0,0.497,0.0117,13996
780,61,-9.404,3,16,25,1,0,0,0.496,0.0117,14057
781,12,-12.77,0,3,7,1,0,0,0.496,0.0117,14069
782,41,-15.414,0,3,26,1,0,0,0.495,0.0117,14110
783,10,-12.671,0,2,4,1,0,0,0.494,0.0117,14120
784,52,-16.21,0,5,22,1,0,0,0.494,0.0116,14172
785,67,-13.772,2,7,33,1,0,0,0.493,0.0116,14239
786,25,-13.424,0,4,8,1,0,0,0.492,0.0116,14264
787,6,-12.918,0,3,4,1,0,0,0.492,0.0116,14270
788,27,-13.14,0,4,14,1,0,0,0.491,0.0116,14297
789,18,-9.471,0,6,8,1,0,0,0.49,0.0116,14315
790,5,-13.702,0,2,3,1,0,0,0.49,0.0116,14320
791,22,-11.223,0,2,13,1,0,0,0.489,0.0116,14342
792,40,-11.754,3,7,19,1,0,0,0.488,0.0116,14382
793,10,-12.35,0,3,2,1,0,0,0.488,0.0116,14392
794,9,-13.179,0,2,5,1,0,0,0.487,0.0115,14401
795,22,-13.501,0,5,13,1,0,0,0.487,0.0115,14423
796,7,-9.537,0,3,2,1,0,0,0.486,0.0115,14430
797,37,-13.627,0,4,9,1,0,0,0.485,0.0115,14467
798,25,-10.603,0,3,9,1,0,0,0.485,0.0115,14492
799,82,-10.781,2,10,39,1,0,0,0.484,0.0115,14574
800,18,-13.701,0,2,7,1,0,0,0.483,0.0115,14592
801,24,-13.134,0,6,12,1,0,0,0.483,0.0115,14616
802,9,-12.721,0,1,4,1,0,0,0.482,0.0115,14625
803,38,-14.005,0,3,18,1,0,0,0.481,0.0114,14663
804,5,-13.341,0,4,1,1,0,0,0.481,0.0114,14668
805,6,-13.916,0,4,4,1,0,0,0.48,0.0114,14674
806,19,-10.594,0,3,6,1,0,0,0.479,0.0114,14693
807,71,-14.671,0,6,18,1,0,0,0.479,0.0114,14764
808,15,-12.965,0,2,5,1,0,0,0.478,0.0114,14779
809,10,-12.901,0,5,6,1,0,0,0.477,0.0114,14789
810,24,-12.695,0,5,6,1,0,0,0.477,0.0114,14813
811,60,-14.241,0,7,27,1,0,0,0.476,0.0114,14873
812,82,-16.095,0,10,32,1,0,0,0.476,0.0113,14955
813,44,-11.331,0,1,9,1,0,0,0.475,0.0113,14999
814,8,-13.114,0,2,4,1,0,0,0.474,0.0113,15007
815,20,-13.854,0,3,5,1,0,0,0.474,0.0113,15027
816,24,-12.753,0,5,11,1,0,0,0.473,0.0113,15051
817,19,-13.325,0,2,4,1,0,0,0.472,0.0113,15070
818,118,-16.782,1,10,47,1,0,0,0.472,0.0113,15188
819,48,-17.842,0,6,28,1,0,0,0.471,0.0113,15236
820,49,-13.711,0,9,24,1,0,0,0.47,0.0113,15285
821,5,-13.242,0,4,1,1,0,0,0.47,0.0113,15290
822,22,-13.936,0,3,4,1,0,0,0.469,0.0112,15312
823,47,-13.843,1,5,25,1,0,0,0.468,0.0112,15359
824,9,-13.85,0,4,3,1,0,0,0.468,0.0112,15368
825,77,-10.949,1,7,16,1,0,0,0.467,0.0112,15445
826,9,-12.767,0,1,4,1,0,0,0.466,0.0112,15454
827,38,-14.224,0,10,18,1,0,0,0.466,0.0112,15492
828,30,-14.096,0,2,8,1,0,0,0.465,0.0112,15522
829,29,-14.339,0,4,15,1,0,0,0.465,0.0112,15551
830,124,-14.581,4,17,60,1,0,0,0.464,0.0112,15675
831,21,-12.449,0,5,9,1,0,0,0.463,0.0111,15696
832,102,-12.454,3,13,44,1,0,0,0.463,0.0111,15798
833,10,-13.466,0,3,4,1,0,0,0.462,0.0111,15808
834,20,-12.476,0,7,8,1,0,0,0.461,0.0111,15828
835,8,-13.915,0,2,5,1,0,0,0.461,0.0111,15836
836,72,-13.119,0,11,30,1,0,0,0.46,0.0111,15908
837,42,-13.834,0,4,15,1,0,0,0.459,0.0111,15950
838,65,-14.653,1,9,28,1,0,0,0.459,0.0111,16015
839,242,-22.158,1,13,94,1,0,0,0.458,0.0111,16257
840,7,-13.503,0,2,4,1,0,0,0.457,0.0111,16264
841,5,-13.222,0,2,2,1,0,0,0.457,0.011,16269
842,62,-16.037,0,6,28,1,0,0,0.456,0.011,16331
843,96,-17.831,1,7,49,1,0,0,0.456,0.011,16427
844,9,-13.649,0,3,3,1,0,0,0.455,0.011,16436
845,29,-12.703,0,6,9,1,0,0,0.454,0.011,16465
846,95,-7.524,2,16,23,1,0,0,0.454,0.011,16560
847,76,-15.085,1,11,32,1,0,0,0.453,0.011,16636
848,8,-13.444,0,4,1,1,0,0,0.452,0.011,16644
849,26,-13.38,0,2,7,1,0,0,0.452,0.011,16670
850,10,-11.88,0,6,1,1,0,0,0.451,0.0109,16680
851,14,-13.069,0,2,8,1,0,0,0.45,0.0109,16694
852,140,-17.618,1,13,63,1,0,0,0.45,0.0109,16834
853,36,-13.561,0,7,16,1,0,0,0.449,0.0109,16870
854,10,-9.492,0,3,5,1,0,0,0.448,0.0109,16880
855,21,-12.162,0,7,6,1,0,0,0.448,0.0109,16901
856,92,-14.405,1,9,24,1,0,0,0.447,0.0109,16993
857,42,-12.272,0,3,15,1,0,0,0.446,0.0109,17035
858,12,-10.155,0,2,6,1,0,0,0.446,0.0109,17047
859,21,-10.79,0,3,10,1,0,0,0.445,0.0108,17068
860,12,-12.931,0,2,7,1,0,0,0.445,0.0108,17080
861,18,-12.851,0,4,6,1,0,0,0.444,0.0108,17098
862,22,-9.905,0,5,5,1,0,0,0.443,0.0108,17120
863,54,-15.232,0,7,31,1,0,0,0.443,0.0108,17174
864,44,-13.151,0,4,9,1,0,0,0.442,0.0108,17218
865,110,-19.198,0,6,60,1,0,0,0.441,0.0108,17328
866,31,-12.477,0,5,6,1,0,0,0.441,0.0108,17359
867,91,-15.633,1,7,36,1,0,0,0.44,0.0108,17450
868,68,-13.131,1,4,18,1,0,0,0.439,0.0108,17518
869,5,-12.794,0,3,2,1,0,0,0.439,0.0107,17523
870,44,-13.038,1,8,21,1,0,0,0.438,0.0107,17567
871,16,-12.96,0,2,5,1,0,0,0.437,0.0107,17583
872,27,-12.199,0,5,5,1,0,0,0.437,0.0107,17610
873,176,-18.494,2,14,61,1,0,0,0.436,0.0107,17786
874,15,-14.05,0,4,6,1,0,0,0.435,0.0107,17801
875,20,-13.03,1,2,10,1,0,0,0.435,0.0107,17821
876,26,-12.481,0,5,8,1,0,0,0.434,0.0107,17847
877,26,-13.54,0,2,9,1,0,0,0.434,0.0107,17873
878,13,-13.77,0,4,4,1,0,0,0.433,0.0106,17886
879,68,-14.626,0,6,18,1,0,0,0.432,0.0106,17954
880,33,-12.81,1,4,13,1,0,0,0.432,0.0106,17987
881,69,-17.482,1,5,26,1,0,0,0.431,0.0106,18056
882,38,-12.37,1,8,12,1,0,0,0.43,0.0106,18094
883,68,-15.647,1,6,29,1,0,0,0.43,0.0106,18162
884,39,-14.083,0,4,16,1,0,0,0.429,0.0106,18201
885,39,-11.969,1,5,9,1,0,0,0.428,0.0106,18240
886,56,-13.584,1,6,22,1,0,0,0.428,0.0106,18296
887,7,-13.1,0,1,3,1,0,0,0.427,0.0105,18303
888,118,-12.188,2,9,44,1,0,0,0.426,0.0105,18421
889,29,-11.429,1,5,8,1,0,0,0.426,0.0105,18450
890,190,-20.609,2,12,74,1,0,0,0.425,0.0105,18640
891,113,-14.466,1,14,20,1,0,0,0.424,0.0105,18753
892,23,-10.598,0,2,5,1,0,0,0.424,0.0105,18776
893,8,-13.067,0,3,5,1,0,0,0.423,0.0105,18784
894,33,-11.657,0,3,15,1,0,0,0.423,0.0105,18817
895,24,-10.364,0,3,6,1,0,0,0.422,0.0105,18841
896,42,-14.864,0,1,19,1,0,0,0.421,0.0105,18883
897,7,-13.089,0,4,2,1,0,0,0.421,0.0104,18890
898,25,-14.557,0,2,7,1,0,0,0.42,0.0104,18915
899,46,-13.956,1,4,28,1,0,0,0.419,0.0104,18961
900,21,-9.914,0,3,6,1,0,0,0.419,0.0104,18982
901,18,-13.019,0,2,5,1,0,0,0.418,0.0104,19000
902,21,-10.419,0,3,5,1,0,0,0.417,0.0104,19021
903,9,-9.502,0,3,3,1,0,0,0.417,0.0104,19030
904,13,-13.272,0,2,4,1,0,0,0.416,0.0104,19043
905,70,-11.383,0,8,21,1,0,0,0.415,0.0104,19113
906,123,-14.852,2,14,48,1,0,0,0.415,0.0103,19236
907,60,-14.707,0,3,11,1,0,0,0.414,0.0103,19296
908,31,-13.264,0,8,14,1,0,0,0.413,0.0103,19327
909,8,-9.151,0,3,1,1,0,0,0.413,0.0103,19335
910,5,-13.752,0,4,3,1,0,0,0.412,0.0103,19340
911,5,-11.75,0,2,2,1,0,0,0.412,0.0103,19345
912,6,-12.938,0,2,3,1,0,0,0.411,0.0103,19351
913,8,-9.571,0,3,2,1,0,0,0.41,0.0103,19359
914,93,-13.997,0,8,31,1,0,0,0.41,0.0103,19452
915,91,-16.349,1,3,38,1,0,0,0.409,0.0103,19543
916,39,-15.042,0,2,22,1,0,0,0.408,0.0102,19582
917,78,-14.998,1,10,28,1,0,0,0.408,0.0102,19660
918,5,-13.171,0,3,2,1,0,0,0.407,0.0102,19665
919,135,-18.622,1,7,57,1,0,0,0.406,0.0102,19800
920,16,-10.405,0,2,8,1,0,0,0.406,0.0102,19816
921,67,-13.441,0,8,27,1,0,0,0.405,0.0102,19883
922,71,-15.321,0,7,30,1,0,0,0.404,0.0102,19954
923,131,-15.004,2,8,46,1,0,0,0.404,0.0102,20085
924,101,-13.037,3,9,34,1,0,0,0.403,0.0102,20186
925,8,-13.315,0,3,3,1,0,0,0.402,0.0101,20194
926,113,-17.742,0,8,37,1,0,0,0.402,0.0101,20307
927,17,-10.635,0,3,9,1,0,0,0.401,0.0101,20324
928,31,-11.402,0,3,8,1,0,0,0.401,0.0101,20355
929,37,-12.596,0,5,8,1,0,0,0.4,0.0101,20392
930,27,-14.178,0,5,17,1,0,0,0.399,0.0101,20419
931,66,-9.631,3,13,35,1,0,0,0.399,0.0101,20485
932,61,-14.819,0,6,22,1,0,0,0.398,0.0101,20546
933,5,-13.422,0,4,2,1,0,0,0.397,0.0101,20551
934,35,-7.909,2,12,14,1,0,0,0.397,0.01,20586
935,69,-14.986,0,7,25,1,0,0,0.396,0.01,20655
936,88,-16.828,1,3,34,1,0,0,0.395,0.01,20743
937,13,-13.836,0,1,9,1,0,0,0.395,0.01,20756
938,60,-15.102,0,14,30,1,0,0,0.394,0.01,20816
939,71,-11.834,0,9,28,1,0,0,0.393,0.01,20887
940,102,-12.028,1,10,21,1,0,0,0.393,0.01,20989
941,9,-9.556,0,3,2,1,0,0,0.392,0.01,20998
942,15,-12.955,0,3,3,1,0,0,0.391,0.01,21013
943,83,-18.352,0,7,57,1,0,0,0.391,0.01,21096
944,120,-16.225,1,10,45,1,0,0,0.39,0.0099,21216
945,42,-10.463,2,8,10,1,0,0,0.39,0.0099,21258
946,26,-13.498,0,2,8,1,0,0,0.389,0.0099,21284
947,41,-11.564,0,3,14,1,0,0,0.388,0.0099,21325
948,12,-12.729,0,4,7,1,0,0,0.388,0.0099,21337
949,30,-9.332,0,6,8,1,0,0,0.387,0.0099,21367
950,40,-14.168,0,6,16,1,0,0,0.386,0.0099,21407
951,34,-15.274,0,2,16,1,0,0,0.386,0.0099,21441
952,197,-19.773,1,10,52,1,0,0,0.385,0.0099,21638
953,38,-14.783,0,5,12,1,0,0,0.384,0.0098,21676
954,56,-14.515,0,5,14,1,0,0,0.384,0.0098,21732
955,96,-11.029,1,11,34,1,0,0,0.383,0.0098,21828
956,81,-14.246,1,6,24,1,0,0,0.382,0.0098,21909
957,71,-14.151,1,5,20,1,0,0,0.382,0.0098,21980
958,57,-10.856,2,6,24,1,0,0,0.381,0.0098,22037
959,254,-26.649,1,6,96,1,0,0,0.38,0.0098,22291
960,88,-9.925,3,9,30,1,0,0,0.38,0.0098,22379
961,83,-15.217,2,4,38,1,0,0,0.379,0.0098,22462
962,95,-15.742,1,10,41,1,0,0,0.379,0.0097,22557
963,54,-13.126,1,8,14,1,0,0,0.378,0.0097,22611
964,137,-16.881,0,6,48,1,0,0,0.377,0.0097,22748
965,38,-6.951,3,5,7,1,0,0,0.377,0.0097,22786
966,126,-14.447,2,11,30,1,0,0,0.376,0.0097,22912
967,12,-12.996,0,2,1,1,0,0,0.375,0.0097,22924
968,46,-12.886,1,7,15,1,0,0,0.375,0.0097,22970
969,6,-11.915,0,2,3,1,0,0,0.374,0.0097,22976
970,15,-10.28,0,2,5,1,0,0,0.373,0.0097,22991
971,62,-15.865,0,8,36,1,0,0,0.373,0.0097,23053
972,89,-11.656,0,5,19,1,0,0,0.372,0.0096,23142
973,5,-13.142,0,3,1,1,0,0,0.371,0.0096,23147
974,12,-13.626,0,4,7,1,0,0,0.371,0.0096,23159
975,55,-11.584,0,3,7,1,0,0,0.37,0.0096,23214
976,41,-16.102,0,3,29,1,0,0,0.369,0.0096,23255
977,60,-14.681,0,9,16,1,0,0,0.369,0.0096,23315
978,78,-11.101,1,9,18,1,0,0,0.368,0.0096,23393
979,5,-13.364,0,4,1,1,0,0,0.368,0.0096,23398
980,60,-14.665,0,6,19,1,0,0,0.367,0.0096,23458
981,14,-12.981,0,2,8,1,0,0,0.366,0.0095,23472
982,15,-13.678,0,3,8,1,0,0,0.366,0.0095,23487
983,8,-9.88,0,3,3,1,0,0,0.365,0.0095,23495
984,44,-14.13,0,3,16,1,0,0,0.364,0.0095,23539
985,21,-9.322,0,6,6,1,0,0,0.364,0.0095,23560
986,108,-16.91,0,7,32,1,0,0,0.363,0.0095,23668
987,18,-13.308,0,2,2,1,0,0,0.362,0.0095,23686
988,116,-16.006,2,6,38,1,0,0,0.362,0.0095,23802
989,143,-17.602,1,10,37,1,0,0,0.361,0.0095,23945
990,18,-9.29,0,6,7,1,0,0,0.36,0.0095,23963
991,400,-14.31,7,37,166,0,0,1,0.36,0.0094,24363
992,9,-11.624,0,2,1,1,0,0,0.359,0.0094,24372
993,23,-14.32,0,3,4,1,0,0,0.359,0.0094,24395
994,75,-15.034,0,4,21,1,0,0,0.358,0.0094,24470
995,6,-12.112,0,3,2,1,0,0,0.357,0.0094,24476
996,16,-13.543,0,3,8,1,0,0,0.357,0.0094,24492
997,55,-14.03,0,5,11,1,0,0,0.356,0.0094,24547
998,25,-12.814,0,3,9,1,0,0,0.355,0.0094,24572
999,61,-12.372,0,5,13,1,0,0,0.355,0.0094,24633
1000,88,-14.483,0,8,32,1,0,0,0.354,0.0093,24721
1001,69,-12.331,1,12,22,1,0,0,0.353,0.0093,24790
1002,21,-13.181,0,5,14,1,0,0,0.353,0.0093,24811
1003,50,-11.554,0,3,10,1,0,0,0.352,0.0093,24861
1004,102,-17.443,0,8,35,1,0,0,0.351,0.0093,24963
1005,52,-15.981,0,4,23,1,0,0,0.351,0.0093,25015
1006,57,-11.701,0,6,14,1,0,0,0.35,0.0093,25072
1007,211,-20.156,0,11,62,1,0,0,0.349,0.0093,25283
1008,67,-15.774,0,5,26,1,0,0,0.349,0.0093,25350
1009,144,-16.334,1,6,30,1,0,0,0.348,0.0092,25494
1010,91,-17.85,1,7,55,1,0,0,0.348,0.0092,25585
1011,146,-16.632,3,11,53,1,0,0,0.347,0.0092,25731
1012,81,-15.16,0,8,35,1,0,0,0.346,0.0092,25812
1013,93,-15.18,1,5,25,1,0,0,0.346,0.0092,25905
1014,132,-14.426,2,7,58,1,0,0,0.345,0.0092,26037
1015,114,-16.927,0,11,22,1,0,0,0.344,0.0092,26151
1016,56,-10.689,1,11,9,1,0,0,0.344,0.0092,26207
1017,75,-13.915,1,5,18,1,0,0,0.343,0.0092,26282
1018,155,-7.404,4,30,47,1,0,0,0.342,0.0092,26437
1019,123,-15.891,0,9,34,1,0,0,0.342,0.0091,26560
1020,48,-15.73,0,3,28,1,0,0,0.341,0.0091,26608
1021,64,-14.707,0,5,10,1,0,0,0.34,0.0091,26672
1022,43,-14.283,0,5,14,1,0,0,0.34,0.0091,26715
1023,5,-13.372,0,4,2,1,0,0,0.339,0.0091,26720
1024,36,-10.751,0,3,5,1,0,0,0.338,0.0091,26756
1025,231,-15.419,5,32,66,1,0,0,0.338,0.0091,26987
1026,90,-14.111,1,12,23,1,0,0,0.337,0.0091,27077
1027,50,-14.224,0,3,8,1,0,0,0.337,0.0091,27127
1028,36,-11.738,1,7,11,1,0,0,0.336,0.009,27163
1029,60,-13.933,0,3,20,1,0,0,0.335,0.009,27223
1030,148,-16.97,1,10,43,1,0,0,0.335,0.009,27371
1031,6,-14.116,0,2,4,1,0,0,0.334,0.009,27377
1032,81,-12.246,2,7,20,1,0,0,0.333,0.009,27458
1033,49,-11.278,0,5,7,1,0,0,0.333,0.009,27507
1034,84,-15.138,0,7,19,1,0,0,0.332,0.009,27591
1035,55,-9.385,3,12,12,1,0,0,0.331,0.009,27646
1036,68,-12.915,0,2,17,1,0,0,0.331,0.009,27714
1037,15,-13.639,0,3,4,1,0,0,0.33,0.0089,27729
1038,68,-12.245,2,10,19,1,0,0,0.329,0.0089,27797
1039,66,-12.023,0,10,20,1,0,0,0.329,0.0089,27863
1040,28,-9.944,0,4,9,1,0,0,0.328,0.0089,27891
1041,172,-21.633,1,4,42,1,0,0,0.327,0.0089,28063
1042,128,-14.945,1,10,24,1,0,0,0.327,0.0089,28191
1043,168,-15.036,3,14,30,1,0,0,0.326,0.0089,28359
1044,158,-22.481,1,7,74,1,0,0,0.326,0.0089,28517
1045,222,-16.799,4,16,71,1,0,0,0.325,0.0089,28739
1046,60,-14.286,0,4,13,1,0,0,0.324,0.0089,28799
1047,324,-24.466,4,19,94,1,0,0,0.324,0.0088,29123
1048,11,-12.467,0,3,3,1,0,0,0.323,0.0088,29134
1049,209,-13.347,6,23,64,1,0,0,0.322,0.0088,29343
1050,20,-10.145,0,3,3,1,0,0,0.322,0.0088,29363
1051,61,-10.481,4,7,13,1,0,0,0.321,0.0088,29424
1052,85,-16.824,0,5,22,1,0,0,0.32,0.0088,29509
1053,74,-12.283,2,8,19,1,0,0,0.32,0.0088,29583
1054,7,-13.7,0,4,4,1,0,0,0.319,0.0088,29590
1055,9,-13.22,0,3,2,1,0,0,0.318,0.0088,29599
1056,70,-13.92,0,9,14,1,0,0,0.318,0.0087,29669
1057,65,-14.013,0,9,21,1,0,0,0.317,0.0087,29734
1058,95,-10.922,1,9,28,1,0,0,0.316,0.0087,29829
1059,43,-12.777,0,3,25,1,0,0,0.316,0.0087,29872
1060,120,-16.577,1,9,43,1,0,0,0.315,0.0087,29992
1061,90,-14.753,1,9,22,1,0,0,0.315,0.0087,30082
1062,5,-13.425,0,2,3,1,0,0,0.314,0.0087,30087
1063,55,-15.652,0,1,22,1,0,0,0.313,0.0087,30142
1064,33,-13.48,0,4,10,1,0,0,0.313,0.0087,30175
1065,121,-15.846,1,8,30,1,0,0,0.312,0.0087,30296
1066,125,-16.027,2,10,42,1,0,0,0.311,0.0086,30421
1067,45,-14.878,0,4,18,1,0,0,0.311,0.0086,30466
1068,12,-9.582,0,3,1,1,0,0,0.31,0.0086,30478
1069,76,-11.522,0,9,22,1,0,0,0.309,0.0086,30554
1070,5,-13.291,0,4,1,1,0,0,0.309,0.0086,30559
1071,67,-12.634,0,6,20,1,0,0,0.308,0.0086,30626
1072,115,-15.803,1,16,40,1,0,0,0.307,0.0086,30741
1073,400,-15.478,4,21,135,0,0,1,0.307,0.0086,31141
1074,400,-10.881,4,31,89,0,0,1,0.306,0.0086,31541
1075,304,-22.393,5,29,125,1,0,0,0.305,0.0085,31845
1076,55,-10.939,0,3,6,1,0,0,0.305,0.0085,31900
1077,156,-17.281,0,5,43,1,0,0,0.304,0.0085,32056
1078,35,-11.284,0,2,7,1,0,0,0.304,0.0085,32091
1079,93,-14.67,1,11,15,1,0,0,0.303,0.0085,32184
1080,93,-6.443,3,15,19,1,0,0,0.302,0.0085,32277
1081,154,-15.021,1,15,46,1,0,0,0.302,0.0085,32431
1082,115,-12.461,1,17,18,1,0,0,0.301,0.0085,32546
1083,136,-14.947,3,10,54,1,0,0,0.3,0.0085,32682
1084,153,-14.763,2,18,49,1,0,0,0.3,0.0084,32835
1085,40,-12.661,1,5,10,1,0,0,0.299,0.0084,32875
1086,50,-14.115,0,5,16,1,0,0,0.298,0.0084,32925
1087,136,-15.042,1,8,42,1,0,0,0.298,0.0084,33061
1088,73,-12.174,0,5,9,1,0,0,0.297,0.0084,33134
1089,19,-13.025,0,2,4,1,0,0,0.296,0.0084,33153
1090,8,-9.171,0,2,0,1,0,0,0.296,0.0084,33161
1091,99,-13.746,2,10,29,1,0,0,0.295,0.0084,33260
1092,117,-20.402,0,3,67,1,0,0,0.294,0.0084,33377
1093,140,-16.42,1,8,32,1,0,0,0.294,0.0084,33517
1094,80,-15.587,0,3,13,1,0,0,0.293,0.0083,33597
1095,159,-18.331,1,8,41,1,0,0,0.293,0.0083,33756
1096,88,-10.08,2,8,14,1,0,0,0.292,0.0083,33844
1097,186,-13.73,5,14,62,1,0,0,0.291,0.0083,34030
1098,31,-13.031,0,2,5,1,0,0,0.291,0.0083,34061
1099,122,-15.124,1,14,28,1,0,0,0.29,0.0083,34183
1100,62,-10.92,1,6,25,1,0,0,0.289,0.0083,34245
1101,31,-9.453,0,5,3,1,0,0,0.289,0.0083,34276
1102,23,-12.868,0,5,5,1,0,0,0.288,0.0083,34299
1103,122,-9.965,5,12,30,1,0,0,0.287,0.0082,34421
1104,36,-11.818,0,9,9,1,0,0,0.287,0.0082,34457
1105,141,-11.982,4,11,32,1,0,0,0.286,0.0082,34598
1106,17,-13.342,0,3,5,1,0,0,0.285,0.0082,34615
1107,400,-30.561,1,12,112,1,0,0,0.285,0.0082,35015
1108,6,-13.169,0,3,1,1,0,0,0.284,0.0082,35021
1109,400,-17.343,2,23,131,0,0,1,0.283,0.0082,35421
1110,80,-15.311,1,5,22,1,0,0,0.283,0.0082,35501
1111,49,-11.869,0,4,18,1,0,0,0.282,0.0082,35550
1112,400,-7.05,8,38,136,0,0,1,0.282,0.0081,35950
1113,5,-13.051,0,4,3,1,0,0,0.281,0.0081,35955
1114,68,-12.407,1,9,15,1,0,0,0.28,0.0081,36023
1115,93,-14.862,1,8,26,1,0,0,0.28,0.0081,36116
1116,91,-17.001,1,8,46,1,0,0,0.279,0.0081,36207
1117,227,-22.541,2,19,99,1,0,0,0.278,0.0081,36434
1118,139,-15.351,0,7,33,1,0,0,0.278,0.0081,36573
1119,44,-10.763,0,5,11,1,0,0,0.277,0.0081,36617
1120,21,-9.97,0,4,9,1,0,0,0.276,0.0081,36638
1121,138,-20.721,1,7,68,1,0,0,0.276,0.0081,36776
1122,7,-13.16,0,3,1,1,0,0,0.275,0.008,36783
1123,400,-20.577,3,21,181,0,0,1,0.274,0.008,37183
1124,54,-14.004,0,6,16,1,0,0,0.274,0.008,37237
1125,5,-13.651,0,3,3,1,0,0,0.273,0.008,37242
1126,400,-9.081,6,29,114,0,0,1,0.272,0.008,37642
1127,138,-15.238,0,6,24,1,0,0,0.272,0.008,37780
1128,143,-19.839,0,5,56,1,0,0,0.271,0.008,37923
1129,139,-16.925,2,5,69,1,0,0,0.271,0.008,38062
1130,95,-14.659,1,13,32,1,0,0,0.27,0.008,38157
1131,64,-14.197,0,3,10,1,0,0,0.269,0.0079,38221
1132,5,-13.441,0,3,1,1,0,0,0.269,0.0079,38226
1133,206,-13.688,4,17,50,1,0,0,0.268,0.0079,38432
1134,12,-9.666,0,3,2,1,0,0,0.267,0.0079,38444
1135,12,-13.255,0,4,3,1,0,0,0.267,0.0079,38456
1136,230,-16.49,3,17,70,1,0,0,0.266,0.0079,38686
1137,85,-15.074,0,10,21,1,0,0,0.265,0.0079,38771
1138,143,-16.001,1,9,53,1,0,0,0.265,0.0079,38914
1139,26,-14.076,0,1,9,1,0,0,0.264,0.0079,38940
1140,92,-15.685,0,7,26,1,0,0,0.263,0.0079,39032
1141,103,-14.787,0,5,34,1,0,0,0.263,0.0078,39135
1142,90,-16.906,1,4,42,1,0,0,0.262,0.0078,39225
1143,88,-13.239,1,6,16,1,0,0,0.262,0.0078,39313
1144,67,-10.651,0,8,6,1,0,0,0.261,0.0078,39380
1145,147,-13.189,3,20,30,1,0,0,0.26,0.0078,39527
1146,197,-16.145,1,12,49,1,0,0,0.26,0.0078,39724
1147,75,-13.455,1,10,17,1,0,0,0.259,0.0078,39799
1148,52,-11.137,0,6,8,1,0,0,0.258,0.0078,39851
1149,49,-14.042,1,5,15,1,0,0,0.258,0.0078,39900
1150,96,-15.061,0,10,18,1,0,0,0.257,0.0077,39996
1151,68,-14.201,1,7,26,1,0,0,0.256,0.0077,40064
1152,134,-14.262,0,7,19,1,0,0,0.256,0.0077,40198
1153,93,-14.693,2,4,31,1,0,0,0.255,0.0077,40291
1154,124,-16.548,0,7,30,1,0,0,0.254,0.0077,40415
1155,271,-19.032,3,10,77,1,0,0,0.254,0.0077,40686
1156,56,-14.164,0,7,16,1,0,0,0.253,0.0077,40742
1157,111,-15.78,1,8,42,1,0,0,0.252,0.0077,40853
1158,345,-21.452,3,28,93,1,0,0,0.252,0.0077,41198
1159,5,-13.392,0,3,1,1,0,0,0.251,0.0076,41203
1160,400,-13.887,4,24,116,0,0,1,0.251,0.0076,41603
1161,283,-19.138,2,17,85,1,0,0,0.25,0.0076,41886
1162,56,-15.865,0,2,13,1,0,0,0.249,0.0076,41942
1163,353,-30.535,3,15,143,1,0,0,0.249,0.0076,42295
1164,59,-14.394,0,6,14,1,0,0,0.248,0.0076,42354
1165,200,-21.141,1,6,50,1,0,0,0.247,0.0076,42554
1166,375,-26.501,3,21,135,1,0,0,0.247,0.0076,42929
1167,324,-23.227,5,17,144,1,0,0,0.246,0.0076,43253
1168,319,-24.617,2,19,91,1,0,0,0.245,0.0076,43572
1169,224,-17.05,4,15,65,1,0,0,0.245,0.0075,43796
1170,296,-21.939,3,13,93,1,0,0,0.244,0.0075,44092
1171,25,-13.867,0,3,3,1,0,0,0.243,0.0075,44117
1172,154,-16.656,1,8,25,1,0,0,0.243,0.0075,44271
1173,155,-16.627,1,13,42,1,0,0,0.242,0.0075,44426
1174,296,-20.956,2,20,113,1,0,0,0.241,0.0075,44722
1175,28,-14.247,0,3,6,1,0,0,0.241,0.0075,44750
1176,17,-10.301,0,1,2,1,0,0,0.24,0.0075,44767
1177,272,-17.573,3,15,89,1,0,0,0.24,0.0075,45039
1178,43,-10.903,0,2,8,1,0,0,0.239,0.0074,45082
1179,28,-13.859,0,4,2,1,0,0,0.238,0.0074,45110
1180,124,-15.392,1,12,28,1,0,0,0.238,0.0074,45234
1181,24,-10.152,0,2,1,1,0,0,0.237,0.0074,45258
1182,16,-13.748,0,2,5,1,0,0,0.236,0.0074,45274
1183,142,-15.393,1,11,31,1,0,0,0.236,0.0074,45416
1184,90,-10.226,1,14,16,1,0,0,0.235,0.0074,45506
1185,5,-13.141,0,3,1,1,0,0,0.234,0.0074,45511
1186,136,-13.265,2,13,55,1,0,0,0.234,0.0074,45647
1187,381,-22.463,6,22,129,1,0,0,0.233,0.0073,46028
1188,25,-9.953,0,4,5,1,0,0,0.232,0.0073,46053
1189,86,-12.267,0,6,8,1,0,0,0.232,0.0073,46139
1190,12,-13.216,0,3,0,1,0,0,0.231,0.0073,46151
1191,19,-12.794,0,1,1,1,0,0,0.23,0.0073,46170
1192,81,-12.669,1,10,13,1,0,0,0.23,0.0073,46251
1193,400,-21.007,1,22,166,0,0,1,0.229,0.0073,46651
1194,237,-18.837,3,14,62,1,0,0,0.229,0.0073,46888
1195,194,-20.848,1,7,53,1,0,0,0.228,0.0073,47082
1196,74,-12.322,0,5,12,1,0,0,0.227,0.0073,47156
1197,119,-19.79,0,8,40,1,0,0,0.227,0.0072,47275
1198,21,-14.04,0,3,7,1,0,0,0.226,0.0072,47296
1199,25,-14.102,0,2,3,1,0,0,0.225,0.0072,47321
1200,82,-16.852,0,10,36,1,0,0,0.225,0.0072,47403
1201,400,-15.824,2,14,101,0,0,1,0.224,0.0072,47803
1202,84,-15.63,0,12,29,1,0,0,0.223,0.0072,47887
1203,181,-18.895,1,10,53,1,0,0,0.223,0.0072,48068
1204,111,-12.213,1,8,23,1,0,0,0.222,0.0072,48179
1205,277,-18.338,2,29,42,1,0,0,0.221,0.0072,48456
1206,125,-14.864,2,9,34,1,0,0,0.221,0.0071,48581
1207,74,-11.389,1,5,19,1,0,0,0.22,0.0071,48655
1208,21,-12.749,0,4,6,1,0,0,0.219,0.0071,48676
1209,89,-14.03,1,7,17,1,0,0,0.219,0.0071,48765
1210,138,-11.726,2,23,35,1,0,0,0.218,0.0071,48903
1211,400,-14.39,5,17,131,0,0,1,0.218,0.0071,49303
1212,5,-13.321,0,2,2,1,0,0,0.217,0.0071,49308
1213,267,-16.73,3,14,48,1,0,0,0.216,0.0071,49575
1214,220,-18.957,3,11,82,1,0,0,0.216,0.0071,49795
1215,82,-14.247,1,5,22,1,0,0,0.215,0.0071,49877
1216,282,-23.517,2,8,71,1,0,0,0.214,0.007,50159
1217,35,-10.441,0,3,4,1,0,0,0.214,0.007,50194
1218,107,-13.744,2,9,29,1,0,0,0.213,0.007,50301
1219,5,-12.912,0,3,0,1,0,0,0.212,0.007,50306
1220,69,-11.352,1,4,16,1,0,0,0.212,0.007,50375
1221,10,-10.047,0,1,4,1,0,0,0.211,0.007,50385
1222,5,-13.162,0,2,0,1,0,0,0.21,0.007,50390
1223,359,-27.243,3,17,125,1,0,0,0.21,0.007,50749
1224,51,-11.202,0,3,4,1,0,0,0.209,0.007,50800
1225,49,-14.0,0,1,6,1,0,0,0.208,0.0069,50849
1226,36,-11.081,2,4,11,1,0,0,0.208,0.0069,50885
1227,257,-17.818,4,15,57,1,0,0,0.207,0.0069,51142
1228,52,-14.041,0,5,5,1,0,0,0.207,0.0069,51194
1229,400,-12.048,5,14,86,0,0,1,0.206,0.0069,51594
1230,62,-11.494,0,6,8,1,0,0,0.205,0.0069,51656
1231,400,-9.704,6,31,119,0,0,1,0.205,0.0069,52056
1232,5,-12.904,0,4,0,1,0,0,0.204,0.0069,52061
1233,179,-17.117,2,12,31,1,0,0,0.203,0.0069,52240
1234,45,-13.783,0,5,21,1,0,0,0.203,0.0068,52285
1235,28,-13.988,0,4,4,1,0,0,0.202,0.0068,52313
1236,141,-13.904,2,9,32,1,0,0,0.201,0.0068,52454
1237,350,-21.827,4,21,95,1,0,0,0.201,0.0068,52804
1238,270,-23.694,2,15,79,1,0,0,0.2,0.0068,53074
1239,44,-11.093,0,2,3,1,0,0,0.199,0.0068,53118
1240,183,-11.789,3,14,31,1,0,0,0.199,0.0068,53301
1241,18,-12.271,0,5,4,1,0,0,0.198,0.0068,53319
1242,131,-14.799,3,14,45,1,0,0,0.197,0.0068,53450
1243,321,-27.472,2,10,98,1,0,0,0.197,0.0068,53771
1244,277,-17.44,6,19,103,1,0,0,0.196,0.0067,54048
1245,194,-14.692,3,17,35,1,0,0,0.196,0.0067,54242
1246,254,-19.057,1,9,78,1,0,0,0.195,0.0067,54496
1247,11,-9.626,0,2,0,1,0,0,0.194,0.0067,54507
1248,167,-15.045,1,13,54,1,0,0,0.194,0.0067,54674
1249,133,-12.885,2,5,21,1,0,0,0.193,0.0067,54807
1250,260,-18.841,1,15,51,1,0,0,0.192,0.0067,55067
1251,110,-13.909,1,11,29,1,0,0,0.192,0.0067,55177
1252,281,-25.68,0,8,76,1,0,0,0.191,0.0067,55458
1253,131,-16.887,2,8,16,1,0,0,0.19,0.0066,55589
1254,191,-21.825,0,9,63,1,0,0,0.19,0.0066,55780
1255,10,-9.954,0,3,2,1,0,0,0.189,0.0066,55790
1256,126,-10.991,4,12,21,1,0,0,0.188,0.0066,55916
1257,110,-15.482,0,7,14,1,0,0,0.188,0.0066,56026
1258,102,-13.228,0,6,27,1,0,0,0.187,0.0066,56128
1259,91,-13.554,1,6,19,1,0,0,0.186,0.0066,56219
1260,400,-15.356,3,20,118,0,0,1,0.186,0.0066,56619
1261,400,-11.189,1,20,66,0,0,1,0.185,0.0066,57019
1262,64,-13.925,0,8,10,1,0,0,0.185,0.0065,57083
1263,400,-5.389,5,26,56,0,0,1,0.184,0.0065,57483
1264,54,-9.035,2,7,18,1,0,0,0.183,0.0065,57537
1265,156,-19.825,0,9,56,1,0,0,0.183,0.0065,57693
1266,158,-12.369,3,14,28,1,0,0,0.182,0.0065,57851
1267,48,-13.296,0,2,4,1,0,0,0.181,0.0065,57899
1268,311,-21.114,3,11,106,1,0,0,0.181,0.0065,58210
1269,104,-16.031,0,3,10,1,0,0,0.18,0.0065,58314
1270,90,-15.758,1,5,34,1,0,0,0.179,0.0065,58404
1271,400,-8.168,4,16,55,0,0,1,0.179,0.0065,58804
1272,94,-13.898,1,10,14,1,0,0,0.178,0.0064,58898
1273,400,-13.863,4,14,116,0,0,1,0.177,0.0064,59298
1274,5,-13.265,0,3,2,1,0,0,0.177,0.0064,59303
1275,316,-21.178,1,14,82,1,0,0,0.176,0.0064,59619
1276,154,-17.997,0,6,22,1,0,0,0.176,0.0064,59773
1277,46,-11.936,0,7,4,1,0,0,0.175,0.0064,59819
1278,190,-14.498,1,10,19,1,0,0,0.174,0.0064,60009
1279,187,-14.762,4,14,28,1,0,0,0.174,0.0064,60196
1280,238,-16.318,2,7,20,1,0,0,0.173,0.0064,60434
1281,400,-6.845,8,28,128,0,0,1,0.172,0.0063,60834
1282,120,-14.96,1,12,24,1,0,0,0.172,0.0063,60954
1283,51,-12.907,0,3,9,1,0,0,0.171,0.0063,61005
1284,186,-16.626,1,18,51,1,0,0,0.17,0.0063,61191
1285,192,-23.688,0,9,92,1,0,0,0.17,0.0063,61383
1286,47,-10.34,0,8,9,1,0,0,0.169,0.0063,61430
1287,75,-12.817,2,8,9,1,0,0,0.168,0.0063,61505
1288,107,-17.318,0,4,13,1,0,0,0.168,0.0063,61612
1289,400,-11.698,6,23,99,0,0,1,0.167,0.0063,62012
1290,216,-20.662,0,8,41,1,0,0,0.166,0.0063,62228
1291,59,-11.992,3,3,22,1,0,0,0.166,0.0062,62287
1292,255,-17.911,4,18,74,1,0,0,0.165,0.0062,62542
1293,57,-12.625,1,7,20,1,0,0,0.165,0.0062,62599
1294,30,-13.849,0,4,11,1,0,0,0.164,0.0062,62629
1295,7,-13.35,0,4,4,1,0,0,0.163,0.0062,62636
1296,400,-7.786,8,36,100,0,0,1,0.163,0.0062,63036
1297,142,-16.935,2,9,39,1,0,0,0.162,0.0062,63178
1298,154,-15.182,2,12,26,1,0,0,0.161,0.0062,63332
1299,331,-22.776,1,4,29,1,0,0,0.161,0.0062,63663
1300,128,-11.682,2,16,47,1,0,0,0.16,0.0061,63791
1301,360,-14.428,6,30,70,1,0,0,0.159,0.0061,64151
1302,146,-11.662,1,23,26,1,0,0,0.159,0.0061,64297
1303,400,-14.565,1,10,54,0,0,1,0.158,0.0061,64697
1304,71,-10.273,1,9,10,1,0,0,0.157,0.0061,64768
1305,351,-27.213,0,12,73,1,0,0,0.157,0.0061,65119
1306,400,-14.381,2,11,71,0,0,1,0.156,0.0061,65519
1307,15,-13.3,0,3,1,1,0,0,0.155,0.0061,65534
1308,141,-14.314,2,12,23,1,0,0,0.155,0.0061,65675
1309,105,-14.365,1,4,11,1,0,0,0.154,0.006,65780
1310,169,-13.164,5,11,51,1,0,0,0.154,0.006,65949
1311,400,-14.365,1,19,78,0,0,1,0.153,0.006,66349
1312,203,-18.578,1,9,19,1,0,0,0.152,0.006,66552
1313,318,-16.013,7,17,51,1,0,0,0.152,0.006,66870
1314,346,-12.205,8,39,45,1,0,0,0.151,0.006,67216
1315,125,-16.191,0,9,26,1,0,0,0.15,0.006,67341
1316,179,-15.007,4,9,42,1,0,0,0.15,0.006,67520
1317,79,-15.606,0,3,13,1,0,0,0.149,0.006,67599
1318,400,-2.218,7,24,52,0,0,1,0.148,0.006,67999
1319,95,-14.314,1,9,25,1,0,0,0.148,0.0059,68094
1320,400,-17.672,1,11,114,0,0,1,0.147,0.0059,68494
1321,360,-15.556,5,23,27,1,0,0,0.146,0.0059,68854
1322,190,-16.518,1,14,29,1,0,0,0.146,0.0059,69044
1323,400,-14.635,0,15,60,0,0,1,0.145,0.0059,69444
1324,400,-9.727,6,21,112,0,0,1,0.144,0.0059,69844
1325,8,-13.239,0,1,4,1,0,0,0.144,0.0059,69852
1326,400,-11.78,4,21,75,0,0,1,0.143,0.0059,70252
1327,400,-15.748,1,15,75,0,0,1,0.143,0.0059,70652
1328,295,-18.636,3,17,28,1,0,0,0.142,0.0058,70947
1329,400,-0.606,10,34,88,0,0,1,0.141,0.0058,71347
1330,260,-19.108,4,14,56,1,0,0,0.141,0.0058,71607
1331,261,-22.501,0,7,46,1,0,0,0.14,0.0058,71868
1332,339,-23.047,2,21,81,1,0,0,0.139,0.0058,72207
1333,5,-12.911,0,4,0,1,0,0,0.139,0.0058,72212
1334,99,-12.895,0,6,7,1,0,0,0.138,0.0058,72311
1335,68,-15.41,0,6,23,1,0,0,0.137,0.0058,72379
1336,70,-10.915,1,10,11,1,0,0,0.137,0.0058,72449
1337,17,-9.467,0,3,1,1,0,0,0.136,0.0057,72466
1338,5,-13.112,0,2,0,1,0,0,0.135,0.0057,72471
1339,348,-27.587,0,9,78,1,0,0,0.135,0.0057,72819
1340,208,-16.842,0,8,22,1,0,0,0.134,0.0057,73027
1341,286,-14.571,4,24,53,1,0,0,0.133,0.0057,73313
1342,115,-13.443,2,10,9,1,0,0,0.133,0.0057,73428
1343,304,-26.403,1,14,85,1,0,0,0.132,0.0057,73732
1344,400,-15.903,4,14,137,0,0,1,0.132,0.0057,74132
1345,211,-20.352,2,5,90,1,0,0,0.131,0.0057,74343
1346,115,-13.233,0,10,23,1,0,0,0.13,0.0057,74458
1347,400,-4.211,5,30,50,0,0,1,0.13,0.0056,74858
1348,347,-18.007,3,25,46,1,0,0,0.129,0.0056,75205
1349,400,-11.401,4,17,46,0,0,1,0.128,0.0056,75605
1350,241,-14.229,3,24,39,1,0,0,0.128,0.0056,75846
1351,146,-11.851,5,19,41,1,0,0,0.127,0.0056,75992
1352,184,-13.263,3,16,47,1,0,0,0.126,0.0056,76176
1353,334,-24.542,3,19,110,1,0,0,0.126,0.0056,76510
1354,218,-17.935,2,12,60,1,0,0,0.125,0.0056,76728
1355,186,-13.91,3,9,36,1,0,0,0.124,0.0056,76914
1356,400,-8.787,4,11,45,0,0,1,0.124,0.0055,77314
1357,150,-13.684,3,10,39,1,0,0,0.123,0.0055,77464
1358,400,-15.896,0,6,87,0,0,1,0.122,0.0055,77864
1359,400,-10.425,2,21,29,0,0,1,0.122,0.0055,78264
1360,74,-11.345,0,3,3,1,0,0,0.121,0.0055,78338
1361,136,-10.736,1,9,13,1,0,0,0.121,0.0055,78474
1362,158,-20.7,0,3,29,1,0,0,0.12,0.0055,78632
1363,400,-18.628,1,15,135,0,0,1,0.119,0.0055,79032
1364,388,-21.23,2,18,25,1,0,0,0.119,0.0055,79420
1365,162,-14.708,1,12,12,1,0,0,0.118,0.0055,79582
1366,69,-10.436,0,8,6,1,0,0,0.117,0.0054,79651
1367,283,-20.594,2,14,59,1,0,0,0.117,0.0054,79934
1368,217,-19.333,0,9,21,1,0,0,0.116,0.0054,80151
1369,32,-13.279,0,2,15,1,0,0,0.115,0.0054,80183
1370,73,-13.472,1,6,9,1,0,0,0.115,0.0054,80256
1371,400,2.235,10,35,63,0,0,1,0.114,0.0054,80656
1372,400,-10.451,4,35,121,0,0,1,0.113,0.0054,81056
1373,400,-15.108,2,16,82,0,0,1,0.113,0.0054,81456
1374,400,0.305,9,45,64,0,0,1,0.112,0.0054,81856
1375,89,-13.052,1,9,5,1,0,0,0.111,0.0053,81945
1376,400,-6.531,5,21,31,0,0,1,0.111,0.0053,82345
1377,400,-11.928,3,7,69,0,0,1,0.11,0.0053,82745
1378,400,-17.136,0,4,77,0,0,1,0.11,0.0053,83145
1379,212,-13.822,1,14,16,1,0,0,0.109,0.0053,83357
1380,308,-26.885,0,4,64,1,0,0,0.108,0.0053,83665
1381,400,-14.938,2,9,65,0,0,1,0.108,0.0053,84065
1382,299,-23.731,0,3,8,1,0,0,0.107,0.0053,84364
1383,214,-14.446,2,12,21,1,0,0,0.106,0.0053,84578
1384,400,-1.092,8,28,77,0,0,1,0.106,0.0052,84978
1385,70,-14.394,1,8,15,1,0,0,0.105,0.0052,85048
1386,400,-9.87,3,19,62,0,0,1,0.104,0.0052,85448
1387,400,-11.74,3,13,50,0,0,1,0.104,0.0052,85848
1388,97,-14.317,0,1,13,1,0,0,0.103,0.0052,85945
1389,155,-17.531,1,8,25,1,0,0,0.102,0.0052,86100
1390,400,-12.475,5,11,58,0,0,1,0.102,0.0052,86500
1391,400,-11.625,4,17,69,0,0,1,0.101,0.0052,86900
1392,400,-18.686,2,13,157,0,0,1,0.1,0.0052,87300
1393,207,-18.653,1,12,33,1,0,0,0.1,0.0052,87507
1394,400,-0.483,10,28,63,0,0,1,0.099,0.0051,87907
1395,400,-11.218,5,16,101,0,0,1,0.099,0.0051,88307
1396,55,-15.059,0,2,4,1,0,0,0.098,0.0051,88362
1397,400,-11.474,3,19,68,0,0,1,0.097,0.0051,88762
1398,330,-23.238,1,6,17,1,0,0,0.097,0.0051,89092
1399,266,-19.261,0,3,12,1,0,0,0.096,0.0051,89358
1400,159,-16.985,0,7,66,1,0,0,0.095,0.0051,89517
1401,50,-11.866,0,3,17,1,0,0,0.095,0.0051,89567
1402,27,-10.367,0,3,3,1,0,0,0.094,0.0051,89594
1403,40,-14.092,0,4,9,1,0,0,0.093,0.005,89634
1404,400,-14.744,1,7,26,0,0,1,0.093,0.005,90034
1405,324,-20.957,1,10,31,1,0,0,0.092,0.005,90358
1406,263,-20.952,1,8,100,1,0,0,0.091,0.005,90621
1407,400,-3.727,6,24,45,0,0,1,0.091,0.005,91021
1408,400,-12.901,3,6,43,0,0,1,0.09,0.005,91421
1409,400,-1.571,7,33,34,0,0,1,0.089,0.005,91821
1410,400,-7.153,5,13,46,0,0,1,0.089,0.005,92221
1411,400,-10.334,3,12,13,0,0,1,0.088,0.005,92621
1412,132,-15.134,1,9,21,1,0,0,0.088,0.0049,92753
1413,400,-6.221,3,17,21,0,0,1,0.087,0.0049,93153
1414,400,-10.927,2,16,30,0,0,1,0.086,0.0049,93553
1415,400,-2.846,7,30,50,0,0,1,0.086,0.0049,93953
1416,400,-10.723,4,14,33,0,0,1,0.085,0.0049,94353
1417,400,-5.728,5,13,23,0,0,1,0.084,0.0049,94753
1418,400,-12.628,1,10,27,0,0,1,0.084,0.0049,95153
1419,400,-3.343,8,25,37,0,0,1,0.083,0.0049,95553
1420,393,-28.529,2,15,172,1,0,0,0.082,0.0049,95946
1421,400,-7.984,2,21,18,0,0,1,0.082,0.0049,96346
1422,400,-10.633,2,13,21,0,0,1,0.081,0.0048,96746
1423,400,-3.999,7,31,77,0,0,1,0.08,0.0048,97146
1424,144,-14.581,0,3,5,1,0,0,0.08,0.0048,97290
1425,400,-15.19,1,6,26,0,0,1,0.079,0.0048,97690
1426,400,-12.608,2,11,32,0,0,1,0.079,0.0048,98090
1427,400,-14.526,1,9,51,0,0,1,0.078,0.0048,98490
1428,400,-4.06,5,18,21,0,0,1,0.077,0.0048,98890
1429,117,-15.816,0,5,8,1,0,0,0.077,0.0048,99007
1430,400,-6.62,2,19,14,0,0,1,0.076,0.0048,99407
1431,157,-17.4,0,6,14,1,0,0,0.075,0.0047,99564
1432,400,1.535,10,36,28,0,0,1,0.075,0.0047,99964
1433,400,-8.771,2,21,59,0,0,1,0.074,0.0047,100364
1434,276,-22.143,1,13,54,1,0,0,0.073,0.0047,100640
1435,400,-10.444,3,15,60,0,0,1,0.073,0.0047,101040
1436,400,-3.246,7,17,13,0,0,1,0.072,0.0047,101440
1437,400,-9.114,4,17,52,0,0,1,0.071,0.0047,101840
1438,351,-8.53,6,25,16,1,0,0,0.071,0.0047,102191
1439,400,-4.384,6,22,41,0,0,1,0.07,0.0047,102591
1440,400,-5.219,6,25,41,0,0,1,0.069,0.0047,102991
1441,400,-11.653,4,19,99,0,0,1,0.069,0.0046,103391
1442,400,-10.078,3,14,59,0,0,1,0.068,0.0046,103791
1443,400,-14.847,1,15,77,0,0,1,0.068,0.0046,104191
1444,7,-12.891,0,4,0,1,0,0,0.067,0.0046,104198
1445,354,-19.111,3,14,16,1,0,0,0.066,0.0046,104552
1446,400,-9.295,4,11,35,0,0,1,0.066,0.0046,104952
1447,400,-8.069,4,23,24,0,0,1,0.065,0.0046,105352
1448,400,-10.71,1,7,9,0,0,1,0.064,0.0046,105752
1449,400,-12.109,2,10,23,0,0,1,0.064,0.0046,106152
1450,45,-12.851,0,5,6,1,0,0,0.063,0.0045,106197
1451,25,-10.297,0,3,3,1,0,0,0.062,0.0045,106222
1452,400,-4.536,7,26,47,0,0,1,0.062,0.0045,106622
1453,400,-12.271,4,12,69,0,0,1,0.061,0.0045,107022
1454,400,-8.789,3,19,40,0,0,1,0.06,0.0045,107422
1455,400,-16.606,2,14,77,0,0,1,0.06,0.0045,107822
1456,400,-11.174,1,11,14,0,0,1,0.059,0.0045,108222
1457,400,-10.515,4,17,110,0,0,1,0.058,0.0045,108622
1458,400,-14.332,0,0,13,0,0,1,0.058,0.0045,109022
1459,400,-9.479,3,18,22,0,0,1,0.057,0.0044,109422
1460,400,-8.423,4,16,13,0,0,1,0.057,0.0044,109822
1461,400,0.874,9,35,27,0,0,1,0.056,0.0044,110222
1462,400,-11.983,2,11,56,0,0,1,0.055,0.0044,110622
1463,400,-12.429,1,11,51,0,0,1,0.055,0.0044,111022
1464,400,-11.464,2,12,14,0,0,1,0.054,0.0044,111422
1465,400,-14.924,1,4,11,0,0,1,0.053,0.0044,111822
1466,400,-11.626,1,12,18,0,0,1,0.053,0.0044,112222
1467,379,-12.413,6,38,44,1,0,0,0.052,0.0044,112601
1468,256,-17.566,1,13,6,1,0,0,0.051,0.0044,112857
1469,400,-15.072,0,4,19,0,0,1,0.051,0.0043,113257
1470,400,-1.047,9,24,31,0,0,1,0.05,0.0043,113657
1471,400,-12.414,2,17,57,0,0,1,0.049,0.0043,114057
1472,400,-1.14,9,21,19,0,0,1,0.049,0.0043,114457
1473,400,-14.23,2,9,58,0,0,1,0.048,0.0043,114857
1474,400,-6.713,5,22,22,0,0,1,0.047,0.0043,115257
1475,400,-12.907,0,7,15,0,0,1,0.047,0.0043,115657
1476,400,-7.522,4,9,12,0,0,1,0.046,0.0043,116057
1477,400,-6.337,4,16,21,0,0,1,0.046,0.0043,116457
1478,62,-12.517,0,3,25,1,0,0,0.045,0.0042,116519
1479,400,-10.792,3,15,88,0,0,1,0.044,0.0042,116919
1480,260,-18.818,1,6,10,1,0,0,0.044,0.0042,117179
1481,400,-10.396,1,11,20,0,0,1,0.043,0.0042,117579
1482,400,-8.934,2,16,18,0,0,1,0.042,0.0042,117979
1483,400,-12.293,1,7,20,0,0,1,0.042,0.0042,118379
1484,400,-6.835,6,20,49,0,0,1,0.041,0.0042,118779
1485,400,-13.465,2,4,33,0,0,1,0.04,0.0042,119179
1486,181,-15.212,0,6,3,1,0,0,0.04,0.0042,119360
1487,400,-8.92,3,16,21,0,0,1,0.039,0.0041,119760
1488,400,-3.718,7,23,37,0,0,1,0.038,0.0041,120160
1489,400,-13.934,0,0,7,0,0,1,0.038,0.0041,120560
1490,400,-11.831,1,11,21,0,0,1,0.037,0.0041,120960
1491,400,-13.393,1,9,38,0,0,1,0.036,0.0041,121360
1492,400,-8.659,2,9,2,0,0,1,0.036,0.0041,121760
1493,400,-17.425,0,4,34,0,0,1,0.035,0.0041,122160
1494,400,-17.62,0,6,47,0,0,1,0.035,0.0041,122560
1495,400,-13.611,1,5,5,0,0,1,0.034,0.0041,122960
1496,400,-11.147,2,8,9,0,0,1,0.033,0.0041,123360
1497,400,-9.34,2,6,6,0,0,1,0.033,0.004,123760
1498,10,-13.276,0,3,0,1,0,0,0.032,0.004,123770
1499,400,-9.386,2,9,5,0,0,1,0.031,0.004,124170
1500,400,-11.852,1,5,8,0,0,1,0.031,0.004,124570
1501,400,-12.211,1,7,26,0,0,1,0.03,0.004,124970
1502,400,-9.728,2,17,57,0,0,1,0.03,0.004,125370
1503,400,-6.194,4,17,12,0,0,1,0.03,0.004,125770
1504,400,-13.411,0,3,9,0,0,1,0.03,0.004,126170
1505,400,-14.239,1,5,5,0,0,1,0.03,0.004,126570
1506,400,-12.926,1,11,8,0,0,1,0.03,0.004,126970
1507,400,-13.061,1,5,7,0,0,1,0.03,0.004,127370
1508,400,-15.312,0,9,27,0,0,1,0.03,0.004,127770
1509,400,-8.909,6,18,96,0,0,1,0.03,0.004,128170
1510,400,-12.917,1,4,33,0,0,1,0.03,0.004,128570
1511,400,-11.47,2,9,22,0,0,1,0.03,0.004,128970
1512,400,-12.347,1,3,9,0,0,1,0.03,0.004,129370
1513,400,-14.46,0,4,27,0,0,1,0.03,0.004,129770
1514,31,-13.995,0,2,0,1,0,0,0.03,0.004,129801
1515,400,-13.456,0,0,3,0,0,1,0.03,0.004,130201
1516,171,-18.67,0,4,1,1,0,0,0.03,0.004,130372
1517,400,-14.014,0,0,8,0,0,1,0.03,0.004,130772
1518,400,-13.894,0,0,6,0,0,1,0.03,0.004,131172
1519,400,-9.117,6,15,101,0,0,1,0.03,0.004,131572
1520,19,-13.434,0,4,0,1,0,0,0.03,0.004,131591
1521,400,-12.12,2,7,30,0,0,1,0.03,0.004,131991
1522,400,-14.484,0,3,27,0,0,1,0.03,0.004,132391
1523,366,-20.223,2,12,37,1,0,0,0.03,0.004,132757
1524,400,-8.558,4,17,41,0,0,1,0.03,0.004,133157
1525,400,-8.347,2,12,12,0,0,1,0.03,0.004,133557
1526,400,-7.326,3,13,16,0,0,1,0.03,0.004,133957
1527,400,-13.722,0,0,6,0,0,1,0.03,0.004,134357
1528,325,-24.809,0,3,4,1,0,0,0.03,0.004,134682
1529,400,-7.11,7,16,79,0,0,1,0.03,0.004,135082
1530,400,-9.504,1,10,15,0,0,1,0.03,0.004,135482
1531,263,-23.709,0,1,14,1,0,0,0.03,0.004,135745
1532,400,-12.494,1,2,16,0,0,1,0.03,0.004,136145
1533,400,-11.886,1,13,29,0,0,1,0.03,0.004,136545
1534,400,-14.839,0,3,9,0,0,1,0.03,0.004,136945
1535,212,-20.074,0,4,1,1,0,0,0.03,0.004,137157
1536,400,0.625,12,21,89,0,0,1,0.03,0.004,137557
1537,400,-11.01,1,12,16,0,0,1,0.03,0.004,137957
1538,400,-15.898,0,3,16,0,0,1,0.03,0.004,138357
1539,400,-12.497,0,3,5,0,0,1,0.03,0.004,138757
1540,56,-14.651,0,4,0,1,0,0,0.03,0.004,138813
1541,400,-12.915,0,3,4,0,0,1,0.03,0.004,139213
1542,43,-14.466,0,3,2,1,0,0,0.03,0.004,139256
1543,400,-13.79,0,0,5,0,0,1,0.03,0.004,139656
1544,297,-23.243,0,4,3,1,0,0,0.03,0.004,139953
1545,400,-7.11,3,13,8,0,0,1,0.03,0.004,140353
1546,400,-13.122,0,1,3,0,0,1,0.03,0.004,140753
1547,400,-8.638,2,17,16,0,0,1,0.03,0.004,141153
1548,112,-16.779,0,4,2,1,0,0,0.03,0.004,141265
1549,400,-12.613,0,3,9,0,0,1,0.03,0.004,141665
1550,142,-12.59,1,8,17,1,0,0,0.03,0.004,141807
1551,400,-11.25,1,7,6,0,0,1,0.03,0.004,142207
1552,49,-14.411,0,4,0,1,0,0,0.03,0.004,142256
1553,400,-14.516,0,1,23,0,0,1,0.03,0.004,142656
1554,400,-0.11,9,30,52,0,0,1,0.03,0.004,143056
1555,400,-13.973,0,0,8,0,0,1,0.03,0.004,143456
1556,400,-13.248,0,6,10,0,0,1,0.03,0.004,143856
1557,400,-13.605,0,0,4,0,0,1,0.03,0.004,144256
1558,400,-14.007,1,10,50,0,0,1,0.03,0.004,144656
1559,103,-15.753,0,5,12,1,0,0,0.03,0.004,144759
1560,400,-9.29,0,10,6,0,0,1,0.03,0.004,145159
1561,400,-9.152,3,14,70,0,0,1,0.03,0.004,145559
1562,400,-14.094,0,0,9,0,0,1,0.03,0.004,145959
1563,400,-9.74,4,12,36,0,0,1,0.03,0.004,146359
1564,400,-13.795,0,4,9,0,0,1,0.03,0.004,146759
1565,400,-12.007,2,5,11,0,0,1,0.03,0.004,147159
1566,400,-13.809,0,1,25,0,0,1,0.03,0.004,147559
1567,400,-7.687,3,15,10,0,0,1,0.03,0.004,147959
1568,400,-13.875,0,5,6,0,0,1,0.03,0.004,148359
1569,400,-13.272,1,4,4,0,0,1,0.03,0.004,148759
1570,86,-15.949,0,4,4,1,0,0,0.03,0.004,148845
1571,400,-12.573,1,5,24,0,0,1,0.03,0.004,149245
1572,15,-13.197,0,4,0,1,0,0,0.03,0.004,149260
1573,400,6.491,12,34,47,0,0,1,0.03,0.004,149660
1574,400,-10.948,0,6,5,0,0,1,0.03,0.004,150060
1575,400,-11.917,1,9,3,0,0,1,0.03,0.004,150460
1576,400,-5.416,4,27,54,0,0,1,0.03,0.004,150860
1577,400,-13.619,0,8,1,0,0,1,0.03,0.004,151260
1578,400,-10.167,3,15,64,0,0,1,0.03,0.004,151660
1579,400,-6.816,3,17,10,0,0,1,0.03,0.004,152060
1580,400,-12.012,2,6,33,0,0,1,0.03,0.004,152460
1581,34,-14.128,0,3,1,1,0,0,0.03,0.004,152494
1582,214,-16.185,0,4,6,1,0,0,0.03,0.004,152708
1583,161,-18.504,0,3,2,1,0,0,0.03,0.004,152869
1584,400,-14.494,0,0,14,0,0,1,0.03,0.004,153269
1585,400,-13.281,0,3,5,0,0,1,0.03,0.004,153669
1586,400,-14.334,0,3,13,0,0,1,0.03,0.004,154069
1587,400,-13.119,1,1,15,0,0,1,0.03,0.004,154469
1588,400,-11.804,6,21,144,0,0,1,0.03,0.004,154869
1589,400,-11.519,2,9,1,0,0,1,0.03,0.004,155269
1590,47,-14.593,0,2,0,1,0,0,0.03,0.004,155316
1591,400,-13.614,0,0,3,0,0,1,0.03,0.004,155716
1592,158,-18.18,0,4,0,1,0,0,0.03,0.004,155874
1593,400,-11.093,2,7,18,0,0,1,0.03,0.004,156274
1594,400,-7.839,3,10,12,0,0,1,0.03,0.004,156674
1595,400,-7.711,3,11,7,0,0,1,0.03,0.004,157074
1596,400,3.652,9,41,29,0,0,1,0.03,0.004,157474
1597,224,-20.792,0,4,4,1,0,0,0.03,0.004,157698
1598,400,-14.002,0,0,9,0,0,1,0.03,0.004,158098
1599,400,-11.852,2,10,12,0,0,1,0.03,0.004,158498
1600,400,-8.585,2,15,5,0,0,1,0.03,0.004,158898
1601,400,-15.681,1,6,46,0,0,1,0.03,0.004,159298
1602,400,-14.054,0,0,8,0,0,1,0.03,0.004,159698
1603,198,-19.83,0,3,2,1,0,0,0.03,0.004,159896
1604,70,-15.613,0,2,4,1,0,0,0.03,0.004,159966
1605,400,-13.834,0,0,6,0,0,1,0.03,0.004,160366
1606,400,-13.896,2,7,40,0,0,1,0.03,0.004,160766
1607,400,-7.764,3,12,37,0,0,1,0.03,0.004,161166
1608,400,-23.602,0,7,186,0,0,1,0.03,0.004,161566
1609,400,-13.734,0,0,4,0,0,1,0.03,0.004,161966
1610,400,-8.86,3,13,10,0,0,1,0.03,0.004,162366
1611,400,-10.698,3,6,18,0,0,1,0.03,0.004,162766
1612,400,-14.054,0,0,8,0,0,1,0.03,0.004,163166
1613,400,-11.581,1,11,8,0,0,1,0.03,0.004,163566
1614,32,-13.979,0,3,0,1,0,0,0.03,0.004,163598
1615,400,-11.22,2,7,15,0,0,1,0.03,0.004,163998
1616,400,-10.297,2,17,70,0,0,1,0.03,0.004,164398
1617,400,-12.987,0,3,6,0,0,1,0.03,0.004,164798
1618,400,-13.52,1,5,35,0,0,1,0.03,0.004,165198
1619,400,-11.055,2,8,9,0,0,1,0.03,0.004,165598
1620,400,-10.264,0,14,16,0,0,1,0.03,0.004,165998
1621,400,-11.331,1,13,12,0,0,1,0.03,0.004,166398
1622,400,-12.533,1,6,26,0,0,1,0.03,0.004,166798
1623,387,-13.656,5,15,37,1,0,0,0.03,0.004,167185
1624,400,-9.129,1,13,14,0,0,1,0.03,0.004,167585
1625,75,-15.502,0,2,0,1,0,0,0.03,0.004,167660
1626,400,-9.849,4,14,66,0,0,1,0.03,0.004,168060
1627,400,-14.248,0,0,11,0,0,1,0.03,0.004,168460
1628,400,-12.685,0,2,2,0,0,1,0.03,0.004,168860
1629,400,-6.533,3,17,3,0,0,1,0.03,0.004,169260
1630,400,-13.913,0,0,7,0,0,1,0.03,0.004,169660
1631,400,-11.192,1,9,13,0,0,1,0.03,0.004,170060
1632,9,-13.666,0,2,1,1,0,0,0.03,0.004,170069
1633,400,-12.066,1,5,16,0,0,1,0.03,0.004,170469
1634,400,-11.393,1,7,14,0,0,1,0.03,0.004,170869
1635,400,-8.807,3,13,20,0,0,1,0.03,0.004,171269
1636,180,-11.006,3,5,9,1,0,0,0.03,0.004,171449
1637,400,-13.046,0,2,8,0,0,1,0.03,0.004,171849
1638,400,6.025,12,28,28,0,0,1,0.03,0.004,172249
1639,158,-17.553,0,7,14,1,0,0,0.03,0.004,172407
1640,9,-13.041,0,4,0,1,0,0,0.03,0.004,172416
1641,400,-10.186,2,9,15,0,0,1,0.03,0.004,172816
1642,400,-4.316,7,19,40,0,0,1,0.03,0.004,173216
1643,400,-7.332,4,11,10,0,0,1,0.03,0.004,173616
1644,400,-12.679,0,2,3,0,0,1,0.03,0.004,174016
1645,400,-9.469,2,5,6,0,0,1,0.03,0.004,174416
1646,400,-13.232,1,6,2,0,0,1,0.03,0.004,174816
1647,57,-14.994,0,1,0,1,0,0,0.03,0.004,174873
1648,400,-12.317,0,6,4,0,0,1,0.03,0.004,175273
1649,400,-10.988,1,5,4,0,0,1,0.03,0.004,175673
1650,94,-16.103,0,3,0,1,0,0,0.03,0.004,175767
1651,58,-14.92,0,3,0,1,0,0,0.03,0.004,175825
1652,400,-3.699,6,22,44,0,0,1,0.03,0.004,176225
1653,89,-15.881,0,4,0,1,0,0,0.03,0.004,176314
1654,400,-7.769,4,11,26,0,0,1,0.03,0.004,176714
1655,400,-11.98,0,8,13,0,0,1,0.03,0.004,177114
1656,400,-12.161,1,6,13,0,0,1,0.03,0.004,177514
1657,400,-10.946,1,10,4,0,0,1,0.03,0.004,177914
1658,400,-17.553,0,7,13,0,0,1,0.03,0.004,178314
1659,95,-16.147,0,4,2,1,0,0,0.03,0.004,178409
1660,400,-6.501,4,13,24,0,0,1,0.03,0.004,178809
1661,33,-10.27,0,3,0,1,0,0,0.03,0.004,178842
1662,400,-13.599,0,1,10,0,0,1,0.03,0.004,179242
1663,400,-11.717,0,11,12,0,0,1,0.03,0.004,179642
1664,400,-12.963,0,2,4,0,0,1,0.03,0.004,180042
1665,400,-14.054,0,0,8,0,0,1,0.03,0.004,180442
1666,400,-12.242,0,8,22,0,0,1,0.03,0.004,180842
1667,400,-8.401,3,18,10,0,0,1,0.03,0.004,181242
1668,30,-13.961,0,3,0,1,0,0,0.03,0.004,181272
1669,193,-19.774,0,1,1,1,0,0,0.03,0.004,181465
1670,102,-16.557,0,2,1,1,0,0,0.03,0.004,181567
1671,400,0.117,10,35,25,0,0,1,0.03,0.004,181967
1672,313,-23.807,0,4,3,1,0,0,0.03,0.004,182280
1673,42,-7.646,2,10,10,1,0,0,0.03,0.004,182322
1674,70,-15.331,0,2,0,1,0,0,0.03,0.004,182392
1675,400,-4.11,6,17,28,0,0,1,0.03,0.004,182792
1676,248,-17.599,2,5,46,1,0,0,0.03,0.004,183040
1677,400,-13.814,0,0,5,0,0,1,0.03,0.004,183440
1678,400,-5.15,4,20,30,0,0,1,0.03,0.004,183840
1679,400,-11.406,1,5,16,0,0,1,0.03,0.004,184240
1680,400,-11.734,1,10,10,0,0,1,0.03,0.004,184640
1681,400,-13.891,0,0,8,0,0,1,0.03,0.004,185040
1682,400,-13.495,0,0,7,0,0,1,0.03,0.004,185440
1683,400,-11.794,1,5,10,0,0,1,0.03,0.004,185840
1684,41,-14.317,0,4,1,1,0,0,0.03,0.004,185881
1685,400,-12.473,0,4,11,0,0,1,0.03,0.004,186281
1686,400,-13.164,0,12,57,0,0,1,0.03,0.004,186681
1687,400,-11.778,2,8,40,0,0,1,0.03,0.004,187081
1688,400,-7.672,4,12,53,0,0,1,0.03,0.004,187481
1689,17,-13.465,0,3,0,1,0,0,0.03,0.004,187498
1690,400,-13.781,0,0,6,0,0,1,0.03,0.004,187898
1691,56,-11.984,0,8,5,1,0,0,0.03,0.004,187954
1692,400,-13.734,0,0,4,0,0,1,0.03,0.004,188354
1693,400,-9.712,2,12,18,0,0,1,0.03,0.004,188754
1694,400,-11.608,2,10,28,0,0,1,0.03,0.004,189154
1695,400,-10.535,3,8,31,0,0,1,0.03,0.004,189554
1696,400,-12.936,0,2,2,0,0,1,0.03,0.004,189954
1697,400,-13.799,1,3,9,0,0,1,0.03,0.004,190354
1698,124,-17.21,0,3,1,1,0,0,0.03,0.004,190478
1699,400,-13.355,0,3,9,0,0,1,0.03,0.004,190878
1700,57,-14.985,0,2,0,1,0,0,0.03,0.004,190935
1701,400,-13.973,0,0,8,0,0,1,0.03,0.004,191335
1702,400,-12.337,1,10,44,0,0,1,0.03,0.004,191735
1703,400,-3.578,5,18,35,0,0,1,0.03,0.004,192135
1704,400,-5.616,5,16,23,0,0,1,0.03,0.004,192535
1705,400,-10.567,1,9,4,0,0,1,0.03,0.004,192935
1706,400,-13.61,0,4,3,0,0,1,0.03,0.004,193335
1707,400,-14.077,0,3,3,0,0,1,0.03,0.004,193735
1708,7,-13.183,0,4,2,1,0,0,0.03,0.004,193742
1709,400,-12.895,0,5,12,0,0,1,0.03,0.004,194142
1710,400,-13.733,0,0,5,0,0,1,0.03,0.004,194542
1711,345,-11.969,5,25,43,1,0,0,0.03,0.004,194887
1712,400,-7.948,5,9,16,0,0,1,0.03,0.004,195287
1713,400,-13.76,1,5,27,0,0,1,0.03,0.004,195687
1714,266,-22.514,0,4,7,1,0,0,0.03,0.004,195953
1715,400,-10.265,1,6,24,0,0,1,0.03,0.004,196353
1716,400,-12.977,0,3,7,0,0,1,0.03,0.004,196753
1717,166,-18.568,0,4,2,1,0,0,0.03,0.004,196919
1718,400,-9.65,4,9,34,0,0,1,0.03,0.004,197319
1719,400,-11.836,1,6,28,0,0,1,0.03,0.004,197719
1720,65,-13.523,1,5,23,1,0,0,0.03,0.004,197784
1721,400,-11.915,1,5,20,0,0,1,0.03,0.004,198184
1722,400,-11.965,1,10,26,0,0,1,0.03,0.004,198584
1723,400,-6.438,4,17,23,0,0,1,0.03,0.004,198984
1724,400,-8.312,3,9,9,0,0,1,0.03,0.004,199384
1725,29,-13.877,0,3,0,1,0,0,0.03,0.004,199413
1726,400,-8.747,2,15,7,0,0,1,0.03,0.004,199813
1727,400,-7.318,4,10,8,0,0,1,0.03,0.004,200000
1728,400,-7.965,3,10,18,0,0,1,0.03,0.004,200000
1729,400,-12.006,0,9,7,0,0,1,0.03,0.004,200000
1730,400,-11.502,3,9,63,0,0,1,0.03,0.004,200000
1731,31,-13.801,0,4,0,1,0,0,0.03,0.004,200000
1732,25,-13.589,0,4,0,1,0,0,0.03,0.004,200000
1733,59,-15.184,0,4,1,1,0,0,0.03,0.004,200000
1734,400,-14.485,0,6,32,0,0,1,0.03,0.004,200000
1735,400,-12.506,1,17,29,0,0,1,0.03,0.004,200000
1736,400,-12.763,0,2,6,0,0,1,0.03,0.004,200000
1737,400,-13.814,0,0,5,0,0,1,0.03,0.004,200000
1738,400,-8.206,3,15,12,0,0,1,0.03,0.004,200000
1739,400,-5.705,4,16,5,0,0,1,0.03,0.004,200000
1740,400,-3.501,9,29,78,0,0,1,0.03,0.004,200000
1741,400,-7.74,3,17,57,0,0,1,0.03,0.004,200000
1742,400,-11.319,0,7,9,0,0,1,0.03,0.004,200000
1743,400,-8.258,2,13,19,0,0,1,0.03,0.004,200000
1744,400,-11.454,2,5,19,0,0,1,0.03,0.004,200000
1745,400,-6.114,6,18,89,0,0,1,0.03,0.004,200000
1746,400,-12.154,4,13,79,0,0,1,0.03,0.004,200000
1747,400,-2.147,6,21,20,0,0,1,0.03,0.004,200000
1748,5,-12.962,0,3,0,1,0,0,0.03,0.004,200000
1749,400,-13.316,0,3,8,0,0,1,0.03,0.004,200000
1750,400,-6.906,3,17,16,0,0,1,0.03,0.004,200000
1751,400,-13.811,0,0,7,0,0,1,0.03,0.004,200000
1752,400,-4.3,6,18,19,0,0,1,0.03,0.004,200000
1753,188,-13.843,0,10,4,1,0,0,0.03,0.004,200000
1754,10,-13.403,0,4,4,1,0,0,0.03,0.004,200000
1755,400,-9.252,3,8,21,0,0,1,0.03,0.004,200000
1756,400,-6.437,3,9,9,0,0,1,0.03,0.004,200000
1757,10,-13.976,0,3,5,1,0,0,0.03,0.004,200000
1758,400,-7.869,4,12,28,0,0,1,0.03,0.004,200000
1759,400,-4.892,5,30,64,0,0,1,0.03,0.004,200000
1760,400,-3.917,6,25,29,0,0,1,0.03,0.004,200000
1761,400,-0.078,8,19,23,0,0,1,0.03,0.004,200000
1762,30,-14.372,0,3,6,1,0,0,0.03,0.004,200000
1763,400,-11.007,2,7,31,0,0,1,0.03,0.004,200000
1764,83,-10.159,2,13,4,1,0,0,0.03,0.004,200000
1765,280,-17.39,2,4,21,1,0,0,0.03,0.004,200000
1766,400,-5.418,6,12,25,0,0,1,0.03,0.004,200000
1767,7,-13.52,0,4,3,1,0,0,0.03,0.004,200000
1768,400,-11.527,2,12,14,0,0,1,0.03,0.004,200000
1769,400,-5.361,6,14,37,0,0,1,0.03,0.004,200000
1770,15,-14.433,0,4,11,1,0,0,0.03,0.004,200000
1771,13,-14.225,0,4,8,1,0,0,0.03,0.004,200000
1772,400,-0.525,8,17,34,0,0,1,0.03,0.004,200000
1773,400,2.196,8,33,22,0,0,1,0.03,0.004,200000
1774,400,-11.356,2,14,36,0,0,1,0.03,0.004,200000
1775,400,-11.181,1,10,25,0,0,1,0.03,0.004,200000
1776,400,-4.135,9,19,85,0,0,1,0.03,0.004,200000
1777,400,7.678,12,48,48,0,0,1,0.03,0.004,200000
1778,400,-13.814,0,0,5,0,0,1,0.03,0.004,200000
1779,400,-11.718,3,8,43,0,0,1,0.03,0.004,200000
1780,400,-10.419,4,8,38,0,0,1,0.03,0.004,200000
1781,400,-9.825,3,15,18,0,0,1,0.03,0.004,200000
1782,400,-10.542,2,7,26,0,0,1,0.03,0.004,200000
1783,10,-13.453,0,4,4,1,0,0,0.03,0.004,200000
1784,18,-14.299,0,3,11,1,0,0,0.03,0.004,200000
1785,400,-12.712,2,4,39,0,0,1,0.03,0.004,200000
1786,400,-7.842,6,23,129,0,0,1,0.03,0.004,200000
1787,400,-14.04,1,6,32,0,0,1,0.03,0.004,200000
1788,30,-10.537,1,9,4,1,0,0,0.03,0.004,200000
1789,400,-3.105,7,25,92,0,0,1,0.03,0.004,200000
1790,400,-9.389,4,13,71,0,0,1,0.03,0.004,200000
1791,400,-8.532,3,7,11,0,0,1,0.03,0.004,200000
1792,400,3.409,18,36,181,0,0,1,0.03,0.004,200000
1793,400,3.731,11,30,23,0,0,1,0.03,0.004,200000
1794,336,-15.168,6,14,34,1,0,0,0.03,0.004,200000
1795,35,-10.708,0,5,17,1,0,0,0.03,0.004,200000
1796,400,4.445,11,35,58,0,0,1,0.03,0.004,200000
1797,400,1.949,13,27,115,0,0,1,0.03,0.004,200000
1798,400,0.113,11,26,104,0,0,1,0.03,0.004,200000
1799,400,-4.457,6,14,21,0,0,1,0.03,0.004,200000
1800,400,-13.739,0,5,21,0,0,1,0.03,0.004,200000
1801,400,-13.484,1,8,27,0,0,1,0.03,0.004,200000
1802,400,-7.774,5,11,25,0,0,1,0.03,0.004,200000
1803,400,-10.117,3,6,10,0,0,1,0.03,0.004,200000
1804,118,-10.217,3,12,33,1,0,0,0.03,0.004,200000
1805,400,-0.843,8,19,21,0,0,1,0.03,0.004,200000
1806,400,-15.128,4,13,135,0,0,1,0.03,0.004,200000
1807,400,-5.51,8,17,38,0,0,1,0.03,0.004,200000
1808,400,-4.763,7,21,89,0,0,1,0.03,0.004,200000
1809,400,5.195,10,41,105,0,0,1,0.03,0.004,200000
1810,160,-20.086,1,8,77,1,0,0,0.03,0.004,200000
1811,400,7.48,13,42,110,0,0,1,0.03,0.004,200000
1812,400,5.976,12,25,30,0,0,1,0.03,0.004,200000
1813,254,-9.115,2,8,19,1,0,0,0.03,0.004,200000
1814,24,-11.22,1,6,4,1,0,0,0.03,0.004,200000
1815,270,-19.19,1,5,7,1,0,0,0.03,0.004,200000
1816,13,-14.409,0,4,11,1,0,0,0.03,0.004,200000
1817,400,-7.709,8,20,146,0,0,1,0.03,0.004,200000
1818,14,-14.098,0,4,11,1,0,0,0.03,0.004,200000
1819,400,-8.132,6,12,100,0,0,1,0.03,0.004,200000
1820,400,7.727,16,32,119,0,0,1,0.03,0.004,200000
1821,400,-2.171,8,23,116,0,0,1,0.03,0.004,200000
1822,400,-14.092,0,0,10,0,0,1,0.03,0.004,200000
1823,400,0.466,8,17,19,0,0,1,0.03,0.004,200000
1824,400,-1.351,6,19,25,0,0,1,0.03,0.004,200000
1825,400,-6.949,5,8,20,0,0,1,0.03,0.004,200000
1826,400,2.334,12,28,88,0,0,1,0.03,0.004,200000
1827,400,-5.748,5,14,32,0,0,1,0.03,0.004,200000
1828,400,-10.687,3,9,92,0,0,1,0.03,0.004,200000
1829,369,-19.628,2,8,16,1,0,0,0.03,0.004,200000
1830,400,-3.33,8,21,79,0,0,1,0.03,0.004,200000
1831,400,-5.466,4,8,8,0,0,1,0.03,0.004,200000
1832,400,-7.785,4,19,84,0,0,1,0.03,0.004,200000
1833,400,-4.385,6,16,43,0,0,1,0.03,0.004,200000
1834,400,-14.069,1,1,30,0,0,1,0.03,0.004,200000
1835,400,-7.599,3,15,80,0,0,1,0.03,0.004,200000
1836,400,-2.331,3,11,30,0,0,1,0.03,0.004,200000
1837,9,-13.831,0,3,8,1,0,0,0.03,0.004,200000
1838,68,-11.602,0,3,4,1,0,0,0.03,0.004,200000
1839,400,-14.315,0,3,21,0,0,1,0.03,0.004,200000
1840,400,-13.28,0,4,15,0,0,1,0.03,0.004,200000
1841,155,-14.126,0,5,2,1,0,0,0.03,0.004,200000
1842,215,-19.458,0,7,4,1,0,0,0.03,0.004,200000
1843,400,-11.462,3,4,47,0,0,1,0.03,0.004,200000
1844,400,-12.109,1,5,14,0,0,1,0.03,0.004,200000
1845,400,-12.163,1,5,10,0,0,1,0.03,0.004,200000
1846,400,0.66,8,16,11,0,0,1,0.03,0.004,200000
1847,400,-5.642,6,17,61,0,0,1,0.03,0.004,200000
1848,7,-13.703,0,4,5,1,0,0,0.03,0.004,200000
1849,400,-0.259,8,20,15,0,0,1,0.03,0.004,200000
1850,400,-7.091,5,9,32,0,0,1,0.03,0.004,200000
1851,400,-0.151,8,23,35,0,0,1,0.03,0.004,200000
1852,400,15.675,18,41,65,0,0,1,0.03,0.004,200000
1853,400,-1.999,5,18,10,0,0,1,0.03,0.004,200000
1854,249,-17.951,0,3,7,1,0,0,0.03,0.004,200000
1855,400,-6.043,4,13,20,0,0,1,0.03,0.004,200000
1856,400,21.225,20,43,33,0,0,1,0.03,0.004,200000
1857,400,-8.962,5,13,89,0,0,1,0.03,0.004,200000
1858,400,-1.608,8,13,35,0,0,1,0.03,0.004,200000
1859,400,-5.637,6,27,117,0,0,1,0.03,0.004,200000
1860,9,-13.881,0,4,7,1,0,0,0.03,0.004,200000
1861,400,-2.629,5,14,2,0,0,1,0.03,0.004,200000
1862,400,7.106,12,37,60,0,0,1,0.03,0.004,200000
1863,160,-14.117,0,4,9,1,0,0,0.03,0.004,200000
1864,400,8.354,12,26,42,0,0,1,0.03,0.004,200000
1865,164,-19.852,0,4,9,1,0,0,0.03,0.004,200000
1866,400,7.346,10,36,24,0,0,1,0.03,0.004,200000
1867,400,-7.392,3,17,55,0,0,1,0.03,0.004,200000
1868,400,3.76,11,25,44,0,0,1,0.03,0.004,200000
1869,272,-16.468,3,9,20,1,0,0,0.03,0.004,200000
1870,400,8.007,12,32,42,0,0,1,0.03,0.004,200000
1871,400,-10.836,1,5,7,0,0,1,0.03,0.004,200000
1872,51,-12.598,0,6,9,1,0,0,0.03,0.004,200000
1873,400,-11.036,1,7,9,0,0,1,0.03,0.004,200000
1874,400,-11.111,1,6,28,0,0,1,0.03,0.004,200000
1875,400,-14.415,0,2,21,0,0,1,0.03,0.004,200000
1876,271,-5.295,8,28,31,1,0,0,0.03,0.004,200000
1877,400,-13.974,0,0,7,0,0,1,0.03,0.004,200000
1878,400,-7.617,3,10,23,0,0,1,0.03,0.004,200000
1879,400,1.672,10,26,50,0,0,1,0.03,0.004,200000
1880,400,-10.009,2,5,10,0,0,1,0.03,0.004,200000
1881,400,5.06,12,30,74,0,0,1,0.03,0.004,200000
1882,400,29.169,25,51,27,0,0,1,0.03,0.004,200000
1883,400,-9.619,0,5,29,0,0,1,0.03,0.004,200000
1884,400,-3.854,6,19,59,0,0,1,0.03,0.004,200000
1885,400,-11.959,0,5,8,0,0,1,0.03,0.004,200000
1886,400,-11.231,1,4,3,0,0,1,0.03,0.004,200000
1887,400,-1.629,7,15,17,0,0,1,0.03,0.004,200000
1888,400,-1.821,8,16,28,0,0,1,0.03,0.004,200000
1889,400,19.996,21,36,45,0,0,1,0.03,0.004,200000
1890,400,1.75,8,26,26,0,0,1,0.03,0.004,200000
1891,400,2.803,12,36,86,0,0,1,0.03,0.004,200000
1892,337,-20.031,0,5,5,1,0,0,0.03,0.004,200000
1893,400,6.845,12,30,69,0,0,1,0.03,0.004,200000
1894,400,-15.556,0,0,39,0,0,1,0.03,0.004,200000
1895,400,-5.163,5,18,34,0,0,1,0.03,0.004,200000
1896,400,0.836,6,32,43,0,0,1,0.03,0.004,200000
1897,400,6.175,11,34,56,0,0,1,0.03,0.004,200000
1898,400,-13.974,0,0,7,0,0,1,0.03,0.004,200000
1899,400,-13.479,0,0,3,0,0,1,0.03,0.004,200000
1900,236,-2.82,12,29,48,1,0,0,0.03,0.004,200000
1901,400,-5.22,5,19,64,0,0,1,0.03,0.004,200000
1902,400,11.028,11,30,25,0,0,1,0.03,0.004,200000
1903,400,-3.898,6,14,40,0,0,1,0.03,0.004,200000
1904,400,2.903,7,26,14,0,0,1,0.03,0.004,200000
1905,400,30.308,21,52,39,0,0,1,0.03,0.004,200000
1906,400,33.178,24,49,14,0,0,1,0.03,0.004,200000
1907,131,-2.434,6,20,5,1,0,0,0.03,0.004,200000
1908,49,-4.692,3,21,1,1,0,0,0.03,0.004,200000
1909,400,46.888,33,74,8,0,0,1,0.03,0.004,200000
1910,23,-6.451,2,6,0,1,0,0,0.03,0.004,200000
1911,400,-15.238,0,0,24,0,0,1,0.03,0.004,200000
1912,400,1.252,10,15,84,0,0,1,0.03,0.004,200000
1913,400,-12.207,0,5,33,0,0,1,0.03,0.004,200000
1914,372,-20.455,4,12,69,1,0,0,0.03,0.004,200000
1915,400,19.57,20,32,27,0,0,1,0.03,0.004,200000
1916,400,-12.714,0,0,5,0,0,1,0.03,0.004,200000
1917,400,26.019,20,52,59,0,0,1,0.03,0.004,200000
1918,400,3.467,8,14,16,0,0,1,0.03,0.004,200000
1919,400,-14.053,0,0,9,0,0,1,0.03,0.004,200000
1920,400,0.511,6,15,21,0,0,1,0.03,0.004,200000
1921,400,-2.742,5,17,4,0,0,1,0.03,0.004,200000
1922,400,-3.703,5,8,8,0,0,1,0.03,0.004,200000
1923,400,12.943,12,34,47,0,0,1,0.03,0.004,200000
1924,148,-18.522,0,2,2,1,0,0,0.03,0.004,200000
1925,10,-13.666,0,3,1,1,0,0,0.03,0.004,200000
1926,400,-2.683,5,15,6,0,0,1,0.03,0.004,200000
1927,400,30.612,23,56,10,0,0,1,0.03,0.004,200000
1928,400,-4.502,5,11,37,0,0,1,0.03,0.004,200000
1929,400,-1.497,4,7,8,0,0,1,0.03,0.004,200000
1930,400,9.792,13,29,25,0,0,1,0.03,0.004,200000
1931,400,-12.768,0,2,3,0,0,1,0.03,0.004,200000
1932,400,1.513,5,25,10,0,0,1,0.03,0.004,200000
1933,359,-10.987,6,34,25,1,0,0,0.03,0.004,200000
1934,400,-5.971,2,15,19,0,0,1,0.03,0.004,200000
1935,400,9.738,10,27,33,0,0,1,0.03,0.004,200000
1936,400,21.286,20,45,37,0,0,1,0.03,0.004,200000
1937,63,-15.437,0,4,3,1,0,0,0.03,0.004,200000
1938,400,1.435,8,17,26,0,0,1,0.03,0.004,200000
1939,198,23.893,21,54,4,1,0,0,0.03,0.004,200000
1940,400,6.156,12,33,50,0,0,1,0.03,0.004,200000
1941,400,-8.637,2,10,48,0,0,1,0.03,0.004,200000
1942,400,6.021,10,27,4,0,0,1,0.03,0.004,200000
1943,400,16.669,17,39,22,0,0,1,0.03,0.004,200000
1944,400,52.878,33,84,13,0,0,1,0.03,0.004,200000
1945,400,4.349,7,17,7,0,0,1,0.03,0.004,200000
1946,400,-4.915,3,10,30,0,0,1,0.03,0.004,200000
1947,400,15.587,15,45,19,0,0,1,0.03,0.004,200000
1948,79,-9.596,0,4,0,1,0,0,0.03,0.004,200000
1949,362,-15.83,6,16,32,1,0,0,0.03,0.004,200000
1950,400,-5.339,4,13,7,0,0,1,0.03,0.004,200000
1951,400,28.891,23,42,27,0,0,1,0.03,0.004,200000
1952,400,-1.831,3,6,9,0,0,1,0.03,0.004,200000
1953,400,23.766,19,37,9,0,0,1,0.03,0.004,200000
1954,400,-1.629,3,8,19,0,0,1,0.03,0.004,200000
1955,122,-12.283,1,10,3,1,0,0,0.03,0.004,200000
1956,400,-0.302,5,20,10,0,0,1,0.03,0.004,200000
1957,400,-13.639,0,0,13,0,0,1,0.03,0.004,200000
1958,400,14.676,15,39,29,0,0,1,0.03,0.004,200000
1959,400,-9.38,0,0,7,0,0,1,0.03,0.004,200000
1960,400,-4.365,2,10,18,0,0,1,0.03,0.004,200000
1961,19,-13.756,0,3,3,1,0,0,0.03,0.004,200000
1962,101,5.969,12,23,2,1,0,0,0.03,0.004,200000
1963,400,-8.721,0,0,4,0,0,1,0.03,0.004,200000
1964,400,19.664,16,31,17,0,0,1,0.03,0.004,200000
1965,225,-16.869,0,4,5,1,0,0,0.03,0.004,200000
1966,27,-13.822,0,4,3,1,0,0,0.03,0.004,200000
1967,400,21.148,17,45,26,0,0,1,0.03,0.004,200000
1968,400,4.666,3,12,6,0,0,1,0.03,0.004,200000
1969,400,18.062,14,25,6,0,0,1,0.03,0.004,200000
1970,400,18.353,18,42,50,0,0,1,0.03,0.004,200000
1971,400,17.985,15,34,21,0,0,1,0.03,0.004,200000
1972,184,-11.282,2,7,6,1,0,0,0.03,0.004,200000
1973,400,-0.808,6,27,58,0,0,1,0.03,0.004,200000
1974,400,-1.207,4,15,44,0,0,1,0.03,0.004,200000
1975,400,46.827,33,74,31,0,0,1,0.03,0.004,200000
1976,400,42.141,29,59,5,0,0,1,0.03,0.004,200000
1977,400,27.351,22,50,47,0,0,1,0.03,0.004,200000
1978,143,2.408,9,36,13,1,0,0,0.03,0.004,200000
1979,400,-7.153,3,12,17,0,0,1,0.03,0.004,200000
1980,12,-14.751,0,3,10,1,0,0,0.03,0.004,200000
1981,17,-8.807,0,5,0,1,0,0,0.03,0.004,200000
1982,74,0.538,7,23,2,1,0,0,0.03,0.004,200000
1983,351,1.048,10,23,11,1,0,0,0.03,0.004,200000
1984,400,14.34,3,11,7,0,0,1,0.03,0.004,200000
1985,225,-6.052,3,18,13,1,0,0,0.03,0.004,200000
1986,144,5.391,11,35,16,1,0,0,0.03,0.004,200000
1987,400,-0.292,7,18,35,0,0,1,0.03,0.004,200000
1988,62,-2.646,3,17,0,1,0,0,0.03,0.004,200000
1989,400,31.552,23,51,17,0,0,1,0.03,0.004,200000
1990,130,-9.532,2,9,1,1,0,0,0.03,0.004,200000
1991,400,4.599,10,22,73,0,0,1,0.03,0.004,200000
1992,37,-9.569,0,7,11,1,0,0,0.03,0.004,200000
1993,358,17.114,21,56,72,1,0,0,0.03,0.004,200000
1994,400,44.532,31,76,45,0,0,1,0.03,0.004,200000
1995,15,-10.943,0,7,0,1,0,0,0.03,0.004,200000
1996,400,11.532,12,40,57,0,0,1,0.03,0.004,200000
1997,157,-14.307,2,5,17,1,0,0,0.03,0.004,200000
1998,400,9.645,12,40,77,0,0,1,0.03,0.004,200000
1999,400,4.904,7,20,46,0,0,1,0.03,0.004,200000
2000,400,11.235,10,34,49,0,0,1,0.03,0.004,200000
2001,400,30.505,23,56,22,0,0,1,0.03,0.004,200000
2002,30,-8.665,2,9,3,1,0,0,0.03,0.004,200000
2003,400,15.453,12,35,5,0,0,1,0.03,0.004,200000
2004,400,2.281,8,19,49,0,0,1,0.03,0.004,200000
2005,400,23.181,17,56,44,0,0,1,0.03,0.004,200000
2006,105,11.726,15,43,2,1,0,0,0.03,0.004,200000
2007,249,0.432,9,27,11,1,0,0,0.03,0.004,200000
2008,400,-6.848,0,5,3,0,0,1,0.03,0.004,200000
2009,400,3.284,5,22,31,0,0,1,0.03,0.004,200000
2010,400,33.356,24,64,11,0,0,1,0.03,0.004,200000
2011,278,15.302,20,54,43,1,0,0,0.03,0.004,200000
2012,400,0.788,5,13,3,0,0,1,0.03,0.004,200000
2013,124,4.719,9,32,19,1,0,0,0.03,0.004,200000
2014,400,38.467,25,63,18,0,0,1,0.03,0.004,200000
2015,400,26.372,18,45,15,0,0,1,0.03,0.004,200000
2016,400,-5.093,1,5,4,0,0,1,0.03,0.004,200000
2017,400,15.993,16,30,2,0,0,1,0.03,0.004,200000
2018,239,3.322,6,31,1,1,0,0,0.03,0.004,200000
2019,400,-2.147,5,12,4,0,0,1,0.03,0.004,200000
2020,400,9.899,10,19,15,0,0,1,0.03,0.004,200000
2021,400,16.978,4,15,2,0,0,1,0.03,0.004,200000
2022,400,5.839,7,19,17,0,0,1,0.03,0.004,200000
2023,5,-14.374,0,2,3,1,0,0,0.03,0.004,200000
2024,359,0.306,5,22,7,1,0,0,0.03,0.004,200000
2025,400,21.91,17,45,29,0,0,1,0.03,0.004,200000
2026,400,33.518,24,56,26,0,0,1,0.03,0.004,200000
2027,5,-14.075,0,2,3,1,0,0,0.03,0.004,200000
2028,400,19.35,16,40,3,0,0,1,0.03,0.004,200000
2029,400,10.093,0,9,9,0,0,1,0.03,0.004,200000
2030,400,22.6,16,43,4,0,0,1,0.03,0.004,200000
2031,400,32.511,24,55,22,0,0,1,0.03,0.004,200000
2032,145,-4.427,7,20,19,1,0,0,0.03,0.004,200000
2033,400,6.234,10,16,4,0,0,1,0.03,0.004,200000
2034,400,33.918,23,61,11,0,0,1,0.03,0.004,200000
2035,5,-14.075,0,3,4,1,0,0,0.03,0.004,200000
2036,400,3.562,6,18,12,0,0,1,0.03,0.004,200000
2037,396,30.545,27,64,5,1,0,0,0.03,0.004,200000
2038,158,-19.045,0,3,5,1,0,0,0.03,0.004,200000
2039,167,6.721,9,29,2,1,0,0,0.03,0.004,200000
2040,377,-6.22,10,29,45,1,0,0,0.03,0.004,200000
2041,238,-6.898,2,7,4,1,0,0,0.03,0.004,200000
2042,7,-14.003,0,3,6,1,0,0,0.03,0.004,200000
2043,48,-7.523,3,10,6,1,0,0,0.03,0.004,200000
2044,229,2.151,10,28,18,1,0,0,0.03,0.004,200000
2045,20,-10.202,1,8,2,1,0,0,0.03,0.004,200000
2046,279,-4.559,7,25,23,1,0,0,0.03,0.004,200000
2047,400,-1.701,4,12,10,0,0,1,0.03,0.004,200000
2048,49,-6.761,2,13,1,1,0,0,0.03,0.004,200000
2049,51,-5.667,1,11,2,1,0,0,0.03,0.004,200000
2050,198,15.227,17,38,18,1,0,0,0.03,0.004,200000
2051,87,0.402,8,25,8,1,0,0,0.03,0.004,200000
2052,400,21.031,15,43,23,0,0,1,0.03,0.004,200000
2053,400,29.666,22,51,4,0,0,1,0.03,0.004,200000
2054,400,32.771,22,51,11,0,0,1,0.03,0.004,200000
2055,400,-5.658,2,12,6,0,0,1,0.03,0.004,200000
2056,400,15.848,13,31,14,0,0,1,0.03,0.004,200000
2057,400,23.011,18,39,9,0,0,1,0.03,0.004,200000
2058,400,13.575,10,31,17,0,0,1,0.03,0.004,200000
2059,269,7.625,15,42,63,1,0,0,0.03,0.004,200000
2060,400,33.445,23,51,10,0,0,1,0.03,0.004,200000
2061,400,18.835,11,47,5,0,0,1,0.03,0.004,200000
2062,25,-13.849,0,1,4,1,0,0,0.03,0.004,200000
2063,400,26.458,20,61,40,0,0,1,0.03,0.004,200000
2064,400,-1.448,2,12,12,0,0,1,0.03,0.004,200000
2065,400,13.764,12,31,9,0,0,1,0.03,0.004,200000
2066,21,-9.857,2,8,2,1,0,0,0.03,0.004,200000
2067,400,5.025,5,19,5,0,0,1,0.03,0.004,200000
2068,400,16.721,13,32,17,0,0,1,0.03,0.004,200000
2069,400,-1.064,6,13,6,0,0,1,0.03,0.004,200000
2070,400,8.936,8,26,9,0,0,1,0.03,0.004,200000
2071,400,14.606,13,39,39,0,0,1,0.03,0.004,200000
2072,400,33.494,26,61,15,0,0,1,0.03,0.004,200000
2073,400,26.08,19,45,23,0,0,1,0.03,0.004,200000
2074,400,31.772,26,42,39,0,0,1,0.03,0.004,200000
2075,400,42.508,28,60,28,0,0,1,0.03,0.004,200000
2076,400,18.193,15,50,28,0,0,1,0.03,0.004,200000
2077,400,42.733,28,60,6,0,0,1,0.03,0.004,200000
2078,400,19.886,14,44,40,0,0,1,0.03,0.004,200000
2079,400,-1.116,2,17,21,0,0,1,0.03,0.004,200000
2080,275,5.86,13,34,3,1,0,0,0.03,0.004,200000
2081,400,38.914,26,65,3,0,0,1,0.03,0.004,200000
2082,88,8.19,11,31,2,1,0,0,0.03,0.004,200000
2083,38,-7.038,1,8,0,1,0,0,0.03,0.004,200000
2084,237,29.652,26,70,28,1,0,0,0.03,0.004,200000
2085,391,44.525,35,98,23,1,0,0,0.03,0.004,200000
2086,400,47.459,29,81,5,0,0,1,0.03,0.004,200000
2087,400,52.095,33,77,4,0,0,1,0.03,0.004,200000
2088,400,36.676,24,65,11,0,0,1,0.03,0.004,200000
2089,5,-13.75,0,2,3,1,0,0,0.03,0.004,200000
2090,400,24.298,20,41,8,0,0,1,0.03,0.004,200000
2091,400,21.786,15,37,5,0,0,1,0.03,0.004,200000
2092,400,29.237,17,61,3,0,0,1,0.03,0.004,200000
2093,7,-14.08,0,3,5,1,0,0,0.03,0.004,200000
2094,400,48.474,33,82,35,0,0,1,0.03,0.004,200000
2095,206,24.156,19,66,4,1,0,0,0.03,0.004,200000
2096,47,-7.259,2,16,1,1,0,0,0.03,0.004,200000
2097,400,10.058,9,28,24,0,0,1,0.03,0.004,200000
2098,400,14.448,10,33,8,0,0,1,0.03,0.004,200000
2099,13,-8.58,0,5,0,1,0,0,0.03,0.004,200000
2100,400,25.474,19,46,16,0,0,1,0.03,0.004,200000
2101,400,21.178,18,45,27,0,0,1,0.03,0.004,200000
2102,400,3.566,5,17,7,0,0,1,0.03,0.004,200000
2103,400,19.596,15,38,13,0,0,1,0.03,0.004,200000
2104,400,6.975,6,16,4,0,0,1,0.03,0.004,200000
2105,400,4.812,7,20,11,0,0,1,0.03,0.004,200000
2106,400,-8.746,0,5,4,0,0,1,0.03,0.004,200000
2107,113,5.204,9,30,2,1,0,0,0.03,0.004,200000
2108,400,44.14,28,74,0,0,0,1,0.03,0.004,200000
2109,400,21.528,17,48,29,0,0,1,0.03,0.004,200000
2110,31,-4.804,2,14,1,1,0,0,0.03,0.004,200000
2111,206,5.953,11,27,19,1,0,0,0.03,0.004,200000
2112,400,64.75,39,102,3,0,0,1,0.03,0.004,200000
2113,5,-14.052,0,2,3,1,0,0,0.03,0.004,200000
2114,5,-13.7,0,2,3,1,0,0,0.03,0.004,200000
2115,400,13.559,8,27,5,0,0,1,0.03,0.004,200000
2116,400,31.304,23,52,14,0,0,1,0.03,0.004,200000
2117,57,-15.152,0,4,2,1,0,0,0.03,0.004,200000
2118,400,39.46,27,66,5,0,0,1,0.03,0.004,200000
2119,89,3.084,6,26,3,1,0,0,0.03,0.004,200000
2120,400,15.986,18,44,104,0,0,1,0.03,0.004,200000
2121,400,34.757,23,56,2,0,0,1,0.03,0.004,200000
2122,400,16.052,12,33,3,0,0,1,0.03,0.004,200000
2123,400,36.591,27,60,50,0,0,1,0.03,0.004,200000
2124,185,-19.777,0,4,5,1,0,0,0.03,0.004,200000
2125,400,47.13,29,86,8,0,0,1,0.03,0.004,200000
2126,400,-2.4,1,8,4,0,0,1,0.03,0.004,200000
2127,400,1.247,6,21,87,0,0,1,0.03,0.004,200000
2128,70,-15.876,0,1,1,1,0,0,0.03,0.004,200000
2129,400,28.092,24,57,63,0,0,1,0.03,0.004,200000
2130,400,-1.966,1,8,16,0,0,1,0.03,0.004,200000
2131,29,-14.603,0,2,4,1,0,0,0.03,0.004,200000
2132,400,59.732,37,92,16,0,0,1,0.03,0.004,200000
2133,6,-9.515,0,2,0,1,0,0,0.03,0.004,200000
2134,400,41.264,28,67,14,0,0,1,0.03,0.004,200000
2135,334,14.653,19,55,4,1,0,0,0.03,0.004,200000
2136,213,22.948,20,51,13,1,0,0,0.03,0.004,200000
2137,400,39.032,26,71,16,0,0,1,0.03,0.004,200000
2138,400,51.365,33,84,9,0,0,1,0.03,0.004,200000
2139,400,0.587,8,25,102,0,0,1,0.03,0.004,200000
2140,400,43.756,30,74,19,0,0,1,0.03,0.004,200000
2141,400,38.071,24,65,10,0,0,1,0.03,0.004,200000
2142,400,-11.183,0,0,5,0,0,1,0.03,0.004,200000
2143,400,-13.565,0,0,4,0,0,1,0.03,0.004,200000
2144,400,24.442,20,46,7,0,0,1,0.03,0.004,200000
2145,400,-7.718,3,9,18,0,0,1,0.03,0.004,200000
2146,164,-19.223,0,3,6,1,0,0,0.03,0.004,200000
2147,110,-8.765,3,17,12,1,0,0,0.03,0.004,200000
2148,17,-14.661,0,3,12,1,0,0,0.03,0.004,200000
2149,188,-2.626,8,24,8,1,0,0,0.03,0.004,200000
2150,348,-16.398,3,10,12,1,0,0,0.03,0.004,200000
2151,96,-16.598,0,4,4,1,0,0,0.03,0.004,200000
2152,8,-13.877,0,3,4,1,0,0,0.03,0.004,200000
2153,400,14.057,11,37,8,0,0,1,0.03,0.004,200000
2154,400,51.06,33,84,5,0,0,1,0.03,0.004,200000
2155,400,28.731,22,45,6,0,0,1,0.03,0.004,200000
2156,400,-3.272,5,16,9,0,0,1,0.03,0.004,200000
2157,400,21.532,17,38,48,0,0,1,0.03,0.004,200000
2158,12,-14.05,0,3,10,1,0,0,0.03,0.004,200000
2159,400,5.716,11,29,132,0,0,1,0.03,0.004,200000
2160,9,-13.187,0,4,3,1,0,0,0.03,0.004,200000
2161,400,1.369,6,23,60,0,0,1,0.03,0.004,200000
2162,400,42.737,27,69,26,0,0,1,0.03,0.004,200000
2163,400,17.412,15,40,9,0,0,1,0.03,0.004,200000
2164,400,11.526,9,40,62,0,0,1,0.03,0.004,200000
2165,35,-7.051,3,17,5,1,0,0,0.03,0.004,200000
2166,400,30.733,22,44,12,0,0,1,0.03,0.004,200000
2167,290,5.43,8,36,10,1,0,0,0.03,0.004,200000
2168,400,-5.734,1,6,34,0,0,1,0.03,0.004,200000
2169,18,-14.27,0,2,4,1,0,0,0.03,0.004,200000
2170,400,27.108,23,45,5,0,0,1,0.03,0.004,200000
2171,400,4.392,10,22,16,0,0,1,0.03,0.004,200000
2172,400,25.481,19,46,33,0,0,1,0.03,0.004,200000
2173,15,-14.344,0,3,9,1,0,0,0.03,0.004,200000
2174,400,10.893,11,26,24,0,0,1,0.03,0.004,200000
2175,400,33.151,23,59,19,0,0,1,0.03,0.004,200000
2176,29,-11.097,0,6,6,1,0,0,0.03,0.004,200000
2177,9,-13.557,0,4,7,1,0,0,0.03,0.004,200000
2178,400,10.106,9,39,76,0,0,1,0.03,0.004,200000
2179,400,27.233,18,43,11,0,0,1,0.03,0.004,200000
2180,400,38.12,25,71,3,0,0,1,0.03,0.004,200000
2181,400,52.993,34,84,7,0,0,1,0.03,0.004,200000
2182,400,19.188,14,34,12,0,0,1,0.03,0.004,200000
2183,400,-0.638,3,7,6,0,0,1,0.03,0.004,200000
2184,5,-13.751,0,2,3,1,0,0,0.03,0.004,200000
2185,400,52.622,32,87,3,0,0,1,0.03,0.004,200000
2186,166,18.764,17,47,1,1,0,0,0.03,0.004,200000
2187,400,11.742,10,24,6,0,0,1,0.03,0.004,200000
2188,5,-13.774,0,1,2,1,0,0,0.03,0.004,200000
2189,400,35.886,24,61,20,0,0,1,0.03,0.004,200000
2190,400,16.009,11,27,1,0,0,1,0.03,0.004,200000
2191,75,-6.036,4,14,2,1,0,0,0.03,0.004,200000
2192,400,22.086,16,32,3,0,0,1,0.03,0.004,200000
2193,132,-0.251,8,23,7,1,0,0,0.03,0.004,200000
2194,172,-15.305,0,9,5,1,0,0,0.03,0.004,200000
2195,400,2.303,7,25,35,0,0,1,0.03,0.004,200000
2196,400,63.892,39,107,9,0,0,1,0.03,0.004,200000
2197,159,19.106,17,43,1,1,0,0,0.03,0.004,200000
2198,168,24.441,22,51,2,1,0,0,0.03,0.004,200000
2199,400,45.789,29,73,4,0,0,1,0.03,0.004,200000
2200,400,6.341,6,17,1,0,0,1,0.03,0.004,200000
2201,400,53.554,36,84,36,0,0,1,0.03,0.004,200000
2202,295,43.544,33,85,9,1,0,0,0.03,0.004,200000
2203,111,-17.27,0,3,3,1,0,0,0.03,0.004,200000
2204,163,15.274,17,51,1,1,0,0,0.03,0.004,200000
2205,400,17.465,12,32,1,0,0,1,0.03,0.004,200000
2206,145,-1.324,7,21,2,1,0,0,0.03,0.004,200000
2207,400,25.548,18,53,49,0,0,1,0.03,0.004,200000
2208,34,-6.662,4,8,1,1,0,0,0.03,0.004,200000
2209,400,40.04,25,67,4,0,0,1,0.03,0.004,200000
2210,105,12.294,15,36,1,1,0,0,0.03,0.004,200000
2211,146,8.963,13,36,7,1,0,0,0.03,0.004,200000
2212,21,-10.343,1,9,4,1,0,0,0.03,0.004,200000
2213,400,45.232,31,71,36,0,0,1,0.03,0.004,200000
2214,104,4.562,10,30,2,1,0,0,0.03,0.004,200000
2215,168,8.167,13,43,8,1,0,0,0.03,0.004,200000
2216,400,3.528,5,22,43,0,0,1,0.03,0.004,200000
2217,5,-13.701,0,2,3,1,0,0,0.03,0.004,200000
2218,400,33.963,22,50,3,0,0,1,0.03,0.004,200000
2219,400,51.61,35,77,7,0,0,1,0.03,0.004,200000
2220,400,7.271,6,24,28,0,0,1,0.03,0.004,200000
2221,400,27.646,18,47,9,0,0,1,0.03,0.004,200000
2222,44,-5.426,4,19,3,1,0,0,0.03,0.004,200000
2223,7,-9.557,0,2,1,1,0,0,0.03,0.004,200000
2224,118,8.733,12,41,1,1,0,0,0.03,0.004,200000
2225,349,29.887,28,71,57,1,0,0,0.03,0.004,200000
2226,400,54.357,33,81,3,0,0,1,0.03,0.004,200000
2227,400,-1.056,2,10,3,0,0,1,0.03,0.004,200000
2228,400,9.189,12,29,10,0,0,1,0.03,0.004,200000
2229,400,19.662,13,41,9,0,0,1,0.03,0.004,200000
2230,400,14.479,12,25,5,0,0,1,0.03,0.004,200000
2231,400,26.162,19,60,34,0,0,1,0.03,0.004,200000
2232,5,-13.674,0,3,3,1,0,0,0.03,0.004,200000
2233,400,32.396,24,53,20,0,0,1,0.03,0.004,200000
2234,400,43.734,27,80,35,0,0,1,0.03,0.004,200000
2235,400,70.973,41,102,5,0,0,1,0.03,0.004,200000
2236,400,25.548,17,42,7,0,0,1,0.03,0.004,200000
2237,152,10.931,12,40,13,1,0,0,0.03,0.004,200000
2238,88,-3.329,3,13,0,1,0,0,0.03,0.004,200000
2239,400,38.429,25,61,20,0,0,1,0.03,0.004,200000
2240,10,-14.466,0,1,8,1,0,0,0.03,0.004,200000
2241,400,53.775,37,85,55,0,0,1,0.03,0.004,200000
2242,7,-13.923,0,3,5,1,0,0,0.03,0.004,200000
2243,400,37.826,24,63,15,0,0,1,0.03,0.004,200000
2244,400,59.365,34,88,7,0,0,1,0.03,0.004,200000
2245,400,7.091,7,19,5,0,0,1,0.03,0.004,200000
2246,180,0.93,8,27,19,1,0,0,0.03,0.004,200000
2247,400,59.673,37,88,3,0,0,1,0.03,0.004,200000
2248,400,51.567,31,83,6,0,0,1,0.03,0.004,200000
2249,9,-13.931,0,4,7,1,0,0,0.03,0.004,200000
2250,400,43.106,28,65,6,0,0,1,0.03,0.004,200000
2251,400,17.923,12,35,14,0,0,1,0.03,0.004,200000
2252,8,-9.564,0,3,1,1,0,0,0.03,0.004,200000
2253,400,9.297,7,27,6,0,0,1,0.03,0.004,200000
2254,387,6.03,15,46,3,1,0,0,0.03,0.004,200000
2255,400,27.202,16,45,2,0,0,1,0.03,0.004,200000
2256,400,67.574,42,101,7,0,0,1,0.03,0.004,200000
2257,400,49.739,29,91,12,0,0,1,0.03,0.004,200000
2258,41,-3.476,3,13,1,1,0,0,0.03,0.004,200000
2259,363,50.453,37,79,3,1,0,0,0.03,0.004,200000
2260,400,25.837,17,41,5,0,0,1,0.03,0.004,200000
2261,115,9.528,14,32,2,1,0,0,0.03,0.004,200000
2262,400,61.651,37,96,4,0,0,1,0.03,0.004,200000
2263,400,19.217,17,40,106,0,0,1,0.03,0.004,200000
2264,21,-9.059,1,9,0,1,0,0,0.03,0.004,200000
2265,400,40.155,28,64,57,0,0,1,0.03,0.004,200000
2266,252,17.524,17,54,5,1,0,0,0.03,0.004,200000
2267,45,-1.976,7,16,1,1,0,0,0.03,0.004,200000
2268,400,66.687,38,98,1,0,0,1,0.03,0.004,200000
2269,400,32.32,22,53,30,0,0,1,0.03,0.004,200000
2270,142,13.975,13,47,1,1,0,0,0.03,0.004,200000
2271,400,38.842,27,71,42,0,0,1,0.03,0.004,200000
2272,400,6.386,6,18,2,0,0,1,0.03,0.004,200000
2273,400,1.328,2,16,8,0,0,1,0.03,0.004,200000
2274,400,36.079,24,60,64,0,0,1,0.03,0.004,200000
2275,400,73.873,43,108,5,0,0,1,0.03,0.004,200000
2276,168,5.66,9,39,3,1,0,0,0.03,0.004,200000
2277,400,20.877,13,37,2,0,0,1,0.03,0.004,200000
2278,400,29.028,18,51,2,0,0,1,0.03,0.004,200000
2279,400,-2.215,1,8,5,0,0,1,0.03,0.004,200000
2280,400,66.718,41,92,3,0,0,1,0.03,0.004,200000
2281,197,29.544,25,81,6,1,0,0,0.03,0.004,200000
2282,54,-3.701,5,17,1,1,0,0,0.03,0.004,200000
2283,400,55.275,31,102,17,0,0,1,0.03,0.004,200000
2284,400,65.401,39,95,6,0,0,1,0.03,0.004,200000
2285,47,-6.544,3,15,2,1,0,0,0.03,0.004,200000
2286,136,10.257,12,42,2,1,0,0,0.03,0.004,200000
2287,400,77.081,46,117,7,0,0,1,0.03,0.004,200000
2288,400,68.376,44,92,20,0,0,1,0.03,0.004,200000
2289,400,38.318,26,53,2,0,0,1,0.03,0.004,200000
2290,400,69.585,42,110,7,0,0,1,0.03,0.004,200000
2291,291,45.281,34,95,4,1,0,0,0.03,0.004,200000
2292,400,37.81,24,70,13,0,0,1,0.03,0.004,200000
2293,400,59.135,36,96,8,0,0,1,0.03,0.004,200000
2294,400,56.58,37,82,4,0,0,1,0.03,0.004,200000
2295,400,37.986,22,65,2,0,0,1,0.03,0.004,200000
2296,374,46.119,33,87,2,1,0,0,0.03,0.004,200000
2297,83,-2.094,5,24,1,1,0,0,0.03,0.004,200000
2298,400,50.617,30,76,2,0,0,1,0.03,0.004,200000
2299,400,51.132,32,78,3,0,0,1,0.03,0.004,200000
2300,400,37.948,22,68,6,0,0,1,0.03,0.004,200000
2301,400,64.523,40,94,6,0,0,1,0.03,0.004,200000
2302,71,0.035,6,22,2,1,0,0,0.03,0.004,200000
2303,274,38.958,31,76,1,1,0,0,0.03,0.004,200000
2304,400,71.201,43,110,9,0,0,1,0.03,0.004,200000
2305,400,64.84,40,103,10,0,0,1,0.03,0.004,200000
2306,162,22.381,21,56,3,1,0,0,0.03,0.004,200000
2307,400,60.374,36,92,3,0,0,1,0.03,0.004,200000
2308,400,61.415,35,92,3,0,0,1,0.03,0.004,200000
2309,400,30.852,20,52,18,0,0,1,0.03,0.004,200000
2310,400,70.941,42,109,4,0,0,1,0.03,0.004,200000
2311,400,67.996,39,98,2,0,0,1,0.03,0.004,200000
2312,400,70.079,42,113,10,0,0,1,0.03,0.004,200000
2313,84,6.203,9,26,1,1,0,0,0.03,0.004,200000
2314,400,67.139,39,100,4,0,0,1,0.03,0.004,200000
2315,400,60.002,35,97,6,0,0,1,0.03,0.004,200000
2316,16,-10.499,0,6,1,1,0,0,0.03,0.004,200000
2317,30,-7.556,2,10,2,1,0,0,0.03,0.004,200000
2318,139,12.388,11,46,3,1,0,0,0.03,0.004,200000
2319,290,38.466,28,80,7,1,0,0,0.03,0.004,200000
2320,400,56.615,37,77,7,0,0,1,0.03,0.004,200000
2321,400,37.398,20,70,3,0,0,1,0.03,0.004,200000
2322,203,6.81,11,26,2,1,0,0,0.03,0.004,200000
2323,400,67.115,40,99,6,0,0,1,0.03,0.004,200000
2324,400,64.271,40,96,1,0,0,1,0.03,0.004,200000
2325,400,67.476,39,97,12,0,0,1,0.03,0.004,200000
2326,400,47.306,31,71,11,0,0,1,0.03,0.004,200000
2327,31,-6.433,3,15,1,1,0,0,0.03,0.004,200000
2328,400,53.243,32,91,34,0,0,1,0.03,0.004,200000
2329,400,64.564,38,92,3,0,0,1,0.03,0.004,200000
2330,355,51.286,39,100,6,1,0,0,0.03,0.004,200000
2331,7,-9.137,0,2,0,1,0,0,0.03,0.004,200000
2332,400,70.924,41,111,5,0,0,1,0.03,0.004,200000
2333,194,21.016,13,79,2,1,0,0,0.03,0.004,200000
2334,400,42.651,28,72,32,0,0,1,0.03,0.004,200000
2335,235,31.606,23,71,8,1,0,0,0.03,0.004,200000
2336,400,69.316,43,104,13,0,0,1,0.03,0.004,200000
2337,24,-4.276,3,11,0,1,0,0,0.03,0.004,200000
2338,164,16.525,16,50,2,1,0,0,0.03,0.004,200000
2339,400,64.713,38,104,27,0,0,1,0.03,0.004,200000
2340,400,67.591,39,109,9,0,0,1,0.03,0.004,200000
2341,39,-5.214,4,13,1,1,0,0,0.03,0.004,200000
2342,400,69.162,41,109,17,0,0,1,0.03,0.004,200000
2343,118,6.131,9,31,0,1,0,0,0.03,0.004,200000
2344,356,57.935,40,104,1,1,0,0,0.03,0.004,200000
2345,400,73.571,43,108,6,0,0,1,0.03,0.004,200000
2346,400,70.157,41,102,4,0,0,1,0.03,0.004,200000
2347,31,-8.37,2,13,2,1,0,0,0.03,0.004,200000
2348,393,53.047,40,105,22,1,0,0,0.03,0.004,200000
2349,400,38.264,23,68,9,0,0,1,0.03,0.004,200000
2350,400,62.833,38,89,8,0,0,1,0.03,0.004,200000
2351,118,6.601,11,32,3,1,0,0,0.03,0.004,200000
2352,275,40.614,33,82,5,1,0,0,0.03,0.004,200000
2353,400,79.124,48,115,15,0,0,1,0.03,0.004,200000
2354,308,49.253,38,90,5,1,0,0,0.03,0.004,200000
2355,42,-3.184,5,17,2,1,0,0,0.03,0.004,200000
2356,144,15.525,15,50,2,1,0,0,0.03,0.004,200000
2357,30,-8.59,2,13,3,1,0,0,0.03,0.004,200000
2358,12,-14.32,0,2,8,1,0,0,0.03,0.004,200000
2359,123,8.827,13,34,3,1,0,0,0.03,0.004,200000
2360,400,60.776,38,84,24,0,0,1,0.03,0.004,200000
2361,400,54.544,31,84,19,0,0,1,0.03,0.004,200000
2362,400,69.035,40,110,5,0,0,1,0.03,0.004,200000
2363,400,62.65,35,98,14,0,0,1,0.03,0.004,200000
2364,364,61.15,42,104,2,1,0,0,0.03,0.004,200000
2365,400,71.662,43,105,5,0,0,1,0.03,0.004,200000
2366,315,47.348,35,83,6,1,0,0,0.03,0.004,200000
2367,400,71.333,43,100,3,0,0,1,0.03,0.004,200000
2368,233,27.069,20,74,5,1,0,0,0.03,0.004,200000
2369,152,14.923,16,39,1,1,0,0,0.03,0.004,200000
2370,400,68.946,42,90,5,0,0,1,0.03,0.004,200000
2371,400,58.893,36,95,3,0,0,1,0.03,0.004,200000
2372,165,6.024,11,33,24,1,0,0,0.03,0.004,200000
2373,63,0.277,7,23,1,1,0,0,0.03,0.004,200000
2374,400,62.421,38,86,6,0,0,1,0.03,0.004,200000
2375,400,69.108,39,97,4,0,0,1,0.03,0.004,200000
2376,81,4.301,9,29,1,1,0,0,0.03,0.004,200000
2377,28,-5.266,1,13,0,1,0,0,0.03,0.004,200000
2378,114,9.711,14,33,1,1,0,0,0.03,0.004,200000
2379,6,-9.392,0,3,0,1,0,0,0.03,0.004,200000
2380,400,46.441,25,76,12,0,0,1,0.03,0.004,200000
2381,400,61.063,35,93,4,0,0,1,0.03,0.004,200000
2382,79,3.907,7,26,0,1,0,0,0.03,0.004,200000
2383,400,64.276,38,99,4,0,0,1,0.03,0.004,200000
2384,293,36.801,26,69,1,1,0,0,0.03,0.004,200000
2385,317,16.745,19,52,2,1,0,0,0.03,0.004,200000
2386,400,72.411,43,109,3,0,0,1,0.03,0.004,200000
2387,40,-6.556,3,14,5,1,0,0,0.03,0.004,200000
2388,400,61.6,38,89,10,0,0,1,0.03,0.004,200000
2389,400,36.802,23,57,9,0,0,1,0.03,0.004,200000
2390,151,12.685,15,41,2,1,0,0,0.03,0.004,200000
2391,400,65.443,39,97,4,0,0,1,0.03,0.004,200000
2392,400,74.23,45,106,6,0,0,1,0.03,0.004,200000
2393,245,43.336,30,91,3,1,0,0,0.03,0.004,200000
2394,400,40.538,22,76,24,0,0,1,0.03,0.004,200000
2395,6,-9.342,0,3,0,1,0,0,0.03,0.004,200000
2396,400,72.501,43,108,11,0,0,1,0.03,0.004,200000
2397,119,11.155,11,38,2,1,0,0,0.03,0.004,200000
2398,400,47.712,30,59,8,0,0,1,0.03,0.004,200000
2399,400,69.349,40,102,2,0,0,1,0.03,0.004,200000
2400,188,22.107,18,55,1,1,0,0,0.03,0.004,200000
2401,7,-13.873,0,3,5,1,0,0,0.03,0.004,200000
2402,259,33.735,25,78,4,1,0,0,0.03,0.004,200000
2403,17,-14.945,0,4,16,1,0,0,0.03,0.004,200000
2404,400,79.517,48,108,2,0,0,1,0.03,0.004,200000
2405,400,53.58,34,76,14,0,0,1,0.03,0.004,200000
2406,50,-3.546,6,17,3,1,0,0,0.03,0.004,200000
2407,400,62.657,39,84,13,0,0,1,0.03,0.004,200000
2408,7,-13.923,0,3,5,1,0,0,0.03,0.004,200000
2409,400,73.488,42,105,1,0,0,1,0.03,0.004,200000
2410,400,59.487,36,89,9,0,0,1,0.03,0.004,200000
2411,400,66.256,40,105,3,0,0,1,0.03,0.004,200000
2412,400,63.177,35,95,8,0,0,1,0.03,0.004,200000
2413,400,69.025,39,106,7,0,0,1,0.03,0.004,200000
2414,400,62.584,36,100,4,0,0,1,0.03,0.004,200000
2415,325,50.382,35,103,7,1,0,0,0.03,0.004,200000
2416,122,2.361,7,32,2,1,0,0,0.03,0.004,200000
2417,400,43.56,28,59,11,0,0,1,0.03,0.004,200000
2418,81,4.811,8,26,1,1,0,0,0.03,0.004,200000
2419,400,47.76,29,78,3,0,0,1,0.03,0.004,200000
2420,400,69.211,44,99,8,0,0,1,0.03,0.004,200000
2421,61,-4.841,3,21,2,1,0,0,0.03,0.004,200000
2422,400,60.199,37,94,3,0,0,1,0.03,0.004,200000
2423,400,75.5,46,99,3,0,0,1,0.03,0.004,200000
2424,400,71.675,41,104,5,0,0,1,0.03,0.004,200000
2425,16,-14.311,0,3,11,1,0,0,0.03,0.004,200000
2426,179,25.147,20,60,1,1,0,0,0.03,0.004,200000
2427,199,29.469,22,71,3,1,0,0,0.03,0.004,200000
2428,400,63.691,41,89,7,0,0,1,0.03,0.004,200000
2429,400,60.554,35,100,18,0,0,1,0.03,0.004,200000
2430,400,68.379,41,96,3,0,0,1,0.03,0.004,200000
2431,7,-13.843,0,3,4,1,0,0,0.03,0.004,200000
2432,277,41.247,31,85,4,1,0,0,0.03,0.004,200000
2433,11,-11.931,0,4,4,1,0,0,0.03,0.004,200000
2434,400,45.45,24,88,5,0,0,1,0.03,0.004,200000
2435,400,24.217,14,47,7,0,0,1,0.03,0.004,200000
2436,400,50.792,30,83,4,0,0,1,0.03,0.004,200000
2437,23,-15.371,0,2,15,1,0,0,0.03,0.004,200000
2438,42,-7.553,2,15,7,1,0,0,0.03,0.004,200000
2439,400,59.813,37,97,3,0,0,1,0.03,0.004,200000
2440,400,73.643,46,106,3,0,0,1,0.03,0.004,200000
2441,400,60.531,38,88,9,0,0,1,0.03,0.004,200000
2442,100,4.316,9,39,2,1,0,0,0.03,0.004,200000
2443,400,70.498,41,95,5,0,0,1,0.03,0.004,200000
2444,10,-14.086,0,3,7,1,0,0,0.03,0.004,200000
2445,134,14.464,15,38,3,1,0,0,0.03,0.004,200000
2446,378,58.676,43,101,4,1,0,0,0.03,0.004,200000
2447,400,45.375,27,66,5,0,0,1,0.03,0.004,200000
2448,400,63.458,35,101,7,0,0,1,0.03,0.004,200000
2449,13,-14.549,0,2,9,1,0,0,0.03,0.004,200000
2450,283,42.368,31,80,6,1,0,0,0.03,0.004,200000
2451,356,61.281,44,98,6,1,0,0,0.03,0.004,200000
2452,214,33.877,29,75,2,1,0,0,0.03,0.004,200000
2453,5,-13.535,0,2,1,1,0,0,0.03,0.004,200000
2454,400,64.69,35,104,7,0,0,1,0.03,0.004,200000
2455,400,69.314,39,114,7,0,0,1,0.03,0.004,200000
2456,400,71.31,41,109,14,0,0,1,0.03,0.004,200000
2457,287,24.489,19,54,13,1,0,0,0.03,0.004,200000
2458,12,-13.834,0,3,7,1,0,0,0.03,0.004,200000
2459,381,60.638,42,112,11,1,0,0,0.03,0.004,200000
2460,400,43.931,25,68,14,0,0,1,0.03,0.004,200000
2461,400,70.832,43,100,13,0,0,1,0.03,0.004,200000
2462,25,-7.824,1,5,2,1,0,0,0.03,0.004,200000
2463,303,40.946,32,74,19,1,0,0,0.03,0.004,200000
2464,400,66.149,38,106,8,0,0,1,0.03,0.004,200000
2465,115,7.734,8,36,0,1,0,0,0.03,0.004,200000
2466,52,-3.736,1,22,0,1,0,0,0.03,0.004,200000
2467,138,10.33,9,50,6,1,0,0,0.03,0.004,200000
2468,400,64.221,39,88,4,0,0,1,0.03,0.004,200000
2469,400,71.079,42,102,4,0,0,1,0.03,0.004,200000
2470,400,61.206,38,90,27,0,0,1,0.03,0.004,200000
2471,12,-14.376,0,2,8,1,0,0,0.03,0.004,200000
2472,400,54.904,34,92,35,0,0,1,0.03,0.004,200000
2473,400,68.309,43,100,18,0,0,1,0.03,0.004,200000
2474,400,60.81,35,103,26,0,0,1,0.03,0.004,200000
2475,7,-13.763,0,3,3,1,0,0,0.03,0.004,200000
2476,74,1.067,5,24,2,1,0,0,0.03,0.004,200000
2477,11,-13.99,0,4,6,1,0,0,0.03,0.004,200000
2478,400,63.237,37,108,19,0,0,1,0.03,0.004,200000
2479,400,48.684,30,77,38,0,0,1,0.03,0.004,200000
2480,379,56.427,40,98,3,1,0,0,0.03,0.004,200000
2481,125,14.102,14,39,4,1,0,0,0.03,0.004,200000
2482,400,69.709,41,114,10,0,0,1,0.03,0.004,200000
2483,400,68.243,42,95,10,0,0,1,0.03,0.004,200000
2484,400,69.754,40,109,11,0,0,1,0.03,0.004,200000
2485,400,74.651,44,109,11,0,0,1,0.03,0.004,200000
2486,200,26.404,23,62,7,1,0,0,0.03,0.004,200000
2487,400,67.429,41,107,8,0,0,1,0.03,0.004,200000
2488,297,37.017,29,84,15,1,0,0,0.03,0.004,200000
2489,400,74.215,44,111,16,0,0,1,0.03,0.004,200000
2490,7,-9.087,0,2,0,1,0,0,0.03,0.004,200000
2491,12,-13.854,0,3,7,1,0,0,0.03,0.004,200000
2492,400,64.46,38,100,16,0,0,1,0.03,0.004,200000
2493,400,51.871,27,76,6,0,0,1,0.03,0.004,200000
2494,241,17.208,16,63,11,1,0,0,0.03,0.004,200000
2495,400,72.35,43,109,6,0,0,1,0.03,0.004,200000
2496,400,70.716,41,110,11,0,0,1,0.03,0.004,200000
2497,400,76.397,46,104,7,0,0,1,0.03,0.004,200000
2498,400,68.628,43,100,17,0,0,1,0.03,0.004,200000
2499,10,-13.626,0,3,5,1,0,0,0.03,0.004,200000
2500,400,49.744,34,74,43,0,0,1,0.03,0.004,200000
2501,400,61.327,38,96,33,0,0,1,0.03,0.004,200000
2502,149,7.773,12,39,16,1,0,0,0.03,0.004,200000
2503,127,9.973,12,50,8,1,0,0,0.03,0.004,200000
2504,6,-13.019,0,4,1,1,0,0,0.03,0.004,200000
2505,400,64.283,37,91,11,0,0,1,0.03,0.004,200000
2506,7,-13.233,0,4,2,1,0,0,0.03,0.004,200000
2507,400,59.743,37,99,34,0,0,1,0.03,0.004,200000
2508,299,38.866,30,71,19,1,0,0,0.03,0.004,200000
2509,7,-13.183,0,4,2,1,0,0,0.03,0.004,200000
2510,400,40.283,27,65,28,0,0,1,0.03,0.004,200000
2511,400,49.816,29,87,13,0,0,1,0.03,0.004,200000
2512,400,67.258,43,101,22,0,0,1,0.03,0.004,200000
2513,400,-1.27,9,21,164,0,0,1,0.03,0.004,200000
2514,400,53.503,34,77,14,0,0,1,0.03,0.004,200000
2515,172,21.376,19,52,3,1,0,0,0.03,0.004,200000
2516,400,46.332,29,73,3,0,0,1,0.03,0.004,200000
2517,400,59.256,35,87,8,0,0,1,0.03,0.004,200000
2518,85,1.951,8,27,7,1,0,0,0.03,0.004,200000
2519,400,65.064,38,97,5,0,0,1,0.03,0.004,200000
2520,10,-13.676,0,2,5,1,0,0,0.03,0.004,200000
2521,400,74.721,44,110,6,0,0,1,0.03,0.004,200000
2522,138,11.84,14,41,7,1,0,0,0.03,0.004,200000
2523,400,63.958,38,91,5,0,0,1,0.03,0.004,200000
2524,7,-13.183,0,4,2,1,0,0,0.03,0.004,200000
2525,400,61.427,39,91,27,0,0,1,0.03,0.004,200000
2526,400,68.235,42,102,10,0,0,1,0.03,0.004,200000
2527,400,68.029,41,112,26,0,0,1,0.03,0.004,200000
2528,7,-13.613,0,4,3,1,0,0,0.03,0.004,200000
2529,6,-12.969,0,4,1,1,0,0,0.03,0.004,200000
2530,302,29.84,24,73,10,1,0,0,0.03,0.004,200000
2531,237,33.259,27,61,3,1,0,0,0.03,0.004,200000
2532,400,63.133,38,97,17,0,0,1,0.03,0.004,200000
2533,400,52.761,34,90,47,0,0,1,0.03,0.004,200000
2534,94,5.142,8,34,6,1,0,0,0.03,0.004,200000
2535,7,-13.663,0,3,3,1,0,0,0.03,0.004,200000
2536,60,-4.317,3,15,10,1,0,0,0.03,0.004,200000
2537,400,33.04,23,59,27,0,0,1,0.03,0.004,200000
2538,7,-13.183,0,4,2,1,0,0,0.03,0.004,200000
2539,32,-6.664,1,8,1,1,0,0,0.03,0.004,200000
2540,382,49.988,36,100,28,1,0,0,0.03,0.004,200000
2541,400,71.627,45,102,20,0,0,1,0.03,0.004,200000
2542,400,73.123,42,109,4,0,0,1,0.03,0.004,200000
2543,400,62.077,35,101,12,0,0,1,0.03,0.004,200000
2544,222,27.837,24,59,21,1,0,0,0.03,0.004,200000
2545,177,13.951,18,54,29,1,0,0,0.03,0.004,200000
2546,10,-13.576,0,3,5,1,0,0,0.03,0.004,200000
2547,400,69.915,44,97,4,0,0,1,0.03,0.004,200000
2548,400,76.234,46,108,9,0,0,1,0.03,0.004,200000
2549,9,-12.073,0,2,4,1,0,0,0.03,0.004,200000
2550,400,71.507,44,107,11,0,0,1,0.03,0.004,200000
2551,328,28.521,23,61,5,1,0,0,0.03,0.004,200000
2552,9,-13.361,0,4,4,1,0,0,0.03,0.004,200000
2553,400,65.969,37,115,12,0,0,1,0.03,0.004,200000
2554,400,71.13,46,99,31,0,0,1,0.03,0.004,200000
2555,400,62.594,41,105,51,0,0,1,0.03,0.004,200000
2556,400,55.021,37,86,44,0,0,1,0.03,0.004,200000
2557,68,1.923,7,19,7,1,0,0,0.03,0.004,200000
2558,400,38.073,28,62,64,0,0,1,0.03,0.004,200000
2559,5,-12.855,0,4,0,1,0,0,0.03,0.004,200000
2560,91,4.206,6,32,1,1,0,0,0.03,0.004,200000
2561,400,74.627,43,115,11,0,0,1,0.03,0.004,200000
2562,400,72.811,42,104,15,0,0,1,0.03,0.004,200000
2563,400,73.717,43,111,8,0,0,1,0.03,0.004,200000
2564,95,10.24,12,31,2,1,0,0,0.03,0.004,200000
2565,366,54.165,38,97,13,1,0,0,0.03,0.004,200000
2566,13,-8.6,0,6,1,1,0,0,0.03,0.004,200000
2567,89,4.441,7,27,0,1,0,0,0.03,0.004,200000
2568,134,0.628,8,35,9,1,0,0,0.03,0.004,200000
2569,340,13.991,17,46,3,1,0,0,0.03,0.004,200000
2570,13,-12.75,0,2,4,1,0,0,0.03,0.004,200000
2571,400,72.943,43,101,2,0,0,1,0.03,0.004,200000
2572,163,22.7,22,53,4,1,0,0,0.03,0.004,200000
2573,168,19.298,14,59,3,1,0,0,0.03,0.004,200000
2574,400,74.262,45,112,8,0,0,1,0.03,0.004,200000
2575,211,24.311,19,61,7,1,0,0,0.03,0.004,200000
2576,362,47.485,34,94,14,1,0,0,0.03,0.004,200000
2577,85,-0.911,5,22,15,1,0,0,0.03,0.004,200000
2578,48,-1.564,6,19,0,1,0,0,0.03,0.004,200000
2579,400,75.874,48,114,6,0,0,1,0.03,0.004,200000
2580,7,-13.083,0,4,2,1,0,0,0.03,0.004,200000
2581,400,57.555,33,87,11,0,0,1,0.03,0.004,200000
2582,400,70.184,41,112,16,0,0,1,0.03,0.004,200000
2583,400,36.397,23,59,32,0,0,1,0.03,0.004,200000
2584,7,-13.233,0,3,2,1,0,0,0.03,0.004,200000
2585,400,55.953,33,93,2,0,0,1,0.03,0.004,200000
2586,164,21.806,16,59,0,1,0,0,0.03,0.004,200000
2587,332,47.145,36,99,12,1,0,0,0.03,0.004,200000
2588,105,4.24,7,28,5,1,0,0,0.03,0.004,200000
2589,400,45.492,26,77,10,0,0,1,0.03,0.004,200000
2590,234,34.922,27,74,3,1,0,0,0.03,0.004,200000
2591,391,58.336,37,110,2,1,0,0,0.03,0.004,200000
2592,171,14.334,13,58,10,1,0,0,0.03,0.004,200000
2593,15,-14.117,0,3,9,1,0,0,0.03,0.004,200000
2594,400,54.739,32,89,36,0,0,1,0.03,0.004,200000
2595,400,56.137,32,86,30,0,0,1,0.03,0.004,200000
2596,114,2.925,7,27,17,1,0,0,0.03,0.004,200000
2597,400,80.618,49,123,2,0,0,1,0.03,0.004,200000
2598,7,-13.233,0,3,2,1,0,0,0.03,0.004,200000
2599,75,1.719,5,26,1,1,0,0,0.03,0.004,200000
2600,359,55.96,40,105,6,1,0,0,0.03,0.004,200000
2601,400,63.988,38,96,29,0,0,1,0.03,0.004,200000
2602,7,-13.433,0,2,2,1,0,0,0.03,0.004,200000
2603,400,65.214,36,99,14,0,0,1,0.03,0.004,200000
2604,262,37.618,26,90,8,1,0,0,0.03,0.004,200000
2605,18,-15.02,0,3,14,1,0,0,0.03,0.004,200000
2606,321,11.292,18,50,69,1,0,0,0.03,0.004,200000
2607,348,51.441,36,102,2,1,0,0,0.03,0.004,200000
2608,400,60.416,33,100,5,0,0,1,0.03,0.004,200000
2609,400,73.552,44,99,7,0,0,1,0.03,0.004,200000
2610,400,77.618,45,114,6,0,0,1,0.03,0.004,200000
2611,400,38.181,22,62,25,0,0,1,0.03,0.004,200000
2612,185,24.963,20,55,1,1,0,0,0.03,0.004,200000
2613,72,-0.954,7,22,7,1,0,0,0.03,0.004,200000
2614,106,-1.72,6,25,17,1,0,0,0.03,0.004,200000
2615,400,72.146,43,105,9,0,0,1,0.03,0.004,200000
2616,400,71.233,43,106,8,0,0,1,0.03,0.004,200000
2617,400,69.539,40,104,15,0,0,1,0.03,0.004,200000
2618,400,65.364,39,94,2,0,0,1,0.03,0.004,200000
2619,400,61.84,36,94,2,0,0,1,0.03,0.004,200000
2620,7,-13.133,0,4,2,1,0,0,0.03,0.004,200000
2621,15,-14.247,0,3,10,1,0,0,0.03,0.004,200000
2622,400,74.906,46,107,2,0,0,1,0.03,0.004,200000
2623,6,-9.342,0,3,0,1,0,0,0.03,0.004,200000
2624,305,50.229,35,89,3,1,0,0,0.03,0.004,200000
2625,187,29.104,23,60,6,1,0,0,0.03,0.004,200000
2626,7,-13.283,0,3,2,1,0,0,0.03,0.004,200000
2627,400,76.234,44,114,11,0,0,1,0.03,0.004,200000
2628,400,72.522,42,100,8,0,0,1,0.03,0.004,200000
2629,400,64.055,39,97,7,0,0,1,0.03,0.004,200000
2630,7,-13.033,0,4,2,1,0,0,0.03,0.004,200000
2631,16,-14.231,0,3,10,1,0,0,0.03,0.004,200000
2632,58,-3.392,4,17,0,1,0,0,0.03,0.004,200000
2633,400,73.056,42,110,6,0,0,1,0.03,0.004,200000
2634,400,67.786,38,106,9,0,0,1,0.03,0.004,200000
2635,400,77.599,46,108,5,0,0,1,0.03,0.004,200000
2636,400,68.84,40,101,23,0,0,1,0.03,0.004,200000
2637,400,70.436,41,103,6,0,0,1,0.03,0.004,200000
2638,9,-13.388,0,3,3,1,0,0,0.03,0.004,200000
2639,400,75.958,44,118,4,0,0,1,0.03,0.004,200000
2640,346,54.282,37,100,7,1,0,0,0.03,0.004,200000
2641,400,69.918,42,108,11,0,0,1,0.03,0.004,200000
2642,400,76.208,46,109,5,0,0,1,0.03,0.004,200000
2643,400,66.362,42,97,22,0,0,1,0.03,0.004,200000
2644,400,72.848,43,111,6,0,0,1,0.03,0.004,200000
2645,70,-5.971,4,19,12,1,0,0,0.03,0.004,200000
2646,400,71.786,45,107,5,0,0,1,0.03,0.004,200000
2647,191,19.757,17,55,11,1,0,0,0.03,0.004,200000
2648,400,22.557,14,45,17,0,0,1,0.03,0.004,200000
2649,13,-13.689,0,4,7,1,0,0,0.03,0.004,200000
2650,10,-13.526,0,4,5,1,0,0,0.03,0.004,200000
2651,7,-13.663,0,3,3,1,0,0,0.03,0.004,200000
2652,129,12.877,14,47,4,1,0,0,0.03,0.004,200000
2653,305,43.321,32,82,5,1,0,0,0.03,0.004,200000
2654,129,14.757,14,40,2,1,0,0,0.03,0.004,200000
2655,400,66.843,40,92,16,0,0,1,0.03,0.004,200000
2656,400,66.522,39,99,16,0,0,1,0.03,0.004,200000
2657,400,76.994,47,109,5,0,0,1,0.03,0.004,200000
2658,13,-13.918,0,3,8,1,0,0,0.03,0.004,200000
2659,353,53.12,34,115,1,1,0,0,0.03,0.004,200000
2660,22,-7.612,0,9,0,1,0,0,0.03,0.004,200000
2661,7,-13.808,0,2,3,1,0,0,0.03,0.004,200000
2662,5,-13.434,0,3,1,1,0,0,0.03,0.004,200000
2663,400,70.682,41,106,5,0,0,1,0.03,0.004,200000
2664,338,54.242,37,100,5,1,0,0,0.03,0.004,200000
2665,7,-13.283,0,3,2,1,0,0,0.03,0.004,200000
2666,400,72.195,42,110,16,0,0,1,0.03,0.004,200000
2667,226,34.036,27,77,6,1,0,0,0.03,0.004,200000
2668,261,37.012,27,84,4,1,0,0,0.03,0.004,200000
2669,400,70.288,44,100,11,0,0,1,0.03,0.004,200000
2670,400,76.401,45,106,3,0,0,1,0.03,0.004,200000
2671,400,75.275,43,116,7,0,0,1,0.03,0.004,200000
2672,198,24.348,23,53,4,1,0,0,0.03,0.004,200000
2673,400,64.685,38,98,20,0,0,1,0.03,0.004,200000
2674,400,78.121,47,118,4,0,0,1,0.03,0.004,200000
2675,400,73.768,43,107,5,0,0,1,0.03,0.004,200000
2676,400,49.189,30,81,14,0,0,1,0.03,0.004,200000
2677,400,69.269,41,111,8,0,0,1,0.03,0.004,200000
2678,400,62.257,40,95,51,0,0,1,0.03,0.004,200000
2679,10,-13.476,0,4,5,1,0,0,0.03,0.004,200000
2680,400,68.477,41,105,15,0,0,1,0.03,0.004,200000
2681,56,-0.706,5,18,1,1,0,0,0.03,0.004,200000
2682,400,63.67,43,112,5,1,0,0,0.03,0.004,200000
2683,134,14.534,13,52,3,1,0,0,0.03,0.004,200000
2684,318,40.508,33,84,15,1,0,0,0.03,0.004,200000
2685,9,-13.338,0,3,3,1,0,0,0.03,0.004,200000
2686,82,4.098,9,37,2,1,0,0,0.03,0.004,200000
2687,400,61.934,35,87,1,0,0,1,0.03,0.004,200000
2688,400,70.878,42,106,5,0,0,1,0.03,0.004,200000
2689,400,43.583,27,64,2,0,0,1,0.03,0.004,200000
2690,268,41.573,30,85,10,1,0,0,0.03,0.004,200000
2691,280,37.344,28,78,5,1,0,0,0.03,0.004,200000
2692,400,64.994,38,100,7,0,0,1,0.03,0.004,200000
2693,400,70.579,42,114,3,0,0,1,0.03,0.004,200000
2694,400,70.812,40,105,3,0,0,1,0.03,0.004,200000
2695,14,-8.529,0,5,0,1,0,0,0.03,0.004,200000
2696,400,77.824,45,120,1,0,0,1,0.03,0.004,200000
2697,400,75.408,46,112,15,0,0,1,0.03,0.004,200000
2698,170,17.476,18,48,9,1,0,0,0.03,0.004,200000
2699,400,72.08,42,115,13,0,0,1,0.03,0.004,200000
2700,400,70.328,41,108,6,0,0,1,0.03,0.004,200000
2701,343,46.118,34,87,7,1,0,0,0.03,0.004,200000
2702,400,74.092,44,98,5,0,0,1,0.03,0.004,200000
2703,400,69.835,42,98,14,0,0,1,0.03,0.004,200000
2704,9,-12.076,0,6,4,1,0,0,0.03,0.004,200000
2705,400,64.02,36,94,3,0,0,1,0.03,0.004,200000
2706,7,-13.613,0,4,3,1,0,0,0.03,0.004,200000
2707,400,64.877,40,100,31,0,0,1,0.03,0.004,200000
2708,400,75.53,44,117,10,0,0,1,0.03,0.004,200000
2709,400,77.033,46,109,3,0,0,1,0.03,0.004,200000
2710,251,29.092,23,70,24,1,0,0,0.03,0.004,200000
2711,88,4.456,6,26,0,1,0,0,0.03,0.004,200000
2712,400,67.997,43,107,31,0,0,1,0.03,0.004,200000
2713,105,-2.163,7,23,18,1,0,0,0.03,0.004,200000
2714,400,64.604,40,96,20,0,0,1,0.03,0.004,200000
2715,400,53.906,33,87,35,0,0,1,0.03,0.004,200000
2716,400,77.39,45,116,5,0,0,1,0.03,0.004,200000
2717,138,7.874,11,34,10,1,0,0,0.03,0.004,200000
2718,400,71.206,44,102,7,0,0,1,0.03,0.004,200000
2719,25,-8.499,2,11,1,1,0,0,0.03,0.004,200000
2720,386,49.868,37,101,22,1,0,0,0.03,0.004,200000
2721,70,-0.088,7,20,1,1,0,0,0.03,0.004,200000
2722,9,-13.941,0,3,5,1,0,0,0.03,0.004,200000
2723,395,63.388,43,108,6,1,0,0,0.03,0.004,200000
2724,48,-3.14,2,19,0,1,0,0,0.03,0.004,200000
2725,186,15.113,16,52,17,1,0,0,0.03,0.004,200000
2726,9,-9.5,0,3,3,1,0,0,0.03,0.004,200000
2727,7,-8.986,0,3,0,1,0,0,0.03,0.004,200000
2728,400,72.625,41,118,6,0,0,1,0.03,0.004,200000
2729,400,73.542,42,104,4,0,0,1,0.03,0.004,200000
2730,400,68.615,41,95,13,0,0,1,0.03,0.004,200000
2731,7,-13.663,0,3,3,1,0,0,0.03,0.004,200000
2732,223,18.368,15,44,4,1,0,0,0.03,0.004,200000
2733,170,21.302,20,58,3,1,0,0,0.03,0.004,200000
2734,151,3.441,6,35,26,1,0,0,0.03,0.004,200000
2735,381,67.271,47,116,5,1,0,0,0.03,0.004,200000
2736,400,73.842,46,114,10,0,0,1,0.03,0.004,200000
2737,367,58.634,42,88,3,1,0,0,0.03,0.004,200000
2738,269,40.787,27,92,2,1,0,0,0.03,0.004,200000
2739,81,5.045,8,20,0,1,0,0,0.03,0.004,200000
2740,400,76.834,46,113,4,0,0,1,0.03,0.004,200000
2741,73,-1.452,6,20,0,1,0,0,0.03,0.004,200000
2742,60,-4.161,4,20,3,1,0,0,0.03,0.004,200000
2743,400,73.631,43,107,2,0,0,1,0.03,0.004,200000
2744,400,73.347,41,109,2,0,0,1,0.03,0.004,200000
2745,400,75.349,44,109,8,0,0,1,0.03,0.004,200000
2746,129,12.459,11,46,4,1,0,0,0.03,0.004,200000
2747,400,71.559,44,109,6,0,0,1,0.03,0.004,200000
2748,400,75.346,45,111,3,0,0,1,0.03,0.004,200000
2749,400,64.485,35,99,8,0,0,1,0.03,0.004,200000
2750,105,6.563,6,46,1,1,0,0,0.03,0.004,200000
2751,351,34.086,25,81,9,1,0,0,0.03,0.004,200000
2752,400,73.281,44,102,2,0,0,1,0.03,0.004,200000
2753,97,4.075,8,35,1,1,0,0,0.03,0.004,200000
2754,231,20.029,19,53,21,1,0,0,0.03,0.004,200000
2755,400,67.53,42,95,3,0,0,1,0.03,0.004,200000
2756,400,70.236,39,113,4,0,0,1,0.03,0.004,200000
2757,400,75.994,45,104,9,0,0,1,0.03,0.004,200000
2758,28,-6.049,2,10,3,1,0,0,0.03,0.004,200000
2759,286,48.213,36,87,2,1,0,0,0.03,0.004,200000
2760,45,-5.963,3,19,2,1,0,0,0.03,0.004,200000
2761,11,-13.477,0,2,7,1,0,0,0.03,0.004,200000
2762,400,63.843,36,90,9,0,0,1,0.03,0.004,200000
2763,147,18.307,19,49,5,1,0,0,0.03,0.004,200000
2764,5,-13.465,0,3,1,1,0,0,0.03,0.004,200000
2765,182,21.755,20,59,9,1,0,0,0.03,0.004,200000
2766,78,-0.64,4,37,3,1,0,0,0.03,0.004,200000
2767,197,31.219,23,66,2,1,0,0,0.03,0.004,200000
2768,255,35.779,26,75,5,1,0,0,0.03,0.004,200000
2769,400,78.103,47,108,4,0,0,1,0.03,0.004,200000
2770,400,76.595,48,101,6,0,0,1,0.03,0.004,200000
2771,348,50.42,34,92,2,1,0,0,0.03,0.004,200000
2772,15,-8.185,0,6,0,1,0,0,0.03,0.004,200000
2773,266,42.126,33,87,5,1,0,0,0.03,0.004,200000
2774,251,34.399,28,72,3,1,0,0,0.03,0.004,200000
2775,130,12.813,14,44,2,1,0,0,0.03,0.004,200000
2776,400,77.23,46,117,9,0,0,1,0.03,0.004,200000
2777,7,-13.813,0,2,3,1,0,0,0.03,0.004,200000
2778,400,60.968,37,87,7,0,0,1,0.03,0.004,200000
2779,57,-2.58,4,15,7,1,0,0,0.03,0.004,200000
2780,168,21.679,17,58,3,1,0,0,0.03,0.004,200000
2781,22,-8.439,0,6,1,1,0,0,0.03,0.004,200000
2782,81,0.972,6,26,2,1,0,0,0.03,0.004,200000
2783,400,69.776,41,107,4,0,0,1,0.03,0.004,200000
2784,242,37.321,26,81,1,1,0,0,0.03,0.004,200000
2785,62,1.494,6,24,0,1,0,0,0.03,0.004,200000
2786,400,61.686,35,104,9,0,0,1,0.03,0.004,200000
2787,400,55.766,35,78,10,0,0,1,0.03,0.004,200000
2788,400,45.839,25,87,50,0,0,1,0.03,0.004,200000
2789,400,68.039,41,101,9,0,0,1,0.03,0.004,200000
2790,400,31.902,22,57,42,0,0,1,0.03,0.004,200000
2791,400,76.704,48,113,6,0,0,1,0.03,0.004,200000
2792,48,-3.987,5,15,1,1,0,0,0.03,0.004,200000
2793,400,23.642,16,47,41,0,0,1,0.03,0.004,200000
2794,51,-5.716,3,16,5,1,0,0,0.03,0.004,200000
2795,400,63.27,40,91,15,0,0,1,0.03,0.004,200000
2796,67,-0.828,7,21,3,1,0,0,0.03,0.004,200000
2797,359,55.351,37,105,8,1,0,0,0.03,0.004,200000
2798,400,51.076,33,78,45,0,0,1,0.03,0.004,200000
2799,42,-2.513,5,12,1,1,0,0,0.03,0.004,200000
2800,22,-15.067,0,3,14,1,0,0,0.03,0.004,200000
2801,300,46.298,33,98,7,1,0,0,0.03,0.004,200000
2802,133,10.855,14,39,4,1,0,0,0.03,0.004,200000
2803,400,70.278,45,100,10,0,0,1,0.03,0.004,200000
2804,41,-5.968,4,14,3,1,0,0,0.03,0.004,200000
2805,400,74.733,44,111,5,0,0,1,0.03,0.004,200000
2806,51,-5.321,4,10,5,1,0,0,0.03,0.004,200000
2807,161,19.785,15,53,2,1,0,0,0.03,0.004,200000
2808,400,36.152,25,69,78,0,0,1,0.03,0.004,200000
2809,16,-8.923,0,6,2,1,0,0,0.03,0.004,200000
2810,57,-1.348,4,17,2,1,0,0,0.03,0.004,200000
2811,400,62.707,39,98,38,0,0,1,0.03,0.004,200000
2812,400,59.075,36,96,31,0,0,1,0.03,0.004,200000
2813,400,78.845,48,107,6,0,0,1,0.03,0.004,200000
2814,400,23.736,17,54,50,0,0,1,0.03,0.004,200000
2815,400,54.263,34,87,60,0,0,1,0.03,0.004,200000
2816,76,-8.386,3,12,36,1,0,0,0.03,0.004,200000
2817,306,47.698,33,89,2,1,0,0,0.03,0.004,200000
2818,400,51.534,33,85,38,0,0,1,0.03,0.004,200000
2819,37,-4.452,5,13,2,1,0,0,0.03,0.004,200000
2820,270,43.811,32,87,7,1,0,0,0.03,0.004,200000
2821,400,77.147,45,106,3,0,0,1,0.03,0.004,200000
2822,13,-9.222,0,3,0,1,0,0,0.03,0.004,200000
2823,400,73.332,45,102,18,0,0,1,0.03,0.004,200000
2824,70,-1.514,6,26,2,1,0,0,0.03,0.004,200000
2825,7,-8.936,0,3,0,1,0,0,0.03,0.004,200000
2826,400,54.397,34,85,39,0,0,1,0.03,0.004,200000
2827,13,-10.362,0,8,0,1,0,0,0.03,0.004,200000
2828,400,53.951,34,89,48,0,0,1,0.03,0.004,200000
2829,141,17.551,17,55,4,1,0,0,0.03,0.004,200000
2830,8,-13.677,0,4,4,1,0,0,0.03,0.004,200000
2831,315,33.504,28,74,43,1,0,0,0.03,0.004,200000
2832,120,8.208,8,41,3,1,0,0,0.03,0.004,200000
2833,24,-7.081,1,8,2,1,0,0,0.03,0.004,200000
2834,400,58.605,35,99,24,0,0,1,0.03,0.004,200000
2835,93,3.421,6,33,3,1,0,0,0.03,0.004,200000
2836,400,50.842,30,81,10,0,0,1,0.03,0.004,200000
2837,186,27.278,25,63,6,1,0,0,0.03,0.004,200000
2838,400,67.149,42,100,21,0,0,1,0.03,0.004,200000
2839,400,69.547,41,108,7,0,0,1,0.03,0.004,200000
2840,268,35.459,29,80,11,1,0,0,0.03,0.004,200000
2841,400,75.321,45,108,7,0,0,1,0.03,0.004,200000
2842,121,12.172,12,44,2,1,0,0,0.03,0.004,200000
2843,400,38.833,26,64,32,0,0,1,0.03,0.004,200000
2844,400,70.246,40,108,14,0,0,1,0.03,0.004,200000
2845,110,7.347,9,40,4,1,0,0,0.03,0.004,200000
2846,400,39.95,25,65,25,0,0,1,0.03,0.004,200000
2847,400,60.194,37,89,11,0,0,1,0.03,0.004,200000
2848,400,42.337,28,75,58,0,0,1,0.03,0.004,200000
2849,400,58.881,37,87,10,0,0,1,0.03,0.004,200000
2850,312,50.155,37,84,9,1,0,0,0.03,0.004,200000
2851,89,-0.24,6,34,7,1,0,0,0.03,0.004,200000
2852,338,47.63,34,94,6,1,0,0,0.03,0.004,200000
2853,303,25.296,23,61,29,1,0,0,0.03,0.004,200000
2854,400,72.341,45,104,18,0,0,1,0.03,0.004,200000
2855,67,3.187,7,24,1,1,0,0,0.03,0.004,200000
2856,29,-3.798,3,10,0,1,0,0,0.03,0.004,200000
2857,71,0.054,7,17,2,1,0,0,0.03,0.004,200000
2858,400,65.423,41,99,18,0,0,1,0.03,0.004,200000
2859,350,22.141,25,59,80,1,0,0,0.03,0.004,200000
2860,21,-10.337,1,7,3,1,0,0,0.03,0.004,200000
2861,400,39.373,25,58,32,0,0,1,0.03,0.004,200000
2862,400,60.207,38,93,17,0,0,1,0.03,0.004,200000
2863,70,0.157,7,24,4,1,0,0,0.03,0.004,200000
2864,400,39.719,25,64,13,0,0,1,0.03,0.004,200000
2865,400,66.854,40,91,6,0,0,1,0.03,0.004,200000
2866,400,58.972,36,87,20,0,0,1,0.03,0.004,200000
2867,400,4.011,5,13,3,0,0,1,0.03,0.004,200000
2868,105,3.134,8,32,6,1,0,0,0.03,0.004,200000
2869,139,14.863,12,53,2,1,0,0,0.03,0.004,200000
2870,400,66.553,40,106,11,0,0,1,0.03,0.004,200000
2871,294,50.81,40,82,2,1,0,0,0.03,0.004,200000
2872,400,77.745,46,114,2,0,0,1,0.03,0.004,200000
2873,83,5.518,8,28,1,1,0,0,0.03,0.004,200000
2874,400,3.567,6,15,37,0,0,1,0.03,0.004,200000
2875,130,11.876,14,37,3,1,0,0,0.03,0.004,200000
2876,400,75.28,45,107,7,0,0,1,0.03,0.004,200000
2877,5,-13.644,0,3,3,1,0,0,0.03,0.004,200000
2878,115,6.792,12,34,9,1,0,0,0.03,0.004,200000
2879,210,27.038,24,59,8,1,0,0,0.03,0.004,200000
2880,306,47.088,36,84,4,1,0,0,0.03,0.004,200000
2881,400,60.525,38,90,5,0,0,1,0.03,0.004,200000
2882,400,73.131,43,119,6,0,0,1,0.03,0.004,200000
2883,60,-0.976,4,20,2,1,0,0,0.03,0.004,200000
2884,263,15.87,20,41,58,1,0,0,0.03,0.004,200000
2885,400,79.113,47,110,4,0,0,1,0.03,0.004,200000
2886,29,-8.703,1,9,1,1,0,0,0.03,0.004,200000
2887,400,78.405,48,105,3,0,0,1,0.03,0.004,200000
2888,242,30.047,23,75,5,1,0,0,0.03,0.004,200000
2889,400,63.492,40,92,15,0,0,1,0.03,0.004,200000
2890,222,33.162,25,80,2,1,0,0,0.03,0.004,200000
2891,16,-14.551,0,2,9,1,0,0,0.03,0.004,200000
2892,140,14.73,16,41,1,1,0,0,0.03,0.004,200000
2893,400,52.589,31,85,7,0,0,1,0.03,0.004,200000
2894,400,61.3,35,98,17,0,0,1,0.03,0.004,200000
2895,57,-3.265,3,16,7,1,0,0,0.03,0.004,200000
2896,400,5.093,4,18,4,0,0,1,0.03,0.004,200000
2897,45,-16.03,0,1,19,1,0,0,0.03,0.004,200000
2898,10,-14.036,0,4,7,1,0,0,0.03,0.004,200000
2899,47,-4.59,4,15,2,1,0,0,0.03,0.004,200000
2900,226,36.058,27,73,5,1,0,0,0.03,0.004,200000
2901,400,56.753,31,94,6,0,0,1,0.03,0.004,200000
2902,269,36.262,27,86,3,1,0,0,0.03,0.004,200000
2903,400,29.947,20,47,13,0,0,1,0.03,0.004,200000
2904,400,50.257,31,78,8,0,0,1,0.03,0.004,200000
2905,400,11.113,9,34,38,0,0,1,0.03,0.004,200000
2906,400,75.735,45,109,2,0,0,1,0.03,0.004,200000
2907,400,57.567,36,85,12,0,0,1,0.03,0.004,200000
2908,400,67.307,41,99,7,0,0,1,0.03,0.004,200000
2909,187,22.4,21,59,5,1,0,0,0.03,0.004,200000
2910,400,42.249,29,68,7,0,0,1,0.03,0.004,200000
2911,10,-14.236,0,2,7,1,0,0,0.03,0.004,200000
2912,400,61.813,42,98,37,0,0,1,0.03,0.004,200000
2913,400,57.767,36,97,7,0,0,1,0.03,0.004,200000
2914,80,0.624,7,32,6,1,0,0,0.03,0.004,200000
2915,400,70.851,43,100,9,0,0,1,0.03,0.004,200000
2916,400,51.441,28,84,6,0,0,1,0.03,0.004,200000
2917,400,55.701,30,88,12,0,0,1,0.03,0.004,200000
2918,373,53.273,38,114,11,1,0,0,0.03,0.004,200000
2919,400,59.503,36,98,20,0,0,1,0.03,0.004,200000
2920,7,-13.973,0,2,5,1,0,0,0.03,0.004,200000
2921,227,29.039,21,72,3,1,0,0,0.03,0.004,200000
2922,7,-9.527,0,2,0,1,0,0,0.03,0.004,200000
2923,400,45.44,29,69,19,0,0,1,0.03,0.004,200000
2924,400,12.328,12,40,107,0,0,1,0.03,0.004,200000
2925,400,40.428,27,66,15,0,0,1,0.03,0.004,200000
2926,400,52.812,34,76,23,0,0,1,0.03,0.004,200000
2927,400,36.791,22,69,15,0,0,1,0.03,0.004,200000
2928,400,72.887,44,113,10,0,0,1,0.03,0.004,200000
2929,400,23.777,18,49,52,0,0,1,0.03,0.004,200000
2930,400,26.576,19,48,31,0,0,1,0.03,0.004,200000
2931,400,47.412,31,72,31,0,0,1,0.03,0.004,200000
2932,400,76.664,46,112,3,0,0,1,0.03,0.004,200000
2933,12,-14.444,0,3,10,1,0,0,0.03,0.004,200000
2934,400,44.239,29,68,21,0,0,1,0.03,0.004,200000
2935,400,26.143,16,47,9,0,0,1,0.03,0.004,200000
2936,400,58.488,34,84,8,0,0,1,0.03,0.004,200000
2937,124,13.452,14,34,4,1,0,0,0.03,0.004,200000
2938,280,-10.429,1,11,2,1,0,0,0.03,0.004,200000
2939,400,75.804,45,116,7,0,0,1,0.03,0.004,200000
2940,400,38.078,25,68,6,0,0,1,0.03,0.004,200000
2941,400,37.979,26,63,29,0,0,1,0.03,0.004,200000
2942,400,6.983,10,34,8,0,0,1,0.03,0.004,200000
2943,391,64.8,47,121,5,1,0,0,0.03,0.004,200000
2944,400,30.048,24,53,8,0,0,1,0.03,0.004,200000
2945,400,76.596,45,115,5,0,0,1,0.03,0.004,200000
2946,400,33.244,20,51,2,0,0,1,0.03,0.004,200000
2947,348,10.494,19,63,101,1,0,0,0.03,0.004,200000
2948,5,-13.52,0,3,2,1,0,0,0.03,0.004,200000
2949,31,-14.385,0,3,2,1,0,0,0.03,0.004,200000
2950,400,63.998,39,95,5,0,0,1,0.03,0.004,200000
2951,400,50.238,30,83,41,0,0,1,0.03,0.004,200000
2952,9,-14.232,0,3,8,1,0,0,0.03,0.004,200000
2953,7,-13.95,0,4,4,1,0,0,0.03,0.004,200000
2954,195,24.315,20,72,3,1,0,0,0.03,0.004,200000
2955,400,73.073,42,106,10,0,0,1,0.03,0.004,200000
2956,400,55.375,33,89,5,0,0,1,0.03,0.004,200000
2957,400,62.773,38,92,5,0,0,1,0.03,0.004,200000
2958,145,12.476,15,42,9,1,0,0,0.03,0.004,200000
2959,400,-0.542,2,12,4,0,0,1,0.03,0.004,200000
2960,400,23.374,15,40,5,0,0,1,0.03,0.004,200000
2961,400,40.531,25,66,4,0,0,1,0.03,0.004,200000
2962,400,74.524,45,105,7,0,0,1,0.03,0.004,200000
2963,400,57.079,35,96,6,0,0,1,0.03,0.004,200000
2964,332,53.003,36,108,5,1,0,0,0.03,0.004,200000
2965,400,64.717,37,100,4,0,0,1,0.03,0.004,200000
2966,180,-2.066,7,18,2,1,0,0,0.03,0.004,200000
2967,400,70.157,44,107,9,0,0,1,0.03,0.004,200000
2968,132,9.385,12,39,22,1,0,0,0.03,0.004,200000
2969,7,-13.823,0,3,4,1,0,0,0.03,0.004,200000
2970,400,76.047,46,109,6,0,0,1,0.03,0.004,200000
2971,400,76.209,44,120,9,0,0,1,0.03,0.004,200000
2972,400,48.641,28,76,28,0,0,1,0.03,0.004,200000
2973,177,20.872,19,55,2,1,0,0,0.03,0.004,200000
2974,13,-14.735,0,3,10,1,0,0,0.03,0.004,200000
2975,47,-4.293,5,17,2,1,0,0,0.03,0.004,200000
2976,226,27.123,23,59,6,1,0,0,0.03,0.004,200000
2977,400,8.736,8,22,5,0,0,1,0.03,0.004,200000
2978,400,57.68,36,85,9,0,0,1,0.03,0.004,200000
2979,238,34.514,26,67,3,1,0,0,0.03,0.004,200000
2980,400,74.948,45,112,8,0,0,1,0.03,0.004,200000
2981,7,-14.403,0,2,6,1,0,0,0.03,0.004,200000
2982,400,67.147,39,107,14,0,0,1,0.03,0.004,200000
2983,381,59.068,42,99,6,1,0,0,0.03,0.004,200000
2984,400,50.812,32,69,3,0,0,1,0.03,0.004,200000
2985,330,55.631,38,90,3,1,0,0,0.03,0.004,200000
2986,400,50.687,32,71,0,0,0,1,0.03,0.004,200000
2987,116,12.784,13,41,2,1,0,0,0.03,0.004,200000
2988,400,58.895,35,90,3,0,0,1,0.03,0.004,200000
2989,21,-7.568,0,9,0,1,0,0,0.03,0.004,200000
2990,400,52.34,31,88,2,0,0,1,0.03,0.004,200000
2991,400,48.471,29,82,24,0,0,1,0.03,0.004,200000
2992,400,19.475,14,49,51,0,0,1,0.03,0.004,200000
2993,95,7.285,8,37,2,1,0,0,0.03,0.004,200000
2994,400,63.548,36,91,5,0,0,1,0.03,0.004,200000
2995,27,-9.14,1,7,1,1,0,0,0.03,0.004,200000
2996,88,4.983,8,44,1,1,0,0,0.03,0.004,200000
2997,223,36.84,26,86,5,1,0,0,0.03,0.004,200000
2998,400,49.665,29,75,1,0,0,1,0.03,0.004,200000
2999,170,18.729,20,53,6,1,0,0,0.03,0.004,200000
3000,400,76.507,43,118,1,0,0,1,0.03,0.004,200000
3001,400,54.497,32,99,5,0,0,1,0.03,0.004,200000
3002,400,61.721,39,89,1,0,0,1,0.03,0.004,200000
3003,7,-14.08,0,4,5,1,0,0,0.03,0.004,200000
3004,400,-6.272,2,17,119,0,0,1,0.03,0.004,200000
3005,225,28.405,23,67,8,1,0,0,0.03,0.004,200000
3006,221,27.346,20,60,0,1,0,0,0.03,0.004,200000
3007,362,56.257,40,95,5,1,0,0,0.03,0.004,200000
3008,400,60.968,35,89,5,0,0,1,0.03,0.004,200000
3009,18,-14.889,0,1,11,1,0,0,0.03,0.004,200000
3010,7,-14.203,0,1,6,1,0,0,0.03,0.004,200000
3011,400,17.896,16,36,68,0,0,1,0.03,0.004,200000
3012,286,39.862,32,84,14,1,0,0,0.03,0.004,200000
3013,400,76.155,45,111,6,0,0,1,0.03,0.004,200000
3014,400,69.886,43,99,10,0,0,1,0.03,0.004,200000
3015,400,78.82,46,116,9,0,0,1,0.03,0.004,200000
3016,400,25.609,18,42,13,0,0,1,0.03,0.004,200000
3017,400,29.704,20,47,19,0,0,1,0.03,0.004,200000
3018,400,-10.651,0,1,81,0,0,1,0.03,0.004,200000
3019,355,47.571,32,94,5,1,0,0,0.03,0.004,200000
3020,321,53.084,42,98,10,1,0,0,0.03,0.004,200000
3021,400,62.854,38,98,21,0,0,1,0.03,0.004,200000
3022,400,26.111,18,45,6,0,0,1,0.03,0.004,200000
3023,318,39.403,29,74,5,1,0,0,0.03,0.004,200000
3024,400,59.056,35,81,3,0,0,1,0.03,0.004,200000
3025,400,78.104,47,107,3,0,0,1,0.03,0.004,200000
3026,202,21.809,19,69,5,1,0,0,0.03,0.004,200000
3027,400,38.123,26,76,64,0,0,1,0.03,0.004,200000
3028,337,55.388,38,109,3,1,0,0,0.03,0.004,200000
3029,400,2.974,4,15,8,0,0,1,0.03,0.004,200000
3030,387,61.177,44,119,8,1,0,0,0.03,0.004,200000
3031,400,78.579,47,116,2,0,0,1,0.03,0.004,200000
3032,400,1.481,3,10,4,0,0,1,0.03,0.004,200000
3033,400,50.453,33,70,22,0,0,1,0.03,0.004,200000
3034,400,17.689,11,42,14,0,0,1,0.03,0.004,200000
3035,400,35.681,21,58,8,0,0,1,0.03,0.004,200000
3036,400,64.097,39,103,8,0,0,1,0.03,0.004,200000
3037,75,-3.799,5,18,14,1,0,0,0.03,0.004,200000
3038,400,74.687,47,101,16,0,0,1,0.03,0.004,200000
3039,400,68.62,40,108,9,0,0,1,0.03,0.004,200000
3040,245,20.111,17,64,14,1,0,0,0.03,0.004,200000
3041,400,44.24,27,78,3,0,0,1,0.03,0.004,200000
3042,400,54.197,34,83,5,0,0,1,0.03,0.004,200000
3043,400,13.481,10,26,9,0,0,1,0.03,0.004,200000
3044,400,74.216,46,105,9,0,0,1,0.03,0.004,200000
3045,334,50.657,37,96,6,1,0,0,0.03,0.004,200000
3046,400,46.562,29,74,16,0,0,1,0.03,0.004,200000
3047,88,3.417,8,31,1,1,0,0,0.03,0.004,200000
3048,360,53.209,39,104,7,1,0,0,0.03,0.004,200000
3049,105,9.741,11,33,1,1,0,0,0.03,0.004,200000
3050,186,27.271,20,63,1,1,0,0,0.03,0.004,200000
3051,400,77.22,46,117,3,0,0,1,0.03,0.004,200000
3052,400,74.536,46,104,12,0,0,1,0.03,0.004,200000
3053,315,39.552,30,85,8,1,0,0,0.03,0.004,200000
3054,24,-9.685,1,12,3,1,0,0,0.03,0.004,200000
3055,400,67.771,41,102,13,0,0,1,0.03,0.004,200000
3056,6,-9.342,0,3,0,1,0,0,0.03,0.004,200000
3057,42,-6.622,3,18,3,1,0,0,0.03,0.004,200000
3058,400,63.741,39,97,24,0,0,1,0.03,0.004,200000
3059,400,79.051,46,117,1,0,0,1,0.03,0.004,200000
3060,184,12.916,15,45,32,1,0,0,0.03,0.004,200000
3061,236,39.046,29,78,6,1,0,0,0.03,0.004,200000
3062,397,60.117,43,116,16,1,0,0,0.03,0.004,200000
3063,57,-3.908,3,22,1,1,0,0,0.03,0.004,200000
3064,400,79.722,48,116,8,0,0,1,0.03,0.004,200000
3065,29,-5.191,2,13,0,1,0,0,0.03,0.004,200000
3066,303,45.409,35,90,9,1,0,0,0.03,0.004,200000
3067,400,69.039,42,99,9,0,0,1,0.03,0.004,200000
3068,400,58.114,34,92,6,0,0,1,0.03,0.004,200000
3069,192,24.087,18,58,2,1,0,0,0.03,0.004,200000
3070,400,77.289,46,108,4,0,0,1,0.03,0.004,200000
3071,400,39.469,27,55,7,0,0,1,0.03,0.004,200000
3072,400,68.7,39,109,17,0,0,1,0.03,0.004,200000
3073,400,50.349,32,71,9,0,0,1,0.03,0.004,200000
3074,33,-4.566,2,13,0,1,0,0,0.03,0.004,200000
3075,61,-0.835,3,24,0,1,0,0,0.03,0.004,200000
3076,400,77.807,46,108,4,0,0,1,0.03,0.004,200000
3077,400,48.713,31,68,6,0,0,1,0.03,0.004,200000
3078,400,35.377,22,55,5,0,0,1,0.03,0.004,200000
3079,400,41.11,24,71,13,0,0,1,0.03,0.004,200000
3080,400,42.379,24,80,4,0,0,1,0.03,0.004,200000
3081,91,4.041,8,34,3,1,0,0,0.03,0.004,200000
3082,44,-1.559,4,16,1,1,0,0,0.03,0.004,200000
3083,400,77.047,46,116,6,0,0,1,0.03,0.004,200000
3084,35,-6.164,3,13,2,1,0,0,0.03,0.004,200000
3085,179,22.271,19,48,3,1,0,0,0.03,0.004,200000
3086,171,17.916,12,66,0,1,0,0,0.03,0.004,200000
3087,400,28.937,19,50,4,0,0,1,0.03,0.004,200000
3088,207,32.637,25,62,0,1,0,0,0.03,0.004,200000
3089,400,71.228,39,109,0,0,0,1,0.03,0.004,200000
3090,276,41.326,31,81,1,1,0,0,0.03,0.004,200000
3091,400,46.682,28,76,4,0,0,1,0.03,0.004,200000
3092,400,56.256,34,81,18,0,0,1,0.03,0.004,200000
3093,400,11.948,13,32,55,0,0,1,0.03,0.004,200000
3094,400,57.406,39,86,51,0,0,1,0.03,0.004,200000
3095,400,71.069,42,106,4,0,0,1,0.03,0.004,200000
3096,284,48.955,36,89,6,1,0,0,0.03,0.004,200000
3097,400,52.046,33,77,5,0,0,1,0.03,0.004,200000
3098,400,79.776,47,119,1,0,0,1,0.03,0.004,200000
3099,400,71.949,43,114,11,0,0,1,0.03,0.004,200000
3100,400,51.422,34,78,18,0,0,1,0.03,0.004,200000
3101,63,-0.063,8,24,4,1,0,0,0.03,0.004,200000
3102,13,-8.772,0,6,0,1,0,0,0.03,0.004,200000
3103,400,66.943,42,104,11,0,0,1,0.03,0.004,200000
3104,400,39.01,25,68,24,0,0,1,0.03,0.004,200000
3105,65,-4.065,4,18,8,1,0,0,0.03,0.004,200000
3106,91,-2.869,3,18,17,1,0,0,0.03,0.004,200000
3107,226,33.95,27,79,2,1,0,0,0.03,0.004,200000
3108,400,45.636,27,77,3,0,0,1,0.03,0.004,200000
3109,265,33.688,25,82,7,1,0,0,0.03,0.004,200000
3110,400,68.46,41,99,5,0,0,1,0.03,0.004,200000
3111,61,-2.373,6,21,3,1,0,0,0.03,0.004,200000
3112,400,70.577,44,93,6,0,0,1,0.03,0.004,200000
3113,400,76.983,44,109,5,0,0,1,0.03,0.004,200000
3114,400,73.902,45,115,8,0,0,1,0.03,0.004,200000
3115,318,42.502,33,84,4,1,0,0,0.03,0.004,200000
3116,400,33.299,21,48,2,0,0,1,0.03,0.004,200000
3117,400,3.346,4,11,4,0,0,1,0.03,0.004,200000
3118,400,57.235,33,86,13,0,0,1,0.03,0.004,200000
3119,400,9.088,8,20,3,0,0,1,0.03,0.004,200000
3120,400,76.333,43,122,5,0,0,1,0.03,0.004,200000
3121,31,-7.534,2,14,2,1,0,0,0.03,0.004,200000
3122,400,64.607,35,94,4,0,0,1,0.03,0.004,200000
3123,400,73.223,43,114,3,0,0,1,0.03,0.004,200000
3124,400,33.691,20,66,7,0,0,1,0.03,0.004,200000
3125,400,55.108,35,87,10,0,0,1,0.03,0.004,200000
3126,400,51.081,33,82,7,0,0,1,0.03,0.004,200000
3127,400,69.684,41,111,5,0,0,1,0.03,0.004,200000
3128,382,58.027,40,108,5,1,0,0,0.03,0.004,200000
3129,30,-5.69,1,12,0,1,0,0,0.03,0.004,200000
3130,400,74.14,44,113,9,0,0,1,0.03,0.004,200000
3131,318,47.792,34,102,6,1,0,0,0.03,0.004,200000
3132,400,20.933,13,44,3,0,0,1,0.03,0.004,200000
3133,400,56.855,32,87,7,0,0,1,0.03,0.004,200000
3134,400,53.938,32,87,3,0,0,1,0.03,0.004,200000
3135,400,69.815,43,105,4,0,0,1,0.03,0.004,200000
3136,195,30.14,22,77,3,1,0,0,0.03,0.004,200000
3137,400,74.077,40,111,3,0,0,1,0.03,0.004,200000
3138,380,52.139,38,99,7,1,0,0,0.03,0.004,200000
3139,105,0.679,7,31,3,1,0,0,0.03,0.004,200000
3140,400,80.054,47,119,3,0,0,1,0.03,0.004,200000
3141,400,43.934,27,67,3,0,0,1,0.03,0.004,200000
3142,51,-1.456,7,18,4,1,0,0,0.03,0.004,200000
3143,400,54.878,35,85,5,0,0,1,0.03,0.004,200000
3144,400,56.14,35,87,10,0,0,1,0.03,0.004,200000
3145,400,69.353,43,102,18,0,0,1,0.03,0.004,200000
3146,105,8.859,10,36,4,1,0,0,0.03,0.004,200000
3147,400,74.487,43,106,2,0,0,1,0.03,0.004,200000
3148,400,62.496,39,95,8,0,0,1,0.03,0.004,200000
3149,400,33.805,23,61,3,0,0,1,0.03,0.004,200000
3150,50,-3.483,5,18,3,1,0,0,0.03,0.004,200000
3151,72,3.142,6,27,0,1,0,0,0.03,0.004,200000
3152,400,70.684,42,104,5,0,0,1,0.03,0.004,200000
3153,400,38.707,25,62,5,0,0,1,0.03,0.004,200000
3154,400,62.592,36,98,8,0,0,1,0.03,0.004,200000
3155,183,8.416,11,34,0,1,0,0,0.03,0.004,200000
3156,400,70.6,42,107,9,0,0,1,0.03,0.004,200000
3157,400,75.839,44,113,2,0,0,1,0.03,0.004,200000
3158,400,79.051,48,113,7,0,0,1,0.03,0.004,200000
3159,83,3.504,9,36,5,1,0,0,0.03,0.004,200000
3160,217,22.469,19,66,4,1,0,0,0.03,0.004,200000
3161,400,47.675,29,87,44,0,0,1,0.03,0.004,200000
3162,400,64.62,37,98,3,0,0,1,0.03,0.004,200000
3163,400,37.84,24,78,56,0,0,1,0.03,0.004,200000
3164,400,30.618,21,52,23,0,0,1,0.03,0.004,200000
3165,21,-9.22,1,9,1,1,0,0,0.03,0.004,200000
3166,400,29.158,19,50,2,0,0,1,0.03,0.004,200000
3167,400,56.342,36,84,5,0,0,1,0.03,0.004,200000
3168,400,74.208,45,115,8,0,0,1,0.03,0.004,200000
3169,400,25.773,19,53,6,0,0,1,0.03,0.004,200000
3170,312,32.938,24,84,8,1,0,0,0.03,0.004,200000
3171,400,70.169,40,112,7,0,0,1,0.03,0.004,200000
3172,400,18.588,13,36,4,0,0,1,0.03,0.004,200000
3173,130,12.788,13,34,3,1,0,0,0.03,0.004,200000
3174,400,36.084,22,60,1,0,0,1,0.03,0.004,200000
3175,400,43.421,34,80,31,1,0,0,0.03,0.004,200000
3176,167,20.958,20,60,3,1,0,0,0.03,0.004,200000
3177,186,29.772,23,64,0,1,0,0,0.03,0.004,200000
3178,13,-9.022,0,5,0,1,0,0,0.03,0.004,200000
3179,400,75.115,44,109,4,0,0,1,0.03,0.004,200000
3180,400,62.825,38,88,3,0,0,1,0.03,0.004,200000
3181,85,2.458,8,25,2,1,0,0,0.03,0.004,200000
3182,20,-15.278,0,2,16,1,0,0,0.03,0.004,200000
3183,6,-9.242,0,3,0,1,0,0,0.03,0.004,200000
3184,47,-0.734,5,18,2,1,0,0,0.03,0.004,200000
3185,226,26.737,23,58,2,1,0,0,0.03,0.004,200000
3186,400,37.376,25,64,55,0,0,1,0.03,0.004,200000
3187,133,10.144,10,35,4,1,0,0,0.03,0.004,200000
3188,208,0.818,9,36,22,1,0,0,0.03,0.004,200000
3189,188,25.696,22,60,5,1,0,0,0.03,0.004,200000
3190,400,16.722,10,37,18,0,0,1,0.03,0.004,200000
3191,262,34.803,25,83,3,1,0,0,0.03,0.004,200000
3192,309,36.537,27,66,3,1,0,0,0.03,0.004,200000
3193,400,50.125,31,81,4,0,0,1,0.03,0.004,200000
3194,32,-6.098,1,12,0,1,0,0,0.03,0.004,200000
3195,400,69.643,41,104,1,0,0,1,0.03,0.004,200000
3196,27,-8.048,2,7,1,1,0,0,0.03,0.004,200000
3197,400,32.032,19,45,5,0,0,1,0.03,0.004,200000
3198,400,19.935,13,35,4,0,0,1,0.03,0.004,200000
3199,108,10.035,12,44,2,1,0,0,0.03,0.004,200000
3200,400,55.5,33,85,2,0,0,1,0.03,0.004,200000
3201,154,17.465,12,66,2,1,0,0,0.03,0.004,200000
3202,147,21.298,21,51,2,1,0,0,0.03,0.004,200000
3203,260,27.873,22,63,16,1,0,0,0.03,0.004,200000
3204,400,67.338,41,99,6,0,0,1,0.03,0.004,200000
3205,400,38.382,26,56,4,0,0,1,0.03,0.004,200000
3206,400,42.382,24,68,1,0,0,1,0.03,0.004,200000
3207,400,73.377,42,114,4,0,0,1,0.03,0.004,200000
3208,400,59.742,37,85,4,0,0,1,0.03,0.004,200000
3209,69,-2.428,4,23,1,1,0,0,0.03,0.004,200000
3210,400,54.677,32,85,2,0,0,1,0.03,0.004,200000
3211,400,22.505,14,47,8,0,0,1,0.03,0.004,200000
3212,210,-0.619,7,22,3,1,0,0,0.03,0.004,200000
3213,6,-9.472,0,3,1,1,0,0,0.03,0.004,200000
3214,400,41.08,26,57,2,0,0,1,0.03,0.004,200000
3215,7,-9.037,0,3,0,1,0,0,0.03,0.004,200000
3216,116,14.393,14,38,1,1,0,0,0.03,0.004,200000
3217,400,15.477,12,26,4,0,0,1,0.03,0.004,200000
3218,13,-8.68,0,4,0,1,0,0,0.03,0.004,200000
3219,400,42.154,25,63,2,0,0,1,0.03,0.004,200000
3220,236,28.1,22,62,2,1,0,0,0.03,0.004,200000
3221,24,-7.891,0,6,0,1,0,0,0.03,0.004,200000
3222,166,20.947,19,49,3,1,0,0,0.03,0.004,200000
3223,400,20.432,14,37,13,0,0,1,0.03,0.004,200000
3224,400,73.826,42,119,2,0,0,1,0.03,0.004,200000
3225,400,74.666,45,109,1,0,0,1,0.03,0.004,200000
3226,213,-4.932,5,20,3,1,0,0,0.03,0.004,200000
3227,341,55.125,40,100,9,1,0,0,0.03,0.004,200000
3228,400,26.976,18,34,6,0,0,1,0.03,0.004,200000
3229,184,22.24,18,52,2,1,0,0,0.03,0.004,200000
3230,242,29.97,21,89,3,1,0,0,0.03,0.004,200000
3231,400,69.851,39,121,2,0,0,1,0.03,0.004,200000
3232,400,24.209,15,48,3,0,0,1,0.03,0.004,200000
3233,400,70.891,41,107,4,0,0,1,0.03,0.004,200000
3234,29,-14.316,0,1,4,1,0,0,0.03,0.004,200000
3235,400,58.25,32,104,3,0,0,1,0.03,0.004,200000
3236,400,55.535,34,88,5,0,0,1,0.03,0.004,200000
3237,400,50.929,30,85,13,0,0,1,0.03,0.004,200000
3238,400,62.867,38,93,10,0,0,1,0.03,0.004,200000
3239,47,-5.501,4,15,3,1,0,0,0.03,0.004,200000
3240,400,38.273,24,66,3,0,0,1,0.03,0.004,200000
3241,43,-6.026,1,9,0,1,0,0,0.03,0.004,200000
3242,400,67.837,38,109,7,0,0,1,0.03,0.004,200000
3243,400,57.618,34,90,4,0,0,1,0.03,0.004,200000
3244,71,-2.073,6,23,2,1,0,0,0.03,0.004,200000
3245,400,69.453,43,102,10,0,0,1,0.03,0.004,200000
3246,400,69.172,38,100,6,0,0,1,0.03,0.004,200000
3247,100,7.136,10,36,1,1,0,0,0.03,0.004,200000
3248,175,23.994,19,61,3,1,0,0,0.03,0.004,200000
3249,163,23.28,22,55,3,1,0,0,0.03,0.004,200000
3250,400,68.778,40,100,6,0,0,1,0.03,0.004,200000
3251,313,49.015,38,93,9,1,0,0,0.03,0.004,200000
3252,400,33.294,19,64,2,0,0,1,0.03,0.004,200000
3253,119,9.958,10,31,1,1,0,0,0.03,0.004,200000
3254,400,61.487,35,91,14,0,0,1,0.03,0.004,200000
3255,400,35.442,21,54,24,0,0,1,0.03,0.004,200000
3256,92,3.208,8,36,3,1,0,0,0.03,0.004,200000
3257,400,42.215,25,64,1,0,0,1,0.03,0.004,200000
3258,47,-6.806,3,17,3,1,0,0,0.03,0.004,200000
3259,7,-9.427,0,3,0,1,0,0,0.03,0.004,200000
3260,400,36.567,24,70,4,0,0,1,0.03,0.004,200000
3261,400,42.785,27,60,16,0,0,1,0.03,0.004,200000
3262,400,14.492,14,29,4,0,0,1,0.03,0.004,200000
3263,347,15.724,16,54,10,1,0,0,0.03,0.004,200000
3264,400,51.819,24,65,5,0,0,1,0.03,0.004,200000
3265,400,67.312,42,100,23,0,0,1,0.03,0.004,200000
3266,400,75.773,46,109,4,0,0,1,0.03,0.004,200000
3267,192,21.098,14,73,2,1,0,0,0.03,0.004,200000
3268,231,36.394,28,83,1,1,0,0,0.03,0.004,200000
3269,400,23.245,14,39,24,0,0,1,0.03,0.004,200000
3270,400,59.916,37,84,11,0,0,1,0.03,0.004,200000
3271,400,52.643,31,80,1,0,0,1,0.03,0.004,200000
3272,400,31.026,18,57,4,0,0,1,0.03,0.004,200000
3273,400,76.374,43,113,4,0,0,1,0.03,0.004,200000
3274,171,-3.899,2,19,24,1,0,0,0.03,0.004,200000
3275,400,66.581,41,113,22,0,0,1,0.03,0.004,200000
3276,5,-13.901,0,3,3,1,0,0,0.03,0.004,200000
3277,290,33.695,25,65,6,1,0,0,0.03,0.004,200000
3278,400,67.168,40,102,17,0,0,1,0.03,0.004,200000
3279,400,74.641,47,112,21,0,0,1,0.03,0.004,200000
3280,120,11.679,14,54,4,1,0,0,0.03,0.004,200000
3281,400,50.16,31,84,25,0,0,1,0.03,0.004,200000
3282,400,19.9,12,43,41,0,0,1,0.03,0.004,200000
3283,400,73.499,41,117,4,0,0,1,0.03,0.004,200000
3284,185,-4.015,7,16,52,1,0,0,0.03,0.004,200000
3285,400,68.705,40,110,6,0,0,1,0.03,0.004,200000
3286,106,9.901,13,37,1,1,0,0,0.03,0.004,200000
3287,23,-9.31,1,9,2,1,0,0,0.03,0.004,200000
3288,400,49.168,30,92,45,0,0,1,0.03,0.004,200000
3289,400,42.099,24,77,6,0,0,1,0.03,0.004,200000
3290,400,25.293,19,46,38,0,0,1,0.03,0.004,200000
3291,400,69.456,41,103,10,0,0,1,0.03,0.004,200000
3292,400,68.277,42,98,27,0,0,1,0.03,0.004,200000
3293,273,38.272,28,84,5,1,0,0,0.03,0.004,200000
3294,400,59.244,36,105,33,0,0,1,0.03,0.004,200000
3295,400,33.827,25,66,83,0,0,1,0.03,0.004,200000
3296,400,28.67,18,77,70,0,0,1,0.03,0.004,200000
3297,185,20.189,19,60,13,1,0,0,0.03,0.004,200000
3298,400,65.028,42,106,33,0,0,1,0.03,0.004,200000
3299,400,73.59,46,106,19,0,0,1,0.03,0.004,200000
3300,206,2.39,9,32,51,1,0,0,0.03,0.004,200000
3301,400,30.899,26,69,112,0,0,1,0.03,0.004,200000
3302,400,70.993,44,117,27,0,0,1,0.03,0.004,200000
3303,229,31.397,27,64,10,1,0,0,0.03,0.004,200000
3304,400,70.669,42,110,5,0,0,1,0.03,0.004,200000
3305,400,57.782,35,97,36,0,0,1,0.03,0.004,200000
3306,400,11.711,14,36,111,0,0,1,0.03,0.004,200000
3307,400,63.467,36,106,19,0,0,1,0.03,0.004,200000
3308,400,72.955,41,111,6,0,0,1,0.03,0.004,200000
3309,400,17.7,14,33,74,0,0,1,0.03,0.004,200000
3310,400,-12.627,5,15,173,0,0,1,0.03,0.004,200000
3311,400,70.74,44,100,16,0,0,1,0.03,0.004,200000
3312,400,71.807,42,108,17,0,0,1,0.03,0.004,200000
3313,400,15.334,15,44,86,0,0,1,0.03,0.004,200000
3314,80,1.86,4,34,0,1,0,0,0.03,0.004,200000
3315,400,65.517,44,98,31,0,0,1,0.03,0.004,200000
3316,400,51.908,34,85,48,0,0,1,0.03,0.004,200000
3317,107,10.547,10,42,1,1,0,0,0.03,0.004,200000
3318,397,66.15,45,112,1,1,0,0,0.03,0.004,200000
3319,22,-9.918,1,9,3,1,0,0,0.03,0.004,200000
3320,400,53.277,32,90,1,0,0,1,0.03,0.004,200000
3321,400,71.529,44,110,10,0,0,1,0.03,0.004,200000
3322,400,54.665,33,76,10,0,0,1,0.03,0.004,200000
3323,400,71.98,42,107,16,0,0,1,0.03,0.004,200000
3324,400,58.578,36,94,4,0,0,1,0.03,0.004,200000
3325,400,3.436,2,20,1,0,0,1,0.03,0.004,200000
3326,400,74.683,41,112,1,0,0,1,0.03,0.004,200000
3327,400,-5.134,1,12,55,0,0,1,0.03,0.004,200000
3328,400,68.302,39,103,7,0,0,1,0.03,0.004,200000
3329,400,34.855,20,56,19,0,0,1,0.03,0.004,200000
3330,35,-4.895,2,13,0,1,0,0,0.03,0.004,200000
3331,400,39.543,27,64,57,0,0,1,0.03,0.004,200000
3332,400,65.908,40,89,4,0,0,1,0.03,0.004,200000
3333,400,28.751,17,53,32,0,0,1,0.03,0.004,200000
3334,400,48.625,32,79,60,0,0,1,0.03,0.004,200000
3335,89,6.319,10,34,2,1,0,0,0.03,0.004,200000
3336,59,-1.165,5,24,1,1,0,0,0.03,0.004,200000
3337,400,71.609,43,110,25,0,0,1,0.03,0.004,200000
3338,400,67.005,41,101,9,0,0,1,0.03,0.004,200000
3339,202,18.099,16,41,12,1,0,0,0.03,0.004,200000
3340,276,52.49,37,99,2,1,0,0,0.03,0.004,200000
3341,400,77.32,45,118,2,0,0,1,0.03,0.004,200000
3342,400,70.621,41,103,13,0,0,1,0.03,0.004,200000
3343,348,50.492,39,83,11,1,0,0,0.03,0.004,200000
3344,400,73.689,45,104,7,0,0,1,0.03,0.004,200000
3345,7,-13.496,0,2,4,1,0,0,0.03,0.004,200000
3346,400,31.485,20,44,5,0,0,1,0.03,0.004,200000
3347,264,15.228,15,39,4,1,0,0,0.03,0.004,200000
3348,400,51.296,30,77,10,0,0,1,0.03,0.004,200000
3349,38,-3.308,3,15,0,1,0,0,0.03,0.004,200000
3350,400,74.073,44,111,4,0,0,1,0.03,0.004,200000
3351,7,-13.6,0,4,4,1,0,0,0.03,0.004,200000
3352,400,73.089,42,105,4,0,0,1,0.03,0.004,200000
3353,340,29.501,24,67,15,1,0,0,0.03,0.004,200000
3354,7,-13.673,0,4,5,1,0,0,0.03,0.004,200000
3355,7,-14.018,0,2,5,1,0,0,0.03,0.004,200000
3356,172,13.473,12,40,1,1,0,0,0.03,0.004,200000
3357,400,77.053,45,114,4,0,0,1,0.03,0.004,200000
3358,400,65.011,39,101,12,0,0,1,0.03,0.004,200000
3359,326,43.492,31,88,5,1,0,0,0.03,0.004,200000
3360,400,66.113,37,110,5,0,0,1,0.03,0.004,200000
3361,400,18.11,11,32,49,0,0,1,0.03,0.004,200000
3362,400,77.735,46,114,7,0,0,1,0.03,0.004,200000
3363,400,56.181,32,92,7,0,0,1,0.03,0.004,200000
3364,400,67.091,40,97,6,0,0,1,0.03,0.004,200000
3365,400,70.423,40,114,10,0,0,1,0.03,0.004,200000
3366,400,71.797,42,108,6,0,0,1,0.03,0.004,200000
3367,71,4.086,8,21,0,1,0,0,0.03,0.004,200000
3368,165,15.944,17,47,7,1,0,0,0.03,0.004,200000
3369,359,56.437,40,103,7,1,0,0,0.03,0.004,200000
3370,400,32.37,23,68,63,0,0,1,0.03,0.004,200000
3371,400,72.619,45,108,25,0,0,1,0.03,0.004,200000
3372,400,67.583,41,89,9,0,0,1,0.03,0.004,200000
3373,400,71.652,41,106,8,0,0,1,0.03,0.004,200000
3374,5,-13.824,0,2,4,1,0,0,0.03,0.004,200000
3375,33,-6.284,4,14,2,1,0,0,0.03,0.004,200000
3376,195,22.729,19,52,10,1,0,0,0.03,0.004,200000
3377,400,61.754,36,90,3,0,0,1,0.03,0.004,200000
3378,151,10.29,12,43,4,1,0,0,0.03,0.004,200000
3379,253,35.169,27,65,10,1,0,0,0.03,0.004,200000
3380,247,39.653,29,80,3,1,0,0,0.03,0.004,200000
3381,44,-1.205,5,13,0,1,0,0,0.03,0.004,200000
3382,400,48.053,31,78,45,0,0,1,0.03,0.004,200000
3383,63,-0.867,5,15,7,1,0,0,0.03,0.004,200000
3384,206,25.557,17,75,2,1,0,0,0.03,0.004,200000
3385,400,61.711,38,90,11,0,0,1,0.03,0.004,200000
3386,400,68.554,40,105,17,0,0,1,0.03,0.004,200000
3387,400,66.799,41,99,18,0,0,1,0.03,0.004,200000
3388,7,-8.987,0,3,0,1,0,0,0.03,0.004,200000
3389,400,73.735,44,106,7,0,0,1,0.03,0.004,200000
3390,95,6.188,10,29,0,1,0,0,0.03,0.004,200000
3391,400,73.747,46,107,6,0,0,1,0.03,0.004,200000
3392,338,50.659,33,104,3,1,0,0,0.03,0.004,200000
3393,271,37.172,25,82,5,1,0,0,0.03,0.004,200000
3394,366,21.639,21,64,72,1,0,0,0.03,0.004,200000
3395,400,37.114,24,63,27,0,0,1,0.03,0.004,200000
3396,400,66.287,39,87,8,0,0,1,0.03,0.004,200000
3397,400,73.115,44,107,6,0,0,1,0.03,0.004,200000
3398,400,73.177,42,115,6,0,0,1,0.03,0.004,200000
3399,105,-9.944,1,4,6,1,0,0,0.03,0.004,200000
3400,400,75.994,45,120,10,0,0,1,0.03,0.004,200000
3401,400,54.941,35,90,6,0,0,1,0.03,0.004,200000
3402,118,17.669,16,53,3,1,0,0,0.03,0.004,200000
3403,217,24.921,19,61,10,1,0,0,0.03,0.004,200000
3404,400,37.738,20,57,5,0,0,1,0.03,0.004,200000
3405,400,66.399,39,93,18,0,0,1,0.03,0.004,200000
3406,260,41.303,31,80,3,1,0,0,0.03,0.004,200000
3407,5,-13.794,0,2,3,1,0,0,0.03,0.004,200000
3408,400,56.109,32,72,4,0,0,1,0.03,0.004,200000
3409,400,71.197,42,110,18,0,0,1,0.03,0.004,200000
3410,400,76.407,44,116,4,0,0,1,0.03,0.004,200000
3411,205,33.716,26,79,2,1,0,0,0.03,0.004,200000
3412,400,17.765,15,35,87,0,0,1,0.03,0.004,200000
3413,94,8.235,9,35,1,1,0,0,0.03,0.004,200000
3414,400,35.398,24,63,25,0,0,1,0.03,0.004,200000
3415,186,14.117,13,53,24,1,0,0,0.03,0.004,200000
3416,400,-2.301,5,14,109,0,0,1,0.03,0.004,200000
3417,400,62.755,36,93,12,0,0,1,0.03,0.004,200000
3418,400,62.728,37,103,22,0,0,1,0.03,0.004,200000
3419,7,-13.493,0,3,4,1,0,0,0.03,0.004,200000
3420,400,61.532,36,88,8,0,0,1,0.03,0.004,200000
3421,93,-3.55,4,13,3,1,0,0,0.03,0.004,200000
3422,29,-8.551,0,7,2,1,0,0,0.03,0.004,200000
3423,399,-2.9,3,10,11,1,0,0,0.03,0.004,200000
3424,7,-13.493,0,2,4,1,0,0,0.03,0.004,200000
3425,400,46.212,28,81,36,0,0,1,0.03,0.004,200000
3426,13,-8.53,0,5,0,1,0,0,0.03,0.004,200000
3427,400,75.123,45,111,10,0,0,1,0.03,0.004,200000
3428,400,79.453,48,110,5,0,0,1,0.03,0.004,200000
3429,129,10.802,10,49,4,1,0,0,0.03,0.004,200000
3430,400,80.169,48,110,3,0,0,1,0.03,0.004,200000
3431,316,42.005,32,76,17,1,0,0,0.03,0.004,200000
3432,156,21.482,21,55,8,1,0,0,0.03,0.004,200000
3433,272,47.321,33,98,4,1,0,0,0.03,0.004,200000
3434,7,-13.443,0,3,4,1,0,0,0.03,0.004,200000
3435,7,-13.493,0,2,4,1,0,0,0.03,0.004,200000
3436,400,72.742,45,104,9,0,0,1,0.03,0.004,200000
3437,400,67.548,41,100,19,0,0,1,0.03,0.004,200000
3438,92,7.118,8,38,2,1,0,0,0.03,0.004,200000
3439,400,74.214,46,105,11,0,0,1,0.03,0.004,200000
3440,399,-11.464,6,18,129,1,0,0,0.03,0.004,200000
3441,311,46.553,35,90,5,1,0,0,0.03,0.004,200000
3442,33,-7.008,1,9,5,1,0,0,0.03,0.004,200000
3443,61,-2.606,5,22,1,1,0,0,0.03,0.004,200000
3444,400,67.026,42,96,27,0,0,1,0.03,0.004,200000
3445,257,39.633,27,83,2,1,0,0,0.03,0.004,200000
3446,142,13.918,16,50,8,1,0,0,0.03,0.004,200000
3447,400,55.443,33,76,13,0,0,1,0.03,0.004,200000
3448,400,77.305,45,121,7,0,0,1,0.03,0.004,200000
3449,400,61.146,34,100,6,0,0,1,0.03,0.004,200000
3450,400,57.891,34,92,9,0,0,1,0.03,0.004,200000
3451,165,26.505,24,52,2,1,0,0,0.03,0.004,200000
3452,400,73.623,44,114,12,0,0,1,0.03,0.004,200000
3453,208,23.318,24,56,27,1,0,0,0.03,0.004,200000
3454,400,67.36,39,108,8,0,0,1,0.03,0.004,200000
3455,400,68.458,42,103,22,0,0,1,0.03,0.004,200000
3456,400,64.879,38,100,9,0,0,1,0.03,0.004,200000
3457,5,-13.134,0,3,1,1,0,0,0.03,0.004,200000
3458,7,-13.113,0,4,2,1,0,0,0.03,0.004,200000
3459,400,52.543,33,89,38,0,0,1,0.03,0.004,200000
3460,400,43.45,29,79,71,0,0,1,0.03,0.004,200000
3461,108,6.173,11,33,8,1,0,0,0.03,0.004,200000
3462,400,55.232,36,85,30,0,0,1,0.03,0.004,200000
3463,400,67.432,39,100,3,0,0,1,0.03,0.004,200000
3464,17,-14.375,0,4,12,1,0,0,0.03,0.004,200000
3465,292,46.602,34,97,3,1,0,0,0.03,0.004,200000
3466,15,-14.527,0,4,11,1,0,0,0.03,0.004,200000
3467,103,5.108,11,26,9,1,0,0,0.03,0.004,200000
3468,356,53.534,41,97,9,1,0,0,0.03,0.004,200000
3469,350,41.912,31,79,14,1,0,0,0.03,0.004,200000
3470,400,13.224,13,39,111,0,0,1,0.03,0.004,200000
3471,14,-13.933,0,4,9,1,0,0,0.03,0.004,200000
3472,179,27.354,21,70,2,1,0,0,0.03,0.004,200000
3473,125,8.228,10,49,3,1,0,0,0.03,0.004,200000
3474,329,40.01,27,91,12,1,0,0,0.03,0.004,200000
3475,400,61.787,35,89,9,0,0,1,0.03,0.004,200000
3476,400,77.805,43,127,4,0,0,1,0.03,0.004,200000
3477,5,-13.285,0,2,1,1,0,0,0.03,0.004,200000
3478,357,42.976,33,82,20,1,0,0,0.03,0.004,200000
3479,112,11.764,15,37,4,1,0,0,0.03,0.004,200000
3480,400,66.442,40,103,12,0,0,1,0.03,0.004,200000
3481,400,73.265,44,99,8,0,0,1,0.03,0.004,200000
3482,400,75.062,45,108,7,0,0,1,0.03,0.004,200000
3483,400,51.805,30,88,27,0,0,1,0.03,0.004,200000
3484,110,7.41,11,35,4,1,0,0,0.03,0.004,200000
3485,5,-13.235,0,2,1,1,0,0,0.03,0.004,200000
3486,224,29.183,21,71,3,1,0,0,0.03,0.004,200000
3487,400,68.076,44,95,15,0,0,1,0.03,0.004,200000
3488,185,28.524,22,65,4,1,0,0,0.03,0.004,200000
3489,133,4.709,7,30,2,1,0,0,0.03,0.004,200000
3490,52,-5.477,4,13,4,1,0,0,0.03,0.004,200000
3491,400,40.183,23,67,24,0,0,1,0.03,0.004,200000
3492,400,55.089,33,93,44,0,0,1,0.03,0.004,200000
3493,400,72.946,41,113,3,0,0,1,0.03,0.004,200000
3494,7,-13.463,0,2,3,1,0,0,0.03,0.004,200000
3495,400,61.357,36,104,10,0,0,1,0.03,0.004,200000
3496,6,-9.822,0,3,1,1,0,0,0.03,0.004,200000
3497,400,21.473,13,41,69,0,0,1,0.03,0.004,200000
3498,400,13.982,13,48,94,0,0,1,0.03,0.004,200000
3499,207,27.85,25,64,11,1,0,0,0.03,0.004,200000
3500,186,22.655,19,58,3,1,0,0,0.03,0.004,200000
3501,45,-5.661,4,18,3,1,0,0,0.03,0.004,200000
3502,400,52.455,31,68,6,0,0,1,0.03,0.004,200000
3503,400,71.966,43,108,6,0,0,1,0.03,0.004,200000
3504,325,49.081,38,90,10,1,0,0,0.03,0.004,200000
3505,252,35.536,26,88,2,1,0,0,0.03,0.004,200000
3506,282,47.134,36,73,1,1,0,0,0.03,0.004,200000
3507,312,35.724,29,78,36,1,0,0,0.03,0.004,200000
3508,400,50.467,30,81,20,0,0,1,0.03,0.004,200000
3509,400,51.978,31,89,43,0,0,1,0.03,0.004,200000
3510,400,70.916,44,102,13,0,0,1,0.03,0.004,200000
3511,209,19.237,19,58,15,1,0,0,0.03,0.004,200000
3512,180,16.273,16,47,6,1,0,0,0.03,0.004,200000
3513,400,76.456,46,112,4,0,0,1,0.03,0.004,200000
3514,400,54.069,32,79,22,0,0,1,0.03,0.004,200000
3515,60,0.961,5,22,2,1,0,0,0.03,0.004,200000
3516,400,69.51,42,102,16,0,0,1,0.03,0.004,200000
3517,7,-13.943,0,2,4,1,0,0,0.03,0.004,200000
3518,16,-9.511,2,7,2,1,0,0,0.03,0.004,200000
3519,400,55.482,34,96,30,0,0,1,0.03,0.004,200000
3520,63,-1.054,4,22,3,1,0,0,0.03,0.004,200000
3521,400,21.28,13,35,48,0,0,1,0.03,0.004,200000
3522,400,60.63,35,97,25,0,0,1,0.03,0.004,200000
3523,165,16.364,17,49,10,1,0,0,0.03,0.004,200000
3524,400,36.865,26,81,20,0,0,1,0.03,0.004,200000
3525,219,-2.51,7,23,56,1,0,0,0.03,0.004,200000
3526,400,12.426,1,9,47,0,0,1,0.03,0.004,200000
3527,400,74.751,46,110,7,0,0,1,0.03,0.004,200000
3528,5,-13.084,0,3,1,1,0,0,0.03,0.004,200000
3529,7,-9.087,0,2,0,1,0,0,0.03,0.004,200000
3530,400,67.862,43,109,34,0,0,1,0.03,0.004,200000
3531,400,74.088,43,110,5,0,0,1,0.03,0.004,200000
3532,400,72.515,43,117,20,0,0,1,0.03,0.004,200000
3533,322,50.671,37,97,3,1,0,0,0.03,0.004,200000
3534,400,31.886,22,58,68,0,0,1,0.03,0.004,200000
3535,400,39.028,25,75,1,0,0,1,0.03,0.004,200000
3536,188,16.676,17,47,10,1,0,0,0.03,0.004,200000
3537,172,11.71,15,38,19,1,0,0,0.03,0.004,200000
3538,36,-4.73,2,15,0,1,0,0,0.03,0.004,200000
3539,400,11.358,9,28,94,0,0,1,0.03,0.004,200000
3540,400,65.377,39,105,29,0,0,1,0.03,0.004,200000
3541,400,54.665,33,87,35,0,0,1,0.03,0.004,200000
3542,157,-0.41,6,26,38,1,0,0,0.03,0.004,200000
3543,400,75.422,45,116,10,0,0,1,0.03,0.004,200000
3544,398,36.469,29,82,25,1,0,0,0.03,0.004,200000
3545,400,71.069,44,105,21,0,0,1,0.03,0.004,200000
3546,400,37.915,22,58,25,0,0,1,0.03,0.004,200000
3547,400,59.524,33,98,14,0,0,1,0.03,0.004,200000
3548,387,61.286,42,107,5,1,0,0,0.03,0.004,200000
3549,400,69.4,41,106,9,0,0,1,0.03,0.004,200000
3550,308,5.222,9,30,23,1,0,0,0.03,0.004,200000
3551,53,-4.365,4,23,3,1,0,0,0.03,0.004,200000
3552,45,-5.623,4,12,5,1,0,0,0.03,0.004,200000
3553,17,-14.226,0,4,12,1,0,0,0.03,0.004,200000
3554,400,67.227,41,101,13,0,0,1,0.03,0.004,200000
3555,400,57.63,34,92,12,0,0,1,0.03,0.004,200000
3556,195,26.998,19,77,3,1,0,0,0.03,0.004,200000
3557,400,40.389,23,70,8,0,0,1,0.03,0.004,200000
3558,400,61.169,36,96,16,0,0,1,0.03,0.004,200000
3559,400,67.867,42,94,23,0,0,1,0.03,0.004,200000
3560,10,-13.506,0,4,6,1,0,0,0.03,0.004,200000
3561,43,-4.875,3,16,0,1,0,0,0.03,0.004,200000
3562,160,22.229,18,55,3,1,0,0,0.03,0.004,200000
3563,31,-2.651,4,10,0,1,0,0,0.03,0.004,200000
3564,261,38.805,30,94,5,1,0,0,0.03,0.004,200000
3565,400,69.142,39,106,14,0,0,1,0.03,0.004,200000
3566,400,54.197,33,85,11,0,0,1,0.03,0.004,200000
3567,268,33.616,23,85,11,1,0,0,0.03,0.004,200000
3568,400,61.294,36,102,18,0,0,1,0.03,0.004,200000
3569,347,47.404,35,85,19,1,0,0,0.03,0.004,200000
3570,142,17.928,16,44,4,1,0,0,0.03,0.004,200000
3571,400,57.399,34,88,20,0,0,1,0.03,0.004,200000
3572,81,0.958,8,21,8,1,0,0,0.03,0.004,200000
3573,219,13.611,14,35,8,1,0,0,0.03,0.004,200000
3574,77,-4.292,3,15,15,1,0,0,0.03,0.004,200000
3575,400,60.866,37,90,28,0,0,1,0.03,0.004,200000
3576,400,76.662,45,113,4,0,0,1,0.03,0.004,200000
3577,284,45.504,33,85,3,1,0,0,0.03,0.004,200000
3578,400,68.783,41,102,11,0,0,1,0.03,0.004,200000
3579,207,32.511,26,74,4,1,0,0,0.03,0.004,200000
3580,400,64.483,38,108,6,0,0,1,0.03,0.004,200000
3581,25,-9.399,1,9,0,1,0,0,0.03,0.004,200000
3582,400,38.123,22,60,17,0,0,1,0.03,0.004,200000
3583,7,-13.363,0,3,3,1,0,0,0.03,0.004,200000
3584,9,-13.541,0,3,4,1,0,0,0.03,0.004,200000
3585,86,5.8,8,29,2,1,0,0,0.03,0.004,200000
3586,7,-13.363,0,3,3,1,0,0,0.03,0.004,200000
3587,328,26.966,22,60,25,1,0,0,0.03,0.004,200000
3588,35,-9.591,1,13,2,1,0,0,0.03,0.004,200000
3589,400,10.376,8,27,76,0,0,1,0.03,0.004,200000
3590,37,-6.512,1,13,6,1,0,0,0.03,0.004,200000
3591,400,75.206,46,108,10,0,0,1,0.03,0.004,200000
3592,114,5.76,11,33,11,1,0,0,0.03,0.004,200000
3593,280,49.811,36,96,2,1,0,0,0.03,0.004,200000
3594,400,53.407,33,80,5,0,0,1,0.03,0.004,200000
3595,11,-13.813,0,1,5,1,0,0,0.03,0.004,200000
3596,29,-9.017,2,9,3,1,0,0,0.03,0.004,200000
3597,400,77.217,47,101,2,0,0,1,0.03,0.004,200000
3598,266,45.289,34,87,8,1,0,0,0.03,0.004,200000
3599,400,59.348,36,75,7,0,0,1,0.03,0.004,200000
3600,400,65.992,39,99,7,0,0,1,0.03,0.004,200000
3601,400,48.646,29,69,30,0,0,1,0.03,0.004,200000
3602,400,58.084,33,87,9,0,0,1,0.03,0.004,200000
3603,209,25.429,18,73,3,1,0,0,0.03,0.004,200000
3604,168,16.873,15,49,9,1,0,0,0.03,0.004,200000
3605,400,53.881,34,76,14,0,0,1,0.03,0.004,200000
3606,7,-13.213,0,4,3,1,0,0,0.03,0.004,200000
3607,179,25.629,20,59,3,1,0,0,0.03,0.004,200000
3608,209,31.977,25,61,4,1,0,0,0.03,0.004,200000
3609,7,-13.413,0,3,3,1,0,0,0.03,0.004,200000
3610,400,53.128,35,71,17,0,0,1,0.03,0.004,200000
3611,400,64.186,38,96,15,0,0,1,0.03,0.004,200000
3612,7,-13.163,0,4,3,1,0,0,0.03,0.004,200000
3613,400,46.795,29,68,14,0,0,1,0.03,0.004,200000
3614,183,12.081,14,40,4,1,0,0,0.03,0.004,200000
3615,400,53.556,30,86,14,0,0,1,0.03,0.004,200000
3616,400,75.958,44,114,8,0,0,1,0.03,0.004,200000
3617,389,56.396,42,98,23,1,0,0,0.03,0.004,200000
3618,400,62.735,38,94,6,0,0,1,0.03,0.004,200000
3619,6,-13.249,0,3,2,1,0,0,0.03,0.004,200000
3620,400,45.179,30,66,10,0,0,1,0.03,0.004,200000
3621,400,73.116,41,117,6,0,0,1,0.03,0.004,200000
3622,400,61.607,39,81,14,0,0,1,0.03,0.004,200000
3623,400,51.005,35,78,14,0,0,1,0.03,0.004,200000
3624,70,-15.311,0,3,1,1,0,0,0.03,0.004,200000
3625,371,62.932,45,110,4,1,0,0,0.03,0.004,200000
3626,7,-13.133,0,4,2,1,0,0,0.03,0.004,200000
3627,29,-14.136,0,2,2,1,0,0,0.03,0.004,200000
3628,400,56.408,34,90,7,0,0,1,0.03,0.004,200000
3629,400,23.939,17,50,89,0,0,1,0.03,0.004,200000
3630,400,48.815,31,89,50,0,0,1,0.03,0.004,200000
3631,400,36.475,26,67,51,0,0,1,0.03,0.004,200000
3632,400,72.594,43,96,3,0,0,1,0.03,0.004,200000
3633,400,57.744,34,99,28,0,0,1,0.03,0.004,200000
3634,365,49.817,36,93,5,1,0,0,0.03,0.004,200000
3635,400,35.947,23,58,28,0,0,1,0.03,0.004,200000
3636,9,-13.585,0,2,4,1,0,0,0.03,0.004,200000
3637,400,11.931,12,35,85,0,0,1,0.03,0.004,200000
3638,400,43.34,29,76,68,0,0,1,0.03,0.004,200000
3639,400,70.277,44,105,16,0,0,1,0.03,0.004,200000
3640,400,21.138,14,38,62,0,0,1,0.03,0.004,200000
3641,400,70.307,43,110,21,0,0,1,0.03,0.004,200000
3642,400,70.137,42,104,2,0,0,1,0.03,0.004,200000
3643,7,-13.389,0,2,2,1,0,0,0.03,0.004,200000
3644,62,-0.277,4,21,4,1,0,0,0.03,0.004,200000
3645,264,30.036,24,69,22,1,0,0,0.03,0.004,200000
3646,171,23.743,22,55,2,1,0,0,0.03,0.004,200000
3647,10,-13.806,0,2,6,1,0,0,0.03,0.004,200000
3648,400,36.571,24,57,8,0,0,1,0.03,0.004,200000
3649,299,3.947,11,31,4,1,0,0,0.03,0.004,200000
3650,400,42.497,21,58,3,0,0,1,0.03,0.004,200000
3651,16,-8.726,0,4,0,1,0,0,0.03,0.004,200000
3652,289,37.178,28,88,6,1,0,0,0.03,0.004,200000
3653,11,-13.54,0,4,6,1,0,0,0.03,0.004,200000
3654,400,50.843,31,59,5,0,0,1,0.03,0.004,200000
3655,400,55.778,31,79,4,0,0,1,0.03,0.004,200000
3656,400,64.923,36,96,5,0,0,1,0.03,0.004,200000
3657,400,21.574,14,39,15,0,0,1,0.03,0.004,200000
3658,284,41.985,30,78,6,1,0,0,0.03,0.004,200000
3659,400,-15.193,2,11,183,0,0,1,0.03,0.004,200000
3660,400,56.366,30,98,4,0,0,1,0.03,0.004,200000
3661,10,-13.606,0,3,5,1,0,0,0.03,0.004,200000
3662,9,-13.441,0,3,4,1,0,0,0.03,0.004,200000
3663,400,69.97,41,101,7,0,0,1,0.03,0.004,200000
3664,246,38.643,27,86,9,1,0,0,0.03,0.004,200000
3665,400,26.731,17,44,8,0,0,1,0.03,0.004,200000
3666,200,27.549,21,60,1,1,0,0,0.03,0.004,200000
3667,99,4.546,8,44,7,1,0,0,0.03,0.004,200000
3668,400,52.657,34,88,53,0,0,1,0.03,0.004,200000
3669,400,54.767,34,82,5,0,0,1,0.03,0.004,200000
3670,382,53.097,40,92,9,1,0,0,0.03,0.004,200000
3671,400,43.472,28,79,63,0,0,1,0.03,0.004,200000
3672,400,74.605,45,124,16,0,0,1,0.03,0.004,200000
3673,126,12.742,13,39,1,1,0,0,0.03,0.004,200000
3674,400,49.931,30,80,14,0,0,1,0.03,0.004,200000
3675,39,-4.829,1,17,0,1,0,0,0.03,0.004,200000
3676,400,70.018,39,112,5,0,0,1,0.03,0.004,200000
3677,13,-8.945,0,5,0,1,0,0,0.03,0.004,200000
3678,9,-13.162,0,4,2,1,0,0,0.03,0.004,200000
3679,400,8.634,7,19,85,0,0,1,0.03,0.004,200000
3680,400,54.784,31,83,14,0,0,1,0.03,0.004,200000
3681,400,61.331,37,95,11,0,0,1,0.03,0.004,200000
3682,400,75.265,44,104,3,0,0,1,0.03,0.004,200000
3683,152,18.17,15,55,1,1,0,0,0.03,0.004,200000
3684,78,-10.366,1,11,3,1,0,0,0.03,0.004,200000
3685,115,8.55,11,42,4,1,0,0,0.03,0.004,200000
3686,400,65.348,41,90,2,0,0,1,0.03,0.004,200000
3687,134,8.39,11,26,1,1,0,0,0.03,0.004,200000
3688,334,27.642,21,45,4,1,0,0,0.03,0.004,200000
3689,400,26.322,9,26,6,0,0,1,0.03,0.004,200000
3690,5,-13.134,0,3,1,1,0,0,0.03,0.004,200000
3691,400,63.045,36,89,4,0,0,1,0.03,0.004,200000
3692,278,9.284,10,36,3,1,0,0,0.03,0.004,200000
3693,400,49.79,29,89,2,0,0,1,0.03,0.004,200000
3694,12,-13.704,0,4,7,1,0,0,0.03,0.004,200000
3695,7,-13.433,0,2,2,1,0,0,0.03,0.004,200000
3696,400,22.28,14,37,4,0,0,1,0.03,0.004,200000
3697,52,-1.931,3,20,0,1,0,0,0.03,0.004,200000
3698,400,11.772,2,10,38,0,0,1,0.03,0.004,200000
3699,400,65.792,39,91,3,0,0,1,0.03,0.004,200000
3700,307,51.182,36,94,4,1,0,0,0.03,0.004,200000
3701,266,33.382,26,71,3,1,0,0,0.03,0.004,200000
3702,400,-3.093,0,7,2,0,0,1,0.03,0.004,200000
3703,400,42.879,30,86,3,1,0,0,0.03,0.004,200000
3704,400,44.229,25,59,7,0,0,1,0.03,0.004,200000
3705,400,78.42,47,108,12,0,0,1,0.03,0.004,200000
3706,400,38.46,25,70,42,0,0,1,0.03,0.004,200000
3707,400,71.221,44,108,15,0,0,1,0.03,0.004,200000
3708,400,13.902,6,18,0,0,0,1,0.03,0.004,200000
3709,400,73.745,43,108,9,0,0,1,0.03,0.004,200000
3710,116,9.631,10,37,1,1,0,0,0.03,0.004,200000
3711,55,-6.9,2,18,10,1,0,0,0.03,0.004,200000
3712,400,71.877,45,109,9,0,0,1,0.03,0.004,200000
3713,36,-8.136,1,11,0,1,0,0,0.03,0.004,200000
3714,139,14.211,12,48,2,1,0,0,0.03,0.004,200000
3715,274,-12.102,0,9,17,1,0,0,0.03,0.004,200000
3716,152,-5.517,3,18,4,1,0,0,0.03,0.004,200000
3717,119,-9.712,1,9,3,1,0,0,0.03,0.004,200000
3718,400,22.902,15,42,6,0,0,1,0.03,0.004,200000
3719,159,17.176,14,65,3,1,0,0,0.03,0.004,200000
3720,400,33.91,19,52,13,0,0,1,0.03,0.004,200000
3721,400,41.061,23,60,11,0,0,1,0.03,0.004,200000
3722,163,17.809,19,48,4,1,0,0,0.03,0.004,200000
3723,131,8.168,11,41,4,1,0,0,0.03,0.004,200000
3724,400,60.877,39,90,6,0,0,1,0.03,0.004,200000
3725,17,-7.73,1,6,1,1,0,0,0.03,0.004,200000
3726,400,38.606,22,65,7,0,0,1,0.03,0.004,200000
3727,400,28.961,17,53,0,0,0,1,0.03,0.004,200000
3728,400,52.025,31,89,16,0,0,1,0.03,0.004,200000
3729,30,-6.06,1,12,1,1,0,0,0.03,0.004,200000
3730,267,41.588,28,91,1,1,0,0,0.03,0.004,200000
3731,122,7.606,12,38,16,1,0,0,0.03,0.004,200000
3732,90,5.971,8,28,2,1,0,0,0.03,0.004,200000
3733,400,38.749,24,70,19,0,0,1,0.03,0.004,200000
3734,400,37.018,26,56,4,0,0,1,0.03,0.004,200000
3735,313,45.465,34,92,14,1,0,0,0.03,0.004,200000
3736,400,51.122,28,88,5,0,0,1,0.03,0.004,200000
3737,8,-13.347,0,3,3,1,0,0,0.03,0.004,200000
3738,400,14.211,11,47,4,0,0,1,0.03,0.004,200000
3739,400,55.134,34,84,10,0,0,1,0.03,0.004,200000
3740,376,49.303,34,89,9,1,0,0,0.03,0.004,200000
3741,5,-13.285,0,2,1,1,0,0,0.03,0.004,200000
3742,162,22.253,18,57,3,1,0,0,0.03,0.004,200000
3743,308,19.636,20,57,23,1,0,0,0.03,0.004,200000
3744,400,70.593,42,106,11,0,0,1,0.03,0.004,200000
3745,10,-13.426,0,4,4,1,0,0,0.03,0.004,200000
3746,33,-10.008,1,14,4,1,0,0,0.03,0.004,200000
3747,400,26.889,21,58,88,0,0,1,0.03,0.004,200000
3748,400,37.095,22,53,11,0,0,1,0.03,0.004,200000
3749,400,61.244,36,101,2,0,0,1,0.03,0.004,200000
3750,400,57.075,36,88,3,0,0,1,0.03,0.004,200000
3751,23,-9.329,2,9,2,1,0,0,0.03,0.004,200000
3752,34,-8.48,2,12,5,1,0,0,0.03,0.004,200000
3753,400,20.343,14,41,5,0,0,1,0.03,0.004,200000
3754,169,10.863,13,43,6,1,0,0,0.03,0.004,200000
3755,400,29.019,17,60,9,0,0,1,0.03,0.004,200000
3756,302,-1.05,1,10,25,1,0,0,0.03,0.004,200000
3757,27,-13.838,0,4,1,1,0,0,0.03,0.004,200000
3758,400,21.714,16,42,3,0,0,1,0.03,0.004,200000
3759,235,33.672,28,68,6,1,0,0,0.03,0.004,200000
3760,400,25.907,17,57,46,0,0,1,0.03,0.004,200000
3761,400,72.32,43,109,15,0,0,1,0.03,0.004,200000
3762,10,-13.176,0,4,0,1,0,0,0.03,0.004,200000
3763,400,55.569,32,94,10,0,0,1,0.03,0.004,200000
3764,400,67.518,41,98,8,0,0,1,0.03,0.004,200000
3765,400,35.344,21,60,20,0,0,1,0.03,0.004,200000
3766,71,-1.57,7,25,9,1,0,0,0.03,0.004,200000
3767,151,16.802,17,53,6,1,0,0,0.03,0.004,200000
3768,400,61.769,36,91,11,0,0,1,0.03,0.004,200000
3769,400,4.985,6,15,11,0,0,1,0.03,0.004,200000
3770,400,32.589,30,92,59,1,0,0,0.03,0.004,200000
3771,400,26.719,16,41,10,0,0,1,0.03,0.004,200000
3772,400,72.674,44,108,8,0,0,1,0.03,0.004,200000
3773,400,51.381,32,86,43,0,0,1,0.03,0.004,200000
3774,226,40.749,30,81,2,1,0,0,0.03,0.004,200000
3775,5,-12.785,0,4,0,1,0,0,0.03,0.004,200000
3776,308,43.832,33,82,8,1,0,0,0.03,0.004,200000
3777,400,39.582,22,51,7,0,0,1,0.03,0.004,200000
3778,400,69.765,44,107,11,0,0,1,0.03,0.004,200000
3779,400,31.932,17,63,5,0,0,1,0.03,0.004,200000
3780,400,70.094,42,97,3,0,0,1,0.03,0.004,200000
3781,278,36.621,28,68,1,1,0,0,0.03,0.004,200000
3782,92,0.657,5,28,16,1,0,0,0.03,0.004,200000
3783,400,44.095,30,75,2,0,0,1,0.03,0.004,200000
3784,169,18.249,17,50,19,1,0,0,0.03,0.004,200000
3785,400,42.123,24,54,6,0,0,1,0.03,0.004,200000
3786,7,-13.613,0,1,3,1,0,0,0.03,0.004,200000
3787,125,15.407,16,46,0,1,0,0,0.03,0.004,200000
3788,349,45.725,34,91,12,1,0,0,0.03,0.004,200000
3789,24,-8.04,0,6,0,1,0,0,0.03,0.004,200000
3790,400,19.764,13,42,5,0,0,1,0.03,0.004,200000
3791,400,60.922,35,98,10,0,0,1,0.03,0.004,200000
3792,53,-3.197,4,21,2,1,0,0,0.03,0.004,200000
3793,44,-2.904,3,14,0,1,0,0,0.03,0.004,200000
3794,187,7.373,11,34,1,1,0,0,0.03,0.004,200000
3795,58,2.896,7,24,1,1,0,0,0.03,0.004,200000
3796,400,65.249,37,103,9,0,0,1,0.03,0.004,200000
3797,400,77.588,48,115,8,0,0,1,0.03,0.004,200000
3798,158,17.726,15,54,7,1,0,0,0.03,0.004,200000
3799,22,-10.182,0,8,2,1,0,0,0.03,0.004,200000
3800,13,-8.43,0,6,0,1,0,0,0.03,0.004,200000
3801,224,30.383,23,72,8,1,0,0,0.03,0.004,200000
3802,167,21.614,17,61,4,1,0,0,0.03,0.004,200000
3803,49,-12.873,0,5,2,1,0,0,0.03,0.004,200000
3804,400,59.169,37,81,16,0,0,1,0.03,0.004,200000
3805,283,42.751,31,92,3,1,0,0,0.03,0.004,200000
3806,400,51.402,29,77,1,0,0,1,0.03,0.004,200000
3807,284,41.548,32,84,11,1,0,0,0.03,0.004,200000
3808,400,45.012,26,80,16,0,0,1,0.03,0.004,200000
3809,281,43.326,32,85,5,1,0,0,0.03,0.004,200000
3810,400,69.184,42,98,8,0,0,1,0.03,0.004,200000
3811,400,43.137,27,70,5,0,0,1,0.03,0.004,200000
3812,400,74.814,42,110,5,0,0,1,0.03,0.004,200000
3813,139,15.824,13,53,3,1,0,0,0.03,0.004,200000
3814,400,61.098,37,95,7,0,0,1,0.03,0.004,200000
3815,169,22.3,20,72,9,1,0,0,0.03,0.004,200000
3816,400,67.103,40,95,8,0,0,1,0.03,0.004,200000
3817,6,-9.572,0,2,1,1,0,0,0.03,0.004,200000
3818,400,12.617,10,26,1,0,0,1,0.03,0.004,200000
3819,400,23.569,7,21,5,0,0,1,0.03,0.004,200000
3820,57,-1.557,6,19,3,1,0,0,0.03,0.004,200000
3821,43,-1.496,4,20,1,1,0,0,0.03,0.004,200000
3822,146,18.623,17,58,1,1,0,0,0.03,0.004,200000
3823,400,73.458,43,109,6,0,0,1,0.03,0.004,200000
3824,400,23.489,16,46,5,0,0,1,0.03,0.004,200000
3825,400,44.033,26,68,14,0,0,1,0.03,0.004,200000
3826,391,52.092,39,95,4,1,0,0,0.03,0.004,200000
3827,400,65.008,39,103,6,0,0,1,0.03,0.004,200000
3828,5,-13.235,0,2,1,1,0,0,0.03,0.004,200000
3829,21,-10.959,0,8,3,1,0,0,0.03,0.004,200000
3830,400,69.702,43,113,13,0,0,1,0.03,0.004,200000
3831,7,-13.363,0,3,3,1,0,0,0.03,0.004,200000
3832,400,57.426,33,92,9,0,0,1,0.03,0.004,200000
3833,400,38.035,18,49,10,0,0,1,0.03,0.004,200000
3834,112,4.676,5,47,2,1,0,0,0.03,0.004,200000
3835,400,57.136,34,92,6,0,0,1,0.03,0.004,200000
3836,389,57.105,41,104,10,1,0,0,0.03,0.004,200000
3837,400,46.144,28,66,5,0,0,1,0.03,0.004,200000
3838,400,68.678,41,102,10,0,0,1,0.03,0.004,200000
3839,5,-12.965,0,4,1,1,0,0,0.03,0.004,200000
3840,61,-0.587,6,23,1,1,0,0,0.03,0.004,200000
3841,400,76.346,47,110,6,0,0,1,0.03,0.004,200000
3842,339,51.573,37,107,9,1,0,0,0.03,0.004,200000
3843,50,-2.513,3,17,3,1,0,0,0.03,0.004,200000
3844,41,-4.956,5,15,5,1,0,0,0.03,0.004,200000
3845,400,32.014,16,41,4,0,0,1,0.03,0.004,200000
3846,400,68.221,41,98,20,0,0,1,0.03,0.004,200000
3847,387,61.089,44,104,13,1,0,0,0.03,0.004,200000
3848,30,-10.754,1,9,5,1,0,0,0.03,0.004,200000
3849,267,7.603,11,40,4,1,0,0,0.03,0.004,200000
3850,400,70.277,41,106,7,0,0,1,0.03,0.004,200000
3851,400,46.076,27,75,12,0,0,1,0.03,0.004,200000
3852,400,61.65,37,102,5,0,0,1,0.03,0.004,200000
3853,188,30.248,26,59,1,1,0,0,0.03,0.004,200000
3854,400,15.597,5,29,3,0,0,1,0.03,0.004,200000
3855,400,52.99,34,76,18,0,0,1,0.03,0.004,200000
3856,400,58.698,37,83,10,0,0,1,0.03,0.004,200000
3857,5,-13.715,0,2,2,1,0,0,0.03,0.004,200000
3858,400,71.735,45,100,16,0,0,1,0.03,0.004,200000
3859,400,20.168,14,31,3,0,0,1,0.03,0.004,200000
3860,183,17.866,16,61,6,1,0,0,0.03,0.004,200000
3861,285,46.804,33,93,7,1,0,0,0.03,0.004,200000
3862,400,56.402,35,82,8,0,0,1,0.03,0.004,200000
3863,32,-8.033,2,15,3,1,0,0,0.03,0.004,200000
3864,360,18.111,18,59,23,1,0,0,0.03,0.004,200000
3865,130,15.998,16,37,5,1,0,0,0.03,0.004,200000
3866,308,49.025,34,98,4,1,0,0,0.03,0.004,200000
3867,397,60.9,42,112,8,1,0,0,0.03,0.004,200000
3868,239,36.102,27,72,4,1,0,0,0.03,0.004,200000
3869,400,72.444,41,112,7,0,0,1,0.03,0.004,200000
3870,400,63.837,38,89,17,0,0,1,0.03,0.004,200000
3871,400,62.781,37,91,9,0,0,1,0.03,0.004,200000
3872,26,-4.217,3,9,0,1,0,0,0.03,0.004,200000
3873,400,70.97,42,106,6,0,0,1,0.03,0.004,200000
3874,16,-14.181,0,4,10,1,0,0,0.03,0.004,200000
3875,9,-13.642,0,2,5,1,0,0,0.03,0.004,200000
3876,400,74.264,44,106,7,0,0,1,0.03,0.004,200000
3877,313,42.839,32,84,6,1,0,0,0.03,0.004,200000
3878,12,-13.996,0,2,7,1,0,0,0.03,0.004,200000
3879,400,38.753,21,69,7,0,0,1,0.03,0.004,200000
3880,400,45.195,25,62,3,0,0,1,0.03,0.004,200000
3881,282,48.575,35,92,5,1,0,0,0.03,0.004,200000
3882,400,50.237,31,80,7,0,0,1,0.03,0.004,200000
3883,400,34.366,22,50,3,0,0,1,0.03,0.004,200000
3884,400,76.357,46,110,7,0,0,1,0.03,0.004,200000
3885,400,62.373,39,88,3,0,0,1,0.03,0.004,200000
3886,400,75.476,44,112,6,0,0,1,0.03,0.004,200000
3887,68,-2.311,5,18,4,1,0,0,0.03,0.004,200000
3888,232,30.216,22,72,5,1,0,0,0.03,0.004,200000
3889,7,-9.427,0,3,0,1,0,0,0.03,0.004,200000
3890,269,11.471,12,38,14,1,0,0,0.03,0.004,200000
3891,400,72.318,43,103,5,0,0,1,0.03,0.004,200000
3892,400,56.683,33,93,9,0,0,1,0.03,0.004,200000
3893,400,58.442,33,92,13,0,0,1,0.03,0.004,200000
3894,400,45.287,28,70,31,0,0,1,0.03,0.004,200000
3895,22,-7.512,2,11,1,1,0,0,0.03,0.004,200000
3896,79,3.538,7,25,6,1,0,0,0.03,0.004,200000
3897,5,-13.514,0,3,2,1,0,0,0.03,0.004,200000
3898,67,-0.891,3,24,3,1,0,0,0.03,0.004,200000
3899,256,26.893,25,69,4,1,0,0,0.03,0.004,200000
3900,215,32.761,27,79,9,1,0,0,0.03,0.004,200000
3901,105,8.415,12,40,2,1,0,0,0.03,0.004,200000
3902,400,39.251,24,72,5,0,0,1,0.03,0.004,200000
3903,36,-9.148,2,9,4,1,0,0,0.03,0.004,200000
3904,400,71.735,43,107,4,0,0,1,0.03,0.004,200000
3905,400,42.128,26,69,6,0,0,1,0.03,0.004,200000
3906,400,13.687,10,26,19,0,0,1,0.03,0.004,200000
3907,26,-11.387,0,8,7,1,0,0,0.03,0.004,200000
3908,400,5.487,7,27,57,0,0,1,0.03,0.004,200000
3909,400,54.311,33,80,2,0,0,1,0.03,0.004,200000
3910,400,52.546,31,81,4,0,0,1,0.03,0.004,200000
3911,113,14.915,15,35,2,1,0,0,0.03,0.004,200000
3912,400,69.095,38,112,3,0,0,1,0.03,0.004,200000
3913,400,40.381,26,72,64,0,0,1,0.03,0.004,200000
3914,127,15.252,15,49,4,1,0,0,0.03,0.004,200000
3915,400,15.533,11,37,24,0,0,1,0.03,0.004,200000
3916,344,46.88,33,90,13,1,0,0,0.03,0.004,200000
3917,61,-2.6,4,24,2,1,0,0,0.03,0.004,200000
3918,13,-13.819,0,4,8,1,0,0,0.03,0.004,200000
3919,400,35.801,22,52,12,0,0,1,0.03,0.004,200000
3920,400,2.666,10,20,119,0,0,1,0.03,0.004,200000
3921,7,-9.037,0,3,0,1,0,0,0.03,0.004,200000
3922,400,71.49,44,101,5,0,0,1,0.03,0.004,200000
3923,400,51.294,27,62,7,0,0,1,0.03,0.004,200000
3924,400,68.016,39,106,11,0,0,1,0.03,0.004,200000
3925,13,-13.968,0,3,8,1,0,0,0.03,0.004,200000
3926,37,-7.935,2,7,13,1,0,0,0.03,0.004,200000
3927,91,-0.769,5,28,0,1,0,0,0.03,0.004,200000
3928,400,52.432,32,77,13,0,0,1,0.03,0.004,200000
3929,400,49.814,29,81,14,0,0,1,0.03,0.004,200000
3930,400,66.987,42,101,11,0,0,1,0.03,0.004,200000
3931,7,-13.239,0,3,2,1,0,0,0.03,0.004,200000
3932,245,33.042,26,73,17,1,0,0,0.03,0.004,200000
3933,5,-13.035,0,3,0,1,0,0,0.03,0.004,200000
3934,400,62.486,35,88,4,0,0,1,0.03,0.004,200000
3935,345,56.0,40,100,4,1,0,0,0.03,0.004,200000
3936,138,11.635,14,46,10,1,0,0,0.03,0.004,200000
3937,400,66.258,41,95,12,0,0,1,0.03,0.004,200000
3938,167,18.933,17,59,2,1,0,0,0.03,0.004,200000
3939,400,66.836,38,98,2,0,0,1,0.03,0.004,200000
3940,165,19.31,19,49,4,1,0,0,0.03,0.004,200000
3941,400,49.425,31,74,18,0,0,1,0.03,0.004,200000
3942,93,5.072,9,34,3,1,0,0,0.03,0.004,200000
3943,400,66.808,40,98,6,0,0,1,0.03,0.004,200000
3944,289,23.862,18,56,5,1,0,0,0.03,0.004,200000
3945,9,-13.591,0,3,5,1,0,0,0.03,0.004,200000
3946,80,-0.324,6,26,6,1,0,0,0.03,0.004,200000
3947,400,70.686,43,103,10,0,0,1,0.03,0.004,200000
3948,400,62.993,40,94,14,0,0,1,0.03,0.004,200000
3949,400,73.685,44,98,2,0,0,1,0.03,0.004,200000
3950,7,-13.419,0,4,3,1,0,0,0.03,0.004,200000
3951,400,69.405,42,97,4,0,0,1,0.03,0.004,200000
3952,400,5.478,5,19,15,0,0,1,0.03,0.004,200000
3953,400,70.889,44,108,11,0,0,1,0.03,0.004,200000
3954,255,40.843,30,89,2,1,0,0,0.03,0.004,200000
3955,352,56.798,41,99,9,1,0,0,0.03,0.004,200000
3956,198,26.678,19,72,2,1,0,0,0.03,0.004,200000
3957,400,76.921,46,115,8,0,0,1,0.03,0.004,200000
3958,23,-9.864,1,9,3,1,0,0,0.03,0.004,200000
3959,19,-8.384,1,13,1,1,0,0,0.03,0.004,200000
3960,7,-13.669,0,3,3,1,0,0,0.03,0.004,200000
3961,400,53.059,28,80,8,0,0,1,0.03,0.004,200000
3962,400,71.46,42,100,6,0,0,1,0.03,0.004,200000
3963,400,27.847,18,51,10,0,0,1,0.03,0.004,200000
3964,154,18.266,17,50,4,1,0,0,0.03,0.004,200000
3965,288,49.944,37,91,7,1,0,0,0.03,0.004,200000
3966,324,52.267,35,103,1,1,0,0,0.03,0.004,200000
3967,400,42.877,29,63,23,0,0,1,0.03,0.004,200000
3968,400,75.282,43,110,7,0,0,1,0.03,0.004,200000
3969,133,14.465,15,45,1,1,0,0,0.03,0.004,200000
3970,400,45.802,30,74,32,0,0,1,0.03,0.004,200000
3971,400,64.481,37,102,6,0,0,1,0.03,0.004,200000
3972,281,46.112,33,95,4,1,0,0,0.03,0.004,200000
3973,390,55.106,38,95,3,1,0,0,0.03,0.004,200000
3974,352,40.201,28,74,5,1,0,0,0.03,0.004,200000
3975,217,29.779,24,67,4,1,0,0,0.03,0.004,200000
3976,400,72.011,41,118,5,0,0,1,0.03,0.004,200000
3977,16,-14.588,0,3,10,1,0,0,0.03,0.004,200000
3978,400,35.941,26,63,38,0,0,1,0.03,0.004,200000
3979,298,4.736,8,19,5,1,0,0,0.03,0.004,200000
3980,17,-9.505,1,7,1,1,0,0,0.03,0.004,200000
3981,252,32.954,26,75,9,1,0,0,0.03,0.004,200000
3982,29,-8.073,2,10,1,1,0,0,0.03,0.004,200000
3983,400,31.235,17,40,6,0,0,1,0.03,0.004,200000
3984,7,-9.427,0,3,0,1,0,0,0.03,0.004,200000
3985,400,68.604,42,99,6,0,0,1,0.03,0.004,200000
3986,52,-3.138,2,18,0,1,0,0,0.03,0.004,200000
3987,45,-0.964,5,15,1,1,0,0,0.03,0.004,200000
3988,354,57.982,40,102,3,1,0,0,0.03,0.004,200000
3989,400,0.906,3,8,4,0,0,1,0.03,0.004,200000
3990,109,9.929,11,32,2,1,0,0,0.03,0.004,200000
3991,66,-2.534,4,26,1,1,0,0,0.03,0.004,200000
3992,181,22.489,17,64,4,1,0,0,0.03,0.004,200000
3993,400,44.503,29,72,51,0,0,1,0.03,0.004,200000
3994,400,52.664,32,87,29,0,0,1,0.03,0.004,200000
3995,400,76.915,46,102,8,0,0,1,0.03,0.004,200000
3996,400,67.11,39,95,3,0,0,1,0.03,0.004,200000
3997,400,73.948,45,104,5,0,0,1,0.03,0.004,200000
3998,400,78.337,47,123,4,0,0,1,0.03,0.004,200000
3999,41,-2.503,3,15,0,1,0,0,0.03,0.004,200000
4000,217,33.527,26,65,3,1,0,0,0.03,0.004,200000
4001,400,36.473,18,42,5,0,0,1,0.03,0.004,200000
4002,400,63.789,38,84,6,0,0,1,0.03,0.004,200000
4003,400,58.976,34,90,4,0,0,1,0.03,0.004,200000
4004,400,55.882,34,84,4,0,0,1,0.03,0.004,200000
4005,205,28.775,24,70,3,1,0,0,0.03,0.004,200000
4006,280,45.322,33,89,3,1,0,0,0.03,0.004,200000
4007,375,55.943,38,113,4,1,0,0,0.03,0.004,200000
4008,400,2.677,3,17,4,0,0,1,0.03,0.004,200000
4009,52,-12.395,0,10,4,1,0,0,0.03,0.004,200000
4010,400,60.647,37,85,3,0,0,1,0.03,0.004,200000
4011,400,75.743,45,109,6,0,0,1,0.03,0.004,200000
4012,168,17.602,13,51,1,1,0,0,0.03,0.004,200000
4013,400,74.88,41,117,2,0,0,1,0.03,0.004,200000
4014,400,26.656,17,41,5,0,0,1,0.03,0.004,200000
4015,400,74.596,45,100,7,0,0,1,0.03,0.004,200000
4016,284,8.504,11,35,4,1,0,0,0.03,0.004,200000
4017,42,-5.333,3,17,1,1,0,0,0.03,0.004,200000
4018,117,-17.031,0,3,2,1,0,0,0.03,0.004,200000
4019,164,5.483,11,36,4,1,0,0,0.03,0.004,200000
4020,400,31.214,19,47,4,0,0,1,0.03,0.004,200000
4021,290,43.228,30,86,3,1,0,0,0.03,0.004,200000
4022,245,27.829,24,59,4,1,0,0,0.03,0.004,200000
4023,400,74.935,43,113,4,0,0,1,0.03,0.004,200000
4024,400,-0.279,2,9,6,0,0,1,0.03,0.004,200000
4025,400,43.889,27,65,2,0,0,1,0.03,0.004,200000
4026,16,-9.65,1,5,1,1,0,0,0.03,0.004,200000
4027,400,33.394,21,56,12,0,0,1,0.03,0.004,200000
4028,400,41.464,29,70,49,0,0,1,0.03,0.004,200000
4029,95,7.793,9,34,2,1,0,0,0.03,0.004,200000
4030,400,65.028,37,101,14,0,0,1,0.03,0.004,200000
4031,237,24.051,19,43,2,1,0,0,0.03,0.004,200000
4032,400,57.7,34,92,2,0,0,1,0.03,0.004,200000
4033,400,37.229,20,68,3,0,0,1,0.03,0.004,200000
4034,400,74.207,45,100,3,0,0,1,0.03,0.004,200000
4035,400,60.97,35,104,4,0,0,1,0.03,0.004,200000
4036,400,32.42,16,40,29,0,0,1,0.03,0.004,200000
4037,400,71.319,44,108,19,0,0,1,0.03,0.004,200000
4038,181,14.86,14,51,1,1,0,0,0.03,0.004,200000
4039,400,68.841,43,96,11,0,0,1,0.03,0.004,200000
4040,400,47.73,30,71,47,0,0,1,0.03,0.004,200000
4041,5,-13.45,0,2,1,1,0,0,0.03,0.004,200000
4042,400,75.824,45,105,9,0,0,1,0.03,0.004,200000
4043,137,9.801,11,29,1,1,0,0,0.03,0.004,200000
4044,18,-11.464,0,5,3,1,0,0,0.03,0.004,200000
4045,400,1.307,2,13,3,0,0,1,0.03,0.004,200000
4046,254,16.001,17,48,25,1,0,0,0.03,0.004,200000
4047,42,-5.407,4,14,1,1,0,0,0.03,0.004,200000
4048,59,-2.931,4,25,2,1,0,0,0.03,0.004,200000
4049,400,72.937,44,107,17,0,0,1,0.03,0.004,200000
4050,117,-17.071,0,1,0,1,0,0,0.03,0.004,200000
4051,331,32.77,25,89,35,1,0,0,0.03,0.004,200000
4052,400,55.946,36,82,43,0,0,1,0.03,0.004,200000
4053,127,6.852,8,46,4,1,0,0,0.03,0.004,200000
4054,400,65.451,41,96,25,0,0,1,0.03,0.004,200000
4055,400,50.66,30,89,42,0,0,1,0.03,0.004,200000
4056,79,4.621,8,27,2,1,0,0,0.03,0.004,200000
4057,400,35.547,28,60,77,0,0,1,0.03,0.004,200000
4058,400,34.878,25,55,43,0,0,1,0.03,0.004,200000
4059,26,-9.964,1,8,3,1,0,0,0.03,0.004,200000
4060,400,15.314,10,26,43,0,0,1,0.03,0.004,200000
4061,400,72.892,43,105,8,0,0,1,0.03,0.004,200000
4062,400,70.633,41,101,5,0,0,1,0.03,0.004,200000
4063,400,72.167,40,109,3,0,0,1,0.03,0.004,200000
4064,400,63.918,38,89,14,0,0,1,0.03,0.004,200000
4065,5,-13.624,0,3,3,1,0,0,0.03,0.004,200000
4066,400,43.454,26,82,14,0,0,1,0.03,0.004,200000
4067,173,17.868,16,60,4,1,0,0,0.03,0.004,200000
4068,5,-14.024,0,3,3,1,0,0,0.03,0.004,200000
4069,400,74.059,43,111,3,0,0,1,0.03,0.004,200000
4070,203,26.29,21,62,2,1,0,0,0.03,0.004,200000
4071,400,69.316,41,99,6,0,0,1,0.03,0.004,200000
4072,58,-1.147,4,22,1,1,0,0,0.03,0.004,200000
4073,400,51.263,25,70,5,0,0,1,0.03,0.004,200000
4074,400,71.691,42,101,3,0,0,1,0.03,0.004,200000
4075,31,-6.528,4,12,3,1,0,0,0.03,0.004,200000
4076,400,61.986,40,90,29,0,0,1,0.03,0.004,200000
4077,400,31.879,21,58,59,0,0,1,0.03,0.004,200000
4078,129,6.238,10,37,12,1,0,0,0.03,0.004,200000
4079,400,6.067,8,29,54,0,0,1,0.03,0.004,200000
4080,400,49.861,26,62,7,0,0,1,0.03,0.004,200000
4081,400,54.841,35,91,46,0,0,1,0.03,0.004,200000
4082,400,72.224,41,114,11,0,0,1,0.03,0.004,200000
4083,400,64.113,38,91,9,0,0,1,0.03,0.004,200000
4084,149,4.39,7,37,24,1,0,0,0.03,0.004,200000
4085,400,65.956,39,94,8,0,0,1,0.03,0.004,200000
4086,400,77.751,45,120,11,0,0,1,0.03,0.004,200000
4087,400,61.13,37,93,8,0,0,1,0.03,0.004,200000
4088,158,16.108,16,51,4,1,0,0,0.03,0.004,200000
4089,400,70.311,43,101,8,0,0,1,0.03,0.004,200000
4090,400,61.123,39,92,9,0,0,1,0.03,0.004,200000
4091,400,38.801,28,73,78,0,0,1,0.03,0.004,200000
4092,400,-1.378,1,11,20,0,0,1,0.03,0.004,200000
4093,400,74.8,43,116,8,0,0,1,0.03,0.004,200000
4094,400,50.554,33,76,54,0,0,1,0.03,0.004,200000
4095,400,-15.774,1,6,140,0,0,1,0.03,0.004,200000
4096,400,50.05,33,80,16,0,0,1,0.03,0.004,200000
4097,304,52.432,37,105,3,1,0,0,0.03,0.004,200000
4098,400,69.072,42,108,8,0,0,1,0.03,0.004,200000
4099,181,10.336,12,45,4,1,0,0,0.03,0.004,200000
4100,400,29.636,20,51,20,0,0,1,0.03,0.004,200000
4101,400,77.849,45,119,4,0,0,1,0.03,0.004,200000
4102,400,16.47,10,31,33,0,0,1,0.03,0.004,200000
4103,400,72.562,40,112,4,0,0,1,0.03,0.004,200000
4104,218,9.935,12,43,9,1,0,0,0.03,0.004,200000
4105,30,-3.414,4,12,0,1,0,0,0.03,0.004,200000
4106,66,-7.171,0,4,1,1,0,0,0.03,0.004,200000
4107,400,41.497,25,64,1,0,0,1,0.03,0.004,200000
4108,152,12.198,11,58,5,1,0,0,0.03,0.004,200000
4109,400,57.118,35,85,3,0,0,1,0.03,0.004,200000
4110,400,48.724,30,77,9,0,0,1,0.03,0.004,200000
4111,211,23.439,18,55,6,1,0,0,0.03,0.004,200000
4112,400,71.392,42,102,4,0,0,1,0.03,0.004,200000
4113,400,69.051,40,104,13,0,0,1,0.03,0.004,200000
4114,400,70.984,42,101,5,0,0,1,0.03,0.004,200000
4115,25,-8.867,0,13,1,1,0,0,0.03,0.004,200000
4116,400,70.55,40,105,6,0,0,1,0.03,0.004,200000
4117,80,-0.298,5,14,1,1,0,0,0.03,0.004,200000
4118,126,8.047,11,39,4,1,0,0,0.03,0.004,200000
4119,400,58.96,32,88,3,0,0,1,0.03,0.004,200000
4120,53,-14.434,0,2,3,1,0,0,0.03,0.004,200000
4121,400,59.606,35,92,7,0,0,1,0.03,0.004,200000
4122,160,16.048,14,36,2,1,0,0,0.03,0.004,200000
4123,238,32.288,22,77,0,1,0,0,0.03,0.004,200000
4124,400,50.297,29,81,3,0,0,1,0.03,0.004,200000
4125,146,4.446,8,20,2,1,0,0,0.03,0.004,200000
4126,400,59.839,35,85,8,0,0,1,0.03,0.004,200000
4127,400,65.691,39,93,7,0,0,1,0.03,0.004,200000
4128,400,63.556,40,94,6,0,0,1,0.03,0.004,200000
4129,400,30.596,10,21,9,0,0,1,0.03,0.004,200000
4130,400,43.632,26,70,2,0,0,1,0.03,0.004,200000
4131,400,66.109,42,96,6,0,0,1,0.03,0.004,200000
4132,400,60.418,37,83,5,0,0,1,0.03,0.004,200000
4133,400,63.974,38,98,4,0,0,1,0.03,0.004,200000
4134,400,76.41,47,116,10,0,0,1,0.03,0.004,200000
4135,400,60.507,35,91,4,0,0,1,0.03,0.004,200000
4136,400,78.445,47,111,4,0,0,1,0.03,0.004,200000
4137,400,63.377,39,83,8,0,0,1,0.03,0.004,200000
4138,400,26.516,14,40,2,0,0,1,0.03,0.004,200000
4139,400,61.764,36,87,2,0,0,1,0.03,0.004,200000
4140,353,61.577,42,106,0,1,0,0,0.03,0.004,200000
4141,400,42.947,23,56,4,0,0,1,0.03,0.004,200000
4142,400,75.354,44,106,5,0,0,1,0.03,0.004,200000
4143,400,19.394,15,24,2,0,0,1,0.03,0.004,200000
4144,198,26.107,20,55,2,1,0,0,0.03,0.004,200000
4145,400,67.609,41,106,6,0,0,1,0.03,0.004,200000
4146,396,-2.615,6,19,5,1,0,0,0.03,0.004,200000
4147,400,23.663,18,42,71,0,0,1,0.03,0.004,200000
4148,55,-5.018,3,16,2,1,0,0,0.03,0.004,200000
4149,22,-9.185,1,10,1,1,0,0,0.03,0.004,200000
4150,400,55.425,33,91,6,0,0,1,0.03,0.004,200000
4151,358,18.912,19,41,3,1,0,0,0.03,0.004,200000
4152,282,37.442,27,84,6,1,0,0,0.03,0.004,200000
4153,159,26.34,21,58,3,1,0,0,0.03,0.004,200000
4154,400,69.094,43,97,11,0,0,1,0.03,0.004,200000
4155,400,15.362,12,32,39,0,0,1,0.03,0.004,200000
4156,400,74.986,47,108,4,0,0,1,0.03,0.004,200000
4157,400,77.401,48,106,7,0,0,1,0.03,0.004,200000
4158,400,33.402,23,53,16,0,0,1,0.03,0.004,200000
4159,400,31.691,19,52,16,0,0,1,0.03,0.004,200000
4160,400,56.666,33,79,2,0,0,1,0.03,0.004,200000
4161,186,23.826,21,58,6,1,0,0,0.03,0.004,200000
4162,400,61.558,36,86,3,0,0,1,0.03,0.004,200000
4163,400,34.121,19,55,4,0,0,1,0.03,0.004,200000
4164,400,64.744,42,87,3,0,0,1,0.03,0.004,200000
4165,227,31.121,22,72,3,1,0,0,0.03,0.004,200000
4166,400,72.977,43,110,8,0,0,1,0.03,0.004,200000
4167,400,48.594,29,80,13,0,0,1,0.03,0.004,200000
4168,400,75.708,44,110,4,0,0,1,0.03,0.004,200000
4169,6,-9.777,0,2,1,1,0,0,0.03,0.004,200000
4170,395,60.983,44,99,3,1,0,0,0.03,0.004,200000
4171,400,64.372,38,99,1,0,0,1,0.03,0.004,200000
4172,317,47.725,35,94,3,1,0,0,0.03,0.004,200000
4173,171,2.882,9,33,4,1,0,0,0.03,0.004,200000
4174,135,13.077,14,47,2,1,0,0,0.03,0.004,200000
4175,400,73.242,42,107,5,0,0,1,0.03,0.004,200000
4176,400,52.588,31,82,6,0,0,1,0.03,0.004,200000
4177,400,73.197,45,110,7,0,0,1,0.03,0.004,200000
4178,400,72.277,42,98,4,0,0,1,0.03,0.004,200000
4179,160,16.296,15,52,3,1,0,0,0.03,0.004,200000
4180,400,53.08,28,76,9,0,0,1,0.03,0.004,200000
4181,400,67.057,42,94,6,0,0,1,0.03,0.004,200000
4182,153,23.903,20,58,1,1,0,0,0.03,0.004,200000
4183,400,36.092,24,55,45,0,0,1,0.03,0.004,200000
4184,39,-7.609,3,12,2,1,0,0,0.03,0.004,200000
4185,400,21.24,13,47,24,0,0,1,0.03,0.004,200000
4186,338,50.014,32,100,2,1,0,0,0.03,0.004,200000
4187,400,72.014,44,97,9,0,0,1,0.03,0.004,200000
4188,400,62.169,37,85,12,0,0,1,0.03,0.004,200000
4189,92,-4.256,4,18,8,1,0,0,0.03,0.004,200000
4190,247,38.047,29,87,12,1,0,0,0.03,0.004,200000
4191,173,24.004,18,55,1,1,0,0,0.03,0.004,200000
4192,400,76.881,44,112,4,0,0,1,0.03,0.004,200000
4193,187,30.355,24,58,0,1,0,0,0.03,0.004,200000
4194,228,32.283,28,70,8,1,0,0,0.03,0.004,200000
4195,400,25.795,17,51,43,0,0,1,0.03,0.004,200000
4196,7,-13.629,0,4,5,1,0,0,0.03,0.004,200000
4197,79,0.789,8,26,9,1,0,0,0.03,0.004,200000
4198,400,76.381,45,106,7,0,0,1,0.03,0.004,200000
4199,400,56.855,31,76,16,0,0,1,0.03,0.004,200000
4200,400,63.638,38,85,8,0,0,1,0.03,0.004,200000
4201,400,71.646,41,101,2,0,0,1,0.03,0.004,200000
4202,400,35.597,22,49,16,0,0,1,0.03,0.004,200000
4203,330,46.141,33,78,5,1,0,0,0.03,0.004,200000
4204,7,-9.707,0,1,1,1,0,0,0.03,0.004,200000
4205,7,-9.086,0,3,0,1,0,0,0.03,0.004,200000
4206,261,39.868,29,87,1,1,0,0,0.03,0.004,200000
4207,400,74.079,45,107,7,0,0,1,0.03,0.004,200000
4208,400,80.334,49,116,3,0,0,1,0.03,0.004,200000
4209,321,21.923,15,49,5,1,0,0,0.03,0.004,200000
4210,400,19.735,12,31,2,0,0,1,0.03,0.004,200000
4211,84,2.182,9,23,3,1,0,0,0.03,0.004,200000
4212,400,58.15,34,81,14,0,0,1,0.03,0.004,200000
4213,21,-10.493,1,8,2,1,0,0,0.03,0.004,200000
4214,400,80.306,49,120,8,0,0,1,0.03,0.004,200000
4215,84,2.113,7,32,1,1,0,0,0.03,0.004,200000
4216,400,59.633,34,88,18,0,0,1,0.03,0.004,200000
4217,400,76.392,45,117,4,0,0,1,0.03,0.004,200000
4218,400,51.117,26,87,9,0,0,1,0.03,0.004,200000
4219,400,71.901,44,97,16,0,0,1,0.03,0.004,200000
4220,320,18.442,16,63,37,1,0,0,0.03,0.004,200000
4221,400,66.994,39,97,12,0,0,1,0.03,0.004,200000
4222,400,71.919,40,115,6,0,0,1,0.03,0.004,200000
4223,400,62.424,37,90,17,0,0,1,0.03,0.004,200000
4224,28,-9.845,1,11,3,1,0,0,0.03,0.004,200000
4225,400,27.573,17,53,65,0,0,1,0.03,0.004,200000
4226,376,55.077,41,97,11,1,0,0,0.03,0.004,200000
4227,400,26.424,16,52,27,0,0,1,0.03,0.004,200000
4228,400,68.527,38,113,6,0,0,1,0.03,0.004,200000
4229,182,23.196,19,71,4,1,0,0,0.03,0.004,200000
4230,400,72.032,43,114,6,0,0,1,0.03,0.004,200000
4231,272,-10.952,6,15,111,1,0,0,0.03,0.004,200000
4232,400,67.698,37,112,4,0,0,1,0.03,0.004,200000
4233,400,70.765,41,102,11,0,0,1,0.03,0.004,200000
4234,400,60.958,38,93,29,0,0,1,0.03,0.004,200000
4235,400,74.648,44,107,10,0,0,1,0.03,0.004,200000
4236,400,75.593,46,109,9,0,0,1,0.03,0.004,200000
4237,400,61.794,34,89,7,0,0,1,0.03,0.004,200000
4238,7,-13.849,0,2,4,1,0,0,0.03,0.004,200000
4239,400,44.54,27,66,32,0,0,1,0.03,0.004,200000
4240,253,37.912,29,87,4,1,0,0,0.03,0.004,200000
4241,400,49.451,30,75,22,0,0,1,0.03,0.004,200000
4242,205,27.477,23,71,3,1,0,0,0.03,0.004,200000
4243,90,3.84,7,26,2,1,0,0,0.03,0.004,200000
4244,400,49.794,31,72,34,0,0,1,0.03,0.004,200000
4245,400,67.644,40,98,7,0,0,1,0.03,0.004,200000
4246,400,67.446,40,117,14,0,0,1,0.03,0.004,200000
4247,32,-7.221,2,13,4,1,0,0,0.03,0.004,200000
4248,400,66.075,38,98,14,0,0,1,0.03,0.004,200000
4249,23,-5.49,2,11,0,1,0,0,0.03,0.004,200000
4250,114,7.457,12,38,7,1,0,0,0.03,0.004,200000
4251,400,35.072,16,47,11,0,0,1,0.03,0.004,200000
4252,400,70.837,43,98,9,0,0,1,0.03,0.004,200000
4253,93,3.474,8,30,2,1,0,0,0.03,0.004,200000
4254,5,-13.55,0,3,3,1,0,0,0.03,0.004,200000
4255,131,16.174,13,61,5,1,0,0,0.03,0.004,200000
4256,5,-13.6,0,3,3,1,0,0,0.03,0.004,200000
4257,400,71.921,41,105,5,0,0,1,0.03,0.004,200000
4258,244,24.994,22,60,12,1,0,0,0.03,0.004,200000
4259,400,-1.565,2,11,35,0,0,1,0.03,0.004,200000
4260,7,-9.184,0,2,0,1,0,0,0.03,0.004,200000
4261,218,17.832,17,48,30,1,0,0,0.03,0.004,200000
4262,247,40.855,31,80,6,1,0,0,0.03,0.004,200000
4263,400,68.954,40,100,16,0,0,1,0.03,0.004,200000
4264,92,-1.192,6,25,8,1,0,0,0.03,0.004,200000
4265,400,76.769,45,117,5,0,0,1,0.03,0.004,200000
4266,400,35.855,17,43,6,0,0,1,0.03,0.004,200000
4267,400,-1.874,5,13,85,0,0,1,0.03,0.004,200000
4268,385,61.577,38,121,0,1,0,0,0.03,0.004,200000
4269,400,44.06,25,61,18,0,0,1,0.03,0.004,200000
4270,9,-14.082,0,2,6,1,0,0,0.03,0.004,200000
4271,400,74.095,43,108,9,0,0,1,0.03,0.004,200000
4272,400,11.607,7,14,80,0,0,1,0.03,0.004,200000
4273,369,55.768,39,92,10,1,0,0,0.03,0.004,200000
4274,400,48.246,28,70,27,0,0,1,0.03,0.004,200000
4275,400,16.298,12,36,56,0,0,1,0.03,0.004,200000
4276,400,75.312,43,114,10,0,0,1,0.03,0.004,200000
4277,7,-14.08,0,4,5,1,0,0,0.03,0.004,200000
4278,400,75.103,46,112,8,0,0,1,0.03,0.004,200000
4279,75,1.973,8,29,2,1,0,0,0.03,0.004,200000
4280,400,61.863,38,93,27,0,0,1,0.03,0.004,200000
4281,7,-13.803,0,3,4,1,0,0,0.03,0.004,200000
4282,7,-14.08,0,4,5,1,0,0,0.03,0.004,200000
4283,63,-2.671,2,18,0,1,0,0,0.03,0.004,200000
4284,245,36.921,29,84,7,1,0,0,0.03,0.004,200000
4285,400,67.033,39,96,4,0,0,1,0.03,0.004,200000
4286,93,0.748,7,25,2,1,0,0,0.03,0.004,200000
4287,400,58.084,34,81,13,0,0,1,0.03,0.004,200000
4288,198,27.91,23,70,3,1,0,0,0.03,0.004,200000
4289,52,-3.938,4,21,3,1,0,0,0.03,0.004,200000
4290,21,-6.467,1,7,0,1,0,0,0.03,0.004,200000
4291,400,66.258,40,93,29,0,0,1,0.03,0.004,200000
4292,327,16.443,20,67,57,1,0,0,0.03,0.004,200000
4293,400,16.72,11,29,20,0,0,1,0.03,0.004,200000
4294,305,41.827,31,94,17,1,0,0,0.03,0.004,200000
4295,10,-9.672,0,3,2,1,0,0,0.03,0.004,200000
4296,400,43.591,27,74,52,0,0,1,0.03,0.004,200000
4297,400,71.425,43,104,1,0,0,1,0.03,0.004,200000
4298,14,-14.699,0,3,9,1,0,0,0.03,0.004,200000
4299,55,-1.895,4,15,3,1,0,0,0.03,0.004,200000
4300,110,11.476,11,39,0,1,0,0,0.03,0.004,200000
4301,150,-4.998,7,27,52,1,0,0,0.03,0.004,200000
4302,400,50.799,30,79,42,0,0,1,0.03,0.004,200000
4303,64,-3.14,4,14,15,1,0,0,0.03,0.004,200000
4304,262,35.543,25,74,4,1,0,0,0.03,0.004,200000
4305,400,63.065,40,92,32,0,0,1,0.03,0.004,200000
4306,339,49.11,36,87,9,1,0,0,0.03,0.004,200000
4307,400,11.469,10,22,38,0,0,1,0.03,0.004,200000
4308,400,29.035,17,52,61,0,0,1,0.03,0.004,200000
4309,13,-14.628,0,2,10,1,0,0,0.03,0.004,200000
4310,15,-14.463,0,3,10,1,0,0,0.03,0.004,200000
4311,12,-14.2,0,4,10,1,0,0,0.03,0.004,200000
4312,400,63.692,40,99,26,0,0,1,0.03,0.004,200000
4313,16,-9.969,1,5,0,1,0,0,0.03,0.004,200000
4314,358,55.632,37,105,7,1,0,0,0.03,0.004,200000
4315,337,53.151,39,95,4,1,0,0,0.03,0.004,200000
4316,5,-14.101,0,2,3,1,0,0,0.03,0.004,200000
4317,400,59.856,37,92,28,0,0,1,0.03,0.004,200000
4318,400,64.069,36,103,25,0,0,1,0.03,0.004,200000
4319,274,8.388,13,41,66,1,0,0,0.03,0.004,200000
4320,25,-10.629,0,6,3,1,0,0,0.03,0.004,200000
4321,400,41.078,26,61,43,0,0,1,0.03,0.004,200000
4322,129,7.603,9,47,21,1,0,0,0.03,0.004,200000
4323,400,72.82,45,111,23,0,0,1,0.03,0.004,200000
4324,7,-9.607,0,2,1,1,0,0,0.03,0.004,200000
4325,400,28.89,16,41,31,0,0,1,0.03,0.004,200000
4326,112,8.962,12,24,5,1,0,0,0.03,0.004,200000
4327,339,49.576,34,87,16,1,0,0,0.03,0.004,200000
4328,7,-13.699,0,4,4,1,0,0,0.03,0.004,200000
4329,400,74.019,41,111,6,0,0,1,0.03,0.004,200000
4330,400,68.497,38,106,5,0,0,1,0.03,0.004,200000
4331,65,-1.726,5,15,13,1,0,0,0.03,0.004,200000
4332,202,17.111,15,63,5,1,0,0,0.03,0.004,200000
4333,200,23.98,21,70,5,1,0,0,0.03,0.004,200000
4334,400,46.187,27,72,38,0,0,1,0.03,0.004,200000
4335,5,-13.624,0,4,4,1,0,0,0.03,0.004,200000
4336,21,-10.764,0,7,1,1,0,0,0.03,0.004,200000
4337,388,55.15,39,97,13,1,0,0,0.03,0.004,200000
4338,371,11.725,7,29,17,1,0,0,0.03,0.004,200000
4339,400,65.618,39,93,26,0,0,1,0.03,0.004,200000
4340,400,67.785,42,111,31,0,0,1,0.03,0.004,200000
4341,400,21.548,18,46,80,0,0,1,0.03,0.004,200000
4342,97,3.116,7,39,3,1,0,0,0.03,0.004,200000
4343,10,-14.072,0,4,8,1,0,0,0.03,0.004,200000
4344,106,7.876,11,37,6,1,0,0,0.03,0.004,200000
4345,143,18.081,17,58,3,1,0,0,0.03,0.004,200000
4346,400,75.767,44,117,9,0,0,1,0.03,0.004,200000
4347,210,28.28,20,85,4,1,0,0,0.03,0.004,200000
4348,6,-9.315,0,3,0,1,0,0,0.03,0.004,200000
4349,400,50.506,29,74,2,0,0,1,0.03,0.004,200000
4350,400,66.042,42,107,34,0,0,1,0.03,0.004,200000
4351,37,-8.153,2,13,4,1,0,0,0.03,0.004,200000
4352,43,-5.259,3,14,1,1,0,0,0.03,0.004,200000
4353,246,29.034,23,64,6,1,0,0,0.03,0.004,200000
4354,400,31.547,18,53,56,0,0,1,0.03,0.004,200000
4355,388,52.608,38,87,17,1,0,0,0.03,0.004,200000
4356,400,37.981,24,57,24,0,0,1,0.03,0.004,200000
4357,278,47.556,35,86,2,1,0,0,0.03,0.004,200000
4358,400,46.513,25,79,6,0,0,1,0.03,0.004,200000
4359,143,20.828,17,54,0,1,0,0,0.03,0.004,200000
4360,400,72.112,44,98,18,0,0,1,0.03,0.004,200000
4361,400,68.29,40,106,19,0,0,1,0.03,0.004,200000
4362,81,2.488,5,28,0,1,0,0,0.03,0.004,200000
4363,400,69.463,41,102,15,0,0,1,0.03,0.004,200000
4364,101,7.387,12,36,3,1,0,0,0.03,0.004,200000
4365,400,64.805,37,93,2,0,0,1,0.03,0.004,200000
4366,302,48.032,33,92,9,1,0,0,0.03,0.004,200000
4367,101,3.385,7,34,3,1,0,0,0.03,0.004,200000
4368,400,35.67,22,61,20,0,0,1,0.03,0.004,200000
4369,400,70.525,40,103,10,0,0,1,0.03,0.004,200000
4370,26,-6.36,3,11,0,1,0,0,0.03,0.004,200000
4371,51,0.021,5,19,0,1,0,0,0.03,0.004,200000
4372,138,19.08,14,61,1,1,0,0,0.03,0.004,200000
4373,400,70.087,41,94,5,0,0,1,0.03,0.004,200000
4374,400,59.758,34,87,20,0,0,1,0.03,0.004,200000
4375,400,69.551,37,111,5,0,0,1,0.03,0.004,200000
4376,347,54.948,37,102,4,1,0,0,0.03,0.004,200000
4377,206,26.637,21,69,5,1,0,0,0.03,0.004,200000
4378,400,12.271,10,21,31,0,0,1,0.03,0.004,200000
4379,400,67.394,42,91,24,0,0,1,0.03,0.004,200000
4380,59,-2.952,6,20,5,1,0,0,0.03,0.004,200000
4381,400,67.776,41,107,17,0,0,1,0.03,0.004,200000
4382,7,-14.079,0,4,5,1,0,0,0.03,0.004,200000
4383,128,15.051,14,41,0,1,0,0,0.03,0.004,200000
4384,398,14.956,14,34,22,1,0,0,0.03,0.004,200000
4385,353,51.12,33,98,4,1,0,0,0.03,0.004,200000
4386,153,16.556,15,54,1,1,0,0,0.03,0.004,200000
4387,400,40.505,21,58,11,0,0,1,0.03,0.004,200000
4388,400,36.435,19,53,2,0,0,1,0.03,0.004,200000
4389,109,2.296,7,33,11,1,0,0,0.03,0.004,200000
4390,7,-13.679,0,4,5,1,0,0,0.03,0.004,200000
4391,400,62.035,37,97,26,0,0,1,0.03,0.004,200000
4392,306,44.331,33,89,5,1,0,0,0.03,0.004,200000
4393,13,-14.654,0,4,9,1,0,0,0.03,0.004,200000
4394,31,-7.818,2,12,2,1,0,0,0.03,0.004,200000
4395,400,43.14,29,65,33,0,0,1,0.03,0.004,200000
4396,400,81.121,48,113,1,0,0,1,0.03,0.004,200000
4397,400,34.937,25,57,63,0,0,1,0.03,0.004,200000
4398,5,-13.724,0,2,3,1,0,0,0.03,0.004,200000
4399,40,-6.997,2,15,1,1,0,0,0.03,0.004,200000
4400,62,1.457,5,24,0,1,0,0,0.03,0.004,200000
4401,127,12.781,12,42,3,1,0,0,0.03,0.004,200000
4402,400,61.658,38,91,32,0,0,1,0.03,0.004,200000
4403,400,78.479,48,102,3,0,0,1,0.03,0.004,200000
4404,213,33.671,25,64,6,1,0,0,0.03,0.004,200000
4405,400,69.502,44,101,17,0,0,1,0.03,0.004,200000
4406,400,58.202,38,83,39,0,0,1,0.03,0.004,200000
4407,292,50.425,36,92,8,1,0,0,0.03,0.004,200000
4408,350,57.732,40,101,9,1,0,0,0.03,0.004,200000
4409,400,70.763,41,122,18,0,0,1,0.03,0.004,200000
4410,400,53.262,35,78,52,0,0,1,0.03,0.004,200000
4411,400,42.951,30,71,65,0,0,1,0.03,0.004,200000
4412,400,64.582,37,92,13,0,0,1,0.03,0.004,200000
4413,400,68.6,39,97,10,0,0,1,0.03,0.004,200000
4414,10,-14.421,0,3,8,1,0,0,0.03,0.004,200000
4415,309,43.373,30,94,12,1,0,0,0.03,0.004,200000
4416,66,-1.708,6,24,5,1,0,0,0.03,0.004,200000
4417,298,37.171,29,78,23,1,0,0,0.03,0.004,200000
4418,303,42.358,31,92,9,1,0,0,0.03,0.004,200000
4419,400,68.291,39,103,8,0,0,1,0.03,0.004,200000
4420,11,-14.26,0,2,7,1,0,0,0.03,0.004,200000
4421,400,58.767,35,94,38,0,0,1,0.03,0.004,200000
4422,136,14.666,13,49,9,1,0,0,0.03,0.004,200000
4423,32,-8.394,2,11,4,1,0,0,0.03,0.004,200000
4424,400,56.873,34,79,18,0,0,1,0.03,0.004,200000
4425,400,69.29,42,104,11,0,0,1,0.03,0.004,200000
4426,109,3.885,7,36,5,1,0,0,0.03,0.004,200000
4427,208,15.177,16,50,24,1,0,0,0.03,0.004,200000
4428,239,35.768,28,84,6,1,0,0,0.03,0.004,200000
4429,400,43.135,26,81,39,0,0,1,0.03,0.004,200000
4430,400,53.191,33,88,41,0,0,1,0.03,0.004,200000
4431,400,17.878,20,40,125,0,0,1,0.03,0.004,200000
4432,242,7.171,5,25,13,1,0,0,0.03,0.004,200000
4433,28,-15.768,0,2,20,1,0,0,0.03,0.004,200000
4434,400,55.056,35,81,38,0,0,1,0.03,0.004,200000
4435,400,44.335,31,88,75,0,0,1,0.03,0.004,200000
4436,61,0.955,5,23,0,1,0,0,0.03,0.004,200000
4437,400,40.011,27,79,77,0,0,1,0.03,0.004,200000
4438,186,27.256,22,66,3,1,0,0,0.03,0.004,200000
4439,80,1.124,5,24,2,1,0,0,0.03,0.004,200000
4440,339,35.199,26,73,26,1,0,0,0.03,0.004,200000
4441,261,9.109,15,43,56,1,0,0,0.03,0.004,200000
4442,400,31.643,22,60,87,0,0,1,0.03,0.004,200000
4443,400,69.446,44,107,21,0,0,1,0.03,0.004,200000
4444,73,-1.366,4,32,2,1,0,0,0.03,0.004,200000
4445,7,-13.773,0,3,4,1,0,0,0.03,0.004,200000
4446,7,-13.873,0,2,4,1,0,0,0.03,0.004,200000
4447,56,-7.674,1,12,18,1,0,0,0.03,0.004,200000
4448,111,-3.699,4,24,23,1,0,0,0.03,0.004,200000
4449,281,44.875,33,82,4,1,0,0,0.03,0.004,200000
4450,400,29.155,18,66,72,0,0,1,0.03,0.004,200000
4451,200,17.982,18,57,15,1,0,0,0.03,0.004,200000
4452,400,64.465,38,97,9,0,0,1,0.03,0.004,200000
4453,7,-13.823,0,3,4,1,0,0,0.03,0.004,200000
4454,400,67.023,39,98,7,0,0,1,0.03,0.004,200000
4455,400,45.168,28,82,49,0,0,1,0.03,0.004,200000
4456,315,33.598,28,74,27,1,0,0,0.03,0.004,200000
4457,400,70.06,40,96,12,0,0,1,0.03,0.004,200000
4458,80,-0.671,5,25,13,1,0,0,0.03,0.004,200000
4459,400,65.698,40,99,21,0,0,1,0.03,0.004,200000
4460,329,20.923,19,71,56,1,0,0,0.03,0.004,200000
4461,301,37.552,26,95,7,1,0,0,0.03,0.004,200000
4462,23,-15.271,0,2,15,1,0,0,0.03,0.004,200000
4463,400,56.054,34,87,25,0,0,1,0.03,0.004,200000
4464,149,16.228,16,55,5,1,0,0,0.03,0.004,200000
4465,400,38.292,21,61,29,0,0,1,0.03,0.004,200000
4466,15,-14.863,0,4,12,1,0,0,0.03,0.004,200000
4467,400,43.953,29,62,30,0,0,1,0.03,0.004,200000
4468,400,39.575,25,68,4,0,0,1,0.03,0.004,200000
4469,293,34.626,30,80,6,1,0,0,0.03,0.004,200000
4470,400,69.214,41,108,28,0,0,1,0.03,0.004,200000
4471,7,-13.873,0,2,4,1,0,0,0.03,0.004,200000
4472,61,-3.95,4,16,2,1,0,0,0.03,0.004,200000
4473,10,-14.271,0,2,8,1,0,0,0.03,0.004,200000
4474,400,25.102,17,58,9,0,0,1,0.03,0.004,200000
4475,400,39.271,25,71,36,0,0,1,0.03,0.004,200000
4476,400,51.924,34,86,19,0,0,1,0.03,0.004,200000
4477,10,-14.266,0,3,8,1,0,0,0.03,0.004,200000
4478,116,11.787,12,37,6,1,0,0,0.03,0.004,200000
4479,400,42.49,29,68,69,0,0,1,0.03,0.004,200000
4480,400,53.119,32,81,37,0,0,1,0.03,0.004,200000
4481,277,37.894,30,82,8,1,0,0,0.03,0.004,200000
4482,10,-14.186,0,3,7,1,0,0,0.03,0.004,200000
4483,278,35.59,28,80,12,1,0,0,0.03,0.004,200000
4484,166,8.185,8,44,21,1,0,0,0.03,0.004,200000
4485,67,2.091,9,26,2,1,0,0,0.03,0.004,200000
4486,400,61.538,37,87,12,0,0,1,0.03,0.004,200000
4487,128,-9.196,2,12,7,1,0,0,0.03,0.004,200000
4488,298,33.432,23,66,2,1,0,0,0.03,0.004,200000
4489,137,14.287,16,45,4,1,0,0,0.03,0.004,200000
4490,400,72.508,44,103,14,0,0,1,0.03,0.004,200000
4491,94,9.577,12,29,2,1,0,0,0.03,0.004,200000
4492,5,-13.951,0,3,3,1,0,0,0.03,0.004,200000
4493,217,29.083,21,70,10,1,0,0,0.03,0.004,200000
4494,5,-13.9,0,3,3,1,0,0,0.03,0.004,200000
4495,112,4.357,7,39,2,1,0,0,0.03,0.004,200000
4496,57,-3.149,5,20,3,1,0,0,0.03,0.004,200000
4497,48,-7.482,3,14,10,1,0,0,0.03,0.004,200000
4498,78,-3.447,3,23,19,1,0,0,0.03,0.004,200000
4499,400,35.128,26,58,70,0,0,1,0.03,0.004,200000
4500,235,29.925,22,65,8,1,0,0,0.03,0.004,200000
4501,22,-8.308,0,7,0,1,0,0,0.03,0.004,200000
4502,400,31.727,19,55,42,0,0,1,0.03,0.004,200000
4503,7,-13.879,0,2,5,1,0,0,0.03,0.004,200000
4504,5,-13.671,0,2,3,1,0,0,0.03,0.004,200000
4505,7,-13.649,0,4,4,1,0,0,0.03,0.004,200000
4506,211,27.953,24,68,3,1,0,0,0.03,0.004,200000
4507,400,19.311,17,46,108,0,0,1,0.03,0.004,200000
4508,400,49.341,26,91,13,0,0,1,0.03,0.004,200000
4509,400,-0.461,2,5,2,0,0,1,0.03,0.004,200000
4510,400,42.136,26,65,6,0,0,1,0.03,0.004,200000
4511,400,36.222,22,56,15,0,0,1,0.03,0.004,200000
4512,30,-5.512,3,6,1,1,0,0,0.03,0.004,200000
4513,7,-13.343,0,3,4,1,0,0,0.03,0.004,200000
4514,238,33.341,24,79,9,1,0,0,0.03,0.004,200000
4515,400,22.017,4,22,9,0,0,1,0.03,0.004,200000
4516,7,-13.343,0,4,4,1,0,0,0.03,0.004,200000
4517,5,-13.114,0,4,2,1,0,0,0.03,0.004,200000
4518,400,60.718,38,90,9,0,0,1,0.03,0.004,200000
4519,400,76.338,46,112,6,0,0,1,0.03,0.004,200000
4520,331,50.298,34,94,2,1,0,0,0.03,0.004,200000
4521,172,23.859,21,61,6,1,0,0,0.03,0.004,200000
4522,28,-7.9,2,11,1,1,0,0,0.03,0.004,200000
4523,6,-13.479,0,2,3,1,0,0,0.03,0.004,200000
4524,100,7.004,8,34,1,1,0,0,0.03,0.004,200000
4525,323,41.218,31,79,4,1,0,0,0.03,0.004,200000
4526,400,66.321,40,99,3,0,0,1,0.03,0.004,200000
4527,192,18.095,15,62,8,1,0,0,0.03,0.004,200000
4528,400,76.989,44,114,2,0,0,1,0.03,0.004,200000
4529,218,29.568,24,52,4,1,0,0,0.03,0.004,200000
4530,400,49.232,26,59,6,0,0,1,0.03,0.004,200000
4531,32,-7.278,2,10,0,1,0,0,0.03,0.004,200000
4532,400,44.335,23,57,6,0,0,1,0.03,0.004,200000
4533,400,68.347,38,101,7,0,0,1,0.03,0.004,200000
4534,105,5.699,11,37,6,1,0,0,0.03,0.004,200000
4535,293,46.02,32,82,1,1,0,0,0.03,0.004,200000
4536,400,65.065,37,84,5,0,0,1,0.03,0.004,200000
4537,400,36.956,20,47,2,0,0,1,0.03,0.004,200000
4538,144,16.937,16,44,7,1,0,0,0.03,0.004,200000
4539,400,75.132,44,109,6,0,0,1,0.03,0.004,200000
4540,19,-9.115,0,6,5,1,0,0,0.03,0.004,200000
4541,19,-12.381,0,3,9,1,0,0,0.03,0.004,200000
4542,400,53.716,31,73,7,0,0,1,0.03,0.004,200000
4543,52,-5.743,3,11,2,1,0,0,0.03,0.004,200000
4544,400,50.823,30,80,0,0,0,1,0.03,0.004,200000
4545,400,69.778,40,107,6,0,0,1,0.03,0.004,200000
4546,6,-9.442,0,2,0,1,0,0,0.03,0.004,200000
4547,62,1.17,5,23,0,1,0,0,0.03,0.004,200000
4548,15,-14.763,0,2,12,1,0,0,0.03,0.004,200000
4549,5,-13.567,0,2,1,1,0,0,0.03,0.004,200000
4550,63,1.151,6,19,2,1,0,0,0.03,0.004,200000
4551,5,-13.8,0,4,3,1,0,0,0.03,0.004,200000
4552,308,42.838,30,91,3,1,0,0,0.03,0.004,200000
4553,40,-6.524,3,14,2,1,0,0,0.03,0.004,200000
4554,5,-13.064,0,4,2,1,0,0,0.03,0.004,200000
4555,400,-1.712,2,9,7,0,0,1,0.03,0.004,200000
4556,400,54.637,30,77,4,0,0,1,0.03,0.004,200000
4557,30,-7.48,3,13,3,1,0,0,0.03,0.004,200000
4558,5,-13.364,0,4,1,1,0,0,0.03,0.004,200000
4559,140,14.743,17,40,4,1,0,0,0.03,0.004,200000
4560,400,56.624,31,83,5,0,0,1,0.03,0.004,200000
4561,400,2.154,2,11,4,0,0,1,0.03,0.004,200000
4562,400,47.832,23,68,6,0,0,1,0.03,0.004,200000
4563,400,20.854,13,41,5,0,0,1,0.03,0.004,200000
4564,400,44.544,23,51,3,0,0,1,0.03,0.004,200000
4565,400,8.3,6,19,1,0,0,1,0.03,0.004,200000
4566,400,63.57,36,99,12,0,0,1,0.03,0.004,200000
4567,400,30.949,21,44,3,0,0,1,0.03,0.004,200000
4568,400,47.045,26,76,5,0,0,1,0.03,0.004,200000
4569,400,71.223,40,106,4,0,0,1,0.03,0.004,200000
4570,400,31.215,15,60,5,0,0,1,0.03,0.004,200000
4571,168,21.956,17,57,1,1,0,0,0.03,0.004,200000
4572,51,-3.615,4,20,2,1,0,0,0.03,0.004,200000
4573,400,65.143,38,92,7,0,0,1,0.03,0.004,200000
4574,22,-5.71,2,8,0,1,0,0,0.03,0.004,200000
4575,107,10.169,12,32,1,1,0,0,0.03,0.004,200000
4576,400,69.74,42,100,6,0,0,1,0.03,0.004,200000
4577,400,20.017,10,33,8,0,0,1,0.03,0.004,200000
4578,400,2.04,6,14,4,0,0,1,0.03,0.004,200000
4579,400,3.91,5,11,2,0,0,1,0.03,0.004,200000
4580,400,71.635,43,104,15,0,0,1,0.03,0.004,200000
4581,119,11.88,14,41,4,1,0,0,0.03,0.004,200000
4582,400,66.659,38,96,4,0,0,1,0.03,0.004,200000
4583,400,75.746,46,102,0,0,0,1,0.03,0.004,200000
4584,400,-3.923,0,8,7,0,0,1,0.03,0.004,200000
4585,53,-0.225,4,23,1,1,0,0,0.03,0.004,200000
4586,236,28.903,22,82,5,1,0,0,0.03,0.004,200000
4587,400,39.875,24,67,7,0,0,1,0.03,0.004,200000
4588,184,27.186,23,64,2,1,0,0,0.03,0.004,200000
4589,238,32.946,24,74,3,1,0,0,0.03,0.004,200000
4590,47,-3.198,3,15,1,1,0,0,0.03,0.004,200000
4591,400,62.642,35,88,5,0,0,1,0.03,0.004,200000
4592,400,77.704,46,105,5,0,0,1,0.03,0.004,200000
4593,400,38.367,19,50,7,0,0,1,0.03,0.004,200000
4594,400,56.396,34,93,2,0,0,1,0.03,0.004,200000
4595,183,22.763,22,46,2,1,0,0,0.03,0.004,200000
4596,170,24.786,20,55,0,1,0,0,0.03,0.004,200000
4597,210,29.871,21,81,6,1,0,0,0.03,0.004,200000
4598,400,76.694,46,107,6,0,0,1,0.03,0.004,200000
4599,314,52.014,39,98,5,1,0,0,0.03,0.004,200000
4600,400,69.174,41,106,1,0,0,1,0.03,0.004,200000
4601,400,70.306,39,108,3,0,0,1,0.03,0.004,200000
4602,385,54.918,35,111,5,1,0,0,0.03,0.004,200000
4603,5,-13.134,0,3,1,1,0,0,0.03,0.004,200000
4604,105,1.299,8,25,2,1,0,0,0.03,0.004,200000
4605,400,68.516,41,102,5,0,0,1,0.03,0.004,200000
4606,400,64.696,35,98,3,0,0,1,0.03,0.004,200000
4607,90,0.935,5,33,1,1,0,0,0.03,0.004,200000
4608,400,75.124,44,107,5,0,0,1,0.03,0.004,200000
4609,331,45.418,33,92,6,1,0,0,0.03,0.004,200000
4610,400,69.349,40,101,8,0,0,1,0.03,0.004,200000
4611,400,70.609,41,102,4,0,0,1,0.03,0.004,200000
4612,398,55.184,38,93,3,1,0,0,0.03,0.004,200000
4613,192,4.873,9,30,2,1,0,0,0.03,0.004,200000
4614,400,40.797,22,55,2,0,0,1,0.03,0.004,200000
4615,92,7.459,8,39,1,1,0,0,0.03,0.004,200000
4616,45,-2.619,3,17,0,1,0,0,0.03,0.004,200000
4617,138,14.547,13,40,3,1,0,0,0.03,0.004,200000
4618,400,29.597,17,52,5,0,0,1,0.03,0.004,200000
4619,400,61.488,36,96,3,0,0,1,0.03,0.004,200000
4620,400,65.183,41,97,9,0,0,1,0.03,0.004,200000
4621,400,69.629,42,97,10,0,0,1,0.03,0.004,200000
4622,400,50.11,29,78,7,0,0,1,0.03,0.004,200000
4623,400,74.011,41,118,6,0,0,1,0.03,0.004,200000
4624,400,69.482,40,102,3,0,0,1,0.03,0.004,200000
4625,400,29.806,18,50,3,0,0,1,0.03,0.004,200000
4626,107,3.548,8,22,2,1,0,0,0.03,0.004,200000
4627,244,37.514,28,74,2,1,0,0,0.03,0.004,200000
4628,400,76.127,45,104,10,0,0,1,0.03,0.004,200000
4629,400,74.615,42,120,2,0,0,1,0.03,0.004,200000
4630,124,15.153,14,42,1,1,0,0,0.03,0.004,200000
4631,205,23.918,19,63,2,1,0,0,0.03,0.004,200000
4632,6,-9.442,0,2,0,1,0,0,0.03,0.004,200000
4633,400,52.634,29,85,5,0,0,1,0.03,0.004,200000
4634,52,-3.622,3,13,2,1,0,0,0.03,0.004,200000
4635,400,40.798,22,49,7,0,0,1,0.03,0.004,200000
4636,271,42.142,31,88,3,1,0,0,0.03,0.004,200000
4637,5,-13.235,0,2,1,1,0,0,0.03,0.004,200000
4638,400,75.735,46,110,7,0,0,1,0.03,0.004,200000
4639,400,9.757,6,21,4,0,0,1,0.03,0.004,200000
4640,108,9.105,11,41,2,1,0,0,0.03,0.004,200000
4641,298,36.108,26,82,3,1,0,0,0.03,0.004,200000
4642,50,-0.58,5,18,0,1,0,0,0.03,0.004,200000
4643,163,23.088,20,57,1,1,0,0,0.03,0.004,200000
4644,133,14.721,12,57,2,1,0,0,0.03,0.004,200000
4645,51,0.208,6,14,0,1,0,0,0.03,0.004,200000
4646,66,0.208,6,18,0,1,0,0,0.03,0.004,200000
4647,400,54.407,34,82,6,0,0,1,0.03,0.004,200000
4648,400,36.121,23,53,5,0,0,1,0.03,0.004,200000
4649,5,-13.114,0,3,1,1,0,0,0.03,0.004,200000
4650,66,3.345,7,25,1,1,0,0,0.03,0.004,200000
4651,400,59.393,35,91,11,0,0,1,0.03,0.004,200000
4652,264,40.579,30,75,5,1,0,0,0.03,0.004,200000
4653,400,50.925,26,65,7,0,0,1,0.03,0.004,200000
4654,318,51.899,37,83,3,1,0,0,0.03,0.004,200000
4655,208,30.191,25,68,3,1,0,0,0.03,0.004,200000
4656,25,-8.649,2,9,3,1,0,0,0.03,0.004,200000
4657,69,4.4,8,23,1,1,0,0,0.03,0.004,200000
4658,400,65.499,37,92,5,0,0,1,0.03,0.004,200000
4659,38,-7.088,2,12,0,1,0,0,0.03,0.004,200000
4660,25,-9.229,2,8,2,1,0,0,0.03,0.004,200000
4661,400,60.099,35,89,4,0,0,1,0.03,0.004,200000
4662,63,-1.151,7,18,3,1,0,0,0.03,0.004,200000
4663,400,67.329,41,96,1,0,0,1,0.03,0.004,200000
4664,39,-5.485,4,11,2,1,0,0,0.03,0.004,200000
4665,46,-5.047,1,17,0,1,0,0,0.03,0.004,200000
4666,275,33.876,26,68,12,1,0,0,0.03,0.004,200000
4667,400,68.0,41,94,6,0,0,1,0.03,0.004,200000
4668,23,-9.018,1,10,1,1,0,0,0.03,0.004,200000
4669,400,68.365,42,101,4,0,0,1,0.03,0.004,200000
4670,400,72.597,43,112,7,0,0,1,0.03,0.004,200000
4671,400,50.568,31,71,5,0,0,1,0.03,0.004,200000
4672,400,68.09,39,102,7,0,0,1,0.03,0.004,200000
4673,5,-13.235,0,2,1,1,0,0,0.03,0.004,200000
4674,400,3.476,5,13,20,0,0,1,0.03,0.004,200000
4675,400,46.331,26,71,17,0,0,1,0.03,0.004,200000
4676,219,36.45,30,72,3,1,0,0,0.03,0.004,200000
4677,117,13.675,14,39,4,1,0,0,0.03,0.004,200000
4678,400,77.173,46,110,2,0,0,1,0.03,0.004,200000
4679,400,73.335,42,113,4,0,0,1,0.03,0.004,200000
4680,400,55.828,33,73,4,0,0,1,0.03,0.004,200000
4681,400,27.86,18,47,47,0,0,1,0.03,0.004,200000
4682,400,24.243,15,42,8,0,0,1,0.03,0.004,200000
4683,400,69.883,42,102,1,0,0,1,0.03,0.004,200000
4684,148,17.862,15,48,0,1,0,0,0.03,0.004,200000
4685,119,-2.185,4,14,5,1,0,0,0.03,0.004,200000
4686,17,-14.146,0,3,9,1,0,0,0.03,0.004,200000
4687,400,73.104,44,106,5,0,0,1,0.03,0.004,200000
4688,37,-7.065,2,15,2,1,0,0,0.03,0.004,200000
4689,10,-13.476,0,4,5,1,0,0,0.03,0.004,200000
4690,82,3.706,9,30,3,1,0,0,0.03,0.004,200000
4691,5,-13.134,0,3,1,1,0,0,0.03,0.004,200000
4692,177,26.576,22,56,3,1,0,0,0.03,0.004,200000
4693,8,-13.457,0,3,4,1,0,0,0.03,0.004,200000
4694,195,1.645,4,9,2,1,0,0,0.03,0.004,200000
4695,273,36.97,27,71,11,1,0,0,0.03,0.004,200000
4696,400,64.234,37,92,13,0,0,1,0.03,0.004,200000
4697,88,3.851,10,28,3,1,0,0,0.03,0.004,200000
4698,400,48.162,25,76,3,0,0,1,0.03,0.004,200000
4699,400,-1.6,1,7,5,0,0,1,0.03,0.004,200000
4700,189,16.785,18,44,14,1,0,0,0.03,0.004,200000
4701,400,69.234,42,100,9,0,0,1,0.03,0.004,200000
4702,280,45.245,34,89,6,1,0,0,0.03,0.004,200000
4703,400,39.597,26,61,3,0,0,1,0.03,0.004,200000
4704,7,-9.037,0,3,0,1,0,0,0.03,0.004,200000
4705,14,-9.179,0,4,0,1,0,0,0.03,0.004,200000
4706,400,63.087,38,96,5,0,0,1,0.03,0.004,200000
4707,122,13.02,13,41,3,1,0,0,0.03,0.004,200000
4708,75,0.638,7,36,4,1,0,0,0.03,0.004,200000
4709,400,4.734,4,13,1,0,0,1,0.03,0.004,200000
4710,196,-1.062,4,25,2,1,0,0,0.03,0.004,200000
4711,400,67.309,41,92,1,0,0,1,0.03,0.004,200000
4712,400,72.909,41,109,4,0,0,1,0.03,0.004,200000
4713,215,27.912,24,62,3,1,0,0,0.03,0.004,200000
4714,279,36.764,24,82,3,1,0,0,0.03,0.004,200000
4715,400,69.075,37,105,3,0,0,1,0.03,0.004,200000
4716,400,68.184,42,96,5,0,0,1,0.03,0.004,200000
4717,238,29.121,26,68,6,1,0,0,0.03,0.004,200000
4718,400,70.603,41,103,4,0,0,1,0.03,0.004,200000
4719,5,-13.134,0,3,1,1,0,0,0.03,0.004,200000
4720,31,-6.259,1,10,0,1,0,0,0.03,0.004,200000
4721,91,-1.001,4,19,5,1,0,0,0.03,0.004,200000
4722,337,41.047,29,87,4,1,0,0,0.03,0.004,200000
4723,400,62.932,38,92,1,0,0,1,0.03,0.004,200000
4724,101,7.634,9,32,1,1,0,0,0.03,0.004,200000
4725,110,6.073,10,33,2,1,0,0,0.03,0.004,200000
4726,400,24.224,14,46,5,0,0,1,0.03,0.004,200000
4727,37,-5.046,2,12,1,1,0,0,0.03,0.004,200000
4728,400,59.133,35,84,1,0,0,1,0.03,0.004,200000
4729,212,28.775,22,67,3,1,0,0,0.03,0.004,200000
4730,400,39.09,23,78,5,0,0,1,0.03,0.004,200000
4731,400,33.879,19,44,7,0,0,1,0.03,0.004,200000
4732,400,53.391,30,68,8,0,0,1,0.03,0.004,200000
4733,270,11.472,12,46,3,1,0,0,0.03,0.004,200000
4734,400,65.437,39,91,5,0,0,1,0.03,0.004,200000
4735,385,64.591,44,112,5,1,0,0,0.03,0.004,200000
4736,400,50.425,28,74,5,0,0,1,0.03,0.004,200000
4737,78,2.688,6,24,1,1,0,0,0.03,0.004,200000
4738,400,55.005,32,95,6,0,0,1,0.03,0.004,200000
4739,400,72.008,45,99,7,0,0,1,0.03,0.004,200000
4740,240,31.034,22,65,5,1,0,0,0.03,0.004,200000
4741,253,35.248,29,70,6,1,0,0,0.03,0.004,200000
4742,400,56.797,32,78,2,0,0,1,0.03,0.004,200000
4743,400,52.036,30,72,7,0,0,1,0.03,0.004,200000
4744,400,74.758,44,110,3,0,0,1,0.03,0.004,200000
4745,201,35.669,27,70,1,1,0,0,0.03,0.004,200000
4746,400,5.658,5,19,2,0,0,1,0.03,0.004,200000
4747,400,72.599,43,118,2,0,0,1,0.03,0.004,200000
4748,400,41.973,25,67,3,0,0,1,0.03,0.004,200000
4749,180,20.638,18,56,1,1,0,0,0.03,0.004,200000
4750,224,30.612,24,76,5,1,0,0,0.03,0.004,200000
4751,203,8.733,12,32,0,1,0,0,0.03,0.004,200000
4752,400,50.465,24,75,7,0,0,1,0.03,0.004,200000
4753,400,53.77,32,83,4,0,0,1,0.03,0.004,200000
4754,154,12.002,12,42,2,1,0,0,0.03,0.004,200000
4755,206,28.869,23,62,2,1,0,0,0.03,0.004,200000
4756,400,30.438,20,49,3,0,0,1,0.03,0.004,200000
4757,400,51.752,33,75,7,0,0,1,0.03,0.004,200000
4758,400,65.928,40,98,6,0,0,1,0.03,0.004,200000
4759,400,59.747,35,93,7,0,0,1,0.03,0.004,200000
4760,53,-2.117,3,17,0,1,0,0,0.03,0.004,200000
4761,159,24.779,21,54,3,1,0,0,0.03,0.004,200000
4762,400,72.201,43,99,1,0,0,1,0.03,0.004,200000
4763,400,65.735,39,98,1,0,0,1,0.03,0.004,200000
4764,400,49.502,31,59,12,0,0,1,0.03,0.004,200000
4765,6,-9.442,0,2,0,1,0,0,0.03,0.004,200000
4766,400,63.482,39,94,19,0,0,1,0.03,0.004,200000
4767,52,-3.302,2,23,2,1,0,0,0.03,0.004,200000
4768,400,32.06,18,61,11,0,0,1,0.03,0.004,200000
4769,400,45.079,27,71,4,0,0,1,0.03,0.004,200000
4770,400,60.163,35,93,2,0,0,1,0.03,0.004,200000
4771,400,24.704,12,42,13,0,0,1,0.03,0.004,200000
4772,400,46.447,30,73,16,0,0,1,0.03,0.004,200000
4773,400,33.731,26,84,4,1,0,0,0.03,0.004,200000
4774,217,11.693,11,44,4,1,0,0,0.03,0.004,200000
4775,107,12.6,13,41,0,1,0,0,0.03,0.004,200000
4776,400,38.525,24,57,5,0,0,1,0.03,0.004,200000
4777,400,70.057,41,106,2,0,0,1,0.03,0.004,200000
4778,239,-18.58,0,4,107,1,0,0,0.03,0.004,200000
4779,400,23.644,16,37,4,0,0,1,0.03,0.004,200000
4780,400,66.225,40,105,5,0,0,1,0.03,0.004,200000
4781,60,0.033,6,16,1,1,0,0,0.03,0.004,200000
4782,400,69.645,41,97,7,0,0,1,0.03,0.004,200000
4783,400,78.869,48,105,5,0,0,1,0.03,0.004,200000
4784,201,24.701,21,58,4,1,0,0,0.03,0.004,200000
4785,156,16.589,16,50,3,1,0,0,0.03,0.004,200000
4786,400,77.937,47,115,9,0,0,1,0.03,0.004,200000
4787,400,73.207,42,113,3,0,0,1,0.03,0.004,200000
4788,400,72.563,42,115,5,0,0,1,0.03,0.004,200000
4789,245,28.734,23,67,3,1,0,0,0.03,0.004,200000
4790,400,58.498,36,88,18,0,0,1,0.03,0.004,200000
4791,387,44.867,35,85,7,1,0,0,0.03,0.004,200000
4792,400,59.538,34,92,24,0,0,1,0.03,0.004,200000
4793,400,16.332,17,54,133,0,0,1,0.03,0.004,200000
4794,400,75.641,47,114,0,0,0,1,0.03,0.004,200000
4795,400,75.554,44,105,2,0,0,1,0.03,0.004,200000
4796,400,35.722,15,36,4,0,0,1,0.03,0.004,200000
4797,107,12.336,13,35,0,1,0,0,0.03,0.004,200000
4798,400,53.321,32,78,5,0,0,1,0.03,0.004,200000
4799,400,75.983,46,112,8,0,0,1,0.03,0.004,200000
4800,400,46.312,28,65,7,0,0,1,0.03,0.004,200000
4801,163,16.417,15,51,3,1,0,0,0.03,0.004,200000
4802,288,11.974,15,45,6,1,0,0,0.03,0.004,200000
4803,6,-9.492,0,2,0,1,0,0,0.03,0.004,200000
4804,400,23.966,12,40,11,0,0,1,0.03,0.004,200000
4805,400,72.182,40,108,3,0,0,1,0.03,0.004,200000
4806,400,77.541,45,122,5,0,0,1,0.03,0.004,200000
4807,400,65.44,40,95,5,0,0,1,0.03,0.004,200000
4808,350,32.354,28,84,6,1,0,0,0.03,0.004,200000
4809,189,22.962,21,62,4,1,0,0,0.03,0.004,200000
4810,400,50.506,26,65,8,0,0,1,0.03,0.004,200000
4811,114,8.869,12,44,5,1,0,0,0.03,0.004,200000
4812,400,74.17,44,101,5,0,0,1,0.03,0.004,200000
4813,249,40.189,30,81,3,1,0,0,0.03,0.004,200000
4814,400,74.033,43,108,3,0,0,1,0.03,0.004,200000
4815,6,-9.342,0,3,0,1,0,0,0.03,0.004,200000
4816,400,19.199,14,34,18,0,0,1,0.03,0.004,200000
4817,82,-2.693,6,23,8,1,0,0,0.03,0.004,200000
4818,400,42.368,23,66,7,0,0,1,0.03,0.004,200000
4819,400,77.399,46,108,6,0,0,1,0.03,0.004,200000
4820,36,-8.075,2,13,6,1,0,0,0.03,0.004,200000
4821,5,-13.235,0,2,1,1,0,0,0.03,0.004,200000
4822,109,11.688,11,42,1,1,0,0,0.03,0.004,200000
4823,127,13.918,15,45,1,1,0,0,0.03,0.004,200000
4824,400,70.957,42,106,17,0,0,1,0.03,0.004,200000
4825,310,50.519,39,102,8,1,0,0,0.03,0.004,200000
4826,400,71.198,40,111,6,0,0,1,0.03,0.004,200000
4827,53,-3.951,4,19,1,1,0,0,0.03,0.004,200000
4828,400,71.611,44,103,22,0,0,1,0.03,0.004,200000
4829,30,-5.562,1,14,0,1,0,0,0.03,0.004,200000
4830,398,32.374,28,78,60,1,0,0,0.03,0.004,200000
4831,5,-13.184,0,3,1,1,0,0,0.03,0.004,200000
4832,400,61.28,40,90,44,0,0,1,0.03,0.004,200000
4833,400,33.235,23,63,65,0,0,1,0.03,0.004,200000
4834,400,69.893,39,114,17,0,0,1,0.03,0.004,200000
4835,324,-3.14,8,21,49,1,0,0,0.03,0.004,200000
4836,93,3.552,8,33,1,1,0,0,0.03,0.004,200000
4837,400,76.571,46,114,12,0,0,1,0.03,0.004,200000
4838,378,60.642,40,110,2,1,0,0,0.03,0.004,200000
4839,10,-13.706,0,3,6,1,0,0,0.03,0.004,200000
4840,140,14.136,12,63,4,1,0,0,0.03,0.004,200000
4841,400,63.747,38,86,2,0,0,1,0.03,0.004,200000
4842,29,-9.697,1,10,2,1,0,0,0.03,0.004,200000
4843,400,50.324,32,75,5,0,0,1,0.03,0.004,200000
4844,252,-12.777,1,16,5,1,0,0,0.03,0.004,200000
4845,5,-13.084,0,3,1,1,0,0,0.03,0.004,200000
4846,173,23.957,22,58,5,1,0,0,0.03,0.004,200000
4847,400,71.554,42,106,3,0,0,1,0.03,0.004,200000
4848,116,11.447,13,48,3,1,0,0,0.03,0.004,200000
4849,400,45.291,29,73,5,0,0,1,0.03,0.004,200000
4850,400,60.269,38,100,16,0,0,1,0.03,0.004,200000
4851,400,52.559,33,94,21,0,0,1,0.03,0.004,200000
4852,272,11.707,15,51,3,1,0,0,0.03,0.004,200000
4853,244,-6.757,3,16,39,1,0,0,0.03,0.004,200000
4854,400,78.847,45,118,2,0,0,1,0.03,0.004,200000
4855,9,-13.642,0,3,5,1,0,0,0.03,0.004,200000
4856,384,43.964,33,80,23,1,0,0,0.03,0.004,200000
4857,400,39.871,25,64,41,0,0,1,0.03,0.004,200000
4858,400,44.37,29,73,46,0,0,1,0.03,0.004,200000
4859,400,64.416,37,92,15,0,0,1,0.03,0.004,200000
4860,400,69.583,41,93,18,0,0,1,0.03,0.004,200000
4861,192,27.413,20,66,4,1,0,0,0.03,0.004,200000
4862,247,14.129,15,52,8,1,0,0,0.03,0.004,200000
4863,5,-13.134,0,3,1,1,0,0,0.03,0.004,200000
4864,400,54.64,33,90,37,0,0,1,0.03,0.004,200000
4865,400,64.863,40,96,10,0,0,1,0.03,0.004,200000
4866,400,68.46,38,105,0,0,0,1,0.03,0.004,200000
4867,292,8.082,12,50,3,1,0,0,0.03,0.004,200000
4868,400,73.065,43,114,13,0,0,1,0.03,0.004,200000
4869,400,45.802,27,80,6,0,0,1,0.03,0.004,200000
4870,13,-9.015,0,3,1,1,0,0,0.03,0.004,200000
4871,5,-13.285,0,2,1,1,0,0,0.03,0.004,200000
4872,44,-5.13,3,10,8,1,0,0,0.03,0.004,200000
4873,400,66.517,42,102,24,0,0,1,0.03,0.004,200000
4874,400,16.927,12,46,29,0,0,1,0.03,0.004,200000
4875,400,73.865,44,108,16,0,0,1,0.03,0.004,200000
4876,400,76.482,45,118,11,0,0,1,0.03,0.004,200000
4877,400,63.92,39,96,13,0,0,1,0.03,0.004,200000
4878,132,13.676,13,45,2,1,0,0,0.03,0.004,200000
4879,7,-13.263,0,4,3,1,0,0,0.03,0.004,200000
4880,400,47.687,28,84,8,0,0,1,0.03,0.004,200000
4881,138,-6.786,5,16,43,1,0,0,0.03,0.004,200000
4882,123,0.593,9,21,25,1,0,0,0.03,0.004,200000
4883,14,-10.889,0,7,3,1,0,0,0.03,0.004,200000
4884,155,13.956,14,38,1,1,0,0,0.03,0.004,200000
4885,400,18.849,15,46,3,0,0,1,0.03,0.004,200000
4886,400,75.954,46,118,9,0,0,1,0.03,0.004,200000
4887,112,5.876,11,32,4,1,0,0,0.03,0.004,200000
4888,400,58.14,34,84,23,0,0,1,0.03,0.004,200000
4889,167,6.406,12,37,0,1,0,0,0.03,0.004,200000
4890,363,48.536,34,102,26,1,0,0,0.03,0.004,200000
4891,400,51.529,30,76,14,0,0,1,0.03,0.004,200000
4892,400,37.19,23,60,55,0,0,1,0.03,0.004,200000
4893,400,70.624,43,104,14,0,0,1,0.03,0.004,200000
4894,400,71.687,42,106,13,0,0,1,0.03,0.004,200000
4895,68,-0.011,6,27,1,1,0,0,0.03,0.004,200000
4896,394,47.857,35,94,21,1,0,0,0.03,0.004,200000
4897,179,23.895,20,71,2,1,0,0,0.03,0.004,200000
4898,7,-13.263,0,4,3,1,0,0,0.03,0.004,200000
4899,14,-8.667,0,5,0,1,0,0,0.03,0.004,200000
4900,104,6.526,11,31,3,1,0,0,0.03,0.004,200000
4901,343,53.653,39,105,7,1,0,0,0.03,0.004,200000
4902,164,15.32,14,52,2,1,0,0,0.03,0.004,200000
4903,400,31.624,23,59,89,0,0,1,0.03,0.004,200000
4904,101,4.403,9,31,8,1,0,0,0.03,0.004,200000
4905,400,48.121,29,80,5,0,0,1,0.03,0.004,200000
4906,400,56.556,35,81,3,0,0,1,0.03,0.004,200000
4907,400,58.925,33,94,3,0,0,1,0.03,0.004,200000
4908,8,-8.456,0,6,0,1,0,0,0.03,0.004,200000
4909,400,30.165,19,61,2,0,0,1,0.03,0.004,200000
4910,400,62.109,37,95,26,0,0,1,0.03,0.004,200000
4911,89,-0.403,6,26,4,1,0,0,0.03,0.004,200000
4912,400,57.809,34,89,26,0,0,1,0.03,0.004,200000
4913,400,73.117,45,104,17,0,0,1,0.03,0.004,200000
4914,400,14.558,9,25,1,0,0,1,0.03,0.004,200000
4915,400,56.655,34,77,7,0,0,1,0.03,0.004,200000
4916,400,75.222,44,113,4,0,0,1,0.03,0.004,200000
4917,400,8.215,7,22,4,0,0,1,0.03,0.004,200000
4918,55,-0.608,5,16,1,1,0,0,0.03,0.004,200000
4919,400,77.54,46,115,2,0,0,1,0.03,0.004,200000
4920,179,23.453,21,54,3,1,0,0,0.03,0.004,200000
4921,23,-6.941,1,9,1,1,0,0,0.03,0.004,200000
4922,400,72.456,41,102,1,0,0,1,0.03,0.004,200000
4923,400,60.41,35,96,6,0,0,1,0.03,0.004,200000
4924,400,61.785,37,95,4,0,0,1,0.03,0.004,200000
4925,400,73.648,42,108,8,0,0,1,0.03,0.004,200000
4926,400,46.851,25,89,10,0,0,1,0.03,0.004,200000
4927,400,76.175,44,112,8,0,0,1,0.03,0.004,200000
4928,33,-7.939,2,14,2,1,0,0,0.03,0.004,200000
4929,400,77.175,44,111,1,0,0,1,0.03,0.004,200000
4930,348,20.827,19,49,1,1,0,0,0.03,0.004,200000
4931,400,76.392,44,108,0,0,0,1,0.03,0.004,200000
4932,400,67.333,39,107,8,0,0,1,0.03,0.004,200000
4933,400,-5.494,0,0,4,0,0,1,0.03,0.004,200000
4934,278,44.114,32,83,3,1,0,0,0.03,0.004,200000
4935,400,70.242,41,103,5,0,0,1,0.03,0.004,200000
4936,400,31.263,10,33,4,0,0,1,0.03,0.004,200000
4937,5,-13.035,0,3,1,1,0,0,0.03,0.004,200000
4938,400,66.779,38,96,2,0,0,1,0.03,0.004,200000
4939,400,40.622,26,72,6,0,0,1,0.03,0.004,200000
4940,400,77.214,45,108,5,0,0,1,0.03,0.004,200000
4941,135,13.817,15,51,6,1,0,0,0.03,0.004,200000
4942,5,-13.084,0,3,1,1,0,0,0.03,0.004,200000
4943,342,48.996,32,94,6,1,0,0,0.03,0.004,200000
4944,338,19.401,15,58,4,1,0,0,0.03,0.004,200000
4945,400,67.611,40,95,9,0,0,1,0.03,0.004,200000
4946,400,61.922,37,88,2,0,0,1,0.03,0.004,200000
4947,400,75.96,44,112,5,0,0,1,0.03,0.004,200000
4948,400,65.084,37,96,11,0,0,1,0.03,0.004,200000
4949,400,72.517,42,106,3,0,0,1,0.03,0.004,200000
4950,400,67.85,41,98,18,0,0,1,0.03,0.004,200000
4951,400,65.929,36,115,5,0,0,1,0.03,0.004,200000
4952,400,74.859,44,108,2,0,0,1,0.03,0.004,200000
4953,80,-2.937,4,26,3,1,0,0,0.03,0.004,200000
4954,220,34.049,24,75,1,1,0,0,0.03,0.004,200000
4955,400,47.75,25,67,13,0,0,1,0.03,0.004,200000
4956,400,67.336,40,95,10,0,0,1,0.03,0.004,200000
4957,400,53.588,32,71,7,0,0,1,0.03,0.004,200000
4958,5,-13.184,0,3,1,1,0,0,0.03,0.004,200000
4959,400,42.617,24,69,3,0,0,1,0.03,0.004,200000
4960,44,-3.698,4,19,2,1,0,0,0.03,0.004,200000
4961,399,46.631,32,89,7,1,0,0,0.03,0.004,200000
4962,5,-13.235,0,2,1,1,0,0,0.03,0.004,200000
4963,102,6.16,11,30,2,1,0,0,0.03,0.004,200000
4964,400,75.14,43,116,6,0,0,1,0.03,0.004,200000
4965,400,26.942,5,15,3,0,0,1,0.03,0.004,200000
4966,279,34.973,24,87,5,1,0,0,0.03,0.004,200000
4967,400,68.305,41,105,3,0,0,1,0.03,0.004,200000
4968,400,6.331,5,23,11,0,0,1,0.03,0.004,200000
4969,400,59.483,34,80,5,0,0,1,0.03,0.004,200000
4970,400,81.221,49,109,0,0,0,1,0.03,0.004,200000
4971,159,22.777,19,50,1,1,0,0,0.03,0.004,200000
4972,25,-8.52,2,9,0,1,0,0,0.03,0.004,200000
4973,239,13.924,12,36,5,1,0,0,0.03,0.004,200000
4974,400,30.008,11,28,5,0,0,1,0.03,0.004,200000
4975,400,57.003,35,80,3,0,0,1,0.03,0.004,200000
4976,32,-7.466,2,12,2,1,0,0,0.03,0.004,200000
4977,47,-3.299,5,19,2,1,0,0,0.03,0.004,200000
4978,400,59.32,36,87,26,0,0,1,0.03,0.004,200000
4979,400,70.531,42,106,5,0,0,1,0.03,0.004,200000
4980,189,16.566,16,33,3,1,0,0,0.03,0.004,200000
4981,400,63.992,36,91,6,0,0,1,0.03,0.004,200000
4982,400,75.168,44,109,6,0,0,1,0.03,0.004,200000
4983,82,0.676,4,25,0,1,0,0,0.03,0.004,200000
4984,400,11.643,7,31,5,0,0,1,0.03,0.004,200000
4985,400,62.296,35,98,2,0,0,1,0.03,0.004,200000
4986,400,38.022,23,64,5,0,0,1,0.03,0.004,200000
4987,400,37.205,21,65,4,0,0,1,0.03,0.004,200000
4988,400,65.589,40,95,11,0,0,1,0.03,0.004,200000
4989,74,-0.83,6,25,2,1,0,0,0.03,0.004,200000
4990,259,41.088,30,75,0,1,0,0,0.03,0.004,200000
4991,69,-1.177,6,25,4,1,0,0,0.03,0.004,200000
4992,400,72.689,45,108,6,0,0,1,0.03,0.004,200000
4993,400,61.627,35,98,16,0,0,1,0.03,0.004,200000
4994,400,66.142,38,99,2,0,0,1,0.03,0.004,200000
4995,400,71.64,40,111,6,0,0,1,0.03,0.004,200000
4996,400,47.106,29,61,4,0,0,1,0.03,0.004,200000
4997,400,68.14,40,105,4,0,0,1,0.03,0.004,200000
4998,400,63.693,39,95,23,0,0,1,0.03,0.004,200000
4999,400,69.134,38,109,6,0,0,1,0.03,0.004,200000
5000,400,69.079,42,100,19,0,0,1,0.03,0.004,200000
5001,400,26.969,17,59,25,0,0,1,0.03,0.004,200000
5002,127,15.821,16,56,4,1,0,0,0.03,0.004,200000
5003,400,32.607,22,45,60,0,0,1,0.03,0.004,200000
5004,400,73.222,42,108,5,0,0,1,0.03,0.004,200000
5005,55,-3.12,4,21,1,1,0,0,0.03,0.004,200000
5006,400,60.09,39,102,46,0,0,1,0.03,0.004,200000
5007,25,-7.771,0,9,1,1,0,0,0.03,0.004,200000
5008,400,67.235,38,97,8,0,0,1,0.03,0.004,200000
5009,400,73.876,44,103,8,0,0,1,0.03,0.004,200000
5010,224,36.623,27,78,2,1,0,0,0.03,0.004,200000
5011,180,16.28,15,41,5,1,0,0,0.03,0.004,200000
5012,158,15.376,16,45,2,1,0,0,0.03,0.004,200000
5013,400,68.899,41,95,9,0,0,1,0.03,0.004,200000
5014,21,-9.159,1,9,0,1,0,0,0.03,0.004,200000
5015,400,69.496,42,109,4,0,0,1,0.03,0.004,200000
5016,192,25.637,20,52,1,1,0,0,0.03,0.004,200000
5017,114,13.585,15,32,4,1,0,0,0.03,0.004,200000
5018,400,2.548,8,20,83,0,0,1,0.03,0.004,200000
5019,71,0.465,8,19,2,1,0,0,0.03,0.004,200000
5020,400,63.351,36,95,3,0,0,1,0.03,0.004,200000
5021,400,69.854,43,93,13,0,0,1,0.03,0.004,200000
5022,253,36.877,26,76,0,1,0,0,0.03,0.004,200000
5023,331,44.71,34,92,20,1,0,0,0.03,0.004,200000
5024,400,69.23,41,104,8,0,0,1,0.03,0.004,200000
5025,400,70.838,42,105,7,0,0,1,0.03,0.004,200000
5026,400,71.831,42,113,7,0,0,1,0.03,0.004,200000
5027,400,73.974,44,107,5,0,0,1,0.03,0.004,200000
5028,6,-13.299,0,3,2,1,0,0,0.03,0.004,200000
5029,400,60.868,36,97,8,0,0,1,0.03,0.004,200000
5030,14,-8.517,0,6,0,1,0,0,0.03,0.004,200000
5031,400,73.616,43,110,6,0,0,1,0.03,0.004,200000
5032,29,-8.55,1,10,2,1,0,0,0.03,0.004,200000
5033,400,17.757,20,42,108,0,0,1,0.03,0.004,200000
5034,78,1.262,5,23,1,1,0,0,0.03,0.004,200000
5035,18,-5.889,2,9,0,1,0,0,0.03,0.004,200000
5036,400,66.344,38,104,5,0,0,1,0.03,0.004,200000
5037,400,50.88,31,78,1,0,0,1,0.03,0.004,200000
5038,400,66.165,38,98,8,0,0,1,0.03,0.004,200000
5039,118,-5.157,2,14,1,1,0,0,0.03,0.004,200000
5040,256,40.957,30,88,3,1,0,0,0.03,0.004,200000
5041,23,-11.31,0,8,2,1,0,0,0.03,0.004,200000
5042,78,4.505,9,32,0,1,0,0,0.03,0.004,200000
5043,400,55.965,32,87,16,0,0,1,0.03,0.004,200000
5044,400,68.568,42,93,17,0,0,1,0.03,0.004,200000
5045,400,9.408,7,25,5,0,0,1,0.03,0.004,200000
5046,157,12.226,14,48,11,1,0,0,0.03,0.004,200000
5047,400,72.915,42,116,6,0,0,1,0.03,0.004,200000
5048,400,40.459,15,44,7,0,0,1,0.03,0.004,200000
5049,400,45.111,27,84,6,0,0,1,0.03,0.004,200000
5050,400,56.708,34,91,35,0,0,1,0.03,0.004,200000
5051,400,47.222,30,78,33,0,0,1,0.03,0.004,200000
5052,104,6.787,10,28,3,1,0,0,0.03,0.004,200000
5053,201,27.453,21,65,2,1,0,0,0.03,0.004,200000
5054,71,2.888,8,34,4,1,0,0,0.03,0.004,200000
5055,55,1.61,6,19,0,1,0,0,0.03,0.004,200000
5056,400,21.054,15,48,63,0,0,1,0.03,0.004,200000
5057,400,42.305,22,52,3,0,0,1,0.03,0.004,200000
5058,400,75.616,45,111,4,0,0,1,0.03,0.004,200000
5059,62,2.599,6,24,0,1,0,0,0.03,0.004,200000
5060,378,51.0,36,85,7,1,0,0,0.03,0.004,200000
5061,116,13.448,16,40,2,1,0,0,0.03,0.004,200000
5062,36,-7.271,3,14,3,1,0,0,0.03,0.004,200000
5063,90,-0.141,7,22,2,1,0,0,0.03,0.004,200000
5064,231,28.881,24,70,5,1,0,0,0.03,0.004,200000
5065,373,52.179,38,94,12,1,0,0,0.03,0.004,200000
5066,400,72.003,40,115,11,0,0,1,0.03,0.004,200000
5067,400,72.195,43,105,14,0,0,1,0.03,0.004,200000
5068,400,33.741,18,64,6,0,0,1,0.03,0.004,200000
5069,21,-10.193,1,10,2,1,0,0,0.03,0.004,200000
5070,400,44.335,24,78,30,0,0,1,0.03,0.004,200000
5071,400,29.979,19,54,34,0,0,1,0.03,0.004,200000
5072,400,34.873,23,72,1,0,0,1,0.03,0.004,200000
5073,400,52.726,28,69,7,0,0,1,0.03,0.004,200000
5074,317,7.421,11,28,5,1,0,0,0.03,0.004,200000
5075,383,35.529,26,73,4,1,0,0,0.03,0.004,200000
5076,400,65.037,37,91,6,0,0,1,0.03,0.004,200000
5077,96,9.231,12,30,3,1,0,0,0.03,0.004,200000
5078,395,59.542,43,99,14,1,0,0,0.03,0.004,200000
5079,360,23.55,21,56,46,1,0,0,0.03,0.004,200000
5080,400,56.504,35,79,26,0,0,1,0.03,0.004,200000
5081,400,-6.575,2,17,6,0,0,1,0.03,0.004,200000
5082,357,54.982,37,104,5,1,0,0,0.03,0.004,200000
5083,400,32.924,21,48,5,0,0,1,0.03,0.004,200000
5084,400,70.497,44,99,16,0,0,1,0.03,0.004,200000
5085,400,72.499,44,106,20,0,0,1,0.03,0.004,200000
5086,63,1.459,9,22,2,1,0,0,0.03,0.004,200000
5087,400,52.48,32,72,4,0,0,1,0.03,0.004,200000
5088,400,43.342,28,65,18,0,0,1,0.03,0.004,200000
5089,47,-6.117,3,14,3,1,0,0,0.03,0.004,200000
5090,400,69.864,42,104,11,0,0,1,0.03,0.004,200000
5091,400,71.389,43,102,19,0,0,1,0.03,0.004,200000
5092,400,46.579,29,74,34,0,0,1,0.03,0.004,200000
5093,69,5.422,9,28,0,1,0,0,0.03,0.004,200000
5094,400,34.126,20,59,1,0,0,1,0.03,0.004,200000
5095,37,-11.51,1,9,14,1,0,0,0.03,0.004,200000
5096,159,16.164,14,46,1,1,0,0,0.03,0.004,200000
5097,149,16.675,12,63,1,1,0,0,0.03,0.004,200000
5098,47,-5.562,4,14,4,1,0,0,0.03,0.004,200000
5099,400,58.896,37,99,44,0,0,1,0.03,0.004,200000
5100,352,5.144,6,18,31,1,0,0,0.03,0.004,200000
5101,195,-6.892,3,12,32,1,0,0,0.03,0.004,200000
5102,8,-8.584,0,4,0,1,0,0,0.03,0.004,200000
5103,400,10.716,9,20,18,0,0,1,0.03,0.004,200000
5104,17,-7.462,1,6,0,1,0,0,0.03,0.004,200000
5105,276,42.448,33,79,2,1,0,0,0.03,0.004,200000
5106,244,16.484,16,50,18,1,0,0,0.03,0.004,200000
5107,400,60.135,36,106,32,0,0,1,0.03,0.004,200000
5108,261,46.549,34,82,2,1,0,0,0.03,0.004,200000
5109,400,74.614,46,99,2,0,0,1,0.03,0.004,200000
5110,400,69.51,41,103,3,0,0,1,0.03,0.004,200000
5111,21,-10.202,1,9,2,1,0,0,0.03,0.004,200000
5112,102,4.607,9,30,1,1,0,0,0.03,0.004,200000
5113,7,-13.213,0,4,3,1,0,0,0.03,0.004,200000
5114,69,3.424,6,27,2,1,0,0,0.03,0.004,200000
5115,14,-14.083,0,3,9,1,0,0,0.03,0.004,200000
5116,400,23.969,6,31,16,0,0,1,0.03,0.004,200000
5117,168,22.613,21,53,2,1,0,0,0.03,0.004,200000
5118,400,54.327,34,75,9,0,0,1,0.03,0.004,200000
5119,102,8.313,12,43,3,1,0,0,0.03,0.004,200000
5120,400,50.9,30,89,27,0,0,1,0.03,0.004,200000
5121,400,72.838,44,104,4,0,0,1,0.03,0.004,200000
5122,400,44.596,26,79,17,0,0,1,0.03,0.004,200000
5123,39,-4.508,2,15,2,1,0,0,0.03,0.004,200000
5124,194,21.278,17,55,5,1,0,0,0.03,0.004,200000
5125,400,41.491,26,72,30,0,0,1,0.03,0.004,200000
5126,400,58.831,40,77,39,0,0,1,0.03,0.004,200000
5127,400,28.569,20,50,47,0,0,1,0.03,0.004,200000
5128,49,-4.887,4,19,3,1,0,0,0.03,0.004,200000
5129,400,57.735,31,81,9,0,0,1,0.03,0.004,200000
5130,400,70.347,42,105,21,0,0,1,0.03,0.004,200000
5131,400,6.543,6,21,49,0,0,1,0.03,0.004,200000
5132,400,56.482,33,95,33,0,0,1,0.03,0.004,200000
5133,189,22.51,19,68,7,1,0,0,0.03,0.004,200000
5134,400,-0.889,6,17,107,0,0,1,0.03,0.004,200000
5135,400,75.326,42,121,3,0,0,1,0.03,0.004,200000
5136,400,76.401,45,117,4,0,0,1,0.03,0.004,200000
5137,252,36.544,27,80,18,1,0,0,0.03,0.004,200000
5138,400,9.797,11,22,37,0,0,1,0.03,0.004,200000
5139,202,25.197,22,57,3,1,0,0,0.03,0.004,200000
5140,400,71.407,41,102,7,0,0,1,0.03,0.004,200000
5141,325,32.106,30,79,43,1,0,0,0.03,0.004,200000
5142,400,77.791,45,109,2,0,0,1,0.03,0.004,200000
5143,23,-9.81,1,8,2,1,0,0,0.03,0.004,200000
5144,400,57.772,35,87,32,0,0,1,0.03,0.004,200000
5145,64,-3.046,4,29,3,1,0,0,0.03,0.004,200000
5146,249,31.159,24,65,11,1,0,0,0.03,0.004,200000
5147,400,10.567,14,41,130,0,0,1,0.03,0.004,200000
5148,376,54.968,40,100,6,1,0,0,0.03,0.004,200000
5149,396,-13.007,3,13,109,1,0,0,0.03,0.004,200000
5150,273,39.813,30,87,6,1,0,0,0.03,0.004,200000
5151,124,11.778,12,41,3,1,0,0,0.03,0.004,200000
5152,400,54.99,28,84,5,0,0,1,0.03,0.004,200000
5153,252,41.505,31,81,1,1,0,0,0.03,0.004,200000
5154,400,73.919,42,113,2,0,0,1,0.03,0.004,200000
5155,162,15.496,13,61,3,1,0,0,0.03,0.004,200000
5156,106,7.907,10,44,3,1,0,0,0.03,0.004,200000
5157,400,72.757,41,101,3,0,0,1,0.03,0.004,200000
5158,206,33.235,26,80,4,1,0,0,0.03,0.004,200000
5159,400,60.97,36,94,11,0,0,1,0.03,0.004,200000
5160,400,72.688,43,111,18,0,0,1,0.03,0.004,200000
5161,400,21.87,17,41,35,0,0,1,0.03,0.004,200000
5162,15,-14.147,0,3,10,1,0,0,0.03,0.004,200000
5163,400,68.105,41,102,29,0,0,1,0.03,0.004,200000
5164,400,75.287,46,110,10,0,0,1,0.03,0.004,200000
5165,400,72.148,44,109,3,0,0,1,0.03,0.004,200000
5166,400,-0.727,1,11,9,0,0,1,0.03,0.004,200000
5167,266,37.546,28,82,3,1,0,0,0.03,0.004,200000
5168,82,-12.268,2,12,36,1,0,0,0.03,0.004,200000
5169,144,14.46,16,47,3,1,0,0,0.03,0.004,200000
5170,400,54.316,34,80,8,0,0,1,0.03,0.004,200000
5171,400,31.808,21,51,3,0,0,1,0.03,0.004,200000
5172,400,25.866,14,58,63,0,0,1,0.03,0.004,200000
5173,300,51.075,35,98,3,1,0,0,0.03,0.004,200000
5174,231,36.315,25,81,1,1,0,0,0.03,0.004,200000
5175,400,59.331,36,88,24,0,0,1,0.03,0.004,200000
5176,400,73.195,45,100,10,0,0,1,0.03,0.004,200000
5177,253,35.613,29,79,9,1,0,0,0.03,0.004,200000
5178,7,-13.513,0,2,3,1,0,0,0.03,0.004,200000
5179,209,22.165,18,59,12,1,0,0,0.03,0.004,200000
5180,400,73.486,45,107,14,0,0,1,0.03,0.004,200000
5181,400,61.75,35,89,4,0,0,1,0.03,0.004,200000
5182,10,-13.706,0,3,6,1,0,0,0.03,0.004,200000
5183,400,73.259,42,116,5,0,0,1,0.03,0.004,200000
5184,400,75.535,44,112,7,0,0,1,0.03,0.004,200000
5185,400,62.227,37,91,22,0,0,1,0.03,0.004,200000
5186,319,54.216,39,97,9,1,0,0,0.03,0.004,200000
5187,16,-7.327,1,6,0,1,0,0,0.03,0.004,200000
5188,33,-4.246,2,15,1,1,0,0,0.03,0.004,200000
5189,400,14.119,13,24,36,0,0,1,0.03,0.004,200000
5190,10,-13.526,0,4,5,1,0,0,0.03,0.004,200000
5191,135,10.881,10,41,3,1,0,0,0.03,0.004,200000
5192,24,-8.175,0,7,1,1,0,0,0.03,0.004,200000
5193,400,74.209,46,108,18,0,0,1,0.03,0.004,200000
5194,75,2.507,8,21,3,1,0,0,0.03,0.004,200000
5195,127,13.238,13,37,6,1,0,0,0.03,0.004,200000
5196,8,-8.631,0,5,0,1,0,0,0.03,0.004,200000
5197,166,12.084,14,48,15,1,0,0,0.03,0.004,200000
5198,400,62.338,36,100,18,0,0,1,0.03,0.004,200000
5199,400,14.064,17,33,101,0,0,1,0.03,0.004,200000
5200,14,-9.156,0,4,0,1,0,0,0.03,0.004,200000
5201,389,42.307,34,101,44,1,0,0,0.03,0.004,200000
5202,120,10.19,10,46,2,1,0,0,0.03,0.004,200000
5203,160,19.038,15,58,1,1,0,0,0.03,0.004,200000
5204,400,46.149,31,77,74,0,0,1,0.03,0.004,200000
5205,400,12.831,14,40,130,0,0,1,0.03,0.004,200000
5206,400,75.576,44,115,6,0,0,1,0.03,0.004,200000
5207,400,43.444,30,81,67,0,0,1,0.03,0.004,200000
5208,400,64.494,41,95,32,0,0,1,0.03,0.004,200000
5209,198,27.021,24,72,8,1,0,0,0.03,0.004,200000
5210,400,-1.866,8,23,162,0,0,1,0.03,0.004,200000
5211,400,72.483,45,104,18,0,0,1,0.03,0.004,200000
5212,400,59.042,39,87,53,0,0,1,0.03,0.004,200000
5213,400,33.857,24,67,87,0,0,1,0.03,0.004,200000
5214,400,9.804,10,35,108,0,0,1,0.03,0.004,200000
5215,70,5.919,8,33,0,1,0,0,0.03,0.004,200000
5216,400,29.966,16,42,42,0,0,1,0.03,0.004,200000
5217,400,31.159,20,58,84,0,0,1,0.03,0.004,200000
5218,400,70.251,40,110,6,0,0,1,0.03,0.004,200000
5219,400,55.108,35,93,52,0,0,1,0.03,0.004,200000
5220,400,76.093,49,111,28,0,0,1,0.03,0.004,200000
5221,400,72.956,42,113,11,0,0,1,0.03,0.004,200000
5222,114,12.749,12,45,3,1,0,0,0.03,0.004,200000
5223,400,64.349,39,94,20,0,0,1,0.03,0.004,200000
5224,293,38.356,29,89,11,1,0,0,0.03,0.004,200000
5225,21,-10.74,1,5,6,1,0,0,0.03,0.004,200000
5226,13,-8.57,0,5,0,1,0,0,0.03,0.004,200000
5227,400,61.859,39,88,30,0,0,1,0.03,0.004,200000
5228,171,23.246,21,64,6,1,0,0,0.03,0.004,200000
5229,189,17.103,16,42,19,1,0,0,0.03,0.004,200000
5230,262,38.61,27,80,4,1,0,0,0.03,0.004,200000
5231,100,5.162,8,25,4,1,0,0,0.03,0.004,200000
5232,400,70.849,44,98,21,0,0,1,0.03,0.004,200000
5233,400,61.573,37,94,24,0,0,1,0.03,0.004,200000
5234,195,23.408,18,55,2,1,0,0,0.03,0.004,200000
5235,227,9.6,13,49,22,1,0,0,0.03,0.004,200000
5236,324,30.264,27,81,37,1,0,0,0.03,0.004,200000
5237,400,46.129,29,70,62,0,0,1,0.03,0.004,200000
5238,400,70.492,42,106,18,0,0,1,0.03,0.004,200000
5239,400,71.73,42,105,9,0,0,1,0.03,0.004,200000
5240,7,-13.513,0,2,3,1,0,0,0.03,0.004,200000
5241,400,50.076,32,97,70,0,0,1,0.03,0.004,200000
5242,134,19.631,16,64,4,1,0,0,0.03,0.004,200000
5243,225,8.215,14,44,60,1,0,0,0.03,0.004,200000
5244,296,35.209,30,70,40,1,0,0,0.03,0.004,200000
5245,400,69.194,38,99,8,0,0,1,0.03,0.004,200000
5246,400,65.935,41,104,31,0,0,1,0.03,0.004,200000
5247,7,-13.263,0,4,3,1,0,0,0.03,0.004,200000
5248,7,-13.313,0,4,3,1,0,0,0.03,0.004,200000
5249,346,56.003,41,94,11,1,0,0,0.03,0.004,200000
5250,400,66.745,42,97,31,0,0,1,0.03,0.004,200000
5251,400,63.729,39,98,37,0,0,1,0.03,0.004,200000
5252,231,30.379,23,65,7,1,0,0,0.03,0.004,200000
5253,400,66.232,39,100,26,0,0,1,0.03,0.004,200000
5254,279,-0.85,12,38,94,1,0,0,0.03,0.004,200000
5255,138,11.358,13,35,15,1,0,0,0.03,0.004,200000
5256,187,5.6,9,43,25,1,0,0,0.03,0.004,200000
5257,400,61.944,39,92,33,0,0,1,0.03,0.004,200000
5258,12,-13.684,0,4,8,1,0,0,0.03,0.004,200000
5259,210,28.552,23,65,10,1,0,0,0.03,0.004,200000
5260,400,-10.903,4,18,202,0,0,1,0.03,0.004,200000
5261,400,51.623,37,84,74,0,0,1,0.03,0.004,200000
5262,208,29.359,24,51,5,1,0,0,0.03,0.004,200000
5263,27,-5.736,3,14,1,1,0,0,0.03,0.004,200000
5264,334,44.269,36,92,31,1,0,0,0.03,0.004,200000
5265,400,16.001,13,39,102,0,0,1,0.03,0.004,200000
5266,112,2.439,8,40,14,1,0,0,0.03,0.004,200000
5267,400,44.137,25,78,55,0,0,1,0.03,0.004,200000
5268,223,31.176,23,71,9,1,0,0,0.03,0.004,200000
5269,18,-6.036,2,8,0,1,0,0,0.03,0.004,200000
5270,275,41.082,29,80,1,1,0,0,0.03,0.004,200000
5271,400,59.353,36,92,17,0,0,1,0.03,0.004,200000
5272,10,-13.606,0,4,6,1,0,0,0.03,0.004,200000
5273,290,47.369,33,88,4,1,0,0,0.03,0.004,200000
5274,50,-2.61,3,19,1,1,0,0,0.03,0.004,200000
5275,400,41.374,27,64,49,0,0,1,0.03,0.004,200000
5276,15,-8.682,0,5,1,1,0,0,0.03,0.004,200000
5277,73,-3.192,5,21,9,1,0,0,0.03,0.004,200000
5278,282,26.791,22,71,23,1,0,0,0.03,0.004,200000
5279,400,69.648,38,110,10,0,0,1,0.03,0.004,200000
5280,192,20.174,18,67,18,1,0,0,0.03,0.004,200000
5281,400,59.47,37,90,42,0,0,1,0.03,0.004,200000
5282,400,57.749,34,95,39,0,0,1,0.03,0.004,200000
5283,400,64.4,39,103,31,0,0,1,0.03,0.004,200000
5284,400,9.311,10,30,94,0,0,1,0.03,0.004,200000
5285,400,54.085,33,90,47,0,0,1,0.03,0.004,200000
5286,400,60.941,36,93,29,0,0,1,0.03,0.004,200000
5287,400,20.316,13,34,67,0,0,1,0.03,0.004,200000
5288,15,-14.067,0,3,9,1,0,0,0.03,0.004,200000
5289,400,70.258,44,99,19,0,0,1,0.03,0.004,200000
5290,19,-14.493,0,2,12,1,0,0,0.03,0.004,200000
5291,400,65.23,40,108,31,0,0,1,0.03,0.004,200000
5292,400,78.263,46,117,11,0,0,1,0.03,0.004,200000
5293,400,71.631,43,103,20,0,0,1,0.03,0.004,200000
5294,36,-9.159,0,7,11,1,0,0,0.03,0.004,200000
5295,400,61.518,33,110,26,0,0,1,0.03,0.004,200000
5296,38,-3.981,2,15,2,1,0,0,0.03,0.004,200000
5297,400,55.368,33,90,35,0,0,1,0.03,0.004,200000
5298,17,-14.226,0,2,9,1,0,0,0.03,0.004,200000
5299,95,4.208,9,36,3,1,0,0,0.03,0.004,200000
5300,381,47.58,32,91,5,1,0,0,0.03,0.004,200000
5301,400,64.982,39,95,3,0,0,1,0.03,0.004,200000
5302,400,53.285,32,85,2,0,0,1,0.03,0.004,200000
5303,185,23.726,20,72,3,1,0,0,0.03,0.004,200000
5304,400,71.264,43,101,20,0,0,1,0.03,0.004,200000
5305,5,-13.415,0,4,2,1,0,0,0.03,0.004,200000
5306,243,8.185,11,44,33,1,0,0,0.03,0.004,200000
5307,259,45.87,34,80,5,1,0,0,0.03,0.004,200000
5308,400,-3.513,3,16,20,0,0,1,0.03,0.004,200000
5309,400,37.247,25,63,13,0,0,1,0.03,0.004,200000
5310,400,-0.479,4,22,5,0,0,1,0.03,0.004,200000
5311,400,16.568,15,39,4,0,0,1,0.03,0.004,200000
5312,400,54.046,34,81,35,0,0,1,0.03,0.004,200000
5313,10,-13.456,0,4,5,1,0,0,0.03,0.004,200000
5314,236,34.242,27,69,6,1,0,0,0.03,0.004,200000
5315,114,-1.786,5,25,8,1,0,0,0.03,0.004,200000
5316,191,17.742,16,50,5,1,0,0,0.03,0.004,200000
5317,40,-6.868,1,14,8,1,0,0,0.03,0.004,200000
5318,297,40.669,30,82,23,1,0,0,0.03,0.004,200000
5319,400,60.09,41,92,50,0,0,1,0.03,0.004,200000
5320,21,-7.515,0,10,0,1,0,0,0.03,0.004,200000
5321,400,52.471,33,87,38,0,0,1,0.03,0.004,200000
5322,71,-2.314,4,17,13,1,0,0,0.03,0.004,200000
5323,231,16.469,20,49,41,1,0,0,0.03,0.004,200000
5324,159,19.586,17,51,0,1,0,0,0.03,0.004,200000
5325,7,-13.113,0,4,2,1,0,0,0.03,0.004,200000
5326,94,-7.936,4,16,29,1,0,0,0.03,0.004,200000
5327,400,50.093,31,82,48,0,0,1,0.03,0.004,200000
5328,260,39.965,30,83,6,1,0,0,0.03,0.004,200000
5329,87,2.099,7,30,4,1,0,0,0.03,0.004,200000
5330,400,70.678,43,106,14,0,0,1,0.03,0.004,200000
5331,53,-3.795,5,19,5,1,0,0,0.03,0.004,200000
5332,400,72.016,43,102,15,0,0,1,0.03,0.004,200000
5333,7,-14.223,0,3,5,1,0,0,0.03,0.004,200000
5334,400,71.171,42,112,5,0,0,1,0.03,0.004,200000
5335,400,62.04,39,88,30,0,0,1,0.03,0.004,200000
5336,7,-14.353,0,3,6,1,0,0,0.03,0.004,200000
5337,400,47.141,29,77,6,0,0,1,0.03,0.004,200000
5338,32,-7.834,0,8,4,1,0,0,0.03,0.004,200000
5339,7,-13.773,0,4,5,1,0,0,0.03,0.004,200000
5340,307,26.45,24,54,35,1,0,0,0.03,0.004,200000
5341,178,17.302,16,58,6,1,0,0,0.03,0.004,200000
5342,196,30.966,22,76,2,1,0,0,0.03,0.004,200000
5343,400,72.18,43,112,12,0,0,1,0.03,0.004,200000
5344,27,-7.187,1,8,2,1,0,0,0.03,0.004,200000
5345,7,-13.843,0,2,4,1,0,0,0.03,0.004,200000
5346,400,55.401,32,92,20,0,0,1,0.03,0.004,200000
5347,163,22.511,18,54,4,1,0,0,0.03,0.004,200000
5348,177,17.284,15,62,3,1,0,0,0.03,0.004,200000
5349,51,0.257,6,16,1,1,0,0,0.03,0.004,200000
5350,400,42.829,26,61,5,0,0,1,0.03,0.004,200000
5351,10,-13.882,0,3,5,1,0,0,0.03,0.004,200000
5352,400,60.865,35,83,6,0,0,1,0.03,0.004,200000
5353,198,23.991,20,62,4,1,0,0,0.03,0.004,200000
5354,400,62.347,37,86,19,0,0,1,0.03,0.004,200000
5355,279,37.942,27,82,9,1,0,0,0.03,0.004,200000
5356,400,66.275,37,103,11,0,0,1,0.03,0.004,200000
5357,400,68.968,41,103,14,0,0,1,0.03,0.004,200000
5358,9,-13.691,0,2,5,1,0,0,0.03,0.004,200000
5359,243,36.334,25,82,3,1,0,0,0.03,0.004,200000
5360,131,11.753,16,41,3,1,0,0,0.03,0.004,200000
5361,156,18.252,15,57,1,1,0,0,0.03,0.004,200000
5362,17,-14.685,0,3,12,1,0,0,0.03,0.004,200000
5363,400,18.368,13,34,27,0,0,1,0.03,0.004,200000
5364,400,77.908,47,111,8,0,0,1,0.03,0.004,200000
5365,50,-3.42,5,20,4,1,0,0,0.03,0.004,200000
5366,332,35.723,28,66,9,1,0,0,0.03,0.004,200000
5367,244,38.376,30,83,3,1,0,0,0.03,0.004,200000
5368,400,45.884,28,77,40,0,0,1,0.03,0.004,200000
5369,400,73.849,44,107,8,0,0,1,0.03,0.004,200000
5370,269,27.445,22,58,22,1,0,0,0.03,0.004,200000
5371,270,38.932,28,83,6,1,0,0,0.03,0.004,200000
5372,400,62.93,36,99,6,0,0,1,0.03,0.004,200000
5373,271,39.715,29,76,1,1,0,0,0.03,0.004,200000
5374,400,51.606,34,76,23,0,0,1,0.03,0.004,200000
5375,400,37.371,22,60,34,0,0,1,0.03,0.004,200000
5376,372,55.3,39,100,7,1,0,0,0.03,0.004,200000
5377,400,69.376,41,97,3,0,0,1,0.03,0.004,200000
5378,400,64.529,39,96,7,0,0,1,0.03,0.004,200000
5379,178,12.509,13,42,15,1,0,0,0.03,0.004,200000
5380,400,61.057,37,93,25,0,0,1,0.03,0.004,200000
5381,9,-13.691,0,2,5,1,0,0,0.03,0.004,200000
5382,90,4.46,10,29,6,1,0,0,0.03,0.004,200000
5383,51,-2.002,3,20,0,1,0,0,0.03,0.004,200000
5384,400,68.459,41,98,10,0,0,1,0.03,0.004,200000
5385,400,71.066,41,105,8,0,0,1,0.03,0.004,200000
5386,400,52.102,31,74,4,0,0,1,0.03,0.004,200000
5387,400,38.283,19,47,7,0,0,1,0.03,0.004,200000
5388,250,25.491,22,52,9,1,0,0,0.03,0.004,200000
5389,191,22.093,21,49,3,1,0,0,0.03,0.004,200000
5390,102,8.761,10,34,3,1,0,0,0.03,0.004,200000
5391,400,72.456,43,102,7,0,0,1,0.03,0.004,200000
5392,400,69.963,40,109,6,0,0,1,0.03,0.004,200000
5393,121,7.721,9,47,3,1,0,0,0.03,0.004,200000
5394,400,72.255,44,100,10,0,0,1,0.03,0.004,200000
5395,400,74.428,45,106,3,0,0,1,0.03,0.004,200000
5396,84,4.352,7,29,1,1,0,0,0.03,0.004,200000
5397,400,75.506,45,116,2,0,0,1,0.03,0.004,200000
5398,400,75.573,47,115,11,0,0,1,0.03,0.004,200000
5399,109,8.106,11,47,5,1,0,0,0.03,0.004,200000
5400,153,-18.424,0,3,4,1,0,0,0.03,0.004,200000
5401,400,10.704,9,22,15,0,0,1,0.03,0.004,200000
5402,400,68.766,41,106,4,0,0,1,0.03,0.004,200000
5403,7,-13.513,0,2,3,1,0,0,0.03,0.004,200000
5404,394,12.481,12,43,6,1,0,0,0.03,0.004,200000
5405,400,22.583,14,41,9,0,0,1,0.03,0.004,200000
5406,400,38.486,20,70,5,0,0,1,0.03,0.004,200000
5407,7,-13.72,0,2,3,1,0,0,0.03,0.004,200000
5408,400,13.934,9,35,7,0,0,1,0.03,0.004,200000
5409,400,66.252,39,107,4,0,0,1,0.03,0.004,200000
5410,400,69.493,43,107,18,0,0,1,0.03,0.004,200000
5411,43,-2.827,3,16,0,1,0,0,0.03,0.004,200000
5412,270,36.385,26,71,3,1,0,0,0.03,0.004,200000
5413,400,69.689,39,108,5,0,0,1,0.03,0.004,200000
5414,400,61.181,33,93,2,0,0,1,0.03,0.004,200000
5415,400,44.128,25,62,2,0,0,1,0.03,0.004,200000
5416,400,24.981,18,43,12,0,0,1,0.03,0.004,200000
5417,371,54.194,40,92,16,1,0,0,0.03,0.004,200000
5418,379,51.794,39,89,10,1,0,0,0.03,0.004,200000
5419,53,-0.384,4,25,2,1,0,0,0.03,0.004,200000
5420,400,76.746,46,103,9,0,0,1,0.03,0.004,200000
5421,400,77.401,47,102,3,0,0,1,0.03,0.004,200000
5422,385,58.774,42,98,11,1,0,0,0.03,0.004,200000
5423,400,57.943,36,81,12,0,0,1,0.03,0.004,200000
5424,400,16.12,10,30,0,0,0,1,0.03,0.004,200000
5425,400,68.961,41,104,17,0,0,1,0.03,0.004,200000
5426,400,61.574,33,99,6,0,0,1,0.03,0.004,200000
5427,192,22.138,17,55,3,1,0,0,0.03,0.004,200000
5428,400,63.825,38,93,12,0,0,1,0.03,0.004,200000
5429,400,33.411,16,34,19,0,0,1,0.03,0.004,200000
5430,400,47.597,28,69,2,0,0,1,0.03,0.004,200000
5431,337,51.112,35,88,2,1,0,0,0.03,0.004,200000
5432,369,59.38,41,111,14,1,0,0,0.03,0.004,200000
5433,400,30.613,17,53,5,0,0,1,0.03,0.004,200000
5434,400,51.447,32,75,8,0,0,1,0.03,0.004,200000
5435,32,-14.769,0,2,10,1,0,0,0.03,0.004,200000
5436,395,39.695,31,73,6,1,0,0,0.03,0.004,200000
5437,400,57.823,32,87,2,0,0,1,0.03,0.004,200000
5438,400,11.544,0,8,24,0,0,1,0.03,0.004,200000
5439,400,22.476,16,39,17,0,0,1,0.03,0.004,200000
5440,400,73.674,42,114,4,0,0,1,0.03,0.004,200000
5441,59,2.831,7,22,2,1,0,0,0.03,0.004,200000
5442,59,0.621,8,18,1,1,0,0,0.03,0.004,200000
5443,400,73.373,44,99,4,0,0,1,0.03,0.004,200000
5444,55,-3.893,5,20,4,1,0,0,0.03,0.004,200000
5445,5,-13.825,0,4,3,1,0,0,0.03,0.004,200000
5446,400,74.246,44,101,6,0,0,1,0.03,0.004,200000
5447,400,41.78,20,56,5,0,0,1,0.03,0.004,200000
5448,7,-9.137,0,2,0,1,0,0,0.03,0.004,200000
5449,400,54.07,32,80,11,0,0,1,0.03,0.004,200000
5450,128,13.217,15,49,3,1,0,0,0.03,0.004,200000
5451,5,-14.075,0,3,4,1,0,0,0.03,0.004,200000
5452,18,-15.287,0,3,14,1,0,0,0.03,0.004,200000
5453,400,8.159,6,17,6,0,0,1,0.03,0.004,200000
5454,5,-14.124,0,4,3,1,0,0,0.03,0.004,200000
5455,400,35.392,24,48,3,0,0,1,0.03,0.004,200000
5456,295,44.83,32,82,3,1,0,0,0.03,0.004,200000
5457,64,3.142,8,17,1,1,0,0,0.03,0.004,200000
5458,400,68.266,40,102,3,0,0,1,0.03,0.004,200000
5459,8,-14.063,0,4,5,1,0,0,0.03,0.004,200000
5460,400,32.527,20,40,8,0,0,1,0.03,0.004,200000
5461,400,76.359,47,104,5,0,0,1,0.03,0.004,200000
5462,400,75.184,44,109,10,0,0,1,0.03,0.004,200000
5463,400,70.941,40,105,3,0,0,1,0.03,0.004,200000
5464,344,49.665,35,95,2,1,0,0,0.03,0.004,200000
5465,255,27.381,22,61,3,1,0,0,0.03,0.004,200000
5466,400,67.685,42,107,11,0,0,1,0.03,0.004,200000
5467,377,43.491,27,77,5,1,0,0,0.03,0.004,200000
5468,54,-0.548,7,15,1,1,0,0,0.03,0.004,200000
5469,5,-13.924,0,3,3,1,0,0,0.03,0.004,200000
5470,362,5.68,9,45,3,1,0,0,0.03,0.004,200000
5471,106,-15.298,0,1,4,1,0,0,0.03,0.004,200000
5472,400,7.811,4,15,2,0,0,1,0.03,0.004,200000
5473,116,9.874,11,30,0,1,0,0,0.03,0.004,200000
5474,88,0.277,4,34,1,1,0,0,0.03,0.004,200000
5475,310,52.251,38,103,5,1,0,0,0.03,0.004,200000
5476,400,70.976,42,107,6,0,0,1,0.03,0.004,200000
5477,400,17.847,12,26,1,0,0,1,0.03,0.004,200000
5478,13,-14.409,0,2,8,1,0,0,0.03,0.004,200000
5479,400,8.685,6,20,7,0,0,1,0.03,0.004,200000
5480,400,69.828,41,94,10,0,0,1,0.03,0.004,200000
5481,400,35.63,22,61,3,0,0,1,0.03,0.004,200000
5482,380,60.094,40,109,1,1,0,0,0.03,0.004,200000
5483,35,-5.662,3,14,0,1,0,0,0.03,0.004,200000
5484,400,71.558,40,106,4,0,0,1,0.03,0.004,200000
5485,400,64.185,37,92,2,0,0,1,0.03,0.004,200000
5486,400,61.29,39,87,5,0,0,1,0.03,0.004,200000
5487,400,66.469,38,91,5,0,0,1,0.03,0.004,200000
5488,363,60.399,43,108,5,1,0,0,0.03,0.004,200000
5489,400,72.31,42,114,4,0,0,1,0.03,0.004,200000
5490,191,12.834,15,33,5,1,0,0,0.03,0.004,200000
5491,400,31.637,20,53,8,0,0,1,0.03,0.004,200000
5492,124,-6.944,4,8,4,1,0,0,0.03,0.004,200000
5493,400,72.611,42,109,7,0,0,1,0.03,0.004,200000
5494,400,72.617,42,115,5,0,0,1,0.03,0.004,200000
5495,127,10.116,11,45,4,1,0,0,0.03,0.004,200000
5496,400,62.592,36,104,4,0,0,1,0.03,0.004,200000
5497,400,75.21,45,102,8,0,0,1,0.03,0.004,200000
5498,400,67.065,39,94,1,0,0,1,0.03,0.004,200000
5499,7,-8.69,0,5,0,1,0,0,0.03,0.004,200000
5500,400,12.317,6,23,2,0,0,1,0.03,0.004,200000
5501,69,4.444,10,27,3,1,0,0,0.03,0.004,200000
5502,347,45.617,34,75,4,1,0,0,0.03,0.004,200000
5503,400,50.825,29,71,0,0,0,1,0.03,0.004,200000
5504,400,3.19,5,10,4,0,0,1,0.03,0.004,200000
5505,400,59.019,35,88,1,0,0,1,0.03,0.004,200000
5506,196,26.053,20,69,0,1,0,0,0.03,0.004,200000
5507,400,68.846,40,94,2,0,0,1,0.03,0.004,200000
5508,400,-0.841,2,8,6,0,0,1,0.03,0.004,200000
5509,267,34.606,25,65,2,1,0,0,0.03,0.004,200000
5510,391,23.955,23,53,7,1,0,0,0.03,0.004,200000
5511,199,18.352,15,40,1,1,0,0,0.03,0.004,200000
5512,400,53.317,31,75,1,0,0,1,0.03,0.004,200000
5513,400,51.996,33,79,4,0,0,1,0.03,0.004,200000
5514,400,47.222,32,75,6,0,0,1,0.03,0.004,200000
5515,5,-13.165,0,4,2,1,0,0,0.03,0.004,200000
5516,400,20.292,12,30,6,0,0,1,0.03,0.004,200000
5517,400,16.107,14,32,23,0,0,1,0.03,0.004,200000
5518,273,30.64,22,68,2,1,0,0,0.03,0.004,200000
5519,5,-13.721,0,1,2,1,0,0,0.03,0.004,200000
5520,112,14.18,15,50,3,1,0,0,0.03,0.004,200000
5521,166,7.774,10,43,15,1,0,0,0.03,0.004,200000
5522,112,-1.972,5,16,3,1,0,0,0.03,0.004,200000
5523,400,74.569,43,112,5,0,0,1,0.03,0.004,200000
5524,148,20.788,16,59,0,1,0,0,0.03,0.004,200000
5525,400,76.104,44,114,4,0,0,1,0.03,0.004,200000
5526,400,51.227,34,81,67,0,0,1,0.03,0.004,200000
5527,400,49.351,26,72,3,0,0,1,0.03,0.004,200000
5528,400,76.919,46,105,7,0,0,1,0.03,0.004,200000
5529,95,2.557,4,35,1,1,0,0,0.03,0.004,200000
5530,400,75.003,47,98,6,0,0,1,0.03,0.004,200000
5531,400,63.915,37,89,4,0,0,1,0.03,0.004,200000
5532,204,24.583,19,61,2,1,0,0,0.03,0.004,200000
5533,397,58.707,38,112,4,1,0,0,0.03,0.004,200000
5534,400,23.772,15,40,11,0,0,1,0.03,0.004,200000
5535,400,72.902,43,118,3,0,0,1,0.03,0.004,200000
5536,400,69.438,41,107,6,0,0,1,0.03,0.004,200000
5537,180,23.182,21,53,2,1,0,0,0.03,0.004,200000
5538,44,-8.115,0,19,3,1,0,0,0.03,0.004,200000
5539,179,30.093,25,56,3,1,0,0,0.03,0.004,200000
5540,400,69.504,39,101,7,0,0,1,0.03,0.004,200000
5541,189,23.821,21,62,5,1,0,0,0.03,0.004,200000
5542,400,70.651,42,104,8,0,0,1,0.03,0.004,200000
5543,47,-0.868,5,16,1,1,0,0,0.03,0.004,200000
5544,400,77.104,45,107,3,0,0,1,0.03,0.004,200000
5545,75,0.376,5,22,2,1,0,0,0.03,0.004,200000
5546,400,64.595,40,91,9,0,0,1,0.03,0.004,200000
5547,400,72.258,43,105,4,0,0,1,0.03,0.004,200000
5548,400,76.857,47,104,3,0,0,1,0.03,0.004,200000
5549,400,54.884,32,88,1,0,0,1,0.03,0.004,200000
5550,46,-0.481,5,16,0,1,0,0,0.03,0.004,200000
5551,400,41.521,16,47,4,0,0,1,0.03,0.004,200000
5552,400,68.261,40,97,6,0,0,1,0.03,0.004,200000
5553,251,38.78,28,69,2,1,0,0,0.03,0.004,200000
5554,400,80.112,47,112,3,0,0,1,0.03,0.004,200000
5555,400,52.444,32,71,5,0,0,1,0.03,0.004,200000
5556,136,14.659,15,47,2,1,0,0,0.03,0.004,200000
5557,400,76.239,45,111,1,0,0,1,0.03,0.004,200000
5558,400,51.672,26,62,5,0,0,1,0.03,0.004,200000
5559,400,41.602,25,65,5,0,0,1,0.03,0.004,200000
5560,26,-9.037,2,10,3,1,0,0,0.03,0.004,200000
5561,400,74.641,43,111,2,0,0,1,0.03,0.004,200000
5562,377,55.702,39,92,6,1,0,0,0.03,0.004,200000
5563,400,79.076,48,106,3,0,0,1,0.03,0.004,200000
5564,51,-3.822,5,13,3,1,0,0,0.03,0.004,200000
5565,230,30.007,21,74,5,1,0,0,0.03,0.004,200000
5566,400,67.355,38,99,5,0,0,1,0.03,0.004,200000
5567,400,52.734,30,79,3,0,0,1,0.03,0.004,200000
5568,58,-2.478,2,22,0,1,0,0,0.03,0.004,200000
5569,74,2.579,8,27,1,1,0,0,0.03,0.004,200000
5570,400,58.906,33,100,18,0,0,1,0.03,0.004,200000
5571,400,70.989,42,108,5,0,0,1,0.03,0.004,200000
5572,127,11.49,14,43,4,1,0,0,0.03,0.004,200000
5573,245,40.571,31,67,4,1,0,0,0.03,0.004,200000
5574,34,-7.14,2,14,0,1,0,0,0.03,0.004,200000
5575,196,1.866,3,11,1,1,0,0,0.03,0.004,200000
5576,400,62.265,35,97,4,0,0,1,0.03,0.004,200000
5577,400,83.904,49,125,5,0,0,1,0.03,0.004,200000
5578,15,-8.241,0,6,1,1,0,0,0.03,0.004,200000
5579,400,63.001,35,98,5,0,0,1,0.03,0.004,200000
5580,400,76.084,44,108,4,0,0,1,0.03,0.004,200000
5581,54,3.98,8,22,1,1,0,0,0.03,0.004,200000
5582,400,59.933,34,82,16,0,0,1,0.03,0.004,200000
5583,119,7.868,9,35,7,1,0,0,0.03,0.004,200000
5584,400,77.831,44,111,5,0,0,1,0.03,0.004,200000
5585,96,3.061,8,25,2,1,0,0,0.03,0.004,200000
5586,400,63.296,38,95,7,0,0,1,0.03,0.004,200000
5587,350,60.476,42,101,3,1,0,0,0.03,0.004,200000
5588,303,40.118,29,87,7,1,0,0,0.03,0.004,200000
5589,400,66.444,39,104,8,0,0,1,0.03,0.004,200000
5590,49,-5.924,2,20,1,1,0,0,0.03,0.004,200000
5591,124,13.246,14,33,4,1,0,0,0.03,0.004,200000
5592,400,74.085,42,112,3,0,0,1,0.03,0.004,200000
5593,400,61.11,35,87,12,0,0,1,0.03,0.004,200000
5594,65,-0.765,5,31,0,1,0,0,0.03,0.004,200000
5595,43,-6.941,2,15,3,1,0,0,0.03,0.004,200000
5596,200,10.128,13,38,1,1,0,0,0.03,0.004,200000
5597,400,62.838,38,91,16,0,0,1,0.03,0.004,200000
5598,223,28.039,24,65,6,1,0,0,0.03,0.004,200000
5599,203,24.305,19,53,3,1,0,0,0.03,0.004,200000
5600,13,-8.57,0,5,0,1,0,0,0.03,0.004,200000
5601,400,69.249,41,102,5,0,0,1,0.03,0.004,200000
5602,400,64.601,36,112,8,0,0,1,0.03,0.004,200000
5603,6,-9.365,0,3,0,1,0,0,0.03,0.004,200000
5604,400,47.401,30,68,5,0,0,1,0.03,0.004,200000
5605,46,-4.659,3,18,1,1,0,0,0.03,0.004,200000
5606,132,15.343,13,44,0,1,0,0,0.03,0.004,200000
5607,7,-8.987,0,3,0,1,0,0,0.03,0.004,200000
5608,31,-8.774,2,8,1,1,0,0,0.03,0.004,200000
5609,400,73.788,42,109,3,0,0,1,0.03,0.004,200000
5610,400,65.862,38,99,19,0,0,1,0.03,0.004,200000
5611,400,75.236,43,109,4,0,0,1,0.03,0.004,200000
5612,94,8.248,10,31,1,1,0,0,0.03,0.004,200000
5613,306,41.627,29,89,5,1,0,0,0.03,0.004,200000
5614,400,61.769,39,91,16,0,0,1,0.03,0.004,200000
5615,400,76.051,45,114,10,0,0,1,0.03,0.004,200000
5616,154,16.069,15,62,4,1,0,0,0.03,0.004,200000
5617,400,66.105,40,97,3,0,0,1,0.03,0.004,200000
5618,400,60.345,38,93,10,0,0,1,0.03,0.004,200000
5619,400,71.777,42,106,7,0,0,1,0.03,0.004,200000
5620,400,68.42,42,99,1,0,0,1,0.03,0.004,200000
5621,400,33.906,21,59,5,0,0,1,0.03,0.004,200000
5622,150,-3.902,2,6,1,1,0,0,0.03,0.004,200000
5623,82,-1.822,4,30,1,1,0,0,0.03,0.004,200000
5624,389,46.193,34,87,3,1,0,0,0.03,0.004,200000
5625,400,57.234,36,84,3,0,0,1,0.03,0.004,200000
5626,400,66.332,40,96,4,0,0,1,0.03,0.004,200000
5627,400,31.641,16,66,3,0,0,1,0.03,0.004,200000
5628,400,68.259,42,105,4,0,0,1,0.03,0.004,200000
5629,400,65.299,38,100,8,0,0,1,0.03,0.004,200000
5630,400,33.439,22,69,62,0,0,1,0.03,0.004,200000
5631,400,67.619,39,103,6,0,0,1,0.03,0.004,200000
5632,400,67.224,39,105,5,0,0,1,0.03,0.004,200000
5633,72,-10.726,0,4,0,1,0,0,0.03,0.004,200000
5634,262,40.855,32,86,4,1,0,0,0.03,0.004,200000
5635,72,-1.816,4,30,3,1,0,0,0.03,0.004,200000
5636,391,59.822,41,101,6,1,0,0,0.03,0.004,200000
5637,400,66.044,40,96,11,0,0,1,0.03,0.004,200000
5638,36,-7.478,2,11,1,1,0,0,0.03,0.004,200000
5639,400,70.853,40,99,3,0,0,1,0.03,0.004,200000
5640,29,-5.592,1,13,0,1,0,0,0.03,0.004,200000
5641,379,20.296,16,64,7,1,0,0,0.03,0.004,200000
5642,393,57.248,42,98,9,1,0,0,0.03,0.004,200000
5643,37,-7.109,3,13,3,1,0,0,0.03,0.004,200000
5644,400,40.85,23,62,6,0,0,1,0.03,0.004,200000
5645,400,64.28,35,94,3,0,0,1,0.03,0.004,200000
5646,220,30.367,24,70,8,1,0,0,0.03,0.004,200000
5647,201,22.492,18,65,5,1,0,0,0.03,0.004,200000
5648,400,70.047,42,110,2,0,0,1,0.03,0.004,200000
5649,89,3.613,8,32,4,1,0,0,0.03,0.004,200000
5650,5,-14.024,0,3,4,1,0,0,0.03,0.004,200000
5651,400,62.501,35,102,2,0,0,1,0.03,0.004,200000
5652,400,63.409,37,98,10,0,0,1,0.03,0.004,200000
5653,400,74.545,45,101,5,0,0,1,0.03,0.004,200000
5654,14,-8.655,0,5,0,1,0,0,0.03,0.004,200000
5655,400,63.547,36,102,8,0,0,1,0.03,0.004,200000
5656,400,56.577,31,92,4,0,0,1,0.03,0.004,200000
5657,199,22.017,18,60,3,1,0,0,0.03,0.004,200000
5658,400,25.248,17,39,17,0,0,1,0.03,0.004,200000
5659,253,-4.413,0,8,6,1,0,0,0.03,0.004,200000
5660,135,15.793,17,42,2,1,0,0,0.03,0.004,200000
5661,400,72.188,41,108,5,0,0,1,0.03,0.004,200000
5662,357,57.875,43,101,1,1,0,0,0.03,0.004,200000
5663,400,78.194,46,108,2,0,0,1,0.03,0.004,200000
5664,400,67.553,40,99,7,0,0,1,0.03,0.004,200000
5665,60,-5.149,3,24,3,1,0,0,0.03,0.004,200000
5666,298,3.099,7,32,6,1,0,0,0.03,0.004,200000
5667,83,2.199,8,25,0,1,0,0,0.03,0.004,200000
5668,64,0.919,6,19,1,1,0,0,0.03,0.004,200000
5669,91,7.124,8,34,1,1,0,0,0.03,0.004,200000
5670,400,42.566,25,70,4,0,0,1,0.03,0.004,200000
5671,5,-13.974,0,1,4,1,0,0,0.03,0.004,200000
5672,86,7.411,9,35,2,1,0,0,0.03,0.004,200000
5673,400,32.841,21,54,21,0,0,1,0.03,0.004,200000
5674,400,68.537,39,95,5,0,0,1,0.03,0.004,200000
5675,395,60.044,42,109,2,1,0,0,0.03,0.004,200000
5676,400,73.304,43,100,9,0,0,1,0.03,0.004,200000
5677,76,-1.187,6,28,4,1,0,0,0.03,0.004,200000
5678,70,1.156,5,24,2,1,0,0,0.03,0.004,200000
5679,380,49.491,35,88,15,1,0,0,0.03,0.004,200000
5680,21,-6.322,1,10,0,1,0,0,0.03,0.004,200000
5681,400,71.922,42,98,4,0,0,1,0.03,0.004,200000
5682,400,68.25,40,90,4,0,0,1,0.03,0.004,200000
5683,352,54.606,40,97,5,1,0,0,0.03,0.004,200000
5684,288,41.369,32,83,5,1,0,0,0.03,0.004,200000
5685,400,55.004,34,76,5,0,0,1,0.03,0.004,200000
5686,400,76.192,45,109,5,0,0,1,0.03,0.004,200000
5687,64,-3.624,4,22,2,1,0,0,0.03,0.004,200000
5688,94,6.788,11,31,1,1,0,0,0.03,0.004,200000
5689,400,48.63,27,79,2,0,0,1,0.03,0.004,200000
5690,400,29.27,20,47,8,0,0,1,0.03,0.004,200000
5691,400,39.193,25,63,3,0,0,1,0.03,0.004,200000
5692,400,66.785,39,96,18,0,0,1,0.03,0.004,200000
5693,400,69.854,42,101,12,0,0,1,0.03,0.004,200000
5694,288,46.162,36,89,6,1,0,0,0.03,0.004,200000
5695,400,53.545,35,85,52,0,0,1,0.03,0.004,200000
5696,42,-5.107,3,15,0,1,0,0,0.03,0.004,200000
5697,400,25.478,18,47,63,0,0,1,0.03,0.004,200000
5698,136,18.814,20,50,4,1,0,0,0.03,0.004,200000
5699,400,74.172,44,103,6,0,0,1,0.03,0.004,200000
5700,400,65.83,38,95,4,0,0,1,0.03,0.004,200000
5701,336,41.329,33,80,2,1,0,0,0.03,0.004,200000
5702,400,44.718,25,72,19,0,0,1,0.03,0.004,200000
5703,321,56.11,41,110,3,1,0,0,0.03,0.004,200000
5704,70,-1.712,5,13,0,1,0,0,0.03,0.004,200000
5705,400,42.038,25,68,4,0,0,1,0.03,0.004,200000
5706,337,40.904,30,83,8,1,0,0,0.03,0.004,200000
5707,14,-8.429,0,6,0,1,0,0,0.03,0.004,200000
5708,7,-8.986,0,3,0,1,0,0,0.03,0.004,200000
5709,400,40.132,23,60,3,0,0,1,0.03,0.004,200000
5710,208,20.521,19,51,2,1,0,0,0.03,0.004,200000
5711,400,68.879,42,95,4,0,0,1,0.03,0.004,200000
5712,400,68.415,39,102,5,0,0,1,0.03,0.004,200000
5713,400,75.156,44,112,6,0,0,1,0.03,0.004,200000
5714,400,68.442,41,98,4,0,0,1,0.03,0.004,200000
5715,286,36.614,26,84,4,1,0,0,0.03,0.004,200000
5716,400,66.056,38,94,3,0,0,1,0.03,0.004,200000
5717,400,41.738,22,58,10,0,0,1,0.03,0.004,200000
5718,364,50.78,37,84,19,1,0,0,0.03,0.004,200000
5719,141,13.019,10,47,1,1,0,0,0.03,0.004,200000
5720,127,-3.54,3,16,24,1,0,0,0.03,0.004,200000
5721,400,71.035,42,102,9,0,0,1,0.03,0.004,200000
5722,400,74.345,43,100,7,0,0,1,0.03,0.004,200000
5723,301,44.142,30,91,3,1,0,0,0.03,0.004,200000
5724,400,28.952,17,50,15,0,0,1,0.03,0.004,200000
5725,400,71.204,43,109,11,0,0,1,0.03,0.004,200000
5726,148,20.456,17,48,1,1,0,0,0.03,0.004,200000
5727,253,49.785,37,85,1,1,0,0,0.03,0.004,200000
5728,400,72.725,42,105,3,0,0,1,0.03,0.004,200000
5729,228,33.65,24,80,3,1,0,0,0.03,0.004,200000
5730,138,13.97,11,51,1,1,0,0,0.03,0.004,200000
5731,400,70.572,43,100,18,0,0,1,0.03,0.004,200000
5732,400,61.356,36,98,11,0,0,1,0.03,0.004,200000
5733,7,-13.653,0,3,3,1,0,0,0.03,0.004,200000
5734,400,71.16,40,114,1,0,0,1,0.03,0.004,200000
5735,108,5.616,8,32,4,1,0,0,0.03,0.004,200000
5736,271,41.123,29,81,7,1,0,0,0.03,0.004,200000
5737,188,29.007,23,62,3,1,0,0,0.03,0.004,200000
5738,400,74.407,43,107,1,0,0,1,0.03,0.004,200000
5739,118,4.714,9,25,9,1,0,0,0.03,0.004,200000
5740,79,-8.347,1,11,15,1,0,0,0.03,0.004,200000
5741,108,8.697,12,40,5,1,0,0,0.03,0.004,200000
5742,93,3.867,9,27,1,1,0,0,0.03,0.004,200000
5743,50,-5.733,3,19,4,1,0,0,0.03,0.004,200000
5744,400,70.692,39,103,5,0,0,1,0.03,0.004,200000
5745,132,16.239,15,42,2,1,0,0,0.03,0.004,200000
5746,56,-2.717,5,23,3,1,0,0,0.03,0.004,200000
5747,205,28.659,22,61,1,1,0,0,0.03,0.004,200000
5748,400,40.514,25,69,14,0,0,1,0.03,0.004,200000
5749,400,27.297,19,61,27,0,0,1,0.03,0.004,200000
5750,333,45.264,33,84,15,1,0,0,0.03,0.004,200000
5751,400,65.78,39,100,9,0,0,1,0.03,0.004,200000
5752,400,53.82,33,82,3,0,0,1,0.03,0.004,200000
5753,303,39.625,28,77,5,1,0,0,0.03,0.004,200000
5754,400,35.361,24,53,45,0,0,1,0.03,0.004,200000
5755,400,74.083,44,119,11,0,0,1,0.03,0.004,200000
5756,28,-7.699,2,11,2,1,0,0,0.03,0.004,200000
5757,37,-8.057,2,17,3,1,0,0,0.03,0.004,200000
5758,400,73.019,42,109,4,0,0,1,0.03,0.004,200000
5759,400,76.971,45,112,3,0,0,1,0.03,0.004,200000
5760,400,53.556,32,88,11,0,0,1,0.03,0.004,200000
5761,400,73.454,42,119,1,0,0,1,0.03,0.004,200000
5762,283,38.981,29,92,6,1,0,0,0.03,0.004,200000
5763,54,-7.587,2,16,4,1,0,0,0.03,0.004,200000
5764,277,45.701,32,84,2,1,0,0,0.03,0.004,200000
5765,103,5.5,9,34,1,1,0,0,0.03,0.004,200000
5766,400,24.21,16,35,72,0,0,1,0.03,0.004,200000
5767,103,10.629,11,39,2,1,0,0,0.03,0.004,200000
5768,181,17.287,14,49,0,1,0,0,0.03,0.004,200000
5769,400,46.693,29,71,3,0,0,1,0.03,0.004,200000
5770,400,47.018,27,75,25,0,0,1,0.03,0.004,200000
5771,124,15.12,13,44,0,1,0,0,0.03,0.004,200000
5772,400,56.141,34,81,26,0,0,1,0.03,0.004,200000
5773,400,39.594,26,67,1,0,0,1,0.03,0.004,200000
5774,400,6.912,4,21,47,0,0,1,0.03,0.004,200000
5775,5,-13.17,0,2,1,1,0,0,0.03,0.004,200000
5776,5,-12.941,0,4,1,1,0,0,0.03,0.004,200000
5777,400,69.55,41,109,7,0,0,1,0.03,0.004,200000
5778,400,66.725,38,112,21,0,0,1,0.03,0.004,200000
5779,214,22.506,17,60,12,1,0,0,0.03,0.004,200000
5780,70,-1.034,5,26,2,1,0,0,0.03,0.004,200000
5781,400,69.278,42,99,7,0,0,1,0.03,0.004,200000
5782,400,61.095,39,79,2,0,0,1,0.03,0.004,200000
5783,167,20.048,16,54,0,1,0,0,0.03,0.004,200000
5784,5,-13.345,0,2,3,1,0,0,0.03,0.004,200000
5785,121,9.127,12,33,4,1,0,0,0.03,0.004,200000
5786,400,76.738,47,106,5,0,0,1,0.03,0.004,200000
5787,400,47.684,30,94,5,0,0,1,0.03,0.004,200000
5788,392,38.016,28,73,19,1,0,0,0.03,0.004,200000
5789,5,-13.07,0,3,1,1,0,0,0.03,0.004,200000
5790,182,21.531,19,52,2,1,0,0,0.03,0.004,200000
5791,182,-4.966,4,22,1,1,0,0,0.03,0.004,200000
5792,43,-1.475,4,11,0,1,0,0,0.03,0.004,200000
5793,400,12.975,6,26,6,0,0,1,0.03,0.004,200000
5794,400,65.675,39,99,19,0,0,1,0.03,0.004,200000
5795,400,60.978,35,97,1,0,0,1,0.03,0.004,200000
5796,124,13.653,12,43,1,1,0,0,0.03,0.004,200000
5797,57,4.99,9,20,0,1,0,0,0.03,0.004,200000
5798,268,45.048,33,88,5,1,0,0,0.03,0.004,200000
5799,400,74.484,46,111,11,0,0,1,0.03,0.004,200000
5800,125,15.238,13,44,0,1,0,0,0.03,0.004,200000
5801,351,56.075,38,98,2,1,0,0,0.03,0.004,200000
5802,400,64.309,38,95,7,0,0,1,0.03,0.004,200000
5803,400,74.286,42,110,2,0,0,1,0.03,0.004,200000
5804,400,68.126,41,95,3,0,0,1,0.03,0.004,200000
5805,400,69.818,41,99,3,0,0,1,0.03,0.004,200000
5806,400,52.41,27,90,4,0,0,1,0.03,0.004,200000
5807,153,16.241,17,52,4,1,0,0,0.03,0.004,200000
5808,400,57.525,34,67,4,0,0,1,0.03,0.004,200000
5809,31,-7.992,2,10,2,1,0,0,0.03,0.004,200000
5810,302,48.229,33,92,5,1,0,0,0.03,0.004,200000
5811,145,13.157,14,44,2,1,0,0,0.03,0.004,200000
5812,112,7.292,10,38,2,1,0,0,0.03,0.004,200000
5813,360,58.333,41,99,2,1,0,0,0.03,0.004,200000
5814,400,42.288,26,60,32,0,0,1,0.03,0.004,200000
5815,400,65.595,40,96,5,0,0,1,0.03,0.004,200000
5816,54,-13.859,0,3,1,1,0,0,0.03,0.004,200000
5817,297,8.541,5,15,3,1,0,0,0.03,0.004,200000
5818,400,21.087,15,36,3,0,0,1,0.03,0.004,200000
5819,400,59.44,34,84,25,0,0,1,0.03,0.004,200000
5820,68,1.244,8,21,1,1,0,0,0.03,0.004,200000
5821,400,69.791,40,114,8,0,0,1,0.03,0.004,200000
5822,400,51.681,31,75,4,0,0,1,0.03,0.004,200000
5823,400,72.076,41,100,0,0,0,1,0.03,0.004,200000
5824,400,70.393,41,100,6,0,0,1,0.03,0.004,200000
5825,400,39.867,24,62,6,0,0,1,0.03,0.004,200000
5826,400,43.067,23,88,7,0,0,1,0.03,0.004,200000
5827,400,74.735,44,105,5,0,0,1,0.03,0.004,200000
5828,400,74.181,46,104,8,0,0,1,0.03,0.004,200000
5829,103,8.819,10,34,3,1,0,0,0.03,0.004,200000
5830,400,70.101,41,93,3,0,0,1,0.03,0.004,200000
5831,313,-6.542,8,23,6,1,0,0,0.03,0.004,200000
5832,6,-9.415,0,3,0,1,0,0,0.03,0.004,200000
5833,119,9.352,12,38,3,1,0,0,0.03,0.004,200000
5834,400,74.945,43,106,2,0,0,1,0.03,0.004,200000
5835,377,50.188,33,101,9,1,0,0,0.03,0.004,200000
5836,400,73.829,45,114,4,0,0,1,0.03,0.004,200000
5837,115,10.817,14,32,3,1,0,0,0.03,0.004,200000
5838,400,68.355,43,97,17,0,0,1,0.03,0.004,200000
5839,146,9.709,9,52,13,1,0,0,0.03,0.004,200000
5840,400,12.043,8,33,10,0,0,1,0.03,0.004,200000
5841,166,19.107,15,52,3,1,0,0,0.03,0.004,200000
5842,400,49.107,30,76,2,0,0,1,0.03,0.004,200000
5843,400,55.16,31,88,12,0,0,1,0.03,0.004,200000
5844,400,11.104,8,22,8,0,0,1,0.03,0.004,200000
5845,5,-13.114,0,3,1,1,0,0,0.03,0.004,200000
5846,152,17.877,15,53,1,1,0,0,0.03,0.004,200000
5847,400,46.362,30,73,15,0,0,1,0.03,0.004,200000
5848,400,66.512,40,100,4,0,0,1,0.03,0.004,200000
5849,179,27.774,21,67,1,1,0,0,0.03,0.004,200000
5850,400,46.159,31,78,8,0,0,1,0.03,0.004,200000
5851,13,-8.53,0,5,0,1,0,0,0.03,0.004,200000
5852,44,-1.419,4,16,2,1,0,0,0.03,0.004,200000
5853,400,37.039,20,54,6,0,0,1,0.03,0.004,200000
5854,400,50.857,31,79,8,0,0,1,0.03,0.004,200000
5855,5,-13.214,0,2,1,1,0,0,0.03,0.004,200000
5856,400,28.535,11,29,27,0,0,1,0.03,0.004,200000
5857,183,17.286,15,62,5,1,0,0,0.03,0.004,200000
5858,400,52.055,30,84,24,0,0,1,0.03,0.004,200000
5859,217,24.067,21,61,6,1,0,0,0.03,0.004,200000
5860,400,75.089,46,101,6,0,0,1,0.03,0.004,200000
5861,5,-13.114,0,3,1,1,0,0,0.03,0.004,200000
5862,7,-9.45,0,3,0,1,0,0,0.03,0.004,200000
5863,400,32.674,17,50,19,0,0,1,0.03,0.004,200000
5864,400,42.79,24,61,24,0,0,1,0.03,0.004,200000
5865,75,5.617,8,29,0,1,0,0,0.03,0.004,200000
5866,400,62.949,34,84,2,0,0,1,0.03,0.004,200000
5867,400,68.315,41,110,11,0,0,1,0.03,0.004,200000
5868,400,32.839,19,43,39,0,0,1,0.03,0.004,200000
5869,382,4.642,10,39,1,1,0,0,0.03,0.004,200000
5870,400,71.493,42,108,13,0,0,1,0.03,0.004,200000
5871,13,-9.052,0,5,1,1,0,0,0.03,0.004,200000
5872,80,4.248,7,27,1,1,0,0,0.03,0.004,200000
5873,400,54.008,30,85,2,0,0,1,0.03,0.004,200000
5874,400,65.676,39,93,15,0,0,1,0.03,0.004,200000
5875,35,-8.686,1,12,3,1,0,0,0.03,0.004,200000
5876,37,-4.821,2,11,1,1,0,0,0.03,0.004,200000
5877,400,33.928,22,63,38,0,0,1,0.03,0.004,200000
5878,6,-9.492,0,2,0,1,0,0,0.03,0.004,200000
5879,67,3.189,9,23,1,1,0,0,0.03,0.004,200000
5880,25,-9.034,2,11,3,1,0,0,0.03,0.004,200000
5881,90,10.169,12,32,1,1,0,0,0.03,0.004,200000
5882,400,32.998,21,51,30,0,0,1,0.03,0.004,200000
5883,214,30.629,25,64,3,1,0,0,0.03,0.004,200000
5884,391,30.244,24,82,5,1,0,0,0.03,0.004,200000
5885,400,76.951,46,103,6,0,0,1,0.03,0.004,200000
5886,400,72.709,43,105,4,0,0,1,0.03,0.004,200000
5887,400,75.071,45,110,10,0,0,1,0.03,0.004,200000
5888,400,72.811,42,108,2,0,0,1,0.03,0.004,200000
5889,400,29.54,17,51,2,0,0,1,0.03,0.004,200000
5890,400,64.72,39,97,6,0,0,1,0.03,0.004,200000
5891,14,-8.655,0,5,0,1,0,0,0.03,0.004,200000
5892,400,58.05,35,90,10,0,0,1,0.03,0.004,200000
5893,400,77.245,47,110,1,0,0,1,0.03,0.004,200000
5894,400,76.2,46,121,13,0,0,1,0.03,0.004,200000
5895,119,-4.368,3,15,10,1,0,0,0.03,0.004,200000
5896,400,5.119,2,5,6,0,0,1,0.03,0.004,200000
5897,400,29.455,19,43,2,0,0,1,0.03,0.004,200000
5898,179,22.119,21,67,4,1,0,0,0.03,0.004,200000
5899,6,-9.442,0,2,0,1,0,0,0.03,0.004,200000
5900,120,10.235,11,32,5,1,0,0,0.03,0.004,200000
5901,400,56.516,35,79,27,0,0,1,0.03,0.004,200000
5902,400,52.577,29,73,6,0,0,1,0.03,0.004,200000
5903,6,-9.365,0,3,0,1,0,0,0.03,0.004,200000
5904,400,62.363,39,98,38,0,0,1,0.03,0.004,200000
5905,221,31.929,23,73,4,1,0,0,0.03,0.004,200000
5906,400,27.323,11,40,34,0,0,1,0.03,0.004,200000
5907,374,57.024,41,95,1,1,0,0,0.03,0.004,200000
5908,222,8.895,13,47,4,1,0,0,0.03,0.004,200000
5909,205,29.749,21,66,0,1,0,0,0.03,0.004,200000
5910,400,55.768,34,91,3,0,0,1,0.03,0.004,200000
5911,320,52.337,38,89,3,1,0,0,0.03,0.004,200000
5912,14,-8.574,0,7,1,1,0,0,0.03,0.004,200000
5913,400,53.702,31,89,22,0,0,1,0.03,0.004,200000
5914,400,66.65,42,88,16,0,0,1,0.03,0.004,200000
5915,400,42.642,27,65,39,0,0,1,0.03,0.004,200000
5916,400,73.351,42,110,10,0,0,1,0.03,0.004,200000
5917,352,-20.996,2,9,114,1,0,0,0.03,0.004,200000
5918,400,77.036,46,111,6,0,0,1,0.03,0.004,200000
5919,400,71.928,42,102,10,0,0,1,0.03,0.004,200000
5920,400,68.251,40,101,6,0,0,1,0.03,0.004,200000
5921,400,12.54,10,29,5,0,0,1,0.03,0.004,200000
5922,142,8.071,11,36,4,1,0,0,0.03,0.004,200000
5923,400,69.331,38,107,4,0,0,1,0.03,0.004,200000
5924,116,7.465,11,34,0,1,0,0,0.03,0.004,200000
5925,75,1.907,4,34,2,1,0,0,0.03,0.004,200000
5926,364,1.011,9,35,12,1,0,0,0.03,0.004,200000
5927,162,10.653,12,47,5,1,0,0,0.03,0.004,200000
5928,7,-9.036,0,3,0,1,0,0,0.03,0.004,200000
5929,400,63.717,36,96,7,0,0,1,0.03,0.004,200000
5930,400,65.304,37,104,8,0,0,1,0.03,0.004,200000
5931,400,60.699,34,87,2,0,0,1,0.03,0.004,200000
5932,192,26.509,20,66,3,1,0,0,0.03,0.004,200000
5933,176,17.52,18,47,5,1,0,0,0.03,0.004,200000
5934,235,22.756,20,63,2,1,0,0,0.03,0.004,200000
5935,400,64.254,37,98,13,0,0,1,0.03,0.004,200000
5936,319,34.416,26,71,2,1,0,0,0.03,0.004,200000
5937,400,60.015,35,89,20,0,0,1,0.03,0.004,200000
5938,85,4.457,10,35,4,1,0,0,0.03,0.004,200000
5939,6,-13.149,0,3,1,1,0,0,0.03,0.004,200000
5940,170,24.514,19,60,0,1,0,0,0.03,0.004,200000
5941,400,51.408,31,78,45,0,0,1,0.03,0.004,200000
5942,25,-5.058,2,12,0,1,0,0,0.03,0.004,200000
5943,400,54.117,30,80,16,0,0,1,0.03,0.004,200000
5944,400,75.275,45,106,6,0,0,1,0.03,0.004,200000
5945,314,51.763,35,102,3,1,0,0,0.03,0.004,200000
5946,16,-8.488,0,7,2,1,0,0,0.03,0.004,200000
5947,105,8.581,12,40,4,1,0,0,0.03,0.004,200000
5948,103,10.768,12,35,4,1,0,0,0.03,0.004,200000
5949,214,25.325,23,61,7,1,0,0,0.03,0.004,200000
5950,320,16.315,18,56,6,1,0,0,0.03,0.004,200000
5951,35,-7.582,2,12,2,1,0,0,0.03,0.004,200000
5952,400,60.167,36,97,27,0,0,1,0.03,0.004,200000
5953,400,37.612,24,57,20,0,0,1,0.03,0.004,200000
5954,400,72.471,42,112,3,0,0,1,0.03,0.004,200000
5955,400,69.714,41,103,6,0,0,1,0.03,0.004,200000
5956,161,23.142,21,55,2,1,0,0,0.03,0.004,200000
5957,161,16.893,13,51,6,1,0,0,0.03,0.004,200000
5958,9,-13.243,0,2,1,1,0,0,0.03,0.004,200000
5959,400,55.137,34,84,28,0,0,1,0.03,0.004,200000
5960,268,39.456,30,71,4,1,0,0,0.03,0.004,200000
5961,400,43.208,30,73,42,0,0,1,0.03,0.004,200000
5962,400,62.906,37,94,16,0,0,1,0.03,0.004,200000
5963,400,61.783,38,95,35,0,0,1,0.03,0.004,200000
5964,18,-7.195,1,6,0,1,0,0,0.03,0.004,200000
5965,287,44.916,34,80,5,1,0,0,0.03,0.004,200000
5966,31,-6.867,3,10,0,1,0,0,0.03,0.004,200000
5967,141,10.747,10,42,2,1,0,0,0.03,0.004,200000
5968,75,1.238,8,23,5,1,0,0,0.03,0.004,200000
5969,400,68.693,39,112,3,0,0,1,0.03,0.004,200000
5970,400,60.499,40,89,42,0,0,1,0.03,0.004,200000
5971,400,31.741,22,55,72,0,0,1,0.03,0.004,200000
5972,400,34.014,25,64,84,0,0,1,0.03,0.004,200000
5973,400,51.727,34,90,71,0,0,1,0.03,0.004,200000
5974,5,-12.94,0,4,1,1,0,0,0.03,0.004,200000
5975,400,73.437,42,114,3,0,0,1,0.03,0.004,200000
5976,400,64.561,42,98,26,0,0,1,0.03,0.004,200000
5977,7,-13.243,0,3,2,1,0,0,0.03,0.004,200000
5978,400,44.841,30,75,55,0,0,1,0.03,0.004,200000
5979,400,72.923,42,105,4,0,0,1,0.03,0.004,200000
5980,400,53.757,33,96,5,0,0,1,0.03,0.004,200000
5981,71,-3.404,4,23,4,1,0,0,0.03,0.004,200000
5982,400,54.609,36,75,57,0,0,1,0.03,0.004,200000
5983,118,7.653,12,33,11,1,0,0,0.03,0.004,200000
5984,400,80.493,48,115,5,0,0,1,0.03,0.004,200000
5985,14,-8.579,0,5,0,1,0,0,0.03,0.004,200000
5986,400,49.226,33,79,53,0,0,1,0.03,0.004,200000
5987,58,-5.926,3,11,12,1,0,0,0.03,0.004,200000
5988,400,51.332,31,77,27,0,0,1,0.03,0.004,200000
5989,314,43.69,31,88,4,1,0,0,0.03,0.004,200000
5990,400,45.305,29,72,14,0,0,1,0.03,0.004,200000
5991,400,7.489,10,22,106,0,0,1,0.03,0.004,200000
5992,73,-2.037,5,24,4,1,0,0,0.03,0.004,200000
5993,400,67.29,41,99,20,0,0,1,0.03,0.004,200000
5994,400,53.653,34,92,63,0,0,1,0.03,0.004,200000
5995,21,-9.775,1,7,2,1,0,0,0.03,0.004,200000
5996,400,68.616,40,105,22,0,0,1,0.03,0.004,200000
5997,400,7.966,10,29,72,0,0,1,0.03,0.004,200000
5998,400,48.677,33,80,52,0,0,1,0.03,0.004,200000
5999,366,48.35,36,94,34,1,0,0,0.03,0.004,200000
6000,31,-7.197,3,14,4,1,0,0,0.03,0.004,200000
