episode,steps,total_reward,coins,crates,invalid,killed_self,killed_opponents,survived,epsilon,alpha,buffer
1,7,-13.252,0,2,3,1,0,0,1.0,0.02,7
2,11,-14.225,0,4,6,1,0,0,1.0,0.02,18
3,20,-14.616,0,3,8,1,0,0,0.999,0.02,38
4,30,-13.385,0,4,10,1,0,0,0.999,0.02,68
5,11,-15.004,0,3,8,1,0,0,0.998,0.02,79
6,5,-13.265,0,4,2,1,0,0,0.998,0.02,84
7,23,-16.508,0,4,13,1,0,0,0.997,0.02,107
8,20,-15.602,0,3,12,1,0,0,0.997,0.0199,127
9,14,-14.694,0,3,6,1,0,0,0.996,0.0199,141
10,11,-13.567,0,3,7,1,0,0,0.996,0.0199,152
11,14,-16.408,0,3,9,1,0,0,0.995,0.0199,166
12,17,-17.019,0,3,9,1,0,0,0.995,0.0199,183
13,19,-14.164,0,3,9,1,0,0,0.994,0.0199,202
14,16,-15.516,0,1,10,1,0,0,0.994,0.0199,218
15,13,-13.894,0,6,4,1,0,0,0.993,0.0199,231
16,6,-14.503,0,2,2,1,0,0,0.993,0.0199,237
17,7,-15.134,0,4,4,1,0,0,0.992,0.0199,244
18,10,-15.314,0,2,3,1,0,0,0.992,0.0199,254
19,14,-15.071,0,3,8,1,0,0,0.991,0.0199,268
20,7,-15.065,0,3,3,1,0,0,0.991,0.0198,275
21,6,-12.853,0,3,2,1,0,0,0.991,0.0198,281
22,5,-14.009,0,3,2,1,0,0,0.99,0.0198,286
23,10,-13.927,0,4,3,1,0,0,0.99,0.0198,296
24,8,-12.44,0,3,4,1,0,0,0.989,0.0198,304
25,5,-15.496,0,3,3,1,0,0,0.989,0.0198,309
26,5,-15.54,0,3,3,1,0,0,0.988,0.0198,314
27,7,-15.127,0,3,4,1,0,0,0.988,0.0198,321
28,24,-14.854,0,5,16,1,0,0,0.987,0.0198,345
29,9,-13.543,0,3,7,1,0,0,0.987,0.0198,354
30,8,-13.435,0,3,2,1,0,0,0.986,0.0198,362
31,17,-11.324,0,2,9,1,0,0,0.986,0.0198,379
32,10,-14.652,0,3,3,1,0,0,0.985,0.0198,389
33,16,-13.81,0,5,7,1,0,0,0.985,0.0197,405
34,5,-13.35,0,4,3,1,0,0,0.984,0.0197,410
35,11,-14.512,0,3,8,1,0,0,0.984,0.0197,421
36,12,-14.859,0,2,5,1,0,0,0.983,0.0197,433
37,10,-12.914,0,2,6,1,0,0,0.983,0.0197,443
38,11,-13.974,0,3,4,1,0,0,0.982,0.0197,454
39,8,-15.349,0,3,5,1,0,0,0.982,0.0197,462
40,7,-12.9,0,3,1,1,0,0,0.981,0.0197,469
41,18,-16.007,0,2,13,1,0,0,0.981,0.0197,487
42,8,-13.282,0,1,5,1,0,0,0.981,0.0197,495
43,7,-13.555,0,4,3,1,0,0,0.98,0.0197,502
44,10,-14.753,0,2,4,1,0,0,0.98,0.0197,512
45,8,-13.266,0,3,4,1,0,0,0.979,0.0196,520
46,8,-15.76,0,3,5,1,0,0,0.979,0.0196,528
47,9,-14.807,0,3,6,1,0,0,0.978,0.0196,537
48,23,-14.331,0,5,13,1,0,0,0.978,0.0196,560
49,14,-15.362,0,3,10,1,0,0,0.977,0.0196,574
50,8,-14.244,0,1,3,1,0,0,0.977,0.0196,582
51,7,-13.62,0,2,3,1,0,0,0.976,0.0196,589
52,6,-12.968,0,3,4,1,0,0,0.976,0.0196,595
53,6,-12.702,0,2,4,1,0,0,0.975,0.0196,601
54,5,-15.361,0,1,4,1,0,0,0.975,0.0196,606
55,12,-14.233,0,3,4,1,0,0,0.974,0.0196,618
56,10,-14.232,0,3,5,1,0,0,0.974,0.0196,628
57,11,-14.893,0,3,6,1,0,0,0.973,0.0196,639
58,19,-15.699,0,3,12,1,0,0,0.973,0.0195,658
59,7,-14.695,0,2,4,1,0,0,0.972,0.0195,665
60,6,-15.054,0,3,3,1,0,0,0.972,0.0195,671
61,13,-16.322,0,2,8,1,0,0,0.972,0.0195,684
62,12,-14.604,0,5,5,1,0,0,0.971,0.0195,696
63,7,-14.423,0,3,3,1,0,0,0.971,0.0195,703
64,7,-15.674,0,2,3,1,0,0,0.97,0.0195,710
65,16,-14.505,0,5,8,1,0,0,0.97,0.0195,726
66,15,-15.905,0,3,10,1,0,0,0.969,0.0195,741
67,17,-15.72,0,3,5,1,0,0,0.969,0.0195,758
68,11,-11.905,0,2,5,1,0,0,0.968,0.0195,769
69,9,-14.652,0,2,4,1,0,0,0.968,0.0195,778
70,5,-14.782,0,4,1,1,0,0,0.967,0.0194,783
71,9,-15.119,0,3,4,1,0,0,0.967,0.0194,792
72,15,-13.229,0,2,4,1,0,0,0.966,0.0194,807
73,18,-13.984,0,4,9,1,0,0,0.966,0.0194,825
74,8,-15.79,0,3,6,1,0,0,0.965,0.0194,833
75,5,-15.067,0,1,2,1,0,0,0.965,0.0194,838
76,8,-15.694,0,3,4,1,0,0,0.964,0.0194,846
77,9,-15.148,0,4,5,1,0,0,0.964,0.0194,855
78,13,-14.794,0,3,5,1,0,0,0.963,0.0194,868
79,6,-13.386,0,4,3,1,0,0,0.963,0.0194,874
80,5,-14.344,0,3,2,1,0,0,0.962,0.0194,879
81,9,-13.794,0,5,3,1,0,0,0.962,0.0194,888
82,23,-14.351,0,1,13,1,0,0,0.962,0.0194,911
83,29,-15.977,0,3,20,1,0,0,0.961,0.0193,940
84,7,-15.303,0,3,4,1,0,0,0.961,0.0193,947
85,8,-13.251,0,3,5,1,0,0,0.96,0.0193,955
86,14,-13.667,0,3,7,1,0,0,0.96,0.0193,969
87,8,-12.965,0,1,4,1,0,0,0.959,0.0193,977
88,6,-13.352,0,2,2,1,0,0,0.959,0.0193,983
89,17,-14.803,0,3,9,1,0,0,0.958,0.0193,1000
90,5,-14.647,0,1,3,1,0,0,0.958,0.0193,1005
91,8,-13.687,0,2,5,1,0,0,0.957,0.0193,1013
92,5,-14.132,0,3,3,1,0,0,0.957,0.0193,1018
93,8,-14.594,0,2,2,1,0,0,0.956,0.0193,1026
94,5,-15.271,0,4,2,1,0,0,0.956,0.0193,1031
95,8,-10.096,0,3,2,1,0,0,0.955,0.0192,1039
96,9,-14.725,0,3,6,1,0,0,0.955,0.0192,1048
97,11,-14.847,0,3,5,1,0,0,0.954,0.0192,1059
98,10,-14.893,0,1,4,1,0,0,0.954,0.0192,1069
99,11,-14.294,0,2,4,1,0,0,0.953,0.0192,1080
100,7,-14.114,0,2,3,1,0,0,0.953,0.0192,1087
101,22,-15.468,0,2,7,1,0,0,0.953,0.0192,1109
102,6,-14.199,0,3,4,1,0,0,0.952,0.0192,1115
103,13,-10.66,0,3,8,1,0,0,0.952,0.0192,1128
104,13,-16.388,0,3,9,1,0,0,0.951,0.0192,1141
105,5,-13.974,0,3,3,1,0,0,0.951,0.0192,1146
106,5,-14.895,0,2,1,1,0,0,0.95,0.0192,1151
107,13,-15.175,0,2,4,1,0,0,0.95,0.0192,1164
108,5,-14.807,0,2,0,1,0,0,0.949,0.0191,1169
109,10,-14.55,0,2,3,1,0,0,0.949,0.0191,1179
110,11,-14.291,0,2,4,1,0,0,0.948,0.0191,1190
111,5,-15.819,0,1,4,1,0,0,0.948,0.0191,1195
112,6,-15.439,0,4,2,1,0,0,0.947,0.0191,1201
113,10,-13.477,0,2,5,1,0,0,0.947,0.0191,1211
114,7,-15.668,0,3,4,1,0,0,0.946,0.0191,1218
115,5,-15.04,0,3,3,1,0,0,0.946,0.0191,1223
116,5,-14.77,0,4,2,1,0,0,0.945,0.0191,1228
117,11,-13.995,0,3,6,1,0,0,0.945,0.0191,1239
118,17,-15.382,0,4,5,1,0,0,0.944,0.0191,1256
119,14,-11.47,0,7,3,1,0,0,0.944,0.0191,1270
120,8,-15.704,0,4,5,1,0,0,0.943,0.019,1278
121,21,-15.598,0,4,8,1,0,0,0.943,0.019,1299
122,9,-15.071,0,4,4,1,0,0,0.943,0.019,1308
123,6,-12.818,0,3,3,1,0,0,0.942,0.019,1314
124,16,-13.465,0,3,7,1,0,0,0.942,0.019,1330
125,12,-15.211,0,1,7,1,0,0,0.941,0.019,1342
126,15,-14.249,0,2,4,1,0,0,0.941,0.019,1357
127,7,-15.411,0,4,3,1,0,0,0.94,0.019,1364
128,13,-14.533,0,4,8,1,0,0,0.94,0.019,1377
129,7,-15.093,0,2,1,1,0,0,0.939,0.019,1384
130,29,-16.42,0,3,16,1,0,0,0.939,0.019,1413
131,22,-15.987,0,5,12,1,0,0,0.938,0.019,1435
132,6,-15.564,0,3,2,1,0,0,0.938,0.019,1441
133,14,-15.972,0,3,7,1,0,0,0.937,0.0189,1455
134,14,-11.947,0,3,8,1,0,0,0.937,0.0189,1469
135,9,-15.334,0,4,5,1,0,0,0.936,0.0189,1478
136,9,-15.299,0,1,4,1,0,0,0.936,0.0189,1487
137,11,-14.225,0,3,5,1,0,0,0.935,0.0189,1498
138,9,-14.391,0,6,4,1,0,0,0.935,0.0189,1507
139,10,-13.988,0,3,7,1,0,0,0.934,0.0189,1517
140,7,-14.027,0,2,3,1,0,0,0.934,0.0189,1524
141,6,-15.041,0,3,2,1,0,0,0.933,0.0189,1530
142,8,-14.57,0,2,2,1,0,0,0.933,0.0189,1538
143,10,-15.041,0,2,5,1,0,0,0.933,0.0189,1548
144,5,-13.264,0,3,1,1,0,0,0.932,0.0189,1553
145,27,-17.328,0,2,13,1,0,0,0.932,0.0188,1580
146,11,-14.141,0,2,3,1,0,0,0.931,0.0188,1591
147,8,-15.804,0,3,6,1,0,0,0.931,0.0188,1599
148,26,-15.864,0,2,9,1,0,0,0.93,0.0188,1625
149,24,-14.657,0,5,14,1,0,0,0.93,0.0188,1649
150,17,-13.69,0,3,7,1,0,0,0.929,0.0188,1666
151,11,-14.851,0,3,6,1,0,0,0.929,0.0188,1677
152,8,-14.717,0,2,5,1,0,0,0.928,0.0188,1685
153,9,-15.277,0,3,6,1,0,0,0.928,0.0188,1694
154,10,-15.358,0,3,5,1,0,0,0.927,0.0188,1704
155,16,-14.161,0,4,7,1,0,0,0.927,0.0188,1720
156,6,-12.878,0,3,3,1,0,0,0.926,0.0188,1726
157,10,-15.331,0,2,4,1,0,0,0.926,0.0188,1736
158,9,-11.767,0,1,4,1,0,0,0.925,0.0187,1745
159,8,-14.671,0,2,5,1,0,0,0.925,0.0187,1753
160,23,-16.634,0,2,9,1,0,0,0.924,0.0187,1776
161,14,-14.756,0,4,8,1,0,0,0.924,0.0187,1790
162,11,-14.326,0,2,5,1,0,0,0.924,0.0187,1801
163,7,-14.0,0,4,4,1,0,0,0.923,0.0187,1808
164,6,-13.175,0,1,3,1,0,0,0.923,0.0187,1814
165,8,-14.456,0,5,4,1,0,0,0.922,0.0187,1822
166,23,-14.694,0,5,11,1,0,0,0.922,0.0187,1845
167,6,-12.918,0,2,1,1,0,0,0.921,0.0187,1851
168,18,-15.348,0,3,8,1,0,0,0.921,0.0187,1869
169,24,-15.579,0,6,9,1,0,0,0.92,0.0187,1893
170,5,-15.642,0,2,3,1,0,0,0.92,0.0186,1898
171,5,-14.916,0,3,2,1,0,0,0.919,0.0186,1903
172,35,-14.869,0,4,14,1,0,0,0.919,0.0186,1938
173,25,-15.691,0,3,13,1,0,0,0.918,0.0186,1963
174,10,-14.423,0,2,5,1,0,0,0.918,0.0186,1973
175,9,-15.164,0,4,4,1,0,0,0.917,0.0186,1982
176,7,-14.297,0,1,4,1,0,0,0.917,0.0186,1989
177,12,-13.905,0,6,5,1,0,0,0.916,0.0186,2001
178,9,-14.023,0,0,1,1,0,0,0.916,0.0186,2010
179,11,-14.911,0,2,6,1,0,0,0.915,0.0186,2021
180,14,-14.164,0,6,4,1,0,0,0.915,0.0186,2035
181,32,-15.197,0,4,14,1,0,0,0.914,0.0186,2067
182,7,-14.47,0,2,2,1,0,0,0.914,0.0186,2074
183,14,-17.049,0,2,6,1,0,0,0.914,0.0185,2088
184,5,-15.361,0,4,2,1,0,0,0.913,0.0185,2093
185,8,-13.377,0,1,4,1,0,0,0.913,0.0185,2101
186,8,-14.562,0,2,2,1,0,0,0.912,0.0185,2109
187,21,-14.628,0,6,13,1,0,0,0.912,0.0185,2130
188,13,-15.48,0,2,9,1,0,0,0.911,0.0185,2143
189,6,-14.555,0,4,4,1,0,0,0.911,0.0185,2149
190,20,-15.277,0,3,9,1,0,0,0.91,0.0185,2169
191,12,-12.582,0,3,6,1,0,0,0.91,0.0185,2181
192,11,-14.394,0,3,6,1,0,0,0.909,0.0185,2192
193,7,-15.009,0,4,3,1,0,0,0.909,0.0185,2199
194,5,-15.939,0,4,3,1,0,0,0.908,0.0185,2204
195,5,-14.916,0,3,2,1,0,0,0.908,0.0184,2209
196,14,-15.56,0,3,7,1,0,0,0.907,0.0184,2223
197,9,-13.948,0,2,2,1,0,0,0.907,0.0184,2232
198,10,-15.568,0,2,7,1,0,0,0.906,0.0184,2242
199,6,-14.559,0,2,4,1,0,0,0.906,0.0184,2248
200,5,-14.816,0,4,2,1,0,0,0.905,0.0184,2253
201,7,-14.014,0,3,3,1,0,0,0.905,0.0184,2260
202,5,-15.62,0,2,3,1,0,0,0.905,0.0184,2265
203,15,-13.515,0,3,9,1,0,0,0.904,0.0184,2280
204,14,-13.653,0,4,10,1,0,0,0.904,0.0184,2294
205,5,-14.997,0,3,3,1,0,0,0.903,0.0184,2299
206,10,-13.349,0,2,5,1,0,0,0.903,0.0184,2309
207,6,-13.479,0,2,2,1,0,0,0.902,0.0184,2315
208,23,-14.372,0,3,9,1,0,0,0.902,0.0183,2338
209,11,-15.198,0,3,4,1,0,0,0.901,0.0183,2349
210,7,-15.041,0,2,2,1,0,0,0.901,0.0183,2356
211,9,-13.444,0,4,3,1,0,0,0.9,0.0183,2365
212,15,-14.633,0,4,8,1,0,0,0.9,0.0183,2380
213,8,-13.569,0,3,2,1,0,0,0.899,0.0183,2388
214,6,-14.101,0,4,4,1,0,0,0.899,0.0183,2394
215,28,-15.716,0,4,14,1,0,0,0.898,0.0183,2422
216,8,-15.217,0,3,3,1,0,0,0.898,0.0183,2430
217,6,-13.845,0,4,2,1,0,0,0.897,0.0183,2436
218,7,-14.471,0,3,3,1,0,0,0.897,0.0183,2443
219,14,-14.373,0,3,6,1,0,0,0.896,0.0183,2457
220,14,-15.711,0,1,7,1,0,0,0.896,0.0182,2471
221,7,-13.965,0,4,3,1,0,0,0.895,0.0182,2478
222,6,-15.601,0,4,4,1,0,0,0.895,0.0182,2484
223,5,-15.007,0,3,2,1,0,0,0.895,0.0182,2489
224,6,-15.031,0,3,3,1,0,0,0.894,0.0182,2495
225,8,-14.135,0,2,4,1,0,0,0.894,0.0182,2503
226,7,-14.347,0,4,3,1,0,0,0.893,0.0182,2510
227,23,-15.099,0,4,13,1,0,0,0.893,0.0182,2533
228,11,-13.979,0,2,7,1,0,0,0.892,0.0182,2544
229,16,-16.389,0,2,8,1,0,0,0.892,0.0182,2560
230,63,-15.741,0,4,26,1,0,0,0.891,0.0182,2623
231,14,-14.178,0,2,3,1,0,0,0.891,0.0182,2637
232,9,-15.301,0,3,5,1,0,0,0.89,0.0182,2646
233,5,-14.947,0,3,3,1,0,0,0.89,0.0181,2651
234,5,-14.897,0,4,3,1,0,0,0.889,0.0181,2656
235,8,-15.704,0,4,5,1,0,0,0.889,0.0181,2664
236,24,-14.191,0,4,9,1,0,0,0.888,0.0181,2688
237,5,-15.55,0,2,3,1,0,0,0.888,0.0181,2693
238,20,-15.542,0,2,10,1,0,0,0.887,0.0181,2713
239,8,-15.647,0,3,3,1,0,0,0.887,0.0181,2721
240,10,-15.232,0,4,5,1,0,0,0.886,0.0181,2731
241,10,-14.73,0,3,5,1,0,0,0.886,0.0181,2741
242,13,-15.123,0,6,6,1,0,0,0.886,0.0181,2754
243,11,-10.184,0,1,3,1,0,0,0.885,0.0181,2765
244,11,-14.187,0,2,3,1,0,0,0.885,0.0181,2776
245,10,-14.907,0,3,6,1,0,0,0.884,0.018,2786
246,5,-14.996,0,3,3,1,0,0,0.884,0.018,2791
247,10,-14.375,0,6,5,1,0,0,0.883,0.018,2801
248,10,-15.297,0,3,6,1,0,0,0.883,0.018,2811
249,7,-15.894,0,4,3,1,0,0,0.882,0.018,2818
250,8,-14.242,0,2,3,1,0,0,0.882,0.018,2826
251,19,-15.675,0,3,10,1,0,0,0.881,0.018,2845
252,7,-13.568,0,4,4,1,0,0,0.881,0.018,2852
253,8,-14.085,0,3,4,1,0,0,0.88,0.018,2860
254,5,-15.497,0,3,3,1,0,0,0.88,0.018,2865
255,8,-14.354,0,2,4,1,0,0,0.879,0.018,2873
256,11,-13.823,0,3,5,1,0,0,0.879,0.018,2884
257,16,-13.331,0,1,10,1,0,0,0.878,0.018,2900
258,10,-14.988,0,3,7,1,0,0,0.878,0.0179,2910
259,19,-16.144,0,4,13,1,0,0,0.877,0.0179,2929
260,5,-14.872,0,3,2,1,0,0,0.877,0.0179,2934
261,23,-15.7,0,4,15,1,0,0,0.877,0.0179,2957
262,23,-15.59,0,2,9,1,0,0,0.876,0.0179,2980
263,6,-13.396,0,4,2,1,0,0,0.876,0.0179,2986
264,7,-14.619,0,1,3,1,0,0,0.875,0.0179,2993
265,7,-16.504,0,3,3,1,0,0,0.875,0.0179,3000
266,7,-14.497,0,3,3,1,0,0,0.874,0.0179,3007
267,17,-14.732,0,4,6,1,0,0,0.874,0.0179,3024
268,15,-16.632,0,2,6,1,0,0,0.873,0.0179,3039
269,8,-15.373,0,1,4,1,0,0,0.873,0.0179,3047
270,10,-14.279,0,3,5,1,0,0,0.872,0.0178,3057
271,8,-14.721,0,3,4,1,0,0,0.872,0.0178,3065
272,7,-14.687,0,3,4,1,0,0,0.871,0.0178,3072
273,18,-15.244,0,3,6,1,0,0,0.871,0.0178,3090
274,6,-12.983,0,3,3,1,0,0,0.87,0.0178,3096
275,8,-15.769,0,3,4,1,0,0,0.87,0.0178,3104
276,10,-15.233,0,4,5,1,0,0,0.869,0.0178,3114
277,14,-14.83,0,4,9,1,0,0,0.869,0.0178,3128
278,6,-13.396,0,4,2,1,0,0,0.868,0.0178,3134
279,6,-14.582,0,2,3,1,0,0,0.868,0.0178,3140
280,9,-14.841,0,2,5,1,0,0,0.867,0.0178,3149
281,19,-15.518,0,2,9,1,0,0,0.867,0.0178,3168
282,18,-11.96,0,8,7,1,0,0,0.867,0.0178,3186
283,19,-15.492,0,2,11,1,0,0,0.866,0.0177,3205
284,5,-13.985,0,3,2,1,0,0,0.866,0.0177,3210
285,7,-11.49,0,3,1,1,0,0,0.865,0.0177,3217
286,6,-13.078,0,2,3,1,0,0,0.865,0.0177,3223
287,8,-15.57,0,2,2,1,0,0,0.864,0.0177,3231
288,9,-15.719,0,2,4,1,0,0,0.864,0.0177,3240
289,6,-14.931,0,4,3,1,0,0,0.863,0.0177,3246
290,16,-14.732,0,6,7,1,0,0,0.863,0.0177,3262
291,11,-13.207,0,3,6,1,0,0,0.862,0.0177,3273
292,5,-14.97,0,2,2,1,0,0,0.862,0.0177,3278
293,8,-11.722,0,2,2,1,0,0,0.861,0.0177,3286
294,9,-15.395,0,3,4,1,0,0,0.861,0.0177,3295
295,22,-12.149,0,3,8,1,0,0,0.86,0.0176,3317
296,6,-12.5,0,2,2,1,0,0,0.86,0.0176,3323
297,28,-14.457,0,4,10,1,0,0,0.859,0.0176,3351
298,43,-16.055,0,9,19,1,0,0,0.859,0.0176,3394
299,14,-14.874,0,3,7,1,0,0,0.858,0.0176,3408
300,19,-15.549,0,2,9,1,0,0,0.858,0.0176,3427
301,5,-13.471,0,2,2,1,0,0,0.858,0.0176,3432
302,10,-15.053,0,3,2,1,0,0,0.857,0.0176,3442
303,14,-15.668,0,2,6,1,0,0,0.857,0.0176,3456
304,13,-14.069,0,4,9,1,0,0,0.856,0.0176,3469
305,5,-15.397,0,4,3,1,0,0,0.856,0.0176,3474
306,14,-14.668,0,1,8,1,0,0,0.855,0.0176,3488
307,7,-14.754,0,1,4,1,0,0,0.855,0.0176,3495
308,11,-15.74,0,3,5,1,0,0,0.854,0.0175,3506
309,9,-14.902,0,3,7,1,0,0,0.854,0.0175,3515
310,5,-15.638,0,2,3,1,0,0,0.853,0.0175,3520
311,20,-16.077,0,2,15,1,0,0,0.853,0.0175,3540
312,12,-15.985,0,3,6,1,0,0,0.852,0.0175,3552
313,32,-15.524,0,6,15,1,0,0,0.852,0.0175,3584
314,15,-14.623,0,3,9,1,0,0,0.851,0.0175,3599
315,5,-15.194,0,1,3,1,0,0,0.851,0.0175,3604
316,10,-13.598,0,6,4,1,0,0,0.85,0.0175,3614
317,8,-15.363,0,3,5,1,0,0,0.85,0.0175,3622
318,10,-15.163,0,3,4,1,0,0,0.849,0.0175,3632
319,5,-13.84,0,3,2,1,0,0,0.849,0.0175,3637
320,11,-15.319,0,3,5,1,0,0,0.848,0.0174,3648
321,5,-13.018,0,1,2,1,0,0,0.848,0.0174,3653
322,10,-15.27,0,4,6,1,0,0,0.848,0.0174,3663
323,19,-15.129,0,3,8,1,0,0,0.847,0.0174,3682
324,29,-15.934,0,6,15,1,0,0,0.847,0.0174,3711
325,8,-14.658,0,3,5,1,0,0,0.846,0.0174,3719
326,24,-11.05,0,3,10,1,0,0,0.846,0.0174,3743
327,5,-14.962,0,3,2,1,0,0,0.845,0.0174,3748
328,8,-11.787,0,2,3,1,0,0,0.845,0.0174,3756
329,11,-13.39,0,4,2,1,0,0,0.844,0.0174,3767
330,51,-17.771,0,4,25,1,0,0,0.844,0.0174,3818
331,5,-15.196,0,1,3,1,0,0,0.843,0.0174,3823
332,17,-15.66,0,2,8,1,0,0,0.843,0.0174,3840
333,6,-14.476,0,4,3,1,0,0,0.842,0.0173,3846
334,5,-14.131,0,3,3,1,0,0,0.842,0.0173,3851
335,5,-14.284,0,0,1,1,0,0,0.841,0.0173,3856
336,6,-12.908,0,2,2,1,0,0,0.841,0.0173,3862
337,40,-15.888,0,8,18,1,0,0,0.84,0.0173,3902
338,8,-14.597,0,3,6,1,0,0,0.84,0.0173,3910
339,43,-17.103,0,4,19,1,0,0,0.839,0.0173,3953
340,6,-15.531,0,3,3,1,0,0,0.839,0.0173,3959
341,8,-16.005,0,4,4,1,0,0,0.839,0.0173,3967
342,26,-16.438,0,3,15,1,0,0,0.838,0.0173,3993
343,22,-15.898,0,3,12,1,0,0,0.838,0.0173,4015
344,6,-12.567,0,3,3,1,0,0,0.837,0.0173,4021
345,32,-18.483,0,3,17,1,0,0,0.837,0.0172,4053
346,5,-14.54,0,2,3,1,0,0,0.836,0.0172,4058
347,18,-15.358,0,5,6,1,0,0,0.836,0.0172,4076
348,27,-15.397,0,3,10,1,0,0,0.835,0.0172,4103
349,5,-15.061,0,2,2,1,0,0,0.835,0.0172,4108
350,9,-13.248,0,2,5,1,0,0,0.834,0.0172,4117
351,6,-15.071,0,3,3,1,0,0,0.834,0.0172,4123
352,19,-15.014,0,4,10,1,0,0,0.833,0.0172,4142
353,29,-15.663,0,6,13,1,0,0,0.833,0.0172,4171
354,16,-14.716,0,4,10,1,0,0,0.832,0.0172,4187
355,10,-15.764,0,4,5,1,0,0,0.832,0.0172,4197
356,7,-14.534,0,2,2,1,0,0,0.831,0.0172,4204
357,5,-14.04,0,2,2,1,0,0,0.831,0.0172,4209
358,23,-17.602,0,4,16,1,0,0,0.83,0.0171,4232
359,8,-15.146,0,3,4,1,0,0,0.83,0.0171,4240
360,9,-14.792,0,3,5,1,0,0,0.829,0.0171,4249
361,10,-14.105,0,6,3,1,0,0,0.829,0.0171,4259
362,15,-15.288,0,3,9,1,0,0,0.829,0.0171,4274
363,20,-12.673,0,3,7,1,0,0,0.828,0.0171,4294
364,5,-15.597,0,2,3,1,0,0,0.828,0.0171,4299
365,6,-12.354,0,3,2,1,0,0,0.827,0.0171,4305
366,5,-15.496,0,3,3,1,0,0,0.827,0.0171,4310
367,10,-14.28,0,3,5,1,0,0,0.826,0.0171,4320
368,25,-15.336,0,4,11,1,0,0,0.826,0.0171,4345
369,18,-14.891,0,3,9,1,0,0,0.825,0.0171,4363
370,17,-15.062,0,4,8,1,0,0,0.825,0.017,4380
371,10,-12.972,0,2,5,1,0,0,0.824,0.017,4390
372,19,-11.94,0,2,5,1,0,0,0.824,0.017,4409
373,6,-14.436,0,3,3,1,0,0,0.823,0.017,4415
374,6,-10.005,0,1,1,1,0,0,0.823,0.017,4421
375,5,-12.295,0,3,2,1,0,0,0.822,0.017,4426
376,7,-16.139,0,3,4,1,0,0,0.822,0.017,4433
377,5,-14.995,0,3,3,1,0,0,0.821,0.017,4438
378,5,-14.59,0,2,3,1,0,0,0.821,0.017,4443
379,9,-13.551,0,4,2,1,0,0,0.82,0.017,4452
380,6,-11.207,0,2,1,1,0,0,0.82,0.017,4458
381,41,-20.118,0,4,20,1,0,0,0.82,0.017,4499
382,5,-14.837,0,3,1,1,0,0,0.819,0.017,4504
383,5,-13.79,0,3,2,1,0,0,0.819,0.0169,4509
384,11,-15.149,0,4,4,1,0,0,0.818,0.0169,4520
385,13,-13.387,0,4,5,1,0,0,0.818,0.0169,4533
386,10,-15.634,0,4,4,1,0,0,0.817,0.0169,4543
387,17,-15.195,0,3,9,1,0,0,0.817,0.0169,4560
388,8,-12.239,0,3,2,1,0,0,0.816,0.0169,4568
389,20,-14.562,0,4,11,1,0,0,0.816,0.0169,4588
390,12,-14.899,0,3,6,1,0,0,0.815,0.0169,4600
391,23,-15.515,0,3,12,1,0,0,0.815,0.0169,4623
392,7,-13.555,0,4,3,1,0,0,0.814,0.0169,4630
393,34,-13.053,0,7,13,1,0,0,0.814,0.0169,4664
394,12,-15.085,0,1,6,1,0,0,0.813,0.0169,4676
395,41,-16.065,0,5,14,1,0,0,0.813,0.0168,4717
396,5,-14.96,0,3,2,1,0,0,0.812,0.0168,4722
397,5,-14.846,0,4,3,1,0,0,0.812,0.0168,4727
398,21,-15.92,0,3,15,1,0,0,0.811,0.0168,4748
399,28,-13.624,1,4,9,1,0,0,0.811,0.0168,4776
400,16,-15.315,0,3,10,1,0,0,0.81,0.0168,4792
401,15,-13.904,0,5,8,1,0,0,0.81,0.0168,4807
402,7,-13.941,0,2,2,1,0,0,0.81,0.0168,4814
403,21,-15.726,0,2,12,1,0,0,0.809,0.0168,4835
404,5,-13.884,0,4,2,1,0,0,0.809,0.0168,4840
405,5,-13.3,0,4,3,1,0,0,0.808,0.0168,4845
406,12,-13.557,0,3,3,1,0,0,0.808,0.0168,4857
407,5,-14.889,0,1,0,1,0,0,0.807,0.0168,4862
408,6,-12.838,0,3,3,1,0,0,0.807,0.0167,4868
409,6,-15.001,0,2,2,1,0,0,0.806,0.0167,4874
410,21,-13.681,0,5,11,1,0,0,0.806,0.0167,4895
411,9,-14.755,0,2,5,1,0,0,0.805,0.0167,4904
412,31,-16.071,0,3,15,1,0,0,0.805,0.0167,4935
413,24,-14.695,0,1,12,1,0,0,0.804,0.0167,4959
414,5,-14.951,0,3,3,1,0,0,0.804,0.0167,4964
415,9,-14.728,0,3,6,1,0,0,0.803,0.0167,4973
416,22,-15.595,0,2,10,1,0,0,0.803,0.0167,4995
417,8,-14.787,0,3,6,1,0,0,0.802,0.0167,5003
418,73,-18.012,0,8,35,1,0,0,0.802,0.0167,5076
419,17,-16.835,0,3,9,1,0,0,0.801,0.0167,5093
420,13,-15.519,0,2,7,1,0,0,0.801,0.0166,5106
421,33,-15.582,0,2,11,1,0,0,0.8,0.0166,5139
422,16,-13.685,0,3,9,1,0,0,0.8,0.0166,5155
423,7,-15.08,0,4,5,1,0,0,0.8,0.0166,5162
424,30,-15.905,0,3,11,1,0,0,0.799,0.0166,5192
425,6,-11.886,0,2,1,1,0,0,0.799,0.0166,5198
426,5,-14.871,0,3,2,1,0,0,0.798,0.0166,5203
427,26,-14.626,0,6,10,1,0,0,0.798,0.0166,5229
428,28,-16.98,0,1,14,1,0,0,0.797,0.0166,5257
429,10,-14.908,0,3,6,1,0,0,0.797,0.0166,5267
430,16,-14.245,0,3,6,1,0,0,0.796,0.0166,5283
431,16,-14.823,0,2,8,1,0,0,0.796,0.0166,5299
432,8,-15.549,0,4,3,1,0,0,0.795,0.0166,5307
433,19,-13.939,0,3,11,1,0,0,0.795,0.0165,5326
434,9,-15.018,0,3,3,1,0,0,0.794,0.0165,5335
435,14,-14.589,0,2,7,1,0,0,0.794,0.0165,5349
436,7,-13.495,0,4,4,1,0,0,0.793,0.0165,5356
437,17,-15.864,0,3,9,1,0,0,0.793,0.0165,5373
438,17,-15.064,0,3,10,1,0,0,0.792,0.0165,5390
439,5,-13.96,0,2,2,1,0,0,0.792,0.0165,5395
440,33,-13.871,0,1,19,1,0,0,0.791,0.0165,5428
441,36,-15.087,0,4,17,1,0,0,0.791,0.0165,5464
442,13,-15.041,0,3,7,1,0,0,0.791,0.0165,5477
443,5,-14.851,0,4,3,1,0,0,0.79,0.0165,5482
444,10,-11.621,0,2,3,1,0,0,0.79,0.0165,5492
445,47,-16.214,0,3,22,1,0,0,0.789,0.0164,5539
446,8,-15.329,0,1,4,1,0,0,0.789,0.0164,5547
447,5,-13.406,0,4,2,1,0,0,0.788,0.0164,5552
448,14,-14.739,0,1,7,1,0,0,0.788,0.0164,5566
449,42,-15.87,0,3,17,1,0,0,0.787,0.0164,5608
450,14,-13.594,0,2,7,1,0,0,0.787,0.0164,5622
451,5,-15.416,0,3,2,1,0,0,0.786,0.0164,5627
452,9,-15.176,0,3,4,1,0,0,0.786,0.0164,5636
453,7,-14.719,0,2,3,1,0,0,0.785,0.0164,5643
454,5,-14.96,0,3,2,1,0,0,0.785,0.0164,5648
455,11,-14.046,0,5,5,1,0,0,0.784,0.0164,5659
456,5,-13.27,0,4,2,1,0,0,0.784,0.0164,5664
457,8,-14.748,0,1,3,1,0,0,0.783,0.0164,5672
458,5,-13.596,0,2,3,1,0,0,0.783,0.0163,5677
459,20,-13.829,0,7,6,1,0,0,0.782,0.0163,5697
460,12,-14.582,0,3,5,1,0,0,0.782,0.0163,5709
461,9,-14.426,0,2,6,1,0,0,0.781,0.0163,5718
462,14,-14.135,0,5,7,1,0,0,0.781,0.0163,5732
463,5,-15.409,0,3,2,1,0,0,0.781,0.0163,5737
464,10,-15.268,0,3,5,1,0,0,0.78,0.0163,5747
465,15,-11.664,0,2,3,1,0,0,0.78,0.0163,5762
466,8,-15.74,0,2,3,1,0,0,0.779,0.0163,5770
467,10,-15.22,0,3,5,1,0,0,0.779,0.0163,5780
468,5,-14.736,0,3,1,1,0,0,0.778,0.0163,5785
469,6,-14.279,0,3,5,1,0,0,0.778,0.0163,5791
470,28,-15.047,0,5,8,1,0,0,0.777,0.0162,5819
471,7,-12.486,0,6,2,1,0,0,0.777,0.0162,5826
472,23,-13.248,0,6,11,1,0,0,0.776,0.0162,5849
473,7,-15.56,0,3,3,1,0,0,0.776,0.0162,5856
474,24,-17.128,0,3,13,1,0,0,0.775,0.0162,5880
475,15,-15.314,0,3,9,1,0,0,0.775,0.0162,5895
476,5,-15.396,0,4,3,1,0,0,0.774,0.0162,5900
477,6,-13.947,0,3,2,1,0,0,0.774,0.0162,5906
478,17,-15.521,0,3,5,1,0,0,0.773,0.0162,5923
479,14,-14.585,0,3,3,1,0,0,0.773,0.0162,5937
480,21,-15.23,0,3,13,1,0,0,0.772,0.0162,5958
481,7,-15.27,0,3,5,1,0,0,0.772,0.0162,5965
482,61,-17.16,0,3,24,1,0,0,0.772,0.0162,6026
483,9,-15.175,0,3,4,1,0,0,0.771,0.0161,6035
484,22,-14.909,0,4,12,1,0,0,0.771,0.0161,6057
485,13,-14.537,0,5,8,1,0,0,0.77,0.0161,6070
486,26,-12.92,0,6,8,1,0,0,0.77,0.0161,6096
487,14,-14.942,0,5,8,1,0,0,0.769,0.0161,6110
488,5,-13.372,0,3,2,1,0,0,0.769,0.0161,6115
489,7,-14.518,0,3,3,1,0,0,0.768,0.0161,6122
490,12,-15.717,0,4,5,1,0,0,0.768,0.0161,6134
491,7,-14.633,0,3,5,1,0,0,0.767,0.0161,6141
492,12,-15.589,0,3,7,1,0,0,0.767,0.0161,6153
493,36,-16.336,0,3,21,1,0,0,0.766,0.0161,6189
494,24,-16.327,0,3,12,1,0,0,0.766,0.0161,6213
495,17,-15.959,0,1,10,1,0,0,0.765,0.016,6230
496,18,-16.089,0,4,7,1,0,0,0.765,0.016,6248
497,19,-15.79,0,4,10,1,0,0,0.764,0.016,6267
498,16,-15.271,0,3,11,1,0,0,0.764,0.016,6283
499,18,-16.66,0,4,9,1,0,0,0.763,0.016,6301
500,7,-14.94,0,4,1,1,0,0,0.763,0.016,6308
501,15,-13.401,0,3,6,1,0,0,0.762,0.016,6323
502,21,-15.661,0,2,9,1,0,0,0.762,0.016,6344
503,67,-19.032,0,5,35,1,0,0,0.762,0.016,6411
504,5,-14.647,0,1,3,1,0,0,0.761,0.016,6416
505,49,-16.369,0,6,23,1,0,0,0.761,0.016,6465
506,10,-10.425,0,2,5,1,0,0,0.76,0.016,6475
507,23,-15.987,0,2,8,1,0,0,0.76,0.016,6498
508,29,-16.112,0,5,17,1,0,0,0.759,0.0159,6527
509,49,-17.276,0,6,22,1,0,0,0.759,0.0159,6576
510,7,-15.188,0,1,4,1,0,0,0.758,0.0159,6583
511,10,-12.986,0,0,2,1,0,0,0.758,0.0159,6593
512,5,-14.916,0,3,2,1,0,0,0.757,0.0159,6598
513,13,-16.142,0,2,6,1,0,0,0.757,0.0159,6611
514,28,-13.816,0,7,14,1,0,0,0.756,0.0159,6639
515,11,-14.845,0,3,6,1,0,0,0.756,0.0159,6650
516,9,-15.721,0,3,4,1,0,0,0.755,0.0159,6659
517,20,-13.608,0,3,10,1,0,0,0.755,0.0159,6679
518,6,-14.074,0,2,3,1,0,0,0.754,0.0159,6685
519,8,-14.224,0,2,4,1,0,0,0.754,0.0159,6693
520,12,-14.432,0,3,5,1,0,0,0.753,0.0158,6705
521,31,-13.515,0,2,13,1,0,0,0.753,0.0158,6736
522,6,-12.401,0,3,2,1,0,0,0.753,0.0158,6742
523,13,-14.857,0,3,6,1,0,0,0.752,0.0158,6755
524,6,-15.43,0,4,3,1,0,0,0.752,0.0158,6761
525,11,-14.411,0,3,3,1,0,0,0.751,0.0158,6772
526,19,-14.579,0,4,7,1,0,0,0.751,0.0158,6791
527,5,-14.302,0,4,3,1,0,0,0.75,0.0158,6796
528,12,-15.836,0,1,8,1,0,0,0.75,0.0158,6808
529,15,-11.501,0,2,4,1,0,0,0.749,0.0158,6823
530,11,-14.794,0,2,4,1,0,0,0.749,0.0158,6834
531,33,-15.879,0,5,18,1,0,0,0.748,0.0158,6867
532,11,-14.008,0,1,8,1,0,0,0.748,0.0158,6878
533,24,-16.681,0,5,10,1,0,0,0.747,0.0157,6902
534,5,-14.564,0,1,2,1,0,0,0.747,0.0157,6907
535,16,-15.261,0,5,8,1,0,0,0.746,0.0157,6923
536,37,-15.772,0,5,19,1,0,0,0.746,0.0157,6960
537,12,-13.4,0,3,5,1,0,0,0.745,0.0157,6972
538,5,-13.387,0,2,1,1,0,0,0.745,0.0157,6977
539,12,-14.796,0,3,4,1,0,0,0.744,0.0157,6989
540,23,-16.599,0,3,12,1,0,0,0.744,0.0157,7012
541,5,-14.919,0,3,2,1,0,0,0.744,0.0157,7017
542,5,-14.861,0,4,2,1,0,0,0.743,0.0157,7022
543,26,-13.794,0,3,15,1,0,0,0.743,0.0157,7048
544,30,-15.986,0,2,12,1,0,0,0.742,0.0157,7078
545,10,-15.071,0,4,3,1,0,0,0.742,0.0156,7088
546,8,-15.238,0,2,3,1,0,0,0.741,0.0156,7096
547,15,-15.736,0,3,9,1,0,0,0.741,0.0156,7111
548,7,-15.609,0,3,3,1,0,0,0.74,0.0156,7118
549,8,-14.633,0,3,4,1,0,0,0.74,0.0156,7126
550,10,-15.493,0,3,6,1,0,0,0.739,0.0156,7136
551,11,-14.791,0,2,4,1,0,0,0.739,0.0156,7147
552,6,-13.935,0,3,3,1,0,0,0.738,0.0156,7153
553,17,-14.381,0,2,4,1,0,0,0.738,0.0156,7170
554,9,-15.622,0,4,3,1,0,0,0.737,0.0156,7179
555,30,-15.052,0,5,22,1,0,0,0.737,0.0156,7209
556,7,-14.562,0,2,2,1,0,0,0.736,0.0156,7216
557,5,-13.272,0,4,2,1,0,0,0.736,0.0156,7221
558,46,-15.48,0,5,19,1,0,0,0.735,0.0155,7267
559,19,-15.178,0,2,11,1,0,0,0.735,0.0155,7286
560,25,-15.204,0,5,10,1,0,0,0.734,0.0155,7311
561,8,-15.827,0,3,5,1,0,0,0.734,0.0155,7319
562,29,-15.145,0,4,14,1,0,0,0.734,0.0155,7348
563,30,-15.723,0,3,14,1,0,0,0.733,0.0155,7378
564,15,-14.956,0,3,6,1,0,0,0.733,0.0155,7393
565,29,-16.151,0,2,11,1,0,0,0.732,0.0155,7422
566,28,-15.313,0,3,14,1,0,0,0.732,0.0155,7450
567,5,-14.997,0,3,3,1,0,0,0.731,0.0155,7455
568,6,-14.545,0,2,2,1,0,0,0.731,0.0155,7461
569,6,-13.831,0,1,2,1,0,0,0.73,0.0155,7467
570,5,-15.339,0,4,2,1,0,0,0.73,0.0154,7472
571,5,-15.445,0,3,3,1,0,0,0.729,0.0154,7477
572,49,-15.761,1,6,17,1,0,0,0.729,0.0154,7526
573,5,-14.052,0,2,3,1,0,0,0.728,0.0154,7531
574,8,-15.734,0,2,4,1,0,0,0.728,0.0154,7539
575,6,-14.693,0,1,2,1,0,0,0.727,0.0154,7545
576,18,-15.227,0,2,11,1,0,0,0.727,0.0154,7563
577,24,-11.095,0,3,9,1,0,0,0.726,0.0154,7587
578,9,-13.753,0,4,4,1,0,0,0.726,0.0154,7596
579,21,-14.777,0,6,7,1,0,0,0.725,0.0154,7617
580,48,-14.152,1,10,14,1,0,0,0.725,0.0154,7665
581,18,-15.766,0,2,12,1,0,0,0.725,0.0154,7683
582,19,-14.155,0,5,12,1,0,0,0.724,0.0154,7702
583,7,-14.525,0,2,3,1,0,0,0.724,0.0153,7709
584,14,-15.562,0,3,10,1,0,0,0.723,0.0153,7723
585,5,-14.867,0,3,2,1,0,0,0.723,0.0153,7728
586,23,-16.436,0,1,8,1,0,0,0.722,0.0153,7751
587,10,-14.966,0,3,7,1,0,0,0.722,0.0153,7761
588,11,-12.277,0,2,3,1,0,0,0.721,0.0153,7772
589,33,-15.965,0,2,16,1,0,0,0.721,0.0153,7805
590,5,-14.916,0,3,2,1,0,0,0.72,0.0153,7810
591,14,-13.343,0,3,7,1,0,0,0.72,0.0153,7824
592,5,-14.916,0,3,2,1,0,0,0.719,0.0153,7829
593,43,-17.393,0,6,18,1,0,0,0.719,0.0153,7872
594,7,-14.402,0,3,3,1,0,0,0.718,0.0153,7879
595,5,-15.415,0,3,2,1,0,0,0.718,0.0152,7884
596,12,-14.265,0,3,5,1,0,0,0.717,0.0152,7896
597,38,-16.082,0,6,20,1,0,0,0.717,0.0152,7934
598,32,-17.269,0,3,18,1,0,0,0.716,0.0152,7966
599,5,-15.271,0,4,2,1,0,0,0.716,0.0152,7971
600,13,-15.146,0,2,7,1,0,0,0.715,0.0152,7984
601,7,-12.692,0,2,4,1,0,0,0.715,0.0152,7991
602,7,-13.888,0,2,5,1,0,0,0.715,0.0152,7998
603,44,-17.65,0,5,15,1,0,0,0.714,0.0152,8042
604,28,-15.418,0,5,8,1,0,0,0.714,0.0152,8070
605,6,-13.366,0,3,1,1,0,0,0.713,0.0152,8076
606,30,-16.515,0,3,18,1,0,0,0.713,0.0152,8106
607,6,-13.476,0,4,3,1,0,0,0.712,0.0152,8112
608,25,-14.27,0,4,7,1,0,0,0.712,0.0151,8137
609,27,-12.455,0,5,12,1,0,0,0.711,0.0151,8164
610,15,-15.397,0,1,8,1,0,0,0.711,0.0151,8179
611,47,-18.815,0,3,12,1,0,0,0.71,0.0151,8226
612,6,-13.666,0,2,4,1,0,0,0.71,0.0151,8232
613,16,-15.329,0,4,11,1,0,0,0.709,0.0151,8248
614,15,-15.4,0,4,6,1,0,0,0.709,0.0151,8263
615,18,-15.266,0,5,9,1,0,0,0.708,0.0151,8281
616,10,-14.748,0,0,0,1,0,0,0.708,0.0151,8291
617,25,-14.492,0,5,6,1,0,0,0.707,0.0151,8316
618,22,-13.383,0,4,11,1,0,0,0.707,0.0151,8338
619,12,-15.397,0,3,6,1,0,0,0.706,0.0151,8350
620,5,-14.044,0,2,3,1,0,0,0.706,0.015,8355
621,5,-11.959,0,1,1,1,0,0,0.706,0.015,8360
622,6,-15.484,0,3,3,1,0,0,0.705,0.015,8366
623,18,-13.959,0,5,9,1,0,0,0.705,0.015,8384
624,6,-13.576,0,3,3,1,0,0,0.704,0.015,8390
625,11,-12.776,0,2,5,1,0,0,0.704,0.015,8401
626,8,-15.764,0,2,4,1,0,0,0.703,0.015,8409
627,36,-15.804,0,5,19,1,0,0,0.703,0.015,8445
628,5,-15.321,0,3,2,1,0,0,0.702,0.015,8450
629,17,-16.023,0,3,10,1,0,0,0.702,0.015,8467
630,11,-15.305,0,4,6,1,0,0,0.701,0.015,8478
631,5,-14.992,0,3,3,1,0,0,0.701,0.015,8483
632,12,-14.758,0,3,5,1,0,0,0.7,0.015,8495
633,5,-15.402,0,3,3,1,0,0,0.7,0.0149,8500
634,7,-14.593,0,3,4,1,0,0,0.699,0.0149,8507
635,8,-15.585,0,4,4,1,0,0,0.699,0.0149,8515
636,21,-12.05,0,2,6,1,0,0,0.698,0.0149,8536
637,43,-16.475,0,9,17,1,0,0,0.698,0.0149,8579
638,14,-14.755,0,3,8,1,0,0,0.697,0.0149,8593
639,6,-9.113,0,3,1,1,0,0,0.697,0.0149,8599
640,21,-14.937,0,3,14,1,0,0,0.696,0.0149,8620
641,5,-13.336,0,3,1,1,0,0,0.696,0.0149,8625
642,10,-10.09,0,2,2,1,0,0,0.696,0.0149,8635
643,5,-15.516,0,2,2,1,0,0,0.695,0.0149,8640
644,23,-15.125,0,6,12,1,0,0,0.695,0.0149,8663
645,29,-16.332,0,3,16,1,0,0,0.694,0.0148,8692
646,5,-13.819,0,3,3,1,0,0,0.694,0.0148,8697
647,39,-14.621,0,8,22,1,0,0,0.693,0.0148,8736
648,45,-17.355,0,4,26,1,0,0,0.693,0.0148,8781
649,29,-17.815,0,1,15,1,0,0,0.692,0.0148,8810
650,6,-13.078,0,2,3,1,0,0,0.692,0.0148,8816
651,22,-14.688,0,3,10,1,0,0,0.691,0.0148,8838
652,8,-9.927,0,2,2,1,0,0,0.691,0.0148,8846
653,6,-12.637,0,1,3,1,0,0,0.69,0.0148,8852
654,21,-15.625,0,2,10,1,0,0,0.69,0.0148,8873
655,7,-14.372,0,4,3,1,0,0,0.689,0.0148,8880
656,9,-13.358,0,3,3,1,0,0,0.689,0.0148,8889
657,17,-15.402,0,2,13,1,0,0,0.688,0.0148,8906
658,5,-15.396,0,4,3,1,0,0,0.688,0.0147,8911
659,9,-13.25,0,2,5,1,0,0,0.687,0.0147,8920
660,13,-13.512,0,2,7,1,0,0,0.687,0.0147,8933
661,10,-13.68,0,6,5,1,0,0,0.686,0.0147,8943
662,12,-14.51,0,4,7,1,0,0,0.686,0.0147,8955
663,21,-15.914,0,2,12,1,0,0,0.686,0.0147,8976
664,12,-11.986,0,3,5,1,0,0,0.685,0.0147,8988
665,5,-15.382,0,3,1,1,0,0,0.685,0.0147,8993
666,47,-17.799,0,5,27,1,0,0,0.684,0.0147,9040
667,61,-14.847,0,5,31,1,0,0,0.684,0.0147,9101
668,16,-15.118,0,6,7,1,0,0,0.683,0.0147,9117
669,15,-16.183,0,2,7,1,0,0,0.683,0.0147,9132
670,10,-15.226,0,0,5,1,0,0,0.682,0.0146,9142
671,15,-11.845,0,3,6,1,0,0,0.682,0.0146,9157
672,8,-15.747,0,3,4,1,0,0,0.681,0.0146,9165
673,28,-15.239,0,6,10,1,0,0,0.681,0.0146,9193
674,61,-18.925,0,4,31,1,0,0,0.68,0.0146,9254
675,5,-15.497,0,3,3,1,0,0,0.68,0.0146,9259
676,11,-15.11,0,4,3,1,0,0,0.679,0.0146,9270
677,65,-14.127,0,14,16,1,0,0,0.679,0.0146,9335
678,19,-14.877,0,1,6,1,0,0,0.678,0.0146,9354
679,6,-11.062,0,3,1,1,0,0,0.678,0.0146,9360
680,11,-14.895,0,3,6,1,0,0,0.677,0.0146,9371
681,25,-14.709,0,4,12,1,0,0,0.677,0.0146,9396
682,9,-14.445,0,1,5,1,0,0,0.677,0.0146,9405
683,8,-12.506,0,2,3,1,0,0,0.676,0.0145,9413
684,24,-15.306,0,5,9,1,0,0,0.676,0.0145,9437
685,93,-18.567,0,3,40,1,0,0,0.675,0.0145,9530
686,11,-14.906,0,2,6,1,0,0,0.675,0.0145,9541
687,5,-15.447,0,3,3,1,0,0,0.674,0.0145,9546
688,8,-11.72,0,1,3,1,0,0,0.674,0.0145,9554
689,8,-15.564,0,3,3,1,0,0,0.673,0.0145,9562
690,6,-13.989,0,2,3,1,0,0,0.673,0.0145,9568
691,36,-14.329,0,10,19,1,0,0,0.672,0.0145,9604
692,8,-14.145,0,4,6,1,0,0,0.672,0.0145,9612
693,19,-14.604,0,3,5,1,0,0,0.671,0.0145,9631
694,5,-13.92,0,3,3,1,0,0,0.671,0.0145,9636
695,9,-14.717,0,1,3,1,0,0,0.67,0.0144,9645
696,5,-13.215,0,2,1,1,0,0,0.67,0.0144,9650
697,7,-16.704,0,3,5,1,0,0,0.669,0.0144,9657
698,68,-18.563,0,6,32,1,0,0,0.669,0.0144,9725
699,32,-16.598,0,1,12,1,0,0,0.668,0.0144,9757
700,19,-14.926,0,5,7,1,0,0,0.668,0.0144,9776
701,22,-13.815,0,5,6,1,0,0,0.667,0.0144,9798
702,5,-14.997,0,3,3,1,0,0,0.667,0.0144,9803
703,33,-15.258,0,5,9,1,0,0,0.667,0.0144,9836
704,17,-14.971,0,2,10,1,0,0,0.666,0.0144,9853
705,16,-15.399,0,3,4,1,0,0,0.666,0.0144,9869
706,24,-16.058,0,4,12,1,0,0,0.665,0.0144,9893
707,7,-14.643,0,3,4,1,0,0,0.665,0.0144,9900
708,15,-13.665,0,7,6,1,0,0,0.664,0.0143,9915
709,5,-14.915,0,3,2,1,0,0,0.664,0.0143,9920
710,7,-15.618,0,3,4,1,0,0,0.663,0.0143,9927
711,18,-15.492,0,2,8,1,0,0,0.663,0.0143,9945
712,19,-15.21,0,4,10,1,0,0,0.662,0.0143,9964
713,51,-15.327,0,9,24,1,0,0,0.662,0.0143,10015
714,48,-17.15,0,3,19,1,0,0,0.661,0.0143,10063
715,37,-13.622,0,3,17,1,0,0,0.661,0.0143,10100
716,5,-14.755,0,4,1,1,0,0,0.66,0.0143,10105
717,14,-14.252,0,5,6,1,0,0,0.66,0.0143,10119
718,5,-15.217,0,4,2,1,0,0,0.659,0.0143,10124
719,35,-10.588,0,10,8,1,0,0,0.659,0.0143,10159
720,31,-16.211,0,3,17,1,0,0,0.658,0.0142,10190
721,5,-15.817,0,4,2,1,0,0,0.658,0.0142,10195
722,40,-16.257,0,4,15,1,0,0,0.658,0.0142,10235
723,46,-14.384,0,4,17,1,0,0,0.657,0.0142,10281
724,17,-11.7,0,2,4,1,0,0,0.657,0.0142,10298
725,78,-16.506,0,7,38,1,0,0,0.656,0.0142,10376
726,6,-12.32,0,3,1,1,0,0,0.656,0.0142,10382
727,6,-13.405,0,3,2,1,0,0,0.655,0.0142,10388
728,16,-15.337,0,3,10,1,0,0,0.655,0.0142,10404
729,22,-16.1,0,3,12,1,0,0,0.654,0.0142,10426
730,70,-16.681,0,7,20,1,0,0,0.654,0.0142,10496
731,5,-15.346,0,4,3,1,0,0,0.653,0.0142,10501
732,12,-13.628,0,4,4,1,0,0,0.653,0.0142,10513
733,18,-13.952,0,3,5,1,0,0,0.652,0.0141,10531
734,9,-13.216,0,2,2,1,0,0,0.652,0.0141,10540
735,11,-13.965,0,4,3,1,0,0,0.651,0.0141,10551
736,9,-15.239,0,2,3,1,0,0,0.651,0.0141,10560
737,20,-15.767,0,2,10,1,0,0,0.65,0.0141,10580
738,26,-15.161,0,4,12,1,0,0,0.65,0.0141,10606
739,78,-18.518,0,11,32,1,0,0,0.649,0.0141,10684
740,5,-14.917,0,3,2,1,0,0,0.649,0.0141,10689
741,20,-10.04,0,3,3,1,0,0,0.648,0.0141,10709
742,15,-14.866,0,3,7,1,0,0,0.648,0.0141,10724
743,9,-11.012,0,1,3,1,0,0,0.648,0.0141,10733
744,10,-12.87,0,2,6,1,0,0,0.647,0.0141,10743
745,17,-15.438,0,4,5,1,0,0,0.647,0.014,10760
746,17,-15.148,0,4,7,1,0,0,0.646,0.014,10777
747,17,-14.467,0,3,7,1,0,0,0.646,0.014,10794
748,42,-15.977,0,7,20,1,0,0,0.645,0.014,10836
749,9,-14.812,0,2,4,1,0,0,0.645,0.014,10845
750,28,-15.846,0,4,14,1,0,0,0.644,0.014,10873
751,14,-14.46,0,3,6,1,0,0,0.644,0.014,10887
752,5,-14.895,0,4,3,1,0,0,0.643,0.014,10892
753,5,-15.515,0,2,2,1,0,0,0.643,0.014,10897
754,5,-15.097,0,2,3,1,0,0,0.642,0.014,10902
755,12,-16.502,0,3,8,1,0,0,0.642,0.014,10914
756,36,-16.359,0,6,17,1,0,0,0.641,0.014,10950
757,61,-17.52,0,9,23,1,0,0,0.641,0.014,11011
758,13,-13.681,0,2,8,1,0,0,0.64,0.0139,11024
759,39,-14.714,0,4,12,1,0,0,0.64,0.0139,11063
760,7,-13.34,0,4,2,1,0,0,0.639,0.0139,11070
761,6,-13.61,0,3,4,1,0,0,0.639,0.0139,11076
762,53,-16.633,0,8,18,1,0,0,0.639,0.0139,11129
763,6,-13.396,0,4,2,1,0,0,0.638,0.0139,11135
764,5,-15.114,0,1,2,1,0,0,0.638,0.0139,11140
765,83,-14.661,0,8,27,1,0,0,0.637,0.0139,11223
766,24,-12.1,0,2,5,1,0,0,0.637,0.0139,11247
767,35,-14.28,0,6,17,1,0,0,0.636,0.0139,11282
768,43,-16.55,0,8,19,1,0,0,0.636,0.0139,11325
769,56,-16.721,0,3,18,1,0,0,0.635,0.0139,11381
770,5,-15.396,0,4,3,1,0,0,0.635,0.0138,11386
771,54,-15.93,0,8,21,1,0,0,0.634,0.0138,11440
772,8,-15.077,0,3,3,1,0,0,0.634,0.0138,11448
773,10,-10.086,0,3,2,1,0,0,0.633,0.0138,11458
774,24,-13.329,1,4,6,1,0,0,0.633,0.0138,11482
775,9,-12.068,0,3,4,1,0,0,0.632,0.0138,11491
776,12,-15.913,0,4,7,1,0,0,0.632,0.0138,11503
777,5,-14.322,0,3,2,1,0,0,0.631,0.0138,11508
778,5,-15.394,0,4,3,1,0,0,0.631,0.0138,11513
779,6,-13.127,0,1,3,1,0,0,0.63,0.0138,11519
780,11,-15.286,0,2,4,1,0,0,0.63,0.0138,11530
781,11,-11.658,0,2,3,1,0,0,0.63,0.0138,11541
782,5,-15.069,0,2,3,1,0,0,0.629,0.0138,11546
783,20,-14.209,0,9,11,1,0,0,0.629,0.0137,11566
784,83,-20.615,0,10,38,1,0,0,0.628,0.0137,11649
785,8,-12.015,0,2,2,1,0,0,0.628,0.0137,11657
786,33,-15.331,0,3,8,1,0,0,0.627,0.0137,11690
787,11,-14.991,0,2,6,1,0,0,0.627,0.0137,11701
788,50,-15.594,0,6,17,1,0,0,0.626,0.0137,11751
789,6,-12.734,0,3,5,1,0,0,0.626,0.0137,11757
790,7,-15.125,0,4,5,1,0,0,0.625,0.0137,11764
791,22,-13.83,0,2,11,1,0,0,0.625,0.0137,11786
792,21,-14.596,0,2,5,1,0,0,0.624,0.0137,11807
793,7,-13.84,0,3,2,1,0,0,0.624,0.0137,11814
794,9,-11.551,0,2,2,1,0,0,0.623,0.0137,11823
795,10,-15.018,0,3,8,1,0,0,0.623,0.0136,11833
796,16,-14.631,0,2,6,1,0,0,0.622,0.0136,11849
797,21,-13.857,0,9,7,1,0,0,0.622,0.0136,11870
798,13,-12.88,0,3,7,1,0,0,0.621,0.0136,11883
799,37,-15.513,0,2,20,1,0,0,0.621,0.0136,11920
800,34,-14.128,0,7,12,1,0,0,0.62,0.0136,11954
801,21,-15.302,0,3,10,1,0,0,0.62,0.0136,11975
802,36,-16.048,0,3,17,1,0,0,0.62,0.0136,12011
803,69,-15.246,0,7,21,1,0,0,0.619,0.0136,12080
804,5,-13.926,0,3,1,1,0,0,0.619,0.0136,12085
805,33,-13.328,1,5,10,1,0,0,0.618,0.0136,12118
806,70,-18.33,0,4,28,1,0,0,0.618,0.0136,12188
807,5,-14.917,0,3,2,1,0,0,0.617,0.0136,12193
808,10,-15.812,0,4,6,1,0,0,0.617,0.0135,12203
809,5,-15.097,0,2,3,1,0,0,0.616,0.0135,12208
810,17,-16.126,0,3,3,1,0,0,0.616,0.0135,12225
811,7,-15.471,0,4,3,1,0,0,0.615,0.0135,12232
812,46,-13.748,0,7,18,1,0,0,0.615,0.0135,12278
813,14,-14.395,0,3,4,1,0,0,0.614,0.0135,12292
814,35,-16.415,0,4,14,1,0,0,0.614,0.0135,12327
815,20,-13.791,0,8,9,1,0,0,0.613,0.0135,12347
816,8,-14.772,0,2,4,1,0,0,0.613,0.0135,12355
817,41,-17.482,0,2,24,1,0,0,0.612,0.0135,12396
818,26,-15.547,0,2,16,1,0,0,0.612,0.0135,12422
819,39,-14.08,0,6,12,1,0,0,0.611,0.0135,12461
820,20,-10.612,0,5,6,1,0,0,0.611,0.0134,12481
821,40,-13.282,0,9,15,1,0,0,0.611,0.0134,12521
822,7,-14.062,0,3,3,1,0,0,0.61,0.0134,12528
823,31,-12.727,0,3,14,1,0,0,0.61,0.0134,12559
824,28,-15.61,0,7,11,1,0,0,0.609,0.0134,12587
825,29,-11.931,1,4,11,1,0,0,0.609,0.0134,12616
826,35,-15.259,0,6,18,1,0,0,0.608,0.0134,12651
827,7,-13.152,0,2,4,1,0,0,0.608,0.0134,12658
828,71,-20.157,0,2,39,1,0,0,0.607,0.0134,12729
829,25,-14.216,0,5,5,1,0,0,0.607,0.0134,12754
830,5,-14.947,0,3,3,1,0,0,0.606,0.0134,12759
831,11,-13.885,0,5,3,1,0,0,0.606,0.0134,12770
832,12,-15.562,0,2,7,1,0,0,0.605,0.0134,12782
833,16,-14.691,0,2,6,1,0,0,0.605,0.0133,12798
834,16,-15.275,0,3,8,1,0,0,0.604,0.0133,12814
835,22,-15.078,0,3,10,1,0,0,0.604,0.0133,12836
836,24,-15.08,0,3,8,1,0,0,0.603,0.0133,12860
837,47,-17.298,0,3,19,1,0,0,0.603,0.0133,12907
838,28,-16.234,0,5,17,1,0,0,0.602,0.0133,12935
839,12,-14.112,0,3,2,1,0,0,0.602,0.0133,12947
840,39,-15.216,0,4,14,1,0,0,0.601,0.0133,12986
841,13,-14.345,0,3,5,1,0,0,0.601,0.0133,12999
842,46,-16.16,0,1,20,1,0,0,0.601,0.0133,13045
843,14,-14.316,0,2,3,1,0,0,0.6,0.0133,13059
844,20,-14.272,0,3,2,1,0,0,0.6,0.0133,13079
845,53,-12.533,0,8,19,1,0,0,0.599,0.0132,13132
846,8,-11.892,0,2,3,1,0,0,0.599,0.0132,13140
847,46,-16.867,0,7,17,1,0,0,0.598,0.0132,13186
848,49,-12.34,0,4,13,1,0,0,0.598,0.0132,13235
849,20,-15.666,0,3,7,1,0,0,0.597,0.0132,13255
850,16,-15.078,0,4,7,1,0,0,0.597,0.0132,13271
851,15,-14.264,0,2,3,1,0,0,0.596,0.0132,13286
852,23,-13.66,0,8,8,1,0,0,0.596,0.0132,13309
853,47,-18.294,0,2,27,1,0,0,0.595,0.0132,13356
854,29,-14.881,0,3,10,1,0,0,0.595,0.0132,13385
855,15,-17.193,0,3,8,1,0,0,0.594,0.0132,13400
856,13,-15.28,0,3,10,1,0,0,0.594,0.0132,13413
857,5,-15.016,0,2,2,1,0,0,0.593,0.0132,13418
858,31,-17.802,0,1,21,1,0,0,0.593,0.0131,13449
859,32,-14.78,0,3,11,1,0,0,0.592,0.0131,13481
860,14,-12.501,0,2,6,1,0,0,0.592,0.0131,13495
861,26,-14.796,0,4,16,1,0,0,0.592,0.0131,13521
862,34,-13.161,0,2,19,1,0,0,0.591,0.0131,13555
863,43,-15.78,1,4,15,1,0,0,0.591,0.0131,13598
864,63,-13.866,0,5,23,1,0,0,0.59,0.0131,13661
865,18,-14.969,0,3,11,1,0,0,0.59,0.0131,13679
866,24,-14.548,0,6,7,1,0,0,0.589,0.0131,13703
867,34,-10.762,0,6,10,1,0,0,0.589,0.0131,13737
868,29,-13.62,0,5,13,1,0,0,0.588,0.0131,13766
869,19,-15.288,0,3,10,1,0,0,0.588,0.0131,13785
870,25,-15.912,0,3,7,1,0,0,0.587,0.013,13810
871,11,-15.306,0,4,6,1,0,0,0.587,0.013,13821
872,6,-15.734,0,2,4,1,0,0,0.586,0.013,13827
873,5,-14.917,0,3,2,1,0,0,0.586,0.013,13832
874,40,-13.645,0,5,15,1,0,0,0.585,0.013,13872
875,20,-15.02,0,2,8,1,0,0,0.585,0.013,13892
876,6,-11.975,0,2,1,1,0,0,0.584,0.013,13898
877,5,-15.54,0,3,3,1,0,0,0.584,0.013,13903
878,22,-11.558,0,6,9,1,0,0,0.583,0.013,13925
879,6,-9.667,0,3,1,1,0,0,0.583,0.013,13931
880,38,-14.034,0,6,9,1,0,0,0.582,0.013,13969
881,9,-15.024,0,1,6,1,0,0,0.582,0.013,13978
882,17,-14.962,0,5,6,1,0,0,0.582,0.013,13995
883,34,-16.68,0,3,13,1,0,0,0.581,0.0129,14029
884,19,-15.551,0,4,8,1,0,0,0.581,0.0129,14048
885,13,-12.047,0,3,6,1,0,0,0.58,0.0129,14061
886,60,-16.43,0,11,25,1,0,0,0.58,0.0129,14121
887,65,-19.118,0,5,19,1,0,0,0.579,0.0129,14186
888,6,-13.909,0,3,2,1,0,0,0.579,0.0129,14192
889,8,-16.384,0,3,6,1,0,0,0.578,0.0129,14200
890,29,-14.398,0,8,10,1,0,0,0.578,0.0129,14229
891,20,-14.264,0,6,5,1,0,0,0.577,0.0129,14249
892,29,-14.724,0,3,13,1,0,0,0.577,0.0129,14278
893,8,-14.779,0,1,4,1,0,0,0.576,0.0129,14286
894,12,-13.427,0,3,6,1,0,0,0.576,0.0129,14298
895,18,-15.747,0,4,9,1,0,0,0.575,0.0128,14316
896,5,-14.816,0,4,2,1,0,0,0.575,0.0128,14321
897,36,-15.856,0,4,11,1,0,0,0.574,0.0128,14357
898,12,-11.568,0,3,3,1,0,0,0.574,0.0128,14369
899,13,-14.707,0,3,5,1,0,0,0.573,0.0128,14382
900,26,-14.283,0,5,9,1,0,0,0.573,0.0128,14408
901,8,-15.049,0,3,2,1,0,0,0.573,0.0128,14416
902,21,-13.043,0,4,8,1,0,0,0.572,0.0128,14437
903,73,-18.719,0,7,26,1,0,0,0.572,0.0128,14510
904,10,-10.29,0,3,1,1,0,0,0.571,0.0128,14520
905,38,-14.701,0,6,18,1,0,0,0.571,0.0128,14558
906,14,-11.867,0,3,6,1,0,0,0.57,0.0128,14572
907,6,-13.9,0,3,2,1,0,0,0.57,0.0128,14578
908,21,-11.718,0,4,8,1,0,0,0.569,0.0127,14599
909,19,-16.012,0,4,12,1,0,0,0.569,0.0127,14618
910,16,-14.358,0,5,4,1,0,0,0.568,0.0127,14634
911,13,-14.816,0,2,6,1,0,0,0.568,0.0127,14647
912,5,-15.416,0,3,2,1,0,0,0.567,0.0127,14652
913,47,-15.183,0,9,14,1,0,0,0.567,0.0127,14699
914,47,-14.823,0,7,20,1,0,0,0.566,0.0127,14746
915,6,-13.601,0,4,4,1,0,0,0.566,0.0127,14752
916,127,-20.547,0,7,49,1,0,0,0.565,0.0127,14879
917,14,-11.969,0,2,5,1,0,0,0.565,0.0127,14893
918,5,-15.316,0,4,2,1,0,0,0.564,0.0127,14898
919,7,-13.645,0,3,4,1,0,0,0.564,0.0127,14905
920,16,-12.901,0,3,5,1,0,0,0.563,0.0126,14921
921,30,-15.373,0,3,10,1,0,0,0.563,0.0126,14951
922,16,-14.914,0,2,8,1,0,0,0.563,0.0126,14967
923,8,-13.97,0,3,2,1,0,0,0.562,0.0126,14975
924,7,-15.04,0,4,4,1,0,0,0.562,0.0126,14982
925,11,-12.249,0,3,5,1,0,0,0.561,0.0126,14993
926,48,-15.828,0,7,9,1,0,0,0.561,0.0126,15041
927,14,-14.505,0,3,6,1,0,0,0.56,0.0126,15055
928,7,-14.644,0,2,4,1,0,0,0.56,0.0126,15062
929,44,-16.654,0,5,13,1,0,0,0.559,0.0126,15106
930,12,-13.599,0,1,8,1,0,0,0.559,0.0126,15118
931,93,-21.135,0,4,36,1,0,0,0.558,0.0126,15211
932,13,-13.596,0,3,6,1,0,0,0.558,0.0126,15224
933,6,-13.939,0,3,1,1,0,0,0.557,0.0125,15230
934,25,-15.006,0,4,12,1,0,0,0.557,0.0125,15255
935,62,-15.956,0,4,33,1,0,0,0.556,0.0125,15317
936,41,-15.752,0,2,21,1,0,0,0.556,0.0125,15358
937,34,-13.183,0,6,15,1,0,0,0.555,0.0125,15392
938,59,-15.331,0,6,19,1,0,0,0.555,0.0125,15451
939,34,-15.364,0,3,12,1,0,0,0.554,0.0125,15485
940,30,-14.19,0,6,14,1,0,0,0.554,0.0125,15515
941,49,-12.072,0,2,11,1,0,0,0.553,0.0125,15564
942,9,-13.992,0,3,3,1,0,0,0.553,0.0125,15573
943,64,-15.584,0,5,26,1,0,0,0.553,0.0125,15637
944,38,-14.882,0,5,13,1,0,0,0.552,0.0125,15675
945,90,-19.771,0,6,36,1,0,0,0.552,0.0124,15765
946,19,-15.371,0,3,9,1,0,0,0.551,0.0124,15784
947,60,-15.193,0,8,22,1,0,0,0.551,0.0124,15844
948,23,-15.394,0,3,8,1,0,0,0.55,0.0124,15867
949,5,-15.495,0,3,3,1,0,0,0.55,0.0124,15872
950,8,-15.21,0,3,5,1,0,0,0.549,0.0124,15880
951,35,-15.263,0,6,15,1,0,0,0.549,0.0124,15915
952,45,-16.372,0,5,19,1,0,0,0.548,0.0124,15960
953,40,-13.943,0,7,11,1,0,0,0.548,0.0124,16000
954,69,-17.635,0,6,19,1,0,0,0.547,0.0124,16069
955,41,-10.893,0,2,7,1,0,0,0.547,0.0124,16110
956,53,-11.088,0,7,16,1,0,0,0.546,0.0124,16163
957,14,-13.784,0,5,5,1,0,0,0.546,0.0124,16177
958,23,-11.491,0,6,4,1,0,0,0.545,0.0123,16200
959,35,-14.655,0,4,15,1,0,0,0.545,0.0123,16235
960,34,-15.29,0,6,9,1,0,0,0.544,0.0123,16269
961,38,-16.612,0,3,19,1,0,0,0.544,0.0123,16307
962,12,-12.079,0,3,6,1,0,0,0.544,0.0123,16319
963,33,-13.98,0,4,16,1,0,0,0.543,0.0123,16352
964,9,-15.49,0,4,3,1,0,0,0.543,0.0123,16361
965,74,-17.897,0,10,27,1,0,0,0.542,0.0123,16435
966,25,-16.02,0,3,10,1,0,0,0.542,0.0123,16460
967,39,-15.046,0,2,17,1,0,0,0.541,0.0123,16499
968,47,-14.981,0,9,7,1,0,0,0.541,0.0123,16546
969,17,-15.091,0,3,7,1,0,0,0.54,0.0123,16563
970,57,-16.021,0,5,16,1,0,0,0.54,0.0122,16620
971,5,-14.11,0,3,3,1,0,0,0.539,0.0122,16625
972,73,-15.386,0,9,32,1,0,0,0.539,0.0122,16698
973,54,-16.03,0,5,14,1,0,0,0.538,0.0122,16752
974,21,-13.955,0,1,8,1,0,0,0.538,0.0122,16773
975,68,-17.206,0,4,22,1,0,0,0.537,0.0122,16841
976,69,-13.058,1,10,21,1,0,0,0.537,0.0122,16910
977,23,-14.526,0,6,6,1,0,0,0.536,0.0122,16933
978,9,-11.71,0,3,2,1,0,0,0.536,0.0122,16942
979,7,-12.525,0,2,3,1,0,0,0.535,0.0122,16949
980,9,-16.255,0,3,5,1,0,0,0.535,0.0122,16958
981,12,-11.926,0,1,1,1,0,0,0.534,0.0122,16970
982,30,-14.886,0,3,8,1,0,0,0.534,0.0122,17000
983,15,-14.347,0,5,4,1,0,0,0.534,0.0121,17015
984,35,-14.939,0,5,15,1,0,0,0.533,0.0121,17050
985,41,-14.123,0,3,12,1,0,0,0.533,0.0121,17091
986,105,-19.084,0,5,38,1,0,0,0.532,0.0121,17196
987,13,-13.838,0,6,3,1,0,0,0.532,0.0121,17209
988,26,-15.083,0,6,10,1,0,0,0.531,0.0121,17235
989,14,-11.067,0,5,1,1,0,0,0.531,0.0121,17249
990,12,-14.079,0,4,3,1,0,0,0.53,0.0121,17261
991,63,-16.749,0,4,20,1,0,0,0.53,0.0121,17324
992,25,-16.066,0,2,12,1,0,0,0.529,0.0121,17349
993,13,-14.291,0,3,5,1,0,0,0.529,0.0121,17362
994,33,-15.259,0,5,10,1,0,0,0.528,0.0121,17395
995,34,-15.529,0,3,14,1,0,0,0.528,0.012,17429
996,9,-13.402,0,2,4,1,0,0,0.527,0.012,17438
997,11,-14.612,0,3,3,1,0,0,0.527,0.012,17449
998,6,-13.636,0,2,2,1,0,0,0.526,0.012,17455
999,14,-12.824,0,2,7,1,0,0,0.526,0.012,17469
1000,38,-16.628,0,5,12,1,0,0,0.525,0.012,17507
1001,5,-14.909,0,3,2,1,0,0,0.525,0.012,17512
1002,27,-15.101,0,5,10,1,0,0,0.525,0.012,17539
1003,39,-13.514,0,2,17,1,0,0,0.524,0.012,17578
1004,135,-19.432,0,12,53,1,0,0,0.524,0.012,17713
1005,5,-14.847,0,4,3,1,0,0,0.523,0.012,17718
1006,22,-15.863,0,2,8,1,0,0,0.523,0.012,17740
1007,20,-13.59,0,6,6,1,0,0,0.522,0.012,17760
1008,77,-18.643,0,7,37,1,0,0,0.522,0.0119,17837
1009,25,-13.122,0,6,8,1,0,0,0.521,0.0119,17862
1010,35,-12.611,0,1,9,1,0,0,0.521,0.0119,17897
1011,9,-14.627,0,3,3,1,0,0,0.52,0.0119,17906
1012,12,-12.845,0,3,5,1,0,0,0.52,0.0119,17918
1013,46,-17.398,0,4,27,1,0,0,0.519,0.0119,17964
1014,71,-18.919,0,8,34,1,0,0,0.519,0.0119,18035
1015,14,-13.434,0,3,4,1,0,0,0.518,0.0119,18049
1016,83,-15.222,0,10,32,1,0,0,0.518,0.0119,18132
1017,60,-13.789,0,2,16,1,0,0,0.517,0.0119,18192
1018,13,-11.046,0,3,2,1,0,0,0.517,0.0119,18205
1019,74,-16.549,0,7,26,1,0,0,0.516,0.0119,18279
1020,51,-16.26,0,6,21,1,0,0,0.516,0.0118,18330
1021,51,-14.673,0,5,17,1,0,0,0.515,0.0118,18381
1022,46,-14.528,0,8,13,1,0,0,0.515,0.0118,18427
1023,101,-16.602,0,5,41,1,0,0,0.515,0.0118,18528
1024,96,-18.253,0,9,44,1,0,0,0.514,0.0118,18624
1025,17,-13.012,0,2,7,1,0,0,0.514,0.0118,18641
1026,49,-15.949,0,7,18,1,0,0,0.513,0.0118,18690
1027,11,-15.071,0,2,3,1,0,0,0.513,0.0118,18701
1028,10,-16.343,0,4,5,1,0,0,0.512,0.0118,18711
1029,27,-13.007,0,3,7,1,0,0,0.512,0.0118,18738
1030,5,-15.237,0,4,1,1,0,0,0.511,0.0118,18743
1031,87,-11.738,1,7,30,1,0,0,0.511,0.0118,18830
1032,25,-13.894,0,6,14,1,0,0,0.51,0.0118,18855
1033,6,-13.526,0,3,3,1,0,0,0.51,0.0117,18861
1034,31,-12.937,0,1,11,1,0,0,0.509,0.0117,18892
1035,89,-17.35,0,4,27,1,0,0,0.509,0.0117,18981
1036,39,-16.511,0,4,19,1,0,0,0.508,0.0117,19020
1037,5,-14.817,0,4,2,1,0,0,0.508,0.0117,19025
1038,32,-12.2,0,8,9,1,0,0,0.507,0.0117,19057
1039,37,-15.442,0,3,16,1,0,0,0.507,0.0117,19094
1040,16,-16.264,0,4,9,1,0,0,0.506,0.0117,19110
1041,10,-14.898,0,1,5,1,0,0,0.506,0.0117,19120
1042,18,-15.708,0,5,7,1,0,0,0.506,0.0117,19138
1043,37,-15.034,0,8,15,1,0,0,0.505,0.0117,19175
1044,8,-14.202,0,1,3,1,0,0,0.505,0.0117,19183
1045,46,-16.43,0,4,14,1,0,0,0.504,0.0116,19229
1046,25,-14.854,0,6,6,1,0,0,0.504,0.0116,19254
1047,5,-15.452,0,3,3,1,0,0,0.503,0.0116,19259
1048,84,-10.676,0,5,31,0,0,0,0.503,0.0116,19343
1049,6,-13.859,0,3,3,1,0,0,0.502,0.0116,19349
1050,55,-18.337,0,4,17,1,0,0,0.502,0.0116,19404
1051,59,-16.523,0,5,25,1,0,0,0.501,0.0116,19463
1052,47,-17.239,0,6,19,1,0,0,0.501,0.0116,19510
1053,97,-10.5,0,18,25,1,0,0,0.5,0.0116,19607
1054,42,-16.751,0,4,13,1,0,0,0.5,0.0116,19649
1055,100,-17.476,1,16,35,1,0,0,0.499,0.0116,19749
1056,46,-13.989,0,8,17,1,0,0,0.499,0.0116,19795
1057,60,-13.774,0,6,27,1,0,0,0.498,0.0116,19855
1058,12,-10.092,0,3,1,1,0,0,0.498,0.0115,19867
1059,33,-16.167,0,4,11,1,0,0,0.497,0.0115,19900
1060,11,-13.297,0,2,3,1,0,0,0.497,0.0115,19911
1061,33,-12.306,0,5,10,1,0,0,0.496,0.0115,19944
1062,12,-11.445,0,3,2,1,0,0,0.496,0.0115,19956
1063,50,-15.278,0,8,16,1,0,0,0.496,0.0115,20006
1064,11,-9.236,0,2,0,1,0,0,0.495,0.0115,20017
1065,171,-21.794,0,13,73,1,0,0,0.495,0.0115,20188
1066,17,-14.701,0,2,7,1,0,0,0.494,0.0115,20205
1067,10,-13.485,0,4,3,1,0,0,0.494,0.0115,20215
1068,5,-15.404,0,3,1,1,0,0,0.493,0.0115,20220
1069,20,-11.824,0,3,7,1,0,0,0.493,0.0115,20240
1070,19,-14.426,0,5,8,1,0,0,0.492,0.0114,20259
1071,17,-12.379,0,1,7,1,0,0,0.492,0.0114,20276
1072,56,-16.535,0,6,22,1,0,0,0.491,0.0114,20332
1073,6,-13.307,0,2,2,1,0,0,0.491,0.0114,20338
1074,105,-17.862,0,10,30,1,0,0,0.49,0.0114,20443
1075,5,-15.315,0,4,2,1,0,0,0.49,0.0114,20448
1076,19,-13.698,0,3,8,1,0,0,0.489,0.0114,20467
1077,8,-14.04,0,3,4,1,0,0,0.489,0.0114,20475
1078,109,-15.271,0,6,38,1,1,0,0.488,0.0114,20584
1079,183,-17.072,0,19,65,1,0,0,0.488,0.0114,20767
1080,62,-11.148,0,7,16,1,0,0,0.487,0.0114,20829
1081,17,-16.126,0,3,5,1,0,0,0.487,0.0114,20846
1082,73,-15.721,0,9,17,1,0,0,0.487,0.0114,20919
1083,17,-14.459,0,4,4,1,0,0,0.486,0.0113,20936
1084,9,-14.969,0,1,5,1,0,0,0.486,0.0113,20945
1085,60,-13.505,0,5,17,1,0,0,0.485,0.0113,21005
1086,47,-16.391,0,5,19,1,0,0,0.485,0.0113,21052
1087,72,-10.635,0,6,33,0,0,0,0.484,0.0113,21124
1088,112,-18.06,0,7,24,1,0,0,0.484,0.0113,21236
1089,29,-15.552,0,2,9,1,0,0,0.483,0.0113,21265
1090,33,-15.793,0,5,14,1,0,0,0.483,0.0113,21298
1091,5,-15.437,0,2,1,1,0,0,0.482,0.0113,21303
1092,17,-13.064,0,5,3,1,0,0,0.482,0.0113,21320
1093,11,-13.71,0,4,2,1,0,0,0.481,0.0113,21331
1094,8,-11.326,0,1,1,1,0,0,0.481,0.0113,21339
1095,10,-16.155,0,4,4,1,0,0,0.48,0.0112,21349
1096,64,-15.388,0,4,15,1,0,0,0.48,0.0112,21413
1097,32,-14.401,0,7,9,1,0,0,0.479,0.0112,21445
1098,47,-17.208,0,6,19,1,0,0,0.479,0.0112,21492
1099,59,-16.613,0,6,16,1,0,0,0.478,0.0112,21551
1100,5,-13.901,0,3,3,1,0,0,0.478,0.0112,21556
1101,20,-14.481,0,3,7,1,0,0,0.477,0.0112,21576
1102,56,-16.097,0,1,20,1,0,0,0.477,0.0112,21632
1103,98,-15.211,0,11,33,1,0,0,0.477,0.0112,21730
1104,32,-15.139,0,6,13,1,0,0,0.476,0.0112,21762
1105,64,-16.702,0,5,25,1,0,0,0.476,0.0112,21826
1106,34,-15.503,0,2,9,1,0,0,0.475,0.0112,21860
1107,31,-14.582,0,4,5,1,0,0,0.475,0.0112,21891
1108,20,-13.983,0,5,8,1,0,0,0.474,0.0111,21911
1109,51,-15.707,0,5,19,1,0,0,0.474,0.0111,21962
1110,9,-11.281,0,3,3,1,0,0,0.473,0.0111,21971
1111,148,-23.269,0,5,61,1,0,0,0.473,0.0111,22119
1112,62,-14.706,0,5,24,1,0,0,0.472,0.0111,22181
1113,76,-14.795,1,15,23,1,0,0,0.472,0.0111,22257
1114,35,-14.735,0,8,12,1,0,0,0.471,0.0111,22292
1115,89,-17.912,0,6,24,1,0,0,0.471,0.0111,22381
1116,38,-16.355,0,4,10,1,0,0,0.47,0.0111,22419
1117,67,-15.86,0,5,22,1,0,0,0.47,0.0111,22486
1118,92,-16.425,0,6,33,1,0,0,0.469,0.0111,22578
1119,6,-15.131,0,2,3,1,0,0,0.469,0.0111,22584
1120,15,-13.921,0,3,5,1,0,0,0.468,0.011,22599
1121,16,-15.415,0,2,9,1,0,0,0.468,0.011,22615
1122,62,-15.77,0,6,20,1,0,0,0.468,0.011,22677
1123,49,-16.706,0,4,23,1,0,0,0.467,0.011,22726
1124,5,-15.017,0,2,2,1,0,0,0.467,0.011,22731
1125,7,-15.078,0,4,3,1,0,0,0.466,0.011,22738
1126,68,-15.893,0,9,21,1,0,0,0.466,0.011,22806
1127,82,-15.534,0,9,22,1,0,0,0.465,0.011,22888
1128,11,-14.682,0,1,2,1,0,0,0.465,0.011,22899
1129,12,-12.69,0,3,3,1,0,0,0.464,0.011,22911
1130,203,-23.134,0,14,63,1,0,0,0.464,0.011,23114
1131,39,-15.274,0,4,13,1,0,0,0.463,0.011,23153
1132,74,-18.177,0,8,22,1,0,0,0.463,0.011,23227
1133,95,-18.162,2,10,34,1,0,0,0.462,0.0109,23322
1134,33,-10.734,0,4,10,1,0,0,0.462,0.0109,23355
1135,11,-15.34,0,3,4,1,0,0,0.461,0.0109,23366
1136,63,-13.382,0,7,16,1,0,0,0.461,0.0109,23429
1137,56,-12.629,0,9,12,1,0,0,0.46,0.0109,23485
1138,25,-12.737,0,7,7,1,0,0,0.46,0.0109,23510
1139,7,-14.021,0,3,2,1,0,0,0.459,0.0109,23517
1140,77,-17.112,0,5,31,1,0,0,0.459,0.0109,23594
1141,67,-18.523,0,4,29,1,0,0,0.459,0.0109,23661
1142,26,-14.476,0,7,9,1,0,0,0.458,0.0109,23687
1143,11,-11.37,0,3,3,1,0,0,0.458,0.0109,23698
1144,94,-16.54,1,12,41,1,0,0,0.457,0.0109,23792
1145,32,-16.631,0,5,14,1,0,0,0.457,0.0108,23824
1146,123,-21.459,0,8,54,1,0,0,0.456,0.0108,23947
1147,67,-16.26,0,11,19,1,0,0,0.456,0.0108,24014
1148,5,-14.916,0,3,2,1,0,0,0.455,0.0108,24019
1149,42,-13.366,0,3,9,1,0,0,0.455,0.0108,24061
1150,40,-16.174,0,3,17,1,0,0,0.454,0.0108,24101
1151,39,-11.954,0,4,7,1,0,0,0.454,0.0108,24140
1152,100,-12.29,0,10,24,0,0,0,0.453,0.0108,24240
1153,30,-12.506,0,3,7,1,0,0,0.453,0.0108,24270
1154,8,-13.335,0,4,2,1,0,0,0.452,0.0108,24278
1155,13,-11.62,0,3,1,1,0,0,0.452,0.0108,24291
1156,171,-16.892,0,14,55,1,0,0,0.451,0.0108,24462
1157,31,-11.111,0,4,13,1,0,0,0.451,0.0108,24493
1158,38,-14.195,0,10,6,1,0,0,0.45,0.0107,24531
1159,297,-24.865,0,11,95,0,0,0,0.45,0.0107,24828
1160,12,-11.887,0,3,3,1,0,0,0.449,0.0107,24840
1161,34,-12.932,0,8,8,1,0,0,0.449,0.0107,24874
1162,16,-11.739,0,2,3,1,0,0,0.449,0.0107,24890
1163,46,-11.514,0,5,10,1,0,0,0.448,0.0107,24936
1164,6,-14.386,0,3,3,1,0,0,0.448,0.0107,24942
1165,5,-14.937,0,2,1,1,0,0,0.447,0.0107,24947
1166,34,-12.214,0,4,8,1,0,0,0.447,0.0107,24981
1167,5,-15.372,0,3,2,1,0,0,0.446,0.0107,24986
1168,15,-13.749,0,4,11,1,0,0,0.446,0.0107,25001
1169,48,-14.222,0,2,13,1,0,0,0.445,0.0107,25049
1170,5,-14.942,0,4,3,1,0,0,0.445,0.0106,25054
1171,91,-14.893,0,5,28,1,0,0,0.444,0.0106,25145
1172,27,-15.922,0,2,10,1,0,0,0.444,0.0106,25172
1173,37,-15.684,0,5,16,1,0,0,0.443,0.0106,25209
1174,5,-15.575,0,2,3,1,0,0,0.443,0.0106,25214
1175,26,-10.474,0,3,5,1,0,0,0.442,0.0106,25240
1176,76,-14.009,0,6,24,1,0,0,0.442,0.0106,25316
1177,45,-12.846,0,5,9,1,0,0,0.441,0.0106,25361
1178,9,-9.807,0,2,2,1,0,0,0.441,0.0106,25370
1179,92,-16.884,0,8,26,1,0,0,0.44,0.0106,25462
1180,233,-24.524,0,13,83,1,0,0,0.44,0.0106,25695
1181,105,-17.66,0,14,35,1,0,0,0.44,0.0106,25800
1182,52,-16.033,0,3,9,1,0,0,0.439,0.0106,25852
1183,10,-14.797,0,2,4,1,0,0,0.439,0.0105,25862
1184,32,-11.765,0,5,8,1,0,0,0.438,0.0105,25894
1185,10,-14.852,0,1,4,1,0,0,0.438,0.0105,25904
1186,10,-15.121,0,4,3,1,0,0,0.437,0.0105,25914
1187,45,-13.267,0,5,12,1,0,0,0.437,0.0105,25959
1188,21,-14.235,0,2,6,1,0,0,0.436,0.0105,25980
1189,65,-17.861,0,4,16,1,0,0,0.436,0.0105,26045
1190,43,-15.657,0,1,9,1,0,0,0.435,0.0105,26088
1191,75,-15.901,0,9,24,1,0,0,0.435,0.0105,26163
1192,46,-15.306,0,2,8,1,0,0,0.434,0.0105,26209
1193,5,-13.691,0,4,1,1,0,0,0.434,0.0105,26214
1194,48,-14.494,0,5,9,1,0,0,0.433,0.0105,26262
1195,64,-18.484,0,7,29,1,0,0,0.433,0.0104,26326
1196,83,-16.239,0,12,27,1,0,0,0.432,0.0104,26409
1197,6,-13.987,0,2,3,1,0,0,0.432,0.0104,26415
1198,191,-13.767,2,20,43,1,0,0,0.431,0.0104,26606
1199,57,-15.646,0,10,16,1,0,0,0.431,0.0104,26663
1200,43,-15.109,0,4,16,1,0,0,0.43,0.0104,26706
1201,43,-14.897,0,8,19,1,0,0,0.43,0.0104,26749
1202,20,-14.014,0,3,5,1,0,0,0.43,0.0104,26769
1203,21,-13.699,0,5,3,1,0,0,0.429,0.0104,26790
1204,20,-15.165,0,4,11,1,0,0,0.429,0.0104,26810
1205,142,-22.728,1,5,62,1,0,0,0.428,0.0104,26952
1206,8,-10.791,0,3,1,1,0,0,0.428,0.0104,26960
1207,16,-12.349,0,5,2,1,0,0,0.427,0.0104,26976
1208,72,-18.125,0,5,30,1,0,0,0.427,0.0103,27048
1209,20,-14.942,0,4,7,1,0,0,0.426,0.0103,27068
1210,167,-20.312,1,9,50,1,0,0,0.426,0.0103,27235
1211,34,-12.833,0,9,9,1,0,0,0.425,0.0103,27269
1212,177,-21.768,0,17,54,1,0,0,0.425,0.0103,27446
1213,21,-12.275,0,2,4,1,0,0,0.424,0.0103,27467
1214,146,-21.125,0,8,42,1,0,0,0.424,0.0103,27613
1215,39,-14.618,0,9,7,1,0,0,0.423,0.0103,27652
1216,35,-13.607,0,3,10,1,0,0,0.423,0.0103,27687
1217,5,-13.675,0,2,2,1,0,0,0.422,0.0103,27692
1218,13,-15.166,0,6,6,1,0,0,0.422,0.0103,27705
1219,43,-15.678,0,2,9,1,0,0,0.421,0.0103,27748
1220,17,-12.874,0,2,4,1,0,0,0.421,0.0102,27765
1221,25,-12.851,0,5,7,1,0,0,0.42,0.0102,27790
1222,7,-13.501,0,3,1,1,0,0,0.42,0.0102,27797
1223,141,-17.818,0,15,54,1,0,0,0.42,0.0102,27938
1224,77,-15.574,0,8,33,1,0,0,0.419,0.0102,28015
1225,19,-12.32,0,3,6,1,0,0,0.419,0.0102,28034
1226,158,-21.069,0,10,55,1,0,0,0.418,0.0102,28192
1227,79,-18.949,0,6,27,1,0,0,0.418,0.0102,28271
1228,104,-16.828,0,11,23,1,0,0,0.417,0.0102,28375
1229,7,-14.707,0,2,3,1,0,0,0.417,0.0102,28382
1230,94,-16.145,0,14,20,1,0,0,0.416,0.0102,28476
1231,21,-10.312,0,3,3,1,0,0,0.416,0.0102,28497
1232,21,-15.491,0,3,4,1,0,0,0.415,0.0102,28518
1233,34,-16.773,0,4,13,1,0,0,0.415,0.0101,28552
1234,29,-14.627,0,3,11,1,0,0,0.414,0.0101,28581
1235,44,-16.602,0,5,14,1,0,0,0.414,0.0101,28625
1236,168,-19.789,0,18,61,1,0,0,0.413,0.0101,28793
1237,8,-13.704,0,4,5,1,0,0,0.413,0.0101,28801
1238,19,-14.004,0,4,4,1,0,0,0.412,0.0101,28820
1239,50,-17.526,0,8,19,1,0,0,0.412,0.0101,28870
1240,27,-16.732,0,3,12,1,0,0,0.411,0.0101,28897
1241,5,-15.337,0,3,1,1,0,0,0.411,0.0101,28902
1242,44,-16.63,0,3,25,1,0,0,0.411,0.0101,28946
1243,26,-15.084,0,2,9,1,0,0,0.41,0.0101,28972
1244,45,-15.184,0,6,18,1,0,0,0.41,0.0101,29017
1245,14,-11.842,0,2,4,1,0,0,0.409,0.01,29031
1246,41,-15.035,0,8,14,1,0,0,0.409,0.01,29072
1247,26,-13.67,0,2,5,1,0,0,0.408,0.01,29098
1248,95,-18.245,0,4,36,1,0,0,0.408,0.01,29193
1249,21,-14.95,0,6,6,1,0,0,0.407,0.01,29214
1250,103,-13.245,0,8,42,1,1,0,0.407,0.01,29317
1251,36,-15.526,0,8,8,1,0,0,0.406,0.01,29353
1252,12,-11.429,0,2,2,1,0,0,0.406,0.01,29365
1253,32,-15.561,0,3,8,1,0,0,0.405,0.01,29397
1254,27,-14.592,0,5,9,1,0,0,0.405,0.01,29424
1255,48,-12.275,0,9,13,1,0,0,0.404,0.01,29472
1256,11,-14.341,0,2,4,1,0,0,0.404,0.01,29483
1257,23,-15.233,0,5,7,1,0,0,0.403,0.01,29506
1258,60,-15.462,0,9,17,1,0,0,0.403,0.0099,29566
1259,19,-11.191,0,5,1,1,0,0,0.402,0.0099,29585
1260,91,-19.788,0,6,41,1,0,0,0.402,0.0099,29676
1261,82,-15.197,0,10,16,1,0,0,0.401,0.0099,29758
1262,28,-11.125,0,6,4,1,0,0,0.401,0.0099,29786
1263,49,-13.611,0,8,5,1,0,0,0.401,0.0099,29835
1264,72,-14.964,0,10,15,1,0,0,0.4,0.0099,29907
1265,80,-13.994,0,6,28,1,0,0,0.4,0.0099,29987
1266,5,-15.079,0,1,1,1,0,0,0.399,0.0099,29992
1267,155,-22.112,0,11,59,1,0,0,0.399,0.0099,30147
1268,29,-14.753,0,5,6,1,0,0,0.398,0.0099,30176
1269,32,-14.095,0,9,8,1,0,0,0.398,0.0099,30208
1270,5,-14.757,0,3,0,1,0,0,0.397,0.0098,30213
1271,101,-17.921,0,10,39,1,0,0,0.397,0.0098,30314
1272,31,-16.851,0,3,8,1,0,0,0.396,0.0098,30345
1273,87,-7.525,0,11,31,0,0,0,0.396,0.0098,30432
1274,165,-20.752,0,9,51,1,0,0,0.395,0.0098,30597
1275,5,-15.467,0,2,2,1,0,0,0.395,0.0098,30602
1276,42,-15.409,0,5,13,1,0,0,0.394,0.0098,30644
1277,89,-14.109,0,11,38,1,0,0,0.394,0.0098,30733
1278,172,-12.254,0,11,30,0,0,0,0.393,0.0098,30905
1279,108,-15.742,1,9,43,1,0,0,0.393,0.0098,31013
1280,57,-13.024,0,6,16,1,0,0,0.392,0.0098,31070
1281,17,-12.065,0,1,4,1,0,0,0.392,0.0098,31087
1282,39,-15.471,1,4,10,1,0,0,0.392,0.0098,31126
1283,15,-14.49,0,3,6,1,0,0,0.391,0.0097,31141
1284,18,-14.372,0,2,3,1,0,0,0.391,0.0097,31159
1285,30,-12.556,0,4,6,1,0,0,0.39,0.0097,31189
1286,58,-18.61,0,2,22,1,0,0,0.39,0.0097,31247
1287,13,-15.336,0,2,3,1,0,0,0.389,0.0097,31260
1288,65,-15.357,1,5,27,1,0,0,0.389,0.0097,31325
1289,148,-15.812,0,9,38,1,0,0,0.388,0.0097,31473
1290,132,-17.475,0,7,23,1,0,0,0.388,0.0097,31605
1291,30,-15.741,0,2,11,1,0,0,0.387,0.0097,31635
1292,22,-11.723,0,5,6,1,0,0,0.387,0.0097,31657
1293,26,-15.122,0,5,9,1,0,0,0.386,0.0097,31683
1294,95,-15.678,1,11,24,1,0,0,0.386,0.0097,31778
1295,96,-20.047,0,7,42,1,0,0,0.385,0.0096,31874
1296,5,-14.02,0,3,3,1,0,0,0.385,0.0096,31879
1297,45,-15.65,0,6,12,1,0,0,0.384,0.0096,31924
1298,25,-16.418,0,2,7,1,0,0,0.384,0.0096,31949
1299,156,-16.289,1,15,37,1,0,0,0.383,0.0096,32105
1300,43,-16.518,0,1,14,1,0,0,0.383,0.0096,32148
1301,84,-17.881,0,3,23,1,0,0,0.382,0.0096,32232
1302,104,-18.644,0,5,31,1,0,0,0.382,0.0096,32336
1303,40,-8.68,0,8,9,1,0,0,0.382,0.0096,32376
1304,24,-13.179,0,8,7,1,0,0,0.381,0.0096,32400
1305,47,-14.386,0,10,12,1,0,0,0.381,0.0096,32447
1306,72,-15.548,0,5,14,1,0,0,0.38,0.0096,32519
1307,6,-13.025,0,3,3,1,0,0,0.38,0.0096,32525
1308,70,-14.362,0,5,31,1,0,0,0.379,0.0095,32595
1309,41,-15.455,0,4,9,1,0,0,0.379,0.0095,32636
1310,57,-17.879,0,3,15,1,0,0,0.378,0.0095,32693
1311,55,-16.739,0,3,12,1,0,0,0.378,0.0095,32748
1312,12,-13.59,0,3,1,1,0,0,0.377,0.0095,32760
1313,64,-15.597,0,6,11,1,0,0,0.377,0.0095,32824
1314,6,-14.755,0,4,2,1,0,0,0.376,0.0095,32830
1315,165,-21.167,0,3,56,1,0,0,0.376,0.0095,32995
1316,55,-13.94,0,5,15,1,0,0,0.375,0.0095,33050
1317,149,-18.478,0,10,41,1,0,0,0.375,0.0095,33199
1318,96,-19.282,0,9,28,1,0,0,0.374,0.0095,33295
1319,55,-15.087,0,7,21,1,0,0,0.374,0.0095,33350
1320,114,-15.882,0,5,25,1,0,0,0.373,0.0094,33464
1321,30,-16.404,0,5,11,1,0,0,0.373,0.0094,33494
1322,21,-15.658,0,2,4,1,0,0,0.373,0.0094,33515
1323,29,-16.098,0,3,10,1,0,0,0.372,0.0094,33544
1324,70,-16.747,0,9,15,1,0,0,0.372,0.0094,33614
1325,121,-17.934,0,12,34,1,0,0,0.371,0.0094,33735
1326,44,-11.825,0,3,7,1,0,0,0.371,0.0094,33779
1327,27,-11.965,0,5,10,1,0,0,0.37,0.0094,33806
1328,64,-17.578,0,5,26,1,0,0,0.37,0.0094,33870
1329,145,-14.184,0,11,31,1,0,0,0.369,0.0094,34015
1330,10,-14.925,0,3,1,1,0,0,0.369,0.0094,34025
1331,116,-19.986,0,5,34,1,0,0,0.368,0.0094,34141
1332,45,-17.002,0,3,9,1,0,0,0.368,0.0094,34186
1333,103,-17.702,1,12,34,1,0,0,0.367,0.0093,34289
1334,8,-14.777,0,1,4,1,0,0,0.367,0.0093,34297
1335,225,-21.524,1,26,77,1,0,0,0.366,0.0093,34522
1336,141,-18.196,0,16,47,1,0,0,0.366,0.0093,34663
1337,180,-22.259,1,11,64,1,0,0,0.365,0.0093,34843
1338,30,-15.884,0,3,18,1,0,0,0.365,0.0093,34873
1339,22,-12.11,0,3,6,1,0,0,0.364,0.0093,34895
1340,40,-16.876,0,5,10,1,0,0,0.364,0.0093,34935
1341,14,-15.93,0,3,5,1,0,0,0.363,0.0093,34949
1342,95,-14.615,0,10,26,1,0,0,0.363,0.0093,35044
1343,166,-22.714,0,8,57,1,0,0,0.363,0.0093,35210
1344,68,-15.324,0,9,15,1,0,0,0.362,0.0093,35278
1345,8,-9.946,0,1,1,1,0,0,0.362,0.0092,35286
1346,18,-13.405,0,7,3,1,0,0,0.361,0.0092,35304
1347,5,-14.77,0,4,2,1,0,0,0.361,0.0092,35309
1348,9,-11.891,0,3,1,1,0,0,0.36,0.0092,35318
1349,45,-12.093,0,7,7,1,0,0,0.36,0.0092,35363
1350,233,-29.248,0,13,94,1,0,0,0.359,0.0092,35596
1351,127,-22.949,0,10,64,1,0,0,0.359,0.0092,35723
1352,158,-20.914,0,5,45,1,0,0,0.358,0.0092,35881
1353,12,-14.271,0,3,4,1,0,0,0.358,0.0092,35893
1354,33,-13.359,0,2,9,1,0,0,0.357,0.0092,35926
1355,41,-16.299,0,4,12,1,0,0,0.357,0.0092,35967
1356,113,-18.834,0,3,40,1,0,0,0.356,0.0092,36080
1357,39,-11.625,0,7,10,1,0,0,0.356,0.0092,36119
1358,264,-24.486,1,10,71,1,0,0,0.355,0.0091,36383
1359,137,-19.433,0,9,59,1,0,0,0.355,0.0091,36520
1360,6,-13.081,0,2,3,1,0,0,0.354,0.0091,36526
1361,49,-16.768,0,12,13,1,0,0,0.354,0.0091,36575
1362,66,-16.364,0,6,25,1,0,0,0.354,0.0091,36641
1363,15,-11.602,0,2,2,1,0,0,0.353,0.0091,36656
1364,35,-15.736,0,5,7,1,0,0,0.353,0.0091,36691
1365,58,-16.068,0,8,26,1,0,0,0.352,0.0091,36749
1366,35,-13.2,0,3,5,1,0,0,0.352,0.0091,36784
1367,64,-15.672,0,7,10,1,0,0,0.351,0.0091,36848
1368,69,-11.85,0,5,10,1,0,0,0.351,0.0091,36917
1369,6,-13.115,0,3,3,1,0,0,0.35,0.0091,36923
1370,72,-13.841,0,6,15,1,0,0,0.35,0.009,36995
1371,19,-11.777,0,2,3,1,0,0,0.349,0.009,37014
1372,5,-14.607,0,4,0,1,0,0,0.349,0.009,37019
1373,46,-11.799,0,8,9,1,0,0,0.348,0.009,37065
1374,156,-21.806,0,9,53,1,0,0,0.348,0.009,37221
1375,13,-11.966,0,2,3,1,0,0,0.347,0.009,37234
1376,160,-15.308,1,18,78,1,1,0,0.347,0.009,37394
1377,23,-11.89,0,3,5,1,0,0,0.346,0.009,37417
1378,99,-17.239,0,6,20,1,0,0,0.346,0.009,37516
1379,165,-25.11,0,6,60,1,0,0,0.345,0.009,37681
1380,116,-19.979,0,9,48,1,0,0,0.345,0.009,37797
1381,19,-14.164,0,3,4,1,0,0,0.345,0.009,37816
1382,27,-15.194,0,5,8,1,0,0,0.344,0.009,37843
1383,28,-10.405,0,3,1,1,0,0,0.344,0.0089,37871
1384,41,-15.148,0,7,15,1,0,0,0.343,0.0089,37912
1385,17,-12.776,0,5,5,1,0,0,0.343,0.0089,37929
1386,116,-14.756,0,15,36,1,0,0,0.342,0.0089,38045
1387,59,-17.009,0,3,13,1,0,0,0.342,0.0089,38104
1388,90,-20.006,0,4,43,1,0,0,0.341,0.0089,38194
1389,46,-14.703,0,8,23,1,0,0,0.341,0.0089,38240
1390,32,-12.831,0,3,6,1,0,0,0.34,0.0089,38272
1391,73,-17.261,0,3,26,1,0,0,0.34,0.0089,38345
1392,30,-14.032,0,8,9,1,0,0,0.339,0.0089,38375
1393,74,-17.093,0,2,34,1,0,0,0.339,0.0089,38449
1394,33,-16.277,0,5,13,1,0,0,0.338,0.0089,38482
1395,38,-17.474,0,2,11,1,0,0,0.338,0.0088,38520
1396,128,-19.475,0,10,35,1,0,0,0.337,0.0088,38648
1397,8,-10.695,0,3,1,1,0,0,0.337,0.0088,38656
1398,8,-14.621,0,3,4,1,0,0,0.336,0.0088,38664
1399,35,-15.487,0,5,12,1,0,0,0.336,0.0088,38699
1400,184,-23.973,0,5,55,1,0,0,0.335,0.0088,38883
1401,73,-12.993,0,4,14,1,0,0,0.335,0.0088,38956
1402,5,-14.657,0,4,0,1,0,0,0.335,0.0088,38961
1403,45,-11.183,0,4,5,1,0,0,0.334,0.0088,39006
1404,31,-10.412,0,7,9,1,0,0,0.334,0.0088,39037
1405,82,-14.009,1,8,30,1,0,0,0.333,0.0088,39119
1406,247,-23.095,1,16,75,1,0,0,0.333,0.0088,39366
1407,45,-12.714,0,5,14,1,0,0,0.332,0.0088,39411
1408,195,-21.336,0,6,40,1,0,0,0.332,0.0087,39606
1409,5,-13.337,0,3,1,1,0,0,0.331,0.0087,39611
1410,124,-19.274,0,12,28,1,0,0,0.331,0.0087,39735
1411,25,-13.943,0,3,7,1,0,0,0.33,0.0087,39760
1412,71,-17.445,0,7,16,1,0,0,0.33,0.0087,39831
1413,106,-14.4,0,7,33,1,0,0,0.329,0.0087,39937
1414,68,-12.699,0,4,14,1,0,0,0.329,0.0087,40005
1415,18,-15.591,0,2,4,1,0,0,0.328,0.0087,40023
1416,59,-16.127,0,7,17,1,0,0,0.328,0.0087,40082
1417,7,-15.983,0,2,5,1,0,0,0.327,0.0087,40089
1418,46,-16.025,0,4,9,1,0,0,0.327,0.0087,40135
1419,35,-11.197,0,3,4,1,0,0,0.326,0.0087,40170
1420,27,-12.039,0,3,3,1,0,0,0.326,0.0086,40197
1421,59,-13.853,0,5,13,1,0,0,0.326,0.0086,40256
1422,5,-14.302,0,4,3,1,0,0,0.325,0.0086,40261
1423,178,-20.492,1,8,86,1,0,0,0.325,0.0086,40439
1424,7,-13.934,0,3,2,1,0,0,0.324,0.0086,40446
1425,96,-18.377,0,6,40,1,0,0,0.324,0.0086,40542
1426,59,-13.576,1,10,14,1,0,0,0.323,0.0086,40601
1427,17,-9.561,0,4,4,1,0,0,0.323,0.0086,40618
1428,197,-21.665,0,15,67,1,0,0,0.322,0.0086,40815
1429,7,-9.801,0,3,1,1,0,0,0.322,0.0086,40822
1430,77,-13.717,0,6,16,1,0,0,0.321,0.0086,40899
1431,35,-12.925,0,10,16,1,0,0,0.321,0.0086,40934
1432,379,-36.494,0,17,130,1,0,0,0.32,0.0086,41313
1433,58,-14.056,0,4,16,1,0,0,0.32,0.0085,41371
1434,56,-16.405,0,4,10,1,0,0,0.319,0.0085,41427
1435,38,-17.53,0,3,10,1,0,0,0.319,0.0085,41465
1436,62,-17.789,0,6,25,1,0,0,0.318,0.0085,41527
1437,61,-17.283,0,4,34,1,0,0,0.318,0.0085,41588
1438,82,-18.46,0,10,29,1,0,0,0.317,0.0085,41670
1439,22,-15.763,0,4,4,1,0,0,0.317,0.0085,41692
1440,165,-14.57,2,17,45,1,0,0,0.316,0.0085,41857
1441,5,-14.271,0,4,2,1,0,0,0.316,0.0085,41862
1442,26,-15.055,0,4,4,1,0,0,0.316,0.0085,41888
1443,189,-17.715,0,23,60,1,0,0,0.315,0.0085,42077
1444,297,-20.484,0,21,88,1,1,0,0.315,0.0085,42374
1445,146,-19.469,0,10,50,1,0,0,0.314,0.0084,42520
1446,48,-12.052,0,9,7,1,0,0,0.314,0.0084,42568
1447,69,-14.875,0,2,14,1,0,0,0.313,0.0084,42637
1448,7,-14.866,0,3,1,1,0,0,0.313,0.0084,42644
1449,86,-18.032,0,8,36,1,0,0,0.312,0.0084,42730
1450,44,-17.962,0,2,8,1,0,0,0.312,0.0084,42774
1451,197,-18.086,0,17,48,1,0,0,0.311,0.0084,42971
1452,53,-14.792,0,12,17,1,0,0,0.311,0.0084,43024
1453,145,-15.416,1,10,37,1,0,0,0.31,0.0084,43169
1454,97,-14.978,0,4,22,1,0,0,0.31,0.0084,43266
1455,133,-16.312,0,6,23,1,0,0,0.309,0.0084,43399
1456,11,-14.38,0,2,4,1,0,0,0.309,0.0084,43410
1457,60,-14.567,0,6,24,1,0,0,0.308,0.0084,43470
1458,156,-21.665,0,5,58,1,0,0,0.308,0.0083,43626
1459,72,-18.632,0,6,22,1,0,0,0.307,0.0083,43698
1460,25,-15.207,0,2,4,1,0,0,0.307,0.0083,43723
1461,225,-17.26,1,21,51,1,0,0,0.306,0.0083,43948
1462,65,-15.697,0,6,13,1,0,0,0.306,0.0083,44013
1463,86,-9.917,0,9,31,0,0,0,0.306,0.0083,44099
1464,118,-17.624,0,15,31,1,0,0,0.305,0.0083,44217
1465,185,-24.208,0,4,35,1,0,0,0.305,0.0083,44402
1466,50,-10.404,2,13,12,1,0,0,0.304,0.0083,44452
1467,85,-11.605,1,14,19,1,0,0,0.304,0.0083,44537
1468,153,-19.97,0,17,60,1,0,0,0.303,0.0083,44690
1469,44,-10.477,0,5,19,0,0,0,0.303,0.0083,44734
1470,6,-15.306,0,4,2,1,0,0,0.302,0.0082,44740
1471,242,-23.244,0,7,49,1,0,0,0.302,0.0082,44982
1472,108,-14.33,0,11,17,1,0,0,0.301,0.0082,45090
1473,101,-18.344,0,10,30,1,0,0,0.301,0.0082,45191
1474,223,-23.736,1,5,80,1,0,0,0.3,0.0082,45414
1475,137,-17.479,0,10,62,1,0,0,0.3,0.0082,45551
1476,22,-15.486,0,4,4,1,0,0,0.299,0.0082,45573
1477,11,-14.041,0,3,1,1,0,0,0.299,0.0082,45584
1478,67,-16.364,0,8,16,1,0,0,0.298,0.0082,45651
1479,15,-14.851,0,2,3,1,0,0,0.298,0.0082,45666
1480,36,-14.494,0,4,3,1,0,0,0.297,0.0082,45702
1481,123,-19.227,0,6,31,1,0,0,0.297,0.0082,45825
1482,154,-16.926,0,11,45,1,0,0,0.297,0.0082,45979
1483,110,-17.631,0,12,35,1,0,0,0.296,0.0081,46089
1484,125,-18.335,1,14,32,1,0,0,0.296,0.0081,46214
1485,42,-14.922,0,6,10,1,0,0,0.295,0.0081,46256
1486,27,-13.31,0,3,3,1,0,0,0.295,0.0081,46283
1487,233,-24.692,0,16,49,1,0,0,0.294,0.0081,46516
1488,19,-11.466,0,3,2,1,0,0,0.294,0.0081,46535
1489,382,-33.284,1,11,109,1,0,0,0.293,0.0081,46917
1490,208,-20.003,1,14,53,1,0,0,0.293,0.0081,47125
1491,240,-17.094,0,11,40,1,0,0,0.292,0.0081,47365
1492,138,-19.465,0,7,30,1,0,0,0.292,0.0081,47503
1493,146,-20.726,1,5,40,1,0,0,0.291,0.0081,47649
1494,28,-16.47,0,3,6,1,0,0,0.291,0.0081,47677
1495,254,-23.288,0,20,93,1,0,0,0.29,0.008,47931
1496,108,-18.57,0,6,22,1,0,0,0.29,0.008,48039
1497,9,-13.966,0,4,1,1,0,0,0.289,0.008,48048
1498,5,-14.642,0,4,1,1,0,0,0.289,0.008,48053
1499,11,-13.722,0,2,3,1,0,0,0.288,0.008,48064
1500,400,-22.623,0,11,113,0,0,1,0.288,0.008,48464
1501,55,-15.842,0,4,19,1,0,0,0.287,0.008,48519
1502,155,-11.085,0,8,46,0,0,0,0.287,0.008,48674
1503,62,-14.582,0,6,25,1,0,0,0.287,0.008,48736
1504,77,-17.025,0,8,31,1,0,0,0.286,0.008,48813
1505,121,-17.09,1,8,45,1,0,0,0.286,0.008,48934
1506,48,-13.37,0,9,12,1,0,0,0.285,0.008,48982
1507,11,-11.829,0,2,5,1,0,0,0.285,0.008,48993
1508,94,-18.488,0,6,19,1,0,0,0.284,0.0079,49087
1509,5,-14.867,0,3,2,1,0,0,0.284,0.0079,49092
1510,18,-11.6,0,3,3,1,0,0,0.283,0.0079,49110
1511,400,-19.858,1,7,138,0,0,1,0.283,0.0079,49510
1512,51,-12.106,0,5,7,1,0,0,0.282,0.0079,49561
1513,111,-16.895,0,4,14,1,0,0,0.282,0.0079,49672
1514,34,-10.863,0,5,5,1,0,0,0.281,0.0079,49706
1515,195,-26.77,0,8,86,1,0,0,0.281,0.0079,49901
1516,18,-14.45,0,3,3,1,0,0,0.28,0.0079,49919
1517,202,-20.998,0,10,36,1,0,0,0.28,0.0079,50121
1518,127,-13.221,1,10,34,1,0,0,0.279,0.0079,50248
1519,120,-17.937,0,12,53,1,0,0,0.279,0.0079,50368
1520,94,-16.128,0,10,18,1,0,0,0.278,0.0078,50462
1521,128,-19.404,1,8,47,1,0,0,0.278,0.0078,50590
1522,182,-21.001,2,14,58,1,0,0,0.278,0.0078,50772
1523,400,-27.358,1,12,154,0,0,1,0.277,0.0078,51172
1524,25,-10.509,0,4,3,1,0,0,0.277,0.0078,51197
1525,123,-17.311,0,8,39,1,0,0,0.276,0.0078,51320
1526,71,-15.929,0,8,17,1,0,0,0.276,0.0078,51391
1527,45,-13.636,1,9,10,1,0,0,0.275,0.0078,51436
1528,47,-12.489,0,2,9,1,0,0,0.275,0.0078,51483
1529,30,-13.596,0,6,4,1,0,0,0.274,0.0078,51513
1530,217,-25.756,0,12,69,1,0,0,0.274,0.0078,51730
1531,40,-7.167,0,3,9,0,0,0,0.273,0.0078,51770
1532,306,-25.398,2,13,91,1,0,0,0.273,0.0078,52076
1533,5,-14.917,0,3,2,1,0,0,0.272,0.0077,52081
1534,63,-8.733,0,2,15,0,0,0,0.272,0.0077,52144
1535,143,-14.364,0,10,22,1,0,0,0.271,0.0077,52287
1536,11,-14.748,0,1,8,1,0,0,0.271,0.0077,52298
1537,101,-15.376,0,5,14,1,0,0,0.27,0.0077,52399
1538,37,-12.873,0,10,4,1,0,0,0.27,0.0077,52436
1539,37,-13.598,0,5,9,1,0,0,0.269,0.0077,52473
1540,104,-15.231,0,9,36,1,0,0,0.269,0.0077,52577
1541,70,-14.522,0,3,25,1,0,0,0.268,0.0077,52647
1542,278,-31.574,0,7,115,1,0,0,0.268,0.0077,52925
1543,197,-20.156,0,19,72,1,0,0,0.268,0.0077,53122
1544,19,-14.995,0,4,9,1,0,0,0.267,0.0077,53141
1545,38,-12.371,0,5,4,1,0,0,0.267,0.0076,53179
1546,62,-12.655,0,8,18,1,0,0,0.266,0.0076,53241
1547,77,-17.946,0,4,24,1,0,0,0.266,0.0076,53318
1548,210,-22.898,1,12,59,1,0,0,0.265,0.0076,53528
1549,227,-22.317,0,11,64,1,1,0,0.265,0.0076,53755
1550,19,-15.179,0,4,1,1,0,0,0.264,0.0076,53774
1551,103,-14.869,0,2,16,1,0,0,0.264,0.0076,53877
1552,22,-12.077,0,3,3,1,0,0,0.263,0.0076,53899
1553,82,-18.384,0,3,26,1,0,0,0.263,0.0076,53981
1554,69,-14.151,0,3,10,1,0,0,0.262,0.0076,54050
1555,37,-12.746,1,10,5,1,0,0,0.262,0.0076,54087
1556,220,-18.467,0,16,65,1,0,0,0.261,0.0076,54307
1557,12,-14.11,0,3,2,1,0,0,0.261,0.0076,54319
1558,17,-9.971,0,3,1,1,0,0,0.26,0.0075,54336
1559,100,-11.013,0,4,30,0,0,0,0.26,0.0075,54436
1560,177,-20.049,0,6,28,1,0,0,0.259,0.0075,54613
1561,141,-13.882,1,6,60,0,0,0,0.259,0.0075,54754
1562,27,-15.034,0,2,5,1,0,0,0.259,0.0075,54781
1563,113,-15.453,0,11,26,1,0,0,0.258,0.0075,54894
1564,111,-19.351,0,6,25,1,0,0,0.258,0.0075,55005
1565,182,-22.416,0,9,61,1,0,0,0.257,0.0075,55187
1566,91,-7.635,0,8,13,0,0,0,0.257,0.0075,55278
1567,36,-12.898,0,3,7,1,0,0,0.256,0.0075,55314
1568,110,-19.581,0,8,22,1,0,0,0.256,0.0075,55424
1569,167,-15.686,0,7,34,1,0,0,0.255,0.0075,55591
1570,172,-18.884,0,13,46,1,0,0,0.255,0.0074,55763
1571,107,-16.376,0,9,11,1,0,0,0.254,0.0074,55870
1572,7,-11.017,0,3,0,1,0,0,0.254,0.0074,55877
1573,204,-18.983,1,18,40,1,0,0,0.253,0.0074,56081
1574,115,-16.116,0,8,16,1,0,0,0.253,0.0074,56196
1575,102,-19.117,0,9,33,1,0,0,0.252,0.0074,56298
1576,14,-15.938,0,4,1,1,0,0,0.252,0.0074,56312
1577,206,-22.27,0,5,59,1,0,0,0.251,0.0074,56518
1578,117,-14.448,2,13,32,1,0,0,0.251,0.0074,56635
1579,19,-11.942,0,2,2,1,0,0,0.25,0.0074,56654
1580,369,-27.482,0,15,117,1,0,0,0.25,0.0074,57023
1581,116,-16.459,0,16,27,1,0,0,0.249,0.0074,57139
1582,5,-13.192,0,4,1,1,0,0,0.249,0.0074,57144
1583,28,-12.117,0,3,3,1,0,0,0.249,0.0073,57172
1584,187,-21.801,0,20,63,1,0,0,0.248,0.0073,57359
1585,5,-14.799,0,2,0,1,0,0,0.248,0.0073,57364
1586,21,-14.338,0,8,5,1,0,0,0.247,0.0073,57385
1587,131,-17.778,0,11,21,1,0,0,0.247,0.0073,57516
1588,168,-19.908,0,14,37,1,0,0,0.246,0.0073,57684
1589,82,-15.386,0,7,21,1,0,0,0.246,0.0073,57766
1590,41,-11.91,0,6,6,1,0,0,0.245,0.0073,57807
1591,89,-15.901,0,6,25,1,0,0,0.245,0.0073,57896
1592,202,-21.241,0,15,58,1,0,0,0.244,0.0073,58098
1593,196,-23.146,0,8,63,1,0,0,0.244,0.0073,58294
1594,248,-24.872,1,9,95,1,0,0,0.243,0.0073,58542
1595,35,-16.355,0,2,5,1,0,0,0.243,0.0072,58577
1596,126,-15.419,0,10,35,1,0,0,0.242,0.0072,58703
1597,5,-14.817,0,4,2,1,0,0,0.242,0.0072,58708
1598,115,-8.29,0,9,33,0,0,0,0.241,0.0072,58823
1599,97,-13.181,0,11,27,1,0,0,0.241,0.0072,58920
1600,78,-12.046,0,0,9,0,0,0,0.24,0.0072,58998
1601,211,-19.721,0,14,55,1,0,0,0.24,0.0072,59209
1602,48,-6.948,0,5,11,0,0,0,0.24,0.0072,59257
1603,9,-9.597,0,2,0,1,0,0,0.239,0.0072,59266
1604,107,-16.819,0,7,38,1,0,0,0.239,0.0072,59373
1605,239,-19.483,0,18,49,1,1,0,0.238,0.0072,59612
1606,164,-22.285,1,6,41,1,0,0,0.238,0.0072,59776
1607,205,-12.175,0,12,33,0,0,0,0.237,0.0072,59981
1608,161,-22.238,0,9,29,1,0,0,0.237,0.0071,60142
1609,59,-15.089,0,10,21,1,0,0,0.236,0.0071,60201
1610,5,-13.347,0,3,0,1,0,0,0.236,0.0071,60206
1611,227,-22.808,0,13,66,1,0,0,0.235,0.0071,60433
1612,78,-16.098,0,9,22,1,0,0,0.235,0.0071,60511
1613,90,-15.031,0,7,20,1,0,0,0.234,0.0071,60601
1614,146,-17.658,0,10,38,1,0,0,0.234,0.0071,60747
1615,135,-19.265,0,7,39,1,0,0,0.233,0.0071,60882
1616,160,-18.321,0,14,52,1,0,0,0.233,0.0071,61042
1617,21,-14.116,0,5,3,1,0,0,0.232,0.0071,61063
1618,158,-10.664,0,13,28,0,0,0,0.232,0.0071,61221
1619,86,-8.454,0,4,12,0,0,0,0.231,0.0071,61307
1620,46,-12.62,0,4,14,1,0,0,0.231,0.007,61353
1621,9,-11.985,0,2,1,1,0,0,0.23,0.007,61362
1622,5,-14.8,0,3,0,1,0,0,0.23,0.007,61367
1623,209,-21.404,1,16,73,1,0,0,0.23,0.007,61576
1624,46,-15.452,0,3,5,1,0,0,0.229,0.007,61622
1625,154,-22.065,0,6,49,1,0,0,0.229,0.007,61776
1626,69,-13.583,0,3,11,1,0,0,0.228,0.007,61845
1627,237,-22.788,1,10,45,1,0,0,0.228,0.007,62082
1628,400,-17.743,0,7,85,0,0,1,0.227,0.007,62482
1629,63,-12.227,0,1,8,1,0,0,0.227,0.007,62545
1630,287,-19.816,0,9,80,0,0,0,0.226,0.007,62832
1631,55,-14.446,0,8,11,1,0,0,0.226,0.007,62887
1632,49,-13.908,0,5,6,1,0,0,0.225,0.007,62936
1633,122,-13.29,0,11,46,1,0,0,0.225,0.0069,63058
1634,5,-15.156,0,1,2,1,0,0,0.224,0.0069,63063
1635,347,-30.429,0,8,117,1,0,0,0.224,0.0069,63410
1636,100,-16.449,0,7,28,1,0,0,0.223,0.0069,63510
1637,58,-14.015,0,14,18,1,0,0,0.223,0.0069,63568
1638,114,-7.89,0,0,22,0,0,0,0.222,0.0069,63682
1639,400,-17.858,0,10,87,0,0,1,0.222,0.0069,64082
1640,400,-18.878,1,19,97,0,0,1,0.221,0.0069,64482
1641,65,-11.213,0,10,8,1,0,0,0.221,0.0069,64547
1642,21,-15.344,0,3,1,1,0,0,0.221,0.0069,64568
1643,222,-25.309,0,7,81,1,0,0,0.22,0.0069,64790
1644,129,-17.085,1,13,22,1,0,0,0.22,0.0069,64919
1645,400,-20.258,0,12,97,0,0,1,0.219,0.0068,65319
1646,141,-19.363,0,8,21,1,0,0,0.219,0.0068,65460
1647,49,-14.703,0,5,5,1,0,0,0.218,0.0068,65509
1648,165,-21.492,0,6,44,1,0,0,0.218,0.0068,65674
1649,252,-18.143,0,8,26,1,0,0,0.217,0.0068,65926
1650,57,-10.699,0,0,7,0,0,0,0.217,0.0068,65983
1651,400,-19.797,1,10,139,0,0,1,0.216,0.0068,66383
1652,237,-20.812,1,14,66,1,0,0,0.216,0.0068,66620
1653,202,-20.798,0,11,41,1,0,0,0.215,0.0068,66822
1654,100,-15.165,1,11,9,1,0,0,0.215,0.0068,66922
1655,286,-24.421,2,12,93,0,0,0,0.214,0.0068,67208
1656,301,-28.731,0,11,52,1,0,0,0.214,0.0068,67509
1657,199,-21.837,1,9,49,1,0,0,0.213,0.0068,67708
1658,247,-14.662,1,17,59,1,0,0,0.213,0.0067,67955
1659,224,-11.646,1,12,40,0,0,0,0.212,0.0067,68179
1660,77,-15.706,0,6,7,1,0,0,0.212,0.0067,68256
1661,71,-15.443,0,6,18,1,0,0,0.212,0.0067,68327
1662,175,-18.467,0,11,50,1,0,0,0.211,0.0067,68502
1663,247,-23.368,0,11,27,1,0,0,0.211,0.0067,68749
1664,56,-11.639,0,5,7,1,0,0,0.21,0.0067,68805
1665,232,-25.508,0,6,55,1,0,0,0.21,0.0067,69037
1666,5,-13.292,0,3,1,1,0,0,0.209,0.0067,69042
1667,100,-20.851,0,5,38,1,0,0,0.209,0.0067,69142
1668,97,-21.611,0,8,35,1,0,0,0.208,0.0067,69239
1669,118,-9.367,1,12,26,0,0,0,0.208,0.0067,69357
1670,108,-15.567,0,4,20,1,0,0,0.207,0.0066,69465
1671,10,-11.201,0,3,1,1,0,0,0.207,0.0066,69475
1672,363,-27.786,1,15,120,1,0,0,0.206,0.0066,69838
1673,400,-15.114,1,17,143,0,1,1,0.206,0.0066,70238
1674,19,-15.194,0,4,1,1,0,0,0.205,0.0066,70257
1675,28,-16.037,0,4,3,1,0,0,0.205,0.0066,70285
1676,280,-25.103,0,11,72,1,0,0,0.204,0.0066,70565
1677,258,-25.75,0,7,53,1,0,0,0.204,0.0066,70823
1678,17,-12.352,0,1,8,1,0,0,0.203,0.0066,70840
1679,61,-16.437,0,7,19,1,0,0,0.203,0.0066,70901
1680,104,-19.913,0,6,35,1,0,0,0.202,0.0066,71005
1681,171,-17.961,0,9,25,1,0,0,0.202,0.0066,71176
1682,79,-14.732,0,9,23,1,0,0,0.202,0.0066,71255
1683,14,-11.752,0,1,0,1,0,0,0.201,0.0065,71269
1684,400,-24.563,0,9,139,0,0,1,0.201,0.0065,71669
1685,284,-26.502,0,12,50,1,0,0,0.2,0.0065,71953
1686,54,-14.457,0,4,17,1,0,0,0.2,0.0065,72007
1687,400,-16.11,1,12,59,0,0,1,0.199,0.0065,72407
1688,304,-23.256,0,12,91,1,0,0,0.199,0.0065,72711
1689,31,-15.111,0,4,8,1,0,0,0.198,0.0065,72742
1690,5,-14.801,0,3,0,1,0,0,0.198,0.0065,72747
1691,197,-22.229,0,7,41,1,0,0,0.197,0.0065,72944
1692,101,-10.568,1,8,14,1,0,0,0.197,0.0065,73045
1693,202,-20.087,0,10,39,1,0,0,0.196,0.0065,73247
1694,159,-13.061,0,5,44,0,0,0,0.196,0.0065,73406
1695,116,-17.675,0,11,44,1,0,0,0.195,0.0064,73522
1696,39,-11.015,0,3,3,1,0,0,0.195,0.0064,73561
1697,122,-15.879,0,5,19,1,0,0,0.194,0.0064,73683
1698,225,-22.41,0,10,38,1,0,0,0.194,0.0064,73908
1699,385,-18.361,0,12,116,0,1,0,0.193,0.0064,74293
1700,152,-17.512,0,16,42,1,0,0,0.193,0.0064,74445
1701,260,-24.18,0,9,65,1,0,0,0.193,0.0064,74705
1702,299,-16.232,0,14,54,0,0,0,0.192,0.0064,75004
1703,400,-15.862,1,12,118,0,0,1,0.192,0.0064,75404
1704,347,-21.807,1,17,92,0,0,0,0.191,0.0064,75751
1705,324,-16.696,2,18,65,0,0,0,0.191,0.0064,76075
1706,62,-13.463,0,3,3,1,0,0,0.19,0.0064,76137
1707,66,-12.656,0,5,8,1,0,0,0.19,0.0064,76203
1708,24,-13.897,0,8,8,1,0,0,0.189,0.0063,76227
1709,400,-16.865,2,19,114,0,0,1,0.189,0.0063,76627
1710,33,-16.032,0,4,1,1,0,0,0.188,0.0063,76660
1711,40,-11.375,0,5,5,1,0,0,0.188,0.0063,76700
1712,228,-13.65,0,15,43,0,0,0,0.187,0.0063,76928
1713,73,-15.059,1,7,22,1,0,0,0.187,0.0063,77001
1714,5,-14.699,0,4,0,1,0,0,0.186,0.0063,77006
1715,181,-21.291,1,3,38,1,0,0,0.186,0.0063,77187
1716,334,-20.243,1,0,31,0,0,0,0.185,0.0063,77521
1717,112,-17.227,0,8,38,1,0,0,0.185,0.0063,77633
1718,123,-18.096,0,4,49,1,0,0,0.184,0.0063,77756
1719,111,-16.976,0,7,14,1,0,0,0.184,0.0063,77867
1720,62,-16.172,0,3,35,1,0,0,0.183,0.0062,77929
1721,34,-16.348,0,4,3,1,0,0,0.183,0.0062,77963
1722,116,-16.643,0,6,11,1,0,0,0.183,0.0062,78079
1723,167,-11.91,0,9,27,0,0,0,0.182,0.0062,78246
1724,118,-16.008,0,6,22,1,0,0,0.182,0.0062,78364
1725,23,-10.342,0,2,2,1,0,0,0.181,0.0062,78387
1726,340,-25.956,0,10,77,1,0,0,0.181,0.0062,78727
1727,225,-21.51,0,9,65,1,0,0,0.18,0.0062,78952
1728,33,-10.941,0,4,2,1,0,0,0.18,0.0062,78985
1729,127,-21.413,0,7,44,1,0,0,0.179,0.0062,79112
1730,181,-15.506,0,8,28,1,0,0,0.179,0.0062,79293
1731,156,-16.966,0,7,45,1,0,0,0.178,0.0062,79449
1732,93,-14.36,0,6,23,1,0,0,0.178,0.0062,79542
1733,61,-8.066,0,2,8,0,0,0,0.177,0.0061,79603
1734,141,-16.172,0,10,18,1,0,0,0.177,0.0061,79744
1735,313,-25.583,0,13,69,1,0,0,0.176,0.0061,80057
1736,382,-22.683,0,8,99,0,0,0,0.176,0.0061,80439
1737,5,-14.737,0,4,1,1,0,0,0.175,0.0061,80444
1738,187,-15.895,1,11,76,0,0,0,0.175,0.0061,80631
1739,222,-19.712,0,7,45,1,0,0,0.174,0.0061,80853
1740,349,-26.856,0,5,102,1,0,0,0.174,0.0061,81202
1741,400,-18.062,0,7,105,0,0,1,0.173,0.0061,81602
1742,151,-15.418,1,14,33,1,0,0,0.173,0.0061,81753
1743,110,-15.159,0,8,23,1,0,0,0.173,0.0061,81863
1744,114,-15.231,0,9,23,1,0,0,0.172,0.0061,81977
1745,139,-19.784,0,11,35,1,0,0,0.172,0.006,82116
1746,228,-24.488,0,9,55,1,0,0,0.171,0.006,82344
1747,400,-19.949,0,18,104,0,0,1,0.171,0.006,82744
1748,296,-23.494,0,16,69,1,0,0,0.17,0.006,83040
1749,212,-12.627,0,13,55,0,0,0,0.17,0.006,83252
1750,16,-15.119,0,4,0,1,0,0,0.169,0.006,83268
1751,260,-24.089,0,7,60,1,0,0,0.169,0.006,83528
1752,301,-18.047,2,14,117,1,1,0,0.168,0.006,83829
1753,195,-11.182,0,13,45,0,0,0,0.168,0.006,84024
1754,400,-10.707,2,26,82,0,1,1,0.167,0.006,84424
1755,81,-7.889,0,3,4,0,0,0,0.167,0.006,84505
1756,320,-18.058,1,14,66,0,0,0,0.166,0.006,84825
1757,361,-26.059,0,7,75,0,0,0,0.166,0.006,85186
1758,92,-8.414,1,20,17,1,0,0,0.165,0.0059,85278
1759,5,-13.374,0,3,1,1,0,0,0.165,0.0059,85283
1760,48,-11.984,0,4,3,1,0,0,0.164,0.0059,85331
1761,200,-16.807,1,20,51,1,0,0,0.164,0.0059,85531
1762,138,-18.808,1,4,23,1,0,0,0.164,0.0059,85669
1763,71,-13.468,0,5,22,1,0,0,0.163,0.0059,85740
1764,391,-34.008,0,8,163,1,0,0,0.163,0.0059,86131
1765,164,-13.184,0,9,37,0,0,0,0.162,0.0059,86295
1766,400,-13.709,0,7,78,0,0,1,0.162,0.0059,86695
1767,400,-23.364,0,11,100,0,0,1,0.161,0.0059,87095
1768,360,-27.459,0,7,78,0,0,0,0.161,0.0059,87455
1769,305,-20.388,0,9,23,1,0,0,0.16,0.0059,87760
1770,400,-18.163,2,19,114,0,0,1,0.16,0.0058,88160
1771,353,-22.072,0,10,59,0,0,0,0.159,0.0058,88513
1772,10,-11.562,0,3,0,1,0,0,0.159,0.0058,88523
1773,169,-21.285,0,6,23,1,0,0,0.158,0.0058,88692
1774,78,-10.523,0,10,4,1,0,0,0.158,0.0058,88770
1775,234,-20.94,0,13,66,1,0,0,0.157,0.0058,89004
1776,134,-6.37,0,14,16,0,0,0,0.157,0.0058,89138
1777,92,-18.21,0,5,8,1,0,0,0.156,0.0058,89230
1778,228,-15.018,0,12,47,0,0,0,0.156,0.0058,89458
1779,34,-15.604,0,2,10,1,0,0,0.155,0.0058,89492
1780,400,-21.192,0,8,141,0,0,1,0.155,0.0058,89892
1781,400,-16.729,0,9,67,0,0,1,0.154,0.0058,90292
1782,278,-27.878,1,8,69,1,0,0,0.154,0.0058,90570
1783,92,-15.526,0,6,9,1,0,0,0.154,0.0057,90662
1784,28,-15.882,0,3,2,1,0,0,0.153,0.0057,90690
1785,107,-16.802,1,2,10,1,0,0,0.153,0.0057,90797
1786,400,-24.669,1,12,130,0,0,1,0.152,0.0057,91197
1787,5,-13.694,0,1,3,1,0,0,0.152,0.0057,91202
1788,381,-21.72,2,19,77,1,0,0,0.151,0.0057,91583
1789,213,-21.134,0,10,62,1,0,0,0.151,0.0057,91796
1790,398,-31.883,0,7,114,1,0,0,0.15,0.0057,92194
1791,165,-19.848,0,11,30,1,0,0,0.15,0.0057,92359
1792,305,-20.753,0,8,68,0,0,0,0.149,0.0057,92664
1793,380,-27.836,1,14,81,1,0,0,0.149,0.0057,93044
1794,366,-31.996,0,5,56,1,0,0,0.148,0.0057,93410
1795,390,-26.313,1,12,104,0,0,0,0.148,0.0056,93800
1796,187,-14.766,0,12,46,0,0,0,0.147,0.0056,93987
1797,127,-11.344,0,14,34,0,0,0,0.147,0.0056,94114
1798,182,-12.747,0,0,7,0,0,0,0.146,0.0056,94296
1799,5,-14.699,0,4,0,1,0,0,0.146,0.0056,94301
1800,243,-16.111,1,11,32,0,0,0,0.145,0.0056,94544
1801,147,-14.785,0,8,33,1,0,0,0.145,0.0056,94691
1802,53,-5.213,0,2,4,0,0,0,0.145,0.0056,94744
1803,216,-14.152,1,2,41,0,0,0,0.144,0.0056,94960
1804,226,-13.487,0,5,32,0,0,0,0.144,0.0056,95186
1805,400,-18.598,1,18,105,0,0,1,0.143,0.0056,95586
1806,400,-10.633,1,11,52,0,1,1,0.143,0.0056,95986
1807,400,-20.019,0,9,87,0,0,1,0.142,0.0056,96386
1808,72,-11.057,0,14,18,1,0,0,0.142,0.0055,96458
1809,400,-12.282,0,11,44,0,0,1,0.141,0.0055,96858
1810,177,-12.955,0,12,14,1,0,0,0.141,0.0055,97035
1811,372,-28.112,1,17,82,1,0,0,0.14,0.0055,97407
1812,400,-16.111,0,19,64,0,0,1,0.14,0.0055,97807
1813,116,-11.812,0,9,17,1,0,0,0.139,0.0055,97923
1814,60,-15.921,0,3,11,1,0,0,0.139,0.0055,97983
1815,17,-12.824,0,2,12,1,0,0,0.138,0.0055,98000
1816,221,-18.102,0,6,11,1,0,0,0.138,0.0055,98221
1817,334,-24.338,1,10,80,1,0,0,0.137,0.0055,98555
1818,145,-10.243,0,4,15,0,0,0,0.137,0.0055,98700
1819,323,-10.758,1,15,55,0,1,0,0.136,0.0055,99023
1820,394,-17.886,1,9,39,0,0,0,0.136,0.0054,99417
1821,28,-14.055,0,3,1,1,0,0,0.135,0.0054,99445
1822,200,-20.385,0,7,49,1,0,0,0.135,0.0054,99645
1823,357,-31.1,0,21,87,1,0,0,0.135,0.0054,100002
1824,47,-12.834,0,4,14,1,0,0,0.134,0.0054,100049
1825,400,-10.014,0,14,43,0,0,1,0.134,0.0054,100449
1826,332,-21.516,0,4,44,1,0,0,0.133,0.0054,100781
1827,400,-19.178,0,13,74,0,0,1,0.133,0.0054,101181
1828,59,-12.356,0,3,5,1,0,0,0.132,0.0054,101240
1829,400,-14.493,1,14,51,0,0,1,0.132,0.0054,101640
1830,70,-16.403,0,6,12,1,0,0,0.131,0.0054,101710
1831,400,-12.679,0,15,43,0,0,1,0.131,0.0054,102110
1832,136,-14.911,0,7,4,1,0,0,0.13,0.0054,102246
1833,400,-15.989,0,2,51,0,0,1,0.13,0.0053,102646
1834,400,-19.996,0,10,111,0,0,1,0.129,0.0053,103046
1835,14,-15.548,0,3,0,1,0,0,0.129,0.0053,103060
1836,12,-13.729,0,2,0,1,0,0,0.128,0.0053,103072
1837,400,-12.708,0,15,50,0,0,1,0.128,0.0053,103472
1838,156,-11.584,0,5,11,0,0,0,0.127,0.0053,103628
1839,193,-19.764,0,3,44,1,0,0,0.127,0.0053,103821
1840,354,-28.1,0,3,69,1,0,0,0.126,0.0053,104175
1841,358,-22.946,1,9,52,1,0,0,0.126,0.0053,104533
1842,82,-17.853,0,5,9,1,0,0,0.126,0.0053,104615
1843,100,-15.724,0,4,4,1,0,0,0.125,0.0053,104715
1844,367,-19.415,0,7,41,0,0,0,0.125,0.0053,105082
1845,306,-18.249,0,10,21,1,1,0,0.124,0.0052,105388
1846,251,-16.27,0,17,27,1,0,0,0.124,0.0052,105639
1847,7,-13.298,0,4,1,1,0,0,0.123,0.0052,105646
1848,45,-11.599,0,3,5,1,0,0,0.123,0.0052,105691
1849,276,-19.008,2,14,33,1,0,0,0.122,0.0052,105967
1850,103,-16.9,0,8,6,1,0,0,0.122,0.0052,106070
1851,296,-16.218,0,6,23,0,0,0,0.121,0.0052,106366
1852,44,-13.059,0,1,0,1,0,0,0.121,0.0052,106410
1853,6,-13.329,0,3,0,1,0,0,0.12,0.0052,106416
1854,318,-22.838,0,19,64,1,0,0,0.12,0.0052,106734
1855,400,-15.962,0,12,101,0,0,1,0.119,0.0052,107134
1856,302,-18.98,1,9,38,1,1,0,0.119,0.0052,107436
1857,135,-18.321,1,6,18,1,0,0,0.118,0.0052,107571
1858,150,-18.158,0,9,21,1,0,0,0.118,0.0051,107721
1859,23,-15.836,0,4,2,1,0,0,0.117,0.0051,107744
1860,168,-10.473,2,12,20,1,0,0,0.117,0.0051,107912
1861,38,-12.006,0,2,2,1,0,0,0.116,0.0051,107950
1862,115,-18.32,0,4,10,1,0,0,0.116,0.0051,108065
1863,99,-8.93,0,3,9,0,0,0,0.116,0.0051,108164
1864,240,-14.887,0,6,35,0,0,0,0.115,0.0051,108404
1865,400,-13.873,1,16,83,0,0,1,0.115,0.0051,108804
1866,295,-24.114,2,14,85,1,0,0,0.114,0.0051,109099
1867,284,-16.566,1,25,59,0,0,0,0.114,0.0051,109383
1868,9,-15.027,0,3,0,1,0,0,0.113,0.0051,109392
1869,235,-13.802,0,9,24,0,0,0,0.113,0.0051,109627
1870,63,-13.956,0,3,3,1,0,0,0.112,0.005,109690
1871,307,-12.326,1,4,25,0,0,0,0.112,0.005,109997
1872,192,-18.693,0,6,21,1,0,0,0.111,0.005,110189
1873,321,-20.395,1,12,95,0,0,0,0.111,0.005,110510
1874,322,-19.579,0,9,41,0,0,0,0.11,0.005,110832
1875,400,-13.939,2,18,62,0,0,1,0.11,0.005,111232
1876,235,-15.068,0,3,23,0,0,0,0.109,0.005,111467
1877,400,-10.792,0,8,21,0,0,1,0.109,0.005,111867
1878,400,-21.082,0,6,55,0,0,1,0.108,0.005,112267
1879,9,-14.972,0,3,1,1,0,0,0.108,0.005,112276
1880,175,-14.616,1,10,10,1,0,0,0.107,0.005,112451
1881,216,-20.034,0,8,13,1,0,0,0.107,0.005,112667
1882,400,-20.192,1,11,84,0,0,1,0.107,0.005,113067
1883,273,-13.762,0,1,13,0,0,0,0.106,0.0049,113340
1884,91,-8.679,0,0,4,0,0,0,0.106,0.0049,113431
1885,50,-6.953,0,3,2,0,0,0,0.105,0.0049,113481
1886,382,-29.777,0,7,98,1,0,0,0.105,0.0049,113863
1887,176,-13.424,0,7,13,0,0,0,0.104,0.0049,114039
1888,400,-15.403,0,4,40,0,0,1,0.104,0.0049,114439
1889,5,-14.702,0,4,0,1,0,0,0.103,0.0049,114444
1890,400,-12.867,0,16,46,0,0,1,0.103,0.0049,114844
1891,400,-16.517,0,5,52,0,0,1,0.102,0.0049,115244
1892,225,-10.867,0,7,10,0,0,0,0.102,0.0049,115469
1893,82,-15.451,0,7,7,1,0,0,0.101,0.0049,115551
1894,400,-15.717,1,11,58,0,0,1,0.101,0.0049,115951
1895,263,-22.22,1,10,37,1,0,0,0.1,0.0048,116214
1896,278,-19.321,0,9,18,1,0,0,0.1,0.0048,116492
1897,147,-14.341,0,7,10,1,0,0,0.099,0.0048,116639
1898,172,-16.473,0,3,9,1,0,0,0.099,0.0048,116811
1899,71,-9.197,0,0,2,0,0,0,0.098,0.0048,116882
1900,400,-14.448,0,7,22,0,0,1,0.098,0.0048,117282
1901,400,-15.655,1,17,83,0,0,1,0.098,0.0048,117682
1902,123,-9.286,0,3,6,0,0,0,0.097,0.0048,117805
1903,66,-12.317,0,5,1,1,0,0,0.097,0.0048,117871
1904,58,-11.858,1,8,19,1,0,0,0.096,0.0048,117929
1905,400,-12.129,0,14,49,0,0,1,0.096,0.0048,118329
1906,176,-11.942,1,0,7,0,0,0,0.095,0.0048,118505
1907,51,-16.627,0,3,0,1,0,0,0.095,0.0048,118556
1908,133,-17.164,0,10,20,1,0,0,0.094,0.0047,118689
1909,400,-16.792,0,10,47,0,0,1,0.094,0.0047,119089
1910,223,-12.771,0,5,12,0,0,0,0.093,0.0047,119312
1911,66,-14.482,0,8,13,1,0,0,0.093,0.0047,119378
1912,400,-13.674,0,11,43,0,0,1,0.092,0.0047,119778
1913,44,-16.542,0,3,3,1,0,0,0.092,0.0047,119822
1914,47,-16.977,0,3,1,1,0,0,0.091,0.0047,119869
1915,231,-22.09,0,11,74,1,0,0,0.091,0.0047,120100
1916,360,-16.753,1,15,45,0,0,0,0.09,0.0047,120460
1917,9,-13.562,0,3,1,1,0,0,0.09,0.0047,120469
1918,174,-10.568,0,0,8,0,0,0,0.089,0.0047,120643
1919,354,-27.473,0,11,69,1,0,0,0.089,0.0047,120997
1920,210,-12.435,0,3,12,0,0,0,0.088,0.0046,121207
1921,275,-14.437,0,10,33,0,0,0,0.088,0.0046,121482
1922,45,-16.812,0,2,5,1,0,0,0.088,0.0046,121527
1923,70,-8.773,0,0,0,0,0,0,0.087,0.0046,121597
1924,396,-27.028,2,12,39,1,0,0,0.087,0.0046,121993
1925,392,-23.311,0,9,83,0,0,0,0.086,0.0046,122385
1926,7,-14.758,0,4,0,1,0,0,0.086,0.0046,122392
1927,327,-20.973,2,17,52,1,0,0,0.085,0.0046,122719
1928,400,-17.185,1,8,47,0,0,1,0.085,0.0046,123119
1929,275,-11.646,1,13,30,0,0,0,0.084,0.0046,123394
1930,341,-26.292,0,9,43,1,0,0,0.084,0.0046,123735
1931,400,-19.675,1,7,99,0,0,1,0.083,0.0046,124135
1932,211,-16.54,0,11,17,1,0,0,0.083,0.0046,124346
1933,304,-18.041,2,17,53,0,0,0,0.082,0.0045,124650
1934,150,-9.546,0,7,14,0,0,0,0.082,0.0045,124800
1935,400,-15.638,0,8,34,0,0,1,0.081,0.0045,125200
1936,59,-16.892,0,4,0,1,0,0,0.081,0.0045,125259
1937,88,-12.716,0,3,5,1,0,0,0.08,0.0045,125347
1938,390,-30.315,0,7,72,1,0,0,0.08,0.0045,125737
1939,32,-14.349,0,3,1,1,0,0,0.079,0.0045,125769
1940,147,-10.874,0,6,7,0,0,0,0.079,0.0045,125916
1941,400,-14.117,1,8,66,0,0,1,0.079,0.0045,126316
1942,386,-26.469,1,12,88,1,0,0,0.078,0.0045,126702
1943,395,-26.777,0,15,50,1,0,0,0.078,0.0045,127097
1944,352,-20.682,0,12,85,0,0,0,0.077,0.0045,127449
1945,108,-17.555,0,2,8,1,0,0,0.077,0.0044,127557
1946,400,-13.461,1,10,22,0,0,1,0.076,0.0044,127957
1947,42,-15.163,0,5,2,1,0,0,0.076,0.0044,127999
1948,400,-10.493,0,9,36,0,0,1,0.075,0.0044,128399
1949,400,-15.646,0,13,25,0,0,1,0.075,0.0044,128799
1950,14,-11.223,0,2,1,1,0,0,0.074,0.0044,128813
1951,13,-13.488,0,4,2,1,0,0,0.074,0.0044,128826
1952,400,-13.535,1,14,41,0,0,1,0.073,0.0044,129226
1953,400,-14.885,1,8,61,0,0,1,0.073,0.0044,129626
1954,146,-15.741,0,1,5,1,0,0,0.072,0.0044,129772
1955,173,-13.999,0,0,7,0,0,0,0.072,0.0044,129945
1956,400,-17.302,0,7,15,0,0,1,0.071,0.0044,130345
1957,68,-17.12,0,2,5,1,0,0,0.071,0.0044,130413
1958,11,-15.105,0,2,0,1,0,0,0.07,0.0043,130424
1959,400,-14.384,0,9,20,0,0,1,0.07,0.0043,130824
1960,400,-17.115,0,14,58,0,0,1,0.069,0.0043,131224
1961,301,-14.723,1,7,31,0,0,0,0.069,0.0043,131525
1962,400,-19.178,0,5,65,0,0,1,0.069,0.0043,131925
1963,190,-9.772,0,3,10,0,0,0,0.068,0.0043,132115
1964,400,-14.833,0,5,33,0,0,1,0.068,0.0043,132515
1965,400,-19.603,0,6,78,0,0,1,0.067,0.0043,132915
1966,373,-23.139,0,5,74,0,0,0,0.067,0.0043,133288
1967,172,-12.277,0,2,5,0,0,0,0.066,0.0043,133460
1968,400,-18.83,0,2,61,0,0,1,0.066,0.0043,133860
1969,358,-23.601,0,2,46,0,0,0,0.065,0.0043,134218
1970,325,-22.744,0,13,85,0,0,0,0.065,0.0042,134543
1971,253,-19.901,0,7,16,1,0,0,0.064,0.0042,134796
1972,286,-21.663,0,9,23,1,0,0,0.064,0.0042,135082
1973,251,-22.997,0,2,50,1,0,0,0.063,0.0042,135333
1974,164,-17.697,1,2,9,1,0,0,0.063,0.0042,135497
1975,400,-13.175,0,8,45,0,0,1,0.062,0.0042,135897
1976,8,-13.577,0,3,0,1,0,0,0.062,0.0042,135905
1977,291,-16.319,0,3,13,0,0,0,0.061,0.0042,136196
1978,318,-13.205,0,9,10,0,0,0,0.061,0.0042,136514
1979,11,-15.24,0,2,0,1,0,0,0.06,0.0042,136525
1980,400,-20.165,0,5,42,0,0,1,0.06,0.0042,136925
1981,400,-17.277,1,11,62,0,0,1,0.06,0.0042,137325
1982,19,-14.018,0,4,1,1,0,0,0.059,0.0042,137344
1983,315,-19.687,0,6,20,0,0,0,0.059,0.0041,137659
1984,400,-15.387,1,20,33,0,0,1,0.058,0.0041,138059
1985,282,-14.289,0,5,18,0,0,0,0.058,0.0041,138341
1986,400,-15.001,0,0,8,0,0,1,0.057,0.0041,138741
1987,156,-12.711,0,0,2,0,0,0,0.057,0.0041,138897
1988,381,-19.325,0,8,18,0,0,0,0.056,0.0041,139278
1989,91,-7.646,0,2,2,0,0,0,0.056,0.0041,139369
1990,400,-7.22,2,13,23,0,0,1,0.055,0.0041,139769
1991,269,-16.181,0,6,10,0,0,0,0.055,0.0041,140038
1992,365,-18.64,0,6,6,0,0,0,0.054,0.0041,140403
1993,400,-16.64,0,2,16,0,0,1,0.054,0.0041,140803
1994,271,-22.627,1,4,15,1,0,0,0.053,0.0041,141074
1995,400,-18.78,0,7,32,0,0,1,0.053,0.004,141474
1996,400,-14.511,2,4,29,0,0,1,0.052,0.004,141874
1997,7,-9.472,0,3,0,1,0,0,0.052,0.004,141881
1998,400,-18.078,2,4,49,0,0,1,0.051,0.004,142281
1999,9,-14.971,0,4,0,1,0,0,0.051,0.004,142290
2000,400,-17.811,1,8,59,0,0,1,0.05,0.004,142690
2001,56,-16.901,0,3,1,1,0,0,0.05,0.004,142746
2002,400,-19.618,0,7,54,0,0,1,0.05,0.004,143146
2003,400,-14.503,0,5,23,0,0,1,0.05,0.004,143546
2004,134,-10.439,0,0,3,0,0,0,0.05,0.004,143680
2005,334,-22.951,0,6,16,1,0,0,0.05,0.004,144014
2006,227,-13.926,0,10,18,0,0,0,0.05,0.004,144241
2007,352,-19.843,0,11,42,0,0,0,0.05,0.004,144593
2008,66,-10.909,0,6,1,1,0,0,0.05,0.004,144659
2009,111,-18.917,0,3,0,1,0,0,0.05,0.004,144770
2010,400,-15.655,0,5,10,0,0,1,0.05,0.004,145170
2011,63,-8.644,0,0,3,0,0,0,0.05,0.004,145233
2012,400,-20.321,0,3,17,0,0,1,0.05,0.004,145633
2013,400,-16.244,0,2,27,0,0,1,0.05,0.004,146033
2014,400,-13.258,0,21,33,0,0,1,0.05,0.004,146433
2015,400,-15.786,0,3,13,0,0,1,0.05,0.004,146833
2016,333,-22.789,2,12,87,1,0,0,0.05,0.004,147166
2017,400,-21.501,0,0,30,0,0,1,0.05,0.004,147566
2018,400,-15.621,1,14,26,0,0,1,0.05,0.004,147966
2019,317,-14.471,0,11,21,1,1,0,0.05,0.004,148283
2020,9,-14.014,0,2,0,1,0,0,0.05,0.004,148292
2021,21,-15.547,0,1,0,1,0,0,0.05,0.004,148313
2022,13,-13.678,0,4,0,1,0,0,0.05,0.004,148326
2023,157,-11.535,0,1,9,0,0,0,0.05,0.004,148483
2024,264,-23.322,0,8,24,1,0,0,0.05,0.004,148747
2025,237,-20.661,0,6,8,1,0,0,0.05,0.004,148984
2026,400,-13.318,0,10,46,0,0,1,0.05,0.004,149384
2027,319,-17.287,0,7,62,0,0,0,0.05,0.004,149703
2028,389,-19.582,0,10,23,0,0,0,0.05,0.004,150092
2029,400,-15.345,0,3,18,0,0,1,0.05,0.004,150492
2030,200,-13.256,0,3,4,0,0,0,0.05,0.004,150692
2031,214,-11.598,0,4,10,0,0,0,0.05,0.004,150906
2032,400,-15.771,0,4,50,0,1,1,0.05,0.004,151306
2033,400,-14.007,0,7,35,0,0,1,0.05,0.004,151706
2034,354,-18.955,0,10,35,0,0,0,0.05,0.004,152060
2035,17,-14.306,0,1,1,1,0,0,0.05,0.004,152077
2036,400,-18.607,0,2,19,0,0,1,0.05,0.004,152477
2037,400,-15.855,0,6,14,0,0,1,0.05,0.004,152877
2038,290,-14.222,1,7,13,0,0,0,0.05,0.004,153167
2039,365,-13.969,0,5,13,0,0,0,0.05,0.004,153532
2040,400,-17.566,0,3,25,0,0,1,0.05,0.004,153932
2041,400,-18.866,0,9,39,0,0,1,0.05,0.004,154332
2042,400,-9.392,1,15,25,0,0,1,0.05,0.004,154732
2043,400,-14.695,0,5,27,0,0,1,0.05,0.004,155132
2044,368,-16.157,0,6,16,0,0,0,0.05,0.004,155500
2045,185,-17.736,1,10,11,1,0,0,0.05,0.004,155685
2046,252,-16.287,1,7,46,0,0,0,0.05,0.004,155937
2047,154,-13.197,0,0,7,0,0,0,0.05,0.004,156091
2048,400,-16.815,1,4,17,0,0,1,0.05,0.004,156491
2049,398,-22.57,0,6,39,0,0,0,0.05,0.004,156889
2050,41,-16.246,0,3,3,1,0,0,0.05,0.004,156930
2051,32,-16.154,0,4,1,1,0,0,0.05,0.004,156962
2052,371,-20.715,0,2,33,0,0,0,0.05,0.004,157333
2053,272,-15.608,0,4,7,0,0,0,0.05,0.004,157605
2054,147,-8.181,0,0,3,0,0,0,0.05,0.004,157752
2055,400,-16.908,0,2,22,0,0,1,0.05,0.004,158152
2056,400,-12.686,0,8,34,0,0,1,0.05,0.004,158552
2057,160,-21.056,0,4,3,1,0,0,0.05,0.004,158712
2058,400,-14.284,0,12,46,0,0,1,0.05,0.004,159112
2059,50,-16.681,0,4,1,1,0,0,0.05,0.004,159162
2060,12,-13.799,0,3,1,1,0,0,0.05,0.004,159174
2061,65,-17.294,0,2,1,1,0,0,0.05,0.004,159239
2062,400,-11.388,1,13,61,0,1,1,0.05,0.004,159639
2063,400,-14.735,0,10,23,0,0,1,0.05,0.004,160039
2064,75,-17.473,0,3,5,1,0,0,0.05,0.004,160114
2065,400,-17.852,1,5,30,0,0,1,0.05,0.004,160514
2066,109,-8.938,0,0,2,0,0,0,0.05,0.004,160623
2067,371,-23.13,0,3,10,0,0,0,0.05,0.004,160994
2068,400,-18.949,0,2,40,0,0,1,0.05,0.004,161394
2069,400,-19.239,0,4,23,0,0,1,0.05,0.004,161794
2070,34,-16.541,0,4,1,1,0,0,0.05,0.004,161828
2071,400,-16.597,0,5,43,0,0,1,0.05,0.004,162228
2072,54,-14.751,0,4,1,1,0,0,0.05,0.004,162282
2073,400,-16.432,0,6,24,0,0,1,0.05,0.004,162682
2074,154,-9.783,0,3,7,0,0,0,0.05,0.004,162836
2075,400,-17.795,0,2,43,0,0,1,0.05,0.004,163236
2076,400,-15.132,0,7,9,0,0,1,0.05,0.004,163636
2077,64,-7.991,0,3,0,0,0,0,0.05,0.004,163700
2078,259,-16.758,0,2,4,0,0,0,0.05,0.004,163959
2079,291,-25.719,0,4,5,1,0,0,0.05,0.004,164250
2080,299,-16.167,0,0,11,0,0,0,0.05,0.004,164549
2081,379,-18.194,0,13,20,0,0,0,0.05,0.004,164928
2082,400,-16.161,0,6,74,0,0,1,0.05,0.004,165328
2083,400,-15.998,0,6,19,0,0,1,0.05,0.004,165728
2084,184,-11.499,0,2,3,0,0,0,0.05,0.004,165912
2085,63,-17.599,0,2,3,1,0,0,0.05,0.004,165975
2086,32,-16.697,0,3,0,1,0,0,0.05,0.004,166007
2087,40,-15.025,0,3,1,1,0,0,0.05,0.004,166047
2088,63,-7.82,0,0,0,0,0,0,0.05,0.004,166110
2089,400,-14.517,1,23,52,0,0,1,0.05,0.004,166510
2090,111,-16.434,0,3,2,1,0,0,0.05,0.004,166621
2091,112,-16.735,0,3,31,1,0,0,0.05,0.004,166733
2092,140,-12.193,0,0,9,0,0,0,0.05,0.004,166873
2093,325,-22.255,0,5,13,1,0,0,0.05,0.004,167198
2094,12,-15.229,0,2,0,1,0,0,0.05,0.004,167210
2095,198,-18.267,0,3,4,1,0,0,0.05,0.004,167408
2096,302,-15.065,0,8,20,0,0,0,0.05,0.004,167710
2097,258,-20.982,0,7,33,1,0,0,0.05,0.004,167968
2098,305,-16.51,0,11,36,0,0,0,0.05,0.004,168273
2099,277,-16.051,0,0,10,0,0,0,0.05,0.004,168550
2100,98,-4.372,1,6,3,0,0,0,0.05,0.004,168648
2101,73,-16.972,0,3,0,1,0,0,0.05,0.004,168721
2102,399,-25.782,0,3,16,1,0,0,0.05,0.004,169120
2103,121,-18.667,0,3,4,1,0,0,0.05,0.004,169241
2104,400,-16.49,0,0,6,0,0,1,0.05,0.004,169641
2105,174,-12.011,0,4,5,0,0,0,0.05,0.004,169815
2106,24,-15.686,0,2,0,1,0,0,0.05,0.004,169839
2107,272,-18.933,1,1,13,1,0,0,0.05,0.004,170111
2108,400,-18.904,0,3,44,0,0,1,0.05,0.004,170511
2109,400,-16.51,1,10,56,0,0,1,0.05,0.004,170911
2110,400,-18.421,0,8,40,0,0,1,0.05,0.004,171311
2111,387,-18.741,2,12,36,0,0,0,0.05,0.004,171698
2112,337,-15.937,1,5,9,0,0,0,0.05,0.004,172035
2113,400,-18.247,2,9,100,0,0,1,0.05,0.004,172435
2114,147,-11.411,0,0,6,0,0,0,0.05,0.004,172582
2115,304,-14.786,0,2,7,0,0,0,0.05,0.004,172886
2116,321,-16.675,0,6,22,0,0,0,0.05,0.004,173207
2117,400,-14.97,0,8,24,0,0,1,0.05,0.004,173607
2118,23,-15.541,0,3,1,1,0,0,0.05,0.004,173630
2119,189,-11.143,0,4,7,0,0,0,0.05,0.004,173819
2120,320,-22.155,1,3,57,0,0,0,0.05,0.004,174139
2121,400,-17.169,1,13,21,0,0,1,0.05,0.004,174539
2122,83,-7.928,0,0,3,0,0,0,0.05,0.004,174622
2123,400,-16.634,0,1,23,0,0,1,0.05,0.004,175022
2124,400,-16.031,0,12,35,0,0,1,0.05,0.004,175422
2125,66,-16.945,0,3,1,1,0,0,0.05,0.004,175488
2126,22,-14.394,0,3,0,1,0,0,0.05,0.004,175510
2127,137,-21.383,0,2,4,1,0,0,0.05,0.004,175647
2128,283,-12.776,2,13,23,0,0,0,0.05,0.004,175930
2129,142,-17.297,1,4,8,1,0,0,0.05,0.004,176072
2130,400,-15.758,1,7,33,0,0,1,0.05,0.004,176472
2131,400,-18.32,0,11,8,0,0,1,0.05,0.004,176872
2132,400,-14.171,0,8,6,0,0,1,0.05,0.004,177272
2133,116,-9.851,0,3,0,0,0,0,0.05,0.004,177388
2134,117,-9.928,0,2,2,0,0,0,0.05,0.004,177505
2135,192,-9.439,0,3,6,0,0,0,0.05,0.004,177697
2136,400,-15.502,0,10,30,0,0,1,0.05,0.004,178097
2137,400,-12.783,0,4,21,0,0,1,0.05,0.004,178497
2138,400,-16.608,0,7,43,0,0,1,0.05,0.004,178897
2139,400,-12.57,1,10,20,0,0,1,0.05,0.004,179297
2140,335,-19.503,0,5,15,0,0,0,0.05,0.004,179632
2141,328,-22.71,0,3,63,0,0,0,0.05,0.004,179960
2142,219,-14.897,0,0,5,0,0,0,0.05,0.004,180179
2143,196,-12.478,0,3,5,0,0,0,0.05,0.004,180375
2144,400,-12.912,0,7,27,0,0,1,0.05,0.004,180775
2145,400,-16.282,0,6,32,0,0,1,0.05,0.004,181175
2146,400,-14.399,1,7,43,0,0,1,0.05,0.004,181575
2147,400,-17.544,0,5,21,0,0,1,0.05,0.004,181975
2148,400,-17.529,1,4,59,0,0,1,0.05,0.004,182375
2149,11,-14.99,0,4,0,1,0,0,0.05,0.004,182386
2150,305,-19.437,0,3,75,0,0,0,0.05,0.004,182691
2151,400,-13.328,0,5,35,0,0,1,0.05,0.004,183091
2152,18,-15.387,0,1,0,1,0,0,0.05,0.004,183109
2153,400,-19.795,0,13,47,0,0,1,0.05,0.004,183509
2154,272,-15.548,0,8,21,0,0,0,0.05,0.004,183781
2155,400,-11.623,1,16,10,0,0,1,0.05,0.004,184181
2156,400,-12.528,2,6,12,0,0,1,0.05,0.004,184581
2157,400,-14.562,0,12,33,0,0,1,0.05,0.004,184981
2158,118,-19.851,0,2,4,1,0,0,0.05,0.004,185099
2159,75,-17.289,0,3,0,1,0,0,0.05,0.004,185174
2160,400,-15.575,1,8,60,0,0,1,0.05,0.004,185574
2161,400,-14.996,0,5,17,0,0,1,0.05,0.004,185974
2162,400,-15.416,0,0,7,0,0,1,0.05,0.004,186374
2163,29,-14.472,0,3,1,1,0,0,0.05,0.004,186403
2164,108,-18.384,0,5,10,1,0,0,0.05,0.004,186511
2165,400,-17.828,0,2,38,0,0,1,0.05,0.004,186911
2166,400,-12.023,1,8,22,0,0,1,0.05,0.004,187311
2167,24,-13.905,0,3,0,1,0,0,0.05,0.004,187335
2168,400,-10.278,1,7,17,0,0,1,0.05,0.004,187735
2169,20,-15.477,0,4,0,1,0,0,0.05,0.004,187755
2170,328,-19.956,0,6,17,1,0,0,0.05,0.004,188083
2171,149,-20.666,0,3,5,1,0,0,0.05,0.004,188232
2172,122,-20.075,0,3,3,1,0,0,0.05,0.004,188354
2173,400,-16.226,0,6,22,0,0,1,0.05,0.004,188754
2174,113,-9.429,0,0,2,0,0,0,0.05,0.004,188867
2175,260,-24.923,0,9,39,1,0,0,0.05,0.004,189127
2176,75,-8.518,0,0,5,0,0,0,0.05,0.004,189202
2177,400,-15.894,0,9,35,0,0,1,0.05,0.004,189602
2178,400,-14.039,1,6,12,0,0,1,0.05,0.004,190002
2179,341,-18.717,0,1,6,0,0,0,0.05,0.004,190343
2180,331,-18.438,0,10,14,0,0,0,0.05,0.004,190674
2181,374,-19.261,0,7,24,0,0,0,0.05,0.004,191048
2182,400,-16.312,0,4,43,0,0,1,0.05,0.004,191448
2183,400,-19.367,0,3,26,0,0,1,0.05,0.004,191848
2184,342,-17.037,1,9,10,0,0,0,0.05,0.004,192190
2185,398,-20.93,1,3,44,0,0,0,0.05,0.004,192588
2186,203,-8.228,0,3,6,0,1,0,0.05,0.004,192791
2187,360,-23.844,0,5,39,1,0,0,0.05,0.004,193151
2188,400,-16.388,0,10,34,0,0,1,0.05,0.004,193551
2189,127,-9.413,0,0,1,0,0,0,0.05,0.004,193678
2190,400,-13.669,2,9,50,0,0,1,0.05,0.004,194078
2191,131,-15.308,1,6,6,1,0,0,0.05,0.004,194209
2192,400,-13.912,0,8,24,0,0,1,0.05,0.004,194609
2193,277,-17.596,0,0,17,0,0,0,0.05,0.004,194886
2194,118,-14.876,0,4,5,1,0,0,0.05,0.004,195004
2195,400,-18.238,0,9,48,0,0,1,0.05,0.004,195404
2196,400,-17.398,0,2,7,0,0,1,0.05,0.004,195804
2197,400,-14.052,0,12,29,0,0,1,0.05,0.004,196204
2198,394,-19.039,2,12,51,0,0,0,0.05,0.004,196598
2199,240,-23.209,0,3,10,1,0,0,0.05,0.004,196838
2200,400,-19.19,0,2,42,0,0,1,0.05,0.004,197238
2201,400,-14.688,0,7,27,0,0,1,0.05,0.004,197638
2202,64,-17.636,0,3,2,1,0,0,0.05,0.004,197702
2203,400,-18.312,0,5,38,0,0,1,0.05,0.004,198102
2204,400,-17.83,2,3,14,0,0,1,0.05,0.004,198502
2205,400,-13.103,0,7,16,0,0,1,0.05,0.004,198902
2206,352,-20.291,0,7,23,1,0,0,0.05,0.004,199254
2207,181,-10.697,0,1,14,0,0,0,0.05,0.004,199435
2208,45,-16.42,0,3,0,1,0,0,0.05,0.004,199480
2209,400,-17.242,0,6,27,0,0,1,0.05,0.004,199880
2210,400,-16.39,0,2,52,0,0,1,0.05,0.004,200000
2211,72,-9.01,0,0,1,0,0,0,0.05,0.004,200000
2212,5,-13.175,0,4,0,1,0,0,0.05,0.004,200000
2213,400,-14.998,1,14,12,0,0,1,0.05,0.004,200000
2214,147,-8.61,0,0,3,0,0,0,0.05,0.004,200000
2215,400,-11.494,0,13,7,0,0,1,0.05,0.004,200000
2216,400,-13.234,0,9,25,0,0,1,0.05,0.004,200000
2217,218,-15.851,0,2,3,0,0,0,0.05,0.004,200000
2218,400,-7.485,2,24,91,0,1,1,0.05,0.004,200000
2219,395,-21.579,1,16,50,1,0,0,0.05,0.004,200000
2220,28,-16.137,0,4,2,1,0,0,0.05,0.004,200000
2221,30,-12.396,0,1,20,1,0,0,0.05,0.004,200000
2222,113,-8.169,0,3,4,0,0,0,0.05,0.004,200000
2223,325,-17.426,1,13,27,0,0,0,0.05,0.004,200000
2224,161,-20.973,0,3,4,1,0,0,0.05,0.004,200000
2225,30,-14.662,0,2,0,1,0,0,0.05,0.004,200000
2226,400,-18.075,0,6,21,0,0,1,0.05,0.004,200000
2227,400,-14.4,1,13,34,0,0,1,0.05,0.004,200000
2228,287,-13.158,0,8,7,0,0,0,0.05,0.004,200000
2229,340,-17.188,0,10,9,0,0,0,0.05,0.004,200000
2230,14,-13.563,0,3,0,1,0,0,0.05,0.004,200000
2231,400,-14.54,0,9,26,0,0,1,0.05,0.004,200000
2232,400,-12.977,0,6,9,0,0,1,0.05,0.004,200000
2233,87,-17.272,0,4,1,1,0,0,0.05,0.004,200000
2234,309,-20.671,0,7,14,1,0,0,0.05,0.004,200000
2235,400,-16.263,0,3,23,0,0,1,0.05,0.004,200000
2236,400,-17.244,1,7,23,0,0,1,0.05,0.004,200000
2237,400,-14.663,0,1,27,0,0,1,0.05,0.004,200000
2238,400,-18.872,0,3,43,0,0,1,0.05,0.004,200000
2239,400,-17.494,0,7,36,0,0,1,0.05,0.004,200000
2240,199,-12.999,0,4,8,0,0,0,0.05,0.004,200000
2241,396,-24.285,0,3,22,0,0,0,0.05,0.004,200000
2242,400,-14.859,0,5,45,0,0,1,0.05,0.004,200000
2243,400,-12.19,1,14,38,0,0,1,0.05,0.004,200000
2244,143,-16.141,0,5,2,1,0,0,0.05,0.004,200000
2245,233,-22.745,0,4,27,1,0,0,0.05,0.004,200000
2246,303,-25.207,0,2,9,1,0,0,0.05,0.004,200000
2247,360,-18.415,1,14,16,0,0,0,0.05,0.004,200000
2248,400,-14.623,0,7,36,0,0,1,0.05,0.004,200000
2249,374,-26.718,0,5,49,1,0,0,0.05,0.004,200000
2250,400,-16.183,0,6,31,0,0,1,0.05,0.004,200000
2251,400,-14.263,0,10,28,0,0,1,0.05,0.004,200000
2252,400,-16.918,0,8,50,0,0,1,0.05,0.004,200000
2253,225,-23.591,0,3,7,1,0,0,0.05,0.004,200000
2254,205,-12.844,0,2,11,0,0,0,0.05,0.004,200000
2255,394,-22.939,0,8,42,0,0,0,0.05,0.004,200000
2256,368,-17.461,0,7,9,0,0,0,0.05,0.004,200000
2257,400,-18.126,0,10,44,0,0,1,0.05,0.004,200000
2258,381,-26.487,0,0,65,0,0,0,0.05,0.004,200000
2259,400,-19.398,0,4,25,0,0,1,0.05,0.004,200000
2260,400,-14.077,0,3,15,0,0,1,0.05,0.004,200000
2261,371,-19.212,0,3,16,0,0,0,0.05,0.004,200000
2262,342,-19.026,0,9,29,0,0,0,0.05,0.004,200000
2263,400,-17.101,0,13,27,0,0,1,0.05,0.004,200000
2264,369,-21.038,0,8,67,0,0,0,0.05,0.004,200000
2265,211,-14.851,0,5,8,0,0,0,0.05,0.004,200000
2266,367,-25.396,0,7,24,1,0,0,0.05,0.004,200000
2267,400,-18.294,0,13,41,0,0,1,0.05,0.004,200000
2268,383,-24.099,0,6,30,1,0,0,0.05,0.004,200000
2269,400,-14.668,0,10,27,0,0,1,0.05,0.004,200000
2270,400,-19.516,0,6,32,0,0,1,0.05,0.004,200000
2271,74,-18.358,0,2,9,1,0,0,0.05,0.004,200000
2272,10,-14.448,0,0,6,1,0,0,0.05,0.004,200000
2273,400,-12.794,0,4,14,0,0,1,0.05,0.004,200000
2274,400,-12.875,0,7,20,0,0,1,0.05,0.004,200000
2275,26,-16.504,0,3,14,1,0,0,0.05,0.004,200000
2276,400,-14.094,1,12,39,0,0,1,0.05,0.004,200000
2277,400,-15.063,1,9,49,0,0,1,0.05,0.004,200000
2278,400,-12.742,0,7,11,0,0,1,0.05,0.004,200000
2279,400,-14.787,0,5,12,0,0,1,0.05,0.004,200000
2280,192,-17.456,0,6,7,1,0,0,0.05,0.004,200000
2281,400,-17.933,0,6,26,0,0,1,0.05,0.004,200000
2282,358,-16.836,1,10,72,0,0,0,0.05,0.004,200000
2283,98,-7.096,1,0,2,0,0,0,0.05,0.004,200000
2284,400,-17.652,0,6,54,0,0,1,0.05,0.004,200000
2285,400,-17.03,0,6,11,0,0,1,0.05,0.004,200000
2286,400,-13.224,0,15,65,0,0,1,0.05,0.004,200000
2287,400,-12.496,1,17,41,0,0,1,0.05,0.004,200000
2288,134,-21.469,0,2,4,1,0,0,0.05,0.004,200000
2289,400,-20.082,0,1,71,0,0,1,0.05,0.004,200000
2290,400,-14.273,0,11,32,0,0,1,0.05,0.004,200000
2291,344,-18.771,0,2,10,0,0,0,0.05,0.004,200000
2292,400,-17.475,0,1,41,0,0,1,0.05,0.004,200000
2293,400,-16.632,0,7,15,0,0,1,0.05,0.004,200000
2294,400,-17.249,1,8,5,0,0,1,0.05,0.004,200000
2295,305,-15.213,1,3,7,0,0,0,0.05,0.004,200000
2296,400,-15.693,0,9,43,0,0,1,0.05,0.004,200000
2297,400,-18.156,0,2,35,0,0,1,0.05,0.004,200000
2298,400,-17.509,0,2,22,0,0,1,0.05,0.004,200000
2299,119,-18.528,0,4,10,1,0,0,0.05,0.004,200000
2300,400,-14.609,0,13,7,0,0,1,0.05,0.004,200000
2301,400,-14.557,0,7,34,0,0,1,0.05,0.004,200000
2302,400,-14.904,0,12,23,0,0,1,0.05,0.004,200000
2303,400,-18.281,0,1,14,0,0,1,0.05,0.004,200000
2304,400,-18.43,2,6,67,0,0,1,0.05,0.004,200000
2305,63,-14.81,0,6,15,1,0,0,0.05,0.004,200000
2306,400,-21.249,0,9,54,0,0,1,0.05,0.004,200000
2307,109,-12.692,0,6,4,1,0,0,0.05,0.004,200000
2308,324,-23.87,0,2,12,1,0,0,0.05,0.004,200000
2309,109,-19.44,0,3,6,1,0,0,0.05,0.004,200000
2310,400,-14.681,0,7,12,0,0,1,0.05,0.004,200000
2311,400,-14.619,0,7,5,0,0,1,0.05,0.004,200000
2312,381,-23.307,0,2,25,0,0,0,0.05,0.004,200000
2313,112,-9.768,0,0,5,0,0,0,0.05,0.004,200000
2314,400,-14.397,0,10,41,0,0,1,0.05,0.004,200000
2315,400,-15.947,0,8,34,0,0,1,0.05,0.004,200000
2316,400,-10.259,0,7,6,0,1,1,0.05,0.004,200000
2317,400,-17.711,0,10,88,0,0,1,0.05,0.004,200000
2318,400,-15.639,1,13,95,0,0,1,0.05,0.004,200000
2319,400,-16.306,1,3,12,0,0,1,0.05,0.004,200000
2320,400,-18.457,0,5,17,0,0,1,0.05,0.004,200000
2321,400,-15.818,0,13,79,0,0,1,0.05,0.004,200000
2322,400,-14.144,1,11,38,0,0,1,0.05,0.004,200000
2323,400,-17.561,0,10,69,0,0,1,0.05,0.004,200000
2324,178,-15.372,0,7,68,0,0,0,0.05,0.004,200000
2325,400,-15.534,1,3,46,0,0,1,0.05,0.004,200000
2326,400,-14.954,0,0,55,0,0,1,0.05,0.004,200000
2327,400,-16.332,0,7,51,0,0,1,0.05,0.004,200000
2328,400,-18.957,0,11,43,0,0,1,0.05,0.004,200000
2329,22,-17.159,0,3,13,1,0,0,0.05,0.004,200000
2330,26,-11.957,0,5,11,1,0,0,0.05,0.004,200000
2331,387,-24.489,0,7,15,1,0,0,0.05,0.004,200000
2332,400,-13.82,1,9,24,0,0,1,0.05,0.004,200000
2333,335,-24.562,0,7,34,0,0,0,0.05,0.004,200000
2334,400,-19.526,0,5,40,0,0,1,0.05,0.004,200000
2335,400,-14.913,0,12,37,0,0,1,0.05,0.004,200000
2336,400,-14.548,0,7,15,0,0,1,0.05,0.004,200000
2337,400,-14.974,0,3,11,0,0,1,0.05,0.004,200000
2338,166,-12.043,0,0,6,0,0,0,0.05,0.004,200000
2339,400,-15.017,0,4,19,0,0,1,0.05,0.004,200000
2340,294,-20.188,0,11,48,0,0,0,0.05,0.004,200000
2341,76,-17.674,0,4,12,1,0,0,0.05,0.004,200000
2342,400,-13.146,0,6,21,0,0,1,0.05,0.004,200000
2343,400,-13.943,0,9,17,0,0,1,0.05,0.004,200000
2344,117,-19.017,0,3,20,1,0,0,0.05,0.004,200000
2345,191,-10.484,0,6,4,0,0,0,0.05,0.004,200000
2346,72,-8.884,0,0,7,0,0,0,0.05,0.004,200000
2347,400,-13.665,0,2,11,0,0,1,0.05,0.004,200000
2348,76,-8.626,0,0,3,0,0,0,0.05,0.004,200000
2349,400,-17.703,0,2,20,0,0,1,0.05,0.004,200000
2350,360,-19.446,1,5,62,0,0,0,0.05,0.004,200000
2351,400,-15.665,0,7,64,0,0,1,0.05,0.004,200000
2352,400,-16.016,1,8,36,0,0,1,0.05,0.004,200000
2353,334,-24.425,0,4,10,1,0,0,0.05,0.004,200000
2354,400,-14.594,0,4,16,0,0,1,0.05,0.004,200000
2355,400,-15.02,0,10,20,0,0,1,0.05,0.004,200000
2356,273,-13.623,0,10,16,0,0,0,0.05,0.004,200000
2357,400,-16.694,0,8,32,0,0,1,0.05,0.004,200000
2358,400,-18.465,0,4,9,0,0,1,0.05,0.004,200000
2359,59,-17.777,0,3,4,1,0,0,0.05,0.004,200000
2360,400,-15.744,0,2,10,0,0,1,0.05,0.004,200000
2361,29,-18.458,0,2,22,1,0,0,0.05,0.004,200000
2362,400,-11.73,1,11,15,0,0,1,0.05,0.004,200000
2363,400,-12.129,0,4,10,0,0,1,0.05,0.004,200000
2364,400,-12.941,1,12,12,0,0,1,0.05,0.004,200000
2365,400,-14.964,1,11,31,0,0,1,0.05,0.004,200000
2366,200,-16.977,1,12,21,1,0,0,0.05,0.004,200000
2367,70,-14.108,1,6,35,1,0,0,0.05,0.004,200000
2368,400,-21.933,0,8,85,0,0,1,0.05,0.004,200000
2369,8,-15.737,0,4,6,1,0,0,0.05,0.004,200000
2370,243,-13.441,0,3,8,0,0,0,0.05,0.004,200000
2371,178,-16.775,0,5,9,1,0,0,0.05,0.004,200000
2372,400,-18.838,0,6,18,0,0,1,0.05,0.004,200000
2373,177,-11.519,0,3,7,0,0,0,0.05,0.004,200000
2374,400,-17.849,0,7,16,0,0,1,0.05,0.004,200000
2375,400,-13.223,1,14,39,0,0,1,0.05,0.004,200000
2376,400,-16.185,0,11,55,0,0,1,0.05,0.004,200000
2377,400,-14.663,1,18,89,0,0,1,0.05,0.004,200000
2378,129,-19.147,0,8,35,1,0,0,0.05,0.004,200000
2379,305,-17.879,0,5,8,1,1,0,0.05,0.004,200000
2380,400,-19.544,0,3,49,0,0,1,0.05,0.004,200000
2381,7,-15.303,0,4,5,1,0,0,0.05,0.004,200000
2382,400,-13.084,0,10,19,0,0,1,0.05,0.004,200000
2383,400,-15.339,0,0,20,0,0,1,0.05,0.004,200000
2384,400,-15.791,1,14,67,0,0,1,0.05,0.004,200000
2385,400,-16.615,0,4,11,0,0,1,0.05,0.004,200000
2386,400,-15.711,0,11,60,0,0,1,0.05,0.004,200000
2387,400,-17.676,0,5,26,0,0,1,0.05,0.004,200000
2388,338,-19.099,0,8,7,0,0,0,0.05,0.004,200000
2389,400,-17.056,0,3,19,0,0,1,0.05,0.004,200000
2390,400,-12.698,0,14,26,0,0,1,0.05,0.004,200000
2391,84,-10.316,0,0,14,0,0,0,0.05,0.004,200000
2392,42,-16.714,0,2,17,1,0,0,0.05,0.004,200000
2393,400,-12.991,0,14,26,0,0,1,0.05,0.004,200000
2394,7,-16.124,0,4,5,1,0,0,0.05,0.004,200000
2395,400,-13.993,0,12,22,0,0,1,0.05,0.004,200000
2396,400,-17.892,0,7,4,0,0,1,0.05,0.004,200000
2397,42,-7.916,0,0,0,0,0,0,0.05,0.004,200000
2398,400,-14.385,0,2,25,0,0,1,0.05,0.004,200000
2399,83,-15.242,0,7,13,1,0,0,0.05,0.004,200000
2400,400,-14.19,0,10,10,0,0,1,0.05,0.004,200000
2401,85,-13.131,0,8,3,1,0,0,0.05,0.004,200000
2402,400,-13.842,0,15,50,0,0,1,0.05,0.004,200000
2403,223,-10.172,0,9,10,0,0,0,0.05,0.004,200000
2404,400,-8.742,1,21,34,0,0,1,0.05,0.004,200000
2405,254,-13.65,0,7,4,0,0,0,0.05,0.004,200000
2406,349,-22.309,0,7,30,0,0,0,0.05,0.004,200000
2407,233,-12.693,2,9,11,0,0,0,0.05,0.004,200000
2408,400,-12.366,0,12,15,0,0,1,0.05,0.004,200000
2409,400,-14.391,0,11,31,0,0,1,0.05,0.004,200000
2410,7,-16.029,0,4,5,1,0,0,0.05,0.004,200000
2411,86,-9.303,0,0,7,0,0,0,0.05,0.004,200000
2412,110,-10.053,0,3,0,0,0,0,0.05,0.004,200000
2413,400,-8.394,0,16,65,0,0,1,0.05,0.004,200000
2414,346,-24.39,0,16,84,1,0,0,0.05,0.004,200000
2415,129,-21.413,0,3,15,1,0,0,0.05,0.004,200000
2416,19,-15.63,0,4,13,1,0,0,0.05,0.004,200000
2417,400,-13.905,0,9,9,0,0,1,0.05,0.004,200000
2418,142,-17.725,0,4,23,1,0,0,0.05,0.004,200000
2419,344,-15.341,0,7,15,0,0,0,0.05,0.004,200000
2420,400,-16.145,0,12,7,0,0,1,0.05,0.004,200000
2421,400,-14.197,0,8,27,0,0,1,0.05,0.004,200000
2422,400,-15.173,1,13,47,0,0,1,0.05,0.004,200000
2423,400,-6.733,1,16,13,0,0,1,0.05,0.004,200000
2424,400,-9.37,0,19,7,0,0,1,0.05,0.004,200000
2425,400,-15.05,0,10,16,0,0,1,0.05,0.004,200000
2426,400,-13.566,0,3,19,0,0,1,0.05,0.004,200000
2427,355,-22.623,0,7,27,1,0,0,0.05,0.004,200000
2428,219,-17.538,0,5,6,1,0,0,0.05,0.004,200000
2429,400,-15.052,0,6,13,0,0,1,0.05,0.004,200000
2430,400,-13.227,0,12,15,0,0,1,0.05,0.004,200000
2431,400,-15.552,0,5,23,0,0,1,0.05,0.004,200000
2432,400,-9.7,2,20,39,0,0,1,0.05,0.004,200000
2433,400,-17.132,1,7,24,0,0,1,0.05,0.004,200000
2434,400,-18.316,0,9,10,0,0,1,0.05,0.004,200000
2435,87,-13.226,0,15,4,1,0,0,0.05,0.004,200000
2436,400,-9.645,2,12,15,0,0,1,0.05,0.004,200000
2437,5,-13.351,0,4,3,1,0,0,0.05,0.004,200000
2438,400,-11.417,0,12,5,0,0,1,0.05,0.004,200000
2439,280,-19.559,0,12,10,1,0,0,0.05,0.004,200000
2440,400,-13.361,2,12,13,0,0,1,0.05,0.004,200000
2441,228,-12.284,0,10,3,1,0,0,0.05,0.004,200000
2442,400,-5.341,2,24,23,0,0,1,0.05,0.004,200000
2443,400,-8.363,1,18,16,0,0,1,0.05,0.004,200000
2444,400,-6.661,0,13,38,0,1,1,0.05,0.004,200000
2445,360,-15.725,0,15,10,0,0,0,0.05,0.004,200000
2446,400,-12.253,0,10,11,0,0,1,0.05,0.004,200000
2447,400,-10.98,0,11,20,0,0,1,0.05,0.004,200000
2448,400,-11.788,0,10,45,0,0,1,0.05,0.004,200000
2449,274,-21.667,0,0,5,1,0,0,0.05,0.004,200000
2450,400,-11.559,2,12,20,0,0,1,0.05,0.004,200000
2451,400,-5.778,1,9,29,0,1,1,0.05,0.004,200000
2452,400,-11.217,2,16,24,0,0,1,0.05,0.004,200000
2453,400,-12.508,0,9,28,0,0,1,0.05,0.004,200000
2454,296,-16.421,1,10,14,0,0,0,0.05,0.004,200000
2455,400,-12.752,0,13,31,0,0,1,0.05,0.004,200000
2456,390,-25.633,1,23,141,1,0,0,0.05,0.004,200000
2457,400,-12.15,0,11,12,0,0,1,0.05,0.004,200000
2458,358,-18.447,0,12,56,0,0,0,0.05,0.004,200000
2459,36,-14.214,0,1,23,1,0,0,0.05,0.004,200000
2460,126,-11.766,0,2,20,0,0,0,0.05,0.004,200000
2461,338,-14.514,0,20,20,0,0,0,0.05,0.004,200000
2462,125,-8.199,0,9,4,0,0,0,0.05,0.004,200000
2463,400,-12.065,0,1,7,0,0,1,0.05,0.004,200000
2464,400,-8.583,2,12,16,0,0,1,0.05,0.004,200000
2465,400,-15.326,0,10,28,0,0,1,0.05,0.004,200000
2466,400,-10.233,1,16,8,0,0,1,0.05,0.004,200000
2467,300,-11.364,0,27,9,1,0,0,0.05,0.004,200000
2468,400,-13.054,0,7,18,0,0,1,0.05,0.004,200000
2469,261,-20.644,0,5,10,1,0,0,0.05,0.004,200000
2470,115,-15.2,0,8,5,1,0,0,0.05,0.004,200000
2471,400,-18.199,0,10,48,0,0,1,0.05,0.004,200000
2472,328,-24.957,0,7,15,1,0,0,0.05,0.004,200000
2473,152,-18.394,1,5,19,1,0,0,0.05,0.004,200000
2474,250,-14.118,1,12,32,1,0,0,0.05,0.004,200000
2475,400,-14.675,0,13,52,0,0,1,0.05,0.004,200000
2476,232,-18.076,0,12,76,0,0,0,0.05,0.004,200000
2477,400,-10.617,0,2,8,0,0,1,0.05,0.004,200000
2478,400,-14.939,0,8,30,0,0,1,0.05,0.004,200000
2479,171,-9.879,0,5,8,0,0,0,0.05,0.004,200000
2480,163,-10.491,0,7,7,0,0,0,0.05,0.004,200000
2481,400,-9.818,0,12,18,0,0,1,0.05,0.004,200000
2482,369,-22.687,0,7,9,1,0,0,0.05,0.004,200000
2483,400,-10.737,1,17,28,0,0,1,0.05,0.004,200000
2484,400,-13.02,0,14,30,0,0,1,0.05,0.004,200000
2485,400,-13.62,0,6,11,0,0,1,0.05,0.004,200000
2486,400,-12.018,0,15,9,0,0,1,0.05,0.004,200000
2487,400,-10.249,0,6,5,0,0,1,0.05,0.004,200000
2488,400,-6.764,1,13,22,0,0,1,0.05,0.004,200000
2489,400,-8.746,3,13,11,0,0,1,0.05,0.004,200000
2490,228,-11.267,0,8,3,0,0,0,0.05,0.004,200000
2491,267,-13.321,2,8,6,0,0,0,0.05,0.004,200000
2492,400,-10.54,1,17,20,0,0,1,0.05,0.004,200000
2493,343,-19.413,0,7,10,1,0,0,0.05,0.004,200000
2494,196,-12.82,0,0,7,0,0,0,0.05,0.004,200000
2495,400,-16.112,0,2,28,0,0,1,0.05,0.004,200000
2496,400,-6.208,0,22,27,0,0,1,0.05,0.004,200000
2497,400,-18.163,0,12,87,0,0,1,0.05,0.004,200000
2498,400,-3.93,1,19,19,0,0,1,0.05,0.004,200000
2499,98,-9.211,0,3,2,0,0,0,0.05,0.004,200000
2500,400,-15.175,0,15,59,0,0,1,0.05,0.004,200000
2501,400,-5.495,3,19,19,0,0,1,0.05,0.004,200000
2502,375,-17.968,1,14,21,1,0,0,0.05,0.004,200000
2503,264,-24.091,0,5,6,1,0,0,0.05,0.004,200000
2504,400,-8.686,4,19,50,0,0,1,0.05,0.004,200000
2505,400,-9.555,0,5,14,0,1,1,0.05,0.004,200000
2506,391,-22.13,0,12,15,1,0,0,0.05,0.004,200000
2507,400,-9.694,0,10,14,0,0,1,0.05,0.004,200000
2508,400,-17.879,0,6,21,0,0,1,0.05,0.004,200000
2509,363,-14.122,0,9,18,0,0,1,0.05,0.004,200000
2510,358,-23.858,1,14,20,1,0,0,0.05,0.004,200000
2511,400,-9.9,0,17,39,0,1,1,0.05,0.004,200000
2512,400,-7.896,0,11,18,0,1,1,0.05,0.004,200000
2513,5,-13.352,0,4,3,1,0,0,0.05,0.004,200000
2514,400,-15.744,0,6,27,0,0,1,0.05,0.004,200000
2515,334,-21.115,0,11,11,1,0,0,0.05,0.004,200000
2516,400,-11.917,0,5,11,0,0,1,0.05,0.004,200000
2517,221,-12.78,0,0,9,0,0,0,0.05,0.004,200000
2518,400,-12.214,0,19,19,0,0,1,0.05,0.004,200000
2519,110,-10.003,0,7,28,0,0,0,0.05,0.004,200000
2520,289,-22.807,1,11,11,1,0,0,0.05,0.004,200000
2521,400,-12.553,0,5,9,0,0,1,0.05,0.004,200000
2522,400,-13.512,1,14,37,0,0,1,0.05,0.004,200000
2523,400,-15.932,0,7,16,0,0,1,0.05,0.004,200000
2524,167,-10.822,1,20,12,1,0,0,0.05,0.004,200000
2525,158,-12.061,0,0,6,0,0,0,0.05,0.004,200000
2526,277,-19.12,0,18,10,1,0,0,0.05,0.004,200000
2527,400,-10.748,1,14,25,0,0,1,0.05,0.004,200000
2528,183,-8.297,1,16,19,0,0,0,0.05,0.004,200000
2529,400,-16.896,1,8,19,0,0,1,0.05,0.004,200000
2530,197,-12.799,0,0,3,0,0,0,0.05,0.004,200000
2531,400,-9.999,0,11,9,0,0,1,0.05,0.004,200000
2532,400,-10.856,0,6,6,0,0,1,0.05,0.004,200000
2533,400,-11.845,1,11,23,0,0,1,0.05,0.004,200000
2534,350,-12.892,0,6,16,0,0,0,0.05,0.004,200000
2535,400,-14.085,0,8,6,0,0,1,0.05,0.004,200000
2536,120,-6.94,0,4,5,0,0,0,0.05,0.004,200000
2537,168,-19.421,0,8,29,1,0,0,0.05,0.004,200000
2538,376,-16.655,0,20,28,0,0,0,0.05,0.004,200000
2539,251,-19.214,0,4,12,1,0,0,0.05,0.004,200000
2540,381,-17.253,1,17,11,0,0,0,0.05,0.004,200000
2541,400,-12.004,0,20,15,0,0,1,0.05,0.004,200000
2542,380,-16.188,1,20,31,1,0,0,0.05,0.004,200000
2543,400,-13.022,0,3,35,0,0,1,0.05,0.004,200000
2544,400,-15.746,0,5,5,0,0,1,0.05,0.004,200000
2545,400,-11.948,0,15,16,0,0,1,0.05,0.004,200000
2546,400,-11.783,0,8,19,0,0,1,0.05,0.004,200000
2547,400,-12.546,0,15,14,0,0,1,0.05,0.004,200000
2548,367,-21.999,0,10,1,1,0,0,0.05,0.004,200000
2549,400,-8.32,0,17,28,0,0,1,0.05,0.004,200000
2550,62,-16.448,0,3,5,1,0,0,0.05,0.004,200000
2551,156,-12.184,1,19,13,1,0,0,0.05,0.004,200000
2552,400,-14.001,1,9,31,0,0,1,0.05,0.004,200000
2553,400,-6.236,2,20,24,0,0,1,0.05,0.004,200000
2554,400,-15.672,0,14,59,0,0,1,0.05,0.004,200000
2555,346,-22.488,1,7,4,1,0,0,0.05,0.004,200000
2556,400,-14.557,0,7,15,0,0,1,0.05,0.004,200000
2557,400,-16.169,2,14,49,0,0,1,0.05,0.004,200000
2558,155,-10.763,0,3,3,0,0,0,0.05,0.004,200000
2559,400,-8.498,0,17,11,0,0,1,0.05,0.004,200000
2560,400,-12.13,1,17,25,0,0,1,0.05,0.004,200000
2561,384,-20.712,1,5,22,1,0,0,0.05,0.004,200000
2562,229,-12.581,1,13,10,1,0,0,0.05,0.004,200000
2563,400,-17.193,0,3,10,0,0,1,0.05,0.004,200000
2564,400,-12.677,1,8,15,0,0,1,0.05,0.004,200000
2565,266,-20.098,0,6,8,1,0,0,0.05,0.004,200000
2566,384,-24.265,1,10,25,1,0,0,0.05,0.004,200000
2567,400,-11.717,1,4,11,0,0,1,0.05,0.004,200000
2568,192,-19.119,1,11,34,1,0,0,0.05,0.004,200000
2569,400,-9.461,1,19,45,0,0,1,0.05,0.004,200000
2570,400,-9.844,2,11,22,0,0,1,0.05,0.004,200000
2571,400,-11.271,0,17,16,0,0,1,0.05,0.004,200000
2572,400,-15.491,0,11,13,0,0,1,0.05,0.004,200000
2573,400,-12.825,0,16,11,0,0,1,0.05,0.004,200000
2574,400,-9.849,2,18,19,0,0,1,0.05,0.004,200000
2575,400,-11.568,1,14,38,0,0,1,0.05,0.004,200000
2576,400,-9.331,2,24,27,0,0,1,0.05,0.004,200000
2577,182,2.124,1,36,5,0,0,0,0.05,0.004,200000
2578,400,-11.511,1,25,64,0,0,1,0.05,0.004,200000
2579,400,-13.108,1,5,25,0,0,1,0.05,0.004,200000
2580,400,-12.741,0,15,18,0,0,1,0.05,0.004,200000
2581,400,-9.612,0,16,17,0,0,1,0.05,0.004,200000
2582,400,-14.303,0,6,20,0,0,1,0.05,0.004,200000
2583,400,-12.621,0,7,6,0,0,1,0.05,0.004,200000
2584,366,-23.23,0,9,14,1,0,0,0.05,0.004,200000
2585,259,-21.872,0,8,15,1,0,0,0.05,0.004,200000
2586,400,-12.514,0,14,6,0,0,1,0.05,0.004,200000
2587,341,-26.267,0,12,39,1,0,0,0.05,0.004,200000
2588,400,-5.555,0,17,5,0,0,1,0.05,0.004,200000
2589,19,-13.96,0,1,11,1,0,0,0.05,0.004,200000
2590,400,-15.169,0,7,8,0,0,1,0.05,0.004,200000
2591,339,-13.718,0,29,22,0,0,0,0.05,0.004,200000
2592,80,-14.525,0,9,5,1,0,0,0.05,0.004,200000
2593,325,-19.659,0,4,2,1,0,0,0.05,0.004,200000
2594,400,-11.064,0,11,8,0,0,1,0.05,0.004,200000
2595,400,-9.934,1,17,33,0,0,1,0.05,0.004,200000
2596,37,-11.739,0,6,0,1,0,0,0.05,0.004,200000
2597,7,-13.793,0,3,5,1,0,0,0.05,0.004,200000
2598,400,-12.621,2,18,29,0,0,1,0.05,0.004,200000
2599,280,-16.823,0,8,49,0,0,0,0.05,0.004,200000
2600,396,-19.969,0,14,27,1,0,0,0.05,0.004,200000
2601,400,-9.036,0,20,21,0,0,1,0.05,0.004,200000
2602,400,-10.438,0,13,20,0,0,1,0.05,0.004,200000
2603,400,-14.719,0,7,11,0,0,1,0.05,0.004,200000
2604,400,-16.363,0,5,9,0,0,1,0.05,0.004,200000
2605,400,-11.213,0,9,23,0,0,1,0.05,0.004,200000
2606,212,-5.985,3,24,28,1,0,0,0.05,0.004,200000
2607,158,-14.227,1,18,7,1,0,0,0.05,0.004,200000
2608,400,2.042,4,28,18,0,0,1,0.05,0.004,200000
2609,129,-7.437,1,3,3,0,0,0,0.05,0.004,200000
2610,282,-14.601,2,21,24,1,0,0,0.05,0.004,200000
2611,400,-1.632,3,33,16,0,0,1,0.05,0.004,200000
2612,400,-5.361,2,16,11,0,0,1,0.05,0.004,200000
2613,106,-15.249,0,12,8,1,0,0,0.05,0.004,200000
2614,209,-9.037,0,11,25,0,0,0,0.05,0.004,200000
2615,400,-12.367,0,4,33,0,0,1,0.05,0.004,200000
2616,128,-8.242,0,0,3,0,0,0,0.05,0.004,200000
2617,100,-12.824,0,5,4,1,0,0,0.05,0.004,200000
2618,240,-21.747,0,8,13,1,0,0,0.05,0.004,200000
2619,245,-12.889,1,9,8,0,0,0,0.05,0.004,200000
2620,131,-17.876,1,5,24,1,0,0,0.05,0.004,200000
2621,400,-10.454,0,11,20,0,0,1,0.05,0.004,200000
2622,204,-15.366,1,20,6,1,0,0,0.05,0.004,200000
2623,400,-11.382,0,13,18,0,0,1,0.05,0.004,200000
2624,215,-16.425,0,7,11,1,0,0,0.05,0.004,200000
2625,400,-5.882,1,18,8,0,0,1,0.05,0.004,200000
2626,400,-13.455,0,7,16,0,0,1,0.05,0.004,200000
2627,400,-11.753,0,12,8,0,0,1,0.05,0.004,200000
2628,400,-7.633,1,24,32,0,0,1,0.05,0.004,200000
2629,400,-9.835,0,10,17,0,0,1,0.05,0.004,200000
2630,400,-12.478,1,15,28,0,0,1,0.05,0.004,200000
2631,400,-9.988,0,12,37,0,0,1,0.05,0.004,200000
2632,400,-10.684,0,15,41,0,0,1,0.05,0.004,200000
2633,152,-8.828,0,0,3,0,0,0,0.05,0.004,200000
2634,163,-17.414,0,12,33,1,0,0,0.05,0.004,200000
2635,161,-13.811,0,0,5,0,0,0,0.05,0.004,200000
2636,400,-5.45,1,25,14,0,0,1,0.05,0.004,200000
2637,400,-11.993,1,15,48,0,0,1,0.05,0.004,200000
2638,63,-18.165,0,3,6,1,0,0,0.05,0.004,200000
2639,400,-9.046,1,18,13,0,0,1,0.05,0.004,200000
2640,79,-14.484,0,7,5,1,0,0,0.05,0.004,200000
2641,20,-14.34,0,3,3,1,0,0,0.05,0.004,200000
2642,276,-11.276,0,8,8,0,0,0,0.05,0.004,200000
2643,130,-14.414,0,1,2,1,0,0,0.05,0.004,200000
2644,400,-1.267,1,22,26,0,0,1,0.05,0.004,200000
2645,317,-11.378,1,14,15,0,0,0,0.05,0.004,200000
2646,170,-17.182,0,3,7,1,0,0,0.05,0.004,200000
2647,175,-13.207,0,0,4,0,0,0,0.05,0.004,200000
2648,211,-15.312,0,0,2,0,0,0,0.05,0.004,200000
2649,400,-4.835,2,17,7,0,0,1,0.05,0.004,200000
2650,400,-11.029,0,22,29,0,0,1,0.05,0.004,200000
2651,400,-5.509,1,22,19,0,0,1,0.05,0.004,200000
2652,400,-1.336,1,24,8,0,0,1,0.05,0.004,200000
2653,307,-13.023,0,12,34,0,0,0,0.05,0.004,200000
2654,155,-16.336,0,8,9,1,0,0,0.05,0.004,200000
2655,145,-12.087,0,0,7,0,0,0,0.05,0.004,200000
2656,400,-7.945,0,5,13,0,0,1,0.05,0.004,200000
2657,400,-6.764,1,8,6,0,1,1,0.05,0.004,200000
2658,400,-10.575,0,16,63,0,0,1,0.05,0.004,200000
2659,188,-10.483,2,15,10,1,0,0,0.05,0.004,200000
2660,400,9.089,2,34,7,0,1,1,0.05,0.004,200000
2661,400,-12.908,0,3,32,0,0,1,0.05,0.004,200000
2662,254,-11.006,0,6,6,0,0,0,0.05,0.004,200000
2663,400,-7.51,0,26,18,0,0,1,0.05,0.004,200000
2664,372,-19.51,0,19,24,1,0,0,0.05,0.004,200000
2665,400,-9.837,0,9,8,0,0,1,0.05,0.004,200000
2666,400,-9.329,0,9,11,0,0,1,0.05,0.004,200000
2667,400,-5.405,0,9,13,0,1,1,0.05,0.004,200000
2668,351,-18.609,0,8,9,0,0,0,0.05,0.004,200000
2669,159,-16.639,0,2,3,1,0,0,0.05,0.004,200000
2670,400,-8.929,0,14,31,0,0,1,0.05,0.004,200000
2671,400,-10.664,0,10,18,0,0,1,0.05,0.004,200000
2672,248,-12.036,1,5,8,0,0,0,0.05,0.004,200000
2673,84,-14.587,0,8,32,1,0,0,0.05,0.004,200000
2674,400,-4.252,0,8,10,0,0,1,0.05,0.004,200000
2675,400,-10.815,1,11,34,0,0,1,0.05,0.004,200000
2676,131,-13.059,0,11,5,1,0,0,0.05,0.004,200000
2677,74,-13.18,0,2,2,1,0,0,0.05,0.004,200000
2678,400,-14.272,0,5,20,0,0,1,0.05,0.004,200000
2679,400,-6.732,0,17,10,0,0,1,0.05,0.004,200000
2680,400,-17.959,1,9,60,0,0,1,0.05,0.004,200000
2681,89,-16.587,0,4,7,1,0,0,0.05,0.004,200000
2682,400,-6.613,2,17,30,0,0,1,0.05,0.004,200000
2683,14,-11.256,0,3,1,1,0,0,0.05,0.004,200000
2684,400,-12.457,0,8,18,0,0,1,0.05,0.004,200000
2685,315,-12.352,1,24,12,1,0,0,0.05,0.004,200000
2686,58,-12.818,1,4,11,1,0,0,0.05,0.004,200000
2687,400,-4.225,0,26,8,0,0,1,0.05,0.004,200000
2688,400,-10.395,0,11,16,0,0,1,0.05,0.004,200000
2689,400,-9.421,0,21,25,0,0,1,0.05,0.004,200000
2690,144,-11.242,0,21,22,1,0,0,0.05,0.004,200000
2691,400,5.921,2,29,32,0,1,1,0.05,0.004,200000
2692,172,-14.357,0,4,6,1,0,0,0.05,0.004,200000
2693,400,-11.528,1,15,47,0,0,1,0.05,0.004,200000
2694,400,-5.729,1,17,17,0,0,1,0.05,0.004,200000
2695,400,-8.18,0,16,7,0,0,1,0.05,0.004,200000
2696,366,-17.004,1,12,6,1,0,0,0.05,0.004,200000
2697,168,-12.054,0,0,6,0,0,0,0.05,0.004,200000
2698,400,-11.86,0,24,54,0,0,1,0.05,0.004,200000
2699,299,-11.859,0,17,5,0,0,0,0.05,0.004,200000
2700,400,-0.992,2,28,41,0,0,1,0.05,0.004,200000
2701,400,-10.132,3,11,15,0,0,1,0.05,0.004,200000
2702,290,-16.218,1,14,5,1,0,0,0.05,0.004,200000
2703,400,-3.899,2,14,22,0,0,1,0.05,0.004,200000
2704,400,-14.626,0,2,12,0,0,1,0.05,0.004,200000
2705,279,-12.852,1,12,12,0,0,0,0.05,0.004,200000
2706,182,-19.702,0,4,15,1,0,0,0.05,0.004,200000
2707,400,-12.382,1,12,19,0,0,1,0.05,0.004,200000
2708,129,-11.345,0,10,2,1,0,0,0.05,0.004,200000
2709,365,-16.599,0,11,22,1,0,0,0.05,0.004,200000
2710,357,-19.866,0,18,14,1,0,0,0.05,0.004,200000
2711,275,-16.07,1,13,17,1,0,0,0.05,0.004,200000
2712,52,-8.355,0,0,1,0,0,0,0.05,0.004,200000
2713,400,-7.362,2,22,57,0,1,1,0.05,0.004,200000
2714,400,-8.556,2,16,9,0,0,1,0.05,0.004,200000
2715,349,-20.272,2,8,20,1,0,0,0.05,0.004,200000
2716,5,-15.097,0,2,3,1,0,0,0.05,0.004,200000
2717,400,-16.215,1,11,9,0,0,1,0.05,0.004,200000
2718,117,-15.076,0,8,4,1,0,0,0.05,0.004,200000
2719,400,-8.226,1,18,10,0,0,1,0.05,0.004,200000
2720,400,-12.536,0,7,9,0,0,1,0.05,0.004,200000
2721,376,-13.319,2,10,9,0,0,0,0.05,0.004,200000
2722,400,-11.027,0,15,14,0,0,1,0.05,0.004,200000
2723,400,-6.32,0,13,6,0,0,1,0.05,0.004,200000
2724,99,-8.153,0,0,3,0,0,0,0.05,0.004,200000
2725,314,-5.311,4,25,14,1,0,0,0.05,0.004,200000
2726,400,-5.681,2,22,9,0,0,1,0.05,0.004,200000
2727,400,-4.322,1,25,4,0,0,1,0.05,0.004,200000
2728,400,-7.909,1,16,10,0,0,1,0.05,0.004,200000
2729,400,-13.705,1,7,13,0,0,1,0.05,0.004,200000
2730,400,-11.564,0,9,20,0,0,1,0.05,0.004,200000
2731,400,-7.695,1,12,13,0,0,1,0.05,0.004,200000
2732,386,-18.056,2,9,11,1,0,0,0.05,0.004,200000
2733,400,-10.628,1,13,22,0,0,1,0.05,0.004,200000
2734,400,-5.353,2,21,22,0,0,1,0.05,0.004,200000
2735,400,-8.102,0,15,8,0,0,1,0.05,0.004,200000
2736,400,-0.461,1,26,21,0,0,1,0.05,0.004,200000
2737,205,-17.242,0,8,5,1,0,0,0.05,0.004,200000
2738,400,-7.858,1,14,14,0,0,1,0.05,0.004,200000
2739,400,1.666,3,28,28,0,0,1,0.05,0.004,200000
2740,400,-2.254,2,29,9,0,0,1,0.05,0.004,200000
2741,400,3.027,2,39,11,0,0,1,0.05,0.004,200000
2742,400,-10.328,0,24,11,0,0,1,0.05,0.004,200000
2743,400,-9.608,0,15,34,0,0,1,0.05,0.004,200000
2744,230,-13.241,1,3,13,0,0,0,0.05,0.004,200000
2745,400,-7.777,0,20,9,0,0,1,0.05,0.004,200000
2746,145,-18.377,0,9,6,1,0,0,0.05,0.004,200000
2747,389,-11.187,4,24,45,1,0,0,0.05,0.004,200000
2748,400,-7.851,1,14,7,0,0,1,0.05,0.004,200000
2749,320,-12.224,1,8,9,0,0,0,0.05,0.004,200000
2750,400,-5.438,1,13,17,0,0,1,0.05,0.004,200000
2751,202,-10.675,0,17,4,1,0,0,0.05,0.004,200000
2752,400,-15.509,1,15,80,0,0,1,0.05,0.004,200000
2753,400,-11.475,0,12,8,0,0,1,0.05,0.004,200000
2754,200,-8.497,0,12,3,0,0,0,0.05,0.004,200000
2755,258,-10.37,1,13,9,0,0,0,0.05,0.004,200000
2756,400,-10.541,0,12,6,0,0,1,0.05,0.004,200000
2757,400,-8.698,1,10,6,0,0,1,0.05,0.004,200000
2758,299,-22.386,0,6,14,1,0,0,0.05,0.004,200000
2759,253,-7.545,0,25,11,1,1,0,0.05,0.004,200000
2760,84,-14.327,0,6,4,1,0,0,0.05,0.004,200000
2761,400,-3.56,2,23,10,0,0,1,0.05,0.004,200000
2762,303,-10.964,0,22,9,1,0,0,0.05,0.004,200000
2763,400,-7.771,1,11,9,0,0,1,0.05,0.004,200000
2764,146,-12.296,0,0,1,0,0,0,0.05,0.004,200000
2765,400,-2.63,0,24,6,0,0,1,0.05,0.004,200000
2766,271,-18.372,0,18,20,1,0,0,0.05,0.004,200000
2767,400,-4.038,2,26,64,0,0,1,0.05,0.004,200000
2768,400,-2.418,1,23,11,0,0,1,0.05,0.004,200000
2769,183,-7.578,3,28,3,1,0,0,0.05,0.004,200000
2770,400,-3.074,1,23,5,0,0,1,0.05,0.004,200000
2771,400,-2.664,3,29,12,0,0,1,0.05,0.004,200000
2772,400,-12.231,0,11,12,0,0,1,0.05,0.004,200000
2773,181,-11.275,0,25,9,1,0,0,0.05,0.004,200000
2774,121,-16.492,0,2,7,1,0,0,0.05,0.004,200000
2775,184,-19.226,0,4,43,1,0,0,0.05,0.004,200000
2776,70,-11.561,0,9,1,1,0,0,0.05,0.004,200000
2777,157,-8.862,0,6,6,0,0,0,0.05,0.004,200000
2778,282,-12.928,1,17,9,1,0,0,0.05,0.004,200000
2779,7,-11.402,0,2,1,1,0,0,0.05,0.004,200000
2780,124,-18.911,0,9,7,1,0,0,0.05,0.004,200000
2781,400,-1.703,0,22,9,0,1,1,0.05,0.004,200000
2782,400,-4.549,2,17,28,0,0,1,0.05,0.004,200000
2783,400,-8.999,1,24,77,0,0,1,0.05,0.004,200000
2784,400,2.55,2,24,21,0,1,1,0.05,0.004,200000
2785,133,-5.033,1,21,23,0,0,0,0.05,0.004,200000
2786,378,-21.19,0,12,6,1,0,0,0.05,0.004,200000
2787,400,-10.355,0,6,8,0,0,1,0.05,0.004,200000
2788,400,-5.986,0,15,15,0,0,1,0.05,0.004,200000
2789,277,-12.127,1,19,13,1,0,0,0.05,0.004,200000
2790,271,-16.972,1,13,19,1,0,0,0.05,0.004,200000
2791,400,-6.606,1,26,10,0,0,1,0.05,0.004,200000
2792,400,-1.984,0,31,11,0,0,1,0.05,0.004,200000
2793,247,-18.742,0,8,13,1,0,0,0.05,0.004,200000
2794,83,-11.795,1,5,22,1,0,0,0.05,0.004,200000
2795,232,-18.533,1,7,29,1,0,0,0.05,0.004,200000
2796,225,-11.813,0,5,7,0,0,0,0.05,0.004,200000
2797,58,-6.89,1,12,4,0,0,0,0.05,0.004,200000
2798,400,-10.934,0,13,12,0,0,1,0.05,0.004,200000
2799,400,-11.055,0,5,13,0,0,1,0.05,0.004,200000
2800,400,-2.821,2,24,13,0,0,1,0.05,0.004,200000
2801,194,-10.479,2,14,68,0,0,0,0.05,0.004,200000
2802,159,-10.268,1,18,11,1,0,0,0.05,0.004,200000
2803,400,-5.057,2,10,19,0,0,1,0.05,0.004,200000
2804,400,-7.042,2,22,17,0,0,1,0.05,0.004,200000
2805,340,-9.887,3,27,33,1,0,0,0.05,0.004,200000
2806,400,-8.77,1,18,23,0,0,1,0.05,0.004,200000
2807,72,-16.583,0,3,4,1,0,0,0.05,0.004,200000
2808,352,-6.048,1,26,31,1,0,0,0.05,0.004,200000
2809,400,7.637,5,39,21,0,0,1,0.05,0.004,200000
2810,400,-4.149,3,27,26,0,0,1,0.05,0.004,200000
2811,400,-0.275,0,22,10,0,1,1,0.05,0.004,200000
2812,400,11.767,3,46,8,0,0,1,0.05,0.004,200000
2813,190,-13.806,1,15,5,1,0,0,0.05,0.004,200000
2814,215,-20.928,0,4,12,1,0,0,0.05,0.004,200000
2815,290,-14.873,2,25,26,1,0,0,0.05,0.004,200000
2816,375,-21.932,1,17,29,1,0,0,0.05,0.004,200000
2817,224,-7.714,1,9,5,0,0,0,0.05,0.004,200000
2818,400,-7.438,0,8,26,0,0,1,0.05,0.004,200000
2819,400,-8.633,0,17,87,0,1,1,0.05,0.004,200000
2820,312,-15.382,0,15,15,1,0,0,0.05,0.004,200000
2821,323,-15.532,1,11,46,1,0,0,0.05,0.004,200000
2822,400,-3.44,0,29,15,0,0,1,0.05,0.004,200000
2823,400,-2.275,0,29,15,0,0,1,0.05,0.004,200000
2824,400,-9.179,0,10,22,0,0,1,0.05,0.004,200000
2825,365,-11.704,2,21,8,1,0,0,0.05,0.004,200000
2826,400,-9.311,1,17,25,0,0,1,0.05,0.004,200000
2827,400,-5.866,1,22,18,0,0,1,0.05,0.004,200000
2828,400,-5.743,0,16,37,0,0,1,0.05,0.004,200000
2829,400,-5.39,2,16,15,0,0,1,0.05,0.004,200000
2830,157,-16.462,0,6,5,1,0,0,0.05,0.004,200000
2831,308,-23.448,0,1,7,1,0,0,0.05,0.004,200000
2832,395,-19.036,0,6,16,1,0,0,0.05,0.004,200000
2833,137,-9.639,1,18,21,1,0,0,0.05,0.004,200000
2834,400,-9.892,0,17,41,0,0,1,0.05,0.004,200000
2835,203,-16.232,0,4,2,1,0,0,0.05,0.004,200000
2836,22,-11.933,0,2,0,1,0,0,0.05,0.004,200000
2837,400,-3.307,1,13,10,0,0,1,0.05,0.004,200000
2838,400,-8.614,2,10,6,0,0,1,0.05,0.004,200000
2839,400,-8.691,2,22,20,0,0,1,0.05,0.004,200000
2840,400,-9.201,0,14,12,0,0,1,0.05,0.004,200000
2841,261,-14.467,0,6,5,0,0,0,0.05,0.004,200000
2842,400,6.018,2,36,21,0,1,1,0.05,0.004,200000
2843,50,-5.855,0,4,3,0,0,0,0.05,0.004,200000
2844,400,-4.616,2,17,39,0,0,1,0.05,0.004,200000
2845,7,-15.126,0,2,3,1,0,0,0.05,0.004,200000
2846,374,-13.01,2,13,6,1,0,0,0.05,0.004,200000
2847,399,-8.771,1,33,16,1,0,0,0.05,0.004,200000
2848,231,-14.447,0,0,3,0,0,0,0.05,0.004,200000
2849,186,-14.416,0,9,5,1,0,0,0.05,0.004,200000
2850,400,-9.004,0,24,16,0,0,1,0.05,0.004,200000
2851,336,-5.706,1,20,21,0,0,0,0.05,0.004,200000
2852,149,-8.578,0,11,3,0,0,0,0.05,0.004,200000
2853,219,-14.29,1,4,11,1,0,0,0.05,0.004,200000
2854,400,-3.594,2,21,39,0,0,1,0.05,0.004,200000
2855,400,-2.95,0,15,27,0,1,1,0.05,0.004,200000
2856,58,-8.375,0,0,2,0,0,0,0.05,0.004,200000
2857,400,-11.027,0,10,8,0,0,1,0.05,0.004,200000
2858,235,-19.89,0,5,9,1,0,0,0.05,0.004,200000
2859,362,-9.516,3,29,20,1,1,0,0.05,0.004,200000
2860,136,-12.61,1,17,7,1,0,0,0.05,0.004,200000
2861,166,-16.925,0,8,5,1,0,0,0.05,0.004,200000
2862,400,-8.82,1,12,12,0,0,1,0.05,0.004,200000
2863,141,-6.388,2,5,4,0,0,0,0.05,0.004,200000
2864,400,0.384,3,27,9,0,0,1,0.05,0.004,200000
2865,257,-15.814,2,12,7,1,0,0,0.05,0.004,200000
2866,253,-11.584,1,12,17,1,0,0,0.05,0.004,200000
2867,279,-13.567,0,0,10,0,0,0,0.05,0.004,200000
2868,400,-8.91,0,10,11,0,0,1,0.05,0.004,200000
2869,255,-22.355,0,3,10,1,0,0,0.05,0.004,200000
2870,400,-11.441,1,16,17,0,0,1,0.05,0.004,200000
2871,400,0.317,2,14,17,0,0,1,0.05,0.004,200000
2872,103,-13.022,0,5,6,1,0,0,0.05,0.004,200000
2873,400,-2.547,3,28,24,0,0,1,0.05,0.004,200000
2874,273,-10.01,0,12,23,0,0,0,0.05,0.004,200000
2875,400,-9.593,0,18,9,0,0,1,0.05,0.004,200000
2876,400,-8.149,2,18,17,0,0,1,0.05,0.004,200000
2877,400,-6.722,2,10,17,0,0,1,0.05,0.004,200000
2878,270,-7.418,2,27,4,1,0,0,0.05,0.004,200000
2879,13,-10.188,0,6,0,1,0,0,0.05,0.004,200000
2880,239,-12.603,0,6,8,0,0,0,0.05,0.004,200000
2881,372,-5.664,0,38,14,1,0,0,0.05,0.004,200000
2882,168,-5.071,0,16,5,0,0,0,0.05,0.004,200000
2883,172,-13.812,0,12,8,1,0,0,0.05,0.004,200000
2884,171,-16.911,0,10,2,1,0,0,0.05,0.004,200000
2885,400,-3.804,0,19,33,0,0,1,0.05,0.004,200000
2886,400,6.875,4,37,23,0,0,1,0.05,0.004,200000
2887,237,-13.605,1,12,18,1,0,0,0.05,0.004,200000
2888,400,-1.366,2,15,14,0,0,1,0.05,0.004,200000
2889,400,-5.645,0,6,16,0,0,1,0.05,0.004,200000
2890,292,-11.449,0,13,9,1,0,0,0.05,0.004,200000
2891,131,-11.932,0,15,4,1,0,0,0.05,0.004,200000
2892,316,-21.934,2,13,19,1,0,0,0.05,0.004,200000
2893,400,-3.9,2,17,23,0,0,1,0.05,0.004,200000
2894,386,-10.064,2,29,25,1,0,0,0.05,0.004,200000
2895,400,-8.327,2,14,9,0,0,1,0.05,0.004,200000
2896,326,-13.07,1,16,43,1,1,0,0.05,0.004,200000
2897,400,5.342,3,39,5,0,0,1,0.05,0.004,200000
2898,400,6.629,3,28,13,0,0,1,0.05,0.004,200000
2899,400,0.82,1,33,9,0,0,1,0.05,0.004,200000
2900,69,-7.316,1,14,5,1,0,0,0.05,0.004,200000
2901,102,-9.319,1,8,1,1,0,0,0.05,0.004,200000
2902,400,10.561,5,50,11,0,0,1,0.05,0.004,200000
2903,363,-4.876,2,39,23,1,0,0,0.05,0.004,200000
2904,191,-8.825,0,16,17,1,0,0,0.05,0.004,200000
2905,132,-13.716,0,4,3,1,0,0,0.05,0.004,200000
2906,400,1.267,1,30,18,0,0,1,0.05,0.004,200000
2907,132,-18.299,0,6,7,1,0,0,0.05,0.004,200000
2908,301,-16.536,3,22,25,1,0,0,0.05,0.004,200000
2909,60,-8.71,0,0,2,0,0,0,0.05,0.004,200000
2910,147,-17.598,0,9,7,1,0,0,0.05,0.004,200000
2911,400,-0.203,2,17,8,0,1,1,0.05,0.004,200000
2912,183,-14.948,1,14,9,1,0,0,0.05,0.004,200000
2913,400,-4.075,3,17,20,0,0,1,0.05,0.004,200000
2914,343,-9.226,2,29,10,1,0,0,0.05,0.004,200000
2915,400,-1.325,0,25,21,0,0,1,0.05,0.004,200000
2916,323,-15.585,2,9,12,1,0,0,0.05,0.004,200000
2917,400,-7.766,1,16,30,0,0,1,0.05,0.004,200000
2918,239,-18.613,0,5,9,1,0,0,0.05,0.004,200000
2919,170,-16.089,0,9,18,1,0,0,0.05,0.004,200000
2920,228,-9.666,0,13,11,0,0,0,0.05,0.004,200000
2921,144,-7.8,2,22,4,1,0,0,0.05,0.004,200000
2922,400,-3.005,2,25,17,0,0,1,0.05,0.004,200000
2923,19,-14.862,0,2,14,1,0,0,0.05,0.004,200000
2924,400,-3.33,1,25,5,0,0,1,0.05,0.004,200000
2925,180,-12.454,2,16,20,1,0,0,0.05,0.004,200000
2926,349,-14.704,0,21,59,0,0,0,0.05,0.004,200000
2927,400,2.371,3,50,14,0,0,1,0.05,0.004,200000
2928,133,-12.092,0,11,2,1,0,0,0.05,0.004,200000
2929,400,12.67,6,47,26,0,0,1,0.05,0.004,200000
2930,323,-20.106,0,11,14,1,0,0,0.05,0.004,200000
2931,83,-12.771,0,5,1,1,0,0,0.05,0.004,200000
2932,400,-6.092,1,23,52,0,0,1,0.05,0.004,200000
2933,57,-14.298,1,7,4,1,0,0,0.05,0.004,200000
2934,400,-2.512,0,26,36,0,0,1,0.05,0.004,200000
2935,400,-1.97,2,23,33,0,0,1,0.05,0.004,200000
2936,147,-6.101,0,13,5,0,0,0,0.05,0.004,200000
2937,186,-3.132,3,21,6,1,1,0,0.05,0.004,200000
2938,400,2.622,1,24,14,0,1,1,0.05,0.004,200000
2939,212,-6.582,2,23,17,0,0,0,0.05,0.004,200000
2940,364,-12.028,3,32,24,1,0,0,0.05,0.004,200000
2941,400,2.809,3,25,11,0,0,1,0.05,0.004,200000
2942,330,-16.542,0,2,5,0,0,0,0.05,0.004,200000
2943,57,-13.515,0,10,5,1,0,0,0.05,0.004,200000
2944,400,-4.94,0,20,5,0,0,1,0.05,0.004,200000
2945,239,-7.225,1,35,20,1,0,0,0.05,0.004,200000
2946,233,-16.358,1,9,9,1,0,0,0.05,0.004,200000
2947,68,-7.042,0,5,1,0,0,0,0.05,0.004,200000
2948,268,-9.528,2,34,22,1,0,0,0.05,0.004,200000
2949,86,-10.057,1,13,3,1,0,0,0.05,0.004,200000
2950,53,-11.745,2,5,5,1,0,0,0.05,0.004,200000
2951,7,-9.652,0,3,0,1,0,0,0.05,0.004,200000
2952,221,-15.57,3,13,23,1,0,0,0.05,0.004,200000
2953,400,0.338,1,21,12,0,1,1,0.05,0.004,200000
2954,164,-8.82,0,7,2,0,0,0,0.05,0.004,200000
2955,180,-1.755,4,36,29,0,0,0,0.05,0.004,200000
2956,400,-11.671,0,2,11,0,0,1,0.05,0.004,200000
2957,200,-11.094,1,18,7,1,0,0,0.05,0.004,200000
2958,324,-6.866,3,24,9,1,1,0,0.05,0.004,200000
2959,271,-9.661,4,32,15,1,0,0,0.05,0.004,200000
2960,400,8.198,3,37,38,0,1,1,0.05,0.004,200000
2961,400,-10.043,0,9,12,0,0,1,0.05,0.004,200000
2962,400,-1.587,1,15,19,0,0,1,0.05,0.004,200000
2963,143,-11.906,0,2,2,0,0,0,0.05,0.004,200000
2964,189,-15.958,1,16,21,1,0,0,0.05,0.004,200000
2965,400,-9.632,0,4,13,0,0,1,0.05,0.004,200000
2966,53,-2.078,1,10,2,0,0,0,0.05,0.004,200000
2967,97,-17.166,0,3,3,1,0,0,0.05,0.004,200000
2968,35,-15.849,0,3,28,1,0,0,0.05,0.004,200000
2969,400,-15.437,0,9,31,0,0,1,0.05,0.004,200000
2970,386,-19.79,0,11,10,1,0,0,0.05,0.004,200000
2971,400,-4.17,0,11,17,0,0,1,0.05,0.004,200000
2972,171,-12.676,2,13,12,1,0,0,0.05,0.004,200000
2973,228,-12.294,0,3,6,0,0,0,0.05,0.004,200000
2974,103,-11.95,0,6,4,1,0,0,0.05,0.004,200000
2975,126,-18.547,0,9,10,1,0,0,0.05,0.004,200000
2976,68,-7.007,1,2,1,0,0,0,0.05,0.004,200000
2977,294,-17.933,0,4,10,0,0,0,0.05,0.004,200000
2978,220,-12.094,1,7,7,0,0,0,0.05,0.004,200000
2979,112,-4.462,0,17,26,0,0,0,0.05,0.004,200000
2980,204,-20.387,0,7,9,1,0,0,0.05,0.004,200000
2981,237,-4.878,4,38,10,1,0,0,0.05,0.004,200000
2982,22,-9.992,0,3,0,1,0,0,0.05,0.004,200000
2983,400,1.554,2,18,15,0,0,1,0.05,0.004,200000
2984,208,-8.242,1,15,6,1,1,0,0.05,0.004,200000
2985,400,6.177,5,40,34,0,0,1,0.05,0.004,200000
2986,98,-8.542,0,3,3,0,0,0,0.05,0.004,200000
2987,400,-11.112,2,10,65,0,0,1,0.05,0.004,200000
2988,177,-11.863,0,6,25,0,0,0,0.05,0.004,200000
2989,130,-7.199,3,23,2,1,0,0,0.05,0.004,200000
2990,198,-9.067,1,10,7,0,0,0,0.05,0.004,200000
2991,311,-12.945,1,17,9,1,0,0,0.05,0.004,200000
2992,400,-8.984,1,10,19,0,0,1,0.05,0.004,200000
2993,185,-12.648,0,3,8,0,0,0,0.05,0.004,200000
2994,400,-11.84,0,9,48,0,0,1,0.05,0.004,200000
2995,400,-2.802,2,27,56,0,0,1,0.05,0.004,200000
2996,234,-18.331,0,4,3,1,0,0,0.05,0.004,200000
2997,154,-4.975,1,15,10,0,0,0,0.05,0.004,200000
2998,278,-13.938,1,11,9,1,0,0,0.05,0.004,200000
2999,400,-4.484,3,8,14,0,0,1,0.05,0.004,200000
3000,400,3.97,6,32,23,0,0,1,0.05,0.004,200000
3001,400,-9.809,1,14,22,0,0,1,0.05,0.004,200000
3002,400,5.99,2,26,14,0,0,1,0.05,0.004,200000
3003,139,-16.399,0,11,20,1,0,0,0.05,0.004,200000
3004,400,-2.137,3,24,28,0,0,1,0.05,0.004,200000
3005,400,4.706,6,19,26,0,0,1,0.05,0.004,200000
3006,400,-7.204,1,19,24,0,0,1,0.05,0.004,200000
3007,400,3.372,3,27,50,0,1,1,0.05,0.004,200000
3008,69,-18.171,0,2,18,1,0,0,0.05,0.004,200000
3009,400,9.336,7,26,36,0,0,1,0.05,0.004,200000
3010,400,-7.349,1,15,37,0,0,1,0.05,0.004,200000
3011,400,-6.342,1,25,34,0,1,1,0.05,0.004,200000
3012,400,-4.998,3,19,26,0,0,1,0.05,0.004,200000
3013,400,0.542,2,29,52,0,0,1,0.05,0.004,200000
3014,149,-7.447,3,20,13,1,0,0,0.05,0.004,200000
3015,400,-1.501,3,31,47,0,0,1,0.05,0.004,200000
3016,225,-10.143,0,2,10,0,0,0,0.05,0.004,200000
3017,400,-4.79,2,15,21,0,0,1,0.05,0.004,200000
3018,400,-0.42,2,20,17,0,0,1,0.05,0.004,200000
3019,305,-12.123,0,11,12,1,1,0,0.05,0.004,200000
3020,132,-8.974,3,17,6,1,0,0,0.05,0.004,200000
3021,281,-18.344,0,10,55,1,0,0,0.05,0.004,200000
3022,289,-15.408,1,17,44,1,0,0,0.05,0.004,200000
3023,156,-11.93,0,0,5,0,0,0,0.05,0.004,200000
3024,400,-2.936,2,22,38,0,0,1,0.05,0.004,200000
3025,400,-8.701,1,20,14,0,0,1,0.05,0.004,200000
3026,366,-17.932,1,2,10,0,0,0,0.05,0.004,200000
3027,243,-13.514,1,4,6,0,0,0,0.05,0.004,200000
3028,256,-16.835,3,13,21,1,0,0,0.05,0.004,200000
3029,376,-12.506,2,18,26,1,0,0,0.05,0.004,200000
3030,83,-9.949,1,9,1,1,0,0,0.05,0.004,200000
3031,400,-3.317,1,10,19,0,1,1,0.05,0.004,200000
3032,400,-9.637,2,12,21,0,0,1,0.05,0.004,200000
3033,241,-9.262,1,19,7,1,0,0,0.05,0.004,200000
3034,173,-14.841,2,11,16,1,0,0,0.05,0.004,200000
3035,400,0.695,2,20,31,0,0,1,0.05,0.004,200000
3036,112,-6.087,0,19,1,1,0,0,0.05,0.004,200000
3037,215,-11.892,0,0,3,0,0,0,0.05,0.004,200000
3038,400,-2.479,1,24,44,0,0,1,0.05,0.004,200000
3039,400,-4.096,0,13,7,0,0,1,0.05,0.004,200000
3040,96,-6.001,1,4,3,0,0,0,0.05,0.004,200000
3041,321,-11.89,2,18,15,1,0,0,0.05,0.004,200000
3042,400,1.759,2,19,32,0,1,1,0.05,0.004,200000
3043,400,-11.16,0,7,16,0,0,1,0.05,0.004,200000
3044,400,1.182,0,12,8,0,2,1,0.05,0.004,200000
3045,47,-12.278,0,4,1,1,0,0,0.05,0.004,200000
3046,400,-7.259,3,14,40,0,0,1,0.05,0.004,200000
3047,251,-14.842,0,13,7,1,0,0,0.05,0.004,200000
3048,237,-16.213,0,6,6,1,0,0,0.05,0.004,200000
3049,70,-7.379,0,0,2,0,0,0,0.05,0.004,200000
3050,330,-10.811,2,15,13,1,1,0,0.05,0.004,200000
3051,41,-11.801,1,10,2,1,0,0,0.05,0.004,200000
3052,363,-6.16,0,30,13,1,0,0,0.05,0.004,200000
3053,400,-2.907,3,19,16,0,0,1,0.05,0.004,200000
3054,302,-4.794,2,21,15,1,1,0,0.05,0.004,200000
3055,94,-13.741,1,9,4,1,0,0,0.05,0.004,200000
3056,400,9.948,3,30,19,0,1,1,0.05,0.004,200000
3057,400,-4.429,0,8,12,0,1,1,0.05,0.004,200000
3058,400,-9.304,1,7,25,0,0,1,0.05,0.004,200000
3059,86,-14.948,0,7,3,1,0,0,0.05,0.004,200000
3060,400,1.694,4,31,22,0,0,1,0.05,0.004,200000
3061,152,3.091,2,24,1,0,1,0,0.05,0.004,200000
3062,280,-16.762,0,4,5,1,0,0,0.05,0.004,200000
3063,355,0.758,4,43,7,1,0,0,0.05,0.004,200000
3064,400,-1.562,1,17,15,0,1,1,0.05,0.004,200000
3065,64,-13.431,0,8,2,1,0,0,0.05,0.004,200000
3066,376,-12.708,0,23,15,1,0,0,0.05,0.004,200000
3067,155,-15.504,0,5,0,1,0,0,0.05,0.004,200000
3068,400,1.125,2,21,34,0,0,1,0.05,0.004,200000
3069,400,-12.738,0,4,13,0,0,1,0.05,0.004,200000
3070,400,5.78,2,42,11,0,1,1,0.05,0.004,200000
3071,34,-14.959,0,2,4,1,0,0,0.05,0.004,200000
3072,400,-3.726,1,8,8,0,0,1,0.05,0.004,200000
3073,46,-14.162,0,5,3,1,0,0,0.05,0.004,200000
3074,400,-2.81,1,7,22,0,0,1,0.05,0.004,200000
3075,400,-10.347,0,18,53,0,0,1,0.05,0.004,200000
3076,211,-9.344,0,24,18,1,0,0,0.05,0.004,200000
3077,351,-10.439,3,20,61,1,0,0,0.05,0.004,200000
3078,400,-13.772,0,9,62,0,0,1,0.05,0.004,200000
3079,400,8.344,4,32,26,0,0,1,0.05,0.004,200000
3080,163,-9.005,1,21,21,1,0,0,0.05,0.004,200000
3081,400,3.98,2,35,25,0,0,1,0.05,0.004,200000
3082,19,-12.716,0,3,3,1,0,0,0.05,0.004,200000
3083,7,-15.87,0,2,5,1,0,0,0.05,0.004,200000
3084,18,-11.946,0,3,5,1,0,0,0.05,0.004,200000
3085,214,-17.951,0,12,30,1,0,0,0.05,0.004,200000
3086,197,-10.415,1,26,4,1,0,0,0.05,0.004,200000
3087,400,-3.998,1,11,11,0,1,1,0.05,0.004,200000
3088,400,-9.639,1,6,38,0,0,1,0.05,0.004,200000
3089,46,-11.455,0,9,2,1,0,0,0.05,0.004,200000
3090,400,1.73,0,22,16,0,0,1,0.05,0.004,200000
3091,400,-5.779,0,34,64,0,0,1,0.05,0.004,200000
3092,235,-4.629,4,25,18,0,0,0,0.05,0.004,200000
3093,400,-7.121,0,5,15,0,0,1,0.05,0.004,200000
3094,52,-15.28,1,8,23,1,0,0,0.05,0.004,200000
3095,263,-15.495,1,21,38,1,0,0,0.05,0.004,200000
3096,76,-5.966,0,4,4,0,0,0,0.05,0.004,200000
3097,400,6.526,3,38,24,0,0,1,0.05,0.004,200000
3098,103,-13.285,1,13,18,1,0,0,0.05,0.004,200000
3099,265,-21.551,1,9,47,1,0,0,0.05,0.004,200000
3100,351,-2.684,3,24,21,1,1,0,0.05,0.004,200000
3101,144,-15.06,0,14,16,1,0,0,0.05,0.004,200000
3102,400,-7.455,0,7,37,0,1,1,0.05,0.004,200000
3103,400,-2.499,1,17,22,0,1,1,0.05,0.004,200000
3104,400,-4.02,2,14,13,0,0,1,0.05,0.004,200000
3105,134,-8.318,0,3,0,0,0,0,0.05,0.004,200000
3106,308,-1.507,5,28,16,1,0,0,0.05,0.004,200000
3107,103,-12.487,0,10,11,1,0,0,0.05,0.004,200000
3108,400,8.9,6,45,36,0,0,1,0.05,0.004,200000
3109,400,0.428,1,30,33,0,0,1,0.05,0.004,200000
3110,39,-15.323,0,5,10,1,0,0,0.05,0.004,200000
3111,46,-9.792,0,10,5,1,0,0,0.05,0.004,200000
3112,269,-6.399,2,21,21,1,0,0,0.05,0.004,200000
3113,263,-2.446,2,22,43,0,0,0,0.05,0.004,200000
3114,242,-11.722,3,25,23,1,0,0,0.05,0.004,200000
3115,48,-11.539,1,10,0,1,0,0,0.05,0.004,200000
3116,11,-16.582,0,3,6,1,0,0,0.05,0.004,200000
3117,400,4.089,4,28,36,0,0,1,0.05,0.004,200000
3118,69,-8.654,0,0,0,0,0,0,0.05,0.004,200000
3119,206,-13.897,0,13,16,1,0,0,0.05,0.004,200000
3120,61,-9.756,0,4,2,1,0,0,0.05,0.004,200000
3121,259,-7.237,4,25,16,1,0,0,0.05,0.004,200000
3122,177,-7.809,1,26,19,1,1,0,0.05,0.004,200000
3123,219,-12.324,1,7,31,0,0,0,0.05,0.004,200000
3124,170,-1.187,3,40,10,1,0,0,0.05,0.004,200000
3125,400,-6.817,0,17,48,0,0,1,0.05,0.004,200000
3126,50,-13.206,1,9,16,1,0,0,0.05,0.004,200000
3127,112,-14.787,0,10,22,1,0,0,0.05,0.004,200000
3128,145,-11.909,1,9,11,1,0,0,0.05,0.004,200000
3129,79,-16.047,0,7,9,1,0,0,0.05,0.004,200000
3130,358,-10.815,0,14,47,0,0,0,0.05,0.004,200000
3131,358,-7.01,4,22,25,1,1,0,0.05,0.004,200000
3132,187,-6.537,1,6,6,0,0,0,0.05,0.004,200000
3133,7,-15.769,0,3,5,1,0,0,0.05,0.004,200000
3134,117,-11.636,0,10,4,1,0,0,0.05,0.004,200000
3135,400,-2.96,2,21,28,0,0,1,0.05,0.004,200000
3136,150,-13.138,0,11,14,1,0,0,0.05,0.004,200000
3137,400,-5.579,3,16,20,0,0,1,0.05,0.004,200000
3138,100,-19.382,0,4,5,1,0,0,0.05,0.004,200000
3139,244,-5.255,0,6,5,0,0,0,0.05,0.004,200000
3140,130,-5.479,1,5,4,0,0,0,0.05,0.004,200000
3141,400,-6.352,1,17,74,0,0,1,0.05,0.004,200000
3142,400,-4.049,1,28,44,0,0,1,0.05,0.004,200000
3143,400,-4.132,1,3,12,0,0,1,0.05,0.004,200000
3144,165,-9.217,1,0,3,0,0,0,0.05,0.004,200000
3145,31,-10.928,0,5,1,1,0,0,0.05,0.004,200000
3146,52,-6.931,0,8,8,0,0,0,0.05,0.004,200000
3147,197,-7.134,0,6,17,0,0,0,0.05,0.004,200000
3148,66,-8.648,0,16,5,1,0,0,0.05,0.004,200000
3149,191,-11.821,1,24,56,1,0,0,0.05,0.004,200000
3150,91,-7.895,4,18,20,1,0,0,0.05,0.004,200000
3151,400,5.506,4,34,39,0,0,1,0.05,0.004,200000
3152,83,-5.924,0,7,10,0,0,0,0.05,0.004,200000
3153,174,-13.892,1,6,30,1,0,0,0.05,0.004,200000
3154,400,-7.157,1,14,40,0,0,1,0.05,0.004,200000
3155,36,-11.387,0,2,1,1,0,0,0.05,0.004,200000
3156,183,-12.183,1,14,17,1,0,0,0.05,0.004,200000
3157,400,4.735,3,35,18,0,0,1,0.05,0.004,200000
3158,178,-14.232,0,24,21,1,0,0,0.05,0.004,200000
3159,137,-8.351,2,22,12,1,0,0,0.05,0.004,200000
3160,136,-18.846,0,7,8,1,0,0,0.05,0.004,200000
3161,400,-6.134,1,23,40,0,0,1,0.05,0.004,200000
3162,400,-0.602,2,13,9,0,1,1,0.05,0.004,200000
3163,172,-13.915,0,3,10,1,0,0,0.05,0.004,200000
3164,314,-13.961,0,19,60,1,0,0,0.05,0.004,200000
3165,400,-12.59,0,9,69,0,0,1,0.05,0.004,200000
3166,342,-13.256,0,10,14,1,0,0,0.05,0.004,200000
3167,171,-15.056,1,5,4,1,0,0,0.05,0.004,200000
3168,289,-15.341,2,14,37,1,0,0,0.05,0.004,200000
3169,182,-8.97,1,7,27,0,0,0,0.05,0.004,200000
3170,400,-6.182,2,20,39,0,0,1,0.05,0.004,200000
3171,196,-15.408,0,0,43,0,0,0,0.05,0.004,200000
3172,193,-3.275,3,28,41,0,0,0,0.05,0.004,200000
3173,400,-1.329,1,7,7,0,0,1,0.05,0.004,200000
3174,245,-6.262,1,10,3,0,0,0,0.05,0.004,200000
3175,75,-13.023,2,7,11,1,0,0,0.05,0.004,200000
3176,157,-6.879,2,16,12,1,1,0,0.05,0.004,200000
3177,90,-4.436,1,12,5,0,0,0,0.05,0.004,200000
3178,69,-15.578,0,3,4,1,0,0,0.05,0.004,200000
3179,256,-7.845,4,36,29,1,0,0,0.05,0.004,200000
3180,205,-12.645,0,29,42,1,0,0,0.05,0.004,200000
3181,283,-11.303,2,20,29,0,0,0,0.05,0.004,200000
3182,40,-17.921,0,4,14,1,0,0,0.05,0.004,200000
3183,400,-4.795,2,20,57,0,0,1,0.05,0.004,200000
3184,390,-12.832,2,14,23,1,0,0,0.05,0.004,200000
3185,400,-0.494,3,22,18,0,0,1,0.05,0.004,200000
3186,299,-18.845,1,6,11,1,0,0,0.05,0.004,200000
3187,269,-12.146,1,6,2,1,0,0,0.05,0.004,200000
3188,400,1.797,3,21,59,0,1,1,0.05,0.004,200000
3189,400,-8.471,0,12,13,0,0,1,0.05,0.004,200000
3190,67,-18.083,0,3,2,1,0,0,0.05,0.004,200000
3191,95,-6.605,1,7,4,0,0,0,0.05,0.004,200000
3192,400,-2.745,1,14,19,0,0,1,0.05,0.004,200000
3193,361,-14.027,2,14,30,1,0,0,0.05,0.004,200000
3194,62,-12.905,1,6,1,1,0,0,0.05,0.004,200000
3195,33,-16.486,0,3,9,1,0,0,0.05,0.004,200000
3196,399,-15.193,1,4,30,1,0,0,0.05,0.004,200000
3197,109,-9.051,0,13,2,1,0,0,0.05,0.004,200000
3198,143,-9.543,0,0,5,0,0,0,0.05,0.004,200000
3199,400,1.284,4,28,50,0,0,1,0.05,0.004,200000
3200,400,-6.768,2,5,28,0,0,1,0.05,0.004,200000
3201,235,-13.735,0,17,10,1,0,0,0.05,0.004,200000
3202,58,-14.864,0,3,2,1,0,0,0.05,0.004,200000
3203,400,-3.127,2,16,38,0,0,1,0.05,0.004,200000
3204,347,-10.746,2,16,27,0,0,0,0.05,0.004,200000
3205,346,-14.011,1,24,45,1,0,0,0.05,0.004,200000
3206,86,-15.303,0,7,15,1,0,0,0.05,0.004,200000
3207,200,-11.402,1,14,2,1,0,0,0.05,0.004,200000
3208,182,-15.355,1,18,7,1,0,0,0.05,0.004,200000
3209,162,-13.832,0,9,20,1,0,0,0.05,0.004,200000
3210,391,-15.914,1,21,51,1,0,0,0.05,0.004,200000
3211,400,-9.772,0,1,18,0,0,1,0.05,0.004,200000
3212,346,-11.202,2,20,28,1,0,0,0.05,0.004,200000
3213,267,-14.728,0,9,6,1,0,0,0.05,0.004,200000
3214,400,0.832,3,21,24,0,0,1,0.05,0.004,200000
3215,400,-11.122,1,5,12,0,0,1,0.05,0.004,200000
3216,377,-14.304,1,11,8,1,1,0,0.05,0.004,200000
3217,400,-2.366,0,13,13,0,0,1,0.05,0.004,200000
3218,400,-3.4,1,14,8,0,0,1,0.05,0.004,200000
3219,257,-10.767,3,11,7,1,0,0,0.05,0.004,200000
3220,150,-15.102,1,9,1,1,0,0,0.05,0.004,200000
3221,277,-6.146,2,11,8,0,0,0,0.05,0.004,200000
3222,400,-2.587,1,14,13,0,0,1,0.05,0.004,200000
3223,310,6.485,3,39,31,0,0,1,0.05,0.004,200000
3224,107,-4.441,0,11,13,0,0,0,0.05,0.004,200000
3225,51,-14.766,0,4,1,1,0,0,0.05,0.004,200000
3226,52,-16.841,0,2,1,1,0,0,0.05,0.004,200000
3227,238,-13.768,0,0,3,0,0,0,0.05,0.004,200000
3228,400,-7.293,2,13,18,0,0,1,0.05,0.004,200000
3229,221,-15.589,0,11,23,1,0,0,0.05,0.004,200000
3230,400,-5.958,1,25,74,0,0,1,0.05,0.004,200000
3231,400,-10.031,0,9,59,0,0,1,0.05,0.004,200000
3232,156,-11.625,1,3,14,0,0,0,0.05,0.004,200000
3233,154,-19.139,0,7,3,1,0,0,0.05,0.004,200000
3234,400,1.121,4,11,13,0,0,1,0.05,0.004,200000
3235,400,-1.306,1,16,40,0,1,1,0.05,0.004,200000
3236,79,-16.825,0,2,2,1,0,0,0.05,0.004,200000
3237,158,-20.361,0,4,12,1,0,0,0.05,0.004,200000
3238,64,-8.427,0,0,14,0,0,0,0.05,0.004,200000
3239,176,-7.72,0,9,22,0,0,0,0.05,0.004,200000
3240,400,0.492,2,23,30,0,0,1,0.05,0.004,200000
3241,161,-9.492,1,4,5,0,0,0,0.05,0.004,200000
3242,82,-15.932,0,2,1,1,0,0,0.05,0.004,200000
3243,400,-8.019,1,13,30,0,0,1,0.05,0.004,200000
3244,209,-1.861,2,20,13,0,0,0,0.05,0.004,200000
3245,400,2.401,2,22,7,0,0,1,0.05,0.004,200000
3246,111,-10.54,3,21,15,1,0,0,0.05,0.004,200000
3247,120,-5.971,0,7,2,0,0,0,0.05,0.004,200000
3248,400,-2.561,2,21,17,0,0,1,0.05,0.004,200000
3249,400,1.459,4,23,14,0,0,1,0.05,0.004,200000
3250,400,-3.974,3,15,30,0,0,1,0.05,0.004,200000
3251,104,-18.021,0,3,4,1,0,0,0.05,0.004,200000
3252,257,-19.422,0,7,4,1,0,0,0.05,0.004,200000
3253,400,-0.887,0,16,18,0,1,1,0.05,0.004,200000
3254,165,-10.712,0,2,3,0,0,0,0.05,0.004,200000
3255,325,-12.277,0,7,5,0,0,0,0.05,0.004,200000
3256,400,-4.189,0,13,6,0,0,1,0.05,0.004,200000
3257,158,-4.685,1,12,13,0,0,0,0.05,0.004,200000
3258,5,-15.236,0,4,1,1,0,0,0.05,0.004,200000
3259,400,-3.582,3,16,7,0,0,1,0.05,0.004,200000
3260,121,-10.419,0,4,13,0,0,0,0.05,0.004,200000
3261,50,-8.219,0,0,1,0,0,0,0.05,0.004,200000
3262,400,-8.537,0,2,26,0,0,1,0.05,0.004,200000
3263,400,-8.233,0,18,26,0,0,1,0.05,0.004,200000
3264,33,-14.469,0,5,3,1,0,0,0.05,0.004,200000
3265,400,-3.551,2,22,29,0,0,1,0.05,0.004,200000
3266,146,-11.466,0,2,4,0,0,0,0.05,0.004,200000
3267,99,-9.126,0,12,2,1,0,0,0.05,0.004,200000
3268,140,-15.569,0,11,7,1,0,0,0.05,0.004,200000
3269,400,-5.866,1,9,8,0,0,1,0.05,0.004,200000
3270,399,-21.132,2,7,30,1,0,0,0.05,0.004,200000
3271,175,-2.7,2,17,17,0,0,0,0.05,0.004,200000
3272,400,-6.231,1,26,24,0,0,1,0.05,0.004,200000
3273,54,-16.185,0,4,3,1,0,0,0.05,0.004,200000
3274,164,-7.862,0,6,1,0,0,0,0.05,0.004,200000
3275,400,4.964,2,18,18,0,1,1,0.05,0.004,200000
3276,379,-15.411,3,10,19,1,0,0,0.05,0.004,200000
3277,200,-11.047,0,1,5,0,0,0,0.05,0.004,200000
3278,400,-2.419,3,27,21,0,0,1,0.05,0.004,200000
3279,400,-7.488,2,7,46,0,0,1,0.05,0.004,200000
3280,150,-9.787,0,3,6,0,0,0,0.05,0.004,200000
3281,24,-14.544,0,4,2,1,0,0,0.05,0.004,200000
3282,400,-4.82,2,16,33,0,0,1,0.05,0.004,200000
3283,400,0.858,1,26,32,0,0,1,0.05,0.004,200000
3284,236,-8.092,0,0,4,0,0,0,0.05,0.004,200000
3285,400,-0.895,0,15,21,0,0,1,0.05,0.004,200000
3286,383,-3.761,0,18,10,1,1,0,0.05,0.004,200000
3287,81,-7.523,0,0,0,0,0,0,0.05,0.004,200000
3288,249,-17.057,1,16,12,1,0,0,0.05,0.004,200000
3289,400,6.993,2,20,10,0,2,1,0.05,0.004,200000
3290,400,-6.803,2,13,5,0,0,1,0.05,0.004,200000
3291,209,-5.522,4,32,19,1,0,0,0.05,0.004,200000
3292,368,-13.286,2,7,41,1,0,0,0.05,0.004,200000
3293,211,-11.781,0,1,9,0,0,0,0.05,0.004,200000
3294,314,-6.7,5,31,23,1,0,0,0.05,0.004,200000
3295,196,-16.677,0,8,5,1,0,0,0.05,0.004,200000
3296,299,-12.245,0,8,10,0,0,0,0.05,0.004,200000
3297,400,-9.684,1,4,52,0,0,1,0.05,0.004,200000
3298,400,-11.18,0,6,32,0,0,1,0.05,0.004,200000
3299,400,-7.609,0,11,46,0,0,1,0.05,0.004,200000
3300,400,-10.092,0,4,44,0,0,1,0.05,0.004,200000
3301,400,-1.719,2,17,20,0,0,1,0.05,0.004,200000
3302,212,-13.578,2,5,25,1,0,0,0.05,0.004,200000
3303,249,-12.267,0,2,11,0,0,0,0.05,0.004,200000
3304,400,2.639,2,19,11,0,0,1,0.05,0.004,200000
3305,12,-15.482,0,4,2,1,0,0,0.05,0.004,200000
3306,400,-4.302,0,8,14,0,0,1,0.05,0.004,200000
3307,170,-8.955,1,13,7,1,0,0,0.05,0.004,200000
3308,400,-8.683,0,11,9,0,0,1,0.05,0.004,200000
3309,373,-22.325,1,12,16,1,0,0,0.05,0.004,200000
3310,139,-11.493,0,0,2,0,0,0,0.05,0.004,200000
3311,400,-0.294,3,18,22,0,0,1,0.05,0.004,200000
3312,177,-9.656,2,20,8,1,0,0,0.05,0.004,200000
3313,155,-10.417,0,17,5,1,0,0,0.05,0.004,200000
3314,400,0.43,3,24,22,0,0,1,0.05,0.004,200000
3315,62,-16.788,0,4,3,1,0,0,0.05,0.004,200000
3316,105,-15.453,0,10,13,1,0,0,0.05,0.004,200000
3317,309,-9.455,0,13,16,1,1,0,0.05,0.004,200000
3318,372,-13.089,2,20,59,1,0,0,0.05,0.004,200000
3319,400,-0.467,3,24,48,0,0,1,0.05,0.004,200000
3320,400,-4.646,3,16,37,0,0,1,0.05,0.004,200000
3321,400,-10.212,1,11,14,0,0,1,0.05,0.004,200000
3322,138,-9.765,0,0,3,0,0,0,0.05,0.004,200000
3323,400,-6.768,2,13,36,0,0,1,0.05,0.004,200000
3324,400,-2.617,3,25,69,0,0,1,0.05,0.004,200000
3325,163,-7.781,0,5,3,0,0,0,0.05,0.004,200000
3326,144,-5.969,5,13,3,1,0,0,0.05,0.004,200000
3327,47,-16.67,0,3,8,1,0,0,0.05,0.004,200000
3328,120,-16.369,0,7,4,1,0,0,0.05,0.004,200000
3329,400,5.71,2,26,16,0,1,1,0.05,0.004,200000
3330,246,-11.724,0,0,9,0,0,0,0.05,0.004,200000
3331,400,-1.915,1,12,29,0,1,1,0.05,0.004,200000
3332,78,-17.021,0,4,1,1,0,0,0.05,0.004,200000
3333,390,-11.534,2,30,30,1,0,0,0.05,0.004,200000
3334,71,-10.277,0,7,8,1,0,0,0.05,0.004,200000
3335,17,-13.645,0,4,0,1,0,0,0.05,0.004,200000
3336,5,-15.335,0,3,1,1,0,0,0.05,0.004,200000
3337,340,-10.505,2,20,9,1,0,0,0.05,0.004,200000
3338,240,-20.284,0,2,10,1,0,0,0.05,0.004,200000
3339,400,-3.431,2,29,9,0,0,1,0.05,0.004,200000
3340,5,-13.255,0,3,0,1,0,0,0.05,0.004,200000
3341,194,-16.938,0,4,11,1,0,0,0.05,0.004,200000
3342,400,-10.5,0,13,21,0,0,1,0.05,0.004,200000
3343,400,-0.837,0,26,24,0,0,1,0.05,0.004,200000
3344,129,-7.192,1,25,11,1,0,0,0.05,0.004,200000
3345,81,-6.922,0,0,1,0,0,0,0.05,0.004,200000
3346,370,-21.928,1,4,54,1,0,0,0.05,0.004,200000
3347,189,-5.262,2,21,5,1,0,0,0.05,0.004,200000
3348,71,-17.28,0,3,3,1,0,0,0.05,0.004,200000
3349,23,-14.52,0,1,6,1,0,0,0.05,0.004,200000
3350,175,-21.433,0,9,19,1,0,0,0.05,0.004,200000
3351,27,-16.313,0,3,7,1,0,0,0.05,0.004,200000
3352,67,-7.336,0,0,2,0,0,0,0.05,0.004,200000
3353,400,-2.706,1,16,20,0,0,1,0.05,0.004,200000
3354,90,-11.286,2,12,4,1,0,0,0.05,0.004,200000
3355,156,-14.551,0,5,1,1,0,0,0.05,0.004,200000
3356,400,-7.895,2,17,17,0,0,1,0.05,0.004,200000
3357,109,-7.574,0,3,5,0,0,0,0.05,0.004,200000
3358,323,-16.652,0,13,15,1,1,0,0.05,0.004,200000
3359,400,-3.385,0,16,43,0,1,1,0.05,0.004,200000
3360,139,-4.399,2,12,7,0,0,0,0.05,0.004,200000
3361,283,-14.013,2,19,27,1,0,0,0.05,0.004,200000
3362,400,-4.909,0,21,61,0,0,1,0.05,0.004,200000
3363,400,-8.999,1,22,84,0,0,1,0.05,0.004,200000
3364,144,-8.063,1,6,7,0,0,0,0.05,0.004,200000
3365,158,-10.687,0,3,5,0,0,0,0.05,0.004,200000
3366,159,-9.547,1,18,5,1,0,0,0.05,0.004,200000
3367,400,-1.835,3,19,24,0,0,1,0.05,0.004,200000
3368,180,-7.185,0,7,5,0,0,0,0.05,0.004,200000
3369,177,-11.426,2,17,8,1,0,0,0.05,0.004,200000
3370,144,-11.045,0,0,1,0,0,0,0.05,0.004,200000
3371,271,-10.532,2,21,16,1,0,0,0.05,0.004,200000
3372,319,-10.315,1,27,25,1,0,0,0.05,0.004,200000
3373,400,-8.213,0,10,29,0,0,1,0.05,0.004,200000
3374,400,0.505,2,23,15,0,0,1,0.05,0.004,200000
3375,400,-9.695,0,6,50,0,1,1,0.05,0.004,200000
3376,400,-6.053,0,11,32,0,1,1,0.05,0.004,200000
3377,186,-11.0,1,15,11,1,0,0,0.05,0.004,200000
3378,400,-8.866,2,14,69,0,0,1,0.05,0.004,200000
3379,400,-5.457,2,9,7,0,0,1,0.05,0.004,200000
3380,240,-10.936,0,2,4,0,0,0,0.05,0.004,200000
3381,121,-5.558,1,12,3,0,0,0,0.05,0.004,200000
3382,299,-16.936,0,14,16,1,0,0,0.05,0.004,200000
3383,292,-11.329,0,9,14,0,0,0,0.05,0.004,200000
3384,400,0.489,4,11,32,0,1,1,0.05,0.004,200000
3385,193,-14.577,1,11,5,1,0,0,0.05,0.004,200000
3386,400,5.329,3,27,26,0,0,1,0.05,0.004,200000
3387,400,-10.497,0,9,48,0,0,1,0.05,0.004,200000
3388,166,-10.54,0,2,4,0,0,0,0.05,0.004,200000
3389,400,8.094,5,40,19,0,0,1,0.05,0.004,200000
3390,400,-4.297,1,10,10,0,0,1,0.05,0.004,200000
3391,13,-11.232,0,2,0,1,0,0,0.05,0.004,200000
3392,303,-8.4,1,18,9,1,0,0,0.05,0.004,200000
3393,400,0.021,3,22,46,0,0,1,0.05,0.004,200000
3394,130,-8.148,0,0,3,0,0,0,0.05,0.004,200000
3395,162,-17.506,0,8,10,1,0,0,0.05,0.004,200000
3396,235,-14.917,2,3,38,1,0,0,0.05,0.004,200000
3397,400,-3.215,1,14,15,0,1,1,0.05,0.004,200000
3398,400,-6.31,2,12,59,0,0,1,0.05,0.004,200000
3399,400,7.401,3,22,14,0,1,1,0.05,0.004,200000
3400,208,-7.668,0,10,10,0,0,0,0.05,0.004,200000
3401,400,-1.371,2,20,19,0,0,1,0.05,0.004,200000
3402,277,-17.931,1,8,14,1,0,0,0.05,0.004,200000
3403,5,-14.944,0,2,0,1,0,0,0.05,0.004,200000
3404,140,-12.324,0,2,38,0,0,0,0.05,0.004,200000
3405,209,-7.311,0,11,10,0,0,0,0.05,0.004,200000
3406,187,-17.907,1,6,10,1,0,0,0.05,0.004,200000
3407,400,-16.428,0,5,58,0,0,1,0.05,0.004,200000
3408,73,-1.862,0,8,5,0,1,0,0.05,0.004,200000
3409,249,-17.694,1,17,34,1,0,0,0.05,0.004,200000
3410,314,-9.919,0,9,10,1,1,0,0.05,0.004,200000
3411,400,1.977,1,24,19,0,0,1,0.05,0.004,200000
3412,400,-3.974,3,18,10,0,0,1,0.05,0.004,200000
3413,123,-15.819,0,5,2,1,0,0,0.05,0.004,200000
3414,180,-13.021,2,12,20,1,0,0,0.05,0.004,200000
3415,197,-12.484,0,0,4,0,0,0,0.05,0.004,200000
3416,400,4.978,2,26,11,0,2,1,0.05,0.004,200000
3417,400,-9.702,0,12,25,0,0,1,0.05,0.004,200000
3418,400,-7.688,0,11,33,0,0,1,0.05,0.004,200000
3419,400,-3.645,2,22,43,0,0,1,0.05,0.004,200000
3420,96,-14.178,1,8,3,1,0,0,0.05,0.004,200000
3421,258,-16.091,0,10,9,1,0,0,0.05,0.004,200000
3422,400,-4.064,2,12,64,0,0,1,0.05,0.004,200000
3423,388,-22.112,1,13,16,1,0,0,0.05,0.004,200000
3424,77,-17.462,0,4,3,1,0,0,0.05,0.004,200000
3425,387,-33.535,0,6,120,1,0,0,0.05,0.004,200000
3426,272,-5.788,3,17,22,0,0,0,0.05,0.004,200000
3427,157,-11.784,0,6,5,1,0,0,0.05,0.004,200000
3428,400,-4.072,0,29,51,0,0,1,0.05,0.004,200000
3429,250,-5.85,2,15,30,0,0,0,0.05,0.004,200000
3430,140,-7.722,1,13,7,1,0,0,0.05,0.004,200000
3431,184,-14.92,0,11,27,1,0,0,0.05,0.004,200000
3432,329,-12.672,2,10,41,1,0,0,0.05,0.004,200000
3433,400,-3.021,1,25,50,0,0,1,0.05,0.004,200000
3434,361,-11.23,4,22,38,1,0,0,0.05,0.004,200000
3435,400,-1.908,2,21,45,0,0,1,0.05,0.004,200000
3436,400,-8.248,1,12,23,0,0,1,0.05,0.004,200000
3437,99,-15.317,0,7,9,1,0,0,0.05,0.004,200000
3438,16,-9.803,0,3,0,1,0,0,0.05,0.004,200000
3439,400,-5.69,2,16,18,0,0,1,0.05,0.004,200000
3440,400,-9.675,2,20,160,0,1,1,0.05,0.004,200000
3441,157,-11.34,0,0,5,0,0,0,0.05,0.004,200000
3442,253,-11.339,1,16,4,1,0,0,0.05,0.004,200000
3443,100,-9.47,0,3,6,0,0,0,0.05,0.004,200000
3444,309,-11.36,1,17,31,1,0,0,0.05,0.004,200000
3445,400,-1.938,3,9,27,0,1,1,0.05,0.004,200000
3446,48,-6.383,0,0,3,0,0,0,0.05,0.004,200000
3447,400,-11.528,0,16,62,0,0,1,0.05,0.004,200000
3448,400,-1.865,1,11,18,0,0,1,0.05,0.004,200000
3449,9,-13.258,0,4,0,1,0,0,0.05,0.004,200000
3450,180,-11.583,0,0,3,0,0,0,0.05,0.004,200000
3451,7,-13.464,0,3,0,1,0,0,0.05,0.004,200000
3452,335,-13.578,1,10,21,1,0,0,0.05,0.004,200000
3453,384,-15.645,2,27,79,1,0,0,0.05,0.004,200000
3454,400,-12.064,0,10,44,0,0,1,0.05,0.004,200000
3455,9,-13.448,0,3,0,1,0,0,0.05,0.004,200000
3456,143,-14.358,1,5,10,1,0,0,0.05,0.004,200000
3457,63,-6.62,0,0,5,0,0,0,0.05,0.004,200000
3458,363,-14.777,2,28,14,1,0,0,0.05,0.004,200000
3459,65,-5.878,1,3,1,0,0,0,0.05,0.004,200000
3460,200,-19.253,0,2,5,1,0,0,0.05,0.004,200000
3461,289,-13.53,0,7,9,0,0,0,0.05,0.004,200000
3462,5,-14.747,0,4,0,1,0,0,0.05,0.004,200000
3463,400,-1.451,4,17,10,0,0,1,0.05,0.004,200000
3464,400,2.845,2,14,19,0,1,1,0.05,0.004,200000
3465,365,-20.567,1,14,37,1,0,0,0.05,0.004,200000
3466,400,-7.762,0,11,22,0,0,1,0.05,0.004,200000
3467,400,-6.197,0,3,32,0,0,1,0.05,0.004,200000
3468,400,-5.679,2,19,4,0,0,1,0.05,0.004,200000
3469,400,-11.548,1,6,11,0,0,1,0.05,0.004,200000
3470,291,-9.313,1,30,27,1,0,0,0.05,0.004,200000
3471,223,-9.893,2,7,15,0,0,0,0.05,0.004,200000
3472,23,-15.87,0,3,0,1,0,0,0.05,0.004,200000
3473,400,1.354,0,24,33,0,0,1,0.05,0.004,200000
3474,126,-13.761,0,5,4,1,0,0,0.05,0.004,200000
3475,61,-7.425,0,0,5,0,0,0,0.05,0.004,200000
3476,81,-5.098,1,3,4,0,0,0,0.05,0.004,200000
3477,216,-9.582,0,8,7,0,0,0,0.05,0.004,200000
3478,400,-2.071,1,22,49,0,1,1,0.05,0.004,200000
3479,279,-11.848,1,23,20,1,0,0,0.05,0.004,200000
3480,260,-9.297,0,6,7,0,0,0,0.05,0.004,200000
3481,331,-13.698,0,11,44,1,0,0,0.05,0.004,200000
3482,10,-14.106,0,4,4,1,0,0,0.05,0.004,200000
3483,400,-0.387,2,16,13,0,0,1,0.05,0.004,200000
3484,400,-4.308,2,16,23,0,0,1,0.05,0.004,200000
3485,155,-13.776,1,11,12,1,0,0,0.05,0.004,200000
3486,93,-6.968,1,2,3,0,0,0,0.05,0.004,200000
3487,143,-4.261,1,5,3,0,0,0,0.05,0.004,200000
3488,97,-9.701,1,19,10,1,0,0,0.05,0.004,200000
3489,245,-5.302,4,22,12,1,0,0,0.05,0.004,200000
3490,400,-2.381,1,23,64,0,0,1,0.05,0.004,200000
3491,340,-9.684,2,17,10,1,0,0,0.05,0.004,200000
3492,400,1.651,4,13,9,0,1,1,0.05,0.004,200000
3493,11,-15.073,0,2,0,1,0,0,0.05,0.004,200000
3494,97,-9.421,0,9,13,0,0,0,0.05,0.004,200000
3495,400,3.745,2,20,15,0,1,1,0.05,0.004,200000
3496,134,-13.822,1,4,7,1,0,0,0.05,0.004,200000
3497,88,-9.673,1,8,3,1,0,0,0.05,0.004,200000
3498,58,-13.702,0,7,2,1,0,0,0.05,0.004,200000
3499,63,-15.864,0,2,3,1,0,0,0.05,0.004,200000
3500,89,-5.622,0,4,1,0,0,0,0.05,0.004,200000
3501,400,3.537,3,32,15,0,0,1,0.05,0.004,200000
3502,86,0.715,3,16,0,0,0,0,0.05,0.004,200000
3503,61,-16.881,0,2,0,1,0,0,0.05,0.004,200000
3504,400,-5.628,2,17,8,0,0,1,0.05,0.004,200000
3505,400,-11.469,0,5,11,0,0,1,0.05,0.004,200000
3506,387,-19.015,1,13,49,1,0,0,0.05,0.004,200000
3507,161,-18.47,0,7,10,1,0,0,0.05,0.004,200000
3508,396,-15.157,0,12,31,0,0,0,0.05,0.004,200000
3509,200,-17.79,0,11,5,1,0,0,0.05,0.004,200000
3510,192,-18.742,0,6,5,1,0,0,0.05,0.004,200000
3511,148,-13.058,0,12,16,1,0,0,0.05,0.004,200000
3512,11,-15.172,0,1,0,1,0,0,0.05,0.004,200000
3513,185,-8.964,2,9,6,1,0,0,0.05,0.004,200000
3514,400,-8.099,0,10,18,0,0,1,0.05,0.004,200000
3515,98,-17.077,0,3,2,1,0,0,0.05,0.004,200000
3516,155,-10.738,0,0,3,0,0,0,0.05,0.004,200000
3517,161,-12.423,3,7,1,1,0,0,0.05,0.004,200000
3518,67,-17.468,0,4,2,1,0,0,0.05,0.004,200000
3519,389,-19.025,1,18,11,1,0,0,0.05,0.004,200000
3520,173,-10.762,0,3,1,0,0,0,0.05,0.004,200000
3521,36,-15.11,0,3,1,1,0,0,0.05,0.004,200000
3522,400,-4.906,1,9,8,0,0,1,0.05,0.004,200000
3523,400,-5.76,3,8,20,0,0,1,0.05,0.004,200000
3524,20,-13.473,0,4,1,1,0,0,0.05,0.004,200000
3525,379,-10.871,2,28,20,1,0,0,0.05,0.004,200000
3526,250,-4.87,2,22,6,0,0,0,0.05,0.004,200000
3527,199,-5.243,1,13,17,0,0,0,0.05,0.004,200000
3528,73,-15.284,0,3,0,1,0,0,0.05,0.004,200000
3529,400,-9.6,1,9,5,0,0,1,0.05,0.004,200000
3530,63,-7.604,0,5,5,0,0,0,0.05,0.004,200000
3531,400,-11.429,1,6,2,0,0,1,0.05,0.004,200000
3532,314,-18.065,0,7,21,1,0,0,0.05,0.004,200000
3533,400,-6.206,2,16,7,0,0,1,0.05,0.004,200000
3534,400,-1.727,1,4,13,0,1,1,0.05,0.004,200000
3535,141,-7.498,1,15,9,1,0,0,0.05,0.004,200000
3536,184,-10.928,3,12,2,1,0,0,0.05,0.004,200000
3537,400,-9.79,1,7,19,0,0,1,0.05,0.004,200000
3538,400,1.888,2,38,39,0,1,1,0.05,0.004,200000
3539,145,-11.5,0,10,12,1,0,0,0.05,0.004,200000
3540,78,-16.943,0,2,2,1,0,0,0.05,0.004,200000
3541,400,-8.616,0,7,16,0,0,1,0.05,0.004,200000
3542,325,-12.961,1,12,25,1,0,0,0.05,0.004,200000
3543,186,-19.839,0,4,3,1,0,0,0.05,0.004,200000
3544,205,-10.887,0,0,6,0,0,0,0.05,0.004,200000
3545,400,-5.708,1,5,15,0,0,1,0.05,0.004,200000
3546,159,-11.522,0,8,39,0,0,0,0.05,0.004,200000
3547,85,-11.817,1,15,9,1,0,0,0.05,0.004,200000
3548,400,-7.176,0,5,11,0,0,1,0.05,0.004,200000
3549,229,-16.796,1,6,11,1,0,0,0.05,0.004,200000
3550,216,-12.27,2,16,4,1,0,0,0.05,0.004,200000
3551,167,-21.183,0,2,29,1,0,0,0.05,0.004,200000
3552,195,-4.901,1,11,4,0,0,0,0.05,0.004,200000
3553,122,-8.71,0,6,3,1,0,0,0.05,0.004,200000
3554,18,-11.085,0,5,2,1,0,0,0.05,0.004,200000
3555,240,-9.919,1,3,5,0,0,0,0.05,0.004,200000
3556,365,-8.309,4,18,27,1,0,0,0.05,0.004,200000
3557,100,-16.677,0,5,4,1,0,0,0.05,0.004,200000
3558,400,-2.186,2,19,28,0,0,1,0.05,0.004,200000
3559,264,-20.288,0,3,12,1,0,0,0.05,0.004,200000
3560,400,-3.076,2,16,21,0,1,1,0.05,0.004,200000
3561,38,-11.962,0,5,1,1,0,0,0.05,0.004,200000
3562,32,-13.541,0,5,0,1,0,0,0.05,0.004,200000
3563,400,-0.154,2,20,19,0,1,1,0.05,0.004,200000
3564,400,0.748,2,34,27,0,0,1,0.05,0.004,200000
3565,274,-16.968,1,12,20,1,0,0,0.05,0.004,200000
3566,400,-7.06,1,8,15,0,0,1,0.05,0.004,200000
3567,91,-15.236,0,6,5,1,0,0,0.05,0.004,200000
3568,400,2.945,1,25,23,0,1,1,0.05,0.004,200000
3569,116,-6.361,0,6,7,0,0,0,0.05,0.004,200000
3570,400,-5.649,2,25,12,0,0,1,0.05,0.004,200000
3571,202,-13.087,0,0,20,0,0,0,0.05,0.004,200000
3572,215,-13.961,0,9,23,1,0,0,0.05,0.004,200000
3573,136,-9.825,0,0,3,0,0,0,0.05,0.004,200000
3574,376,-12.925,2,17,5,1,0,0,0.05,0.004,200000
3575,125,-14.587,1,7,4,1,0,0,0.05,0.004,200000
3576,400,-3.449,0,12,15,0,1,1,0.05,0.004,200000
3577,324,-9.903,1,19,10,1,0,0,0.05,0.004,200000
3578,400,-6.138,1,16,24,0,0,1,0.05,0.004,200000
3579,400,1.567,2,30,24,0,0,1,0.05,0.004,200000
3580,400,-8.026,2,13,2,0,0,1,0.05,0.004,200000
3581,216,-20.069,0,4,4,1,0,0,0.05,0.004,200000
3582,149,-5.485,1,8,3,0,0,0,0.05,0.004,200000
3583,191,-7.13,1,11,3,0,0,0,0.05,0.004,200000
3584,400,-5.395,2,17,23,0,0,1,0.05,0.004,200000
3585,215,-10.613,0,11,8,1,1,0,0.05,0.004,200000
3586,5,-14.755,0,3,0,1,0,0,0.05,0.004,200000
3587,400,-4.819,3,22,37,0,0,1,0.05,0.004,200000
3588,90,-14.919,0,4,1,1,0,0,0.05,0.004,200000
3589,400,-7.703,1,8,44,0,1,1,0.05,0.004,200000
3590,400,-2.925,2,16,11,0,0,1,0.05,0.004,200000
3591,394,-14.157,3,29,25,1,0,0,0.05,0.004,200000
3592,261,-12.408,1,8,12,1,0,0,0.05,0.004,200000
3593,400,-14.334,0,0,11,0,0,1,0.05,0.004,200000
3594,387,-9.93,3,33,26,1,0,0,0.05,0.004,200000
3595,39,-16.671,0,2,1,1,0,0,0.05,0.004,200000
3596,53,-7.311,0,0,1,0,0,0,0.05,0.004,200000
3597,358,-21.297,1,6,64,1,0,0,0.05,0.004,200000
3598,400,0.372,2,24,47,0,0,1,0.05,0.004,200000
3599,400,-6.24,2,16,54,0,0,1,0.05,0.004,200000
3600,83,-7.406,0,5,4,0,0,0,0.05,0.004,200000
3601,400,-1.988,1,17,26,0,0,1,0.05,0.004,200000
3602,30,-12.27,0,2,2,1,0,0,0.05,0.004,200000
3603,207,-8.686,0,2,5,0,0,0,0.05,0.004,200000
3604,233,-9.915,0,14,14,0,0,0,0.05,0.004,200000
3605,400,-7.097,1,11,23,0,0,1,0.05,0.004,200000
3606,370,-27.331,0,5,18,1,0,0,0.05,0.004,200000
3607,400,2.4,3,17,20,0,0,1,0.05,0.004,200000
3608,166,-7.602,1,6,15,0,0,0,0.05,0.004,200000
3609,372,-10.267,2,12,12,1,1,0,0.05,0.004,200000
3610,400,1.804,1,28,7,0,1,1,0.05,0.004,200000
3611,361,-12.904,2,18,40,1,1,0,0.05,0.004,200000
3612,79,-12.868,0,6,8,1,0,0,0.05,0.004,200000
3613,400,1.987,2,17,19,0,0,1,0.05,0.004,200000
3614,207,-15.401,1,14,19,1,0,0,0.05,0.004,200000
3615,400,-2.141,3,22,24,0,1,1,0.05,0.004,200000
3616,164,-13.423,0,1,48,0,0,0,0.05,0.004,200000
3617,72,-8.775,0,0,1,0,0,0,0.05,0.004,200000
3618,400,-5.906,1,11,23,0,0,1,0.05,0.004,200000
3619,400,-0.148,1,24,43,0,0,1,0.05,0.004,200000
3620,125,-6.609,3,11,31,0,0,0,0.05,0.004,200000
3621,119,-12.035,0,6,13,1,0,0,0.05,0.004,200000
3622,339,-19.059,0,10,12,1,0,0,0.05,0.004,200000
3623,400,-4.301,3,9,22,0,0,1,0.05,0.004,200000
3624,158,-9.778,2,15,7,1,0,0,0.05,0.004,200000
3625,400,-5.9,0,14,18,0,0,1,0.05,0.004,200000
3626,295,-14.669,1,8,22,1,0,0,0.05,0.004,200000
3627,80,-12.636,0,6,4,1,0,0,0.05,0.004,200000
3628,400,-4.256,2,14,32,0,0,1,0.05,0.004,200000
3629,48,-16.487,0,3,4,1,0,0,0.05,0.004,200000
3630,221,-11.031,1,0,8,0,0,0,0.05,0.004,200000
3631,171,-17.649,0,7,7,1,0,0,0.05,0.004,200000
3632,270,-12.849,1,5,7,0,0,0,0.05,0.004,200000
3633,13,-15.086,0,4,0,1,0,0,0.05,0.004,200000
3634,75,-6.257,0,6,3,0,0,0,0.05,0.004,200000
3635,400,3.758,5,33,39,0,0,1,0.05,0.004,200000
3636,89,-4.632,1,5,5,0,0,0,0.05,0.004,200000
3637,198,-17.739,0,10,16,1,0,0,0.05,0.004,200000
3638,400,-8.685,3,14,32,0,0,1,0.05,0.004,200000
3639,400,-5.669,2,12,46,0,0,1,0.05,0.004,200000
3640,116,-7.58,0,3,5,0,0,0,0.05,0.004,200000
3641,13,-13.372,0,3,0,1,0,0,0.05,0.004,200000
3642,253,-15.316,0,13,20,1,0,0,0.05,0.004,200000
3643,228,-17.567,0,10,9,1,0,0,0.05,0.004,200000
3644,175,-11.754,0,15,11,1,0,0,0.05,0.004,200000
3645,206,-11.581,0,7,8,0,0,0,0.05,0.004,200000
3646,400,-9.819,0,9,37,0,0,1,0.05,0.004,200000
3647,204,-10.913,2,8,6,0,0,0,0.05,0.004,200000
3648,53,-6.92,0,0,0,0,0,0,0.05,0.004,200000
3649,400,-0.857,1,13,36,0,1,1,0.05,0.004,200000
3650,400,-4.944,1,18,36,0,0,1,0.05,0.004,200000
3651,400,-2.685,0,13,45,0,0,1,0.05,0.004,200000
3652,117,-15.627,0,6,4,1,0,0,0.05,0.004,200000
3653,204,-8.379,1,3,6,0,0,0,0.05,0.004,200000
3654,400,-11.131,0,16,26,0,0,1,0.05,0.004,200000
3655,400,-7.59,1,10,27,0,0,1,0.05,0.004,200000
3656,201,-11.21,0,0,5,0,0,0,0.05,0.004,200000
3657,345,-14.809,1,10,28,1,0,0,0.05,0.004,200000
3658,173,-1.043,1,8,0,0,1,0,0.05,0.004,200000
3659,400,-11.45,0,10,23,0,0,1,0.05,0.004,200000
3660,157,-4.114,2,7,16,1,1,0,0.05,0.004,200000
3661,98,-5.056,2,5,5,0,0,0,0.05,0.004,200000
3662,225,-12.461,1,11,25,1,0,0,0.05,0.004,200000
3663,32,-15.245,0,4,0,1,0,0,0.05,0.004,200000
3664,400,-12.113,1,6,16,0,0,1,0.05,0.004,200000
3665,400,-7.615,0,7,4,0,0,1,0.05,0.004,200000
3666,400,6.833,1,22,30,0,1,1,0.05,0.004,200000
3667,156,-4.324,0,6,0,1,1,0,0.05,0.004,200000
3668,400,-1.79,1,10,8,0,1,1,0.05,0.004,200000
3669,400,2.648,4,20,17,0,1,1,0.05,0.004,200000
3670,13,-13.554,0,3,0,1,0,0,0.05,0.004,200000
3671,400,-0.138,3,10,20,0,0,1,0.05,0.004,200000
3672,400,5.857,5,41,33,0,0,1,0.05,0.004,200000
3673,400,-3.856,2,7,46,0,0,1,0.05,0.004,200000
3674,266,-11.103,0,9,12,0,0,0,0.05,0.004,200000
3675,400,-2.921,0,13,26,0,0,1,0.05,0.004,200000
3676,215,-16.196,0,6,8,1,0,0,0.05,0.004,200000
3677,315,-15.863,2,11,32,1,0,0,0.05,0.004,200000
3678,79,-7.928,0,2,1,0,0,0,0.05,0.004,200000
3679,90,-16.068,0,3,1,1,0,0,0.05,0.004,200000
3680,35,-13.502,0,4,2,1,0,0,0.05,0.004,200000
3681,400,-3.622,1,19,14,0,0,1,0.05,0.004,200000
3682,243,-13.589,1,17,15,1,0,0,0.05,0.004,200000
3683,321,-12.588,2,13,6,1,0,0,0.05,0.004,200000
3684,400,3.461,5,29,14,0,0,1,0.05,0.004,200000
3685,136,-10.295,0,0,3,0,0,0,0.05,0.004,200000
3686,328,-13.731,0,12,28,0,0,0,0.05,0.004,200000
3687,400,-0.966,2,18,22,0,0,1,0.05,0.004,200000
3688,104,-6.736,0,6,5,0,0,0,0.05,0.004,200000
3689,342,-0.054,2,17,22,0,1,0,0.05,0.004,200000
3690,73,-6.283,1,11,0,1,0,0,0.05,0.004,200000
3691,20,-16.175,0,3,8,1,0,0,0.05,0.004,200000
3692,329,-8.114,0,9,9,0,0,0,0.05,0.004,200000
3693,400,-0.532,1,29,26,0,0,1,0.05,0.004,200000
3694,400,-0.801,1,11,8,0,0,1,0.05,0.004,200000
3695,5,-14.655,0,4,0,1,0,0,0.05,0.004,200000
3696,15,-13.583,0,3,0,1,0,0,0.05,0.004,200000
3697,392,-9.231,3,23,17,1,0,0,0.05,0.004,200000
3698,100,-7.959,0,0,2,0,0,0,0.05,0.004,200000
3699,400,-6.196,2,14,34,0,0,1,0.05,0.004,200000
3700,119,-8.458,0,4,9,0,0,0,0.05,0.004,200000
3701,400,-5.351,1,20,7,0,0,1,0.05,0.004,200000
3702,400,-8.976,1,2,5,0,0,1,0.05,0.004,200000
3703,400,-1.541,2,14,10,0,1,1,0.05,0.004,200000
3704,103,-8.162,1,13,4,1,0,0,0.05,0.004,200000
3705,400,-1.307,2,9,3,0,0,1,0.05,0.004,200000
3706,186,-13.747,1,15,11,1,0,0,0.05,0.004,200000
3707,400,3.275,3,23,3,0,0,1,0.05,0.004,200000
3708,63,-16.418,0,3,12,1,0,0,0.05,0.004,200000
3709,16,-15.208,0,2,1,1,0,0,0.05,0.004,200000
3710,400,-3.801,4,22,17,0,0,1,0.05,0.004,200000
3711,116,-18.029,0,4,1,1,0,0,0.05,0.004,200000
3712,400,-8.136,0,2,29,0,0,1,0.05,0.004,200000
3713,400,0.517,4,27,17,0,0,1,0.05,0.004,200000
3714,390,-16.288,4,16,22,1,0,0,0.05,0.004,200000
3715,400,-12.972,1,2,32,0,0,1,0.05,0.004,200000
3716,329,-16.427,1,13,10,1,0,0,0.05,0.004,200000
3717,156,-7.156,1,21,5,1,0,0,0.05,0.004,200000
3718,345,-6.878,3,26,22,1,0,0,0.05,0.004,200000
3719,331,-11.677,3,13,12,1,0,0,0.05,0.004,200000
3720,30,-15.852,0,3,1,1,0,0,0.05,0.004,200000
3721,12,-14.829,0,3,0,1,0,0,0.05,0.004,200000
3722,331,-15.462,2,14,6,1,0,0,0.05,0.004,200000
3723,188,-10.183,0,0,6,0,0,0,0.05,0.004,200000
3724,133,-3.639,0,17,14,0,0,0,0.05,0.004,200000
3725,400,-9.548,2,16,37,0,0,1,0.05,0.004,200000
3726,106,-7.213,0,0,1,0,0,0,0.05,0.004,200000
3727,83,-14.353,0,3,0,1,0,0,0.05,0.004,200000
3728,215,-11.628,0,2,2,0,0,0,0.05,0.004,200000
3729,116,-15.305,0,2,2,1,0,0,0.05,0.004,200000
3730,372,-10.631,2,30,47,1,0,0,0.05,0.004,200000
3731,324,-9.955,2,21,31,0,0,0,0.05,0.004,200000
3732,206,-13.055,0,3,19,0,0,0,0.05,0.004,200000
3733,146,-9.227,0,0,2,0,0,0,0.05,0.004,200000
3734,400,-3.802,0,16,28,0,0,1,0.05,0.004,200000
3735,160,-11.273,0,3,2,0,0,0,0.05,0.004,200000
3736,11,-14.979,0,3,0,1,0,0,0.05,0.004,200000
3737,189,-10.96,0,3,2,0,0,0,0.05,0.004,200000
3738,19,-15.34,0,3,1,1,0,0,0.05,0.004,200000
3739,29,-14.055,0,3,0,1,0,0,0.05,0.004,200000
3740,400,1.971,2,34,12,0,1,1,0.05,0.004,200000
3741,400,-2.485,4,30,41,0,0,1,0.05,0.004,200000
3742,400,-6.227,2,24,31,0,0,1,0.05,0.004,200000
3743,220,-11.034,2,9,3,1,0,0,0.05,0.004,200000
3744,101,-9.271,0,0,4,0,0,0,0.05,0.004,200000
3745,102,-8.932,0,0,3,0,0,0,0.05,0.004,200000
3746,60,-6.853,0,0,1,0,0,0,0.05,0.004,200000
3747,217,-14.826,1,12,19,1,0,0,0.05,0.004,200000
3748,226,-2.735,4,19,7,0,0,0,0.05,0.004,200000
3749,400,-5.441,2,4,15,0,0,1,0.05,0.004,200000
3750,248,-11.738,0,9,20,1,0,0,0.05,0.004,200000
3751,149,-6.717,1,10,4,1,1,0,0.05,0.004,200000
3752,123,-14.515,0,4,2,1,0,0,0.05,0.004,200000
3753,96,-6.94,0,3,1,0,0,0,0.05,0.004,200000
3754,400,-11.402,0,9,27,0,0,1,0.05,0.004,200000
3755,400,-7.341,1,6,8,0,0,1,0.05,0.004,200000
3756,172,-12.221,1,22,10,1,0,0,0.05,0.004,200000
3757,400,-6.084,1,15,35,0,0,1,0.05,0.004,200000
3758,400,-4.602,1,22,39,0,0,1,0.05,0.004,200000
3759,400,-0.367,3,26,27,0,0,1,0.05,0.004,200000
3760,107,-6.565,1,8,9,0,0,0,0.05,0.004,200000
3761,400,-6.027,4,23,14,0,0,1,0.05,0.004,200000
3762,88,-8.764,0,0,7,0,0,0,0.05,0.004,200000
3763,85,-13.349,0,2,4,1,0,0,0.05,0.004,200000
3764,176,-7.399,3,20,17,1,0,0,0.05,0.004,200000
3765,152,-9.621,0,6,9,0,0,0,0.05,0.004,200000
3766,400,-1.754,3,12,31,0,0,1,0.05,0.004,200000
3767,400,-1.786,4,6,17,0,0,1,0.05,0.004,200000
3768,74,-7.89,0,0,3,0,0,0,0.05,0.004,200000
3769,9,-15.215,0,4,0,1,0,0,0.05,0.004,200000
3770,400,-5.712,0,11,29,0,0,1,0.05,0.004,200000
3771,400,-2.521,3,21,28,0,0,1,0.05,0.004,200000
3772,388,-15.618,0,12,25,0,0,0,0.05,0.004,200000
3773,400,1.966,4,25,12,0,0,1,0.05,0.004,200000
3774,110,-4.354,1,7,0,0,0,0,0.05,0.004,200000
3775,400,1.136,5,32,18,0,0,1,0.05,0.004,200000
3776,400,-7.14,0,6,4,0,0,1,0.05,0.004,200000
3777,177,-17.427,0,4,7,1,0,0,0.05,0.004,200000
3778,219,-10.622,3,28,10,1,0,0,0.05,0.004,200000
3779,269,-6.666,5,18,5,1,1,0,0.05,0.004,200000
3780,400,2.747,2,29,30,0,1,1,0.05,0.004,200000
3781,123,-6.534,0,6,3,0,0,0,0.05,0.004,200000
3782,233,-1.096,2,13,25,0,1,0,0.05,0.004,200000
3783,249,-17.138,0,5,21,1,0,0,0.05,0.004,200000
3784,44,-16.179,0,3,6,1,0,0,0.05,0.004,200000
3785,50,-16.203,0,4,2,1,0,0,0.05,0.004,200000
3786,29,-14.857,0,4,14,1,0,0,0.05,0.004,200000
3787,305,-17.056,0,2,20,0,0,0,0.05,0.004,200000
3788,169,-18.887,0,3,6,1,0,0,0.05,0.004,200000
3789,10,-13.789,0,2,2,1,0,0,0.05,0.004,200000
3790,400,-6.646,0,20,15,0,0,1,0.05,0.004,200000
3791,63,-17.291,0,4,7,1,0,0,0.05,0.004,200000
3792,261,-10.903,0,0,9,0,0,0,0.05,0.004,200000
3793,29,-15.791,0,3,4,1,0,0,0.05,0.004,200000
3794,400,-5.232,0,19,11,0,0,1,0.05,0.004,200000
3795,372,-23.654,0,8,37,1,0,0,0.05,0.004,200000
3796,35,-14.218,0,4,2,1,0,0,0.05,0.004,200000
3797,400,-6.033,3,6,10,0,1,1,0.05,0.004,200000
3798,281,-14.31,1,14,7,1,0,0,0.05,0.004,200000
3799,79,-4.3,0,7,0,0,0,0,0.05,0.004,200000
3800,270,-9.584,0,8,12,0,0,0,0.05,0.004,200000
3801,194,-4.374,1,19,7,0,0,0,0.05,0.004,200000
3802,400,-3.006,2,19,10,0,0,1,0.05,0.004,200000
3803,32,-13.893,0,5,7,1,0,0,0.05,0.004,200000
3804,400,-9.795,0,8,39,0,0,1,0.05,0.004,200000
3805,186,-17.325,1,2,5,1,0,0,0.05,0.004,200000
3806,5,-13.282,0,4,1,1,0,0,0.05,0.004,200000
3807,104,-6.632,0,6,5,0,0,0,0.05,0.004,200000
3808,191,-6.602,0,9,3,0,0,0,0.05,0.004,200000
3809,400,-2.44,2,3,25,0,1,1,0.05,0.004,200000
3810,400,1.575,3,18,9,0,0,1,0.05,0.004,200000
3811,233,-9.382,2,21,16,1,0,0,0.05,0.004,200000
3812,106,-14.833,0,5,3,1,0,0,0.05,0.004,200000
3813,359,-17.085,2,14,56,1,0,0,0.05,0.004,200000
3814,400,-2.768,1,16,18,0,0,1,0.05,0.004,200000
3815,77,-14.55,0,11,10,1,0,0,0.05,0.004,200000
3816,400,-0.862,1,19,12,0,0,1,0.05,0.004,200000
3817,400,-5.866,1,10,26,0,0,1,0.05,0.004,200000
3818,222,-9.513,1,8,18,0,0,0,0.05,0.004,200000
3819,400,-13.523,1,14,99,0,0,1,0.05,0.004,200000
3820,172,-7.436,0,2,3,0,0,0,0.05,0.004,200000
3821,46,-15.731,0,3,2,1,0,0,0.05,0.004,200000
3822,72,-16.377,0,3,17,1,0,0,0.05,0.004,200000
3823,290,-12.051,1,12,6,1,0,0,0.05,0.004,200000
3824,400,-10.309,0,13,35,0,0,1,0.05,0.004,200000
3825,294,-10.879,4,18,39,1,0,0,0.05,0.004,200000
3826,205,-15.774,2,10,25,1,0,0,0.05,0.004,200000
3827,183,-7.701,2,6,17,0,0,0,0.05,0.004,200000
3828,373,-14.012,1,21,27,1,0,0,0.05,0.004,200000
3829,400,-9.787,1,11,65,0,1,1,0.05,0.004,200000
3830,400,-6.12,2,6,10,0,0,1,0.05,0.004,200000
3831,247,-9.998,0,13,37,0,0,0,0.05,0.004,200000
3832,400,-7.983,1,9,32,0,0,1,0.05,0.004,200000
3833,130,-10.152,1,13,5,1,0,0,0.05,0.004,200000
3834,400,7.081,3,20,26,0,1,1,0.05,0.004,200000
3835,352,-10.005,2,15,37,0,0,0,0.05,0.004,200000
3836,400,-3.868,3,26,36,0,0,1,0.05,0.004,200000
3837,222,-0.142,4,25,11,0,0,0,0.05,0.004,200000
3838,113,-17.229,0,3,8,1,0,0,0.05,0.004,200000
3839,39,-14.14,0,4,4,1,0,0,0.05,0.004,200000
3840,105,-18.146,0,3,13,1,0,0,0.05,0.004,200000
3841,400,-10.091,0,7,36,0,0,1,0.05,0.004,200000
3842,129,-5.92,2,13,14,0,0,0,0.05,0.004,200000
3843,293,-8.201,0,12,11,0,0,0,0.05,0.004,200000
3844,400,-2.015,0,11,14,0,0,1,0.05,0.004,200000
3845,189,-14.362,1,6,10,1,0,0,0.05,0.004,200000
3846,153,-14.768,2,22,55,1,0,0,0.05,0.004,200000
3847,231,-11.379,2,10,7,1,0,0,0.05,0.004,200000
3848,253,-10.169,0,12,23,0,0,0,0.05,0.004,200000
3849,183,-9.052,0,21,20,1,0,0,0.05,0.004,200000
3850,400,-3.529,1,19,39,0,0,1,0.05,0.004,200000
3851,158,-9.087,0,3,1,0,0,0,0.05,0.004,200000
3852,275,-14.379,1,20,14,1,0,0,0.05,0.004,200000
3853,227,-8.235,3,22,10,1,0,0,0.05,0.004,200000
3854,197,-12.342,1,10,7,1,0,0,0.05,0.004,200000
3855,207,-7.884,1,1,2,0,0,0,0.05,0.004,200000
3856,400,-2.245,2,19,10,0,0,1,0.05,0.004,200000
3857,89,-7.867,0,0,3,0,0,0,0.05,0.004,200000
3858,185,-15.105,1,14,10,1,0,0,0.05,0.004,200000
3859,344,-11.887,1,21,22,1,0,0,0.05,0.004,200000
3860,134,-11.62,0,0,2,0,0,0,0.05,0.004,200000
3861,120,-16.367,0,3,2,1,0,0,0.05,0.004,200000
3862,197,-10.767,0,2,2,0,0,0,0.05,0.004,200000
3863,188,-12.612,2,11,31,1,0,0,0.05,0.004,200000
3864,400,-9.069,1,8,24,0,0,1,0.05,0.004,200000
3865,245,-5.956,2,18,14,0,0,0,0.05,0.004,200000
3866,400,-8.573,0,10,42,0,0,1,0.05,0.004,200000
3867,238,-10.008,2,23,7,1,0,0,0.05,0.004,200000
3868,400,-1.046,2,15,20,0,0,1,0.05,0.004,200000
3869,140,-9.424,1,8,1,1,0,0,0.05,0.004,200000
3870,400,-2.597,3,24,16,0,0,1,0.05,0.004,200000
3871,241,-9.026,1,11,6,1,0,0,0.05,0.004,200000
3872,400,1.315,2,22,36,0,0,1,0.05,0.004,200000
3873,400,-0.352,5,29,30,0,0,1,0.05,0.004,200000
3874,16,-15.453,0,2,3,1,0,0,0.05,0.004,200000
3875,137,-5.314,1,14,4,1,1,0,0.05,0.004,200000
3876,400,-7.842,1,11,21,0,0,1,0.05,0.004,200000
3877,400,-2.56,0,13,15,0,0,1,0.05,0.004,200000
3878,84,-4.412,0,9,5,0,0,0,0.05,0.004,200000
3879,171,-15.96,0,11,8,1,0,0,0.05,0.004,200000
3880,42,-6.192,0,2,2,0,0,0,0.05,0.004,200000
3881,92,-9.895,0,19,4,1,0,0,0.05,0.004,200000
3882,242,-6.672,2,9,4,0,0,0,0.05,0.004,200000
3883,109,-10.978,1,5,1,1,0,0,0.05,0.004,200000
3884,170,-5.001,0,3,4,0,0,0,0.05,0.004,200000
3885,400,0.807,3,21,18,0,0,1,0.05,0.004,200000
3886,400,1.54,4,32,25,0,0,1,0.05,0.004,200000
3887,180,-13.467,1,14,4,1,0,0,0.05,0.004,200000
3888,236,-5.421,1,8,2,0,0,0,0.05,0.004,200000
3889,400,-3.957,1,13,16,0,0,1,0.05,0.004,200000
3890,400,1.824,1,16,35,0,1,1,0.05,0.004,200000
3891,400,-8.12,2,5,39,0,0,1,0.05,0.004,200000
3892,400,-11.771,0,4,29,0,0,1,0.05,0.004,200000
3893,9,-15.609,0,2,3,1,0,0,0.05,0.004,200000
3894,400,-8.708,1,12,16,0,0,1,0.05,0.004,200000
3895,5,-13.541,0,3,3,1,0,0,0.05,0.004,200000
3896,125,2.08,4,17,5,0,0,0,0.05,0.004,200000
3897,74,-16.532,0,5,3,1,0,0,0.05,0.004,200000
3898,208,-17.494,0,8,4,1,0,0,0.05,0.004,200000
3899,400,-2.314,4,14,20,0,0,1,0.05,0.004,200000
3900,312,-14.507,0,14,10,1,0,0,0.05,0.004,200000
3901,400,-8.95,1,21,48,0,0,1,0.05,0.004,200000
3902,14,-13.593,0,4,3,1,0,0,0.05,0.004,200000
3903,108,-2.051,2,10,1,0,0,0,0.05,0.004,200000
3904,400,-11.626,0,11,18,0,0,1,0.05,0.004,200000
3905,338,-14.513,0,24,22,1,0,0,0.05,0.004,200000
3906,400,2.562,4,26,20,0,1,1,0.05,0.004,200000
3907,400,-5.59,2,14,7,0,0,1,0.05,0.004,200000
3908,48,-5.738,0,0,1,0,0,0,0.05,0.004,200000
3909,279,-18.533,0,15,64,1,0,0,0.05,0.004,200000
3910,271,-9.595,0,7,3,0,0,0,0.05,0.004,200000
3911,400,-5.876,2,14,14,0,0,1,0.05,0.004,200000
3912,37,-15.88,0,4,4,1,0,0,0.05,0.004,200000
3913,400,-9.564,0,3,8,0,0,1,0.05,0.004,200000
3914,5,-13.351,0,4,3,1,0,0,0.05,0.004,200000
3915,378,-13.473,2,15,25,1,0,0,0.05,0.004,200000
3916,400,2.9,5,15,14,0,0,1,0.05,0.004,200000
3917,114,-10.24,0,5,13,0,0,0,0.05,0.004,200000
3918,280,-13.406,0,14,23,1,0,0,0.05,0.004,200000
3919,97,-4.653,2,4,12,0,0,0,0.05,0.004,200000
3920,400,1.112,0,10,7,0,1,1,0.05,0.004,200000
3921,400,-10.353,1,11,32,0,0,1,0.05,0.004,200000
3922,168,-8.651,1,3,5,0,0,0,0.05,0.004,200000
3923,37,-16.091,0,4,6,1,0,0,0.05,0.004,200000
3924,400,-6.406,0,15,31,0,0,1,0.05,0.004,200000
3925,47,-5.439,0,0,1,0,0,0,0.05,0.004,200000
3926,400,-11.624,0,14,34,0,0,1,0.05,0.004,200000
3927,400,-5.065,2,22,15,0,0,1,0.05,0.004,200000
3928,400,-3.352,2,11,15,0,0,1,0.05,0.004,200000
3929,400,-2.153,2,14,30,0,0,1,0.05,0.004,200000
3930,298,-15.299,0,13,15,1,0,0,0.05,0.004,200000
3931,236,-13.288,2,9,21,1,0,0,0.05,0.004,200000
3932,111,-16.405,0,8,13,1,0,0,0.05,0.004,200000
3933,24,-14.303,0,3,2,1,0,0,0.05,0.004,200000
3934,31,-14.417,0,2,3,1,0,0,0.05,0.004,200000
3935,160,-9.268,0,3,4,0,0,0,0.05,0.004,200000
3936,88,-7.463,0,10,7,0,0,0,0.05,0.004,200000
3937,26,-13.005,0,3,15,1,0,0,0.05,0.004,200000
3938,31,-17.166,0,3,16,1,0,0,0.05,0.004,200000
3939,400,-6.103,1,10,26,0,0,1,0.05,0.004,200000
3940,400,-12.022,0,8,16,0,0,1,0.05,0.004,200000
3941,400,-8.176,0,13,33,0,0,1,0.05,0.004,200000
3942,108,-13.42,0,10,20,1,0,0,0.05,0.004,200000
3943,400,-5.967,0,5,12,0,0,1,0.05,0.004,200000
3944,360,-3.605,6,17,9,1,0,0,0.05,0.004,200000
3945,400,-5.29,0,5,23,0,0,1,0.05,0.004,200000
3946,400,-0.582,3,19,27,0,0,1,0.05,0.004,200000
3947,308,-19.286,1,3,25,1,0,0,0.05,0.004,200000
3948,400,-1.069,0,14,33,0,1,1,0.05,0.004,200000
3949,400,-1.936,3,15,20,0,0,1,0.05,0.004,200000
3950,400,-9.712,0,5,26,0,0,1,0.05,0.004,200000
3951,400,-4.668,2,14,21,0,0,1,0.05,0.004,200000
3952,63,-4.816,0,3,4,0,0,0,0.05,0.004,200000
3953,33,-11.155,0,3,2,1,0,0,0.05,0.004,200000
3954,278,-3.072,0,24,14,0,1,0,0.05,0.004,200000
3955,174,-9.705,1,11,23,1,0,0,0.05,0.004,200000
3956,356,-13.354,1,6,8,1,0,0,0.05,0.004,200000
3957,104,-16.185,0,3,4,1,0,0,0.05,0.004,200000
3958,137,-14.464,0,3,24,0,0,0,0.05,0.004,200000
3959,400,2.07,4,16,23,0,1,1,0.05,0.004,200000
3960,400,-6.24,2,16,15,0,0,1,0.05,0.004,200000
3961,195,-9.838,3,25,7,1,0,0,0.05,0.004,200000
3962,396,-10.286,2,22,9,1,0,0,0.05,0.004,200000
3963,400,-6.003,2,24,16,0,0,1,0.05,0.004,200000
3964,19,-11.119,0,6,10,1,0,0,0.05,0.004,200000
3965,400,-15.433,0,4,58,0,0,1,0.05,0.004,200000
3966,106,-7.291,0,15,3,1,0,0,0.05,0.004,200000
3967,400,0.109,0,18,28,0,0,1,0.05,0.004,200000
3968,400,-6.124,2,40,75,0,0,1,0.05,0.004,200000
3969,182,-11.144,0,10,25,0,0,0,0.05,0.004,200000
3970,400,-1.406,3,12,22,0,0,1,0.05,0.004,200000
3971,78,-9.215,0,0,13,0,0,0,0.05,0.004,200000
3972,150,-7.186,1,12,29,0,0,0,0.05,0.004,200000
3973,60,-16.014,0,3,11,1,0,0,0.05,0.004,200000
3974,400,-19.533,0,7,77,0,0,1,0.05,0.004,200000
3975,146,-11.68,1,7,4,1,0,0,0.05,0.004,200000
3976,255,-14.071,0,10,9,1,0,0,0.05,0.004,200000
3977,400,-12.775,0,5,26,0,0,1,0.05,0.004,200000
3978,189,-8.548,1,7,19,0,0,0,0.05,0.004,200000
3979,30,-16.917,0,3,13,1,0,0,0.05,0.004,200000
3980,400,-4.021,1,10,25,0,0,1,0.05,0.004,200000
3981,7,-15.071,0,3,3,1,0,0,0.05,0.004,200000
3982,114,-3.726,2,10,14,0,0,0,0.05,0.004,200000
3983,110,-7.199,0,0,9,0,0,0,0.05,0.004,200000
3984,400,-7.844,0,18,56,0,0,1,0.05,0.004,200000
3985,39,-12.757,1,5,2,1,0,0,0.05,0.004,200000
3986,397,-8.224,3,9,9,1,1,0,0.05,0.004,200000
3987,400,-7.407,3,15,18,0,0,1,0.05,0.004,200000
3988,237,-19.691,0,6,3,1,0,0,0.05,0.004,200000
3989,64,-8.691,0,0,2,0,0,0,0.05,0.004,200000
3990,400,7.429,2,28,17,0,1,1,0.05,0.004,200000
3991,400,-8.652,2,10,41,0,0,1,0.05,0.004,200000
3992,147,-18.077,0,5,3,1,0,0,0.05,0.004,200000
3993,83,-9.853,1,8,11,1,0,0,0.05,0.004,200000
3994,400,-5.689,1,9,9,0,0,1,0.05,0.004,200000
3995,184,-8.713,0,0,2,0,0,0,0.05,0.004,200000
3996,374,-14.766,0,25,23,1,0,0,0.05,0.004,200000
3997,400,-6.692,2,14,12,0,0,1,0.05,0.004,200000
3998,132,-15.166,0,3,6,1,0,0,0.05,0.004,200000
3999,376,-10.408,2,17,9,1,0,0,0.05,0.004,200000
4000,400,7.135,3,38,46,0,0,1,0.05,0.004,200000
4001,301,-7.561,2,28,37,0,0,0,0.05,0.004,200000
4002,288,-8.764,0,11,7,0,0,0,0.05,0.004,200000
4003,21,-15.576,0,2,5,1,0,0,0.05,0.004,200000
4004,400,-3.498,2,21,32,0,0,1,0.05,0.004,200000
4005,400,-4.006,1,14,38,0,0,1,0.05,0.004,200000
4006,328,-12.945,0,18,17,1,0,0,0.05,0.004,200000
4007,109,-5.5,0,10,3,0,0,0,0.05,0.004,200000
4008,400,-3.682,1,23,15,0,0,1,0.05,0.004,200000
4009,214,-8.332,1,12,8,0,0,0,0.05,0.004,200000
4010,400,-3.394,1,15,16,0,0,1,0.05,0.004,200000
4011,274,-6.071,2,6,5,0,0,0,0.05,0.004,200000
4012,400,-1.132,5,16,21,0,0,1,0.05,0.004,200000
4013,143,-14.225,0,0,11,0,0,0,0.05,0.004,200000
4014,400,-9.664,1,9,19,0,0,1,0.05,0.004,200000
4015,9,-14.399,0,4,7,1,0,0,0.05,0.004,200000
4016,400,-7.497,3,7,63,0,0,1,0.05,0.004,200000
4017,248,-17.045,0,4,13,1,0,0,0.05,0.004,200000
4018,245,-16.171,1,15,23,1,0,0,0.05,0.004,200000
4019,400,-7.206,1,10,15,0,0,1,0.05,0.004,200000
4020,400,-13.592,0,5,19,0,0,1,0.05,0.004,200000
4021,400,7.146,3,16,15,0,1,1,0.05,0.004,200000
4022,400,-4.831,1,10,15,0,0,1,0.05,0.004,200000
4023,400,-1.897,5,14,20,0,0,1,0.05,0.004,200000
4024,261,2.005,4,44,4,0,0,0,0.05,0.004,200000
4025,154,-4.743,3,6,5,0,0,0,0.05,0.004,200000
4026,50,-4.816,1,3,2,0,0,0,0.05,0.004,200000
4027,50,-7.814,0,0,4,0,0,0,0.05,0.004,200000
4028,44,-15.63,0,2,3,1,0,0,0.05,0.004,200000
4029,224,-7.925,3,26,15,1,0,0,0.05,0.004,200000
4030,400,-4.175,0,10,14,0,0,1,0.05,0.004,200000
4031,205,-13.082,0,0,8,0,0,0,0.05,0.004,200000
4032,132,-11.54,1,6,4,1,0,0,0.05,0.004,200000
4033,400,-12.763,1,7,23,0,0,1,0.05,0.004,200000
4034,183,-9.282,0,0,3,0,0,0,0.05,0.004,200000
4035,68,-3.99,1,6,6,0,0,0,0.05,0.004,200000
4036,60,-13.534,0,7,8,1,0,0,0.05,0.004,200000
4037,400,-7.707,1,20,46,0,0,1,0.05,0.004,200000
4038,291,-12.89,0,1,8,0,0,0,0.05,0.004,200000
4039,225,-18.615,0,5,19,1,0,0,0.05,0.004,200000
4040,400,-2.389,1,18,20,0,0,1,0.05,0.004,200000
4041,76,-7.792,0,0,2,0,0,0,0.05,0.004,200000
4042,400,-11.626,0,5,26,0,0,1,0.05,0.004,200000
4043,374,-10.071,2,37,18,1,0,0,0.05,0.004,200000
4044,400,-5.122,1,12,15,0,0,1,0.05,0.004,200000
4045,159,-9.895,0,5,6,0,0,0,0.05,0.004,200000
4046,239,-8.687,0,13,7,0,0,0,0.05,0.004,200000
4047,273,-21.654,0,4,32,1,0,0,0.05,0.004,200000
4048,246,-10.209,0,5,10,0,0,0,0.05,0.004,200000
4049,189,-13.451,1,13,9,1,0,0,0.05,0.004,200000
4050,223,-22.068,0,4,40,1,0,0,0.05,0.004,200000
4051,400,-3.978,1,15,35,0,0,1,0.05,0.004,200000
4052,206,-11.924,0,1,3,0,0,0,0.05,0.004,200000
4053,147,-14.457,1,9,4,1,0,0,0.05,0.004,200000
4054,256,-8.802,1,25,13,1,0,0,0.05,0.004,200000
4055,400,-2.882,1,24,41,0,0,1,0.05,0.004,200000
4056,176,-0.261,4,14,2,0,0,0,0.05,0.004,200000
4057,400,0.055,2,32,22,0,0,1,0.05,0.004,200000
4058,391,-3.561,2,19,22,0,0,1,0.05,0.004,200000
4059,301,-12.543,2,20,23,1,0,0,0.05,0.004,200000
4060,80,-13.837,1,7,4,1,0,0,0.05,0.004,200000
4061,400,1.16,2,17,16,0,1,1,0.05,0.004,200000
4062,225,-12.052,0,2,16,0,0,0,0.05,0.004,200000
4063,400,-7.452,1,22,20,0,0,1,0.05,0.004,200000
4064,400,-1.239,3,20,13,0,0,1,0.05,0.004,200000
4065,368,-6.037,2,21,10,1,0,0,0.05,0.004,200000
4066,400,-8.436,1,9,6,0,0,1,0.05,0.004,200000
4067,94,-16.645,0,2,3,1,0,0,0.05,0.004,200000
4068,400,-6.435,2,20,45,0,0,1,0.05,0.004,200000
4069,176,-13.149,0,11,7,1,0,0,0.05,0.004,200000
4070,400,-3.45,1,21,18,0,0,1,0.05,0.004,200000
4071,400,-0.151,3,22,8,0,1,1,0.05,0.004,200000
4072,183,-13.96,0,0,17,0,0,0,0.05,0.004,200000
4073,184,-7.997,1,7,3,0,0,0,0.05,0.004,200000
4074,183,-6.103,3,25,3,1,0,0,0.05,0.004,200000
4075,79,-16.752,0,3,5,1,0,0,0.05,0.004,200000
4076,372,-12.873,3,12,14,1,0,0,0.05,0.004,200000
4077,400,-9.769,0,11,20,0,0,1,0.05,0.004,200000
4078,119,-6.463,1,5,9,0,0,0,0.05,0.004,200000
4079,400,-0.639,2,17,11,0,0,1,0.05,0.004,200000
4080,400,-3.261,1,23,19,0,0,1,0.05,0.004,200000
4081,128,-8.148,0,3,2,0,0,0,0.05,0.004,200000
4082,107,-10.049,0,0,4,0,0,0,0.05,0.004,200000
4083,292,-21.858,0,6,9,1,0,0,0.05,0.004,200000
4084,52,-6.373,0,3,1,0,0,0,0.05,0.004,200000
4085,327,-12.261,2,15,10,1,0,0,0.05,0.004,200000
4086,126,-6.747,1,0,4,0,0,0,0.05,0.004,200000
4087,400,-6.932,2,8,8,0,0,1,0.05,0.004,200000
4088,242,-19.552,1,18,13,1,0,0,0.05,0.004,200000
4089,400,5.566,3,40,12,0,0,1,0.05,0.004,200000
4090,237,-6.802,0,12,6,0,0,0,0.05,0.004,200000
4091,190,-12.927,1,11,4,1,0,0,0.05,0.004,200000
4092,190,-5.29,1,19,25,0,0,0,0.05,0.004,200000
4093,400,-13.109,0,5,20,0,0,1,0.05,0.004,200000
4094,80,-7.984,0,0,1,0,0,0,0.05,0.004,200000
4095,7,-13.481,0,3,3,1,0,0,0.05,0.004,200000
4096,400,-3.517,1,9,7,0,0,1,0.05,0.004,200000
4097,353,-21.596,1,1,1,1,0,0,0.05,0.004,200000
4098,400,0.473,1,27,9,0,0,1,0.05,0.004,200000
4099,400,-4.292,3,12,10,0,0,1,0.05,0.004,200000
4100,305,-13.765,2,10,5,1,0,0,0.05,0.004,200000
4101,400,-14.185,0,8,8,0,0,1,0.05,0.004,200000
4102,130,-9.577,0,0,2,0,0,0,0.05,0.004,200000
4103,400,-7.796,1,6,17,0,0,1,0.05,0.004,200000
4104,189,-18.251,0,3,9,1,0,0,0.05,0.004,200000
4105,214,-10.909,1,2,5,0,0,0,0.05,0.004,200000
4106,120,-0.716,1,22,0,0,0,0,0.05,0.004,200000
4107,185,-8.462,1,6,1,0,0,0,0.05,0.004,200000
4108,400,0.192,3,15,31,0,0,1,0.05,0.004,200000
4109,377,-13.14,2,15,11,0,0,0,0.05,0.004,200000
4110,181,-11.943,0,0,5,0,0,0,0.05,0.004,200000
4111,152,-13.351,0,2,7,0,0,0,0.05,0.004,200000
4112,388,-16.015,0,13,6,0,0,0,0.05,0.004,200000
4113,350,-19.049,0,12,8,1,0,0,0.05,0.004,200000
4114,400,-6.731,1,14,19,0,0,1,0.05,0.004,200000
4115,67,-6.091,0,3,2,0,0,0,0.05,0.004,200000
4116,400,-6.632,0,9,6,0,0,1,0.05,0.004,200000
4117,258,-12.752,1,5,32,0,0,0,0.05,0.004,200000
4118,74,-8.193,0,2,6,0,0,0,0.05,0.004,200000
4119,400,-3.919,2,11,7,0,0,1,0.05,0.004,200000
4120,400,-5.567,0,16,23,0,0,1,0.05,0.004,200000
4121,224,-12.634,0,2,9,0,0,0,0.05,0.004,200000
4122,275,-5.75,1,12,1,0,0,0,0.05,0.004,200000
4123,400,-8.075,0,8,14,0,0,1,0.05,0.004,200000
4124,63,-17.306,0,4,5,1,0,0,0.05,0.004,200000
4125,112,-8.202,0,7,3,0,0,0,0.05,0.004,200000
4126,182,-22.433,0,2,10,1,0,0,0.05,0.004,200000
4127,400,-1.986,5,21,11,0,0,1,0.05,0.004,200000
4128,308,-8.789,3,9,7,1,0,0,0.05,0.004,200000
4129,61,-16.177,0,4,4,1,0,0,0.05,0.004,200000
4130,357,-8.083,3,32,18,1,0,0,0.05,0.004,200000
4131,400,-10.431,1,7,14,0,0,1,0.05,0.004,200000
4132,107,-1.27,1,12,0,0,0,0,0.05,0.004,200000
4133,400,-8.354,0,12,11,0,0,1,0.05,0.004,200000
4134,400,-3.552,2,23,22,0,0,1,0.05,0.004,200000
4135,105,-5.887,0,5,0,0,0,0,0.05,0.004,200000
4136,7,-14.924,0,4,3,1,0,0,0.05,0.004,200000
4137,246,-8.508,2,22,8,1,0,0,0.05,0.004,200000
4138,400,-0.085,2,18,8,0,0,1,0.05,0.004,200000
4139,384,-15.606,1,14,35,1,0,0,0.05,0.004,200000
4140,385,-15.705,1,18,21,1,0,0,0.05,0.004,200000
4141,287,-11.175,0,0,4,0,0,0,0.05,0.004,200000
4142,180,-10.447,1,8,2,1,0,0,0.05,0.004,200000
4143,106,-9.721,0,0,0,0,0,0,0.05,0.004,200000
4144,39,-15.591,0,4,3,1,0,0,0.05,0.004,200000
4145,18,-14.017,0,3,3,1,0,0,0.05,0.004,200000
4146,113,-14.443,1,2,2,1,0,0,0.05,0.004,200000
4147,225,-9.488,0,4,2,0,0,0,0.05,0.004,200000
4148,19,-15.29,0,3,3,1,0,0,0.05,0.004,200000
4149,221,-13.504,0,0,9,0,0,0,0.05,0.004,200000
4150,130,-14.912,1,8,12,1,0,0,0.05,0.004,200000
4151,400,0.708,2,25,16,0,0,1,0.05,0.004,200000
4152,400,-3.202,1,16,23,0,0,1,0.05,0.004,200000
4153,269,-16.399,2,11,12,1,0,0,0.05,0.004,200000
4154,230,-10.385,2,14,5,1,0,0,0.05,0.004,200000
4155,400,-4.271,0,7,7,0,1,1,0.05,0.004,200000
4156,400,-5.889,1,6,29,0,0,1,0.05,0.004,200000
4157,400,-7.699,1,9,14,0,0,1,0.05,0.004,200000
4158,217,-9.747,0,3,10,0,0,0,0.05,0.004,200000
4159,400,-1.597,2,31,22,0,0,1,0.05,0.004,200000
4160,314,-17.178,2,19,9,1,0,0,0.05,0.004,200000
4161,136,-5.657,1,3,4,0,0,0,0.05,0.004,200000
4162,400,-5.68,2,15,11,0,0,1,0.05,0.004,200000
4163,220,-14.77,1,0,18,0,0,0,0.05,0.004,200000
4164,132,-6.773,0,8,2,0,0,0,0.05,0.004,200000
4165,116,-14.075,0,7,5,1,0,0,0.05,0.004,200000
4166,400,-7.787,0,13,21,0,0,1,0.05,0.004,200000
4167,175,-13.057,1,20,40,1,0,0,0.05,0.004,200000
4168,52,-16.305,0,2,3,1,0,0,0.05,0.004,200000
4169,400,-1.605,2,11,26,0,0,1,0.05,0.004,200000
4170,349,-19.52,0,11,30,1,0,0,0.05,0.004,200000
4171,400,4.455,2,17,9,0,1,1,0.05,0.004,200000
4172,126,-16.614,0,2,2,1,0,0,0.05,0.004,200000
4173,400,5.926,5,20,15,0,0,1,0.05,0.004,200000
4174,140,-7.065,1,5,15,0,0,0,0.05,0.004,200000
4175,45,-8.941,0,0,20,0,0,0,0.05,0.004,200000
4176,34,-15.735,0,4,4,1,0,0,0.05,0.004,200000
4177,159,-8.353,0,5,3,0,0,0,0.05,0.004,200000
4178,284,-0.615,4,42,12,1,0,0,0.05,0.004,200000
4179,262,-7.576,3,14,6,1,1,0,0.05,0.004,200000
4180,83,-9.493,0,5,4,0,0,0,0.05,0.004,200000
4181,313,-22.245,0,1,39,1,0,0,0.05,0.004,200000
4182,400,2.596,3,20,13,0,0,1,0.05,0.004,200000
4183,400,-10.008,1,10,10,0,0,1,0.05,0.004,200000
4184,108,-18.31,0,4,4,1,0,0,0.05,0.004,200000
4185,167,-8.897,0,2,3,0,0,0,0.05,0.004,200000
4186,32,-13.84,0,3,3,1,0,0,0.05,0.004,200000
4187,321,-12.605,1,5,34,0,0,0,0.05,0.004,200000
4188,400,1.651,3,23,39,0,0,1,0.05,0.004,200000
4189,400,-3.16,1,15,14,0,0,1,0.05,0.004,200000
4190,400,-8.247,1,12,16,0,0,1,0.05,0.004,200000
4191,354,-12.749,2,25,10,1,0,0,0.05,0.004,200000
4192,206,-16.95,2,5,6,1,0,0,0.05,0.004,200000
4193,66,-11.479,0,5,2,1,0,0,0.05,0.004,200000
4194,132,-6.832,0,6,2,0,0,0,0.05,0.004,200000
4195,327,-6.479,2,21,9,1,0,0,0.05,0.004,200000
4196,244,-14.083,1,10,7,1,0,0,0.05,0.004,200000
4197,132,-8.093,0,7,7,0,0,0,0.05,0.004,200000
4198,400,3.016,2,14,7,0,0,1,0.05,0.004,200000
4199,288,-14.851,0,0,2,0,0,0,0.05,0.004,200000
4200,400,-2.329,3,13,14,0,1,1,0.05,0.004,200000
4201,400,-13.826,0,4,11,0,0,1,0.05,0.004,200000
4202,5,-13.487,0,4,3,1,0,0,0.05,0.004,200000
4203,105,-6.881,1,6,9,0,0,0,0.05,0.004,200000
4204,203,-10.891,1,8,4,0,0,0,0.05,0.004,200000
4205,400,-1.481,1,16,23,0,1,1,0.05,0.004,200000
4206,204,-6.816,2,26,3,1,0,0,0.05,0.004,200000
4207,134,-6.637,0,12,10,0,0,0,0.05,0.004,200000
4208,79,-2.318,1,15,1,0,0,0,0.05,0.004,200000
4209,360,-14.304,1,17,21,1,0,0,0.05,0.004,200000
4210,400,-1.768,3,31,85,0,0,1,0.05,0.004,200000
4211,227,-11.489,0,0,7,0,0,0,0.05,0.004,200000
4212,7,-13.516,0,4,3,1,0,0,0.05,0.004,200000
4213,400,-8.355,3,11,26,0,0,1,0.05,0.004,200000
4214,400,-0.727,1,7,14,0,1,1,0.05,0.004,200000
4215,400,-12.364,0,21,48,0,0,1,0.05,0.004,200000
4216,254,-9.815,2,26,11,1,0,0,0.05,0.004,200000
4217,288,-14.635,2,4,9,1,0,0,0.05,0.004,200000
4218,57,-7.446,0,3,0,0,0,0,0.05,0.004,200000
4219,364,-14.178,1,17,20,1,0,0,0.05,0.004,200000
4220,397,-10.113,2,23,11,1,0,0,0.05,0.004,200000
4221,400,-2.702,2,10,4,0,0,1,0.05,0.004,200000
4222,400,1.087,2,12,4,0,0,1,0.05,0.004,200000
4223,169,-11.175,0,0,6,0,0,0,0.05,0.004,200000
4224,400,-2.069,0,21,23,0,0,1,0.05,0.004,200000
4225,296,-14.924,1,6,4,0,0,0,0.05,0.004,200000
4226,51,-16.928,0,4,4,1,0,0,0.05,0.004,200000
4227,400,-13.258,0,10,44,0,0,1,0.05,0.004,200000
4228,297,-13.316,0,16,7,1,0,0,0.05,0.004,200000
4229,161,-10.437,0,3,7,0,0,0,0.05,0.004,200000
4230,153,-11.504,1,6,1,1,0,0,0.05,0.004,200000
4231,131,-16.367,0,3,7,1,0,0,0.05,0.004,200000
4232,400,0.617,1,8,11,0,1,1,0.05,0.004,200000
4233,271,-7.764,2,22,6,1,0,0,0.05,0.004,200000
4234,187,-0.764,6,28,1,1,0,0,0.05,0.004,200000
4235,169,-1.787,0,23,5,0,0,0,0.05,0.004,200000
4236,400,2.902,3,22,17,0,0,1,0.05,0.004,200000
4237,337,-11.628,0,9,27,0,0,0,0.05,0.004,200000
4238,235,-10.514,0,3,8,0,0,0,0.05,0.004,200000
4239,400,10.905,4,37,12,0,0,1,0.05,0.004,200000
4240,400,1.165,4,26,14,0,0,1,0.05,0.004,200000
4241,207,-10.213,0,2,8,0,0,0,0.05,0.004,200000
4242,400,4.506,4,29,10,0,0,1,0.05,0.004,200000
4243,244,-9.032,0,13,18,0,0,0,0.05,0.004,200000
4244,400,-6.845,1,15,45,0,0,1,0.05,0.004,200000
4245,92,-11.439,0,11,1,1,0,0,0.05,0.004,200000
4246,400,-4.465,2,15,11,0,0,1,0.05,0.004,200000
4247,400,2.143,3,17,7,0,0,1,0.05,0.004,200000
4248,400,1.683,3,28,7,0,0,1,0.05,0.004,200000
4249,332,-15.841,0,4,4,0,0,0,0.05,0.004,200000
4250,400,-13.761,1,16,33,1,0,0,0.05,0.004,200000
4251,5,-15.165,0,3,4,1,0,0,0.05,0.004,200000
4252,400,5.539,3,25,18,0,0,1,0.05,0.004,200000
4253,240,-12.461,0,9,9,1,0,0,0.05,0.004,200000
4254,400,10.388,3,34,11,0,0,1,0.05,0.004,200000
4255,400,3.271,2,34,18,0,0,1,0.05,0.004,200000
4256,400,4.175,4,24,10,0,0,1,0.05,0.004,200000
4257,186,-15.278,0,0,6,0,0,0,0.05,0.004,200000
4258,386,-18.448,1,12,27,1,0,0,0.05,0.004,200000
4259,5,-14.847,0,4,3,1,0,0,0.05,0.004,200000
4260,400,-6.586,1,21,33,0,0,1,0.05,0.004,200000
4261,400,-7.523,2,8,22,0,0,1,0.05,0.004,200000
4262,312,-6.607,3,16,10,1,0,0,0.05,0.004,200000
4263,193,-10.773,3,15,3,1,0,0,0.05,0.004,200000
4264,400,-6.956,1,15,10,0,0,1,0.05,0.004,200000
4265,197,-2.378,3,15,7,0,0,0,0.05,0.004,200000
4266,202,-8.987,0,6,1,0,0,0,0.05,0.004,200000
4267,275,-14.215,1,22,6,1,0,0,0.05,0.004,200000
4268,400,-0.868,3,21,17,0,0,1,0.05,0.004,200000
4269,149,-5.905,0,12,14,0,0,0,0.05,0.004,200000
4270,400,4.102,3,43,45,0,0,1,0.05,0.004,200000
4271,108,-9.463,0,0,7,0,0,0,0.05,0.004,200000
4272,160,1.068,3,20,7,0,0,0,0.05,0.004,200000
4273,400,-1.245,4,19,13,0,0,1,0.05,0.004,200000
4274,331,-12.277,1,16,15,1,0,0,0.05,0.004,200000
4275,256,-19.502,0,2,10,0,0,0,0.05,0.004,200000
4276,184,-11.059,1,13,7,1,0,0,0.05,0.004,200000
4277,84,-14.492,0,4,4,1,0,0,0.05,0.004,200000
4278,400,0.551,2,23,11,0,0,1,0.05,0.004,200000
4279,244,-18.145,1,9,44,1,0,0,0.05,0.004,200000
4280,131,-8.528,3,17,4,1,0,0,0.05,0.004,200000
4281,333,-18.864,1,13,45,1,0,0,0.05,0.004,200000
4282,55,-16.896,0,3,5,1,0,0,0.05,0.004,200000
4283,400,-6.779,1,8,19,0,0,1,0.05,0.004,200000
4284,119,-17.546,0,4,4,1,0,0,0.05,0.004,200000
4285,178,-1.106,3,18,10,0,0,0,0.05,0.004,200000
4286,400,-5.439,0,13,10,0,0,1,0.05,0.004,200000
4287,130,-3.27,2,7,3,0,0,0,0.05,0.004,200000
4288,400,-3.57,2,11,10,0,0,1,0.05,0.004,200000
4289,302,-14.546,2,21,26,1,0,0,0.05,0.004,200000
4290,227,-14.531,0,4,6,1,0,0,0.05,0.004,200000
4291,91,-7.338,0,3,1,0,0,0,0.05,0.004,200000
4292,112,-4.779,2,3,2,0,0,0,0.05,0.004,200000
4293,400,-1.138,0,6,5,0,1,1,0.05,0.004,200000
4294,400,-1.022,1,17,8,0,0,1,0.05,0.004,200000
4295,400,4.512,5,26,28,0,0,1,0.05,0.004,200000
4296,145,-13.92,1,9,2,1,0,0,0.05,0.004,200000
4297,211,-5.151,2,15,7,1,1,0,0.05,0.004,200000
4298,220,-16.261,0,7,5,1,0,0,0.05,0.004,200000
4299,400,-2.139,2,9,16,0,0,1,0.05,0.004,200000
4300,400,-3.824,2,11,5,0,0,1,0.05,0.004,200000
4301,134,-5.713,1,7,7,0,0,0,0.05,0.004,200000
4302,96,-17.797,0,1,4,1,0,0,0.05,0.004,200000
4303,241,-8.836,0,0,4,0,0,0,0.05,0.004,200000
4304,400,-7.239,0,7,20,0,0,1,0.05,0.004,200000
4305,21,-15.173,0,4,3,1,0,0,0.05,0.004,200000
4306,400,-4.084,1,12,4,0,0,1,0.05,0.004,200000
4307,150,-16.073,0,3,5,1,0,0,0.05,0.004,200000
4308,91,-8.586,0,0,4,0,0,0,0.05,0.004,200000
4309,42,-15.532,0,4,4,1,0,0,0.05,0.004,200000
4310,160,-9.749,1,5,4,0,0,0,0.05,0.004,200000
4311,347,-16.882,2,14,41,1,0,0,0.05,0.004,200000
4312,400,-7.561,3,19,30,0,0,1,0.05,0.004,200000
4313,173,-10.367,2,14,3,1,0,0,0.05,0.004,200000
4314,126,-15.199,1,7,3,1,0,0,0.05,0.004,200000
4315,400,-3.031,2,13,36,0,0,1,0.05,0.004,200000
4316,235,-10.47,1,5,2,0,0,0,0.05,0.004,200000
4317,29,-15.276,0,3,3,1,0,0,0.05,0.004,200000
4318,400,-2.864,2,18,7,0,0,1,0.05,0.004,200000
4319,138,-9.252,1,4,6,0,0,0,0.05,0.004,200000
4320,400,2.165,2,15,22,0,0,1,0.05,0.004,200000
4321,76,-10.498,0,0,2,0,0,0,0.05,0.004,200000
4322,39,-14.476,0,2,3,1,0,0,0.05,0.004,200000
4323,158,-19.286,0,4,7,1,0,0,0.05,0.004,200000
4324,267,-5.931,1,20,2,1,0,0,0.05,0.004,200000
4325,400,5.075,4,25,8,0,0,1,0.05,0.004,200000
4326,400,-2.097,3,11,10,0,1,1,0.05,0.004,200000
4327,19,-15.873,0,2,4,1,0,0,0.05,0.004,200000
4328,400,0.017,3,29,37,0,0,1,0.05,0.004,200000
4329,115,-15.289,0,4,4,1,0,0,0.05,0.004,200000
4330,250,-8.676,0,9,30,0,0,0,0.05,0.004,200000
4331,41,-18.17,0,4,27,1,0,0,0.05,0.004,200000
4332,23,-17.105,0,3,16,1,0,0,0.05,0.004,200000
4333,161,-11.701,0,5,20,0,0,0,0.05,0.004,200000
4334,400,-4.59,0,24,28,0,0,1,0.05,0.004,200000
4335,5,-15.409,0,1,4,1,0,0,0.05,0.004,200000
4336,400,-7.922,2,8,8,0,0,1,0.05,0.004,200000
4337,142,-9.75,0,0,7,0,0,0,0.05,0.004,200000
4338,67,-16.473,0,3,5,1,0,0,0.05,0.004,200000
4339,247,-10.586,1,21,10,1,0,0,0.05,0.004,200000
4340,400,-3.369,3,20,20,0,0,1,0.05,0.004,200000
4341,282,-11.221,1,12,5,0,0,0,0.05,0.004,200000
4342,120,-18.022,0,1,3,1,0,0,0.05,0.004,200000
4343,400,-3.492,2,15,12,0,0,1,0.05,0.004,200000
4344,312,-13.168,0,10,53,0,0,0,0.05,0.004,200000
4345,122,-10.983,0,2,6,0,0,0,0.05,0.004,200000
4346,230,-5.421,5,24,12,1,0,0,0.05,0.004,200000
4347,400,-3.251,0,20,15,0,0,1,0.05,0.004,200000
4348,400,-4.171,0,7,14,0,0,1,0.05,0.004,200000
4349,400,-4.508,1,13,18,0,0,1,0.05,0.004,200000
4350,226,-14.83,1,20,5,1,0,0,0.05,0.004,200000
4351,146,-14.847,0,2,5,1,0,0,0.05,0.004,200000
4352,400,-4.336,0,14,14,0,0,1,0.05,0.004,200000
4353,400,-3.538,1,25,9,0,0,1,0.05,0.004,200000
4354,186,-9.529,2,18,6,1,0,0,0.05,0.004,200000
4355,308,-13.074,0,0,7,0,0,0,0.05,0.004,200000
4356,125,-9.601,3,5,6,1,0,0,0.05,0.004,200000
4357,120,-14.383,0,4,4,1,0,0,0.05,0.004,200000
4358,76,-9.574,1,10,1,1,0,0,0.05,0.004,200000
4359,400,9.503,3,25,4,0,1,1,0.05,0.004,200000
4360,400,2.189,4,32,22,0,0,1,0.05,0.004,200000
4361,400,-1.79,1,21,13,0,0,1,0.05,0.004,200000
4362,75,-13.51,0,3,3,1,0,0,0.05,0.004,200000
4363,213,-9.432,0,5,4,0,0,0,0.05,0.004,200000
4364,400,8.647,2,37,10,0,1,1,0.05,0.004,200000
4365,114,-14.06,0,9,3,1,0,0,0.05,0.004,200000
4366,304,-6.231,3,29,3,1,0,0,0.05,0.004,200000
4367,116,-8.006,0,2,1,0,0,0,0.05,0.004,200000
4368,126,-7.976,0,2,1,0,0,0,0.05,0.004,200000
4369,165,-11.143,0,0,6,0,0,0,0.05,0.004,200000
4370,168,-19.208,0,3,5,1,0,0,0.05,0.004,200000
4371,400,-8.505,2,12,7,0,0,1,0.05,0.004,200000
4372,400,-6.218,2,20,25,0,0,1,0.05,0.004,200000
4373,400,-1.115,2,23,20,0,0,1,0.05,0.004,200000
4374,148,-9.021,1,9,6,0,0,0,0.05,0.004,200000
4375,400,-4.228,2,11,8,0,0,1,0.05,0.004,200000
4376,29,-15.383,0,3,0,1,0,0,0.05,0.004,200000
4377,212,-13.672,1,21,11,1,0,0,0.05,0.004,200000
4378,232,-13.985,2,12,12,1,0,0,0.05,0.004,200000
4379,400,0.296,0,19,8,0,0,1,0.05,0.004,200000
4380,400,-0.07,2,23,11,0,0,1,0.05,0.004,200000
4381,33,-14.931,0,4,0,1,0,0,0.05,0.004,200000
4382,56,-9.049,2,6,0,1,0,0,0.05,0.004,200000
4383,89,-12.333,0,8,2,1,0,0,0.05,0.004,200000
4384,122,-11.633,0,6,3,1,0,0,0.05,0.004,200000
4385,254,-6.203,1,9,5,0,0,0,0.05,0.004,200000
4386,192,-7.672,0,10,7,0,0,0,0.05,0.004,200000
4387,400,-5.153,2,21,31,0,0,1,0.05,0.004,200000
4388,400,-6.384,0,18,25,0,0,1,0.05,0.004,200000
4389,306,-15.855,0,2,3,0,0,0,0.05,0.004,200000
4390,233,-10.834,3,15,3,1,0,0,0.05,0.004,200000
4391,50,-18.163,0,3,17,1,0,0,0.05,0.004,200000
4392,121,-3.901,1,2,2,0,0,0,0.05,0.004,200000
4393,110,-10.79,0,12,5,1,0,0,0.05,0.004,200000
4394,108,-9.325,0,0,1,0,0,0,0.05,0.004,200000
4395,345,-13.188,2,4,28,1,1,0,0.05,0.004,200000
4396,219,-9.635,0,3,5,0,0,0,0.05,0.004,200000
4397,146,-9.075,0,3,2,0,0,0,0.05,0.004,200000
4398,400,5.871,1,16,7,0,2,1,0.05,0.004,200000
4399,119,-10.186,0,14,2,1,0,0,0.05,0.004,200000
4400,202,-14.917,1,11,5,1,0,0,0.05,0.004,200000
4401,400,1.742,2,35,5,0,0,1,0.05,0.004,200000
4402,400,-1.605,1,17,18,0,0,1,0.05,0.004,200000
4403,75,-18.771,0,4,13,1,0,0,0.05,0.004,200000
4404,52,-7.097,0,3,2,0,0,0,0.05,0.004,200000
4405,75,-18.602,0,2,2,1,0,0,0.05,0.004,200000
4406,400,-6.845,1,8,6,0,0,1,0.05,0.004,200000
4407,249,-7.009,1,5,2,0,0,0,0.05,0.004,200000
4408,187,-9.667,0,5,4,0,0,0,0.05,0.004,200000
4409,204,-11.635,0,3,8,0,0,0,0.05,0.004,200000
4410,164,-10.572,3,17,7,1,0,0,0.05,0.004,200000
4411,269,-11.648,0,11,12,1,0,0,0.05,0.004,200000
4412,400,-8.539,0,7,11,0,0,1,0.05,0.004,200000
4413,256,-17.182,1,17,13,1,0,0,0.05,0.004,200000
4414,329,-18.117,1,11,14,1,0,0,0.05,0.004,200000
4415,244,-4.943,3,20,3,1,0,0,0.05,0.004,200000
4416,289,-11.218,1,21,9,1,0,0,0.05,0.004,200000
4417,96,-7.101,0,19,3,1,0,0,0.05,0.004,200000
4418,400,-7.84,1,14,11,0,0,1,0.05,0.004,200000
4419,400,6.244,3,31,6,0,1,1,0.05,0.004,200000
4420,400,1.108,1,19,16,0,0,1,0.05,0.004,200000
4421,220,-11.203,2,13,17,1,0,0,0.05,0.004,200000
4422,9,-14.759,0,4,0,1,0,0,0.05,0.004,200000
4423,52,-16.0,0,4,1,1,0,0,0.05,0.004,200000
4424,192,-18.055,0,4,7,1,0,0,0.05,0.004,200000
4425,400,-0.219,0,14,13,0,0,1,0.05,0.004,200000
4426,147,-11.756,0,8,1,1,0,0,0.05,0.004,200000
4427,400,-12.817,0,17,41,0,0,1,0.05,0.004,200000
4428,314,-12.749,3,12,19,1,0,0,0.05,0.004,200000
4429,371,-15.608,0,5,10,1,0,0,0.05,0.004,200000
4430,400,-3.403,0,15,15,0,0,1,0.05,0.004,200000
4431,158,-2.541,2,11,2,0,0,0,0.05,0.004,200000
4432,329,-13.766,0,9,8,0,0,0,0.05,0.004,200000
4433,238,-7.059,2,28,9,1,1,0,0.05,0.004,200000
4434,236,-5.124,1,12,13,0,0,0,0.05,0.004,200000
4435,78,-14.081,0,4,0,1,0,0,0.05,0.004,200000
4436,400,0.588,2,24,7,0,0,1,0.05,0.004,200000
4437,12,-15.208,0,2,1,1,0,0,0.05,0.004,200000
4438,372,-4.135,3,34,17,1,0,0,0.05,0.004,200000
4439,80,-14.51,0,7,1,1,0,0,0.05,0.004,200000
4440,69,-14.803,0,3,2,1,0,0,0.05,0.004,200000
4441,400,-3.551,0,13,5,0,0,1,0.05,0.004,200000
4442,348,-13.809,1,22,17,1,0,0,0.05,0.004,200000
4443,400,-4.488,1,4,5,0,1,1,0.05,0.004,200000
4444,400,5.661,3,20,5,0,1,1,0.05,0.004,200000
4445,36,-16.187,0,4,0,1,0,0,0.05,0.004,200000
4446,29,-16.478,0,2,8,1,0,0,0.05,0.004,200000
4447,400,-10.478,2,10,7,0,0,1,0.05,0.004,200000
4448,400,-6.126,3,11,11,0,0,1,0.05,0.004,200000
4449,242,-10.852,0,5,0,0,0,0,0.05,0.004,200000
4450,400,-11.09,0,7,16,0,0,1,0.05,0.004,200000
4451,400,-4.752,1,8,7,0,0,1,0.05,0.004,200000
4452,349,-19.294,2,16,33,1,0,0,0.05,0.004,200000
4453,341,-11.222,1,38,35,1,0,0,0.05,0.004,200000
4454,400,0.27,2,18,15,0,0,1,0.05,0.004,200000
4455,359,-12.929,1,13,8,1,0,0,0.05,0.004,200000
4456,163,-8.923,0,14,1,1,0,0,0.05,0.004,200000
4457,400,-4.249,3,27,13,0,0,1,0.05,0.004,200000
4458,144,-17.175,0,3,2,1,0,0,0.05,0.004,200000
4459,111,-9.915,1,7,4,1,0,0,0.05,0.004,200000
4460,400,-5.381,4,26,60,0,0,1,0.05,0.004,200000
4461,400,-5.011,2,7,6,0,1,1,0.05,0.004,200000
4462,400,-3.929,1,16,7,0,0,1,0.05,0.004,200000
4463,400,-2.8,1,22,26,0,0,1,0.05,0.004,200000
4464,318,-16.936,1,6,46,1,0,0,0.05,0.004,200000
4465,205,-15.387,2,7,2,1,0,0,0.05,0.004,200000
4466,60,-7.47,0,0,0,0,0,0,0.05,0.004,200000
4467,61,-8.022,0,0,3,0,0,0,0.05,0.004,200000
4468,61,-6.696,0,3,0,0,0,0,0.05,0.004,200000
4469,383,-11.065,2,31,22,1,0,0,0.05,0.004,200000
4470,400,-13.932,0,4,32,0,0,1,0.05,0.004,200000
4471,136,-17.667,0,4,4,1,0,0,0.05,0.004,200000
4472,22,-15.533,0,2,0,1,0,0,0.05,0.004,200000
4473,151,-14.378,0,9,4,1,0,0,0.05,0.004,200000
4474,377,-17.359,1,14,27,1,0,0,0.05,0.004,200000
4475,400,-5.765,4,24,83,0,0,1,0.05,0.004,200000
4476,55,-6.585,0,3,0,0,0,0,0.05,0.004,200000
4477,377,-6.617,4,14,33,1,1,0,0.05,0.004,200000
4478,347,-12.402,0,25,8,1,0,0,0.05,0.004,200000
4479,101,-12.653,0,10,3,1,0,0,0.05,0.004,200000
4480,185,-2.794,1,24,12,0,0,0,0.05,0.004,200000
4481,400,-11.209,2,6,10,0,0,1,0.05,0.004,200000
4482,182,-17.396,0,3,5,1,0,0,0.05,0.004,200000
4483,211,-2.273,2,22,3,0,0,0,0.05,0.004,200000
4484,400,1.338,1,15,27,0,0,1,0.05,0.004,200000
4485,180,-10.499,0,0,4,0,0,0,0.05,0.004,200000
4486,400,-7.991,0,14,2,0,0,1,0.05,0.004,200000
4487,43,-16.554,0,3,3,1,0,0,0.05,0.004,200000
4488,380,-13.051,0,26,15,1,0,0,0.05,0.004,200000
4489,117,-14.927,0,7,8,1,0,0,0.05,0.004,200000
4490,184,-9.665,0,1,6,0,0,0,0.05,0.004,200000
4491,83,-7.168,0,2,1,0,0,0,0.05,0.004,200000
4492,58,-16.895,0,3,0,1,0,0,0.05,0.004,200000
4493,204,-17.415,0,3,5,1,0,0,0.05,0.004,200000
4494,110,-14.501,0,4,0,1,0,0,0.05,0.004,200000
4495,58,-12.165,0,3,2,1,0,0,0.05,0.004,200000
4496,34,-15.474,0,2,1,1,0,0,0.05,0.004,200000
4497,277,-11.916,0,17,6,1,0,0,0.05,0.004,200000
4498,144,-19.104,0,1,5,1,0,0,0.05,0.004,200000
4499,127,-10.104,0,0,3,0,0,0,0.05,0.004,200000
4500,400,-3.287,4,13,40,0,0,1,0.05,0.004,200000
4501,400,-3.999,3,13,15,0,0,1,0.05,0.004,200000
4502,351,-12.475,1,24,34,1,0,0,0.05,0.004,200000
4503,128,-1.756,2,11,6,0,0,0,0.05,0.004,200000
4504,186,-11.462,0,0,2,0,0,0,0.05,0.004,200000
4505,224,-18.43,2,12,11,1,0,0,0.05,0.004,200000
4506,400,-6.043,2,11,29,0,0,1,0.05,0.004,200000
4507,400,-17.555,0,4,48,0,0,1,0.05,0.004,200000
4508,229,-13.335,1,8,8,1,0,0,0.05,0.004,200000
4509,400,-5.041,2,12,37,0,0,1,0.05,0.004,200000
4510,400,-6.889,1,15,46,0,0,1,0.05,0.004,200000
4511,400,-1.762,3,21,4,0,0,1,0.05,0.004,200000
4512,400,-5.09,0,20,38,0,0,1,0.05,0.004,200000
4513,148,-17.486,0,2,6,1,0,0,0.05,0.004,200000
4514,312,-11.474,2,26,8,1,0,0,0.05,0.004,200000
4515,384,-13.31,1,19,16,1,0,0,0.05,0.004,200000
4516,262,-13.334,1,14,20,1,0,0,0.05,0.004,200000
4517,400,2.688,3,29,17,0,0,1,0.05,0.004,200000
4518,194,-11.889,0,18,11,1,0,0,0.05,0.004,200000
4519,400,-10.348,0,19,11,0,0,1,0.05,0.004,200000
4520,182,-8.369,0,11,1,1,0,0,0.05,0.004,200000
4521,184,-17.336,1,9,7,1,0,0,0.05,0.004,200000
4522,55,-7.616,0,0,1,0,0,0,0.05,0.004,200000
4523,400,-11.949,3,17,34,0,0,1,0.05,0.004,200000
4524,125,-12.738,0,23,12,1,0,0,0.05,0.004,200000
4525,354,-20.779,0,8,24,1,0,0,0.05,0.004,200000
4526,158,-8.005,0,1,0,0,0,0,0.05,0.004,200000
4527,125,-8.879,2,28,4,1,0,0,0.05,0.004,200000
4528,400,2.815,0,25,15,0,1,1,0.05,0.004,200000
4529,86,-17.319,0,2,3,1,0,0,0.05,0.004,200000
4530,321,-11.097,1,21,14,1,0,0,0.05,0.004,200000
4531,50,-14.101,0,3,2,1,0,0,0.05,0.004,200000
4532,303,-18.698,1,10,35,1,0,0,0.05,0.004,200000
4533,300,-7.385,1,14,5,0,0,0,0.05,0.004,200000
4534,270,-10.043,0,8,5,0,0,0,0.05,0.004,200000
4535,204,-8.309,0,13,5,0,0,0,0.05,0.004,200000
4536,400,-9.237,1,17,7,0,0,1,0.05,0.004,200000
4537,400,0.627,4,25,10,0,0,1,0.05,0.004,200000
4538,272,-11.865,0,1,6,0,0,0,0.05,0.004,200000
4539,28,-16.75,0,3,2,1,0,0,0.05,0.004,200000
4540,230,-13.025,1,13,4,1,0,0,0.05,0.004,200000
4541,400,-6.883,1,17,9,0,0,1,0.05,0.004,200000
4542,400,-0.757,2,25,21,0,1,1,0.05,0.004,200000
4543,119,-7.591,1,3,4,0,0,0,0.05,0.004,200000
4544,242,-10.729,0,5,4,0,0,0,0.05,0.004,200000
4545,218,0.269,3,26,5,0,0,0,0.05,0.004,200000
4546,94,-17.147,0,4,3,1,0,0,0.05,0.004,200000
4547,120,-5.184,0,7,4,0,0,0,0.05,0.004,200000
4548,134,-17.826,0,4,3,1,0,0,0.05,0.004,200000
4549,43,-16.306,0,4,2,1,0,0,0.05,0.004,200000
4550,74,-12.865,0,16,3,1,0,0,0.05,0.004,200000
4551,400,-5.023,1,12,34,0,0,1,0.05,0.004,200000
4552,380,-16.512,1,20,16,1,0,0,0.05,0.004,200000
4553,51,-6.691,0,3,2,0,0,0,0.05,0.004,200000
4554,179,-15.896,0,11,4,1,0,0,0.05,0.004,200000
4555,107,-12.97,0,6,4,1,0,0,0.05,0.004,200000
4556,400,-13.03,1,24,19,0,0,1,0.05,0.004,200000
4557,400,-5.148,1,14,12,0,0,1,0.05,0.004,200000
4558,400,-8.818,0,12,6,0,0,1,0.05,0.004,200000
4559,140,-0.907,4,13,1,0,0,0,0.05,0.004,200000
4560,139,-18.155,0,3,4,1,0,0,0.05,0.004,200000
4561,177,-8.087,2,2,4,0,0,0,0.05,0.004,200000
4562,400,-4.289,1,16,5,0,0,1,0.05,0.004,200000
4563,199,-9.278,1,2,5,0,0,0,0.05,0.004,200000
4564,243,-8.991,2,16,4,0,0,0,0.05,0.004,200000
4565,400,1.813,4,25,31,0,1,1,0.05,0.004,200000
4566,400,-2.213,3,31,8,0,0,1,0.05,0.004,200000
4567,400,3.196,6,42,61,0,0,1,0.05,0.004,200000
4568,204,-21.551,0,2,4,1,0,0,0.05,0.004,200000
4569,400,-10.202,2,10,15,0,0,1,0.05,0.004,200000
4570,259,-8.471,0,8,5,0,0,0,0.05,0.004,200000
4571,327,-14.151,1,7,9,0,0,0,0.05,0.004,200000
4572,90,-9.366,0,0,2,0,0,0,0.05,0.004,200000
4573,159,-11.658,0,0,2,0,0,0,0.05,0.004,200000
4574,220,-4.517,1,22,5,0,0,0,0.05,0.004,200000
4575,400,-6.863,1,18,5,0,0,1,0.05,0.004,200000
4576,53,-14.529,0,4,3,1,0,0,0.05,0.004,200000
4577,101,-11.149,1,9,3,1,0,0,0.05,0.004,200000
4578,400,-8.878,0,5,32,0,0,1,0.05,0.004,200000
4579,265,-13.76,0,18,10,1,0,0,0.05,0.004,200000
4580,74,-14.586,0,3,1,1,0,0,0.05,0.004,200000
4581,177,-12.405,0,7,3,1,0,0,0.05,0.004,200000
4582,366,-9.97,1,18,23,1,1,0,0.05,0.004,200000
4583,287,-13.644,0,0,9,0,0,0,0.05,0.004,200000
4584,380,-14.624,1,9,14,1,0,0,0.05,0.004,200000
4585,400,-4.147,2,15,14,0,0,1,0.05,0.004,200000
4586,47,-8.363,0,0,1,0,0,0,0.05,0.004,200000
4587,93,-8.646,0,0,5,0,0,0,0.05,0.004,200000
4588,360,-9.145,3,23,16,1,0,0,0.05,0.004,200000
4589,400,10.676,2,33,11,0,1,1,0.05,0.004,200000
4590,144,-15.527,0,2,1,1,0,0,0.05,0.004,200000
4591,400,-9.23,2,14,9,0,0,1,0.05,0.004,200000
4592,193,-6.062,2,6,6,0,0,0,0.05,0.004,200000
4593,400,-8.225,1,8,6,0,0,1,0.05,0.004,200000
4594,116,-18.345,0,4,1,1,0,0,0.05,0.004,200000
4595,104,-4.929,0,8,1,0,0,0,0.05,0.004,200000
4596,75,-16.798,0,4,3,1,0,0,0.05,0.004,200000
4597,148,-7.699,0,2,5,0,0,0,0.05,0.004,200000
4598,219,-7.166,0,6,9,0,0,0,0.05,0.004,200000
4599,400,3.995,3,16,9,0,0,1,0.05,0.004,200000
4600,400,0.014,4,19,33,0,0,1,0.05,0.004,200000
4601,400,-5.138,2,12,13,0,0,1,0.05,0.004,200000
4602,400,-6.66,0,9,28,0,0,1,0.05,0.004,200000
4603,400,-7.646,0,3,5,0,0,1,0.05,0.004,200000
4604,23,-15.704,0,3,0,1,0,0,0.05,0.004,200000
4605,400,-1.167,1,19,6,0,0,1,0.05,0.004,200000
4606,400,-10.498,0,3,4,0,0,1,0.05,0.004,200000
4607,400,-4.656,3,26,17,0,0,1,0.05,0.004,200000
4608,400,-11.082,1,11,51,0,0,1,0.05,0.004,200000
4609,400,-1.307,3,20,8,0,0,1,0.05,0.004,200000
4610,400,-3.961,0,17,31,0,0,1,0.05,0.004,200000
4611,174,-14.462,1,6,6,1,0,0,0.05,0.004,200000
4612,277,-18.145,0,13,24,1,0,0,0.05,0.004,200000
4613,232,-11.326,3,18,14,1,0,0,0.05,0.004,200000
4614,400,-12.086,0,4,9,0,0,1,0.05,0.004,200000
4615,189,-9.707,1,6,5,0,0,0,0.05,0.004,200000
4616,400,-2.839,1,13,7,0,0,1,0.05,0.004,200000
4617,188,-7.532,2,8,5,0,0,0,0.05,0.004,200000
4618,400,-8.177,1,18,13,0,0,1,0.05,0.004,200000
4619,36,-12.493,0,2,1,1,0,0,0.05,0.004,200000
4620,205,-13.932,0,0,7,0,0,0,0.05,0.004,200000
4621,400,1.594,2,25,19,0,0,1,0.05,0.004,200000
4622,400,-5.87,1,19,16,0,0,1,0.05,0.004,200000
4623,49,-9.999,0,5,2,1,0,0,0.05,0.004,200000
4624,276,-11.764,0,8,12,0,0,0,0.05,0.004,200000
4625,113,-14.21,0,2,3,1,0,0,0.05,0.004,200000
4626,400,7.646,2,23,9,0,0,1,0.05,0.004,200000
4627,400,-8.105,0,7,10,0,0,1,0.05,0.004,200000
4628,224,-8.274,1,22,8,1,0,0,0.05,0.004,200000
4629,263,-8.063,1,3,3,0,0,0,0.05,0.004,200000
4630,224,-4.964,2,8,5,0,0,0,0.05,0.004,200000
4631,329,-15.413,3,21,24,1,0,0,0.05,0.004,200000
4632,400,-4.542,1,23,8,0,0,1,0.05,0.004,200000
4633,5,-14.942,0,2,0,1,0,0,0.05,0.004,200000
4634,71,-5.614,0,6,0,0,0,0,0.05,0.004,200000
4635,400,5.69,5,32,19,0,0,1,0.05,0.004,200000
4636,7,-13.184,0,4,0,1,0,0,0.05,0.004,200000
4637,98,-9.266,0,0,3,0,0,0,0.05,0.004,200000
4638,400,1.983,3,23,6,0,0,1,0.05,0.004,200000
4639,220,-12.67,3,21,6,1,0,0,0.05,0.004,200000
4640,400,-0.783,1,9,12,0,0,1,0.05,0.004,200000
4641,400,-1.955,3,17,11,0,0,1,0.05,0.004,200000
4642,359,-12.773,3,32,12,1,0,0,0.05,0.004,200000
4643,400,-8.64,0,7,38,0,0,1,0.05,0.004,200000
4644,82,-13.358,0,8,3,1,0,0,0.05,0.004,200000
4645,76,-7.961,0,0,3,0,0,0,0.05,0.004,200000
4646,224,-13.919,0,10,6,1,0,0,0.05,0.004,200000
4647,400,-5.867,2,28,24,0,0,1,0.05,0.004,200000
4648,210,-6.653,4,24,6,1,0,0,0.05,0.004,200000
4649,400,0.389,2,11,12,0,0,1,0.05,0.004,200000
4650,239,-7.377,1,5,6,0,0,0,0.05,0.004,200000
4651,400,6.548,2,36,14,0,0,1,0.05,0.004,200000
4652,182,-21.002,0,2,9,1,0,0,0.05,0.004,200000
4653,323,-13.649,1,18,10,1,0,0,0.05,0.004,200000
4654,179,-12.119,2,6,1,1,0,0,0.05,0.004,200000
4655,305,-7.37,4,32,18,1,0,0,0.05,0.004,200000
4656,168,-15.475,1,19,11,1,0,0,0.05,0.004,200000
4657,301,-13.8,0,0,9,0,0,0,0.05,0.004,200000
4658,400,-0.926,3,19,6,0,0,1,0.05,0.004,200000
4659,178,-3.215,2,11,8,0,0,0,0.05,0.004,200000
4660,326,-20.29,1,12,22,1,0,0,0.05,0.004,200000
4661,400,2.96,1,28,12,0,0,1,0.05,0.004,200000
4662,400,8.872,4,42,10,0,0,1,0.05,0.004,200000
4663,110,-5.408,0,15,7,0,0,0,0.05,0.004,200000
4664,284,-8.777,5,36,15,1,0,0,0.05,0.004,200000
4665,191,-4.433,2,8,4,0,0,0,0.05,0.004,200000
4666,305,-13.69,0,6,15,0,0,0,0.05,0.004,200000
4667,226,-12.032,0,3,2,0,0,0,0.05,0.004,200000
4668,400,-10.799,1,6,4,0,0,1,0.05,0.004,200000
4669,400,-8.331,1,7,17,0,0,1,0.05,0.004,200000
4670,159,-12.839,0,18,4,1,0,0,0.05,0.004,200000
4671,400,-5.583,0,9,11,0,0,1,0.05,0.004,200000
4672,233,-7.189,3,15,3,1,1,0,0.05,0.004,200000
4673,183,-8.895,0,0,3,0,0,0,0.05,0.004,200000
4674,400,-4.41,0,24,29,0,0,1,0.05,0.004,200000
4675,400,-11.6,0,10,94,0,0,1,0.05,0.004,200000
4676,400,-7.888,1,10,10,0,0,1,0.05,0.004,200000
4677,122,-13.322,0,12,7,1,0,0,0.05,0.004,200000
4678,199,-17.478,0,9,4,1,0,0,0.05,0.004,200000
4679,400,7.018,1,34,9,0,0,1,0.05,0.004,200000
4680,400,-3.669,3,16,22,0,0,1,0.05,0.004,200000
4681,285,-15.325,1,11,15,1,0,0,0.05,0.004,200000
4682,295,-8.067,1,22,8,0,0,0,0.05,0.004,200000
4683,400,-7.831,1,12,29,0,0,1,0.05,0.004,200000
4684,191,-9.359,0,0,5,0,0,0,0.05,0.004,200000
4685,376,-10.811,1,31,9,1,0,0,0.05,0.004,200000
4686,379,-14.377,1,14,8,1,0,0,0.05,0.004,200000
4687,187,-12.745,1,10,8,1,0,0,0.05,0.004,200000
4688,27,-12.852,0,6,14,1,0,0,0.05,0.004,200000
4689,52,-16.639,0,3,1,1,0,0,0.05,0.004,200000
4690,21,-15.032,0,3,0,1,0,0,0.05,0.004,200000
4691,11,-14.932,0,3,0,1,0,0,0.05,0.004,200000
4692,376,-11.706,2,18,43,1,0,0,0.05,0.004,200000
4693,400,0.788,3,13,8,0,0,1,0.05,0.004,200000
4694,400,3.036,1,22,13,0,0,1,0.05,0.004,200000
4695,134,-14.044,0,11,6,1,0,0,0.05,0.004,200000
4696,400,-1.927,1,20,7,0,0,1,0.05,0.004,200000
4697,257,-9.9,1,18,6,1,0,0,0.05,0.004,200000
4698,374,-6.942,1,27,37,0,0,0,0.05,0.004,200000
4699,189,-18.674,0,8,8,1,0,0,0.05,0.004,200000
4700,400,3.287,2,28,15,0,0,1,0.05,0.004,200000
4701,152,-7.358,2,22,6,1,0,0,0.05,0.004,200000
4702,373,-7.219,2,14,6,1,0,0,0.05,0.004,200000
4703,400,1.01,5,13,9,0,0,1,0.05,0.004,200000
4704,112,-13.712,1,8,5,1,0,0,0.05,0.004,200000
4705,234,-7.035,2,28,9,1,0,0,0.05,0.004,200000
4706,400,2.596,3,22,20,0,0,1,0.05,0.004,200000
4707,132,-7.272,1,7,3,0,0,0,0.05,0.004,200000
4708,400,14.406,5,35,9,0,1,1,0.05,0.004,200000
4709,400,-3.625,0,16,16,0,0,1,0.05,0.004,200000
4710,400,-4.597,2,17,26,0,0,1,0.05,0.004,200000
4711,400,-4.914,3,21,12,0,0,1,0.05,0.004,200000
4712,27,-13.649,0,3,0,1,0,0,0.05,0.004,200000
4713,270,-11.806,0,2,5,0,0,0,0.05,0.004,200000
4714,400,3.255,0,19,19,0,0,1,0.05,0.004,200000
4715,249,-11.404,1,30,13,1,0,0,0.05,0.004,200000
4716,400,-10.148,1,12,43,0,0,1,0.05,0.004,200000
4717,400,-7.214,1,11,41,0,0,1,0.05,0.004,200000
4718,372,-10.43,1,16,13,1,0,0,0.05,0.004,200000
4719,215,-13.048,2,16,5,1,0,0,0.05,0.004,200000
4720,400,-9.717,1,6,11,0,0,1,0.05,0.004,200000
4721,126,-6.735,1,5,2,0,0,0,0.05,0.004,200000
4722,263,-12.54,3,7,2,1,0,0,0.05,0.004,200000
4723,191,-12.19,0,0,4,0,0,0,0.05,0.004,200000
4724,178,-2.459,1,15,4,0,0,0,0.05,0.004,200000
4725,344,-13.819,3,13,27,1,0,0,0.05,0.004,200000
4726,277,-9.65,2,9,5,1,0,0,0.05,0.004,200000
4727,96,-7.288,1,2,1,0,0,0,0.05,0.004,200000
4728,400,-2.877,1,12,11,0,1,1,0.05,0.004,200000
4729,400,-8.825,1,9,27,0,0,1,0.05,0.004,200000
4730,398,-3.516,4,22,21,1,1,0,0.05,0.004,200000
4731,400,-10.1,1,9,30,0,0,1,0.05,0.004,200000
4732,54,-5.321,0,10,5,0,0,0,0.05,0.004,200000
4733,400,-2.639,1,14,7,0,0,1,0.05,0.004,200000
4734,34,-11.872,0,3,2,1,0,0,0.05,0.004,200000
4735,400,-1.004,2,32,46,0,0,1,0.05,0.004,200000
4736,400,0.194,2,24,20,0,0,1,0.05,0.004,200000
4737,400,-1.236,2,26,30,0,0,1,0.05,0.004,200000
4738,400,-2.409,1,33,13,0,0,1,0.05,0.004,200000
4739,400,-3.447,1,15,38,0,0,1,0.05,0.004,200000
4740,400,-1.035,1,28,10,0,1,1,0.05,0.004,200000
4741,334,-3.87,0,40,13,0,0,0,0.05,0.004,200000
4742,357,-19.182,0,9,8,1,0,0,0.05,0.004,200000
4743,400,4.651,1,31,23,0,0,1,0.05,0.004,200000
4744,400,-3.692,1,10,26,0,1,1,0.05,0.004,200000
4745,157,-10.856,1,3,23,0,0,0,0.05,0.004,200000
4746,211,-1.953,0,29,13,0,0,0,0.05,0.004,200000
4747,400,8.577,5,18,10,0,1,1,0.05,0.004,200000
4748,112,-5.92,1,6,1,0,0,0,0.05,0.004,200000
4749,400,2.152,2,17,10,0,0,1,0.05,0.004,200000
4750,159,-7.054,0,11,7,0,0,0,0.05,0.004,200000
4751,221,-10.992,2,16,8,1,0,0,0.05,0.004,200000
4752,400,0.268,2,14,53,0,0,1,0.05,0.004,200000
4753,163,-11.362,0,0,0,0,0,0,0.05,0.004,200000
4754,77,-13.324,0,5,1,1,0,0,0.05,0.004,200000
4755,400,-2.405,2,5,12,0,0,1,0.05,0.004,200000
4756,89,-7.525,0,3,0,0,0,0,0.05,0.004,200000
4757,400,-7.265,2,15,11,0,0,1,0.05,0.004,200000
4758,129,-3.166,1,14,1,0,0,0,0.05,0.004,200000
4759,400,-20.7,0,2,64,0,0,1,0.05,0.004,200000
4760,298,-10.443,3,25,15,1,0,0,0.05,0.004,200000
4761,142,-14.072,1,18,2,1,0,0,0.05,0.004,200000
4762,127,-13.643,0,5,10,1,0,0,0.05,0.004,200000
4763,115,-16.045,0,4,7,1,0,0,0.05,0.004,200000
4764,400,-15.247,1,2,42,0,0,1,0.05,0.004,200000
4765,93,-7.187,0,4,2,0,0,0,0.05,0.004,200000
4766,317,-20.223,0,7,22,1,0,0,0.05,0.004,200000
4767,107,-8.585,0,3,2,0,0,0,0.05,0.004,200000
4768,233,-7.887,0,7,6,0,0,0,0.05,0.004,200000
4769,400,-0.96,2,25,8,0,0,1,0.05,0.004,200000
4770,154,-17.323,0,4,3,1,0,0,0.05,0.004,200000
4771,400,-1.947,1,12,25,0,0,1,0.05,0.004,200000
4772,400,4.587,3,31,29,0,0,1,0.05,0.004,200000
4773,176,-9.344,3,21,21,1,0,0,0.05,0.004,200000
4774,374,-10.072,3,20,16,1,0,0,0.05,0.004,200000
4775,273,-8.713,1,13,6,0,0,0,0.05,0.004,200000
4776,119,-8.876,0,0,6,0,0,0,0.05,0.004,200000
4777,400,2.296,4,20,34,0,0,1,0.05,0.004,200000
4778,285,-4.72,0,22,7,0,0,0,0.05,0.004,200000
4779,197,-10.719,0,2,6,0,0,0,0.05,0.004,200000
4780,240,-17.297,0,3,5,1,0,0,0.05,0.004,200000
4781,97,-9.364,0,0,6,0,0,0,0.05,0.004,200000
4782,344,-16.345,1,17,54,1,0,0,0.05,0.004,200000
4783,400,-2.311,2,15,15,0,0,1,0.05,0.004,200000
4784,400,-0.994,3,9,7,0,0,1,0.05,0.004,200000
4785,262,-3.373,2,25,7,0,0,0,0.05,0.004,200000
4786,126,-16.956,0,3,3,1,0,0,0.05,0.004,200000
4787,126,-10.211,0,11,3,1,0,0,0.05,0.004,200000
4788,259,-1.903,1,12,6,0,1,0,0.05,0.004,200000
4789,23,-15.556,0,3,3,1,0,0,0.05,0.004,200000
4790,331,-13.887,0,3,9,0,0,0,0.05,0.004,200000
4791,400,0.477,2,17,4,0,0,1,0.05,0.004,200000
4792,400,-4.185,1,23,14,0,0,1,0.05,0.004,200000
4793,74,-14.494,0,2,3,1,0,0,0.05,0.004,200000
4794,61,-5.86,0,0,2,0,0,0,0.05,0.004,200000
4795,220,-10.027,1,24,8,1,0,0,0.05,0.004,200000
4796,232,-11.588,3,8,3,1,0,0,0.05,0.004,200000
4797,400,4.853,3,22,5,0,0,1,0.05,0.004,200000
4798,50,-15.195,0,3,5,1,0,0,0.05,0.004,200000
4799,400,-9.186,0,5,8,0,0,1,0.05,0.004,200000
4800,5,-13.364,0,3,2,1,0,0,0.05,0.004,200000
4801,144,-11.901,2,33,7,1,0,0,0.05,0.004,200000
4802,400,-3.005,1,13,19,0,0,1,0.05,0.004,200000
4803,133,-18.037,0,3,3,1,0,0,0.05,0.004,200000
4804,67,-13.907,0,1,12,1,0,0,0.05,0.004,200000
4805,400,3.402,3,29,17,0,0,1,0.05,0.004,200000
4806,96,-9.111,0,2,2,0,0,0,0.05,0.004,200000
4807,400,1.591,2,21,12,0,0,1,0.05,0.004,200000
4808,400,-6.756,0,11,18,0,0,1,0.05,0.004,200000
4809,127,-8.435,0,7,3,0,0,0,0.05,0.004,200000
4810,400,-11.261,0,7,32,0,0,1,0.05,0.004,200000
4811,140,-14.79,0,2,2,1,0,0,0.05,0.004,200000
4812,24,-15.919,0,3,1,1,0,0,0.05,0.004,200000
4813,400,-2.292,4,28,17,0,0,1,0.05,0.004,200000
4814,151,-11.377,0,0,22,0,0,0,0.05,0.004,200000
4815,296,-12.232,1,3,3,0,0,0,0.05,0.004,200000
4816,206,-6.657,0,9,6,0,0,0,0.05,0.004,200000
4817,131,-6.902,0,8,2,0,0,0,0.05,0.004,200000
4818,273,-15.245,0,0,10,0,0,0,0.05,0.004,200000
4819,111,-18.621,0,2,11,1,0,0,0.05,0.004,200000
4820,400,-4.039,1,9,5,0,0,1,0.05,0.004,200000
4821,400,2.114,2,22,19,0,0,1,0.05,0.004,200000
4822,58,-6.581,0,0,1,0,0,0,0.05,0.004,200000
4823,70,-8.763,0,0,0,0,0,0,0.05,0.004,200000
4824,400,-3.941,0,19,36,0,0,1,0.05,0.004,200000
4825,166,-6.685,1,11,4,0,0,0,0.05,0.004,200000
4826,179,-17.831,0,8,4,1,0,0,0.05,0.004,200000
4827,400,-7.117,1,19,48,0,0,1,0.05,0.004,200000
4828,226,-7.005,1,22,10,0,0,0,0.05,0.004,200000
4829,153,-11.475,0,0,12,0,0,0,0.05,0.004,200000
4830,141,-4.241,1,11,1,0,0,0,0.05,0.004,200000
4831,400,-3.899,0,9,30,0,0,1,0.05,0.004,200000
4832,400,6.969,4,27,13,0,1,1,0.05,0.004,200000
4833,400,-8.774,0,7,16,0,0,1,0.05,0.004,200000
4834,190,-16.549,0,5,4,1,0,0,0.05,0.004,200000
4835,400,-7.396,1,4,9,0,0,1,0.05,0.004,200000
4836,229,-8.749,1,23,15,1,0,0,0.05,0.004,200000
4837,400,-7.82,0,6,9,0,0,1,0.05,0.004,200000
4838,247,-10.475,1,24,5,1,0,0,0.05,0.004,200000
4839,64,-14.165,0,3,2,1,0,0,0.05,0.004,200000
4840,322,-20.316,0,6,21,1,0,0,0.05,0.004,200000
4841,43,-15.573,0,3,2,1,0,0,0.05,0.004,200000
4842,400,-2.427,1,17,50,0,0,1,0.05,0.004,200000
4843,106,-16.986,0,3,4,1,0,0,0.05,0.004,200000
4844,13,-15.453,0,3,1,1,0,0,0.05,0.004,200000
4845,392,-12.915,1,19,12,1,0,0,0.05,0.004,200000
4846,176,-6.839,0,17,10,0,0,0,0.05,0.004,200000
4847,277,-9.275,2,17,2,1,0,0,0.05,0.004,200000
4848,400,-5.875,1,19,31,0,0,1,0.05,0.004,200000
4849,141,-9.524,0,4,3,0,0,0,0.05,0.004,200000
4850,102,-18.477,0,2,5,1,0,0,0.05,0.004,200000
4851,65,-11.136,0,6,7,1,0,0,0.05,0.004,200000
4852,39,-16.142,0,3,1,1,0,0,0.05,0.004,200000
4853,400,-2.328,3,24,32,0,0,1,0.05,0.004,200000
4854,15,-16.426,0,3,6,1,0,0,0.05,0.004,200000
4855,400,-2.041,1,24,16,0,0,1,0.05,0.004,200000
4856,60,-17.065,0,3,4,1,0,0,0.05,0.004,200000
4857,400,1.961,5,29,13,0,0,1,0.05,0.004,200000
4858,400,-9.021,0,9,13,0,0,1,0.05,0.004,200000
4859,293,-10.033,2,16,21,1,0,0,0.05,0.004,200000
4860,400,3.036,3,23,11,0,0,1,0.05,0.004,200000
4861,95,-15.647,0,4,1,1,0,0,0.05,0.004,200000
4862,103,-5.842,1,5,2,0,0,0,0.05,0.004,200000
4863,400,-6.986,0,11,14,0,0,1,0.05,0.004,200000
4864,400,-0.635,2,23,7,0,0,1,0.05,0.004,200000
4865,10,-15.859,0,3,5,1,0,0,0.05,0.004,200000
4866,121,-16.262,0,2,4,1,0,0,0.05,0.004,200000
4867,400,-3.593,0,14,26,0,0,1,0.05,0.004,200000
4868,42,-16.377,0,3,2,1,0,0,0.05,0.004,200000
4869,400,-2.414,1,22,23,0,0,1,0.05,0.004,200000
4870,214,-11.83,2,23,6,1,0,0,0.05,0.004,200000
4871,289,-15.997,1,8,15,1,0,0,0.05,0.004,200000
4872,236,-9.449,0,8,8,0,0,0,0.05,0.004,200000
4873,378,-8.244,3,28,11,1,0,0,0.05,0.004,200000
4874,69,-19.097,0,3,27,1,0,0,0.05,0.004,200000
4875,400,-0.825,3,16,25,0,0,1,0.05,0.004,200000
4876,400,-4.248,1,14,24,0,0,1,0.05,0.004,200000
4877,70,-15.896,0,2,8,1,0,0,0.05,0.004,200000
4878,126,-8.278,2,10,3,1,0,0,0.05,0.004,200000
4879,129,-13.235,0,11,5,1,0,0,0.05,0.004,200000
4880,400,10.132,5,28,39,0,1,1,0.05,0.004,200000
4881,400,-1.204,2,12,5,0,0,1,0.05,0.004,200000
4882,400,-7.875,0,11,47,0,0,1,0.05,0.004,200000
4883,110,-7.554,0,2,4,0,0,0,0.05,0.004,200000
4884,167,-3.266,2,14,6,0,0,0,0.05,0.004,200000
4885,364,-15.852,0,23,22,1,0,0,0.05,0.004,200000
4886,30,-17.391,0,4,16,1,0,0,0.05,0.004,200000
4887,235,-10.03,1,9,3,1,0,0,0.05,0.004,200000
4888,5,-15.62,0,3,4,1,0,0,0.05,0.004,200000
4889,17,-13.509,0,4,2,1,0,0,0.05,0.004,200000
4890,400,-8.975,2,12,14,0,0,1,0.05,0.004,200000
4891,400,-3.823,1,21,16,0,0,1,0.05,0.004,200000
4892,400,-2.397,2,21,48,0,0,1,0.05,0.004,200000
4893,174,-13.352,0,6,37,0,0,0,0.05,0.004,200000
4894,399,-13.032,1,13,24,1,0,0,0.05,0.004,200000
4895,373,-18.701,1,12,6,1,0,0,0.05,0.004,200000
4896,264,-11.122,1,22,6,1,0,0,0.05,0.004,200000
4897,183,-16.17,1,9,6,1,0,0,0.05,0.004,200000
4898,400,-3.043,5,12,7,0,0,1,0.05,0.004,200000
4899,172,-20.384,0,3,6,1,0,0,0.05,0.004,200000
4900,157,-11.348,1,12,14,1,0,0,0.05,0.004,200000
4901,105,-18.398,0,4,0,1,0,0,0.05,0.004,200000
4902,212,-7.253,3,20,4,1,0,0,0.05,0.004,200000
4903,400,-3.88,0,20,24,0,0,1,0.05,0.004,200000
4904,32,-15.653,0,3,0,1,0,0,0.05,0.004,200000
4905,88,-13.264,1,5,1,1,0,0,0.05,0.004,200000
4906,37,-9.71,1,6,1,1,0,0,0.05,0.004,200000
4907,400,-0.728,2,20,4,0,1,1,0.05,0.004,200000
4908,400,-3.219,3,22,26,0,0,1,0.05,0.004,200000
4909,82,-17.577,0,3,1,1,0,0,0.05,0.004,200000
4910,400,-9.884,0,11,20,0,0,1,0.05,0.004,200000
4911,73,-5.934,0,7,2,0,0,0,0.05,0.004,200000
4912,121,-10.734,0,3,12,0,0,0,0.05,0.004,200000
4913,322,-5.831,3,38,5,1,0,0,0.05,0.004,200000
4914,400,-3.296,2,22,42,0,0,1,0.05,0.004,200000
4915,120,-3.647,0,14,2,0,0,0,0.05,0.004,200000
4916,81,-9.112,0,0,4,0,0,0,0.05,0.004,200000
4917,92,-8.697,0,0,3,0,0,0,0.05,0.004,200000
4918,400,-1.271,4,17,40,0,0,1,0.05,0.004,200000
4919,299,-7.433,4,28,8,1,0,0,0.05,0.004,200000
4920,400,-0.29,3,19,16,0,0,1,0.05,0.004,200000
4921,400,-5.442,1,13,29,0,0,1,0.05,0.004,200000
4922,171,-9.717,0,7,7,0,0,0,0.05,0.004,200000
4923,400,-15.24,0,0,10,0,0,1,0.05,0.004,200000
4924,287,-4.938,3,24,34,0,0,0,0.05,0.004,200000
4925,254,-1.619,0,15,6,0,0,0,0.05,0.004,200000
4926,399,-20.975,0,1,9,1,0,0,0.05,0.004,200000
4927,153,-16.745,0,3,14,1,0,0,0.05,0.004,200000
4928,169,-7.458,1,3,4,0,0,0,0.05,0.004,200000
4929,139,-16.924,0,4,3,1,0,0,0.05,0.004,200000
4930,400,3.932,5,24,12,0,0,1,0.05,0.004,200000
4931,198,-5.747,1,13,4,0,0,0,0.05,0.004,200000
4932,191,0.059,3,29,22,0,0,0,0.05,0.004,200000
4933,400,-7.429,1,17,13,0,0,1,0.05,0.004,200000
4934,291,-9.471,2,27,18,1,0,0,0.05,0.004,200000
4935,150,-10.798,0,0,6,0,0,0,0.05,0.004,200000
4936,137,-5.477,1,9,1,0,0,0,0.05,0.004,200000
4937,400,6.297,4,24,24,0,0,1,0.05,0.004,200000
4938,400,-6.545,0,8,11,0,1,1,0.05,0.004,200000
4939,226,-8.62,0,3,8,0,0,0,0.05,0.004,200000
4940,169,-7.98,2,23,4,1,0,0,0.05,0.004,200000
4941,174,-7.85,2,24,6,1,0,0,0.05,0.004,200000
4942,20,-15.804,0,2,5,1,0,0,0.05,0.004,200000
4943,128,-8.597,1,19,6,1,0,0,0.05,0.004,200000
4944,268,-3.402,3,24,8,0,0,0,0.05,0.004,200000
4945,400,-3.788,1,15,24,0,0,1,0.05,0.004,200000
4946,99,-16.356,1,9,29,1,0,0,0.05,0.004,200000
4947,400,10.438,3,29,14,0,1,1,0.05,0.004,200000
4948,19,-10.825,0,2,6,1,0,0,0.05,0.004,200000
4949,166,-9.716,1,0,4,0,0,0,0.05,0.004,200000
4950,111,-3.785,1,16,3,0,0,0,0.05,0.004,200000
4951,400,-0.196,1,26,11,0,0,1,0.05,0.004,200000
4952,400,-4.371,1,12,19,0,0,1,0.05,0.004,200000
4953,170,-15.108,0,3,5,1,0,0,0.05,0.004,200000
4954,400,-4.088,1,9,13,0,0,1,0.05,0.004,200000
4955,5,-14.075,0,2,3,1,0,0,0.05,0.004,200000
4956,137,-15.316,0,3,3,1,0,0,0.05,0.004,200000
4957,400,-6.987,2,12,62,0,0,1,0.05,0.004,200000
4958,400,3.072,4,40,15,0,0,1,0.05,0.004,200000
4959,400,-5.938,2,14,36,0,0,1,0.05,0.004,200000
4960,168,-9.161,1,10,2,1,0,0,0.05,0.004,200000
4961,400,5.092,4,31,8,0,0,1,0.05,0.004,200000
4962,400,-9.283,1,20,70,0,0,1,0.05,0.004,200000
4963,400,3.987,4,22,11,0,0,1,0.05,0.004,200000
4964,254,-1.511,3,30,2,0,0,0,0.05,0.004,200000
4965,400,-3.115,1,15,19,0,0,1,0.05,0.004,200000
4966,400,-10.556,0,9,13,0,0,1,0.05,0.004,200000
4967,52,-3.967,0,5,2,0,0,0,0.05,0.004,200000
4968,57,-14.416,0,3,2,1,0,0,0.05,0.004,200000
4969,19,-10.807,0,6,2,1,0,0,0.05,0.004,200000
4970,301,3.842,3,22,10,0,1,0,0.05,0.004,200000
4971,400,-3.11,1,18,12,0,0,1,0.05,0.004,200000
4972,235,-13.058,3,24,10,1,0,0,0.05,0.004,200000
4973,400,0.482,2,26,9,0,0,1,0.05,0.004,200000
4974,106,-5.877,1,0,2,0,0,0,0.05,0.004,200000
4975,257,-7.304,3,18,5,1,0,0,0.05,0.004,200000
4976,400,-1.274,1,38,22,0,0,1,0.05,0.004,200000
4977,118,-12.765,0,11,3,1,0,0,0.05,0.004,200000
4978,400,4.217,4,16,12,0,0,1,0.05,0.004,200000
4979,237,-16.045,0,20,4,1,0,0,0.05,0.004,200000
4980,34,-14.062,0,3,1,1,0,0,0.05,0.004,200000
4981,224,-13.152,2,12,4,1,0,0,0.05,0.004,200000
4982,157,-9.025,0,9,13,0,0,0,0.05,0.004,200000
4983,380,-16.421,1,23,9,1,0,0,0.05,0.004,200000
4984,400,-4.815,0,19,9,0,0,1,0.05,0.004,200000
4985,400,4.298,4,27,13,0,0,1,0.05,0.004,200000
4986,201,-14.212,0,12,2,1,0,0,0.05,0.004,200000
4987,37,-14.494,0,3,1,1,0,0,0.05,0.004,200000
4988,400,-1.973,0,20,9,0,0,1,0.05,0.004,200000
4989,400,-3.114,1,13,17,0,0,1,0.05,0.004,200000
4990,400,-5.414,1,7,21,0,0,1,0.05,0.004,200000
4991,400,4.73,2,30,3,0,0,1,0.05,0.004,200000
4992,400,9.945,5,31,17,0,1,1,0.05,0.004,200000
4993,148,-16.362,0,4,16,1,0,0,0.05,0.004,200000
4994,282,-11.991,0,12,8,1,0,0,0.05,0.004,200000
4995,159,-10.252,0,0,19,0,0,0,0.05,0.004,200000
4996,125,-15.835,0,3,5,1,0,0,0.05,0.004,200000
4997,194,-12.035,0,0,8,0,0,0,0.05,0.004,200000
4998,165,-3.074,2,15,3,0,0,0,0.05,0.004,200000
4999,400,-1.976,0,21,31,0,0,1,0.05,0.004,200000
5000,400,-4.593,0,25,9,0,0,1,0.05,0.004,200000
5001,294,-10.475,2,26,8,1,0,0,0.05,0.004,200000
5002,111,0.095,2,20,1,0,0,0,0.05,0.004,200000
5003,400,-6.553,0,6,12,0,1,1,0.05,0.004,200000
5004,274,-13.45,1,10,24,1,0,0,0.05,0.004,200000
5005,39,-14.45,0,4,2,1,0,0,0.05,0.004,200000
5006,9,-14.23,0,3,3,1,0,0,0.05,0.004,200000
5007,400,3.045,2,33,32,0,0,1,0.05,0.004,200000
5008,400,-6.111,2,9,9,0,0,1,0.05,0.004,200000
5009,21,-14.981,0,4,0,1,0,0,0.05,0.004,200000
5010,400,-8.577,0,8,27,0,0,1,0.05,0.004,200000
5011,400,-6.539,1,3,16,0,0,1,0.05,0.004,200000
5012,263,-3.485,3,24,34,1,1,0,0.05,0.004,200000
5013,392,-11.993,1,7,18,1,1,0,0.05,0.004,200000
5014,195,-14.083,2,10,43,1,0,0,0.05,0.004,200000
5015,400,-14.721,0,3,21,0,0,1,0.05,0.004,200000
5016,400,0.085,1,19,14,0,0,1,0.05,0.004,200000
5017,193,-19.073,0,7,24,1,0,0,0.05,0.004,200000
5018,400,-0.56,2,36,14,0,0,1,0.05,0.004,200000
5019,157,-6.249,1,17,14,0,0,0,0.05,0.004,200000
5020,58,-13.76,0,6,2,1,0,0,0.05,0.004,200000
5021,69,-6.825,1,3,1,0,0,0,0.05,0.004,200000
5022,400,1.075,3,29,23,0,0,1,0.05,0.004,200000
5023,400,-9.795,0,4,11,0,0,1,0.05,0.004,200000
5024,394,-8.737,3,26,10,1,1,0,0.05,0.004,200000
5025,139,-13.132,0,7,3,1,0,0,0.05,0.004,200000
5026,149,-18.872,0,1,28,1,0,0,0.05,0.004,200000
5027,400,-6.721,1,16,15,0,0,1,0.05,0.004,200000
5028,49,-14.428,0,14,19,1,0,0,0.05,0.004,200000
5029,11,-15.115,0,4,3,1,0,0,0.05,0.004,200000
5030,11,-11.837,0,2,3,1,0,0,0.05,0.004,200000
5031,268,-3.653,3,38,14,1,1,0,0.05,0.004,200000
5032,211,-5.51,1,17,23,0,0,0,0.05,0.004,200000
5033,217,-15.936,1,10,53,1,0,0,0.05,0.004,200000
5034,294,-9.778,2,18,10,1,0,0,0.05,0.004,200000
5035,214,5.566,4,22,3,0,1,0,0.05,0.004,200000
5036,116,-11.328,0,0,3,0,0,0,0.05,0.004,200000
5037,235,-20.367,0,2,13,1,0,0,0.05,0.004,200000
5038,230,-4.296,2,11,6,0,0,0,0.05,0.004,200000
5039,400,5.922,4,44,7,0,0,1,0.05,0.004,200000
5040,126,-7.431,0,5,2,0,0,0,0.05,0.004,200000
5041,159,-13.425,2,15,6,1,0,0,0.05,0.004,200000
5042,400,2.954,1,31,11,0,0,1,0.05,0.004,200000
5043,185,-7.585,1,10,14,0,0,0,0.05,0.004,200000
5044,400,6.536,5,31,12,0,0,1,0.05,0.004,200000
5045,400,6.515,5,45,21,0,1,1,0.05,0.004,200000
5046,400,0.696,4,18,4,0,0,1,0.05,0.004,200000
5047,145,-7.947,0,7,27,0,0,0,0.05,0.004,200000
5048,77,-8.814,0,5,24,0,0,0,0.05,0.004,200000
5049,400,-0.537,3,11,18,0,0,1,0.05,0.004,200000
5050,152,-11.894,2,13,9,1,0,0,0.05,0.004,200000
5051,137,-10.029,0,15,5,1,0,0,0.05,0.004,200000
5052,400,-0.454,3,15,30,0,0,1,0.05,0.004,200000
5053,400,0.333,2,14,8,0,0,1,0.05,0.004,200000
5054,182,-7.184,0,10,6,0,0,0,0.05,0.004,200000
5055,153,-9.672,0,0,7,0,0,0,0.05,0.004,200000
5056,11,-15.63,0,3,3,1,0,0,0.05,0.004,200000
5057,328,-3.693,5,19,6,1,0,0,0.05,0.004,200000
5058,400,-4.747,3,21,37,0,0,1,0.05,0.004,200000
5059,355,-7.684,2,21,10,1,0,0,0.05,0.004,200000
5060,400,-10.828,2,7,49,0,0,1,0.05,0.004,200000
5061,400,0.562,2,24,26,0,0,1,0.05,0.004,200000
5062,400,-4.93,2,20,39,0,0,1,0.05,0.004,200000
5063,400,0.473,7,29,24,0,0,1,0.05,0.004,200000
5064,394,-11.4,1,26,9,1,0,0,0.05,0.004,200000
5065,141,4.595,4,31,4,0,0,0,0.05,0.004,200000
5066,400,-2.348,3,21,16,0,1,1,0.05,0.004,200000
5067,232,-17.569,0,10,54,1,0,0,0.05,0.004,200000
5068,400,-17.508,0,5,64,0,0,1,0.05,0.004,200000
5069,144,-8.866,2,21,7,1,0,0,0.05,0.004,200000
5070,72,-7.825,0,0,1,0,0,0,0.05,0.004,200000
5071,154,-15.037,1,5,5,1,0,0,0.05,0.004,200000
5072,230,-12.2,2,18,47,1,0,0,0.05,0.004,200000
5073,81,-8.833,0,10,3,1,0,0,0.05,0.004,200000
5074,400,-5.574,1,12,21,0,0,1,0.05,0.004,200000
5075,400,5.87,2,25,11,0,1,1,0.05,0.004,200000
5076,77,-8.455,0,4,6,0,0,0,0.05,0.004,200000
5077,165,-14.223,0,9,9,1,0,0,0.05,0.004,200000
5078,362,-10.828,1,19,5,1,0,0,0.05,0.004,200000
5079,400,-16.395,0,2,37,0,0,1,0.05,0.004,200000
5080,400,-0.477,1,9,14,0,0,1,0.05,0.004,200000
5081,400,-7.515,1,19,60,0,0,1,0.05,0.004,200000
5082,400,-5.264,2,17,26,0,0,1,0.05,0.004,200000
5083,141,-3.607,0,12,5,0,0,0,0.05,0.004,200000
5084,400,-5.423,1,22,32,0,0,1,0.05,0.004,200000
5085,400,-6.534,0,26,38,0,0,1,0.05,0.004,200000
5086,400,-4.984,2,10,32,0,0,1,0.05,0.004,200000
5087,76,-16.008,0,2,2,1,0,0,0.05,0.004,200000
5088,400,-4.064,1,9,7,0,0,1,0.05,0.004,200000
5089,310,-13.08,2,17,24,1,0,0,0.05,0.004,200000
5090,174,-13.463,0,3,7,1,0,0,0.05,0.004,200000
5091,241,-9.1,3,12,4,1,0,0,0.05,0.004,200000
5092,281,-21.8,0,5,16,1,0,0,0.05,0.004,200000
5093,99,-7.863,0,3,3,0,0,0,0.05,0.004,200000
5094,400,-7.961,1,7,7,0,0,1,0.05,0.004,200000
5095,119,-0.129,1,23,11,0,0,0,0.05,0.004,200000
5096,176,-8.285,0,5,7,0,0,0,0.05,0.004,200000
5097,390,-8.9,4,24,8,1,0,0,0.05,0.004,200000
5098,226,-5.244,2,9,10,0,0,0,0.05,0.004,200000
5099,360,-9.668,4,27,12,1,0,0,0.05,0.004,200000
5100,5,-15.012,0,2,2,1,0,0,0.05,0.004,200000
5101,195,-5.422,4,12,4,0,0,0,0.05,0.004,200000
5102,296,-9.411,3,19,9,1,0,0,0.05,0.004,200000
5103,400,-3.441,1,18,22,0,0,1,0.05,0.004,200000
5104,323,-16.282,0,5,4,1,0,0,0.05,0.004,200000
5105,81,-13.042,0,7,1,1,0,0,0.05,0.004,200000
5106,145,-8.764,0,0,4,0,0,0,0.05,0.004,200000
5107,400,0.482,1,19,3,0,0,1,0.05,0.004,200000
5108,400,1.307,3,19,12,0,0,1,0.05,0.004,200000
5109,194,6.072,3,30,7,0,1,0,0.05,0.004,200000
5110,89,-17.062,0,3,5,1,0,0,0.05,0.004,200000
5111,78,-16.722,0,4,5,1,0,0,0.05,0.004,200000
5112,266,-4.092,2,22,6,0,0,0,0.05,0.004,200000
5113,164,-8.459,0,4,3,0,0,0,0.05,0.004,200000
5114,400,-1.123,3,22,9,0,0,1,0.05,0.004,200000
5115,189,-4.992,2,19,5,0,0,0,0.05,0.004,200000
5116,265,-10.739,0,10,5,0,0,0,0.05,0.004,200000
5117,119,-6.01,0,15,2,0,0,0,0.05,0.004,200000
5118,268,-13.534,0,2,4,0,0,0,0.05,0.004,200000
5119,400,-6.603,0,15,7,0,0,1,0.05,0.004,200000
5120,275,-0.171,5,36,26,0,0,0,0.05,0.004,200000
5121,400,-6.451,0,8,6,0,0,1,0.05,0.004,200000
5122,100,-9.633,0,0,2,0,0,0,0.05,0.004,200000
5123,400,-7.883,1,16,12,0,0,1,0.05,0.004,200000
5124,29,-15.748,0,3,3,1,0,0,0.05,0.004,200000
5125,400,-2.624,0,15,17,0,0,1,0.05,0.004,200000
5126,275,-11.984,1,21,7,1,0,0,0.05,0.004,200000
5127,95,-16.752,0,2,2,1,0,0,0.05,0.004,200000
5128,162,-17.773,0,7,9,1,0,0,0.05,0.004,200000
5129,400,-4.232,0,11,9,0,0,1,0.05,0.004,200000
5130,400,-4.041,2,20,5,0,0,1,0.05,0.004,200000
5131,400,2.502,3,24,8,0,0,1,0.05,0.004,200000
5132,182,-10.482,3,23,4,1,0,0,0.05,0.004,200000
5133,400,-1.183,3,23,21,0,0,1,0.05,0.004,200000
5134,88,-5.93,1,2,3,0,0,0,0.05,0.004,200000
5135,336,-11.337,3,14,26,1,0,0,0.05,0.004,200000
5136,366,-10.625,2,30,12,0,0,0,0.05,0.004,200000
5137,342,-14.105,1,19,10,1,0,0,0.05,0.004,200000
5138,224,-11.602,2,13,9,1,0,0,0.05,0.004,200000
5139,400,-0.894,1,23,16,0,0,1,0.05,0.004,200000
5140,400,-10.869,3,21,56,0,0,1,0.05,0.004,200000
5141,400,-6.249,3,14,19,0,0,1,0.05,0.004,200000
5142,282,-7.786,0,8,12,0,0,0,0.05,0.004,200000
5143,129,-8.166,0,1,7,0,0,0,0.05,0.004,200000
5144,172,-9.077,0,3,5,0,0,0,0.05,0.004,200000
5145,9,-14.955,0,4,3,1,0,0,0.05,0.004,200000
5146,400,-6.455,2,14,6,0,0,1,0.05,0.004,200000
5147,231,-7.291,2,14,18,0,0,0,0.05,0.004,200000
5148,192,-8.117,1,6,25,0,0,0,0.05,0.004,200000
5149,400,-0.426,2,20,41,0,1,1,0.05,0.004,200000
5150,400,-3.189,2,12,10,0,0,1,0.05,0.004,200000
5151,67,-7.221,0,0,1,0,0,0,0.05,0.004,200000
5152,168,-5.404,4,38,6,1,0,0,0.05,0.004,200000
5153,198,-7.429,2,12,10,0,0,0,0.05,0.004,200000
5154,258,-10.718,1,3,8,0,0,0,0.05,0.004,200000
5155,304,-21.374,2,7,50,1,0,0,0.05,0.004,200000
5156,400,-7.989,1,15,46,0,0,1,0.05,0.004,200000
5157,400,-1.892,0,17,11,0,0,1,0.05,0.004,200000
5158,226,-8.991,2,22,13,1,0,0,0.05,0.004,200000
5159,124,-4.638,2,11,3,0,0,0,0.05,0.004,200000
5160,231,-4.521,3,29,6,1,1,0,0.05,0.004,200000
5161,400,5.351,4,17,9,0,0,1,0.05,0.004,200000
5162,32,-11.82,0,3,20,1,0,0,0.05,0.004,200000
5163,400,-4.734,1,9,13,0,0,1,0.05,0.004,200000
5164,119,-8.387,0,0,3,0,0,0,0.05,0.004,200000
5165,110,-9.65,0,0,2,0,0,0,0.05,0.004,200000
5166,82,-8.852,0,0,1,0,0,0,0.05,0.004,200000
5167,15,-15.949,0,3,10,1,0,0,0.05,0.004,200000
5168,90,-13.546,0,1,4,1,0,0,0.05,0.004,200000
5169,400,-1.011,4,11,60,0,0,1,0.05,0.004,200000
5170,211,-6.053,0,11,3,0,0,0,0.05,0.004,200000
5171,400,-8.431,1,11,54,0,0,1,0.05,0.004,200000
5172,400,-3.615,1,23,30,0,0,1,0.05,0.004,200000
5173,400,1.638,4,26,7,0,0,1,0.05,0.004,200000
5174,172,-10.404,1,9,11,1,0,0,0.05,0.004,200000
5175,254,-5.301,3,13,4,0,0,0,0.05,0.004,200000
5176,192,-14.157,0,13,15,1,0,0,0.05,0.004,200000
5177,167,-9.675,0,3,8,0,0,0,0.05,0.004,200000
5178,400,1.067,4,21,11,0,0,1,0.05,0.004,200000
5179,53,-15.971,0,2,2,1,0,0,0.05,0.004,200000
5180,286,-9.697,2,11,6,1,0,0,0.05,0.004,200000
5181,400,-0.547,5,28,20,0,0,1,0.05,0.004,200000
5182,400,-4.825,2,15,6,0,0,1,0.05,0.004,200000
5183,400,-10.048,0,7,34,0,0,1,0.05,0.004,200000
5184,279,-7.191,1,19,7,1,0,0,0.05,0.004,200000
5185,198,-4.752,3,14,2,0,0,0,0.05,0.004,200000
5186,400,-12.646,0,7,6,0,0,1,0.05,0.004,200000
5187,52,-8.23,0,0,0,0,0,0,0.05,0.004,200000
5188,252,-6.787,4,10,3,1,0,0,0.05,0.004,200000
5189,207,-0.919,4,12,6,0,0,0,0.05,0.004,200000
5190,169,-13.542,0,5,5,1,0,0,0.05,0.004,200000
5191,400,-5.515,2,18,7,0,0,1,0.05,0.004,200000
5192,39,-14.236,0,4,5,1,0,0,0.05,0.004,200000
5193,25,-11.197,0,2,0,1,0,0,0.05,0.004,200000
5194,400,-4.443,0,10,7,0,1,1,0.05,0.004,200000
5195,175,-17.706,0,11,7,1,0,0,0.05,0.004,200000
5196,227,-11.925,0,20,20,1,0,0,0.05,0.004,200000
5197,400,-2.971,1,8,14,0,0,1,0.05,0.004,200000
5198,171,-7.252,2,24,28,1,1,0,0.05,0.004,200000
5199,171,-10.287,1,20,1,1,0,0,0.05,0.004,200000
5200,103,-9.159,0,0,1,0,0,0,0.05,0.004,200000
5201,400,-2.036,3,11,9,0,0,1,0.05,0.004,200000
5202,400,-3.855,2,9,7,0,0,1,0.05,0.004,200000
5203,400,-7.908,1,15,64,0,0,1,0.05,0.004,200000
5204,245,-18.683,0,10,35,1,0,0,0.05,0.004,200000
5205,157,-9.592,2,19,4,1,0,0,0.05,0.004,200000
5206,133,-8.822,1,21,3,1,0,0,0.05,0.004,200000
5207,400,-0.715,3,13,9,0,0,1,0.05,0.004,200000
5208,133,-6.684,1,7,1,0,0,0,0.05,0.004,200000
5209,223,-14.73,2,11,7,1,0,0,0.05,0.004,200000
5210,326,-21.468,0,7,11,1,0,0,0.05,0.004,200000
5211,144,-8.928,0,7,23,0,0,0,0.05,0.004,200000
5212,367,-9.549,4,7,7,1,0,0,0.05,0.004,200000
5213,30,-15.507,0,2,5,1,0,0,0.05,0.004,200000
5214,400,0.665,2,18,10,0,0,1,0.05,0.004,200000
5215,400,-3.69,3,19,39,0,0,1,0.05,0.004,200000
5216,108,-10.013,1,4,3,1,0,0,0.05,0.004,200000
5217,159,-18.377,0,3,11,1,0,0,0.05,0.004,200000
5218,319,-10.077,2,21,5,1,0,0,0.05,0.004,200000
5219,223,-9.119,1,24,11,1,0,0,0.05,0.004,200000
5220,20,-14.83,0,2,13,1,0,0,0.05,0.004,200000
5221,400,4.732,2,25,27,0,1,1,0.05,0.004,200000
5222,54,-6.8,0,0,0,0,0,0,0.05,0.004,200000
5223,400,-6.304,0,15,13,0,0,1,0.05,0.004,200000
5224,203,-17.934,0,2,8,1,0,0,0.05,0.004,200000
5225,400,0.643,4,17,28,0,0,1,0.05,0.004,200000
5226,400,-4.468,1,15,28,0,0,1,0.05,0.004,200000
5227,400,8.653,6,24,8,0,1,1,0.05,0.004,200000
5228,400,-12.868,0,6,56,0,0,1,0.05,0.004,200000
5229,94,-13.835,1,10,5,1,0,0,0.05,0.004,200000
5230,227,-16.288,0,11,16,1,0,0,0.05,0.004,200000
5231,212,-4.413,2,23,12,0,0,0,0.05,0.004,200000
5232,400,-2.909,3,10,11,0,0,1,0.05,0.004,200000
5233,273,-12.725,1,7,27,0,0,0,0.05,0.004,200000
5234,12,-11.081,0,2,1,1,0,0,0.05,0.004,200000
5235,118,-6.855,3,24,5,1,0,0,0.05,0.004,200000
5236,230,-12.78,2,18,12,1,0,0,0.05,0.004,200000
5237,49,-7.563,0,3,0,0,0,0,0.05,0.004,200000
5238,57,-12.637,0,3,3,1,0,0,0.05,0.004,200000
5239,159,-11.881,0,0,4,0,0,0,0.05,0.004,200000
5240,196,-12.264,1,16,7,1,0,0,0.05,0.004,200000
5241,116,-9.324,0,0,5,0,0,0,0.05,0.004,200000
5242,400,-4.696,1,12,12,0,0,1,0.05,0.004,200000
5243,82,-17.209,0,2,4,1,0,0,0.05,0.004,200000
5244,347,-5.829,2,22,16,0,0,0,0.05,0.004,200000
5245,194,-11.938,1,14,7,1,0,0,0.05,0.004,200000
5246,85,-17.763,0,4,5,1,0,0,0.05,0.004,200000
5247,353,-4.436,3,26,20,0,0,0,0.05,0.004,200000
5248,27,-15.908,0,2,3,1,0,0,0.05,0.004,200000
5249,400,-3.365,3,14,20,0,0,1,0.05,0.004,200000
5250,248,-11.663,3,15,7,1,0,0,0.05,0.004,200000
5251,54,-14.537,0,2,2,1,0,0,0.05,0.004,200000
5252,400,0.79,2,22,7,0,1,1,0.05,0.004,200000
5253,183,-8.028,0,9,2,0,0,0,0.05,0.004,200000
5254,175,-1.624,2,26,4,0,0,0,0.05,0.004,200000
5255,400,4.967,3,47,5,0,0,1,0.05,0.004,200000
5256,165,-15.239,0,10,7,1,0,0,0.05,0.004,200000
5257,400,-8.959,0,4,13,0,0,1,0.05,0.004,200000
5258,400,-1.718,1,11,9,0,0,1,0.05,0.004,200000
5259,195,-12.148,0,0,2,0,0,0,0.05,0.004,200000
5260,31,-14.454,0,3,1,1,0,0,0.05,0.004,200000
5261,400,-11.951,0,5,32,0,0,1,0.05,0.004,200000
5262,19,-12.079,0,2,0,1,0,0,0.05,0.004,200000
5263,96,-17.978,0,3,3,1,0,0,0.05,0.004,200000
5264,161,-15.372,0,16,5,1,0,0,0.05,0.004,200000
5265,121,-6.778,0,6,4,0,0,0,0.05,0.004,200000
5266,400,5.276,2,21,7,0,0,1,0.05,0.004,200000
5267,400,-2.792,3,19,14,0,0,1,0.05,0.004,200000
5268,400,4.857,2,28,10,0,0,1,0.05,0.004,200000
5269,15,-15.013,0,4,1,1,0,0,0.05,0.004,200000
5270,400,-2.142,2,29,50,0,0,1,0.05,0.004,200000
5271,241,-12.816,3,12,34,1,0,0,0.05,0.004,200000
5272,181,-10.815,0,3,10,0,0,0,0.05,0.004,200000
5273,170,-6.153,1,10,4,0,0,0,0.05,0.004,200000
5274,67,-17.209,0,2,4,1,0,0,0.05,0.004,200000
5275,400,9.393,6,30,4,0,0,1,0.05,0.004,200000
5276,359,-9.007,5,17,6,1,0,0,0.05,0.004,200000
5277,260,-14.375,2,12,41,1,0,0,0.05,0.004,200000
5278,173,0.951,3,42,10,1,0,0,0.05,0.004,200000
5279,400,-6.939,1,4,13,0,0,1,0.05,0.004,200000
5280,204,-9.226,3,20,2,1,0,0,0.05,0.004,200000
5281,283,-10.904,0,6,15,0,0,0,0.05,0.004,200000
5282,400,12.225,7,34,19,0,0,1,0.05,0.004,200000
5283,400,-2.687,2,29,22,0,0,1,0.05,0.004,200000
5284,400,-3.227,2,5,13,0,0,1,0.05,0.004,200000
5285,345,-16.308,0,11,16,1,0,0,0.05,0.004,200000
5286,400,-3.354,3,21,50,0,0,1,0.05,0.004,200000
5287,400,-6.544,3,28,5,0,0,1,0.05,0.004,200000
5288,283,-9.799,3,25,3,1,0,0,0.05,0.004,200000
5289,116,-16.349,0,3,5,1,0,0,0.05,0.004,200000
5290,205,-3.342,2,27,7,0,0,0,0.05,0.004,200000
5291,41,-13.717,0,4,1,1,0,0,0.05,0.004,200000
5292,174,-9.342,1,5,5,0,0,0,0.05,0.004,200000
5293,400,0.293,2,13,8,0,0,1,0.05,0.004,200000
5294,93,-2.981,1,10,0,0,0,0,0.05,0.004,200000
5295,400,2.994,3,39,23,0,1,1,0.05,0.004,200000
5296,36,-14.797,0,2,2,1,0,0,0.05,0.004,200000
5297,74,-11.824,0,6,1,1,0,0,0.05,0.004,200000
5298,293,-9.286,2,23,14,1,0,0,0.05,0.004,200000
5299,400,1.387,3,22,13,0,0,1,0.05,0.004,200000
5300,134,-4.003,0,14,4,0,0,0,0.05,0.004,200000
5301,400,-1.43,3,26,19,0,0,1,0.05,0.004,200000
5302,400,-0.145,2,34,16,0,0,1,0.05,0.004,200000
5303,81,-8.902,0,0,2,0,0,0,0.05,0.004,200000
5304,264,-19.064,1,9,13,1,0,0,0.05,0.004,200000
5305,170,-10.661,1,3,5,0,0,0,0.05,0.004,200000
5306,400,-8.358,2,11,23,0,0,1,0.05,0.004,200000
5307,400,1.436,2,42,15,0,0,1,0.05,0.004,200000
5308,29,-16.219,0,3,4,1,0,0,0.05,0.004,200000
5309,97,-11.093,3,11,4,1,0,0,0.05,0.004,200000
5310,400,1.182,3,23,10,0,0,1,0.05,0.004,200000
5311,400,-3.34,2,10,8,0,0,1,0.05,0.004,200000
5312,43,-16.376,0,3,8,1,0,0,0.05,0.004,200000
5313,400,1.629,3,24,17,0,0,1,0.05,0.004,200000
5314,400,1.725,1,26,4,0,0,1,0.05,0.004,200000
5315,400,-4.807,0,14,8,0,0,1,0.05,0.004,200000
5316,400,-1.153,1,19,24,0,0,1,0.05,0.004,200000
5317,56,-6.267,0,3,0,0,0,0,0.05,0.004,200000
5318,5,-13.37,0,2,1,1,0,0,0.05,0.004,200000
5319,400,-3.341,1,12,12,0,0,1,0.05,0.004,200000
5320,400,-3.467,2,18,3,0,1,1,0.05,0.004,200000
5321,130,-4.342,4,28,8,1,0,0,0.05,0.004,200000
5322,101,-7.562,0,0,3,0,0,0,0.05,0.004,200000
5323,258,-5.877,2,26,14,1,0,0,0.05,0.004,200000
5324,400,1.294,0,20,10,0,0,1,0.05,0.004,200000
5325,194,-9.672,0,6,7,0,0,0,0.05,0.004,200000
5326,308,-5.639,2,22,20,0,0,0,0.05,0.004,200000
5327,400,-5.959,0,4,11,0,0,1,0.05,0.004,200000
5328,400,-0.491,3,21,11,0,0,1,0.05,0.004,200000
5329,280,-14.964,0,15,10,1,0,0,0.05,0.004,200000
5330,253,-18.376,1,14,36,1,0,0,0.05,0.004,200000
5331,203,-9.888,2,15,3,1,0,0,0.05,0.004,200000
5332,5,-15.396,0,4,3,1,0,0,0.05,0.004,200000
5333,143,-18.947,0,8,4,1,0,0,0.05,0.004,200000
5334,400,-9.083,1,1,8,0,0,1,0.05,0.004,200000
5335,329,-17.121,0,20,17,1,0,0,0.05,0.004,200000
5336,211,-14.424,0,10,5,1,0,0,0.05,0.004,200000
5337,197,-10.176,0,7,24,0,0,0,0.05,0.004,200000
5338,285,-6.352,2,11,3,0,0,0,0.05,0.004,200000
5339,323,-14.858,0,7,4,1,0,0,0.05,0.004,200000
5340,184,-17.769,0,4,6,1,0,0,0.05,0.004,200000
5341,400,-1.864,3,21,20,0,0,1,0.05,0.004,200000
5342,400,-1.993,1,21,16,0,0,1,0.05,0.004,200000
5343,398,-9.831,1,30,26,0,0,0,0.05,0.004,200000
5344,79,-13.887,0,2,3,1,0,0,0.05,0.004,200000
5345,12,-13.516,0,4,3,1,0,0,0.05,0.004,200000
5346,169,-14.769,1,8,5,1,0,0,0.05,0.004,200000
5347,120,-6.497,0,12,5,0,0,0,0.05,0.004,200000
5348,400,-13.918,0,3,16,0,0,1,0.05,0.004,200000
5349,400,-1.946,2,16,9,0,0,1,0.05,0.004,200000
5350,400,6.135,3,27,9,0,0,1,0.05,0.004,200000
5351,400,-6.852,1,15,13,0,0,1,0.05,0.004,200000
5352,149,-10.423,0,0,3,0,0,0,0.05,0.004,200000
5353,100,-7.995,0,0,6,0,0,0,0.05,0.004,200000
5354,400,-2.939,2,13,21,0,0,1,0.05,0.004,200000
5355,400,-1.691,0,22,11,0,0,1,0.05,0.004,200000
5356,400,-2.311,1,18,14,0,0,1,0.05,0.004,200000
5357,400,-1.882,2,16,23,0,0,1,0.05,0.004,200000
5358,400,-0.686,4,14,25,0,0,1,0.05,0.004,200000
5359,373,-8.369,3,14,14,1,0,0,0.05,0.004,200000
5360,213,-12.397,1,18,15,1,0,0,0.05,0.004,200000
5361,89,-7.245,1,6,22,0,0,0,0.05,0.004,200000
5362,400,-9.438,1,7,8,0,0,1,0.05,0.004,200000
5363,115,-8.283,0,3,1,0,0,0,0.05,0.004,200000
5364,132,-7.525,0,0,2,0,0,0,0.05,0.004,200000
5365,400,-9.285,3,18,9,0,0,1,0.05,0.004,200000
5366,66,-15.294,0,2,4,1,0,0,0.05,0.004,200000
5367,199,-14.747,0,5,6,1,0,0,0.05,0.004,200000
5368,244,-14.106,1,11,21,1,0,0,0.05,0.004,200000
5369,223,-5.622,2,6,3,0,0,0,0.05,0.004,200000
5370,250,-17.083,0,6,17,1,0,0,0.05,0.004,200000
5371,192,-8.933,1,0,7,0,0,0,0.05,0.004,200000
5372,91,-17.44,0,2,3,1,0,0,0.05,0.004,200000
5373,154,-14.675,1,13,16,1,0,0,0.05,0.004,200000
5374,400,5.214,6,30,7,0,0,1,0.05,0.004,200000
5375,215,-13.602,3,24,26,1,0,0,0.05,0.004,200000
5376,400,-3.568,1,12,18,0,0,1,0.05,0.004,200000
5377,88,-15.367,0,13,9,1,0,0,0.05,0.004,200000
5378,400,-3.86,1,16,27,0,0,1,0.05,0.004,200000
5379,88,-9.496,2,20,5,1,0,0,0.05,0.004,200000
5380,209,-6.626,0,12,4,0,0,0,0.05,0.004,200000
5381,400,-11.133,0,17,15,0,0,1,0.05,0.004,200000
5382,269,-11.98,0,4,10,0,0,0,0.05,0.004,200000
5383,94,-12.637,2,8,2,1,0,0,0.05,0.004,200000
5384,138,-9.29,0,0,1,0,0,0,0.05,0.004,200000
5385,400,6.02,2,45,20,0,0,1,0.05,0.004,200000
5386,400,5.517,1,28,16,0,0,1,0.05,0.004,200000
5387,10,-13.83,0,3,1,1,0,0,0.05,0.004,200000
5388,400,-10.5,3,16,37,0,0,1,0.05,0.004,200000
5389,7,-13.35,0,4,1,1,0,0,0.05,0.004,200000
5390,157,-5.118,0,19,7,0,0,0,0.05,0.004,200000
5391,162,-5.667,2,2,2,0,0,0,0.05,0.004,200000
5392,400,-8.665,0,8,1,0,0,1,0.05,0.004,200000
5393,400,-9.463,0,6,26,0,0,1,0.05,0.004,200000
5394,78,-9.342,0,0,1,0,0,0,0.05,0.004,200000
5395,400,-0.996,3,21,15,0,0,1,0.05,0.004,200000
5396,400,5.908,5,38,29,0,0,1,0.05,0.004,200000
5397,74,-14.436,0,5,5,1,0,0,0.05,0.004,200000
5398,400,0.184,3,13,16,0,0,1,0.05,0.004,200000
5399,155,-11.873,0,0,23,0,0,0,0.05,0.004,200000
5400,210,-7.678,0,4,6,0,0,0,0.05,0.004,200000
5401,255,-6.255,3,13,12,0,0,0,0.05,0.004,200000
5402,173,-3.576,5,28,18,1,0,0,0.05,0.004,200000
5403,151,-13.566,1,11,13,1,0,0,0.05,0.004,200000
5404,400,-3.42,4,17,26,0,0,1,0.05,0.004,200000
5405,61,-6.563,0,0,0,0,0,0,0.05,0.004,200000
5406,295,-16.883,1,16,12,1,0,0,0.05,0.004,200000
5407,400,-2.494,1,17,18,0,0,1,0.05,0.004,200000
5408,61,-7.839,0,0,7,0,0,0,0.05,0.004,200000
5409,163,-6.634,2,6,6,0,0,0,0.05,0.004,200000
5410,19,-15.414,0,2,2,1,0,0,0.05,0.004,200000
5411,15,-15.378,0,3,2,1,0,0,0.05,0.004,200000
5412,400,-4.561,1,10,28,0,0,1,0.05,0.004,200000
5413,400,-4.42,1,28,16,0,0,1,0.05,0.004,200000
5414,236,-15.65,1,19,31,1,0,0,0.05,0.004,200000
5415,113,-15.013,1,9,2,1,0,0,0.05,0.004,200000
5416,60,-4.542,0,8,1,0,0,0,0.05,0.004,200000
5417,400,-6.459,2,13,16,0,0,1,0.05,0.004,200000
5418,88,-12.127,0,10,8,1,0,0,0.05,0.004,200000
5419,400,-0.287,1,28,8,0,0,1,0.05,0.004,200000
5420,65,-13.299,1,5,5,1,0,0,0.05,0.004,200000
5421,400,0.857,2,27,33,0,0,1,0.05,0.004,200000
5422,387,-8.492,3,21,14,1,0,0,0.05,0.004,200000
5423,46,-6.999,0,0,2,0,0,0,0.05,0.004,200000
5424,400,-0.399,2,22,37,0,0,1,0.05,0.004,200000
5425,76,-16.866,0,3,5,1,0,0,0.05,0.004,200000
5426,375,-16.976,0,4,22,1,0,0,0.05,0.004,200000
5427,197,-9.476,1,23,7,1,0,0,0.05,0.004,200000
5428,400,-8.893,1,10,14,0,0,1,0.05,0.004,200000
5429,146,-7.088,1,27,2,1,0,0,0.05,0.004,200000
5430,132,-16.07,0,5,3,1,0,0,0.05,0.004,200000
5431,400,-9.322,0,6,12,0,0,1,0.05,0.004,200000
5432,266,-9.755,1,11,15,0,0,0,0.05,0.004,200000
5433,372,-8.485,4,27,24,1,0,0,0.05,0.004,200000
5434,400,-4.61,0,20,19,0,0,1,0.05,0.004,200000
5435,400,-6.122,3,14,40,0,0,1,0.05,0.004,200000
5436,126,-10.271,0,0,2,0,0,0,0.05,0.004,200000
5437,161,-10.426,0,0,1,0,0,0,0.05,0.004,200000
5438,199,-21.861,0,4,6,1,0,0,0.05,0.004,200000
5439,96,-17.313,0,3,6,1,0,0,0.05,0.004,200000
5440,125,-15.805,0,16,25,1,0,0,0.05,0.004,200000
5441,64,-8.493,0,12,3,1,0,0,0.05,0.004,200000
5442,256,-8.375,0,7,11,0,0,0,0.05,0.004,200000
5443,184,-3.048,2,7,4,0,0,0,0.05,0.004,200000
5444,400,-4.519,1,24,5,0,0,1,0.05,0.004,200000
5445,225,-9.384,0,2,6,0,0,0,0.05,0.004,200000
5446,118,-11.772,0,8,4,1,0,0,0.05,0.004,200000
5447,400,-0.326,1,14,11,0,0,1,0.05,0.004,200000
5448,56,-18.196,0,3,16,1,0,0,0.05,0.004,200000
5449,400,-8.206,0,9,56,0,0,1,0.05,0.004,200000
5450,400,4.655,2,28,18,0,0,1,0.05,0.004,200000
5451,337,-14.629,1,2,7,0,0,0,0.05,0.004,200000
5452,387,-6.052,4,25,8,1,0,0,0.05,0.004,200000
5453,165,-15.738,0,8,3,1,0,0,0.05,0.004,200000
5454,162,-7.862,1,3,5,0,0,0,0.05,0.004,200000
5455,9,-14.416,0,4,2,1,0,0,0.05,0.004,200000
5456,307,-16.318,2,12,15,1,0,0,0.05,0.004,200000
5457,400,-5.733,2,22,19,0,0,1,0.05,0.004,200000
5458,15,-15.502,0,4,2,1,0,0,0.05,0.004,200000
5459,134,-17.497,0,4,8,1,0,0,0.05,0.004,200000
5460,293,-11.453,3,24,15,1,0,0,0.05,0.004,200000
5461,118,-8.658,1,18,2,1,0,0,0.05,0.004,200000
5462,198,-11.192,0,2,5,0,0,0,0.05,0.004,200000
5463,5,-15.017,0,2,2,1,0,0,0.05,0.004,200000
5464,119,-10.672,1,13,7,1,0,0,0.05,0.004,200000
5465,98,-12.992,0,2,0,1,0,0,0.05,0.004,200000
5466,400,-1.861,1,16,27,0,0,1,0.05,0.004,200000
5467,380,-1.291,3,32,11,1,1,0,0.05,0.004,200000
5468,71,-5.512,4,16,3,1,0,0,0.05,0.004,200000
5469,178,-17.836,0,14,8,1,0,0,0.05,0.004,200000
5470,280,-10.38,1,18,22,0,0,0,0.05,0.004,200000
5471,400,-7.822,0,11,25,0,0,1,0.05,0.004,200000
5472,400,5.428,4,32,12,0,0,1,0.05,0.004,200000
5473,321,-9.996,1,10,11,0,0,0,0.05,0.004,200000
5474,145,-8.051,1,3,4,0,0,0,0.05,0.004,200000
5475,98,-7.31,0,0,27,0,0,0,0.05,0.004,200000
5476,111,-8.449,2,17,6,1,0,0,0.05,0.004,200000
5477,173,-3.955,2,15,5,0,0,0,0.05,0.004,200000
5478,193,-12.236,0,0,2,0,0,0,0.05,0.004,200000
5479,400,3.358,5,20,8,0,0,1,0.05,0.004,200000
5480,400,-11.008,0,7,6,0,0,1,0.05,0.004,200000
5481,204,-17.711,2,8,4,1,0,0,0.05,0.004,200000
5482,307,-14.891,0,3,5,1,0,0,0.05,0.004,200000
5483,400,-15.927,0,4,13,0,0,1,0.05,0.004,200000
5484,108,-9.352,0,4,21,0,0,0,0.05,0.004,200000
5485,201,-9.207,0,5,7,0,0,0,0.05,0.004,200000
5486,97,-6.495,0,3,1,0,0,0,0.05,0.004,200000
5487,108,-16.795,0,5,3,1,0,0,0.05,0.004,200000
5488,155,-8.761,0,13,5,1,0,0,0.05,0.004,200000
5489,400,-5.781,0,23,12,0,0,1,0.05,0.004,200000
5490,400,-6.272,1,13,9,0,0,1,0.05,0.004,200000
5491,187,-6.415,1,12,4,0,0,0,0.05,0.004,200000
5492,400,4.255,2,33,16,0,0,1,0.05,0.004,200000
5493,322,-6.323,4,26,3,1,0,0,0.05,0.004,200000
5494,287,-16.546,1,8,4,1,0,0,0.05,0.004,200000
5495,341,-1.894,4,19,8,0,0,0,0.05,0.004,200000
5496,87,-6.882,2,11,2,1,0,0,0.05,0.004,200000
5497,268,-2.977,2,16,1,0,0,0,0.05,0.004,200000
5498,400,8.567,4,25,6,0,0,1,0.05,0.004,200000
5499,89,-3.728,2,13,2,0,0,0,0.05,0.004,200000
5500,253,-22.046,0,4,4,1,0,0,0.05,0.004,200000
5501,400,-0.269,2,11,11,0,1,1,0.05,0.004,200000
5502,400,-6.098,0,12,25,0,0,1,0.05,0.004,200000
5503,400,0.616,2,19,11,0,0,1,0.05,0.004,200000
5504,400,-5.621,0,15,8,0,0,1,0.05,0.004,200000
5505,400,-7.133,1,12,6,0,0,1,0.05,0.004,200000
5506,159,-7.592,1,30,3,1,0,0,0.05,0.004,200000
5507,400,0.348,1,24,8,0,0,1,0.05,0.004,200000
5508,400,-7.163,0,6,11,0,0,1,0.05,0.004,200000
5509,17,-14.146,0,2,2,1,0,0,0.05,0.004,200000
5510,400,5.719,2,45,10,0,0,1,0.05,0.004,200000
5511,400,-1.132,1,28,7,0,0,1,0.05,0.004,200000
5512,400,0.703,4,26,18,0,0,1,0.05,0.004,200000
5513,55,-15.387,0,2,4,1,0,0,0.05,0.004,200000
5514,400,-6.005,2,8,9,0,0,1,0.05,0.004,200000
5515,112,-14.209,0,1,0,1,0,0,0.05,0.004,200000
5516,50,-11.054,0,2,0,1,0,0,0.05,0.004,200000
5517,243,-9.499,3,16,7,1,0,0,0.05,0.004,200000
5518,158,-7.296,0,5,4,0,0,0,0.05,0.004,200000
5519,400,-3.282,0,17,6,0,0,1,0.05,0.004,200000
5520,279,-13.106,0,1,6,0,0,0,0.05,0.004,200000
5521,122,-5.81,1,3,5,0,0,0,0.05,0.004,200000
5522,9,-15.465,0,4,2,1,0,0,0.05,0.004,200000
5523,400,-3.366,3,20,6,0,0,1,0.05,0.004,200000
5524,107,-5.22,1,9,3,0,0,0,0.05,0.004,200000
5525,400,-7.665,1,12,6,0,0,1,0.05,0.004,200000
5526,400,3.275,3,40,37,0,0,1,0.05,0.004,200000
5527,112,-7.287,3,22,8,1,0,0,0.05,0.004,200000
5528,51,-16.34,0,4,3,1,0,0,0.05,0.004,200000
5529,256,-5.936,3,9,10,0,0,0,0.05,0.004,200000
5530,300,-3.314,4,30,8,0,0,0,0.05,0.004,200000
5531,400,3.774,2,24,7,0,0,1,0.05,0.004,200000
5532,46,-11.126,0,5,0,1,0,0,0.05,0.004,200000
5533,242,-7.002,0,7,1,0,0,0,0.05,0.004,200000
5534,159,-7.326,1,3,3,0,0,0,0.05,0.004,200000
5535,258,-7.502,0,13,6,0,0,0,0.05,0.004,200000
5536,400,-1.258,3,12,26,0,0,1,0.05,0.004,200000
5537,383,-12.99,2,23,28,1,0,0,0.05,0.004,200000
5538,252,-7.623,1,11,10,0,0,0,0.05,0.004,200000
5539,177,-1.408,3,16,12,0,1,0,0.05,0.004,200000
5540,400,-1.064,3,29,24,0,0,1,0.05,0.004,200000
5541,400,-1.932,3,24,13,0,0,1,0.05,0.004,200000
5542,334,-1.273,6,41,16,1,0,0,0.05,0.004,200000
5543,154,-10.569,0,0,6,0,0,0,0.05,0.004,200000
5544,290,-9.488,1,17,7,0,0,0,0.05,0.004,200000
5545,400,-6.15,5,16,60,0,0,1,0.05,0.004,200000
5546,400,-5.585,2,15,17,0,0,1,0.05,0.004,200000
5547,5,-13.179,0,4,0,1,0,0,0.05,0.004,200000
5548,400,-10.805,3,9,68,0,0,1,0.05,0.004,200000
5549,94,-18.654,0,4,11,1,0,0,0.05,0.004,200000
5550,69,-8.253,0,12,4,1,0,0,0.05,0.004,200000
5551,6,-9.437,0,3,0,1,0,0,0.05,0.004,200000
5552,400,-3.542,4,22,45,0,0,1,0.05,0.004,200000
5553,239,-9.844,3,27,34,1,0,0,0.05,0.004,200000
5554,400,-13.241,0,8,10,0,0,1,0.05,0.004,200000
5555,287,-6.932,0,20,6,0,0,0,0.05,0.004,200000
5556,268,-12.024,0,6,3,0,0,0,0.05,0.004,200000
5557,140,-20.105,0,3,3,1,0,0,0.05,0.004,200000
5558,400,-1.255,3,27,12,0,0,1,0.05,0.004,200000
5559,400,-11.691,1,7,25,0,0,1,0.05,0.004,200000
5560,400,-8.912,1,5,7,0,0,1,0.05,0.004,200000
5561,132,-0.354,2,12,2,0,0,0,0.05,0.004,200000
5562,242,-12.636,0,11,7,1,0,0,0.05,0.004,200000
5563,368,-9.352,5,25,19,1,0,0,0.05,0.004,200000
5564,400,3.354,3,17,1,0,0,1,0.05,0.004,200000
5565,400,-0.248,3,24,7,0,0,1,0.05,0.004,200000
5566,113,-13.057,1,4,5,1,0,0,0.05,0.004,200000
5567,400,-7.844,1,19,13,0,0,1,0.05,0.004,200000
5568,116,-17.337,0,8,6,1,0,0,0.05,0.004,200000
5569,400,-0.166,2,16,16,0,0,1,0.05,0.004,200000
5570,112,-7.745,0,0,3,0,0,0,0.05,0.004,200000
5571,400,-9.175,0,9,29,0,0,1,0.05,0.004,200000
5572,400,2.399,1,26,20,0,0,1,0.05,0.004,200000
5573,19,-15.052,0,4,0,1,0,0,0.05,0.004,200000
5574,128,-4.837,1,12,4,0,0,0,0.05,0.004,200000
5575,400,17.321,5,56,19,0,1,1,0.05,0.004,200000
5576,400,-4.357,3,14,13,0,0,1,0.05,0.004,200000
5577,158,-14.699,0,10,3,1,0,0,0.05,0.004,200000
5578,102,-7.062,0,4,7,0,0,0,0.05,0.004,200000
5579,140,-5.942,1,16,6,0,0,0,0.05,0.004,200000
5580,179,-16.831,2,14,9,1,0,0,0.05,0.004,200000
5581,8,-9.258,0,3,0,1,0,0,0.05,0.004,200000
5582,400,-10.653,1,9,6,0,0,1,0.05,0.004,200000
5583,363,-18.279,1,13,14,1,0,0,0.05,0.004,200000
5584,149,-17.902,0,4,5,1,0,0,0.05,0.004,200000
5585,172,-17.784,1,8,6,1,0,0,0.05,0.004,200000
5586,400,-8.419,0,7,44,0,0,1,0.05,0.004,200000
5587,400,-5.117,2,15,59,0,0,1,0.05,0.004,200000
5588,21,-15.647,0,3,1,1,0,0,0.05,0.004,200000
5589,24,-13.729,0,3,1,1,0,0,0.05,0.004,200000
5590,400,-11.221,0,7,10,0,0,1,0.05,0.004,200000
5591,282,-12.151,1,4,6,0,0,0,0.05,0.004,200000
5592,400,-6.07,1,12,26,0,0,1,0.05,0.004,200000
5593,400,-8.101,1,17,70,0,0,1,0.05,0.004,200000
5594,400,-5.527,1,22,69,0,0,1,0.05,0.004,200000
5595,61,-6.538,1,2,6,0,0,0,0.05,0.004,200000
5596,400,-2.931,2,12,8,0,0,1,0.05,0.004,200000
5597,147,-8.943,0,0,4,0,0,0,0.05,0.004,200000
5598,131,-10.827,1,18,7,1,0,0,0.05,0.004,200000
5599,400,-1.809,1,21,15,0,0,1,0.05,0.004,200000
5600,64,-13.432,0,3,3,1,0,0,0.05,0.004,200000
5601,400,-4.895,3,25,77,0,0,1,0.05,0.004,200000
5602,169,-16.588,0,4,10,1,0,0,0.05,0.004,200000
5603,282,-12.231,0,13,28,0,0,0,0.05,0.004,200000
5604,400,-3.679,1,18,37,0,0,1,0.05,0.004,200000
5605,47,-15.793,0,3,2,1,0,0,0.05,0.004,200000
5606,400,1.45,3,14,15,0,0,1,0.05,0.004,200000
5607,70,-8.124,0,0,1,0,0,0,0.05,0.004,200000
5608,400,-1.695,1,13,29,0,0,1,0.05,0.004,200000
5609,400,-0.599,2,19,22,0,1,1,0.05,0.004,200000
5610,77,-6.971,4,20,2,1,0,0,0.05,0.004,200000
5611,400,-4.922,1,19,57,0,0,1,0.05,0.004,200000
5612,126,-9.572,3,10,5,1,0,0,0.05,0.004,200000
5613,239,-8.954,3,9,4,1,0,0,0.05,0.004,200000
5614,400,-1.443,1,22,8,0,0,1,0.05,0.004,200000
5615,13,-15.134,0,2,2,1,0,0,0.05,0.004,200000
5616,138,-15.958,0,2,5,1,0,0,0.05,0.004,200000
5617,400,-12.527,2,11,101,0,0,1,0.05,0.004,200000
5618,77,-7.057,0,2,1,0,0,0,0.05,0.004,200000
5619,17,-13.716,0,3,2,1,0,0,0.05,0.004,200000
5620,379,-2.27,4,52,26,1,0,0,0.05,0.004,200000
5621,400,3.652,2,30,19,0,1,1,0.05,0.004,200000
5622,297,0.422,3,22,6,0,0,0,0.05,0.004,200000
5623,400,-11.957,1,8,9,0,0,1,0.05,0.004,200000
5624,140,-10.848,0,0,2,0,0,0,0.05,0.004,200000
5625,400,5.536,3,50,22,0,0,1,0.05,0.004,200000
5626,400,-2.969,0,20,19,0,0,1,0.05,0.004,200000
5627,400,-4.864,0,11,7,0,0,1,0.05,0.004,200000
5628,378,-16.983,0,10,22,1,0,0,0.05,0.004,200000
5629,400,1.057,4,26,28,0,0,1,0.05,0.004,200000
5630,400,-3.968,2,16,34,0,0,1,0.05,0.004,200000
5631,176,-17.33,0,6,2,1,0,0,0.05,0.004,200000
5632,275,-12.639,1,29,7,1,0,0,0.05,0.004,200000
5633,171,-8.77,0,0,5,0,0,0,0.05,0.004,200000
5634,108,-16.263,0,6,5,1,0,0,0.05,0.004,200000
5635,274,-9.114,0,4,6,0,0,0,0.05,0.004,200000
5636,395,-15.128,1,12,32,1,0,0,0.05,0.004,200000
5637,212,-18.715,0,4,6,1,0,0,0.05,0.004,200000
5638,400,3.373,4,22,7,0,0,1,0.05,0.004,200000
5639,400,0.718,3,26,70,0,0,1,0.05,0.004,200000
5640,129,-16.299,1,6,2,1,0,0,0.05,0.004,200000
5641,170,-1.754,3,21,2,0,0,0,0.05,0.004,200000
5642,249,-16.586,1,11,14,1,0,0,0.05,0.004,200000
5643,78,-16.76,0,3,2,1,0,0,0.05,0.004,200000
5644,400,0.667,1,16,11,0,0,1,0.05,0.004,200000
5645,119,-11.345,0,5,2,1,0,0,0.05,0.004,200000
5646,72,-10.415,1,8,2,1,0,0,0.05,0.004,200000
5647,316,-11.066,2,8,20,0,0,0,0.05,0.004,200000
5648,254,-18.001,0,8,9,1,0,0,0.05,0.004,200000
5649,63,-16.571,0,4,3,1,0,0,0.05,0.004,200000
5650,61,-16.63,0,2,1,1,0,0,0.05,0.004,200000
5651,400,-0.294,4,20,9,0,0,1,0.05,0.004,200000
5652,400,-6.74,1,9,5,0,0,1,0.05,0.004,200000
5653,5,-14.764,0,4,2,1,0,0,0.05,0.004,200000
5654,382,-22.262,3,20,52,1,0,0,0.05,0.004,200000
5655,149,-14.24,0,6,8,1,0,0,0.05,0.004,200000
5656,400,-5.127,0,8,9,0,0,1,0.05,0.004,200000
5657,381,-25.346,0,5,68,1,0,0,0.05,0.004,200000
5658,118,-8.279,0,0,3,0,0,0,0.05,0.004,200000
5659,400,-10.512,3,13,94,0,0,1,0.05,0.004,200000
5660,267,-11.3,0,9,11,0,0,0,0.05,0.004,200000
5661,308,-16.77,0,15,8,1,0,0,0.05,0.004,200000
5662,400,-8.399,1,12,11,0,0,1,0.05,0.004,200000
5663,79,-9.444,0,0,3,0,0,0,0.05,0.004,200000
5664,93,-6.168,1,5,3,0,0,0,0.05,0.004,200000
5665,254,-7.122,1,15,3,0,0,0,0.05,0.004,200000
5666,376,-18.421,0,3,7,1,0,0,0.05,0.004,200000
5667,400,-4.319,3,6,56,0,1,1,0.05,0.004,200000
5668,272,-18.5,2,11,12,1,0,0,0.05,0.004,200000
5669,173,-7.218,3,19,11,1,0,0,0.05,0.004,200000
5670,106,-4.651,3,20,0,1,0,0,0.05,0.004,200000
5671,115,-17.548,0,3,4,1,0,0,0.05,0.004,200000
5672,94,-17.835,0,3,5,1,0,0,0.05,0.004,200000
5673,385,-18.445,0,12,36,1,0,0,0.05,0.004,200000
5674,400,-2.149,1,25,34,0,0,1,0.05,0.004,200000
5675,400,4.674,3,26,22,0,0,1,0.05,0.004,200000
5676,291,-6.844,2,19,7,0,0,0,0.05,0.004,200000
5677,138,-5.794,1,6,0,0,0,0,0.05,0.004,200000
5678,142,-6.733,1,2,4,0,0,0,0.05,0.004,200000
5679,281,-8.544,0,1,13,0,0,0,0.05,0.004,200000
5680,107,-11.759,1,12,8,1,0,0,0.05,0.004,200000
5681,179,-7.153,0,9,4,0,0,0,0.05,0.004,200000
5682,400,-11.65,2,13,32,0,0,1,0.05,0.004,200000
5683,400,-2.963,2,7,8,0,0,1,0.05,0.004,200000
5684,400,-11.312,0,6,12,0,0,1,0.05,0.004,200000
5685,400,-10.475,0,4,11,0,0,1,0.05,0.004,200000
5686,400,0.217,1,18,21,0,0,1,0.05,0.004,200000
5687,118,-14.255,1,13,7,1,0,0,0.05,0.004,200000
5688,240,-19.481,0,7,6,1,0,0,0.05,0.004,200000
5689,330,-10.097,0,9,23,0,0,0,0.05,0.004,200000
5690,400,-5.075,2,9,15,0,0,1,0.05,0.004,200000
5691,400,-3.278,5,10,17,0,0,1,0.05,0.004,200000
5692,400,-8.969,1,12,17,0,0,1,0.05,0.004,200000
5693,98,-17.403,0,3,3,1,0,0,0.05,0.004,200000
5694,400,-3.465,0,3,10,0,0,1,0.05,0.004,200000
5695,172,-18.155,0,6,7,1,0,0,0.05,0.004,200000
5696,159,-10.01,0,3,2,0,0,0,0.05,0.004,200000
5697,138,-6.328,0,5,1,0,0,0,0.05,0.004,200000
5698,218,-3.866,1,17,6,0,0,0,0.05,0.004,200000
5699,400,-5.303,0,7,52,0,0,1,0.05,0.004,200000
5700,24,-15.788,0,4,8,1,0,0,0.05,0.004,200000
5701,67,-14.036,0,3,2,1,0,0,0.05,0.004,200000
5702,310,-12.89,1,15,29,1,0,0,0.05,0.004,200000
5703,85,-7.189,0,0,1,0,0,0,0.05,0.004,200000
5704,400,-13.088,1,16,72,0,0,1,0.05,0.004,200000
5705,147,-17.474,0,5,8,1,0,0,0.05,0.004,200000
5706,400,-9.728,0,14,32,0,0,1,0.05,0.004,200000
5707,400,-9.167,0,11,20,0,0,1,0.05,0.004,200000
5708,7,-14.854,0,3,0,1,0,0,0.05,0.004,200000
5709,377,-9.488,1,22,21,1,0,0,0.05,0.004,200000
5710,108,-10.967,1,13,10,1,0,0,0.05,0.004,200000
5711,400,-7.679,0,14,47,0,0,1,0.05,0.004,200000
5712,400,-6.376,1,16,28,0,0,1,0.05,0.004,200000
5713,400,-2.757,3,25,16,0,0,1,0.05,0.004,200000
5714,400,-0.964,2,21,29,0,0,1,0.05,0.004,200000
5715,151,-11.884,0,0,2,0,0,0,0.05,0.004,200000
5716,159,-2.238,5,39,8,1,0,0,0.05,0.004,200000
5717,301,-13.734,1,10,12,0,0,0,0.05,0.004,200000
5718,389,-16.482,3,5,10,1,0,0,0.05,0.004,200000
5719,400,-7.881,0,8,13,0,0,1,0.05,0.004,200000
5720,400,-4.167,2,11,6,0,0,1,0.05,0.004,200000
5721,400,-4.697,2,20,24,0,0,1,0.05,0.004,200000
5722,392,-12.034,4,14,46,1,0,0,0.05,0.004,200000
5723,400,-1.275,1,26,28,0,0,1,0.05,0.004,200000
5724,400,-8.134,1,22,14,0,0,1,0.05,0.004,200000
5725,308,-10.114,1,13,7,1,0,0,0.05,0.004,200000
5726,400,1.214,2,22,19,0,0,1,0.05,0.004,200000
5727,284,-21.405,0,2,9,1,0,0,0.05,0.004,200000
5728,32,-12.702,1,5,1,1,0,0,0.05,0.004,200000
5729,81,-6.271,0,4,2,0,0,0,0.05,0.004,200000
5730,400,-5.31,0,6,18,0,0,1,0.05,0.004,200000
5731,400,2.449,3,17,16,0,1,1,0.05,0.004,200000
5732,84,-6.286,1,0,2,0,0,0,0.05,0.004,200000
5733,400,7.337,5,37,43,0,0,1,0.05,0.004,200000
5734,126,-16.481,0,4,2,1,0,0,0.05,0.004,200000
5735,108,-10.582,1,14,5,1,0,0,0.05,0.004,200000
5736,124,-8.296,0,1,3,0,0,0,0.05,0.004,200000
5737,96,-7.093,0,0,1,0,0,0,0.05,0.004,200000
5738,400,-5.063,2,17,8,0,0,1,0.05,0.004,200000
5739,164,-16.591,0,6,3,1,0,0,0.05,0.004,200000
5740,131,-10.537,0,8,7,1,0,0,0.05,0.004,200000
5741,333,-11.347,2,22,11,1,0,0,0.05,0.004,200000
5742,168,-6.836,0,5,4,0,0,0,0.05,0.004,200000
5743,400,0.885,3,24,16,0,0,1,0.05,0.004,200000
5744,400,-0.9,0,11,5,0,0,1,0.05,0.004,200000
5745,162,-9.361,0,2,12,0,0,0,0.05,0.004,200000
5746,400,-4.864,4,20,23,0,0,1,0.05,0.004,200000
5747,393,-20.114,1,10,13,1,0,0,0.05,0.004,200000
5748,76,-7.536,0,0,3,0,0,0,0.05,0.004,200000
5749,400,1.453,2,38,6,0,0,1,0.05,0.004,200000
5750,27,-15.87,0,2,2,1,0,0,0.05,0.004,200000
5751,400,-9.887,0,20,71,0,0,1,0.05,0.004,200000
5752,207,-7.947,1,10,7,0,0,0,0.05,0.004,200000
5753,189,-11.522,0,5,21,0,0,0,0.05,0.004,200000
5754,400,-1.441,3,18,4,0,0,1,0.05,0.004,200000
5755,108,-15.128,0,13,5,1,0,0,0.05,0.004,200000
5756,172,-7.248,0,3,3,0,0,0,0.05,0.004,200000
5757,51,-14.243,0,3,2,1,0,0,0.05,0.004,200000
5758,400,-11.192,0,4,25,0,0,1,0.05,0.004,200000
5759,400,1.082,1,31,15,0,0,1,0.05,0.004,200000
5760,400,-8.259,1,15,14,0,0,1,0.05,0.004,200000
5761,149,-15.732,0,5,5,1,0,0,0.05,0.004,200000
5762,154,-11.185,2,19,6,1,0,0,0.05,0.004,200000
5763,400,5.396,3,30,1,0,1,1,0.05,0.004,200000
5764,400,-6.88,1,6,17,0,0,1,0.05,0.004,200000
5765,156,-9.189,0,5,9,0,0,0,0.05,0.004,200000
5766,177,-6.526,1,7,5,0,0,0,0.05,0.004,200000
5767,65,-6.516,0,3,0,0,0,0,0.05,0.004,200000
5768,244,-8.859,3,19,11,1,0,0,0.05,0.004,200000
5769,400,3.098,5,24,33,0,0,1,0.05,0.004,200000
5770,400,4.371,2,24,11,0,0,1,0.05,0.004,200000
5771,287,-12.814,0,1,8,0,0,0,0.05,0.004,200000
5772,400,-2.079,2,21,19,0,0,1,0.05,0.004,200000
5773,400,0.314,2,26,7,0,0,1,0.05,0.004,200000
5774,400,-8.32,0,9,9,0,0,1,0.05,0.004,200000
5775,300,-7.912,0,1,12,0,0,0,0.05,0.004,200000
5776,155,-9.73,2,9,5,1,0,0,0.05,0.004,200000
5777,400,-5.826,2,20,16,0,0,1,0.05,0.004,200000
5778,5,-13.354,0,2,0,1,0,0,0.05,0.004,200000
5779,114,-16.486,0,6,7,1,0,0,0.05,0.004,200000
5780,400,1.414,4,15,11,0,0,1,0.05,0.004,200000
5781,400,-1.776,3,28,9,0,0,1,0.05,0.004,200000
5782,254,-1.253,1,20,5,0,0,0,0.05,0.004,200000
5783,65,-15.406,0,2,4,1,0,0,0.05,0.004,200000
5784,55,-16.093,0,2,1,1,0,0,0.05,0.004,200000
5785,400,-10.535,1,5,12,0,0,1,0.05,0.004,200000
5786,191,-5.927,1,14,8,0,0,0,0.05,0.004,200000
5787,400,-11.271,0,11,22,0,0,1,0.05,0.004,200000
5788,266,-10.888,0,2,5,0,0,0,0.05,0.004,200000
5789,400,-0.138,2,30,15,0,0,1,0.05,0.004,200000
5790,74,-7.215,0,0,3,0,0,0,0.05,0.004,200000
5791,400,-7.443,1,11,30,0,0,1,0.05,0.004,200000
5792,400,5.494,2,30,28,0,1,1,0.05,0.004,200000
5793,357,-16.143,2,20,27,1,0,0,0.05,0.004,200000
5794,72,-16.189,0,8,4,1,0,0,0.05,0.004,200000
5795,400,-8.763,0,13,9,0,0,1,0.05,0.004,200000
5796,400,0.369,4,20,18,0,0,1,0.05,0.004,200000
5797,233,-18.98,1,10,8,1,0,0,0.05,0.004,200000
5798,400,0.474,3,22,13,0,0,1,0.05,0.004,200000
5799,400,9.995,4,42,10,0,0,1,0.05,0.004,200000
5800,400,-3.773,1,21,12,0,0,1,0.05,0.004,200000
5801,108,-14.282,0,8,2,1,0,0,0.05,0.004,200000
5802,330,-5.846,1,25,27,0,0,0,0.05,0.004,200000
5803,400,-12.668,1,10,8,0,0,1,0.05,0.004,200000
5804,175,-17.185,0,8,8,1,0,0,0.05,0.004,200000
5805,157,-3.307,2,22,44,0,0,0,0.05,0.004,200000
5806,186,-4.492,1,7,4,0,0,0,0.05,0.004,200000
5807,400,-4.284,1,18,6,0,0,1,0.05,0.004,200000
5808,210,-8.365,0,0,4,0,0,0,0.05,0.004,200000
5809,225,-13.21,0,6,6,0,0,0,0.05,0.004,200000
5810,99,-15.616,0,2,1,1,0,0,0.05,0.004,200000
5811,119,-16.715,0,3,2,1,0,0,0.05,0.004,200000
5812,400,-4.822,0,11,19,0,0,1,0.05,0.004,200000
5813,400,2.979,4,19,14,0,0,1,0.05,0.004,200000
5814,369,-12.754,0,11,31,1,0,0,0.05,0.004,200000
5815,93,-8.796,0,0,2,0,0,0,0.05,0.004,200000
5816,181,-12.042,1,9,5,1,0,0,0.05,0.004,200000
5817,9,-14.708,0,4,0,1,0,0,0.05,0.004,200000
5818,173,-2.125,1,17,2,0,0,0,0.05,0.004,200000
5819,398,-17.102,1,11,21,1,0,0,0.05,0.004,200000
5820,225,-4.808,1,19,5,0,0,0,0.05,0.004,200000
5821,400,-4.189,0,8,13,0,0,1,0.05,0.004,200000
5822,400,-2.605,1,18,9,0,0,1,0.05,0.004,200000
5823,134,-7.816,0,1,5,0,0,0,0.05,0.004,200000
5824,400,-6.614,0,13,3,0,0,1,0.05,0.004,200000
5825,68,-9.488,2,14,3,1,0,0,0.05,0.004,200000
5826,400,9.485,3,37,10,0,0,1,0.05,0.004,200000
5827,400,-7.648,0,17,39,0,0,1,0.05,0.004,200000
5828,279,0.425,4,40,13,1,1,0,0.05,0.004,200000
5829,120,-7.357,0,3,5,0,0,0,0.05,0.004,200000
5830,400,0.014,0,17,28,0,1,1,0.05,0.004,200000
5831,186,-12.955,0,10,38,0,0,0,0.05,0.004,200000
5832,368,-3.34,2,45,25,1,0,0,0.05,0.004,200000
5833,400,-3.282,0,4,10,0,1,1,0.05,0.004,200000
5834,131,-3.793,0,19,2,0,0,0,0.05,0.004,200000
5835,400,3.814,4,29,24,0,0,1,0.05,0.004,200000
5836,336,-6.94,4,30,21,1,0,0,0.05,0.004,200000
5837,169,-16.397,0,10,5,1,0,0,0.05,0.004,200000
5838,400,-3.882,0,9,17,0,0,1,0.05,0.004,200000
5839,400,-0.73,3,22,8,0,0,1,0.05,0.004,200000
5840,124,-15.5,0,4,4,1,0,0,0.05,0.004,200000
5841,400,-3.341,1,18,49,0,0,1,0.05,0.004,200000
5842,400,-2.752,2,18,19,0,0,1,0.05,0.004,200000
5843,275,-9.334,1,13,4,0,0,0,0.05,0.004,200000
5844,30,-15.905,0,4,3,1,0,0,0.05,0.004,200000
5845,400,-6.972,1,15,15,0,0,1,0.05,0.004,200000
5846,192,-8.321,2,20,9,1,0,0,0.05,0.004,200000
5847,400,-10.277,1,7,26,0,0,1,0.05,0.004,200000
5848,188,-19.745,0,3,4,1,0,0,0.05,0.004,200000
5849,400,2.817,4,24,20,0,0,1,0.05,0.004,200000
5850,400,-9.421,0,8,14,0,0,1,0.05,0.004,200000
5851,126,-18.68,0,3,1,1,0,0,0.05,0.004,200000
5852,400,6.563,3,32,50,0,1,1,0.05,0.004,200000
5853,400,-3.966,1,17,24,0,0,1,0.05,0.004,200000
5854,310,-2.973,2,30,7,1,0,0,0.05,0.004,200000
5855,62,-15.92,0,3,0,1,0,0,0.05,0.004,200000
5856,205,-2.285,3,18,15,0,0,0,0.05,0.004,200000
5857,400,-2.024,3,22,3,0,0,1,0.05,0.004,200000
5858,19,-13.235,0,3,0,1,0,0,0.05,0.004,200000
5859,400,-3.776,2,8,12,0,0,1,0.05,0.004,200000
5860,400,-10.175,1,7,68,0,0,1,0.05,0.004,200000
5861,100,-2.826,1,14,3,0,0,0,0.05,0.004,200000
5862,42,-14.538,0,3,3,1,0,0,0.05,0.004,200000
5863,36,-15.351,0,3,1,1,0,0,0.05,0.004,200000
5864,86,-15.947,0,4,8,1,0,0,0.05,0.004,200000
5865,400,3.151,3,29,20,0,0,1,0.05,0.004,200000
5866,142,-9.165,0,0,2,0,0,0,0.05,0.004,200000
5867,400,2.063,4,24,56,0,0,1,0.05,0.004,200000
5868,400,5.37,3,23,4,0,0,1,0.05,0.004,200000
5869,400,0.863,2,23,6,0,0,1,0.05,0.004,200000
5870,400,2.944,2,11,10,0,1,1,0.05,0.004,200000
5871,215,-15.148,1,10,9,1,0,0,0.05,0.004,200000
5872,149,-1.001,4,40,8,1,0,0,0.05,0.004,200000
5873,166,-4.73,1,11,3,0,0,0,0.05,0.004,200000
5874,116,-7.019,1,13,5,0,0,0,0.05,0.004,200000
5875,400,1.947,2,23,8,0,1,1,0.05,0.004,200000
5876,219,-4.408,1,20,8,0,0,0,0.05,0.004,200000
5877,91,-15.473,0,7,1,1,0,0,0.05,0.004,200000
5878,37,-14.621,0,3,0,1,0,0,0.05,0.004,200000
5879,400,-8.652,1,12,5,0,0,1,0.05,0.004,200000
5880,400,1.925,1,30,37,0,0,1,0.05,0.004,200000
5881,361,-12.759,0,21,14,1,0,0,0.05,0.004,200000
5882,400,1.098,2,28,26,0,0,1,0.05,0.004,200000
5883,161,-18.189,0,2,4,1,0,0,0.05,0.004,200000
5884,400,-4.247,1,15,13,0,0,1,0.05,0.004,200000
5885,400,-2.528,1,10,66,0,1,1,0.05,0.004,200000
5886,7,-14.91,0,3,1,1,0,0,0.05,0.004,200000
5887,192,3.349,4,29,13,0,0,0,0.05,0.004,200000
5888,112,-18.137,0,3,2,1,0,0,0.05,0.004,200000
5889,63,-15.591,0,4,0,1,0,0,0.05,0.004,200000
5890,400,-4.718,1,22,54,0,0,1,0.05,0.004,200000
5891,48,-15.952,0,4,3,1,0,0,0.05,0.004,200000
5892,35,-15.188,0,4,0,1,0,0,0.05,0.004,200000
5893,400,-4.153,2,10,43,0,0,1,0.05,0.004,200000
5894,148,-19.611,0,3,2,1,0,0,0.05,0.004,200000
5895,205,-10.755,0,2,5,0,0,0,0.05,0.004,200000
5896,190,-10.914,2,12,5,1,0,0,0.05,0.004,200000
5897,164,-10.799,0,0,2,0,0,0,0.05,0.004,200000
5898,312,1.532,6,51,3,1,0,0,0.05,0.004,200000
5899,117,-10.417,2,10,2,1,0,0,0.05,0.004,200000
5900,210,-7.856,1,11,16,0,0,0,0.05,0.004,200000
5901,255,5.253,2,58,6,1,1,0,0.05,0.004,200000
5902,56,-15.633,0,2,2,1,0,0,0.05,0.004,200000
5903,264,-11.491,2,13,10,1,0,0,0.05,0.004,200000
5904,184,-9.794,2,17,43,0,0,0,0.05,0.004,200000
5905,223,-16.676,1,4,9,1,0,0,0.05,0.004,200000
5906,156,-12.624,0,6,5,1,0,0,0.05,0.004,200000
5907,96,-15.337,0,4,1,1,0,0,0.05,0.004,200000
5908,149,0.468,2,36,21,0,0,0,0.05,0.004,200000
5909,139,-15.318,0,8,6,1,0,0,0.05,0.004,200000
5910,400,-0.596,3,18,10,0,0,1,0.05,0.004,200000
5911,233,-4.441,4,24,7,1,0,0,0.05,0.004,200000
5912,400,-6.104,0,12,17,0,0,1,0.05,0.004,200000
5913,400,1.032,2,25,11,0,0,1,0.05,0.004,200000
5914,167,-18.367,0,6,33,1,0,0,0.05,0.004,200000
5915,136,-9.295,0,0,4,0,0,0,0.05,0.004,200000
5916,400,-8.517,2,21,15,0,0,1,0.05,0.004,200000
5917,303,-2.578,0,21,4,0,0,0,0.05,0.004,200000
5918,62,-12.533,0,3,2,1,0,0,0.05,0.004,200000
5919,267,-11.839,0,4,8,0,0,0,0.05,0.004,200000
5920,147,-8.573,1,3,4,0,0,0,0.05,0.004,200000
5921,400,0.981,1,28,15,0,0,1,0.05,0.004,200000
5922,400,-0.539,0,18,9,0,0,1,0.05,0.004,200000
5923,400,-0.918,1,25,11,0,0,1,0.05,0.004,200000
5924,400,2.709,2,20,3,0,0,1,0.05,0.004,200000
5925,400,-10.13,2,11,25,0,0,1,0.05,0.004,200000
5926,400,4.075,3,21,8,0,0,1,0.05,0.004,200000
5927,400,-6.547,0,10,15,0,0,1,0.05,0.004,200000
5928,306,-7.117,4,24,17,1,0,0,0.05,0.004,200000
5929,228,-5.731,3,14,3,0,0,0,0.05,0.004,200000
5930,400,0.345,1,31,33,0,0,1,0.05,0.004,200000
5931,400,-2.333,1,27,10,0,0,1,0.05,0.004,200000
5932,400,-0.891,1,19,10,0,1,1,0.05,0.004,200000
5933,400,-6.131,2,23,12,0,0,1,0.05,0.004,200000
5934,78,-15.767,0,3,5,1,0,0,0.05,0.004,200000
5935,241,-0.58,3,26,8,0,1,0,0.05,0.004,200000
5936,400,0.826,1,23,16,0,0,1,0.05,0.004,200000
5937,177,-10.783,0,0,4,0,0,0,0.05,0.004,200000
5938,215,-16.364,0,5,4,1,0,0,0.05,0.004,200000
5939,400,1.821,6,16,34,0,0,1,0.05,0.004,200000
5940,400,0.429,3,27,11,0,0,1,0.05,0.004,200000
5941,400,-8.273,0,9,8,0,0,1,0.05,0.004,200000
5942,181,-19.083,0,4,6,1,0,0,0.05,0.004,200000
5943,78,-7.765,0,0,4,0,0,0,0.05,0.004,200000
5944,77,-5.647,1,8,3,0,0,0,0.05,0.004,200000
5945,400,-7.625,0,8,7,0,0,1,0.05,0.004,200000
5946,400,-5.597,2,17,18,0,0,1,0.05,0.004,200000
5947,200,-13.591,0,14,5,1,0,0,0.05,0.004,200000
5948,33,-14.337,0,3,3,1,0,0,0.05,0.004,200000
5949,57,-15.99,0,4,0,1,0,0,0.05,0.004,200000
5950,400,4.303,4,36,4,0,0,1,0.05,0.004,200000
5951,63,-7.142,0,0,0,0,0,0,0.05,0.004,200000
5952,60,-14.722,0,8,2,1,0,0,0.05,0.004,200000
5953,400,-3.564,3,17,12,0,0,1,0.05,0.004,200000
5954,251,-14.097,0,4,9,0,0,0,0.05,0.004,200000
5955,369,-13.497,1,12,16,1,0,0,0.05,0.004,200000
5956,141,-8.886,2,22,9,1,0,0,0.05,0.004,200000
5957,90,-6.735,1,2,1,0,0,0,0.05,0.004,200000
5958,41,-15.675,0,4,2,1,0,0,0.05,0.004,200000
5959,305,-20.92,0,12,15,1,0,0,0.05,0.004,200000
5960,117,-9.405,0,0,3,0,0,0,0.05,0.004,200000
5961,384,-18.426,0,5,23,1,0,0,0.05,0.004,200000
5962,83,-13.723,0,12,1,1,0,0,0.05,0.004,200000
5963,101,-8.953,0,0,2,0,0,0,0.05,0.004,200000
5964,400,-10.277,0,19,12,0,0,1,0.05,0.004,200000
5965,170,-9.522,0,4,5,0,0,0,0.05,0.004,200000
5966,229,-11.617,0,0,4,0,0,0,0.05,0.004,200000
5967,397,-15.264,2,9,39,1,0,0,0.05,0.004,200000
5968,83,-18.016,0,2,3,1,0,0,0.05,0.004,200000
5969,66,-6.954,0,13,1,1,0,0,0.05,0.004,200000
5970,291,-7.313,2,35,13,1,0,0,0.05,0.004,200000
5971,400,-0.886,1,22,23,0,0,1,0.05,0.004,200000
5972,400,-14.783,0,9,49,0,0,1,0.05,0.004,200000
5973,34,-14.182,0,4,2,1,0,0,0.05,0.004,200000
5974,400,7.752,3,23,4,0,1,1,0.05,0.004,200000
5975,87,-7.945,0,0,1,0,0,0,0.05,0.004,200000
5976,239,-5.26,2,13,6,0,0,0,0.05,0.004,200000
5977,153,-12.043,0,8,3,1,0,0,0.05,0.004,200000
5978,246,-3.93,1,15,8,0,0,0,0.05,0.004,200000
5979,400,-1.995,2,17,13,0,0,1,0.05,0.004,200000
5980,400,-3.215,2,23,17,0,0,1,0.05,0.004,200000
5981,274,-12.443,2,18,10,1,0,0,0.05,0.004,200000
5982,400,0.678,1,20,11,0,0,1,0.05,0.004,200000
5983,35,-15.045,0,4,0,1,0,0,0.05,0.004,200000
5984,400,0.114,1,24,31,0,0,1,0.05,0.004,200000
5985,114,-17.806,0,3,3,1,0,0,0.05,0.004,200000
5986,50,-15.694,0,3,2,1,0,0,0.05,0.004,200000
5987,176,-19.656,0,2,9,1,0,0,0.05,0.004,200000
5988,99,-14.345,0,10,2,1,0,0,0.05,0.004,200000
5989,321,-3.21,3,21,6,1,0,0,0.05,0.004,200000
5990,97,-14.618,0,8,4,1,0,0,0.05,0.004,200000
5991,400,-8.283,0,21,24,0,0,1,0.05,0.004,200000
5992,36,-16.026,0,2,2,1,0,0,0.05,0.004,200000
5993,400,-0.5,3,28,12,0,0,1,0.05,0.004,200000
5994,400,-7.372,0,9,4,0,0,1,0.05,0.004,200000
5995,7,-13.568,0,3,3,1,0,0,0.05,0.004,200000
5996,400,-7.183,2,14,8,0,0,1,0.05,0.004,200000
5997,400,2.096,1,42,12,0,0,1,0.05,0.004,200000
5998,400,-3.823,1,12,15,0,0,1,0.05,0.004,200000
5999,400,-4.913,1,23,8,0,0,1,0.05,0.004,200000
6000,400,-3.02,2,20,29,0,0,1,0.05,0.004,200000
6001,98,-14.015,0,5,3,1,0,0,0.05,0.004,200000
6002,400,-7.76,2,10,25,0,0,1,0.05,0.004,200000
6003,400,-3.065,3,20,30,0,0,1,0.05,0.004,200000
6004,135,-17.985,0,2,4,1,0,0,0.05,0.004,200000
6005,90,-18.928,0,4,9,1,0,0,0.05,0.004,200000
6006,400,2.243,6,25,10,0,0,1,0.05,0.004,200000
6007,400,-3.438,2,25,12,0,0,1,0.05,0.004,200000
6008,154,-17.01,0,9,5,1,0,0,0.05,0.004,200000
6009,89,-14.362,0,6,3,1,0,0,0.05,0.004,200000
6010,400,-2.15,3,31,45,0,0,1,0.05,0.004,200000
6011,41,-16.088,0,1,2,1,0,0,0.05,0.004,200000
6012,400,-6.012,2,14,9,0,0,1,0.05,0.004,200000
6013,400,9.842,4,27,17,0,1,1,0.05,0.004,200000
6014,230,-12.312,3,17,11,1,0,0,0.05,0.004,200000
6015,400,-7.795,1,11,21,0,0,1,0.05,0.004,200000
6016,366,-9.188,2,25,28,1,0,0,0.05,0.004,200000
6017,77,-8.157,0,0,2,0,0,0,0.05,0.004,200000
6018,238,-17.827,0,4,8,1,0,0,0.05,0.004,200000
6019,209,-14.621,2,11,6,1,0,0,0.05,0.004,200000
6020,74,-12.833,0,3,0,1,0,0,0.05,0.004,200000
6021,211,-11.058,0,19,7,1,0,0,0.05,0.004,200000
6022,400,1.488,3,22,23,0,0,1,0.05,0.004,200000
6023,394,-14.522,0,12,34,1,0,0,0.05,0.004,200000
6024,224,-17.203,0,11,7,1,0,0,0.05,0.004,200000
6025,301,-14.611,1,14,16,1,0,0,0.05,0.004,200000
6026,400,-4.894,1,6,21,0,0,1,0.05,0.004,200000
6027,125,-6.613,0,12,3,0,0,0,0.05,0.004,200000
6028,100,-15.792,0,5,2,1,0,0,0.05,0.004,200000
6029,133,-8.944,1,5,23,0,0,0,0.05,0.004,200000
6030,400,-1.834,1,20,23,0,0,1,0.05,0.004,200000
6031,400,-2.035,1,18,38,0,0,1,0.05,0.004,200000
6032,400,1.642,0,21,9,0,0,1,0.05,0.004,200000
6033,24,-15.049,0,3,0,1,0,0,0.05,0.004,200000
6034,400,-3.575,4,20,2,0,0,1,0.05,0.004,200000
6035,400,0.603,4,22,14,0,0,1,0.05,0.004,200000
6036,400,13.015,7,39,13,0,0,1,0.05,0.004,200000
6037,349,-7.138,6,50,19,1,0,0,0.05,0.004,200000
6038,400,-2.141,2,9,15,0,1,1,0.05,0.004,200000
6039,155,-13.889,0,10,19,1,0,0,0.05,0.004,200000
6040,299,-20.916,0,4,12,1,0,0,0.05,0.004,200000
6041,173,-20.118,0,3,3,1,0,0,0.05,0.004,200000
6042,400,4.672,0,30,10,0,1,1,0.05,0.004,200000
6043,158,-4.863,1,11,10,0,0,0,0.05,0.004,200000
6044,400,-6.849,1,15,34,0,0,1,0.05,0.004,200000
6045,50,-5.051,0,8,2,0,0,0,0.05,0.004,200000
6046,400,-0.646,2,20,8,0,0,1,0.05,0.004,200000
6047,400,3.126,3,22,30,0,0,1,0.05,0.004,200000
6048,400,1.295,3,15,29,0,0,1,0.05,0.004,200000
6049,307,-21.821,0,0,37,0,0,0,0.05,0.004,200000
6050,231,-4.445,1,25,24,0,0,0,0.05,0.004,200000
6051,299,-8.801,2,36,11,1,0,0,0.05,0.004,200000
6052,117,-10.781,0,0,2,0,0,0,0.05,0.004,200000
6053,400,-2.595,2,20,13,0,0,1,0.05,0.004,200000
6054,274,-14.809,1,20,4,1,0,0,0.05,0.004,200000
6055,400,1.784,3,17,10,0,0,1,0.05,0.004,200000
6056,256,-11.116,0,12,1,0,0,0,0.05,0.004,200000
6057,400,-3.633,0,17,15,0,0,1,0.05,0.004,200000
6058,7,-13.139,0,4,0,1,0,0,0.05,0.004,200000
6059,236,-19.514,1,4,4,1,0,0,0.05,0.004,200000
6060,400,8.784,5,35,22,0,0,1,0.05,0.004,200000
6061,400,-2.426,1,22,20,0,0,1,0.05,0.004,200000
6062,47,-7.568,0,0,1,0,0,0,0.05,0.004,200000
6063,400,-7.431,0,3,6,0,0,1,0.05,0.004,200000
6064,400,-6.157,3,14,46,0,0,1,0.05,0.004,200000
6065,400,-6.416,1,26,4,0,0,1,0.05,0.004,200000
6066,28,-14.052,0,3,0,1,0,0,0.05,0.004,200000
6067,362,-8.795,2,29,7,1,0,0,0.05,0.004,200000
6068,400,6.697,1,36,12,0,1,1,0.05,0.004,200000
6069,400,0.904,2,27,7,0,0,1,0.05,0.004,200000
6070,295,-8.35,2,13,8,0,0,0,0.05,0.004,200000
6071,78,-8.577,0,0,0,0,0,0,0.05,0.004,200000
6072,400,-5.256,1,7,17,0,0,1,0.05,0.004,200000
6073,400,-0.434,1,25,11,0,0,1,0.05,0.004,200000
6074,364,-21.823,0,12,44,1,0,0,0.05,0.004,200000
6075,400,-5.177,1,24,7,0,0,1,0.05,0.004,200000
6076,400,-13.843,0,7,14,0,0,1,0.05,0.004,200000
6077,388,-17.037,5,21,16,1,0,0,0.05,0.004,200000
6078,181,-2.847,3,28,3,1,0,0,0.05,0.004,200000
6079,240,-19.371,0,9,6,1,0,0,0.05,0.004,200000
6080,212,-16.967,0,7,22,1,0,0,0.05,0.004,200000
6081,400,-8.409,1,4,8,0,0,1,0.05,0.004,200000
6082,400,-4.924,1,18,40,0,0,1,0.05,0.004,200000
6083,229,-8.395,0,2,4,0,0,0,0.05,0.004,200000
6084,400,6.221,4,35,14,0,0,1,0.05,0.004,200000
6085,74,-17.087,0,2,3,1,0,0,0.05,0.004,200000
6086,400,-3.601,1,6,7,0,0,1,0.05,0.004,200000
6087,400,-4.707,0,25,10,0,0,1,0.05,0.004,200000
6088,400,-1.101,1,14,10,0,0,1,0.05,0.004,200000
6089,61,-7.219,0,0,4,0,0,0,0.05,0.004,200000
6090,400,1.008,0,15,9,0,0,1,0.05,0.004,200000
6091,123,-12.913,0,2,6,1,0,0,0.05,0.004,200000
6092,400,-10.113,0,16,23,0,0,1,0.05,0.004,200000
6093,50,-12.328,1,9,5,1,0,0,0.05,0.004,200000
6094,248,-6.069,4,21,6,1,0,0,0.05,0.004,200000
6095,354,0.365,5,40,8,1,1,0,0.05,0.004,200000
6096,168,-9.67,0,0,2,0,0,0,0.05,0.004,200000
6097,19,-13.638,0,2,0,1,0,0,0.05,0.004,200000
6098,155,-6.597,2,22,6,1,0,0,0.05,0.004,200000
6099,203,-15.347,0,9,7,1,0,0,0.05,0.004,200000
6100,232,-12.502,1,26,8,1,0,0,0.05,0.004,200000
6101,188,-19.688,0,2,4,1,0,0,0.05,0.004,200000
6102,397,-6.429,4,33,4,1,0,0,0.05,0.004,200000
6103,104,-8.643,0,0,5,0,0,0,0.05,0.004,200000
6104,395,-8.922,1,15,13,1,0,0,0.05,0.004,200000
6105,400,7.893,2,41,8,0,0,1,0.05,0.004,200000
6106,377,-3.809,1,29,9,1,1,0,0.05,0.004,200000
6107,161,-7.007,1,7,3,0,0,0,0.05,0.004,200000
6108,400,-3.453,2,22,13,0,0,1,0.05,0.004,200000
6109,400,3.113,2,32,5,0,0,1,0.05,0.004,200000
6110,181,-10.488,0,0,3,0,0,0,0.05,0.004,200000
6111,39,-6.272,0,3,2,0,0,0,0.05,0.004,200000
6112,254,-13.806,0,14,9,1,0,0,0.05,0.004,200000
6113,137,-18.391,0,5,3,1,0,0,0.05,0.004,200000
6114,400,-1.319,4,23,9,0,0,1,0.05,0.004,200000
6115,400,-6.107,0,10,9,0,0,1,0.05,0.004,200000
6116,29,-14.079,0,3,1,1,0,0,0.05,0.004,200000
6117,400,7.911,5,39,20,0,0,1,0.05,0.004,200000
6118,80,-16.119,0,2,2,1,0,0,0.05,0.004,200000
6119,400,-5.383,1,18,12,0,0,1,0.05,0.004,200000
6120,400,-11.135,1,9,26,0,0,1,0.05,0.004,200000
6121,229,-5.997,2,11,11,0,0,0,0.05,0.004,200000
6122,123,-6.191,0,12,5,0,0,0,0.05,0.004,200000
6123,270,-20.681,0,11,11,1,0,0,0.05,0.004,200000
6124,36,-12.582,0,2,0,1,0,0,0.05,0.004,200000
6125,349,-6.131,3,52,17,1,0,0,0.05,0.004,200000
6126,112,-17.265,0,3,2,1,0,0,0.05,0.004,200000
6127,400,-4.073,1,23,12,0,0,1,0.05,0.004,200000
6128,400,-2.341,3,21,43,0,0,1,0.05,0.004,200000
6129,400,2.779,3,34,27,0,0,1,0.05,0.004,200000
6130,361,-7.37,3,24,20,0,0,0,0.05,0.004,200000
6131,400,-1.764,2,25,22,0,0,1,0.05,0.004,200000
6132,225,3.382,2,34,4,0,1,0,0.05,0.004,200000
6133,50,-14.854,0,4,2,1,0,0,0.05,0.004,200000
6134,400,-4.85,1,14,10,0,0,1,0.05,0.004,200000
6135,400,-4.66,2,19,29,0,0,1,0.05,0.004,200000
6136,163,-16.246,1,8,3,1,0,0,0.05,0.004,200000
6137,400,-4.892,2,18,18,0,0,1,0.05,0.004,200000
6138,400,-8.371,1,22,21,0,0,1,0.05,0.004,200000
6139,345,-9.819,2,27,13,1,0,0,0.05,0.004,200000
6140,258,-10.549,0,15,9,0,0,0,0.05,0.004,200000
6141,172,-16.735,0,14,28,1,0,0,0.05,0.004,200000
6142,390,-11.989,1,16,18,1,0,0,0.05,0.004,200000
6143,5,-14.756,0,3,0,1,0,0,0.05,0.004,200000
6144,334,-15.676,1,15,14,1,0,0,0.05,0.004,200000
6145,83,-11.764,0,10,6,1,0,0,0.05,0.004,200000
6146,204,-13.886,0,10,7,1,0,0,0.05,0.004,200000
6147,98,-14.952,0,3,9,1,0,0,0.05,0.004,200000
6148,143,-9.612,0,0,6,0,0,0,0.05,0.004,200000
6149,100,-7.317,0,0,3,0,0,0,0.05,0.004,200000
6150,113,-6.855,0,6,1,0,0,0,0.05,0.004,200000
6151,400,-4.923,1,11,16,0,0,1,0.05,0.004,200000
6152,100,-11.784,0,8,2,1,0,0,0.05,0.004,200000
6153,133,-8.521,1,5,7,0,0,0,0.05,0.004,200000
6154,400,-10.153,0,7,8,0,0,1,0.05,0.004,200000
6155,127,-8.992,0,2,1,0,0,0,0.05,0.004,200000
6156,40,-7.958,0,0,0,0,0,0,0.05,0.004,200000
6157,400,6.222,3,46,14,0,0,1,0.05,0.004,200000
6158,275,-10.131,0,25,3,1,0,0,0.05,0.004,200000
6159,263,-12.348,0,5,6,0,0,0,0.05,0.004,200000
6160,400,-1.912,1,24,12,0,0,1,0.05,0.004,200000
6161,400,-3.133,1,8,8,0,0,1,0.05,0.004,200000
6162,400,5.863,5,40,22,0,0,1,0.05,0.004,200000
6163,400,-2.431,1,14,13,0,0,1,0.05,0.004,200000
6164,153,-10.479,1,16,4,1,0,0,0.05,0.004,200000
6165,387,-15.472,1,19,10,1,0,0,0.05,0.004,200000
6166,142,-7.767,0,0,0,0,0,0,0.05,0.004,200000
6167,400,1.545,3,27,27,0,0,1,0.05,0.004,200000
6168,76,-7.237,0,0,7,0,0,0,0.05,0.004,200000
6169,10,-15.069,0,1,1,1,0,0,0.05,0.004,200000
6170,137,-14.713,0,6,14,1,0,0,0.05,0.004,200000
6171,141,-11.657,0,16,41,1,0,0,0.05,0.004,200000
6172,400,4.45,2,23,23,0,1,1,0.05,0.004,200000
6173,230,-16.688,1,23,7,1,0,0,0.05,0.004,200000
6174,162,-6.894,2,13,15,0,0,0,0.05,0.004,200000
6175,370,-14.719,1,18,7,1,0,0,0.05,0.004,200000
6176,400,-0.457,2,22,28,0,0,1,0.05,0.004,200000
6177,400,5.045,6,27,7,0,0,1,0.05,0.004,200000
6178,64,-18.506,0,3,23,1,0,0,0.05,0.004,200000
6179,78,-14.168,0,3,3,1,0,0,0.05,0.004,200000
6180,400,4.929,4,43,13,0,0,1,0.05,0.004,200000
6181,400,-5.021,0,20,23,0,0,1,0.05,0.004,200000
6182,346,-9.632,4,17,15,1,0,0,0.05,0.004,200000
6183,400,-0.78,3,36,28,0,0,1,0.05,0.004,200000
6184,400,-9.269,0,9,7,0,0,1,0.05,0.004,200000
6185,246,-9.68,0,27,5,1,0,0,0.05,0.004,200000
6186,225,-12.119,3,14,37,1,0,0,0.05,0.004,200000
6187,60,-13.063,0,3,2,1,0,0,0.05,0.004,200000
6188,400,1.675,3,19,24,0,0,1,0.05,0.004,200000
6189,44,-16.145,0,4,2,1,0,0,0.05,0.004,200000
6190,400,-9.022,1,15,35,0,0,1,0.05,0.004,200000
6191,400,-6.847,0,12,16,0,0,1,0.05,0.004,200000
6192,400,-2.303,3,22,21,0,1,1,0.05,0.004,200000
6193,185,-8.303,5,15,15,1,0,0,0.05,0.004,200000
6194,400,-3.236,1,15,32,0,0,1,0.05,0.004,200000
6195,400,-5.893,2,15,17,0,0,1,0.05,0.004,200000
6196,400,1.493,3,26,29,0,0,1,0.05,0.004,200000
6197,75,-10.812,0,5,2,1,0,0,0.05,0.004,200000
6198,137,-18.228,0,4,4,1,0,0,0.05,0.004,200000
6199,400,1.604,2,33,29,0,0,1,0.05,0.004,200000
6200,400,2.474,2,25,9,0,0,1,0.05,0.004,200000
6201,59,-5.56,1,0,0,0,0,0,0.05,0.004,200000
6202,5,-13.365,0,3,1,1,0,0,0.05,0.004,200000
6203,109,-9.678,0,1,1,0,0,0,0.05,0.004,200000
6204,170,-4.094,2,9,4,0,0,0,0.05,0.004,200000
6205,315,-10.738,1,4,9,0,0,0,0.05,0.004,200000
6206,400,-6.315,1,7,16,0,0,1,0.05,0.004,200000
6207,307,-20.49,0,4,50,1,0,0,0.05,0.004,200000
6208,86,-16.501,0,4,3,1,0,0,0.05,0.004,200000
6209,47,-13.824,0,3,2,1,0,0,0.05,0.004,200000
6210,227,-17.745,1,15,4,1,0,0,0.05,0.004,200000
6211,400,-9.322,0,10,19,0,0,1,0.05,0.004,200000
6212,400,-8.873,1,19,40,0,0,1,0.05,0.004,200000
6213,61,-16.057,0,3,5,1,0,0,0.05,0.004,200000
6214,400,-4.648,0,11,5,0,0,1,0.05,0.004,200000
6215,400,0.151,1,19,10,0,0,1,0.05,0.004,200000
6216,400,-2.279,3,18,19,0,0,1,0.05,0.004,200000
6217,400,5.021,4,21,9,0,1,1,0.05,0.004,200000
6218,105,-11.784,0,4,2,1,0,0,0.05,0.004,200000
6219,62,-5.172,1,8,11,0,0,0,0.05,0.004,200000
6220,176,-14.658,0,8,3,1,0,0,0.05,0.004,200000
6221,400,-1.372,3,24,15,0,0,1,0.05,0.004,200000
6222,284,-8.834,0,4,2,0,0,0,0.05,0.004,200000
6223,32,-15.964,0,2,3,1,0,0,0.05,0.004,200000
6224,400,6.493,3,32,12,0,0,1,0.05,0.004,200000
6225,11,-15.124,0,3,3,1,0,0,0.05,0.004,200000
6226,400,6.811,3,31,6,0,0,1,0.05,0.004,200000
6227,228,-10.826,0,2,7,0,0,0,0.05,0.004,200000
6228,106,-18.913,0,2,8,1,0,0,0.05,0.004,200000
6229,269,-7.677,2,17,4,1,0,0,0.05,0.004,200000
6230,93,-6.29,1,3,0,0,0,0,0.05,0.004,200000
6231,400,-5.109,0,16,18,0,0,1,0.05,0.004,200000
6232,120,1.881,3,37,3,0,0,0,0.05,0.004,200000
6233,44,-13.942,0,4,3,1,0,0,0.05,0.004,200000
6234,400,8.942,6,36,19,0,0,1,0.05,0.004,200000
6235,151,-8.375,0,0,4,0,0,0,0.05,0.004,200000
6236,297,-8.463,2,25,8,0,0,0,0.05,0.004,200000
6237,227,-18.914,0,13,8,1,0,0,0.05,0.004,200000
6238,400,1.222,6,38,30,0,0,1,0.05,0.004,200000
6239,400,-1.372,2,27,22,0,0,1,0.05,0.004,200000
6240,167,-10.689,0,8,5,0,0,0,0.05,0.004,200000
6241,254,-12.374,0,4,8,0,0,0,0.05,0.004,200000
6242,400,2.642,1,13,8,0,0,1,0.05,0.004,200000
6243,400,-6.21,1,15,58,0,1,1,0.05,0.004,200000
6244,66,-10.767,0,9,4,1,0,0,0.05,0.004,200000
6245,340,-11.53,1,25,8,1,0,0,0.05,0.004,200000
6246,161,-8.509,0,10,1,0,0,0,0.05,0.004,200000
6247,379,-10.752,2,20,5,1,0,0,0.05,0.004,200000
6248,400,0.208,2,12,11,0,0,1,0.05,0.004,200000
6249,221,-4.855,5,25,8,1,0,0,0.05,0.004,200000
6250,121,-12.468,0,9,3,1,0,0,0.05,0.004,200000
6251,217,-6.49,0,18,6,0,0,0,0.05,0.004,200000
6252,400,6.322,4,34,32,0,0,1,0.05,0.004,200000
6253,90,-15.528,0,2,1,1,0,0,0.05,0.004,200000
6254,400,-1.845,2,15,10,0,0,1,0.05,0.004,200000
6255,400,5.102,3,32,5,0,0,1,0.05,0.004,200000
6256,215,-6.877,1,14,7,0,0,0,0.05,0.004,200000
6257,212,-6.708,1,16,7,1,0,0,0.05,0.004,200000
6258,400,3.327,3,23,8,0,0,1,0.05,0.004,200000
6259,13,-15.014,0,4,3,1,0,0,0.05,0.004,200000
6260,400,-7.367,0,12,17,0,0,1,0.05,0.004,200000
6261,400,-2.865,2,16,16,0,0,1,0.05,0.004,200000
6262,381,-18.268,0,14,16,1,0,0,0.05,0.004,200000
6263,400,-3.074,1,22,18,0,0,1,0.05,0.004,200000
6264,400,-0.528,4,24,15,0,0,1,0.05,0.004,200000
6265,400,0.574,1,29,17,0,0,1,0.05,0.004,200000
6266,218,-19.798,0,6,4,1,0,0,0.05,0.004,200000
6267,98,-17.679,0,3,5,1,0,0,0.05,0.004,200000
6268,25,-14.569,0,8,8,1,0,0,0.05,0.004,200000
6269,58,-18.53,0,2,33,1,0,0,0.05,0.004,200000
6270,67,-17.287,0,3,4,1,0,0,0.05,0.004,200000
6271,400,-4.396,2,15,9,0,0,1,0.05,0.004,200000
6272,63,-12.173,1,11,16,1,0,0,0.05,0.004,200000
6273,400,8.243,3,31,6,0,0,1,0.05,0.004,200000
6274,400,-9.516,0,13,14,0,0,1,0.05,0.004,200000
6275,400,2.431,3,24,11,0,1,1,0.05,0.004,200000
6276,186,-10.13,0,4,2,0,0,0,0.05,0.004,200000
6277,400,1.082,1,24,4,0,0,1,0.05,0.004,200000
6278,400,-2.357,1,17,11,0,1,1,0.05,0.004,200000
6279,400,1.489,2,28,15,0,0,1,0.05,0.004,200000
6280,143,-6.131,0,9,2,0,0,0,0.05,0.004,200000
6281,69,-9.702,1,9,0,1,0,0,0.05,0.004,200000
6282,59,-7.003,0,0,1,0,0,0,0.05,0.004,200000
6283,400,2.479,2,25,18,0,0,1,0.05,0.004,200000
6284,400,-0.742,1,28,7,0,0,1,0.05,0.004,200000
6285,400,-3.65,1,15,7,0,0,1,0.05,0.004,200000
6286,400,-3.157,2,29,24,0,0,1,0.05,0.004,200000
6287,105,-3.817,0,15,1,0,0,0,0.05,0.004,200000
6288,400,-1.702,3,19,8,0,0,1,0.05,0.004,200000
6289,104,-16.304,0,4,9,1,0,0,0.05,0.004,200000
6290,154,-2.709,3,22,16,1,1,0,0.05,0.004,200000
6291,357,-13.413,1,18,17,1,0,0,0.05,0.004,200000
6292,368,-9.436,3,17,6,1,0,0,0.05,0.004,200000
6293,400,-4.9,1,14,26,0,0,1,0.05,0.004,200000
6294,223,-17.37,0,9,7,1,0,0,0.05,0.004,200000
6295,400,0.795,3,27,58,0,0,1,0.05,0.004,200000
6296,400,-3.902,2,15,28,0,0,1,0.05,0.004,200000
6297,400,-1.821,3,13,23,0,0,1,0.05,0.004,200000
6298,400,5.098,5,44,30,0,0,1,0.05,0.004,200000
6299,224,-10.713,0,2,14,0,0,0,0.05,0.004,200000
6300,141,-12.611,0,16,6,1,0,0,0.05,0.004,200000
6301,84,-3.214,0,11,2,0,0,0,0.05,0.004,200000
6302,160,-15.859,1,8,4,1,0,0,0.05,0.004,200000
6303,400,1.786,4,30,11,0,0,1,0.05,0.004,200000
6304,400,-2.149,3,16,9,0,0,1,0.05,0.004,200000
6305,209,-7.471,1,35,8,1,0,0,0.05,0.004,200000
6306,400,-0.523,2,20,12,0,0,1,0.05,0.004,200000
6307,125,-8.128,0,0,4,0,0,0,0.05,0.004,200000
6308,355,-11.503,1,2,7,0,0,0,0.05,0.004,200000
6309,400,-0.447,2,23,8,0,0,1,0.05,0.004,200000
6310,400,0.03,2,14,9,0,0,1,0.05,0.004,200000
6311,159,-9.877,2,19,19,1,0,0,0.05,0.004,200000
6312,49,-12.347,0,2,1,1,0,0,0.05,0.004,200000
6313,256,-9.422,0,4,4,0,0,0,0.05,0.004,200000
6314,278,-0.934,1,27,26,0,1,0,0.05,0.004,200000
6315,166,-15.344,0,8,8,1,0,0,0.05,0.004,200000
6316,400,-9.398,0,10,41,0,0,1,0.05,0.004,200000
6317,400,-3.602,2,11,25,0,0,1,0.05,0.004,200000
6318,143,-2.664,1,23,4,0,0,0,0.05,0.004,200000
6319,400,-4.758,1,11,18,0,0,1,0.05,0.004,200000
6320,400,-7.791,1,17,26,0,0,1,0.05,0.004,200000
6321,56,-16.869,0,3,5,1,0,0,0.05,0.004,200000
6322,122,-18.883,0,4,4,1,0,0,0.05,0.004,200000
6323,400,2.532,1,16,22,0,1,1,0.05,0.004,200000
6324,106,-7.306,3,15,2,1,0,0,0.05,0.004,200000
6325,400,-6.198,2,16,37,0,1,1,0.05,0.004,200000
6326,97,-15.668,0,7,7,1,0,0,0.05,0.004,200000
6327,166,-15.279,0,11,6,1,0,0,0.05,0.004,200000
6328,400,-4.921,2,26,18,0,0,1,0.05,0.004,200000
6329,400,0.553,1,21,19,0,0,1,0.05,0.004,200000
6330,171,-19.453,0,5,30,1,0,0,0.05,0.004,200000
6331,10,-13.197,0,3,3,1,0,0,0.05,0.004,200000
6332,246,-1.23,3,38,6,1,0,0,0.05,0.004,200000
6333,158,-4.303,2,29,7,1,0,0,0.05,0.004,200000
6334,256,-13.294,1,18,21,1,0,0,0.05,0.004,200000
6335,77,-13.341,1,7,2,1,0,0,0.05,0.004,200000
6336,400,1.511,2,35,21,0,0,1,0.05,0.004,200000
6337,206,-12.219,0,8,7,0,0,0,0.05,0.004,200000
6338,41,-11.748,0,3,2,1,0,0,0.05,0.004,200000
6339,254,-12.757,2,28,22,1,0,0,0.05,0.004,200000
6340,400,-4.955,0,12,7,0,0,1,0.05,0.004,200000
6341,400,-16.484,0,8,49,0,0,1,0.05,0.004,200000
6342,400,-2.784,2,15,10,0,0,1,0.05,0.004,200000
6343,400,11.361,3,45,7,0,0,1,0.05,0.004,200000
6344,171,-8.56,0,5,6,0,0,0,0.05,0.004,200000
6345,400,-6.222,2,12,9,0,0,1,0.05,0.004,200000
6346,400,-4.867,1,14,30,0,0,1,0.05,0.004,200000
6347,400,-4.71,1,10,22,0,0,1,0.05,0.004,200000
6348,158,-8.85,0,0,1,0,0,0,0.05,0.004,200000
6349,14,-15.269,0,3,2,1,0,0,0.05,0.004,200000
6350,400,-3.82,2,21,33,0,0,1,0.05,0.004,200000
6351,174,-6.871,1,5,5,0,0,0,0.05,0.004,200000
6352,332,-10.258,2,15,9,0,0,0,0.05,0.004,200000
6353,260,-10.189,0,3,7,0,0,0,0.05,0.004,200000
6354,17,-15.458,0,1,3,1,0,0,0.05,0.004,200000
6355,202,-18.491,0,8,9,1,0,0,0.05,0.004,200000
6356,340,-13.613,0,0,13,0,0,0,0.05,0.004,200000
6357,400,-4.352,1,17,12,0,0,1,0.05,0.004,200000
6358,79,-11.076,1,20,6,1,0,0,0.05,0.004,200000
6359,168,-13.498,0,0,3,0,0,0,0.05,0.004,200000
6360,400,-7.531,1,5,17,0,0,1,0.05,0.004,200000
6361,288,-15.448,3,16,42,1,0,0,0.05,0.004,200000
6362,400,-6.487,1,28,28,0,0,1,0.05,0.004,200000
6363,133,-10.451,0,2,5,0,0,0,0.05,0.004,200000
6364,167,-6.553,1,30,7,1,0,0,0.05,0.004,200000
6365,366,-5.201,3,49,21,1,0,0,0.05,0.004,200000
6366,366,-20.644,0,9,27,1,0,0,0.05,0.004,200000
6367,96,-12.427,0,3,2,1,0,0,0.05,0.004,200000
6368,376,-18.261,1,6,6,1,0,0,0.05,0.004,200000
6369,400,0.189,2,24,13,0,0,1,0.05,0.004,200000
6370,56,-13.212,0,1,1,1,0,0,0.05,0.004,200000
6371,400,-11.365,0,4,40,0,0,1,0.05,0.004,200000
6372,150,-9.506,1,0,4,0,0,0,0.05,0.004,200000
6373,400,-10.412,0,12,28,0,0,1,0.05,0.004,200000
6374,148,-9.589,1,10,3,1,0,0,0.05,0.004,200000
6375,400,-2.926,2,28,10,0,0,1,0.05,0.004,200000
6376,201,-15.662,0,4,3,1,0,0,0.05,0.004,200000
6377,400,4.502,3,34,5,0,0,1,0.05,0.004,200000
6378,237,-3.682,2,13,8,0,0,0,0.05,0.004,200000
6379,400,-2.48,1,28,12,0,0,1,0.05,0.004,200000
6380,66,-15.942,0,3,1,1,0,0,0.05,0.004,200000
6381,73,-16.592,0,4,3,1,0,0,0.05,0.004,200000
6382,400,-7.501,0,11,7,0,0,1,0.05,0.004,200000
6383,304,-6.661,3,20,7,1,0,0,0.05,0.004,200000
6384,340,-10.364,1,17,16,1,0,0,0.05,0.004,200000
6385,400,1.361,5,32,7,0,0,1,0.05,0.004,200000
6386,288,-10.284,3,18,7,1,0,0,0.05,0.004,200000
6387,347,-9.739,3,27,17,1,0,0,0.05,0.004,200000
6388,400,-3.087,1,8,5,0,0,1,0.05,0.004,200000
6389,400,-2.535,1,20,4,0,0,1,0.05,0.004,200000
6390,400,2.458,1,22,8,0,0,1,0.05,0.004,200000
6391,71,-14.435,1,7,5,1,0,0,0.05,0.004,200000
6392,400,-4.711,1,15,12,0,0,1,0.05,0.004,200000
6393,174,-8.931,0,17,2,1,0,0,0.05,0.004,200000
6394,381,-18.14,0,11,11,1,0,0,0.05,0.004,200000
6395,71,-14.71,0,9,4,1,0,0,0.05,0.004,200000
6396,400,-4.645,0,22,12,0,0,1,0.05,0.004,200000
6397,11,-14.157,0,3,4,1,0,0,0.05,0.004,200000
6398,400,0.14,1,20,7,0,0,1,0.05,0.004,200000
6399,400,-2.91,0,15,17,0,0,1,0.05,0.004,200000
6400,302,-18.673,0,9,8,1,0,0,0.05,0.004,200000
6401,264,-8.982,5,23,12,1,0,0,0.05,0.004,200000
6402,400,-0.818,2,22,27,0,0,1,0.05,0.004,200000
6403,248,-8.915,1,4,23,0,0,0,0.05,0.004,200000
6404,155,-17.723,0,4,2,1,0,0,0.05,0.004,200000
6405,165,-12.624,1,12,7,1,0,0,0.05,0.004,200000
6406,339,-12.382,1,20,14,1,0,0,0.05,0.004,200000
6407,275,-6.688,1,30,6,1,0,0,0.05,0.004,200000
6408,313,-20.661,0,7,55,1,0,0,0.05,0.004,200000
6409,142,2.499,2,39,0,0,0,0,0.05,0.004,200000
6410,400,-6.54,0,18,14,0,0,1,0.05,0.004,200000
6411,188,-15.078,1,14,4,1,0,0,0.05,0.004,200000
6412,400,-8.37,0,13,12,0,0,1,0.05,0.004,200000
6413,400,1.99,1,21,10,0,0,1,0.05,0.004,200000
6414,400,-0.4,3,29,17,0,0,1,0.05,0.004,200000
6415,400,8.821,3,31,25,0,0,1,0.05,0.004,200000
6416,36,-13.702,0,4,2,1,0,0,0.05,0.004,200000
6417,325,-10.634,2,9,15,0,0,0,0.05,0.004,200000
6418,178,2.801,3,30,3,0,0,0,0.05,0.004,200000
6419,321,-11.279,2,19,40,0,0,0,0.05,0.004,200000
6420,94,-10.372,0,8,1,1,0,0,0.05,0.004,200000
6421,400,-5.709,3,21,32,0,0,1,0.05,0.004,200000
6422,400,-0.648,1,28,23,0,1,1,0.05,0.004,200000
6423,136,-8.062,2,14,1,1,0,0,0.05,0.004,200000
6424,400,-4.103,2,17,42,0,0,1,0.05,0.004,200000
6425,400,3.251,3,21,14,0,0,1,0.05,0.004,200000
6426,148,-14.268,0,14,7,1,0,0,0.05,0.004,200000
6427,79,-15.52,0,4,1,1,0,0,0.05,0.004,200000
6428,307,0.379,4,32,11,1,1,0,0.05,0.004,200000
6429,400,-1.808,2,28,34,0,0,1,0.05,0.004,200000
6430,114,-7.494,0,2,2,0,0,0,0.05,0.004,200000
6431,233,-11.013,0,6,4,0,0,0,0.05,0.004,200000
6432,291,-11.15,2,26,7,1,0,0,0.05,0.004,200000
6433,255,-9.517,1,7,7,0,0,0,0.05,0.004,200000
6434,190,-10.978,1,11,6,1,0,0,0.05,0.004,200000
6435,400,3.036,1,32,20,0,0,1,0.05,0.004,200000
6436,196,-7.726,0,9,13,0,0,0,0.05,0.004,200000
6437,322,-14.034,1,13,13,1,0,0,0.05,0.004,200000
6438,400,-4.8,1,14,25,0,0,1,0.05,0.004,200000
6439,7,-14.686,0,4,0,1,0,0,0.05,0.004,200000
6440,386,-11.496,2,14,28,1,0,0,0.05,0.004,200000
6441,134,-11.731,1,14,5,1,0,0,0.05,0.004,200000
6442,251,-11.67,0,9,24,0,0,0,0.05,0.004,200000
6443,342,-15.13,2,31,37,1,0,0,0.05,0.004,200000
6444,265,-5.839,1,22,10,0,0,0,0.05,0.004,200000
6445,265,-3.873,3,25,9,1,1,0,0.05,0.004,200000
6446,37,-16.6,0,2,1,1,0,0,0.05,0.004,200000
6447,135,-8.751,0,0,0,0,0,0,0.05,0.004,200000
6448,89,-12.827,1,15,4,1,0,0,0.05,0.004,200000
6449,400,-4.414,0,14,9,0,0,1,0.05,0.004,200000
6450,400,-6.694,0,10,11,0,0,1,0.05,0.004,200000
6451,59,-11.906,1,11,3,1,0,0,0.05,0.004,200000
6452,400,-9.092,0,3,13,0,0,1,0.05,0.004,200000
6453,146,-10.401,0,4,4,0,0,0,0.05,0.004,200000
6454,400,10.452,4,34,18,0,0,1,0.05,0.004,200000
6455,400,2.148,3,17,26,0,0,1,0.05,0.004,200000
6456,366,-15.306,1,9,18,1,0,0,0.05,0.004,200000
6457,212,-11.819,0,0,1,0,0,0,0.05,0.004,200000
6458,353,-10.291,1,18,7,1,0,0,0.05,0.004,200000
6459,115,-4.748,2,14,1,1,0,0,0.05,0.004,200000
6460,400,-3.289,3,28,38,0,0,1,0.05,0.004,200000
6461,155,-2.863,1,14,4,0,0,0,0.05,0.004,200000
6462,245,-10.482,2,19,10,1,0,0,0.05,0.004,200000
6463,400,-8.452,0,9,8,0,0,1,0.05,0.004,200000
6464,400,-1.233,3,11,23,0,0,1,0.05,0.004,200000
6465,204,-13.552,0,16,8,1,0,0,0.05,0.004,200000
6466,387,-2.682,4,36,19,1,0,0,0.05,0.004,200000
6467,150,-14.629,0,10,7,1,0,0,0.05,0.004,200000
6468,221,-6.533,0,7,7,0,0,0,0.05,0.004,200000
6469,400,-1.582,3,21,7,0,0,1,0.05,0.004,200000
6470,127,-13.325,0,10,7,1,0,0,0.05,0.004,200000
6471,5,-13.356,0,3,1,1,0,0,0.05,0.004,200000
6472,400,4.247,3,18,4,0,0,1,0.05,0.004,200000
6473,400,9.958,6,26,5,0,0,1,0.05,0.004,200000
6474,400,-8.937,1,14,8,0,0,1,0.05,0.004,200000
6475,196,-18.4,0,4,6,1,0,0,0.05,0.004,200000
6476,254,-5.471,0,19,2,0,0,0,0.05,0.004,200000
6477,128,-5.5,0,0,4,0,0,0,0.05,0.004,200000
6478,152,-21.333,0,3,7,1,0,0,0.05,0.004,200000
6479,41,-15.207,0,2,2,1,0,0,0.05,0.004,200000
6480,400,-6.602,1,9,60,0,0,1,0.05,0.004,200000
6481,400,-8.081,0,8,8,0,0,1,0.05,0.004,200000
6482,400,-10.153,1,14,37,0,0,1,0.05,0.004,200000
6483,138,-13.206,0,12,14,1,0,0,0.05,0.004,200000
6484,319,-20.394,2,13,8,1,0,0,0.05,0.004,200000
6485,400,-11.751,0,9,21,0,0,1,0.05,0.004,200000
6486,96,-6.55,0,2,2,0,0,0,0.05,0.004,200000
6487,271,-9.474,0,9,17,0,0,0,0.05,0.004,200000
6488,400,-10.02,2,17,59,0,0,1,0.05,0.004,200000
6489,400,1.687,3,41,39,0,0,1,0.05,0.004,200000
6490,67,-17.235,0,3,4,1,0,0,0.05,0.004,200000
6491,392,-12.649,1,19,19,1,0,0,0.05,0.004,200000
6492,100,-7.876,2,14,1,1,0,0,0.05,0.004,200000
6493,400,1.685,3,26,6,0,0,1,0.05,0.004,200000
6494,228,-0.531,4,33,24,0,0,0,0.05,0.004,200000
6495,400,0.754,2,22,14,0,0,1,0.05,0.004,200000
6496,304,-13.142,2,24,13,1,0,0,0.05,0.004,200000
6497,380,-15.858,1,14,15,1,0,0,0.05,0.004,200000
6498,127,-10.465,0,0,7,0,0,0,0.05,0.004,200000
6499,400,-6.867,0,11,18,0,0,1,0.05,0.004,200000
6500,61,-8.678,0,0,1,0,0,0,0.05,0.004,200000
6501,128,-8.615,0,0,7,0,0,0,0.05,0.004,200000
6502,400,-2.93,1,19,12,0,0,1,0.05,0.004,200000
6503,194,-17.09,0,3,4,1,0,0,0.05,0.004,200000
6504,132,-8.309,3,19,5,1,0,0,0.05,0.004,200000
6505,400,4.375,3,35,20,0,0,1,0.05,0.004,200000
6506,400,-4.588,1,12,9,0,0,1,0.05,0.004,200000
6507,400,0.312,3,21,5,0,0,1,0.05,0.004,200000
6508,400,-10.528,1,10,54,0,0,1,0.05,0.004,200000
6509,340,-7.584,1,13,17,0,0,0,0.05,0.004,200000
6510,154,-12.71,1,12,1,1,0,0,0.05,0.004,200000
6511,400,-5.13,1,26,27,0,0,1,0.05,0.004,200000
6512,213,-23.084,0,4,31,1,0,0,0.05,0.004,200000
6513,144,-9.853,0,0,6,0,0,0,0.05,0.004,200000
6514,400,-5.262,2,13,8,0,0,1,0.05,0.004,200000
6515,400,1.715,4,31,13,0,0,1,0.05,0.004,200000
6516,221,-16.399,0,9,18,1,0,0,0.05,0.004,200000
6517,400,7.791,5,32,12,0,0,1,0.05,0.004,200000
6518,316,-9.518,5,23,10,1,0,0,0.05,0.004,200000
6519,393,-5.927,1,27,8,1,1,0,0.05,0.004,200000
6520,400,-12.489,1,12,19,0,0,1,0.05,0.004,200000
6521,400,-2.694,1,19,15,0,0,1,0.05,0.004,200000
6522,100,-9.337,0,0,6,0,0,0,0.05,0.004,200000
6523,102,-17.708,0,3,6,1,0,0,0.05,0.004,200000
6524,167,-3.537,3,32,6,1,0,0,0.05,0.004,200000
6525,338,-13.42,1,6,10,0,0,0,0.05,0.004,200000
6526,167,-6.827,0,7,3,0,0,0,0.05,0.004,200000
6527,280,-18.063,1,16,12,1,0,0,0.05,0.004,200000
6528,242,-10.214,0,0,2,0,0,0,0.05,0.004,200000
6529,147,-9.702,0,0,4,0,0,0,0.05,0.004,200000
6530,105,-9.552,0,2,4,0,0,0,0.05,0.004,200000
6531,206,-19.432,0,4,3,1,0,0,0.05,0.004,200000
6532,260,-15.877,1,11,7,1,0,0,0.05,0.004,200000
6533,307,0.156,2,19,8,0,0,0,0.05,0.004,200000
6534,343,-10.644,4,17,11,1,0,0,0.05,0.004,200000
6535,143,-9.997,0,5,5,0,0,0,0.05,0.004,200000
6536,331,-9.002,1,17,15,1,0,0,0.05,0.004,200000
6537,307,-12.367,3,23,9,1,0,0,0.05,0.004,200000
6538,154,-10.004,1,21,5,1,0,0,0.05,0.004,200000
6539,105,-13.805,0,5,3,1,0,0,0.05,0.004,200000
6540,222,-8.564,0,13,3,0,0,0,0.05,0.004,200000
6541,243,4.828,2,44,9,0,0,0,0.05,0.004,200000
6542,167,-11.696,2,15,10,1,0,0,0.05,0.004,200000
6543,334,-0.693,3,28,11,1,1,0,0.05,0.004,200000
6544,189,-8.708,3,19,5,1,0,0,0.05,0.004,200000
6545,400,-8.717,1,8,13,0,0,1,0.05,0.004,200000
6546,217,-18.816,0,5,9,1,0,0,0.05,0.004,200000
6547,376,-13.608,2,26,41,1,0,0,0.05,0.004,200000
6548,400,-10.118,1,8,69,0,0,1,0.05,0.004,200000
6549,73,-15.449,0,6,11,1,0,0,0.05,0.004,200000
6550,400,-9.473,1,10,65,0,0,1,0.05,0.004,200000
6551,400,-7.332,1,6,25,0,0,1,0.05,0.004,200000
6552,380,-1.87,3,35,10,1,0,0,0.05,0.004,200000
6553,400,-2.191,1,29,21,0,0,1,0.05,0.004,200000
6554,342,-5.985,3,30,13,1,0,0,0.05,0.004,200000
6555,5,-14.836,0,3,1,1,0,0,0.05,0.004,200000
6556,400,-6.504,2,10,13,0,1,1,0.05,0.004,200000
6557,115,-17.21,0,1,7,1,0,0,0.05,0.004,200000
6558,158,-5.301,3,19,0,1,0,0,0.05,0.004,200000
6559,208,-13.225,0,30,9,1,0,0,0.05,0.004,200000
6560,121,-8.887,0,0,14,0,0,0,0.05,0.004,200000
6561,39,-16.035,0,4,2,1,0,0,0.05,0.004,200000
6562,266,-13.45,0,4,9,0,0,0,0.05,0.004,200000
6563,92,-2.603,1,11,4,0,0,0,0.05,0.004,200000
6564,400,-3.601,1,12,10,0,0,1,0.05,0.004,200000
6565,400,-0.32,1,30,27,0,0,1,0.05,0.004,200000
6566,400,10.173,6,35,7,0,0,1,0.05,0.004,200000
6567,186,-4.887,0,14,5,0,0,0,0.05,0.004,200000
6568,174,-3.035,2,15,6,0,0,0,0.05,0.004,200000
6569,242,-13.043,0,14,8,1,0,0,0.05,0.004,200000
6570,263,-7.336,0,19,8,1,0,0,0.05,0.004,200000
6571,400,-0.207,2,23,11,0,0,1,0.05,0.004,200000
6572,107,-8.745,0,16,3,1,0,0,0.05,0.004,200000
6573,400,-2.953,1,31,20,0,0,1,0.05,0.004,200000
6574,188,-17.601,0,3,4,1,0,0,0.05,0.004,200000
6575,296,-2.46,5,22,22,0,0,0,0.05,0.004,200000
6576,141,-7.181,2,33,8,1,0,0,0.05,0.004,200000
6577,228,-14.073,1,23,7,1,0,0,0.05,0.004,200000
6578,387,-16.717,0,19,12,1,0,0,0.05,0.004,200000
6579,400,-7.753,0,10,18,0,0,1,0.05,0.004,200000
6580,249,-14.466,0,6,28,0,0,0,0.05,0.004,200000
6581,333,-2.195,3,39,8,1,0,0,0.05,0.004,200000
6582,197,-20.014,0,7,9,1,0,0,0.05,0.004,200000
6583,400,-5.106,0,14,12,0,0,1,0.05,0.004,200000
6584,400,-4.831,1,31,23,0,0,1,0.05,0.004,200000
6585,267,-9.511,2,19,6,1,0,0,0.05,0.004,200000
6586,400,2.442,4,39,12,0,0,1,0.05,0.004,200000
6587,400,-2.126,2,15,22,0,1,1,0.05,0.004,200000
6588,400,-1.27,2,18,7,0,0,1,0.05,0.004,200000
6589,293,-0.272,3,32,11,0,0,0,0.05,0.004,200000
6590,183,-7.743,0,5,18,0,0,0,0.05,0.004,200000
6591,225,-12.85,2,23,21,1,0,0,0.05,0.004,200000
6592,226,-11.274,0,2,4,0,0,0,0.05,0.004,200000
6593,400,-5.151,0,18,16,0,0,1,0.05,0.004,200000
6594,294,-14.247,0,5,7,0,0,0,0.05,0.004,200000
6595,400,-1.364,2,20,13,0,0,1,0.05,0.004,200000
6596,234,-25.107,0,3,11,1,0,0,0.05,0.004,200000
6597,109,-18.187,0,3,7,1,0,0,0.05,0.004,200000
6598,400,2.397,4,32,12,0,0,1,0.05,0.004,200000
6599,208,-8.575,0,3,2,0,0,0,0.05,0.004,200000
6600,124,-7.45,1,6,1,0,0,0,0.05,0.004,200000
6601,387,-9.469,4,18,8,1,0,0,0.05,0.004,200000
6602,400,5.518,2,36,20,0,0,1,0.05,0.004,200000
6603,91,-6.3,0,5,1,0,0,0,0.05,0.004,200000
6604,400,4.854,4,13,7,0,0,1,0.05,0.004,200000
6605,141,-7.424,1,7,3,0,0,0,0.05,0.004,200000
6606,400,-6.215,1,18,10,0,0,1,0.05,0.004,200000
6607,400,-2.446,2,18,13,0,0,1,0.05,0.004,200000
6608,400,-0.372,2,21,18,0,0,1,0.05,0.004,200000
6609,334,-12.874,2,16,9,1,0,0,0.05,0.004,200000
6610,364,-20.476,0,10,13,1,0,0,0.05,0.004,200000
6611,188,-15.911,2,10,15,1,0,0,0.05,0.004,200000
6612,400,-4.324,1,11,15,0,0,1,0.05,0.004,200000
6613,400,-3.113,2,22,12,0,0,1,0.05,0.004,200000
6614,91,-14.497,0,10,1,1,0,0,0.05,0.004,200000
6615,400,-5.811,1,13,15,0,0,1,0.05,0.004,200000
6616,134,-18.937,0,4,2,1,0,0,0.05,0.004,200000
6617,157,-11.649,0,0,8,0,0,0,0.05,0.004,200000
6618,139,-6.697,1,2,5,0,0,0,0.05,0.004,200000
6619,400,-3.41,1,9,10,0,0,1,0.05,0.004,200000
6620,400,-8.253,2,28,6,1,0,0,0.05,0.004,200000
6621,400,-6.506,0,23,24,0,0,1,0.05,0.004,200000
6622,278,-6.336,0,5,14,0,1,0,0.05,0.004,200000
6623,155,-15.587,0,0,5,1,0,0,0.05,0.004,200000
6624,25,-15.468,0,4,2,1,0,0,0.05,0.004,200000
6625,400,9.036,6,49,6,0,0,1,0.05,0.004,200000
6626,263,-1.461,3,29,6,1,0,0,0.05,0.004,200000
6627,178,-11.831,0,0,6,0,0,0,0.05,0.004,200000
6628,58,-15.444,0,4,1,1,0,0,0.05,0.004,200000
6629,400,2.32,3,34,48,0,0,1,0.05,0.004,200000
6630,60,-14.839,0,5,3,1,0,0,0.05,0.004,200000
6631,105,-7.883,0,0,6,0,0,0,0.05,0.004,200000
6632,51,-5.671,1,0,0,0,0,0,0.05,0.004,200000
6633,73,-13.972,0,3,1,1,0,0,0.05,0.004,200000
6634,400,-11.742,0,12,8,0,0,1,0.05,0.004,200000
6635,400,-9.154,2,6,4,0,0,1,0.05,0.004,200000
6636,400,-5.537,3,27,25,0,0,1,0.05,0.004,200000
6637,400,-2.516,0,17,7,0,0,1,0.05,0.004,200000
6638,285,-19.749,0,12,33,1,0,0,0.05,0.004,200000
6639,400,-4.359,1,15,34,0,0,1,0.05,0.004,200000
6640,204,-11.445,2,10,4,1,0,0,0.05,0.004,200000
6641,271,-20.213,0,10,6,1,0,0,0.05,0.004,200000
6642,400,-6.376,1,18,13,0,0,1,0.05,0.004,200000
6643,83,-13.694,0,2,0,1,0,0,0.05,0.004,200000
6644,400,-0.446,3,24,10,0,0,1,0.05,0.004,200000
6645,215,-8.138,0,5,7,0,0,0,0.05,0.004,200000
6646,279,2.92,4,29,8,0,1,0,0.05,0.004,200000
6647,218,-19.728,0,7,14,1,0,0,0.05,0.004,200000
6648,152,-9.84,0,1,7,0,0,0,0.05,0.004,200000
6649,400,-7.065,0,13,4,0,0,1,0.05,0.004,200000
6650,15,-14.846,0,4,0,1,0,0,0.05,0.004,200000
6651,368,-8.775,3,19,14,1,0,0,0.05,0.004,200000
6652,277,-6.123,3,21,26,0,0,0,0.05,0.004,200000
6653,153,-16.307,0,2,4,1,0,0,0.05,0.004,200000
6654,400,3.703,4,39,27,0,0,1,0.05,0.004,200000
6655,251,-9.024,2,19,7,1,0,0,0.05,0.004,200000
6656,400,3.844,3,23,24,0,0,1,0.05,0.004,200000
6657,400,-1.337,2,24,48,0,1,1,0.05,0.004,200000
6658,400,3.725,4,18,10,0,0,1,0.05,0.004,200000
6659,400,-10.387,0,8,10,0,0,1,0.05,0.004,200000
6660,400,5.393,2,18,15,0,1,1,0.05,0.004,200000
6661,238,-2.189,5,36,6,1,0,0,0.05,0.004,200000
6662,400,3.5,3,25,3,0,0,1,0.05,0.004,200000
6663,17,-15.78,0,2,2,1,0,0,0.05,0.004,200000
6664,123,-15.709,0,3,6,1,0,0,0.05,0.004,200000
6665,98,-8.191,0,0,4,0,0,0,0.05,0.004,200000
6666,111,-14.76,0,2,9,1,0,0,0.05,0.004,200000
6667,400,-2.547,1,19,47,0,0,1,0.05,0.004,200000
6668,183,-8.862,0,0,1,0,0,0,0.05,0.004,200000
6669,389,-9.131,5,30,29,1,0,0,0.05,0.004,200000
6670,400,-4.603,2,20,30,0,0,1,0.05,0.004,200000
6671,400,-3.276,1,20,67,0,0,1,0.05,0.004,200000
6672,230,-8.872,0,0,9,0,0,0,0.05,0.004,200000
6673,400,-6.361,0,15,14,0,0,1,0.05,0.004,200000
6674,133,-13.533,2,11,2,1,0,0,0.05,0.004,200000
6675,194,-5.942,2,26,3,1,0,0,0.05,0.004,200000
6676,393,-20.308,0,14,48,1,0,0,0.05,0.004,200000
6677,400,6.062,3,32,22,0,0,1,0.05,0.004,200000
6678,400,1.791,2,20,27,0,0,1,0.05,0.004,200000
6679,318,-5.265,3,28,7,1,0,0,0.05,0.004,200000
6680,273,-15.852,0,0,8,0,0,0,0.05,0.004,200000
6681,400,9.379,2,35,12,0,1,1,0.05,0.004,200000
6682,400,-5.117,2,11,38,0,0,1,0.05,0.004,200000
6683,400,-1.562,1,23,25,0,0,1,0.05,0.004,200000
6684,177,-16.929,1,5,4,1,0,0,0.05,0.004,200000
6685,400,2.774,2,22,12,0,1,1,0.05,0.004,200000
6686,400,-6.287,1,13,57,0,0,1,0.05,0.004,200000
6687,91,-18.185,0,2,3,1,0,0,0.05,0.004,200000
6688,97,-10.201,0,6,3,1,0,0,0.05,0.004,200000
6689,233,-11.709,0,2,15,0,0,0,0.05,0.004,200000
6690,264,-11.368,1,11,13,1,0,0,0.05,0.004,200000
6691,235,-20.336,0,6,45,0,0,0,0.05,0.004,200000
6692,400,-4.142,2,16,49,0,0,1,0.05,0.004,200000
6693,400,-9.712,0,12,58,0,0,1,0.05,0.004,200000
6694,243,-12.098,0,15,8,1,0,0,0.05,0.004,200000
6695,160,-10.297,1,3,20,0,0,0,0.05,0.004,200000
6696,400,-5.019,1,23,17,0,0,1,0.05,0.004,200000
6697,91,-14.684,0,4,3,1,0,0,0.05,0.004,200000
6698,147,-18.152,0,3,4,1,0,0,0.05,0.004,200000
6699,400,-6.699,1,16,10,0,0,1,0.05,0.004,200000
6700,400,-6.506,1,9,17,0,0,1,0.05,0.004,200000
6701,15,-15.814,0,3,2,1,0,0,0.05,0.004,200000
6702,400,2.624,5,26,14,0,0,1,0.05,0.004,200000
6703,105,-10.011,0,2,2,0,0,0,0.05,0.004,200000
6704,5,-14.7,0,4,0,1,0,0,0.05,0.004,200000
6705,145,-7.716,4,9,3,1,0,0,0.05,0.004,200000
6706,215,-10.687,2,10,6,1,1,0,0.05,0.004,200000
6707,400,-3.392,0,19,16,0,0,1,0.05,0.004,200000
6708,375,-7.488,1,6,7,0,0,0,0.05,0.004,200000
6709,206,-14.383,2,15,3,1,0,0,0.05,0.004,200000
6710,83,-9.265,2,5,0,1,0,0,0.05,0.004,200000
6711,400,-3.858,2,11,5,0,0,1,0.05,0.004,200000
6712,400,1.714,2,20,7,0,0,1,0.05,0.004,200000
6713,354,-13.778,0,18,17,1,0,0,0.05,0.004,200000
6714,208,-1.273,2,40,4,1,0,0,0.05,0.004,200000
6715,258,-16.647,1,16,12,1,0,0,0.05,0.004,200000
6716,400,-2.266,3,20,8,0,0,1,0.05,0.004,200000
6717,400,-2.957,2,8,8,0,0,1,0.05,0.004,200000
6718,400,-4.183,0,26,10,0,0,1,0.05,0.004,200000
6719,400,-5.63,1,23,10,0,0,1,0.05,0.004,200000
6720,326,-17.884,0,8,5,1,0,0,0.05,0.004,200000
6721,400,-0.928,1,22,14,0,0,1,0.05,0.004,200000
6722,52,-7.22,1,2,2,0,0,0,0.05,0.004,200000
6723,36,-16.009,0,4,2,1,0,0,0.05,0.004,200000
6724,198,-11.125,1,8,8,0,0,0,0.05,0.004,200000
6725,400,9.13,3,18,16,0,1,1,0.05,0.004,200000
6726,242,-14.18,0,7,6,1,0,0,0.05,0.004,200000
6727,400,-15.505,0,3,7,0,0,1,0.05,0.004,200000
6728,138,-11.615,1,7,2,1,0,0,0.05,0.004,200000
6729,311,-13.119,1,23,35,1,0,0,0.05,0.004,200000
6730,128,-7.516,1,5,2,0,0,0,0.05,0.004,200000
6731,295,-7.129,4,26,10,1,0,0,0.05,0.004,200000
6732,181,-15.469,0,7,4,1,0,0,0.05,0.004,200000
6733,400,4.795,2,39,11,0,0,1,0.05,0.004,200000
6734,400,5.336,5,15,5,0,1,1,0.05,0.004,200000
6735,145,-17.826,0,2,5,1,0,0,0.05,0.004,200000
6736,400,-2.519,3,27,9,0,0,1,0.05,0.004,200000
6737,400,0.576,3,20,20,0,0,1,0.05,0.004,200000
6738,168,-8.479,0,0,3,0,0,0,0.05,0.004,200000
6739,284,-13.109,0,29,7,1,0,0,0.05,0.004,200000
6740,400,2.221,3,21,18,0,0,1,0.05,0.004,200000
6741,360,-10.669,2,34,33,1,0,0,0.05,0.004,200000
6742,184,-16.088,0,1,6,1,0,0,0.05,0.004,200000
6743,400,-9.026,0,1,19,0,0,1,0.05,0.004,200000
6744,186,-14.724,0,7,5,1,0,0,0.05,0.004,200000
6745,270,-12.728,1,13,17,1,0,0,0.05,0.004,200000
6746,108,-4.804,1,15,1,0,0,0,0.05,0.004,200000
6747,110,-12.441,0,25,10,1,0,0,0.05,0.004,200000
6748,140,-9.654,0,13,10,1,0,0,0.05,0.004,200000
6749,113,-18.904,0,2,3,1,0,0,0.05,0.004,200000
6750,189,-8.281,0,3,7,0,0,0,0.05,0.004,200000
6751,174,-15.241,1,11,4,1,0,0,0.05,0.004,200000
6752,217,-13.026,0,0,3,0,0,0,0.05,0.004,200000
6753,65,-16.98,0,4,1,1,0,0,0.05,0.004,200000
6754,400,6.341,4,26,23,0,1,1,0.05,0.004,200000
6755,400,4.961,2,23,7,0,0,1,0.05,0.004,200000
6756,400,4.261,2,28,13,0,0,1,0.05,0.004,200000
6757,400,3.007,2,34,6,0,0,1,0.05,0.004,200000
6758,400,1.548,0,24,17,0,0,1,0.05,0.004,200000
6759,20,-13.945,0,2,7,1,0,0,0.05,0.004,200000
6760,140,-19.356,0,3,4,1,0,0,0.05,0.004,200000
6761,220,-9.834,1,20,17,1,0,0,0.05,0.004,200000
6762,400,-8.067,0,16,9,0,0,1,0.05,0.004,200000
6763,367,-11.009,0,23,27,1,0,0,0.05,0.004,200000
6764,100,-16.424,0,3,1,1,0,0,0.05,0.004,200000
6765,177,-3.62,2,10,11,0,0,0,0.05,0.004,200000
6766,190,-13.761,0,4,9,1,0,0,0.05,0.004,200000
6767,400,-0.613,3,17,16,0,0,1,0.05,0.004,200000
6768,400,0.66,3,20,53,0,0,1,0.05,0.004,200000
6769,302,-15.353,1,12,4,1,0,0,0.05,0.004,200000
6770,381,-6.273,5,29,15,1,0,0,0.05,0.004,200000
6771,83,-7.182,0,2,3,0,0,0,0.05,0.004,200000
6772,13,-14.962,0,3,0,1,0,0,0.05,0.004,200000
6773,182,-12.011,0,0,3,0,0,0,0.05,0.004,200000
6774,298,-18.575,0,14,18,1,0,0,0.05,0.004,200000
6775,185,-5.967,2,14,6,0,0,0,0.05,0.004,200000
6776,202,-11.919,0,0,8,0,0,0,0.05,0.004,200000
6777,400,0.085,2,13,10,0,0,1,0.05,0.004,200000
6778,400,-5.704,0,17,12,0,0,1,0.05,0.004,200000
6779,400,7.353,2,28,0,0,0,1,0.05,0.004,200000
6780,210,-6.237,0,16,16,0,0,0,0.05,0.004,200000
6781,400,3.927,1,23,13,0,0,1,0.05,0.004,200000
6782,82,-14.379,0,4,1,1,0,0,0.05,0.004,200000
6783,400,-3.236,0,25,6,0,0,1,0.05,0.004,200000
6784,25,-7.06,0,0,0,0,0,0,0.05,0.004,200000
6785,400,-3.817,1,21,19,0,0,1,0.05,0.004,200000
6786,400,-3.351,0,13,16,0,0,1,0.05,0.004,200000
6787,26,-13.672,0,5,1,1,0,0,0.05,0.004,200000
6788,400,1.286,2,32,27,0,0,1,0.05,0.004,200000
6789,69,-6.332,0,3,1,0,0,0,0.05,0.004,200000
6790,400,-1.232,1,15,13,0,0,1,0.05,0.004,200000
6791,125,-13.09,0,14,4,1,0,0,0.05,0.004,200000
6792,174,-10.399,2,11,4,1,0,0,0.05,0.004,200000
6793,267,-6.271,1,16,26,0,0,0,0.05,0.004,200000
6794,153,-6.861,0,19,37,0,0,0,0.05,0.004,200000
6795,223,-7.144,2,18,30,0,0,0,0.05,0.004,200000
6796,400,-6.068,0,8,38,0,0,1,0.05,0.004,200000
6797,137,-4.057,0,21,12,0,0,0,0.05,0.004,200000
6798,252,-10.146,0,7,7,0,0,0,0.05,0.004,200000
6799,238,-10.094,0,3,4,0,0,0,0.05,0.004,200000
6800,374,-9.273,2,16,18,1,0,0,0.05,0.004,200000
6801,381,-13.732,1,13,12,1,0,0,0.05,0.004,200000
6802,400,-0.38,3,18,15,0,0,1,0.05,0.004,200000
6803,237,-15.887,0,21,12,1,0,0,0.05,0.004,200000
6804,74,-5.202,0,2,3,0,0,0,0.05,0.004,200000
6805,400,3.263,4,28,27,0,0,1,0.05,0.004,200000
6806,96,-8.694,0,0,2,0,0,0,0.05,0.004,200000
6807,400,-3.436,2,17,39,0,0,1,0.05,0.004,200000
6808,173,-2.534,2,22,1,0,0,0,0.05,0.004,200000
6809,389,-27.304,0,2,26,1,0,0,0.05,0.004,200000
6810,265,-8.675,2,11,29,0,0,0,0.05,0.004,200000
6811,400,0.351,1,22,7,0,0,1,0.05,0.004,200000
6812,161,-16.651,0,5,7,1,0,0,0.05,0.004,200000
6813,33,-7.171,0,0,4,0,0,0,0.05,0.004,200000
6814,400,-3.985,3,18,12,0,0,1,0.05,0.004,200000
6815,21,-15.788,0,1,0,1,0,0,0.05,0.004,200000
6816,400,-5.663,1,9,6,0,0,1,0.05,0.004,200000
6817,315,-8.883,2,25,6,1,0,0,0.05,0.004,200000
6818,400,-7.45,1,24,37,0,0,1,0.05,0.004,200000
6819,58,-11.375,0,3,2,1,0,0,0.05,0.004,200000
6820,108,-6.677,0,3,1,0,0,0,0.05,0.004,200000
6821,204,-13.435,1,11,5,1,0,0,0.05,0.004,200000
6822,400,-3.757,2,11,32,0,0,1,0.05,0.004,200000
6823,335,-9.667,3,24,26,1,0,0,0.05,0.004,200000
6824,178,-8.059,1,16,5,1,0,0,0.05,0.004,200000
6825,128,-11.042,1,9,1,1,0,0,0.05,0.004,200000
6826,149,-12.732,0,3,7,0,0,0,0.05,0.004,200000
6827,164,-16.03,0,9,8,1,0,0,0.05,0.004,200000
6828,144,-17.691,0,3,1,1,0,0,0.05,0.004,200000
6829,133,-10.296,0,0,6,0,0,0,0.05,0.004,200000
6830,400,-5.912,2,11,17,0,0,1,0.05,0.004,200000
6831,9,-14.803,0,4,0,1,0,0,0.05,0.004,200000
6832,400,-6.649,1,6,23,0,0,1,0.05,0.004,200000
6833,65,-16.341,0,4,2,1,0,0,0.05,0.004,200000
6834,400,-4.453,3,16,56,0,0,1,0.05,0.004,200000
6835,18,-14.113,0,4,5,1,0,0,0.05,0.004,200000
6836,85,-9.544,1,7,4,1,0,0,0.05,0.004,200000
6837,124,-17.977,0,4,4,1,0,0,0.05,0.004,200000
6838,287,-14.546,2,24,60,1,0,0,0.05,0.004,200000
6839,212,-4.588,3,31,35,1,0,0,0.05,0.004,200000
6840,190,-2.806,3,25,18,0,0,0,0.05,0.004,200000
6841,400,10.426,3,28,23,0,1,1,0.05,0.004,200000
6842,54,-15.97,0,4,1,1,0,0,0.05,0.004,200000
6843,186,-11.72,0,0,5,0,0,0,0.05,0.004,200000
6844,117,-12.457,0,3,2,1,0,0,0.05,0.004,200000
6845,400,4.02,2,22,12,0,0,1,0.05,0.004,200000
6846,107,-11.366,0,9,3,1,0,0,0.05,0.004,200000
6847,305,-9.486,1,18,22,0,0,0,0.05,0.004,200000
6848,78,-12.236,0,3,4,1,0,0,0.05,0.004,200000
6849,128,-15.497,1,10,3,1,0,0,0.05,0.004,200000
6850,400,-1.744,1,24,34,0,0,1,0.05,0.004,200000
6851,400,-5.792,2,14,8,0,0,1,0.05,0.004,200000
6852,400,-0.239,2,13,10,0,0,1,0.05,0.004,200000
6853,83,-7.224,0,0,0,0,0,0,0.05,0.004,200000
6854,400,-0.434,2,27,37,0,0,1,0.05,0.004,200000
6855,400,-2.053,0,21,54,0,0,1,0.05,0.004,200000
6856,216,-6.115,1,6,2,0,0,0,0.05,0.004,200000
6857,400,1.906,2,30,14,0,0,1,0.05,0.004,200000
6858,400,-1.911,1,27,31,0,0,1,0.05,0.004,200000
6859,225,-10.128,4,16,6,1,0,0,0.05,0.004,200000
6860,357,-11.508,3,21,17,1,0,0,0.05,0.004,200000
6861,337,-2.407,2,29,15,0,0,0,0.05,0.004,200000
6862,243,-17.352,0,6,20,1,0,0,0.05,0.004,200000
6863,400,-10.178,1,13,61,0,0,1,0.05,0.004,200000
6864,400,11.949,5,27,9,0,1,1,0.05,0.004,200000
6865,400,-15.006,0,5,40,0,0,1,0.05,0.004,200000
6866,240,-13.792,1,9,27,1,0,0,0.05,0.004,200000
6867,400,-11.651,1,16,64,0,0,1,0.05,0.004,200000
6868,400,-3.062,3,34,24,0,0,1,0.05,0.004,200000
6869,156,-11.943,1,6,55,0,0,0,0.05,0.004,200000
6870,400,2.96,1,29,9,0,0,1,0.05,0.004,200000
6871,249,-14.261,0,6,54,0,0,0,0.05,0.004,200000
6872,131,-9.818,0,0,1,0,0,0,0.05,0.004,200000
6873,162,-3.446,3,12,10,0,0,0,0.05,0.004,200000
6874,400,-5.971,1,8,35,0,0,1,0.05,0.004,200000
6875,400,1.861,2,34,14,0,0,1,0.05,0.004,200000
6876,400,-0.802,3,18,17,0,0,1,0.05,0.004,200000
6877,32,-15.815,0,3,0,1,0,0,0.05,0.004,200000
6878,132,-6.672,2,17,7,1,0,0,0.05,0.004,200000
6879,11,-14.942,0,2,0,1,0,0,0.05,0.004,200000
6880,400,1.254,3,16,20,0,0,1,0.05,0.004,200000
6881,192,-8.559,1,5,8,0,0,0,0.05,0.004,200000
6882,139,-7.679,3,17,19,1,0,0,0.05,0.004,200000
6883,25,-15.407,0,3,0,1,0,0,0.05,0.004,200000
6884,400,-0.063,2,23,8,0,0,1,0.05,0.004,200000
6885,400,3.061,4,34,8,0,0,1,0.05,0.004,200000
6886,400,-8.761,0,13,54,0,0,1,0.05,0.004,200000
6887,181,-20.343,0,3,8,1,0,0,0.05,0.004,200000
6888,25,-15.175,0,2,0,1,0,0,0.05,0.004,200000
6889,72,-6.784,0,0,1,0,0,0,0.05,0.004,200000
6890,400,-0.049,3,33,25,0,0,1,0.05,0.004,200000
6891,193,-11.415,1,12,7,1,0,0,0.05,0.004,200000
6892,101,-12.898,1,9,4,1,0,0,0.05,0.004,200000
6893,400,2.474,3,26,40,0,0,1,0.05,0.004,200000
6894,400,1.104,2,40,6,0,0,1,0.05,0.004,200000
6895,98,-17.689,0,2,1,1,0,0,0.05,0.004,200000
6896,400,2.049,4,21,23,0,0,1,0.05,0.004,200000
6897,290,-4.451,1,25,17,0,0,0,0.05,0.004,200000
6898,100,-11.516,1,9,1,1,0,0,0.05,0.004,200000
6899,211,-17.02,0,4,2,1,0,0,0.05,0.004,200000
6900,27,-15.075,0,3,0,1,0,0,0.05,0.004,200000
6901,400,2.281,4,21,60,0,0,1,0.05,0.004,200000
6902,400,-2.856,2,23,4,0,0,1,0.05,0.004,200000
6903,400,0.102,3,18,13,0,0,1,0.05,0.004,200000
6904,400,2.496,3,30,24,0,0,1,0.05,0.004,200000
6905,213,-11.498,0,0,3,0,0,0,0.05,0.004,200000
6906,400,-10.118,1,6,10,0,0,1,0.05,0.004,200000
6907,298,-17.447,2,10,8,1,0,0,0.05,0.004,200000
6908,400,-5.824,1,16,19,0,0,1,0.05,0.004,200000
6909,173,-6.176,0,10,10,0,0,0,0.05,0.004,200000
6910,400,-2.505,1,20,10,0,0,1,0.05,0.004,200000
6911,400,-4.903,0,16,8,0,0,1,0.05,0.004,200000
6912,312,-5.873,3,38,10,1,0,0,0.05,0.004,200000
6913,157,-12.226,0,0,18,0,0,0,0.05,0.004,200000
6914,400,0.764,3,20,8,0,0,1,0.05,0.004,200000
6915,25,-15.428,0,3,2,1,0,0,0.05,0.004,200000
6916,139,-16.024,0,9,15,1,0,0,0.05,0.004,200000
6917,400,-2.045,1,16,32,0,0,1,0.05,0.004,200000
6918,140,-11.663,0,16,15,1,0,0,0.05,0.004,200000
6919,215,-6.588,1,16,20,0,0,0,0.05,0.004,200000
6920,400,-8.637,1,18,18,0,0,1,0.05,0.004,200000
6921,400,-5.826,2,8,9,0,0,1,0.05,0.004,200000
6922,149,-8.789,0,0,4,0,0,0,0.05,0.004,200000
6923,234,-10.389,0,6,6,0,0,0,0.05,0.004,200000
6924,250,-9.471,1,14,10,1,0,0,0.05,0.004,200000
6925,207,-8.139,1,3,6,0,0,0,0.05,0.004,200000
6926,332,-16.91,0,17,32,1,0,0,0.05,0.004,200000
6927,400,-7.651,0,6,28,0,0,1,0.05,0.004,200000
6928,111,-14.655,0,5,1,1,0,0,0.05,0.004,200000
6929,163,-15.742,1,13,14,1,0,0,0.05,0.004,200000
6930,400,-1.143,4,28,17,0,0,1,0.05,0.004,200000
6931,9,-14.993,0,3,0,1,0,0,0.05,0.004,200000
6932,400,7.646,3,32,9,0,0,1,0.05,0.004,200000
6933,400,-13.289,0,9,72,0,0,1,0.05,0.004,200000
6934,201,-15.075,0,9,14,1,0,0,0.05,0.004,200000
6935,15,-11.202,0,2,0,1,0,0,0.05,0.004,200000
6936,400,-2.692,3,11,2,0,0,1,0.05,0.004,200000
6937,176,-7.568,4,17,6,1,0,0,0.05,0.004,200000
6938,400,-5.837,2,12,20,0,0,1,0.05,0.004,200000
6939,400,4.256,1,30,25,0,0,1,0.05,0.004,200000
6940,96,-12.959,1,17,1,1,0,0,0.05,0.004,200000
6941,48,-6.284,1,0,2,0,0,0,0.05,0.004,200000
6942,295,-9.481,2,28,6,1,0,0,0.05,0.004,200000
6943,111,-10.698,2,11,4,1,0,0,0.05,0.004,200000
6944,165,-5.285,3,23,3,1,0,0,0.05,0.004,200000
6945,160,-13.375,1,10,5,1,0,0,0.05,0.004,200000
6946,400,-4.463,1,15,28,0,0,1,0.05,0.004,200000
6947,137,-8.422,0,4,4,0,0,0,0.05,0.004,200000
6948,400,-2.777,2,26,34,0,0,1,0.05,0.004,200000
6949,400,-0.25,4,18,36,0,0,1,0.05,0.004,200000
6950,68,-6.703,0,3,4,0,0,0,0.05,0.004,200000
6951,250,-13.741,1,15,46,1,0,0,0.05,0.004,200000
6952,400,-3.337,3,14,35,0,0,1,0.05,0.004,200000
6953,13,-15.041,0,4,0,1,0,0,0.05,0.004,200000
6954,109,-16.101,0,3,0,1,0,0,0.05,0.004,200000
6955,400,-0.762,2,21,18,0,0,1,0.05,0.004,200000
6956,178,-12.823,0,0,30,0,0,0,0.05,0.004,200000
6957,64,-15.768,0,3,4,1,0,0,0.05,0.004,200000
6958,80,-8.793,0,0,7,0,0,0,0.05,0.004,200000
6959,255,-15.962,0,0,44,0,0,0,0.05,0.004,200000
6960,42,-13.863,0,4,0,1,0,0,0.05,0.004,200000
6961,340,-13.767,3,21,40,1,0,0,0.05,0.004,200000
6962,260,-17.295,0,10,33,1,0,0,0.05,0.004,200000
6963,154,-3.04,2,15,9,0,0,0,0.05,0.004,200000
6964,105,-17.9,0,4,7,1,0,0,0.05,0.004,200000
6965,400,-2.567,2,22,51,0,0,1,0.05,0.004,200000
6966,400,-5.972,1,14,54,0,0,1,0.05,0.004,200000
6967,400,-4.417,0,15,15,0,0,1,0.05,0.004,200000
6968,400,-3.771,2,26,36,0,0,1,0.05,0.004,200000
6969,400,4.51,4,17,25,0,0,1,0.05,0.004,200000
6970,217,-13.134,2,10,5,1,0,0,0.05,0.004,200000
6971,97,-17.975,0,3,10,1,0,0,0.05,0.004,200000
6972,400,-0.041,2,18,21,0,0,1,0.05,0.004,200000
6973,400,-3.869,1,8,6,0,0,1,0.05,0.004,200000
6974,400,5.863,4,34,29,0,1,1,0.05,0.004,200000
6975,400,-7.893,1,17,49,0,0,1,0.05,0.004,200000
6976,82,-16.744,0,3,5,1,0,0,0.05,0.004,200000
6977,67,-6.944,0,0,1,0,0,0,0.05,0.004,200000
6978,87,-3.548,1,11,3,0,0,0,0.05,0.004,200000
6979,383,-16.136,1,14,44,1,0,0,0.05,0.004,200000
6980,16,-9.983,0,3,2,1,0,0,0.05,0.004,200000
6981,400,-1.451,0,29,15,0,0,1,0.05,0.004,200000
6982,163,-5.663,0,9,3,0,0,0,0.05,0.004,200000
6983,400,0.655,3,14,11,0,1,1,0.05,0.004,200000
6984,166,-9.516,0,5,9,0,0,0,0.05,0.004,200000
6985,7,-13.764,0,4,1,1,0,0,0.05,0.004,200000
6986,400,2.822,1,16,21,0,1,1,0.05,0.004,200000
6987,188,-17.987,2,9,13,1,0,0,0.05,0.004,200000
6988,159,-11.387,0,1,13,0,0,0,0.05,0.004,200000
6989,389,-18.923,1,16,41,1,0,0,0.05,0.004,200000
6990,30,-11.054,0,4,2,1,0,0,0.05,0.004,200000
6991,218,-4.532,2,16,8,0,0,0,0.05,0.004,200000
6992,400,-5.162,2,7,22,0,0,1,0.05,0.004,200000
6993,60,-8.32,0,0,2,0,0,0,0.05,0.004,200000
6994,222,-18.709,0,7,4,1,0,0,0.05,0.004,200000
6995,87,-14.203,0,4,18,1,0,0,0.05,0.004,200000
6996,395,-10.061,3,30,9,1,0,0,0.05,0.004,200000
6997,35,-15.361,0,4,1,1,0,0,0.05,0.004,200000
6998,223,-11.374,0,10,8,1,1,0,0.05,0.004,200000
6999,400,7.648,5,33,44,0,1,1,0.05,0.004,200000
7000,37,-13.723,0,3,0,1,0,0,0.05,0.004,200000
7001,177,-4.781,1,12,2,0,0,0,0.05,0.004,200000
7002,400,-7.557,0,15,75,0,0,1,0.05,0.004,200000
7003,169,-13.531,1,15,8,1,0,0,0.05,0.004,200000
7004,400,-4.588,0,15,14,0,0,1,0.05,0.004,200000
7005,400,-6.647,0,8,33,0,1,1,0.05,0.004,200000
7006,400,-0.823,0,20,13,0,0,1,0.05,0.004,200000
7007,156,-6.299,1,0,3,0,0,0,0.05,0.004,200000
7008,400,-2.157,1,12,10,0,0,1,0.05,0.004,200000
7009,224,-2.198,2,40,25,1,1,0,0.05,0.004,200000
7010,17,-15.455,0,4,1,1,0,0,0.05,0.004,200000
7011,400,-2.08,0,17,9,0,0,1,0.05,0.004,200000
7012,400,-0.665,2,28,20,0,0,1,0.05,0.004,200000
7013,400,7.437,4,44,15,0,0,1,0.05,0.004,200000
7014,400,1.037,2,22,10,0,1,1,0.05,0.004,200000
7015,305,-5.914,3,22,28,1,0,0,0.05,0.004,200000
7016,400,-7.606,3,21,12,0,0,1,0.05,0.004,200000
7017,188,-14.047,1,15,9,1,0,0,0.05,0.004,200000
7018,400,9.705,3,25,17,0,1,1,0.05,0.004,200000
7019,400,3.523,4,15,35,0,0,1,0.05,0.004,200000
7020,56,-14.69,0,3,2,1,0,0,0.05,0.004,200000
7021,400,1.359,2,22,23,0,0,1,0.05,0.004,200000
7022,400,-4.79,2,20,34,0,0,1,0.05,0.004,200000
7023,400,-6.207,3,9,31,0,0,1,0.05,0.004,200000
7024,164,-2.423,4,38,2,1,0,0,0.05,0.004,200000
7025,117,-0.981,1,24,3,0,0,0,0.05,0.004,200000
7026,266,-12.834,0,0,7,0,0,0,0.05,0.004,200000
7027,400,-9.159,0,11,15,0,0,1,0.05,0.004,200000
7028,40,-14.168,0,3,2,1,0,0,0.05,0.004,200000
7029,400,-4.955,2,13,54,0,0,1,0.05,0.004,200000
7030,358,-14.2,1,14,38,1,0,0,0.05,0.004,200000
7031,400,-1.213,4,20,47,0,0,1,0.05,0.004,200000
7032,400,-8.105,1,10,42,0,0,1,0.05,0.004,200000
7033,340,-11.996,3,23,24,1,0,0,0.05,0.004,200000
7034,400,-0.753,2,16,24,0,0,1,0.05,0.004,200000
7035,400,1.746,2,24,30,0,0,1,0.05,0.004,200000
7036,46,-13.568,0,2,12,1,0,0,0.05,0.004,200000
7037,84,-17.369,0,3,3,1,0,0,0.05,0.004,200000
7038,155,-11.674,1,10,5,1,0,0,0.05,0.004,200000
7039,400,-8.71,1,7,55,0,0,1,0.05,0.004,200000
7040,11,-11.362,0,3,2,1,0,0,0.05,0.004,200000
7041,265,-15.455,3,14,24,1,0,0,0.05,0.004,200000
7042,69,-10.559,1,7,7,1,0,0,0.05,0.004,200000
7043,391,-15.888,2,16,53,1,0,0,0.05,0.004,200000
7044,211,-20.014,0,3,9,1,0,0,0.05,0.004,200000
7045,400,5.468,4,32,31,0,0,1,0.05,0.004,200000
7046,333,-10.312,2,32,28,1,0,0,0.05,0.004,200000
7047,33,-13.969,0,4,0,1,0,0,0.05,0.004,200000
7048,255,-11.294,1,15,26,1,0,0,0.05,0.004,200000
7049,94,-14.673,0,5,3,1,0,0,0.05,0.004,200000
7050,131,-18.64,0,4,3,1,0,0,0.05,0.004,200000
7051,400,-11.22,0,15,50,0,0,1,0.05,0.004,200000
7052,257,-10.875,0,5,5,0,0,0,0.05,0.004,200000
7053,400,-7.846,1,6,21,0,0,1,0.05,0.004,200000
7054,178,-7.902,0,4,3,0,0,0,0.05,0.004,200000
7055,400,1.628,3,25,11,0,0,1,0.05,0.004,200000
7056,400,-4.071,0,9,11,0,0,1,0.05,0.004,200000
7057,400,-2.608,0,11,24,0,0,1,0.05,0.004,200000
7058,253,-15.812,1,21,9,1,0,0,0.05,0.004,200000
7059,400,-5.34,2,20,19,0,0,1,0.05,0.004,200000
7060,223,-9.418,0,9,5,1,0,0,0.05,0.004,200000
7061,92,-7.911,0,2,2,0,0,0,0.05,0.004,200000
7062,234,-9.901,1,17,8,1,0,0,0.05,0.004,200000
7063,127,-16.151,0,8,12,1,0,0,0.05,0.004,200000
7064,101,-8.533,1,2,20,0,0,0,0.05,0.004,200000
7065,200,-8.083,0,5,4,0,0,0,0.05,0.004,200000
7066,75,-14.922,0,3,2,1,0,0,0.05,0.004,200000
7067,400,2.485,4,28,46,0,0,1,0.05,0.004,200000
7068,248,-4.06,3,33,17,1,0,0,0.05,0.004,200000
7069,365,-14.685,0,17,26,1,0,0,0.05,0.004,200000
7070,99,-16.879,0,4,4,1,0,0,0.05,0.004,200000
7071,400,-2.152,4,21,60,0,0,1,0.05,0.004,200000
7072,92,-8.434,0,2,5,0,0,0,0.05,0.004,200000
7073,103,-12.143,0,12,4,1,0,0,0.05,0.004,200000
7074,167,-4.022,1,5,0,0,0,0,0.05,0.004,200000
7075,117,-11.738,0,8,24,1,0,0,0.05,0.004,200000
7076,400,-0.834,1,24,9,0,0,1,0.05,0.004,200000
7077,305,-14.206,3,27,36,1,0,0,0.05,0.004,200000
7078,400,-5.218,1,29,40,0,0,1,0.05,0.004,200000
7079,233,-15.496,1,10,5,1,0,0,0.05,0.004,200000
7080,30,-9.743,0,3,0,1,0,0,0.05,0.004,200000
7081,197,-13.446,2,13,14,1,0,0,0.05,0.004,200000
7082,128,-3.519,2,18,6,0,0,0,0.05,0.004,200000
7083,165,-4.62,0,18,3,0,0,0,0.05,0.004,200000
7084,108,-17.301,0,4,2,1,0,0,0.05,0.004,200000
7085,121,-7.646,0,0,2,0,0,0,0.05,0.004,200000
7086,215,-12.278,0,8,5,0,0,0,0.05,0.004,200000
7087,400,-4.494,1,10,24,0,0,1,0.05,0.004,200000
7088,400,4.049,2,41,5,0,0,1,0.05,0.004,200000
7089,223,-14.604,0,0,6,0,0,0,0.05,0.004,200000
7090,295,-7.66,1,27,15,1,0,0,0.05,0.004,200000
7091,311,-1.262,2,33,12,1,1,0,0.05,0.004,200000
7092,400,-4.405,0,19,28,0,0,1,0.05,0.004,200000
7093,330,-8.971,3,31,16,1,0,0,0.05,0.004,200000
7094,317,-9.668,1,11,5,0,0,0,0.05,0.004,200000
7095,169,-4.313,2,8,3,0,0,0,0.05,0.004,200000
7096,400,-4.886,1,15,10,0,0,1,0.05,0.004,200000
7097,101,-16.097,0,5,3,1,0,0,0.05,0.004,200000
7098,123,-4.306,3,24,7,1,1,0,0.05,0.004,200000
7099,62,-11.552,1,8,2,1,0,0,0.05,0.004,200000
7100,233,-10.357,3,19,4,1,0,0,0.05,0.004,200000
7101,159,-10.944,0,0,5,0,0,0,0.05,0.004,200000
7102,61,-15.964,0,4,0,1,0,0,0.05,0.004,200000
7103,79,-18.099,0,4,23,1,0,0,0.05,0.004,200000
7104,268,-4.182,3,26,10,1,0,0,0.05,0.004,200000
7105,247,-15.444,1,8,2,1,0,0,0.05,0.004,200000
7106,400,-3.709,0,5,14,0,0,1,0.05,0.004,200000
7107,400,-1.309,1,22,17,0,0,1,0.05,0.004,200000
7108,207,-5.338,1,20,9,0,0,0,0.05,0.004,200000
7109,400,-3.343,0,16,19,0,0,1,0.05,0.004,200000
7110,400,-2.367,2,20,26,0,0,1,0.05,0.004,200000
7111,400,-2.004,3,26,56,0,0,1,0.05,0.004,200000
7112,400,-8.672,0,21,30,0,0,1,0.05,0.004,200000
7113,400,-2.181,1,21,12,0,0,1,0.05,0.004,200000
7114,400,2.358,3,27,13,0,0,1,0.05,0.004,200000
7115,305,-5.976,4,8,2,0,0,0,0.05,0.004,200000
7116,400,-7.497,1,10,15,0,0,1,0.05,0.004,200000
7117,177,-11.724,0,5,4,0,0,0,0.05,0.004,200000
7118,400,-4.464,1,17,11,0,0,1,0.05,0.004,200000
7119,197,-9.168,2,18,3,1,0,0,0.05,0.004,200000
7120,85,-17.245,0,2,1,1,0,0,0.05,0.004,200000
7121,400,3.951,2,15,7,0,1,1,0.05,0.004,200000
7122,92,-17.052,0,3,1,1,0,0,0.05,0.004,200000
7123,208,-13.56,1,13,10,1,0,0,0.05,0.004,200000
7124,400,-6.374,1,17,46,0,0,1,0.05,0.004,200000
7125,400,-5.053,1,22,11,0,0,1,0.05,0.004,200000
7126,250,-5.261,3,17,8,1,1,0,0.05,0.004,200000
7127,400,-1.715,1,14,31,0,0,1,0.05,0.004,200000
7128,156,-10.341,2,17,9,1,0,0,0.05,0.004,200000
7129,400,0.345,3,15,22,0,0,1,0.05,0.004,200000
7130,125,-10.721,0,8,2,1,0,0,0.05,0.004,200000
7131,144,-8.032,1,0,13,0,0,0,0.05,0.004,200000
7132,193,-12.841,0,0,6,0,0,0,0.05,0.004,200000
7133,358,-10.643,3,22,17,1,0,0,0.05,0.004,200000
7134,170,-6.801,1,0,3,0,0,0,0.05,0.004,200000
7135,400,-5.777,1,15,35,0,0,1,0.05,0.004,200000
7136,400,-6.79,1,9,15,0,0,1,0.05,0.004,200000
7137,215,-7.231,3,30,5,1,0,0,0.05,0.004,200000
7138,400,2.727,2,29,22,0,0,1,0.05,0.004,200000
7139,400,-2.882,2,13,13,0,0,1,0.05,0.004,200000
7140,400,-1.881,1,18,32,0,0,1,0.05,0.004,200000
7141,211,-10.825,0,3,6,0,0,0,0.05,0.004,200000
7142,400,3.08,3,28,10,0,0,1,0.05,0.004,200000
7143,231,-7.085,1,8,7,0,0,0,0.05,0.004,200000
7144,112,-2.181,0,11,1,0,0,0,0.05,0.004,200000
7145,130,-11.972,1,4,1,1,0,0,0.05,0.004,200000
7146,202,-10.017,1,5,3,0,0,0,0.05,0.004,200000
7147,44,-14.709,0,2,1,1,0,0,0.05,0.004,200000
7148,108,-4.754,2,26,1,1,0,0,0.05,0.004,200000
7149,117,-7.918,0,23,18,0,0,0,0.05,0.004,200000
7150,92,-17.57,0,3,3,1,0,0,0.05,0.004,200000
7151,400,-3.757,2,26,13,0,0,1,0.05,0.004,200000
7152,400,2.755,3,20,21,0,0,1,0.05,0.004,200000
7153,400,3.433,3,20,7,0,0,1,0.05,0.004,200000
7154,211,-17.902,0,3,4,1,0,0,0.05,0.004,200000
7155,139,-1.863,1,15,10,0,0,0,0.05,0.004,200000
7156,219,-9.376,2,10,1,0,0,0,0.05,0.004,200000
7157,20,-15.469,0,3,2,1,0,0,0.05,0.004,200000
7158,309,-3.161,2,20,24,0,1,0,0.05,0.004,200000
7159,62,-12.005,0,3,1,1,0,0,0.05,0.004,200000
7160,236,-15.238,1,19,8,1,0,0,0.05,0.004,200000
7161,400,-0.491,2,24,32,0,0,1,0.05,0.004,200000
7162,193,-11.291,1,18,2,1,0,0,0.05,0.004,200000
7163,286,-11.47,1,7,33,0,0,0,0.05,0.004,200000
7164,12,-11.367,0,1,4,1,0,0,0.05,0.004,200000
7165,242,-0.24,3,21,22,0,0,0,0.05,0.004,200000
7166,150,-12.633,0,13,6,1,0,0,0.05,0.004,200000
7167,84,-12.481,0,3,0,1,0,0,0.05,0.004,200000
7168,91,-7.57,0,8,8,0,0,0,0.05,0.004,200000
7169,324,-14.337,2,14,8,1,0,0,0.05,0.004,200000
7170,229,-13.485,1,8,5,0,0,0,0.05,0.004,200000
7171,81,-11.757,0,4,0,1,0,0,0.05,0.004,200000
7172,114,-6.077,2,5,5,0,0,0,0.05,0.004,200000
7173,45,-14.553,0,5,7,1,0,0,0.05,0.004,200000
7174,51,-16.059,0,4,4,1,0,0,0.05,0.004,200000
7175,400,-11.524,1,5,19,0,0,1,0.05,0.004,200000
7176,25,-13.709,0,4,4,1,0,0,0.05,0.004,200000
7177,400,-0.297,1,17,29,0,0,1,0.05,0.004,200000
7178,159,-8.796,3,11,3,1,0,0,0.05,0.004,200000
7179,400,1.114,2,18,9,0,1,1,0.05,0.004,200000
7180,400,-7.763,0,19,69,0,0,1,0.05,0.004,200000
7181,81,-15.79,0,3,2,1,0,0,0.05,0.004,200000
7182,400,2.557,1,14,4,0,0,1,0.05,0.004,200000
7183,240,-16.301,0,0,8,0,0,0,0.05,0.004,200000
7184,400,-1.887,1,24,15,0,0,1,0.05,0.004,200000
7185,191,-7.432,0,2,8,0,0,0,0.05,0.004,200000
7186,299,-10.275,3,20,12,1,0,0,0.05,0.004,200000
7187,110,-19.602,0,3,7,1,0,0,0.05,0.004,200000
7188,327,-15.006,2,21,34,1,0,0,0.05,0.004,200000
7189,400,-7.069,0,23,16,0,0,1,0.05,0.004,200000
7190,400,-0.672,1,35,15,0,0,1,0.05,0.004,200000
7191,84,-18.805,0,4,11,1,0,0,0.05,0.004,200000
7192,400,-4.778,0,25,32,0,0,1,0.05,0.004,200000
7193,400,-6.086,3,14,15,0,0,1,0.05,0.004,200000
7194,400,1.526,0,33,8,0,0,1,0.05,0.004,200000
7195,400,4.737,2,39,8,0,0,1,0.05,0.004,200000
7196,131,-5.517,0,9,5,0,0,0,0.05,0.004,200000
7197,134,-9.76,3,21,7,1,0,0,0.05,0.004,200000
7198,400,-4.779,1,24,32,0,0,1,0.05,0.004,200000
7199,400,-9.136,1,13,57,0,0,1,0.05,0.004,200000
7200,348,-12.509,3,17,13,1,0,0,0.05,0.004,200000
7201,159,-16.467,0,7,9,1,0,0,0.05,0.004,200000
7202,400,-1.47,3,24,5,0,0,1,0.05,0.004,200000
7203,227,-13.903,1,7,35,1,0,0,0.05,0.004,200000
7204,400,-2.056,0,10,19,0,0,1,0.05,0.004,200000
7205,72,-6.933,1,2,7,0,0,0,0.05,0.004,200000
7206,15,-15.799,0,3,0,1,0,0,0.05,0.004,200000
7207,175,-9.932,0,3,7,0,0,0,0.05,0.004,200000
7208,160,-8.383,1,2,9,0,0,0,0.05,0.004,200000
7209,400,0.592,1,19,17,0,0,1,0.05,0.004,200000
7210,96,-7.628,0,10,7,0,0,0,0.05,0.004,200000
7211,400,5.046,3,31,31,0,1,1,0.05,0.004,200000
7212,22,-15.74,0,4,8,1,0,0,0.05,0.004,200000
7213,400,-6.764,1,19,37,0,0,1,0.05,0.004,200000
7214,162,-4.737,2,12,4,0,0,0,0.05,0.004,200000
7215,323,-6.101,3,42,35,1,0,0,0.05,0.004,200000
7216,43,-3.767,1,6,1,0,0,0,0.05,0.004,200000
7217,377,-11.192,0,17,23,0,0,0,0.05,0.004,200000
7218,178,-5.959,1,12,23,0,0,0,0.05,0.004,200000
7219,400,-3.347,2,14,11,0,0,1,0.05,0.004,200000
7220,285,-16.158,2,17,30,1,0,0,0.05,0.004,200000
7221,97,-15.597,0,4,29,1,0,0,0.05,0.004,200000
7222,44,-15.29,0,4,0,1,0,0,0.05,0.004,200000
7223,143,-8.722,0,6,4,0,0,0,0.05,0.004,200000
7224,306,-1.114,2,28,5,0,0,0,0.05,0.004,200000
7225,107,-16.906,0,3,3,1,0,0,0.05,0.004,200000
7226,400,-7.464,0,18,5,0,0,1,0.05,0.004,200000
7227,193,-8.294,2,13,4,1,0,0,0.05,0.004,200000
7228,27,-10.149,0,2,0,1,0,0,0.05,0.004,200000
7229,173,-3.02,1,16,17,0,0,0,0.05,0.004,200000
7230,199,-2.621,2,24,24,0,0,0,0.05,0.004,200000
7231,103,-11.755,0,6,6,1,0,0,0.05,0.004,200000
7232,400,-2.41,2,13,26,0,0,1,0.05,0.004,200000
7233,142,-18.474,0,3,2,1,0,0,0.05,0.004,200000
7234,400,-6.473,4,14,29,0,0,1,0.05,0.004,200000
7235,400,-9.991,0,8,66,0,0,1,0.05,0.004,200000
7236,61,-16.559,0,3,2,1,0,0,0.05,0.004,200000
7237,384,-5.75,1,40,18,1,0,0,0.05,0.004,200000
7238,130,-13.045,1,8,2,1,0,0,0.05,0.004,200000
7239,301,-10.776,3,30,25,1,0,0,0.05,0.004,200000
7240,248,-11.612,1,13,5,1,0,0,0.05,0.004,200000
7241,283,-15.714,1,21,24,1,0,0,0.05,0.004,200000
7242,400,-8.579,0,7,15,0,0,1,0.05,0.004,200000
7243,204,-7.036,2,29,23,1,0,0,0.05,0.004,200000
7244,400,-3.582,1,18,49,0,0,1,0.05,0.004,200000
7245,400,1.796,3,33,14,0,0,1,0.05,0.004,200000
7246,345,-5.018,2,17,16,0,0,0,0.05,0.004,200000
7247,81,-18.043,0,3,3,1,0,0,0.05,0.004,200000
7248,93,-5.842,0,11,1,0,0,0,0.05,0.004,200000
7249,194,-8.292,1,13,13,0,0,0,0.05,0.004,200000
7250,385,-14.095,1,11,24,1,0,0,0.05,0.004,200000
7251,400,-5.289,0,20,15,0,0,1,0.05,0.004,200000
7252,346,-14.394,1,17,10,1,0,0,0.05,0.004,200000
7253,170,-1.514,3,20,8,0,0,0,0.05,0.004,200000
7254,102,-8.612,1,0,8,0,0,0,0.05,0.004,200000
7255,400,-8.647,0,12,25,0,0,1,0.05,0.004,200000
7256,400,-0.897,3,17,34,0,0,1,0.05,0.004,200000
7257,400,-7.721,1,20,76,0,0,1,0.05,0.004,200000
7258,32,-15.571,0,4,4,1,0,0,0.05,0.004,200000
7259,152,-17.258,0,9,39,1,0,0,0.05,0.004,200000
7260,96,-18.519,1,4,51,1,0,0,0.05,0.004,200000
7261,312,-12.311,1,17,33,1,0,0,0.05,0.004,200000
7262,382,-20.954,0,11,68,1,0,0,0.05,0.004,200000
7263,30,-15.511,0,4,2,1,0,0,0.05,0.004,200000
7264,400,1.472,1,17,18,0,0,1,0.05,0.004,200000
7265,121,-13.967,1,4,19,1,0,0,0.05,0.004,200000
7266,364,-19.66,0,12,25,1,0,0,0.05,0.004,200000
7267,296,2.298,5,37,8,0,0,0,0.05,0.004,200000
7268,198,-16.528,0,5,6,1,0,0,0.05,0.004,200000
7269,284,-9.4,3,36,6,1,0,0,0.05,0.004,200000
7270,400,-4.613,0,8,17,0,1,1,0.05,0.004,200000
7271,400,-5.35,0,10,42,0,0,1,0.05,0.004,200000
7272,400,3.808,7,38,14,0,0,1,0.05,0.004,200000
7273,263,-16.28,2,28,32,1,0,0,0.05,0.004,200000
7274,400,-1.408,0,24,20,0,0,1,0.05,0.004,200000
7275,400,-6.713,0,15,28,0,0,1,0.05,0.004,200000
7276,400,2.466,3,17,27,0,1,1,0.05,0.004,200000
7277,400,1.142,3,34,23,0,0,1,0.05,0.004,200000
7278,140,-9.726,0,3,19,0,0,0,0.05,0.004,200000
7279,221,-8.507,2,9,6,0,0,0,0.05,0.004,200000
7280,273,-14.19,2,10,31,1,0,0,0.05,0.004,200000
7281,400,4.917,2,17,22,0,1,1,0.05,0.004,200000
7282,400,-4.507,0,17,22,0,0,1,0.05,0.004,200000
7283,141,-13.492,1,10,12,1,0,0,0.05,0.004,200000
7284,80,-12.624,2,10,25,1,0,0,0.05,0.004,200000
7285,400,-5.289,2,19,13,0,0,1,0.05,0.004,200000
7286,400,-3.171,1,16,34,0,0,1,0.05,0.004,200000
7287,88,-13.247,0,4,13,1,0,0,0.05,0.004,200000
7288,5,-14.612,0,4,0,1,0,0,0.05,0.004,200000
7289,209,-11.166,0,0,6,0,0,0,0.05,0.004,200000
7290,400,-1.669,3,14,40,0,0,1,0.05,0.004,200000
7291,179,-10.559,0,9,4,1,0,0,0.05,0.004,200000
7292,369,-13.803,3,24,42,1,0,0,0.05,0.004,200000
7293,131,-17.794,1,5,22,1,0,0,0.05,0.004,200000
7294,338,0.953,4,25,9,0,0,0,0.05,0.004,200000
7295,274,-8.573,0,17,43,0,0,0,0.05,0.004,200000
7296,97,-5.47,0,8,2,0,0,0,0.05,0.004,200000
7297,313,-6.9,1,27,14,0,0,0,0.05,0.004,200000
7298,400,-8.767,1,19,10,0,0,1,0.05,0.004,200000
7299,400,-5.42,1,20,36,0,0,1,0.05,0.004,200000
7300,150,-11.441,2,13,18,1,0,0,0.05,0.004,200000
7301,242,-11.022,1,12,4,0,0,0,0.05,0.004,200000
7302,400,-0.04,4,23,58,0,0,1,0.05,0.004,200000
7303,43,-7.403,0,2,3,0,0,0,0.05,0.004,200000
7304,108,-4.945,1,12,1,0,0,0,0.05,0.004,200000
7305,5,-14.857,0,2,0,1,0,0,0.05,0.004,200000
7306,400,-1.088,2,15,17,0,0,1,0.05,0.004,200000
7307,383,-14.845,1,20,43,1,0,0,0.05,0.004,200000
7308,142,-7.392,1,16,32,0,0,0,0.05,0.004,200000
7309,220,-6.148,1,15,19,0,0,0,0.05,0.004,200000
7310,400,-8.482,2,17,26,0,0,1,0.05,0.004,200000
7311,78,-12.376,0,3,2,1,0,0,0.05,0.004,200000
7312,229,-19.42,0,7,8,1,0,0,0.05,0.004,200000
7313,114,-11.187,0,3,24,0,0,0,0.05,0.004,200000
7314,400,-2.862,3,21,16,0,0,1,0.05,0.004,200000
7315,228,-11.395,2,20,4,1,0,0,0.05,0.004,200000
7316,400,-2.395,4,17,10,0,0,1,0.05,0.004,200000
7317,155,-8.18,1,17,6,1,1,0,0.05,0.004,200000
7318,245,-8.199,0,6,6,0,0,0,0.05,0.004,200000
7319,400,-11.393,0,5,45,0,0,1,0.05,0.004,200000
7320,238,-10.288,1,8,9,0,0,0,0.05,0.004,200000
7321,396,-7.539,3,57,17,1,0,0,0.05,0.004,200000
7322,400,2.085,3,19,11,0,0,1,0.05,0.004,200000
7323,198,-12.279,0,2,3,0,0,0,0.05,0.004,200000
7324,380,-6.396,2,28,6,0,0,0,0.05,0.004,200000
7325,229,-5.932,3,28,10,1,1,0,0.05,0.004,200000
7326,400,-9.013,1,19,29,0,0,1,0.05,0.004,200000
7327,178,-14.723,1,11,2,1,0,0,0.05,0.004,200000
7328,49,-15.787,0,4,3,1,0,0,0.05,0.004,200000
7329,149,-10.765,2,20,5,1,0,0,0.05,0.004,200000
7330,50,-9.901,2,10,2,1,0,0,0.05,0.004,200000
7331,125,-13.876,0,11,18,1,0,0,0.05,0.004,200000
7332,41,-16.391,0,4,5,1,0,0,0.05,0.004,200000
7333,117,-6.332,1,4,2,0,0,0,0.05,0.004,200000
7334,136,-8.181,0,3,0,0,0,0,0.05,0.004,200000
7335,239,-2.308,2,30,2,0,0,0,0.05,0.004,200000
7336,196,-12.814,0,3,4,0,0,0,0.05,0.004,200000
7337,400,-1.628,2,17,11,0,0,1,0.05,0.004,200000
7338,252,-14.171,1,23,10,1,0,0,0.05,0.004,200000
7339,400,-0.542,1,21,16,0,0,1,0.05,0.004,200000
7340,400,-9.085,2,4,18,0,0,1,0.05,0.004,200000
7341,183,-6.96,0,17,30,0,0,0,0.05,0.004,200000
7342,238,-8.703,0,15,10,0,0,0,0.05,0.004,200000
7343,236,0.621,3,42,4,1,0,0,0.05,0.004,200000
7344,391,-10.013,1,10,27,0,0,0,0.05,0.004,200000
7345,138,-12.729,0,4,1,1,0,0,0.05,0.004,200000
7346,164,-15.416,1,12,7,1,0,0,0.05,0.004,200000
7347,400,-6.435,1,13,40,0,0,1,0.05,0.004,200000
7348,163,-6.433,1,11,3,0,0,0,0.05,0.004,200000
7349,360,-10.032,2,20,14,1,0,0,0.05,0.004,200000
7350,400,-8.423,2,14,35,0,0,1,0.05,0.004,200000
7351,400,-7.526,0,13,8,0,0,1,0.05,0.004,200000
7352,400,-9.951,0,13,27,0,0,1,0.05,0.004,200000
7353,400,-0.28,3,29,10,0,0,1,0.05,0.004,200000
7354,400,-9.981,1,14,10,0,0,1,0.05,0.004,200000
7355,303,-15.389,2,17,7,1,0,0,0.05,0.004,200000
7356,204,-9.238,3,23,3,1,0,0,0.05,0.004,200000
7357,70,-12.375,0,5,1,1,0,0,0.05,0.004,200000
7358,365,-3.72,1,47,16,1,0,0,0.05,0.004,200000
7359,48,-17.583,0,1,10,1,0,0,0.05,0.004,200000
7360,90,-17.624,0,3,2,1,0,0,0.05,0.004,200000
7361,23,-15.735,0,2,1,1,0,0,0.05,0.004,200000
7362,127,-9.465,0,0,5,0,0,0,0.05,0.004,200000
7363,400,-3.268,1,26,40,0,0,1,0.05,0.004,200000
7364,171,-9.557,3,25,10,1,0,0,0.05,0.004,200000
7365,87,-7.635,1,0,2,0,0,0,0.05,0.004,200000
7366,8,-13.846,0,4,1,1,0,0,0.05,0.004,200000
7367,117,-7.101,0,9,20,0,0,0,0.05,0.004,200000
7368,400,-6.927,0,2,5,0,0,1,0.05,0.004,200000
7369,88,-0.452,3,17,14,0,0,0,0.05,0.004,200000
7370,157,-15.779,0,6,24,1,0,0,0.05,0.004,200000
7371,131,-7.758,1,0,2,0,0,0,0.05,0.004,200000
7372,92,-9.0,0,4,25,0,0,0,0.05,0.004,200000
7373,386,-10.835,1,0,4,0,0,0,0.05,0.004,200000
7374,170,-4.278,2,22,7,0,0,0,0.05,0.004,200000
7375,224,-7.255,1,11,7,0,0,0,0.05,0.004,200000
7376,275,-12.692,0,5,12,0,0,0,0.05,0.004,200000
7377,358,-12.657,2,22,38,1,0,0,0.05,0.004,200000
7378,400,0.695,2,32,12,0,0,1,0.05,0.004,200000
7379,202,-11.514,1,15,20,1,0,0,0.05,0.004,200000
7380,251,-10.538,0,7,10,0,0,0,0.05,0.004,200000
7381,106,-14.074,0,8,12,1,0,0,0.05,0.004,200000
7382,142,-3.815,1,17,14,0,0,0,0.05,0.004,200000
7383,59,-7.592,0,7,9,0,0,0,0.05,0.004,200000
7384,400,-9.121,1,20,9,0,0,1,0.05,0.004,200000
7385,71,-14.974,0,6,12,1,0,0,0.05,0.004,200000
7386,240,-10.844,1,20,32,1,0,0,0.05,0.004,200000
7387,194,-11.776,1,3,7,0,0,0,0.05,0.004,200000
7388,65,-4.895,1,6,11,0,0,0,0.05,0.004,200000
7389,314,-10.41,2,40,28,1,0,0,0.05,0.004,200000
7390,125,-18.433,0,6,7,1,0,0,0.05,0.004,200000
7391,400,1.429,4,18,11,0,1,1,0.05,0.004,200000
7392,228,-17.34,1,13,6,1,0,0,0.05,0.004,200000
7393,187,-9.585,0,3,2,0,0,0,0.05,0.004,200000
7394,50,-16.169,0,3,3,1,0,0,0.05,0.004,200000
7395,89,-9.351,0,0,12,0,0,0,0.05,0.004,200000
7396,400,-9.398,0,25,66,0,0,1,0.05,0.004,200000
7397,217,-8.652,1,10,16,0,0,0,0.05,0.004,200000
7398,162,-16.427,1,8,4,1,0,0,0.05,0.004,200000
7399,400,-5.042,0,17,30,0,0,1,0.05,0.004,200000
7400,61,-8.245,0,2,6,0,0,0,0.05,0.004,200000
7401,400,-5.59,0,14,26,0,0,1,0.05,0.004,200000
7402,400,-7.087,1,12,26,0,0,1,0.05,0.004,200000
7403,400,4.754,3,35,11,0,0,1,0.05,0.004,200000
7404,108,-17.388,0,3,5,1,0,0,0.05,0.004,200000
7405,101,-17.474,0,3,1,1,0,0,0.05,0.004,200000
7406,389,-12.668,0,10,4,0,0,0,0.05,0.004,200000
7407,400,6.35,2,26,24,0,1,1,0.05,0.004,200000
7408,400,-8.014,1,19,12,0,0,1,0.05,0.004,200000
7409,400,-4.833,3,14,24,0,0,1,0.05,0.004,200000
7410,5,-15.317,0,4,2,1,0,0,0.05,0.004,200000
7411,5,-15.472,0,2,2,1,0,0,0.05,0.004,200000
7412,95,-5.299,1,10,1,0,0,0,0.05,0.004,200000
7413,400,-1.405,4,27,26,0,0,1,0.05,0.004,200000
7414,49,-11.567,1,7,4,1,0,0,0.05,0.004,200000
7415,400,-3.808,1,9,16,0,0,1,0.05,0.004,200000
7416,61,-11.973,1,10,5,1,0,0,0.05,0.004,200000
7417,400,-12.42,1,22,78,0,0,1,0.05,0.004,200000
7418,400,-11.589,0,14,44,0,0,1,0.05,0.004,200000
7419,88,-7.629,0,2,2,0,0,0,0.05,0.004,200000
7420,400,-7.412,0,16,61,0,0,1,0.05,0.004,200000
7421,98,-9.532,0,0,2,0,0,0,0.05,0.004,200000
7422,400,-3.802,3,32,50,0,0,1,0.05,0.004,200000
7423,400,-4.162,1,11,19,0,0,1,0.05,0.004,200000
7424,400,0.472,2,21,21,0,1,1,0.05,0.004,200000
7425,54,-10.2,0,6,2,1,0,0,0.05,0.004,200000
7426,400,-1.242,2,11,9,0,0,1,0.05,0.004,200000
7427,205,4.653,5,36,6,0,0,0,0.05,0.004,200000
7428,11,-15.404,0,4,2,1,0,0,0.05,0.004,200000
7429,95,-10.074,0,0,27,0,0,0,0.05,0.004,200000
7430,399,-12.734,3,22,27,1,0,0,0.05,0.004,200000
7431,400,2.386,4,28,15,0,0,1,0.05,0.004,200000
7432,143,-12.576,1,5,5,1,0,0,0.05,0.004,200000
7433,400,-12.504,0,3,14,0,0,1,0.05,0.004,200000
7434,400,-4.367,0,10,18,0,0,1,0.05,0.004,200000
7435,400,-12.439,0,8,17,0,0,1,0.05,0.004,200000
7436,400,-4.596,0,14,26,0,0,1,0.05,0.004,200000
7437,400,-8.798,0,15,7,0,0,1,0.05,0.004,200000
7438,214,-12.521,1,26,6,1,0,0,0.05,0.004,200000
7439,184,-9.212,1,3,4,0,0,0,0.05,0.004,200000
7440,179,-15.504,0,7,3,1,0,0,0.05,0.004,200000
7441,364,-8.946,3,28,21,0,0,0,0.05,0.004,200000
7442,400,-2.768,0,20,11,0,0,1,0.05,0.004,200000
7443,11,-14.858,0,2,0,1,0,0,0.05,0.004,200000
7444,315,-15.74,1,9,10,1,0,0,0.05,0.004,200000
7445,149,-7.08,1,9,5,0,0,0,0.05,0.004,200000
7446,400,-6.32,0,17,21,0,0,1,0.05,0.004,200000
7447,400,-1.198,3,24,6,0,0,1,0.05,0.004,200000
7448,400,3.125,2,17,8,0,1,1,0.05,0.004,200000
7449,355,-11.413,3,24,12,1,0,0,0.05,0.004,200000
7450,186,-5.123,2,26,4,1,0,0,0.05,0.004,200000
7451,382,-15.859,2,13,45,1,0,0,0.05,0.004,200000
7452,101,-9.439,0,3,4,0,0,0,0.05,0.004,200000
7453,400,-2.393,1,19,18,0,0,1,0.05,0.004,200000
7454,400,-1.283,1,19,5,0,0,1,0.05,0.004,200000
7455,339,-15.073,0,21,8,1,0,0,0.05,0.004,200000
7456,49,-16.8,0,4,3,1,0,0,0.05,0.004,200000
7457,400,0.959,2,23,18,0,0,1,0.05,0.004,200000
7458,248,-10.775,2,15,11,1,0,0,0.05,0.004,200000
7459,400,-0.778,1,21,9,0,0,1,0.05,0.004,200000
7460,242,1.271,2,24,6,0,0,0,0.05,0.004,200000
7461,11,-16.002,0,3,3,1,0,0,0.05,0.004,200000
7462,400,4.765,5,32,10,0,0,1,0.05,0.004,200000
7463,281,-9.221,3,23,7,1,0,0,0.05,0.004,200000
7464,365,-1.838,5,49,10,1,0,0,0.05,0.004,200000
7465,274,-17.673,1,16,17,1,0,0,0.05,0.004,200000
7466,400,-2.56,1,34,13,0,0,1,0.05,0.004,200000
7467,227,-14.584,2,14,12,1,0,0,0.05,0.004,200000
7468,240,-0.357,4,17,6,0,0,0,0.05,0.004,200000
7469,203,-11.966,2,17,5,1,0,0,0.05,0.004,200000
7470,112,-8.218,0,3,8,0,0,0,0.05,0.004,200000
7471,400,-2.108,0,30,5,0,0,1,0.05,0.004,200000
7472,400,1.14,3,27,19,0,0,1,0.05,0.004,200000
7473,273,-9.59,1,21,5,0,0,0,0.05,0.004,200000
7474,171,-12.71,0,10,8,1,0,0,0.05,0.004,200000
7475,400,-8.431,0,19,12,0,0,1,0.05,0.004,200000
7476,400,-6.301,3,21,7,0,0,1,0.05,0.004,200000
7477,207,-8.094,0,3,1,0,0,0,0.05,0.004,200000
7478,400,1.921,2,10,39,0,1,1,0.05,0.004,200000
7479,400,-5.72,3,14,22,0,0,1,0.05,0.004,200000
7480,400,-1.451,3,25,20,0,0,1,0.05,0.004,200000
7481,13,-14.714,0,3,11,1,0,0,0.05,0.004,200000
7482,356,-17.064,0,20,10,1,0,0,0.05,0.004,200000
7483,400,-6.775,0,22,26,0,0,1,0.05,0.004,200000
7484,400,-6.876,0,9,14,0,0,1,0.05,0.004,200000
7485,238,-9.095,0,3,8,0,0,0,0.05,0.004,200000
7486,181,-6.85,1,16,27,0,0,0,0.05,0.004,200000
7487,392,-12.983,0,18,13,1,0,0,0.05,0.004,200000
7488,354,-16.27,1,22,10,1,0,0,0.05,0.004,200000
7489,400,-6.037,1,15,41,0,0,1,0.05,0.004,200000
7490,136,-7.749,2,19,2,1,0,0,0.05,0.004,200000
7491,400,-1.592,3,31,9,0,0,1,0.05,0.004,200000
7492,308,-4.962,3,31,9,1,0,0,0.05,0.004,200000
7493,400,-6.538,0,16,41,0,0,1,0.05,0.004,200000
7494,321,-2.347,5,27,19,1,1,0,0.05,0.004,200000
7495,226,-4.757,3,37,22,1,0,0,0.05,0.004,200000
7496,305,-17.981,0,4,15,1,0,0,0.05,0.004,200000
7497,356,-13.797,2,24,41,1,0,0,0.05,0.004,200000
7498,400,-5.126,3,11,9,0,0,1,0.05,0.004,200000
7499,400,-3.788,1,30,28,0,0,1,0.05,0.004,200000
7500,46,-7.412,0,0,2,0,0,0,0.05,0.004,200000
7501,400,-6.406,0,18,22,0,0,1,0.05,0.004,200000
7502,162,-7.292,0,9,4,0,0,0,0.05,0.004,200000
7503,175,0.922,4,20,3,0,0,0,0.05,0.004,200000
7504,400,2.866,3,34,14,0,1,1,0.05,0.004,200000
7505,119,-6.829,2,3,2,0,0,0,0.05,0.004,200000
7506,400,-5.409,1,12,15,0,0,1,0.05,0.004,200000
7507,67,-12.316,0,7,7,1,0,0,0.05,0.004,200000
7508,177,-14.832,0,8,3,1,0,0,0.05,0.004,200000
7509,400,-9.366,0,9,32,0,0,1,0.05,0.004,200000
7510,186,-14.667,0,4,7,0,0,0,0.05,0.004,200000
7511,234,-18.371,0,12,6,1,0,0,0.05,0.004,200000
7512,400,-3.669,1,31,6,0,0,1,0.05,0.004,200000
7513,90,-10.203,0,10,9,1,0,0,0.05,0.004,200000
7514,400,-8.27,1,16,37,0,0,1,0.05,0.004,200000
7515,400,-5.857,1,19,42,0,0,1,0.05,0.004,200000
7516,109,-8.916,1,10,2,1,0,0,0.05,0.004,200000
7517,299,-10.922,2,16,34,1,0,0,0.05,0.004,200000
7518,400,3.641,3,35,62,0,0,1,0.05,0.004,200000
7519,192,-12.075,0,0,4,0,0,0,0.05,0.004,200000
7520,49,-16.72,0,2,4,1,0,0,0.05,0.004,200000
7521,400,-3.55,0,14,12,0,0,1,0.05,0.004,200000
7522,400,-3.715,4,17,14,0,0,1,0.05,0.004,200000
7523,196,-8.241,0,4,6,0,0,0,0.05,0.004,200000
7524,388,-12.85,2,20,19,1,0,0,0.05,0.004,200000
7525,400,7.154,3,28,10,0,1,1,0.05,0.004,200000
7526,282,-16.976,0,1,21,0,0,0,0.05,0.004,200000
7527,400,-11.442,0,14,13,0,0,1,0.05,0.004,200000
7528,157,-15.291,0,11,6,1,0,0,0.05,0.004,200000
7529,400,6.192,3,33,7,0,0,1,0.05,0.004,200000
7530,45,-14.618,0,3,3,1,0,0,0.05,0.004,200000
7531,400,-4.784,3,17,15,0,0,1,0.05,0.004,200000
7532,175,-4.603,2,9,5,0,0,0,0.05,0.004,200000
7533,123,-19.189,0,0,6,1,0,0,0.05,0.004,200000
7534,400,-6.668,0,7,17,0,0,1,0.05,0.004,200000
7535,120,-5.559,0,13,19,0,0,0,0.05,0.004,200000
7536,400,1.448,3,28,11,0,0,1,0.05,0.004,200000
7537,384,-15.354,1,8,21,1,1,0,0.05,0.004,200000
7538,246,-8.055,0,8,7,0,0,0,0.05,0.004,200000
7539,122,-2.932,1,20,10,0,0,0,0.05,0.004,200000
7540,7,-14.839,0,3,0,1,0,0,0.05,0.004,200000
7541,400,-6.145,2,9,12,0,0,1,0.05,0.004,200000
7542,92,-9.03,0,0,1,0,0,0,0.05,0.004,200000
7543,215,-18.509,0,4,7,1,0,0,0.05,0.004,200000
7544,182,-7.162,2,15,5,1,0,0,0.05,0.004,200000
7545,400,3.245,2,14,10,0,0,1,0.05,0.004,200000
7546,116,-7.812,0,0,3,0,0,0,0.05,0.004,200000
7547,211,-20.522,0,2,9,1,0,0,0.05,0.004,200000
7548,267,-4.246,1,28,7,0,0,0,0.05,0.004,200000
7549,165,-8.534,1,5,4,0,0,0,0.05,0.004,200000
7550,9,-15.465,0,1,1,1,0,0,0.05,0.004,200000
7551,400,-4.658,1,16,7,0,0,1,0.05,0.004,200000
7552,167,-16.677,0,7,9,1,0,0,0.05,0.004,200000
7553,89,-9.151,0,2,5,0,0,0,0.05,0.004,200000
7554,400,-5.398,3,25,8,0,0,1,0.05,0.004,200000
7555,226,-10.594,1,17,53,0,0,0,0.05,0.004,200000
7556,400,1.59,1,10,14,0,0,1,0.05,0.004,200000
7557,184,-8.983,0,6,21,0,0,0,0.05,0.004,200000
7558,100,-4.814,1,9,1,0,0,0,0.05,0.004,200000
7559,400,-0.407,1,29,25,0,0,1,0.05,0.004,200000
7560,277,2.943,4,45,3,0,0,0,0.05,0.004,200000
7561,173,-10.459,1,4,1,0,0,0,0.05,0.004,200000
7562,258,-16.151,1,19,31,1,0,0,0.05,0.004,200000
7563,384,0.356,6,45,32,1,0,0,0.05,0.004,200000
7564,400,-5.596,1,22,18,0,0,1,0.05,0.004,200000
7565,311,-15.173,2,16,18,1,0,0,0.05,0.004,200000
7566,5,-15.402,0,3,3,1,0,0,0.05,0.004,200000
7567,309,-22.943,0,5,10,1,0,0,0.05,0.004,200000
7568,271,-17.887,0,6,22,1,0,0,0.05,0.004,200000
7569,120,-18.206,0,4,3,1,0,0,0.05,0.004,200000
7570,400,-5.928,1,17,35,0,0,1,0.05,0.004,200000
7571,208,-4.721,1,9,2,0,0,0,0.05,0.004,200000
7572,400,-3.071,0,15,17,0,0,1,0.05,0.004,200000
7573,223,-8.556,0,8,3,0,0,0,0.05,0.004,200000
7574,400,-5.084,1,11,5,0,0,1,0.05,0.004,200000
7575,400,-0.557,1,24,31,0,0,1,0.05,0.004,200000
7576,51,-16.709,0,4,4,1,0,0,0.05,0.004,200000
7577,236,-13.317,0,0,8,0,0,0,0.05,0.004,200000
7578,209,-12.279,2,16,11,1,0,0,0.05,0.004,200000
7579,121,-8.904,0,5,5,0,0,0,0.05,0.004,200000
7580,65,-11.238,0,5,1,1,0,0,0.05,0.004,200000
7581,110,-9.988,0,0,4,0,0,0,0.05,0.004,200000
7582,400,-3.833,1,8,9,0,1,1,0.05,0.004,200000
7583,114,-16.571,1,4,5,1,0,0,0.05,0.004,200000
7584,263,-17.956,2,7,7,1,0,0,0.05,0.004,200000
7585,400,-6.278,2,11,16,0,0,1,0.05,0.004,200000
7586,120,-13.495,1,20,13,1,0,0,0.05,0.004,200000
7587,90,-18.397,0,3,5,1,0,0,0.05,0.004,200000
7588,168,-19.718,0,7,23,1,0,0,0.05,0.004,200000
7589,400,-9.759,1,12,35,0,0,1,0.05,0.004,200000
7590,268,-8.931,2,19,11,1,0,0,0.05,0.004,200000
7591,31,-12.639,0,2,9,1,0,0,0.05,0.004,200000
7592,130,-3.514,1,29,19,0,0,0,0.05,0.004,200000
7593,400,-9.83,0,4,6,0,0,1,0.05,0.004,200000
7594,103,-8.871,1,17,3,1,0,0,0.05,0.004,200000
7595,400,10.953,2,39,19,0,1,1,0.05,0.004,200000
7596,184,-10.781,3,11,6,1,0,0,0.05,0.004,200000
7597,101,-14.447,0,10,5,1,0,0,0.05,0.004,200000
7598,140,-11.293,0,3,3,0,0,0,0.05,0.004,200000
7599,400,-3.904,1,14,39,0,0,1,0.05,0.004,200000
7600,262,-11.941,1,20,17,1,0,0,0.05,0.004,200000
7601,179,-9.028,3,24,6,1,0,0,0.05,0.004,200000
7602,55,-9.186,1,7,1,1,0,0,0.05,0.004,200000
7603,254,-16.563,0,0,21,0,0,0,0.05,0.004,200000
7604,61,-13.297,0,5,3,1,0,0,0.05,0.004,200000
7605,400,-3.308,0,20,16,0,0,1,0.05,0.004,200000
7606,51,-7.879,0,3,4,0,0,0,0.05,0.004,200000
7607,93,-12.046,1,10,22,1,0,0,0.05,0.004,200000
7608,400,3.207,4,43,25,0,0,1,0.05,0.004,200000
7609,400,3.356,0,30,10,0,1,1,0.05,0.004,200000
7610,5,-14.94,0,2,1,1,0,0,0.05,0.004,200000
7611,221,-5.293,0,14,2,0,0,0,0.05,0.004,200000
7612,400,2.704,2,16,8,0,1,1,0.05,0.004,200000
7613,268,-17.049,0,17,12,1,0,0,0.05,0.004,200000
7614,400,2.972,3,26,15,0,1,1,0.05,0.004,200000
7615,177,-8.662,0,5,6,0,0,0,0.05,0.004,200000
7616,400,-2.106,1,24,30,0,0,1,0.05,0.004,200000
7617,400,4.197,4,37,62,0,0,1,0.05,0.004,200000
7618,159,-10.456,0,0,4,0,0,0,0.05,0.004,200000
7619,7,-15.77,0,3,5,1,0,0,0.05,0.004,200000
7620,139,-10.379,1,18,11,1,0,0,0.05,0.004,200000
7621,91,-6.298,0,0,2,0,0,0,0.05,0.004,200000
7622,400,1.309,2,34,15,0,0,1,0.05,0.004,200000
7623,351,-8.486,4,26,38,1,0,0,0.05,0.004,200000
7624,243,-10.039,2,18,14,1,0,0,0.05,0.004,200000
7625,113,-12.821,0,10,3,1,0,0,0.05,0.004,200000
7626,400,-2.456,0,7,9,0,1,1,0.05,0.004,200000
7627,266,-14.149,1,23,13,1,0,0,0.05,0.004,200000
7628,400,-9.658,2,11,27,0,0,1,0.05,0.004,200000
7629,400,-10.789,0,11,40,0,0,1,0.05,0.004,200000
7630,400,-6.03,0,21,19,0,0,1,0.05,0.004,200000
7631,134,-9.785,0,2,9,0,0,0,0.05,0.004,200000
7632,227,-12.481,0,0,27,0,0,0,0.05,0.004,200000
7633,400,-9.88,2,3,6,0,0,1,0.05,0.004,200000
7634,400,-1.683,1,10,9,0,1,1,0.05,0.004,200000
7635,111,-6.32,0,5,2,0,0,0,0.05,0.004,200000
7636,400,-5.929,2,15,9,0,0,1,0.05,0.004,200000
7637,400,-4.882,3,13,12,0,0,1,0.05,0.004,200000
7638,400,-8.854,1,12,7,0,0,1,0.05,0.004,200000
7639,48,-10.664,0,6,0,1,0,0,0.05,0.004,200000
7640,400,-0.198,3,25,50,0,0,1,0.05,0.004,200000
7641,400,-9.111,2,8,22,0,0,1,0.05,0.004,200000
7642,388,-12.558,1,13,12,1,0,0,0.05,0.004,200000
7643,170,-13.126,0,13,6,1,0,0,0.05,0.004,200000
7644,400,-7.2,2,13,49,0,0,1,0.05,0.004,200000
7645,400,-3.826,2,17,27,0,0,1,0.05,0.004,200000
7646,200,-6.402,1,3,5,0,0,0,0.05,0.004,200000
7647,286,-8.283,0,2,2,0,0,0,0.05,0.004,200000
7648,30,-16.351,0,3,2,1,0,0,0.05,0.004,200000
7649,400,-5.195,0,3,17,0,0,1,0.05,0.004,200000
7650,71,-5.893,0,1,1,0,0,0,0.05,0.004,200000
7651,400,-10.113,1,7,16,0,0,1,0.05,0.004,200000
7652,117,-9.521,0,0,4,0,0,0,0.05,0.004,200000
7653,400,-5.626,0,17,60,0,0,1,0.05,0.004,200000
7654,276,-13.876,1,16,19,1,0,0,0.05,0.004,200000
7655,256,-21.436,0,11,5,1,0,0,0.05,0.004,200000
7656,23,-15.643,0,3,0,1,0,0,0.05,0.004,200000
7657,334,-13.119,1,19,30,1,0,0,0.05,0.004,200000
7658,32,-16.134,0,4,5,1,0,0,0.05,0.004,200000
7659,400,5.399,4,25,7,0,0,1,0.05,0.004,200000
7660,400,-2.386,2,18,9,0,0,1,0.05,0.004,200000
7661,400,-8.301,1,9,25,0,0,1,0.05,0.004,200000
7662,85,-8.891,0,0,4,0,0,0,0.05,0.004,200000
7663,400,3.578,5,27,11,0,0,1,0.05,0.004,200000
7664,400,-4.933,1,24,7,0,0,1,0.05,0.004,200000
7665,177,-13.104,2,9,10,1,0,0,0.05,0.004,200000
7666,400,-4.713,0,18,10,0,1,1,0.05,0.004,200000
7667,400,-0.136,3,20,36,0,0,1,0.05,0.004,200000
7668,400,-10.525,0,11,27,0,0,1,0.05,0.004,200000
7669,326,-10.849,1,6,33,0,0,0,0.05,0.004,200000
7670,234,-7.461,3,28,1,1,0,0,0.05,0.004,200000
7671,400,-9.443,1,20,86,0,0,1,0.05,0.004,200000
7672,47,-7.237,0,0,1,0,0,0,0.05,0.004,200000
7673,198,-14.014,0,8,4,1,0,0,0.05,0.004,200000
7674,400,-3.807,2,9,28,0,0,1,0.05,0.004,200000
7675,289,-15.324,1,5,10,0,0,0,0.05,0.004,200000
7676,400,-3.532,0,16,13,0,0,1,0.05,0.004,200000
7677,20,-14.11,0,2,3,1,0,0,0.05,0.004,200000
7678,400,-4.043,2,27,15,0,0,1,0.05,0.004,200000
7679,400,-2.837,3,24,44,0,0,1,0.05,0.004,200000
7680,168,-12.79,0,19,6,1,0,0,0.05,0.004,200000
7681,193,-9.38,2,1,4,1,0,0,0.05,0.004,200000
7682,353,-2.859,2,38,22,1,1,0,0.05,0.004,200000
7683,132,-4.832,1,16,2,0,0,0,0.05,0.004,200000
7684,400,-1.256,1,24,11,0,1,1,0.05,0.004,200000
7685,215,-14.084,2,17,19,1,0,0,0.05,0.004,200000
7686,400,0.808,1,25,15,0,0,1,0.05,0.004,200000
7687,400,1.47,2,25,34,0,0,1,0.05,0.004,200000
7688,400,1.656,2,25,6,0,1,1,0.05,0.004,200000
7689,400,4.428,4,31,31,0,0,1,0.05,0.004,200000
7690,98,-6.517,1,3,5,0,0,0,0.05,0.004,200000
7691,105,-13.112,0,19,11,1,0,0,0.05,0.004,200000
7692,400,-10.476,0,7,43,0,0,1,0.05,0.004,200000
7693,176,-13.497,0,8,20,0,0,0,0.05,0.004,200000
7694,216,-14.579,1,12,15,1,0,0,0.05,0.004,200000
7695,186,-4.171,3,13,12,0,0,0,0.05,0.004,200000
7696,225,-1.774,4,23,7,0,0,0,0.05,0.004,200000
7697,132,-6.668,1,8,2,0,0,0,0.05,0.004,200000
7698,149,-15.284,0,8,3,1,0,0,0.05,0.004,200000
7699,236,-19.305,0,10,12,1,0,0,0.05,0.004,200000
7700,174,-3.036,1,27,13,0,0,0,0.05,0.004,200000
7701,145,-8.638,0,6,0,0,0,0,0.05,0.004,200000
7702,400,-2.332,3,18,41,0,0,1,0.05,0.004,200000
7703,112,-20.776,0,7,63,1,0,0,0.05,0.004,200000
7704,89,-11.508,0,12,5,1,0,0,0.05,0.004,200000
7705,378,-5.46,3,33,11,1,0,0,0.05,0.004,200000
7706,400,-0.265,2,24,18,0,0,1,0.05,0.004,200000
7707,243,-6.509,2,17,3,1,0,0,0.05,0.004,200000
7708,192,-4.967,2,26,17,1,1,0,0.05,0.004,200000
7709,371,-10.446,3,16,11,1,0,0,0.05,0.004,200000
7710,230,-13.987,1,23,26,1,0,0,0.05,0.004,200000
7711,330,-14.947,1,20,12,1,0,0,0.05,0.004,200000
7712,395,-17.595,3,9,32,1,0,0,0.05,0.004,200000
7713,400,-12.653,0,6,18,0,0,1,0.05,0.004,200000
7714,127,-14.812,0,3,1,1,0,0,0.05,0.004,200000
7715,400,-6.724,1,17,12,0,0,1,0.05,0.004,200000
7716,400,-8.856,0,11,22,0,0,1,0.05,0.004,200000
7717,400,2.915,1,37,24,0,0,1,0.05,0.004,200000
7718,223,-15.62,0,20,38,1,0,0,0.05,0.004,200000
7719,400,0.773,5,24,51,0,0,1,0.05,0.004,200000
7720,65,-15.901,0,6,5,1,0,0,0.05,0.004,200000
7721,400,-3.886,1,23,22,0,0,1,0.05,0.004,200000
7722,112,-6.278,0,7,6,0,0,0,0.05,0.004,200000
7723,235,-18.72,0,10,9,1,0,0,0.05,0.004,200000
7724,400,2.089,3,31,20,0,0,1,0.05,0.004,200000
7725,88,-14.796,0,3,3,1,0,0,0.05,0.004,200000
7726,400,3.363,4,32,15,0,0,1,0.05,0.004,200000
7727,400,-1.711,3,15,7,0,1,1,0.05,0.004,200000
7728,237,-12.387,0,0,4,0,0,0,0.05,0.004,200000
7729,400,0.666,2,24,5,0,0,1,0.05,0.004,200000
7730,400,2.305,5,24,10,0,0,1,0.05,0.004,200000
7731,19,-15.027,0,3,3,1,0,0,0.05,0.004,200000
7732,272,-16.174,0,6,4,1,0,0,0.05,0.004,200000
7733,355,-11.076,2,17,5,1,0,0,0.05,0.004,200000
7734,13,-13.804,0,4,1,1,0,0,0.05,0.004,200000
7735,97,-9.267,0,0,3,0,0,0,0.05,0.004,200000
7736,140,-4.014,1,9,2,0,0,0,0.05,0.004,200000
7737,359,-8.07,2,30,13,1,0,0,0.05,0.004,200000
7738,305,-11.874,1,4,25,0,0,0,0.05,0.004,200000
7739,400,-3.883,3,21,15,0,0,1,0.05,0.004,200000
7740,205,-9.517,1,23,3,1,0,0,0.05,0.004,200000
7741,400,1.104,5,29,13,0,0,1,0.05,0.004,200000
7742,155,-10.954,0,2,3,0,0,0,0.05,0.004,200000
7743,400,-6.264,1,15,20,0,0,1,0.05,0.004,200000
7744,194,-14.543,0,4,3,1,0,0,0.05,0.004,200000
7745,33,-15.57,0,4,1,1,0,0,0.05,0.004,200000
7746,400,-9.268,2,17,27,0,0,1,0.05,0.004,200000
7747,291,-2.878,2,12,6,0,0,0,0.05,0.004,200000
7748,400,1.927,2,29,4,0,0,1,0.05,0.004,200000
7749,146,-18.728,0,3,6,1,0,0,0.05,0.004,200000
7750,400,-0.43,3,20,36,0,0,1,0.05,0.004,200000
7751,296,-16.568,2,10,12,1,0,0,0.05,0.004,200000
7752,400,-9.182,2,9,13,0,0,1,0.05,0.004,200000
7753,227,-21.368,0,4,22,1,0,0,0.05,0.004,200000
7754,394,-10.772,3,30,25,1,0,0,0.05,0.004,200000
7755,46,-15.401,0,3,1,1,0,0,0.05,0.004,200000
7756,392,-19.243,0,20,31,1,0,0,0.05,0.004,200000
7757,108,-11.062,1,7,2,1,0,0,0.05,0.004,200000
7758,244,-1.0,3,24,4,0,0,0,0.05,0.004,200000
7759,76,-9.921,1,10,1,1,0,0,0.05,0.004,200000
7760,354,-11.628,2,21,26,1,0,0,0.05,0.004,200000
7761,400,2.425,2,34,15,0,0,1,0.05,0.004,200000
7762,400,3.443,1,33,17,0,0,1,0.05,0.004,200000
7763,272,-15.081,1,7,9,1,0,0,0.05,0.004,200000
7764,400,5.256,2,31,25,0,0,1,0.05,0.004,200000
7765,245,-10.603,0,7,6,0,0,0,0.05,0.004,200000
7766,400,-8.565,0,14,31,0,0,1,0.05,0.004,200000
7767,127,-10.667,0,17,5,1,0,0,0.05,0.004,200000
7768,400,-7.389,1,9,9,0,0,1,0.05,0.004,200000
7769,137,-6.624,0,12,11,0,0,0,0.05,0.004,200000
7770,146,-8.249,0,0,4,0,0,0,0.05,0.004,200000
7771,244,-12.021,1,0,6,0,0,0,0.05,0.004,200000
7772,400,0.394,3,26,14,0,0,1,0.05,0.004,200000
7773,400,1.475,3,52,25,0,0,1,0.05,0.004,200000
7774,189,-4.055,1,10,6,0,0,0,0.05,0.004,200000
7775,140,-7.826,1,6,1,0,0,0,0.05,0.004,200000
7776,303,-16.641,1,13,11,1,0,0,0.05,0.004,200000
7777,400,-5.169,2,14,13,0,0,1,0.05,0.004,200000
7778,180,-16.673,0,11,6,1,0,0,0.05,0.004,200000
7779,287,-3.217,4,19,11,0,0,0,0.05,0.004,200000
7780,400,-5.372,0,19,16,0,0,1,0.05,0.004,200000
7781,400,-10.928,0,7,25,0,0,1,0.05,0.004,200000
7782,303,-7.917,2,24,17,1,0,0,0.05,0.004,200000
7783,342,-5.846,3,14,16,0,0,0,0.05,0.004,200000
7784,262,-18.807,1,13,36,1,0,0,0.05,0.004,200000
7785,400,0.73,1,18,32,0,1,1,0.05,0.004,200000
7786,201,-4.839,2,21,13,0,0,0,0.05,0.004,200000
7787,362,0.721,6,41,24,1,1,0,0.05,0.004,200000
7788,5,-14.607,0,4,0,1,0,0,0.05,0.004,200000
7789,400,-3.853,3,17,16,0,0,1,0.05,0.004,200000
7790,222,-8.563,0,7,9,0,0,0,0.05,0.004,200000
7791,111,-13.306,0,6,4,1,0,0,0.05,0.004,200000
7792,347,-11.395,1,16,41,0,0,0,0.05,0.004,200000
7793,251,-7.736,2,23,15,1,0,0,0.05,0.004,200000
7794,59,-12.938,0,2,2,1,0,0,0.05,0.004,200000
7795,151,-14.683,0,7,4,1,0,0,0.05,0.004,200000
7796,400,-0.113,3,22,18,0,0,1,0.05,0.004,200000
7797,385,-14.816,1,12,11,1,0,0,0.05,0.004,200000
7798,125,-12.553,0,11,3,1,0,0,0.05,0.004,200000
7799,400,-8.243,1,18,76,0,0,1,0.05,0.004,200000
7800,66,-15.598,0,3,0,1,0,0,0.05,0.004,200000
7801,39,-16.744,0,3,3,1,0,0,0.05,0.004,200000
7802,400,-6.423,1,5,17,0,0,1,0.05,0.004,200000
7803,191,7.273,5,35,8,0,1,0,0.05,0.004,200000
7804,140,-8.411,0,2,8,0,0,0,0.05,0.004,200000
7805,46,-16.655,0,3,2,1,0,0,0.05,0.004,200000
7806,400,-8.566,0,4,11,0,0,1,0.05,0.004,200000
7807,400,-10.225,0,27,55,0,0,1,0.05,0.004,200000
7808,10,-15.206,0,3,4,1,0,0,0.05,0.004,200000
7809,400,0.47,4,24,21,0,0,1,0.05,0.004,200000
7810,167,-15.598,0,7,16,1,0,0,0.05,0.004,200000
7811,400,-4.438,0,18,13,0,0,1,0.05,0.004,200000
7812,156,-9.299,0,13,7,0,0,0,0.05,0.004,200000
7813,388,-16.17,1,18,8,1,0,0,0.05,0.004,200000
7814,188,-11.471,0,1,8,0,0,0,0.05,0.004,200000
7815,400,-0.32,1,14,18,0,0,1,0.05,0.004,200000
7816,132,-4.894,1,6,6,0,0,0,0.05,0.004,200000
7817,400,5.68,3,26,12,0,0,1,0.05,0.004,200000
7818,193,-11.501,3,13,10,1,0,0,0.05,0.004,200000
7819,99,-10.096,0,0,1,0,0,0,0.05,0.004,200000
7820,144,-8.809,0,2,3,0,0,0,0.05,0.004,200000
7821,100,-14.753,0,1,2,1,0,0,0.05,0.004,200000
7822,400,-4.497,1,18,25,0,0,1,0.05,0.004,200000
7823,69,-14.597,0,3,0,1,0,0,0.05,0.004,200000
7824,400,1.744,2,18,7,0,0,1,0.05,0.004,200000
7825,116,-12.882,1,9,2,1,0,0,0.05,0.004,200000
7826,109,-18.146,0,4,8,1,0,0,0.05,0.004,200000
7827,400,-12.268,1,16,19,0,0,1,0.05,0.004,200000
7828,16,-15.106,0,3,1,1,0,0,0.05,0.004,200000
7829,59,-7.689,0,3,2,0,0,0,0.05,0.004,200000
7830,400,-3.322,1,21,7,0,0,1,0.05,0.004,200000
7831,400,-3.704,3,22,30,0,0,1,0.05,0.004,200000
7832,400,-0.592,5,27,15,0,0,1,0.05,0.004,200000
7833,398,-22.427,2,12,33,1,0,0,0.05,0.004,200000
7834,104,-19.533,0,4,9,1,0,0,0.05,0.004,200000
7835,278,-14.841,0,12,6,1,0,0,0.05,0.004,200000
7836,78,-17.57,0,3,2,1,0,0,0.05,0.004,200000
7837,317,-11.884,1,24,29,1,0,0,0.05,0.004,200000
7838,400,-1.265,2,25,33,0,0,1,0.05,0.004,200000
7839,393,-13.753,3,16,52,1,0,0,0.05,0.004,200000
7840,400,4.287,2,14,6,0,1,1,0.05,0.004,200000
7841,345,-11.017,1,25,25,1,1,0,0.05,0.004,200000
7842,255,-15.808,0,1,8,0,0,0,0.05,0.004,200000
7843,208,-15.592,0,18,6,1,0,0,0.05,0.004,200000
7844,145,-18.382,0,4,1,1,0,0,0.05,0.004,200000
7845,76,-15.638,0,6,4,1,0,0,0.05,0.004,200000
7846,400,-4.606,4,23,20,0,0,1,0.05,0.004,200000
7847,51,-16.283,0,3,3,1,0,0,0.05,0.004,200000
7848,400,-2.071,2,29,41,0,0,1,0.05,0.004,200000
7849,7,-14.884,0,4,2,1,0,0,0.05,0.004,200000
7850,400,-0.996,4,29,24,0,0,1,0.05,0.004,200000
7851,7,-15.033,0,3,2,1,0,0,0.05,0.004,200000
7852,400,-6.527,1,12,15,0,0,1,0.05,0.004,200000
7853,99,-11.696,1,7,5,1,0,0,0.05,0.004,200000
7854,55,-6.453,2,11,2,1,0,0,0.05,0.004,200000
7855,166,-18.836,0,3,5,1,0,0,0.05,0.004,200000
7856,400,-0.273,2,25,9,0,0,1,0.05,0.004,200000
7857,400,-1.199,3,24,9,0,0,1,0.05,0.004,200000
7858,400,-6.352,2,12,6,0,0,1,0.05,0.004,200000
7859,247,-8.607,1,14,3,0,0,0,0.05,0.004,200000
7860,45,-14.732,0,3,3,1,0,0,0.05,0.004,200000
7861,400,7.72,2,51,21,0,0,1,0.05,0.004,200000
7862,239,-20.245,0,3,10,1,0,0,0.05,0.004,200000
7863,400,-11.162,2,14,47,0,0,1,0.05,0.004,200000
7864,355,-9.893,3,18,15,1,0,0,0.05,0.004,200000
7865,156,-12.197,0,8,0,1,0,0,0.05,0.004,200000
7866,400,2.856,3,28,13,0,0,1,0.05,0.004,200000
7867,241,-10.697,1,27,7,1,0,0,0.05,0.004,200000
7868,400,-8.991,1,14,9,0,0,1,0.05,0.004,200000
7869,400,7.143,5,35,6,0,0,1,0.05,0.004,200000
7870,399,-15.661,2,22,31,1,0,0,0.05,0.004,200000
7871,143,-10.257,0,0,10,0,0,0,0.05,0.004,200000
7872,169,-11.777,0,0,4,0,0,0,0.05,0.004,200000
7873,242,-7.558,1,23,17,1,0,0,0.05,0.004,200000
7874,264,-8.29,3,27,25,1,0,0,0.05,0.004,200000
7875,316,-11.023,3,16,4,1,0,0,0.05,0.004,200000
7876,400,-9.107,1,13,58,0,0,1,0.05,0.004,200000
7877,400,-6.753,0,14,59,0,0,1,0.05,0.004,200000
7878,220,-14.272,1,17,31,1,0,0,0.05,0.004,200000
7879,400,-9.821,1,7,22,0,0,1,0.05,0.004,200000
7880,155,-12.453,0,17,5,1,0,0,0.05,0.004,200000
7881,274,-6.76,2,41,33,1,0,0,0.05,0.004,200000
7882,196,-15.749,0,11,4,1,0,0,0.05,0.004,200000
7883,116,-9.213,0,0,6,0,0,0,0.05,0.004,200000
7884,95,-12.276,0,0,0,1,0,0,0.05,0.004,200000
7885,157,-12.911,0,8,13,1,0,0,0.05,0.004,200000
7886,344,-6.441,2,23,16,1,0,0,0.05,0.004,200000
7887,270,-16.533,1,19,13,1,0,0,0.05,0.004,200000
7888,185,-9.78,1,9,6,1,0,0,0.05,0.004,200000
7889,123,-6.095,2,7,2,0,0,0,0.05,0.004,200000
7890,221,-14.248,1,10,5,1,0,0,0.05,0.004,200000
7891,400,-10.683,0,10,28,0,0,1,0.05,0.004,200000
7892,328,-12.698,4,18,19,1,0,0,0.05,0.004,200000
7893,153,-23.256,0,7,57,1,0,0,0.05,0.004,200000
7894,400,-10.377,1,13,79,0,0,1,0.05,0.004,200000
7895,44,-7.022,0,0,2,0,0,0,0.05,0.004,200000
7896,182,-7.084,3,46,6,1,0,0,0.05,0.004,200000
7897,400,3.052,2,25,12,0,0,1,0.05,0.004,200000
7898,232,-12.537,3,24,34,1,0,0,0.05,0.004,200000
7899,200,-5.89,2,10,18,0,0,0,0.05,0.004,200000
7900,350,-20.573,1,8,19,1,0,0,0.05,0.004,200000
7901,400,-8.82,0,13,31,0,0,1,0.05,0.004,200000
7902,381,-7.456,4,18,36,1,0,0,0.05,0.004,200000
7903,151,-14.318,0,2,10,1,0,0,0.05,0.004,200000
7904,12,-15.918,0,3,6,1,0,0,0.05,0.004,200000
7905,22,-12.06,1,7,2,1,0,0,0.05,0.004,200000
7906,400,-10.741,0,12,31,0,0,1,0.05,0.004,200000
7907,96,-17.431,0,1,11,1,0,0,0.05,0.004,200000
7908,7,-15.078,0,3,2,1,0,0,0.05,0.004,200000
7909,66,-15.498,0,3,17,1,0,0,0.05,0.004,200000
7910,400,-9.505,0,11,13,0,0,1,0.05,0.004,200000
7911,205,-18.116,0,8,6,1,0,0,0.05,0.004,200000
7912,107,-7.126,0,9,5,0,0,0,0.05,0.004,200000
7913,400,-4.335,0,16,36,0,0,1,0.05,0.004,200000
7914,15,-15.099,0,4,0,1,0,0,0.05,0.004,200000
7915,246,-13.942,0,2,20,0,0,0,0.05,0.004,200000
7916,153,-7.593,0,2,3,0,0,0,0.05,0.004,200000
7917,242,-6.932,2,16,8,1,0,0,0.05,0.004,200000
7918,104,-6.574,0,3,9,0,0,0,0.05,0.004,200000
7919,214,-7.598,0,0,2,0,0,0,0.05,0.004,200000
7920,47,-13.13,0,2,2,1,0,0,0.05,0.004,200000
7921,285,-11.632,1,19,8,1,0,0,0.05,0.004,200000
7922,400,-4.973,3,20,25,0,0,1,0.05,0.004,200000
7923,226,-19.702,0,2,6,1,0,0,0.05,0.004,200000
7924,400,-0.165,1,6,8,0,1,1,0.05,0.004,200000
7925,373,-11.759,2,19,10,1,0,0,0.05,0.004,200000
7926,400,-0.873,1,37,12,0,0,1,0.05,0.004,200000
7927,400,-5.574,1,24,36,0,0,1,0.05,0.004,200000
7928,169,-13.213,1,18,7,1,0,0,0.05,0.004,200000
7929,152,-15.249,0,6,5,1,0,0,0.05,0.004,200000
7930,130,-9.002,0,4,2,0,0,0,0.05,0.004,200000
7931,169,-9.042,0,13,10,0,0,0,0.05,0.004,200000
7932,159,-5.461,0,9,2,0,0,0,0.05,0.004,200000
7933,31,-12.53,1,6,2,1,0,0,0.05,0.004,200000
7934,198,-16.844,0,7,13,1,0,0,0.05,0.004,200000
7935,18,-15.049,0,4,3,1,0,0,0.05,0.004,200000
7936,171,-10.431,3,18,8,1,0,0,0.05,0.004,200000
7937,400,-4.691,1,11,37,0,0,1,0.05,0.004,200000
7938,206,-5.393,2,24,7,0,0,0,0.05,0.004,200000
7939,400,-0.123,2,23,16,0,0,1,0.05,0.004,200000
7940,55,-5.255,1,2,0,0,0,0,0.05,0.004,200000
7941,81,-13.239,1,6,11,1,0,0,0.05,0.004,200000
7942,400,-0.776,2,21,27,0,0,1,0.05,0.004,200000
7943,81,-11.624,0,7,3,1,0,0,0.05,0.004,200000
7944,383,-5.656,4,33,42,1,0,0,0.05,0.004,200000
7945,210,3.013,2,36,10,0,0,0,0.05,0.004,200000
7946,287,-8.703,0,0,5,0,0,0,0.05,0.004,200000
7947,183,-11.126,1,0,7,0,0,0,0.05,0.004,200000
7948,400,-7.164,1,2,5,0,0,1,0.05,0.004,200000
7949,23,-15.787,0,2,1,1,0,0,0.05,0.004,200000
7950,97,-12.639,2,14,16,1,0,0,0.05,0.004,200000
7951,129,-17.923,0,4,2,1,0,0,0.05,0.004,200000
7952,139,-7.52,0,3,4,0,0,0,0.05,0.004,200000
7953,400,-9.392,0,8,28,0,0,1,0.05,0.004,200000
7954,263,-12.197,0,5,6,0,0,0,0.05,0.004,200000
7955,128,-10.9,0,0,3,0,0,0,0.05,0.004,200000
7956,81,-6.3,1,4,3,0,0,0,0.05,0.004,200000
7957,400,-0.617,3,27,4,0,0,1,0.05,0.004,200000
7958,400,4.542,1,30,24,0,0,1,0.05,0.004,200000
7959,400,-7.043,2,17,11,1,1,0,0.05,0.004,200000
7960,400,-4.521,0,13,12,0,0,1,0.05,0.004,200000
7961,400,8.413,5,29,9,0,0,1,0.05,0.004,200000
7962,400,0.608,1,23,18,0,1,1,0.05,0.004,200000
7963,48,-17.248,0,3,5,1,0,0,0.05,0.004,200000
7964,400,-6.943,0,12,7,0,0,1,0.05,0.004,200000
7965,89,-5.484,0,3,5,0,0,0,0.05,0.004,200000
7966,400,-1.071,4,27,6,0,0,1,0.05,0.004,200000
7967,400,-10.867,0,9,20,0,0,1,0.05,0.004,200000
7968,400,-2.345,1,12,10,0,0,1,0.05,0.004,200000
7969,244,-14.163,0,20,13,1,0,0,0.05,0.004,200000
7970,400,-12.244,0,6,14,0,0,1,0.05,0.004,200000
7971,347,-10.361,3,24,33,1,1,0,0.05,0.004,200000
7972,355,-15.847,1,19,8,1,0,0,0.05,0.004,200000
7973,90,-17.416,0,3,3,1,0,0,0.05,0.004,200000
7974,9,-15.325,0,3,1,1,0,0,0.05,0.004,200000
7975,99,-5.254,0,9,1,0,0,0,0.05,0.004,200000
7976,5,-14.979,0,2,1,1,0,0,0.05,0.004,200000
7977,400,-5.373,2,12,23,0,0,1,0.05,0.004,200000
7978,5,-14.755,0,3,0,1,0,0,0.05,0.004,200000
7979,309,-3.444,4,22,10,0,0,0,0.05,0.004,200000
7980,54,-7.231,0,0,1,0,0,0,0.05,0.004,200000
7981,159,-19.875,0,4,4,1,0,0,0.05,0.004,200000
7982,400,-5.237,1,16,35,0,0,1,0.05,0.004,200000
7983,108,-8.409,0,0,3,0,0,0,0.05,0.004,200000
7984,309,-5.706,2,25,28,0,0,0,0.05,0.004,200000
7985,192,-12.341,1,17,6,1,0,0,0.05,0.004,200000
7986,400,-2.602,0,14,12,0,0,1,0.05,0.004,200000
7987,288,-10.464,1,13,9,0,0,0,0.05,0.004,200000
7988,400,-6.254,2,15,15,0,0,1,0.05,0.004,200000
7989,400,-9.688,1,13,41,0,0,1,0.05,0.004,200000
7990,245,-13.444,1,31,23,1,0,0,0.05,0.004,200000
7991,293,-10.016,1,16,23,1,0,0,0.05,0.004,200000
7992,214,-10.177,2,23,10,1,0,0,0.05,0.004,200000
7993,76,-5.195,0,2,0,0,0,0,0.05,0.004,200000
7994,400,5.847,3,36,29,0,1,1,0.05,0.004,200000
7995,400,-14.093,1,7,41,0,0,1,0.05,0.004,200000
7996,51,-10.343,0,6,1,1,0,0,0.05,0.004,200000
7997,238,-9.994,1,3,7,0,0,0,0.05,0.004,200000
7998,400,1.89,2,19,25,0,0,1,0.05,0.004,200000
7999,386,-19.154,1,14,19,1,0,0,0.05,0.004,200000
8000,244,-19.487,0,9,17,1,0,0,0.05,0.004,200000
