episode,steps,total_reward,coins,crates,invalid,killed_self,killed_opponents,survived,epsilon,alpha,buffer
1,31,-13.961,0,2,9,1,0,0,1.0,0.02,31
2,7,-13.7,0,2,4,1,0,0,0.999,0.02,38
3,5,-13.27,0,4,2,1,0,0,0.999,0.02,43
4,8,-13.485,0,4,4,1,0,0,0.998,0.02,51
5,6,-14.149,0,1,2,1,0,0,0.997,0.02,57
6,9,-14.197,0,3,5,1,0,0,0.997,0.0199,66
7,6,-12.909,0,3,3,1,0,0,0.996,0.0199,72
8,19,-13.322,0,2,10,1,0,0,0.995,0.0199,91
9,8,-13.248,0,2,6,1,0,0,0.995,0.0199,99
10,8,-13.168,0,2,5,1,0,0,0.994,0.0199,107
11,6,-14.539,0,3,4,1,0,0,0.994,0.0199,113
12,5,-13.774,0,4,3,1,0,0,0.993,0.0199,118
13,25,-14.617,0,2,11,1,0,0,0.992,0.0199,143
14,9,-12.724,0,5,4,1,0,0,0.992,0.0199,152
15,9,-13.109,0,2,4,1,0,0,0.991,0.0199,161
16,6,-13.515,0,3,4,1,0,0,0.99,0.0198,167
17,22,-14.034,0,3,12,1,0,0,0.99,0.0198,189
18,16,-14.596,0,3,8,1,0,0,0.989,0.0198,205
19,10,-13.993,0,4,5,1,0,0,0.988,0.0198,215
20,20,-14.492,0,0,10,1,0,0,0.988,0.0198,235
21,5,-13.951,0,3,3,1,0,0,0.987,0.0198,240
22,17,-13.395,0,5,10,1,0,0,0.986,0.0198,257
23,9,-13.01,0,3,5,1,0,0,0.986,0.0198,266
24,11,-13.14,0,2,4,1,0,0,0.985,0.0198,277
25,6,-13.957,0,1,1,1,0,0,0.984,0.0197,283
26,16,-12.949,0,2,6,1,0,0,0.984,0.0197,299
27,11,-13.671,0,3,4,1,0,0,0.983,0.0197,310
28,11,-13.809,0,3,6,1,0,0,0.983,0.0197,321
29,7,-13.132,0,3,5,1,0,0,0.982,0.0197,328
30,10,-13.384,0,1,5,1,0,0,0.981,0.0197,338
31,9,-13.48,0,4,4,1,0,0,0.981,0.0197,347
32,15,-12.982,0,3,7,1,0,0,0.98,0.0197,362
33,7,-13.103,0,2,4,1,0,0,0.979,0.0197,369
34,8,-13.117,0,3,5,1,0,0,0.979,0.0196,377
35,26,-13.733,0,2,12,1,0,0,0.978,0.0196,403
36,18,-13.835,0,3,10,1,0,0,0.977,0.0196,421
37,8,-13.016,0,3,5,1,0,0,0.977,0.0196,429
38,7,-13.053,0,3,4,1,0,0,0.976,0.0196,436
39,9,-14.472,0,2,2,1,0,0,0.975,0.0196,445
40,22,-13.93,0,4,10,1,0,0,0.975,0.0196,467
41,5,-14.002,0,2,3,1,0,0,0.974,0.0196,472
42,10,-14.645,0,3,5,1,0,0,0.973,0.0196,482
43,7,-13.053,0,2,4,1,0,0,0.973,0.0196,489
44,6,-13.509,0,3,4,1,0,0,0.972,0.0195,495
45,12,-12.826,0,3,7,1,0,0,0.972,0.0195,507
46,13,-13.928,0,2,6,1,0,0,0.971,0.0195,520
47,11,-13.658,0,4,6,1,0,0,0.97,0.0195,531
48,23,-14.121,0,5,12,1,0,0,0.97,0.0195,554
49,18,-14.175,0,2,7,1,0,0,0.969,0.0195,572
50,20,-14.563,0,2,11,1,0,0,0.968,0.0195,592
51,9,-13.121,0,2,4,1,0,0,0.968,0.0195,601
52,6,-13.117,0,2,4,1,0,0,0.967,0.0195,607
53,29,-14.204,0,3,13,1,0,0,0.966,0.0194,636
54,8,-13.137,0,2,4,1,0,0,0.966,0.0194,644
55,7,-13.082,0,2,4,1,0,0,0.965,0.0194,651
56,28,-14.044,0,3,10,1,0,0,0.964,0.0194,679
57,15,-14.078,0,4,9,1,0,0,0.964,0.0194,694
58,7,-12.374,0,3,3,1,0,0,0.963,0.0194,701
59,12,-13.728,0,2,9,1,0,0,0.962,0.0194,713
60,7,-13.949,0,4,4,1,0,0,0.962,0.0194,720
61,7,-13.182,0,1,5,1,0,0,0.961,0.0194,727
62,5,-13.272,0,3,2,1,0,0,0.961,0.0193,732
63,10,-13.513,0,2,2,1,0,0,0.96,0.0193,742
64,20,-13.832,0,3,10,1,0,0,0.959,0.0193,762
65,5,-13.271,0,4,2,1,0,0,0.959,0.0193,767
66,7,-12.952,0,2,3,1,0,0,0.958,0.0193,774
67,11,-12.705,0,2,4,1,0,0,0.957,0.0193,785
68,8,-13.036,0,2,3,1,0,0,0.957,0.0193,793
69,5,-13.814,0,3,2,1,0,0,0.956,0.0193,798
70,16,-12.604,0,3,8,1,0,0,0.955,0.0193,814
71,23,-13.877,0,2,10,1,0,0,0.955,0.0193,837
72,25,-14.166,0,6,14,1,0,0,0.954,0.0192,862
73,14,-13.913,0,3,6,1,0,0,0.953,0.0192,876
74,6,-12.91,0,2,2,1,0,0,0.953,0.0192,882
75,6,-13.015,0,2,3,1,0,0,0.952,0.0192,888
76,6,-13.761,0,1,4,1,0,0,0.952,0.0192,894
77,6,-13.189,0,1,5,1,0,0,0.951,0.0192,900
78,13,-13.529,0,1,6,1,0,0,0.95,0.0192,913
79,10,-14.168,0,2,4,1,0,0,0.95,0.0192,923
80,7,-12.972,0,2,2,1,0,0,0.949,0.0192,930
81,16,-13.802,0,4,6,1,0,0,0.948,0.0191,946
82,5,-13.814,0,3,2,1,0,0,0.948,0.0191,951
83,6,-12.787,0,3,3,1,0,0,0.947,0.0191,957
84,7,-13.319,0,4,3,1,0,0,0.946,0.0191,964
85,13,-13.699,0,4,5,1,0,0,0.946,0.0191,977
86,21,-13.181,0,3,8,1,0,0,0.945,0.0191,998
87,6,-13.539,0,4,5,1,0,0,0.944,0.0191,1004
88,9,-12.992,0,3,3,1,0,0,0.944,0.0191,1013
89,20,-14.664,0,3,7,1,0,0,0.943,0.0191,1033
90,12,-13.421,0,2,6,1,0,0,0.942,0.0191,1045
91,5,-12.85,0,3,3,1,0,0,0.942,0.019,1050
92,5,-14.302,0,4,3,1,0,0,0.941,0.019,1055
93,21,-13.893,0,1,9,1,0,0,0.941,0.019,1076
94,8,-13.297,0,2,6,1,0,0,0.94,0.019,1084
95,19,-14.068,0,2,12,1,0,0,0.939,0.019,1103
96,14,-14.451,0,4,9,1,0,0,0.939,0.019,1117
97,7,-14.043,0,3,3,1,0,0,0.938,0.019,1124
98,7,-13.032,0,3,5,1,0,0,0.937,0.019,1131
99,11,-13.997,0,2,6,1,0,0,0.937,0.019,1142
100,5,-13.122,0,4,2,1,0,0,0.936,0.0189,1147
101,5,-12.794,0,3,3,1,0,0,0.935,0.0189,1152
102,8,-9.96,0,2,3,1,0,0,0.935,0.0189,1160
103,6,-13.979,0,3,3,1,0,0,0.934,0.0189,1166
104,7,-9.611,0,2,1,1,0,0,0.933,0.0189,1173
105,19,-14.229,0,3,8,1,0,0,0.933,0.0189,1192
106,5,-12.722,0,3,2,1,0,0,0.932,0.0189,1197
107,9,-13.51,0,4,5,1,0,0,0.931,0.0189,1206
108,5,-13.364,0,3,2,1,0,0,0.931,0.0189,1211
109,8,-9.806,0,2,3,1,0,0,0.93,0.0188,1219
110,7,-14.149,0,2,4,1,0,0,0.93,0.0188,1226
111,9,-13.062,0,2,2,1,0,0,0.929,0.0188,1235
112,7,-12.525,0,2,3,1,0,0,0.928,0.0188,1242
113,9,-13.358,0,2,6,1,0,0,0.928,0.0188,1251
114,6,-13.555,0,1,2,1,0,0,0.927,0.0188,1257
115,15,-12.661,0,4,7,1,0,0,0.926,0.0188,1272
116,11,-13.711,0,4,6,1,0,0,0.926,0.0188,1283
117,39,-13.685,0,8,20,1,0,0,0.925,0.0188,1322
118,5,-13.95,0,2,3,1,0,0,0.924,0.0188,1327
119,13,-12.802,0,2,5,1,0,0,0.924,0.0187,1340
120,5,-14.022,0,1,2,1,0,0,0.923,0.0187,1345
121,10,-13.516,0,4,4,1,0,0,0.922,0.0187,1355
122,9,-13.133,0,3,5,1,0,0,0.922,0.0187,1364
123,6,-13.205,0,4,2,1,0,0,0.921,0.0187,1370
124,22,-13.767,0,1,7,1,0,0,0.92,0.0187,1392
125,25,-13.341,0,4,11,1,0,0,0.92,0.0187,1417
126,8,-13.547,0,2,2,1,0,0,0.919,0.0187,1425
127,18,-12.997,0,3,7,1,0,0,0.919,0.0187,1443
128,10,-14.164,0,2,4,1,0,0,0.918,0.0186,1453
129,5,-13.121,0,4,2,1,0,0,0.917,0.0186,1458
130,7,-12.853,0,3,3,1,0,0,0.917,0.0186,1465
131,21,-14.069,0,2,11,1,0,0,0.916,0.0186,1486
132,17,-14.007,0,4,8,1,0,0,0.915,0.0186,1503
133,8,-12.537,0,3,5,1,0,0,0.915,0.0186,1511
134,7,-13.92,0,3,3,1,0,0,0.914,0.0186,1518
135,7,-13.447,0,2,2,1,0,0,0.913,0.0186,1525
136,9,-12.605,0,3,5,1,0,0,0.913,0.0186,1534
137,16,-13.384,0,5,5,1,0,0,0.912,0.0185,1550
138,14,-13.701,0,3,4,1,0,0,0.911,0.0185,1564
139,11,-12.755,0,2,6,1,0,0,0.911,0.0185,1575
140,16,-14.13,0,1,6,1,0,0,0.91,0.0185,1591
141,12,-13.225,0,3,7,1,0,0,0.909,0.0185,1603
142,5,-13.451,0,3,3,1,0,0,0.909,0.0185,1608
143,5,-13.901,0,3,3,1,0,0,0.908,0.0185,1613
144,8,-13.495,0,3,4,1,0,0,0.908,0.0185,1621
145,6,-12.377,0,1,1,1,0,0,0.907,0.0185,1627
146,14,-12.825,0,3,7,1,0,0,0.906,0.0185,1641
147,6,-13.366,0,4,4,1,0,0,0.906,0.0184,1647
148,11,-13.74,0,3,5,1,0,0,0.905,0.0184,1658
149,5,-13.852,0,4,3,1,0,0,0.904,0.0184,1663
150,10,-12.972,0,1,6,1,0,0,0.904,0.0184,1673
151,14,-13.752,0,1,8,1,0,0,0.903,0.0184,1687
152,16,-14.573,0,4,9,1,0,0,0.902,0.0184,1703
153,10,-9.837,0,2,3,1,0,0,0.902,0.0184,1713
154,14,-13.6,0,3,9,1,0,0,0.901,0.0184,1727
155,12,-13.234,0,4,2,1,0,0,0.9,0.0184,1739
156,5,-13.764,0,3,2,1,0,0,0.9,0.0183,1744
157,37,-12.759,1,8,15,1,0,0,0.899,0.0183,1781
158,8,-12.557,0,2,3,1,0,0,0.898,0.0183,1789
159,6,-13.799,0,3,1,1,0,0,0.898,0.0183,1795
160,10,-12.592,0,3,5,1,0,0,0.897,0.0183,1805
161,19,-15.457,0,4,10,1,0,0,0.897,0.0183,1824
162,13,-13.402,0,3,7,1,0,0,0.896,0.0183,1837
163,6,-12.968,0,2,3,1,0,0,0.895,0.0183,1843
164,6,-13.409,0,3,3,1,0,0,0.895,0.0183,1849
165,7,-12.347,0,3,2,1,0,0,0.894,0.0183,1856
166,6,-12.492,0,2,3,1,0,0,0.893,0.0182,1862
167,6,-14.114,0,2,4,1,0,0,0.893,0.0182,1868
168,29,-13.45,0,7,12,1,0,0,0.892,0.0182,1897
169,12,-12.89,0,2,6,1,0,0,0.891,0.0182,1909
170,5,-13.372,0,3,2,1,0,0,0.891,0.0182,1914
171,24,-13.521,0,3,11,1,0,0,0.89,0.0182,1938
172,20,-14.304,0,4,10,1,0,0,0.889,0.0182,1958
173,10,-13.585,0,3,3,1,0,0,0.889,0.0182,1968
174,6,-12.539,0,1,3,1,0,0,0.888,0.0182,1974
175,5,-14.372,0,3,2,1,0,0,0.887,0.0181,1979
176,7,-13.032,0,2,4,1,0,0,0.887,0.0181,1986
177,15,-13.589,0,3,9,1,0,0,0.886,0.0181,2001
178,9,-11.949,0,3,3,1,0,0,0.886,0.0181,2010
179,5,-13.675,0,1,3,1,0,0,0.885,0.0181,2015
180,5,-13.345,0,3,2,1,0,0,0.884,0.0181,2020
181,36,-12.928,0,6,14,1,0,0,0.884,0.0181,2056
182,5,-12.95,0,2,3,1,0,0,0.883,0.0181,2061
183,13,-14.257,0,4,7,1,0,0,0.882,0.0181,2074
184,6,-12.867,0,3,4,1,0,0,0.882,0.018,2080
185,5,-13.772,0,3,2,1,0,0,0.881,0.018,2085
186,15,-14.438,0,3,7,1,0,0,0.88,0.018,2100
187,5,-13.902,0,3,3,1,0,0,0.88,0.018,2105
188,5,-13.321,0,3,2,1,0,0,0.879,0.018,2110
189,6,-13.486,0,2,3,1,0,0,0.878,0.018,2116
190,11,-13.442,0,3,2,1,0,0,0.878,0.018,2127
191,6,-13.416,0,4,4,1,0,0,0.877,0.018,2133
192,16,-13.348,0,4,8,1,0,0,0.876,0.018,2149
193,18,-13.575,0,3,8,1,0,0,0.876,0.018,2167
194,15,-14.037,0,4,9,1,0,0,0.875,0.0179,2182
195,20,-13.635,0,6,9,1,0,0,0.875,0.0179,2202
196,6,-14.066,0,3,4,1,0,0,0.874,0.0179,2208
197,6,-13.659,0,1,3,1,0,0,0.873,0.0179,2214
198,6,-14.285,0,4,3,1,0,0,0.873,0.0179,2220
199,22,-13.569,0,6,10,1,0,0,0.872,0.0179,2242
200,5,-13.925,0,3,3,1,0,0,0.871,0.0179,2247
201,5,-13.15,0,4,3,1,0,0,0.871,0.0179,2252
202,13,-10.198,0,2,5,1,0,0,0.87,0.0179,2265
203,6,-13.008,0,1,2,1,0,0,0.869,0.0178,2271
204,11,-12.775,0,2,5,1,0,0,0.869,0.0178,2282
205,6,-13.256,0,4,2,1,0,0,0.868,0.0178,2288
206,12,-12.69,0,3,6,1,0,0,0.867,0.0178,2300
207,5,-13.549,0,2,3,1,0,0,0.867,0.0178,2305
208,21,-13.736,0,3,8,1,0,0,0.866,0.0178,2326
209,11,-9.715,0,3,3,1,0,0,0.865,0.0178,2337
210,6,-14.109,0,3,4,1,0,0,0.865,0.0178,2343
211,11,-12.735,0,2,5,1,0,0,0.864,0.0178,2354
212,6,-14.029,0,2,2,1,0,0,0.864,0.0177,2360
213,5,-13.345,0,3,2,1,0,0,0.863,0.0177,2365
214,8,-14.045,0,4,6,1,0,0,0.862,0.0177,2373
215,5,-13.301,0,4,3,1,0,0,0.862,0.0177,2378
216,17,-14.216,0,4,4,1,0,0,0.861,0.0177,2395
217,11,-12.252,0,6,5,1,0,0,0.86,0.0177,2406
218,9,-12.495,0,2,3,1,0,0,0.86,0.0177,2415
219,6,-13.067,0,2,4,1,0,0,0.859,0.0177,2421
220,10,-13.75,0,2,4,1,0,0,0.858,0.0177,2431
221,5,-13.9,0,2,2,1,0,0,0.858,0.0177,2436
222,14,-14.474,0,3,8,1,0,0,0.857,0.0176,2450
223,5,-13.141,0,4,1,1,0,0,0.856,0.0176,2455
224,5,-13.975,0,2,3,1,0,0,0.856,0.0176,2460
225,8,-13.267,0,2,6,1,0,0,0.855,0.0176,2468
226,12,-14.389,0,3,6,1,0,0,0.855,0.0176,2480
227,10,-12.67,0,3,6,1,0,0,0.854,0.0176,2490
228,12,-13.391,0,1,5,1,0,0,0.853,0.0176,2502
229,6,-13.929,0,2,1,1,0,0,0.853,0.0176,2508
230,5,-13.19,0,3,1,1,0,0,0.852,0.0176,2513
231,11,-13.23,0,3,5,1,0,0,0.851,0.0175,2524
232,26,-13.382,0,3,10,1,0,0,0.851,0.0175,2550
233,5,-13.271,0,3,2,1,0,0,0.85,0.0175,2555
234,21,-13.162,0,4,10,1,0,0,0.849,0.0175,2576
235,11,-12.436,0,3,2,1,0,0,0.849,0.0175,2587
236,5,-13.302,0,4,3,1,0,0,0.848,0.0175,2592
237,6,-13.249,0,3,1,1,0,0,0.847,0.0175,2598
238,6,-12.442,0,2,3,1,0,0,0.847,0.0175,2604
239,7,-13.443,0,3,3,1,0,0,0.846,0.0175,2611
240,36,-14.398,0,3,12,1,0,0,0.845,0.0175,2647
241,11,-13.303,0,3,6,1,0,0,0.845,0.0174,2658
242,5,-12.224,0,3,3,1,0,0,0.844,0.0174,2663
243,9,-13.363,0,2,6,1,0,0,0.844,0.0174,2672
244,13,-13.334,0,2,6,1,0,0,0.843,0.0174,2685
245,29,-13.886,0,6,16,1,0,0,0.842,0.0174,2714
246,8,-12.592,0,2,4,1,0,0,0.842,0.0174,2722
247,5,-13.264,0,3,1,1,0,0,0.841,0.0174,2727
248,9,-13.71,0,4,3,1,0,0,0.84,0.0174,2736
249,10,-13.532,0,3,3,1,0,0,0.84,0.0174,2746
250,19,-13.445,0,1,9,1,0,0,0.839,0.0173,2765
251,8,-9.796,0,2,1,1,0,0,0.838,0.0173,2773
252,7,-13.152,0,2,4,1,0,0,0.838,0.0173,2780
253,26,-14.053,0,3,11,1,0,0,0.837,0.0173,2806
254,24,-10.78,0,3,11,1,0,0,0.836,0.0173,2830
255,5,-13.575,0,2,3,1,0,0,0.836,0.0173,2835
256,22,-12.918,0,5,8,1,0,0,0.835,0.0173,2857
257,17,-12.871,0,8,8,1,0,0,0.834,0.0173,2874
258,9,-12.973,0,3,4,1,0,0,0.834,0.0173,2883
259,13,-13.271,0,2,4,1,0,0,0.833,0.0172,2896
260,12,-13.257,0,3,5,1,0,0,0.833,0.0172,2908
261,15,-14.397,0,3,6,1,0,0,0.832,0.0172,2923
262,10,-9.232,0,3,3,1,0,0,0.831,0.0172,2933
263,17,-13.284,0,3,10,1,0,0,0.831,0.0172,2950
264,19,-13.679,0,5,11,1,0,0,0.83,0.0172,2969
265,5,-13.519,0,1,2,1,0,0,0.829,0.0172,2974
266,5,-13.294,0,3,2,1,0,0,0.829,0.0172,2979
267,7,-13.739,0,4,2,1,0,0,0.828,0.0172,2986
268,21,-14.157,0,3,7,1,0,0,0.827,0.0172,3007
269,12,-13.406,0,3,8,1,0,0,0.827,0.0171,3019
270,10,-13.186,0,2,5,1,0,0,0.826,0.0171,3029
271,10,-13.786,0,4,7,1,0,0,0.825,0.0171,3039
272,16,-13.496,0,3,7,1,0,0,0.825,0.0171,3055
273,9,-14.009,0,4,5,1,0,0,0.824,0.0171,3064
274,11,-13.181,0,3,5,1,0,0,0.823,0.0171,3075
275,5,-13.272,0,3,2,1,0,0,0.823,0.0171,3080
276,11,-12.98,0,6,6,1,0,0,0.822,0.0171,3091
277,10,-13.593,0,4,5,1,0,0,0.822,0.0171,3101
278,15,-10.46,0,3,5,1,0,0,0.821,0.017,3116
279,6,-13.206,0,4,2,1,0,0,0.82,0.017,3122
280,8,-12.637,0,2,4,1,0,0,0.82,0.017,3130
281,11,-13.332,0,2,6,1,0,0,0.819,0.017,3141
282,6,-13.354,0,3,2,1,0,0,0.818,0.017,3147
283,16,-13.495,0,2,7,1,0,0,0.818,0.017,3163
284,5,-13.374,0,4,4,1,0,0,0.817,0.017,3168
285,8,-14.315,0,2,5,1,0,0,0.816,0.017,3176
286,6,-13.612,0,1,3,1,0,0,0.816,0.017,3182
287,40,-14.309,0,5,16,1,0,0,0.815,0.0169,3222
288,5,-14.075,0,3,4,1,0,0,0.814,0.0169,3227
289,16,-13.093,0,2,8,1,0,0,0.814,0.0169,3243
290,8,-12.938,0,3,4,1,0,0,0.813,0.0169,3251
291,12,-13.106,0,3,5,1,0,0,0.812,0.0169,3263
292,12,-13.445,0,2,7,1,0,0,0.812,0.0169,3275
293,10,-13.658,0,3,4,1,0,0,0.811,0.0169,3285
294,31,-11.625,0,2,16,1,0,0,0.811,0.0169,3316
295,21,-14.062,0,1,8,1,0,0,0.81,0.0169,3337
296,9,-11.554,0,5,2,1,0,0,0.809,0.0169,3346
297,18,-10.856,1,4,4,1,0,0,0.809,0.0168,3364
298,5,-13.401,0,3,3,1,0,0,0.808,0.0168,3369
299,17,-12.643,0,5,10,1,0,0,0.807,0.0168,3386
300,9,-13.6,0,2,3,1,0,0,0.807,0.0168,3395
301,7,-13.931,0,3,3,1,0,0,0.806,0.0168,3402
302,11,-14.648,0,3,4,1,0,0,0.805,0.0168,3413
303,8,-13.454,0,3,3,1,0,0,0.805,0.0168,3421
304,9,-12.477,0,3,4,1,0,0,0.804,0.0168,3430
305,7,-13.021,0,1,3,1,0,0,0.803,0.0168,3437
306,14,-13.724,0,4,6,1,0,0,0.803,0.0167,3451
307,5,-13.291,0,3,1,1,0,0,0.802,0.0167,3456
308,8,-13.794,0,1,4,1,0,0,0.801,0.0167,3464
309,16,-13.655,0,3,10,1,0,0,0.801,0.0167,3480
310,30,-13.883,0,3,14,1,0,0,0.8,0.0167,3510
311,5,-13.524,0,2,3,1,0,0,0.8,0.0167,3515
312,19,-14.099,0,2,13,1,0,0,0.799,0.0167,3534
313,23,-11.091,0,1,8,1,0,0,0.798,0.0167,3557
314,15,-12.809,0,3,7,1,0,0,0.798,0.0167,3572
315,6,-13.885,0,3,3,1,0,0,0.797,0.0167,3578
316,6,-12.967,0,2,4,1,0,0,0.796,0.0166,3584
317,9,-13.031,0,2,3,1,0,0,0.796,0.0166,3593
318,16,-14.255,0,4,10,1,0,0,0.795,0.0166,3609
319,11,-12.852,0,2,6,1,0,0,0.794,0.0166,3620
320,22,-13.768,0,4,15,1,0,0,0.794,0.0166,3642
321,43,-13.346,1,6,21,1,0,0,0.793,0.0166,3685
322,6,-13.499,0,2,2,1,0,0,0.792,0.0166,3691
323,5,-13.952,0,3,3,1,0,0,0.792,0.0166,3696
324,17,-13.418,0,4,9,1,0,0,0.791,0.0166,3713
325,10,-13.775,0,3,6,1,0,0,0.79,0.0165,3723
326,10,-13.27,0,3,6,1,0,0,0.79,0.0165,3733
327,5,-13.575,0,3,4,1,0,0,0.789,0.0165,3738
328,5,-14.524,0,3,4,1,0,0,0.789,0.0165,3743
329,37,-14.046,0,3,18,1,0,0,0.788,0.0165,3780
330,6,-12.929,0,1,1,1,0,0,0.787,0.0165,3786
331,25,-13.911,0,1,13,1,0,0,0.787,0.0165,3811
332,17,-13.075,0,2,6,1,0,0,0.786,0.0165,3828
333,12,-14.285,0,3,5,1,0,0,0.785,0.0165,3840
334,11,-13.612,0,2,8,1,0,0,0.785,0.0164,3851
335,16,-14.161,0,2,7,1,0,0,0.784,0.0164,3867
336,7,-12.653,0,1,4,1,0,0,0.783,0.0164,3874
337,6,-13.415,0,3,3,1,0,0,0.783,0.0164,3880
338,20,-13.86,0,5,13,1,0,0,0.782,0.0164,3900
339,9,-13.181,0,0,6,1,0,0,0.781,0.0164,3909
340,8,-12.988,0,3,4,1,0,0,0.781,0.0164,3917
341,12,-13.394,0,3,8,1,0,0,0.78,0.0164,3929
342,6,-12.907,0,2,2,1,0,0,0.779,0.0164,3935
343,15,-13.106,0,2,8,1,0,0,0.779,0.0164,3950
344,12,-9.822,0,3,4,1,0,0,0.778,0.0163,3962
345,8,-13.017,0,3,5,1,0,0,0.778,0.0163,3970
346,6,-14.566,0,3,4,1,0,0,0.777,0.0163,3976
347,28,-14.428,0,2,10,1,0,0,0.776,0.0163,4004
348,21,-13.668,0,3,9,1,0,0,0.776,0.0163,4025
349,12,-12.841,0,2,6,1,0,0,0.775,0.0163,4037
350,9,-14.053,0,3,4,1,0,0,0.774,0.0163,4046
351,33,-13.248,0,3,8,1,0,0,0.774,0.0163,4079
352,46,-11.697,0,3,12,1,0,0,0.773,0.0163,4125
353,29,-13.944,0,5,12,1,0,0,0.772,0.0162,4154
354,11,-13.207,0,3,6,1,0,0,0.772,0.0162,4165
355,5,-13.642,0,4,1,1,0,0,0.771,0.0162,4170
356,11,-13.421,0,4,3,1,0,0,0.77,0.0162,4181
357,18,-13.644,0,3,9,1,0,0,0.77,0.0162,4199
358,7,-12.376,0,3,3,1,0,0,0.769,0.0162,4206
359,7,-13.35,0,4,4,1,0,0,0.768,0.0162,4213
360,23,-13.751,0,4,9,1,0,0,0.768,0.0162,4236
361,5,-13.814,0,4,2,1,0,0,0.767,0.0162,4241
362,8,-13.267,0,2,6,1,0,0,0.767,0.0161,4249
363,6,-12.938,0,2,3,1,0,0,0.766,0.0161,4255
364,10,-13.611,0,3,4,1,0,0,0.765,0.0161,4265
365,34,-14.826,0,4,20,1,0,0,0.765,0.0161,4299
366,34,-15.25,0,3,15,1,0,0,0.764,0.0161,4333
367,13,-13.957,0,3,7,1,0,0,0.763,0.0161,4346
368,26,-15.02,0,2,11,1,0,0,0.763,0.0161,4372
369,19,-13.857,0,4,6,1,0,0,0.762,0.0161,4391
370,5,-13.345,0,3,2,1,0,0,0.761,0.0161,4396
371,8,-13.09,0,2,4,1,0,0,0.761,0.0161,4404
372,13,-13.485,0,3,8,1,0,0,0.76,0.016,4417
373,6,-13.236,0,4,3,1,0,0,0.759,0.016,4423
374,6,-12.949,0,1,1,1,0,0,0.759,0.016,4429
375,6,-12.41,0,2,2,1,0,0,0.758,0.016,4435
376,22,-13.44,0,3,12,1,0,0,0.758,0.016,4457
377,19,-14.093,0,2,12,1,0,0,0.757,0.016,4476
378,8,-12.189,0,5,3,1,0,0,0.756,0.016,4484
379,21,-14.539,0,3,12,1,0,0,0.756,0.016,4505
380,5,-13.202,0,4,3,1,0,0,0.755,0.016,4510
381,6,-13.509,0,3,4,1,0,0,0.754,0.0159,4516
382,10,-13.396,0,2,7,1,0,0,0.754,0.0159,4526
383,41,-15.125,0,4,18,1,0,0,0.753,0.0159,4567
384,19,-10.511,0,2,7,1,0,0,0.752,0.0159,4586
385,5,-13.974,0,3,4,1,0,0,0.752,0.0159,4591
386,9,-14.207,0,1,3,1,0,0,0.751,0.0159,4600
387,5,-13.952,0,3,3,1,0,0,0.75,0.0159,4605
388,20,-13.069,0,2,7,1,0,0,0.75,0.0159,4625
389,17,-13.241,0,6,8,1,0,0,0.749,0.0159,4642
390,8,-13.884,0,3,2,1,0,0,0.748,0.0159,4650
391,6,-14.066,0,2,4,1,0,0,0.748,0.0158,4656
392,83,-17.274,1,6,34,1,0,0,0.747,0.0158,4739
393,9,-12.624,0,2,4,1,0,0,0.747,0.0158,4748
394,12,-13.166,0,2,5,1,0,0,0.746,0.0158,4760
395,5,-13.374,0,2,2,1,0,0,0.745,0.0158,4765
396,19,-13.739,0,3,9,1,0,0,0.745,0.0158,4784
397,48,-13.249,1,7,16,1,0,0,0.744,0.0158,4832
398,29,-11.381,1,5,9,1,0,0,0.743,0.0158,4861
399,30,-15.28,0,3,12,1,0,0,0.743,0.0158,4891
400,5,-13.092,0,4,1,1,0,0,0.742,0.0157,4896
401,8,-13.618,0,3,4,1,0,0,0.741,0.0157,4904
402,5,-13.352,0,3,3,1,0,0,0.741,0.0157,4909
403,29,-13.986,0,6,15,1,0,0,0.74,0.0157,4938
404,6,-13.189,0,1,4,1,0,0,0.739,0.0157,4944
405,5,-13.345,0,3,2,1,0,0,0.739,0.0157,4949
406,16,-14.653,0,3,8,1,0,0,0.738,0.0157,4965
407,38,-13.394,1,6,15,1,0,0,0.737,0.0157,5003
408,5,-11.749,0,1,1,1,0,0,0.737,0.0157,5008
409,26,-13.632,0,3,10,1,0,0,0.736,0.0156,5034
410,52,-12.661,1,8,20,1,0,0,0.736,0.0156,5086
411,15,-13.402,0,3,6,1,0,0,0.735,0.0156,5101
412,11,-12.746,0,2,4,1,0,0,0.734,0.0156,5112
413,17,-14.434,0,2,10,1,0,0,0.734,0.0156,5129
414,10,-12.749,0,3,7,1,0,0,0.733,0.0156,5139
415,6,-13.854,0,3,2,1,0,0,0.732,0.0156,5145
416,17,-13.35,0,3,5,1,0,0,0.732,0.0156,5162
417,13,-13.489,0,1,6,1,0,0,0.731,0.0156,5175
418,15,-13.611,0,4,3,1,0,0,0.73,0.0156,5190
419,17,-14.229,0,2,8,1,0,0,0.73,0.0155,5207
420,18,-13.448,0,5,10,1,0,0,0.729,0.0155,5225
421,16,-10.377,0,3,6,1,0,0,0.728,0.0155,5241
422,5,-13.042,0,4,1,1,0,0,0.728,0.0155,5246
423,5,-13.32,0,3,2,1,0,0,0.727,0.0155,5251
424,7,-13.073,0,2,3,1,0,0,0.726,0.0155,5258
425,71,-14.828,1,5,33,1,0,0,0.726,0.0155,5329
426,7,-12.407,0,3,4,1,0,0,0.725,0.0155,5336
427,23,-12.79,0,5,9,1,0,0,0.725,0.0155,5359
428,13,-12.885,0,2,6,1,0,0,0.724,0.0154,5372
429,13,-13.597,0,4,5,1,0,0,0.723,0.0154,5385
430,18,-10.284,0,3,5,1,0,0,0.723,0.0154,5403
431,8,-12.72,0,2,5,1,0,0,0.722,0.0154,5411
432,12,-9.88,0,2,4,1,0,0,0.721,0.0154,5423
433,7,-13.022,0,2,3,1,0,0,0.721,0.0154,5430
434,11,-12.734,0,3,7,1,0,0,0.72,0.0154,5441
435,12,-14.136,0,4,4,1,0,0,0.719,0.0154,5453
436,29,-9.312,1,5,11,1,0,0,0.719,0.0154,5482
437,50,-10.312,1,8,19,1,0,0,0.718,0.0153,5532
438,28,-15.878,0,3,19,1,0,0,0.717,0.0153,5560
439,6,-12.879,0,2,2,1,0,0,0.717,0.0153,5566
440,13,-13.729,0,3,5,1,0,0,0.716,0.0153,5579
441,43,-12.771,1,5,16,1,0,0,0.715,0.0153,5622
442,40,-11.314,0,3,13,1,0,0,0.715,0.0153,5662
443,8,-12.737,0,1,4,1,0,0,0.714,0.0153,5670
444,12,-13.742,0,3,5,1,0,0,0.714,0.0153,5682
445,24,-13.482,0,3,8,1,0,0,0.713,0.0153,5706
446,10,-13.944,0,4,3,1,0,0,0.712,0.0153,5716
447,8,-12.968,0,3,4,1,0,0,0.712,0.0152,5724
448,17,-13.739,0,4,6,1,0,0,0.711,0.0152,5741
449,13,-12.391,0,3,8,1,0,0,0.71,0.0152,5754
450,14,-12.739,0,3,5,1,0,0,0.71,0.0152,5768
451,24,-14.938,0,4,10,1,0,0,0.709,0.0152,5792
452,11,-14.597,0,3,4,1,0,0,0.708,0.0152,5803
453,29,-13.269,0,4,9,1,0,0,0.708,0.0152,5832
454,11,-12.654,0,2,4,1,0,0,0.707,0.0152,5843
455,15,-13.409,0,3,8,1,0,0,0.706,0.0152,5858
456,5,-13.415,0,3,2,1,0,0,0.706,0.0151,5863
457,16,-11.43,1,4,5,1,0,0,0.705,0.0151,5879
458,10,-12.896,0,2,7,1,0,0,0.704,0.0151,5889
459,11,-13.292,0,3,7,1,0,0,0.704,0.0151,5900
460,59,-15.639,0,5,30,1,0,0,0.703,0.0151,5959
461,34,-14.038,1,4,13,1,0,0,0.703,0.0151,5993
462,49,-13.938,1,5,19,1,0,0,0.702,0.0151,6042
463,5,-13.162,0,3,0,1,0,0,0.701,0.0151,6047
464,18,-12.916,0,3,6,1,0,0,0.701,0.0151,6065
465,5,-13.549,0,2,3,1,0,0,0.7,0.0151,6070
466,7,-9.283,0,2,2,1,0,0,0.699,0.015,6077
467,11,-13.34,0,4,2,1,0,0,0.699,0.015,6088
468,7,-13.643,0,1,2,1,0,0,0.698,0.015,6095
469,12,-12.287,0,6,5,1,0,0,0.697,0.015,6107
470,41,-13.601,0,5,14,1,0,0,0.697,0.015,6148
471,16,-14.615,0,3,7,1,0,0,0.696,0.015,6164
472,42,-13.675,1,5,18,1,0,0,0.695,0.015,6206
473,26,-13.008,0,4,9,1,0,0,0.695,0.015,6232
474,7,-13.291,0,2,0,1,0,0,0.694,0.015,6239
475,6,-12.311,0,2,2,1,0,0,0.693,0.0149,6245
476,16,-12.269,0,3,5,1,0,0,0.693,0.0149,6261
477,5,-13.325,0,4,3,1,0,0,0.692,0.0149,6266
478,5,-13.041,0,4,1,1,0,0,0.692,0.0149,6271
479,10,-12.511,0,3,4,1,0,0,0.691,0.0149,6281
480,14,-13.225,0,2,4,1,0,0,0.69,0.0149,6295
481,9,-14.248,0,3,5,1,0,0,0.69,0.0149,6304
482,43,-14.51,0,5,17,1,0,0,0.689,0.0149,6347
483,34,-12.93,0,5,14,1,0,0,0.688,0.0149,6381
484,6,-13.018,0,3,4,1,0,0,0.688,0.0148,6387
485,5,-13.745,0,4,3,1,0,0,0.687,0.0148,6392
486,24,-14.348,0,3,14,1,0,0,0.686,0.0148,6416
487,9,-13.173,0,2,4,1,0,0,0.686,0.0148,6425
488,5,-12.468,0,1,2,1,0,0,0.685,0.0148,6430
489,5,-13.802,0,3,3,1,0,0,0.684,0.0148,6435
490,5,-13.352,0,3,3,1,0,0,0.684,0.0148,6440
491,23,-12.932,0,4,7,1,0,0,0.683,0.0148,6463
492,32,-13.759,0,8,17,1,0,0,0.682,0.0148,6495
493,18,-12.931,0,3,7,1,0,0,0.682,0.0148,6513
494,5,-13.92,0,2,2,1,0,0,0.681,0.0147,6518
495,60,-13.109,2,6,23,1,0,0,0.681,0.0147,6578
496,19,-13.022,0,2,5,1,0,0,0.68,0.0147,6597
497,6,-13.415,0,4,4,1,0,0,0.679,0.0147,6603
498,5,-13.751,0,4,3,1,0,0,0.679,0.0147,6608
499,33,-14.132,0,3,14,1,0,0,0.678,0.0147,6641
500,10,-12.847,0,2,7,1,0,0,0.677,0.0147,6651
501,54,-12.378,1,8,17,1,0,0,0.677,0.0147,6705
502,5,-13.45,0,3,3,1,0,0,0.676,0.0147,6710
503,20,-12.652,0,6,8,1,0,0,0.675,0.0146,6730
504,7,-13.331,0,4,3,1,0,0,0.675,0.0146,6737
505,55,-15.652,0,5,22,1,0,0,0.674,0.0146,6792
506,30,-13.042,0,5,11,1,0,0,0.673,0.0146,6822
507,19,-13.805,0,3,10,1,0,0,0.673,0.0146,6841
508,16,-14.067,0,3,8,1,0,0,0.672,0.0146,6857
509,11,-13.489,0,3,2,1,0,0,0.671,0.0146,6868
510,13,-12.925,0,2,6,1,0,0,0.671,0.0146,6881
511,47,-11.603,0,5,17,1,0,0,0.67,0.0146,6928
512,6,-13.806,0,3,2,1,0,0,0.67,0.0145,6934
513,23,-13.217,0,6,5,1,0,0,0.669,0.0145,6957
514,25,-14.48,0,3,9,1,0,0,0.668,0.0145,6982
515,11,-12.645,0,3,4,1,0,0,0.668,0.0145,6993
516,27,-13.463,0,6,14,1,0,0,0.667,0.0145,7020
517,19,-12.85,0,5,8,1,0,0,0.666,0.0145,7039
518,27,-12.626,0,6,11,1,0,0,0.666,0.0145,7066
519,48,-13.811,0,9,24,1,0,0,0.665,0.0145,7114
520,10,-13.19,0,3,5,1,0,0,0.664,0.0145,7124
521,61,-14.731,0,6,20,1,0,0,0.664,0.0145,7185
522,15,-12.914,0,2,6,1,0,0,0.663,0.0144,7200
523,15,-10.699,0,2,4,1,0,0,0.662,0.0144,7215
524,13,-13.282,0,2,5,1,0,0,0.662,0.0144,7228
525,5,-12.852,0,3,3,1,0,0,0.661,0.0144,7233
526,10,-8.954,0,6,3,1,0,0,0.66,0.0144,7243
527,66,-15.167,0,8,24,1,0,0,0.66,0.0144,7309
528,8,-13.316,0,4,3,1,0,0,0.659,0.0144,7317
529,17,-14.018,0,4,9,1,0,0,0.659,0.0144,7334
530,19,-13.327,0,2,9,1,0,0,0.658,0.0144,7353
531,10,-9.398,0,3,2,1,0,0,0.657,0.0143,7363
532,9,-13.124,0,2,4,1,0,0,0.657,0.0143,7372
533,40,-14.349,0,4,16,1,0,0,0.656,0.0143,7412
534,5,-14.014,0,2,2,1,0,0,0.655,0.0143,7417
535,31,-14.592,0,4,16,1,0,0,0.655,0.0143,7448
536,28,-13.952,0,6,13,1,0,0,0.654,0.0143,7476
537,18,-10.109,0,3,6,1,0,0,0.653,0.0143,7494
538,16,-12.96,0,3,7,1,0,0,0.653,0.0143,7510
539,42,-13.059,1,9,12,1,0,0,0.652,0.0143,7552
540,63,-14.724,1,11,27,1,0,0,0.651,0.0143,7615
541,13,-9.616,0,3,4,1,0,0,0.651,0.0142,7628
542,15,-10.027,0,3,4,1,0,0,0.65,0.0142,7643
543,24,-14.165,0,4,7,1,0,0,0.65,0.0142,7667
544,29,-14.785,0,2,16,1,0,0,0.649,0.0142,7696
545,6,-13.299,0,3,1,1,0,0,0.648,0.0142,7702
546,6,-13.836,0,3,3,1,0,0,0.648,0.0142,7708
547,26,-12.667,0,7,8,1,0,0,0.647,0.0142,7734
548,17,-11.128,0,6,5,1,0,0,0.646,0.0142,7751
549,17,-12.085,0,8,7,1,0,0,0.646,0.0142,7768
550,9,-13.274,0,1,4,1,0,0,0.645,0.0141,7777
551,6,-13.459,0,3,3,1,0,0,0.644,0.0141,7783
552,22,-10.197,0,3,6,1,0,0,0.644,0.0141,7805
553,29,-13.842,0,4,9,1,0,0,0.643,0.0141,7834
554,16,-13.3,0,3,10,1,0,0,0.642,0.0141,7850
555,48,-12.642,1,5,19,1,0,0,0.642,0.0141,7898
556,25,-13.247,0,5,9,1,0,0,0.641,0.0141,7923
557,9,-9.732,0,3,1,1,0,0,0.64,0.0141,7932
558,14,-10.095,0,3,5,1,0,0,0.64,0.0141,7946
559,8,-11.369,0,5,2,1,0,0,0.639,0.014,7954
560,76,-17.619,0,5,38,1,0,0,0.639,0.014,8030
561,16,-13.191,0,3,3,1,0,0,0.638,0.014,8046
562,6,-13.205,0,4,2,1,0,0,0.637,0.014,8052
563,7,-9.407,0,3,1,1,0,0,0.637,0.014,8059
564,46,-11.396,1,9,13,1,0,0,0.636,0.014,8105
565,34,-12.507,1,9,15,1,0,0,0.635,0.014,8139
566,41,-12.675,1,5,17,1,0,0,0.635,0.014,8180
567,28,-14.163,0,4,14,1,0,0,0.634,0.014,8208
568,12,-13.285,0,2,4,1,0,0,0.633,0.014,8220
569,33,-11.09,0,2,11,1,0,0,0.633,0.0139,8253
570,20,-13.44,0,3,10,1,0,0,0.632,0.0139,8273
571,7,-13.053,0,2,4,1,0,0,0.631,0.0139,8280
572,24,-13.795,0,6,11,1,0,0,0.631,0.0139,8304
573,13,-13.572,0,1,6,1,0,0,0.63,0.0139,8317
574,5,-12.945,0,2,2,1,0,0,0.629,0.0139,8322
575,71,-14.266,0,7,19,1,0,0,0.629,0.0139,8393
576,7,-12.507,0,2,4,1,0,0,0.628,0.0139,8400
577,10,-12.264,0,5,4,1,0,0,0.628,0.0139,8410
578,19,-12.894,0,5,7,1,0,0,0.627,0.0138,8429
579,28,-13.371,1,4,7,1,0,0,0.626,0.0138,8457
580,8,-12.229,0,3,2,1,0,0,0.626,0.0138,8465
581,20,-14.462,0,3,5,1,0,0,0.625,0.0138,8485
582,19,-14.108,0,4,8,1,0,0,0.624,0.0138,8504
583,8,-10.206,0,3,3,1,0,0,0.624,0.0138,8512
584,48,-13.958,1,6,15,1,0,0,0.623,0.0138,8560
585,19,-10.599,0,3,5,1,0,0,0.622,0.0138,8579
586,16,-12.691,0,4,6,1,0,0,0.622,0.0138,8595
587,57,-12.643,0,4,18,1,0,0,0.621,0.0137,8652
588,25,-14.095,0,1,9,1,0,0,0.62,0.0137,8677
589,11,-13.171,0,3,5,1,0,0,0.62,0.0137,8688
590,34,-10.575,0,2,8,1,0,0,0.619,0.0137,8722
591,6,-13.509,0,2,3,1,0,0,0.618,0.0137,8728
592,15,-13.076,0,2,7,1,0,0,0.618,0.0137,8743
593,15,-9.765,0,2,5,1,0,0,0.617,0.0137,8758
594,27,-13.732,0,2,11,1,0,0,0.617,0.0137,8785
595,21,-10.714,0,3,10,1,0,0,0.616,0.0137,8806
596,17,-13.679,0,2,7,1,0,0,0.615,0.0137,8823
597,31,-13.617,0,6,10,1,0,0,0.615,0.0136,8854
598,9,-13.079,0,2,3,1,0,0,0.614,0.0136,8863
599,9,-9.916,0,2,2,1,0,0,0.613,0.0136,8872
600,66,-13.032,2,11,26,1,0,0,0.613,0.0136,8938
601,6,-12.929,0,2,2,1,0,0,0.612,0.0136,8944
602,21,-11.643,1,8,9,1,0,0,0.611,0.0136,8965
603,70,-16.634,1,5,32,1,0,0,0.611,0.0136,9035
604,5,-13.952,0,3,3,1,0,0,0.61,0.0136,9040
605,5,-13.425,0,3,3,1,0,0,0.609,0.0136,9045
606,9,-9.056,0,3,0,1,0,0,0.609,0.0135,9054
607,46,-13.808,0,11,19,1,0,0,0.608,0.0135,9100
608,5,-12.875,0,3,3,1,0,0,0.607,0.0135,9105
609,17,-9.321,0,6,3,1,0,0,0.607,0.0135,9122
610,7,-13.796,0,1,4,1,0,0,0.606,0.0135,9129
611,13,-14.781,0,4,6,1,0,0,0.606,0.0135,9142
612,18,-13.003,0,3,8,1,0,0,0.605,0.0135,9160
613,7,-13.152,0,2,4,1,0,0,0.604,0.0135,9167
614,33,-13.683,0,3,10,1,0,0,0.604,0.0135,9200
615,38,-14.98,0,4,19,1,0,0,0.603,0.0135,9238
616,38,-11.507,0,2,11,1,0,0,0.602,0.0134,9276
617,5,-13.292,0,2,1,1,0,0,0.602,0.0134,9281
618,26,-12.614,0,7,13,1,0,0,0.601,0.0134,9307
619,9,-12.547,0,2,3,1,0,0,0.6,0.0134,9316
620,19,-13.096,0,5,9,1,0,0,0.6,0.0134,9335
621,49,-14.541,0,5,16,1,0,0,0.599,0.0134,9384
622,5,-13.425,0,3,3,1,0,0,0.598,0.0134,9389
623,17,-13.458,0,3,6,1,0,0,0.598,0.0134,9406
624,18,-12.463,0,5,6,1,0,0,0.597,0.0134,9424
625,6,-13.285,0,4,3,1,0,0,0.596,0.0133,9430
626,10,-12.19,0,5,4,1,0,0,0.596,0.0133,9440
627,9,-12.465,0,2,2,1,0,0,0.595,0.0133,9449
628,8,-12.412,0,2,3,1,0,0,0.595,0.0133,9457
629,27,-12.584,0,7,9,1,0,0,0.594,0.0133,9484
630,16,-12.632,0,5,7,1,0,0,0.593,0.0133,9500
631,6,-13.886,0,3,3,1,0,0,0.593,0.0133,9506
632,34,-15.518,0,2,16,1,0,0,0.592,0.0133,9540
633,19,-13.262,0,2,7,1,0,0,0.591,0.0133,9559
634,5,-13.222,0,4,2,1,0,0,0.591,0.0132,9564
635,56,-14.933,0,6,11,1,0,0,0.59,0.0132,9620
636,5,-14.222,0,4,2,1,0,0,0.589,0.0132,9625
637,81,-13.995,2,6,28,1,0,0,0.589,0.0132,9706
638,30,-15.188,0,3,17,1,0,0,0.588,0.0132,9736
639,42,-14.933,0,5,17,1,0,0,0.587,0.0132,9778
640,5,-14.502,0,2,3,1,0,0,0.587,0.0132,9783
641,9,-9.912,0,2,2,1,0,0,0.586,0.0132,9792
642,45,-15.2,0,6,24,1,0,0,0.585,0.0132,9837
643,30,-12.772,0,5,7,1,0,0,0.585,0.0132,9867
644,15,-12.925,0,3,7,1,0,0,0.584,0.0131,9882
645,12,-12.812,0,2,5,1,0,0,0.584,0.0131,9894
646,24,-11.685,1,7,8,1,0,0,0.583,0.0131,9918
647,5,-13.802,0,3,3,1,0,0,0.582,0.0131,9923
648,49,-12.303,1,9,18,1,0,0,0.582,0.0131,9972
649,8,-12.591,0,2,4,1,0,0,0.581,0.0131,9980
650,15,-12.271,0,4,7,1,0,0,0.58,0.0131,9995
651,24,-10.661,0,5,8,1,0,0,0.58,0.0131,10019
652,53,-14.97,0,2,16,1,0,0,0.579,0.0131,10072
653,50,-12.453,0,4,19,1,0,0,0.578,0.013,10122
654,56,-13.56,0,7,20,1,0,0,0.578,0.013,10178
655,19,-13.43,0,2,5,1,0,0,0.577,0.013,10197
656,87,-17.302,0,10,39,1,0,0,0.576,0.013,10284
657,61,-12.72,0,5,21,1,0,0,0.576,0.013,10345
658,13,-12.756,0,2,5,1,0,0,0.575,0.013,10358
659,21,-13.81,0,3,9,1,0,0,0.574,0.013,10379
660,17,-13.92,0,4,6,1,0,0,0.574,0.013,10396
661,12,-10.152,0,1,5,1,0,0,0.573,0.013,10408
662,14,-12.89,0,3,7,1,0,0,0.573,0.0129,10422
663,57,-13.951,0,5,19,1,0,0,0.572,0.0129,10479
664,26,-12.962,0,6,13,1,0,0,0.571,0.0129,10505
665,5,-13.772,0,3,2,1,0,0,0.571,0.0129,10510
666,19,-10.046,0,3,8,1,0,0,0.57,0.0129,10529
667,45,-15.401,0,5,14,1,0,0,0.569,0.0129,10574
668,46,-13.127,2,9,16,1,0,0,0.569,0.0129,10620
669,44,-13.269,0,7,13,1,0,0,0.568,0.0129,10664
670,21,-14.029,0,4,9,1,0,0,0.567,0.0129,10685
671,7,-12.425,0,3,3,1,0,0,0.567,0.0129,10692
672,56,-15.044,1,5,29,1,0,0,0.566,0.0128,10748
673,11,-12.596,0,3,4,1,0,0,0.565,0.0128,10759
674,32,-11.297,0,3,16,1,0,0,0.565,0.0128,10791
675,58,-14.733,0,7,19,1,0,0,0.564,0.0128,10849
676,50,-15.688,0,8,15,1,0,0,0.564,0.0128,10899
677,55,-12.079,2,6,22,1,0,0,0.563,0.0128,10954
678,11,-9.962,0,1,3,1,0,0,0.562,0.0128,10965
679,56,-13.95,1,5,23,1,0,0,0.562,0.0128,11021
680,42,-12.678,2,7,21,1,0,0,0.561,0.0128,11063
681,6,-9.7,0,3,1,1,0,0,0.56,0.0127,11069
682,61,-13.384,0,3,23,1,0,0,0.56,0.0127,11130
683,36,-15.867,0,3,15,1,0,0,0.559,0.0127,11166
684,19,-10.685,0,2,7,1,0,0,0.558,0.0127,11185
685,17,-13.436,0,2,10,1,0,0,0.558,0.0127,11202
686,64,-16.425,1,5,23,1,0,0,0.557,0.0127,11266
687,13,-13.78,0,4,6,1,0,0,0.556,0.0127,11279
688,54,-13.867,0,9,12,1,0,0,0.556,0.0127,11333
689,68,-15.133,1,6,31,1,0,0,0.555,0.0127,11401
690,30,-13.722,0,3,11,1,0,0,0.554,0.0127,11431
691,21,-12.46,0,4,10,1,0,0,0.554,0.0126,11452
692,17,-12.745,0,5,7,1,0,0,0.553,0.0126,11469
693,65,-12.556,2,10,22,1,0,0,0.553,0.0126,11534
694,6,-13.856,0,3,2,1,0,0,0.552,0.0126,11540
695,35,-14.229,0,5,15,1,0,0,0.551,0.0126,11575
696,43,-14.705,0,3,14,1,0,0,0.551,0.0126,11618
697,9,-13.092,0,2,3,1,0,0,0.55,0.0126,11627
698,37,-13.744,0,3,15,1,0,0,0.549,0.0126,11664
699,5,-13.475,0,3,3,1,0,0,0.549,0.0126,11669
700,10,-13.985,0,3,3,1,0,0,0.548,0.0125,11679
701,18,-12.717,0,5,5,1,0,0,0.547,0.0125,11697
702,21,-13.146,0,3,8,1,0,0,0.547,0.0125,11718
703,33,-14.041,0,3,14,1,0,0,0.546,0.0125,11751
704,72,-16.682,0,7,33,1,0,0,0.545,0.0125,11823
705,30,-11.36,0,5,10,1,0,0,0.545,0.0125,11853
706,36,-14.615,0,5,15,1,0,0,0.544,0.0125,11889
707,52,-14.026,1,5,16,1,0,0,0.543,0.0125,11941
708,12,-9.755,0,2,1,1,0,0,0.543,0.0125,11953
709,33,-11.636,2,9,11,1,0,0,0.542,0.0124,11986
710,128,-16.096,1,10,50,1,0,0,0.542,0.0124,12114
711,46,-12.828,1,7,15,1,0,0,0.541,0.0124,12160
712,53,-11.455,0,2,11,1,0,0,0.54,0.0124,12213
713,16,-14.178,0,3,9,1,0,0,0.54,0.0124,12229
714,149,-21.047,1,9,65,1,0,0,0.539,0.0124,12378
715,93,-17.311,0,6,34,1,0,0,0.538,0.0124,12471
716,173,-19.814,2,13,78,1,0,0,0.538,0.0124,12644
717,50,-11.302,0,5,16,1,0,0,0.537,0.0124,12694
718,8,-9.542,0,2,1,1,0,0,0.536,0.0124,12702
719,28,-13.833,0,2,13,1,0,0,0.536,0.0123,12730
720,18,-13.436,0,2,5,1,0,0,0.535,0.0123,12748
721,13,-10.85,0,2,3,1,0,0,0.534,0.0123,12761
722,24,-14.565,0,4,7,1,0,0,0.534,0.0123,12785
723,19,-14.35,0,4,6,1,0,0,0.533,0.0123,12804
724,47,-12.581,0,6,18,1,0,0,0.532,0.0123,12851
725,5,-12.992,0,4,1,1,0,0,0.532,0.0123,12856
726,41,-10.754,0,6,12,1,0,0,0.531,0.0123,12897
727,70,-13.389,2,9,26,1,0,0,0.531,0.0123,12967
728,9,-12.325,0,3,2,1,0,0,0.53,0.0122,12976
729,56,-14.488,0,7,19,1,0,0,0.529,0.0122,13032
730,21,-14.092,0,2,12,1,0,0,0.529,0.0122,13053
731,20,-12.426,0,6,8,1,0,0,0.528,0.0122,13073
732,42,-14.141,0,5,14,1,0,0,0.527,0.0122,13115
733,5,-12.399,0,2,3,1,0,0,0.527,0.0122,13120
734,43,-13.893,0,4,10,1,0,0,0.526,0.0122,13163
735,50,-11.297,1,7,21,1,0,0,0.525,0.0122,13213
736,29,-13.715,0,3,10,1,0,0,0.525,0.0122,13242
737,71,-15.559,1,8,37,1,0,0,0.524,0.0121,13313
738,6,-13.985,0,2,3,1,0,0,0.523,0.0121,13319
739,28,-10.507,0,2,6,1,0,0,0.523,0.0121,13347
740,117,-15.656,0,11,37,1,0,0,0.522,0.0121,13464
741,49,-12.097,1,10,15,1,0,0,0.521,0.0121,13513
742,88,-16.332,1,7,28,1,0,0,0.521,0.0121,13601
743,17,-12.836,0,3,5,1,0,0,0.52,0.0121,13618
744,16,-13.238,0,3,3,1,0,0,0.52,0.0121,13634
745,11,-13.651,0,3,4,1,0,0,0.519,0.0121,13645
746,38,-14.385,1,5,18,1,0,0,0.518,0.0121,13683
747,38,-14.298,0,5,10,1,0,0,0.518,0.012,13721
748,7,-12.953,0,3,4,1,0,0,0.517,0.012,13728
749,45,-14.662,1,7,18,1,0,0,0.516,0.012,13773
750,57,-14.477,1,7,27,1,0,0,0.516,0.012,13830
751,21,-12.697,0,4,6,1,0,0,0.515,0.012,13851
752,44,-12.956,0,11,14,1,0,0,0.514,0.012,13895
753,26,-14.204,0,4,9,1,0,0,0.514,0.012,13921
754,5,-14.302,0,4,3,1,0,0,0.513,0.012,13926
755,9,-13.279,0,1,5,1,0,0,0.512,0.012,13935
756,38,-14.592,0,4,15,1,0,0,0.512,0.0119,13973
757,22,-13.718,0,4,13,1,0,0,0.511,0.0119,13995
758,76,-17.24,0,6,26,1,0,0,0.51,0.0119,14071
759,28,-14.046,0,2,7,1,0,0,0.51,0.0119,14099
760,12,-13.913,0,4,3,1,0,0,0.509,0.0119,14111
761,11,-9.938,0,3,4,1,0,0,0.509,0.0119,14122
762,17,-13.243,0,3,5,1,0,0,0.508,0.0119,14139
763,60,-15.297,1,7,30,1,0,0,0.507,0.0119,14199
764,65,-11.266,3,8,21,1,0,0,0.507,0.0119,14264
765,33,-12.318,1,4,10,1,0,0,0.506,0.0119,14297
766,12,-14.474,0,3,7,1,0,0,0.505,0.0118,14309
767,39,-14.951,1,1,18,1,0,0,0.505,0.0118,14348
768,11,-12.336,0,3,2,1,0,0,0.504,0.0118,14359
769,48,-15.023,0,3,19,1,0,0,0.503,0.0118,14407
770,204,-14.885,7,21,68,1,0,0,0.503,0.0118,14611
771,48,-12.743,2,4,16,1,0,0,0.502,0.0118,14659
772,32,-13.693,0,5,8,1,0,0,0.501,0.0118,14691
773,7,-12.926,0,2,3,1,0,0,0.501,0.0118,14698
774,5,-13.802,0,4,3,1,0,0,0.5,0.0118,14703
775,22,-13.002,0,4,6,1,0,0,0.499,0.0117,14725
776,21,-12.325,0,5,7,1,0,0,0.499,0.0117,14746
777,15,-12.072,0,1,2,1,0,0,0.498,0.0117,14761
778,14,-13.777,0,2,10,1,0,0,0.498,0.0117,14775
779,43,-14.461,0,7,13,1,0,0,0.497,0.0117,14818
780,30,-13.713,0,6,16,1,0,0,0.496,0.0117,14848
781,5,-13.591,0,4,1,1,0,0,0.496,0.0117,14853
782,7,-9.498,0,3,2,1,0,0,0.495,0.0117,14860
783,54,-10.858,2,8,14,1,0,0,0.494,0.0117,14914
784,47,-13.709,0,6,17,1,0,0,0.494,0.0116,14961
785,10,-13.556,0,2,2,1,0,0,0.493,0.0116,14971
786,5,-13.062,0,3,0,1,0,0,0.492,0.0116,14976
787,35,-13.947,0,3,11,1,0,0,0.492,0.0116,15011
788,5,-14.095,0,1,2,1,0,0,0.491,0.0116,15016
789,5,-13.772,0,3,2,1,0,0,0.49,0.0116,15021
790,45,-13.336,0,8,17,1,0,0,0.49,0.0116,15066
791,35,-14.839,0,3,10,1,0,0,0.489,0.0116,15101
792,40,-10.317,1,7,13,1,0,0,0.488,0.0116,15141
793,39,-14.305,0,5,13,1,0,0,0.488,0.0116,15180
794,6,-12.49,0,2,3,1,0,0,0.487,0.0115,15186
795,38,-15.021,0,4,13,1,0,0,0.487,0.0115,15224
796,6,-13.046,0,4,0,1,0,0,0.486,0.0115,15230
797,49,-15.1,0,5,15,1,0,0,0.485,0.0115,15279
798,5,-12.175,0,3,3,1,0,0,0.485,0.0115,15284
799,31,-15.352,0,1,14,1,0,0,0.484,0.0115,15315
800,69,-12.949,2,7,21,1,0,0,0.483,0.0115,15384
801,103,-15.717,2,13,34,1,0,0,0.483,0.0115,15487
802,13,-14.059,0,3,2,1,0,0,0.482,0.0115,15500
803,12,-13.16,0,3,5,1,0,0,0.481,0.0114,15512
804,30,-12.952,0,6,12,1,0,0,0.481,0.0114,15542
805,5,-14.499,0,2,3,1,0,0,0.48,0.0114,15547
806,20,-12.607,0,3,3,1,0,0,0.479,0.0114,15567
807,5,-13.642,0,4,1,1,0,0,0.479,0.0114,15572
808,20,-13.841,0,3,15,1,0,0,0.478,0.0114,15592
809,11,-12.416,0,3,3,1,0,0,0.477,0.0114,15603
810,35,-12.96,0,8,9,1,0,0,0.477,0.0114,15638
811,32,-14.264,0,3,11,1,0,0,0.476,0.0114,15670
812,5,-13.322,0,3,2,1,0,0,0.476,0.0113,15675
813,19,-14.02,0,4,7,1,0,0,0.475,0.0113,15694
814,23,-10.509,2,8,5,1,0,0,0.474,0.0113,15717
815,5,-14.371,0,3,2,1,0,0,0.474,0.0113,15722
816,69,-13.86,1,9,25,1,0,0,0.473,0.0113,15791
817,5,-13.092,0,4,1,1,0,0,0.472,0.0113,15796
818,5,-13.822,0,3,2,1,0,0,0.472,0.0113,15801
819,93,-15.568,0,10,31,1,0,0,0.471,0.0113,15894
820,44,-15.03,0,5,18,1,0,0,0.47,0.0113,15938
821,21,-12.895,0,3,4,1,0,0,0.47,0.0113,15959
822,24,-14.581,0,5,8,1,0,0,0.469,0.0112,15983
823,34,-13.17,0,5,11,1,0,0,0.468,0.0112,16017
824,7,-13.67,0,4,1,1,0,0,0.468,0.0112,16024
825,8,-10.252,0,2,3,1,0,0,0.467,0.0112,16032
826,46,-13.236,0,6,11,1,0,0,0.466,0.0112,16078
827,22,-14.274,0,1,11,1,0,0,0.466,0.0112,16100
828,25,-8.82,0,6,1,1,0,0,0.465,0.0112,16125
829,64,-16.322,0,6,18,1,0,0,0.465,0.0112,16189
830,7,-9.457,0,3,1,1,0,0,0.464,0.0112,16196
831,93,-16.578,0,10,25,1,0,0,0.463,0.0111,16289
832,54,-12.662,2,6,19,1,0,0,0.463,0.0111,16343
833,20,-10.83,0,4,6,1,0,0,0.462,0.0111,16363
834,9,-10.03,0,1,1,1,0,0,0.461,0.0111,16372
835,64,-15.877,0,6,21,1,0,0,0.461,0.0111,16436
836,73,-12.174,1,12,18,1,0,0,0.46,0.0111,16509
837,13,-13.619,0,4,4,1,0,0,0.459,0.0111,16522
838,9,-13.14,0,4,1,1,0,0,0.459,0.0111,16531
839,79,-15.192,1,7,20,1,0,0,0.458,0.0111,16610
840,56,-10.722,1,6,17,1,0,0,0.457,0.0111,16666
841,57,-15.167,1,3,21,1,0,0,0.457,0.011,16723
842,9,-9.562,0,3,2,1,0,0,0.456,0.011,16732
843,61,-11.868,0,4,16,1,0,0,0.456,0.011,16793
844,187,-25.38,1,7,78,1,0,0,0.455,0.011,16980
845,12,-10.018,0,1,4,1,0,0,0.454,0.011,16992
846,11,-9.759,0,2,2,1,0,0,0.454,0.011,17003
847,66,-12.712,1,12,23,1,0,0,0.453,0.011,17069
848,5,-13.391,0,2,1,1,0,0,0.452,0.011,17074
849,88,-16.287,1,5,24,1,0,0,0.452,0.011,17162
850,16,-10.783,0,2,7,1,0,0,0.451,0.0109,17178
851,34,-14.212,0,6,12,1,0,0,0.45,0.0109,17212
852,162,-16.808,1,17,49,1,0,0,0.45,0.0109,17374
853,7,-9.24,0,3,0,1,0,0,0.449,0.0109,17381
854,19,-13.738,0,4,4,1,0,0,0.448,0.0109,17400
855,39,-14.067,0,5,14,1,0,0,0.448,0.0109,17439
856,95,-14.831,2,11,31,1,0,0,0.447,0.0109,17534
857,55,-14.498,0,8,19,1,0,0,0.446,0.0109,17589
858,24,-15.235,0,3,18,1,0,0,0.446,0.0109,17613
859,123,-16.242,2,10,47,1,0,0,0.445,0.0108,17736
860,47,-13.13,1,7,17,1,0,0,0.445,0.0108,17783
861,89,-13.755,1,13,32,1,0,0,0.444,0.0108,17872
862,19,-12.52,0,3,5,1,0,0,0.443,0.0108,17891
863,85,-12.792,0,6,22,1,0,0,0.443,0.0108,17976
864,7,-12.973,0,2,3,1,0,0,0.442,0.0108,17983
865,5,-13.272,0,4,2,1,0,0,0.441,0.0108,17988
866,13,-13.59,0,4,3,1,0,0,0.441,0.0108,18001
867,86,-17.624,1,9,32,1,0,0,0.44,0.0108,18087
868,27,-12.409,0,5,5,1,0,0,0.439,0.0108,18114
869,5,-13.492,0,4,1,1,0,0,0.439,0.0107,18119
870,92,-14.376,1,8,30,1,0,0,0.438,0.0107,18211
871,7,-13.271,0,3,1,1,0,0,0.437,0.0107,18218
872,13,-9.587,0,3,0,1,0,0,0.437,0.0107,18231
873,7,-13.419,0,4,3,1,0,0,0.436,0.0107,18238
874,67,-14.153,0,5,20,1,0,0,0.435,0.0107,18305
875,55,-13.732,0,6,13,1,0,0,0.435,0.0107,18360
876,18,-12.931,0,3,5,1,0,0,0.434,0.0107,18378
877,315,-24.508,4,24,93,1,0,0,0.434,0.0107,18693
878,5,-11.818,0,1,1,1,0,0,0.433,0.0106,18698
879,29,-12.656,0,4,8,1,0,0,0.432,0.0106,18727
880,28,-10.885,0,1,5,1,0,0,0.432,0.0106,18755
881,14,-12.572,0,3,3,1,0,0,0.431,0.0106,18769
882,5,-13.291,0,3,1,1,0,0,0.43,0.0106,18774
883,55,-10.764,1,6,21,1,0,0,0.43,0.0106,18829
884,21,-13.187,0,4,6,1,0,0,0.429,0.0106,18850
885,20,-13.966,0,3,4,1,0,0,0.428,0.0106,18870
886,64,-14.942,1,7,21,1,0,0,0.428,0.0106,18934
887,13,-9.511,0,3,2,1,0,0,0.427,0.0105,18947
888,19,-12.449,0,5,6,1,0,0,0.426,0.0105,18966
889,32,-10.999,0,6,10,1,0,0,0.426,0.0105,18998
890,27,-14.106,0,4,12,1,0,0,0.425,0.0105,19025
891,34,-11.464,0,3,14,1,0,0,0.424,0.0105,19059
892,12,-9.627,0,2,2,1,0,0,0.424,0.0105,19071
893,83,-12.729,0,8,29,1,0,0,0.423,0.0105,19154
894,10,-10.292,0,2,2,1,0,0,0.423,0.0105,19164
895,8,-9.306,0,3,1,1,0,0,0.422,0.0105,19172
896,19,-13.117,0,3,7,1,0,0,0.421,0.0105,19191
897,67,-12.106,3,8,19,1,0,0,0.421,0.0104,19258
898,42,-11.192,2,8,11,1,0,0,0.42,0.0104,19300
899,26,-10.252,0,2,4,1,0,0,0.419,0.0104,19326
900,20,-14.073,0,4,9,1,0,0,0.419,0.0104,19346
901,44,-11.024,0,4,12,1,0,0,0.418,0.0104,19390
902,50,-13.666,0,8,13,1,0,0,0.417,0.0104,19440
903,30,-13.507,0,2,8,1,0,0,0.417,0.0104,19470
904,75,-17.177,0,8,32,1,0,0,0.416,0.0104,19545
905,139,-17.383,3,14,62,1,0,0,0.415,0.0104,19684
906,5,-13.192,0,3,1,1,0,0,0.415,0.0103,19689
907,18,-13.932,0,3,5,1,0,0,0.414,0.0103,19707
908,5,-12.692,0,3,1,1,0,0,0.413,0.0103,19712
909,41,-13.704,0,3,8,1,0,0,0.413,0.0103,19753
910,9,-14.179,0,2,4,1,0,0,0.412,0.0103,19762
911,23,-14.67,0,2,4,1,0,0,0.412,0.0103,19785
912,28,-15.716,0,3,16,1,0,0,0.411,0.0103,19813
913,50,-14.455,0,6,18,1,0,0,0.41,0.0103,19863
914,40,-14.444,1,4,18,1,0,0,0.41,0.0103,19903
915,74,-15.057,1,8,30,1,0,0,0.409,0.0103,19977
916,27,-14.787,0,3,6,1,0,0,0.408,0.0102,20004
917,26,-13.212,1,2,11,1,0,0,0.408,0.0102,20030
918,68,-8.059,4,12,21,1,0,0,0.407,0.0102,20098
919,75,-14.655,0,8,23,1,0,0,0.406,0.0102,20173
920,11,-9.572,0,3,3,1,0,0,0.406,0.0102,20184
921,89,-17.601,0,5,25,1,0,0,0.405,0.0102,20273
922,7,-13.47,0,3,3,1,0,0,0.404,0.0102,20280
923,43,-13.803,0,6,14,1,0,0,0.404,0.0102,20323
924,26,-10.332,0,3,3,1,0,0,0.403,0.0102,20349
925,123,-14.656,2,12,41,1,0,0,0.402,0.0101,20472
926,57,-15.434,0,1,20,1,0,0,0.402,0.0101,20529
927,131,-15.012,2,14,48,1,0,0,0.401,0.0101,20660
928,8,-9.928,0,2,2,1,0,0,0.401,0.0101,20668
929,8,-13.763,0,2,5,1,0,0,0.4,0.0101,20676
930,56,-15.617,0,4,25,1,0,0,0.399,0.0101,20732
931,32,-13.561,0,5,12,1,0,0,0.399,0.0101,20764
932,57,-14.91,1,5,27,1,0,0,0.398,0.0101,20821
933,43,-14.896,0,2,8,1,0,0,0.397,0.0101,20864
934,22,-13.171,0,3,7,1,0,0,0.397,0.01,20886
935,15,-9.695,0,3,1,1,0,0,0.396,0.01,20901
936,263,-29.245,0,5,85,1,0,0,0.395,0.01,21164
937,8,-13.06,0,2,3,1,0,0,0.395,0.01,21172
938,52,-14.436,0,2,11,1,0,0,0.394,0.01,21224
939,12,-12.117,0,6,4,1,0,0,0.393,0.01,21236
940,39,-15.055,0,5,13,1,0,0,0.393,0.01,21275
941,35,-13.169,0,2,6,1,0,0,0.392,0.01,21310
942,57,-11.553,0,3,16,1,0,0,0.391,0.01,21367
943,27,-14.352,0,2,14,1,0,0,0.391,0.01,21394
944,21,-12.753,0,3,2,1,0,0,0.39,0.0099,21415
945,44,-14.889,0,9,17,1,0,0,0.39,0.0099,21459
946,22,-13.738,0,3,10,1,0,0,0.389,0.0099,21481
947,29,-12.927,0,4,7,1,0,0,0.388,0.0099,21510
948,72,-16.774,0,6,20,1,0,0,0.388,0.0099,21582
949,147,-18.508,1,11,41,1,0,0,0.387,0.0099,21729
950,90,-14.833,1,11,31,1,0,0,0.386,0.0099,21819
951,53,-12.721,1,10,14,1,0,0,0.386,0.0099,21872
952,68,-13.754,0,4,15,1,0,0,0.385,0.0099,21940
953,34,-12.273,1,5,14,1,0,0,0.384,0.0098,21974
954,130,-15.225,2,16,47,1,0,0,0.384,0.0098,22104
955,79,-11.938,0,9,16,1,0,0,0.383,0.0098,22183
956,60,-14.945,1,4,16,1,0,0,0.382,0.0098,22243
957,22,-9.954,0,4,7,1,0,0,0.382,0.0098,22265
958,146,-16.017,2,12,41,1,0,0,0.381,0.0098,22411
959,9,-9.371,0,3,2,1,0,0,0.38,0.0098,22420
960,86,-16.892,1,5,32,1,0,0,0.38,0.0098,22506
961,46,-10.878,0,2,3,1,0,0,0.379,0.0098,22552
962,9,-13.832,0,2,5,1,0,0,0.379,0.0097,22561
963,41,-11.234,0,4,7,1,0,0,0.378,0.0097,22602
964,91,-12.82,2,13,22,1,0,0,0.377,0.0097,22693
965,23,-9.88,0,5,4,1,0,0,0.377,0.0097,22716
966,5,-13.112,0,3,0,1,0,0,0.376,0.0097,22721
967,46,-12.079,2,8,15,1,0,0,0.375,0.0097,22767
968,24,-12.692,1,6,8,1,0,0,0.375,0.0097,22791
969,57,-12.847,1,5,9,1,0,0,0.374,0.0097,22848
970,17,-9.536,0,2,0,1,0,0,0.373,0.0097,22865
971,38,-12.802,0,9,8,1,0,0,0.373,0.0097,22903
972,83,-15.672,1,8,23,1,0,0,0.372,0.0096,22986
973,217,-20.571,2,12,74,1,0,0,0.371,0.0096,23203
974,7,-13.16,0,4,1,1,0,0,0.371,0.0096,23210
975,192,-19.013,1,11,39,1,0,0,0.37,0.0096,23402
976,5,-13.475,0,2,3,1,0,0,0.369,0.0096,23407
977,23,-13.992,0,4,5,1,0,0,0.369,0.0096,23430
978,56,-14.503,0,7,16,1,0,0,0.368,0.0096,23486
979,83,-14.654,0,11,33,1,0,0,0.368,0.0096,23569
980,53,-13.03,0,7,9,1,0,0,0.367,0.0096,23622
981,38,-15.511,0,5,13,1,0,0,0.366,0.0095,23660
982,11,-14.4,0,4,7,1,0,0,0.366,0.0095,23671
983,37,-11.548,1,8,13,1,0,0,0.365,0.0095,23708
984,94,-12.277,0,8,15,1,0,0,0.364,0.0095,23802
985,11,-12.695,0,2,4,1,0,0,0.364,0.0095,23813
986,94,-16.269,0,14,27,1,0,0,0.363,0.0095,23907
987,117,-16.805,2,7,37,1,0,0,0.362,0.0095,24024
988,7,-12.197,0,3,2,1,0,0,0.362,0.0095,24031
989,24,-13.871,0,1,13,1,0,0,0.361,0.0095,24055
990,17,-13.951,0,4,7,1,0,0,0.36,0.0095,24072
991,23,-14.157,0,0,12,1,0,0,0.36,0.0094,24095
992,115,-19.61,0,4,38,1,0,0,0.359,0.0094,24210
993,167,-20.209,1,6,41,1,0,0,0.359,0.0094,24377
994,95,-12.007,2,16,18,1,0,0,0.358,0.0094,24472
995,75,-13.85,1,4,16,1,0,0,0.357,0.0094,24547
996,13,-12.487,0,3,3,1,0,0,0.357,0.0094,24560
997,35,-10.186,0,6,7,1,0,0,0.356,0.0094,24595
998,34,-14.413,0,4,8,1,0,0,0.355,0.0094,24629
999,64,-11.796,0,3,12,1,0,0,0.355,0.0094,24693
1000,15,-10.039,0,2,4,1,0,0,0.354,0.0093,24708
1001,238,-23.262,0,14,78,1,0,0,0.353,0.0093,24946
1002,35,-10.432,0,6,8,1,0,0,0.353,0.0093,24981
1003,37,-11.973,1,8,9,1,0,0,0.352,0.0093,25018
1004,11,-12.535,0,2,2,1,0,0,0.351,0.0093,25029
1005,132,-15.476,3,9,44,1,0,0,0.351,0.0093,25161
1006,97,-15.394,0,14,34,1,0,0,0.35,0.0093,25258
1007,5,-13.501,0,2,3,1,0,0,0.349,0.0093,25263
1008,44,-13.378,1,5,12,1,0,0,0.349,0.0093,25307
1009,7,-9.522,0,2,0,1,0,0,0.348,0.0092,25314
1010,262,-14.216,3,29,59,1,0,0,0.348,0.0092,25576
1011,365,-29.19,2,11,136,1,0,0,0.347,0.0092,25941
1012,212,-16.184,4,14,60,1,0,0,0.346,0.0092,26153
1013,120,-18.089,0,5,30,1,0,0,0.346,0.0092,26273
1014,5,-13.262,0,2,0,1,0,0,0.345,0.0092,26278
1015,126,-14.345,0,9,45,1,0,0,0.344,0.0092,26404
1016,92,-15.159,0,4,17,1,0,0,0.344,0.0092,26496
1017,148,-17.864,1,8,51,1,0,0,0.343,0.0092,26644
1018,7,-12.296,0,3,2,1,0,0,0.342,0.0092,26651
1019,38,-13.194,0,5,10,1,0,0,0.342,0.0091,26689
1020,127,-19.188,0,11,52,1,0,0,0.341,0.0091,26816
1021,111,-11.776,2,19,26,1,0,0,0.34,0.0091,26927
1022,10,-14.006,0,3,2,1,0,0,0.34,0.0091,26937
1023,31,-10.682,0,4,6,1,0,0,0.339,0.0091,26968
1024,5,-13.192,0,3,1,1,0,0,0.338,0.0091,26973
1025,76,-14.405,1,5,24,1,0,0,0.338,0.0091,27049
1026,210,-18.181,2,13,78,1,0,0,0.337,0.0091,27259
1027,50,-15.294,0,4,11,1,0,0,0.337,0.0091,27309
1028,20,-10.701,0,9,5,1,0,0,0.336,0.009,27329
1029,55,-13.523,2,10,18,1,0,0,0.335,0.009,27384
1030,15,-10.325,0,3,6,1,0,0,0.335,0.009,27399
1031,58,-14.332,0,8,16,1,0,0,0.334,0.009,27457
1032,181,-13.811,5,17,60,1,0,0,0.333,0.009,27638
1033,400,-14.829,7,29,139,0,0,1,0.333,0.009,28038
1034,60,-13.954,1,4,19,1,0,0,0.332,0.009,28098
1035,339,-31.158,1,11,107,1,0,0,0.331,0.009,28437
1036,125,-18.522,0,11,36,1,0,0,0.331,0.009,28562
1037,21,-10.554,0,4,6,1,0,0,0.33,0.0089,28583
1038,71,-11.344,0,10,26,1,0,0,0.329,0.0089,28654
1039,21,-12.395,0,6,3,1,0,0,0.329,0.0089,28675
1040,58,-11.888,0,3,9,1,0,0,0.328,0.0089,28733
1041,106,-13.325,1,8,26,1,0,0,0.327,0.0089,28839
1042,73,-14.168,0,12,15,1,0,0,0.327,0.0089,28912
1043,94,-14.701,1,12,21,1,0,0,0.326,0.0089,29006
1044,91,-15.1,0,2,19,1,0,0,0.326,0.0089,29097
1045,195,-17.95,3,16,45,1,0,0,0.325,0.0089,29292
1046,75,-12.574,0,1,13,1,0,0,0.324,0.0089,29367
1047,28,-12.429,1,7,8,1,0,0,0.324,0.0088,29395
1048,183,-16.719,2,19,61,1,0,0,0.323,0.0088,29578
1049,5,-13.771,0,3,2,1,0,0,0.322,0.0088,29583
1050,116,-15.095,0,10,14,1,0,0,0.322,0.0088,29699
1051,115,-14.822,0,4,36,1,0,0,0.321,0.0088,29814
1052,9,-13.371,0,3,2,1,0,0,0.32,0.0088,29823
1053,61,-13.924,1,8,13,1,0,0,0.32,0.0088,29884
1054,69,-11.706,0,5,8,1,0,0,0.319,0.0088,29953
1055,40,-12.913,0,8,12,1,0,0,0.318,0.0088,29993
1056,33,-10.661,0,3,7,1,0,0,0.318,0.0087,30026
1057,233,-21.138,2,14,82,1,0,0,0.317,0.0087,30259
1058,25,-13.347,0,6,7,1,0,0,0.316,0.0087,30284
1059,82,-14.94,0,7,24,1,0,0,0.316,0.0087,30366
1060,52,-14.454,0,6,15,1,0,0,0.315,0.0087,30418
1061,105,-9.021,2,12,16,1,0,0,0.315,0.0087,30523
1062,68,-12.422,1,3,15,1,0,0,0.314,0.0087,30591
1063,13,-13.541,0,4,3,1,0,0,0.313,0.0087,30604
1064,182,-15.693,3,14,60,1,0,0,0.313,0.0087,30786
1065,60,-13.6,0,10,14,1,0,0,0.312,0.0087,30846
1066,167,-18.612,0,12,32,1,0,0,0.311,0.0086,31013
1067,110,-16.272,1,9,44,1,0,0,0.311,0.0086,31123
1068,271,-8.126,8,41,51,1,0,0,0.31,0.0086,31394
1069,189,-17.75,1,7,47,1,0,0,0.309,0.0086,31583
1070,54,-13.152,1,7,19,1,0,0,0.309,0.0086,31637
1071,70,-13.575,1,10,12,1,0,0,0.308,0.0086,31707
1072,223,-16.713,3,20,39,1,0,0,0.307,0.0086,31930
1073,97,-13.822,0,3,12,1,0,0,0.307,0.0086,32027
1074,22,-9.895,0,3,1,1,0,0,0.306,0.0086,32049
1075,146,-15.684,1,13,61,1,0,0,0.305,0.0085,32195
1076,207,-21.541,1,11,62,1,0,0,0.305,0.0085,32402
1077,59,-10.654,2,8,22,1,0,0,0.304,0.0085,32461
1078,15,-12.626,0,3,2,1,0,0,0.304,0.0085,32476
1079,283,-18.65,6,21,85,1,0,0,0.303,0.0085,32759
1080,165,-18.06,0,5,37,1,0,0,0.302,0.0085,32924
1081,18,-12.505,0,2,4,1,0,0,0.302,0.0085,32942
1082,29,-12.638,0,4,4,1,0,0,0.301,0.0085,32971
1083,46,-13.689,0,12,12,1,0,0,0.3,0.0085,33017
1084,53,-13.768,0,4,8,1,0,0,0.3,0.0084,33070
1085,131,-14.673,2,14,40,1,0,0,0.299,0.0084,33201
1086,47,-13.519,0,6,3,1,0,0,0.298,0.0084,33248
1087,282,-17.255,6,49,91,1,0,0,0.298,0.0084,33530
1088,63,-11.988,3,6,13,1,0,0,0.297,0.0084,33593
1089,91,-16.653,0,3,16,1,0,0,0.296,0.0084,33684
1090,76,-12.107,0,3,9,1,0,0,0.296,0.0084,33760
1091,310,-18.101,4,33,66,1,0,0,0.295,0.0084,34070
1092,48,-13.999,0,7,20,1,0,0,0.294,0.0084,34118
1093,113,-13.754,2,10,25,1,0,0,0.294,0.0084,34231
1094,96,-16.656,0,5,23,1,0,0,0.293,0.0083,34327
1095,35,-14.896,0,5,12,1,0,0,0.293,0.0083,34362
1096,82,-12.198,1,9,21,1,0,0,0.292,0.0083,34444
1097,41,-14.812,0,1,22,1,0,0,0.291,0.0083,34485
1098,5,-13.642,0,4,1,1,0,0,0.291,0.0083,34490
1099,55,-14.282,0,7,15,1,0,0,0.29,0.0083,34545
1100,44,-15.056,0,4,9,1,0,0,0.289,0.0083,34589
1101,242,-20.19,2,19,82,1,0,0,0.289,0.0083,34831
1102,60,-11.38,1,8,5,1,0,0,0.288,0.0083,34891
1103,103,-16.585,1,7,28,1,0,0,0.287,0.0082,34994
1104,91,-17.831,1,5,27,1,0,0,0.287,0.0082,35085
1105,134,-15.722,0,7,16,1,0,0,0.286,0.0082,35219
1106,64,-11.537,0,5,7,1,0,0,0.285,0.0082,35283
1107,190,-20.287,2,15,81,1,0,0,0.285,0.0082,35473
1108,36,-13.766,0,4,17,1,0,0,0.284,0.0082,35509
1109,58,-12.514,0,8,8,1,0,0,0.283,0.0082,35567
1110,130,-15.787,2,6,24,1,0,0,0.283,0.0082,35697
1111,49,-11.54,0,5,13,1,0,0,0.282,0.0082,35746
1112,23,-9.715,0,7,6,1,0,0,0.282,0.0081,35769
1113,5,-13.842,0,2,1,1,0,0,0.281,0.0081,35774
1114,33,-13.992,0,4,7,1,0,0,0.28,0.0081,35807
1115,174,-18.175,0,10,33,1,0,0,0.28,0.0081,35981
1116,165,-21.045,0,10,72,1,0,0,0.279,0.0081,36146
1117,199,-18.663,1,13,49,1,0,0,0.278,0.0081,36345
1118,77,-13.441,2,8,16,1,0,0,0.278,0.0081,36422
1119,400,-8.576,5,24,82,0,0,1,0.277,0.0081,36822
1120,115,-12.22,2,8,26,1,0,0,0.276,0.0081,36937
1121,68,-11.334,0,9,11,1,0,0,0.276,0.0081,37005
1122,106,-8.011,4,21,16,1,0,0,0.275,0.008,37111
1123,75,-13.088,0,14,19,1,0,0,0.274,0.008,37186
1124,103,-16.55,0,9,19,1,0,0,0.274,0.008,37289
1125,282,-21.005,4,17,73,1,0,0,0.273,0.008,37571
1126,54,-13.957,0,8,11,1,0,0,0.272,0.008,37625
1127,165,-9.21,5,31,42,1,0,0,0.272,0.008,37790
1128,135,-12.901,1,10,37,1,0,0,0.271,0.008,37925
1129,81,-13.547,1,9,15,1,0,0,0.271,0.008,38006
1130,68,-10.668,0,8,10,1,0,0,0.27,0.008,38074
1131,176,-16.251,2,17,48,1,0,0,0.269,0.0079,38250
1132,24,-14.153,0,3,9,1,0,0,0.269,0.0079,38274
1133,86,-12.198,0,9,23,1,0,0,0.268,0.0079,38360
1134,42,-11.011,0,2,5,1,0,0,0.267,0.0079,38402
1135,121,-13.0,1,11,42,1,0,0,0.267,0.0079,38523
1136,70,-14.327,0,9,18,1,0,0,0.266,0.0079,38593
1137,85,-12.293,0,5,12,1,0,0,0.265,0.0079,38678
1138,245,-17.439,5,17,77,1,0,0,0.265,0.0079,38923
1139,192,-18.344,2,15,50,1,0,0,0.264,0.0079,39115
1140,42,-12.79,0,5,5,1,0,0,0.263,0.0079,39157
1141,7,-9.499,0,2,0,1,0,0,0.263,0.0078,39164
1142,155,-18.154,2,9,34,1,0,0,0.262,0.0078,39319
1143,103,-17.073,1,8,51,1,0,0,0.262,0.0078,39422
1144,162,-20.382,0,15,70,1,0,0,0.261,0.0078,39584
1145,62,-11.209,0,4,10,1,0,0,0.26,0.0078,39646
1146,77,-11.865,1,5,12,1,0,0,0.26,0.0078,39723
1147,175,-17.232,2,9,33,1,0,0,0.259,0.0078,39898
1148,38,-15.114,0,4,6,1,0,0,0.258,0.0078,39936
1149,138,-18.431,0,8,24,1,0,0,0.258,0.0078,40074
1150,109,-7.634,4,25,30,1,0,0,0.257,0.0077,40183
1151,44,-13.46,0,8,14,1,0,0,0.256,0.0077,40227
1152,43,-14.33,0,5,6,1,0,0,0.256,0.0077,40270
1153,271,-17.292,5,24,66,1,0,0,0.255,0.0077,40541
1154,47,-11.605,0,5,10,1,0,0,0.254,0.0077,40588
1155,118,-12.889,3,12,33,1,0,0,0.254,0.0077,40706
1156,104,-14.057,3,12,28,1,0,0,0.253,0.0077,40810
1157,33,-10.939,0,5,6,1,0,0,0.252,0.0077,40843
1158,96,-16.48,1,9,32,1,0,0,0.252,0.0077,40939
1159,47,-14.021,0,6,9,1,0,0,0.251,0.0076,40986
1160,12,-9.311,0,2,0,1,0,0,0.251,0.0076,40998
1161,14,-13.486,0,3,0,1,0,0,0.25,0.0076,41012
1162,214,-16.787,1,13,49,1,0,0,0.249,0.0076,41226
1163,143,-16.315,1,15,61,1,0,0,0.249,0.0076,41369
1164,106,-11.495,3,12,14,1,0,0,0.248,0.0076,41475
1165,15,-10.045,0,3,2,1,0,0,0.247,0.0076,41490
1166,115,-14.848,1,12,27,1,0,0,0.247,0.0076,41605
1167,93,-13.003,0,7,19,1,0,0,0.246,0.0076,41698
1168,304,-20.04,2,15,84,1,0,0,0.245,0.0076,42002
1169,202,-17.021,1,13,56,1,0,0,0.245,0.0075,42204
1170,202,-18.431,3,13,73,1,0,0,0.244,0.0075,42406
1171,103,-11.424,1,12,21,1,0,0,0.243,0.0075,42509
1172,137,-12.667,3,17,36,1,0,0,0.243,0.0075,42646
1173,400,-9.54,6,24,101,0,0,1,0.242,0.0075,43046
1174,116,-9.913,2,10,30,1,0,0,0.241,0.0075,43162
1175,65,-14.129,0,4,8,1,0,0,0.241,0.0075,43227
1176,5,-13.842,0,2,1,1,0,0,0.24,0.0075,43232
1177,15,-13.761,0,3,3,1,0,0,0.24,0.0075,43247
1178,137,-13.145,2,12,36,1,0,0,0.239,0.0074,43384
1179,34,-9.579,0,7,10,1,0,0,0.238,0.0074,43418
1180,73,-14.347,0,5,13,1,0,0,0.238,0.0074,43491
1181,106,-16.382,0,7,15,1,0,0,0.237,0.0074,43597
1182,92,-16.637,0,7,30,1,0,0,0.236,0.0074,43689
1183,273,-27.829,2,10,99,1,0,0,0.236,0.0074,43962
1184,154,-12.738,3,16,25,1,0,0,0.235,0.0074,44116
1185,247,-10.703,10,26,68,1,0,0,0.234,0.0074,44363
1186,73,-14.821,0,6,10,1,0,0,0.234,0.0074,44436
1187,80,-14.63,0,7,15,1,0,0,0.233,0.0073,44516
1188,366,-27.655,2,21,91,1,0,0,0.232,0.0073,44882
1189,38,-11.344,0,1,9,1,0,0,0.232,0.0073,44920
1190,253,-20.634,3,24,60,1,0,0,0.231,0.0073,45173
1191,43,-13.306,0,5,6,1,0,0,0.23,0.0073,45216
1192,126,-17.154,1,6,32,1,0,0,0.23,0.0073,45342
1193,258,-17.397,5,20,61,1,0,0,0.229,0.0073,45600
1194,253,-21.098,2,13,57,1,0,0,0.229,0.0073,45853
1195,71,-12.122,0,3,8,1,0,0,0.228,0.0073,45924
1196,105,-16.563,0,8,21,1,0,0,0.227,0.0073,46029
1197,233,-12.734,7,25,60,1,0,0,0.227,0.0072,46262
1198,14,-12.521,0,3,3,1,0,0,0.226,0.0072,46276
1199,73,-15.12,0,4,19,1,0,0,0.225,0.0072,46349
1200,8,-9.871,0,2,2,1,0,0,0.225,0.0072,46357
1201,13,-9.487,0,3,3,1,0,0,0.224,0.0072,46370
1202,224,-16.17,3,13,72,1,0,0,0.223,0.0072,46594
1203,110,-17.475,0,5,25,1,0,0,0.223,0.0072,46704
1204,68,-13.852,0,7,8,1,0,0,0.222,0.0072,46772
1205,308,-22.514,1,13,57,1,0,0,0.221,0.0072,47080
1206,136,-16.951,1,7,23,1,0,0,0.221,0.0071,47216
1207,33,-13.224,0,2,2,1,0,0,0.22,0.0071,47249
1208,278,-21.923,2,17,101,1,0,0,0.219,0.0071,47527
1209,243,-17.002,4,7,69,1,0,0,0.219,0.0071,47770
1210,395,-27.924,1,21,99,1,0,0,0.218,0.0071,48165
1211,95,-15.152,0,8,28,1,0,0,0.218,0.0071,48260
1212,28,-13.495,0,5,11,1,0,0,0.217,0.0071,48288
1213,41,-13.248,1,4,17,1,0,0,0.216,0.0071,48329
1214,106,-14.283,0,4,21,1,0,0,0.216,0.0071,48435
1215,172,-18.824,2,13,52,1,0,0,0.215,0.0071,48607
1216,217,-19.009,2,10,43,1,0,0,0.214,0.007,48824
1217,400,-12.322,4,25,114,0,0,1,0.214,0.007,49224
1218,51,-13.871,0,6,8,1,0,0,0.213,0.007,49275
1219,77,-11.964,2,11,22,1,0,0,0.212,0.007,49352
1220,123,-17.38,0,9,30,1,0,0,0.212,0.007,49475
1221,205,-15.123,3,23,48,1,0,0,0.211,0.007,49680
1222,64,-12.893,1,8,12,1,0,0,0.21,0.007,49744
1223,106,-12.543,0,6,12,1,0,0,0.21,0.007,49850
1224,400,-16.433,3,18,102,0,0,1,0.209,0.007,50250
1225,76,-12.858,0,8,20,1,0,0,0.208,0.0069,50326
1226,78,-13.353,0,9,13,1,0,0,0.208,0.0069,50404
1227,400,-17.181,3,17,127,0,0,1,0.207,0.0069,50804
1228,11,-9.176,0,3,0,1,0,0,0.207,0.0069,50815
1229,375,-24.292,4,23,97,1,0,0,0.206,0.0069,51190
1230,185,-15.391,1,10,31,1,0,0,0.205,0.0069,51375
1231,130,-15.219,2,8,38,1,0,0,0.205,0.0069,51505
1232,22,-10.876,1,5,6,1,0,0,0.204,0.0069,51527
1233,56,-15.018,0,6,17,1,0,0,0.203,0.0069,51583
1234,87,-13.545,1,7,31,1,0,0,0.203,0.0068,51670
1235,135,-19.025,0,10,35,1,0,0,0.202,0.0068,51805
1236,400,-18.697,0,15,102,0,0,1,0.201,0.0068,52205
1237,79,-15.465,0,6,32,1,0,0,0.201,0.0068,52284
1238,197,-16.934,4,11,57,1,0,0,0.2,0.0068,52481
1239,118,-17.255,2,7,32,1,0,0,0.199,0.0068,52599
1240,38,-14.634,0,3,5,1,0,0,0.199,0.0068,52637
1241,47,-11.367,0,2,4,1,0,0,0.198,0.0068,52684
1242,149,-18.253,0,11,47,1,0,0,0.197,0.0068,52833
1243,112,-15.145,1,9,49,1,0,0,0.197,0.0068,52945
1244,103,-13.332,0,6,17,1,0,0,0.196,0.0067,53048
1245,288,-24.52,2,11,94,1,0,0,0.196,0.0067,53336
1246,110,-15.195,1,10,27,1,0,0,0.195,0.0067,53446
1247,224,-18.366,2,12,41,1,0,0,0.194,0.0067,53670
1248,166,-16.634,1,9,36,1,0,0,0.194,0.0067,53836
1249,122,-13.539,1,9,34,1,0,0,0.193,0.0067,53958
1250,400,-14.825,3,20,102,0,0,1,0.192,0.0067,54358
1251,87,-11.611,1,7,33,1,0,0,0.192,0.0067,54445
1252,47,-14.441,0,2,5,1,0,0,0.191,0.0067,54492
1253,111,-11.247,2,8,26,1,0,0,0.19,0.0066,54603
1254,400,-13.724,3,18,90,0,0,1,0.19,0.0066,55003
1255,172,-16.359,4,13,59,1,0,0,0.189,0.0066,55175
1256,222,-17.645,0,9,41,1,0,0,0.188,0.0066,55397
1257,142,-17.309,1,9,23,1,0,0,0.188,0.0066,55539
1258,223,-20.39,2,10,45,1,0,0,0.187,0.0066,55762
1259,167,-15.392,2,15,29,1,0,0,0.186,0.0066,55929
1260,400,-19.538,2,16,136,0,0,1,0.186,0.0066,56329
1261,29,-14.281,0,3,4,1,0,0,0.185,0.0066,56358
1262,400,-12.518,3,23,68,0,0,1,0.185,0.0065,56758
1263,22,-13.081,0,2,4,1,0,0,0.184,0.0065,56780
1264,400,-10.458,3,27,86,0,0,1,0.183,0.0065,57180
1265,400,-9.749,5,20,127,0,0,1,0.183,0.0065,57580
1266,136,-14.871,3,11,35,1,0,0,0.182,0.0065,57716
1267,151,-13.243,1,14,41,1,0,0,0.181,0.0065,57867
1268,376,-17.667,5,26,69,1,0,0,0.181,0.0065,58243
1269,64,-11.147,0,3,3,1,0,0,0.18,0.0065,58307
1270,132,-17.69,0,9,35,1,0,0,0.179,0.0065,58439
1271,400,-16.491,1,9,91,0,0,1,0.179,0.0065,58839
1272,189,-19.053,2,7,41,1,0,0,0.178,0.0064,59028
1273,150,-12.759,3,15,32,1,0,0,0.177,0.0064,59178
1274,224,-19.377,1,8,32,1,0,0,0.177,0.0064,59402
1275,206,-18.262,2,19,67,1,0,0,0.176,0.0064,59608
1276,400,-14.783,4,17,96,0,0,1,0.176,0.0064,60008
1277,400,-12.854,2,15,50,0,0,1,0.175,0.0064,60408
1278,112,-13.954,0,12,9,1,0,0,0.174,0.0064,60520
1279,118,-13.942,2,11,21,1,0,0,0.174,0.0064,60638
1280,16,-12.123,0,6,6,1,0,0,0.173,0.0064,60654
1281,45,-14.64,0,4,4,1,0,0,0.172,0.0063,60699
1282,26,-8.33,0,7,1,1,0,0,0.172,0.0063,60725
1283,400,-6.879,5,30,88,0,0,1,0.171,0.0063,61125
1284,11,-9.72,0,2,1,1,0,0,0.17,0.0063,61136
1285,21,-9.472,0,4,1,1,0,0,0.17,0.0063,61157
1286,214,-22.083,0,10,45,1,0,0,0.169,0.0063,61371
1287,400,-12.8,2,18,34,0,0,1,0.168,0.0063,61771
1288,99,-16.409,0,5,18,1,0,0,0.168,0.0063,61870
1289,244,-25.909,1,7,62,1,0,0,0.167,0.0063,62114
1290,400,-14.848,0,6,52,0,0,1,0.166,0.0063,62514
1291,380,-25.996,6,20,139,1,0,0,0.166,0.0062,62894
1292,60,-12.465,1,9,9,1,0,0,0.165,0.0062,62954
1293,304,-20.634,1,20,47,1,0,0,0.165,0.0062,63258
1294,201,-19.456,2,11,51,1,0,0,0.164,0.0062,63459
1295,289,-17.144,3,25,54,1,0,0,0.163,0.0062,63748
1296,141,-15.814,1,10,15,1,0,0,0.163,0.0062,63889
1297,128,-11.525,1,11,23,1,0,0,0.162,0.0062,64017
1298,69,-12.038,0,5,8,1,0,0,0.161,0.0062,64086
1299,151,-10.988,5,17,68,1,0,0,0.161,0.0062,64237
1300,367,-28.941,1,9,95,1,0,0,0.16,0.0061,64604
1301,165,-20.163,1,5,30,1,0,0,0.159,0.0061,64769
1302,62,-13.093,0,6,7,1,0,0,0.159,0.0061,64831
1303,236,-18.444,2,16,56,1,0,0,0.158,0.0061,65067
1304,54,-10.926,0,14,11,1,0,0,0.157,0.0061,65121
1305,103,-15.412,0,6,18,1,0,0,0.157,0.0061,65224
1306,202,-13.115,1,19,32,1,0,0,0.156,0.0061,65426
1307,248,-15.881,3,19,30,1,0,0,0.155,0.0061,65674
1308,125,-15.227,0,4,34,1,0,0,0.155,0.0061,65799
1309,61,-14.105,0,6,20,1,0,0,0.154,0.006,65860
1310,104,-15.298,0,5,9,1,0,0,0.154,0.006,65964
1311,30,-10.294,0,6,4,1,0,0,0.153,0.006,65994
1312,86,-15.765,0,4,9,1,0,0,0.152,0.006,66080
1313,99,-15.691,0,5,30,1,0,0,0.152,0.006,66179
1314,132,-13.721,3,11,27,1,0,0,0.151,0.006,66311
1315,374,-11.694,10,21,93,1,0,0,0.15,0.006,66685
1316,111,-15.432,1,8,27,1,0,0,0.15,0.006,66796
1317,338,-20.619,2,8,29,1,0,0,0.149,0.006,67134
1318,316,-20.057,5,18,61,1,0,0,0.148,0.006,67450
1319,165,-14.997,2,10,42,1,0,0,0.148,0.0059,67615
1320,123,-12.794,0,7,18,1,0,0,0.147,0.0059,67738
1321,29,-10.197,0,3,0,1,0,0,0.146,0.0059,67767
1322,73,-13.112,1,4,10,1,0,0,0.146,0.0059,67840
1323,400,-16.898,2,18,125,0,0,1,0.145,0.0059,68240
1324,65,-11.068,0,5,12,1,0,0,0.144,0.0059,68305
1325,34,-13.936,0,4,0,1,0,0,0.144,0.0059,68339
1326,275,-18.252,3,24,80,1,0,0,0.143,0.0059,68614
1327,155,-18.005,1,12,46,1,0,0,0.143,0.0059,68769
1328,129,-12.842,0,8,8,1,0,0,0.142,0.0058,68898
1329,400,-8.374,5,35,73,0,0,1,0.141,0.0058,69298
1330,256,-18.782,2,13,79,1,0,0,0.141,0.0058,69554
1331,380,-23.215,3,13,77,1,0,0,0.14,0.0058,69934
1332,400,-10.992,5,21,78,0,0,1,0.139,0.0058,70334
1333,85,-15.023,1,7,32,1,0,0,0.139,0.0058,70419
1334,387,-23.707,2,25,119,1,0,0,0.138,0.0058,70806
1335,400,-10.724,2,12,55,0,0,1,0.137,0.0058,71206
1336,347,-20.551,5,22,116,1,0,0,0.137,0.0058,71553
1337,400,-8.942,6,35,64,0,0,1,0.136,0.0057,71953
1338,190,-16.095,2,15,22,1,0,0,0.135,0.0057,72143
1339,400,-12.642,4,10,78,0,0,1,0.135,0.0057,72543
1340,400,-10.276,5,20,113,0,0,1,0.134,0.0057,72943
1341,400,-8.971,5,16,62,0,0,1,0.133,0.0057,73343
1342,53,-10.862,0,6,7,1,0,0,0.133,0.0057,73396
1343,254,-20.003,2,18,78,1,0,0,0.132,0.0057,73650
1344,400,-4.022,8,36,88,0,0,1,0.132,0.0057,74050
1345,145,-15.68,1,10,25,1,0,0,0.131,0.0057,74195
1346,276,-23.318,1,12,38,1,0,0,0.13,0.0057,74471
1347,182,-10.624,4,10,22,1,0,0,0.13,0.0056,74653
1348,400,-12.889,3,13,74,0,0,1,0.129,0.0056,75053
1349,5,-13.255,0,2,0,1,0,0,0.128,0.0056,75058
1350,400,-6.645,6,26,74,0,0,1,0.128,0.0056,75458
1351,315,-16.318,4,20,63,1,0,0,0.127,0.0056,75773
1352,266,-21.627,1,10,21,1,0,0,0.126,0.0056,76039
1353,295,-15.551,2,25,40,1,0,0,0.126,0.0056,76334
1354,400,-1.633,8,41,22,0,0,1,0.125,0.0056,76734
1355,76,-12.164,0,3,6,1,0,0,0.124,0.0056,76810
1356,323,-20.276,4,25,92,1,0,0,0.124,0.0055,77133
1357,5,-12.962,0,4,0,1,0,0,0.123,0.0055,77138
1358,332,-21.879,2,15,43,1,0,0,0.122,0.0055,77470
1359,400,-12.722,4,12,60,0,0,1,0.122,0.0055,77870
1360,63,-12.827,1,6,10,1,0,0,0.121,0.0055,77933
1361,400,-11.028,3,14,56,0,0,1,0.121,0.0055,78333
1362,400,-20.099,0,12,148,0,0,1,0.12,0.0055,78733
1363,400,-11.75,3,36,95,0,0,1,0.119,0.0055,79133
1364,154,-16.163,0,5,24,1,0,0,0.119,0.0055,79287
1365,189,-17.203,1,5,8,1,0,0,0.118,0.0055,79476
1366,86,-11.819,2,9,5,1,0,0,0.117,0.0054,79562
1367,217,-19.175,1,15,33,1,0,0,0.117,0.0054,79779
1368,153,-17.315,0,11,25,1,0,0,0.116,0.0054,79932
1369,16,-13.511,0,4,1,1,0,0,0.115,0.0054,79948
1370,400,-12.774,2,9,40,0,0,1,0.115,0.0054,80348
1371,400,-11.809,3,10,39,0,0,1,0.114,0.0054,80748
1372,400,-14.152,0,3,40,0,0,1,0.113,0.0054,81148
1373,400,-1.332,9,26,38,0,0,1,0.113,0.0054,81548
1374,400,-4.883,8,23,98,0,0,1,0.112,0.0054,81948
1375,380,-16.241,4,18,25,1,0,0,0.111,0.0053,82328
1376,128,-11.672,1,9,10,1,0,0,0.111,0.0053,82456
1377,120,-10.463,3,11,26,1,0,0,0.11,0.0053,82576
1378,293,-19.158,3,16,47,1,0,0,0.11,0.0053,82869
1379,69,-14.504,0,7,22,1,0,0,0.109,0.0053,82938
1380,74,-13.467,0,8,6,1,0,0,0.108,0.0053,83012
1381,400,-8.019,4,32,62,0,0,1,0.108,0.0053,83412
1382,378,-20.903,4,27,74,1,0,0,0.107,0.0053,83790
1383,400,-8.061,4,20,80,0,0,1,0.106,0.0053,84190
1384,400,-1.532,7,23,20,0,0,1,0.106,0.0052,84590
1385,400,-10.924,3,12,39,0,0,1,0.105,0.0052,84990
1386,400,-7.223,5,17,46,0,0,1,0.104,0.0052,85390
1387,400,-9.046,4,17,31,0,0,1,0.104,0.0052,85790
1388,400,-3.201,8,29,68,0,0,1,0.103,0.0052,86190
1389,400,-10.232,5,24,141,0,0,1,0.102,0.0052,86590
1390,91,-16.266,0,5,18,1,0,0,0.102,0.0052,86681
1391,32,-14.087,0,3,0,1,0,0,0.101,0.0052,86713
1392,356,-24.129,0,8,25,1,0,0,0.1,0.0052,87069
1393,400,-11.765,1,19,32,0,0,1,0.1,0.0052,87469
1394,400,-9.919,6,19,60,0,0,1,0.099,0.0051,87869
1395,307,-5.479,10,40,53,1,0,0,0.099,0.0051,88176
1396,351,-20.137,0,14,31,1,0,0,0.098,0.0051,88527
1397,9,-13.142,0,4,0,1,0,0,0.097,0.0051,88536
1398,256,-19.398,0,5,37,1,0,0,0.097,0.0051,88792
1399,104,-15.673,1,10,19,1,0,0,0.096,0.0051,88896
1400,104,-12.659,0,3,5,1,0,0,0.095,0.0051,89000
1401,400,-10.724,2,15,48,0,0,1,0.095,0.0051,89400
1402,298,-15.953,3,10,15,1,0,0,0.094,0.0051,89698
1403,400,-5.009,6,31,42,0,0,1,0.093,0.005,90098
1404,400,-13.253,1,11,18,0,0,1,0.093,0.005,90498
1405,400,-9.583,2,12,24,0,0,1,0.092,0.005,90898
1406,242,-21.577,1,6,23,1,0,0,0.091,0.005,91140
1407,400,-13.479,0,10,38,0,0,1,0.091,0.005,91540
1408,400,-9.568,2,14,32,0,0,1,0.09,0.005,91940
1409,101,-16.475,0,3,12,1,0,0,0.089,0.005,92041
1410,400,-11.246,1,16,25,0,0,1,0.089,0.005,92441
1411,400,-11.155,4,21,108,0,0,1,0.088,0.005,92841
1412,400,-4.405,6,20,26,0,0,1,0.088,0.0049,93241
1413,228,-14.504,4,20,22,1,0,0,0.087,0.0049,93469
1414,400,-12.331,4,17,64,0,0,1,0.086,0.0049,93869
1415,113,-14.147,2,10,13,1,0,0,0.086,0.0049,93982
1416,400,-9.875,2,16,54,0,0,1,0.085,0.0049,94382
1417,400,0.4,10,38,66,0,0,1,0.084,0.0049,94782
1418,334,-21.447,3,18,45,1,0,0,0.084,0.0049,95116
1419,400,-5.368,6,24,57,0,0,1,0.083,0.0049,95516
1420,400,-9.837,4,17,56,0,0,1,0.082,0.0049,95916
1421,400,-9.411,2,14,33,0,0,1,0.082,0.0049,96316
1422,400,-14.654,0,7,21,0,0,1,0.081,0.0048,96716
1423,400,-9.441,3,24,61,0,0,1,0.08,0.0048,97116
1424,42,-14.02,0,5,14,1,0,0,0.08,0.0048,97158
1425,400,-12.685,2,13,63,0,0,1,0.079,0.0048,97558
1426,400,-3.586,7,31,45,0,0,1,0.079,0.0048,97958
1427,400,-13.615,0,2,11,0,0,1,0.078,0.0048,98358
1428,400,-11.662,3,8,22,0,0,1,0.077,0.0048,98758
1429,400,-3.247,6,46,56,0,0,1,0.077,0.0048,99158
1430,400,-10.313,2,11,50,0,0,1,0.076,0.0048,99558
1431,400,-8.083,5,32,48,0,0,1,0.075,0.0047,99958
1432,323,-21.779,0,10,5,1,0,0,0.075,0.0047,100281
1433,278,-16.703,4,11,20,1,0,0,0.074,0.0047,100559
1434,400,-10.838,2,12,33,0,0,1,0.073,0.0047,100959
1435,400,-8.735,4,24,53,0,0,1,0.073,0.0047,101359
1436,16,-13.639,0,2,0,1,0,0,0.072,0.0047,101375
1437,400,-7.581,3,18,28,0,0,1,0.071,0.0047,101775
1438,400,-7.232,5,16,37,0,0,1,0.071,0.0047,102175
1439,400,-7.7,5,26,74,0,0,1,0.07,0.0047,102575
1440,209,-21.13,0,2,10,1,0,0,0.069,0.0047,102784
1441,400,-11.215,2,8,20,0,0,1,0.069,0.0046,103184
1442,74,-13.113,1,4,8,1,0,0,0.068,0.0046,103258
1443,151,-15.903,1,5,11,1,0,0,0.068,0.0046,103409
1444,400,-7.921,5,15,27,0,0,1,0.067,0.0046,103809
1445,400,-5.999,5,22,20,0,0,1,0.066,0.0046,104209
1446,400,-8.167,4,18,32,0,0,1,0.066,0.0046,104609
1447,400,0.604,9,47,68,0,0,1,0.065,0.0046,105009
1448,400,-11.163,1,13,11,0,0,1,0.064,0.0046,105409
1449,400,-12.534,2,8,34,0,0,1,0.064,0.0046,105809
1450,400,-8.047,4,14,26,0,0,1,0.063,0.0045,106209
1451,400,-8.331,4,19,39,0,0,1,0.062,0.0045,106609
1452,96,-11.151,0,8,5,1,0,0,0.062,0.0045,106705
1453,237,-19.267,1,9,25,1,0,0,0.061,0.0045,106942
1454,400,-4.536,4,22,31,0,0,1,0.06,0.0045,107342
1455,400,-19.925,1,8,103,0,0,1,0.06,0.0045,107742
1456,400,-12.386,1,7,34,0,0,1,0.059,0.0045,108142
1457,400,3.239,9,39,33,0,0,1,0.058,0.0045,108542
1458,400,-11.327,2,16,39,0,0,1,0.058,0.0045,108942
1459,400,-11.83,1,10,43,0,0,1,0.057,0.0044,109342
1460,400,-10.8,3,12,55,0,0,1,0.057,0.0044,109742
1461,400,-13.971,0,7,19,0,0,1,0.056,0.0044,110142
1462,400,-14.118,1,5,13,0,0,1,0.055,0.0044,110542
1463,400,-8.8,4,11,12,0,0,1,0.055,0.0044,110942
1464,400,-12.34,0,8,36,0,0,1,0.054,0.0044,111342
1465,400,-14.722,1,5,30,0,0,1,0.053,0.0044,111742
1466,400,-11.362,3,13,75,0,0,1,0.053,0.0044,112142
1467,195,-11.424,3,10,10,1,0,0,0.052,0.0044,112337
1468,400,-13.812,0,5,27,0,0,1,0.051,0.0044,112737
1469,400,-12.81,0,5,7,0,0,1,0.051,0.0043,113137
1470,400,-13.214,0,5,19,0,0,1,0.05,0.0043,113537
1471,181,-15.848,0,3,6,1,0,0,0.049,0.0043,113718
1472,400,-10.189,1,12,19,0,0,1,0.049,0.0043,114118
1473,246,-20.756,0,8,8,1,0,0,0.048,0.0043,114364
1474,16,-13.481,0,4,0,1,0,0,0.047,0.0043,114380
1475,400,-7.434,4,20,67,0,0,1,0.047,0.0043,114780
1476,400,-4.19,8,19,70,0,0,1,0.046,0.0043,115180
1477,400,-9.53,3,10,21,0,0,1,0.046,0.0043,115580
1478,400,-6.796,4,16,29,0,0,1,0.045,0.0042,115980
1479,71,-13.201,0,7,7,1,0,0,0.044,0.0042,116051
1480,400,-13.501,0,0,4,0,0,1,0.044,0.0042,116451
1481,211,-14.922,1,6,9,1,0,0,0.043,0.0042,116662
1482,54,-15.268,0,2,5,1,0,0,0.042,0.0042,116716
1483,400,-7.352,5,17,37,0,0,1,0.042,0.0042,117116
1484,400,-12.717,1,6,9,0,0,1,0.041,0.0042,117516
1485,400,-15.298,0,3,36,0,0,1,0.04,0.0042,117916
1486,158,-17.463,0,2,5,1,0,0,0.04,0.0042,118074
1487,400,-7.025,4,13,6,0,0,1,0.039,0.0041,118474
1488,400,-10.966,3,11,37,0,0,1,0.038,0.0041,118874
1489,400,-5.992,7,20,66,0,0,1,0.038,0.0041,119274
1490,400,-14.04,1,4,62,0,0,1,0.037,0.0041,119674
1491,400,-10.557,3,14,23,0,0,1,0.036,0.0041,120074
1492,400,-12.026,2,9,14,0,0,1,0.036,0.0041,120474
1493,400,-13.216,0,2,9,0,0,1,0.035,0.0041,120874
1494,400,-8.874,3,15,49,0,0,1,0.035,0.0041,121274
1495,400,-0.601,10,52,117,0,0,1,0.034,0.0041,121674
1496,400,-13.479,0,7,16,0,0,1,0.033,0.0041,122074
1497,400,-11.082,2,15,25,0,0,1,0.033,0.004,122474
1498,400,-13.694,0,0,4,0,0,1,0.032,0.004,122874
1499,400,-14.132,0,0,10,0,0,1,0.031,0.004,123274
1500,400,-16.428,0,6,4,0,0,1,0.031,0.004,123674
1501,400,-2.373,7,29,56,0,0,1,0.03,0.004,124074
1502,400,-7.579,4,16,25,0,0,1,0.03,0.004,124474
1503,400,-13.15,0,3,6,0,0,1,0.03,0.004,124874
1504,400,-13.452,0,2,6,0,0,1,0.03,0.004,125274
1505,400,-15.984,1,10,45,0,0,1,0.03,0.004,125674
1506,400,-12.126,1,3,13,0,0,1,0.03,0.004,126074
1507,400,-9.456,4,12,41,0,0,1,0.03,0.004,126474
1508,400,-12.894,0,3,4,0,0,1,0.03,0.004,126874
1509,400,-12.466,1,3,13,0,0,1,0.03,0.004,127274
1510,400,-10.607,2,9,14,0,0,1,0.03,0.004,127674
1511,234,-21.315,0,3,3,1,0,0,0.03,0.004,127908
1512,400,-5.257,4,15,13,0,0,1,0.03,0.004,128308
1513,400,-5.523,3,25,54,0,0,1,0.03,0.004,128708
1514,400,-11.72,1,6,12,0,0,1,0.03,0.004,129108
1515,400,-14.797,0,2,3,0,0,1,0.03,0.004,129508
1516,400,-10.069,2,13,20,0,0,1,0.03,0.004,129908
1517,400,-13.626,0,0,5,0,0,1,0.03,0.004,130308
1518,400,-14.629,0,2,4,0,0,1,0.03,0.004,130708
1519,393,-23.703,1,17,26,1,0,0,0.03,0.004,131101
1520,400,-12.204,1,7,18,0,0,1,0.03,0.004,131501
1521,400,-7.33,2,16,13,0,0,1,0.03,0.004,131901
1522,400,-12.396,1,8,12,0,0,1,0.03,0.004,132301
1523,133,-11.662,3,14,24,1,0,0,0.03,0.004,132434
1524,58,-9.817,0,8,3,1,0,0,0.03,0.004,132492
1525,9,-13.611,0,3,4,1,0,0,0.03,0.004,132501
1526,400,-9.558,4,14,23,0,0,1,0.03,0.004,132901
1527,84,-16.01,0,2,0,1,0,0,0.03,0.004,132985
1528,400,-14.335,0,0,11,0,0,1,0.03,0.004,133385
1529,400,-10.465,2,7,11,0,0,1,0.03,0.004,133785
1530,400,-11.092,1,6,6,0,0,1,0.03,0.004,134185
1531,157,-18.422,0,3,1,1,0,0,0.03,0.004,134342
1532,400,-13.31,1,2,26,0,0,1,0.03,0.004,134742
1533,400,-14.879,0,3,8,0,0,1,0.03,0.004,135142
1534,400,-13.964,0,0,7,0,0,1,0.03,0.004,135542
1535,400,-13.751,0,0,5,0,0,1,0.03,0.004,135942
1536,400,-14.554,0,2,23,0,0,1,0.03,0.004,136342
1537,400,-9.411,3,11,12,0,0,1,0.03,0.004,136742
1538,400,-11.091,2,7,5,0,0,1,0.03,0.004,137142
1539,400,-11.335,0,9,2,0,0,1,0.03,0.004,137542
1540,400,-13.388,4,16,132,0,0,1,0.03,0.004,137942
1541,400,-13.051,1,4,38,0,0,1,0.03,0.004,138342
1542,400,-4.439,5,20,36,0,0,1,0.03,0.004,138742
1543,400,-13.612,0,0,4,0,0,1,0.03,0.004,139142
1544,203,-4.973,8,17,24,1,0,0,0.03,0.004,139345
1545,400,-11.222,2,12,32,0,0,1,0.03,0.004,139745
1546,91,-16.23,0,3,1,1,0,0,0.03,0.004,139836
1547,16,-13.581,0,3,0,1,0,0,0.03,0.004,139852
1548,400,-8.227,3,15,25,0,0,1,0.03,0.004,140252
1549,400,-10.619,1,8,5,0,0,1,0.03,0.004,140652
1550,400,-7.538,2,14,11,0,0,1,0.03,0.004,141052
1551,400,-6.906,2,18,20,0,0,1,0.03,0.004,141452
1552,400,-7.054,4,35,57,0,0,1,0.03,0.004,141852
1553,400,-13.336,0,2,7,0,0,1,0.03,0.004,142252
1554,400,-19.145,0,5,72,0,0,1,0.03,0.004,142652
1555,5,-13.112,0,3,0,1,0,0,0.03,0.004,142657
1556,400,-12.946,0,6,10,0,0,1,0.03,0.004,143057
1557,10,-13.676,0,4,5,1,0,0,0.03,0.004,143067
1558,400,-5.673,5,28,47,0,0,1,0.03,0.004,143467
1559,48,-7.118,1,11,4,1,0,0,0.03,0.004,143515
1560,400,-12.376,1,3,9,0,0,1,0.03,0.004,143915
1561,400,-10.521,1,10,3,0,0,1,0.03,0.004,144315
1562,33,-14.113,0,4,0,1,0,0,0.03,0.004,144348
1563,400,-10.812,2,6,28,0,0,1,0.03,0.004,144748
1564,400,-3.448,7,30,29,0,0,1,0.03,0.004,145148
1565,400,-10.667,1,6,13,0,0,1,0.03,0.004,145548
1566,400,-7.828,4,13,23,0,0,1,0.03,0.004,145948
1567,400,-11.261,1,12,22,0,0,1,0.03,0.004,146348
1568,400,-13.565,0,3,8,0,0,1,0.03,0.004,146748
1569,400,-10.266,1,14,22,0,0,1,0.03,0.004,147148
1570,400,-14.091,0,0,11,0,0,1,0.03,0.004,147548
1571,400,-13.144,1,21,46,0,0,1,0.03,0.004,147948
1572,400,-13.65,0,3,3,0,0,1,0.03,0.004,148348
1573,400,-14.284,0,5,23,0,0,1,0.03,0.004,148748
1574,133,-17.879,0,3,3,1,0,0,0.03,0.004,148881
1575,400,-6.686,5,14,22,0,0,1,0.03,0.004,149281
1576,90,-8.963,2,12,26,1,0,0,0.03,0.004,149371
1577,400,-10.519,2,8,8,0,0,1,0.03,0.004,149771
1578,400,1.314,9,40,59,0,0,1,0.03,0.004,150171
1579,400,-12.418,1,6,3,0,0,1,0.03,0.004,150571
1580,400,-11.743,0,9,9,0,0,1,0.03,0.004,150971
1581,400,-9.583,1,9,17,0,0,1,0.03,0.004,151371
1582,400,-14.283,0,0,12,0,0,1,0.03,0.004,151771
1583,400,-9.994,2,16,49,0,0,1,0.03,0.004,152171
1584,400,-14.133,0,0,10,0,0,1,0.03,0.004,152571
1585,400,-13.095,0,3,5,0,0,1,0.03,0.004,152971
1586,400,-9.851,2,12,12,0,0,1,0.03,0.004,153371
1587,400,-13.309,0,4,16,0,0,1,0.03,0.004,153771
1588,400,-12.664,0,5,9,0,0,1,0.03,0.004,154171
1589,52,-14.15,0,5,8,1,0,0,0.03,0.004,154223
1590,400,-5.075,5,15,23,0,0,1,0.03,0.004,154623
1591,400,-7.337,4,31,78,0,0,1,0.03,0.004,155023
1592,400,-14.624,0,4,13,0,0,1,0.03,0.004,155423
1593,400,7.453,15,39,79,0,0,1,0.03,0.004,155823
1594,400,-14.091,0,0,9,0,0,1,0.03,0.004,156223
1595,400,-1.307,6,35,22,0,0,1,0.03,0.004,156623
1596,400,-13.025,0,7,13,0,0,1,0.03,0.004,157023
1597,400,-11.46,2,4,12,0,0,1,0.03,0.004,157423
1598,400,-5.633,4,14,17,0,0,1,0.03,0.004,157823
1599,400,-8.987,3,8,28,0,0,1,0.03,0.004,158223
1600,400,-10.13,1,10,6,0,0,1,0.03,0.004,158623
1601,400,-10.17,1,11,41,0,0,1,0.03,0.004,159023
1602,400,-7.417,4,15,8,0,0,1,0.03,0.004,159423
1603,400,-11.721,1,9,9,0,0,1,0.03,0.004,159823
1604,400,-14.109,0,4,7,0,0,1,0.03,0.004,160223
1605,400,-12.896,0,4,15,0,0,1,0.03,0.004,160623
1606,400,-13.879,1,2,30,0,0,1,0.03,0.004,161023
1607,400,-10.208,1,11,12,0,0,1,0.03,0.004,161423
1608,400,-14.134,0,0,9,0,0,1,0.03,0.004,161823
1609,400,-9.21,5,24,110,0,0,1,0.03,0.004,162223
1610,400,-13.653,0,0,4,0,0,1,0.03,0.004,162623
1611,400,-8.046,3,12,7,0,0,1,0.03,0.004,163023
1612,400,-11.006,2,13,9,0,0,1,0.03,0.004,163423
1613,400,-11.504,0,2,2,0,0,1,0.03,0.004,163823
1614,400,-7.407,4,10,7,0,0,1,0.03,0.004,164223
1615,400,-9.692,2,9,9,0,0,1,0.03,0.004,164623
1616,400,-10.566,2,25,92,0,0,1,0.03,0.004,165023
1617,400,-14.014,0,0,8,0,0,1,0.03,0.004,165423
1618,400,-12.19,2,5,17,0,0,1,0.03,0.004,165823
1619,400,-14.425,0,2,6,0,0,1,0.03,0.004,166223
1620,374,-26.908,0,3,13,1,0,0,0.03,0.004,166597
1621,400,-9.914,3,8,31,0,0,1,0.03,0.004,166997
1622,400,-6.535,6,15,48,0,0,1,0.03,0.004,167397
1623,400,-13.523,0,6,17,0,0,1,0.03,0.004,167797
1624,400,-5.141,3,29,29,0,0,1,0.03,0.004,168197
1625,400,-13.348,1,8,42,0,0,1,0.03,0.004,168597
1626,400,-3.643,5,25,13,0,0,1,0.03,0.004,168997
1627,400,-3.31,6,12,26,0,0,1,0.03,0.004,169397
1628,400,-14.144,1,13,39,0,0,1,0.03,0.004,169797
1629,400,-13.854,0,0,6,0,0,1,0.03,0.004,170197
1630,400,-2.838,6,41,64,0,0,1,0.03,0.004,170597
1631,400,-7.547,3,15,41,0,0,1,0.03,0.004,170997
1632,400,-11.492,1,10,5,0,0,1,0.03,0.004,171397
1633,400,-12.199,3,14,59,0,0,1,0.03,0.004,171797
1634,31,-10.035,0,5,14,1,0,0,0.03,0.004,171828
1635,400,-13.94,0,4,4,0,0,1,0.03,0.004,172228
1636,400,-13.252,0,3,7,0,0,1,0.03,0.004,172628
1637,400,-9.348,3,18,33,0,0,1,0.03,0.004,173028
1638,400,-7.689,3,11,16,0,0,1,0.03,0.004,173428
1639,400,-11.08,2,5,5,0,0,1,0.03,0.004,173828
1640,219,-18.966,0,6,3,1,0,0,0.03,0.004,174047
1641,187,-19.518,0,3,1,1,0,0,0.03,0.004,174234
1642,400,-6.028,5,20,40,0,0,1,0.03,0.004,174634
1643,195,-15.349,1,10,3,1,0,0,0.03,0.004,174829
1644,400,-7.08,9,41,171,0,0,1,0.03,0.004,175229
1645,400,-8.738,2,18,62,0,0,1,0.03,0.004,175629
1646,400,-14.55,0,0,15,0,0,1,0.03,0.004,176029
1647,400,-13.256,0,2,6,0,0,1,0.03,0.004,176429
1648,400,-14.376,0,2,3,0,0,1,0.03,0.004,176829
1649,400,-14.434,0,3,23,0,0,1,0.03,0.004,177229
1650,400,-12.867,0,3,8,0,0,1,0.03,0.004,177629
1651,400,2.68,7,36,8,0,0,1,0.03,0.004,178029
1652,388,-18.446,3,17,20,1,0,0,0.03,0.004,178417
1653,400,-9.305,3,9,22,0,0,1,0.03,0.004,178817
1654,400,-13.222,0,1,4,0,0,1,0.03,0.004,179217
1655,155,-15.232,0,8,4,1,0,0,0.03,0.004,179372
1656,400,-11.397,1,6,23,0,0,1,0.03,0.004,179772
1657,400,-5.623,5,18,28,0,0,1,0.03,0.004,180172
1658,66,-11.241,0,2,1,1,0,0,0.03,0.004,180238
1659,400,-13.974,0,0,7,0,0,1,0.03,0.004,180638
1660,400,-11.307,2,14,35,0,0,1,0.03,0.004,181038
1661,400,-10.895,1,9,12,0,0,1,0.03,0.004,181438
1662,400,-6.025,4,24,37,0,0,1,0.03,0.004,181838
1663,400,-13.653,0,0,4,0,0,1,0.03,0.004,182238
1664,400,-13.854,0,0,6,0,0,1,0.03,0.004,182638
1665,307,-14.418,5,26,82,1,0,0,0.03,0.004,182945
1666,400,-9.777,3,6,6,0,0,1,0.03,0.004,183345
1667,400,-11.977,0,5,5,0,0,1,0.03,0.004,183745
1668,400,-12.519,1,15,45,0,0,1,0.03,0.004,184145
1669,400,-3.258,8,37,143,0,0,1,0.03,0.004,184545
1670,400,-13.455,0,2,9,0,0,1,0.03,0.004,184945
1671,400,-13.508,3,17,145,0,0,1,0.03,0.004,185345
1672,205,-17.687,1,4,8,1,0,0,0.03,0.004,185550
1673,400,-12.752,1,6,23,0,0,1,0.03,0.004,185950
1674,98,-16.57,0,2,1,1,0,0,0.03,0.004,186048
1675,400,-13.197,0,3,6,0,0,1,0.03,0.004,186448
1676,400,-6.715,5,17,47,0,0,1,0.03,0.004,186848
1677,400,-12.855,0,2,2,0,0,1,0.03,0.004,187248
1678,400,-10.551,2,8,9,0,0,1,0.03,0.004,187648
1679,400,-8.215,4,13,30,0,0,1,0.03,0.004,188048
1680,385,-20.078,4,16,40,1,0,0,0.03,0.004,188433
1681,400,-13.7,0,2,9,0,0,1,0.03,0.004,188833
1682,400,-0.856,7,39,21,0,0,1,0.03,0.004,189233
1683,49,-14.661,0,4,0,1,0,0,0.03,0.004,189282
1684,400,-13.974,0,0,7,0,0,1,0.03,0.004,189682
1685,400,-14.075,0,2,7,0,0,1,0.03,0.004,190082
1686,400,-7.178,3,18,28,0,0,1,0.03,0.004,190482
1687,165,-14.122,0,6,17,1,0,0,0.03,0.004,190647
1688,176,-12.92,1,7,3,1,0,0,0.03,0.004,190823
1689,266,-16.681,2,10,11,1,0,0,0.03,0.004,191089
1690,400,-13.556,0,3,11,0,0,1,0.03,0.004,191489
1691,400,-13.687,0,3,2,0,0,1,0.03,0.004,191889
1692,400,-7.297,4,19,50,0,0,1,0.03,0.004,192289
1693,6,-13.169,0,4,1,1,0,0,0.03,0.004,192295
1694,400,-10.479,2,8,23,0,0,1,0.03,0.004,192695
1695,400,-9.886,1,8,7,0,0,1,0.03,0.004,193095
1696,400,-0.751,7,27,68,0,0,1,0.03,0.004,193495
1697,400,-13.734,0,0,4,0,0,1,0.03,0.004,193895
1698,400,-9.629,2,11,13,0,0,1,0.03,0.004,194295
1699,400,-12.957,0,3,3,0,0,1,0.03,0.004,194695
1700,400,-2.447,7,19,82,0,0,1,0.03,0.004,195095
1701,332,-20.613,1,15,12,1,0,0,0.03,0.004,195427
1702,400,-13.095,0,2,5,0,0,1,0.03,0.004,195827
1703,400,-7.703,4,10,16,0,0,1,0.03,0.004,196227
1704,400,0.194,7,23,19,0,0,1,0.03,0.004,196627
1705,296,-13.227,4,21,8,1,0,0,0.03,0.004,196923
1706,222,-12.118,4,20,29,1,0,0,0.03,0.004,197145
1707,400,-14.584,0,5,57,0,0,1,0.03,0.004,197545
1708,400,-17.59,1,21,156,0,0,1,0.03,0.004,197945
1709,400,-7.739,6,18,88,0,0,1,0.03,0.004,198345
1710,80,-15.873,0,2,0,1,0,0,0.03,0.004,198425
1711,370,-18.161,3,22,51,1,0,0,0.03,0.004,198795
1712,400,-15.245,0,6,47,0,0,1,0.03,0.004,199195
1713,400,-12.641,1,3,14,0,0,1,0.03,0.004,199595
1714,400,-11.354,1,13,21,0,0,1,0.03,0.004,199995
1715,400,-8.682,2,16,38,0,0,1,0.03,0.004,200000
1716,400,-14.201,0,6,42,0,0,1,0.03,0.004,200000
1717,400,-8.762,5,15,63,0,0,1,0.03,0.004,200000
1718,279,-22.663,0,3,2,1,0,0,0.03,0.004,200000
1719,400,-8.688,2,18,5,0,0,1,0.03,0.004,200000
1720,400,-13.035,0,3,5,0,0,1,0.03,0.004,200000
1721,400,-4.483,5,22,24,0,0,1,0.03,0.004,200000
1722,400,-16.512,1,10,101,0,0,1,0.03,0.004,200000
1723,400,-14.577,1,12,48,0,0,1,0.03,0.004,200000
1724,400,-6.81,5,21,41,0,0,1,0.03,0.004,200000
1725,400,-6.805,3,19,5,0,0,1,0.03,0.004,200000
1726,9,-13.511,0,4,4,1,0,0,0.03,0.004,200000
1727,400,-13.415,0,2,9,0,0,1,0.03,0.004,200000
1728,400,-13.563,1,6,58,0,0,1,0.03,0.004,200000
1729,400,-14.722,0,0,18,0,0,1,0.03,0.004,200000
1730,400,-12.957,0,3,3,0,0,1,0.03,0.004,200000
1731,400,0.985,8,39,34,0,0,1,0.03,0.004,200000
1732,400,-9.809,2,12,38,0,0,1,0.03,0.004,200000
1733,7,-13.463,0,4,3,1,0,0,0.03,0.004,200000
1734,400,-14.485,0,0,14,0,0,1,0.03,0.004,200000
1735,400,-13.774,0,0,5,0,0,1,0.03,0.004,200000
1736,400,-13.654,0,0,3,0,0,1,0.03,0.004,200000
1737,400,-13.653,0,0,4,0,0,1,0.03,0.004,200000
1738,400,-14.224,1,8,54,0,0,1,0.03,0.004,200000
1739,400,-8.506,3,8,12,0,0,1,0.03,0.004,200000
1740,400,5.087,11,45,34,0,0,1,0.03,0.004,200000
1741,400,0.089,11,28,117,0,0,1,0.03,0.004,200000
1742,400,-12.767,4,15,145,0,0,1,0.03,0.004,200000
1743,400,-7.586,3,14,23,0,0,1,0.03,0.004,200000
1744,400,-4.276,8,29,100,0,0,1,0.03,0.004,200000
1745,400,-12.019,1,7,25,0,0,1,0.03,0.004,200000
1746,400,-13.855,0,0,5,0,0,1,0.03,0.004,200000
1747,400,-15.484,2,11,61,0,0,1,0.03,0.004,200000
1748,13,-14.248,0,3,9,1,0,0,0.03,0.004,200000
1749,400,-10.825,4,13,99,0,0,1,0.03,0.004,200000
1750,400,-9.834,3,13,55,0,0,1,0.03,0.004,200000
1751,400,-8.181,6,18,92,0,0,1,0.03,0.004,200000
1752,400,-9.255,6,22,121,0,0,1,0.03,0.004,200000
1753,400,-1.989,7,20,25,0,0,1,0.03,0.004,200000
1754,7,-13.543,0,3,4,1,0,0,0.03,0.004,200000
1755,400,-2.96,7,24,39,0,0,1,0.03,0.004,200000
1756,400,-7.946,4,15,1,0,0,1,0.03,0.004,200000
1757,161,-18.018,0,5,13,1,0,0,0.03,0.004,200000
1758,19,-14.624,0,4,13,1,0,0,0.03,0.004,200000
1759,400,-17.219,0,2,35,0,0,1,0.03,0.004,200000
1760,400,-6.433,5,16,36,0,0,1,0.03,0.004,200000
1761,400,-3.93,5,19,16,0,0,1,0.03,0.004,200000
1762,400,-17.395,1,7,85,0,0,1,0.03,0.004,200000
1763,400,-10.952,3,16,27,0,0,1,0.03,0.004,200000
1764,400,-18.939,2,18,164,0,0,1,0.03,0.004,200000
1765,21,-15.368,0,3,15,1,0,0,0.03,0.004,200000
1766,400,-7.995,4,23,61,0,0,1,0.03,0.004,200000
1767,400,-4.045,7,20,59,0,0,1,0.03,0.004,200000
1768,400,-12.155,3,11,64,0,0,1,0.03,0.004,200000
1769,253,-20.764,2,6,62,1,0,0,0.03,0.004,200000
1770,57,-18.335,0,3,43,1,0,0,0.03,0.004,200000
1771,400,-8.405,6,16,61,0,0,1,0.03,0.004,200000
1772,9,-14.222,0,4,6,1,0,0,0.03,0.004,200000
1773,7,-14.223,0,3,5,1,0,0,0.03,0.004,200000
1774,396,-32.148,1,9,94,1,0,0,0.03,0.004,200000
1775,400,-14.146,0,9,32,0,0,1,0.03,0.004,200000
1776,400,-15.079,2,8,75,0,0,1,0.03,0.004,200000
1777,400,-13.804,4,11,109,0,0,1,0.03,0.004,200000
1778,400,-5.951,6,22,69,0,0,1,0.03,0.004,200000
1779,7,-14.043,0,3,4,1,0,0,0.03,0.004,200000
1780,400,5.639,10,40,64,0,0,1,0.03,0.004,200000
1781,400,-14.613,0,0,16,0,0,1,0.03,0.004,200000
1782,165,-18.78,2,8,63,1,0,0,0.03,0.004,200000
1783,53,-14.125,0,4,26,1,0,0,0.03,0.004,200000
1784,400,-10.905,2,14,58,0,0,1,0.03,0.004,200000
1785,400,-14.086,3,4,58,0,0,1,0.03,0.004,200000
1786,400,2.743,14,30,133,0,0,1,0.03,0.004,200000
1787,400,4.184,10,39,55,0,0,1,0.03,0.004,200000
1788,400,0.45,8,24,64,0,0,1,0.03,0.004,200000
1789,26,-15.877,0,3,19,1,0,0,0.03,0.004,200000
1790,400,-0.173,11,18,42,0,0,1,0.03,0.004,200000
1791,400,-10.33,3,10,28,0,0,1,0.03,0.004,200000
1792,7,-14.049,0,3,4,1,0,0,0.03,0.004,200000
1793,400,-12.19,1,5,12,0,0,1,0.03,0.004,200000
1794,334,-5.01,11,26,48,1,0,0,0.03,0.004,200000
1795,97,-17.577,0,2,8,1,0,0,0.03,0.004,200000
1796,11,-14.78,0,2,9,1,0,0,0.03,0.004,200000
1797,202,-16.803,1,8,9,1,0,0,0.03,0.004,200000
1798,400,-10.0,3,7,53,0,0,1,0.03,0.004,200000
1799,400,-2.129,11,19,71,0,0,1,0.03,0.004,200000
1800,400,-3.111,4,26,4,0,0,1,0.03,0.004,200000
1801,400,-10.792,4,13,75,0,0,1,0.03,0.004,200000
1802,161,-5.482,6,17,13,1,0,0,0.03,0.004,200000
1803,63,-8.134,3,13,19,1,0,0,0.03,0.004,200000
1804,400,-9.621,6,16,88,0,0,1,0.03,0.004,200000
1805,400,0.439,10,36,65,0,0,1,0.03,0.004,200000
1806,400,-13.063,2,9,78,0,0,1,0.03,0.004,200000
1807,400,-15.05,1,9,19,0,0,1,0.03,0.004,200000
1808,87,-17.029,0,3,22,1,0,0,0.03,0.004,200000
1809,400,-4.396,6,26,66,0,0,1,0.03,0.004,200000
1810,400,0.973,8,18,29,0,0,1,0.03,0.004,200000
1811,147,-15.564,1,6,8,1,0,0,0.03,0.004,200000
1812,400,-8.475,3,10,26,0,0,1,0.03,0.004,200000
1813,38,-15.823,0,2,11,1,0,0,0.03,0.004,200000
1814,400,-11.835,4,12,148,0,0,1,0.03,0.004,200000
1815,400,5.001,10,39,89,0,0,1,0.03,0.004,200000
1816,42,-17.493,0,4,34,1,0,0,0.03,0.004,200000
1817,181,-15.301,1,10,5,1,0,0,0.03,0.004,200000
1818,400,-10.721,5,24,107,0,0,1,0.03,0.004,200000
1819,23,-15.676,0,4,18,1,0,0,0.03,0.004,200000
1820,400,-9.081,4,16,21,0,0,1,0.03,0.004,200000
1821,12,-14.361,0,4,7,1,0,0,0.03,0.004,200000
1822,400,-11.529,1,3,4,0,0,1,0.03,0.004,200000
1823,400,-11.388,4,12,77,0,0,1,0.03,0.004,200000
1824,400,-3.797,4,26,23,0,0,1,0.03,0.004,200000
1825,400,-13.534,0,0,2,0,0,1,0.03,0.004,200000
1826,309,-1.38,10,50,22,1,0,0,0.03,0.004,200000
1827,400,-13.855,0,0,5,0,0,1,0.03,0.004,200000
1828,63,-19.549,0,3,50,1,0,0,0.03,0.004,200000
1829,400,-15.432,1,16,93,0,0,1,0.03,0.004,200000
1830,400,0.428,6,29,21,0,0,1,0.03,0.004,200000
1831,117,-19.15,0,4,17,1,0,0,0.03,0.004,200000
1832,6,-14.039,0,3,4,1,0,0,0.03,0.004,200000
1833,400,-10.968,3,15,33,0,0,1,0.03,0.004,200000
1834,400,-12.183,4,10,24,0,0,1,0.03,0.004,200000
1835,400,-0.615,9,23,11,0,0,1,0.03,0.004,200000
1836,400,-8.109,6,30,139,0,0,1,0.03,0.004,200000
1837,400,-15.976,0,6,54,0,0,1,0.03,0.004,200000
1838,7,-14.603,0,4,6,1,0,0,0.03,0.004,200000
1839,12,-15.174,0,4,11,1,0,0,0.03,0.004,200000
1840,400,-5.771,4,21,9,0,0,1,0.03,0.004,200000
1841,400,-11.146,0,9,8,0,0,1,0.03,0.004,200000
1842,366,-27.347,0,3,14,1,0,0,0.03,0.004,200000
1843,7,-14.053,0,3,5,1,0,0,0.03,0.004,200000
1844,18,-15.206,0,2,13,1,0,0,0.03,0.004,200000
1845,400,1.655,8,34,77,0,0,1,0.03,0.004,200000
1846,7,-14.123,0,3,5,1,0,0,0.03,0.004,200000
1847,400,-2.336,6,29,72,0,0,1,0.03,0.004,200000
1848,400,-13.465,0,1,11,0,0,1,0.03,0.004,200000
1849,400,-0.261,7,23,33,0,0,1,0.03,0.004,200000
1850,400,17.556,16,57,47,0,0,1,0.03,0.004,200000
1851,400,-11.275,2,12,56,0,0,1,0.03,0.004,200000
1852,400,11.498,12,44,6,0,0,1,0.03,0.004,200000
1853,400,-13.355,0,4,6,0,0,1,0.03,0.004,200000
1854,400,-9.304,4,16,57,0,0,1,0.03,0.004,200000
1855,400,-13.774,0,0,5,0,0,1,0.03,0.004,200000
1856,400,-4.935,5,14,29,0,0,1,0.03,0.004,200000
1857,400,-5.721,4,11,7,0,0,1,0.03,0.004,200000
1858,400,-5.211,4,14,3,0,0,1,0.03,0.004,200000
1859,400,-12.37,5,8,132,0,0,1,0.03,0.004,200000
1860,400,-9.918,2,7,18,0,0,1,0.03,0.004,200000
1861,400,-14.053,0,0,9,0,0,1,0.03,0.004,200000
1862,151,-20.843,0,3,26,1,0,0,0.03,0.004,200000
1863,315,4.566,13,50,28,1,0,0,0.03,0.004,200000
1864,83,-12.035,0,3,1,1,0,0,0.03,0.004,200000
1865,400,-11.287,1,5,32,0,0,1,0.03,0.004,200000
1866,157,-13.71,1,10,0,1,0,0,0.03,0.004,200000
1867,400,-10.025,2,13,50,0,0,1,0.03,0.004,200000
1868,20,-10.585,0,1,8,1,0,0,0.03,0.004,200000
1869,400,2.429,9,29,25,0,0,1,0.03,0.004,200000
1870,179,-20.681,0,3,14,1,0,0,0.03,0.004,200000
1871,400,-3.614,6,16,18,0,0,1,0.03,0.004,200000
1872,400,10.872,13,38,25,0,0,1,0.03,0.004,200000
1873,400,-12.955,0,3,4,0,0,1,0.03,0.004,200000
1874,400,-10.562,1,9,4,0,0,1,0.03,0.004,200000
1875,400,-4.89,5,9,7,0,0,1,0.03,0.004,200000
1876,400,-12.471,1,10,52,0,0,1,0.03,0.004,200000
1877,400,-7.544,2,10,2,0,0,1,0.03,0.004,200000
1878,400,-8.186,2,9,8,0,0,1,0.03,0.004,200000
1879,400,-4.919,5,10,13,0,0,1,0.03,0.004,200000
1880,400,-12.418,0,3,6,0,0,1,0.03,0.004,200000
1881,400,-14.054,0,0,8,0,0,1,0.03,0.004,200000
1882,400,-4.471,2,17,4,0,0,1,0.03,0.004,200000
1883,400,20.533,13,46,4,0,0,1,0.03,0.004,200000
1884,400,-0.598,5,28,25,0,0,1,0.03,0.004,200000
1885,125,-11.213,1,4,1,1,0,0,0.03,0.004,200000
1886,400,-10.607,2,6,6,0,0,1,0.03,0.004,200000
1887,400,14.976,13,41,26,0,0,1,0.03,0.004,200000
1888,400,-13.151,0,2,6,0,0,1,0.03,0.004,200000
1889,400,-13.893,0,0,7,0,0,1,0.03,0.004,200000
1890,400,-3.731,7,12,27,0,0,1,0.03,0.004,200000
1891,400,-11.228,1,10,4,0,0,1,0.03,0.004,200000
1892,400,2.863,5,34,26,0,0,1,0.03,0.004,200000
1893,283,-12.382,4,21,12,1,0,0,0.03,0.004,200000
1894,400,-9.487,2,11,7,0,0,1,0.03,0.004,200000
1895,400,-4.592,3,14,4,0,0,1,0.03,0.004,200000
1896,400,-13.653,0,0,4,0,0,1,0.03,0.004,200000
1897,216,-2.093,8,29,18,1,0,0,0.03,0.004,200000
1898,301,-13.851,3,11,4,1,0,0,0.03,0.004,200000
1899,400,-10.093,1,12,7,0,0,1,0.03,0.004,200000
1900,400,-11.214,2,7,30,0,0,1,0.03,0.004,200000
1901,400,-11.244,1,8,34,0,0,1,0.03,0.004,200000
1902,400,-8.403,3,8,8,0,0,1,0.03,0.004,200000
1903,400,11.275,12,38,29,0,0,1,0.03,0.004,200000
1904,400,2.552,6,24,6,0,0,1,0.03,0.004,200000
1905,400,-9.376,3,12,73,0,0,1,0.03,0.004,200000
1906,209,-10.302,3,12,3,1,0,0,0.03,0.004,200000
1907,400,-6.488,4,9,8,0,0,1,0.03,0.004,200000
1908,400,-13.115,0,3,6,0,0,1,0.03,0.004,200000
1909,400,-13.935,0,0,6,0,0,1,0.03,0.004,200000
1910,400,-1.655,3,11,4,0,0,1,0.03,0.004,200000
1911,400,13.644,13,40,4,0,0,1,0.03,0.004,200000
1912,400,-4.743,3,13,12,0,0,1,0.03,0.004,200000
1913,400,-6.812,3,14,12,0,0,1,0.03,0.004,200000
1914,400,-4.044,3,18,2,0,0,1,0.03,0.004,200000
1915,123,-16.05,0,2,3,1,0,0,0.03,0.004,200000
1916,400,-9.19,1,11,8,0,0,1,0.03,0.004,200000
1917,400,-2.152,4,23,4,0,0,1,0.03,0.004,200000
1918,400,-8.137,4,9,20,0,0,1,0.03,0.004,200000
1919,400,14.4,12,45,6,0,0,1,0.03,0.004,200000
1920,400,-9.942,2,7,33,0,0,1,0.03,0.004,200000
1921,400,-2.266,4,20,4,0,0,1,0.03,0.004,200000
1922,400,-12.387,0,5,7,0,0,1,0.03,0.004,200000
1923,400,-5.395,3,12,6,0,0,1,0.03,0.004,200000
1924,400,-13.973,0,0,8,0,0,1,0.03,0.004,200000
1925,400,0.705,4,19,14,0,0,1,0.03,0.004,200000
1926,364,-15.249,3,14,7,1,0,0,0.03,0.004,200000
1927,400,-13.072,0,2,4,0,0,1,0.03,0.004,200000
1928,400,-7.481,2,10,4,0,0,1,0.03,0.004,200000
1929,400,-11.77,1,8,23,0,0,1,0.03,0.004,200000
1930,400,-13.352,0,2,8,0,0,1,0.03,0.004,200000
1931,400,-13.934,0,0,7,0,0,1,0.03,0.004,200000
1932,400,-3.016,4,19,16,0,0,1,0.03,0.004,200000
1933,400,-13.155,0,3,7,0,0,1,0.03,0.004,200000
1934,400,-0.543,6,16,5,0,0,1,0.03,0.004,200000
1935,400,3.063,7,30,42,0,0,1,0.03,0.004,200000
1936,243,-18.251,2,7,11,1,0,0,0.03,0.004,200000
1937,400,-1.677,4,23,3,0,0,1,0.03,0.004,200000
1938,400,-2.158,7,17,50,0,0,1,0.03,0.004,200000
1939,400,15.824,16,41,58,0,0,1,0.03,0.004,200000
1940,400,-0.152,3,21,8,0,0,1,0.03,0.004,200000
1941,400,10.843,12,39,11,0,0,1,0.03,0.004,200000
1942,400,13.203,6,30,13,0,0,1,0.03,0.004,200000
1943,5,-13.444,0,1,1,1,0,0,0.03,0.004,200000
1944,400,5.167,9,24,1,0,0,1,0.03,0.004,200000
1945,400,13.072,12,43,4,0,0,1,0.03,0.004,200000
1946,400,-8.357,1,12,12,0,0,1,0.03,0.004,200000
1947,263,0.111,8,26,4,1,0,0,0.03,0.004,200000
1948,400,5.367,8,31,5,0,0,1,0.03,0.004,200000
1949,400,-13.813,0,0,6,0,0,1,0.03,0.004,200000
1950,400,-3.379,3,19,14,0,0,1,0.03,0.004,200000
1951,400,1.233,6,19,9,0,0,1,0.03,0.004,200000
1952,400,-5.574,3,10,3,0,0,1,0.03,0.004,200000
1953,400,-5.834,2,11,6,0,0,1,0.03,0.004,200000
1954,400,3.653,7,25,8,0,0,1,0.03,0.004,200000
1955,400,10.436,8,28,32,0,0,1,0.03,0.004,200000
1956,21,-10.232,0,10,1,1,0,0,0.03,0.004,200000
1957,400,14.221,14,46,20,0,0,1,0.03,0.004,200000
1958,400,4.774,8,26,7,0,0,1,0.03,0.004,200000
1959,400,-1.434,2,5,6,0,0,1,0.03,0.004,200000
1960,400,10.799,11,30,2,0,0,1,0.03,0.004,200000
1961,400,0.813,5,24,7,0,0,1,0.03,0.004,200000
1962,61,-0.775,6,25,1,1,0,0,0.03,0.004,200000
1963,400,0.572,2,14,4,0,0,1,0.03,0.004,200000
1964,400,-3.157,2,10,3,0,0,1,0.03,0.004,200000
1965,400,-13.775,0,0,4,0,0,1,0.03,0.004,200000
1966,400,-15.572,0,0,28,0,0,1,0.03,0.004,200000
1967,244,-2.194,7,29,2,1,0,0,0.03,0.004,200000
1968,400,8.386,11,18,9,0,0,1,0.03,0.004,200000
1969,400,29.281,18,68,20,0,0,1,0.03,0.004,200000
1970,273,-17.96,0,5,3,1,0,0,0.03,0.004,200000
1971,400,-6.794,2,9,2,0,0,1,0.03,0.004,200000
1972,257,-17.027,0,8,8,1,0,0,0.03,0.004,200000
1973,400,9.7,6,30,19,0,0,1,0.03,0.004,200000
1974,400,8.217,9,37,9,0,0,1,0.03,0.004,200000
1975,400,3.155,8,28,19,0,0,1,0.03,0.004,200000
1976,400,-13.695,0,0,3,0,0,1,0.03,0.004,200000
1977,400,-6.055,1,9,2,0,0,1,0.03,0.004,200000
1978,400,0.121,4,21,3,0,0,1,0.03,0.004,200000
1979,400,-14.175,0,0,9,0,0,1,0.03,0.004,200000
1980,400,14.812,11,47,1,0,0,1,0.03,0.004,200000
1981,400,-11.965,1,7,19,0,0,1,0.03,0.004,200000
1982,400,-11.36,0,8,5,0,0,1,0.03,0.004,200000
1983,330,-18.626,0,4,3,1,0,0,0.03,0.004,200000
1984,400,6.124,4,20,4,0,0,1,0.03,0.004,200000
1985,400,1.053,6,21,7,0,0,1,0.03,0.004,200000
1986,400,9.629,11,37,5,0,0,1,0.03,0.004,200000
1987,400,25.555,17,55,6,0,0,1,0.03,0.004,200000
1988,400,16.291,16,53,3,0,0,1,0.03,0.004,200000
1989,400,2.021,7,35,39,0,0,1,0.03,0.004,200000
1990,400,9.656,12,47,6,0,0,1,0.03,0.004,200000
1991,400,-9.26,1,19,16,0,0,1,0.03,0.004,200000
1992,400,7.04,10,37,12,0,0,1,0.03,0.004,200000
1993,400,-7.862,0,9,5,0,0,1,0.03,0.004,200000
1994,400,29.473,20,78,5,0,0,1,0.03,0.004,200000
1995,400,20.275,15,53,3,0,0,1,0.03,0.004,200000
1996,114,-15.096,0,3,4,1,0,0,0.03,0.004,200000
1997,400,18.512,14,34,24,0,0,1,0.03,0.004,200000
1998,400,29.039,22,56,3,0,0,1,0.03,0.004,200000
1999,400,3.651,8,26,4,0,0,1,0.03,0.004,200000
2000,22,-13.749,0,3,4,1,0,0,0.03,0.004,200000
2001,400,17.473,16,43,24,0,0,1,0.03,0.004,200000
2002,400,8.126,10,23,7,0,0,1,0.03,0.004,200000
2003,400,-6.143,2,14,16,0,0,1,0.03,0.004,200000
2004,400,17.997,13,34,1,0,0,1,0.03,0.004,200000
2005,400,-13.57,0,0,4,0,0,1,0.03,0.004,200000
2006,400,2.29,4,23,7,0,0,1,0.03,0.004,200000
2007,400,31.94,21,72,4,0,0,1,0.03,0.004,200000
2008,209,-1.431,8,29,3,1,0,0,0.03,0.004,200000
2009,400,-0.295,3,12,25,0,0,1,0.03,0.004,200000
2010,400,0.758,2,14,9,0,0,1,0.03,0.004,200000
2011,400,-14.094,0,2,7,0,0,1,0.03,0.004,200000
2012,400,-14.134,0,0,9,0,0,1,0.03,0.004,200000
2013,400,1.72,6,35,48,0,0,1,0.03,0.004,200000
2014,400,-4.316,2,12,3,0,0,1,0.03,0.004,200000
2015,400,29.723,19,67,1,0,0,1,0.03,0.004,200000
2016,400,24.621,17,52,9,0,0,1,0.03,0.004,200000
2017,210,1.832,10,40,19,1,0,0,0.03,0.004,200000
2018,298,23.717,18,67,15,1,0,0,0.03,0.004,200000
2019,400,20.878,18,44,5,0,0,1,0.03,0.004,200000
2020,400,-3.378,3,12,7,0,0,1,0.03,0.004,200000
2021,100,2.028,8,33,2,1,0,0,0.03,0.004,200000
2022,23,-9.735,1,10,1,1,0,0,0.03,0.004,200000
2023,400,28.666,18,69,3,0,0,1,0.03,0.004,200000
2024,400,14.655,0,3,8,0,0,1,0.03,0.004,200000
2025,400,15.613,12,51,4,0,0,1,0.03,0.004,200000
2026,400,-10.038,3,10,4,0,0,1,0.03,0.004,200000
2027,400,-4.222,3,25,4,0,0,1,0.03,0.004,200000
2028,400,-5.421,0,6,6,0,0,1,0.03,0.004,200000
2029,400,12.921,11,31,6,0,0,1,0.03,0.004,200000
2030,400,1.862,7,37,8,0,0,1,0.03,0.004,200000
2031,400,-0.985,2,11,9,0,0,1,0.03,0.004,200000
2032,400,1.643,4,15,3,0,0,1,0.03,0.004,200000
2033,400,-7.758,3,8,6,0,0,1,0.03,0.004,200000
2034,400,-5.626,0,0,3,0,0,1,0.03,0.004,200000
2035,400,43.043,21,63,8,0,0,1,0.03,0.004,200000
2036,400,20.246,15,47,4,0,0,1,0.03,0.004,200000
2037,23,-8.964,2,11,2,1,0,0,0.03,0.004,200000
2038,400,25.381,16,56,2,0,0,1,0.03,0.004,200000
2039,400,6.342,7,31,1,0,0,1,0.03,0.004,200000
2040,400,16.925,13,53,5,0,0,1,0.03,0.004,200000
2041,400,9.166,8,17,7,0,0,1,0.03,0.004,200000
2042,400,0.612,5,12,4,0,0,1,0.03,0.004,200000
2043,400,7.694,7,25,23,0,0,1,0.03,0.004,200000
2044,400,-5.445,0,0,1,0,0,1,0.03,0.004,200000
2045,400,25.645,17,72,1,0,0,1,0.03,0.004,200000
2046,161,-9.225,1,6,3,1,0,0,0.03,0.004,200000
2047,400,16.126,12,44,2,0,0,1,0.03,0.004,200000
2048,400,0.183,3,12,1,0,0,1,0.03,0.004,200000
2049,102,-6.78,2,14,0,1,0,0,0.03,0.004,200000
2050,400,11.179,10,42,24,0,0,1,0.03,0.004,200000
2051,400,6.653,8,16,13,0,0,1,0.03,0.004,200000
2052,400,-5.992,0,0,6,0,0,1,0.03,0.004,200000
2053,400,1.722,6,19,23,0,0,1,0.03,0.004,200000
2054,400,25.789,17,56,3,0,0,1,0.03,0.004,200000
2055,400,13.327,9,31,6,0,0,1,0.03,0.004,200000
2056,400,2.591,4,21,11,0,0,1,0.03,0.004,200000
2057,61,-8.698,2,15,17,1,0,0,0.03,0.004,200000
2058,29,-13.553,0,5,19,1,0,0,0.03,0.004,200000
2059,400,34.887,22,79,9,0,0,1,0.03,0.004,200000
2060,400,31.023,16,57,6,0,0,1,0.03,0.004,200000
2061,400,29.121,20,59,12,0,0,1,0.03,0.004,200000
2062,400,7.481,1,9,7,0,0,1,0.03,0.004,200000
2063,22,-13.65,0,4,4,1,0,0,0.03,0.004,200000
2064,5,-13.394,0,3,3,1,0,0,0.03,0.004,200000
2065,36,-4.993,2,10,0,1,0,0,0.03,0.004,200000
2066,30,-13.637,0,4,3,1,0,0,0.03,0.004,200000
2067,400,-3.896,0,5,6,0,0,1,0.03,0.004,200000
2068,400,13.972,11,32,26,0,0,1,0.03,0.004,200000
2069,400,1.215,7,22,44,0,0,1,0.03,0.004,200000
2070,400,8.113,8,20,19,0,0,1,0.03,0.004,200000
2071,400,-2.628,2,9,3,0,0,1,0.03,0.004,200000
2072,36,-5.623,3,17,1,1,0,0,0.03,0.004,200000
2073,400,-8.268,0,0,7,0,0,1,0.03,0.004,200000
2074,174,-16.325,0,4,8,1,0,0,0.03,0.004,200000
2075,400,-4.027,1,4,9,0,0,1,0.03,0.004,200000
2076,400,7.86,7,23,11,0,0,1,0.03,0.004,200000
2077,195,-2.489,8,30,14,1,0,0,0.03,0.004,200000
2078,197,-1.282,7,38,7,1,0,0,0.03,0.004,200000
2079,400,-2.943,2,12,14,0,0,1,0.03,0.004,200000
2080,400,-4.777,3,14,5,0,0,1,0.03,0.004,200000
2081,169,-15.971,0,3,4,1,0,0,0.03,0.004,200000
2082,59,-5.845,2,21,1,1,0,0,0.03,0.004,200000
2083,400,-10.228,1,5,3,0,0,1,0.03,0.004,200000
2084,400,3.304,4,18,5,0,0,1,0.03,0.004,200000
2085,400,17.702,14,37,20,0,0,1,0.03,0.004,200000
2086,400,17.615,17,36,2,0,0,1,0.03,0.004,200000
2087,400,1.347,7,21,14,0,0,1,0.03,0.004,200000
2088,400,12.014,11,26,10,0,0,1,0.03,0.004,200000
2089,400,7.076,4,10,2,0,0,1,0.03,0.004,200000
2090,400,29.66,20,45,16,0,0,1,0.03,0.004,200000
2091,400,-0.016,4,28,11,0,0,1,0.03,0.004,200000
2092,400,-6.223,4,16,31,0,0,1,0.03,0.004,200000
2093,400,2.677,2,25,13,0,0,1,0.03,0.004,200000
2094,400,-2.469,3,33,23,0,0,1,0.03,0.004,200000
2095,247,23.628,23,69,5,1,0,0,0.03,0.004,200000
2096,400,5.923,11,18,73,0,0,1,0.03,0.004,200000
2097,400,19.167,11,33,22,0,0,1,0.03,0.004,200000
2098,400,23.847,18,51,37,0,0,1,0.03,0.004,200000
2099,400,5.053,7,17,22,0,0,1,0.03,0.004,200000
2100,345,14.394,14,54,19,1,0,0,0.03,0.004,200000
2101,400,10.651,10,26,29,0,0,1,0.03,0.004,200000
2102,400,27.589,19,52,35,0,0,1,0.03,0.004,200000
2103,400,32.029,17,63,10,0,0,1,0.03,0.004,200000
2104,400,48.552,31,77,12,0,0,1,0.03,0.004,200000
2105,314,0.756,8,46,38,1,0,0,0.03,0.004,200000
2106,400,43.557,28,78,30,0,0,1,0.03,0.004,200000
2107,400,19.164,20,53,127,0,0,1,0.03,0.004,200000
2108,400,25.362,15,64,18,0,0,1,0.03,0.004,200000
2109,400,6.639,12,21,71,0,0,1,0.03,0.004,200000
2110,400,22.688,21,48,94,0,0,1,0.03,0.004,200000
2111,400,25.787,11,33,6,0,0,1,0.03,0.004,200000
2112,25,-15.3,0,2,18,1,0,0,0.03,0.004,200000
2113,400,-9.784,5,16,166,0,0,1,0.03,0.004,200000
2114,7,-13.773,0,2,5,1,0,0,0.03,0.004,200000
2115,146,-2.372,2,5,0,1,0,0,0.03,0.004,200000
2116,400,34.2,20,52,9,0,0,1,0.03,0.004,200000
2117,400,19.868,1,6,1,0,0,1,0.03,0.004,200000
2118,172,-5.051,2,13,1,1,0,0,0.03,0.004,200000
2119,20,-8.574,0,7,5,1,0,0,0.03,0.004,200000
2120,400,11.579,8,37,6,0,0,1,0.03,0.004,200000
2121,400,11.387,8,29,8,0,0,1,0.03,0.004,200000
2122,400,36.052,23,67,4,0,0,1,0.03,0.004,200000
2123,88,-6.474,3,11,22,1,0,0,0.03,0.004,200000
2124,400,22.045,12,58,6,0,0,1,0.03,0.004,200000
2125,400,14.436,17,39,98,0,0,1,0.03,0.004,200000
2126,400,21.024,16,44,31,0,0,1,0.03,0.004,200000
2127,400,3.31,9,30,105,0,0,1,0.03,0.004,200000
2128,300,20.51,18,67,41,1,0,0,0.03,0.004,200000
2129,31,-6.424,3,14,2,1,0,0,0.03,0.004,200000
2130,5,-13.851,0,3,3,1,0,0,0.03,0.004,200000
2131,400,44.008,24,81,12,0,0,1,0.03,0.004,200000
2132,104,-2.912,5,14,3,1,0,0,0.03,0.004,200000
2133,400,51.246,36,85,66,0,0,1,0.03,0.004,200000
2134,400,10.892,8,24,2,0,0,1,0.03,0.004,200000
2135,142,-12.861,0,7,50,1,0,0,0.03,0.004,200000
2136,400,44.827,27,73,6,0,0,1,0.03,0.004,200000
2137,400,45.042,30,79,49,0,0,1,0.03,0.004,200000
2138,400,16.022,13,40,39,0,0,1,0.03,0.004,200000
2139,24,-9.802,0,8,1,1,0,0,0.03,0.004,200000
2140,400,5.827,8,16,21,0,0,1,0.03,0.004,200000
2141,400,27.426,22,56,86,0,0,1,0.03,0.004,200000
2142,400,8.257,7,27,10,0,0,1,0.03,0.004,200000
2143,5,-13.751,0,4,3,1,0,0,0.03,0.004,200000
2144,400,6.058,7,22,18,0,0,1,0.03,0.004,200000
2145,400,9.594,7,23,10,0,0,1,0.03,0.004,200000
2146,30,-10.496,1,9,9,1,0,0,0.03,0.004,200000
2147,400,33.579,26,56,68,0,0,1,0.03,0.004,200000
2148,400,29.94,20,58,53,0,0,1,0.03,0.004,200000
2149,90,-1.971,5,24,3,1,0,0,0.03,0.004,200000
2150,400,7.139,5,15,3,0,0,1,0.03,0.004,200000
2151,110,10.35,12,50,4,1,0,0,0.03,0.004,200000
2152,7,-9.551,0,1,2,1,0,0,0.03,0.004,200000
2153,400,49.016,31,80,20,0,0,1,0.03,0.004,200000
2154,400,7.709,11,31,82,0,0,1,0.03,0.004,200000
2155,400,17.819,13,41,20,0,0,1,0.03,0.004,200000
2156,400,19.662,2,5,2,0,0,1,0.03,0.004,200000
2157,400,65.976,41,100,14,0,0,1,0.03,0.004,200000
2158,156,8.371,13,38,37,1,0,0,0.03,0.004,200000
2159,400,40.243,28,70,60,0,0,1,0.03,0.004,200000
2160,400,2.372,4,20,18,0,0,1,0.03,0.004,200000
2161,14,-8.329,0,6,0,1,0,0,0.03,0.004,200000
2162,400,-4.196,0,5,6,0,0,1,0.03,0.004,200000
2163,400,19.757,16,43,53,0,0,1,0.03,0.004,200000
2164,400,19.081,17,41,66,0,0,1,0.03,0.004,200000
2165,400,9.822,10,34,61,0,0,1,0.03,0.004,200000
2166,400,43.142,26,71,37,0,0,1,0.03,0.004,200000
2167,400,35.21,25,50,13,0,0,1,0.03,0.004,200000
2168,400,31.732,20,68,22,0,0,1,0.03,0.004,200000
2169,400,19.488,12,33,5,0,0,1,0.03,0.004,200000
2170,400,23.09,8,27,9,0,0,1,0.03,0.004,200000
2171,197,27.872,21,82,11,1,0,0,0.03,0.004,200000
2172,400,30.072,18,44,3,0,0,1,0.03,0.004,200000
2173,400,11.774,6,24,6,0,0,1,0.03,0.004,200000
2174,400,32.034,21,50,16,0,0,1,0.03,0.004,200000
2175,400,36.741,25,54,7,0,0,1,0.03,0.004,200000
2176,400,50.084,32,77,6,0,0,1,0.03,0.004,200000
2177,400,23.48,13,34,1,0,0,1,0.03,0.004,200000
2178,400,30.652,18,54,2,0,0,1,0.03,0.004,200000
2179,400,44.245,32,75,47,0,0,1,0.03,0.004,200000
2180,400,26.261,19,45,7,0,0,1,0.03,0.004,200000
2181,400,66.922,41,100,4,0,0,1,0.03,0.004,200000
2182,400,21.031,4,11,5,0,0,1,0.03,0.004,200000
2183,400,48.118,22,72,2,0,0,1,0.03,0.004,200000
2184,5,-13.842,0,2,1,1,0,0,0.03,0.004,200000
2185,399,18.987,20,52,30,1,0,0,0.03,0.004,200000
2186,74,3.523,7,28,2,1,0,0,0.03,0.004,200000
2187,400,22.665,16,40,25,0,0,1,0.03,0.004,200000
2188,400,53.261,37,75,30,0,0,1,0.03,0.004,200000
2189,120,11.65,14,36,1,1,0,0,0.03,0.004,200000
2190,182,17.544,20,46,10,1,0,0,0.03,0.004,200000
2191,400,22.69,14,54,18,0,0,1,0.03,0.004,200000
2192,41,-4.707,4,17,3,1,0,0,0.03,0.004,200000
2193,57,-0.94,6,19,1,1,0,0,0.03,0.004,200000
2194,45,-5.073,3,21,3,1,0,0,0.03,0.004,200000
2195,400,14.547,11,31,6,0,0,1,0.03,0.004,200000
2196,97,2.521,6,33,10,1,0,0,0.03,0.004,200000
2197,400,15.948,12,36,12,0,0,1,0.03,0.004,200000
2198,400,4.934,4,20,6,0,0,1,0.03,0.004,200000
2199,400,24.941,17,50,13,0,0,1,0.03,0.004,200000
2200,400,43.078,29,64,19,0,0,1,0.03,0.004,200000
2201,400,54.943,35,82,2,0,0,1,0.03,0.004,200000
2202,212,13.001,17,42,7,1,0,0,0.03,0.004,200000
2203,400,50.301,25,73,9,0,0,1,0.03,0.004,200000
2204,400,55.808,35,89,6,0,0,1,0.03,0.004,200000
2205,400,44.137,31,84,69,0,0,1,0.03,0.004,200000
2206,400,66.873,40,105,13,0,0,1,0.03,0.004,200000
2207,400,13.965,11,38,12,0,0,1,0.03,0.004,200000
2208,400,40.801,29,78,66,0,0,1,0.03,0.004,200000
2209,400,-3.135,1,6,6,0,0,1,0.03,0.004,200000
2210,400,1.839,3,18,8,0,0,1,0.03,0.004,200000
2211,400,6.345,6,19,7,0,0,1,0.03,0.004,200000
2212,400,24.164,16,39,3,0,0,1,0.03,0.004,200000
2213,400,32.055,21,56,10,0,0,1,0.03,0.004,200000
2214,176,23.401,22,59,7,1,0,0,0.03,0.004,200000
2215,400,-0.25,0,13,7,0,0,1,0.03,0.004,200000
2216,400,23.56,18,40,7,0,0,1,0.03,0.004,200000
2217,400,32.324,23,53,4,0,0,1,0.03,0.004,200000
2218,400,38.183,25,57,3,0,0,1,0.03,0.004,200000
2219,128,15.788,15,41,1,1,0,0,0.03,0.004,200000
2220,400,44.277,28,80,25,0,0,1,0.03,0.004,200000
2221,400,12.911,11,29,30,0,0,1,0.03,0.004,200000
2222,400,36.962,25,56,4,0,0,1,0.03,0.004,200000
2223,127,0.484,7,36,9,1,0,0,0.03,0.004,200000
2224,400,30.149,21,50,15,0,0,1,0.03,0.004,200000
2225,400,40.665,25,70,19,0,0,1,0.03,0.004,200000
2226,22,-7.541,1,10,2,1,0,0,0.03,0.004,200000
2227,400,5.246,5,20,10,0,0,1,0.03,0.004,200000
2228,400,55.052,35,82,5,0,0,1,0.03,0.004,200000
2229,400,63.922,40,96,15,0,0,1,0.03,0.004,200000
2230,31,-7.176,2,12,0,1,0,0,0.03,0.004,200000
2231,400,34.977,25,51,14,0,0,1,0.03,0.004,200000
2232,400,19.286,13,45,9,0,0,1,0.03,0.004,200000
2233,285,-8.41,3,22,2,1,0,0,0.03,0.004,200000
2234,41,-5.081,3,11,6,1,0,0,0.03,0.004,200000
2235,400,49.857,36,86,71,0,0,1,0.03,0.004,200000
2236,400,58.942,41,90,45,0,0,1,0.03,0.004,200000
2237,64,-3.094,5,19,2,1,0,0,0.03,0.004,200000
2238,400,35.958,24,62,11,0,0,1,0.03,0.004,200000
2239,400,29.081,19,64,55,0,0,1,0.03,0.004,200000
2240,400,37.354,25,56,7,0,0,1,0.03,0.004,200000
2241,91,4.028,10,29,7,1,0,0,0.03,0.004,200000
2242,400,25.368,23,60,108,0,0,1,0.03,0.004,200000
2243,400,24.968,17,42,8,0,0,1,0.03,0.004,200000
2244,400,42.198,27,74,32,0,0,1,0.03,0.004,200000
2245,400,25.588,7,23,9,0,0,1,0.03,0.004,200000
2246,400,15.846,14,42,32,0,0,1,0.03,0.004,200000
2247,400,-3.327,6,29,114,0,0,1,0.03,0.004,200000
2248,400,16.545,13,37,32,0,0,1,0.03,0.004,200000
2249,400,24.557,16,40,3,0,0,1,0.03,0.004,200000
2250,400,31.934,23,52,16,0,0,1,0.03,0.004,200000
2251,7,-9.037,0,3,0,1,0,0,0.03,0.004,200000
2252,400,50.273,34,80,44,0,0,1,0.03,0.004,200000
2253,69,0.963,7,18,3,1,0,0,0.03,0.004,200000
2254,400,37.138,24,58,10,0,0,1,0.03,0.004,200000
2255,400,68.25,44,97,18,0,0,1,0.03,0.004,200000
2256,400,14.128,12,29,25,0,0,1,0.03,0.004,200000
2257,82,4.005,11,23,2,1,0,0,0.03,0.004,200000
2258,400,65.87,43,100,25,0,0,1,0.03,0.004,200000
2259,400,8.328,9,27,47,0,0,1,0.03,0.004,200000
2260,400,13.867,9,34,11,0,0,1,0.03,0.004,200000
2261,400,38.887,28,59,27,0,0,1,0.03,0.004,200000
2262,400,26.175,19,43,3,0,0,1,0.03,0.004,200000
2263,400,60.422,37,90,10,0,0,1,0.03,0.004,200000
2264,400,-0.954,2,8,10,0,0,1,0.03,0.004,200000
2265,400,47.031,29,77,13,0,0,1,0.03,0.004,200000
2266,400,51.981,33,87,4,0,0,1,0.03,0.004,200000
2267,5,-14.371,0,3,2,1,0,0,0.03,0.004,200000
2268,400,4.916,5,18,0,0,0,1,0.03,0.004,200000
2269,400,25.317,20,49,51,0,0,1,0.03,0.004,200000
2270,400,21.337,16,52,49,0,0,1,0.03,0.004,200000
2271,35,-9.597,1,13,5,1,0,0,0.03,0.004,200000
2272,65,-3.041,6,21,7,1,0,0,0.03,0.004,200000
2273,400,41.524,26,73,6,0,0,1,0.03,0.004,200000
2274,400,58.512,39,81,37,0,0,1,0.03,0.004,200000
2275,400,28.479,21,64,84,0,0,1,0.03,0.004,200000
2276,213,3.762,8,31,0,1,0,0,0.03,0.004,200000
2277,28,-14.818,0,3,4,1,0,0,0.03,0.004,200000
2278,400,44.0,27,79,8,0,0,1,0.03,0.004,200000
2279,400,39.359,23,67,11,0,0,1,0.03,0.004,200000
2280,400,41.479,25,73,4,0,0,1,0.03,0.004,200000
2281,400,19.521,15,41,14,0,0,1,0.03,0.004,200000
2282,73,1.557,9,26,9,1,0,0,0.03,0.004,200000
2283,400,28.485,19,61,53,0,0,1,0.03,0.004,200000
2284,400,53.525,34,82,15,0,0,1,0.03,0.004,200000
2285,21,-10.382,0,8,1,1,0,0,0.03,0.004,200000
2286,150,-18.951,0,3,4,1,0,0,0.03,0.004,200000
2287,400,39.089,25,62,37,0,0,1,0.03,0.004,200000
2288,400,26.773,7,12,4,0,0,1,0.03,0.004,200000
2289,400,35.502,29,53,62,0,0,1,0.03,0.004,200000
2290,400,65.843,42,101,19,0,0,1,0.03,0.004,200000
2291,62,-2.575,6,21,10,1,0,0,0.03,0.004,200000
2292,344,25.382,23,60,3,1,0,0,0.03,0.004,200000
2293,400,63.246,41,92,25,0,0,1,0.03,0.004,200000
2294,400,38.556,27,58,20,0,0,1,0.03,0.004,200000
2295,180,29.566,26,65,2,1,0,0,0.03,0.004,200000
2296,400,35.515,25,52,20,0,0,1,0.03,0.004,200000
2297,400,2.491,5,18,22,0,0,1,0.03,0.004,200000
2298,400,36.396,25,63,19,0,0,1,0.03,0.004,200000
2299,400,24.226,18,52,4,0,0,1,0.03,0.004,200000
2300,400,54.655,36,77,27,0,0,1,0.03,0.004,200000
2301,400,21.307,20,44,123,0,0,1,0.03,0.004,200000
2302,400,41.371,25,76,10,0,0,1,0.03,0.004,200000
2303,38,-8.192,2,11,2,1,0,0,0.03,0.004,200000
2304,400,47.009,30,77,4,0,0,1,0.03,0.004,200000
2305,400,11.73,10,30,2,0,0,1,0.03,0.004,200000
2306,400,43.468,29,63,6,0,0,1,0.03,0.004,200000
2307,400,21.91,14,38,2,0,0,1,0.03,0.004,200000
2308,400,14.297,13,34,42,0,0,1,0.03,0.004,200000
2309,400,64.922,42,102,15,0,0,1,0.03,0.004,200000
2310,400,59.658,41,88,50,0,0,1,0.03,0.004,200000
2311,400,27.605,19,48,21,0,0,1,0.03,0.004,200000
2312,235,19.306,17,42,10,1,0,0,0.03,0.004,200000
2313,400,40.373,26,79,48,0,0,1,0.03,0.004,200000
2314,400,38.348,26,64,36,0,0,1,0.03,0.004,200000
2315,400,57.14,36,80,10,0,0,1,0.03,0.004,200000
2316,361,32.271,28,78,7,1,0,0,0.03,0.004,200000
2317,400,51.559,34,78,10,0,0,1,0.03,0.004,200000
2318,181,20.322,19,52,3,1,0,0,0.03,0.004,200000
2319,188,24.352,22,61,3,1,0,0,0.03,0.004,200000
2320,133,-1.155,4,19,0,1,0,0,0.03,0.004,200000
2321,400,13.379,12,30,5,0,0,1,0.03,0.004,200000
2322,93,4.963,10,31,2,1,0,0,0.03,0.004,200000
2323,400,30.615,21,53,13,0,0,1,0.03,0.004,200000
2324,400,52.547,33,87,17,0,0,1,0.03,0.004,200000
2325,53,-4.22,5,16,2,1,0,0,0.03,0.004,200000
2326,177,16.9,16,45,13,1,0,0,0.03,0.004,200000
2327,400,13.428,10,29,1,0,0,1,0.03,0.004,200000
2328,400,63.86,40,103,14,0,0,1,0.03,0.004,200000
2329,400,24.348,17,39,7,0,0,1,0.03,0.004,200000
2330,400,37.465,24,65,31,0,0,1,0.03,0.004,200000
2331,400,49.424,31,75,1,0,0,1,0.03,0.004,200000
2332,400,27.25,19,45,9,0,0,1,0.03,0.004,200000
2333,400,20.362,15,35,1,0,0,1,0.03,0.004,200000
2334,21,-6.633,1,7,0,1,0,0,0.03,0.004,200000
2335,400,37.243,28,76,91,0,0,1,0.03,0.004,200000
2336,400,24.42,18,45,4,0,0,1,0.03,0.004,200000
2337,400,52.061,33,87,19,0,0,1,0.03,0.004,200000
2338,400,44.817,31,76,44,0,0,1,0.03,0.004,200000
2339,400,28.443,22,56,43,0,0,1,0.03,0.004,200000
2340,400,71.641,44,108,7,0,0,1,0.03,0.004,200000
2341,400,55.99,33,92,6,0,0,1,0.03,0.004,200000
2342,400,54.707,34,89,12,0,0,1,0.03,0.004,200000
2343,137,16.037,14,48,2,1,0,0,0.03,0.004,200000
2344,400,34.456,24,43,5,0,0,1,0.03,0.004,200000
2345,400,68.84,42,111,25,0,0,1,0.03,0.004,200000
2346,168,24.72,22,52,4,1,0,0,0.03,0.004,200000
2347,36,-7.331,0,7,0,1,0,0,0.03,0.004,200000
2348,374,34.293,28,71,37,1,0,0,0.03,0.004,200000
2349,400,61.565,40,88,36,0,0,1,0.03,0.004,200000
2350,132,16.129,15,49,2,1,0,0,0.03,0.004,200000
2351,400,45.416,29,68,6,0,0,1,0.03,0.004,200000
2352,400,66.218,42,103,29,0,0,1,0.03,0.004,200000
2353,400,37.336,30,78,48,1,0,0,0.03,0.004,200000
2354,400,35.731,24,56,28,0,0,1,0.03,0.004,200000
2355,400,69.186,42,103,17,0,0,1,0.03,0.004,200000
2356,229,8.934,11,51,15,1,0,0,0.03,0.004,200000
2357,229,29.061,25,62,6,1,0,0,0.03,0.004,200000
2358,51,-3.539,3,10,5,1,0,0,0.03,0.004,200000
2359,155,15.983,13,50,2,1,0,0,0.03,0.004,200000
2360,34,-5.551,1,11,0,1,0,0,0.03,0.004,200000
2361,400,65.97,40,94,8,0,0,1,0.03,0.004,200000
2362,29,-5.987,1,11,0,1,0,0,0.03,0.004,200000
2363,400,68.974,40,102,11,0,0,1,0.03,0.004,200000
2364,400,54.276,33,89,30,0,0,1,0.03,0.004,200000
2365,337,42.121,29,84,13,1,0,0,0.03,0.004,200000
2366,400,18.735,14,34,8,0,0,1,0.03,0.004,200000
2367,400,72.616,42,107,11,0,0,1,0.03,0.004,200000
2368,73,0.117,7,22,1,1,0,0,0.03,0.004,200000
2369,25,-9.866,2,7,2,1,0,0,0.03,0.004,200000
2370,400,30.102,18,55,33,0,0,1,0.03,0.004,200000
2371,14,-8.342,0,8,0,1,0,0,0.03,0.004,200000
2372,92,-0.328,9,17,9,1,0,0,0.03,0.004,200000
2373,220,33.452,25,69,1,1,0,0,0.03,0.004,200000
2374,400,40.742,25,69,23,0,0,1,0.03,0.004,200000
2375,400,72.241,41,115,9,0,0,1,0.03,0.004,200000
2376,400,76.442,45,110,3,0,0,1,0.03,0.004,200000
2377,27,-9.399,2,10,2,1,0,0,0.03,0.004,200000
2378,400,66.141,41,108,29,0,0,1,0.03,0.004,200000
2379,400,65.084,40,100,5,0,0,1,0.03,0.004,200000
2380,36,-4.177,3,10,1,1,0,0,0.03,0.004,200000
2381,400,64.359,40,98,27,0,0,1,0.03,0.004,200000
2382,165,-19.295,0,3,2,1,0,0,0.03,0.004,200000
2383,321,53.333,40,86,5,1,0,0,0.03,0.004,200000
2384,400,51.374,33,85,41,0,0,1,0.03,0.004,200000
2385,283,38.684,31,83,5,1,0,0,0.03,0.004,200000
2386,136,14.908,13,50,1,1,0,0,0.03,0.004,200000
2387,400,47.707,32,95,63,0,0,1,0.03,0.004,200000
2388,400,58.49,37,103,35,0,0,1,0.03,0.004,200000
2389,400,54.363,35,89,55,0,0,1,0.03,0.004,200000
2390,400,38.907,25,66,4,0,0,1,0.03,0.004,200000
2391,400,69.086,41,111,15,0,0,1,0.03,0.004,200000
2392,400,65.439,37,112,24,0,0,1,0.03,0.004,200000
2393,400,73.401,45,109,15,0,0,1,0.03,0.004,200000
2394,400,45.916,29,73,34,0,0,1,0.03,0.004,200000
2395,230,13.385,16,40,31,1,0,0,0.03,0.004,200000
2396,400,71.528,45,108,10,0,0,1,0.03,0.004,200000
2397,400,60.038,36,97,7,0,0,1,0.03,0.004,200000
2398,400,65.617,40,111,29,0,0,1,0.03,0.004,200000
2399,400,72.332,44,98,7,0,0,1,0.03,0.004,200000
2400,111,6.556,9,39,16,1,0,0,0.03,0.004,200000
2401,400,35.42,24,64,57,0,0,1,0.03,0.004,200000
2402,319,19.27,21,64,36,1,0,0,0.03,0.004,200000
2403,20,-14.105,0,4,1,1,0,0,0.03,0.004,200000
2404,14,-8.713,0,6,1,1,0,0,0.03,0.004,200000
2405,169,13.4,13,60,11,1,0,0,0.03,0.004,200000
2406,361,44.969,33,89,25,1,0,0,0.03,0.004,200000
2407,400,74.142,44,109,4,0,0,1,0.03,0.004,200000
2408,388,57.893,42,100,16,1,0,0,0.03,0.004,200000
2409,400,69.782,42,97,13,0,0,1,0.03,0.004,200000
2410,289,24.006,21,64,24,1,0,0,0.03,0.004,200000
2411,400,66.442,40,105,12,0,0,1,0.03,0.004,200000
2412,244,40.693,34,73,8,1,0,0,0.03,0.004,200000
2413,13,-8.58,0,5,0,1,0,0,0.03,0.004,200000
2414,174,24.865,20,59,3,1,0,0,0.03,0.004,200000
2415,400,43.972,32,80,81,0,0,1,0.03,0.004,200000
2416,24,-14.373,0,4,2,1,0,0,0.03,0.004,200000
2417,232,29.747,27,68,19,1,0,0,0.03,0.004,200000
2418,45,-1.204,4,19,0,1,0,0,0.03,0.004,200000
2419,400,47.108,29,75,39,0,0,1,0.03,0.004,200000
2420,241,35.949,27,76,4,1,0,0,0.03,0.004,200000
2421,13,-8.53,0,5,0,1,0,0,0.03,0.004,200000
2422,198,26.691,23,61,15,1,0,0,0.03,0.004,200000
2423,400,48.734,30,83,26,0,0,1,0.03,0.004,200000
2424,60,-15.908,0,3,4,1,0,0,0.03,0.004,200000
2425,400,62.306,40,100,36,0,0,1,0.03,0.004,200000
2426,204,26.265,20,64,5,1,0,0,0.03,0.004,200000
2427,280,41.907,33,86,16,1,0,0,0.03,0.004,200000
2428,283,36.901,29,73,17,1,0,0,0.03,0.004,200000
2429,400,65.388,38,104,19,0,0,1,0.03,0.004,200000
2430,151,14.717,17,44,4,1,0,0,0.03,0.004,200000
2431,318,44.267,34,78,10,1,0,0,0.03,0.004,200000
2432,400,62.888,42,101,39,0,0,1,0.03,0.004,200000
2433,319,48.854,38,97,15,1,0,0,0.03,0.004,200000
2434,400,54.205,33,87,29,0,0,1,0.03,0.004,200000
2435,247,33.3,24,76,11,1,0,0,0.03,0.004,200000
2436,400,65.302,41,106,31,0,0,1,0.03,0.004,200000
2437,400,54.195,35,76,14,0,0,1,0.03,0.004,200000
2438,53,-2.001,4,16,0,1,0,0,0.03,0.004,200000
2439,400,69.902,42,101,15,0,0,1,0.03,0.004,200000
2440,400,56.61,36,93,36,0,0,1,0.03,0.004,200000
2441,245,32.977,26,71,3,1,0,0,0.03,0.004,200000
2442,400,58.045,36,91,30,0,0,1,0.03,0.004,200000
2443,400,56.225,38,85,55,0,0,1,0.03,0.004,200000
2444,57,0.169,5,18,0,1,0,0,0.03,0.004,200000
2445,324,45.695,37,82,16,1,0,0,0.03,0.004,200000
2446,65,0.853,7,15,6,1,0,0,0.03,0.004,200000
2447,29,-8.628,2,6,1,1,0,0,0.03,0.004,200000
2448,400,24.622,16,51,62,0,0,1,0.03,0.004,200000
2449,400,60.741,38,94,39,0,0,1,0.03,0.004,200000
2450,5,-13.62,0,4,2,1,0,0,0.03,0.004,200000
2451,280,33.07,27,78,18,1,0,0,0.03,0.004,200000
2452,400,64.619,38,96,24,0,0,1,0.03,0.004,200000
2453,220,24.333,22,56,8,1,0,0,0.03,0.004,200000
2454,400,68.514,39,108,8,0,0,1,0.03,0.004,200000
2455,400,45.286,29,85,54,0,0,1,0.03,0.004,200000
2456,400,52.763,35,80,39,0,0,1,0.03,0.004,200000
2457,349,43.653,34,83,17,1,0,0,0.03,0.004,200000
2458,231,21.215,23,57,26,1,0,0,0.03,0.004,200000
2459,400,63.188,36,97,9,0,0,1,0.03,0.004,200000
2460,400,55.967,36,85,44,0,0,1,0.03,0.004,200000
2461,68,1.146,6,29,1,1,0,0,0.03,0.004,200000
2462,219,24.188,23,63,10,1,0,0,0.03,0.004,200000
2463,34,-9.139,1,10,0,1,0,0,0.03,0.004,200000
2464,400,45.251,31,77,72,0,0,1,0.03,0.004,200000
2465,389,47.38,36,96,20,1,0,0,0.03,0.004,200000
2466,326,32.626,26,79,27,1,0,0,0.03,0.004,200000
2467,335,31.278,27,76,25,1,0,0,0.03,0.004,200000
2468,400,71.992,45,100,5,0,0,1,0.03,0.004,200000
2469,400,50.438,30,82,12,0,0,1,0.03,0.004,200000
2470,32,-7.952,2,13,2,1,0,0,0.03,0.004,200000
2471,400,59.007,38,94,38,0,0,1,0.03,0.004,200000
2472,7,-14.143,0,3,4,1,0,0,0.03,0.004,200000
2473,400,55.653,32,98,38,0,0,1,0.03,0.004,200000
2474,400,72.144,44,108,20,0,0,1,0.03,0.004,200000
2475,13,-8.43,0,6,0,1,0,0,0.03,0.004,200000
2476,83,0.113,7,29,3,1,0,0,0.03,0.004,200000
2477,7,-13.97,0,3,3,1,0,0,0.03,0.004,200000
2478,347,33.653,25,73,30,1,0,0,0.03,0.004,200000
2479,5,-13.791,0,3,1,1,0,0,0.03,0.004,200000
2480,400,51.313,32,86,45,0,0,1,0.03,0.004,200000
2481,400,46.804,29,70,8,0,0,1,0.03,0.004,200000
2482,400,57.839,37,92,27,0,0,1,0.03,0.004,200000
2483,7,-13.97,0,3,3,1,0,0,0.03,0.004,200000
2484,400,48.648,33,81,56,0,0,1,0.03,0.004,200000
2485,7,-13.919,0,3,3,1,0,0,0.03,0.004,200000
2486,400,61.631,36,100,30,0,0,1,0.03,0.004,200000
2487,128,13.414,17,46,3,1,0,0,0.03,0.004,200000
2488,400,21.816,16,53,79,0,0,1,0.03,0.004,200000
2489,307,38.223,29,79,21,1,0,0,0.03,0.004,200000
2490,400,48.306,31,87,55,0,0,1,0.03,0.004,200000
2491,10,-14.406,0,2,5,1,0,0,0.03,0.004,200000
2492,42,-5.49,5,16,2,1,0,0,0.03,0.004,200000
2493,400,72.604,42,119,16,0,0,1,0.03,0.004,200000
2494,393,56.892,42,96,22,1,0,0,0.03,0.004,200000
2495,32,-9.595,2,9,8,1,0,0,0.03,0.004,200000
2496,252,31.625,27,70,16,1,0,0,0.03,0.004,200000
2497,400,72.545,43,104,10,0,0,1,0.03,0.004,200000
2498,153,20.041,17,59,4,1,0,0,0.03,0.004,200000
2499,323,46.211,35,79,18,1,0,0,0.03,0.004,200000
2500,400,69.085,40,100,12,0,0,1,0.03,0.004,200000
2501,400,58.871,36,97,26,0,0,1,0.03,0.004,200000
2502,400,60.184,38,95,37,0,0,1,0.03,0.004,200000
2503,173,23.609,22,56,2,1,0,0,0.03,0.004,200000
2504,400,39.276,23,56,14,0,0,1,0.03,0.004,200000
2505,10,-14.206,0,4,6,1,0,0,0.03,0.004,200000
2506,55,-5.812,3,20,2,1,0,0,0.03,0.004,200000
2507,7,-13.77,0,4,3,1,0,0,0.03,0.004,200000
2508,100,9.236,10,38,2,1,0,0,0.03,0.004,200000
2509,400,63.724,36,96,6,0,0,1,0.03,0.004,200000
2510,400,57.636,36,81,12,0,0,1,0.03,0.004,200000
2511,400,56.653,37,84,39,0,0,1,0.03,0.004,200000
2512,110,5.305,10,35,9,1,0,0,0.03,0.004,200000
2513,20,-10.122,1,6,3,1,0,0,0.03,0.004,200000
2514,400,69.395,41,114,7,0,0,1,0.03,0.004,200000
2515,400,58.583,34,99,19,0,0,1,0.03,0.004,200000
2516,400,39.574,23,57,21,0,0,1,0.03,0.004,200000
2517,278,38.849,32,76,13,1,0,0,0.03,0.004,200000
2518,9,-14.322,0,3,6,1,0,0,0.03,0.004,200000
2519,400,66.472,41,102,15,0,0,1,0.03,0.004,200000
2520,25,-8.287,3,6,4,1,0,0,0.03,0.004,200000
2521,400,30.025,22,71,103,0,0,1,0.03,0.004,200000
2522,22,-9.507,0,5,8,1,0,0,0.03,0.004,200000
2523,176,21.281,22,46,10,1,0,0,0.03,0.004,200000
2524,400,64.381,38,97,14,0,0,1,0.03,0.004,200000
2525,335,47.128,35,91,20,1,0,0,0.03,0.004,200000
2526,28,-7.963,3,11,5,1,0,0,0.03,0.004,200000
2527,347,49.866,37,93,18,1,0,0,0.03,0.004,200000
2528,211,20.433,23,51,31,1,0,0,0.03,0.004,200000
2529,20,-15.898,0,3,15,1,0,0,0.03,0.004,200000
2530,16,-15.121,0,3,13,1,0,0,0.03,0.004,200000
2531,17,-15.106,0,3,12,1,0,0,0.03,0.004,200000
2532,7,-13.813,0,4,3,1,0,0,0.03,0.004,200000
2533,400,62.544,37,98,6,0,0,1,0.03,0.004,200000
2534,10,-14.286,0,3,6,1,0,0,0.03,0.004,200000
2535,400,62.872,39,85,27,0,0,1,0.03,0.004,200000
2536,9,-14.171,0,2,4,1,0,0,0.03,0.004,200000
2537,11,-14.4,0,4,8,1,0,0,0.03,0.004,200000
2538,162,14.996,14,54,11,1,0,0,0.03,0.004,200000
2539,400,64.521,38,94,7,0,0,1,0.03,0.004,200000
2540,400,75.646,45,114,5,0,0,1,0.03,0.004,200000
2541,105,8.324,9,46,9,1,0,0,0.03,0.004,200000
2542,35,-16.862,0,2,21,1,0,0,0.03,0.004,200000
2543,400,66.049,38,98,16,0,0,1,0.03,0.004,200000
2544,400,58.788,36,96,26,0,0,1,0.03,0.004,200000
2545,87,-0.373,6,31,10,1,0,0,0.03,0.004,200000
2546,375,9.601,13,39,59,1,0,0,0.03,0.004,200000
2547,7,-14.069,0,2,3,1,0,0,0.03,0.004,200000
2548,10,-14.386,0,3,7,1,0,0,0.03,0.004,200000
2549,13,-14.618,0,3,8,1,0,0,0.03,0.004,200000
2550,400,47.977,31,95,40,0,0,1,0.03,0.004,200000
2551,400,62.725,37,87,9,0,0,1,0.03,0.004,200000
2552,9,-14.222,0,3,6,1,0,0,0.03,0.004,200000
2553,92,6.55,10,34,2,1,0,0,0.03,0.004,200000
2554,400,49.653,33,70,22,0,0,1,0.03,0.004,200000
2555,12,-14.614,0,3,9,1,0,0,0.03,0.004,200000
2556,32,-6.21,1,10,2,1,0,0,0.03,0.004,200000
2557,375,62.59,42,107,2,1,0,0,0.03,0.004,200000
2558,400,63.233,40,96,24,0,0,1,0.03,0.004,200000
2559,400,29.286,20,46,10,0,0,1,0.03,0.004,200000
2560,7,-14.043,0,3,4,1,0,0,0.03,0.004,200000
2561,142,12.85,14,41,1,1,0,0,0.03,0.004,200000
2562,400,61.513,37,89,15,0,0,1,0.03,0.004,200000
2563,400,23.886,17,40,5,0,0,1,0.03,0.004,200000
2564,400,30.223,16,40,11,0,0,1,0.03,0.004,200000
2565,400,33.959,22,53,3,0,0,1,0.03,0.004,200000
2566,12,-14.484,0,4,8,1,0,0,0.03,0.004,200000
2567,13,-14.638,0,2,7,1,0,0,0.03,0.004,200000
2568,287,44.597,34,90,4,1,0,0,0.03,0.004,200000
2569,400,70.984,44,99,11,0,0,1,0.03,0.004,200000
2570,400,76.737,46,107,5,0,0,1,0.03,0.004,200000
2571,5,-13.964,0,2,2,1,0,0,0.03,0.004,200000
2572,400,66.983,41,99,7,0,0,1,0.03,0.004,200000
2573,400,74.057,45,106,5,0,0,1,0.03,0.004,200000
2574,400,39.158,25,70,50,0,0,1,0.03,0.004,200000
2575,400,50.591,32,69,15,0,0,1,0.03,0.004,200000
2576,31,-8.536,1,11,3,1,0,0,0.03,0.004,200000
2577,400,71.611,43,108,3,0,0,1,0.03,0.004,200000
2578,400,38.387,25,65,8,0,0,1,0.03,0.004,200000
2579,325,26.531,24,54,10,1,0,0,0.03,0.004,200000
2580,400,63.589,39,98,8,0,0,1,0.03,0.004,200000
2581,7,-13.993,0,4,4,1,0,0,0.03,0.004,200000
2582,175,24.463,21,55,5,1,0,0,0.03,0.004,200000
2583,400,36.548,21,66,24,0,0,1,0.03,0.004,200000
2584,400,78.143,48,111,4,0,0,1,0.03,0.004,200000
2585,20,-15.168,0,3,12,1,0,0,0.03,0.004,200000
2586,7,-14.093,0,2,3,1,0,0,0.03,0.004,200000
2587,400,21.893,13,41,6,0,0,1,0.03,0.004,200000
2588,298,33.322,27,94,21,1,0,0,0.03,0.004,200000
2589,400,51.61,32,78,1,0,0,1,0.03,0.004,200000
2590,210,29.005,21,73,5,1,0,0,0.03,0.004,200000
2591,124,13.298,16,42,2,1,0,0,0.03,0.004,200000
2592,400,54.021,33,80,10,0,0,1,0.03,0.004,200000
2593,386,19.902,22,55,6,1,0,0,0.03,0.004,200000
2594,9,-14.292,0,3,5,1,0,0,0.03,0.004,200000
2595,295,43.828,31,82,12,1,0,0,0.03,0.004,200000
2596,400,57.039,35,79,19,0,0,1,0.03,0.004,200000
2597,400,66.336,39,107,5,0,0,1,0.03,0.004,200000
2598,400,55.323,35,81,4,0,0,1,0.03,0.004,200000
2599,349,48.045,32,96,8,1,0,0,0.03,0.004,200000
2600,400,73.92,45,104,8,0,0,1,0.03,0.004,200000
2601,400,57.983,33,86,5,0,0,1,0.03,0.004,200000
2602,400,70.698,41,104,4,0,0,1,0.03,0.004,200000
2603,400,69.566,40,101,9,0,0,1,0.03,0.004,200000
2604,58,-4.566,4,15,4,1,0,0,0.03,0.004,200000
2605,400,68.055,41,97,7,0,0,1,0.03,0.004,200000
2606,400,67.023,38,106,3,0,0,1,0.03,0.004,200000
2607,400,62.29,39,98,4,0,0,1,0.03,0.004,200000
2608,145,15.423,16,51,14,1,0,0,0.03,0.004,200000
2609,400,65.429,38,100,3,0,0,1,0.03,0.004,200000
2610,380,20.096,21,59,4,1,0,0,0.03,0.004,200000
2611,400,30.227,19,47,1,0,0,1,0.03,0.004,200000
2612,389,58.169,44,101,4,1,0,0,0.03,0.004,200000
2613,78,3.127,6,31,1,1,0,0,0.03,0.004,200000
2614,400,69.307,41,101,7,0,0,1,0.03,0.004,200000
2615,400,62.5,37,93,14,0,0,1,0.03,0.004,200000
2616,400,69.677,40,100,4,0,0,1,0.03,0.004,200000
2617,400,54.389,32,81,4,0,0,1,0.03,0.004,200000
2618,15,-10.351,0,9,0,1,0,0,0.03,0.004,200000
2619,7,-14.593,0,3,4,1,0,0,0.03,0.004,200000
2620,209,-1.889,6,25,3,1,0,0,0.03,0.004,200000
2621,400,73.893,42,113,6,0,0,1,0.03,0.004,200000
2622,400,70.07,41,106,17,0,0,1,0.03,0.004,200000
2623,113,8.134,11,38,0,1,0,0,0.03,0.004,200000
2624,400,65.042,37,89,14,0,0,1,0.03,0.004,200000
2625,400,64.065,38,93,3,0,0,1,0.03,0.004,200000
2626,96,3.06,8,32,3,1,0,0,0.03,0.004,200000
2627,254,38.511,29,74,3,1,0,0,0.03,0.004,200000
2628,400,72.432,42,108,3,0,0,1,0.03,0.004,200000
2629,223,36.48,27,79,1,1,0,0,0.03,0.004,200000
2630,229,31.824,27,76,10,1,0,0,0.03,0.004,200000
2631,400,71.377,42,104,11,0,0,1,0.03,0.004,200000
2632,400,67.984,41,98,12,0,0,1,0.03,0.004,200000
2633,274,40.011,31,82,3,1,0,0,0.03,0.004,200000
2634,79,0.991,6,30,1,1,0,0,0.03,0.004,200000
2635,400,74.048,44,115,6,0,0,1,0.03,0.004,200000
2636,400,71.654,43,110,6,0,0,1,0.03,0.004,200000
2637,261,35.605,29,79,7,1,0,0,0.03,0.004,200000
2638,10,-14.456,0,2,6,1,0,0,0.03,0.004,200000
2639,320,43.421,30,89,4,1,0,0,0.03,0.004,200000
2640,82,3.17,6,25,0,1,0,0,0.03,0.004,200000
2641,400,69.764,41,102,4,0,0,1,0.03,0.004,200000
2642,316,52.342,40,90,5,1,0,0,0.03,0.004,200000
2643,400,73.77,42,121,4,0,0,1,0.03,0.004,200000
2644,400,46.186,28,71,4,0,0,1,0.03,0.004,200000
2645,353,54.626,36,96,2,1,0,0,0.03,0.004,200000
2646,400,73.251,42,105,2,0,0,1,0.03,0.004,200000
2647,281,39.588,32,70,4,1,0,0,0.03,0.004,200000
2648,400,73.171,44,113,6,0,0,1,0.03,0.004,200000
2649,400,75.469,44,110,2,0,0,1,0.03,0.004,200000
2650,7,-13.963,0,4,3,1,0,0,0.03,0.004,200000
2651,400,75.871,44,116,2,0,0,1,0.03,0.004,200000
2652,400,66.433,38,95,7,0,0,1,0.03,0.004,200000
2653,133,11.665,14,46,3,1,0,0,0.03,0.004,200000
2654,109,9.089,10,39,5,1,0,0,0.03,0.004,200000
2655,400,71.266,41,113,3,0,0,1,0.03,0.004,200000
2656,400,44.777,26,69,19,0,0,1,0.03,0.004,200000
2657,16,-15.13,0,2,12,1,0,0,0.03,0.004,200000
2658,67,-0.045,4,25,0,1,0,0,0.03,0.004,200000
2659,400,54.481,33,83,27,0,0,1,0.03,0.004,200000
2660,117,11.63,13,40,1,1,0,0,0.03,0.004,200000
2661,242,32.044,27,70,8,1,0,0,0.03,0.004,200000
2662,400,54.507,35,91,47,0,0,1,0.03,0.004,200000
2663,245,33.486,27,69,7,1,0,0,0.03,0.004,200000
2664,195,13.242,15,40,4,1,0,0,0.03,0.004,200000
2665,400,72.626,43,108,3,0,0,1,0.03,0.004,200000
2666,6,-9.415,0,3,0,1,0,0,0.03,0.004,200000
2667,230,35.755,28,72,4,1,0,0,0.03,0.004,200000
2668,264,39.734,29,80,1,1,0,0,0.03,0.004,200000
2669,212,27.424,22,66,0,1,0,0,0.03,0.004,200000
2670,230,37.456,32,67,1,1,0,0,0.03,0.004,200000
2671,141,13.414,15,42,0,1,0,0,0.03,0.004,200000
2672,400,62.505,36,96,11,0,0,1,0.03,0.004,200000
2673,400,64.565,39,76,4,0,0,1,0.03,0.004,200000
2674,400,75.202,44,106,3,0,0,1,0.03,0.004,200000
2675,400,74.773,43,114,5,0,0,1,0.03,0.004,200000
2676,385,61.08,44,115,6,1,0,0,0.03,0.004,200000
2677,400,70.756,44,103,11,0,0,1,0.03,0.004,200000
2678,400,60.563,34,96,1,0,0,1,0.03,0.004,200000
2679,400,68.7,42,109,4,0,0,1,0.03,0.004,200000
2680,333,49.469,38,95,10,1,0,0,0.03,0.004,200000
2681,400,61.425,34,93,3,0,0,1,0.03,0.004,200000
2682,67,1.997,6,23,3,1,0,0,0.03,0.004,200000
2683,400,73.071,42,106,2,0,0,1,0.03,0.004,200000
2684,400,70.136,40,102,3,0,0,1,0.03,0.004,200000
2685,7,-12.455,0,3,4,1,0,0,0.03,0.004,200000
2686,400,71.195,41,108,5,0,0,1,0.03,0.004,200000
2687,400,70.929,42,100,4,0,0,1,0.03,0.004,200000
2688,400,77.172,46,124,4,0,0,1,0.03,0.004,200000
2689,400,74.657,43,104,5,0,0,1,0.03,0.004,200000
2690,289,38.573,27,79,3,1,0,0,0.03,0.004,200000
2691,400,78.787,46,111,1,0,0,1,0.03,0.004,200000
2692,400,71.582,43,100,1,0,0,1,0.03,0.004,200000
2693,255,39.068,27,86,2,1,0,0,0.03,0.004,200000
2694,95,5.896,11,26,0,1,0,0,0.03,0.004,200000
2695,400,70.213,41,103,9,0,0,1,0.03,0.004,200000
2696,400,77.059,46,113,7,0,0,1,0.03,0.004,200000
2697,201,23.271,21,53,3,1,0,0,0.03,0.004,200000
2698,165,18.167,17,55,1,1,0,0,0.03,0.004,200000
2699,258,39.276,29,80,0,1,0,0,0.03,0.004,200000
2700,400,74.63,45,120,8,0,0,1,0.03,0.004,200000
2701,400,60.171,34,91,6,0,0,1,0.03,0.004,200000
2702,400,65.138,37,100,5,0,0,1,0.03,0.004,200000
2703,61,2.876,9,22,2,1,0,0,0.03,0.004,200000
2704,400,57.609,35,86,8,0,0,1,0.03,0.004,200000
2705,395,63.646,47,108,3,1,0,0,0.03,0.004,200000
2706,400,74.006,43,115,5,0,0,1,0.03,0.004,200000
2707,268,34.939,26,66,8,1,0,0,0.03,0.004,200000
2708,205,21.515,19,50,3,1,0,0,0.03,0.004,200000
2709,123,8.662,12,39,3,1,0,0,0.03,0.004,200000
2710,264,38.386,28,75,6,1,0,0,0.03,0.004,200000
2711,400,76.243,47,108,7,0,0,1,0.03,0.004,200000
2712,400,45.734,27,71,5,0,0,1,0.03,0.004,200000
2713,400,49.022,28,71,2,0,0,1,0.03,0.004,200000
2714,88,3.57,8,19,1,1,0,0,0.03,0.004,200000
2715,92,10.49,11,39,1,1,0,0,0.03,0.004,200000
2716,70,-2.831,5,18,3,1,0,0,0.03,0.004,200000
2717,160,18.569,15,55,3,1,0,0,0.03,0.004,200000
2718,400,76.189,43,111,2,0,0,1,0.03,0.004,200000
2719,400,78.502,46,124,5,0,0,1,0.03,0.004,200000
2720,400,47.256,27,71,2,0,0,1,0.03,0.004,200000
2721,400,69.524,39,109,1,0,0,1,0.03,0.004,200000
2722,374,66.975,48,117,3,1,0,0,0.03,0.004,200000
2723,400,73.402,44,103,1,0,0,1,0.03,0.004,200000
2724,400,68.847,40,108,9,0,0,1,0.03,0.004,200000
2725,34,-4.664,2,11,0,1,0,0,0.03,0.004,200000
2726,30,-5.902,1,14,0,1,0,0,0.03,0.004,200000
2727,400,71.271,40,106,9,0,0,1,0.03,0.004,200000
2728,400,67.643,38,108,5,0,0,1,0.03,0.004,200000
2729,400,75.301,45,109,7,0,0,1,0.03,0.004,200000
2730,73,1.195,9,23,3,1,0,0,0.03,0.004,200000
2731,400,72.363,41,109,3,0,0,1,0.03,0.004,200000
2732,400,63.412,38,93,10,0,0,1,0.03,0.004,200000
2733,400,71.819,42,113,2,0,0,1,0.03,0.004,200000
2734,400,73.559,45,109,6,0,0,1,0.03,0.004,200000
2735,230,31.225,25,54,4,1,0,0,0.03,0.004,200000
2736,400,71.408,42,108,7,0,0,1,0.03,0.004,200000
2737,7,-8.986,0,3,0,1,0,0,0.03,0.004,200000
2738,400,67.258,40,97,2,0,0,1,0.03,0.004,200000
2739,400,57.754,35,86,4,0,0,1,0.03,0.004,200000
2740,32,-5.864,1,13,0,1,0,0,0.03,0.004,200000
2741,400,62.479,36,102,5,0,0,1,0.03,0.004,200000
2742,82,6.283,9,32,1,1,0,0,0.03,0.004,200000
2743,400,71.355,43,104,9,0,0,1,0.03,0.004,200000
2744,207,35.198,27,71,4,1,0,0,0.03,0.004,200000
2745,400,60.561,35,84,18,0,0,1,0.03,0.004,200000
2746,400,44.761,25,78,11,0,0,1,0.03,0.004,200000
2747,51,-3.264,4,19,0,1,0,0,0.03,0.004,200000
2748,44,-14.632,0,2,4,1,0,0,0.03,0.004,200000
2749,400,46.96,28,78,1,0,0,1,0.03,0.004,200000
2750,272,-17.255,0,2,4,1,0,0,0.03,0.004,200000
2751,400,55.271,34,87,6,0,0,1,0.03,0.004,200000
2752,5,-13.691,0,3,1,1,0,0,0.03,0.004,200000
2753,7,-9.134,0,3,0,1,0,0,0.03,0.004,200000
2754,164,22.36,18,53,1,1,0,0,0.03,0.004,200000
2755,400,35.542,23,64,4,0,0,1,0.03,0.004,200000
2756,400,38.464,24,75,72,0,0,1,0.03,0.004,200000
2757,7,-9.116,0,3,1,1,0,0,0.03,0.004,200000
2758,369,54.393,37,102,5,1,0,0,0.03,0.004,200000
2759,400,75.989,45,110,8,0,0,1,0.03,0.004,200000
2760,400,67.887,42,100,4,0,0,1,0.03,0.004,200000
2761,400,64.872,42,92,4,0,0,1,0.03,0.004,200000
2762,400,71.116,42,103,5,0,0,1,0.03,0.004,200000
2763,400,71.483,41,111,11,0,0,1,0.03,0.004,200000
2764,400,73.628,43,112,9,0,0,1,0.03,0.004,200000
2765,168,21.025,18,49,5,1,0,0,0.03,0.004,200000
2766,265,39.205,29,86,3,1,0,0,0.03,0.004,200000
2767,400,74.359,45,108,12,0,0,1,0.03,0.004,200000
2768,15,-14.697,0,3,9,1,0,0,0.03,0.004,200000
2769,250,44.892,36,80,2,1,0,0,0.03,0.004,200000
2770,400,62.276,37,94,5,0,0,1,0.03,0.004,200000
2771,400,72.712,43,108,8,0,0,1,0.03,0.004,200000
2772,400,68.887,40,110,4,0,0,1,0.03,0.004,200000
2773,20,-9.652,2,9,3,1,0,0,0.03,0.004,200000
2774,400,35.77,22,61,28,0,0,1,0.03,0.004,200000
2775,400,73.367,44,112,12,0,0,1,0.03,0.004,200000
2776,400,78.115,46,111,4,0,0,1,0.03,0.004,200000
2777,41,-4.703,4,22,2,1,0,0,0.03,0.004,200000
2778,5,-13.864,0,3,2,1,0,0,0.03,0.004,200000
2779,400,72.722,42,104,4,0,0,1,0.03,0.004,200000
2780,400,51.511,29,86,0,0,0,1,0.03,0.004,200000
2781,7,-14.223,0,2,4,1,0,0,0.03,0.004,200000
2782,400,63.496,38,92,9,0,0,1,0.03,0.004,200000
2783,400,67.463,42,101,5,0,0,1,0.03,0.004,200000
2784,400,74.462,44,121,6,0,0,1,0.03,0.004,200000
2785,400,60.135,35,92,5,0,0,1,0.03,0.004,200000
2786,400,72.365,42,109,6,0,0,1,0.03,0.004,200000
2787,400,73.954,46,119,4,0,0,1,0.03,0.004,200000
2788,400,74.339,43,105,9,0,0,1,0.03,0.004,200000
2789,92,4.003,10,26,4,1,0,0,0.03,0.004,200000
2790,400,74.112,44,98,6,0,0,1,0.03,0.004,200000
2791,400,72.64,41,117,5,0,0,1,0.03,0.004,200000
2792,400,74.337,44,108,3,0,0,1,0.03,0.004,200000
2793,400,59.408,34,84,6,0,0,1,0.03,0.004,200000
2794,400,76.399,45,110,6,0,0,1,0.03,0.004,200000
2795,177,23.049,18,64,1,1,0,0,0.03,0.004,200000
2796,400,68.462,39,98,5,0,0,1,0.03,0.004,200000
2797,7,-14.119,0,2,3,1,0,0,0.03,0.004,200000
2798,114,7.673,8,40,2,1,0,0,0.03,0.004,200000
2799,255,30.774,23,67,10,1,0,0,0.03,0.004,200000
2800,400,73.46,44,110,2,0,0,1,0.03,0.004,200000
2801,10,-14.466,0,3,7,1,0,0,0.03,0.004,200000
2802,13,-12.297,0,2,6,1,0,0,0.03,0.004,200000
2803,363,55.597,35,112,4,1,0,0,0.03,0.004,200000
2804,183,26.145,23,66,3,1,0,0,0.03,0.004,200000
2805,400,50.479,30,90,5,0,0,1,0.03,0.004,200000
2806,400,67.543,41,101,7,0,0,1,0.03,0.004,200000
2807,400,26.289,17,42,1,0,0,1,0.03,0.004,200000
2808,6,-9.372,0,3,1,1,0,0,0.03,0.004,200000
2809,400,72.88,43,109,3,0,0,1,0.03,0.004,200000
2810,125,17.614,16,49,3,1,0,0,0.03,0.004,200000
2811,400,31.862,20,57,13,0,0,1,0.03,0.004,200000
2812,400,65.377,39,100,8,0,0,1,0.03,0.004,200000
2813,357,59.097,41,108,2,1,0,0,0.03,0.004,200000
2814,400,-4.846,0,2,5,0,0,1,0.03,0.004,200000
2815,65,-2.087,3,23,1,1,0,0,0.03,0.004,200000
2816,400,75.293,43,110,4,0,0,1,0.03,0.004,200000
2817,400,78.886,47,114,5,0,0,1,0.03,0.004,200000
2818,400,60.173,33,79,3,0,0,1,0.03,0.004,200000
2819,400,74.195,46,109,8,0,0,1,0.03,0.004,200000
2820,6,-9.465,0,2,0,1,0,0,0.03,0.004,200000
2821,10,-13.836,0,4,1,1,0,0,0.03,0.004,200000
2822,9,-14.431,0,3,7,1,0,0,0.03,0.004,200000
2823,10,-14.416,0,3,7,1,0,0,0.03,0.004,200000
2824,400,2.868,8,32,121,0,0,1,0.03,0.004,200000
2825,97,7.648,9,29,2,1,0,0,0.03,0.004,200000
2826,400,68.881,42,107,6,0,0,1,0.03,0.004,200000
2827,400,72.869,44,110,4,0,0,1,0.03,0.004,200000
2828,400,70.186,41,98,5,0,0,1,0.03,0.004,200000
2829,400,77.325,49,112,5,0,0,1,0.03,0.004,200000
2830,297,45.26,34,80,4,1,0,0,0.03,0.004,200000
2831,400,42.887,27,69,4,0,0,1,0.03,0.004,200000
2832,10,-14.312,0,3,6,1,0,0,0.03,0.004,200000
2833,400,54.642,33,95,18,0,0,1,0.03,0.004,200000
2834,63,-15.801,0,2,1,1,0,0,0.03,0.004,200000
2835,400,70.811,40,104,4,0,0,1,0.03,0.004,200000
2836,400,56.771,35,90,5,0,0,1,0.03,0.004,200000
2837,66,-2.224,6,20,4,1,0,0,0.03,0.004,200000
2838,20,-10.256,1,7,3,1,0,0,0.03,0.004,200000
2839,400,-0.315,4,20,90,0,0,1,0.03,0.004,200000
2840,21,-10.238,1,7,5,1,0,0,0.03,0.004,200000
2841,156,-2.279,8,25,5,1,0,0,0.03,0.004,200000
2842,20,-14.328,0,3,1,1,0,0,0.03,0.004,200000
2843,174,-19.654,0,4,5,1,0,0,0.03,0.004,200000
2844,273,31.279,24,78,10,1,0,0,0.03,0.004,200000
2845,96,-1.727,4,19,12,1,0,0,0.03,0.004,200000
2846,400,50.439,33,74,11,0,0,1,0.03,0.004,200000
2847,400,69.383,42,107,2,0,0,1,0.03,0.004,200000
2848,7,-14.173,0,3,5,1,0,0,0.03,0.004,200000
2849,400,53.237,30,83,9,0,0,1,0.03,0.004,200000
2850,214,13.731,15,49,10,1,0,0,0.03,0.004,200000
2851,400,70.172,42,94,8,0,0,1,0.03,0.004,200000
2852,260,38.038,31,84,10,1,0,0,0.03,0.004,200000
2853,400,45.75,32,81,53,0,0,1,0.03,0.004,200000
2854,12,-14.484,0,4,8,1,0,0,0.03,0.004,200000
2855,13,-14.648,0,3,8,1,0,0,0.03,0.004,200000
2856,400,46.389,28,75,3,0,0,1,0.03,0.004,200000
2857,400,77.844,48,116,13,0,0,1,0.03,0.004,200000
2858,400,30.621,17,57,10,0,0,1,0.03,0.004,200000
2859,400,72.709,41,106,9,0,0,1,0.03,0.004,200000
2860,400,63.065,35,100,10,0,0,1,0.03,0.004,200000
2861,42,-5.929,3,15,3,1,0,0,0.03,0.004,200000
2862,400,64.263,40,93,37,0,0,1,0.03,0.004,200000
2863,14,-14.023,0,3,1,1,0,0,0.03,0.004,200000
2864,400,39.507,24,70,21,0,0,1,0.03,0.004,200000
2865,400,12.419,8,24,20,0,0,1,0.03,0.004,200000
2866,400,64.107,38,83,5,0,0,1,0.03,0.004,200000
2867,172,9.119,13,44,27,1,0,0,0.03,0.004,200000
2868,58,-5.129,5,17,8,1,0,0,0.03,0.004,200000
2869,13,-14.424,0,4,8,1,0,0,0.03,0.004,200000
2870,259,37.607,27,73,1,1,0,0,0.03,0.004,200000
2871,107,-1.513,3,26,11,1,0,0,0.03,0.004,200000
2872,82,6.357,9,28,2,1,0,0,0.03,0.004,200000
2873,400,33.947,22,55,20,0,0,1,0.03,0.004,200000
2874,106,10.948,13,32,4,1,0,0,0.03,0.004,200000
2875,22,-7.927,0,8,1,1,0,0,0.03,0.004,200000
2876,400,22.862,15,39,6,0,0,1,0.03,0.004,200000
2877,400,46.16,28,75,1,0,0,1,0.03,0.004,200000
2878,400,68.341,42,98,7,0,0,1,0.03,0.004,200000
2879,7,-14.353,0,2,6,1,0,0,0.03,0.004,200000
2880,85,-7.674,3,14,20,1,0,0,0.03,0.004,200000
2881,400,63.553,40,96,34,0,0,1,0.03,0.004,200000
2882,400,18.79,10,35,44,0,0,1,0.03,0.004,200000
2883,400,72.992,44,106,11,0,0,1,0.03,0.004,200000
2884,400,65.992,39,107,33,0,0,1,0.03,0.004,200000
2885,400,74.06,44,109,8,0,0,1,0.03,0.004,200000
2886,400,73.489,43,118,15,0,0,1,0.03,0.004,200000
2887,25,-9.476,0,6,9,1,0,0,0.03,0.004,200000
2888,400,61.867,38,86,7,0,0,1,0.03,0.004,200000
2889,7,-13.993,0,4,4,1,0,0,0.03,0.004,200000
2890,400,60.352,36,96,27,0,0,1,0.03,0.004,200000
2891,124,13.423,13,47,4,1,0,0,0.03,0.004,200000
2892,7,-14.123,0,3,5,1,0,0,0.03,0.004,200000
2893,400,67.47,39,95,12,0,0,1,0.03,0.004,200000
2894,247,37.149,30,77,11,1,0,0,0.03,0.004,200000
2895,7,-13.843,0,4,3,1,0,0,0.03,0.004,200000
2896,400,70.464,42,105,7,0,0,1,0.03,0.004,200000
2897,400,43.587,29,65,32,0,0,1,0.03,0.004,200000
2898,7,-9.527,0,2,0,1,0,0,0.03,0.004,200000
2899,400,49.167,29,82,35,0,0,1,0.03,0.004,200000
2900,400,65.957,39,93,4,0,0,1,0.03,0.004,200000
2901,7,-14.153,0,3,5,1,0,0,0.03,0.004,200000
2902,400,65.245,39,93,12,0,0,1,0.03,0.004,200000
2903,400,75.435,43,118,2,0,0,1,0.03,0.004,200000
2904,57,-13.356,0,10,23,1,0,0,0.03,0.004,200000
2905,400,43.384,24,54,1,0,0,1,0.03,0.004,200000
2906,400,68.757,43,95,20,0,0,1,0.03,0.004,200000
2907,338,52.988,36,91,3,1,0,0,0.03,0.004,200000
2908,400,63.875,37,102,5,0,0,1,0.03,0.004,200000
2909,400,77.558,47,109,6,0,0,1,0.03,0.004,200000
2910,291,42.571,32,87,4,1,0,0,0.03,0.004,200000
2911,400,7.949,7,23,28,0,0,1,0.03,0.004,200000
2912,7,-9.427,0,3,0,1,0,0,0.03,0.004,200000
2913,87,7.283,12,36,5,1,0,0,0.03,0.004,200000
2914,7,-14.123,0,3,5,1,0,0,0.03,0.004,200000
2915,400,49.03,27,85,6,0,0,1,0.03,0.004,200000
2916,400,71.692,43,105,13,0,0,1,0.03,0.004,200000
2917,188,24.447,21,60,5,1,0,0,0.03,0.004,200000
2918,400,50.341,32,85,55,0,0,1,0.03,0.004,200000
2919,369,45.621,35,87,8,1,0,0,0.03,0.004,200000
2920,173,23.384,21,63,4,1,0,0,0.03,0.004,200000
2921,400,65.748,40,104,7,0,0,1,0.03,0.004,200000
2922,7,-14.323,0,2,5,1,0,0,0.03,0.004,200000
2923,243,20.889,19,68,23,1,0,0,0.03,0.004,200000
2924,6,-9.365,0,3,0,1,0,0,0.03,0.004,200000
2925,22,-7.963,0,8,1,1,0,0,0.03,0.004,200000
2926,7,-13.999,0,3,3,1,0,0,0.03,0.004,200000
2927,389,60.972,40,116,8,1,0,0,0.03,0.004,200000
2928,13,-14.352,0,2,5,1,0,0,0.03,0.004,200000
2929,70,0.043,5,21,6,1,0,0,0.03,0.004,200000
2930,19,-14.66,0,3,13,1,0,0,0.03,0.004,200000
2931,7,-14.043,0,4,4,1,0,0,0.03,0.004,200000
2932,103,5.263,11,30,7,1,0,0,0.03,0.004,200000
2933,400,49.207,25,65,14,0,0,1,0.03,0.004,200000
2934,7,-14.12,0,2,3,1,0,0,0.03,0.004,200000
2935,400,59.37,35,92,7,0,0,1,0.03,0.004,200000
2936,400,70.104,42,104,19,0,0,1,0.03,0.004,200000
2937,10,-14.516,0,3,8,1,0,0,0.03,0.004,200000
2938,400,69.818,39,106,10,0,0,1,0.03,0.004,200000
2939,86,-1.999,4,27,2,1,0,0,0.03,0.004,200000
2940,400,69.879,43,98,4,0,0,1,0.03,0.004,200000
2941,220,35.494,26,80,2,1,0,0,0.03,0.004,200000
2942,21,-9.209,1,8,0,1,0,0,0.03,0.004,200000
2943,400,75.079,44,110,7,0,0,1,0.03,0.004,200000
2944,275,12.45,13,50,10,1,0,0,0.03,0.004,200000
2945,9,-10.063,0,2,3,1,0,0,0.03,0.004,200000
2946,243,42.767,32,81,3,1,0,0,0.03,0.004,200000
2947,7,-13.973,0,4,5,1,0,0,0.03,0.004,200000
2948,400,63.279,38,101,2,0,0,1,0.03,0.004,200000
2949,7,-14.093,0,3,4,1,0,0,0.03,0.004,200000
2950,400,78.978,46,112,4,0,0,1,0.03,0.004,200000
2951,400,71.412,42,102,9,0,0,1,0.03,0.004,200000
2952,5,-13.72,0,4,2,1,0,0,0.03,0.004,200000
2953,229,38.157,30,67,2,1,0,0,0.03,0.004,200000
2954,400,55.847,32,95,23,0,0,1,0.03,0.004,200000
2955,7,-14.123,0,3,5,1,0,0,0.03,0.004,200000
2956,21,-7.266,1,10,1,1,0,0,0.03,0.004,200000
2957,400,58.595,33,92,10,0,0,1,0.03,0.004,200000
2958,400,76.233,46,103,6,0,0,1,0.03,0.004,200000
2959,400,73.246,43,107,3,0,0,1,0.03,0.004,200000
2960,400,74.947,43,116,2,0,0,1,0.03,0.004,200000
2961,23,-7.776,0,10,0,1,0,0,0.03,0.004,200000
2962,400,73.469,44,109,4,0,0,1,0.03,0.004,200000
2963,400,74.626,45,115,5,0,0,1,0.03,0.004,200000
2964,400,71.777,43,104,11,0,0,1,0.03,0.004,200000
2965,400,55.037,33,88,8,0,0,1,0.03,0.004,200000
2966,175,28.105,22,59,3,1,0,0,0.03,0.004,200000
2967,400,42.447,25,75,9,0,0,1,0.03,0.004,200000
2968,400,71.688,42,106,6,0,0,1,0.03,0.004,200000
2969,332,49.478,34,93,5,1,0,0,0.03,0.004,200000
2970,400,39.969,23,65,1,0,0,1,0.03,0.004,200000
2971,400,74.848,45,110,8,0,0,1,0.03,0.004,200000
2972,400,75.317,44,116,3,0,0,1,0.03,0.004,200000
2973,400,66.388,40,96,4,0,0,1,0.03,0.004,200000
2974,400,76.973,46,114,2,0,0,1,0.03,0.004,200000
2975,130,12.786,12,41,2,1,0,0,0.03,0.004,200000
2976,77,1.678,8,23,2,1,0,0,0.03,0.004,200000
2977,400,31.839,17,65,4,0,0,1,0.03,0.004,200000
2978,400,73.546,45,101,4,0,0,1,0.03,0.004,200000
2979,400,60.791,36,86,6,0,0,1,0.03,0.004,200000
2980,400,73.387,42,113,6,0,0,1,0.03,0.004,200000
2981,400,56.912,33,95,2,0,0,1,0.03,0.004,200000
2982,128,11.325,9,49,1,1,0,0,0.03,0.004,200000
2983,400,77.376,45,118,4,0,0,1,0.03,0.004,200000
2984,121,13.499,12,51,3,1,0,0,0.03,0.004,200000
2985,400,68.77,40,112,7,0,0,1,0.03,0.004,200000
2986,91,7.078,8,35,0,1,0,0,0.03,0.004,200000
2987,400,70.782,44,100,6,0,0,1,0.03,0.004,200000
2988,400,65.487,39,104,3,0,0,1,0.03,0.004,200000
2989,72,-2.489,4,22,2,1,0,0,0.03,0.004,200000
2990,76,-2.344,4,27,5,1,0,0,0.03,0.004,200000
2991,400,73.297,42,105,3,0,0,1,0.03,0.004,200000
2992,10,-14.286,0,4,7,1,0,0,0.03,0.004,200000
2993,400,75.513,47,103,2,0,0,1,0.03,0.004,200000
2994,273,43.541,31,92,3,1,0,0,0.03,0.004,200000
2995,21,-6.683,1,8,0,1,0,0,0.03,0.004,200000
2996,104,8.857,9,37,1,1,0,0,0.03,0.004,200000
2997,400,70.184,44,104,15,0,0,1,0.03,0.004,200000
2998,400,73.816,44,98,2,0,0,1,0.03,0.004,200000
2999,400,78.511,46,107,2,0,0,1,0.03,0.004,200000
3000,400,71.982,45,107,7,0,0,1,0.03,0.004,200000
