episode,steps,total_reward,coins,crates,invalid,killed_self,killed_opponents,survived,epsilon,alpha,buffer
1,10,-13.227,0,3,6,1,0,0,1.0,0.02,10
2,7,-12.377,0,3,3,1,0,0,0.999,0.02,17
3,9,-14.621,0,2,5,1,0,0,0.999,0.02,26
4,17,-10.763,0,3,6,1,0,0,0.998,0.02,43
5,9,-14.249,0,4,3,1,0,0,0.997,0.02,52
6,5,-12.852,0,3,3,1,0,0,0.997,0.0199,57
7,8,-14.335,0,2,2,1,0,0,0.996,0.0199,65
8,17,-13.846,0,4,5,1,0,0,0.995,0.0199,82
9,5,-13.602,0,3,3,1,0,0,0.995,0.0199,87
10,5,-13.372,0,4,2,1,0,0,0.994,0.0199,92
11,11,-13.357,0,1,5,1,0,0,0.994,0.0199,103
12,26,-13.731,0,4,9,1,0,0,0.993,0.0199,129
13,7,-12.869,0,2,2,1,0,0,0.992,0.0199,136
14,15,-15.037,0,3,8,1,0,0,0.992,0.0199,151
15,7,-12.777,0,1,5,1,0,0,0.991,0.0199,158
16,10,-12.845,0,6,5,1,0,0,0.99,0.0198,168
17,7,-13.474,0,4,3,1,0,0,0.99,0.0198,175
18,6,-13.755,0,2,4,1,0,0,0.989,0.0198,181
19,12,-13.774,0,4,5,1,0,0,0.988,0.0198,193
20,5,-13.401,0,3,3,1,0,0,0.988,0.0198,198
21,6,-13.406,0,4,2,1,0,0,0.987,0.0198,204
22,11,-13.902,0,3,5,1,0,0,0.986,0.0198,215
23,12,-13.347,0,3,6,1,0,0,0.986,0.0198,227
24,10,-13.237,0,2,5,1,0,0,0.985,0.0198,237
25,6,-12.988,0,2,3,1,0,0,0.984,0.0197,243
26,5,-13.825,0,2,4,1,0,0,0.984,0.0197,248
27,12,-13.165,0,3,5,1,0,0,0.983,0.0197,260
28,11,-13.431,0,2,7,1,0,0,0.983,0.0197,271
29,6,-13.616,0,3,4,1,0,0,0.982,0.0197,277
30,17,-14.309,0,3,8,1,0,0,0.981,0.0197,294
31,7,-12.953,0,3,4,1,0,0,0.981,0.0197,301
32,6,-13.004,0,1,2,1,0,0,0.98,0.0197,307
33,29,-14.204,0,2,11,1,0,0,0.979,0.0197,336
34,24,-13.796,0,2,12,1,0,0,0.979,0.0196,360
35,5,-12.125,0,3,2,1,0,0,0.978,0.0196,365
36,12,-13.325,0,3,7,1,0,0,0.977,0.0196,377
37,8,-13.146,0,3,6,1,0,0,0.977,0.0196,385
38,5,-14.264,0,2,2,1,0,0,0.976,0.0196,390
39,7,-12.425,0,3,3,1,0,0,0.975,0.0196,397
40,11,-13.321,0,2,5,1,0,0,0.975,0.0196,408
41,9,-13.282,0,2,6,1,0,0,0.974,0.0196,417
42,14,-13.375,0,3,6,1,0,0,0.973,0.0196,431
43,8,-13.257,0,2,5,1,0,0,0.973,0.0196,439
44,6,-14.315,0,3,4,1,0,0,0.972,0.0195,445
45,7,-13.533,0,3,2,1,0,0,0.972,0.0195,452
46,9,-14.318,0,4,4,1,0,0,0.971,0.0195,461
47,20,-14.372,0,4,9,1,0,0,0.97,0.0195,481
48,20,-13.021,0,3,7,1,0,0,0.97,0.0195,501
49,9,-13.35,0,1,5,1,0,0,0.969,0.0195,510
50,9,-13.784,0,3,4,1,0,0,0.968,0.0195,519
51,6,-14.439,0,3,5,1,0,0,0.968,0.0195,525
52,9,-14.601,0,2,5,1,0,0,0.967,0.0195,534
53,7,-13.68,0,4,5,1,0,0,0.966,0.0194,541
54,6,-13.665,0,3,4,1,0,0,0.966,0.0194,547
55,10,-13.963,0,3,6,1,0,0,0.965,0.0194,557
56,10,-12.56,0,3,4,1,0,0,0.964,0.0194,567
57,7,-12.297,0,3,2,1,0,0,0.964,0.0194,574
58,14,-13.575,0,4,9,1,0,0,0.963,0.0194,588
59,15,-14.369,0,3,10,1,0,0,0.962,0.0194,603
60,6,-13.479,0,4,3,1,0,0,0.962,0.0194,609
61,10,-12.784,0,2,5,1,0,0,0.961,0.0194,619
62,13,-12.974,0,2,6,1,0,0,0.961,0.0193,632
63,6,-12.975,0,2,3,1,0,0,0.96,0.0193,638
64,17,-14.728,0,3,5,1,0,0,0.959,0.0193,655
65,18,-13.123,0,3,9,1,0,0,0.959,0.0193,673
66,8,-13.845,0,4,6,1,0,0,0.958,0.0193,681
67,10,-12.51,0,3,4,1,0,0,0.957,0.0193,691
68,5,-12.469,0,1,2,1,0,0,0.957,0.0193,696
69,16,-14.742,0,3,6,1,0,0,0.956,0.0193,712
70,7,-13.201,0,1,4,1,0,0,0.955,0.0193,719
71,6,-14.509,0,2,4,1,0,0,0.955,0.0193,725
72,5,-13.321,0,4,2,1,0,0,0.954,0.0192,730
73,34,-14.255,0,3,12,1,0,0,0.953,0.0192,764
74,5,-13.544,0,3,3,1,0,0,0.953,0.0192,769
75,5,-14.201,0,3,3,1,0,0,0.952,0.0192,774
76,7,-12.922,0,3,3,1,0,0,0.952,0.0192,781
77,5,-13.342,0,3,1,1,0,0,0.951,0.0192,786
78,16,-13.665,0,3,9,1,0,0,0.95,0.0192,802
79,11,-13.231,0,2,5,1,0,0,0.95,0.0192,813
80,10,-12.469,0,4,4,1,0,0,0.949,0.0192,823
81,32,-14.475,0,3,12,1,0,0,0.948,0.0191,855
82,22,-14.172,0,2,13,1,0,0,0.948,0.0191,877
83,7,-12.942,0,2,2,1,0,0,0.947,0.0191,884
84,7,-13.603,0,3,3,1,0,0,0.946,0.0191,891
85,5,-14.395,0,1,2,1,0,0,0.946,0.0191,896
86,19,-14.195,0,1,12,1,0,0,0.945,0.0191,915
87,11,-12.681,0,2,5,1,0,0,0.944,0.0191,926
88,10,-12.902,0,2,7,1,0,0,0.944,0.0191,936
89,9,-13.228,0,2,5,1,0,0,0.943,0.0191,945
90,6,-12.359,0,2,2,1,0,0,0.942,0.0191,951
91,5,-14.251,0,3,3,1,0,0,0.942,0.019,956
92,22,-13.976,0,3,10,1,0,0,0.941,0.019,978
93,6,-14.215,0,4,4,1,0,0,0.941,0.019,984
94,12,-13.267,0,2,5,1,0,0,0.94,0.019,996
95,5,-12.969,0,1,2,1,0,0,0.939,0.019,1001
96,6,-14.106,0,3,2,1,0,0,0.939,0.019,1007
97,13,-12.799,0,2,5,1,0,0,0.938,0.019,1020
98,5,-14.145,0,3,3,1,0,0,0.937,0.019,1025
99,5,-12.224,0,3,3,1,0,0,0.937,0.019,1030
100,17,-14.723,0,1,11,1,0,0,0.936,0.0189,1047
101,17,-13.609,0,3,9,1,0,0,0.935,0.0189,1064
102,12,-12.77,0,3,7,1,0,0,0.935,0.0189,1076
103,6,-13.586,0,3,3,1,0,0,0.934,0.0189,1082
104,37,-16.697,0,7,20,1,0,0,0.933,0.0189,1119
105,8,-10.055,0,1,3,1,0,0,0.933,0.0189,1127
106,10,-13.893,0,2,5,1,0,0,0.932,0.0189,1137
107,12,-13.156,0,3,5,1,0,0,0.931,0.0189,1149
108,7,-12.722,0,4,2,1,0,0,0.931,0.0189,1156
109,6,-14.475,0,1,3,1,0,0,0.93,0.0188,1162
110,7,-12.493,0,1,2,1,0,0,0.93,0.0188,1169
111,10,-12.87,0,2,6,1,0,0,0.929,0.0188,1179
112,8,-13.745,0,2,4,1,0,0,0.928,0.0188,1187
113,5,-14.715,0,4,2,1,0,0,0.928,0.0188,1192
114,10,-12.323,0,5,5,1,0,0,0.927,0.0188,1202
115,9,-13.281,0,3,6,1,0,0,0.926,0.0188,1211
116,5,-13.502,0,4,3,1,0,0,0.926,0.0188,1216
117,6,-13.067,0,2,4,1,0,0,0.925,0.0188,1222
118,10,-13.227,0,3,6,1,0,0,0.924,0.0188,1232
119,11,-12.511,0,3,5,1,0,0,0.924,0.0187,1243
120,5,-14.3,0,2,3,1,0,0,0.923,0.0187,1248
121,5,-12.712,0,2,0,1,0,0,0.922,0.0187,1253
122,20,-13.514,0,5,5,1,0,0,0.922,0.0187,1273
123,16,-13.565,0,2,8,1,0,0,0.921,0.0187,1289
124,15,-14.088,0,4,7,1,0,0,0.92,0.0187,1304
125,22,-14.924,0,5,13,1,0,0,0.92,0.0187,1326
126,5,-13.921,0,4,2,1,0,0,0.919,0.0187,1331
127,11,-14.72,0,3,7,1,0,0,0.919,0.0187,1342
128,13,-13.26,0,3,6,1,0,0,0.918,0.0186,1355
129,13,-13.694,0,2,8,1,0,0,0.917,0.0186,1368
130,5,-12.518,0,2,2,1,0,0,0.917,0.0186,1373
131,5,-13.421,0,4,2,1,0,0,0.916,0.0186,1378
132,6,-13.949,0,4,1,1,0,0,0.915,0.0186,1384
133,17,-14.065,0,4,7,1,0,0,0.915,0.0186,1401
134,5,-13.551,0,3,3,1,0,0,0.914,0.0186,1406
135,22,-13.764,0,4,11,1,0,0,0.913,0.0186,1428
136,14,-13.111,0,5,6,1,0,0,0.913,0.0186,1442
137,10,-13.145,0,3,6,1,0,0,0.912,0.0185,1452
138,25,-13.914,0,2,8,1,0,0,0.911,0.0185,1477
139,16,-14.104,0,4,8,1,0,0,0.911,0.0185,1493
140,5,-13.471,0,3,2,1,0,0,0.91,0.0185,1498
141,22,-14.02,0,2,10,1,0,0,0.909,0.0185,1520
142,9,-13.17,0,2,4,1,0,0,0.909,0.0185,1529
143,5,-13.271,0,4,2,1,0,0,0.908,0.0185,1534
144,6,-14.429,0,2,3,1,0,0,0.908,0.0185,1540
145,5,-13.652,0,2,3,1,0,0,0.907,0.0185,1545
146,11,-13.306,0,3,6,1,0,0,0.906,0.0185,1556
147,25,-12.461,0,8,11,1,0,0,0.906,0.0184,1581
148,5,-14.1,0,3,3,1,0,0,0.905,0.0184,1586
149,11,-14.107,0,2,6,1,0,0,0.904,0.0184,1597
150,8,-13.087,0,3,4,1,0,0,0.904,0.0184,1605
151,14,-13.476,0,3,8,1,0,0,0.903,0.0184,1619
152,7,-13.745,0,2,3,1,0,0,0.902,0.0184,1626
153,9,-13.759,0,4,5,1,0,0,0.902,0.0184,1635
154,7,-14.193,0,3,3,1,0,0,0.901,0.0184,1642
155,29,-14.339,0,2,14,1,0,0,0.9,0.0184,1671
156,22,-14.381,0,3,8,1,0,0,0.9,0.0183,1693
157,11,-13.908,0,3,6,1,0,0,0.899,0.0183,1704
158,9,-13.229,0,3,6,1,0,0,0.898,0.0183,1713
159,18,-13.27,0,1,7,1,0,0,0.898,0.0183,1731
160,18,-13.355,0,3,6,1,0,0,0.897,0.0183,1749
161,15,-15.662,0,3,9,1,0,0,0.897,0.0183,1764
162,7,-14.29,0,2,2,1,0,0,0.896,0.0183,1771
163,32,-15.072,0,2,12,1,0,0,0.895,0.0183,1803
164,10,-13.117,0,3,5,1,0,0,0.895,0.0183,1813
165,44,-14.712,0,6,27,1,0,0,0.894,0.0183,1857
166,7,-11.899,0,2,3,1,0,0,0.893,0.0182,1864
167,5,-13.372,0,4,2,1,0,0,0.893,0.0182,1869
168,7,-13.57,0,4,3,1,0,0,0.892,0.0182,1876
169,44,-16.206,0,5,21,1,0,0,0.891,0.0182,1920
170,10,-13.635,0,4,3,1,0,0,0.891,0.0182,1930
171,13,-14.039,0,3,6,1,0,0,0.89,0.0182,1943
172,10,-13.147,0,3,6,1,0,0,0.889,0.0182,1953
173,17,-13.741,0,2,9,1,0,0,0.889,0.0182,1970
174,7,-13.383,0,3,1,1,0,0,0.888,0.0182,1977
175,14,-14.104,0,3,7,1,0,0,0.887,0.0181,1991
176,16,-12.603,0,2,3,1,0,0,0.887,0.0181,2007
177,6,-12.959,0,2,3,1,0,0,0.886,0.0181,2013
178,6,-12.918,0,3,4,1,0,0,0.886,0.0181,2019
179,6,-12.392,0,2,3,1,0,0,0.885,0.0181,2025
180,6,-12.886,0,3,3,1,0,0,0.884,0.0181,2031
181,7,-12.547,0,1,2,1,0,0,0.884,0.0181,2038
182,10,-14.327,0,2,2,1,0,0,0.883,0.0181,2048
183,13,-12.783,0,3,6,1,0,0,0.882,0.0181,2061
184,5,-14.201,0,3,3,1,0,0,0.882,0.018,2066
185,9,-14.479,0,2,4,1,0,0,0.881,0.018,2075
186,6,-12.562,0,2,4,1,0,0,0.88,0.018,2081
187,8,-14.457,0,3,5,1,0,0,0.88,0.018,2089
188,7,-13.003,0,3,4,1,0,0,0.879,0.018,2096
189,31,-15.289,0,2,15,1,0,0,0.878,0.018,2127
190,7,-14.269,0,3,3,1,0,0,0.878,0.018,2134
191,7,-13.082,0,3,5,1,0,0,0.877,0.018,2141
192,10,-12.242,0,2,5,1,0,0,0.876,0.018,2151
193,25,-14.09,1,4,11,1,0,0,0.876,0.018,2176
194,8,-12.987,0,2,3,1,0,0,0.875,0.0179,2184
195,5,-12.498,0,2,3,1,0,0,0.875,0.0179,2189
196,16,-14.222,0,4,9,1,0,0,0.874,0.0179,2205
197,5,-14.02,0,3,2,1,0,0,0.873,0.0179,2210
198,9,-13.359,0,2,6,1,0,0,0.873,0.0179,2219
199,15,-12.815,0,3,6,1,0,0,0.872,0.0179,2234
200,7,-14.293,0,3,4,1,0,0,0.871,0.0179,2241
201,7,-13.088,0,2,3,1,0,0,0.871,0.0179,2248
202,24,-14.159,0,6,12,1,0,0,0.87,0.0179,2272
203,11,-12.535,0,3,5,1,0,0,0.869,0.0178,2283
204,21,-14.089,0,5,11,1,0,0,0.869,0.0178,2304
205,7,-11.895,0,1,2,1,0,0,0.868,0.0178,2311
206,11,-13.747,0,2,2,1,0,0,0.867,0.0178,2322
207,6,-12.359,0,3,3,1,0,0,0.867,0.0178,2328
208,25,-16.165,0,4,13,1,0,0,0.866,0.0178,2353
209,17,-12.66,0,5,5,1,0,0,0.865,0.0178,2370
210,10,-13.098,0,3,6,1,0,0,0.865,0.0178,2380
211,9,-13.355,0,2,5,1,0,0,0.864,0.0178,2389
212,11,-12.311,0,3,6,1,0,0,0.864,0.0177,2400
213,41,-14.264,0,6,16,1,0,0,0.863,0.0177,2441
214,5,-14.064,0,3,2,1,0,0,0.862,0.0177,2446
215,13,-14.79,0,3,8,1,0,0,0.862,0.0177,2459
216,18,-14.198,0,4,9,1,0,0,0.861,0.0177,2477
217,6,-12.907,0,2,2,1,0,0,0.86,0.0177,2483
218,16,-12.173,0,6,8,1,0,0,0.86,0.0177,2499
219,39,-14.59,0,1,12,1,0,0,0.859,0.0177,2538
220,6,-12.132,0,3,1,1,0,0,0.858,0.0177,2544
221,10,-13.156,0,1,3,1,0,0,0.858,0.0177,2554
222,8,-13.136,0,2,4,1,0,0,0.857,0.0176,2562
223,6,-13.484,0,0,3,1,0,0,0.856,0.0176,2568
224,7,-13.002,0,3,4,1,0,0,0.856,0.0176,2575
225,8,-12.621,0,3,5,1,0,0,0.855,0.0176,2583
226,18,-13.467,0,3,13,1,0,0,0.855,0.0176,2601
227,5,-13.192,0,4,1,1,0,0,0.854,0.0176,2606
228,5,-14.002,0,4,3,1,0,0,0.853,0.0176,2611
229,7,-14.181,0,4,3,1,0,0,0.853,0.0176,2618
230,8,-12.41,0,3,3,1,0,0,0.852,0.0176,2626
231,16,-13.77,0,4,5,1,0,0,0.851,0.0175,2642
232,8,-12.906,0,3,3,1,0,0,0.851,0.0175,2650
233,33,-14.344,0,5,20,1,0,0,0.85,0.0175,2683
234,20,-14.107,0,3,12,1,0,0,0.849,0.0175,2703
235,6,-12.875,0,2,2,1,0,0,0.849,0.0175,2709
236,12,-13.547,0,2,8,1,0,0,0.848,0.0175,2721
237,17,-14.158,0,3,7,1,0,0,0.847,0.0175,2738
238,19,-13.965,0,2,9,1,0,0,0.847,0.0175,2757
239,6,-13.435,0,4,3,1,0,0,0.846,0.0175,2763
240,10,-12.693,0,1,4,1,0,0,0.845,0.0175,2773
241,7,-12.393,0,2,2,1,0,0,0.845,0.0174,2780
242,8,-14.407,0,2,3,1,0,0,0.844,0.0174,2788
243,31,-14.722,1,4,14,1,0,0,0.844,0.0174,2819
244,8,-13.088,0,3,4,1,0,0,0.843,0.0174,2827
245,17,-12.741,0,8,5,1,0,0,0.842,0.0174,2844
246,7,-12.922,0,3,3,1,0,0,0.842,0.0174,2851
247,9,-12.757,0,2,5,1,0,0,0.841,0.0174,2860
248,15,-13.117,0,5,6,1,0,0,0.84,0.0174,2875
249,11,-13.559,0,4,4,1,0,0,0.84,0.0174,2886
250,21,-15.258,0,4,12,1,0,0,0.839,0.0173,2907
251,11,-12.677,0,3,5,1,0,0,0.838,0.0173,2918
252,6,-14.266,0,4,4,1,0,0,0.838,0.0173,2924
253,14,-13.88,0,2,10,1,0,0,0.837,0.0173,2938
254,15,-12.852,0,2,6,1,0,0,0.836,0.0173,2953
255,10,-14.264,0,4,4,1,0,0,0.836,0.0173,2963
256,14,-12.805,0,6,7,1,0,0,0.835,0.0173,2977
257,7,-13.022,0,2,3,1,0,0,0.834,0.0173,2984
258,5,-13.411,0,2,0,1,0,0,0.834,0.0173,2989
259,6,-13.018,0,2,4,1,0,0,0.833,0.0172,2995
260,42,-13.563,2,5,21,1,0,0,0.833,0.0172,3037
261,17,-12.342,0,5,8,1,0,0,0.832,0.0172,3054
262,5,-14.194,0,3,2,1,0,0,0.831,0.0172,3059
263,11,-15.102,0,4,6,1,0,0,0.831,0.0172,3070
264,7,-13.673,0,3,4,1,0,0,0.83,0.0172,3077
265,6,-12.986,0,2,3,1,0,0,0.829,0.0172,3083
266,22,-10.93,0,2,12,1,0,0,0.829,0.0172,3105
267,6,-13.385,0,3,1,1,0,0,0.828,0.0172,3111
268,9,-14.461,0,3,5,1,0,0,0.827,0.0172,3120
269,12,-9.811,0,3,5,1,0,0,0.827,0.0171,3132
270,18,-13.774,0,2,8,1,0,0,0.826,0.0171,3150
271,9,-13.6,0,3,3,1,0,0,0.825,0.0171,3159
272,15,-13.787,0,3,3,1,0,0,0.825,0.0171,3174
273,8,-13.615,0,3,3,1,0,0,0.824,0.0171,3182
274,41,-14.148,0,8,19,1,0,0,0.823,0.0171,3223
275,5,-14.102,0,4,3,1,0,0,0.823,0.0171,3228
276,9,-12.204,0,5,4,1,0,0,0.822,0.0171,3237
277,11,-12.203,0,6,5,1,0,0,0.822,0.0171,3248
278,5,-13.924,0,0,2,1,0,0,0.821,0.017,3253
279,6,-13.009,0,2,3,1,0,0,0.82,0.017,3259
280,26,-13.882,1,7,12,1,0,0,0.82,0.017,3285
281,5,-12.274,0,3,3,1,0,0,0.819,0.017,3290
282,9,-12.25,0,1,3,1,0,0,0.818,0.017,3299
283,17,-15.089,0,4,10,1,0,0,0.818,0.017,3316
284,28,-13.802,0,2,12,1,0,0,0.817,0.017,3344
285,5,-12.398,0,2,3,1,0,0,0.816,0.017,3349
286,25,-14.319,0,3,14,1,0,0,0.816,0.017,3374
287,6,-12.39,0,3,3,1,0,0,0.815,0.0169,3380
288,26,-14.827,0,3,19,1,0,0,0.814,0.0169,3406
289,24,-14.359,0,3,8,1,0,0,0.814,0.0169,3430
290,7,-11.62,0,3,1,1,0,0,0.813,0.0169,3437
291,31,-15.994,0,2,18,1,0,0,0.812,0.0169,3468
292,11,-12.706,0,3,6,1,0,0,0.812,0.0169,3479
293,24,-14.355,0,4,11,1,0,0,0.811,0.0169,3503
294,5,-13.47,0,3,2,1,0,0,0.811,0.0169,3508
295,20,-12.451,0,7,10,1,0,0,0.81,0.0169,3528
296,26,-12.407,0,5,9,1,0,0,0.809,0.0169,3554
297,7,-12.505,0,2,4,1,0,0,0.809,0.0168,3561
298,13,-11.586,0,8,4,1,0,0,0.808,0.0168,3574
299,24,-15.5,0,3,13,1,0,0,0.807,0.0168,3598
300,6,-14.335,0,2,3,1,0,0,0.807,0.0168,3604
301,13,-13.711,0,2,9,1,0,0,0.806,0.0168,3617
302,16,-13.797,0,4,9,1,0,0,0.805,0.0168,3633
303,5,-14.251,0,2,3,1,0,0,0.805,0.0168,3638
304,23,-13.365,0,7,8,1,0,0,0.804,0.0168,3661
305,13,-13.062,0,1,7,1,0,0,0.803,0.0168,3674
306,6,-14.236,0,3,3,1,0,0,0.803,0.0167,3680
307,9,-13.13,0,2,4,1,0,0,0.802,0.0167,3689
308,8,-12.967,0,4,4,1,0,0,0.801,0.0167,3697
309,19,-13.47,0,4,10,1,0,0,0.801,0.0167,3716
310,6,-13.018,0,3,4,1,0,0,0.8,0.0167,3722
311,5,-13.725,0,2,3,1,0,0,0.8,0.0167,3727
312,24,-13.308,0,4,10,1,0,0,0.799,0.0167,3751
313,54,-13.011,1,8,27,1,0,0,0.798,0.0167,3805
314,20,-15.202,0,3,10,1,0,0,0.798,0.0167,3825
315,19,-13.889,0,1,9,1,0,0,0.797,0.0167,3844
316,10,-11.944,0,3,4,1,0,0,0.796,0.0166,3854
317,19,-14.348,0,3,9,1,0,0,0.796,0.0166,3873
318,6,-13.505,0,3,2,1,0,0,0.795,0.0166,3879
319,7,-13.152,0,2,4,1,0,0,0.794,0.0166,3886
320,16,-13.36,0,2,10,1,0,0,0.794,0.0166,3902
321,28,-12.847,0,6,11,1,0,0,0.793,0.0166,3930
322,23,-14.701,0,3,11,1,0,0,0.792,0.0166,3953
323,7,-14.1,0,4,2,1,0,0,0.792,0.0166,3960
324,11,-11.989,0,6,4,1,0,0,0.791,0.0166,3971
325,14,-13.683,0,4,3,1,0,0,0.79,0.0165,3985
326,14,-9.921,0,3,8,1,0,0,0.79,0.0165,3999
327,6,-13.485,0,4,3,1,0,0,0.789,0.0165,4005
328,10,-9.821,0,2,1,1,0,0,0.789,0.0165,4015
329,8,-12.442,0,3,4,1,0,0,0.788,0.0165,4023
330,5,-13.49,0,2,1,1,0,0,0.787,0.0165,4028
331,5,-14.424,0,2,4,1,0,0,0.787,0.0165,4033
332,8,-14.216,0,3,3,1,0,0,0.786,0.0165,4041
333,8,-9.957,0,2,3,1,0,0,0.785,0.0165,4049
334,9,-13.332,0,2,6,1,0,0,0.785,0.0164,4058
335,13,-13.795,0,3,10,1,0,0,0.784,0.0164,4071
336,7,-13.043,0,1,3,1,0,0,0.783,0.0164,4078
337,7,-9.561,0,3,1,1,0,0,0.783,0.0164,4085
338,8,-12.522,0,3,5,1,0,0,0.782,0.0164,4093
339,7,-13.132,0,2,5,1,0,0,0.781,0.0164,4100
340,5,-14.095,0,3,2,1,0,0,0.781,0.0164,4105
341,8,-12.621,0,2,5,1,0,0,0.78,0.0164,4113
342,12,-10.082,0,3,6,1,0,0,0.779,0.0164,4125
343,12,-12.62,0,3,5,1,0,0,0.779,0.0164,4137
344,12,-13.316,0,3,7,1,0,0,0.778,0.0163,4149
345,16,-11.114,0,2,7,1,0,0,0.778,0.0163,4165
346,30,-13.683,0,6,11,1,0,0,0.777,0.0163,4195
347,15,-13.621,0,3,10,1,0,0,0.776,0.0163,4210
348,5,-13.341,0,3,1,1,0,0,0.776,0.0163,4215
349,23,-13.971,0,4,10,1,0,0,0.775,0.0163,4238
350,5,-13.392,0,3,1,1,0,0,0.774,0.0163,4243
351,7,-12.313,0,3,2,1,0,0,0.774,0.0163,4250
352,37,-15.055,0,5,21,1,0,0,0.773,0.0163,4287
353,42,-13.543,1,8,13,1,0,0,0.772,0.0162,4329
354,6,-12.342,0,3,3,1,0,0,0.772,0.0162,4335
355,5,-13.495,0,4,3,1,0,0,0.771,0.0162,4340
356,6,-12.292,0,3,3,1,0,0,0.77,0.0162,4346
357,5,-13.444,0,3,2,1,0,0,0.77,0.0162,4351
358,25,-12.978,0,7,12,1,0,0,0.769,0.0162,4376
359,14,-13.777,0,2,10,1,0,0,0.768,0.0162,4390
360,25,-16.135,0,2,17,1,0,0,0.768,0.0162,4415
361,18,-13.221,0,9,7,1,0,0,0.767,0.0162,4433
362,8,-13.088,0,3,4,1,0,0,0.767,0.0161,4441
363,10,-12.659,0,2,4,1,0,0,0.766,0.0161,4451
364,25,-16.057,0,4,12,1,0,0,0.765,0.0161,4476
365,14,-12.816,0,6,6,1,0,0,0.765,0.0161,4490
366,5,-12.498,0,2,3,1,0,0,0.764,0.0161,4495
367,55,-15.77,0,8,18,1,0,0,0.763,0.0161,4550
368,46,-15.409,0,6,22,1,0,0,0.763,0.0161,4596
369,5,-14.25,0,3,3,1,0,0,0.762,0.0161,4601
370,54,-15.385,0,6,25,1,0,0,0.761,0.0161,4655
371,5,-14.071,0,4,2,1,0,0,0.761,0.0161,4660
372,10,-12.872,0,2,6,1,0,0,0.76,0.016,4670
373,12,-13.943,0,4,6,1,0,0,0.759,0.016,4682
374,9,-12.475,0,3,4,1,0,0,0.759,0.016,4691
375,5,-12.95,0,2,3,1,0,0,0.758,0.016,4696
376,35,-15.601,0,5,18,1,0,0,0.758,0.016,4731
377,21,-14.47,0,1,11,1,0,0,0.757,0.016,4752
378,5,-13.321,0,4,2,1,0,0,0.756,0.016,4757
379,5,-14.102,0,3,3,1,0,0,0.756,0.016,4762
380,23,-14.149,0,2,11,1,0,0,0.755,0.016,4785
381,6,-12.28,0,2,1,1,0,0,0.754,0.0159,4791
382,15,-10.25,0,3,6,1,0,0,0.754,0.0159,4806
383,29,-15.59,0,5,19,1,0,0,0.753,0.0159,4835
384,8,-9.447,0,3,1,1,0,0,0.752,0.0159,4843
385,25,-14.172,0,4,13,1,0,0,0.752,0.0159,4868
386,7,-12.556,0,2,4,1,0,0,0.751,0.0159,4875
387,6,-12.938,0,2,3,1,0,0,0.75,0.0159,4881
388,11,-13.961,0,3,6,1,0,0,0.75,0.0159,4892
389,8,-11.788,0,2,2,1,0,0,0.749,0.0159,4900
390,20,-14.084,0,2,11,1,0,0,0.748,0.0159,4920
391,14,-10.626,0,1,5,1,0,0,0.748,0.0158,4934
392,16,-13.25,0,1,8,1,0,0,0.747,0.0158,4950
393,15,-13.69,0,3,9,1,0,0,0.747,0.0158,4965
394,5,-13.49,0,2,1,1,0,0,0.746,0.0158,4970
395,6,-12.292,0,3,3,1,0,0,0.745,0.0158,4976
396,8,-12.521,0,3,5,1,0,0,0.745,0.0158,4984
397,9,-13.549,0,4,3,1,0,0,0.744,0.0158,4993
398,6,-13.405,0,4,2,1,0,0,0.743,0.0158,4999
399,5,-13.341,0,3,1,1,0,0,0.743,0.0158,5004
400,5,-14.145,0,3,2,1,0,0,0.742,0.0157,5009
401,24,-13.18,0,4,13,1,0,0,0.741,0.0157,5033
402,6,-11.554,0,3,1,1,0,0,0.741,0.0157,5039
403,8,-13.515,0,4,3,1,0,0,0.74,0.0157,5047
404,19,-14.177,0,4,15,1,0,0,0.739,0.0157,5066
405,7,-13.554,0,3,3,1,0,0,0.739,0.0157,5073
406,6,-14.266,0,3,4,1,0,0,0.738,0.0157,5079
407,17,-14.808,0,4,8,1,0,0,0.737,0.0157,5096
408,5,-12.802,0,3,3,1,0,0,0.737,0.0157,5101
409,22,-13.99,0,2,11,1,0,0,0.736,0.0156,5123
410,11,-13.881,0,2,4,1,0,0,0.736,0.0156,5134
411,6,-13.736,0,2,3,1,0,0,0.735,0.0156,5140
412,17,-12.517,0,4,7,1,0,0,0.734,0.0156,5157
413,23,-14.086,0,3,18,1,0,0,0.734,0.0156,5180
414,18,-14.502,0,4,11,1,0,0,0.733,0.0156,5198
415,7,-13.093,0,2,4,1,0,0,0.732,0.0156,5205
416,24,-10.836,1,6,8,1,0,0,0.732,0.0156,5229
417,15,-11.988,0,3,4,1,0,0,0.731,0.0156,5244
418,26,-12.774,0,4,11,1,0,0,0.73,0.0156,5270
419,26,-9.618,2,10,8,1,0,0,0.73,0.0155,5296
420,12,-13.219,0,3,5,1,0,0,0.729,0.0155,5308
421,35,-16.56,0,5,16,1,0,0,0.728,0.0155,5343
422,9,-12.436,0,3,4,1,0,0,0.728,0.0155,5352
423,10,-13.207,0,3,4,1,0,0,0.727,0.0155,5362
424,5,-14.102,0,4,3,1,0,0,0.726,0.0155,5367
425,8,-13.516,0,4,3,1,0,0,0.726,0.0155,5375
426,29,-13.194,0,7,17,1,0,0,0.725,0.0155,5404
427,20,-12.09,0,9,8,1,0,0,0.725,0.0155,5424
428,32,-12.601,1,5,11,1,0,0,0.724,0.0154,5456
429,34,-15.34,0,4,10,1,0,0,0.723,0.0154,5490
430,10,-12.218,0,4,3,1,0,0,0.723,0.0154,5500
431,66,-12.993,1,14,23,1,0,0,0.722,0.0154,5566
432,64,-18.689,0,5,33,1,0,0,0.721,0.0154,5630
433,19,-13.365,0,3,10,1,0,0,0.721,0.0154,5649
434,25,-13.662,0,2,12,1,0,0,0.72,0.0154,5674
435,28,-14.756,0,3,19,1,0,0,0.719,0.0154,5702
436,5,-14.172,0,3,2,1,0,0,0.719,0.0154,5707
437,8,-13.557,0,3,2,1,0,0,0.718,0.0153,5715
438,24,-11.359,1,5,10,1,0,0,0.717,0.0153,5739
439,19,-13.607,0,5,13,1,0,0,0.717,0.0153,5758
440,43,-12.942,0,5,17,1,0,0,0.716,0.0153,5801
441,10,-12.902,0,2,7,1,0,0,0.715,0.0153,5811
442,8,-13.188,0,2,4,1,0,0,0.715,0.0153,5819
443,41,-14.461,0,5,21,1,0,0,0.714,0.0153,5860
444,42,-13.269,0,2,26,1,0,0,0.714,0.0153,5902
445,10,-13.197,0,3,5,1,0,0,0.713,0.0153,5912
446,11,-12.215,0,5,5,1,0,0,0.712,0.0153,5923
447,20,-11.242,0,3,8,1,0,0,0.712,0.0152,5943
448,12,-13.326,0,3,7,1,0,0,0.711,0.0152,5955
449,21,-10.334,0,3,5,1,0,0,0.71,0.0152,5976
450,18,-13.431,0,2,10,1,0,0,0.71,0.0152,5994
451,9,-14.421,0,3,4,1,0,0,0.709,0.0152,6003
452,33,-15.399,0,5,17,1,0,0,0.708,0.0152,6036
453,17,-13.394,0,3,11,1,0,0,0.708,0.0152,6053
454,6,-12.291,0,3,3,1,0,0,0.707,0.0152,6059
455,7,-14.43,0,3,5,1,0,0,0.706,0.0152,6066
456,27,-14.61,0,3,17,1,0,0,0.706,0.0151,6093
457,9,-12.179,0,5,4,1,0,0,0.705,0.0151,6102
458,24,-14.974,0,3,14,1,0,0,0.704,0.0151,6126
459,34,-15.173,0,4,24,1,0,0,0.704,0.0151,6160
460,24,-12.555,0,7,12,1,0,0,0.703,0.0151,6184
461,31,-14.463,0,2,19,1,0,0,0.703,0.0151,6215
462,8,-13.067,0,3,5,1,0,0,0.702,0.0151,6223
463,22,-11.24,0,6,9,1,0,0,0.701,0.0151,6245
464,16,-13.822,0,2,9,1,0,0,0.701,0.0151,6261
465,16,-13.053,0,3,6,1,0,0,0.7,0.0151,6277
466,13,-13.878,0,0,6,1,0,0,0.699,0.015,6290
467,5,-13.464,0,4,2,1,0,0,0.699,0.015,6295
468,5,-13.45,0,3,3,1,0,0,0.698,0.015,6300
469,26,-13.291,0,3,6,1,0,0,0.697,0.015,6326
470,9,-12.405,0,4,4,1,0,0,0.697,0.015,6335
471,29,-15.335,0,3,16,1,0,0,0.696,0.015,6364
472,9,-12.752,0,5,4,1,0,0,0.695,0.015,6373
473,31,-14.829,0,2,16,1,0,0,0.695,0.015,6404
474,6,-13.455,0,4,2,1,0,0,0.694,0.015,6410
475,9,-9.819,0,3,2,1,0,0,0.693,0.0149,6419
476,32,-14.095,0,2,15,1,0,0,0.693,0.0149,6451
477,5,-13.27,0,4,2,1,0,0,0.692,0.0149,6456
478,14,-12.276,0,5,3,1,0,0,0.692,0.0149,6470
479,23,-15.002,0,3,14,1,0,0,0.691,0.0149,6493
480,7,-12.952,0,3,4,1,0,0,0.69,0.0149,6500
481,21,-14.302,0,2,12,1,0,0,0.69,0.0149,6521
482,6,-12.292,0,3,3,1,0,0,0.689,0.0149,6527
483,17,-10.787,0,2,7,1,0,0,0.688,0.0149,6544
484,6,-13.479,0,3,2,1,0,0,0.688,0.0148,6550
485,5,-13.501,0,4,3,1,0,0,0.687,0.0148,6555
486,48,-18.02,0,4,30,1,0,0,0.686,0.0148,6603
487,15,-12.925,0,2,5,1,0,0,0.686,0.0148,6618
488,42,-14.976,0,5,16,1,0,0,0.685,0.0148,6660
489,12,-12.819,0,2,5,1,0,0,0.684,0.0148,6672
490,38,-16.325,0,3,25,1,0,0,0.684,0.0148,6710
491,12,-13.445,0,1,5,1,0,0,0.683,0.0148,6722
492,42,-12.623,0,8,14,1,0,0,0.682,0.0148,6764
493,23,-13.922,0,4,13,1,0,0,0.682,0.0148,6787
494,7,-12.347,0,2,2,1,0,0,0.681,0.0147,6794
495,19,-13.359,0,5,7,1,0,0,0.681,0.0147,6813
496,6,-14.465,0,2,4,1,0,0,0.68,0.0147,6819
497,26,-14.283,0,3,14,1,0,0,0.679,0.0147,6845
498,8,-12.938,0,3,4,1,0,0,0.679,0.0147,6853
499,12,-12.767,0,2,5,1,0,0,0.678,0.0147,6865
500,20,-14.142,0,1,10,1,0,0,0.677,0.0147,6885
501,7,-12.932,0,3,5,1,0,0,0.677,0.0147,6892
502,6,-14.485,0,1,3,1,0,0,0.676,0.0147,6898
503,16,-10.304,0,2,5,1,0,0,0.675,0.0146,6914
504,10,-14.574,0,3,6,1,0,0,0.675,0.0146,6924
505,18,-12.944,0,2,5,1,0,0,0.674,0.0146,6942
506,34,-11.64,0,6,9,1,0,0,0.673,0.0146,6976
507,5,-13.552,0,3,3,1,0,0,0.673,0.0146,6981
508,5,-14.217,0,0,2,1,0,0,0.672,0.0146,6986
509,49,-15.436,0,5,25,1,0,0,0.671,0.0146,7035
510,5,-14.252,0,2,3,1,0,0,0.671,0.0146,7040
511,45,-14.52,1,8,22,1,0,0,0.67,0.0146,7085
512,61,-17.354,0,6,25,1,0,0,0.67,0.0145,7146
513,7,-9.691,0,2,2,1,0,0,0.669,0.0145,7153
514,8,-13.819,0,2,4,1,0,0,0.668,0.0145,7161
515,21,-14.327,0,3,8,1,0,0,0.668,0.0145,7182
516,15,-14.239,0,3,9,1,0,0,0.667,0.0145,7197
517,21,-10.411,2,7,8,1,0,0,0.666,0.0145,7218
518,19,-12.159,0,3,3,1,0,0,0.666,0.0145,7237
519,10,-13.419,0,5,3,1,0,0,0.665,0.0145,7247
520,16,-13.751,0,1,8,1,0,0,0.664,0.0145,7263
521,47,-15.92,0,4,22,1,0,0,0.664,0.0145,7310
522,5,-13.552,0,3,3,1,0,0,0.663,0.0144,7315
523,14,-9.265,0,4,2,1,0,0,0.662,0.0144,7329
524,16,-12.646,0,5,7,1,0,0,0.662,0.0144,7345
525,13,-13.742,0,2,10,1,0,0,0.661,0.0144,7358
526,5,-13.501,0,3,3,1,0,0,0.66,0.0144,7363
527,8,-14.108,0,4,2,1,0,0,0.66,0.0144,7371
528,15,-13.082,0,2,7,1,0,0,0.659,0.0144,7386
529,6,-9.422,0,3,1,1,0,0,0.659,0.0144,7392
530,14,-13.597,0,1,5,1,0,0,0.658,0.0144,7406
531,18,-13.065,0,2,11,1,0,0,0.657,0.0143,7424
532,11,-10.284,0,3,2,1,0,0,0.657,0.0143,7435
533,31,-11.854,1,5,18,1,0,0,0.656,0.0143,7466
534,5,-13.4,0,4,3,1,0,0,0.655,0.0143,7471
535,5,-14.122,0,3,2,1,0,0,0.655,0.0143,7476
536,8,-9.675,0,3,2,1,0,0,0.654,0.0143,7484
537,43,-10.293,0,9,19,1,0,0,0.653,0.0143,7527
538,32,-10.825,1,4,9,1,0,0,0.653,0.0143,7559
539,20,-12.754,0,6,9,1,0,0,0.652,0.0143,7579
540,46,-14.521,1,8,23,1,0,0,0.651,0.0143,7625
541,51,-13.655,1,8,20,1,0,0,0.651,0.0142,7676
542,8,-13.098,0,3,6,1,0,0,0.65,0.0142,7684
543,8,-12.477,0,2,2,1,0,0,0.65,0.0142,7692
544,30,-12.54,0,8,9,1,0,0,0.649,0.0142,7722
545,5,-14.172,0,3,2,1,0,0,0.648,0.0142,7727
546,47,-14.435,0,7,14,1,0,0,0.648,0.0142,7774
547,21,-12.638,0,4,8,1,0,0,0.647,0.0142,7795
548,11,-14.361,0,3,3,1,0,0,0.646,0.0142,7806
549,19,-14.112,0,2,12,1,0,0,0.646,0.0142,7825
550,92,-18.779,0,8,47,1,0,0,0.645,0.0141,7917
551,21,-13.258,0,3,9,1,0,0,0.644,0.0141,7938
552,6,-12.957,0,2,2,1,0,0,0.644,0.0141,7944
553,7,-13.002,0,3,4,1,0,0,0.643,0.0141,7951
554,19,-13.972,0,3,10,1,0,0,0.642,0.0141,7970
555,11,-13.811,0,4,6,1,0,0,0.642,0.0141,7981
556,39,-15.085,0,5,20,1,0,0,0.641,0.0141,8020
557,39,-12.224,1,6,18,1,0,0,0.64,0.0141,8059
558,24,-14.113,0,5,12,1,0,0,0.64,0.0141,8083
559,5,-14.145,0,3,2,1,0,0,0.639,0.014,8088
560,6,-9.627,0,3,1,1,0,0,0.639,0.014,8094
561,43,-15.115,0,5,19,1,0,0,0.638,0.014,8137
562,15,-13.748,0,4,4,1,0,0,0.637,0.014,8152
563,15,-14.003,0,3,13,1,0,0,0.637,0.014,8167
564,46,-13.366,1,4,16,1,0,0,0.636,0.014,8213
565,9,-9.712,0,3,2,1,0,0,0.635,0.014,8222
566,18,-14.592,0,2,9,1,0,0,0.635,0.014,8240
567,7,-12.295,0,3,2,1,0,0,0.634,0.014,8247
568,45,-14.389,0,5,18,1,0,0,0.633,0.014,8292
569,25,-14.575,0,5,15,1,0,0,0.633,0.0139,8317
570,5,-14.25,0,3,3,1,0,0,0.632,0.0139,8322
571,52,-14.087,0,3,20,1,0,0,0.631,0.0139,8374
572,35,-11.75,1,5,12,1,0,0,0.631,0.0139,8409
573,20,-14.236,0,2,13,1,0,0,0.63,0.0139,8429
574,14,-13.822,0,3,4,1,0,0,0.629,0.0139,8443
575,34,-14.609,0,5,17,1,0,0,0.629,0.0139,8477
576,43,-14.253,0,4,17,1,0,0,0.628,0.0139,8520
577,33,-13.441,2,7,12,1,0,0,0.628,0.0139,8553
578,12,-12.864,0,1,5,1,0,0,0.627,0.0138,8565
579,16,-12.86,0,3,8,1,0,0,0.626,0.0138,8581
580,7,-12.325,0,3,3,1,0,0,0.626,0.0138,8588
581,6,-14.329,0,2,2,1,0,0,0.625,0.0138,8594
582,6,-13.025,0,2,3,1,0,0,0.624,0.0138,8600
583,14,-14.605,0,4,7,1,0,0,0.624,0.0138,8614
584,23,-14.912,0,2,19,1,0,0,0.623,0.0138,8637
585,6,-13.036,0,1,2,1,0,0,0.622,0.0138,8643
586,46,-12.261,1,4,18,1,0,0,0.622,0.0138,8689
587,29,-12.417,0,4,13,1,0,0,0.621,0.0137,8718
588,54,-18.032,0,9,31,1,0,0,0.62,0.0137,8772
589,5,-14.222,0,2,2,1,0,0,0.62,0.0137,8777
590,12,-13.964,0,3,5,1,0,0,0.619,0.0137,8789
591,6,-14.005,0,4,2,1,0,0,0.618,0.0137,8795
592,20,-11.857,0,4,5,1,0,0,0.618,0.0137,8815
593,10,-12.429,0,3,3,1,0,0,0.617,0.0137,8825
594,10,-13.325,0,1,5,1,0,0,0.617,0.0137,8835
595,5,-13.434,0,3,1,1,0,0,0.616,0.0137,8840
596,8,-12.815,0,1,5,1,0,0,0.615,0.0137,8848
597,16,-12.042,0,3,4,1,0,0,0.615,0.0136,8864
598,52,-11.562,1,8,22,1,0,0,0.614,0.0136,8916
599,17,-12.404,0,6,6,1,0,0,0.613,0.0136,8933
600,20,-13.974,0,3,11,1,0,0,0.613,0.0136,8953
601,140,-10.534,5,14,43,1,0,0,0.612,0.0136,9093
602,5,-13.799,0,1,3,1,0,0,0.611,0.0136,9098
603,21,-15.681,0,3,15,1,0,0,0.611,0.0136,9119
604,5,-14.075,0,4,3,1,0,0,0.61,0.0136,9124
605,14,-13.546,0,2,7,1,0,0,0.609,0.0136,9138
606,15,-14.18,0,3,7,1,0,0,0.609,0.0135,9153
607,30,-14.277,0,2,17,1,0,0,0.608,0.0135,9183
608,6,-14.916,0,3,4,1,0,0,0.607,0.0135,9189
609,19,-12.475,0,7,7,1,0,0,0.607,0.0135,9208
610,27,-12.449,0,6,9,1,0,0,0.606,0.0135,9235
611,57,-13.366,1,11,24,1,0,0,0.606,0.0135,9292
612,21,-12.894,0,3,5,1,0,0,0.605,0.0135,9313
613,63,-14.947,0,10,39,1,0,0,0.604,0.0135,9376
614,7,-13.132,0,2,5,1,0,0,0.604,0.0135,9383
615,89,-16.704,1,8,38,1,0,0,0.603,0.0135,9472
616,24,-14.254,0,4,12,1,0,0,0.602,0.0134,9496
617,5,-14.251,0,3,3,1,0,0,0.602,0.0134,9501
618,25,-14.241,0,4,8,1,0,0,0.601,0.0134,9526
619,5,-14.102,0,4,3,1,0,0,0.6,0.0134,9531
620,22,-11.94,0,8,7,1,0,0,0.6,0.0134,9553
621,16,-13.563,0,3,8,1,0,0,0.599,0.0134,9569
622,5,-13.4,0,3,2,1,0,0,0.598,0.0134,9574
623,99,-17.067,0,9,48,1,0,0,0.598,0.0134,9673
624,19,-9.874,0,3,4,1,0,0,0.597,0.0134,9692
625,15,-10.422,0,2,6,1,0,0,0.596,0.0133,9707
626,84,-10.832,4,12,24,1,0,0,0.596,0.0133,9791
627,23,-14.02,0,2,10,1,0,0,0.595,0.0133,9814
628,11,-12.922,0,3,3,1,0,0,0.595,0.0133,9825
629,18,-14.933,0,3,7,1,0,0,0.594,0.0133,9843
630,6,-12.591,0,1,3,1,0,0,0.593,0.0133,9849
631,25,-12.014,1,4,12,1,0,0,0.593,0.0133,9874
632,10,-14.755,0,4,2,1,0,0,0.592,0.0133,9884
633,9,-13.052,0,2,3,1,0,0,0.591,0.0133,9893
634,54,-10.442,0,6,18,1,0,0,0.591,0.0132,9947
635,8,-13.098,0,3,6,1,0,0,0.59,0.0132,9955
636,5,-14.202,0,3,3,1,0,0,0.589,0.0132,9960
637,16,-14.674,0,4,7,1,0,0,0.589,0.0132,9976
638,5,-14.052,0,4,3,1,0,0,0.588,0.0132,9981
639,5,-13.625,0,3,3,1,0,0,0.587,0.0132,9986
640,5,-13.371,0,4,2,1,0,0,0.587,0.0132,9991
641,13,-12.967,0,2,6,1,0,0,0.586,0.0132,10004
642,145,-21.448,0,11,50,1,0,0,0.585,0.0132,10149
643,23,-15.116,0,4,10,1,0,0,0.585,0.0132,10172
644,25,-15.088,0,3,7,1,0,0,0.584,0.0131,10197
645,77,-17.383,0,5,25,1,0,0,0.584,0.0131,10274
646,48,-14.378,1,4,21,1,0,0,0.583,0.0131,10322
647,10,-13.527,0,1,7,1,0,0,0.582,0.0131,10332
648,47,-15.194,0,6,13,1,0,0,0.582,0.0131,10379
649,10,-12.582,0,2,3,1,0,0,0.581,0.0131,10389
650,19,-11.957,0,5,6,1,0,0,0.58,0.0131,10408
651,35,-14.522,0,3,14,1,0,0,0.58,0.0131,10443
652,37,-12.135,0,4,12,1,0,0,0.579,0.0131,10480
653,26,-10.434,0,5,7,1,0,0,0.578,0.013,10506
654,14,-9.586,0,3,3,1,0,0,0.578,0.013,10520
655,5,-14.244,0,3,3,1,0,0,0.577,0.013,10525
656,68,-13.028,1,9,30,1,0,0,0.576,0.013,10593
657,56,-14.481,0,5,18,1,0,0,0.576,0.013,10649
658,29,-13.831,0,5,13,1,0,0,0.575,0.013,10678
659,41,-14.304,0,4,17,1,0,0,0.574,0.013,10719
660,22,-12.347,1,6,9,1,0,0,0.574,0.013,10741
661,25,-10.956,0,2,12,1,0,0,0.573,0.013,10766
662,39,-13.403,0,5,11,1,0,0,0.573,0.0129,10805
663,7,-9.587,0,2,2,1,0,0,0.572,0.0129,10812
664,43,-16.495,0,5,22,1,0,0,0.571,0.0129,10855
665,32,-13.029,0,2,8,1,0,0,0.571,0.0129,10887
666,7,-14.2,0,4,4,1,0,0,0.57,0.0129,10894
667,55,-15.682,0,9,32,1,0,0,0.569,0.0129,10949
668,36,-12.844,1,8,20,1,0,0,0.569,0.0129,10985
669,47,-11.594,2,7,26,1,0,0,0.568,0.0129,11032
670,6,-13.419,0,3,0,1,0,0,0.567,0.0129,11038
671,16,-15.442,0,3,6,1,0,0,0.567,0.0129,11054
672,14,-13.487,0,2,7,1,0,0,0.566,0.0128,11068
673,39,-14.043,0,6,14,1,0,0,0.565,0.0128,11107
674,23,-10.549,0,3,8,1,0,0,0.565,0.0128,11130
675,8,-13.217,0,2,5,1,0,0,0.564,0.0128,11138
676,14,-10.195,0,2,7,1,0,0,0.564,0.0128,11152
677,67,-15.874,0,11,25,1,0,0,0.563,0.0128,11219
678,44,-14.282,0,4,18,1,0,0,0.562,0.0128,11263
679,17,-9.687,0,5,4,1,0,0,0.562,0.0128,11280
680,40,-12.996,0,10,14,1,0,0,0.561,0.0128,11320
681,15,-13.749,0,4,4,1,0,0,0.56,0.0127,11335
682,5,-14.051,0,4,3,1,0,0,0.56,0.0127,11340
683,28,-10.7,0,3,7,1,0,0,0.559,0.0127,11368
684,71,-15.857,0,3,27,1,0,0,0.558,0.0127,11439
685,15,-13.301,0,4,6,1,0,0,0.558,0.0127,11454
686,29,-10.779,0,2,6,1,0,0,0.557,0.0127,11483
687,33,-13.341,0,9,12,1,0,0,0.556,0.0127,11516
688,30,-11.005,0,5,10,1,0,0,0.556,0.0127,11546
689,42,-12.69,0,8,11,1,0,0,0.555,0.0127,11588
690,25,-13.624,0,2,10,1,0,0,0.554,0.0127,11613
691,16,-13.451,0,1,10,1,0,0,0.554,0.0126,11629
692,7,-12.893,0,2,2,1,0,0,0.553,0.0126,11636
693,69,-15.45,0,4,21,1,0,0,0.553,0.0126,11705
694,93,-17.113,1,8,38,1,0,0,0.552,0.0126,11798
695,18,-13.237,0,3,9,1,0,0,0.551,0.0126,11816
696,20,-12.354,0,8,10,1,0,0,0.551,0.0126,11836
697,49,-14.527,0,5,16,1,0,0,0.55,0.0126,11885
698,7,-11.901,0,2,2,1,0,0,0.549,0.0126,11892
699,19,-13.562,0,3,6,1,0,0,0.549,0.0126,11911
700,61,-14.513,1,4,21,1,0,0,0.548,0.0125,11972
701,12,-13.269,0,3,5,1,0,0,0.547,0.0125,11984
702,5,-14.125,0,4,3,1,0,0,0.547,0.0125,11989
703,12,-13.03,0,3,9,1,0,0,0.546,0.0125,12001
704,15,-9.991,0,3,7,1,0,0,0.545,0.0125,12016
705,47,-16.206,0,5,22,1,0,0,0.545,0.0125,12063
706,62,-15.933,0,3,27,1,0,0,0.544,0.0125,12125
707,16,-10.109,0,2,5,1,0,0,0.543,0.0125,12141
708,18,-10.828,0,8,3,1,0,0,0.543,0.0125,12159
709,13,-12.904,0,6,7,1,0,0,0.542,0.0124,12172
710,72,-12.239,4,8,25,1,0,0,0.542,0.0124,12244
711,42,-14.524,0,5,24,1,0,0,0.541,0.0124,12286
712,5,-12.772,0,3,2,1,0,0,0.54,0.0124,12291
713,18,-10.335,0,1,5,1,0,0,0.54,0.0124,12309
714,8,-9.585,0,2,0,1,0,0,0.539,0.0124,12317
715,67,-15.728,0,9,29,1,0,0,0.538,0.0124,12384
716,58,-13.985,1,10,20,1,0,0,0.538,0.0124,12442
717,42,-12.477,2,5,15,1,0,0,0.537,0.0124,12484
718,10,-13.02,0,5,6,1,0,0,0.536,0.0124,12494
719,27,-12.273,0,4,8,1,0,0,0.536,0.0123,12521
720,5,-14.145,0,3,2,1,0,0,0.535,0.0123,12526
721,20,-12.971,0,2,4,1,0,0,0.534,0.0123,12546
722,50,-14.918,0,4,19,1,0,0,0.534,0.0123,12596
723,22,-12.033,0,6,5,1,0,0,0.533,0.0123,12618
724,5,-11.724,0,2,2,1,0,0,0.532,0.0123,12623
725,14,-10.616,0,3,3,1,0,0,0.532,0.0123,12637
726,74,-17.543,0,7,35,1,0,0,0.531,0.0123,12711
727,9,-14.398,0,4,5,1,0,0,0.531,0.0123,12720
728,11,-13.407,0,2,7,1,0,0,0.53,0.0122,12731
729,25,-13.654,0,4,13,1,0,0,0.529,0.0122,12756
730,5,-12.369,0,2,2,1,0,0,0.529,0.0122,12761
731,12,-9.736,0,3,4,1,0,0,0.528,0.0122,12773
732,6,-12.938,0,2,3,1,0,0,0.527,0.0122,12779
733,31,-14.59,0,2,12,1,0,0,0.527,0.0122,12810
734,48,-13.168,1,8,19,1,0,0,0.526,0.0122,12858
735,7,-12.902,0,3,4,1,0,0,0.525,0.0122,12865
736,13,-11.794,0,4,2,1,0,0,0.525,0.0122,12878
737,16,-14.734,0,4,6,1,0,0,0.524,0.0121,12894
738,81,-14.212,1,10,34,1,0,0,0.523,0.0121,12975
739,89,-13.814,3,8,23,1,0,0,0.523,0.0121,13064
740,16,-10.225,0,3,6,1,0,0,0.522,0.0121,13080
741,64,-13.118,0,2,22,1,0,0,0.521,0.0121,13144
742,12,-12.76,0,2,5,1,0,0,0.521,0.0121,13156
743,6,-13.117,0,2,4,1,0,0,0.52,0.0121,13162
744,20,-11.122,0,3,9,1,0,0,0.52,0.0121,13182
745,5,-14.201,0,3,3,1,0,0,0.519,0.0121,13187
746,7,-13.023,0,2,3,1,0,0,0.518,0.0121,13194
747,8,-13.238,0,1,4,1,0,0,0.518,0.012,13202
748,22,-10.357,0,3,5,1,0,0,0.517,0.012,13224
749,13,-12.847,0,2,5,1,0,0,0.516,0.012,13237
750,26,-14.796,0,3,18,1,0,0,0.516,0.012,13263
751,28,-13.974,0,4,16,1,0,0,0.515,0.012,13291
752,194,-13.286,7,16,71,1,0,0,0.514,0.012,13485
753,92,-15.339,2,9,36,1,0,0,0.514,0.012,13577
754,26,-13.974,0,2,8,1,0,0,0.513,0.012,13603
755,8,-9.572,0,3,2,1,0,0,0.512,0.012,13611
756,42,-14.794,0,4,16,1,0,0,0.512,0.0119,13653
757,36,-13.266,0,8,8,1,0,0,0.511,0.0119,13689
758,6,-12.242,0,3,3,1,0,0,0.51,0.0119,13695
759,5,-14.021,0,4,2,1,0,0,0.51,0.0119,13700
760,11,-9.979,0,3,2,1,0,0,0.509,0.0119,13711
761,35,-12.48,0,9,11,1,0,0,0.509,0.0119,13746
762,31,-10.295,0,4,9,1,0,0,0.508,0.0119,13777
763,15,-12.217,0,6,6,1,0,0,0.507,0.0119,13792
764,5,-15.001,0,2,3,1,0,0,0.507,0.0119,13797
765,28,-13.112,0,1,7,1,0,0,0.506,0.0119,13825
766,14,-14.166,0,2,6,1,0,0,0.505,0.0118,13839
767,18,-10.591,0,3,7,1,0,0,0.505,0.0118,13857
768,20,-9.71,0,3,8,1,0,0,0.504,0.0118,13877
769,53,-12.227,0,5,30,1,0,0,0.503,0.0118,13930
770,18,-13.323,0,3,7,1,0,0,0.503,0.0118,13948
771,6,-13.434,0,4,3,1,0,0,0.502,0.0118,13954
772,56,-11.354,0,6,19,1,0,0,0.501,0.0118,14010
773,25,-9.704,0,5,5,1,0,0,0.501,0.0118,14035
774,5,-14.044,0,4,3,1,0,0,0.5,0.0118,14040
775,16,-10.227,0,2,3,1,0,0,0.499,0.0117,14056
776,42,-13.045,1,9,21,1,0,0,0.499,0.0117,14098
777,40,-13.195,0,3,12,1,0,0,0.498,0.0117,14138
778,62,-14.803,0,4,19,1,0,0,0.498,0.0117,14200
779,40,-13.85,0,6,10,1,0,0,0.497,0.0117,14240
780,10,-9.707,0,1,2,1,0,0,0.496,0.0117,14250
781,5,-13.941,0,4,1,1,0,0,0.496,0.0117,14255
782,5,-14.052,0,4,3,1,0,0,0.495,0.0117,14260
783,36,-7.692,2,8,9,1,0,0,0.494,0.0117,14296
784,42,-12.898,0,11,17,1,0,0,0.494,0.0116,14338
785,47,-13.62,1,3,15,1,0,0,0.493,0.0116,14385
786,126,-21.156,0,9,64,1,0,0,0.492,0.0116,14511
787,14,-12.671,0,3,3,1,0,0,0.492,0.0116,14525
788,5,-13.725,0,2,3,1,0,0,0.491,0.0116,14530
789,5,-13.212,0,4,0,1,0,0,0.49,0.0116,14535
790,27,-14.142,0,2,8,1,0,0,0.49,0.0116,14562
791,6,-12.758,0,0,2,1,0,0,0.489,0.0116,14568
792,10,-12.806,0,1,4,1,0,0,0.488,0.0116,14578
793,15,-9.387,0,6,3,1,0,0,0.488,0.0116,14593
794,12,-12.681,0,3,4,1,0,0,0.487,0.0115,14605
795,47,-15.032,0,2,19,1,0,0,0.487,0.0115,14652
796,8,-9.876,0,2,2,1,0,0,0.486,0.0115,14660
797,53,-14.787,0,8,16,1,0,0,0.485,0.0115,14713
798,112,-15.237,2,15,42,1,0,0,0.485,0.0115,14825
799,75,-15.546,1,9,31,1,0,0,0.484,0.0115,14900
800,10,-13.078,0,3,3,1,0,0,0.483,0.0115,14910
801,52,-14.755,0,6,17,1,0,0,0.483,0.0115,14962
802,18,-13.011,0,1,10,1,0,0,0.482,0.0115,14980
803,60,-14.465,0,10,21,1,0,0,0.481,0.0114,15040
804,32,-12.689,1,7,18,1,0,0,0.481,0.0114,15072
805,69,-12.271,1,7,22,1,0,0,0.48,0.0114,15141
806,219,-23.495,0,11,98,1,0,0,0.479,0.0114,15360
807,24,-13.208,0,3,8,1,0,0,0.479,0.0114,15384
808,29,-14.132,0,3,9,1,0,0,0.478,0.0114,15413
809,46,-10.852,0,4,18,1,0,0,0.477,0.0114,15459
810,84,-15.927,1,7,26,1,0,0,0.477,0.0114,15543
811,7,-10.207,0,2,1,1,0,0,0.476,0.0114,15550
812,10,-12.739,0,2,5,1,0,0,0.476,0.0113,15560
813,25,-13.274,0,2,6,1,0,0,0.475,0.0113,15585
814,17,-12.629,0,6,8,1,0,0,0.474,0.0113,15602
815,63,-16.101,0,6,35,1,0,0,0.474,0.0113,15665
816,40,-12.255,0,9,13,1,0,0,0.473,0.0113,15705
817,44,-12.872,1,8,12,1,0,0,0.472,0.0113,15749
818,38,-12.974,1,9,16,1,0,0,0.472,0.0113,15787
819,51,-12.928,1,3,12,1,0,0,0.471,0.0113,15838
820,45,-13.144,0,9,14,1,0,0,0.47,0.0113,15883
821,12,-9.841,0,3,3,1,0,0,0.47,0.0113,15895
822,49,-14.547,0,5,11,1,0,0,0.469,0.0112,15944
823,8,-10.037,0,3,2,1,0,0,0.468,0.0112,15952
824,13,-13.168,0,4,6,1,0,0,0.468,0.0112,15965
825,49,-12.55,2,8,25,1,0,0,0.467,0.0112,16014
826,58,-14.948,0,7,21,1,0,0,0.466,0.0112,16072
827,92,-10.439,1,14,19,1,0,0,0.466,0.0112,16164
828,47,-13.319,0,5,19,1,0,0,0.465,0.0112,16211
829,67,-18.536,0,10,26,1,0,0,0.465,0.0112,16278
830,26,-10.934,0,1,6,1,0,0,0.464,0.0112,16304
831,33,-9.685,1,5,9,1,0,0,0.463,0.0111,16337
832,61,-15.454,0,6,25,1,0,0,0.463,0.0111,16398
833,24,-13.394,0,3,3,1,0,0,0.462,0.0111,16422
834,26,-13.159,0,5,9,1,0,0,0.461,0.0111,16448
835,16,-14.124,0,3,8,1,0,0,0.461,0.0111,16464
836,55,-11.083,2,8,21,1,0,0,0.46,0.0111,16519
837,49,-14.231,0,6,14,1,0,0,0.459,0.0111,16568
838,33,-13.812,1,9,16,1,0,0,0.459,0.0111,16601
839,35,-13.86,0,8,13,1,0,0,0.458,0.0111,16636
840,16,-14.93,0,3,9,1,0,0,0.457,0.0111,16652
841,23,-12.162,1,3,7,1,0,0,0.457,0.011,16675
842,5,-13.472,0,3,2,1,0,0,0.456,0.011,16680
843,12,-13.488,0,2,6,1,0,0,0.456,0.011,16692
844,20,-13.05,0,2,5,1,0,0,0.455,0.011,16712
845,24,-14.371,0,0,9,1,0,0,0.454,0.011,16736
846,9,-9.783,0,2,3,1,0,0,0.454,0.011,16745
847,35,-12.81,1,3,10,1,0,0,0.453,0.011,16780
848,30,-13.682,0,4,8,1,0,0,0.452,0.011,16810
849,49,-9.611,1,7,22,1,0,0,0.452,0.011,16859
850,13,-9.517,0,3,4,1,0,0,0.451,0.0109,16872
851,5,-14.152,0,3,3,1,0,0,0.45,0.0109,16877
852,135,-16.744,3,20,60,1,0,0,0.45,0.0109,17012
853,28,-14.856,0,5,11,1,0,0,0.449,0.0109,17040
854,89,-15.348,0,12,27,1,0,0,0.448,0.0109,17129
855,24,-13.646,0,4,9,1,0,0,0.448,0.0109,17153
856,11,-13.192,0,2,4,1,0,0,0.447,0.0109,17164
857,54,-14.738,2,4,24,1,0,0,0.446,0.0109,17218
858,9,-13.621,0,2,2,1,0,0,0.446,0.0109,17227
859,24,-13.055,1,7,5,1,0,0,0.445,0.0108,17251
860,95,-14.085,2,10,41,1,0,0,0.445,0.0108,17346
861,29,-11.008,0,3,10,1,0,0,0.444,0.0108,17375
862,82,-14.99,1,4,22,1,0,0,0.443,0.0108,17457
863,83,-17.972,0,3,27,1,0,0,0.443,0.0108,17540
864,5,-13.312,0,3,0,1,0,0,0.442,0.0108,17545
865,233,-14.253,7,20,96,1,0,0,0.441,0.0108,17778
866,131,-16.998,2,16,51,1,0,0,0.441,0.0108,17909
867,14,-12.618,0,5,7,1,0,0,0.44,0.0108,17923
868,23,-13.476,0,3,10,1,0,0,0.439,0.0108,17946
869,67,-14.227,1,12,30,1,0,0,0.439,0.0107,18013
870,18,-12.411,0,4,6,1,0,0,0.438,0.0107,18031
871,29,-11.472,0,4,13,1,0,0,0.437,0.0107,18060
872,25,-15.29,0,2,7,1,0,0,0.437,0.0107,18085
873,62,-13.62,1,10,17,1,0,0,0.436,0.0107,18147
874,24,-12.257,0,5,7,1,0,0,0.435,0.0107,18171
875,50,-14.962,0,6,22,1,0,0,0.435,0.0107,18221
876,65,-13.852,2,8,24,1,0,0,0.434,0.0107,18286
877,12,-12.598,0,3,5,1,0,0,0.434,0.0107,18298
878,30,-13.095,0,7,13,1,0,0,0.433,0.0106,18328
879,85,-13.545,2,7,30,1,0,0,0.432,0.0106,18413
880,46,-14.41,1,7,22,1,0,0,0.432,0.0106,18459
881,36,-12.849,0,3,11,1,0,0,0.431,0.0106,18495
882,5,-13.242,0,4,1,1,0,0,0.43,0.0106,18500
883,5,-14.095,0,3,2,1,0,0,0.43,0.0106,18505
884,97,-15.427,2,9,36,1,0,0,0.429,0.0106,18602
885,93,-17.755,0,5,29,1,0,0,0.428,0.0106,18695
886,40,-10.805,1,7,10,1,0,0,0.428,0.0106,18735
887,24,-10.576,0,3,5,1,0,0,0.427,0.0105,18759
888,22,-11.067,0,9,6,1,0,0,0.426,0.0105,18781
889,83,-15.878,1,6,37,1,0,0,0.426,0.0105,18864
890,18,-12.785,0,6,8,1,0,0,0.425,0.0105,18882
891,24,-13.951,0,4,9,1,0,0,0.424,0.0105,18906
892,68,-10.421,1,9,24,1,0,0,0.424,0.0105,18974
893,21,-12.23,1,4,4,1,0,0,0.423,0.0105,18995
894,30,-13.526,0,2,6,1,0,0,0.423,0.0105,19025
895,22,-10.061,0,3,2,1,0,0,0.422,0.0105,19047
896,64,-11.608,1,5,27,1,0,0,0.421,0.0105,19111
897,27,-13.491,0,3,3,1,0,0,0.421,0.0104,19138
898,21,-13.992,0,1,7,1,0,0,0.42,0.0104,19159
899,36,-11.77,1,9,13,1,0,0,0.419,0.0104,19195
900,52,-14.836,1,4,16,1,0,0,0.419,0.0104,19247
901,40,-15.273,0,4,12,1,0,0,0.418,0.0104,19287
902,7,-10.341,0,2,2,1,0,0,0.417,0.0104,19294
903,54,-17.461,0,3,34,1,0,0,0.417,0.0104,19348
904,128,-16.114,1,10,41,1,0,0,0.416,0.0104,19476
905,89,-12.771,2,14,26,1,0,0,0.415,0.0104,19565
906,77,-15.526,0,7,27,1,0,0,0.415,0.0103,19642
907,37,-15.298,0,3,13,1,0,0,0.414,0.0103,19679
908,100,-10.033,3,10,29,1,0,0,0.413,0.0103,19779
909,213,-18.29,3,15,66,1,0,0,0.413,0.0103,19992
910,157,-14.089,4,14,59,1,0,0,0.412,0.0103,20149
911,97,-15.719,1,8,37,1,0,0,0.412,0.0103,20246
912,9,-9.264,0,3,2,1,0,0,0.411,0.0103,20255
913,5,-12.194,0,3,2,1,0,0,0.41,0.0103,20260
914,63,-13.161,1,5,12,1,0,0,0.41,0.0103,20323
915,172,-21.915,1,8,72,1,0,0,0.409,0.0103,20495
916,5,-13.24,0,4,1,1,0,0,0.408,0.0102,20500
917,31,-13.628,0,8,13,1,0,0,0.408,0.0102,20531
918,175,-17.865,3,15,59,1,0,0,0.407,0.0102,20706
919,127,-20.692,0,8,48,1,0,0,0.406,0.0102,20833
920,81,-15.365,0,5,26,1,0,0,0.406,0.0102,20914
921,236,-19.566,5,24,96,1,0,0,0.405,0.0102,21150
922,11,-14.784,0,2,7,1,0,0,0.404,0.0102,21161
923,99,-16.931,0,7,39,1,0,0,0.404,0.0102,21260
924,70,-16.822,1,4,33,1,0,0,0.403,0.0102,21330
925,76,-15.708,0,9,21,1,0,0,0.402,0.0101,21406
926,27,-10.994,0,1,6,1,0,0,0.402,0.0101,21433
927,106,-19.732,2,7,49,1,0,0,0.401,0.0101,21539
928,70,-12.768,0,12,15,1,0,0,0.401,0.0101,21609
929,205,-18.108,1,21,77,1,0,0,0.4,0.0101,21814
930,28,-11.056,1,6,8,1,0,0,0.399,0.0101,21842
931,11,-12.009,0,3,4,1,0,0,0.399,0.0101,21853
932,30,-11.904,0,5,16,1,0,0,0.398,0.0101,21883
933,38,-12.361,0,6,14,1,0,0,0.397,0.0101,21921
934,31,-13.738,0,4,15,1,0,0,0.397,0.01,21952
935,57,-16.343,0,7,25,1,0,0,0.396,0.01,22009
936,17,-10.29,0,3,2,1,0,0,0.395,0.01,22026
937,23,-11.623,0,2,13,1,0,0,0.395,0.01,22049
938,91,-18.085,0,8,35,1,0,0,0.394,0.01,22140
939,19,-9.734,0,3,4,1,0,0,0.393,0.01,22159
940,23,-12.752,0,2,8,1,0,0,0.393,0.01,22182
941,311,-26.455,2,19,110,1,0,0,0.392,0.01,22493
942,49,-12.755,0,7,13,1,0,0,0.391,0.01,22542
943,5,-13.502,0,3,3,1,0,0,0.391,0.01,22547
944,5,-13.192,0,4,1,1,0,0,0.39,0.0099,22552
945,66,-13.747,1,7,29,1,0,0,0.39,0.0099,22618
946,14,-10.887,0,2,7,1,0,0,0.389,0.0099,22632
947,13,-13.781,0,2,1,1,0,0,0.388,0.0099,22645
948,122,-9.492,4,13,23,1,0,0,0.388,0.0099,22767
949,87,-15.66,0,7,24,1,0,0,0.387,0.0099,22854
950,26,-9.936,0,5,6,1,0,0,0.386,0.0099,22880
951,5,-13.362,0,3,0,1,0,0,0.386,0.0099,22885
952,26,-13.925,0,3,9,1,0,0,0.385,0.0099,22911
953,53,-11.735,0,2,8,1,0,0,0.384,0.0098,22964
954,161,-15.919,4,21,61,1,0,0,0.384,0.0098,23125
955,61,-15.172,0,7,21,1,0,0,0.383,0.0098,23186
956,29,-15.698,0,3,4,1,0,0,0.382,0.0098,23215
957,93,-13.108,0,7,27,1,0,0,0.382,0.0098,23308
958,92,-11.704,1,9,26,1,0,0,0.381,0.0098,23400
959,15,-9.713,0,2,3,1,0,0,0.38,0.0098,23415
960,43,-12.637,1,10,10,1,0,0,0.38,0.0098,23458
961,5,-13.21,0,3,0,1,0,0,0.379,0.0098,23463
962,47,-12.351,0,6,13,1,0,0,0.379,0.0097,23510
963,33,-13.275,0,5,7,1,0,0,0.378,0.0097,23543
964,82,-14.838,0,8,20,1,0,0,0.377,0.0097,23625
965,30,-12.633,0,6,8,1,0,0,0.377,0.0097,23655
966,14,-9.927,0,2,0,1,0,0,0.376,0.0097,23669
967,37,-13.763,0,9,11,1,0,0,0.375,0.0097,23706
968,31,-10.575,0,3,8,1,0,0,0.375,0.0097,23737
969,14,-10.167,0,2,3,1,0,0,0.374,0.0097,23751
970,19,-14.001,0,3,3,1,0,0,0.373,0.0097,23770
971,96,-11.788,1,8,27,1,0,0,0.373,0.0097,23866
972,18,-13.657,0,2,6,1,0,0,0.372,0.0096,23884
973,11,-13.55,0,4,2,1,0,0,0.371,0.0096,23895
974,161,-18.057,2,16,57,1,0,0,0.371,0.0096,24056
975,106,-15.313,2,16,50,1,0,0,0.37,0.0096,24162
976,79,-14.874,0,6,17,1,0,0,0.369,0.0096,24241
977,79,-9.304,2,14,19,1,0,0,0.369,0.0096,24320
978,30,-13.142,0,5,16,1,0,0,0.368,0.0096,24350
979,32,-14.895,0,3,9,1,0,0,0.368,0.0096,24382
980,17,-14.567,0,2,10,1,0,0,0.367,0.0096,24399
981,102,-15.799,1,8,32,1,0,0,0.366,0.0095,24501
982,25,-9.428,0,5,5,1,0,0,0.366,0.0095,24526
983,38,-13.73,0,7,17,1,0,0,0.365,0.0095,24564
984,34,-9.938,0,3,7,1,0,0,0.364,0.0095,24598
985,20,-14.666,0,4,4,1,0,0,0.364,0.0095,24618
986,115,-14.409,3,10,31,1,0,0,0.363,0.0095,24733
987,32,-10.66,0,3,3,1,0,0,0.362,0.0095,24765
988,75,-11.791,2,11,15,1,0,0,0.362,0.0095,24840
989,5,-13.565,0,3,2,1,0,0,0.361,0.0095,24845
990,62,-15.264,0,10,18,1,0,0,0.36,0.0095,24907
991,86,-17.264,0,4,33,1,0,0,0.36,0.0094,24993
992,125,-14.375,0,8,35,1,0,0,0.359,0.0094,25118
993,33,-15.287,0,3,6,1,0,0,0.359,0.0094,25151
994,6,-9.492,0,2,0,1,0,0,0.358,0.0094,25157
995,107,-15.361,0,6,49,1,0,0,0.357,0.0094,25264
996,56,-13.115,0,9,15,1,0,0,0.357,0.0094,25320
997,10,-12.71,0,2,4,1,0,0,0.356,0.0094,25330
998,275,-18.651,5,25,100,1,0,0,0.355,0.0094,25605
999,122,-17.385,1,14,52,1,0,0,0.355,0.0094,25727
1000,120,-13.594,1,14,28,1,0,0,0.354,0.0093,25847
1001,116,-15.323,1,8,36,1,0,0,0.353,0.0093,25963
1002,177,-15.749,4,12,50,1,0,0,0.353,0.0093,26140
1003,178,-15.45,3,13,61,1,0,0,0.352,0.0093,26318
1004,5,-13.651,0,2,3,1,0,0,0.351,0.0093,26323
1005,173,-23.248,2,9,69,1,0,0,0.351,0.0093,26496
1006,52,-13.276,0,10,11,1,0,0,0.35,0.0093,26548
1007,151,-21.3,0,6,48,1,0,0,0.349,0.0093,26699
1008,20,-13.263,0,3,9,1,0,0,0.349,0.0093,26719
1009,20,-13.09,0,3,8,1,0,0,0.348,0.0092,26739
1010,194,-12.678,6,25,59,1,0,0,0.348,0.0092,26933
1011,17,-11.871,0,5,3,1,0,0,0.347,0.0092,26950
1012,93,-11.523,3,14,23,1,0,0,0.346,0.0092,27043
1013,85,-16.619,0,7,33,1,0,0,0.346,0.0092,27128
1014,10,-9.615,0,3,1,1,0,0,0.345,0.0092,27138
1015,88,-15.871,0,4,13,1,0,0,0.344,0.0092,27226
1016,53,-13.424,1,2,13,1,0,0,0.344,0.0092,27279
1017,16,-13.731,0,2,6,1,0,0,0.343,0.0092,27295
1018,78,-15.458,1,3,22,1,0,0,0.342,0.0092,27373
1019,66,-16.746,0,6,21,1,0,0,0.342,0.0091,27439
1020,37,-14.711,0,3,12,1,0,0,0.341,0.0091,27476
1021,77,-10.542,1,10,20,1,0,0,0.34,0.0091,27553
1022,43,-10.624,0,7,16,1,0,0,0.34,0.0091,27596
1023,131,-14.104,1,14,23,1,0,0,0.339,0.0091,27727
1024,83,-11.907,1,7,30,1,0,0,0.338,0.0091,27810
1025,51,-15.532,0,6,17,1,0,0,0.338,0.0091,27861
1026,83,-15.473,0,5,18,1,0,0,0.337,0.0091,27944
1027,30,-14.124,0,4,2,1,0,0,0.337,0.0091,27974
1028,22,-12.576,0,1,2,1,0,0,0.336,0.009,27996
1029,5,-13.271,0,4,2,1,0,0,0.335,0.009,28001
1030,114,-15.661,2,6,29,1,0,0,0.335,0.009,28115
1031,75,-15.639,0,7,27,1,0,0,0.334,0.009,28190
1032,95,-16.952,1,3,26,1,0,0,0.333,0.009,28285
1033,201,-18.144,2,12,59,1,0,0,0.333,0.009,28486
1034,45,-15.3,0,5,19,1,0,0,0.332,0.009,28531
1035,34,-10.697,0,6,8,1,0,0,0.331,0.009,28565
1036,20,-14.885,0,3,6,1,0,0,0.331,0.009,28585
1037,33,-11.085,0,4,9,1,0,0,0.33,0.0089,28618
1038,39,-15.061,0,2,22,1,0,0,0.329,0.0089,28657
1039,177,-17.398,1,23,65,1,0,0,0.329,0.0089,28834
1040,82,-14.162,0,6,22,1,0,0,0.328,0.0089,28916
1041,56,-11.562,0,5,14,1,0,0,0.327,0.0089,28972
1042,289,-22.178,5,22,115,1,0,0,0.327,0.0089,29261
1043,7,-14.12,0,3,1,1,0,0,0.326,0.0089,29268
1044,38,-12.457,0,6,11,1,0,0,0.326,0.0089,29306
1045,6,-9.9,0,1,1,1,0,0,0.325,0.0089,29312
1046,37,-10.008,0,5,7,1,0,0,0.324,0.0089,29349
1047,94,-11.962,2,6,26,1,0,0,0.324,0.0088,29443
1048,87,-16.1,1,6,38,1,0,0,0.323,0.0088,29530
1049,6,-14.389,0,3,5,1,0,0,0.322,0.0088,29536
1050,68,-14.263,1,5,27,1,0,0,0.322,0.0088,29604
1051,87,-14.004,2,7,28,1,0,0,0.321,0.0088,29691
1052,87,-13.342,2,4,12,1,0,0,0.32,0.0088,29778
1053,41,-11.98,1,9,10,1,0,0,0.32,0.0088,29819
1054,51,-13.347,1,11,18,1,0,0,0.319,0.0088,29870
1055,187,-20.662,1,10,65,1,0,0,0.318,0.0088,30057
1056,85,-10.927,2,12,20,1,0,0,0.318,0.0087,30142
1057,8,-9.535,0,2,0,1,0,0,0.317,0.0087,30150
1058,194,-22.214,0,12,78,1,0,0,0.316,0.0087,30344
1059,79,-7.933,3,11,20,1,0,0,0.316,0.0087,30423
1060,133,-16.768,0,9,44,1,0,0,0.315,0.0087,30556
1061,11,-9.667,0,2,0,1,0,0,0.315,0.0087,30567
1062,15,-12.34,0,5,9,1,0,0,0.314,0.0087,30582
1063,79,-14.049,1,6,17,1,0,0,0.313,0.0087,30661
1064,54,-14.584,1,5,9,1,0,0,0.313,0.0087,30715
1065,146,-22.196,0,5,44,1,0,0,0.312,0.0087,30861
1066,100,-16.169,1,11,34,1,0,0,0.311,0.0086,30961
1067,70,-16.354,0,4,13,1,0,0,0.311,0.0086,31031
1068,95,-12.466,0,6,17,1,0,0,0.31,0.0086,31126
1069,13,-12.556,0,3,2,1,0,0,0.309,0.0086,31139
1070,10,-9.565,0,3,2,1,0,0,0.309,0.0086,31149
1071,209,-17.399,3,16,38,1,0,0,0.308,0.0086,31358
1072,166,-17.676,4,13,55,1,0,0,0.307,0.0086,31524
1073,18,-9.661,0,2,3,1,0,0,0.307,0.0086,31542
1074,5,-13.11,0,4,0,1,0,0,0.306,0.0086,31547
1075,5,-13.192,0,4,1,1,0,0,0.305,0.0085,31552
1076,61,-15.041,0,3,10,1,0,0,0.305,0.0085,31613
1077,97,-13.325,0,3,16,1,0,0,0.304,0.0085,31710
1078,8,-12.482,0,2,2,1,0,0,0.304,0.0085,31718
1079,151,-14.345,3,9,32,1,0,0,0.303,0.0085,31869
1080,187,-12.866,3,18,57,1,0,0,0.302,0.0085,32056
1081,32,-10.098,0,4,7,1,0,0,0.302,0.0085,32088
1082,94,-12.878,1,9,22,1,0,0,0.301,0.0085,32182
1083,90,-12.651,0,9,30,1,0,0,0.3,0.0085,32272
1084,23,-13.002,0,2,3,1,0,0,0.3,0.0084,32295
1085,159,-15.511,2,16,44,1,0,0,0.299,0.0084,32454
1086,226,-21.163,3,16,84,1,0,0,0.298,0.0084,32680
1087,30,-12.54,1,5,4,1,0,0,0.298,0.0084,32710
1088,48,-10.673,0,7,19,1,0,0,0.297,0.0084,32758
1089,105,-16.052,0,5,16,1,0,0,0.296,0.0084,32863
1090,193,-19.531,2,10,75,1,0,0,0.296,0.0084,33056
1091,132,-15.928,1,14,31,1,0,0,0.295,0.0084,33188
1092,60,-15.124,0,2,7,1,0,0,0.294,0.0084,33248
1093,8,-11.986,0,2,2,1,0,0,0.294,0.0084,33256
1094,56,-13.573,0,8,12,1,0,0,0.293,0.0083,33312
1095,149,-15.467,2,15,34,1,0,0,0.293,0.0083,33461
1096,186,-18.373,2,18,44,1,0,0,0.292,0.0083,33647
1097,82,-12.334,2,9,9,1,0,0,0.291,0.0083,33729
1098,6,-13.399,0,3,1,1,0,0,0.291,0.0083,33735
1099,45,-14.578,0,4,11,1,0,0,0.29,0.0083,33780
1100,6,-9.626,0,3,1,1,0,0,0.289,0.0083,33786
1101,28,-10.432,0,3,4,1,0,0,0.289,0.0083,33814
1102,104,-16.196,0,7,26,1,0,0,0.288,0.0083,33918
1103,14,-10.217,0,2,3,1,0,0,0.287,0.0082,33932
1104,109,-12.395,1,8,24,1,0,0,0.287,0.0082,34041
1105,344,-21.915,4,24,87,1,0,0,0.286,0.0082,34385
1106,170,-17.001,2,17,45,1,0,0,0.285,0.0082,34555
1107,16,-9.864,0,2,0,1,0,0,0.285,0.0082,34571
1108,135,-17.142,2,4,35,1,0,0,0.284,0.0082,34706
1109,75,-13.534,1,9,17,1,0,0,0.283,0.0082,34781
1110,171,-14.797,3,17,41,1,0,0,0.283,0.0082,34952
1111,77,-15.919,0,6,21,1,0,0,0.282,0.0082,35029
1112,6,-13.059,0,1,3,1,0,0,0.282,0.0081,35035
1113,21,-13.82,0,3,1,1,0,0,0.281,0.0081,35056
1114,13,-13.265,0,3,4,1,0,0,0.28,0.0081,35069
1115,39,-10.454,0,4,7,1,0,0,0.28,0.0081,35108
1116,31,-13.666,0,3,8,1,0,0,0.279,0.0081,35139
1117,75,-14.032,1,8,13,1,0,0,0.278,0.0081,35214
1118,51,-14.094,0,5,8,1,0,0,0.278,0.0081,35265
1119,66,-12.337,2,4,11,1,0,0,0.277,0.0081,35331
1120,56,-11.181,0,3,7,1,0,0,0.276,0.0081,35387
1121,131,-12.251,3,13,38,1,0,0,0.276,0.0081,35518
1122,174,-20.108,0,6,51,1,0,0,0.275,0.008,35692
1123,63,-11.732,0,3,8,1,0,0,0.274,0.008,35755
1124,62,-13.299,1,13,19,1,0,0,0.274,0.008,35817
1125,104,-16.409,1,12,49,1,0,0,0.273,0.008,35921
1126,135,-18.299,0,12,40,1,0,0,0.272,0.008,36056
1127,92,-12.985,1,11,10,1,0,0,0.272,0.008,36148
1128,26,-10.034,0,3,2,1,0,0,0.271,0.008,36174
1129,84,-14.391,1,5,16,1,0,0,0.271,0.008,36258
1130,41,-9.649,0,6,3,1,0,0,0.27,0.008,36299
1131,117,-15.685,2,11,40,1,0,0,0.269,0.0079,36416
1132,51,-13.913,0,7,19,1,0,0,0.269,0.0079,36467
1133,180,-13.98,4,16,41,1,0,0,0.268,0.0079,36647
1134,86,-15.384,1,11,20,1,0,0,0.267,0.0079,36733
1135,400,-15.271,1,17,126,0,0,1,0.267,0.0079,37133
1136,366,-28.882,2,15,120,1,0,0,0.266,0.0079,37499
1137,228,-18.534,2,11,77,1,0,0,0.265,0.0079,37727
1138,47,-14.042,0,5,10,1,0,0,0.265,0.0079,37774
1139,9,-13.339,0,4,1,1,0,0,0.264,0.0079,37783
1140,55,-13.924,0,5,6,1,0,0,0.263,0.0079,37838
1141,103,-9.273,4,13,26,1,0,0,0.263,0.0078,37941
1142,5,-13.542,0,2,1,1,0,0,0.262,0.0078,37946
1143,150,-16.192,2,6,22,1,0,0,0.262,0.0078,38096
1144,226,-19.358,2,17,57,1,0,0,0.261,0.0078,38322
1145,227,-23.274,2,16,59,1,0,0,0.26,0.0078,38549
1146,5,-13.262,0,4,0,1,0,0,0.26,0.0078,38554
1147,110,-11.065,0,14,28,1,0,0,0.259,0.0078,38664
1148,11,-13.611,0,3,1,1,0,0,0.258,0.0078,38675
1149,171,-16.679,2,20,61,1,0,0,0.258,0.0078,38846
1150,176,-17.2,3,13,37,1,0,0,0.257,0.0077,39022
1151,64,-14.97,1,8,15,1,0,0,0.256,0.0077,39086
1152,42,-9.703,0,8,5,1,0,0,0.256,0.0077,39128
1153,87,-16.157,1,4,17,1,0,0,0.255,0.0077,39215
1154,308,-23.355,4,17,97,1,0,0,0.254,0.0077,39523
1155,167,-18.323,1,10,28,1,0,0,0.254,0.0077,39690
1156,127,-15.239,0,3,14,1,0,0,0.253,0.0077,39817
1157,213,-23.643,1,11,84,1,0,0,0.252,0.0077,40030
1158,100,-14.707,0,8,9,1,0,0,0.252,0.0077,40130
1159,91,-14.705,1,10,20,1,0,0,0.251,0.0076,40221
1160,104,-14.947,1,8,20,1,0,0,0.251,0.0076,40325
1161,386,-21.654,5,30,97,1,0,0,0.25,0.0076,40711
1162,90,-10.717,2,10,23,1,0,0,0.249,0.0076,40801
1163,86,-15.475,0,6,12,1,0,0,0.249,0.0076,40887
1164,153,-16.195,0,12,23,1,0,0,0.248,0.0076,41040
1165,40,-13.082,0,7,8,1,0,0,0.247,0.0076,41080
1166,11,-9.895,0,2,0,1,0,0,0.247,0.0076,41091
1167,97,-17.188,0,4,12,1,0,0,0.246,0.0076,41188
1168,141,-14.695,2,10,26,1,0,0,0.245,0.0076,41329
1169,78,-9.847,2,12,16,1,0,0,0.245,0.0075,41407
1170,331,-22.192,3,14,86,1,0,0,0.244,0.0075,41738
1171,171,-14.546,1,9,19,1,0,0,0.243,0.0075,41909
1172,33,-10.456,0,3,2,1,0,0,0.243,0.0075,41942
1173,153,-15.149,2,16,43,1,0,0,0.242,0.0075,42095
1174,30,-10.303,0,3,2,1,0,0,0.241,0.0075,42125
1175,80,-12.107,1,10,10,1,0,0,0.241,0.0075,42205
1176,125,-13.972,1,7,35,1,0,0,0.24,0.0075,42330
1177,53,-14.009,0,4,10,1,0,0,0.24,0.0075,42383
1178,38,-13.532,0,5,7,1,0,0,0.239,0.0074,42421
1179,267,-21.034,3,23,79,1,0,0,0.238,0.0074,42688
1180,34,-14.805,0,3,7,1,0,0,0.238,0.0074,42722
1181,117,-19.2,0,4,41,1,0,0,0.237,0.0074,42839
1182,164,-17.686,2,6,44,1,0,0,0.236,0.0074,43003
1183,94,-13.667,0,2,13,1,0,0,0.236,0.0074,43097
1184,216,-16.821,1,11,45,1,0,0,0.235,0.0074,43313
1185,7,-9.134,0,2,0,1,0,0,0.234,0.0074,43320
1186,202,-17.24,2,15,45,1,0,0,0.234,0.0074,43522
1187,149,-15.557,1,7,31,1,0,0,0.233,0.0073,43671
1188,159,-18.374,1,6,48,1,0,0,0.232,0.0073,43830
1189,68,-14.907,0,8,27,1,0,0,0.232,0.0073,43898
1190,79,-12.839,0,3,19,1,0,0,0.231,0.0073,43977
1191,5,-14.042,0,3,1,1,0,0,0.23,0.0073,43982
1192,25,-10.244,0,3,6,1,0,0,0.23,0.0073,44007
1193,108,-12.165,0,7,12,1,0,0,0.229,0.0073,44115
1194,64,-17.018,0,1,35,1,0,0,0.229,0.0073,44179
1195,78,-12.814,0,5,14,1,0,0,0.228,0.0073,44257
1196,400,-10.958,4,17,107,0,0,1,0.227,0.0073,44657
1197,15,-13.613,0,1,5,1,0,0,0.227,0.0072,44672
1198,133,-9.326,4,19,23,1,0,0,0.226,0.0072,44805
1199,191,-15.142,4,14,55,1,0,0,0.225,0.0072,44996
1200,33,-14.719,0,3,7,1,0,0,0.225,0.0072,45029
1201,132,-15.062,1,14,32,1,0,0,0.224,0.0072,45161
1202,40,-11.815,0,5,6,1,0,0,0.223,0.0072,45201
1203,128,-14.843,2,11,19,1,0,0,0.223,0.0072,45329
1204,85,-11.131,3,11,15,1,0,0,0.222,0.0072,45414
1205,196,-18.098,2,15,50,1,0,0,0.221,0.0072,45610
1206,25,-9.883,0,3,2,1,0,0,0.221,0.0071,45635
1207,188,-17.831,3,15,49,1,0,0,0.22,0.0071,45823
1208,42,-10.452,0,5,15,1,0,0,0.219,0.0071,45865
1209,94,-15.13,1,15,29,1,0,0,0.219,0.0071,45959
1210,353,-19.459,6,15,86,1,0,0,0.218,0.0071,46312
1211,249,-22.788,1,14,76,1,0,0,0.218,0.0071,46561
1212,240,-20.075,2,9,72,1,0,0,0.217,0.0071,46801
1213,33,-14.541,0,2,3,1,0,0,0.216,0.0071,46834
1214,400,-15.682,4,23,146,0,0,1,0.216,0.0071,47234
1215,238,-23.885,1,11,96,1,0,0,0.215,0.0071,47472
1216,41,-9.712,0,5,1,1,0,0,0.214,0.007,47513
1217,5,-13.161,0,4,0,1,0,0,0.214,0.007,47518
1218,109,-9.059,3,10,12,1,0,0,0.213,0.007,47627
1219,45,-11.787,2,7,8,1,0,0,0.212,0.007,47672
1220,289,-23.708,4,15,117,1,0,0,0.212,0.007,47961
1221,292,-19.022,4,18,95,1,0,0,0.211,0.007,48253
1222,64,-11.349,0,5,9,1,0,0,0.21,0.007,48317
1223,153,-15.541,3,11,39,1,0,0,0.21,0.007,48470
1224,41,-13.986,0,2,6,1,0,0,0.209,0.007,48511
1225,90,-12.822,1,9,27,1,0,0,0.208,0.0069,48601
1226,31,-9.613,0,5,3,1,0,0,0.208,0.0069,48632
1227,152,-19.109,0,8,39,1,0,0,0.207,0.0069,48784
1228,15,-13.86,0,3,3,1,0,0,0.207,0.0069,48799
1229,124,-18.099,0,5,33,1,0,0,0.206,0.0069,48923
1230,24,-14.592,0,2,7,1,0,0,0.205,0.0069,48947
1231,323,-25.55,3,9,91,1,0,0,0.205,0.0069,49270
1232,100,-13.019,1,6,19,1,0,0,0.204,0.0069,49370
1233,72,-12.704,1,8,7,1,0,0,0.203,0.0069,49442
1234,347,-26.868,3,13,100,1,0,0,0.203,0.0068,49789
1235,48,-9.02,1,7,8,1,0,0,0.202,0.0068,49837
1236,234,-15.61,2,20,38,1,0,0,0.201,0.0068,50071
1237,400,-9.853,7,26,93,0,0,1,0.201,0.0068,50471
1238,400,-10.273,9,24,95,0,0,1,0.2,0.0068,50871
1239,5,-13.304,0,4,0,1,0,0,0.199,0.0068,50876
1240,283,-19.512,3,12,77,1,0,0,0.199,0.0068,51159
1241,168,-12.684,3,10,36,1,0,0,0.198,0.0068,51327
1242,279,-20.02,5,24,72,1,0,0,0.197,0.0068,51606
1243,210,-17.762,2,16,45,1,0,0,0.197,0.0068,51816
1244,400,-19.281,1,6,120,0,0,1,0.196,0.0067,52216
1245,400,-10.887,6,18,93,0,0,1,0.196,0.0067,52616
1246,210,-18.853,1,20,65,1,0,0,0.195,0.0067,52826
1247,214,-18.074,0,5,34,1,0,0,0.194,0.0067,53040
1248,110,-7.283,4,13,20,1,0,0,0.194,0.0067,53150
1249,143,-15.998,1,3,41,1,0,0,0.193,0.0067,53293
1250,128,-18.39,0,14,47,1,0,0,0.192,0.0067,53421
1251,400,-12.771,2,14,56,0,0,1,0.192,0.0067,53821
1252,310,-20.765,5,17,67,1,0,0,0.191,0.0067,54131
1253,135,-19.055,0,10,42,1,0,0,0.19,0.0066,54266
1254,84,-14.317,1,8,11,1,0,0,0.19,0.0066,54350
1255,97,-13.861,1,9,13,1,0,0,0.189,0.0066,54447
1256,296,-15.498,7,27,92,1,0,0,0.188,0.0066,54743
1257,362,-22.972,5,20,85,1,0,0,0.188,0.0066,55105
1258,12,-9.212,0,3,0,1,0,0,0.187,0.0066,55117
1259,228,-15.655,6,24,44,1,0,0,0.186,0.0066,55345
1260,400,-16.794,5,26,117,0,0,1,0.186,0.0066,55745
1261,222,-9.183,4,20,20,1,0,0,0.185,0.0066,55967
1262,79,-16.06,0,5,11,1,0,0,0.185,0.0065,56046
1263,113,-17.07,0,5,15,1,0,0,0.184,0.0065,56159
1264,210,-14.793,3,20,42,1,0,0,0.183,0.0065,56369
1265,142,-20.428,1,6,52,1,0,0,0.183,0.0065,56511
1266,148,-15.83,2,6,28,1,0,0,0.182,0.0065,56659
1267,253,-10.114,8,21,53,1,0,0,0.181,0.0065,56912
1268,351,-21.774,7,28,118,1,0,0,0.181,0.0065,57263
1269,400,-12.356,5,13,89,0,0,1,0.18,0.0065,57663
1270,400,-15.091,3,30,118,0,0,1,0.179,0.0065,58063
1271,24,-12.992,0,2,2,1,0,0,0.179,0.0065,58087
1272,203,-10.77,5,26,38,1,0,0,0.178,0.0064,58290
1273,297,-18.725,4,16,45,1,0,0,0.177,0.0064,58587
1274,222,-17.15,2,14,75,1,0,0,0.177,0.0064,58809
1275,198,-21.307,0,9,43,1,0,0,0.176,0.0064,59007
1276,321,-21.108,3,25,112,1,0,0,0.176,0.0064,59328
1277,176,-13.129,3,16,36,1,0,0,0.175,0.0064,59504
1278,46,-11.121,0,2,4,1,0,0,0.174,0.0064,59550
1279,84,-16.015,0,8,27,1,0,0,0.174,0.0064,59634
1280,321,-20.273,2,10,46,1,0,0,0.173,0.0064,59955
1281,64,-13.242,0,10,8,1,0,0,0.172,0.0063,60019
1282,125,-15.962,0,9,18,1,0,0,0.172,0.0063,60144
1283,400,-7.256,9,23,114,0,0,1,0.171,0.0063,60544
1284,78,-12.13,0,6,10,1,0,0,0.17,0.0063,60622
1285,63,-13.829,0,5,9,1,0,0,0.17,0.0063,60685
1286,72,-17.281,0,5,16,1,0,0,0.169,0.0063,60757
1287,36,-14.525,0,3,2,1,0,0,0.168,0.0063,60793
1288,140,-10.644,1,10,13,1,0,0,0.168,0.0063,60933
1289,132,-8.943,4,17,20,1,0,0,0.167,0.0063,61065
1290,169,-17.861,2,9,56,1,0,0,0.166,0.0063,61234
1291,12,-9.577,0,3,2,1,0,0,0.166,0.0062,61246
1292,359,-18.285,4,22,46,1,0,0,0.165,0.0062,61605
1293,5,-13.262,0,3,0,1,0,0,0.165,0.0062,61610
1294,204,-19.774,1,11,58,1,0,0,0.164,0.0062,61814
1295,375,-23.996,3,16,104,1,0,0,0.163,0.0062,62189
1296,78,-13.537,1,9,28,1,0,0,0.163,0.0062,62267
1297,85,-10.495,1,8,5,1,0,0,0.162,0.0062,62352
1298,205,-16.0,2,16,21,1,0,0,0.161,0.0062,62557
1299,400,-14.792,4,13,127,0,0,1,0.161,0.0062,62957
1300,57,-14.344,0,2,6,1,0,0,0.16,0.0061,63014
1301,400,-9.479,5,20,71,0,0,1,0.159,0.0061,63414
1302,32,-14.228,0,4,2,1,0,0,0.159,0.0061,63446
1303,126,-13.412,0,10,25,1,0,0,0.158,0.0061,63572
1304,19,-9.48,0,4,6,1,0,0,0.157,0.0061,63591
1305,155,-14.414,2,9,42,1,0,0,0.157,0.0061,63746
1306,400,-22.743,2,9,125,0,0,1,0.156,0.0061,64146
1307,236,-23.553,0,7,49,1,0,0,0.155,0.0061,64382
1308,299,-21.096,3,12,36,1,0,0,0.155,0.0061,64681
1309,264,-19.592,2,7,21,1,0,0,0.154,0.006,64945
1310,321,-22.613,2,12,73,1,0,0,0.154,0.006,65266
1311,400,-13.816,3,17,78,0,0,1,0.153,0.006,65666
1312,400,-8.42,6,17,40,0,0,1,0.152,0.006,66066
1313,400,-7.992,6,16,69,0,0,1,0.152,0.006,66466
1314,400,-1.849,10,34,72,0,0,1,0.151,0.006,66866
1315,400,-10.104,3,14,51,0,0,1,0.15,0.006,67266
1316,85,-15.874,0,5,28,1,0,0,0.15,0.006,67351
1317,217,-18.482,1,14,20,1,0,0,0.149,0.006,67568
1318,400,-10.357,4,19,69,0,0,1,0.148,0.006,67968
1319,154,-16.696,3,9,34,1,0,0,0.148,0.0059,68122
1320,358,-20.558,4,21,99,1,0,0,0.147,0.0059,68480
1321,400,-15.103,2,13,105,0,0,1,0.146,0.0059,68880
1322,400,-14.86,3,17,125,0,0,1,0.146,0.0059,69280
1323,120,-16.126,0,8,15,1,0,0,0.145,0.0059,69400
1324,400,-11.126,2,11,67,0,0,1,0.144,0.0059,69800
1325,303,-22.904,1,9,18,1,0,0,0.144,0.0059,70103
1326,400,-17.476,1,15,124,0,0,1,0.143,0.0059,70503
1327,41,-14.339,0,4,0,1,0,0,0.143,0.0059,70544
1328,133,-15.901,1,9,17,1,0,0,0.142,0.0058,70677
1329,120,-10.342,1,14,16,1,0,0,0.141,0.0058,70797
1330,400,-15.034,4,13,102,0,0,1,0.141,0.0058,71197
1331,400,-14.954,2,11,98,0,0,1,0.14,0.0058,71597
1332,20,-12.791,0,3,3,1,0,0,0.139,0.0058,71617
1333,129,-13.532,0,5,10,1,0,0,0.139,0.0058,71746
1334,388,-20.213,7,25,64,1,0,0,0.138,0.0058,72134
1335,400,-15.709,3,14,103,0,0,1,0.137,0.0058,72534
1336,400,-9.798,3,25,70,0,0,1,0.137,0.0058,72934
1337,103,-16.098,1,5,12,1,0,0,0.136,0.0057,73037
1338,106,-16.994,1,8,35,1,0,0,0.135,0.0057,73143
1339,400,-5.759,4,23,32,0,0,1,0.135,0.0057,73543
1340,165,-14.909,2,12,15,1,0,0,0.134,0.0057,73708
1341,400,-10.141,4,16,75,0,0,1,0.133,0.0057,74108
1342,99,-10.102,0,15,8,1,0,0,0.133,0.0057,74207
1343,320,-24.221,1,9,37,1,0,0,0.132,0.0057,74527
1344,400,-10.861,3,21,62,0,0,1,0.132,0.0057,74927
1345,400,-15.758,1,5,54,0,0,1,0.131,0.0057,75327
1346,125,-15.928,0,10,14,1,0,0,0.13,0.0057,75452
1347,218,-19.493,3,10,35,1,0,0,0.13,0.0056,75670
1348,132,-14.668,2,12,26,1,0,0,0.129,0.0056,75802
1349,274,-16.747,4,25,38,1,0,0,0.128,0.0056,76076
1350,400,-13.768,3,17,68,0,0,1,0.128,0.0056,76476
1351,400,-12.739,2,10,70,0,0,1,0.127,0.0056,76876
1352,374,-21.931,3,15,67,1,0,0,0.126,0.0056,77250
1353,164,-15.745,0,4,12,1,0,0,0.126,0.0056,77414
1354,104,-16.477,1,4,29,1,0,0,0.125,0.0056,77518
1355,181,-12.606,4,19,51,1,0,0,0.124,0.0056,77699
1356,261,-19.523,1,7,28,1,0,0,0.124,0.0055,77960
1357,400,-12.646,4,17,58,0,0,1,0.123,0.0055,78360
1358,400,-15.186,4,16,79,0,0,1,0.122,0.0055,78760
1359,391,-22.828,3,24,83,1,0,0,0.122,0.0055,79151
1360,240,-18.646,0,6,17,1,0,0,0.121,0.0055,79391
1361,348,-22.69,3,18,94,1,0,0,0.121,0.0055,79739
1362,188,-17.693,0,10,20,1,0,0,0.12,0.0055,79927
1363,160,-16.941,0,7,13,1,0,0,0.119,0.0055,80087
1364,176,-12.71,3,19,13,1,0,0,0.119,0.0055,80263
1365,302,-16.421,4,21,54,1,0,0,0.118,0.0055,80565
1366,151,-15.28,0,3,11,1,0,0,0.117,0.0054,80716
1367,400,-13.282,2,20,59,0,0,1,0.117,0.0054,81116
1368,389,-26.295,3,14,70,1,0,0,0.116,0.0054,81505
1369,400,-13.256,3,20,103,0,0,1,0.115,0.0054,81905
1370,392,-23.894,3,21,60,1,0,0,0.115,0.0054,82297
1371,400,-8.82,3,25,46,0,0,1,0.114,0.0054,82697
1372,212,-15.363,2,11,42,1,0,0,0.113,0.0054,82909
1373,400,-13.035,2,12,63,0,0,1,0.113,0.0054,83309
1374,400,-2.444,8,27,67,0,0,1,0.112,0.0054,83709
1375,12,-12.552,0,3,3,1,0,0,0.111,0.0053,83721
1376,350,-18.2,4,23,26,1,0,0,0.111,0.0053,84071
1377,80,-12.075,0,3,2,1,0,0,0.11,0.0053,84151
1378,400,-16.42,2,13,71,0,0,1,0.11,0.0053,84551
1379,400,-9.115,4,22,72,0,0,1,0.109,0.0053,84951
1380,213,-17.178,0,5,9,1,0,0,0.108,0.0053,85164
1381,216,-17.133,1,13,32,1,0,0,0.108,0.0053,85380
1382,400,7.8,12,41,34,0,0,1,0.107,0.0053,85780
1383,192,-10.139,6,17,31,1,0,0,0.106,0.0053,85972
1384,400,-3.963,7,16,31,0,0,1,0.106,0.0052,86372
1385,77,-14.522,0,6,5,1,0,0,0.105,0.0052,86449
1386,382,-20.289,1,19,46,1,0,0,0.104,0.0052,86831
1387,400,-1.388,7,37,65,0,0,1,0.104,0.0052,87231
1388,400,-13.965,4,17,97,0,0,1,0.103,0.0052,87631
1389,400,-2.744,7,32,45,0,0,1,0.102,0.0052,88031
1390,400,-14.456,3,5,63,0,0,1,0.102,0.0052,88431
1391,400,-19.017,2,11,140,0,0,1,0.101,0.0052,88831
1392,400,-10.9,2,14,82,0,0,1,0.1,0.0052,89231
1393,400,-10.327,3,11,39,0,0,1,0.1,0.0052,89631
1394,400,-14.548,0,10,26,0,0,1,0.099,0.0051,90031
1395,252,-15.029,1,14,27,1,0,0,0.099,0.0051,90283
1396,400,-13.562,4,16,84,0,0,1,0.098,0.0051,90683
1397,62,-11.122,0,6,4,1,0,0,0.097,0.0051,90745
1398,315,-22.591,0,7,29,1,0,0,0.097,0.0051,91060
1399,206,-22.202,0,3,16,1,0,0,0.096,0.0051,91266
1400,400,-17.814,4,14,129,0,0,1,0.095,0.0051,91666
1401,400,-12.042,1,9,15,0,0,1,0.095,0.0051,92066
1402,400,-9.829,4,17,74,0,0,1,0.094,0.0051,92466
1403,400,-10.737,4,12,59,0,0,1,0.093,0.005,92866
1404,53,-14.956,0,3,15,1,0,0,0.093,0.005,92919
1405,74,-11.874,0,7,13,1,0,0,0.092,0.005,92993
1406,400,-13.501,2,18,95,0,0,1,0.091,0.005,93393
1407,400,-17.467,1,16,139,0,0,1,0.091,0.005,93793
1408,276,-18.884,0,4,14,1,0,0,0.09,0.005,94069
1409,371,-23.466,1,12,16,1,0,0,0.089,0.005,94440
1410,268,-18.137,3,8,15,1,0,0,0.089,0.005,94708
1411,400,-14.611,4,12,166,0,0,1,0.088,0.005,95108
1412,400,-10.615,3,18,60,0,0,1,0.088,0.0049,95508
1413,400,-16.307,3,24,136,0,0,1,0.087,0.0049,95908
1414,400,-12.832,3,13,52,0,0,1,0.086,0.0049,96308
1415,400,-13.01,1,10,41,0,0,1,0.086,0.0049,96708
1416,400,-14.254,1,4,34,0,0,1,0.085,0.0049,97108
1417,349,-25.189,1,14,30,1,0,0,0.084,0.0049,97457
1418,193,-12.757,2,11,17,1,0,0,0.084,0.0049,97650
1419,400,-6.211,5,20,33,0,0,1,0.083,0.0049,98050
1420,110,-15.082,0,7,6,1,0,0,0.082,0.0049,98160
1421,400,-13.452,1,8,10,0,0,1,0.082,0.0049,98560
1422,400,-11.501,2,11,25,0,0,1,0.081,0.0048,98960
1423,302,-20.907,0,5,10,1,0,0,0.08,0.0048,99262
1424,400,-14.658,0,3,13,0,0,1,0.08,0.0048,99662
1425,400,-9.043,2,29,55,0,0,1,0.079,0.0048,100062
1426,253,-22.0,0,7,32,1,0,0,0.079,0.0048,100315
1427,250,-19.233,2,7,15,1,0,0,0.078,0.0048,100565
1428,361,-22.425,1,10,48,1,0,0,0.077,0.0048,100926
1429,36,-14.329,0,4,1,1,0,0,0.077,0.0048,100962
1430,125,-14.215,2,8,7,1,0,0,0.076,0.0048,101087
1431,400,-15.474,2,4,64,0,0,1,0.075,0.0047,101487
1432,91,-12.312,2,10,13,1,0,0,0.075,0.0047,101578
1433,400,-15.338,1,12,64,0,0,1,0.074,0.0047,101978
1434,268,-20.785,1,8,26,1,0,0,0.073,0.0047,102246
1435,400,-11.067,2,16,45,0,0,1,0.073,0.0047,102646
1436,227,-14.067,2,9,14,1,0,0,0.072,0.0047,102873
1437,400,-8.909,4,22,37,0,0,1,0.071,0.0047,103273
1438,400,-9.441,4,12,44,0,0,1,0.071,0.0047,103673
1439,400,-9.71,3,23,34,0,0,1,0.07,0.0047,104073
1440,400,-11.259,3,11,20,0,0,1,0.069,0.0047,104473
1441,400,-12.335,1,5,11,0,0,1,0.069,0.0046,104873
1442,234,-18.234,0,9,7,1,0,0,0.068,0.0046,105107
1443,400,-14.035,0,3,17,0,0,1,0.068,0.0046,105507
1444,283,-18.94,2,13,5,1,0,0,0.067,0.0046,105790
1445,400,-14.051,0,0,10,0,0,1,0.066,0.0046,106190
1446,400,-14.404,3,10,88,0,0,1,0.066,0.0046,106590
1447,400,-4.995,6,24,23,0,0,1,0.065,0.0046,106990
1448,400,-10.158,5,18,74,0,0,1,0.064,0.0046,107390
1449,400,-9.135,5,15,78,0,0,1,0.064,0.0046,107790
1450,400,-12.64,0,9,18,0,0,1,0.063,0.0045,108190
1451,400,-13.796,0,6,24,0,0,1,0.062,0.0045,108590
1452,386,-22.573,0,6,48,1,0,0,0.062,0.0045,108976
1453,400,-13.659,0,4,11,0,0,1,0.061,0.0045,109376
1454,400,-2.217,7,24,25,0,0,1,0.06,0.0045,109776
1455,400,-11.909,2,11,56,0,0,1,0.06,0.0045,110176
1456,400,-10.517,2,20,32,0,0,1,0.059,0.0045,110576
1457,400,-13.57,1,3,21,0,0,1,0.058,0.0045,110976
1458,400,-12.535,1,15,48,0,0,1,0.058,0.0045,111376
1459,400,-5.698,5,17,30,0,0,1,0.057,0.0044,111776
1460,400,-7.931,0,18,14,0,0,1,0.057,0.0044,112176
1461,400,-14.436,0,3,24,0,0,1,0.056,0.0044,112576
1462,400,-12.637,0,14,48,0,0,1,0.055,0.0044,112976
1463,9,-13.392,0,4,0,1,0,0,0.055,0.0044,112985
1464,400,-14.533,0,0,15,0,0,1,0.054,0.0044,113385
1465,400,-9.088,3,17,27,0,0,1,0.053,0.0044,113785
1466,63,-15.705,0,1,2,1,0,0,0.053,0.0044,113848
1467,53,-14.856,0,4,1,1,0,0,0.052,0.0044,113901
1468,400,-11.047,1,18,28,0,0,1,0.051,0.0044,114301
1469,150,-18.561,0,3,3,1,0,0,0.051,0.0043,114451
1470,400,-15.347,1,12,86,0,0,1,0.05,0.0043,114851
1471,400,-12.232,2,10,50,0,0,1,0.049,0.0043,115251
1472,400,-15.394,0,0,26,0,0,1,0.049,0.0043,115651
1473,400,-13.906,1,8,40,0,0,1,0.048,0.0043,116051
1474,382,-14.956,6,20,14,1,0,0,0.047,0.0043,116433
1475,7,-13.483,0,4,2,1,0,0,0.047,0.0043,116440
1476,400,-8.245,3,11,5,0,0,1,0.046,0.0043,116840
1477,400,-14.048,0,0,9,0,0,1,0.046,0.0043,117240
1478,400,-16.151,1,13,95,0,0,1,0.045,0.0042,117640
1479,400,-12.712,0,13,25,0,0,1,0.044,0.0042,118040
1480,400,-6.023,6,15,41,0,0,1,0.044,0.0042,118440
1481,76,-16.781,0,3,13,1,0,0,0.043,0.0042,118516
1482,400,-13.902,1,10,48,0,0,1,0.042,0.0042,118916
1483,7,-11.829,0,3,4,1,0,0,0.042,0.0042,118923
1484,274,-23.267,0,3,9,1,0,0,0.041,0.0042,119197
1485,400,-14.379,1,13,50,0,0,1,0.04,0.0042,119597
1486,400,-10.489,1,12,16,0,0,1,0.04,0.0042,119997
1487,400,-8.95,3,20,54,0,0,1,0.039,0.0041,120397
1488,400,-16.193,0,0,36,0,0,1,0.038,0.0041,120797
1489,400,-10.541,2,10,16,0,0,1,0.038,0.0041,121197
1490,400,-12.769,0,3,4,0,0,1,0.037,0.0041,121597
1491,7,-13.533,0,3,2,1,0,0,0.036,0.0041,121604
1492,400,-10.07,3,14,15,0,0,1,0.036,0.0041,122004
1493,135,-13.329,0,5,2,1,0,0,0.035,0.0041,122139
1494,320,-25.474,0,4,16,1,0,0,0.035,0.0041,122459
1495,400,-12.643,2,10,53,0,0,1,0.034,0.0041,122859
1496,400,-11.369,2,5,13,0,0,1,0.033,0.0041,123259
1497,400,-15.262,0,5,9,0,0,1,0.033,0.004,123659
1498,400,-14.066,0,2,8,0,0,1,0.032,0.004,124059
1499,400,-9.438,4,13,13,0,0,1,0.031,0.004,124459
1500,349,-24.433,0,10,38,1,0,0,0.031,0.004,124808
1501,400,-12.611,1,10,14,0,0,1,0.03,0.004,125208
1502,400,-2.987,7,16,21,0,0,1,0.03,0.004,125608
1503,395,-26.161,1,6,24,1,0,0,0.03,0.004,126003
1504,400,-12.773,0,3,9,0,0,1,0.03,0.004,126403
1505,400,-10.681,4,16,58,0,0,1,0.03,0.004,126803
1506,400,-13.476,0,3,10,0,0,1,0.03,0.004,127203
1507,400,-11.712,2,10,13,0,0,1,0.03,0.004,127603
1508,226,-19.059,0,10,33,1,0,0,0.03,0.004,127829
1509,400,-13.974,0,0,7,0,0,1,0.03,0.004,128229
1510,400,-13.852,0,0,7,0,0,1,0.03,0.004,128629
1511,400,-13.2,0,4,4,0,0,1,0.03,0.004,129029
1512,35,-14.182,0,4,0,1,0,0,0.03,0.004,129064
1513,400,-11.85,2,13,48,0,0,1,0.03,0.004,129464
1514,400,-13.285,0,7,28,0,0,1,0.03,0.004,129864
1515,400,-11.775,2,5,36,0,0,1,0.03,0.004,130264
1516,400,-14.196,1,3,19,0,0,1,0.03,0.004,130664
1517,400,-13.589,0,10,45,0,0,1,0.03,0.004,131064
1518,400,-14.717,0,3,17,0,0,1,0.03,0.004,131464
1519,400,-10.542,3,5,6,0,0,1,0.03,0.004,131864
1520,400,-11.709,1,12,61,0,0,1,0.03,0.004,132264
1521,400,-14.239,0,3,6,0,0,1,0.03,0.004,132664
1522,103,-17.318,0,4,1,1,0,0,0.03,0.004,132767
1523,400,-15.201,0,3,23,0,0,1,0.03,0.004,133167
1524,125,-13.265,1,12,48,1,0,0,0.03,0.004,133292
1525,400,-9.673,4,14,26,0,0,1,0.03,0.004,133692
1526,400,-12.995,0,2,5,0,0,1,0.03,0.004,134092
1527,400,-10.98,2,7,28,0,0,1,0.03,0.004,134492
1528,400,-14.438,1,6,25,0,0,1,0.03,0.004,134892
1529,400,-15.511,0,0,28,0,0,1,0.03,0.004,135292
1530,85,-16.145,0,3,0,1,0,0,0.03,0.004,135377
1531,400,-14.279,0,3,7,0,0,1,0.03,0.004,135777
1532,400,-14.012,0,0,9,0,0,1,0.03,0.004,136177
1533,400,-12.398,3,9,32,0,0,1,0.03,0.004,136577
1534,400,-9.596,2,14,5,0,0,1,0.03,0.004,136977
1535,400,-13.316,0,3,8,0,0,1,0.03,0.004,137377
1536,400,-11.214,1,10,35,0,0,1,0.03,0.004,137777
1537,400,-12.158,0,12,23,0,0,1,0.03,0.004,138177
1538,400,-13.534,0,0,2,0,0,1,0.03,0.004,138577
1539,400,-12.322,0,10,26,0,0,1,0.03,0.004,138977
1540,400,-11.754,2,14,25,0,0,1,0.03,0.004,139377
1541,400,-13.05,1,6,5,0,0,1,0.03,0.004,139777
1542,400,-9.172,3,9,9,0,0,1,0.03,0.004,140177
1543,400,-11.391,1,4,11,0,0,1,0.03,0.004,140577
1544,400,-0.73,9,28,53,0,0,1,0.03,0.004,140977
1545,400,-9.183,3,9,5,0,0,1,0.03,0.004,141377
1546,400,-13.402,2,10,57,0,0,1,0.03,0.004,141777
1547,400,-6.787,3,16,17,0,0,1,0.03,0.004,142177
1548,400,-11.262,1,6,3,0,0,1,0.03,0.004,142577
1549,400,-13.932,3,5,7,0,0,1,0.03,0.004,142977
1550,400,-7.765,4,15,32,0,0,1,0.03,0.004,143377
1551,257,-22.133,0,3,2,1,0,0,0.03,0.004,143634
1552,400,-12.719,1,3,21,0,0,1,0.03,0.004,144034
1553,23,-14.051,0,3,1,1,0,0,0.03,0.004,144057
1554,109,-12.725,0,3,2,1,0,0,0.03,0.004,144166
1555,400,-14.214,0,0,10,0,0,1,0.03,0.004,144566
1556,400,-11.281,2,13,53,0,0,1,0.03,0.004,144966
1557,400,-7.068,2,19,9,0,0,1,0.03,0.004,145366
1558,400,-13.029,0,2,3,0,0,1,0.03,0.004,145766
1559,400,-11.045,2,8,15,0,0,1,0.03,0.004,146166
1560,400,-17.265,2,9,92,0,0,1,0.03,0.004,146566
1561,400,-11.117,4,13,34,0,0,1,0.03,0.004,146966
1562,400,-14.662,1,3,46,0,0,1,0.03,0.004,147366
1563,400,-13.018,0,4,14,0,0,1,0.03,0.004,147766
1564,400,-14.808,0,11,72,0,0,1,0.03,0.004,148166
1565,400,-9.919,2,12,15,0,0,1,0.03,0.004,148566
1566,400,-12.974,0,2,3,0,0,1,0.03,0.004,148966
1567,400,-9.446,2,23,42,0,0,1,0.03,0.004,149366
1568,400,-10.573,2,8,8,0,0,1,0.03,0.004,149766
1569,400,-13.73,0,0,6,0,0,1,0.03,0.004,150166
1570,400,-9.479,3,15,27,0,0,1,0.03,0.004,150566
1571,400,-13.834,0,9,18,0,0,1,0.03,0.004,150966
1572,400,-12.226,1,7,12,0,0,1,0.03,0.004,151366
1573,400,-11.174,1,6,3,0,0,1,0.03,0.004,151766
1574,400,-5.145,2,22,5,0,0,1,0.03,0.004,152166
1575,400,-13.694,0,0,4,0,0,1,0.03,0.004,152566
1576,400,-3.907,7,20,33,0,0,1,0.03,0.004,152966
1577,400,-12.004,2,11,62,0,0,1,0.03,0.004,153366
1578,400,-13.02,0,2,4,0,0,1,0.03,0.004,153766
1579,400,-11.61,1,4,6,0,0,1,0.03,0.004,154166
1580,400,-8.133,7,21,68,0,0,1,0.03,0.004,154566
1581,400,-11.055,2,7,7,0,0,1,0.03,0.004,154966
1582,135,-12.955,0,6,1,1,0,0,0.03,0.004,155101
1583,400,-13.359,0,6,3,0,0,1,0.03,0.004,155501
1584,400,-13.022,1,5,12,0,0,1,0.03,0.004,155901
1585,400,-11.941,2,7,31,0,0,1,0.03,0.004,156301
1586,400,-13.16,0,8,23,0,0,1,0.03,0.004,156701
1587,400,-9.301,2,11,8,0,0,1,0.03,0.004,157101
1588,400,-12.6,2,12,23,0,0,1,0.03,0.004,157501
1589,400,1.184,7,48,51,0,0,1,0.03,0.004,157901
1590,400,-7.614,3,14,17,0,0,1,0.03,0.004,158301
1591,400,-14.062,1,5,13,0,0,1,0.03,0.004,158701
1592,400,-11.924,0,3,1,0,0,1,0.03,0.004,159101
1593,400,-13.786,1,6,24,0,0,1,0.03,0.004,159501
1594,158,-18.59,0,3,0,1,0,0,0.03,0.004,159659
1595,400,-14.028,0,2,2,0,0,1,0.03,0.004,160059
1596,400,-7.397,4,13,32,0,0,1,0.03,0.004,160459
1597,400,-10.683,2,9,19,0,0,1,0.03,0.004,160859
1598,148,-17.401,0,3,8,1,0,0,0.03,0.004,161007
1599,400,-15.077,0,3,18,0,0,1,0.03,0.004,161407
1600,400,-13.855,0,0,5,0,0,1,0.03,0.004,161807
1601,400,-9.281,2,5,2,0,0,1,0.03,0.004,162207
1602,400,-13.811,0,3,10,0,0,1,0.03,0.004,162607
1603,400,-13.894,0,0,6,0,0,1,0.03,0.004,163007
1604,400,-13.612,0,0,4,0,0,1,0.03,0.004,163407
1605,400,-2.072,8,24,32,0,0,1,0.03,0.004,163807
1606,400,-2.337,5,22,16,0,0,1,0.03,0.004,164207
1607,400,-12.764,0,2,2,0,0,1,0.03,0.004,164607
1608,400,-9.877,2,27,54,0,0,1,0.03,0.004,165007
1609,400,-13.574,0,0,2,0,0,1,0.03,0.004,165407
1610,400,-13.534,0,0,2,0,0,1,0.03,0.004,165807
1611,400,-12.604,1,8,9,0,0,1,0.03,0.004,166207
1612,400,-13.857,0,5,9,0,0,1,0.03,0.004,166607
1613,400,-13.654,0,0,3,0,0,1,0.03,0.004,167007
1614,400,-9.038,6,15,66,0,0,1,0.03,0.004,167407
1615,400,-14.362,0,2,5,0,0,1,0.03,0.004,167807
1616,400,-8.785,2,19,39,0,0,1,0.03,0.004,168207
1617,381,-28.507,1,12,120,1,0,0,0.03,0.004,168588
1618,400,-13.825,0,3,5,0,0,1,0.03,0.004,168988
1619,288,-18.916,0,7,12,1,0,0,0.03,0.004,169276
1620,400,-14.944,1,15,73,0,0,1,0.03,0.004,169676
1621,400,-7.092,6,22,98,0,0,1,0.03,0.004,170076
1622,400,-13.894,0,0,6,0,0,1,0.03,0.004,170476
1623,400,-10.339,1,12,24,0,0,1,0.03,0.004,170876
1624,400,-10.917,2,12,21,0,0,1,0.03,0.004,171276
1625,400,-11.745,1,8,11,0,0,1,0.03,0.004,171676
1626,400,-10.4,0,6,4,0,0,1,0.03,0.004,172076
1627,400,-13.355,0,3,9,0,0,1,0.03,0.004,172476
1628,400,-6.821,3,20,21,0,0,1,0.03,0.004,172876
1629,400,-14.713,1,6,25,0,0,1,0.03,0.004,173276
1630,400,-10.23,3,18,41,0,0,1,0.03,0.004,173676
1631,400,-12.414,1,12,41,0,0,1,0.03,0.004,174076
1632,400,-3.583,6,25,62,0,0,1,0.03,0.004,174476
1633,400,-12.462,2,12,34,0,0,1,0.03,0.004,174876
1634,400,-11.252,1,7,14,0,0,1,0.03,0.004,175276
1635,400,-13.444,0,3,8,0,0,1,0.03,0.004,175676
1636,400,-14.535,0,6,19,0,0,1,0.03,0.004,176076
1637,400,-8.52,3,12,13,0,0,1,0.03,0.004,176476
1638,400,-7.455,5,13,28,0,0,1,0.03,0.004,176876
1639,400,-13.974,0,0,7,0,0,1,0.03,0.004,177276
1640,400,-13.344,0,4,21,0,0,1,0.03,0.004,177676
1641,400,-13.493,0,0,2,0,0,1,0.03,0.004,178076
1642,400,-9.982,6,18,62,0,0,1,0.03,0.004,178476
1643,400,-11.195,2,10,38,0,0,1,0.03,0.004,178876
1644,400,-11.574,1,10,20,0,0,1,0.03,0.004,179276
1645,400,-10.243,2,22,56,0,0,1,0.03,0.004,179676
1646,400,-7.399,4,20,34,0,0,1,0.03,0.004,180076
1647,395,-9.035,6,34,31,1,0,0,0.03,0.004,180471
1648,400,-2.744,6,30,46,0,0,1,0.03,0.004,180871
1649,400,-8.811,4,20,89,0,0,1,0.03,0.004,181271
1650,400,-13.557,0,1,8,0,0,1,0.03,0.004,181671
1651,400,-11.219,3,8,19,0,0,1,0.03,0.004,182071
1652,400,-13.033,0,1,4,0,0,1,0.03,0.004,182471
1653,253,-18.423,3,20,74,1,0,0,0.03,0.004,182724
1654,400,-13.889,0,0,6,0,0,1,0.03,0.004,183124
1655,400,-12.963,2,7,16,0,0,1,0.03,0.004,183524
1656,400,-13.61,0,6,5,0,0,1,0.03,0.004,183924
1657,302,-23.993,0,3,4,1,0,0,0.03,0.004,184226
1658,400,-2.255,9,31,70,0,0,1,0.03,0.004,184626
1659,400,-2.103,5,29,20,0,0,1,0.03,0.004,185026
1660,400,-13.614,0,0,3,0,0,1,0.03,0.004,185426
1661,158,-18.667,0,4,2,1,0,0,0.03,0.004,185584
1662,400,-13.155,0,1,4,0,0,1,0.03,0.004,185984
1663,400,-6.227,7,15,54,0,0,1,0.03,0.004,186384
1664,400,-5.797,5,18,22,0,0,1,0.03,0.004,186784
1665,400,-14.094,0,0,9,0,0,1,0.03,0.004,187184
1666,400,3.976,10,41,52,0,0,1,0.03,0.004,187584
1667,400,-11.571,2,6,16,0,0,1,0.03,0.004,187984
1668,400,-5.97,4,21,55,0,0,1,0.03,0.004,188384
1669,400,-12.699,1,6,20,0,0,1,0.03,0.004,188784
1670,400,-14.724,0,5,15,0,0,1,0.03,0.004,189184
1671,400,-14.339,0,2,7,0,0,1,0.03,0.004,189584
1672,400,-11.575,2,9,21,0,0,1,0.03,0.004,189984
1673,400,-10.564,1,8,9,0,0,1,0.03,0.004,190384
1674,400,-13.431,2,17,117,0,0,1,0.03,0.004,190784
1675,400,-13.734,0,0,4,0,0,1,0.03,0.004,191184
1676,400,-13.496,0,6,5,0,0,1,0.03,0.004,191584
1677,400,-8.011,8,22,103,0,0,1,0.03,0.004,191984
1678,26,-14.074,0,3,0,1,0,0,0.03,0.004,192010
1679,400,-13.654,0,0,3,0,0,1,0.03,0.004,192410
1680,16,-13.531,0,4,0,1,0,0,0.03,0.004,192426
1681,5,-13.405,0,3,0,1,0,0,0.03,0.004,192431
1682,400,-10.978,2,12,40,0,0,1,0.03,0.004,192831
1683,400,-2.927,8,14,38,0,0,1,0.03,0.004,193231
1684,251,-16.821,1,7,23,1,0,0,0.03,0.004,193482
1685,224,-16.927,0,3,3,1,0,0,0.03,0.004,193706
1686,400,-12.086,2,8,40,0,0,1,0.03,0.004,194106
1687,400,-7.451,2,15,20,0,0,1,0.03,0.004,194506
1688,400,-6.474,4,16,6,0,0,1,0.03,0.004,194906
1689,400,-13.035,0,3,5,0,0,1,0.03,0.004,195306
1690,400,-13.894,0,0,6,0,0,1,0.03,0.004,195706
1691,400,-10.713,3,12,17,0,0,1,0.03,0.004,196106
1692,398,-20.529,0,10,9,1,0,0,0.03,0.004,196504
1693,400,-11.683,1,7,11,0,0,1,0.03,0.004,196904
1694,246,-16.09,2,10,15,1,0,0,0.03,0.004,197150
1695,400,-13.593,0,2,10,0,0,1,0.03,0.004,197550
1696,400,-13.369,0,1,8,0,0,1,0.03,0.004,197950
1697,400,-9.53,2,8,16,0,0,1,0.03,0.004,198350
1698,400,-6.405,3,14,23,0,0,1,0.03,0.004,198750
1699,400,-9.831,2,8,11,0,0,1,0.03,0.004,199150
1700,400,-7.779,3,13,8,0,0,1,0.03,0.004,199550
1701,400,-14.053,0,0,9,0,0,1,0.03,0.004,199950
1702,400,-7.008,4,15,20,0,0,1,0.03,0.004,200000
1703,400,-12.904,1,2,17,0,0,1,0.03,0.004,200000
1704,400,-13.733,0,0,5,0,0,1,0.03,0.004,200000
1705,36,-14.496,0,3,1,1,0,0,0.03,0.004,200000
1706,400,-15.787,0,3,11,0,0,1,0.03,0.004,200000
1707,400,0.582,9,30,46,0,0,1,0.03,0.004,200000
1708,400,-7.824,3,25,76,0,0,1,0.03,0.004,200000
1709,400,-0.292,10,45,102,0,0,1,0.03,0.004,200000
1710,400,-11.257,1,6,15,0,0,1,0.03,0.004,200000
1711,400,5.076,11,41,49,0,0,1,0.03,0.004,200000
1712,277,-22.933,0,3,2,1,0,0,0.03,0.004,200000
1713,400,-13.359,1,7,32,0,0,1,0.03,0.004,200000
1714,400,-15.021,0,3,12,0,0,1,0.03,0.004,200000
1715,400,-12.797,0,3,1,0,0,1,0.03,0.004,200000
1716,175,-19.754,1,9,56,1,0,0,0.03,0.004,200000
1717,400,-14.743,0,3,28,0,0,1,0.03,0.004,200000
1718,400,-3.46,6,17,25,0,0,1,0.03,0.004,200000
1719,400,-9.516,3,13,35,0,0,1,0.03,0.004,200000
1720,400,-6.238,6,28,87,0,0,1,0.03,0.004,200000
1721,400,-13.894,0,0,6,0,0,1,0.03,0.004,200000
1722,400,1.081,8,34,39,0,0,1,0.03,0.004,200000
1723,400,-5.166,6,16,42,0,0,1,0.03,0.004,200000
1724,400,-14.005,2,8,78,0,0,1,0.03,0.004,200000
1725,400,-13.694,0,0,4,0,0,1,0.03,0.004,200000
1726,400,-6.666,6,15,55,0,0,1,0.03,0.004,200000
1727,400,-12.773,1,16,68,0,0,1,0.03,0.004,200000
1728,400,-8.188,6,23,86,0,0,1,0.03,0.004,200000
1729,400,-10.305,2,4,6,0,0,1,0.03,0.004,200000
1730,400,-13.936,0,2,19,0,0,1,0.03,0.004,200000
1731,400,-13.775,0,0,4,0,0,1,0.03,0.004,200000
1732,107,-12.394,0,6,15,1,0,0,0.03,0.004,200000
1733,193,-17.332,1,10,19,1,0,0,0.03,0.004,200000
1734,400,-13.894,0,0,6,0,0,1,0.03,0.004,200000
1735,400,-11.516,1,10,16,0,0,1,0.03,0.004,200000
1736,400,-10.629,3,4,8,0,0,1,0.03,0.004,200000
1737,400,-12.484,1,7,9,0,0,1,0.03,0.004,200000
1738,400,-12.831,2,9,26,0,0,1,0.03,0.004,200000
1739,400,-8.656,4,11,36,0,0,1,0.03,0.004,200000
1740,400,-5.909,4,15,14,0,0,1,0.03,0.004,200000
1741,400,-9.76,3,18,24,0,0,1,0.03,0.004,200000
1742,400,0.854,9,35,51,0,0,1,0.03,0.004,200000
1743,400,-10.011,2,13,26,0,0,1,0.03,0.004,200000
1744,7,-13.64,0,2,2,1,0,0,0.03,0.004,200000
1745,336,-22.122,1,7,12,1,0,0,0.03,0.004,200000
1746,400,8.137,11,40,54,0,0,1,0.03,0.004,200000
1747,400,-8.453,4,18,32,0,0,1,0.03,0.004,200000
1748,400,-13.934,0,0,7,0,0,1,0.03,0.004,200000
1749,400,-12.309,2,11,38,0,0,1,0.03,0.004,200000
1750,400,-5.902,5,16,22,0,0,1,0.03,0.004,200000
1751,6,-13.376,0,3,1,1,0,0,0.03,0.004,200000
1752,400,-13.814,0,0,5,0,0,1,0.03,0.004,200000
1753,400,-8.169,1,14,12,0,0,1,0.03,0.004,200000
1754,400,-12.352,1,5,22,0,0,1,0.03,0.004,200000
1755,400,-10.176,2,9,6,0,0,1,0.03,0.004,200000
1756,7,-14.32,0,2,3,1,0,0,0.03,0.004,200000
1757,400,-10.941,2,7,22,0,0,1,0.03,0.004,200000
1758,400,-13.584,0,6,14,0,0,1,0.03,0.004,200000
1759,400,-12.098,0,5,6,0,0,1,0.03,0.004,200000
1760,6,-14.105,0,3,2,1,0,0,0.03,0.004,200000
1761,400,-10.433,2,15,10,0,0,1,0.03,0.004,200000
1762,400,-10.714,2,11,37,0,0,1,0.03,0.004,200000
1763,400,-14.584,0,0,19,0,0,1,0.03,0.004,200000
1764,400,-17.969,0,6,70,0,0,1,0.03,0.004,200000
1765,400,-12.525,1,15,51,0,0,1,0.03,0.004,200000
1766,400,-15.632,1,12,63,0,0,1,0.03,0.004,200000
1767,400,-13.141,0,5,18,0,0,1,0.03,0.004,200000
1768,400,-11.2,2,15,48,0,0,1,0.03,0.004,200000
1769,400,-15.097,0,3,17,0,0,1,0.03,0.004,200000
1770,400,-16.238,0,3,26,0,0,1,0.03,0.004,200000
1771,268,-20.045,2,10,55,1,0,0,0.03,0.004,200000
1772,400,-15.597,0,2,36,0,0,1,0.03,0.004,200000
1773,400,-15.796,0,0,30,0,0,1,0.03,0.004,200000
1774,400,-11.753,4,12,57,0,0,1,0.03,0.004,200000
1775,400,-10.933,2,5,5,0,0,1,0.03,0.004,200000
1776,55,-16.222,0,3,7,1,0,0,0.03,0.004,200000
1777,400,-10.707,2,23,75,0,0,1,0.03,0.004,200000
1778,400,-3.656,6,30,78,0,0,1,0.03,0.004,200000
1779,400,-0.521,6,44,25,0,0,1,0.03,0.004,200000
1780,400,-13.974,0,0,7,0,0,1,0.03,0.004,200000
1781,400,-10.239,0,19,43,0,0,1,0.03,0.004,200000
1782,400,-3.287,8,21,45,0,0,1,0.03,0.004,200000
1783,400,0.619,8,29,55,0,0,1,0.03,0.004,200000
1784,400,-13.761,4,6,67,0,0,1,0.03,0.004,200000
1785,400,-2.721,5,22,35,0,0,1,0.03,0.004,200000
1786,150,-12.224,3,12,50,1,0,0,0.03,0.004,200000
1787,400,-5.556,3,17,15,0,0,1,0.03,0.004,200000
1788,376,-10.281,8,25,43,1,0,0,0.03,0.004,200000
1789,400,-6.025,8,26,87,0,0,1,0.03,0.004,200000
1790,400,-9.632,2,11,13,0,0,1,0.03,0.004,200000
1791,149,-17.073,2,14,78,1,0,0,0.03,0.004,200000
1792,400,1.145,9,29,39,0,0,1,0.03,0.004,200000
1793,400,-9.575,2,10,5,0,0,1,0.03,0.004,200000
1794,400,-2.745,6,26,34,0,0,1,0.03,0.004,200000
1795,400,-4.971,5,22,36,0,0,1,0.03,0.004,200000
1796,400,-8.343,4,30,95,0,0,1,0.03,0.004,200000
1797,258,-13.438,3,15,2,1,0,0,0.03,0.004,200000
1798,400,-16.367,1,10,99,0,0,1,0.03,0.004,200000
1799,400,4.24,9,27,27,0,0,1,0.03,0.004,200000
1800,18,-15.676,0,2,14,1,0,0,0.03,0.004,200000
1801,400,-6.145,5,14,25,0,0,1,0.03,0.004,200000
1802,7,-14.45,0,2,4,1,0,0,0.03,0.004,200000
1803,400,-11.278,1,11,17,0,0,1,0.03,0.004,200000
1804,400,-13.055,0,2,4,0,0,1,0.03,0.004,200000
1805,400,-8.05,4,20,55,0,0,1,0.03,0.004,200000
1806,400,-11.582,1,4,8,0,0,1,0.03,0.004,200000
1807,7,-14.169,0,4,3,1,0,0,0.03,0.004,200000
1808,400,-9.659,2,19,45,0,0,1,0.03,0.004,200000
1809,400,-11.151,2,6,4,0,0,1,0.03,0.004,200000
1810,400,-7.652,2,10,24,0,0,1,0.03,0.004,200000
1811,9,-14.832,0,3,8,1,0,0,0.03,0.004,200000
1812,278,-24.408,0,3,13,1,0,0,0.03,0.004,200000
1813,7,-14.553,0,2,5,1,0,0,0.03,0.004,200000
1814,400,-12.911,0,2,3,0,0,1,0.03,0.004,200000
1815,400,-6.414,3,10,43,0,0,1,0.03,0.004,200000
1816,400,-0.311,10,26,65,0,0,1,0.03,0.004,200000
1817,400,-11.869,1,5,6,0,0,1,0.03,0.004,200000
1818,25,-16.249,0,4,22,1,0,0,0.03,0.004,200000
1819,400,-9.03,2,12,7,0,0,1,0.03,0.004,200000
1820,400,-15.82,0,3,10,0,0,1,0.03,0.004,200000
1821,161,-11.182,3,15,3,1,0,0,0.03,0.004,200000
1822,400,-8.767,3,25,34,0,0,1,0.03,0.004,200000
1823,7,-14.603,0,2,5,1,0,0,0.03,0.004,200000
1824,400,-9.064,3,12,30,0,0,1,0.03,0.004,200000
1825,400,-13.561,1,8,21,0,0,1,0.03,0.004,200000
1826,400,-13.648,0,0,4,0,0,1,0.03,0.004,200000
1827,141,-19.815,0,4,8,1,0,0,0.03,0.004,200000
1828,400,5.979,8,44,21,0,0,1,0.03,0.004,200000
1829,7,-14.349,0,3,4,1,0,0,0.03,0.004,200000
1830,400,-5.132,5,14,31,0,0,1,0.03,0.004,200000
1831,7,-14.299,0,4,4,1,0,0,0.03,0.004,200000
1832,400,-4.869,7,18,44,0,0,1,0.03,0.004,200000
1833,400,-3.558,5,24,25,0,0,1,0.03,0.004,200000
1834,98,-3.481,3,27,14,1,0,0,0.03,0.004,200000
1835,400,13.069,11,48,31,0,0,1,0.03,0.004,200000
1836,400,-6.984,5,17,45,0,0,1,0.03,0.004,200000
1837,400,-5.216,4,15,17,0,0,1,0.03,0.004,200000
1838,400,-4.947,3,14,2,0,0,1,0.03,0.004,200000
1839,400,-3.203,5,21,24,0,0,1,0.03,0.004,200000
1840,24,-12.627,0,5,3,1,0,0,0.03,0.004,200000
1841,400,-12.33,1,7,23,0,0,1,0.03,0.004,200000
1842,400,-13.773,0,0,10,0,0,1,0.03,0.004,200000
1843,400,-11.025,2,6,22,0,0,1,0.03,0.004,200000
1844,400,-6.927,4,19,70,0,0,1,0.03,0.004,200000
1845,400,-9.733,2,9,18,0,0,1,0.03,0.004,200000
1846,400,-11.712,2,8,39,0,0,1,0.03,0.004,200000
1847,400,-14.094,0,0,9,0,0,1,0.03,0.004,200000
1848,400,0.94,9,23,59,0,0,1,0.03,0.004,200000
1849,400,1.292,8,19,36,0,0,1,0.03,0.004,200000
1850,149,-6.668,5,18,9,1,0,0,0.03,0.004,200000
1851,400,-10.349,2,11,26,0,0,1,0.03,0.004,200000
1852,400,-14.371,0,0,12,0,0,1,0.03,0.004,200000
1853,400,-2.661,7,16,5,0,0,1,0.03,0.004,200000
1854,14,-11.55,0,5,1,1,0,0,0.03,0.004,200000
1855,400,-10.932,1,6,5,0,0,1,0.03,0.004,200000
1856,400,-0.109,5,18,54,0,0,1,0.03,0.004,200000
1857,400,-4.865,7,14,56,0,0,1,0.03,0.004,200000
1858,7,-14.999,0,3,4,1,0,0,0.03,0.004,200000
1859,400,1.065,10,20,44,0,0,1,0.03,0.004,200000
1860,76,-10.381,4,11,32,1,0,0,0.03,0.004,200000
1861,400,-6.96,5,15,45,0,0,1,0.03,0.004,200000
1862,400,-6.138,4,12,10,0,0,1,0.03,0.004,200000
1863,400,-10.737,4,9,37,0,0,1,0.03,0.004,200000
1864,400,5.337,11,24,13,0,0,1,0.03,0.004,200000
1865,400,-0.701,8,25,67,0,0,1,0.03,0.004,200000
1866,400,0.905,8,36,58,0,0,1,0.03,0.004,200000
1867,400,3.229,12,28,66,0,0,1,0.03,0.004,200000
1868,400,-0.591,5,20,13,0,0,1,0.03,0.004,200000
1869,400,-7.731,3,9,2,0,0,1,0.03,0.004,200000
1870,400,-5.925,1,9,34,0,0,1,0.03,0.004,200000
1871,400,4.251,6,24,10,0,0,1,0.03,0.004,200000
1872,400,-13.076,0,3,5,0,0,1,0.03,0.004,200000
1873,237,-6.903,3,28,15,1,0,0,0.03,0.004,200000
1874,400,-3.0,4,19,6,0,0,1,0.03,0.004,200000
1875,400,8.118,9,29,5,0,0,1,0.03,0.004,200000
1876,400,9.564,11,21,11,0,0,1,0.03,0.004,200000
1877,400,-6.152,7,21,90,0,0,1,0.03,0.004,200000
1878,400,-13.352,0,2,8,0,0,1,0.03,0.004,200000
1879,400,-2.675,5,18,82,0,0,1,0.03,0.004,200000
1880,400,-12.957,0,3,3,0,0,1,0.03,0.004,200000
1881,400,-11.966,0,4,32,0,0,1,0.03,0.004,200000
1882,400,14.887,13,34,7,0,0,1,0.03,0.004,200000
1883,400,16.759,15,47,31,0,0,1,0.03,0.004,200000
1884,5,-13.941,0,4,1,1,0,0,0.03,0.004,200000
1885,400,-5.433,3,14,7,0,0,1,0.03,0.004,200000
1886,218,-3.956,7,16,17,1,0,0,0.03,0.004,200000
1887,231,-7.38,5,13,5,1,0,0,0.03,0.004,200000
1888,400,2.554,9,20,16,0,0,1,0.03,0.004,200000
1889,400,-11.499,1,5,8,0,0,1,0.03,0.004,200000
1890,400,-13.517,0,3,10,0,0,1,0.03,0.004,200000
1891,400,-11.228,1,5,16,0,0,1,0.03,0.004,200000
1892,400,-11.426,1,5,7,0,0,1,0.03,0.004,200000
1893,400,-0.717,3,13,4,0,0,1,0.03,0.004,200000
1894,400,6.48,6,26,4,0,0,1,0.03,0.004,200000
1895,400,14.164,15,29,9,0,0,1,0.03,0.004,200000
1896,400,-12.664,0,2,4,0,0,1,0.03,0.004,200000
1897,400,4.288,8,26,4,0,0,1,0.03,0.004,200000
1898,400,-1.913,5,12,6,0,0,1,0.03,0.004,200000
1899,400,-9.026,3,5,7,0,0,1,0.03,0.004,200000
1900,103,-3.601,6,20,8,1,0,0,0.03,0.004,200000
1901,400,2.777,5,22,8,0,0,1,0.03,0.004,200000
1902,400,0.634,6,17,6,0,0,1,0.03,0.004,200000
1903,400,2.791,6,18,5,0,0,1,0.03,0.004,200000
1904,400,-3.973,4,16,3,0,0,1,0.03,0.004,200000
1905,400,-10.423,1,6,8,0,0,1,0.03,0.004,200000
1906,400,-4.253,3,10,35,0,0,1,0.03,0.004,200000
1907,400,-5.632,0,6,5,0,0,1,0.03,0.004,200000
1908,400,4.138,6,20,3,0,0,1,0.03,0.004,200000
1909,400,3.976,9,21,23,0,0,1,0.03,0.004,200000
1910,400,-8.711,2,5,19,0,0,1,0.03,0.004,200000
1911,400,-1.696,5,14,36,0,0,1,0.03,0.004,200000
1912,7,-14.279,0,4,5,1,0,0,0.03,0.004,200000
1913,13,-15.058,0,4,11,1,0,0,0.03,0.004,200000
1914,9,-15.381,0,3,8,1,0,0,0.03,0.004,200000
1915,400,18.024,15,38,15,0,0,1,0.03,0.004,200000
1916,9,-14.708,0,2,7,1,0,0,0.03,0.004,200000
1917,400,-13.734,0,0,4,0,0,1,0.03,0.004,200000
1918,400,-1.288,2,19,3,0,0,1,0.03,0.004,200000
1919,400,3.659,10,23,7,0,0,1,0.03,0.004,200000
1920,400,-10.724,2,6,14,0,0,1,0.03,0.004,200000
1921,400,-7.498,2,11,8,0,0,1,0.03,0.004,200000
1922,400,-3.852,5,13,23,0,0,1,0.03,0.004,200000
1923,400,-14.214,0,0,10,0,0,1,0.03,0.004,200000
1924,400,-3.208,5,15,13,0,0,1,0.03,0.004,200000
1925,400,-3.017,5,16,9,0,0,1,0.03,0.004,200000
1926,400,-13.813,0,0,6,0,0,1,0.03,0.004,200000
1927,400,-13.397,0,1,6,0,0,1,0.03,0.004,200000
1928,400,-13.893,0,0,7,0,0,1,0.03,0.004,200000
1929,400,-1.287,6,26,4,0,0,1,0.03,0.004,200000
1930,400,-8.606,1,2,8,0,0,1,0.03,0.004,200000
1931,400,-4.763,5,10,5,0,0,1,0.03,0.004,200000
1932,400,-9.306,2,12,4,0,0,1,0.03,0.004,200000
1933,400,-14.935,1,10,12,0,0,1,0.03,0.004,200000
1934,100,-10.547,2,14,1,1,0,0,0.03,0.004,200000
1935,400,-16.666,0,2,5,0,0,1,0.03,0.004,200000
1936,400,0.826,4,18,18,0,0,1,0.03,0.004,200000
1937,400,17.553,14,51,6,0,0,1,0.03,0.004,200000
1938,400,4.591,8,23,7,0,0,1,0.03,0.004,200000
1939,400,6.922,8,26,6,0,0,1,0.03,0.004,200000
1940,400,2.281,7,22,20,0,0,1,0.03,0.004,200000
1941,141,1.693,8,24,14,1,0,0,0.03,0.004,200000
1942,400,0.189,5,11,17,0,0,1,0.03,0.004,200000
1943,400,0.815,6,20,17,0,0,1,0.03,0.004,200000
1944,48,-6.495,2,8,1,1,0,0,0.03,0.004,200000
1945,400,-11.541,0,7,48,0,0,1,0.03,0.004,200000
1946,400,4.934,9,20,12,0,0,1,0.03,0.004,200000
1947,400,-1.808,2,5,2,0,0,1,0.03,0.004,200000
1948,400,4.793,4,27,3,0,0,1,0.03,0.004,200000
1949,48,-8.427,1,9,10,1,0,0,0.03,0.004,200000
1950,400,-4.78,2,13,8,0,0,1,0.03,0.004,200000
1951,400,-9.019,4,9,49,0,0,1,0.03,0.004,200000
1952,400,-6.15,4,16,10,0,0,1,0.03,0.004,200000
1953,400,0.982,4,13,8,0,0,1,0.03,0.004,200000
1954,400,4.423,7,22,31,0,0,1,0.03,0.004,200000
1955,400,4.519,11,26,26,0,0,1,0.03,0.004,200000
1956,400,-4.789,2,13,12,0,0,1,0.03,0.004,200000
1957,228,-8.574,4,9,6,1,0,0,0.03,0.004,200000
1958,400,35.325,25,63,9,0,0,1,0.03,0.004,200000
1959,400,12.917,15,33,6,0,0,1,0.03,0.004,200000
1960,400,9.733,11,33,16,0,0,1,0.03,0.004,200000
1961,400,6.664,7,24,5,0,0,1,0.03,0.004,200000
1962,400,27.744,21,48,16,0,0,1,0.03,0.004,200000
1963,400,-4.516,2,4,18,0,0,1,0.03,0.004,200000
1964,400,16.613,17,38,41,0,0,1,0.03,0.004,200000
1965,400,15.106,13,29,34,0,0,1,0.03,0.004,200000
1966,400,-2.826,2,2,2,0,0,1,0.03,0.004,200000
1967,400,8.194,12,24,1,0,0,1,0.03,0.004,200000
1968,310,-7.881,7,23,5,1,0,0,0.03,0.004,200000
1969,400,17.349,13,36,4,0,0,1,0.03,0.004,200000
1970,400,-8.609,0,6,8,0,0,1,0.03,0.004,200000
1971,400,-1.621,5,20,6,0,0,1,0.03,0.004,200000
1972,400,34.462,26,52,6,0,0,1,0.03,0.004,200000
1973,157,2.13,9,40,20,1,0,0,0.03,0.004,200000
1974,400,-12.436,2,8,50,0,0,1,0.03,0.004,200000
1975,400,-10.831,1,7,15,0,0,1,0.03,0.004,200000
1976,205,3.381,10,25,5,1,0,0,0.03,0.004,200000
1977,400,14.425,15,32,46,0,0,1,0.03,0.004,200000
1978,400,18.763,17,35,14,0,0,1,0.03,0.004,200000
1979,400,14.267,14,33,52,0,0,1,0.03,0.004,200000
1980,400,-5.991,0,0,6,0,0,1,0.03,0.004,200000
1981,400,-5.059,3,13,3,0,0,1,0.03,0.004,200000
1982,400,18.845,17,40,50,0,0,1,0.03,0.004,200000
1983,400,-12.207,0,6,11,0,0,1,0.03,0.004,200000
1984,127,-4.831,3,21,22,1,0,0,0.03,0.004,200000
1985,105,9.286,12,40,1,1,0,0,0.03,0.004,200000
1986,400,29.788,20,56,30,0,0,1,0.03,0.004,200000
1987,138,-3.097,6,18,5,1,0,0,0.03,0.004,200000
1988,400,-16.303,3,10,190,0,0,1,0.03,0.004,200000
1989,400,45.096,31,81,38,0,0,1,0.03,0.004,200000
1990,394,-1.429,13,41,91,1,0,0,0.03,0.004,200000
1991,400,16.465,14,36,7,0,0,1,0.03,0.004,200000
1992,333,30.635,26,64,3,1,0,0,0.03,0.004,200000
1993,400,-12.714,0,2,14,0,0,1,0.03,0.004,200000
1994,65,-3.229,4,12,10,1,0,0,0.03,0.004,200000
1995,400,-3.649,7,24,108,0,0,1,0.03,0.004,200000
1996,400,18.229,16,44,22,0,0,1,0.03,0.004,200000
1997,400,-2.411,7,16,87,0,0,1,0.03,0.004,200000
1998,400,2.664,5,17,10,0,0,1,0.03,0.004,200000
1999,400,7.319,8,21,31,0,0,1,0.03,0.004,200000
2000,400,25.523,19,44,6,0,0,1,0.03,0.004,200000
2001,400,8.374,9,19,3,0,0,1,0.03,0.004,200000
2002,400,0.657,3,17,16,0,0,1,0.03,0.004,200000
2003,400,12.087,11,29,16,0,0,1,0.03,0.004,200000
2004,400,-14.014,0,0,8,0,0,1,0.03,0.004,200000
2005,241,10.046,13,46,2,1,0,0,0.03,0.004,200000
2006,400,-4.382,5,10,8,0,0,1,0.03,0.004,200000
2007,400,-5.165,5,16,11,0,0,1,0.03,0.004,200000
2008,400,0.129,6,17,2,0,0,1,0.03,0.004,200000
2009,400,13.313,12,28,44,0,0,1,0.03,0.004,200000
2010,400,9.027,8,24,25,0,0,1,0.03,0.004,200000
2011,28,-16.321,0,1,18,1,0,0,0.03,0.004,200000
2012,400,26.284,23,48,72,0,0,1,0.03,0.004,200000
2013,400,-3.551,4,17,14,0,0,1,0.03,0.004,200000
2014,400,2.045,6,13,4,0,0,1,0.03,0.004,200000
2015,400,-4.358,3,8,7,0,0,1,0.03,0.004,200000
2016,388,-7.131,7,23,7,1,0,0,0.03,0.004,200000
2017,400,-3.613,3,17,34,0,0,1,0.03,0.004,200000
2018,400,22.184,18,56,24,0,0,1,0.03,0.004,200000
2019,400,12.205,12,37,6,0,0,1,0.03,0.004,200000
2020,182,1.046,8,20,2,1,0,0,0.03,0.004,200000
2021,400,43.613,27,73,11,0,0,1,0.03,0.004,200000
2022,187,5.817,12,36,11,1,0,0,0.03,0.004,200000
2023,400,-0.534,7,18,11,0,0,1,0.03,0.004,200000
2024,400,5.205,8,24,22,0,0,1,0.03,0.004,200000
2025,400,-5.363,0,2,5,0,0,1,0.03,0.004,200000
2026,400,11.484,12,28,3,0,0,1,0.03,0.004,200000
2027,96,-8.627,3,15,23,1,0,0,0.03,0.004,200000
2028,400,19.754,19,43,107,0,0,1,0.03,0.004,200000
2029,400,-13.894,0,0,6,0,0,1,0.03,0.004,200000
2030,400,1.541,6,26,45,0,0,1,0.03,0.004,200000
2031,400,-1.425,9,19,86,0,0,1,0.03,0.004,200000
2032,138,9.616,9,52,8,1,0,0,0.03,0.004,200000
2033,400,11.469,14,26,53,0,0,1,0.03,0.004,200000
2034,54,-4.538,3,11,8,1,0,0,0.03,0.004,200000
2035,400,-7.804,3,8,5,0,0,1,0.03,0.004,200000
2036,334,-19.255,2,9,4,1,0,0,0.03,0.004,200000
2037,400,-9.869,1,10,8,0,0,1,0.03,0.004,200000
2038,400,9.291,9,22,10,0,0,1,0.03,0.004,200000
2039,400,5.899,6,18,2,0,0,1,0.03,0.004,200000
2040,400,9.183,8,24,27,0,0,1,0.03,0.004,200000
2041,303,-8.373,7,25,5,1,0,0,0.03,0.004,200000
2042,400,15.022,12,36,31,0,0,1,0.03,0.004,200000
2043,400,30.78,22,63,26,0,0,1,0.03,0.004,200000
2044,400,-0.702,3,15,5,0,0,1,0.03,0.004,200000
2045,400,-5.966,0,4,17,0,0,1,0.03,0.004,200000
2046,400,13.869,12,32,3,0,0,1,0.03,0.004,200000
2047,400,4.68,7,21,6,0,0,1,0.03,0.004,200000
2048,61,-6.568,2,14,2,1,0,0,0.03,0.004,200000
2049,400,34.458,25,60,21,0,0,1,0.03,0.004,200000
2050,400,0.393,7,18,6,0,0,1,0.03,0.004,200000
2051,269,27.36,24,65,22,1,0,0,0.03,0.004,200000
2052,174,-2.19,6,30,33,1,0,0,0.03,0.004,200000
2053,358,-0.432,10,25,6,1,0,0,0.03,0.004,200000
2054,400,1.989,8,22,9,0,0,1,0.03,0.004,200000
2055,400,2.332,7,20,11,0,0,1,0.03,0.004,200000
2056,64,-14.565,0,2,3,1,0,0,0.03,0.004,200000
2057,400,-0.595,1,13,10,0,0,1,0.03,0.004,200000
2058,400,61.789,40,88,11,0,0,1,0.03,0.004,200000
2059,209,-1.297,9,27,39,1,0,0,0.03,0.004,200000
2060,400,10.772,8,28,5,0,0,1,0.03,0.004,200000
2061,400,31.286,22,52,18,0,0,1,0.03,0.004,200000
2062,400,35.886,26,62,59,0,0,1,0.03,0.004,200000
2063,400,6.947,9,24,48,0,0,1,0.03,0.004,200000
2064,400,33.274,21,65,31,0,0,1,0.03,0.004,200000
2065,52,-4.258,4,17,2,1,0,0,0.03,0.004,200000
2066,400,36.402,26,82,87,0,0,1,0.03,0.004,200000
2067,400,4.374,7,18,21,0,0,1,0.03,0.004,200000
2068,206,-12.344,0,13,4,1,0,0,0.03,0.004,200000
2069,165,-4.602,8,20,1,1,0,0,0.03,0.004,200000
2070,400,16.995,13,45,19,0,0,1,0.03,0.004,200000
2071,400,31.116,20,68,35,0,0,1,0.03,0.004,200000
2072,400,6.122,2,12,1,0,0,1,0.03,0.004,200000
2073,400,17.467,12,35,3,0,0,1,0.03,0.004,200000
2074,400,35.307,22,62,5,0,0,1,0.03,0.004,200000
2075,400,2.823,4,10,2,0,0,1,0.03,0.004,200000
2076,400,23.527,16,39,3,0,0,1,0.03,0.004,200000
2077,400,2.662,5,16,28,0,0,1,0.03,0.004,200000
2078,400,21.81,19,47,48,0,0,1,0.03,0.004,200000
2079,400,15.094,14,36,63,0,0,1,0.03,0.004,200000
2080,400,10.974,8,25,16,0,0,1,0.03,0.004,200000
2081,400,15.193,10,39,10,0,0,1,0.03,0.004,200000
2082,400,12.911,9,28,4,0,0,1,0.03,0.004,200000
2083,10,-14.722,0,3,8,1,0,0,0.03,0.004,200000
2084,400,28.053,23,46,41,0,0,1,0.03,0.004,200000
2085,400,5.962,4,24,4,0,0,1,0.03,0.004,200000
2086,400,27.107,18,49,14,0,0,1,0.03,0.004,200000
2087,400,11.212,9,28,13,0,0,1,0.03,0.004,200000
2088,400,2.746,8,17,9,0,0,1,0.03,0.004,200000
2089,60,-4.209,4,13,3,1,0,0,0.03,0.004,200000
2090,400,-5.476,0,5,20,0,0,1,0.03,0.004,200000
2091,400,61.952,38,99,4,0,0,1,0.03,0.004,200000
2092,94,3.76,7,32,8,1,0,0,0.03,0.004,200000
2093,109,8.073,11,35,7,1,0,0,0.03,0.004,200000
2094,400,3.613,6,28,50,0,0,1,0.03,0.004,200000
2095,381,33.607,32,78,47,1,0,0,0.03,0.004,200000
2096,138,2.146,11,30,27,1,0,0,0.03,0.004,200000
2097,400,6.041,7,28,27,0,0,1,0.03,0.004,200000
2098,400,43.797,30,70,28,0,0,1,0.03,0.004,200000
2099,400,17.079,14,33,35,0,0,1,0.03,0.004,200000
2100,400,40.35,24,53,23,0,0,1,0.03,0.004,200000
2101,400,3.841,9,30,84,0,0,1,0.03,0.004,200000
2102,400,23.891,17,45,45,0,0,1,0.03,0.004,200000
2103,204,-2.686,5,28,43,1,0,0,0.03,0.004,200000
2104,400,19.818,14,37,26,0,0,1,0.03,0.004,200000
2105,10,-14.512,0,3,6,1,0,0,0.03,0.004,200000
2106,400,35.578,29,62,81,0,0,1,0.03,0.004,200000
2107,400,28.226,19,51,8,0,0,1,0.03,0.004,200000
2108,17,-14.903,0,4,9,1,0,0,0.03,0.004,200000
2109,67,0.093,5,20,1,1,0,0,0.03,0.004,200000
2110,400,13.045,9,29,9,0,0,1,0.03,0.004,200000
2111,400,-0.659,7,26,53,0,0,1,0.03,0.004,200000
2112,64,0.603,6,16,0,1,0,0,0.03,0.004,200000
2113,191,-7.789,0,4,7,1,0,0,0.03,0.004,200000
2114,400,43.642,27,70,13,0,0,1,0.03,0.004,200000
2115,39,-9.301,0,7,13,1,0,0,0.03,0.004,200000
2116,7,-14.27,0,3,3,1,0,0,0.03,0.004,200000
2117,400,30.418,20,66,42,0,0,1,0.03,0.004,200000
2118,400,25.781,19,57,65,0,0,1,0.03,0.004,200000
2119,178,15.659,18,45,16,1,0,0,0.03,0.004,200000
2120,48,-7.692,0,13,4,1,0,0,0.03,0.004,200000
2121,176,19.701,17,53,4,1,0,0,0.03,0.004,200000
2122,21,-10.232,0,10,1,1,0,0,0.03,0.004,200000
2123,400,21.46,15,42,8,0,0,1,0.03,0.004,200000
2124,400,12.631,14,47,90,0,0,1,0.03,0.004,200000
2125,31,-6.988,3,11,3,1,0,0,0.03,0.004,200000
2126,400,31.966,22,58,19,0,0,1,0.03,0.004,200000
2127,400,4.244,8,21,62,0,0,1,0.03,0.004,200000
2128,130,-11.787,3,18,54,1,0,0,0.03,0.004,200000
2129,400,5.426,4,10,10,0,0,1,0.03,0.004,200000
2130,400,12.987,12,24,10,0,0,1,0.03,0.004,200000
2131,277,19.5,21,51,7,1,0,0,0.03,0.004,200000
2132,400,1.957,4,10,9,0,0,1,0.03,0.004,200000
2133,240,13.89,16,45,1,1,0,0,0.03,0.004,200000
2134,400,38.33,26,59,17,0,0,1,0.03,0.004,200000
2135,400,35.998,25,70,44,0,0,1,0.03,0.004,200000
2136,45,-4.7,2,12,0,1,0,0,0.03,0.004,200000
2137,400,45.287,32,68,30,0,0,1,0.03,0.004,200000
2138,400,31.618,23,68,44,0,0,1,0.03,0.004,200000
2139,400,36.273,24,58,4,0,0,1,0.03,0.004,200000
2140,400,28.753,21,49,25,0,0,1,0.03,0.004,200000
2141,400,14.658,9,39,1,0,0,1,0.03,0.004,200000
2142,400,-1.068,5,25,96,0,0,1,0.03,0.004,200000
2143,400,31.929,22,47,14,0,0,1,0.03,0.004,200000
2144,400,8.194,8,19,18,0,0,1,0.03,0.004,200000
2145,400,6.686,6,17,3,0,0,1,0.03,0.004,200000
2146,400,47.007,28,76,24,0,0,1,0.03,0.004,200000
2147,400,29.461,16,59,6,0,0,1,0.03,0.004,200000
2148,400,10.909,5,19,6,0,0,1,0.03,0.004,200000
2149,400,46.391,28,80,17,0,0,1,0.03,0.004,200000
2150,400,39.505,24,71,2,0,0,1,0.03,0.004,200000
2151,400,-0.286,4,17,62,0,0,1,0.03,0.004,200000
2152,400,32.972,21,52,14,0,0,1,0.03,0.004,200000
2153,400,20.555,15,42,29,0,0,1,0.03,0.004,200000
2154,400,3.983,2,19,6,0,0,1,0.03,0.004,200000
2155,400,31.93,18,57,17,0,0,1,0.03,0.004,200000
2156,400,30.493,21,56,8,0,0,1,0.03,0.004,200000
2157,365,10.517,12,59,9,1,0,0,0.03,0.004,200000
2158,400,26.622,16,38,9,0,0,1,0.03,0.004,200000
2159,400,32.336,22,55,9,0,0,1,0.03,0.004,200000
2160,400,41.584,24,74,10,0,0,1,0.03,0.004,200000
2161,400,22.034,15,41,4,0,0,1,0.03,0.004,200000
2162,400,19.4,11,29,10,0,0,1,0.03,0.004,200000
2163,400,1.58,3,15,23,0,0,1,0.03,0.004,200000
2164,400,14.311,9,29,9,0,0,1,0.03,0.004,200000
2165,55,-4.617,3,21,4,1,0,0,0.03,0.004,200000
2166,221,-5.046,6,14,12,1,0,0,0.03,0.004,200000
2167,21,-11.034,1,4,3,1,0,0,0.03,0.004,200000
2168,400,18.507,14,33,10,0,0,1,0.03,0.004,200000
2169,400,63.168,41,89,15,0,0,1,0.03,0.004,200000
2170,400,8.013,9,26,9,0,0,1,0.03,0.004,200000
2171,400,10.117,8,28,18,0,0,1,0.03,0.004,200000
2172,55,-8.136,0,7,2,1,0,0,0.03,0.004,200000
2173,400,12.944,8,16,4,0,0,1,0.03,0.004,200000
2174,400,13.986,7,22,2,0,0,1,0.03,0.004,200000
2175,400,3.13,2,21,2,0,0,1,0.03,0.004,200000
2176,400,19.481,16,39,43,0,0,1,0.03,0.004,200000
2177,400,26.485,17,51,7,0,0,1,0.03,0.004,200000
2178,400,2.1,5,15,26,0,0,1,0.03,0.004,200000
2179,400,15.209,8,29,7,0,0,1,0.03,0.004,200000
2180,400,9.234,9,19,3,0,0,1,0.03,0.004,200000
2181,46,-3.007,4,14,1,1,0,0,0.03,0.004,200000
2182,400,20.723,14,45,14,0,0,1,0.03,0.004,200000
2183,226,15.771,16,54,38,1,0,0,0.03,0.004,200000
2184,400,9.328,8,24,6,0,0,1,0.03,0.004,200000
2185,400,21.298,17,43,4,0,0,1,0.03,0.004,200000
2186,400,-5.39,0,3,9,0,0,1,0.03,0.004,200000
2187,400,59.728,38,87,13,0,0,1,0.03,0.004,200000
2188,400,32.261,24,53,18,0,0,1,0.03,0.004,200000
2189,209,10.772,14,42,31,1,0,0,0.03,0.004,200000
2190,400,23.649,17,41,15,0,0,1,0.03,0.004,200000
2191,400,60.755,36,102,19,0,0,1,0.03,0.004,200000
2192,66,1.066,6,21,1,1,0,0,0.03,0.004,200000
2193,400,0.311,10,21,123,0,0,1,0.03,0.004,200000
2194,400,42.87,26,75,10,0,0,1,0.03,0.004,200000
2195,5,-14.165,0,3,2,1,0,0,0.03,0.004,200000
2196,400,1.134,4,9,5,0,0,1,0.03,0.004,200000
2197,400,49.877,34,82,51,0,0,1,0.03,0.004,200000
2198,400,41.949,28,74,34,0,0,1,0.03,0.004,200000
2199,400,7.344,8,23,39,0,0,1,0.03,0.004,200000
2200,400,48.914,32,82,36,0,0,1,0.03,0.004,200000
2201,5,-14.091,0,2,1,1,0,0,0.03,0.004,200000
2202,400,38.861,28,67,56,0,0,1,0.03,0.004,200000
2203,400,49.512,30,88,21,0,0,1,0.03,0.004,200000
2204,400,28.795,21,46,20,0,0,1,0.03,0.004,200000
2205,400,18.738,12,44,15,0,0,1,0.03,0.004,200000
2206,25,-8.204,2,9,0,1,0,0,0.03,0.004,200000
2207,400,41.171,29,76,60,0,0,1,0.03,0.004,200000
2208,166,15.375,14,44,0,1,0,0,0.03,0.004,200000
2209,26,-8.218,1,13,0,1,0,0,0.03,0.004,200000
2210,400,30.079,20,48,4,0,0,1,0.03,0.004,200000
2211,400,4.498,8,24,65,0,0,1,0.03,0.004,200000
2212,5,-14.224,0,3,3,1,0,0,0.03,0.004,200000
2213,223,24.627,21,53,3,1,0,0,0.03,0.004,200000
2214,257,34.6,27,75,2,1,0,0,0.03,0.004,200000
2215,400,47.528,30,71,6,0,0,1,0.03,0.004,200000
2216,400,47.54,30,78,11,0,0,1,0.03,0.004,200000
2217,400,30.411,18,52,6,0,0,1,0.03,0.004,200000
2218,368,-5.407,8,28,49,1,0,0,0.03,0.004,200000
2219,43,-7.386,2,14,2,1,0,0,0.03,0.004,200000
2220,192,2.474,8,21,0,1,0,0,0.03,0.004,200000
2221,5,-14.215,0,3,2,1,0,0,0.03,0.004,200000
2222,400,15.417,12,36,27,0,0,1,0.03,0.004,200000
2223,163,-4.472,4,12,0,1,0,0,0.03,0.004,200000
2224,400,49.916,32,83,7,0,0,1,0.03,0.004,200000
2225,400,32.325,23,53,10,0,0,1,0.03,0.004,200000
2226,400,51.862,34,85,12,0,0,1,0.03,0.004,200000
2227,400,56.172,35,75,8,0,0,1,0.03,0.004,200000
2228,400,50.793,33,77,26,0,0,1,0.03,0.004,200000
2229,400,50.345,32,81,39,0,0,1,0.03,0.004,200000
2230,400,59.532,38,95,33,0,0,1,0.03,0.004,200000
2231,400,48.623,32,75,29,0,0,1,0.03,0.004,200000
2232,400,62.435,37,92,6,0,0,1,0.03,0.004,200000
2233,87,3.302,10,27,1,1,0,0,0.03,0.004,200000
2234,400,1.87,11,33,147,0,0,1,0.03,0.004,200000
2235,400,31.606,19,66,5,0,0,1,0.03,0.004,200000
2236,142,13.235,14,34,3,1,0,0,0.03,0.004,200000
2237,400,59.849,39,93,27,0,0,1,0.03,0.004,200000
2238,284,20.398,19,48,6,1,0,0,0.03,0.004,200000
2239,400,23.036,16,38,15,0,0,1,0.03,0.004,200000
2240,254,31.008,24,72,2,1,0,0,0.03,0.004,200000
2241,39,-8.062,2,16,2,1,0,0,0.03,0.004,200000
2242,58,-5.716,2,14,12,1,0,0,0.03,0.004,200000
2243,400,60.317,37,88,2,0,0,1,0.03,0.004,200000
2244,400,14.584,10,32,6,0,0,1,0.03,0.004,200000
2245,51,-6.083,2,22,3,1,0,0,0.03,0.004,200000
2246,400,43.948,29,64,4,0,0,1,0.03,0.004,200000
2247,400,38.822,25,64,35,0,0,1,0.03,0.004,200000
2248,400,25.146,21,55,76,0,0,1,0.03,0.004,200000
2249,400,26.2,17,44,5,0,0,1,0.03,0.004,200000
2250,400,34.656,23,57,9,0,0,1,0.03,0.004,200000
2251,237,20.937,19,59,17,1,0,0,0.03,0.004,200000
2252,156,12.123,12,44,8,1,0,0,0.03,0.004,200000
2253,400,30.854,20,64,35,0,0,1,0.03,0.004,200000
2254,16,-6.913,1,7,0,1,0,0,0.03,0.004,200000
2255,400,22.352,15,49,64,0,0,1,0.03,0.004,200000
2256,296,30.054,25,63,22,1,0,0,0.03,0.004,200000
2257,400,36.436,26,55,12,0,0,1,0.03,0.004,200000
2258,270,25.982,19,84,10,1,0,0,0.03,0.004,200000
2259,5,-14.165,0,3,2,1,0,0,0.03,0.004,200000
2260,120,11.686,11,45,1,1,0,0,0.03,0.004,200000
2261,400,22.856,20,47,89,0,0,1,0.03,0.004,200000
2262,400,61.398,37,95,12,0,0,1,0.03,0.004,200000
2263,145,8.229,11,41,6,1,0,0,0.03,0.004,200000
2264,400,23.377,13,49,4,0,0,1,0.03,0.004,200000
2265,400,42.259,26,73,7,0,0,1,0.03,0.004,200000
2266,400,57.725,37,91,12,0,0,1,0.03,0.004,200000
2267,400,35.169,24,58,6,0,0,1,0.03,0.004,200000
2268,400,53.541,33,88,6,0,0,1,0.03,0.004,200000
2269,400,46.984,28,75,4,0,0,1,0.03,0.004,200000
2270,5,-14.041,0,3,1,1,0,0,0.03,0.004,200000
2271,400,28.347,12,34,9,0,0,1,0.03,0.004,200000
2272,400,52.044,32,86,33,0,0,1,0.03,0.004,200000
2273,116,5.421,8,43,3,1,0,0,0.03,0.004,200000
2274,400,14.528,13,39,57,0,0,1,0.03,0.004,200000
2275,400,12.965,11,33,65,0,0,1,0.03,0.004,200000
2276,5,-14.814,0,3,2,1,0,0,0.03,0.004,200000
2277,400,49.02,29,77,27,0,0,1,0.03,0.004,200000
2278,176,20.046,17,53,2,1,0,0,0.03,0.004,200000
2279,400,13.992,13,27,16,0,0,1,0.03,0.004,200000
2280,400,62.57,37,104,12,0,0,1,0.03,0.004,200000
2281,400,32.569,22,52,15,0,0,1,0.03,0.004,200000
2282,140,9.246,9,38,1,1,0,0,0.03,0.004,200000
2283,70,0.156,8,16,2,1,0,0,0.03,0.004,200000
2284,250,18.421,16,50,2,1,0,0,0.03,0.004,200000
2285,5,-13.985,0,3,1,1,0,0,0.03,0.004,200000
2286,400,15.746,12,37,7,0,0,1,0.03,0.004,200000
2287,400,63.074,38,90,8,0,0,1,0.03,0.004,200000
2288,5,-13.32,0,4,2,1,0,0,0.03,0.004,200000
2289,400,43.231,27,65,1,0,0,1,0.03,0.004,200000
2290,50,-4.034,2,16,2,1,0,0,0.03,0.004,200000
2291,400,24.996,13,36,2,0,0,1,0.03,0.004,200000
2292,28,-7.293,1,8,4,1,0,0,0.03,0.004,200000
2293,400,41.551,25,63,32,0,0,1,0.03,0.004,200000
2294,167,14.069,14,53,4,1,0,0,0.03,0.004,200000
2295,5,-12.4,0,2,2,1,0,0,0.03,0.004,200000
2296,315,45.739,34,94,4,1,0,0,0.03,0.004,200000
2297,400,52.343,32,78,3,0,0,1,0.03,0.004,200000
2298,6,-9.492,0,2,0,1,0,0,0.03,0.004,200000
2299,400,61.766,36,95,6,0,0,1,0.03,0.004,200000
2300,400,49.85,32,80,26,0,0,1,0.03,0.004,200000
2301,400,43.769,24,67,10,0,0,1,0.03,0.004,200000
2302,7,-14.443,0,3,4,1,0,0,0.03,0.004,200000
2303,400,62.749,37,91,12,0,0,1,0.03,0.004,200000
2304,336,45.235,36,88,4,1,0,0,0.03,0.004,200000
2305,400,24.153,16,41,6,0,0,1,0.03,0.004,200000
2306,41,-2.592,3,16,0,1,0,0,0.03,0.004,200000
2307,400,33.264,23,57,18,0,0,1,0.03,0.004,200000
2308,5,-14.191,0,2,1,1,0,0,0.03,0.004,200000
2309,400,33.624,23,59,39,0,0,1,0.03,0.004,200000
2310,400,31.051,21,50,4,0,0,1,0.03,0.004,200000
2311,400,62.442,36,99,4,0,0,1,0.03,0.004,200000
2312,400,12.089,7,24,15,0,0,1,0.03,0.004,200000
2313,400,27.567,18,48,2,0,0,1,0.03,0.004,200000
2314,400,44.094,27,70,11,0,0,1,0.03,0.004,200000
2315,330,44.448,34,94,7,1,0,0,0.03,0.004,200000
2316,126,1.602,9,32,13,1,0,0,0.03,0.004,200000
2317,400,25.297,17,38,7,0,0,1,0.03,0.004,200000
2318,285,1.507,10,26,29,1,0,0,0.03,0.004,200000
2319,72,1.47,5,25,1,1,0,0,0.03,0.004,200000
2320,200,16.692,16,59,2,1,0,0,0.03,0.004,200000
2321,400,17.8,12,31,0,0,0,1,0.03,0.004,200000
2322,400,61.914,38,91,5,0,0,1,0.03,0.004,200000
2323,400,27.753,17,58,4,0,0,1,0.03,0.004,200000
2324,91,1.36,8,22,2,1,0,0,0.03,0.004,200000
2325,400,51.083,32,76,13,0,0,1,0.03,0.004,200000
2326,400,43.306,27,79,8,0,0,1,0.03,0.004,200000
2327,400,61.428,37,107,21,0,0,1,0.03,0.004,200000
2328,400,74.976,46,106,1,0,0,1,0.03,0.004,200000
2329,5,-14.125,0,4,3,1,0,0,0.03,0.004,200000
2330,400,11.299,9,33,21,0,0,1,0.03,0.004,200000
2331,7,-14.599,0,1,4,1,0,0,0.03,0.004,200000
2332,400,31.488,21,48,6,0,0,1,0.03,0.004,200000
2333,400,25.206,17,39,31,0,0,1,0.03,0.004,200000
2334,7,-14.243,0,3,3,1,0,0,0.03,0.004,200000
2335,400,26.995,22,42,25,0,0,1,0.03,0.004,200000
2336,400,33.288,20,41,10,0,0,1,0.03,0.004,200000
2337,7,-14.443,0,2,4,1,0,0,0.03,0.004,200000
2338,400,58.364,38,82,4,0,0,1,0.03,0.004,200000
2339,109,2.46,8,32,7,1,0,0,0.03,0.004,200000
2340,141,6.561,9,32,15,1,0,0,0.03,0.004,200000
2341,400,61.815,38,86,16,0,0,1,0.03,0.004,200000
2342,400,42.889,26,74,5,0,0,1,0.03,0.004,200000
2343,387,8.33,12,35,21,1,0,0,0.03,0.004,200000
2344,21,-6.777,1,8,0,1,0,0,0.03,0.004,200000
2345,400,76.995,45,117,4,0,0,1,0.03,0.004,200000
2346,400,37.588,27,73,81,0,0,1,0.03,0.004,200000
2347,194,20.023,20,52,10,1,0,0,0.03,0.004,200000
2348,400,34.74,20,53,16,0,0,1,0.03,0.004,200000
2349,400,43.836,26,82,14,0,0,1,0.03,0.004,200000
2350,400,29.876,20,60,73,0,0,1,0.03,0.004,200000
2351,400,19.044,14,34,4,0,0,1,0.03,0.004,200000
2352,400,44.378,29,70,13,0,0,1,0.03,0.004,200000
2353,313,48.352,36,80,2,1,0,0,0.03,0.004,200000
2354,400,65.323,41,92,7,0,0,1,0.03,0.004,200000
2355,400,50.261,32,80,20,0,0,1,0.03,0.004,200000
2356,400,70.968,39,113,2,0,0,1,0.03,0.004,200000
2357,289,39.68,31,76,5,1,0,0,0.03,0.004,200000
2358,76,4.62,8,25,0,1,0,0,0.03,0.004,200000
2359,225,27.575,24,68,4,1,0,0,0.03,0.004,200000
2360,219,26.719,20,64,5,1,0,0,0.03,0.004,200000
2361,400,41.545,23,78,9,0,0,1,0.03,0.004,200000
2362,48,-5.324,5,11,2,1,0,0,0.03,0.004,200000
2363,64,-0.766,4,20,0,1,0,0,0.03,0.004,200000
2364,400,67.186,40,103,4,0,0,1,0.03,0.004,200000
2365,400,45.477,30,69,17,0,0,1,0.03,0.004,200000
2366,400,65.663,38,100,10,0,0,1,0.03,0.004,200000
2367,400,65.186,40,91,7,0,0,1,0.03,0.004,200000
2368,54,-1.551,4,14,1,1,0,0,0.03,0.004,200000
2369,194,26.85,21,65,2,1,0,0,0.03,0.004,200000
2370,400,58.719,36,95,2,0,0,1,0.03,0.004,200000
2371,115,12.375,12,40,3,1,0,0,0.03,0.004,200000
2372,400,28.393,18,54,17,0,0,1,0.03,0.004,200000
2373,79,0.934,8,30,6,1,0,0,0.03,0.004,200000
2374,400,62.804,36,98,7,0,0,1,0.03,0.004,200000
2375,400,51.413,33,74,7,0,0,1,0.03,0.004,200000
2376,18,-8.798,2,7,1,1,0,0,0.03,0.004,200000
2377,337,33.613,26,69,10,1,0,0,0.03,0.004,200000
2378,400,71.315,42,104,5,0,0,1,0.03,0.004,200000
2379,400,66.584,39,98,4,0,0,1,0.03,0.004,200000
2380,400,31.292,19,55,3,0,0,1,0.03,0.004,200000
2381,40,-4.897,2,14,2,1,0,0,0.03,0.004,200000
2382,400,66.24,38,106,8,0,0,1,0.03,0.004,200000
2383,400,52.057,32,79,4,0,0,1,0.03,0.004,200000
2384,400,45.477,27,80,22,0,0,1,0.03,0.004,200000
2385,280,25.927,20,66,4,1,0,0,0.03,0.004,200000
2386,400,48.262,29,72,5,0,0,1,0.03,0.004,200000
2387,400,69.943,42,102,14,0,0,1,0.03,0.004,200000
2388,400,6.449,6,24,4,0,0,1,0.03,0.004,200000
2389,400,71.226,44,103,2,0,0,1,0.03,0.004,200000
2390,235,28.451,23,62,8,1,0,0,0.03,0.004,200000
2391,365,25.142,19,66,2,1,0,0,0.03,0.004,200000
2392,125,11.813,14,41,4,1,0,0,0.03,0.004,200000
2393,120,9.974,12,44,2,1,0,0,0.03,0.004,200000
2394,31,-10.533,1,9,8,1,0,0,0.03,0.004,200000
2395,80,5.071,10,31,3,1,0,0,0.03,0.004,200000
2396,400,44.57,30,71,31,0,0,1,0.03,0.004,200000
2397,236,40.738,30,76,3,1,0,0,0.03,0.004,200000
2398,400,48.136,28,79,2,0,0,1,0.03,0.004,200000
2399,400,69.139,43,102,6,0,0,1,0.03,0.004,200000
2400,7,-14.558,0,1,3,1,0,0,0.03,0.004,200000
2401,400,29.843,18,54,14,0,0,1,0.03,0.004,200000
2402,400,74.144,44,109,8,0,0,1,0.03,0.004,200000
2403,219,30.752,25,62,5,1,0,0,0.03,0.004,200000
2404,186,21.312,19,58,7,1,0,0,0.03,0.004,200000
2405,400,70.913,42,110,5,0,0,1,0.03,0.004,200000
2406,400,40.55,24,67,12,0,0,1,0.03,0.004,200000
2407,239,31.111,25,59,3,1,0,0,0.03,0.004,200000
2408,400,63.117,36,90,12,0,0,1,0.03,0.004,200000
2409,400,70.133,42,101,9,0,0,1,0.03,0.004,200000
2410,400,74.51,44,110,2,0,0,1,0.03,0.004,200000
2411,400,59.545,32,96,10,0,0,1,0.03,0.004,200000
2412,400,60.133,38,81,15,0,0,1,0.03,0.004,200000
2413,400,75.948,46,115,11,0,0,1,0.03,0.004,200000
2414,17,-15.225,0,4,12,1,0,0,0.03,0.004,200000
2415,313,40.651,31,84,4,1,0,0,0.03,0.004,200000
2416,400,62.19,38,94,10,0,0,1,0.03,0.004,200000
2417,400,55.031,32,77,9,0,0,1,0.03,0.004,200000
2418,400,71.646,42,100,6,0,0,1,0.03,0.004,200000
2419,7,-14.313,0,3,3,1,0,0,0.03,0.004,200000
2420,10,-14.656,0,2,5,1,0,0,0.03,0.004,200000
2421,400,37.175,24,59,4,0,0,1,0.03,0.004,200000
2422,26,-6.304,1,10,0,1,0,0,0.03,0.004,200000
2423,100,3.06,10,28,16,1,0,0,0.03,0.004,200000
2424,400,15.593,14,39,65,0,0,1,0.03,0.004,200000
2425,74,-1.327,6,19,1,1,0,0,0.03,0.004,200000
2426,400,64.739,37,88,1,0,0,1,0.03,0.004,200000
2427,130,-0.938,7,20,6,1,0,0,0.03,0.004,200000
2428,26,-6.931,1,7,2,1,0,0,0.03,0.004,200000
2429,51,-3.249,3,14,0,1,0,0,0.03,0.004,200000
2430,10,-14.676,0,2,5,1,0,0,0.03,0.004,200000
2431,400,50.805,29,87,10,0,0,1,0.03,0.004,200000
2432,271,40.899,32,78,1,1,0,0,0.03,0.004,200000
2433,5,-13.934,0,4,1,1,0,0,0.03,0.004,200000
2434,400,73.278,45,105,5,0,0,1,0.03,0.004,200000
2435,85,1.942,8,27,7,1,0,0,0.03,0.004,200000
2436,298,44.043,34,87,2,1,0,0,0.03,0.004,200000
2437,400,62.631,37,95,3,0,0,1,0.03,0.004,200000
2438,225,29.974,25,67,1,1,0,0,0.03,0.004,200000
2439,77,1.951,8,20,0,1,0,0,0.03,0.004,200000
2440,7,-9.084,0,3,0,1,0,0,0.03,0.004,200000
2441,400,64.161,38,96,6,0,0,1,0.03,0.004,200000
2442,400,54.536,29,87,3,0,0,1,0.03,0.004,200000
2443,13,-8.58,0,4,0,1,0,0,0.03,0.004,200000
2444,39,-5.912,4,12,3,1,0,0,0.03,0.004,200000
2445,400,54.726,33,88,10,0,0,1,0.03,0.004,200000
2446,400,68.11,40,106,2,0,0,1,0.03,0.004,200000
2447,7,-14.313,0,3,3,1,0,0,0.03,0.004,200000
2448,400,57.625,36,87,8,0,0,1,0.03,0.004,200000
2449,77,0.967,6,20,8,1,0,0,0.03,0.004,200000
2450,400,41.9,25,58,4,0,0,1,0.03,0.004,200000
2451,400,36.176,24,53,8,0,0,1,0.03,0.004,200000
2452,245,30.432,26,65,1,1,0,0,0.03,0.004,200000
2453,400,71.924,44,107,12,0,0,1,0.03,0.004,200000
2454,273,38.719,30,75,3,1,0,0,0.03,0.004,200000
2455,7,-14.213,0,4,3,1,0,0,0.03,0.004,200000
2456,9,-14.441,0,4,5,1,0,0,0.03,0.004,200000
2457,25,-15.769,0,4,16,1,0,0,0.03,0.004,200000
2458,14,-8.609,0,5,1,1,0,0,0.03,0.004,200000
2459,7,-14.293,0,3,3,1,0,0,0.03,0.004,200000
2460,400,62.908,38,95,2,0,0,1,0.03,0.004,200000
2461,132,18.254,20,45,4,1,0,0,0.03,0.004,200000
2462,400,74.099,44,111,5,0,0,1,0.03,0.004,200000
2463,400,56.601,34,88,6,0,0,1,0.03,0.004,200000
2464,400,56.308,36,82,1,0,0,1,0.03,0.004,200000
2465,170,24.792,21,49,1,1,0,0,0.03,0.004,200000
2466,400,72.615,45,102,9,0,0,1,0.03,0.004,200000
2467,204,22.411,18,51,0,1,0,0,0.03,0.004,200000
2468,400,40.452,29,67,19,0,0,1,0.03,0.004,200000
2469,400,45.18,28,75,4,0,0,1,0.03,0.004,200000
2470,360,26.542,29,70,53,1,0,0,0.03,0.004,200000
2471,10,-14.426,0,4,5,1,0,0,0.03,0.004,200000
2472,46,-5.93,4,18,3,1,0,0,0.03,0.004,200000
2473,400,57.967,36,90,6,0,0,1,0.03,0.004,200000
2474,400,66.321,41,92,5,0,0,1,0.03,0.004,200000
2475,400,75.175,43,117,2,0,0,1,0.03,0.004,200000
2476,400,77.162,45,119,2,0,0,1,0.03,0.004,200000
2477,10,-14.476,0,4,5,1,0,0,0.03,0.004,200000
2478,400,56.505,33,85,1,0,0,1,0.03,0.004,200000
2479,220,24.073,20,69,3,1,0,0,0.03,0.004,200000
2480,305,44.377,33,91,1,1,0,0,0.03,0.004,200000
2481,400,59.858,38,84,0,0,0,1,0.03,0.004,200000
2482,12,-14.854,0,3,7,1,0,0,0.03,0.004,200000
2483,400,70.903,42,104,11,0,0,1,0.03,0.004,200000
2484,80,4.415,7,28,0,1,0,0,0.03,0.004,200000
2485,10,-14.656,0,3,6,1,0,0,0.03,0.004,200000
2486,400,67.887,41,101,8,0,0,1,0.03,0.004,200000
2487,233,27.388,21,71,7,1,0,0,0.03,0.004,200000
2488,7,-14.413,0,2,3,1,0,0,0.03,0.004,200000
2489,212,26.941,23,68,3,1,0,0,0.03,0.004,200000
2490,115,7.456,8,45,4,1,0,0,0.03,0.004,200000
2491,400,64.918,38,106,8,0,0,1,0.03,0.004,200000
2492,400,75.921,46,113,13,0,0,1,0.03,0.004,200000
2493,7,-14.413,0,2,3,1,0,0,0.03,0.004,200000
2494,16,-8.787,0,6,3,1,0,0,0.03,0.004,200000
2495,15,-15.107,0,3,11,1,0,0,0.03,0.004,200000
2496,400,74.809,45,113,9,0,0,1,0.03,0.004,200000
2497,294,48.41,34,89,1,1,0,0,0.03,0.004,200000
2498,325,28.815,25,70,7,1,0,0,0.03,0.004,200000
2499,351,53.742,39,96,9,1,0,0,0.03,0.004,200000
2500,400,54.108,31,74,8,0,0,1,0.03,0.004,200000
2501,400,72.594,45,107,3,0,0,1,0.03,0.004,200000
2502,6,-9.292,0,3,0,1,0,0,0.03,0.004,200000
2503,400,70.675,42,95,3,0,0,1,0.03,0.004,200000
2504,400,57.75,33,93,10,0,0,1,0.03,0.004,200000
2505,169,24.166,22,61,4,1,0,0,0.03,0.004,200000
2506,400,72.485,41,106,4,0,0,1,0.03,0.004,200000
2507,400,68.676,43,102,17,0,0,1,0.03,0.004,200000
2508,400,76.48,45,115,6,0,0,1,0.03,0.004,200000
2509,400,70.014,42,112,11,0,0,1,0.03,0.004,200000
2510,400,70.519,43,112,22,0,0,1,0.03,0.004,200000
2511,400,71.627,45,98,9,0,0,1,0.03,0.004,200000
2512,400,67.088,40,97,7,0,0,1,0.03,0.004,200000
2513,260,41.66,32,80,1,1,0,0,0.03,0.004,200000
2514,242,35.394,29,76,1,1,0,0,0.03,0.004,200000
2515,400,61.216,39,90,34,0,0,1,0.03,0.004,200000
2516,6,-9.292,0,3,0,1,0,0,0.03,0.004,200000
2517,400,41.38,26,79,55,0,0,1,0.03,0.004,200000
2518,7,-13.683,0,2,2,1,0,0,0.03,0.004,200000
2519,7,-13.583,0,3,2,1,0,0,0.03,0.004,200000
2520,400,69.016,44,104,22,0,0,1,0.03,0.004,200000
2521,14,-14.403,0,2,8,1,0,0,0.03,0.004,200000
2522,7,-13.483,0,4,2,1,0,0,0.03,0.004,200000
2523,198,18.861,18,58,7,1,0,0,0.03,0.004,200000
2524,13,-14.138,0,4,7,1,0,0,0.03,0.004,200000
2525,400,65.899,43,91,24,0,0,1,0.03,0.004,200000
2526,400,39.091,22,67,7,0,0,1,0.03,0.004,200000
2527,400,54.153,34,88,41,0,0,1,0.03,0.004,200000
2528,400,74.756,44,114,10,0,0,1,0.03,0.004,200000
2529,10,-13.876,0,3,5,1,0,0,0.03,0.004,200000
2530,7,-13.733,0,2,2,1,0,0,0.03,0.004,200000
2531,70,-3.863,7,16,17,1,0,0,0.03,0.004,200000
2532,45,-2.533,4,11,2,1,0,0,0.03,0.004,200000
2533,400,70.968,41,106,13,0,0,1,0.03,0.004,200000
2534,246,16.864,16,39,3,1,0,0,0.03,0.004,200000
2535,400,73.08,42,103,6,0,0,1,0.03,0.004,200000
2536,245,41.531,30,89,1,1,0,0,0.03,0.004,200000
2537,12,-14.104,0,3,7,1,0,0,0.03,0.004,200000
2538,400,72.084,43,104,3,0,0,1,0.03,0.004,200000
2539,400,60.434,37,94,22,0,0,1,0.03,0.004,200000
2540,10,-14.199,0,1,6,1,0,0,0.03,0.004,200000
2541,400,69.366,39,113,7,0,0,1,0.03,0.004,200000
2542,400,66.472,38,108,6,0,0,1,0.03,0.004,200000
2543,302,35.367,28,82,25,1,0,0,0.03,0.004,200000
2544,400,69.875,42,96,4,0,0,1,0.03,0.004,200000
2545,400,63.17,40,93,22,0,0,1,0.03,0.004,200000
2546,400,50.571,30,90,11,0,0,1,0.03,0.004,200000
2547,400,76.016,43,113,7,0,0,1,0.03,0.004,200000
2548,12,-14.074,0,3,6,1,0,0,0.03,0.004,200000
2549,87,4.816,10,28,4,1,0,0,0.03,0.004,200000
2550,400,30.836,20,54,15,0,0,1,0.03,0.004,200000
2551,400,51.267,29,78,3,0,0,1,0.03,0.004,200000
2552,101,2.749,8,35,4,1,0,0,0.03,0.004,200000
2553,400,60.831,37,94,17,0,0,1,0.03,0.004,200000
2554,400,57.758,34,93,5,0,0,1,0.03,0.004,200000
2555,288,42.944,31,102,6,1,0,0,0.03,0.004,200000
2556,400,65.647,40,103,9,0,0,1,0.03,0.004,200000
2557,363,49.49,37,91,6,1,0,0,0.03,0.004,200000
2558,7,-13.583,0,3,2,1,0,0,0.03,0.004,200000
2559,400,69.954,40,109,14,0,0,1,0.03,0.004,200000
2560,400,77.844,47,112,4,0,0,1,0.03,0.004,200000
2561,400,64.105,38,94,7,0,0,1,0.03,0.004,200000
2562,400,72.897,44,108,8,0,0,1,0.03,0.004,200000
2563,260,34.709,27,77,7,1,0,0,0.03,0.004,200000
2564,15,-14.337,0,3,8,1,0,0,0.03,0.004,200000
2565,400,39.153,24,72,37,0,0,1,0.03,0.004,200000
2566,7,-14.263,0,4,3,1,0,0,0.03,0.004,200000
2567,400,67.778,38,105,5,0,0,1,0.03,0.004,200000
2568,400,53.437,31,81,5,0,0,1,0.03,0.004,200000
2569,400,70.087,41,111,7,0,0,1,0.03,0.004,200000
2570,180,17.617,16,57,4,1,0,0,0.03,0.004,200000
2571,400,69.737,41,105,14,0,0,1,0.03,0.004,200000
2572,275,39.183,32,75,11,1,0,0,0.03,0.004,200000
2573,400,66.109,40,96,7,0,0,1,0.03,0.004,200000
2574,400,43.806,29,76,13,0,0,1,0.03,0.004,200000
2575,400,30.334,16,59,11,0,0,1,0.03,0.004,200000
2576,10,-14.756,0,2,6,1,0,0,0.03,0.004,200000
2577,400,43.837,27,65,15,0,0,1,0.03,0.004,200000
2578,309,46.132,35,98,15,1,0,0,0.03,0.004,200000
2579,19,-15.274,0,4,13,1,0,0,0.03,0.004,200000
2580,46,0.118,5,21,0,1,0,0,0.03,0.004,200000
2581,400,61.28,38,83,4,0,0,1,0.03,0.004,200000
2582,400,67.758,42,92,11,0,0,1,0.03,0.004,200000
2583,25,-9.601,2,10,3,1,0,0,0.03,0.004,200000
2584,44,-16.06,0,3,9,1,0,0,0.03,0.004,200000
2585,400,50.33,28,78,9,0,0,1,0.03,0.004,200000
2586,13,-15.148,0,2,9,1,0,0,0.03,0.004,200000
2587,400,38.673,25,67,3,0,0,1,0.03,0.004,200000
2588,117,5.948,11,32,8,1,0,0,0.03,0.004,200000
2589,400,54.605,31,87,4,0,0,1,0.03,0.004,200000
2590,49,-15.571,0,3,2,1,0,0,0.03,0.004,200000
2591,87,1.965,5,27,1,1,0,0,0.03,0.004,200000
2592,400,73.711,42,111,2,0,0,1,0.03,0.004,200000
2593,400,46.874,29,79,7,0,0,1,0.03,0.004,200000
2594,19,-9.1,0,5,5,1,0,0,0.03,0.004,200000
2595,400,69.999,43,98,8,0,0,1,0.03,0.004,200000
2596,7,-14.363,0,3,3,1,0,0,0.03,0.004,200000
2597,12,-14.914,0,4,9,1,0,0,0.03,0.004,200000
2598,400,69.295,40,116,9,0,0,1,0.03,0.004,200000
2599,18,-14.61,0,3,2,1,0,0,0.03,0.004,200000
2600,400,62.6,37,93,2,0,0,1,0.03,0.004,200000
2601,400,65.29,39,98,16,0,0,1,0.03,0.004,200000
2602,276,38.857,28,81,7,1,0,0,0.03,0.004,200000
2603,400,30.602,17,66,2,0,0,1,0.03,0.004,200000
2604,400,47.191,29,72,12,0,0,1,0.03,0.004,200000
2605,10,-14.556,0,4,6,1,0,0,0.03,0.004,200000
2606,400,42.203,25,69,1,0,0,1,0.03,0.004,200000
2607,400,62.002,38,89,7,0,0,1,0.03,0.004,200000
2608,315,45.184,35,90,6,1,0,0,0.03,0.004,200000
2609,216,32.756,25,70,5,1,0,0,0.03,0.004,200000
2610,380,49.567,37,99,8,1,0,0,0.03,0.004,200000
2611,10,-14.656,0,3,6,1,0,0,0.03,0.004,200000
2612,7,-14.163,0,4,3,1,0,0,0.03,0.004,200000
2613,400,70.254,43,105,12,0,0,1,0.03,0.004,200000
2614,199,21.834,21,54,10,1,0,0,0.03,0.004,200000
2615,254,14.052,16,48,10,1,0,0,0.03,0.004,200000
2616,114,10.14,13,42,6,1,0,0,0.03,0.004,200000
2617,211,20.685,19,59,5,1,0,0,0.03,0.004,200000
2618,400,56.882,35,88,7,0,0,1,0.03,0.004,200000
2619,12,-14.664,0,4,8,1,0,0,0.03,0.004,200000
2620,400,63.302,37,98,10,0,0,1,0.03,0.004,200000
2621,400,67.081,41,97,5,0,0,1,0.03,0.004,200000
2622,400,42.479,27,71,13,0,0,1,0.03,0.004,200000
2623,400,39.089,25,55,4,0,0,1,0.03,0.004,200000
2624,9,-14.571,0,3,6,1,0,0,0.03,0.004,200000
2625,16,-15.221,0,4,12,1,0,0,0.03,0.004,200000
2626,19,-15.574,0,3,13,1,0,0,0.03,0.004,200000
2627,400,28.4,20,52,12,0,0,1,0.03,0.004,200000
2628,10,-14.656,0,3,6,1,0,0,0.03,0.004,200000
2629,7,-14.343,0,3,3,1,0,0,0.03,0.004,200000
2630,43,-7.793,3,15,8,1,0,0,0.03,0.004,200000
2631,31,-6.899,3,13,4,1,0,0,0.03,0.004,200000
2632,400,30.576,17,63,6,0,0,1,0.03,0.004,200000
2633,283,47.026,34,98,8,1,0,0,0.03,0.004,200000
2634,157,11.326,14,45,12,1,0,0,0.03,0.004,200000
2635,400,41.138,26,62,12,0,0,1,0.03,0.004,200000
2636,83,2.089,8,25,4,1,0,0,0.03,0.004,200000
2637,400,47.735,29,79,2,0,0,1,0.03,0.004,200000
2638,171,16.006,16,56,9,1,0,0,0.03,0.004,200000
2639,400,19.773,13,37,5,0,0,1,0.03,0.004,200000
2640,400,38.346,29,63,88,0,0,1,0.03,0.004,200000
2641,302,40.74,32,86,12,1,0,0,0.03,0.004,200000
2642,400,54.5,34,89,5,0,0,1,0.03,0.004,200000
2643,10,-14.836,0,2,7,1,0,0,0.03,0.004,200000
2644,22,-6.316,1,8,0,1,0,0,0.03,0.004,200000
2645,16,-15.311,0,3,11,1,0,0,0.03,0.004,200000
2646,58,-16.03,0,2,2,1,0,0,0.03,0.004,200000
2647,400,62.653,38,95,17,0,0,1,0.03,0.004,200000
2648,400,79.603,47,115,7,0,0,1,0.03,0.004,200000
2649,400,71.929,43,114,9,0,0,1,0.03,0.004,200000
2650,400,23.05,16,41,29,0,0,1,0.03,0.004,200000
2651,400,47.48,29,84,6,0,0,1,0.03,0.004,200000
2652,400,71.106,44,111,11,0,0,1,0.03,0.004,200000
2653,124,0.404,8,26,20,1,0,0,0.03,0.004,200000
2654,400,75.226,45,117,8,0,0,1,0.03,0.004,200000
2655,7,-14.523,0,3,5,1,0,0,0.03,0.004,200000
2656,400,52.549,34,81,11,0,0,1,0.03,0.004,200000
2657,400,76.146,44,115,11,0,0,1,0.03,0.004,200000
2658,7,-14.423,0,2,4,1,0,0,0.03,0.004,200000
2659,400,64.538,39,90,5,0,0,1,0.03,0.004,200000
2660,7,-14.273,0,4,5,1,0,0,0.03,0.004,200000
2661,35,-5.007,2,10,2,1,0,0,0.03,0.004,200000
2662,400,71.911,45,97,7,0,0,1,0.03,0.004,200000
2663,93,-4.514,3,28,26,1,0,0,0.03,0.004,200000
2664,400,72.095,44,108,3,0,0,1,0.03,0.004,200000
2665,232,40.124,30,71,1,1,0,0,0.03,0.004,200000
2666,400,56.725,34,84,10,0,0,1,0.03,0.004,200000
2667,320,44.009,32,83,10,1,0,0,0.03,0.004,200000
2668,10,-14.456,0,4,5,1,0,0,0.03,0.004,200000
2669,400,68.027,40,100,6,0,0,1,0.03,0.004,200000
2670,400,64.402,39,105,14,0,0,1,0.03,0.004,200000
2671,18,-11.31,0,6,5,1,0,0,0.03,0.004,200000
2672,400,74.832,43,111,4,0,0,1,0.03,0.004,200000
2673,9,-14.681,0,3,8,1,0,0,0.03,0.004,200000
2674,205,27.213,23,64,10,1,0,0,0.03,0.004,200000
2675,33,-8.824,2,9,6,1,0,0,0.03,0.004,200000
2676,177,21.733,19,58,4,1,0,0,0.03,0.004,200000
2677,400,28.692,19,54,16,0,0,1,0.03,0.004,200000
2678,400,18.286,13,42,12,0,0,1,0.03,0.004,200000
2679,400,54.777,33,86,5,0,0,1,0.03,0.004,200000
2680,234,29.498,22,72,11,1,0,0,0.03,0.004,200000
2681,299,42.425,32,85,4,1,0,0,0.03,0.004,200000
2682,109,7.457,10,31,3,1,0,0,0.03,0.004,200000
2683,400,30.69,20,54,11,0,0,1,0.03,0.004,200000
2684,202,2.552,11,24,9,1,0,0,0.03,0.004,200000
2685,128,13.596,16,37,3,1,0,0,0.03,0.004,200000
2686,400,63.029,38,91,5,0,0,1,0.03,0.004,200000
2687,400,79.426,46,123,3,0,0,1,0.03,0.004,200000
2688,400,75.255,46,110,4,0,0,1,0.03,0.004,200000
2689,342,50.75,34,97,2,1,0,0,0.03,0.004,200000
2690,7,-14.799,0,1,6,1,0,0,0.03,0.004,200000
2691,400,62.284,35,98,6,0,0,1,0.03,0.004,200000
2692,362,44.812,31,85,5,1,0,0,0.03,0.004,200000
2693,174,18.053,17,62,10,1,0,0,0.03,0.004,200000
2694,400,72.807,43,108,17,0,0,1,0.03,0.004,200000
2695,22,-15.853,0,4,17,1,0,0,0.03,0.004,200000
2696,168,13.434,12,56,6,1,0,0,0.03,0.004,200000
2697,400,70.958,42,101,8,0,0,1,0.03,0.004,200000
2698,400,70.411,43,109,9,0,0,1,0.03,0.004,200000
2699,24,-7.081,1,5,2,1,0,0,0.03,0.004,200000
2700,7,-14.243,0,3,3,1,0,0,0.03,0.004,200000
2701,7,-14.343,0,2,3,1,0,0,0.03,0.004,200000
2702,400,44.457,28,70,23,0,0,1,0.03,0.004,200000
2703,400,71.029,39,116,5,0,0,1,0.03,0.004,200000
2704,7,-14.253,0,4,5,1,0,0,0.03,0.004,200000
2705,400,69.946,42,102,17,0,0,1,0.03,0.004,200000
2706,88,2.684,10,26,4,1,0,0,0.03,0.004,200000
2707,119,11.928,15,37,5,1,0,0,0.03,0.004,200000
2708,161,20.361,20,52,7,1,0,0,0.03,0.004,200000
2709,400,69.75,41,108,7,0,0,1,0.03,0.004,200000
2710,400,75.731,44,115,3,0,0,1,0.03,0.004,200000
2711,400,50.947,32,76,15,0,0,1,0.03,0.004,200000
2712,110,7.625,11,38,4,1,0,0,0.03,0.004,200000
2713,7,-14.349,0,3,4,1,0,0,0.03,0.004,200000
2714,400,57.259,35,91,13,0,0,1,0.03,0.004,200000
2715,18,-15.57,0,2,13,1,0,0,0.03,0.004,200000
2716,379,40.594,32,89,30,1,0,0,0.03,0.004,200000
2717,400,67.035,40,100,9,0,0,1,0.03,0.004,200000
2718,384,54.368,39,88,17,1,0,0,0.03,0.004,200000
2719,400,62.337,35,102,8,0,0,1,0.03,0.004,200000
2720,48,-5.933,1,14,7,1,0,0,0.03,0.004,200000
2721,39,-6.398,1,13,5,1,0,0,0.03,0.004,200000
2722,400,56.298,35,87,2,0,0,1,0.03,0.004,200000
2723,400,77.826,46,113,9,0,0,1,0.03,0.004,200000
2724,8,-14.327,0,3,3,1,0,0,0.03,0.004,200000
2725,64,-1.841,5,22,1,1,0,0,0.03,0.004,200000
2726,400,75.009,44,105,6,0,0,1,0.03,0.004,200000
2727,400,54.305,33,92,48,0,0,1,0.03,0.004,200000
2728,400,69.077,40,106,5,0,0,1,0.03,0.004,200000
2729,6,-14.489,0,3,5,1,0,0,0.03,0.004,200000
2730,175,19.141,21,47,14,1,0,0,0.03,0.004,200000
2731,10,-14.705,0,2,6,1,0,0,0.03,0.004,200000
2732,400,66.975,37,102,5,0,0,1,0.03,0.004,200000
2733,400,78.483,47,112,5,0,0,1,0.03,0.004,200000
2734,84,2.425,6,23,4,1,0,0,0.03,0.004,200000
2735,7,-14.603,0,3,6,1,0,0,0.03,0.004,200000
2736,197,23.74,18,58,6,1,0,0,0.03,0.004,200000
2737,176,26.211,22,69,4,1,0,0,0.03,0.004,200000
2738,232,27.171,23,73,8,1,0,0,0.03,0.004,200000
2739,142,8.294,11,45,13,1,0,0,0.03,0.004,200000
2740,400,72.011,41,117,6,0,0,1,0.03,0.004,200000
2741,400,74.281,44,104,11,0,0,1,0.03,0.004,200000
2742,13,-15.124,0,1,8,1,0,0,0.03,0.004,200000
2743,400,77.13,47,106,7,0,0,1,0.03,0.004,200000
2744,400,69.353,42,111,15,0,0,1,0.03,0.004,200000
2745,176,23.316,15,79,1,1,0,0,0.03,0.004,200000
2746,400,67.012,36,109,8,0,0,1,0.03,0.004,200000
2747,400,78.685,44,119,2,0,0,1,0.03,0.004,200000
2748,400,69.148,40,110,4,0,0,1,0.03,0.004,200000
2749,266,26.875,21,77,15,1,0,0,0.03,0.004,200000
2750,400,74.87,46,109,5,0,0,1,0.03,0.004,200000
2751,400,79.056,48,112,9,0,0,1,0.03,0.004,200000
2752,400,50.446,29,79,4,0,0,1,0.03,0.004,200000
2753,400,69.872,41,100,4,0,0,1,0.03,0.004,200000
2754,400,47.753,30,73,6,0,0,1,0.03,0.004,200000
2755,18,-11.596,1,5,5,1,0,0,0.03,0.004,200000
2756,102,3.08,8,30,4,1,0,0,0.03,0.004,200000
2757,400,80.463,48,116,5,0,0,1,0.03,0.004,200000
2758,400,65.499,40,103,15,0,0,1,0.03,0.004,200000
2759,7,-14.349,0,3,4,1,0,0,0.03,0.004,200000
2760,400,76.9,45,120,9,0,0,1,0.03,0.004,200000
2761,307,48.534,36,84,4,1,0,0,0.03,0.004,200000
2762,400,62.475,38,95,19,0,0,1,0.03,0.004,200000
2763,400,28.451,18,41,4,0,0,1,0.03,0.004,200000
2764,400,15.527,11,35,6,0,0,1,0.03,0.004,200000
2765,400,69.649,42,96,6,0,0,1,0.03,0.004,200000
2766,364,30.645,25,79,6,1,0,0,0.03,0.004,200000
2767,400,17.176,14,39,61,0,0,1,0.03,0.004,200000
2768,400,64.584,37,109,17,0,0,1,0.03,0.004,200000
2769,271,39.98,31,86,6,1,0,0,0.03,0.004,200000
2770,9,-14.528,0,4,6,1,0,0,0.03,0.004,200000
2771,400,72.502,43,111,8,0,0,1,0.03,0.004,200000
2772,400,73.429,43,101,1,0,0,1,0.03,0.004,200000
2773,7,-14.599,0,1,4,1,0,0,0.03,0.004,200000
2774,400,70.169,40,104,5,0,0,1,0.03,0.004,200000
2775,400,33.186,22,49,28,0,0,1,0.03,0.004,200000
2776,153,18.117,17,50,4,1,0,0,0.03,0.004,200000
2777,400,76.931,44,114,7,0,0,1,0.03,0.004,200000
2778,12,-14.741,0,3,8,1,0,0,0.03,0.004,200000
2779,400,24.518,16,44,29,0,0,1,0.03,0.004,200000
2780,120,15.438,15,40,2,1,0,0,0.03,0.004,200000
2781,400,75.089,45,109,6,0,0,1,0.03,0.004,200000
2782,344,54.083,38,94,10,1,0,0,0.03,0.004,200000
2783,7,-14.25,0,4,4,1,0,0,0.03,0.004,200000
2784,213,29.797,22,68,8,1,0,0,0.03,0.004,200000
2785,400,64.596,39,107,27,0,0,1,0.03,0.004,200000
2786,400,71.71,40,106,7,0,0,1,0.03,0.004,200000
2787,269,17.1,16,62,39,1,0,0,0.03,0.004,200000
2788,242,34.728,27,78,5,1,0,0,0.03,0.004,200000
2789,182,22.799,19,55,3,1,0,0,0.03,0.004,200000
2790,400,78.741,48,107,5,0,0,1,0.03,0.004,200000
2791,400,67.932,39,107,7,0,0,1,0.03,0.004,200000
2792,123,12.832,12,47,2,1,0,0,0.03,0.004,200000
2793,400,68.975,42,100,23,0,0,1,0.03,0.004,200000
2794,400,75.962,44,111,7,0,0,1,0.03,0.004,200000
2795,182,13.127,16,48,20,1,0,0,0.03,0.004,200000
2796,400,72.065,40,116,7,0,0,1,0.03,0.004,200000
2797,400,74.884,44,115,3,0,0,1,0.03,0.004,200000
2798,164,24.541,19,66,5,1,0,0,0.03,0.004,200000
2799,32,-4.704,3,13,2,1,0,0,0.03,0.004,200000
2800,400,77.922,45,113,4,0,0,1,0.03,0.004,200000
2801,400,71.998,42,117,20,0,0,1,0.03,0.004,200000
2802,16,-14.968,0,4,11,1,0,0,0.03,0.004,200000
2803,400,60.081,37,89,6,0,0,1,0.03,0.004,200000
2804,400,57.987,34,93,16,0,0,1,0.03,0.004,200000
2805,400,67.731,38,100,2,0,0,1,0.03,0.004,200000
2806,66,-2.311,4,26,1,1,0,0,0.03,0.004,200000
2807,164,20.278,15,60,2,1,0,0,0.03,0.004,200000
2808,400,71.086,41,110,6,0,0,1,0.03,0.004,200000
2809,267,41.729,31,79,13,1,0,0,0.03,0.004,200000
2810,400,75.064,45,113,8,0,0,1,0.03,0.004,200000
2811,161,22.322,18,50,3,1,0,0,0.03,0.004,200000
2812,400,70.135,39,98,4,0,0,1,0.03,0.004,200000
2813,259,41.488,29,84,1,1,0,0,0.03,0.004,200000
2814,400,77.463,47,108,5,0,0,1,0.03,0.004,200000
2815,113,10.223,9,43,1,1,0,0,0.03,0.004,200000
2816,400,73.627,42,114,3,0,0,1,0.03,0.004,200000
2817,380,40.705,29,89,9,1,0,0,0.03,0.004,200000
2818,9,-14.628,0,2,6,1,0,0,0.03,0.004,200000
2819,8,-14.464,0,3,5,1,0,0,0.03,0.004,200000
2820,22,-16.377,0,1,20,1,0,0,0.03,0.004,200000
2821,147,13.966,14,46,2,1,0,0,0.03,0.004,200000
2822,400,75.251,43,107,4,0,0,1,0.03,0.004,200000
2823,206,9.672,15,41,58,1,0,0,0.03,0.004,200000
2824,125,15.977,17,39,2,1,0,0,0.03,0.004,200000
2825,400,74.633,43,114,7,0,0,1,0.03,0.004,200000
2826,148,14.315,15,52,5,1,0,0,0.03,0.004,200000
2827,47,-3.374,5,16,1,1,0,0,0.03,0.004,200000
2828,400,76.162,47,110,10,0,0,1,0.03,0.004,200000
2829,400,74.059,43,107,5,0,0,1,0.03,0.004,200000
2830,400,73.356,44,112,9,0,0,1,0.03,0.004,200000
2831,400,75.931,46,105,8,0,0,1,0.03,0.004,200000
2832,400,43.523,28,65,6,0,0,1,0.03,0.004,200000
2833,400,61.694,39,83,2,0,0,1,0.03,0.004,200000
2834,400,48.543,28,86,8,0,0,1,0.03,0.004,200000
2835,400,24.344,17,45,27,0,0,1,0.03,0.004,200000
2836,216,29.816,25,67,7,1,0,0,0.03,0.004,200000
2837,298,31.754,25,73,3,1,0,0,0.03,0.004,200000
2838,400,70.704,43,104,11,0,0,1,0.03,0.004,200000
2839,400,60.408,37,93,34,0,0,1,0.03,0.004,200000
2840,400,67.939,41,105,11,0,0,1,0.03,0.004,200000
2841,118,5.342,10,36,6,1,0,0,0.03,0.004,200000
2842,160,18.671,16,65,4,1,0,0,0.03,0.004,200000
2843,400,47.652,31,67,14,0,0,1,0.03,0.004,200000
2844,400,73.892,45,103,10,0,0,1,0.03,0.004,200000
2845,400,77.165,48,115,9,0,0,1,0.03,0.004,200000
2846,400,41.787,26,82,31,0,0,1,0.03,0.004,200000
2847,400,71.579,42,106,3,0,0,1,0.03,0.004,200000
2848,400,67.608,42,97,11,0,0,1,0.03,0.004,200000
2849,7,-12.205,0,4,3,1,0,0,0.03,0.004,200000
2850,400,62.471,39,96,8,0,0,1,0.03,0.004,200000
2851,91,6.024,7,38,0,1,0,0,0.03,0.004,200000
2852,400,75.843,45,116,6,0,0,1,0.03,0.004,200000
2853,400,77.641,47,118,5,0,0,1,0.03,0.004,200000
2854,400,66.59,41,85,4,0,0,1,0.03,0.004,200000
2855,400,55.478,33,85,29,0,0,1,0.03,0.004,200000
2856,400,26.974,17,52,31,0,0,1,0.03,0.004,200000
2857,97,8.583,10,35,1,1,0,0,0.03,0.004,200000
2858,400,60.603,35,97,12,0,0,1,0.03,0.004,200000
2859,400,4.386,5,15,3,0,0,1,0.03,0.004,200000
2860,400,73.101,43,110,7,0,0,1,0.03,0.004,200000
2861,400,71.778,42,116,3,0,0,1,0.03,0.004,200000
2862,400,51.252,29,84,2,0,0,1,0.03,0.004,200000
2863,400,63.462,37,101,5,0,0,1,0.03,0.004,200000
2864,400,68.163,42,102,6,0,0,1,0.03,0.004,200000
2865,66,1.246,5,27,2,1,0,0,0.03,0.004,200000
2866,400,28.09,18,51,55,0,0,1,0.03,0.004,200000
2867,400,63.238,36,102,14,0,0,1,0.03,0.004,200000
2868,369,29.419,25,57,10,1,0,0,0.03,0.004,200000
2869,7,-8.986,0,3,0,1,0,0,0.03,0.004,200000
2870,400,71.449,43,108,5,0,0,1,0.03,0.004,200000
2871,318,51.156,34,100,0,1,0,0,0.03,0.004,200000
2872,400,67.634,37,103,3,0,0,1,0.03,0.004,200000
2873,400,71.728,40,115,7,0,0,1,0.03,0.004,200000
2874,400,55.26,34,95,3,0,0,1,0.03,0.004,200000
2875,322,51.588,38,89,2,1,0,0,0.03,0.004,200000
2876,400,58.191,32,91,9,0,0,1,0.03,0.004,200000
2877,400,48.249,31,73,6,0,0,1,0.03,0.004,200000
2878,400,69.891,42,98,6,0,0,1,0.03,0.004,200000
2879,46,-6.705,3,17,3,1,0,0,0.03,0.004,200000
2880,400,70.382,40,106,8,0,0,1,0.03,0.004,200000
2881,400,77.963,43,128,2,0,0,1,0.03,0.004,200000
2882,202,13.499,15,40,16,1,0,0,0.03,0.004,200000
2883,400,16.141,11,32,2,0,0,1,0.03,0.004,200000
2884,400,32.552,23,54,8,0,0,1,0.03,0.004,200000
2885,21,-9.799,1,9,2,1,0,0,0.03,0.004,200000
2886,13,-8.47,0,6,0,1,0,0,0.03,0.004,200000
2887,400,56.697,35,85,4,0,0,1,0.03,0.004,200000
2888,400,50.17,31,80,5,0,0,1,0.03,0.004,200000
2889,400,29.671,18,59,3,0,0,1,0.03,0.004,200000
2890,22,-14.857,0,2,3,1,0,0,0.03,0.004,200000
2891,400,31.017,22,65,10,0,0,1,0.03,0.004,200000
2892,299,43.274,29,95,1,1,0,0,0.03,0.004,200000
2893,365,29.342,21,86,4,1,0,0,0.03,0.004,200000
2894,113,11.143,11,40,2,1,0,0,0.03,0.004,200000
2895,400,26.897,19,45,38,0,0,1,0.03,0.004,200000
2896,355,-7.068,5,33,14,1,0,0,0.03,0.004,200000
2897,400,74.257,46,98,4,0,0,1,0.03,0.004,200000
2898,21,-6.924,1,7,0,1,0,0,0.03,0.004,200000
2899,400,64.612,42,92,3,0,0,1,0.03,0.004,200000
2900,400,56.82,31,86,10,0,0,1,0.03,0.004,200000
2901,400,11.429,14,29,4,0,0,1,0.03,0.004,200000
2902,400,29.526,19,47,1,0,0,1,0.03,0.004,200000
2903,400,74.078,43,110,2,0,0,1,0.03,0.004,200000
2904,151,21.258,19,43,1,1,0,0,0.03,0.004,200000
2905,67,-16.398,0,3,3,1,0,0,0.03,0.004,200000
2906,400,72.783,46,97,3,0,0,1,0.03,0.004,200000
2907,16,-10.534,0,7,1,1,0,0,0.03,0.004,200000
2908,400,46.404,30,82,44,0,0,1,0.03,0.004,200000
2909,400,70.804,42,107,4,0,0,1,0.03,0.004,200000
2910,400,63.773,38,85,1,0,0,1,0.03,0.004,200000
2911,400,69.74,42,102,6,0,0,1,0.03,0.004,200000
2912,400,74.44,44,101,3,0,0,1,0.03,0.004,200000
2913,400,15.822,13,46,7,0,0,1,0.03,0.004,200000
2914,400,51.132,33,73,12,0,0,1,0.03,0.004,200000
2915,400,72.251,42,104,4,0,0,1,0.03,0.004,200000
2916,281,9.333,14,44,7,1,0,0,0.03,0.004,200000
2917,228,39.293,31,73,3,1,0,0,0.03,0.004,200000
2918,400,64.775,40,88,2,0,0,1,0.03,0.004,200000
2919,219,33.893,25,69,3,1,0,0,0.03,0.004,200000
2920,400,52.827,33,85,3,0,0,1,0.03,0.004,200000
2921,400,74.825,43,118,3,0,0,1,0.03,0.004,200000
2922,400,44.147,27,67,1,0,0,1,0.03,0.004,200000
2923,400,52.083,35,85,6,0,0,1,0.03,0.004,200000
2924,400,76.069,45,117,5,0,0,1,0.03,0.004,200000
2925,400,35.291,22,60,22,0,0,1,0.03,0.004,200000
2926,400,64.934,41,96,6,0,0,1,0.03,0.004,200000
2927,400,73.794,45,114,3,0,0,1,0.03,0.004,200000
2928,400,77.131,47,110,3,0,0,1,0.03,0.004,200000
2929,400,32.885,23,57,23,0,0,1,0.03,0.004,200000
2930,400,61.449,36,94,4,0,0,1,0.03,0.004,200000
2931,400,4.141,4,15,5,0,0,1,0.03,0.004,200000
2932,400,16.851,12,35,3,0,0,1,0.03,0.004,200000
2933,23,-10.324,1,8,3,1,0,0,0.03,0.004,200000
2934,400,59.085,37,88,1,0,0,1,0.03,0.004,200000
2935,400,66.394,39,105,5,0,0,1,0.03,0.004,200000
2936,400,19.137,14,31,7,0,0,1,0.03,0.004,200000
2937,33,-9.017,2,12,5,1,0,0,0.03,0.004,200000
2938,69,-0.075,4,23,1,1,0,0,0.03,0.004,200000
2939,400,64.094,36,110,3,0,0,1,0.03,0.004,200000
2940,400,56.871,35,97,17,0,0,1,0.03,0.004,200000
2941,400,62.123,39,94,2,0,0,1,0.03,0.004,200000
2942,400,28.911,21,47,4,0,0,1,0.03,0.004,200000
2943,112,12.367,14,45,1,1,0,0,0.03,0.004,200000
2944,99,7.859,10,33,5,1,0,0,0.03,0.004,200000
2945,400,78.736,46,119,6,0,0,1,0.03,0.004,200000
2946,400,32.751,20,62,3,0,0,1,0.03,0.004,200000
2947,400,56.068,34,84,5,0,0,1,0.03,0.004,200000
2948,400,59.029,34,98,0,0,0,1,0.03,0.004,200000
2949,400,22.724,18,44,7,0,0,1,0.03,0.004,200000
2950,400,61.893,38,93,5,0,0,1,0.03,0.004,200000
2951,400,68.328,40,101,4,0,0,1,0.03,0.004,200000
2952,400,28.993,20,59,3,0,0,1,0.03,0.004,200000
2953,400,65.456,39,103,4,0,0,1,0.03,0.004,200000
2954,400,76.607,46,113,8,0,0,1,0.03,0.004,200000
2955,400,66.398,41,95,3,0,0,1,0.03,0.004,200000
2956,400,56.508,33,92,0,0,0,1,0.03,0.004,200000
2957,400,73.372,45,110,8,0,0,1,0.03,0.004,200000
2958,400,19.515,14,32,14,0,0,1,0.03,0.004,200000
2959,400,59.863,35,89,23,0,0,1,0.03,0.004,200000
2960,400,62.439,37,89,5,0,0,1,0.03,0.004,200000
2961,400,30.821,21,53,25,0,0,1,0.03,0.004,200000
2962,31,-3.836,3,9,0,1,0,0,0.03,0.004,200000
2963,400,77.579,45,113,5,0,0,1,0.03,0.004,200000
2964,16,-15.898,0,4,12,1,0,0,0.03,0.004,200000
2965,400,72.036,44,106,3,0,0,1,0.03,0.004,200000
2966,19,-9.361,1,9,1,1,0,0,0.03,0.004,200000
2967,358,56.601,41,99,6,1,0,0,0.03,0.004,200000
2968,184,23.857,19,70,3,1,0,0,0.03,0.004,200000
2969,171,29.578,25,51,3,1,0,0,0.03,0.004,200000
2970,400,58.997,35,92,22,0,0,1,0.03,0.004,200000
2971,6,-9.292,0,3,0,1,0,0,0.03,0.004,200000
2972,400,53.918,33,87,4,0,0,1,0.03,0.004,200000
2973,121,13.766,13,39,1,1,0,0,0.03,0.004,200000
2974,22,-10.11,0,10,1,1,0,0,0.03,0.004,200000
2975,400,71.769,42,105,9,0,0,1,0.03,0.004,200000
2976,400,51.925,32,79,3,0,0,1,0.03,0.004,200000
2977,400,36.464,22,52,3,0,0,1,0.03,0.004,200000
2978,30,-5.988,1,11,0,1,0,0,0.03,0.004,200000
2979,400,76.635,45,111,7,0,0,1,0.03,0.004,200000
2980,288,40.646,32,86,10,1,0,0,0.03,0.004,200000
2981,400,58.119,36,82,11,0,0,1,0.03,0.004,200000
2982,400,74.147,43,109,8,0,0,1,0.03,0.004,200000
2983,253,30.965,23,77,4,1,0,0,0.03,0.004,200000
2984,400,7.966,7,18,8,0,0,1,0.03,0.004,200000
2985,400,8.112,9,25,51,0,0,1,0.03,0.004,200000
2986,400,46.879,32,78,36,0,0,1,0.03,0.004,200000
2987,216,36.621,28,69,3,1,0,0,0.03,0.004,200000
2988,155,18.297,14,57,0,1,0,0,0.03,0.004,200000
2989,400,52.201,32,81,5,0,0,1,0.03,0.004,200000
2990,400,20.737,12,42,35,0,0,1,0.03,0.004,200000
2991,44,-17.6,0,3,31,1,0,0,0.03,0.004,200000
2992,42,-4.415,2,15,2,1,0,0,0.03,0.004,200000
2993,400,6.96,7,30,69,0,0,1,0.03,0.004,200000
2994,198,27.051,22,64,7,1,0,0,0.03,0.004,200000
2995,103,4.027,5,37,1,1,0,0,0.03,0.004,200000
2996,228,16.188,16,48,6,1,0,0,0.03,0.004,200000
2997,400,77.146,46,121,11,0,0,1,0.03,0.004,200000
2998,400,67.204,40,99,3,0,0,1,0.03,0.004,200000
2999,37,-3.733,3,12,0,1,0,0,0.03,0.004,200000
3000,165,20.308,17,61,1,1,0,0,0.03,0.004,200000
