episode,steps,total_reward,coins,crates,invalid,killed_self,killed_opponents,survived,epsilon,alpha,buffer
1,10,-13.568,0,3,5,1,0,0,1.0,0.02,10
2,19,-14.233,0,3,11,1,0,0,0.999,0.02,29
3,6,-12.837,0,3,3,1,0,0,0.999,0.02,35
4,9,-12.601,0,2,4,1,0,0,0.998,0.02,44
5,6,-12.968,0,2,3,1,0,0,0.997,0.02,50
6,5,-13.1,0,4,3,1,0,0,0.997,0.0199,55
7,12,-13.986,0,4,6,1,0,0,0.996,0.0199,67
8,7,-12.952,0,3,4,1,0,0,0.995,0.0199,74
9,22,-13.956,0,2,10,1,0,0,0.995,0.0199,96
10,7,-13.203,0,1,4,1,0,0,0.994,0.0199,103
11,9,-13.512,0,1,7,1,0,0,0.994,0.0199,112
12,7,-12.295,0,2,2,1,0,0,0.993,0.0199,119
13,18,-13.566,0,3,7,1,0,0,0.992,0.0199,137
14,5,-13.114,0,4,2,1,0,0,0.992,0.0199,142
15,19,-14.379,0,4,9,1,0,0,0.991,0.0199,161
16,7,-12.423,0,3,4,1,0,0,0.99,0.0198,168
17,10,-14.067,0,2,6,1,0,0,0.99,0.0198,178
18,8,-13.086,0,2,4,1,0,0,0.989,0.0198,186
19,6,-13.379,0,3,3,1,0,0,0.988,0.0198,192
20,6,-13.016,0,2,3,1,0,0,0.988,0.0198,198
21,8,-12.816,0,5,4,1,0,0,0.987,0.0198,206
22,9,-13.183,0,3,6,1,0,0,0.986,0.0198,215
23,8,-13.216,0,2,5,1,0,0,0.986,0.0198,223
24,10,-13.845,0,4,5,1,0,0,0.985,0.0198,233
25,19,-14.386,0,4,9,1,0,0,0.984,0.0197,252
26,16,-13.744,0,1,7,1,0,0,0.984,0.0197,268
27,5,-13.602,0,3,3,1,0,0,0.983,0.0197,273
28,21,-13.988,0,4,13,1,0,0,0.983,0.0197,294
29,5,-13.502,0,4,3,1,0,0,0.982,0.0197,299
30,13,-12.879,0,5,5,1,0,0,0.981,0.0197,312
31,10,-13.445,0,2,7,1,0,0,0.981,0.0197,322
32,13,-13.442,0,3,8,1,0,0,0.98,0.0197,335
33,8,-13.896,0,2,4,1,0,0,0.979,0.0197,343
34,19,-13.484,0,4,9,1,0,0,0.979,0.0196,362
35,5,-13.022,0,4,2,1,0,0,0.978,0.0196,367
36,5,-13.972,0,1,4,1,0,0,0.977,0.0196,372
37,12,-13.571,0,1,6,1,0,0,0.977,0.0196,384
38,7,-13.193,0,4,3,1,0,0,0.976,0.0196,391
39,9,-13.252,0,2,5,1,0,0,0.975,0.0196,400
40,6,-13.135,0,1,4,1,0,0,0.975,0.0196,406
41,11,-12.874,0,1,5,1,0,0,0.974,0.0196,417
42,22,-14.647,0,4,11,1,0,0,0.973,0.0196,439
43,10,-13.327,0,2,6,1,0,0,0.973,0.0196,449
44,5,-13.171,0,3,2,1,0,0,0.972,0.0195,454
45,10,-13.428,0,3,8,1,0,0,0.972,0.0195,464
46,7,-13.479,0,3,5,1,0,0,0.971,0.0195,471
47,16,-13.523,0,4,9,1,0,0,0.97,0.0195,487
48,6,-12.838,0,3,3,1,0,0,0.97,0.0195,493
49,9,-13.502,0,2,4,1,0,0,0.969,0.0195,502
50,5,-12.774,0,3,3,1,0,0,0.968,0.0195,507
51,17,-13.22,0,2,9,1,0,0,0.968,0.0195,524
52,7,-12.527,0,2,3,1,0,0,0.967,0.0195,531
53,29,-12.772,1,10,16,1,0,0,0.966,0.0194,560
54,7,-13.179,0,1,4,1,0,0,0.966,0.0194,567
55,8,-13.164,0,1,4,1,0,0,0.965,0.0194,575
56,7,-13.573,0,2,4,1,0,0,0.964,0.0194,582
57,19,-12.562,0,4,5,1,0,0,0.964,0.0194,601
58,25,-14.277,0,5,13,1,0,0,0.963,0.0194,626
59,8,-13.247,0,2,6,1,0,0,0.962,0.0194,634
60,10,-13.297,0,2,6,1,0,0,0.962,0.0194,644
61,21,-13.383,0,6,10,1,0,0,0.961,0.0194,665
62,6,-13.566,0,4,4,1,0,0,0.961,0.0193,671
63,21,-10.135,0,2,6,1,0,0,0.96,0.0193,692
64,20,-14.087,0,3,13,1,0,0,0.959,0.0193,712
65,9,-13.23,0,3,6,1,0,0,0.959,0.0193,721
66,8,-13.018,0,3,4,1,0,0,0.958,0.0193,729
67,5,-13.252,0,3,3,1,0,0,0.957,0.0193,734
68,12,-13.974,0,4,7,1,0,0,0.957,0.0193,746
69,15,-14.059,0,2,8,1,0,0,0.956,0.0193,761
70,5,-13.374,0,1,2,1,0,0,0.955,0.0193,766
71,13,-13.711,0,2,9,1,0,0,0.955,0.0193,779
72,5,-13.09,0,3,1,1,0,0,0.954,0.0192,784
73,5,-13.372,0,2,3,1,0,0,0.953,0.0192,789
74,12,-12.772,0,3,7,1,0,0,0.953,0.0192,801
75,6,-13.165,0,4,4,1,0,0,0.952,0.0192,807
76,5,-13.245,0,2,2,1,0,0,0.952,0.0192,812
77,8,-12.39,0,2,3,1,0,0,0.951,0.0192,820
78,13,-13.381,0,3,7,1,0,0,0.95,0.0192,833
79,8,-13.047,0,3,5,1,0,0,0.95,0.0192,841
80,14,-13.286,0,3,5,1,0,0,0.949,0.0192,855
81,10,-13.576,0,3,4,1,0,0,0.948,0.0191,865
82,13,-10.138,0,2,5,1,0,0,0.948,0.0191,878
83,17,-13.243,0,2,10,1,0,0,0.947,0.0191,895
84,5,-13.272,0,2,2,1,0,0,0.946,0.0191,900
85,6,-13.168,0,1,4,1,0,0,0.946,0.0191,906
86,6,-13.459,0,2,4,1,0,0,0.945,0.0191,912
87,12,-13.386,0,2,5,1,0,0,0.944,0.0191,924
88,20,-14.79,0,4,11,1,0,0,0.944,0.0191,944
89,5,-13.472,0,3,2,1,0,0,0.943,0.0191,949
90,26,-13.641,0,2,12,1,0,0,0.942,0.0191,975
91,5,-13.165,0,3,2,1,0,0,0.942,0.019,980
92,7,-13.73,0,4,5,1,0,0,0.941,0.019,987
93,9,-13.578,0,3,6,1,0,0,0.941,0.019,996
94,11,-13.302,0,3,6,1,0,0,0.94,0.019,1007
95,14,-13.674,0,4,6,1,0,0,0.939,0.019,1021
96,15,-14.49,0,1,7,1,0,0,0.939,0.019,1036
97,10,-14.146,0,2,6,1,0,0,0.938,0.019,1046
98,6,-13.234,0,3,3,1,0,0,0.937,0.019,1052
99,6,-13.716,0,3,4,1,0,0,0.937,0.019,1058
100,14,-13.735,0,2,9,1,0,0,0.936,0.0189,1072
101,5,-13.594,0,3,3,1,0,0,0.935,0.0189,1077
102,10,-13.387,0,4,4,1,0,0,0.935,0.0189,1087
103,9,-12.655,0,3,5,1,0,0,0.934,0.0189,1096
104,16,-13.771,0,2,5,1,0,0,0.933,0.0189,1112
105,7,-13.03,0,2,4,1,0,0,0.933,0.0189,1119
106,15,-12.895,0,5,7,1,0,0,0.932,0.0189,1134
107,30,-14.771,0,4,16,1,0,0,0.931,0.0189,1164
108,8,-13.296,0,4,4,1,0,0,0.931,0.0189,1172
109,5,-13.694,0,3,3,1,0,0,0.93,0.0188,1177
110,12,-13.194,0,2,4,1,0,0,0.93,0.0188,1189
111,7,-14.103,0,1,5,1,0,0,0.929,0.0188,1196
112,23,-13.64,0,5,9,1,0,0,0.928,0.0188,1219
113,5,-13.202,0,4,3,1,0,0,0.928,0.0188,1224
114,12,-13.14,0,4,6,1,0,0,0.927,0.0188,1236
115,7,-12.407,0,3,4,1,0,0,0.926,0.0188,1243
116,23,-14.293,0,3,9,1,0,0,0.926,0.0188,1266
117,22,-13.69,1,1,11,1,0,0,0.925,0.0188,1288
118,9,-12.505,0,2,3,1,0,0,0.924,0.0188,1297
119,12,-12.742,0,3,6,1,0,0,0.924,0.0187,1309
120,10,-13.217,0,3,5,1,0,0,0.923,0.0187,1319
121,8,-13.554,0,4,3,1,0,0,0.922,0.0187,1327
122,5,-13.274,0,4,4,1,0,0,0.922,0.0187,1332
123,10,-13.666,0,3,6,1,0,0,0.921,0.0187,1342
124,54,-13.278,1,9,16,1,0,0,0.92,0.0187,1396
125,7,-12.822,0,3,3,1,0,0,0.92,0.0187,1403
126,21,-13.892,0,3,11,1,0,0,0.919,0.0187,1424
127,13,-13.19,0,3,5,1,0,0,0.919,0.0187,1437
128,29,-14.183,0,3,15,1,0,0,0.918,0.0186,1466
129,7,-12.427,0,2,3,1,0,0,0.917,0.0186,1473
130,6,-14.089,0,3,4,1,0,0,0.917,0.0186,1479
131,7,-13.55,0,4,4,1,0,0,0.916,0.0186,1486
132,9,-13.401,0,1,6,1,0,0,0.915,0.0186,1495
133,22,-14.052,0,2,11,1,0,0,0.915,0.0186,1517
134,17,-13.063,0,5,9,1,0,0,0.914,0.0186,1534
135,6,-13.385,0,2,3,1,0,0,0.913,0.0186,1540
136,20,-13.648,0,2,8,1,0,0,0.913,0.0186,1560
137,5,-13.721,0,4,2,1,0,0,0.912,0.0185,1565
138,7,-12.457,0,3,4,1,0,0,0.911,0.0185,1572
139,18,-14.321,0,3,7,1,0,0,0.911,0.0185,1590
140,7,-13.53,0,3,5,1,0,0,0.91,0.0185,1597
141,5,-13.624,0,3,3,1,0,0,0.909,0.0185,1602
142,31,-14.108,0,8,14,1,0,0,0.909,0.0185,1633
143,6,-12.808,0,2,1,1,0,0,0.908,0.0185,1639
144,9,-12.675,0,3,2,1,0,0,0.908,0.0185,1648
145,25,-15.331,0,4,13,1,0,0,0.907,0.0185,1673
146,39,-14.418,0,7,17,1,0,0,0.906,0.0185,1712
147,17,-13.707,0,4,6,1,0,0,0.906,0.0184,1729
148,7,-11.914,0,1,2,1,0,0,0.905,0.0184,1736
149,15,-12.992,0,2,7,1,0,0,0.904,0.0184,1751
150,7,-13.053,0,2,4,1,0,0,0.904,0.0184,1758
151,5,-13.152,0,4,3,1,0,0,0.903,0.0184,1763
152,22,-13.547,0,3,7,1,0,0,0.902,0.0184,1785
153,14,-13.675,0,4,7,1,0,0,0.902,0.0184,1799
154,10,-13.867,0,3,5,1,0,0,0.901,0.0184,1809
155,18,-13.918,0,2,10,1,0,0,0.9,0.0184,1827
156,5,-13.302,0,3,3,1,0,0,0.9,0.0183,1832
157,7,-13.693,0,3,3,1,0,0,0.899,0.0183,1839
158,5,-13.07,0,4,2,1,0,0,0.898,0.0183,1844
159,13,-14.05,0,3,5,1,0,0,0.898,0.0183,1857
160,5,-13.244,0,4,3,1,0,0,0.897,0.0183,1862
161,5,-12.994,0,4,2,1,0,0,0.897,0.0183,1867
162,19,-13.977,0,3,12,1,0,0,0.896,0.0183,1886
163,6,-12.51,0,1,2,1,0,0,0.895,0.0183,1892
164,9,-13.002,0,3,4,1,0,0,0.895,0.0183,1901
165,23,-13.7,0,3,10,1,0,0,0.894,0.0183,1924
166,11,-12.555,0,3,4,1,0,0,0.893,0.0182,1935
167,11,-13.125,0,2,5,1,0,0,0.893,0.0182,1946
168,6,-12.938,0,2,3,1,0,0,0.892,0.0182,1952
169,9,-13.461,0,2,7,1,0,0,0.891,0.0182,1961
170,6,-13.609,0,3,3,1,0,0,0.891,0.0182,1967
171,64,-16.455,1,5,35,1,0,0,0.89,0.0182,2031
172,23,-12.364,0,4,7,1,0,0,0.889,0.0182,2054
173,5,-13.901,0,4,3,1,0,0,0.889,0.0182,2059
174,8,-12.938,0,3,4,1,0,0,0.888,0.0182,2067
175,8,-13.565,0,3,5,1,0,0,0.887,0.0181,2075
176,6,-13.215,0,4,4,1,0,0,0.887,0.0181,2081
177,5,-13.124,0,4,3,1,0,0,0.886,0.0181,2086
178,33,-14.498,0,3,14,1,0,0,0.886,0.0181,2119
179,6,-13.765,0,3,4,1,0,0,0.885,0.0181,2125
180,12,-13.623,0,3,3,1,0,0,0.884,0.0181,2137
181,6,-13.314,0,4,4,1,0,0,0.884,0.0181,2143
182,6,-13.509,0,4,3,1,0,0,0.883,0.0181,2149
183,30,-14.495,0,3,15,1,0,0,0.882,0.0181,2179
184,30,-15.579,0,2,17,1,0,0,0.882,0.018,2209
185,5,-12.318,0,2,2,1,0,0,0.881,0.018,2214
186,18,-14.057,0,4,9,1,0,0,0.88,0.018,2232
187,11,-13.707,0,4,3,1,0,0,0.88,0.018,2243
188,14,-11.933,0,3,2,1,0,0,0.879,0.018,2257
189,12,-13.338,0,3,6,1,0,0,0.878,0.018,2269
190,9,-13.257,0,1,4,1,0,0,0.878,0.018,2278
191,14,-12.778,0,4,8,1,0,0,0.877,0.018,2292
192,7,-9.765,0,3,2,1,0,0,0.876,0.018,2299
193,9,-13.23,0,4,4,1,0,0,0.876,0.018,2308
194,14,-13.342,0,4,6,1,0,0,0.875,0.0179,2322
195,5,-13.521,0,3,2,1,0,0,0.875,0.0179,2327
196,13,-13.19,0,3,6,1,0,0,0.874,0.0179,2340
197,5,-13.122,0,4,2,1,0,0,0.873,0.0179,2345
198,9,-12.58,0,2,4,1,0,0,0.873,0.0179,2354
199,17,-14.208,0,3,7,1,0,0,0.872,0.0179,2371
200,16,-13.13,0,3,6,1,0,0,0.871,0.0179,2387
201,11,-12.554,0,3,4,1,0,0,0.871,0.0179,2398
202,7,-13.132,0,2,5,1,0,0,0.87,0.0179,2405
203,27,-14.232,0,3,18,1,0,0,0.869,0.0178,2432
204,12,-13.247,0,3,6,1,0,0,0.869,0.0178,2444
205,9,-12.407,0,4,5,1,0,0,0.868,0.0178,2453
206,5,-13.852,0,4,3,1,0,0,0.867,0.0178,2458
207,5,-13.072,0,4,2,1,0,0,0.867,0.0178,2463
208,10,-12.309,0,3,2,1,0,0,0.866,0.0178,2473
209,12,-13.176,0,3,5,1,0,0,0.865,0.0178,2485
210,14,-13.632,0,3,6,1,0,0,0.865,0.0178,2499
211,52,-16.689,0,4,26,1,0,0,0.864,0.0178,2551
212,10,-13.136,0,3,5,1,0,0,0.864,0.0177,2561
213,7,-13.133,0,2,5,1,0,0,0.863,0.0177,2568
214,12,-13.353,0,4,9,1,0,0,0.862,0.0177,2580
215,5,-13.55,0,3,3,1,0,0,0.862,0.0177,2585
216,13,-13.098,0,1,7,1,0,0,0.861,0.0177,2598
217,5,-13.27,0,2,2,1,0,0,0.86,0.0177,2603
218,20,-13.278,0,2,9,1,0,0,0.86,0.0177,2623
219,16,-13.565,0,2,9,1,0,0,0.859,0.0177,2639
220,5,-13.171,0,3,2,1,0,0,0.858,0.0177,2644
221,10,-14.038,0,2,5,1,0,0,0.858,0.0177,2654
222,21,-13.698,0,3,8,1,0,0,0.857,0.0176,2675
223,6,-12.402,0,2,2,1,0,0,0.856,0.0176,2681
224,6,-13.486,0,4,3,1,0,0,0.856,0.0176,2687
225,8,-13.038,0,3,4,1,0,0,0.855,0.0176,2695
226,40,-15.414,0,5,17,1,0,0,0.855,0.0176,2735
227,10,-12.766,0,2,6,1,0,0,0.854,0.0176,2745
228,12,-12.416,0,3,3,1,0,0,0.853,0.0176,2757
229,14,-13.277,0,2,10,1,0,0,0.853,0.0176,2771
230,9,-13.28,0,4,4,1,0,0,0.852,0.0176,2780
231,6,-12.39,0,2,3,1,0,0,0.851,0.0175,2786
232,17,-10.825,0,2,8,1,0,0,0.851,0.0175,2803
233,20,-14.309,0,2,10,1,0,0,0.85,0.0175,2823
234,18,-13.021,0,2,7,1,0,0,0.849,0.0175,2841
235,9,-11.733,0,4,3,1,0,0,0.849,0.0175,2850
236,7,-14.303,0,2,5,1,0,0,0.848,0.0175,2857
237,34,-14.268,0,3,15,1,0,0,0.847,0.0175,2891
238,23,-13.949,0,3,10,1,0,0,0.847,0.0175,2914
239,10,-13.034,0,4,1,1,0,0,0.846,0.0175,2924
240,5,-13.522,0,3,2,1,0,0,0.845,0.0175,2929
241,7,-12.832,0,3,4,1,0,0,0.845,0.0174,2936
242,11,-12.88,0,1,6,1,0,0,0.844,0.0174,2947
243,8,-9.698,0,1,1,1,0,0,0.844,0.0174,2955
244,6,-13.104,0,4,2,1,0,0,0.843,0.0174,2961
245,29,-11.475,2,7,12,1,0,0,0.842,0.0174,2990
246,14,-9.79,0,3,7,1,0,0,0.842,0.0174,3004
247,21,-13.283,0,2,8,1,0,0,0.841,0.0174,3025
248,13,-13.96,0,3,5,1,0,0,0.84,0.0174,3038
249,5,-13.122,0,4,2,1,0,0,0.84,0.0174,3043
250,5,-12.064,0,3,1,1,0,0,0.839,0.0173,3048
251,27,-12.394,0,7,7,1,0,0,0.838,0.0173,3075
252,11,-13.427,0,4,5,1,0,0,0.838,0.0173,3086
253,22,-13.517,0,2,6,1,0,0,0.837,0.0173,3108
254,21,-13.474,0,3,10,1,0,0,0.836,0.0173,3129
255,5,-12.94,0,4,1,1,0,0,0.836,0.0173,3134
256,16,-12.702,0,5,8,1,0,0,0.835,0.0173,3150
257,7,-9.706,0,1,1,1,0,0,0.834,0.0173,3157
258,24,-13.35,0,7,13,1,0,0,0.834,0.0173,3181
259,17,-13.421,0,2,11,1,0,0,0.833,0.0172,3198
260,10,-13.365,0,2,6,1,0,0,0.833,0.0172,3208
261,10,-13.824,0,4,6,1,0,0,0.832,0.0172,3218
262,13,-13.59,0,2,8,1,0,0,0.831,0.0172,3231
263,41,-14.239,0,8,20,1,0,0,0.831,0.0172,3272
264,19,-14.281,0,2,15,1,0,0,0.83,0.0172,3291
265,11,-13.101,0,3,4,1,0,0,0.829,0.0172,3302
266,12,-12.791,0,3,6,1,0,0,0.829,0.0172,3314
267,16,-9.919,0,2,2,1,0,0,0.828,0.0172,3330
268,34,-14.248,0,4,14,1,0,0,0.827,0.0172,3364
269,7,-13.55,0,4,4,1,0,0,0.827,0.0171,3371
270,8,-12.667,0,2,5,1,0,0,0.826,0.0171,3379
271,34,-14.35,0,4,20,1,0,0,0.825,0.0171,3413
272,7,-12.457,0,6,3,1,0,0,0.825,0.0171,3420
273,22,-14.066,0,3,11,1,0,0,0.824,0.0171,3442
274,7,-13.619,0,4,3,1,0,0,0.823,0.0171,3449
275,12,-13.715,0,2,5,1,0,0,0.823,0.0171,3461
276,18,-13.372,0,3,9,1,0,0,0.822,0.0171,3479
277,44,-15.339,0,3,20,1,0,0,0.822,0.0171,3523
278,5,-13.645,0,2,2,1,0,0,0.821,0.017,3528
279,5,-13.602,0,3,3,1,0,0,0.82,0.017,3533
280,22,-13.296,0,6,12,1,0,0,0.82,0.017,3555
281,6,-13.786,0,4,3,1,0,0,0.819,0.017,3561
282,5,-13.102,0,4,3,1,0,0,0.818,0.017,3566
283,11,-12.853,0,1,4,1,0,0,0.818,0.017,3577
284,16,-13.146,0,5,8,1,0,0,0.817,0.017,3593
285,31,-11.991,0,10,9,1,0,0,0.816,0.017,3624
286,14,-13.605,0,2,8,1,0,0,0.816,0.017,3638
287,5,-13.575,0,3,3,1,0,0,0.815,0.0169,3643
288,9,-12.851,0,3,2,1,0,0,0.814,0.0169,3652
289,15,-12.533,0,6,8,1,0,0,0.814,0.0169,3667
290,8,-12.31,0,3,3,1,0,0,0.813,0.0169,3675
291,8,-13.037,0,3,4,1,0,0,0.812,0.0169,3683
292,5,-13.595,0,3,3,1,0,0,0.812,0.0169,3688
293,5,-12.94,0,4,1,1,0,0,0.811,0.0169,3693
294,22,-14.226,0,3,10,1,0,0,0.811,0.0169,3715
295,8,-12.331,0,3,2,1,0,0,0.81,0.0169,3723
296,19,-13.302,0,3,7,1,0,0,0.809,0.0169,3742
297,9,-13.38,0,3,4,1,0,0,0.809,0.0168,3751
298,21,-12.277,0,7,11,1,0,0,0.808,0.0168,3772
299,33,-10.937,0,3,11,1,0,0,0.807,0.0168,3805
300,8,-11.563,0,3,1,1,0,0,0.807,0.0168,3813
301,14,-13.02,0,3,8,1,0,0,0.806,0.0168,3827
302,16,-13.555,0,3,8,1,0,0,0.805,0.0168,3843
303,7,-14.1,0,3,4,1,0,0,0.805,0.0168,3850
304,21,-13.604,0,5,11,1,0,0,0.804,0.0168,3871
305,10,-13.315,0,1,4,1,0,0,0.803,0.0168,3881
306,7,-13.033,0,3,5,1,0,0,0.803,0.0167,3888
307,6,-13.189,0,1,4,1,0,0,0.802,0.0167,3894
308,7,-12.296,0,3,2,1,0,0,0.801,0.0167,3901
309,24,-11.224,0,1,11,1,0,0,0.801,0.0167,3925
310,27,-12.713,1,3,9,1,0,0,0.8,0.0167,3952
311,14,-13.36,0,2,5,1,0,0,0.8,0.0167,3966
312,40,-12.184,1,9,17,1,0,0,0.799,0.0167,4006
313,11,-12.555,0,3,4,1,0,0,0.798,0.0167,4017
314,32,-14.678,0,2,16,1,0,0,0.798,0.0167,4049
315,8,-13.136,0,4,2,1,0,0,0.797,0.0167,4057
316,22,-13.338,0,3,10,1,0,0,0.796,0.0166,4079
317,7,-13.87,0,4,3,1,0,0,0.796,0.0166,4086
318,12,-13.051,0,2,8,1,0,0,0.795,0.0166,4098
319,5,-12.891,0,4,1,1,0,0,0.794,0.0166,4103
320,9,-13.449,0,3,5,1,0,0,0.794,0.0166,4112
321,15,-13.93,0,4,5,1,0,0,0.793,0.0166,4127
322,6,-12.867,0,3,3,1,0,0,0.792,0.0166,4133
323,5,-13.075,0,3,1,1,0,0,0.792,0.0166,4138
324,30,-13.296,0,5,12,1,0,0,0.791,0.0166,4168
325,20,-13.107,0,2,6,1,0,0,0.79,0.0165,4188
326,10,-13.396,0,3,7,1,0,0,0.79,0.0165,4198
327,5,-13.294,0,2,2,1,0,0,0.789,0.0165,4203
328,13,-13.51,0,4,5,1,0,0,0.789,0.0165,4216
329,8,-12.064,0,4,2,1,0,0,0.788,0.0165,4224
330,8,-12.362,0,3,3,1,0,0,0.787,0.0165,4232
331,5,-13.501,0,4,3,1,0,0,0.787,0.0165,4237
332,39,-13.958,0,7,15,1,0,0,0.786,0.0165,4276
333,8,-12.615,0,2,5,1,0,0,0.785,0.0165,4284
334,25,-13.521,0,3,11,1,0,0,0.785,0.0164,4309
335,10,-12.59,0,2,3,1,0,0,0.784,0.0164,4319
336,5,-14.225,0,2,4,1,0,0,0.783,0.0164,4324
337,5,-13.201,0,4,3,1,0,0,0.783,0.0164,4329
338,46,-16.722,0,4,28,1,0,0,0.782,0.0164,4375
339,10,-13.175,0,3,6,1,0,0,0.781,0.0164,4385
340,7,-12.327,0,3,3,1,0,0,0.781,0.0164,4392
341,5,-12.825,0,3,3,1,0,0,0.78,0.0164,4397
342,5,-13.102,0,4,3,1,0,0,0.779,0.0164,4402
343,21,-15.147,0,3,12,1,0,0,0.779,0.0164,4423
344,20,-13.611,0,4,6,1,0,0,0.778,0.0163,4443
345,5,-13.952,0,3,3,1,0,0,0.778,0.0163,4448
346,23,-14.02,0,3,12,1,0,0,0.777,0.0163,4471
347,19,-12.819,0,4,6,1,0,0,0.776,0.0163,4490
348,17,-12.349,0,3,5,1,0,0,0.776,0.0163,4507
349,7,-12.822,0,3,3,1,0,0,0.775,0.0163,4514
350,11,-12.756,0,3,6,1,0,0,0.774,0.0163,4525
351,10,-12.78,0,2,5,1,0,0,0.774,0.0163,4535
352,9,-14.21,0,3,5,1,0,0,0.773,0.0163,4544
353,9,-9.841,0,2,3,1,0,0,0.772,0.0162,4553
354,13,-13.547,0,4,5,1,0,0,0.772,0.0162,4566
355,26,-12.108,0,8,10,1,0,0,0.771,0.0162,4592
356,23,-13.436,0,3,11,1,0,0,0.77,0.0162,4615
357,25,-14.926,0,2,15,1,0,0,0.77,0.0162,4640
358,7,-12.246,0,3,2,1,0,0,0.769,0.0162,4647
359,19,-13.063,0,3,8,1,0,0,0.768,0.0162,4666
360,8,-12.493,0,2,5,1,0,0,0.768,0.0162,4674
361,13,-13.261,0,3,6,1,0,0,0.767,0.0162,4687
362,6,-13.485,0,4,3,1,0,0,0.767,0.0161,4693
363,10,-12.021,0,2,4,1,0,0,0.766,0.0161,4703
364,32,-14.286,0,4,22,1,0,0,0.765,0.0161,4735
365,12,-13.346,0,3,8,1,0,0,0.765,0.0161,4747
366,20,-14.248,0,3,10,1,0,0,0.764,0.0161,4767
367,5,-13.322,0,2,2,1,0,0,0.763,0.0161,4772
368,9,-13.152,0,2,5,1,0,0,0.763,0.0161,4781
369,20,-13.216,0,3,9,1,0,0,0.762,0.0161,4801
370,5,-13.244,0,1,2,1,0,0,0.761,0.0161,4806
371,7,-12.922,0,3,3,1,0,0,0.761,0.0161,4813
372,31,-12.898,0,8,16,1,0,0,0.76,0.016,4844
373,15,-13.839,0,1,9,1,0,0,0.759,0.016,4859
374,45,-14.907,0,7,26,1,0,0,0.759,0.016,4904
375,17,-13.612,0,3,9,1,0,0,0.758,0.016,4921
376,10,-12.771,0,2,6,1,0,0,0.758,0.016,4931
377,15,-13.523,0,3,7,1,0,0,0.757,0.016,4946
378,21,-13.174,0,4,11,1,0,0,0.756,0.016,4967
379,7,-12.506,0,2,4,1,0,0,0.756,0.016,4974
380,19,-13.121,0,3,8,1,0,0,0.755,0.016,4993
381,5,-11.744,0,2,1,1,0,0,0.754,0.0159,4998
382,22,-14.064,0,3,13,1,0,0,0.754,0.0159,5020
383,9,-12.946,0,2,3,1,0,0,0.753,0.0159,5029
384,21,-14.28,0,3,15,1,0,0,0.752,0.0159,5050
385,12,-13.608,0,3,10,1,0,0,0.752,0.0159,5062
386,6,-12.56,0,3,2,1,0,0,0.751,0.0159,5068
387,8,-12.441,0,3,4,1,0,0,0.75,0.0159,5076
388,15,-14.377,0,3,5,1,0,0,0.75,0.0159,5091
389,16,-13.417,0,3,6,1,0,0,0.749,0.0159,5107
390,8,-13.034,0,2,3,1,0,0,0.748,0.0159,5115
391,21,-12.481,0,6,10,1,0,0,0.748,0.0158,5136
392,14,-13.419,0,2,7,1,0,0,0.747,0.0158,5150
393,10,-12.999,0,2,5,1,0,0,0.747,0.0158,5160
394,5,-13.852,0,4,3,1,0,0,0.746,0.0158,5165
395,31,-15.334,0,2,18,1,0,0,0.745,0.0158,5196
396,70,-17.355,0,6,36,1,0,0,0.745,0.0158,5266
397,7,-13.091,0,3,0,1,0,0,0.744,0.0158,5273
398,6,-13.866,0,2,4,1,0,0,0.743,0.0158,5279
399,5,-11.52,0,3,1,1,0,0,0.743,0.0158,5284
400,9,-12.556,0,3,5,1,0,0,0.742,0.0157,5293
401,13,-12.825,0,3,6,1,0,0,0.741,0.0157,5306
402,12,-10.476,0,3,6,1,0,0,0.741,0.0157,5318
403,6,-12.681,0,1,3,1,0,0,0.74,0.0157,5324
404,14,-13.575,0,3,8,1,0,0,0.739,0.0157,5338
405,6,-12.511,0,1,2,1,0,0,0.739,0.0157,5344
406,8,-13.864,0,3,5,1,0,0,0.738,0.0157,5352
407,5,-13.522,0,3,2,1,0,0,0.737,0.0157,5357
408,9,-12.951,0,3,3,1,0,0,0.737,0.0157,5366
409,20,-14.164,0,3,14,1,0,0,0.736,0.0156,5386
410,30,-13.618,0,4,11,1,0,0,0.736,0.0156,5416
411,5,-13.65,0,2,3,1,0,0,0.735,0.0156,5421
412,7,-9.611,0,3,1,1,0,0,0.734,0.0156,5428
413,7,-13.763,0,2,2,1,0,0,0.734,0.0156,5435
414,12,-13.515,0,4,5,1,0,0,0.733,0.0156,5447
415,14,-14.166,0,3,6,1,0,0,0.732,0.0156,5461
416,21,-13.605,0,3,9,1,0,0,0.732,0.0156,5482
417,5,-13.064,0,1,2,1,0,0,0.731,0.0156,5487
418,30,-14.076,0,5,11,1,0,0,0.73,0.0156,5517
419,6,-12.282,0,2,1,1,0,0,0.73,0.0155,5523
420,5,-13.302,0,2,3,1,0,0,0.729,0.0155,5528
421,11,-13.328,0,3,3,1,0,0,0.728,0.0155,5539
422,13,-12.693,0,3,6,1,0,0,0.728,0.0155,5552
423,5,-13.451,0,4,3,1,0,0,0.727,0.0155,5557
424,9,-12.394,0,3,3,1,0,0,0.726,0.0155,5566
425,9,-13.332,0,2,6,1,0,0,0.726,0.0155,5575
426,14,-13.867,0,3,7,1,0,0,0.725,0.0155,5589
427,76,-16.358,0,7,33,1,0,0,0.725,0.0155,5665
428,9,-13.1,0,3,5,1,0,0,0.724,0.0154,5674
429,11,-12.432,0,5,6,1,0,0,0.723,0.0154,5685
430,19,-13.031,0,3,7,1,0,0,0.723,0.0154,5704
431,32,-14.894,0,1,22,1,0,0,0.722,0.0154,5736
432,5,-13.47,0,3,2,1,0,0,0.721,0.0154,5741
433,18,-14.355,0,4,9,1,0,0,0.721,0.0154,5759
434,36,-15.971,0,3,23,1,0,0,0.72,0.0154,5795
435,27,-14.219,0,6,18,1,0,0,0.719,0.0154,5822
436,5,-14.102,0,2,3,1,0,0,0.719,0.0154,5827
437,18,-13.668,0,3,9,1,0,0,0.718,0.0153,5845
438,20,-13.685,0,4,11,1,0,0,0.717,0.0153,5865
439,12,-12.63,0,3,4,1,0,0,0.717,0.0153,5877
440,10,-13.266,0,4,4,1,0,0,0.716,0.0153,5887
441,6,-12.918,0,3,4,1,0,0,0.715,0.0153,5893
442,11,-10.725,0,2,6,1,0,0,0.715,0.0153,5904
443,17,-13.51,0,2,7,1,0,0,0.714,0.0153,5921
444,44,-12.534,2,8,22,1,0,0,0.714,0.0153,5965
445,18,-9.683,0,3,4,1,0,0,0.713,0.0153,5983
446,35,-13.558,1,9,22,1,0,0,0.712,0.0153,6018
447,19,-13.166,0,2,7,1,0,0,0.712,0.0152,6037
448,28,-14.429,0,5,14,1,0,0,0.711,0.0152,6065
449,9,-13.409,0,4,5,1,0,0,0.71,0.0152,6074
450,18,-13.424,0,2,10,1,0,0,0.71,0.0152,6092
451,17,-13.165,0,3,9,1,0,0,0.709,0.0152,6109
452,12,-13.314,0,2,5,1,0,0,0.708,0.0152,6121
453,13,-13.299,0,4,3,1,0,0,0.708,0.0152,6134
454,18,-10.285,0,2,8,1,0,0,0.707,0.0152,6152
455,25,-13.473,0,2,10,1,0,0,0.706,0.0152,6177
456,40,-12.814,1,10,22,1,0,0,0.706,0.0151,6217
457,23,-14.056,0,1,9,1,0,0,0.705,0.0151,6240
458,6,-12.759,0,0,2,1,0,0,0.704,0.0151,6246
459,13,-13.235,0,1,8,1,0,0,0.704,0.0151,6259
460,5,-13.4,0,4,3,1,0,0,0.703,0.0151,6264
461,53,-15.334,0,6,23,1,0,0,0.703,0.0151,6317
462,45,-15.996,0,3,28,1,0,0,0.702,0.0151,6362
463,43,-14.256,0,6,22,1,0,0,0.701,0.0151,6405
464,7,-12.326,0,3,3,1,0,0,0.701,0.0151,6412
465,12,-9.713,0,3,3,1,0,0,0.7,0.0151,6424
466,7,-9.519,0,2,1,1,0,0,0.699,0.015,6431
467,32,-15.254,0,4,19,1,0,0,0.699,0.015,6463
468,8,-12.54,0,3,4,1,0,0,0.698,0.015,6471
469,6,-13.037,0,1,3,1,0,0,0.697,0.015,6477
470,31,-9.859,1,6,14,1,0,0,0.697,0.015,6508
471,10,-13.646,0,2,4,1,0,0,0.696,0.015,6518
472,13,-13.43,0,2,6,1,0,0,0.695,0.015,6531
473,5,-13.092,0,3,1,1,0,0,0.695,0.015,6536
474,21,-13.991,0,3,10,1,0,0,0.694,0.015,6557
475,10,-12.72,0,3,6,1,0,0,0.693,0.0149,6567
476,7,-13.131,0,4,3,1,0,0,0.693,0.0149,6574
477,7,-9.067,0,3,1,1,0,0,0.692,0.0149,6581
478,12,-13.033,0,4,4,1,0,0,0.692,0.0149,6593
479,9,-12.515,0,2,2,1,0,0,0.691,0.0149,6602
480,7,-13.729,0,1,5,1,0,0,0.69,0.0149,6609
481,12,-12.783,0,6,5,1,0,0,0.69,0.0149,6621
482,6,-13.279,0,4,3,1,0,0,0.689,0.0149,6627
483,27,-11.09,0,9,7,1,0,0,0.688,0.0149,6654
484,12,-13.884,0,2,6,1,0,0,0.688,0.0148,6666
485,8,-13.117,0,3,5,1,0,0,0.687,0.0148,6674
486,13,-12.504,0,4,4,1,0,0,0.686,0.0148,6687
487,8,-13.239,0,1,4,1,0,0,0.686,0.0148,6695
488,5,-13.021,0,4,2,1,0,0,0.685,0.0148,6700
489,28,-13.412,0,4,12,1,0,0,0.684,0.0148,6728
490,34,-13.105,0,7,18,1,0,0,0.684,0.0148,6762
491,10,-12.521,0,3,4,1,0,0,0.683,0.0148,6772
492,7,-13.743,0,2,2,1,0,0,0.682,0.0148,6779
493,29,-8.973,0,7,8,1,0,0,0.682,0.0148,6808
494,19,-14.31,0,2,15,1,0,0,0.681,0.0147,6827
495,7,-12.296,0,3,2,1,0,0,0.681,0.0147,6834
496,15,-14.136,0,4,7,1,0,0,0.68,0.0147,6849
497,16,-11.901,0,6,6,1,0,0,0.679,0.0147,6865
498,8,-9.574,0,3,2,1,0,0,0.679,0.0147,6873
499,6,-13.018,0,2,4,1,0,0,0.678,0.0147,6879
500,5,-13.221,0,2,2,1,0,0,0.677,0.0147,6884
501,26,-12.513,1,5,12,1,0,0,0.677,0.0147,6910
502,29,-15.265,0,2,16,1,0,0,0.676,0.0147,6939
503,23,-10.304,0,5,10,1,0,0,0.675,0.0146,6962
504,33,-12.273,1,3,17,1,0,0,0.675,0.0146,6995
505,23,-11.396,0,8,3,1,0,0,0.674,0.0146,7018
506,18,-13.28,0,5,6,1,0,0,0.673,0.0146,7036
507,10,-12.642,0,3,5,1,0,0,0.673,0.0146,7046
508,18,-10.294,0,3,6,1,0,0,0.672,0.0146,7064
509,22,-14.588,0,3,13,1,0,0,0.671,0.0146,7086
510,33,-11.82,1,8,14,1,0,0,0.671,0.0146,7119
511,11,-13.8,0,3,8,1,0,0,0.67,0.0146,7130
512,13,-13.639,0,3,10,1,0,0,0.67,0.0145,7143
513,22,-13.4,0,2,9,1,0,0,0.669,0.0145,7165
514,34,-13.557,0,9,12,1,0,0,0.668,0.0145,7199
515,7,-13.102,0,2,4,1,0,0,0.668,0.0145,7206
516,7,-9.377,0,3,0,1,0,0,0.667,0.0145,7213
517,16,-13.724,0,2,8,1,0,0,0.666,0.0145,7229
518,14,-13.472,0,4,9,1,0,0,0.666,0.0145,7243
519,32,-13.568,0,3,8,1,0,0,0.665,0.0145,7275
520,17,-13.115,0,2,7,1,0,0,0.664,0.0145,7292
521,36,-14.892,0,3,18,1,0,0,0.664,0.0145,7328
522,10,-12.662,0,2,4,1,0,0,0.663,0.0144,7338
523,6,-13.304,0,2,2,1,0,0,0.662,0.0144,7344
524,11,-12.653,0,2,4,1,0,0,0.662,0.0144,7355
525,14,-12.678,0,5,7,1,0,0,0.661,0.0144,7369
526,12,-13.469,0,2,7,1,0,0,0.66,0.0144,7381
527,42,-16.376,0,3,25,1,0,0,0.66,0.0144,7423
528,48,-16.244,0,1,25,1,0,0,0.659,0.0144,7471
529,9,-12.755,0,4,4,1,0,0,0.659,0.0144,7480
530,17,-13.286,0,3,10,1,0,0,0.658,0.0144,7497
531,9,-12.606,0,3,5,1,0,0,0.657,0.0143,7506
532,20,-9.597,0,4,6,1,0,0,0.657,0.0143,7526
533,18,-13.135,0,3,7,1,0,0,0.656,0.0143,7544
534,25,-13.325,0,4,10,1,0,0,0.655,0.0143,7569
535,5,-13.852,0,4,3,1,0,0,0.655,0.0143,7574
536,20,-13.817,0,5,10,1,0,0,0.654,0.0143,7594
537,11,-14.008,0,3,6,1,0,0,0.653,0.0143,7605
538,15,-13.1,0,6,7,1,0,0,0.653,0.0143,7620
539,70,-14.846,1,6,27,1,0,0,0.652,0.0143,7690
540,6,-9.447,0,3,0,1,0,0,0.651,0.0143,7696
541,14,-13.684,0,3,5,1,0,0,0.651,0.0142,7710
542,39,-16.064,0,3,21,1,0,0,0.65,0.0142,7749
543,40,-14.902,0,6,25,1,0,0,0.65,0.0142,7789
544,24,-12.871,0,6,10,1,0,0,0.649,0.0142,7813
545,28,-13.213,0,5,9,1,0,0,0.648,0.0142,7841
546,19,-12.942,0,3,6,1,0,0,0.648,0.0142,7860
547,14,-10.503,0,2,6,1,0,0,0.647,0.0142,7874
548,5,-13.774,0,2,3,1,0,0,0.646,0.0142,7879
549,5,-12.999,0,2,3,1,0,0,0.646,0.0142,7884
550,19,-13.587,0,4,8,1,0,0,0.645,0.0141,7903
551,9,-12.379,0,2,3,1,0,0,0.644,0.0141,7912
552,139,-15.353,3,13,43,1,0,0,0.644,0.0141,8051
553,32,-15.266,0,1,18,1,0,0,0.643,0.0141,8083
554,36,-13.589,0,6,19,1,0,0,0.642,0.0141,8119
555,5,-13.502,0,4,3,1,0,0,0.642,0.0141,8124
556,10,-12.72,0,3,6,1,0,0,0.641,0.0141,8134
557,20,-13.226,0,5,9,1,0,0,0.64,0.0141,8154
558,8,-13.138,0,2,4,1,0,0,0.64,0.0141,8162
559,51,-12.501,0,13,16,1,0,0,0.639,0.014,8213
560,19,-13.7,0,3,8,1,0,0,0.639,0.014,8232
561,12,-12.581,0,3,4,1,0,0,0.638,0.014,8244
562,22,-12.24,0,6,9,1,0,0,0.637,0.014,8266
563,48,-14.739,0,6,21,1,0,0,0.637,0.014,8314
564,5,-13.494,0,3,2,1,0,0,0.636,0.014,8319
565,11,-13.213,0,3,6,1,0,0,0.635,0.014,8330
566,18,-10.066,0,3,6,1,0,0,0.635,0.014,8348
567,23,-11.848,1,8,10,1,0,0,0.634,0.014,8371
568,13,-12.684,0,2,4,1,0,0,0.633,0.014,8384
569,29,-12.776,1,6,8,1,0,0,0.633,0.0139,8413
570,23,-14.072,0,4,8,1,0,0,0.632,0.0139,8436
571,59,-15.475,1,3,31,1,0,0,0.631,0.0139,8495
572,22,-14.168,0,1,13,1,0,0,0.631,0.0139,8517
573,14,-13.408,0,3,6,1,0,0,0.63,0.0139,8531
574,40,-14.774,0,3,17,1,0,0,0.629,0.0139,8571
575,22,-11.125,0,2,7,1,0,0,0.629,0.0139,8593
576,33,-14.637,0,3,13,1,0,0,0.628,0.0139,8626
577,6,-13.166,0,4,4,1,0,0,0.628,0.0139,8632
578,25,-13.35,0,5,14,1,0,0,0.627,0.0138,8657
579,53,-14.093,1,9,24,1,0,0,0.626,0.0138,8710
580,5,-14.052,0,2,3,1,0,0,0.626,0.0138,8715
581,11,-13.809,0,3,4,1,0,0,0.625,0.0138,8726
582,7,-13.151,0,4,2,1,0,0,0.624,0.0138,8733
583,5,-13.852,0,4,3,1,0,0,0.624,0.0138,8738
584,9,-12.985,0,3,6,1,0,0,0.623,0.0138,8747
585,44,-13.412,1,5,21,1,0,0,0.622,0.0138,8791
586,31,-12.419,0,9,13,1,0,0,0.622,0.0138,8822
587,6,-13.709,0,3,4,1,0,0,0.621,0.0137,8828
588,6,-13.165,0,4,4,1,0,0,0.62,0.0137,8834
589,35,-14.336,0,5,14,1,0,0,0.62,0.0137,8869
590,5,-13.242,0,2,1,1,0,0,0.619,0.0137,8874
591,19,-13.435,0,3,6,1,0,0,0.618,0.0137,8893
592,7,-14.08,0,4,5,1,0,0,0.618,0.0137,8900
593,56,-16.379,0,2,28,1,0,0,0.617,0.0137,8956
594,13,-9.726,0,3,6,1,0,0,0.617,0.0137,8969
595,13,-13.12,0,3,4,1,0,0,0.616,0.0137,8982
596,28,-14.094,0,4,17,1,0,0,0.615,0.0137,9010
597,19,-13.104,0,3,8,1,0,0,0.615,0.0136,9029
598,12,-13.467,0,2,7,1,0,0,0.614,0.0136,9041
599,11,-12.91,0,5,6,1,0,0,0.613,0.0136,9052
600,5,-11.72,0,2,1,1,0,0,0.613,0.0136,9057
601,42,-10.35,1,6,18,1,0,0,0.612,0.0136,9099
602,15,-10.247,0,3,4,1,0,0,0.611,0.0136,9114
603,13,-10.44,0,2,3,1,0,0,0.611,0.0136,9127
604,7,-12.97,0,3,3,1,0,0,0.61,0.0136,9134
605,17,-13.226,0,2,8,1,0,0,0.609,0.0136,9151
606,15,-11.885,0,5,5,1,0,0,0.609,0.0135,9166
607,86,-16.3,0,6,34,1,0,0,0.608,0.0135,9252
608,8,-12.522,0,3,5,1,0,0,0.607,0.0135,9260
609,38,-12.197,1,3,14,1,0,0,0.607,0.0135,9298
610,37,-12.757,0,10,16,1,0,0,0.606,0.0135,9335
611,19,-12.55,0,3,6,1,0,0,0.606,0.0135,9354
612,10,-13.639,0,2,4,1,0,0,0.605,0.0135,9364
613,9,-13.55,0,4,3,1,0,0,0.604,0.0135,9373
614,6,-12.968,0,3,4,1,0,0,0.604,0.0135,9379
615,10,-13.695,0,2,5,1,0,0,0.603,0.0135,9389
616,54,-13.688,1,6,21,1,0,0,0.602,0.0134,9443
617,5,-13.321,0,4,2,1,0,0,0.602,0.0134,9448
618,16,-13.706,0,3,5,1,0,0,0.601,0.0134,9464
619,5,-13.022,0,4,2,1,0,0,0.6,0.0134,9469
620,35,-14.03,0,5,17,1,0,0,0.6,0.0134,9504
621,47,-14.08,0,6,16,1,0,0,0.599,0.0134,9551
622,6,-14.016,0,4,4,1,0,0,0.598,0.0134,9557
623,19,-12.043,0,6,7,1,0,0,0.598,0.0134,9576
624,14,-13.52,0,2,8,1,0,0,0.597,0.0134,9590
625,22,-13.247,0,4,12,1,0,0,0.596,0.0133,9612
626,5,-12.7,0,2,2,1,0,0,0.596,0.0133,9617
627,39,-11.279,1,13,14,1,0,0,0.595,0.0133,9656
628,75,-18.026,0,4,37,1,0,0,0.595,0.0133,9731
629,13,-13.87,0,2,6,1,0,0,0.594,0.0133,9744
630,6,-12.787,0,3,3,1,0,0,0.593,0.0133,9750
631,56,-10.454,1,9,23,1,0,0,0.593,0.0133,9806
632,21,-13.17,0,3,9,1,0,0,0.592,0.0133,9827
633,27,-12.16,0,3,9,1,0,0,0.591,0.0133,9854
634,16,-10.062,0,2,4,1,0,0,0.591,0.0132,9870
635,18,-12.111,0,8,8,1,0,0,0.59,0.0132,9888
636,29,-14.925,0,4,14,1,0,0,0.589,0.0132,9917
637,18,-14.047,0,1,10,1,0,0,0.589,0.0132,9935
638,14,-12.74,0,3,5,1,0,0,0.588,0.0132,9949
639,85,-11.979,4,12,38,1,0,0,0.587,0.0132,10034
640,8,-12.557,0,2,3,1,0,0,0.587,0.0132,10042
641,16,-10.405,0,2,5,1,0,0,0.586,0.0132,10058
642,38,-12.508,1,5,14,1,0,0,0.585,0.0132,10096
643,95,-15.838,1,12,40,1,0,0,0.585,0.0132,10191
644,15,-14.187,0,2,9,1,0,0,0.584,0.0131,10206
645,47,-12.421,2,10,17,1,0,0,0.584,0.0131,10253
646,38,-14.889,0,3,20,1,0,0,0.583,0.0131,10291
647,23,-10.822,0,2,8,1,0,0,0.582,0.0131,10314
648,22,-10.29,0,3,6,1,0,0,0.582,0.0131,10336
649,33,-13.435,0,5,13,1,0,0,0.581,0.0131,10369
650,19,-15.004,0,2,14,1,0,0,0.58,0.0131,10388
651,45,-15.615,0,5,28,1,0,0,0.58,0.0131,10433
652,17,-13.396,0,5,8,1,0,0,0.579,0.0131,10450
653,17,-13.507,0,1,5,1,0,0,0.578,0.013,10467
654,48,-10.914,0,9,15,1,0,0,0.578,0.013,10515
655,10,-12.672,0,3,6,1,0,0,0.577,0.013,10525
656,7,-13.181,0,4,3,1,0,0,0.576,0.013,10532
657,9,-12.606,0,3,5,1,0,0,0.576,0.013,10541
658,20,-12.732,0,3,10,1,0,0,0.575,0.013,10561
659,11,-11.859,0,3,3,1,0,0,0.574,0.013,10572
660,7,-13.4,0,4,2,1,0,0,0.574,0.013,10579
661,40,-15.693,0,3,15,1,0,0,0.573,0.013,10619
662,24,-11.471,0,3,13,1,0,0,0.573,0.0129,10643
663,39,-13.759,1,3,15,1,0,0,0.572,0.0129,10682
664,14,-13.291,0,3,7,1,0,0,0.571,0.0129,10696
665,33,-11.688,2,8,10,1,0,0,0.571,0.0129,10729
666,6,-14.165,0,2,4,1,0,0,0.57,0.0129,10735
667,21,-12.901,0,5,7,1,0,0,0.569,0.0129,10756
668,42,-12.192,1,12,16,1,0,0,0.569,0.0129,10798
669,16,-10.283,0,2,7,1,0,0,0.568,0.0129,10814
670,24,-11.645,0,9,9,1,0,0,0.567,0.0129,10838
671,68,-13.636,1,8,17,1,0,0,0.567,0.0129,10906
672,7,-11.779,0,2,2,1,0,0,0.566,0.0128,10913
673,29,-12.46,0,6,14,1,0,0,0.565,0.0128,10942
674,32,-14.651,0,2,19,1,0,0,0.565,0.0128,10974
675,27,-14.11,0,2,10,1,0,0,0.564,0.0128,11001
676,55,-14.667,1,5,26,1,0,0,0.564,0.0128,11056
677,5,-13.121,0,3,2,1,0,0,0.563,0.0128,11061
678,27,-11.348,1,7,9,1,0,0,0.562,0.0128,11088
679,6,-13.916,0,4,4,1,0,0,0.562,0.0128,11094
680,28,-11.954,1,6,10,1,0,0,0.561,0.0128,11122
681,6,-12.341,0,3,3,1,0,0,0.56,0.0127,11128
682,48,-14.831,1,7,24,1,0,0,0.56,0.0127,11176
683,11,-12.785,0,3,7,1,0,0,0.559,0.0127,11187
684,13,-13.315,0,2,7,1,0,0,0.558,0.0127,11200
685,18,-13.506,0,4,10,1,0,0,0.558,0.0127,11218
686,33,-11.062,0,6,15,1,0,0,0.557,0.0127,11251
687,33,-16.05,0,4,23,1,0,0,0.556,0.0127,11284
688,19,-9.938,0,4,6,1,0,0,0.556,0.0127,11303
689,33,-14.369,0,7,19,1,0,0,0.555,0.0127,11336
690,58,-14.557,1,3,19,1,0,0,0.554,0.0127,11394
691,17,-10.236,0,2,5,1,0,0,0.554,0.0126,11411
692,81,-14.314,0,11,36,1,0,0,0.553,0.0126,11492
693,5,-13.12,0,3,2,1,0,0,0.553,0.0126,11497
694,5,-13.492,0,3,1,1,0,0,0.552,0.0126,11502
695,37,-13.285,0,9,22,1,0,0,0.551,0.0126,11539
696,5,-13.521,0,3,2,1,0,0,0.551,0.0126,11544
697,10,-9.955,0,2,2,1,0,0,0.55,0.0126,11554
698,5,-13.752,0,4,3,1,0,0,0.549,0.0126,11559
699,5,-13.552,0,3,3,1,0,0,0.549,0.0126,11564
700,20,-13.56,0,3,12,1,0,0,0.548,0.0125,11584
701,46,-13.124,1,9,24,1,0,0,0.547,0.0125,11630
702,33,-13.21,0,8,11,1,0,0,0.547,0.0125,11663
703,16,-13.272,0,3,7,1,0,0,0.546,0.0125,11679
704,73,-13.679,1,9,22,1,0,0,0.545,0.0125,11752
705,11,-13.579,0,3,5,1,0,0,0.545,0.0125,11763
706,15,-13.342,0,3,6,1,0,0,0.544,0.0125,11778
707,48,-9.65,1,6,13,1,0,0,0.543,0.0125,11826
708,64,-14.046,1,4,28,1,0,0,0.543,0.0125,11890
709,35,-13.626,0,5,15,1,0,0,0.542,0.0124,11925
710,34,-14.206,0,2,12,1,0,0,0.542,0.0124,11959
711,16,-12.186,0,4,6,1,0,0,0.541,0.0124,11975
712,39,-14.568,0,4,19,1,0,0,0.54,0.0124,12014
713,13,-10.157,0,1,4,1,0,0,0.54,0.0124,12027
714,46,-12.497,2,7,20,1,0,0,0.539,0.0124,12073
715,9,-13.629,0,4,4,1,0,0,0.538,0.0124,12082
716,152,-17.729,0,13,60,1,0,0,0.538,0.0124,12234
717,5,-13.445,0,3,2,1,0,0,0.537,0.0124,12239
718,8,-12.441,0,3,4,1,0,0,0.536,0.0124,12247
719,6,-12.988,0,2,3,1,0,0,0.536,0.0123,12253
720,6,-13.716,0,3,4,1,0,0,0.535,0.0123,12259
721,22,-12.0,0,8,11,1,0,0,0.534,0.0123,12281
722,23,-13.945,0,0,11,1,0,0,0.534,0.0123,12304
723,6,-13.09,0,3,3,1,0,0,0.533,0.0123,12310
724,42,-11.806,2,5,13,1,0,0,0.532,0.0123,12352
725,15,-9.806,0,3,3,1,0,0,0.532,0.0123,12367
726,7,-9.761,0,2,1,1,0,0,0.531,0.0123,12374
727,27,-13.942,0,2,13,1,0,0,0.531,0.0123,12401
728,6,-13.636,0,3,3,1,0,0,0.53,0.0122,12407
729,5,-13.652,0,3,3,1,0,0,0.529,0.0122,12412
730,89,-14.204,0,5,32,1,0,0,0.529,0.0122,12501
731,9,-9.822,0,2,4,1,0,0,0.528,0.0122,12510
732,21,-10.467,0,3,8,1,0,0,0.527,0.0122,12531
733,30,-14.825,0,3,9,1,0,0,0.527,0.0122,12561
734,32,-14.295,0,2,9,1,0,0,0.526,0.0122,12593
735,21,-12.423,0,6,11,1,0,0,0.525,0.0122,12614
736,43,-11.732,1,4,13,1,0,0,0.525,0.0122,12657
737,24,-12.027,0,7,5,1,0,0,0.524,0.0121,12681
738,19,-13.305,0,7,9,1,0,0,0.523,0.0121,12700
739,107,-15.603,3,12,43,1,0,0,0.523,0.0121,12807
740,38,-15.316,0,6,23,1,0,0,0.522,0.0121,12845
741,46,-11.023,2,3,11,1,0,0,0.521,0.0121,12891
742,38,-13.574,0,6,17,1,0,0,0.521,0.0121,12929
743,14,-9.963,0,2,4,1,0,0,0.52,0.0121,12943
744,42,-14.093,0,6,20,1,0,0,0.52,0.0121,12985
745,15,-13.988,0,3,5,1,0,0,0.519,0.0121,13000
746,20,-9.685,0,6,10,1,0,0,0.518,0.0121,13020
747,25,-11.145,0,2,14,1,0,0,0.518,0.012,13045
748,75,-15.98,1,6,40,1,0,0,0.517,0.012,13120
749,18,-12.69,0,5,9,1,0,0,0.516,0.012,13138
750,10,-11.547,0,3,0,1,0,0,0.516,0.012,13148
751,8,-10.066,0,0,2,1,0,0,0.515,0.012,13156
752,28,-11.989,0,7,9,1,0,0,0.514,0.012,13184
753,12,-9.842,0,3,3,1,0,0,0.514,0.012,13196
754,66,-14.186,0,7,33,1,0,0,0.513,0.012,13262
755,8,-12.135,0,1,2,1,0,0,0.512,0.012,13270
756,10,-11.449,0,4,0,1,0,0,0.512,0.0119,13280
757,5,-14.075,0,3,4,1,0,0,0.511,0.0119,13285
758,43,-14.514,0,1,13,1,0,0,0.51,0.0119,13328
759,44,-11.629,1,8,16,1,0,0,0.51,0.0119,13372
760,33,-10.972,0,1,7,1,0,0,0.509,0.0119,13405
761,7,-13.55,0,2,4,1,0,0,0.509,0.0119,13412
762,33,-14.644,0,2,15,1,0,0,0.508,0.0119,13445
763,18,-13.139,0,2,7,1,0,0,0.507,0.0119,13463
764,18,-13.193,0,4,9,1,0,0,0.507,0.0119,13481
765,56,-15.808,0,4,31,1,0,0,0.506,0.0119,13537
766,13,-13.755,0,2,7,1,0,0,0.505,0.0118,13550
767,100,-12.03,3,16,36,1,0,0,0.505,0.0118,13650
768,66,-12.194,2,9,16,1,0,0,0.504,0.0118,13716
769,28,-11.091,2,4,9,1,0,0,0.503,0.0118,13744
770,12,-13.771,0,4,4,1,0,0,0.503,0.0118,13756
771,22,-13.362,0,3,6,1,0,0,0.502,0.0118,13778
772,6,-13.056,0,4,2,1,0,0,0.501,0.0118,13784
773,20,-11.755,0,9,9,1,0,0,0.501,0.0118,13804
774,11,-12.454,0,3,4,1,0,0,0.5,0.0118,13815
775,31,-10.498,2,7,10,1,0,0,0.499,0.0117,13846
776,49,-14.58,0,5,17,1,0,0,0.499,0.0117,13895
777,17,-10.165,0,3,6,1,0,0,0.498,0.0117,13912
778,63,-16.385,0,6,27,1,0,0,0.498,0.0117,13975
779,35,-13.145,0,7,18,1,0,0,0.497,0.0117,14010
780,8,-13.696,0,3,4,1,0,0,0.496,0.0117,14018
781,13,-13.724,0,4,3,1,0,0,0.496,0.0117,14031
782,42,-13.075,0,7,16,1,0,0,0.495,0.0117,14073
783,89,-11.957,2,8,21,1,0,0,0.494,0.0117,14162
784,18,-13.583,0,2,6,1,0,0,0.494,0.0116,14180
785,7,-9.087,0,2,0,1,0,0,0.493,0.0116,14187
786,47,-11.428,0,4,15,1,0,0,0.492,0.0116,14234
787,35,-14.492,0,3,11,1,0,0,0.492,0.0116,14269
788,8,-12.84,0,3,4,1,0,0,0.491,0.0116,14277
789,29,-10.63,0,3,4,1,0,0,0.49,0.0116,14306
790,58,-15.362,0,5,23,1,0,0,0.49,0.0116,14364
791,91,-17.006,0,10,47,1,0,0,0.489,0.0116,14455
792,32,-9.302,2,13,8,1,0,0,0.488,0.0116,14487
793,5,-13.902,0,3,3,1,0,0,0.488,0.0116,14492
794,6,-12.391,0,2,3,1,0,0,0.487,0.0115,14498
795,5,-14.002,0,2,3,1,0,0,0.487,0.0115,14503
796,15,-12.413,0,5,5,1,0,0,0.486,0.0115,14518
797,24,-13.236,0,2,5,1,0,0,0.485,0.0115,14542
798,41,-12.617,0,9,15,1,0,0,0.485,0.0115,14583
799,16,-9.875,0,3,2,1,0,0,0.484,0.0115,14599
800,46,-12.386,0,3,20,1,0,0,0.483,0.0115,14645
801,43,-14.079,0,6,18,1,0,0,0.483,0.0115,14688
802,10,-13.665,0,4,4,1,0,0,0.482,0.0115,14698
803,18,-9.901,0,5,5,1,0,0,0.481,0.0114,14716
804,5,-13.201,0,3,3,1,0,0,0.481,0.0114,14721
805,41,-13.722,0,5,15,1,0,0,0.48,0.0114,14762
806,16,-13.796,0,4,8,1,0,0,0.479,0.0114,14778
807,62,-12.343,2,5,18,1,0,0,0.479,0.0114,14840
808,37,-13.409,0,5,11,1,0,0,0.478,0.0114,14877
809,29,-12.98,1,7,7,1,0,0,0.477,0.0114,14906
810,30,-12.343,0,5,5,1,0,0,0.477,0.0114,14936
811,72,-16.328,0,4,23,1,0,0,0.476,0.0114,15008
812,12,-13.074,0,2,4,1,0,0,0.476,0.0113,15020
813,20,-13.461,0,2,9,1,0,0,0.475,0.0113,15040
814,36,-12.045,1,9,13,1,0,0,0.474,0.0113,15076
815,130,-14.094,1,12,39,1,0,0,0.474,0.0113,15206
816,37,-14.513,1,1,20,1,0,0,0.473,0.0113,15243
817,57,-15.156,1,3,26,1,0,0,0.472,0.0113,15300
818,6,-13.165,0,4,4,1,0,0,0.472,0.0113,15306
819,10,-12.472,0,2,1,1,0,0,0.471,0.0113,15316
820,67,-11.403,1,6,20,1,0,0,0.47,0.0113,15383
821,5,-13.602,0,3,3,1,0,0,0.47,0.0113,15388
822,60,-12.726,0,7,27,1,0,0,0.469,0.0112,15448
823,30,-14.18,0,4,14,1,0,0,0.468,0.0112,15478
824,18,-10.134,0,4,8,1,0,0,0.468,0.0112,15496
825,35,-13.801,0,4,9,1,0,0,0.467,0.0112,15531
826,76,-10.623,2,12,20,1,0,0,0.466,0.0112,15607
827,6,-13.505,0,3,2,1,0,0,0.466,0.0112,15613
828,21,-13.662,0,2,6,1,0,0,0.465,0.0112,15634
829,93,-15.058,2,8,35,1,0,0,0.465,0.0112,15727
830,18,-14.145,0,3,9,1,0,0,0.464,0.0112,15745
831,29,-11.693,2,4,11,1,0,0,0.463,0.0111,15774
832,52,-11.181,0,5,10,1,0,0,0.463,0.0111,15826
833,10,-13.625,0,3,6,1,0,0,0.462,0.0111,15836
834,124,-18.041,0,6,46,1,0,0,0.461,0.0111,15960
835,77,-14.963,0,6,21,1,0,0,0.461,0.0111,16037
836,13,-12.678,0,3,5,1,0,0,0.46,0.0111,16050
837,60,-15.594,0,5,22,1,0,0,0.459,0.0111,16110
838,45,-14.073,0,5,16,1,0,0,0.459,0.0111,16155
839,81,-14.943,1,8,34,1,0,0,0.458,0.0111,16236
840,5,-12.862,0,4,0,1,0,0,0.457,0.0111,16241
841,18,-12.476,0,3,5,1,0,0,0.457,0.011,16259
842,86,-17.684,0,6,31,1,0,0,0.456,0.011,16345
843,49,-15.979,0,3,10,1,0,0,0.456,0.011,16394
844,10,-9.816,0,2,1,1,0,0,0.455,0.011,16404
845,44,-13.252,1,5,17,1,0,0,0.454,0.011,16448
846,55,-15.647,0,4,23,1,0,0,0.454,0.011,16503
847,56,-16.076,0,3,28,1,0,0,0.453,0.011,16559
848,28,-11.019,0,1,7,1,0,0,0.452,0.011,16587
849,81,-17.177,0,12,39,1,0,0,0.452,0.011,16668
850,24,-12.299,0,9,15,1,0,0,0.451,0.0109,16692
851,22,-12.977,0,5,9,1,0,0,0.45,0.0109,16714
852,51,-15.579,0,5,17,1,0,0,0.45,0.0109,16765
853,52,-12.297,2,8,19,1,0,0,0.449,0.0109,16817
854,59,-13.299,1,5,17,1,0,0,0.448,0.0109,16876
855,32,-11.171,1,6,12,1,0,0,0.448,0.0109,16908
856,30,-14.13,0,4,5,1,0,0,0.447,0.0109,16938
857,61,-9.931,1,8,15,1,0,0,0.446,0.0109,16999
858,57,-14.438,1,8,25,1,0,0,0.446,0.0109,17056
859,21,-11.699,0,7,6,1,0,0,0.445,0.0108,17077
860,46,-11.508,1,17,19,1,0,0,0.445,0.0108,17123
861,53,-14.288,0,4,13,1,0,0,0.444,0.0108,17176
862,139,-15.519,4,13,61,1,0,0,0.443,0.0108,17315
863,31,-12.625,1,5,14,1,0,0,0.443,0.0108,17346
864,5,-13.022,0,4,2,1,0,0,0.442,0.0108,17351
865,57,-9.324,3,13,13,1,0,0,0.441,0.0108,17408
866,12,-9.92,0,3,5,1,0,0,0.441,0.0108,17420
867,13,-12.512,0,5,6,1,0,0,0.44,0.0108,17433
868,19,-12.514,0,6,8,1,0,0,0.439,0.0108,17452
869,25,-13.755,0,3,8,1,0,0,0.439,0.0107,17477
870,5,-13.522,0,3,2,1,0,0,0.438,0.0107,17482
871,17,-10.191,0,2,2,1,0,0,0.437,0.0107,17499
872,5,-12.921,0,4,2,1,0,0,0.437,0.0107,17504
873,91,-15.524,1,7,32,1,0,0,0.436,0.0107,17595
874,43,-11.064,0,6,10,1,0,0,0.435,0.0107,17638
875,35,-13.542,0,2,13,1,0,0,0.435,0.0107,17673
876,21,-13.72,0,2,5,1,0,0,0.434,0.0107,17694
877,165,-9.151,5,22,56,1,0,0,0.434,0.0107,17859
878,50,-14.866,0,6,16,1,0,0,0.433,0.0106,17909
879,8,-12.71,0,3,3,1,0,0,0.432,0.0106,17917
880,37,-13.655,0,2,4,1,0,0,0.432,0.0106,17954
881,11,-13.784,0,1,5,1,0,0,0.431,0.0106,17965
882,109,-14.849,0,6,46,1,0,0,0.43,0.0106,18074
883,18,-12.471,0,4,8,1,0,0,0.43,0.0106,18092
884,36,-10.454,1,5,14,1,0,0,0.429,0.0106,18128
885,13,-13.273,0,2,5,1,0,0,0.428,0.0106,18141
886,16,-13.731,0,2,10,1,0,0,0.428,0.0106,18157
887,10,-9.332,0,3,3,1,0,0,0.427,0.0105,18167
888,58,-14.381,0,6,14,1,0,0,0.426,0.0105,18225
889,9,-12.316,0,3,2,1,0,0,0.426,0.0105,18234
890,124,-15.182,2,12,47,1,0,0,0.425,0.0105,18358
891,5,-12.992,0,4,1,1,0,0,0.424,0.0105,18363
892,39,-15.114,0,1,18,1,0,0,0.424,0.0105,18402
893,10,-13.305,0,3,2,1,0,0,0.423,0.0105,18412
894,19,-9.99,0,3,6,1,0,0,0.423,0.0105,18431
895,70,-11.207,1,6,22,1,0,0,0.422,0.0105,18501
896,10,-9.457,0,3,2,1,0,0,0.421,0.0105,18511
897,37,-10.767,0,3,6,1,0,0,0.421,0.0104,18548
898,15,-9.81,0,2,1,1,0,0,0.42,0.0104,18563
899,147,-19.441,0,5,66,1,0,0,0.419,0.0104,18710
900,10,-13.348,0,2,7,1,0,0,0.419,0.0104,18720
901,127,-10.533,6,15,50,1,0,0,0.418,0.0104,18847
902,8,-9.665,0,2,1,1,0,0,0.417,0.0104,18855
903,12,-12.371,0,5,5,1,0,0,0.417,0.0104,18867
904,54,-13.684,1,5,20,1,0,0,0.416,0.0104,18921
905,127,-15.198,2,15,51,1,0,0,0.415,0.0104,19048
906,88,-14.959,0,11,36,1,0,0,0.415,0.0103,19136
907,81,-16.332,0,2,22,1,0,0,0.414,0.0103,19217
908,77,-14.274,0,11,23,1,0,0,0.413,0.0103,19294
909,23,-9.964,0,3,4,1,0,0,0.413,0.0103,19317
910,26,-13.779,0,2,11,1,0,0,0.412,0.0103,19343
911,9,-13.229,0,2,5,1,0,0,0.412,0.0103,19352
912,47,-12.239,2,4,14,1,0,0,0.411,0.0103,19399
913,47,-12.408,0,6,14,1,0,0,0.41,0.0103,19446
914,58,-15.436,0,5,13,1,0,0,0.41,0.0103,19504
915,103,-15.252,1,14,34,1,0,0,0.409,0.0103,19607
916,43,-11.608,0,3,12,1,0,0,0.408,0.0102,19650
917,35,-11.981,1,8,11,1,0,0,0.408,0.0102,19685
918,14,-9.91,0,3,4,1,0,0,0.407,0.0102,19699
919,75,-17.861,0,4,39,1,0,0,0.406,0.0102,19774
920,5,-13.202,0,3,3,1,0,0,0.406,0.0102,19779
921,39,-14.401,0,7,20,1,0,0,0.405,0.0102,19818
922,38,-10.919,0,3,6,1,0,0,0.404,0.0102,19856
923,7,-12.477,0,2,3,1,0,0,0.404,0.0102,19863
924,21,-13.611,0,3,6,1,0,0,0.403,0.0102,19884
925,7,-12.425,0,2,3,1,0,0,0.402,0.0101,19891
926,45,-15.71,0,3,9,1,0,0,0.402,0.0101,19936
927,25,-14.929,0,3,12,1,0,0,0.401,0.0101,19961
928,28,-12.573,0,4,9,1,0,0,0.401,0.0101,19989
929,25,-12.92,0,3,8,1,0,0,0.4,0.0101,20014
930,40,-13.258,0,5,8,1,0,0,0.399,0.0101,20054
931,6,-13.416,0,3,4,1,0,0,0.399,0.0101,20060
932,5,-13.061,0,3,0,1,0,0,0.398,0.0101,20065
933,199,-17.823,1,8,55,1,0,0,0.397,0.0101,20264
934,28,-14.434,0,3,5,1,0,0,0.397,0.01,20292
935,155,-21.076,1,8,62,1,0,0,0.396,0.01,20447
936,40,-12.01,1,5,9,1,0,0,0.395,0.01,20487
937,9,-13.177,0,1,4,1,0,0,0.395,0.01,20496
938,113,-14.592,1,4,40,1,0,0,0.394,0.01,20609
939,48,-13.961,0,3,12,1,0,0,0.393,0.01,20657
940,47,-14.13,0,5,20,1,0,0,0.393,0.01,20704
941,128,-10.851,5,12,39,1,0,0,0.392,0.01,20832
942,14,-12.65,0,3,4,1,0,0,0.391,0.01,20846
943,24,-12.206,0,5,6,1,0,0,0.391,0.01,20870
944,37,-12.576,0,9,15,1,0,0,0.39,0.0099,20907
945,49,-13.471,1,3,14,1,0,0,0.39,0.0099,20956
946,5,-13.012,0,3,0,1,0,0,0.389,0.0099,20961
947,30,-11.545,0,3,12,1,0,0,0.388,0.0099,20991
948,92,-13.37,1,10,26,1,0,0,0.388,0.0099,21083
949,28,-13.595,0,3,12,1,0,0,0.387,0.0099,21111
950,136,-20.011,0,7,45,1,0,0,0.386,0.0099,21247
951,78,-12.263,0,8,23,1,0,0,0.386,0.0099,21325
952,17,-12.733,0,5,7,1,0,0,0.385,0.0099,21342
953,103,-18.157,0,8,49,1,0,0,0.384,0.0098,21445
954,10,-12.605,0,2,4,1,0,0,0.384,0.0098,21455
955,68,-15.63,0,4,26,1,0,0,0.383,0.0098,21523
956,89,-11.767,1,12,31,1,0,0,0.382,0.0098,21612
957,39,-11.32,0,3,15,1,0,0,0.382,0.0098,21651
958,310,-29.695,4,10,141,1,0,0,0.381,0.0098,21961
959,24,-12.971,0,4,7,1,0,0,0.38,0.0098,21985
960,14,-10.482,0,2,9,1,0,0,0.38,0.0098,21999
961,7,-13.333,0,3,2,1,0,0,0.379,0.0098,22006
962,69,-15.534,0,8,27,1,0,0,0.379,0.0097,22075
963,185,-16.878,4,11,65,1,0,0,0.378,0.0097,22260
964,20,-13.315,0,3,5,1,0,0,0.377,0.0097,22280
965,22,-11.434,0,5,8,1,0,0,0.377,0.0097,22302
966,48,-13.544,0,7,19,1,0,0,0.376,0.0097,22350
967,45,-11.745,1,9,16,1,0,0,0.375,0.0097,22395
968,57,-15.093,0,1,13,1,0,0,0.375,0.0097,22452
969,29,-14.359,0,4,8,1,0,0,0.374,0.0097,22481
970,40,-13.909,0,3,10,1,0,0,0.373,0.0097,22521
971,107,-14.612,1,16,39,1,0,0,0.373,0.0097,22628
972,31,-14.603,0,2,19,1,0,0,0.372,0.0096,22659
973,51,-9.807,1,7,13,1,0,0,0.371,0.0096,22710
974,11,-13.901,0,3,4,1,0,0,0.371,0.0096,22721
975,54,-13.1,1,8,23,1,0,0,0.37,0.0096,22775
976,102,-11.936,2,5,30,1,0,0,0.369,0.0096,22877
977,44,-11.658,2,5,12,1,0,0,0.369,0.0096,22921
978,65,-10.188,1,5,15,1,0,0,0.368,0.0096,22986
979,30,-13.998,0,2,13,1,0,0,0.368,0.0096,23016
980,85,-15.509,0,10,24,1,0,0,0.367,0.0096,23101
981,47,-13.916,0,6,9,1,0,0,0.366,0.0095,23148
982,37,-13.089,1,8,13,1,0,0,0.366,0.0095,23185
983,135,-15.177,0,7,29,1,0,0,0.365,0.0095,23320
984,14,-13.505,0,2,2,1,0,0,0.364,0.0095,23334
985,29,-10.728,0,3,8,1,0,0,0.364,0.0095,23363
986,100,-13.236,1,7,37,1,0,0,0.363,0.0095,23463
987,53,-13.107,1,6,15,1,0,0,0.362,0.0095,23516
988,82,-12.729,1,6,29,1,0,0,0.362,0.0095,23598
989,78,-11.803,1,8,25,1,0,0,0.361,0.0095,23676
990,78,-9.264,2,14,26,1,0,0,0.36,0.0095,23754
991,108,-14.79,1,5,22,1,0,0,0.36,0.0094,23862
992,154,-13.516,3,9,34,1,0,0,0.359,0.0094,24016
993,76,-15.977,0,5,19,1,0,0,0.359,0.0094,24092
994,5,-11.825,0,1,2,1,0,0,0.358,0.0094,24097
995,7,-13.17,0,4,3,1,0,0,0.357,0.0094,24104
996,132,-19.294,0,11,54,1,0,0,0.357,0.0094,24236
997,49,-11.657,2,5,16,1,0,0,0.356,0.0094,24285
998,178,-14.576,2,16,39,1,0,0,0.355,0.0094,24463
999,123,-13.706,2,12,23,1,0,0,0.355,0.0094,24586
1000,109,-14.881,2,11,31,1,0,0,0.354,0.0093,24695
1001,67,-10.336,2,8,18,1,0,0,0.353,0.0093,24762
1002,20,-12.941,0,3,5,1,0,0,0.353,0.0093,24782
1003,16,-9.901,0,3,2,1,0,0,0.352,0.0093,24798
1004,151,-15.702,1,12,36,1,0,0,0.351,0.0093,24949
1005,53,-12.259,2,3,18,1,0,0,0.351,0.0093,25002
1006,16,-9.931,0,1,1,1,0,0,0.35,0.0093,25018
1007,7,-9.61,0,1,0,1,0,0,0.349,0.0093,25025
1008,72,-13.033,2,10,31,1,0,0,0.349,0.0093,25097
1009,42,-10.196,1,11,16,1,0,0,0.348,0.0092,25139
1010,46,-10.142,1,6,12,1,0,0,0.348,0.0092,25185
1011,77,-12.297,0,9,28,1,0,0,0.347,0.0092,25262
1012,18,-8.513,1,5,3,1,0,0,0.346,0.0092,25280
1013,129,-16.128,1,14,40,1,0,0,0.346,0.0092,25409
1014,9,-13.574,0,2,4,1,0,0,0.345,0.0092,25418
1015,44,-10.917,0,2,7,1,0,0,0.344,0.0092,25462
1016,128,-14.76,3,16,35,1,0,0,0.344,0.0092,25590
1017,44,-11.735,0,2,7,1,0,0,0.343,0.0092,25634
1018,68,-11.779,1,11,19,1,0,0,0.342,0.0092,25702
1019,164,-19.219,1,13,49,1,0,0,0.342,0.0091,25866
1020,27,-11.057,1,4,3,1,0,0,0.341,0.0091,25893
1021,256,-20.567,2,12,70,1,0,0,0.34,0.0091,26149
1022,30,-13.629,0,3,9,1,0,0,0.34,0.0091,26179
1023,28,-12.888,0,5,9,1,0,0,0.339,0.0091,26207
1024,55,-12.79,1,7,9,1,0,0,0.338,0.0091,26262
1025,95,-12.585,3,11,19,1,0,0,0.338,0.0091,26357
1026,95,-11.807,1,7,25,1,0,0,0.337,0.0091,26452
1027,79,-9.8,1,7,13,1,0,0,0.337,0.0091,26531
1028,36,-12.52,2,4,15,1,0,0,0.336,0.009,26567
1029,49,-11.928,0,3,23,1,0,0,0.335,0.009,26616
1030,159,-12.66,4,14,40,1,0,0,0.335,0.009,26775
1031,20,-10.894,0,2,10,1,0,0,0.334,0.009,26795
1032,111,-16.106,1,3,22,1,0,0,0.333,0.009,26906
1033,42,-8.543,0,8,9,1,0,0,0.333,0.009,26948
1034,23,-10.584,0,2,8,1,0,0,0.332,0.009,26971
1035,95,-10.415,1,12,20,1,0,0,0.331,0.009,27066
1036,232,-16.581,5,21,64,1,0,0,0.331,0.009,27298
1037,72,-14.632,1,7,19,1,0,0,0.33,0.0089,27370
1038,109,-17.015,0,8,48,1,0,0,0.329,0.0089,27479
1039,181,-19.55,1,10,59,1,0,0,0.329,0.0089,27660
1040,91,-14.46,1,12,25,1,0,0,0.328,0.0089,27751
1041,24,-9.842,0,2,2,1,0,0,0.327,0.0089,27775
1042,43,-12.141,1,9,12,1,0,0,0.327,0.0089,27818
1043,103,-13.921,0,11,37,1,0,0,0.326,0.0089,27921
1044,55,-14.276,0,8,19,1,0,0,0.326,0.0089,27976
1045,34,-11.176,1,3,11,1,0,0,0.325,0.0089,28010
1046,51,-16.082,0,2,19,1,0,0,0.324,0.0089,28061
1047,181,-15.995,2,13,46,1,0,0,0.324,0.0088,28242
1048,38,-13.086,0,7,13,1,0,0,0.323,0.0088,28280
1049,17,-13.87,0,3,6,1,0,0,0.322,0.0088,28297
1050,38,-13.13,0,4,6,1,0,0,0.322,0.0088,28335
1051,36,-12.198,0,7,8,1,0,0,0.321,0.0088,28371
1052,60,-12.765,1,5,9,1,0,0,0.32,0.0088,28431
1053,28,-8.044,2,4,5,1,0,0,0.32,0.0088,28459
1054,97,-14.752,1,9,34,1,0,0,0.319,0.0088,28556
1055,21,-10.016,0,3,1,1,0,0,0.318,0.0088,28577
1056,12,-9.261,0,3,0,1,0,0,0.318,0.0087,28589
1057,12,-12.235,0,3,2,1,0,0,0.317,0.0087,28601
1058,103,-15.652,2,6,31,1,0,0,0.316,0.0087,28704
1059,21,-12.662,0,3,2,1,0,0,0.316,0.0087,28725
1060,5,-13.191,0,2,1,1,0,0,0.315,0.0087,28730
1061,89,-9.528,2,8,27,1,0,0,0.315,0.0087,28819
1062,111,-12.186,0,9,18,1,0,0,0.314,0.0087,28930
1063,96,-14.824,1,6,31,1,0,0,0.313,0.0087,29026
1064,294,-19.803,6,23,84,1,0,0,0.313,0.0087,29320
1065,8,-9.412,0,3,0,1,0,0,0.312,0.0087,29328
1066,19,-12.871,0,5,8,1,0,0,0.311,0.0086,29347
1067,5,-13.142,0,3,1,1,0,0,0.311,0.0086,29352
1068,42,-14.716,0,4,10,1,0,0,0.31,0.0086,29394
1069,112,-13.919,0,4,25,1,0,0,0.309,0.0086,29506
1070,17,-13.815,0,4,11,1,0,0,0.309,0.0086,29523
1071,40,-13.699,0,3,18,1,0,0,0.308,0.0086,29563
1072,69,-11.817,0,4,15,1,0,0,0.307,0.0086,29632
1073,40,-15.583,0,4,23,1,0,0,0.307,0.0086,29672
1074,139,-21.273,0,7,65,1,0,0,0.306,0.0086,29811
1075,119,-14.222,2,7,22,1,0,0,0.305,0.0085,29930
1076,130,-13.965,2,6,44,1,0,0,0.305,0.0085,30060
1077,25,-13.154,0,3,6,1,0,0,0.304,0.0085,30085
1078,82,-16.126,1,5,19,1,0,0,0.304,0.0085,30167
1079,167,-18.786,2,10,42,1,0,0,0.303,0.0085,30334
1080,20,-10.201,0,3,4,1,0,0,0.302,0.0085,30354
1081,47,-11.455,0,4,21,1,0,0,0.302,0.0085,30401
1082,22,-10.155,0,2,1,1,0,0,0.301,0.0085,30423
1083,91,-12.668,2,9,14,1,0,0,0.3,0.0085,30514
1084,165,-16.598,3,16,73,1,0,0,0.3,0.0084,30679
1085,149,-20.999,2,5,77,1,0,0,0.299,0.0084,30828
1086,153,-18.984,2,9,61,1,0,0,0.298,0.0084,30981
1087,44,-10.769,0,4,6,1,0,0,0.298,0.0084,31025
1088,94,-13.778,1,9,24,1,0,0,0.297,0.0084,31119
1089,124,-16.245,2,9,45,1,0,0,0.296,0.0084,31243
1090,60,-11.45,0,4,9,1,0,0,0.296,0.0084,31303
1091,47,-13.001,1,7,16,1,0,0,0.295,0.0084,31350
1092,222,-11.776,5,10,50,1,0,0,0.294,0.0084,31572
1093,44,-9.637,3,7,4,1,0,0,0.294,0.0084,31616
1094,173,-14.491,4,13,46,1,0,0,0.293,0.0083,31789
1095,5,-12.904,0,4,0,1,0,0,0.293,0.0083,31794
1096,94,-16.231,0,8,36,1,0,0,0.292,0.0083,31888
1097,58,-13.64,0,6,13,1,0,0,0.291,0.0083,31946
1098,112,-14.16,2,13,36,1,0,0,0.291,0.0083,32058
1099,299,-18.798,3,14,92,1,0,0,0.29,0.0083,32357
1100,16,-10.135,0,2,4,1,0,0,0.289,0.0083,32373
1101,42,-13.275,0,7,14,1,0,0,0.289,0.0083,32415
1102,137,-14.302,1,10,50,1,0,0,0.288,0.0083,32552
1103,322,-20.919,4,32,129,1,0,0,0.287,0.0082,32874
1104,169,-13.242,3,10,33,1,0,0,0.287,0.0082,33043
1105,76,-11.96,2,7,11,1,0,0,0.286,0.0082,33119
1106,276,-21.422,1,16,57,1,0,0,0.285,0.0082,33395
1107,39,-10.739,1,7,6,1,0,0,0.285,0.0082,33434
1108,108,-16.838,0,4,21,1,0,0,0.284,0.0082,33542
1109,32,-10.872,1,7,5,1,0,0,0.283,0.0082,33574
1110,55,-14.206,0,7,24,1,0,0,0.283,0.0082,33629
1111,82,-11.817,0,7,14,1,0,0,0.282,0.0082,33711
1112,54,-12.077,1,9,10,1,0,0,0.282,0.0081,33765
1113,69,-12.729,1,11,21,1,0,0,0.281,0.0081,33834
1114,153,-10.927,3,12,37,1,0,0,0.28,0.0081,33987
1115,226,-15.961,3,12,46,1,0,0,0.28,0.0081,34213
1116,219,-20.978,2,14,63,1,0,0,0.279,0.0081,34432
1117,26,-11.667,0,8,4,1,0,0,0.278,0.0081,34458
1118,295,-26.523,0,8,100,1,0,0,0.278,0.0081,34753
1119,12,-12.552,0,2,3,1,0,0,0.277,0.0081,34765
1120,89,-14.684,0,5,15,1,0,0,0.276,0.0081,34854
1121,11,-13.414,0,3,2,1,0,0,0.276,0.0081,34865
1122,221,-17.397,2,17,43,1,0,0,0.275,0.008,35086
1123,73,-13.806,0,7,14,1,0,0,0.274,0.008,35159
1124,68,-15.459,0,3,28,1,0,0,0.274,0.008,35227
1125,67,-13.404,1,7,9,1,0,0,0.273,0.008,35294
1126,89,-16.607,0,3,12,1,0,0,0.272,0.008,35383
1127,116,-14.605,2,10,25,1,0,0,0.272,0.008,35499
1128,218,-18.638,1,16,45,1,0,0,0.271,0.008,35717
1129,26,-11.98,0,3,3,1,0,0,0.271,0.008,35743
1130,133,-15.607,3,9,48,1,0,0,0.27,0.008,35876
1131,48,-13.99,0,2,5,1,0,0,0.269,0.0079,35924
1132,171,-13.762,3,12,55,1,0,0,0.269,0.0079,36095
1133,314,-28.815,1,11,70,1,0,0,0.268,0.0079,36409
1134,23,-9.967,0,2,4,1,0,0,0.267,0.0079,36432
1135,104,-16.869,0,11,25,1,0,0,0.267,0.0079,36536
1136,400,-7.96,4,22,88,0,0,1,0.266,0.0079,36936
1137,137,-15.818,0,8,40,1,0,0,0.265,0.0079,37073
1138,40,-13.8,0,4,9,1,0,0,0.265,0.0079,37113
1139,128,-19.58,1,5,55,1,0,0,0.264,0.0079,37241
1140,124,-11.971,2,10,37,1,0,0,0.263,0.0079,37365
1141,75,-13.588,1,8,19,1,0,0,0.263,0.0078,37440
1142,164,-17.282,0,12,18,1,0,0,0.262,0.0078,37604
1143,111,-15.91,0,6,44,1,0,0,0.262,0.0078,37715
1144,112,-14.494,1,8,20,1,0,0,0.261,0.0078,37827
1145,107,-11.219,2,10,22,1,0,0,0.26,0.0078,37934
1146,22,-13.935,0,4,7,1,0,0,0.26,0.0078,37956
1147,208,-18.519,1,10,38,1,0,0,0.259,0.0078,38164
1148,67,-13.565,0,3,23,1,0,0,0.258,0.0078,38231
1149,92,-14.348,1,9,22,1,0,0,0.258,0.0078,38323
1150,59,-12.511,2,8,10,1,0,0,0.257,0.0077,38382
1151,196,-20.865,2,9,57,1,0,0,0.256,0.0077,38578
1152,13,-12.507,0,3,2,1,0,0,0.256,0.0077,38591
1153,271,-25.218,1,11,89,1,0,0,0.255,0.0077,38862
1154,372,-21.546,5,24,81,1,0,0,0.254,0.0077,39234
1155,280,-22.807,3,9,91,1,0,0,0.254,0.0077,39514
1156,81,-9.932,1,8,13,1,0,0,0.253,0.0077,39595
1157,34,-12.215,0,4,6,1,0,0,0.252,0.0077,39629
1158,103,-13.95,0,5,21,1,0,0,0.252,0.0077,39732
1159,330,-17.51,6,14,41,1,0,0,0.251,0.0076,40062
1160,205,-16.317,0,13,35,1,0,0,0.251,0.0076,40267
1161,85,-12.955,2,6,38,1,0,0,0.25,0.0076,40352
1162,400,-14.021,4,17,90,0,0,1,0.249,0.0076,40752
1163,35,-10.659,0,3,4,1,0,0,0.249,0.0076,40787
1164,46,-11.948,0,4,27,1,0,0,0.248,0.0076,40833
1165,400,-14.57,1,13,97,0,0,1,0.247,0.0076,41233
1166,93,-9.379,3,12,32,1,0,0,0.247,0.0076,41326
1167,38,-12.884,0,5,7,1,0,0,0.246,0.0076,41364
1168,20,-9.829,0,3,3,1,0,0,0.245,0.0076,41384
1169,288,-25.395,1,12,83,1,0,0,0.245,0.0075,41672
1170,81,-14.223,0,6,17,1,0,0,0.244,0.0075,41753
1171,63,-7.64,1,15,6,1,0,0,0.243,0.0075,41816
1172,147,-15.162,1,8,32,1,0,0,0.243,0.0075,41963
1173,130,-17.49,0,4,18,1,0,0,0.242,0.0075,42093
1174,48,-14.967,0,3,15,1,0,0,0.241,0.0075,42141
1175,400,-16.475,3,12,116,0,0,1,0.241,0.0075,42541
1176,139,-13.156,3,12,35,1,0,0,0.24,0.0075,42680
1177,22,-11.113,0,2,14,1,0,0,0.24,0.0075,42702
1178,106,-12.652,1,8,25,1,0,0,0.239,0.0074,42808
1179,72,-11.827,2,10,26,1,0,0,0.238,0.0074,42880
1180,112,-15.228,2,9,29,1,0,0,0.238,0.0074,42992
1181,208,-16.589,0,13,50,1,0,0,0.237,0.0074,43200
1182,192,-14.828,4,15,48,1,0,0,0.236,0.0074,43392
1183,5,-13.154,0,2,0,1,0,0,0.236,0.0074,43397
1184,229,-21.647,2,5,91,1,0,0,0.235,0.0074,43626
1185,101,-15.755,2,5,21,1,0,0,0.234,0.0074,43727
1186,12,-10.247,0,1,6,1,0,0,0.234,0.0074,43739
1187,44,-12.227,1,5,14,1,0,0,0.233,0.0073,43783
1188,153,-19.052,0,5,35,1,0,0,0.232,0.0073,43936
1189,5,-13.092,0,3,1,1,0,0,0.232,0.0073,43941
1190,44,-14.542,0,4,5,1,0,0,0.231,0.0073,43985
1191,368,-19.1,7,20,83,1,0,0,0.23,0.0073,44353
1192,34,-13.041,0,3,9,1,0,0,0.23,0.0073,44387
1193,345,-16.431,4,22,52,1,0,0,0.229,0.0073,44732
1194,5,-13.012,0,3,0,1,0,0,0.229,0.0073,44737
1195,43,-9.42,2,11,4,1,0,0,0.228,0.0073,44780
1196,398,-28.757,2,13,122,1,0,0,0.227,0.0073,45178
1197,102,-12.859,3,12,19,1,0,0,0.227,0.0072,45280
1198,163,-12.582,4,22,61,1,0,0,0.226,0.0072,45443
1199,36,-10.032,0,5,5,1,0,0,0.225,0.0072,45479
1200,105,-11.093,1,8,21,1,0,0,0.225,0.0072,45584
1201,103,-17.547,0,3,22,1,0,0,0.224,0.0072,45687
1202,28,-9.822,0,5,5,1,0,0,0.223,0.0072,45715
1203,235,-16.063,3,11,65,1,0,0,0.223,0.0072,45950
1204,129,-9.854,2,11,22,1,0,0,0.222,0.0072,46079
1205,11,-10.075,0,1,1,1,0,0,0.221,0.0072,46090
1206,276,-11.21,8,27,69,1,0,0,0.221,0.0071,46366
1207,31,-10.508,0,3,5,1,0,0,0.22,0.0071,46397
1208,73,-12.717,1,4,7,1,0,0,0.219,0.0071,46470
1209,106,-12.494,2,7,13,1,0,0,0.219,0.0071,46576
1210,56,-11.94,0,4,15,1,0,0,0.218,0.0071,46632
1211,82,-15.104,0,7,20,1,0,0,0.218,0.0071,46714
1212,333,-20.344,2,24,50,1,0,0,0.217,0.0071,47047
1213,9,-9.63,0,2,1,1,0,0,0.216,0.0071,47056
1214,95,-14.309,0,13,22,1,0,0,0.216,0.0071,47151
1215,74,-13.415,1,5,9,1,0,0,0.215,0.0071,47225
1216,70,-11.385,0,7,14,1,0,0,0.214,0.007,47295
1217,28,-10.028,0,3,2,1,0,0,0.214,0.007,47323
1218,5,-12.862,0,4,0,1,0,0,0.213,0.007,47328
1219,18,-9.865,0,3,1,1,0,0,0.212,0.007,47346
1220,202,-16.648,1,15,54,1,0,0,0.212,0.007,47548
1221,59,-12.187,1,8,9,1,0,0,0.211,0.007,47607
1222,400,-7.036,6,32,69,0,0,1,0.21,0.007,48007
1223,162,-12.86,4,14,37,1,0,0,0.21,0.007,48169
1224,202,-19.403,1,11,48,1,0,0,0.209,0.007,48371
1225,31,-10.391,0,3,5,1,0,0,0.208,0.0069,48402
1226,386,-19.448,4,16,79,1,0,0,0.208,0.0069,48788
1227,83,-14.97,0,4,12,1,0,0,0.207,0.0069,48871
1228,76,-13.907,1,10,22,1,0,0,0.207,0.0069,48947
1229,60,-10.453,0,6,5,1,0,0,0.206,0.0069,49007
1230,104,-16.593,0,5,23,1,0,0,0.205,0.0069,49111
1231,52,-13.861,0,5,4,1,0,0,0.205,0.0069,49163
1232,105,-12.905,1,12,14,1,0,0,0.204,0.0069,49268
1233,51,-12.701,0,5,5,1,0,0,0.203,0.0069,49319
1234,25,-10.037,0,2,4,1,0,0,0.203,0.0068,49344
1235,283,-23.205,1,7,105,1,0,0,0.202,0.0068,49627
1236,5,-13.445,0,3,2,1,0,0,0.201,0.0068,49632
1237,330,-23.022,2,4,48,1,0,0,0.201,0.0068,49962
1238,5,-13.584,0,2,1,1,0,0,0.2,0.0068,49967
1239,322,-17.218,5,21,57,1,0,0,0.199,0.0068,50289
1240,54,-14.876,0,2,10,1,0,0,0.199,0.0068,50343
1241,149,-16.816,0,6,21,1,0,0,0.198,0.0068,50492
1242,297,-18.181,2,12,42,1,0,0,0.197,0.0068,50789
1243,47,-12.184,1,2,6,1,0,0,0.197,0.0068,50836
1244,6,-13.576,0,2,1,1,0,0,0.196,0.0067,50842
1245,296,-19.0,1,17,78,1,0,0,0.196,0.0067,51138
1246,142,-17.263,0,8,34,1,0,0,0.195,0.0067,51280
1247,82,-13.519,1,7,24,1,0,0,0.194,0.0067,51362
1248,400,-16.274,3,21,128,0,0,1,0.194,0.0067,51762
1249,66,-15.201,0,5,16,1,0,0,0.193,0.0067,51828
1250,126,-14.304,1,10,16,1,0,0,0.192,0.0067,51954
1251,39,-12.856,0,7,6,1,0,0,0.192,0.0067,51993
1252,69,-12.777,1,7,9,1,0,0,0.191,0.0067,52062
1253,109,-13.008,1,9,12,1,0,0,0.19,0.0066,52171
1254,400,-14.706,3,15,98,0,0,1,0.19,0.0066,52571
1255,170,-17.402,1,7,18,1,0,0,0.189,0.0066,52741
1256,400,-15.046,3,12,85,0,0,1,0.188,0.0066,53141
1257,173,-18.307,1,6,35,1,0,0,0.188,0.0066,53314
1258,400,-5.365,8,24,85,0,0,1,0.187,0.0066,53714
1259,400,-4.105,8,33,90,0,0,1,0.186,0.0066,54114
1260,235,-13.601,4,17,37,1,0,0,0.186,0.0066,54349
1261,51,-11.365,0,3,6,1,0,0,0.185,0.0066,54400
1262,321,-22.699,2,15,73,1,0,0,0.185,0.0065,54721
1263,123,-13.649,1,8,15,1,0,0,0.184,0.0065,54844
1264,400,-11.413,4,21,74,0,0,1,0.183,0.0065,55244
1265,186,-11.534,3,15,55,1,0,0,0.183,0.0065,55430
1266,48,-12.624,1,4,8,1,0,0,0.182,0.0065,55478
1267,400,-13.874,4,20,88,0,0,1,0.181,0.0065,55878
1268,166,-13.717,3,5,36,1,0,0,0.181,0.0065,56044
1269,55,-10.831,0,7,9,1,0,0,0.18,0.0065,56099
1270,321,-22.04,3,9,86,1,0,0,0.179,0.0065,56420
1271,180,-14.315,1,14,30,1,0,0,0.179,0.0065,56600
1272,48,-12.812,0,6,8,1,0,0,0.178,0.0064,56648
1273,178,-15.312,0,7,23,1,0,0,0.177,0.0064,56826
1274,158,-19.231,0,3,30,1,0,0,0.177,0.0064,56984
1275,294,-22.848,1,14,47,1,0,0,0.176,0.0064,57278
1276,159,-19.091,0,6,21,1,0,0,0.176,0.0064,57437
1277,13,-8.715,0,5,1,1,0,0,0.175,0.0064,57450
1278,187,-13.101,3,26,36,1,0,0,0.174,0.0064,57637
1279,400,-7.79,5,26,41,0,0,1,0.174,0.0064,58037
1280,72,-11.778,0,5,3,1,0,0,0.173,0.0064,58109
1281,400,-16.141,2,15,141,0,0,1,0.172,0.0063,58509
1282,400,-15.919,4,8,84,0,0,1,0.172,0.0063,58909
1283,100,-13.419,1,8,14,1,0,0,0.171,0.0063,59009
1284,37,-14.431,0,2,3,1,0,0,0.17,0.0063,59046
1285,392,-28.414,1,10,55,1,0,0,0.17,0.0063,59438
1286,290,-16.405,1,15,40,1,0,0,0.169,0.0063,59728
1287,11,-12.437,0,3,2,1,0,0,0.168,0.0063,59739
1288,5,-13.084,0,4,1,1,0,0,0.168,0.0063,59744
1289,334,-18.445,0,16,37,1,0,0,0.167,0.0063,60078
1290,247,-17.202,1,9,33,1,0,0,0.166,0.0063,60325
1291,195,-18.286,1,9,20,1,0,0,0.166,0.0062,60520
1292,170,-15.494,1,13,36,1,0,0,0.165,0.0062,60690
1293,104,-15.393,0,10,12,1,0,0,0.165,0.0062,60794
1294,128,-11.063,3,10,30,1,0,0,0.164,0.0062,60922
1295,323,-19.739,3,13,37,1,0,0,0.163,0.0062,61245
1296,5,-13.154,0,2,0,1,0,0,0.163,0.0062,61250
1297,142,-16.646,1,12,35,1,0,0,0.162,0.0062,61392
1298,400,-11.879,4,15,58,0,0,1,0.161,0.0062,61792
1299,112,-14.452,0,7,30,1,0,0,0.161,0.0062,61904
1300,220,-12.384,5,15,47,1,0,0,0.16,0.0061,62124
1301,82,-13.354,0,9,8,1,0,0,0.159,0.0061,62206
1302,400,-8.448,5,18,106,0,0,1,0.159,0.0061,62606
1303,400,-13.125,3,14,110,0,0,1,0.158,0.0061,63006
1304,92,-14.833,0,9,15,1,0,0,0.157,0.0061,63098
1305,367,-20.591,3,12,96,1,0,0,0.157,0.0061,63465
1306,147,-16.907,0,6,11,1,0,0,0.156,0.0061,63612
1307,400,-8.397,6,10,62,0,0,1,0.155,0.0061,64012
1308,79,-15.031,0,2,9,1,0,0,0.155,0.0061,64091
1309,33,-12.564,0,5,6,1,0,0,0.154,0.006,64124
1310,276,-21.929,3,11,58,1,0,0,0.154,0.006,64400
1311,400,-11.146,4,10,37,0,0,1,0.153,0.006,64800
1312,51,-12.216,0,1,24,1,0,0,0.152,0.006,64851
1313,140,-14.502,0,6,21,1,0,0,0.152,0.006,64991
1314,371,-12.848,5,17,21,1,0,0,0.151,0.006,65362
1315,127,-9.558,3,11,18,1,0,0,0.15,0.006,65489
1316,76,-13.162,1,7,14,1,0,0,0.15,0.006,65565
1317,400,-9.04,3,13,55,0,0,1,0.149,0.006,65965
1318,31,-14.14,0,2,2,1,0,0,0.148,0.006,65996
1319,175,-11.749,3,14,20,1,0,0,0.148,0.0059,66171
1320,400,-14.194,2,11,91,0,0,1,0.147,0.0059,66571
1321,188,-17.504,1,5,29,1,0,0,0.146,0.0059,66759
1322,135,-13.492,2,10,28,1,0,0,0.146,0.0059,66894
1323,232,-17.035,2,13,20,1,0,0,0.145,0.0059,67126
1324,400,-16.307,3,8,91,0,0,1,0.144,0.0059,67526
1325,179,-20.129,0,4,25,1,0,0,0.144,0.0059,67705
1326,400,-10.487,3,14,40,0,0,1,0.143,0.0059,68105
1327,400,-10.066,3,12,40,0,0,1,0.143,0.0059,68505
1328,47,-10.777,0,3,6,1,0,0,0.142,0.0058,68552
1329,379,-22.536,3,14,46,1,0,0,0.141,0.0058,68931
1330,400,-11.115,5,14,88,0,0,1,0.141,0.0058,69331
1331,400,-6.489,7,33,115,0,0,1,0.14,0.0058,69731
1332,115,-12.639,0,8,12,1,0,0,0.139,0.0058,69846
1333,400,-10.992,2,11,41,0,0,1,0.139,0.0058,70246
1334,139,-13.751,3,6,10,1,0,0,0.138,0.0058,70385
1335,213,-21.265,1,7,52,1,0,0,0.137,0.0058,70598
1336,400,-7.365,8,30,99,0,0,1,0.137,0.0058,70998
1337,199,-19.852,0,7,47,1,0,0,0.136,0.0057,71197
1338,5,-13.012,0,3,0,1,0,0,0.135,0.0057,71202
1339,60,-13.331,0,5,6,1,0,0,0.135,0.0057,71262
1340,91,-13.419,0,4,3,1,0,0,0.134,0.0057,71353
1341,400,-13.065,3,19,151,0,0,1,0.133,0.0057,71753
1342,400,-8.52,4,15,67,0,0,1,0.133,0.0057,72153
1343,181,-14.479,1,6,18,1,0,0,0.132,0.0057,72334
1344,400,-2.177,8,17,63,0,0,1,0.132,0.0057,72734
1345,222,-13.025,4,13,30,1,0,0,0.131,0.0057,72956
1346,64,-12.102,0,1,6,1,0,0,0.13,0.0057,73020
1347,400,-12.973,3,21,111,0,0,1,0.13,0.0056,73420
1348,338,-23.406,0,5,18,1,0,0,0.129,0.0056,73758
1349,275,-21.387,1,8,43,1,0,0,0.128,0.0056,74033
1350,400,-6.08,6,13,44,0,0,1,0.128,0.0056,74433
1351,80,-13.878,1,8,18,1,0,0,0.127,0.0056,74513
1352,116,-14.708,1,10,25,1,0,0,0.126,0.0056,74629
1353,400,-7.482,6,31,77,0,0,1,0.126,0.0056,75029
1354,196,-15.937,0,7,19,1,0,0,0.125,0.0056,75225
1355,168,-17.862,1,10,45,1,0,0,0.124,0.0056,75393
1356,373,-16.124,5,27,82,1,0,0,0.124,0.0055,75766
1357,191,-15.148,1,7,26,1,0,0,0.123,0.0055,75957
1358,400,-6.676,5,24,83,0,0,1,0.122,0.0055,76357
1359,400,-8.835,4,11,47,0,0,1,0.122,0.0055,76757
1360,400,-14.599,0,8,75,0,0,1,0.121,0.0055,77157
1361,400,-12.785,3,14,107,0,0,1,0.121,0.0055,77557
1362,341,-17.567,6,26,90,1,0,0,0.12,0.0055,77898
1363,296,-19.18,1,12,22,1,0,0,0.119,0.0055,78194
1364,400,-14.504,1,10,69,0,0,1,0.119,0.0055,78594
1365,264,-17.152,4,19,44,1,0,0,0.118,0.0055,78858
1366,400,-12.046,5,18,101,0,0,1,0.117,0.0054,79258
1367,296,-15.34,5,23,43,1,0,0,0.117,0.0054,79554
1368,117,-8.208,4,14,20,1,0,0,0.116,0.0054,79671
1369,85,-15.512,0,6,9,1,0,0,0.115,0.0054,79756
1370,125,-15.04,1,4,7,1,0,0,0.115,0.0054,79881
1371,302,-23.081,1,5,40,1,0,0,0.114,0.0054,80183
1372,400,-11.318,4,20,74,0,0,1,0.113,0.0054,80583
1373,11,-13.324,0,2,0,1,0,0,0.113,0.0054,80594
1374,292,-19.936,1,7,53,1,0,0,0.112,0.0054,80886
1375,400,-8.939,6,21,74,0,0,1,0.111,0.0053,81286
1376,400,-19.804,1,12,136,0,0,1,0.111,0.0053,81686
1377,400,-19.137,1,4,87,0,0,1,0.11,0.0053,82086
1378,319,-18.531,3,21,81,1,0,0,0.11,0.0053,82405
1379,400,-12.434,1,11,32,0,0,1,0.109,0.0053,82805
1380,141,-18.898,0,3,30,1,0,0,0.108,0.0053,82946
1381,392,-25.522,0,7,77,1,0,0,0.108,0.0053,83338
1382,400,-12.839,2,10,26,0,0,1,0.107,0.0053,83738
1383,199,-19.228,1,7,14,1,0,0,0.106,0.0053,83937
1384,39,-10.524,0,3,5,1,0,0,0.106,0.0052,83976
1385,203,-18.935,0,12,24,1,0,0,0.105,0.0052,84179
1386,338,-23.223,3,16,55,1,0,0,0.104,0.0052,84517
1387,400,-15.303,0,5,40,0,0,1,0.104,0.0052,84917
1388,400,-13.75,3,18,72,0,0,1,0.103,0.0052,85317
1389,400,-15.012,1,4,22,0,0,1,0.102,0.0052,85717
1390,179,-17.059,1,6,22,1,0,0,0.102,0.0052,85896
1391,200,-18.347,0,6,22,1,0,0,0.101,0.0052,86096
1392,56,-12.081,1,8,4,1,0,0,0.1,0.0052,86152
1393,311,-20.023,1,8,28,1,0,0,0.1,0.0052,86463
1394,400,-15.085,0,3,58,0,0,1,0.099,0.0051,86863
1395,372,-25.073,1,12,91,1,0,0,0.099,0.0051,87235
1396,400,-10.093,2,24,51,0,0,1,0.098,0.0051,87635
1397,400,-6.284,6,31,55,0,0,1,0.097,0.0051,88035
1398,400,-10.766,4,18,71,0,0,1,0.097,0.0051,88435
1399,367,-20.603,0,12,24,1,0,0,0.096,0.0051,88802
1400,400,-6.84,4,19,31,0,0,1,0.095,0.0051,89202
1401,304,-23.491,1,6,35,1,0,0,0.095,0.0051,89506
1402,296,-18.996,1,16,53,1,0,0,0.094,0.0051,89802
1403,400,-14.964,2,12,52,0,0,1,0.093,0.005,90202
1404,49,-13.23,1,5,11,1,0,0,0.093,0.005,90251
1405,400,-14.41,1,7,49,0,0,1,0.092,0.005,90651
1406,259,-19.184,1,6,10,1,0,0,0.091,0.005,90910
1407,290,-23.072,2,5,57,1,0,0,0.091,0.005,91200
1408,400,-12.407,2,9,34,0,0,1,0.09,0.005,91600
1409,369,-23.795,5,16,65,1,0,0,0.089,0.005,91969
1410,400,-10.734,3,8,71,0,0,1,0.089,0.005,92369
1411,329,-23.231,1,4,30,1,0,0,0.088,0.005,92698
1412,400,-9.716,4,22,43,0,0,1,0.088,0.0049,93098
1413,313,-23.636,2,7,30,1,0,0,0.087,0.0049,93411
1414,18,-9.48,0,4,3,1,0,0,0.086,0.0049,93429
1415,127,-14.016,0,3,6,1,0,0,0.086,0.0049,93556
1416,400,-12.613,1,12,57,0,0,1,0.085,0.0049,93956
1417,115,-13.557,2,7,10,1,0,0,0.084,0.0049,94071
1418,400,-11.621,1,16,21,0,0,1,0.084,0.0049,94471
1419,400,-11.441,3,19,33,0,0,1,0.083,0.0049,94871
1420,400,-14.855,3,12,96,0,0,1,0.082,0.0049,95271
1421,258,-19.132,1,12,59,1,0,0,0.082,0.0049,95529
1422,400,-13.888,0,9,19,0,0,1,0.081,0.0048,95929
1423,321,-22.984,3,7,51,1,0,0,0.08,0.0048,96250
1424,32,-10.512,0,2,2,1,0,0,0.08,0.0048,96282
1425,5,-13.055,0,3,0,1,0,0,0.079,0.0048,96287
1426,397,-22.983,4,21,61,1,0,0,0.079,0.0048,96684
1427,400,-15.054,1,10,77,0,0,1,0.078,0.0048,97084
1428,400,-14.796,1,4,16,0,0,1,0.077,0.0048,97484
1429,400,-14.414,1,14,88,0,0,1,0.077,0.0048,97884
1430,400,-12.169,3,11,21,0,0,1,0.076,0.0048,98284
1431,400,-11.846,1,11,30,0,0,1,0.075,0.0047,98684
1432,400,-13.366,6,24,115,0,0,1,0.075,0.0047,99084
1433,400,-10.883,2,17,43,0,0,1,0.074,0.0047,99484
1434,400,-13.17,5,22,121,0,0,1,0.073,0.0047,99884
1435,400,-9.025,3,14,39,0,0,1,0.073,0.0047,100284
1436,400,-13.464,2,6,56,0,0,1,0.072,0.0047,100684
1437,391,-21.437,0,10,12,1,0,0,0.071,0.0047,101075
1438,9,-13.173,0,2,4,1,0,0,0.071,0.0047,101084
1439,400,-15.046,0,6,38,0,0,1,0.07,0.0047,101484
1440,400,-9.692,2,15,35,0,0,1,0.069,0.0047,101884
1441,215,-15.087,2,7,6,1,0,0,0.069,0.0046,102099
1442,400,-13.007,2,11,77,0,0,1,0.068,0.0046,102499
1443,400,-12.598,4,9,67,0,0,1,0.068,0.0046,102899
1444,400,-13.725,1,7,31,0,0,1,0.067,0.0046,103299
1445,400,-13.262,2,8,25,0,0,1,0.066,0.0046,103699
1446,142,-15.569,0,7,13,1,0,0,0.066,0.0046,103841
1447,400,-16.207,3,12,97,0,0,1,0.065,0.0046,104241
1448,391,-18.762,2,10,24,1,0,0,0.064,0.0046,104632
1449,400,-11.053,2,19,53,0,0,1,0.064,0.0046,105032
1450,400,-14.856,0,6,18,0,0,1,0.063,0.0045,105432
1451,302,-17.641,2,15,29,1,0,0,0.062,0.0045,105734
1452,400,-11.941,2,7,24,0,0,1,0.062,0.0045,106134
1453,400,-11.907,3,8,12,0,0,1,0.061,0.0045,106534
1454,393,-21.764,2,10,16,1,0,0,0.06,0.0045,106927
1455,400,-12.631,1,8,18,0,0,1,0.06,0.0045,107327
1456,400,-13.719,1,6,17,0,0,1,0.059,0.0045,107727
1457,400,-15.356,0,6,22,0,0,1,0.058,0.0045,108127
1458,400,-14.557,0,3,18,0,0,1,0.058,0.0045,108527
1459,400,-12.295,1,5,11,0,0,1,0.057,0.0044,108927
1460,400,-14.592,0,5,20,0,0,1,0.057,0.0044,109327
1461,313,-22.019,1,15,72,1,0,0,0.056,0.0044,109640
1462,400,-11.073,3,8,22,0,0,1,0.055,0.0044,110040
1463,400,-11.771,2,11,31,0,0,1,0.055,0.0044,110440
1464,400,-9.987,3,10,29,0,0,1,0.054,0.0044,110840
1465,400,-11.306,2,8,14,0,0,1,0.053,0.0044,111240
1466,400,-9.788,2,9,20,0,0,1,0.053,0.0044,111640
1467,400,-11.545,1,9,20,0,0,1,0.052,0.0044,112040
1468,400,-13.469,1,11,39,0,0,1,0.051,0.0044,112440
1469,400,-6.283,4,24,23,0,0,1,0.051,0.0043,112840
1470,400,-9.549,1,11,31,0,0,1,0.05,0.0043,113240
1471,400,-11.526,1,5,24,0,0,1,0.049,0.0043,113640
1472,400,-13.907,1,11,71,0,0,1,0.049,0.0043,114040
1473,400,-10.197,3,12,47,0,0,1,0.048,0.0043,114440
1474,101,-12.815,1,9,4,1,0,0,0.047,0.0043,114541
1475,400,-12.139,1,12,7,0,0,1,0.047,0.0043,114941
1476,400,-14.131,0,0,11,0,0,1,0.046,0.0043,115341
1477,400,-13.927,2,10,59,0,0,1,0.046,0.0043,115741
1478,400,-14.219,0,3,27,0,0,1,0.045,0.0042,116141
1479,400,-10.273,2,10,6,0,0,1,0.044,0.0042,116541
1480,400,-13.634,1,10,40,0,0,1,0.044,0.0042,116941
1481,400,-13.434,2,6,8,0,0,1,0.043,0.0042,117341
1482,400,-14.333,0,2,9,0,0,1,0.042,0.0042,117741
1483,211,-20.012,1,8,41,1,0,0,0.042,0.0042,117952
1484,400,-11.029,3,7,18,0,0,1,0.041,0.0042,118352
1485,400,-13.379,0,3,10,0,0,1,0.04,0.0042,118752
1486,400,-12.848,2,3,25,0,0,1,0.04,0.0042,119152
1487,400,-13.423,1,3,23,0,0,1,0.039,0.0041,119552
1488,400,-14.053,0,0,8,0,0,1,0.038,0.0041,119952
1489,400,-12.709,0,3,5,0,0,1,0.038,0.0041,120352
1490,400,-13.151,0,2,4,0,0,1,0.037,0.0041,120752
1491,400,0.256,8,23,23,0,0,1,0.036,0.0041,121152
1492,102,-16.753,0,3,4,1,0,0,0.036,0.0041,121254
1493,400,-12.975,2,4,25,0,0,1,0.035,0.0041,121654
1494,47,-16.173,0,3,23,1,0,0,0.035,0.0041,121701
1495,400,-10.046,2,15,26,0,0,1,0.034,0.0041,122101
1496,400,-13.596,3,10,45,0,0,1,0.033,0.0041,122501
1497,400,-14.014,0,0,8,0,0,1,0.033,0.004,122901
1498,400,-13.182,2,5,21,0,0,1,0.032,0.004,123301
1499,400,-16.851,0,4,50,0,0,1,0.031,0.004,123701
1500,400,-12.76,0,7,1,0,0,1,0.031,0.004,124101
1501,400,-13.854,0,0,6,0,0,1,0.03,0.004,124501
1502,400,-12.112,1,3,11,0,0,1,0.03,0.004,124901
1503,400,-11.999,0,5,9,0,0,1,0.03,0.004,125301
1504,400,-12.718,1,2,13,0,0,1,0.03,0.004,125701
1505,360,-25.125,0,5,8,1,0,0,0.03,0.004,126061
1506,400,-13.336,0,2,7,0,0,1,0.03,0.004,126461
1507,400,-14.054,0,0,8,0,0,1,0.03,0.004,126861
1508,400,-13.011,1,6,13,0,0,1,0.03,0.004,127261
1509,400,-14.006,1,5,33,0,0,1,0.03,0.004,127661
1510,400,-11.31,2,8,24,0,0,1,0.03,0.004,128061
1511,400,-9.829,2,11,10,0,0,1,0.03,0.004,128461
1512,400,-14.219,0,4,28,0,0,1,0.03,0.004,128861
1513,400,-13.631,0,3,4,0,0,1,0.03,0.004,129261
1514,400,-10.727,2,11,15,0,0,1,0.03,0.004,129661
1515,400,-11.758,2,8,28,0,0,1,0.03,0.004,130061
1516,400,-14.175,0,0,9,0,0,1,0.03,0.004,130461
1517,400,-13.518,1,5,25,0,0,1,0.03,0.004,130861
1518,400,-10.552,2,8,4,0,0,1,0.03,0.004,131261
1519,400,-16.091,1,10,74,0,0,1,0.03,0.004,131661
1520,400,-11.508,1,5,7,0,0,1,0.03,0.004,132061
1521,400,-9.593,2,10,27,0,0,1,0.03,0.004,132461
1522,400,-13.542,0,2,8,0,0,1,0.03,0.004,132861
1523,400,-12.374,1,4,14,0,0,1,0.03,0.004,133261
1524,400,-13.654,0,0,3,0,0,1,0.03,0.004,133661
1525,400,-13.396,0,3,9,0,0,1,0.03,0.004,134061
1526,400,-10.655,1,12,17,0,0,1,0.03,0.004,134461
1527,400,-9.079,3,9,27,0,0,1,0.03,0.004,134861
1528,400,-9.942,2,14,11,0,0,1,0.03,0.004,135261
1529,400,-13.893,0,0,7,0,0,1,0.03,0.004,135661
1530,400,-12.92,0,13,54,0,0,1,0.03,0.004,136061
1531,400,-12.726,0,5,16,0,0,1,0.03,0.004,136461
1532,400,-13.233,0,3,4,0,0,1,0.03,0.004,136861
1533,400,-11.629,2,9,27,0,0,1,0.03,0.004,137261
1534,400,-14.201,0,3,9,0,0,1,0.03,0.004,137661
1535,400,-13.892,0,4,6,0,0,1,0.03,0.004,138061
1536,400,-13.372,0,0,1,0,0,1,0.03,0.004,138461
1537,400,-14.014,0,0,8,0,0,1,0.03,0.004,138861
1538,400,-19.222,1,4,110,0,0,1,0.03,0.004,139261
1539,400,-12.272,0,5,11,0,0,1,0.03,0.004,139661
1540,400,-11.89,1,11,21,0,0,1,0.03,0.004,140061
1541,400,-14.898,0,2,7,0,0,1,0.03,0.004,140461
1542,400,-13.606,0,3,7,0,0,1,0.03,0.004,140861
1543,400,-13.382,0,3,3,0,0,1,0.03,0.004,141261
1544,290,-19.086,0,3,6,1,0,0,0.03,0.004,141551
1545,400,-13.894,0,0,6,0,0,1,0.03,0.004,141951
1546,400,-11.899,2,3,5,0,0,1,0.03,0.004,142351
1547,400,-11.555,3,7,47,0,0,1,0.03,0.004,142751
1548,400,-13.63,0,5,7,0,0,1,0.03,0.004,143151
1549,400,-15.179,1,5,34,0,0,1,0.03,0.004,143551
1550,400,-13.934,0,0,7,0,0,1,0.03,0.004,143951
1551,400,-13.106,0,3,7,0,0,1,0.03,0.004,144351
1552,400,-12.548,1,5,7,0,0,1,0.03,0.004,144751
1553,400,-14.481,0,0,14,0,0,1,0.03,0.004,145151
1554,400,-11.244,0,3,3,0,0,1,0.03,0.004,145551
1555,400,-12.855,0,2,2,0,0,1,0.03,0.004,145951
1556,400,-15.483,1,6,8,0,0,1,0.03,0.004,146351
1557,400,-10.403,2,13,22,0,0,1,0.03,0.004,146751
1558,328,-19.883,0,5,6,1,0,0,0.03,0.004,147079
1559,400,-12.012,1,3,9,0,0,1,0.03,0.004,147479
1560,400,-12.8,1,4,23,0,0,1,0.03,0.004,147879
1561,400,-12.75,2,12,40,0,0,1,0.03,0.004,148279
1562,400,-10.588,2,9,20,0,0,1,0.03,0.004,148679
1563,400,-11.001,2,10,20,0,0,1,0.03,0.004,149079
1564,400,-13.623,0,4,19,0,0,1,0.03,0.004,149479
1565,400,-15.296,0,1,20,0,0,1,0.03,0.004,149879
1566,400,-12.523,2,9,11,0,0,1,0.03,0.004,150279
1567,400,-9.772,2,10,4,0,0,1,0.03,0.004,150679
1568,400,-13.238,0,5,43,0,0,1,0.03,0.004,151079
1569,400,-13.495,0,2,9,0,0,1,0.03,0.004,151479
1570,400,-13.731,0,0,6,0,0,1,0.03,0.004,151879
1571,400,-18.428,2,5,93,0,0,1,0.03,0.004,152279
1572,400,-11.157,2,11,23,0,0,1,0.03,0.004,152679
1573,400,-12.69,2,9,34,0,0,1,0.03,0.004,153079
1574,400,-9.31,3,13,7,0,0,1,0.03,0.004,153479
1575,400,-12.487,2,8,4,0,0,1,0.03,0.004,153879
1576,400,-10.397,2,14,32,0,0,1,0.03,0.004,154279
1577,400,-14.462,0,6,29,0,0,1,0.03,0.004,154679
1578,400,-13.303,0,3,4,0,0,1,0.03,0.004,155079
1579,103,-15.924,0,2,21,1,0,0,0.03,0.004,155182
1580,400,-10.74,0,10,13,0,0,1,0.03,0.004,155582
1581,400,-10.096,2,7,10,0,0,1,0.03,0.004,155982
1582,400,-11.368,2,2,11,0,0,1,0.03,0.004,156382
1583,400,-15.546,0,2,7,0,0,1,0.03,0.004,156782
1584,400,-12.533,2,5,39,0,0,1,0.03,0.004,157182
1585,400,-13.035,0,3,5,0,0,1,0.03,0.004,157582
1586,400,-12.653,0,5,8,0,0,1,0.03,0.004,157982
1587,400,-13.703,1,8,7,0,0,1,0.03,0.004,158382
1588,400,-9.623,4,11,29,0,0,1,0.03,0.004,158782
1589,400,-8.64,2,14,19,0,0,1,0.03,0.004,159182
1590,400,-13.814,0,0,5,0,0,1,0.03,0.004,159582
1591,400,-16.584,1,8,51,0,0,1,0.03,0.004,159982
1592,400,-13.086,0,3,11,0,0,1,0.03,0.004,160382
1593,400,-12.446,0,7,26,0,0,1,0.03,0.004,160782
1594,400,-13.654,0,0,3,0,0,1,0.03,0.004,161182
1595,400,-14.411,0,5,13,0,0,1,0.03,0.004,161582
1596,400,-13.669,1,3,12,0,0,1,0.03,0.004,161982
1597,400,-10.123,3,14,53,0,0,1,0.03,0.004,162382
1598,400,-8.771,4,17,66,0,0,1,0.03,0.004,162782
1599,400,-10.778,3,14,40,0,0,1,0.03,0.004,163182
1600,400,-14.288,0,3,11,0,0,1,0.03,0.004,163582
1601,136,-11.176,1,10,1,1,0,0,0.03,0.004,163718
1602,400,-13.003,0,5,32,0,0,1,0.03,0.004,164118
1603,400,-10.639,1,8,5,0,0,1,0.03,0.004,164518
1604,400,-9.263,3,12,36,0,0,1,0.03,0.004,164918
1605,400,-12.85,3,15,94,0,0,1,0.03,0.004,165318
1606,400,-12.614,2,8,33,0,0,1,0.03,0.004,165718
1607,400,-9.251,2,12,21,0,0,1,0.03,0.004,166118
1608,400,-14.453,0,0,14,0,0,1,0.03,0.004,166518
1609,400,-14.053,0,0,9,0,0,1,0.03,0.004,166918
1610,400,-10.306,6,14,87,0,0,1,0.03,0.004,167318
1611,400,-15.561,0,0,30,0,0,1,0.03,0.004,167718
1612,400,-13.734,0,0,4,0,0,1,0.03,0.004,168118
1613,400,-11.251,2,13,29,0,0,1,0.03,0.004,168518
1614,400,-12.795,0,3,2,0,0,1,0.03,0.004,168918
1615,400,-10.771,1,15,6,0,0,1,0.03,0.004,169318
1616,400,-16.455,0,6,54,0,0,1,0.03,0.004,169718
1617,400,-9.169,2,12,9,0,0,1,0.03,0.004,170118
1618,400,-13.854,0,0,6,0,0,1,0.03,0.004,170518
1619,400,-13.615,0,0,2,0,0,1,0.03,0.004,170918
1620,400,-13.416,0,2,8,0,0,1,0.03,0.004,171318
1621,400,-13.75,3,12,97,0,0,1,0.03,0.004,171718
1622,400,-12.592,0,7,13,0,0,1,0.03,0.004,172118
1623,70,-15.461,0,2,1,1,0,0,0.03,0.004,172188
1624,400,-11.455,2,9,23,0,0,1,0.03,0.004,172588
1625,400,-13.854,0,0,6,0,0,1,0.03,0.004,172988
1626,400,-5.68,3,17,15,0,0,1,0.03,0.004,173388
1627,400,-13.723,2,4,55,0,0,1,0.03,0.004,173788
1628,400,-13.268,0,3,9,0,0,1,0.03,0.004,174188
1629,400,-11.977,0,11,9,0,0,1,0.03,0.004,174588
1630,400,-9.286,5,18,65,0,0,1,0.03,0.004,174988
1631,400,-12.311,1,7,19,0,0,1,0.03,0.004,175388
1632,400,-13.038,0,3,6,0,0,1,0.03,0.004,175788
1633,400,-6.356,4,25,70,0,0,1,0.03,0.004,176188
1634,400,-13.733,0,0,5,0,0,1,0.03,0.004,176588
1635,400,-9.501,2,8,16,0,0,1,0.03,0.004,176988
1636,400,-13.291,0,3,8,0,0,1,0.03,0.004,177388
1637,400,-13.3,0,2,8,0,0,1,0.03,0.004,177788
1638,400,-13.177,2,11,61,0,0,1,0.03,0.004,178188
1639,400,-10.556,2,4,11,0,0,1,0.03,0.004,178588
1640,400,-11.618,0,8,6,0,0,1,0.03,0.004,178988
1641,400,-11.748,0,5,4,0,0,1,0.03,0.004,179388
1642,400,-9.006,2,10,11,0,0,1,0.03,0.004,179788
1643,400,-15.361,1,5,40,0,0,1,0.03,0.004,180188
1644,400,-10.807,1,10,13,0,0,1,0.03,0.004,180588
1645,400,-12.458,0,6,5,0,0,1,0.03,0.004,180988
1646,400,-13.57,1,7,34,0,0,1,0.03,0.004,181388
1647,400,-13.168,1,6,24,0,0,1,0.03,0.004,181788
1648,400,-8.427,4,21,37,0,0,1,0.03,0.004,182188
1649,400,-14.928,0,3,8,0,0,1,0.03,0.004,182588
1650,400,-12.601,0,3,2,0,0,1,0.03,0.004,182988
1651,400,-6.611,4,19,20,0,0,1,0.03,0.004,183388
1652,30,-14.312,0,2,4,1,0,0,0.03,0.004,183418
1653,400,-13.772,0,0,6,0,0,1,0.03,0.004,183818
1654,400,-16.9,1,8,96,0,0,1,0.03,0.004,184218
1655,400,-10.268,1,7,13,0,0,1,0.03,0.004,184618
1656,400,-13.615,0,0,2,0,0,1,0.03,0.004,185018
1657,400,-13.284,0,5,6,0,0,1,0.03,0.004,185418
1658,400,-12.225,0,4,5,0,0,1,0.03,0.004,185818
1659,400,-7.537,4,13,13,0,0,1,0.03,0.004,186218
1660,400,-13.961,0,0,7,0,0,1,0.03,0.004,186618
1661,400,-10.069,2,10,11,0,0,1,0.03,0.004,187018
1662,400,-10.956,2,7,13,0,0,1,0.03,0.004,187418
1663,400,-15.812,0,2,6,0,0,1,0.03,0.004,187818
1664,400,-13.83,0,0,5,0,0,1,0.03,0.004,188218
1665,400,-5.143,4,25,32,0,0,1,0.03,0.004,188618
1666,400,-14.351,0,3,9,0,0,1,0.03,0.004,189018
1667,320,-22.713,0,8,9,1,0,0,0.03,0.004,189338
1668,400,-10.81,1,4,16,0,0,1,0.03,0.004,189738
1669,400,-13.6,1,6,6,0,0,1,0.03,0.004,190138
1670,400,-14.174,0,0,10,0,0,1,0.03,0.004,190538
1671,400,-11.01,4,15,55,0,0,1,0.03,0.004,190938
1672,400,-17.453,1,3,60,0,0,1,0.03,0.004,191338
1673,400,-8.009,4,13,25,0,0,1,0.03,0.004,191738
1674,400,-13.033,0,3,10,0,0,1,0.03,0.004,192138
1675,400,-13.275,0,3,8,0,0,1,0.03,0.004,192538
1676,400,-5.891,4,22,23,0,0,1,0.03,0.004,192938
1677,400,-11.609,1,10,17,0,0,1,0.03,0.004,193338
1678,400,-13.636,0,3,12,0,0,1,0.03,0.004,193738
1679,400,-14.071,1,10,18,0,0,1,0.03,0.004,194138
1680,400,-12.749,1,10,21,0,0,1,0.03,0.004,194538
1681,400,-11.59,0,3,6,0,0,1,0.03,0.004,194938
1682,400,-12.531,0,2,5,0,0,1,0.03,0.004,195338
1683,400,-11.085,1,15,19,0,0,1,0.03,0.004,195738
1684,400,-13.453,0,5,5,0,0,1,0.03,0.004,196138
1685,400,-12.143,0,7,4,0,0,1,0.03,0.004,196538
1686,28,-13.792,0,3,0,1,0,0,0.03,0.004,196566
1687,400,-13.629,0,2,11,0,0,1,0.03,0.004,196966
1688,400,-8.175,2,10,12,0,0,1,0.03,0.004,197366
1689,400,-13.906,0,2,6,0,0,1,0.03,0.004,197766
1690,400,-12.939,3,9,47,0,0,1,0.03,0.004,198166
1691,400,-12.56,0,2,4,0,0,1,0.03,0.004,198566
1692,353,-14.194,3,14,5,1,0,0,0.03,0.004,198919
1693,400,-3.737,5,23,11,0,0,1,0.03,0.004,199319
1694,400,-9.742,1,9,13,0,0,1,0.03,0.004,199719
1695,370,-24.226,2,8,40,1,0,0,0.03,0.004,200000
1696,400,-6.552,4,21,27,0,0,1,0.03,0.004,200000
1697,53,-7.323,2,10,6,1,0,0,0.03,0.004,200000
1698,400,-9.427,2,8,18,0,0,1,0.03,0.004,200000
1699,400,-12.245,0,4,7,0,0,1,0.03,0.004,200000
1700,400,-13.24,6,24,154,0,0,1,0.03,0.004,200000
1701,400,-9.625,4,14,41,0,0,1,0.03,0.004,200000
1702,400,-9.85,3,14,17,0,0,1,0.03,0.004,200000
1703,400,-13.781,0,0,5,0,0,1,0.03,0.004,200000
1704,400,1.786,7,48,55,0,0,1,0.03,0.004,200000
1705,400,-13.035,0,3,5,0,0,1,0.03,0.004,200000
1706,400,-7.55,4,18,42,0,0,1,0.03,0.004,200000
1707,400,-10.699,1,12,28,0,0,1,0.03,0.004,200000
1708,400,-12.593,1,2,14,0,0,1,0.03,0.004,200000
1709,162,-16.421,0,7,13,1,0,0,0.03,0.004,200000
1710,400,-12.34,0,4,11,0,0,1,0.03,0.004,200000
1711,400,-9.905,1,13,20,0,0,1,0.03,0.004,200000
1712,142,-19.489,0,3,23,1,0,0,0.03,0.004,200000
1713,400,-5.841,7,14,61,0,0,1,0.03,0.004,200000
1714,144,-17.959,0,3,1,1,0,0,0.03,0.004,200000
1715,400,-15.419,0,4,32,0,0,1,0.03,0.004,200000
1716,400,-12.922,1,6,41,0,0,1,0.03,0.004,200000
1717,400,-12.446,0,9,20,0,0,1,0.03,0.004,200000
1718,400,-8.836,2,18,37,0,0,1,0.03,0.004,200000
1719,400,-16.336,0,2,13,0,0,1,0.03,0.004,200000
1720,400,-16.265,0,1,7,0,0,1,0.03,0.004,200000
1721,400,-11.923,0,9,9,0,0,1,0.03,0.004,200000
1722,400,-14.453,0,7,36,0,0,1,0.03,0.004,200000
1723,400,-14.995,0,5,41,0,0,1,0.03,0.004,200000
1724,400,-13.933,0,6,2,0,0,1,0.03,0.004,200000
1725,400,-9.502,1,11,36,0,0,1,0.03,0.004,200000
1726,400,-8.814,2,13,8,0,0,1,0.03,0.004,200000
1727,400,-13.889,0,5,13,0,0,1,0.03,0.004,200000
1728,400,-11.846,1,11,34,0,0,1,0.03,0.004,200000
1729,400,-13.165,1,12,20,0,0,1,0.03,0.004,200000
1730,400,-14.505,0,3,8,0,0,1,0.03,0.004,200000
1731,400,-12.738,1,17,65,0,0,1,0.03,0.004,200000
1732,400,-17.623,1,4,83,0,0,1,0.03,0.004,200000
1733,400,-12.457,3,14,66,0,0,1,0.03,0.004,200000
1734,400,-13.677,1,8,20,0,0,1,0.03,0.004,200000
1735,7,-13.19,0,3,2,1,0,0,0.03,0.004,200000
1736,202,-16.27,0,2,5,1,0,0,0.03,0.004,200000
1737,400,-9.334,3,9,12,0,0,1,0.03,0.004,200000
1738,5,-13.735,0,1,1,1,0,0,0.03,0.004,200000
1739,400,-8.975,2,13,47,0,0,1,0.03,0.004,200000
1740,400,-12.057,2,7,26,0,0,1,0.03,0.004,200000
1741,400,-9.599,2,13,39,0,0,1,0.03,0.004,200000
1742,14,-14.29,0,4,9,1,0,0,0.03,0.004,200000
1743,400,-9.458,3,5,15,0,0,1,0.03,0.004,200000
1744,400,-13.614,0,0,3,0,0,1,0.03,0.004,200000
1745,400,-13.135,0,2,5,0,0,1,0.03,0.004,200000
1746,16,-14.284,0,2,10,1,0,0,0.03,0.004,200000
1747,400,-8.848,4,10,10,0,0,1,0.03,0.004,200000
1748,400,-13.137,1,7,4,0,0,1,0.03,0.004,200000
1749,400,-9.969,1,13,17,0,0,1,0.03,0.004,200000
1750,400,-11.305,3,16,54,0,0,1,0.03,0.004,200000
1751,400,-8.032,3,15,2,0,0,1,0.03,0.004,200000
1752,400,-12.526,1,8,5,0,0,1,0.03,0.004,200000
1753,400,-10.419,3,15,30,0,0,1,0.03,0.004,200000
1754,146,-16.339,2,11,46,1,0,0,0.03,0.004,200000
1755,400,-6.752,4,25,30,0,0,1,0.03,0.004,200000
1756,400,-15.416,0,6,16,0,0,1,0.03,0.004,200000
1757,131,-18.116,0,2,8,1,0,0,0.03,0.004,200000
1758,7,-13.47,0,4,3,1,0,0,0.03,0.004,200000
1759,13,-14.119,0,4,8,1,0,0,0.03,0.004,200000
1760,400,-11.149,0,11,21,0,0,1,0.03,0.004,200000
1761,400,-13.377,1,13,31,0,0,1,0.03,0.004,200000
1762,400,-14.708,0,2,16,0,0,1,0.03,0.004,200000
1763,400,-14.134,0,0,9,0,0,1,0.03,0.004,200000
1764,400,-7.256,6,13,37,0,0,1,0.03,0.004,200000
1765,271,-22.75,0,3,2,1,0,0,0.03,0.004,200000
1766,400,-12.634,2,8,27,0,0,1,0.03,0.004,200000
1767,400,-15.336,0,5,7,0,0,1,0.03,0.004,200000
1768,400,-6.969,4,11,15,0,0,1,0.03,0.004,200000
1769,400,-16.407,0,7,83,0,0,1,0.03,0.004,200000
1770,400,-6.716,6,11,30,0,0,1,0.03,0.004,200000
1771,400,-12.632,0,7,8,0,0,1,0.03,0.004,200000
1772,400,-12.456,1,14,23,0,0,1,0.03,0.004,200000
1773,400,-11.117,2,13,39,0,0,1,0.03,0.004,200000
1774,400,-14.373,0,0,12,0,0,1,0.03,0.004,200000
1775,400,-11.805,3,10,13,0,0,1,0.03,0.004,200000
1776,400,-13.797,1,10,89,0,0,1,0.03,0.004,200000
1777,400,-13.935,0,0,6,0,0,1,0.03,0.004,200000
1778,353,-12.127,1,9,2,1,0,0,0.03,0.004,200000
1779,400,-13.418,1,9,30,0,0,1,0.03,0.004,200000
1780,400,-3.396,6,24,15,0,0,1,0.03,0.004,200000
1781,400,-13.265,2,6,51,0,0,1,0.03,0.004,200000
1782,400,1.041,10,27,30,0,0,1,0.03,0.004,200000
1783,400,-13.974,0,0,7,0,0,1,0.03,0.004,200000
1784,400,-2.898,3,31,18,0,0,1,0.03,0.004,200000
1785,400,-8.792,2,16,11,0,0,1,0.03,0.004,200000
1786,400,-7.671,4,19,40,0,0,1,0.03,0.004,200000
1787,400,-5.779,6,26,42,0,0,1,0.03,0.004,200000
1788,400,-8.228,3,14,38,0,0,1,0.03,0.004,200000
1789,400,-8.906,2,12,8,0,0,1,0.03,0.004,200000
1790,400,-12.879,1,5,6,0,0,1,0.03,0.004,200000
1791,400,-12.082,1,8,26,0,0,1,0.03,0.004,200000
1792,400,-7.89,3,16,48,0,0,1,0.03,0.004,200000
1793,400,-15.015,0,4,18,0,0,1,0.03,0.004,200000
1794,400,-12.375,2,7,20,0,0,1,0.03,0.004,200000
1795,400,-4.811,4,16,19,0,0,1,0.03,0.004,200000
1796,400,-6.407,3,12,32,0,0,1,0.03,0.004,200000
1797,400,-12.604,2,5,16,0,0,1,0.03,0.004,200000
1798,7,-14.0,0,4,4,1,0,0,0.03,0.004,200000
1799,13,-14.449,0,3,9,1,0,0,0.03,0.004,200000
1800,400,-11.101,2,14,29,0,0,1,0.03,0.004,200000
1801,400,-12.906,0,4,16,0,0,1,0.03,0.004,200000
1802,400,-8.299,4,5,10,0,0,1,0.03,0.004,200000
1803,400,-11.249,3,13,38,0,0,1,0.03,0.004,200000
1804,400,-12.126,0,4,22,0,0,1,0.03,0.004,200000
1805,400,-7.889,4,16,1,0,0,1,0.03,0.004,200000
1806,305,-25.066,2,18,101,1,0,0,0.03,0.004,200000
1807,142,-9.005,0,13,5,1,0,0,0.03,0.004,200000
1808,400,-12.305,0,10,9,0,0,1,0.03,0.004,200000
1809,400,7.672,10,22,12,0,0,1,0.03,0.004,200000
1810,400,-3.993,5,18,10,0,0,1,0.03,0.004,200000
1811,400,-1.752,6,29,49,0,0,1,0.03,0.004,200000
1812,400,-13.574,0,0,2,0,0,1,0.03,0.004,200000
1813,7,-13.973,0,2,5,1,0,0,0.03,0.004,200000
1814,400,-7.776,4,9,26,0,0,1,0.03,0.004,200000
1815,400,-3.555,6,15,10,0,0,1,0.03,0.004,200000
1816,400,-9.356,2,12,7,0,0,1,0.03,0.004,200000
1817,400,-12.954,2,9,77,0,0,1,0.03,0.004,200000
1818,400,-6.498,5,19,28,0,0,1,0.03,0.004,200000
1819,400,-4.552,6,18,72,0,0,1,0.03,0.004,200000
1820,400,-7.374,4,15,15,0,0,1,0.03,0.004,200000
1821,400,-6.577,3,15,6,0,0,1,0.03,0.004,200000
1822,400,-13.654,0,0,3,0,0,1,0.03,0.004,200000
1823,400,3.579,11,31,36,0,0,1,0.03,0.004,200000
1824,400,-7.988,2,14,23,0,0,1,0.03,0.004,200000
1825,400,-13.152,0,2,5,0,0,1,0.03,0.004,200000
1826,400,19.538,20,63,81,0,0,1,0.03,0.004,200000
1827,66,-14.125,0,5,18,1,0,0,0.03,0.004,200000
1828,400,-18.397,1,15,125,0,0,1,0.03,0.004,200000
1829,12,-14.621,0,4,9,1,0,0,0.03,0.004,200000
1830,400,-9.192,3,14,6,0,0,1,0.03,0.004,200000
1831,400,-6.592,6,13,62,0,0,1,0.03,0.004,200000
1832,400,0.166,8,25,43,0,0,1,0.03,0.004,200000
1833,400,-14.012,0,0,9,0,0,1,0.03,0.004,200000
1834,400,-9.033,3,12,31,0,0,1,0.03,0.004,200000
1835,89,-11.376,0,6,2,1,0,0,0.03,0.004,200000
1836,400,-13.651,0,3,13,0,0,1,0.03,0.004,200000
1837,400,-11.722,2,14,85,0,0,1,0.03,0.004,200000
1838,400,-0.738,9,27,48,0,0,1,0.03,0.004,200000
1839,400,-13.203,2,7,76,0,0,1,0.03,0.004,200000
1840,400,3.331,4,17,19,0,0,1,0.03,0.004,200000
1841,400,-12.125,0,5,11,0,0,1,0.03,0.004,200000
1842,358,-15.097,2,9,4,1,0,0,0.03,0.004,200000
1843,400,-13.772,0,0,6,0,0,1,0.03,0.004,200000
1844,400,-12.783,1,3,11,0,0,1,0.03,0.004,200000
1845,281,-16.497,3,12,10,1,0,0,0.03,0.004,200000
1846,400,-5.944,3,11,21,0,0,1,0.03,0.004,200000
1847,174,-9.933,3,17,41,1,0,0,0.03,0.004,200000
1848,400,-0.466,7,26,21,0,0,1,0.03,0.004,200000
1849,10,-14.196,0,3,8,1,0,0,0.03,0.004,200000
1850,400,-9.035,1,10,127,0,0,1,0.03,0.004,200000
1851,400,-9.756,0,2,4,0,0,1,0.03,0.004,200000
1852,400,-11.934,2,5,36,0,0,1,0.03,0.004,200000
1853,400,-6.531,2,10,8,0,0,1,0.03,0.004,200000
1854,400,-10.245,3,7,41,0,0,1,0.03,0.004,200000
1855,400,6.712,11,39,20,0,0,1,0.03,0.004,200000
1856,400,-8.8,4,10,40,0,0,1,0.03,0.004,200000
1857,400,-11.432,1,5,1,0,0,1,0.03,0.004,200000
1858,400,0.628,8,31,23,0,0,1,0.03,0.004,200000
1859,400,-13.654,0,0,3,0,0,1,0.03,0.004,200000
1860,400,-12.502,1,4,29,0,0,1,0.03,0.004,200000
1861,400,-13.914,0,0,6,0,0,1,0.03,0.004,200000
1862,400,-4.751,4,11,40,0,0,1,0.03,0.004,200000
1863,400,-2.27,5,17,5,0,0,1,0.03,0.004,200000
1864,400,-13.733,0,0,5,0,0,1,0.03,0.004,200000
1865,400,-13.668,0,2,13,0,0,1,0.03,0.004,200000
1866,400,-3.826,5,14,8,0,0,1,0.03,0.004,200000
1867,400,-21.518,0,8,189,0,0,1,0.03,0.004,200000
1868,400,-9.909,2,10,11,0,0,1,0.03,0.004,200000
1869,400,-10.887,1,10,13,0,0,1,0.03,0.004,200000
1870,400,-7.233,2,19,19,0,0,1,0.03,0.004,200000
1871,400,-8.33,2,15,39,0,0,1,0.03,0.004,200000
1872,400,-5.608,4,12,7,0,0,1,0.03,0.004,200000
1873,400,-7.2,3,20,52,0,0,1,0.03,0.004,200000
1874,7,-13.503,0,3,6,1,0,0,0.03,0.004,200000
1875,400,-6.827,3,9,6,0,0,1,0.03,0.004,200000
1876,400,-7.497,4,15,12,0,0,1,0.03,0.004,200000
1877,400,-8.398,3,11,4,0,0,1,0.03,0.004,200000
1878,400,-12.842,0,2,5,0,0,1,0.03,0.004,200000
1879,400,-12.641,1,5,28,0,0,1,0.03,0.004,200000
1880,400,-22.421,2,16,35,1,0,0,0.03,0.004,200000
1881,400,-4.421,4,22,6,0,0,1,0.03,0.004,200000
1882,400,-5.567,3,10,5,0,0,1,0.03,0.004,200000
1883,400,-13.542,0,2,15,0,0,1,0.03,0.004,200000
1884,400,-13.679,0,1,9,0,0,1,0.03,0.004,200000
1885,400,-8.33,3,8,13,0,0,1,0.03,0.004,200000
1886,400,-13.211,0,3,7,0,0,1,0.03,0.004,200000
1887,400,-13.574,0,0,2,0,0,1,0.03,0.004,200000
1888,78,-6.2,2,15,13,1,0,0,0.03,0.004,200000
1889,400,-13.025,0,5,15,0,0,1,0.03,0.004,200000
1890,400,-9.18,3,6,10,0,0,1,0.03,0.004,200000
1891,400,-6.414,0,9,7,0,0,1,0.03,0.004,200000
1892,400,-1.47,4,19,5,0,0,1,0.03,0.004,200000
1893,400,-7.835,2,12,9,0,0,1,0.03,0.004,200000
1894,400,-10.69,2,7,29,0,0,1,0.03,0.004,200000
1895,400,-7.774,5,8,60,0,0,1,0.03,0.004,200000
1896,400,4.702,1,10,4,0,0,1,0.03,0.004,200000
1897,400,0.14,2,9,6,0,0,1,0.03,0.004,200000
1898,400,-13.813,0,0,6,0,0,1,0.03,0.004,200000
1899,400,2.296,3,8,41,0,0,1,0.03,0.004,200000
1900,400,-4.185,6,14,8,0,0,1,0.03,0.004,200000
1901,400,-13.855,0,3,23,0,0,1,0.03,0.004,200000
1902,400,8.026,7,29,19,0,0,1,0.03,0.004,200000
1903,203,-18.058,0,4,5,1,0,0,0.03,0.004,200000
1904,265,-14.597,3,12,3,1,0,0,0.03,0.004,200000
1905,97,-14.175,0,8,16,1,0,0,0.03,0.004,200000
1906,400,-6.964,2,17,28,0,0,1,0.03,0.004,200000
1907,400,-4.929,5,10,12,0,0,1,0.03,0.004,200000
1908,400,-1.861,7,14,72,0,0,1,0.03,0.004,200000
1909,400,-10.354,2,5,16,0,0,1,0.03,0.004,200000
1910,400,-9.254,2,11,10,0,0,1,0.03,0.004,200000
1911,400,-12.87,1,8,49,0,0,1,0.03,0.004,200000
1912,400,-4.57,3,18,6,0,0,1,0.03,0.004,200000
1913,277,-2.1,8,18,8,1,0,0,0.03,0.004,200000
1914,69,-14.559,0,4,20,1,0,0,0.03,0.004,200000
1915,400,-1.701,4,24,6,0,0,1,0.03,0.004,200000
1916,400,-10.504,2,3,3,0,0,1,0.03,0.004,200000
1917,134,-13.952,0,3,1,1,0,0,0.03,0.004,200000
1918,400,-5.948,4,14,23,0,0,1,0.03,0.004,200000
1919,400,12.162,10,37,4,0,0,1,0.03,0.004,200000
1920,14,-10.841,0,8,4,1,0,0,0.03,0.004,200000
1921,400,-5.062,4,12,8,0,0,1,0.03,0.004,200000
1922,400,-7.975,3,18,41,0,0,1,0.03,0.004,200000
1923,400,3.61,7,23,2,0,0,1,0.03,0.004,200000
1924,400,-3.953,4,16,2,0,0,1,0.03,0.004,200000
1925,220,-8.628,0,4,5,1,0,0,0.03,0.004,200000
1926,254,-2.556,8,18,5,1,0,0,0.03,0.004,200000
1927,400,0.197,7,19,8,0,0,1,0.03,0.004,200000
1928,7,-13.769,0,2,3,1,0,0,0.03,0.004,200000
1929,400,3.17,9,19,20,0,0,1,0.03,0.004,200000
1930,400,5.105,7,31,71,0,0,1,0.03,0.004,200000
1931,134,-8.533,5,16,8,1,0,0,0.03,0.004,200000
1932,400,6.804,10,25,13,0,0,1,0.03,0.004,200000
1933,400,-1.72,4,19,30,0,0,1,0.03,0.004,200000
1934,55,-10.838,2,6,15,1,0,0,0.03,0.004,200000
1935,20,-14.965,0,2,14,1,0,0,0.03,0.004,200000
1936,400,-4.445,1,18,57,0,0,1,0.03,0.004,200000
1937,400,-1.934,5,19,20,0,0,1,0.03,0.004,200000
1938,400,-1.104,5,18,31,0,0,1,0.03,0.004,200000
1939,400,0.472,9,20,43,0,0,1,0.03,0.004,200000
1940,400,-2.841,4,29,15,0,0,1,0.03,0.004,200000
1941,400,-9.512,2,5,8,0,0,1,0.03,0.004,200000
1942,400,-1.102,6,21,13,0,0,1,0.03,0.004,200000
1943,21,-15.419,0,2,17,1,0,0,0.03,0.004,200000
1944,400,-11.898,0,0,6,0,0,1,0.03,0.004,200000
1945,400,-0.31,6,18,18,0,0,1,0.03,0.004,200000
1946,400,-2.16,8,21,97,0,0,1,0.03,0.004,200000
1947,400,12.803,13,38,4,0,0,1,0.03,0.004,200000
1948,400,-14.722,0,0,17,0,0,1,0.03,0.004,200000
1949,400,-12.093,1,3,22,0,0,1,0.03,0.004,200000
1950,400,14.635,14,35,53,0,0,1,0.03,0.004,200000
1951,400,-7.538,9,20,156,0,0,1,0.03,0.004,200000
1952,400,-6.11,2,4,19,0,0,1,0.03,0.004,200000
1953,400,-8.569,4,13,50,0,0,1,0.03,0.004,200000
1954,171,-11.34,2,8,2,1,0,0,0.03,0.004,200000
1955,400,-13.413,0,0,1,0,0,1,0.03,0.004,200000
1956,400,1.964,8,22,10,0,0,1,0.03,0.004,200000
1957,400,-9.415,0,0,4,0,0,1,0.03,0.004,200000
1958,400,-6.735,0,2,6,0,0,1,0.03,0.004,200000
1959,400,0.332,9,26,84,0,0,1,0.03,0.004,200000
1960,400,-3.794,5,12,12,0,0,1,0.03,0.004,200000
1961,400,-13.774,0,0,5,0,0,1,0.03,0.004,200000
1962,254,-10.097,7,20,59,1,0,0,0.03,0.004,200000
1963,400,-5.79,4,13,21,0,0,1,0.03,0.004,200000
1964,5,-13.452,0,4,3,1,0,0,0.03,0.004,200000
1965,400,2.553,8,30,13,0,0,1,0.03,0.004,200000
1966,400,-6.669,4,11,5,0,0,1,0.03,0.004,200000
1967,400,-9.94,3,16,129,0,0,1,0.03,0.004,200000
1968,400,-1.874,6,15,1,0,0,1,0.03,0.004,200000
1969,88,-15.034,0,3,5,1,0,0,0.03,0.004,200000
1970,149,-9.8,2,10,1,1,0,0,0.03,0.004,200000
1971,400,3.945,8,26,2,0,0,1,0.03,0.004,200000
1972,99,-15.096,0,3,4,1,0,0,0.03,0.004,200000
1973,400,-1.237,9,21,121,0,0,1,0.03,0.004,200000
1974,400,-6.938,4,9,70,0,0,1,0.03,0.004,200000
1975,82,-13.012,0,6,17,1,0,0,0.03,0.004,200000
1976,400,-6.245,3,12,29,0,0,1,0.03,0.004,200000
1977,400,0.346,6,12,25,0,0,1,0.03,0.004,200000
1978,400,7.969,11,23,27,0,0,1,0.03,0.004,200000
1979,400,17.819,18,44,57,0,0,1,0.03,0.004,200000
1980,400,-2.72,3,16,8,0,0,1,0.03,0.004,200000
1981,400,2.036,5,22,4,0,0,1,0.03,0.004,200000
1982,400,5.952,11,23,15,0,0,1,0.03,0.004,200000
1983,400,-2.158,1,5,3,0,0,1,0.03,0.004,200000
1984,400,-0.516,5,23,13,0,0,1,0.03,0.004,200000
1985,394,-5.753,6,16,2,1,0,0,0.03,0.004,200000
1986,400,-3.009,6,13,8,0,0,1,0.03,0.004,200000
1987,152,-0.267,8,27,12,1,0,0,0.03,0.004,200000
1988,400,17.734,14,41,28,0,0,1,0.03,0.004,200000
1989,217,-10.394,0,3,2,1,0,0,0.03,0.004,200000
1990,38,-10.837,1,8,3,1,0,0,0.03,0.004,200000
1991,400,-0.401,3,7,5,0,0,1,0.03,0.004,200000
1992,400,16.183,15,26,44,0,0,1,0.03,0.004,200000
1993,400,2.468,8,20,7,0,0,1,0.03,0.004,200000
1994,400,26.609,20,51,33,0,0,1,0.03,0.004,200000
1995,400,6.128,5,23,3,0,0,1,0.03,0.004,200000
1996,400,3.632,8,14,6,0,0,1,0.03,0.004,200000
1997,400,-6.413,0,0,2,0,0,1,0.03,0.004,200000
1998,78,-15.828,0,3,4,1,0,0,0.03,0.004,200000
1999,400,3.852,7,25,5,0,0,1,0.03,0.004,200000
2000,42,-9.419,1,12,2,1,0,0,0.03,0.004,200000
2001,400,8.204,10,30,12,0,0,1,0.03,0.004,200000
2002,112,-16.354,0,3,5,1,0,0,0.03,0.004,200000
2003,400,20.263,17,39,6,0,0,1,0.03,0.004,200000
2004,400,-9.68,2,5,12,0,0,1,0.03,0.004,200000
2005,400,7.088,6,20,9,0,0,1,0.03,0.004,200000
2006,400,8.763,11,39,20,0,0,1,0.03,0.004,200000
2007,176,-1.754,6,29,3,1,0,0,0.03,0.004,200000
2008,385,-8.425,7,16,4,1,0,0,0.03,0.004,200000
2009,400,-7.462,3,8,10,0,0,1,0.03,0.004,200000
2010,400,-3.521,1,8,31,0,0,1,0.03,0.004,200000
2011,400,-9.303,0,2,6,0,0,1,0.03,0.004,200000
2012,22,-6.799,1,8,1,1,0,0,0.03,0.004,200000
2013,400,1.784,4,19,12,0,0,1,0.03,0.004,200000
2014,400,9.274,11,26,6,0,0,1,0.03,0.004,200000
2015,400,5.082,7,11,3,0,0,1,0.03,0.004,200000
2016,400,-1.81,7,11,5,0,0,1,0.03,0.004,200000
2017,400,5.977,5,9,11,0,0,1,0.03,0.004,200000
2018,400,-13.974,0,0,7,0,0,1,0.03,0.004,200000
2019,400,22.854,19,41,38,0,0,1,0.03,0.004,200000
2020,97,-14.863,0,3,3,1,0,0,0.03,0.004,200000
2021,31,-14.021,0,3,3,1,0,0,0.03,0.004,200000
2022,40,-6.869,1,7,0,1,0,0,0.03,0.004,200000
2023,400,15.633,14,32,2,0,0,1,0.03,0.004,200000
2024,6,-9.339,0,3,0,1,0,0,0.03,0.004,200000
2025,400,3.345,8,24,44,0,0,1,0.03,0.004,200000
2026,400,31.862,24,58,57,0,0,1,0.03,0.004,200000
2027,400,-4.931,3,6,40,0,0,1,0.03,0.004,200000
2028,400,-1.087,4,9,9,0,0,1,0.03,0.004,200000
2029,195,-16.807,0,1,10,1,0,0,0.03,0.004,200000
2030,400,-1.404,10,20,101,0,0,1,0.03,0.004,200000
2031,400,2.101,7,16,32,0,0,1,0.03,0.004,200000
2032,400,5.741,6,18,3,0,0,1,0.03,0.004,200000
2033,96,-12.826,0,8,8,1,0,0,0.03,0.004,200000
2034,393,-13.118,6,19,19,1,0,0,0.03,0.004,200000
2035,319,-16.875,3,8,32,1,0,0,0.03,0.004,200000
2036,400,39.432,27,68,14,0,0,1,0.03,0.004,200000
2037,400,3.995,2,10,6,0,0,1,0.03,0.004,200000
2038,400,36.437,24,53,12,0,0,1,0.03,0.004,200000
2039,400,18.845,14,39,15,0,0,1,0.03,0.004,200000
2040,370,-3.023,4,12,9,1,0,0,0.03,0.004,200000
2041,400,9.629,8,23,6,0,0,1,0.03,0.004,200000
2042,400,-13.532,0,0,3,0,0,1,0.03,0.004,200000
2043,400,7.563,7,20,10,0,0,1,0.03,0.004,200000
2044,12,-9.502,0,3,0,1,0,0,0.03,0.004,200000
2045,400,-5.855,0,0,6,0,0,1,0.03,0.004,200000
2046,400,-6.403,4,9,5,0,0,1,0.03,0.004,200000
2047,400,8.593,8,23,62,0,0,1,0.03,0.004,200000
2048,400,-4.312,1,8,20,0,0,1,0.03,0.004,200000
2049,400,7.377,8,27,6,0,0,1,0.03,0.004,200000
2050,91,-11.289,1,6,1,1,0,0,0.03,0.004,200000
2051,400,2.516,6,17,62,0,0,1,0.03,0.004,200000
2052,400,-0.91,2,11,11,0,0,1,0.03,0.004,200000
2053,400,1.08,5,15,28,0,0,1,0.03,0.004,200000
2054,400,2.934,5,8,2,0,0,1,0.03,0.004,200000
2055,400,21.398,15,33,36,0,0,1,0.03,0.004,200000
2056,400,13.387,7,24,2,0,0,1,0.03,0.004,200000
2057,400,10.956,11,27,7,0,0,1,0.03,0.004,200000
2058,400,-5.283,1,4,24,0,0,1,0.03,0.004,200000
2059,400,22.513,16,41,2,0,0,1,0.03,0.004,200000
2060,136,2.857,9,18,6,1,0,0,0.03,0.004,200000
2061,400,2.026,5,16,57,0,0,1,0.03,0.004,200000
2062,51,-9.396,3,9,12,1,0,0,0.03,0.004,200000
2063,400,4.293,8,18,44,0,0,1,0.03,0.004,200000
2064,57,-8.142,3,9,4,1,0,0,0.03,0.004,200000
2065,372,13.488,17,42,18,1,0,0,0.03,0.004,200000
2066,400,2.008,7,17,23,0,0,1,0.03,0.004,200000
2067,400,1.77,4,10,16,0,0,1,0.03,0.004,200000
2068,400,-6.102,4,11,52,0,0,1,0.03,0.004,200000
2069,400,-2.86,3,10,10,0,0,1,0.03,0.004,200000
2070,400,26.474,20,55,26,0,0,1,0.03,0.004,200000
2071,297,6.984,11,33,9,1,0,0,0.03,0.004,200000
2072,31,-9.181,1,8,2,1,0,0,0.03,0.004,200000
2073,198,-10.284,0,4,4,1,0,0,0.03,0.004,200000
2074,400,4.953,5,18,9,0,0,1,0.03,0.004,200000
2075,233,9.526,13,39,9,1,0,0,0.03,0.004,200000
2076,400,-14.095,0,0,8,0,0,1,0.03,0.004,200000
2077,128,-0.255,7,17,3,1,0,0,0.03,0.004,200000
2078,400,4.657,8,23,13,0,0,1,0.03,0.004,200000
2079,400,-5.031,3,6,24,0,0,1,0.03,0.004,200000
2080,213,1.614,5,16,6,1,0,0,0.03,0.004,200000
2081,400,1.708,4,11,7,0,0,1,0.03,0.004,200000
2082,151,11.421,14,45,8,1,0,0,0.03,0.004,200000
2083,122,2.794,9,23,9,1,0,0,0.03,0.004,200000
2084,400,1.406,3,14,0,0,0,1,0.03,0.004,200000
2085,400,-2.286,2,5,4,0,0,1,0.03,0.004,200000
2086,400,-3.34,1,3,3,0,0,1,0.03,0.004,200000
2087,400,5.971,8,22,6,0,0,1,0.03,0.004,200000
2088,400,3.21,5,22,31,0,0,1,0.03,0.004,200000
2089,400,-0.698,5,13,11,0,0,1,0.03,0.004,200000
2090,400,15.348,12,28,3,0,0,1,0.03,0.004,200000
2091,400,-7.945,2,8,23,0,0,1,0.03,0.004,200000
2092,400,3.7,4,18,18,0,0,1,0.03,0.004,200000
2093,139,14.756,16,48,14,1,0,0,0.03,0.004,200000
2094,400,-13.306,0,1,9,0,0,1,0.03,0.004,200000
2095,400,9.302,11,22,5,0,0,1,0.03,0.004,200000
2096,400,10.759,9,20,5,0,0,1,0.03,0.004,200000
2097,400,-6.381,3,8,14,0,0,1,0.03,0.004,200000
2098,157,-7.46,4,13,7,1,0,0,0.03,0.004,200000
2099,92,-0.441,5,20,1,1,0,0,0.03,0.004,200000
2100,52,-7.246,2,14,0,1,0,0,0.03,0.004,200000
2101,219,-0.06,9,23,5,1,0,0,0.03,0.004,200000
2102,400,6.318,6,17,2,0,0,1,0.03,0.004,200000
2103,400,16.878,14,45,20,0,0,1,0.03,0.004,200000
2104,400,14.82,2,14,2,0,0,1,0.03,0.004,200000
2105,400,-4.071,3,7,9,0,0,1,0.03,0.004,200000
2106,400,18.684,16,31,12,0,0,1,0.03,0.004,200000
2107,400,-13.773,0,0,5,0,0,1,0.03,0.004,200000
2108,400,1.946,5,10,3,0,0,1,0.03,0.004,200000
2109,400,-8.097,3,8,13,0,0,1,0.03,0.004,200000
2110,247,-3.176,6,21,31,1,0,0,0.03,0.004,200000
2111,400,10.808,14,25,36,0,0,1,0.03,0.004,200000
2112,400,21.919,20,42,5,0,0,1,0.03,0.004,200000
2113,400,-4.021,3,15,54,0,0,1,0.03,0.004,200000
2114,400,7.282,1,14,4,0,0,1,0.03,0.004,200000
2115,96,4.159,10,32,3,1,0,0,0.03,0.004,200000
2116,58,-8.152,2,14,13,1,0,0,0.03,0.004,200000
2117,400,11.878,6,24,11,0,0,1,0.03,0.004,200000
2118,400,-4.653,1,16,29,0,0,1,0.03,0.004,200000
2119,400,19.913,14,40,6,0,0,1,0.03,0.004,200000
2120,94,-8.835,2,10,3,1,0,0,0.03,0.004,200000
2121,400,8.827,11,19,66,0,0,1,0.03,0.004,200000
2122,400,6.708,6,26,19,0,0,1,0.03,0.004,200000
2123,400,-0.817,3,7,17,0,0,1,0.03,0.004,200000
2124,400,14.654,5,11,6,0,0,1,0.03,0.004,200000
2125,21,-10.493,1,8,2,1,0,0,0.03,0.004,200000
2126,400,22.188,17,42,29,0,0,1,0.03,0.004,200000
2127,400,25.251,18,48,5,0,0,1,0.03,0.004,200000
2128,400,-17.278,3,11,202,0,0,1,0.03,0.004,200000
2129,400,17.413,14,31,12,0,0,1,0.03,0.004,200000
2130,400,29.69,21,54,5,0,0,1,0.03,0.004,200000
2131,170,-8.589,6,17,55,1,0,0,0.03,0.004,200000
2132,87,-11.542,0,6,1,1,0,0,0.03,0.004,200000
2133,58,-6.44,4,15,5,1,0,0,0.03,0.004,200000
2134,400,0.709,2,12,4,0,0,1,0.03,0.004,200000
2135,69,-8.521,2,13,2,1,0,0,0.03,0.004,200000
2136,228,-9.492,0,9,1,1,0,0,0.03,0.004,200000
2137,376,5.303,11,36,5,1,0,0,0.03,0.004,200000
2138,23,-9.521,2,5,2,1,0,0,0.03,0.004,200000
2139,30,-8.48,2,8,2,1,0,0,0.03,0.004,200000
2140,400,22.252,15,47,2,0,0,1,0.03,0.004,200000
2141,139,-13.129,1,5,2,1,0,0,0.03,0.004,200000
2142,318,17.242,21,47,9,1,0,0,0.03,0.004,200000
2143,400,-4.734,0,2,3,0,0,1,0.03,0.004,200000
2144,400,-0.891,3,7,12,0,0,1,0.03,0.004,200000
2145,400,6.364,6,17,0,0,0,1,0.03,0.004,200000
2146,400,7.545,6,21,8,0,0,1,0.03,0.004,200000
2147,400,-0.798,2,12,5,0,0,1,0.03,0.004,200000
2148,400,21.415,12,52,2,0,0,1,0.03,0.004,200000
2149,400,14.031,13,20,27,0,0,1,0.03,0.004,200000
2150,323,5.511,12,30,8,1,0,0,0.03,0.004,200000
2151,69,1.451,8,28,3,1,0,0,0.03,0.004,200000
2152,359,23.126,23,59,31,1,0,0,0.03,0.004,200000
2153,400,26.565,20,46,36,0,0,1,0.03,0.004,200000
2154,400,33.791,24,54,12,0,0,1,0.03,0.004,200000
2155,163,5.928,11,46,20,1,0,0,0.03,0.004,200000
2156,337,5.863,16,31,60,1,0,0,0.03,0.004,200000
2157,400,28.786,19,52,7,0,0,1,0.03,0.004,200000
2158,400,10.799,9,31,33,0,0,1,0.03,0.004,200000
2159,400,2.018,3,12,0,0,0,1,0.03,0.004,200000
2160,50,-3.667,2,16,0,1,0,0,0.03,0.004,200000
2161,400,6.577,6,18,4,0,0,1,0.03,0.004,200000
2162,400,20.39,15,40,11,0,0,1,0.03,0.004,200000
2163,35,-7.897,2,11,0,1,0,0,0.03,0.004,200000
2164,400,27.537,19,46,11,0,0,1,0.03,0.004,200000
2165,400,-0.076,2,18,22,0,0,1,0.03,0.004,200000
2166,400,9.496,9,24,25,0,0,1,0.03,0.004,200000
2167,85,1.373,9,20,2,1,0,0,0.03,0.004,200000
2168,42,-6.241,3,10,0,1,0,0,0.03,0.004,200000
2169,400,12.642,9,28,5,0,0,1,0.03,0.004,200000
2170,56,-7.661,3,11,2,1,0,0,0.03,0.004,200000
2171,400,17.329,12,39,3,0,0,1,0.03,0.004,200000
2172,400,7.042,8,13,5,0,0,1,0.03,0.004,200000
2173,316,-7.877,5,17,6,1,0,0,0.03,0.004,200000
2174,189,16.211,15,40,1,1,0,0,0.03,0.004,200000
2175,113,6.132,10,37,3,1,0,0,0.03,0.004,200000
2176,400,9.607,8,20,1,0,0,1,0.03,0.004,200000
2177,400,-2.804,1,6,4,0,0,1,0.03,0.004,200000
2178,119,-15.854,0,0,8,1,0,0,0.03,0.004,200000
2179,400,-3.765,1,7,14,0,0,1,0.03,0.004,200000
2180,400,21.691,15,36,4,0,0,1,0.03,0.004,200000
2181,400,13.494,10,35,2,0,0,1,0.03,0.004,200000
2182,54,-3.01,3,14,0,1,0,0,0.03,0.004,200000
2183,400,2.751,5,8,3,0,0,1,0.03,0.004,200000
2184,400,9.049,7,22,5,0,0,1,0.03,0.004,200000
2185,400,36.692,27,55,30,0,0,1,0.03,0.004,200000
2186,400,-7.927,4,10,111,0,0,1,0.03,0.004,200000
2187,400,8.504,7,23,1,0,0,1,0.03,0.004,200000
2188,400,9.108,2,4,29,0,0,1,0.03,0.004,200000
2189,65,-0.827,5,18,3,1,0,0,0.03,0.004,200000
2190,148,7.082,13,41,22,1,0,0,0.03,0.004,200000
2191,196,-0.661,9,21,3,1,0,0,0.03,0.004,200000
2192,5,-13.675,0,2,3,1,0,0,0.03,0.004,200000
2193,76,-15.244,0,3,8,1,0,0,0.03,0.004,200000
2194,400,29.018,20,46,7,0,0,1,0.03,0.004,200000
2195,400,18.91,13,48,26,0,0,1,0.03,0.004,200000
2196,41,-8.425,2,11,6,1,0,0,0.03,0.004,200000
2197,400,-2.989,1,4,0,0,0,1,0.03,0.004,200000
2198,400,42.512,29,71,4,0,0,1,0.03,0.004,200000
2199,400,15.326,12,40,31,0,0,1,0.03,0.004,200000
2200,400,7.865,9,16,15,0,0,1,0.03,0.004,200000
2201,400,10.312,7,29,5,0,0,1,0.03,0.004,200000
2202,66,-12.245,0,9,3,1,0,0,0.03,0.004,200000
2203,400,44.112,29,66,5,0,0,1,0.03,0.004,200000
2204,400,4.968,5,23,21,0,0,1,0.03,0.004,200000
2205,400,39.82,27,65,4,0,0,1,0.03,0.004,200000
2206,400,14.269,10,27,2,0,0,1,0.03,0.004,200000
2207,400,40.782,27,73,6,0,0,1,0.03,0.004,200000
2208,400,-3.096,1,5,2,0,0,1,0.03,0.004,200000
2209,400,3.285,5,23,43,0,0,1,0.03,0.004,200000
2210,400,-1.182,4,15,58,0,0,1,0.03,0.004,200000
2211,400,34.244,24,50,10,0,0,1,0.03,0.004,200000
2212,400,31.502,21,57,33,0,0,1,0.03,0.004,200000
2213,400,28.35,19,49,13,0,0,1,0.03,0.004,200000
2214,400,-6.148,0,1,15,0,0,1,0.03,0.004,200000
2215,400,-0.875,3,11,14,0,0,1,0.03,0.004,200000
2216,400,2.146,8,19,71,0,0,1,0.03,0.004,200000
2217,400,26.145,21,48,60,0,0,1,0.03,0.004,200000
2218,33,-6.573,1,9,0,1,0,0,0.03,0.004,200000
2219,400,0.201,7,18,84,0,0,1,0.03,0.004,200000
2220,47,-2.636,6,15,1,1,0,0,0.03,0.004,200000
2221,400,10.231,10,17,3,0,0,1,0.03,0.004,200000
2222,400,29.645,21,49,16,0,0,1,0.03,0.004,200000
2223,400,7.325,7,22,7,0,0,1,0.03,0.004,200000
2224,400,4.882,5,19,8,0,0,1,0.03,0.004,200000
2225,400,3.849,5,15,4,0,0,1,0.03,0.004,200000
2226,400,22.703,16,45,9,0,0,1,0.03,0.004,200000
2227,47,-1.941,5,12,1,1,0,0,0.03,0.004,200000
2228,400,6.017,6,17,4,0,0,1,0.03,0.004,200000
2229,342,9.51,14,41,4,1,0,0,0.03,0.004,200000
2230,400,9.277,9,28,43,0,0,1,0.03,0.004,200000
2231,400,29.781,19,51,2,0,0,1,0.03,0.004,200000
2232,400,34.607,24,46,6,0,0,1,0.03,0.004,200000
2233,400,-8.826,1,9,21,0,0,1,0.03,0.004,200000
2234,400,36.251,23,62,10,0,0,1,0.03,0.004,200000
2235,14,-8.479,0,6,0,1,0,0,0.03,0.004,200000
2236,400,40.098,26,70,26,0,0,1,0.03,0.004,200000
2237,400,21.507,16,42,23,0,0,1,0.03,0.004,200000
2238,400,0.481,3,10,5,0,0,1,0.03,0.004,200000
2239,400,35.174,22,58,10,0,0,1,0.03,0.004,200000
2240,400,9.726,7,27,4,0,0,1,0.03,0.004,200000
2241,400,14.145,10,21,2,0,0,1,0.03,0.004,200000
2242,400,8.04,9,20,25,0,0,1,0.03,0.004,200000
2243,5,-13.494,0,3,2,1,0,0,0.03,0.004,200000
2244,247,0.646,5,29,2,1,0,0,0.03,0.004,200000
2245,207,24.261,23,48,10,1,0,0,0.03,0.004,200000
2246,240,22.34,19,60,7,1,0,0,0.03,0.004,200000
2247,197,18.782,19,43,1,1,0,0,0.03,0.004,200000
2248,17,-6.857,1,7,0,1,0,0,0.03,0.004,200000
2249,400,33.398,22,57,5,0,0,1,0.03,0.004,200000
2250,7,-11.777,0,1,2,1,0,0,0.03,0.004,200000
2251,400,-0.139,4,14,47,0,0,1,0.03,0.004,200000
2252,400,43.877,29,73,18,0,0,1,0.03,0.004,200000
2253,25,-13.777,0,3,1,1,0,0,0.03,0.004,200000
2254,140,-3.374,6,22,34,1,0,0,0.03,0.004,200000
2255,99,3.382,8,19,1,1,0,0,0.03,0.004,200000
2256,400,38.509,23,68,17,0,0,1,0.03,0.004,200000
2257,157,15.996,20,36,5,1,0,0,0.03,0.004,200000
2258,400,25.478,16,39,2,0,0,1,0.03,0.004,200000
2259,400,10.563,9,22,6,0,0,1,0.03,0.004,200000
2260,220,-3.695,7,20,6,1,0,0,0.03,0.004,200000
2261,400,11.097,10,22,9,0,0,1,0.03,0.004,200000
2262,400,36.614,25,49,1,0,0,1,0.03,0.004,200000
2263,400,8.423,7,18,1,0,0,1,0.03,0.004,200000
2264,400,19.698,14,40,7,0,0,1,0.03,0.004,200000
2265,400,17.903,13,30,8,0,0,1,0.03,0.004,200000
2266,400,19.271,12,38,3,0,0,1,0.03,0.004,200000
2267,400,42.568,25,71,2,0,0,1,0.03,0.004,200000
2268,400,32.639,21,57,13,0,0,1,0.03,0.004,200000
2269,400,42.909,26,65,24,0,0,1,0.03,0.004,200000
2270,80,5.68,9,32,2,1,0,0,0.03,0.004,200000
2271,400,38.2,26,61,4,0,0,1,0.03,0.004,200000
2272,400,36.421,25,53,9,0,0,1,0.03,0.004,200000
2273,55,-1.623,4,18,1,1,0,0,0.03,0.004,200000
2274,213,24.845,21,51,0,1,0,0,0.03,0.004,200000
2275,400,12.501,8,35,6,0,0,1,0.03,0.004,200000
2276,400,20.113,14,32,4,0,0,1,0.03,0.004,200000
2277,400,14.561,9,32,2,0,0,1,0.03,0.004,200000
2278,18,-13.587,0,3,1,1,0,0,0.03,0.004,200000
2279,5,-13.535,0,2,1,1,0,0,0.03,0.004,200000
2280,5,-13.634,0,2,1,1,0,0,0.03,0.004,200000
2281,400,5.753,7,11,1,0,0,1,0.03,0.004,200000
2282,400,15.717,12,33,5,0,0,1,0.03,0.004,200000
2283,400,51.727,32,82,7,0,0,1,0.03,0.004,200000
2284,400,17.77,13,28,7,0,0,1,0.03,0.004,200000
2285,7,-9.527,0,2,0,1,0,0,0.03,0.004,200000
2286,400,42.376,28,69,4,0,0,1,0.03,0.004,200000
2287,400,47.025,29,76,0,0,0,1,0.03,0.004,200000
2288,16,-13.909,0,3,7,1,0,0,0.03,0.004,200000
2289,400,43.729,28,63,5,0,0,1,0.03,0.004,200000
2290,86,6.297,10,29,3,1,0,0,0.03,0.004,200000
2291,5,-13.634,0,2,1,1,0,0,0.03,0.004,200000
2292,123,14.001,14,38,2,1,0,0,0.03,0.004,200000
2293,400,4.235,6,17,83,0,0,1,0.03,0.004,200000
2294,5,-13.434,0,3,1,1,0,0,0.03,0.004,200000
2295,400,21.346,16,29,9,0,0,1,0.03,0.004,200000
2296,350,38.597,32,81,2,1,0,0,0.03,0.004,200000
2297,251,41.059,32,75,2,1,0,0,0.03,0.004,200000
2298,400,3.006,4,18,25,0,0,1,0.03,0.004,200000
2299,125,4.134,10,33,3,1,0,0,0.03,0.004,200000
2300,400,10.2,7,23,5,0,0,1,0.03,0.004,200000
2301,400,9.633,8,18,5,0,0,1,0.03,0.004,200000
2302,400,38.614,23,66,7,0,0,1,0.03,0.004,200000
2303,400,47.403,30,82,18,0,0,1,0.03,0.004,200000
2304,400,14.45,10,27,7,0,0,1,0.03,0.004,200000
2305,400,45.447,29,71,1,0,0,1,0.03,0.004,200000
2306,400,11.79,8,21,2,0,0,1,0.03,0.004,200000
2307,400,46.716,27,79,1,0,0,1,0.03,0.004,200000
2308,31,-14.225,0,4,1,1,0,0,0.03,0.004,200000
2309,30,-7.955,2,11,1,1,0,0,0.03,0.004,200000
2310,75,-2.893,5,17,3,1,0,0,0.03,0.004,200000
2311,198,26.841,22,54,1,1,0,0,0.03,0.004,200000
2312,25,-6.936,1,6,0,1,0,0,0.03,0.004,200000
2313,400,59.581,39,90,22,0,0,1,0.03,0.004,200000
2314,5,-13.532,0,2,1,1,0,0,0.03,0.004,200000
2315,400,15.562,11,38,52,0,0,1,0.03,0.004,200000
2316,197,0.206,7,15,3,1,0,0,0.03,0.004,200000
2317,400,26.478,18,42,5,0,0,1,0.03,0.004,200000
2318,212,17.775,16,50,3,1,0,0,0.03,0.004,200000
2319,67,0.066,4,22,0,1,0,0,0.03,0.004,200000
2320,400,39.554,26,62,3,0,0,1,0.03,0.004,200000
2321,400,44.608,30,76,32,0,0,1,0.03,0.004,200000
2322,400,49.547,32,66,11,0,0,1,0.03,0.004,200000
2323,400,62.602,39,100,16,0,0,1,0.03,0.004,200000
2324,110,4.374,8,25,2,1,0,0,0.03,0.004,200000
2325,400,25.514,18,49,21,0,0,1,0.03,0.004,200000
2326,232,30.695,28,59,6,1,0,0,0.03,0.004,200000
2327,400,28.657,19,52,47,0,0,1,0.03,0.004,200000
2328,400,31.733,20,59,32,0,0,1,0.03,0.004,200000
2329,287,27.015,24,67,21,1,0,0,0.03,0.004,200000
2330,400,41.886,28,67,6,0,0,1,0.03,0.004,200000
2331,132,5.596,10,37,3,1,0,0,0.03,0.004,200000
2332,225,10.874,14,38,33,1,0,0,0.03,0.004,200000
2333,371,16.624,18,51,49,1,0,0,0.03,0.004,200000
2334,23,-9.033,1,9,0,1,0,0,0.03,0.004,200000
2335,400,52.247,32,77,6,0,0,1,0.03,0.004,200000
2336,400,34.65,22,48,12,0,0,1,0.03,0.004,200000
2337,400,32.87,23,59,60,0,0,1,0.03,0.004,200000
2338,400,55.558,33,86,5,0,0,1,0.03,0.004,200000
2339,46,-5.46,3,14,1,1,0,0,0.03,0.004,200000
2340,400,22.521,16,43,31,0,0,1,0.03,0.004,200000
2341,400,19.222,14,35,42,0,0,1,0.03,0.004,200000
2342,400,2.615,3,11,25,0,0,1,0.03,0.004,200000
2343,301,37.644,30,76,4,1,0,0,0.03,0.004,200000
2344,400,49.467,33,69,4,0,0,1,0.03,0.004,200000
2345,10,-13.683,0,2,5,1,0,0,0.03,0.004,200000
2346,400,53.535,33,86,16,0,0,1,0.03,0.004,200000
2347,21,-9.059,1,9,0,1,0,0,0.03,0.004,200000
2348,400,61.755,38,85,16,0,0,1,0.03,0.004,200000
2349,40,-13.421,0,3,17,1,0,0,0.03,0.004,200000
2350,400,46.623,30,75,8,0,0,1,0.03,0.004,200000
2351,400,53.979,34,86,17,0,0,1,0.03,0.004,200000
2352,400,31.564,19,53,2,0,0,1,0.03,0.004,200000
2353,104,3.925,7,42,2,1,0,0,0.03,0.004,200000
2354,400,52.511,33,82,17,0,0,1,0.03,0.004,200000
2355,7,-9.234,0,2,0,1,0,0,0.03,0.004,200000
2356,400,4.659,5,12,29,0,0,1,0.03,0.004,200000
2357,400,48.536,31,73,2,0,0,1,0.03,0.004,200000
2358,400,4.565,9,21,103,0,0,1,0.03,0.004,200000
2359,400,-3.318,1,11,58,0,0,1,0.03,0.004,200000
2360,5,-13.735,0,1,1,1,0,0,0.03,0.004,200000
2361,400,36.311,23,63,24,0,0,1,0.03,0.004,200000
2362,243,22.879,20,70,8,1,0,0,0.03,0.004,200000
2363,400,58.86,36,89,7,0,0,1,0.03,0.004,200000
2364,314,46.349,38,87,9,1,0,0,0.03,0.004,200000
2365,86,-5.993,3,21,4,1,0,0,0.03,0.004,200000
2366,198,22.627,20,54,11,1,0,0,0.03,0.004,200000
2367,400,21.091,13,50,17,0,0,1,0.03,0.004,200000
2368,400,11.576,11,32,73,0,0,1,0.03,0.004,200000
2369,400,10.927,8,26,8,0,0,1,0.03,0.004,200000
2370,400,52.217,34,85,38,0,0,1,0.03,0.004,200000
2371,97,1.707,8,23,2,1,0,0,0.03,0.004,200000
2372,386,40.852,34,99,38,1,0,0,0.03,0.004,200000
2373,267,21.179,19,64,13,1,0,0,0.03,0.004,200000
2374,400,53.366,32,74,21,0,0,1,0.03,0.004,200000
2375,400,41.958,28,73,48,0,0,1,0.03,0.004,200000
2376,282,7.705,13,33,25,1,0,0,0.03,0.004,200000
2377,364,49.006,36,90,7,1,0,0,0.03,0.004,200000
2378,400,9.11,12,27,70,0,0,1,0.03,0.004,200000
2379,400,13.793,10,27,6,0,0,1,0.03,0.004,200000
2380,400,-8.586,5,18,153,0,0,1,0.03,0.004,200000
2381,400,46.663,29,81,43,0,0,1,0.03,0.004,200000
2382,104,4.619,9,24,3,1,0,0,0.03,0.004,200000
2383,400,12.809,12,31,80,0,0,1,0.03,0.004,200000
2384,400,19.223,12,25,10,0,0,1,0.03,0.004,200000
2385,400,49.189,29,70,9,0,0,1,0.03,0.004,200000
2386,400,58.951,37,87,10,0,0,1,0.03,0.004,200000
2387,12,-13.581,0,4,6,1,0,0,0.03,0.004,200000
2388,400,44.852,29,76,42,0,0,1,0.03,0.004,200000
2389,400,42.587,28,71,47,0,0,1,0.03,0.004,200000
2390,400,31.833,20,63,12,0,0,1,0.03,0.004,200000
2391,5,-13.535,0,2,1,1,0,0,0.03,0.004,200000
2392,21,-6.663,1,8,0,1,0,0,0.03,0.004,200000
2393,400,33.796,22,72,70,0,0,1,0.03,0.004,200000
2394,400,28.028,16,46,9,0,0,1,0.03,0.004,200000
2395,23,-12.412,0,5,5,1,0,0,0.03,0.004,200000
2396,400,49.405,31,76,29,0,0,1,0.03,0.004,200000
2397,400,44.619,29,65,9,0,0,1,0.03,0.004,200000
2398,400,57.083,36,94,22,0,0,1,0.03,0.004,200000
2399,400,53.134,33,76,17,0,0,1,0.03,0.004,200000
2400,400,47.873,31,69,29,0,0,1,0.03,0.004,200000
2401,400,59.56,40,87,13,0,0,1,0.03,0.004,200000
2402,400,-1.142,2,14,40,0,0,1,0.03,0.004,200000
2403,400,36.647,25,59,31,0,0,1,0.03,0.004,200000
2404,400,58.996,37,86,21,0,0,1,0.03,0.004,200000
2405,5,-13.184,0,3,1,1,0,0,0.03,0.004,200000
2406,12,-13.662,0,4,7,1,0,0,0.03,0.004,200000
2407,400,46.019,30,78,36,0,0,1,0.03,0.004,200000
2408,10,-13.956,0,3,6,1,0,0,0.03,0.004,200000
2409,400,55.173,36,93,38,0,0,1,0.03,0.004,200000
2410,198,-2.331,3,14,18,1,0,0,0.03,0.004,200000
2411,400,59.686,38,95,17,0,0,1,0.03,0.004,200000
2412,9,-13.519,0,3,4,1,0,0,0.03,0.004,200000
2413,7,-13.39,0,2,2,1,0,0,0.03,0.004,200000
2414,12,-9.998,0,3,5,1,0,0,0.03,0.004,200000
2415,400,29.497,22,57,73,0,0,1,0.03,0.004,200000
2416,10,-13.483,0,4,5,1,0,0,0.03,0.004,200000
2417,400,50.577,34,83,48,0,0,1,0.03,0.004,200000
2418,400,29.088,17,45,16,0,0,1,0.03,0.004,200000
2419,400,56.251,36,83,29,0,0,1,0.03,0.004,200000
2420,194,19.22,20,53,5,1,0,0,0.03,0.004,200000
2421,400,43.131,28,69,54,0,0,1,0.03,0.004,200000
2422,400,44.212,28,68,32,0,0,1,0.03,0.004,200000
2423,323,39.14,29,85,12,1,0,0,0.03,0.004,200000
2424,400,43.263,28,72,44,0,0,1,0.03,0.004,200000
2425,400,41.026,28,78,62,0,0,1,0.03,0.004,200000
2426,400,55.088,34,89,20,0,0,1,0.03,0.004,200000
2427,400,29.041,18,60,21,0,0,1,0.03,0.004,200000
2428,149,13.208,13,44,9,1,0,0,0.03,0.004,200000
2429,305,10.201,14,37,9,1,0,0,0.03,0.004,200000
2430,400,59.797,35,104,15,0,0,1,0.03,0.004,200000
2431,400,51.197,31,81,14,0,0,1,0.03,0.004,200000
2432,400,57.867,36,83,4,0,0,1,0.03,0.004,200000
2433,400,54.24,33,89,14,0,0,1,0.03,0.004,200000
2434,14,-14.483,0,3,9,1,0,0,0.03,0.004,200000
2435,400,24.845,19,43,57,0,0,1,0.03,0.004,200000
2436,400,15.128,11,34,50,0,0,1,0.03,0.004,200000
2437,46,-4.51,2,14,3,1,0,0,0.03,0.004,200000
2438,257,30.482,26,65,18,1,0,0,0.03,0.004,200000
2439,5,-13.732,0,1,1,1,0,0,0.03,0.004,200000
2440,91,7.291,11,27,7,1,0,0,0.03,0.004,200000
2441,14,-14.09,0,3,9,1,0,0,0.03,0.004,200000
2442,357,21.073,18,50,15,1,0,0,0.03,0.004,200000
2443,7,-13.313,0,3,3,1,0,0,0.03,0.004,200000
2444,307,14.255,15,33,4,1,0,0,0.03,0.004,200000
2445,400,45.527,29,62,17,0,0,1,0.03,0.004,200000
2446,400,16.774,11,34,37,0,0,1,0.03,0.004,200000
2447,112,5.884,9,26,7,1,0,0,0.03,0.004,200000
2448,178,18.677,19,50,4,1,0,0,0.03,0.004,200000
2449,400,57.983,37,86,13,0,0,1,0.03,0.004,200000
2450,400,31.6,20,69,72,0,0,1,0.03,0.004,200000
2451,400,10.008,5,18,10,0,0,1,0.03,0.004,200000
2452,14,-14.183,0,2,9,1,0,0,0.03,0.004,200000
2453,400,61.452,38,91,8,0,0,1,0.03,0.004,200000
2454,400,3.918,3,12,16,0,0,1,0.03,0.004,200000
2455,66,-5.79,3,21,6,1,0,0,0.03,0.004,200000
2456,221,27.89,24,77,12,1,0,0,0.03,0.004,200000
2457,10,-13.826,0,4,5,1,0,0,0.03,0.004,200000
2458,37,-4.384,3,12,3,1,0,0,0.03,0.004,200000
2459,7,-9.036,0,3,0,1,0,0,0.03,0.004,200000
2460,400,28.798,21,45,14,0,0,1,0.03,0.004,200000
2461,46,-6.044,1,12,4,1,0,0,0.03,0.004,200000
2462,400,31.833,20,42,24,0,0,1,0.03,0.004,200000
2463,7,-13.863,0,2,3,1,0,0,0.03,0.004,200000
2464,400,49.814,31,79,7,0,0,1,0.03,0.004,200000
2465,7,-13.513,0,4,3,1,0,0,0.03,0.004,200000
2466,236,15.003,17,43,20,1,0,0,0.03,0.004,200000
2467,400,69.783,42,108,7,0,0,1,0.03,0.004,200000
2468,30,-8.538,1,6,10,1,0,0,0.03,0.004,200000
2469,14,-11.127,0,5,0,1,0,0,0.03,0.004,200000
2470,400,10.604,6,22,7,0,0,1,0.03,0.004,200000
2471,311,45.371,36,84,3,1,0,0,0.03,0.004,200000
2472,400,56.694,34,77,7,0,0,1,0.03,0.004,200000
2473,400,18.822,14,30,14,0,0,1,0.03,0.004,200000
2474,400,29.992,23,48,33,0,0,1,0.03,0.004,200000
2475,163,15.136,17,43,5,1,0,0,0.03,0.004,200000
2476,45,-1.482,4,16,0,1,0,0,0.03,0.004,200000
2477,300,-7.615,3,12,6,1,0,0,0.03,0.004,200000
2478,400,58.699,36,86,14,0,0,1,0.03,0.004,200000
2479,7,-13.813,0,2,3,1,0,0,0.03,0.004,200000
2480,400,36.085,23,53,16,0,0,1,0.03,0.004,200000
2481,400,55.761,34,94,12,0,0,1,0.03,0.004,200000
2482,7,-13.14,0,4,2,1,0,0,0.03,0.004,200000
2483,297,36.826,29,74,25,1,0,0,0.03,0.004,200000
2484,400,10.075,7,22,3,0,0,1,0.03,0.004,200000
2485,400,54.534,37,79,11,0,0,1,0.03,0.004,200000
2486,400,54.107,33,89,15,0,0,1,0.03,0.004,200000
2487,400,55.318,35,80,14,0,0,1,0.03,0.004,200000
2488,336,27.158,22,59,4,1,0,0,0.03,0.004,200000
2489,302,21.525,22,63,57,1,0,0,0.03,0.004,200000
2490,400,16.244,9,29,21,0,0,1,0.03,0.004,200000
2491,400,48.548,30,76,11,0,0,1,0.03,0.004,200000
2492,7,-13.663,0,3,3,1,0,0,0.03,0.004,200000
2493,400,35.721,23,49,3,0,0,1,0.03,0.004,200000
2494,400,37.452,24,61,17,0,0,1,0.03,0.004,200000
2495,390,27.237,21,52,21,1,0,0,0.03,0.004,200000
2496,33,-6.959,3,11,3,1,0,0,0.03,0.004,200000
2497,400,17.59,14,32,39,0,0,1,0.03,0.004,200000
2498,20,-15.018,0,4,15,1,0,0,0.03,0.004,200000
2499,400,21.423,15,33,36,0,0,1,0.03,0.004,200000
2500,7,-13.466,0,2,3,1,0,0,0.03,0.004,200000
2501,400,68.675,43,100,13,0,0,1,0.03,0.004,200000
2502,400,55.256,33,83,7,0,0,1,0.03,0.004,200000
2503,400,14.877,11,20,14,0,0,1,0.03,0.004,200000
2504,400,53.747,33,84,26,0,0,1,0.03,0.004,200000
2505,400,26.301,14,43,13,0,0,1,0.03,0.004,200000
2506,400,43.915,30,65,13,0,0,1,0.03,0.004,200000
2507,400,43.623,28,68,8,0,0,1,0.03,0.004,200000
2508,129,12.976,14,37,8,1,0,0,0.03,0.004,200000
2509,400,61.321,37,94,15,0,0,1,0.03,0.004,200000
2510,7,-13.863,0,2,3,1,0,0,0.03,0.004,200000
2511,400,41.711,25,64,3,0,0,1,0.03,0.004,200000
2512,259,33.743,26,70,8,1,0,0,0.03,0.004,200000
2513,400,21.401,15,33,36,0,0,1,0.03,0.004,200000
2514,400,25.751,16,40,16,0,0,1,0.03,0.004,200000
2515,400,48.428,30,82,27,0,0,1,0.03,0.004,200000
2516,400,42.166,25,76,11,0,0,1,0.03,0.004,200000
2517,400,70.409,45,101,15,0,0,1,0.03,0.004,200000
2518,36,-5.088,3,7,1,1,0,0,0.03,0.004,200000
2519,206,25.879,20,66,3,1,0,0,0.03,0.004,200000
2520,400,8.307,10,31,121,0,0,1,0.03,0.004,200000
2521,400,50.959,33,73,14,0,0,1,0.03,0.004,200000
2522,7,-13.663,0,3,3,1,0,0,0.03,0.004,200000
2523,400,52.275,32,74,7,0,0,1,0.03,0.004,200000
2524,24,-15.475,0,3,19,1,0,0,0.03,0.004,200000
2525,51,-5.999,4,11,4,1,0,0,0.03,0.004,200000
2526,400,51.135,31,85,13,0,0,1,0.03,0.004,200000
2527,240,3.029,9,27,14,1,0,0,0.03,0.004,200000
2528,30,-7.79,0,8,1,1,0,0,0.03,0.004,200000
2529,5,-13.465,0,3,1,1,0,0,0.03,0.004,200000
2530,400,10.75,9,30,37,0,0,1,0.03,0.004,200000
2531,39,-1.731,4,15,0,1,0,0,0.03,0.004,200000
2532,400,28.378,17,51,14,0,0,1,0.03,0.004,200000
2533,400,39.468,23,56,11,0,0,1,0.03,0.004,200000
2534,396,11.478,13,45,52,1,0,0,0.03,0.004,200000
2535,9,-14.072,0,3,6,1,0,0,0.03,0.004,200000
2536,400,60.281,35,85,10,0,0,1,0.03,0.004,200000
2537,400,31.843,20,54,23,0,0,1,0.03,0.004,200000
2538,400,53.117,37,78,34,0,0,1,0.03,0.004,200000
2539,400,45.835,29,77,8,0,0,1,0.03,0.004,200000
2540,400,60.615,38,88,4,0,0,1,0.03,0.004,200000
2541,10,-13.882,0,3,5,1,0,0,0.03,0.004,200000
2542,379,54.859,40,99,5,1,0,0,0.03,0.004,200000
2543,156,14.623,14,43,8,1,0,0,0.03,0.004,200000
2544,174,18.763,17,54,5,1,0,0,0.03,0.004,200000
2545,400,58.788,36,87,10,0,0,1,0.03,0.004,200000
2546,168,12.204,14,38,19,1,0,0,0.03,0.004,200000
2547,43,-7.366,2,19,2,1,0,0,0.03,0.004,200000
2548,182,19.401,17,58,4,1,0,0,0.03,0.004,200000
2549,400,30.301,16,41,5,0,0,1,0.03,0.004,200000
2550,400,52.842,32,74,7,0,0,1,0.03,0.004,200000
2551,7,-13.693,0,4,4,1,0,0,0.03,0.004,200000
2552,7,-13.699,0,3,4,1,0,0,0.03,0.004,200000
2553,12,-9.508,0,3,5,1,0,0,0.03,0.004,200000
2554,400,58.38,37,83,24,0,0,1,0.03,0.004,200000
2555,398,49.252,37,88,4,1,0,0,0.03,0.004,200000
2556,400,47.763,27,67,1,0,0,1,0.03,0.004,200000
2557,400,36.019,22,52,10,0,0,1,0.03,0.004,200000
2558,400,34.695,22,48,11,0,0,1,0.03,0.004,200000
2559,272,38.781,30,77,10,1,0,0,0.03,0.004,200000
2560,400,-7.269,2,7,147,0,0,1,0.03,0.004,200000
2561,400,38.07,24,66,7,0,0,1,0.03,0.004,200000
2562,300,43.222,33,77,3,1,0,0,0.03,0.004,200000
2563,400,63.087,39,100,13,0,0,1,0.03,0.004,200000
2564,400,18.436,12,39,12,0,0,1,0.03,0.004,200000
2565,400,5.026,6,16,15,0,0,1,0.03,0.004,200000
2566,99,0.863,8,25,10,1,0,0,0.03,0.004,200000
2567,11,-13.877,0,4,7,1,0,0,0.03,0.004,200000
2568,7,-13.749,0,3,4,1,0,0,0.03,0.004,200000
2569,154,13.573,15,36,8,1,0,0,0.03,0.004,200000
2570,400,22.523,13,28,6,0,0,1,0.03,0.004,200000
2571,400,52.377,30,82,2,0,0,1,0.03,0.004,200000
2572,257,35.923,30,62,3,1,0,0,0.03,0.004,200000
2573,400,52.797,32,78,7,0,0,1,0.03,0.004,200000
2574,84,2.046,8,26,4,1,0,0,0.03,0.004,200000
2575,400,57.356,35,82,8,0,0,1,0.03,0.004,200000
2576,400,48.479,30,82,13,0,0,1,0.03,0.004,200000
2577,8,-13.737,0,4,5,1,0,0,0.03,0.004,200000
2578,238,30.627,25,68,12,1,0,0,0.03,0.004,200000
2579,270,28.474,23,72,10,1,0,0,0.03,0.004,200000
2580,63,1.82,9,19,1,1,0,0,0.03,0.004,200000
2581,400,57.86,36,83,11,0,0,1,0.03,0.004,200000
2582,163,20.912,20,52,3,1,0,0,0.03,0.004,200000
2583,83,4.393,12,27,9,1,0,0,0.03,0.004,200000
2584,9,-13.822,0,4,5,1,0,0,0.03,0.004,200000
2585,400,23.746,17,39,5,0,0,1,0.03,0.004,200000
2586,400,72.687,46,99,4,0,0,1,0.03,0.004,200000
2587,400,42.264,26,67,5,0,0,1,0.03,0.004,200000
2588,45,-2.938,3,14,1,1,0,0,0.03,0.004,200000
2589,400,12.96,5,22,6,0,0,1,0.03,0.004,200000
2590,115,8.629,9,37,1,1,0,0,0.03,0.004,200000
2591,400,49.438,28,72,11,0,0,1,0.03,0.004,200000
2592,400,-4.426,1,6,65,0,0,1,0.03,0.004,200000
2593,400,57.184,34,87,5,0,0,1,0.03,0.004,200000
2594,370,19.877,19,46,8,1,0,0,0.03,0.004,200000
2595,400,41.481,25,58,5,0,0,1,0.03,0.004,200000
2596,400,71.036,43,105,13,0,0,1,0.03,0.004,200000
2597,317,45.799,34,90,13,1,0,0,0.03,0.004,200000
2598,7,-13.72,0,2,3,1,0,0,0.03,0.004,200000
2599,153,21.038,19,44,4,1,0,0,0.03,0.004,200000
2600,400,74.136,43,111,5,0,0,1,0.03,0.004,200000
2601,7,-13.493,0,4,3,1,0,0,0.03,0.004,200000
2602,400,53.573,32,83,16,0,0,1,0.03,0.004,200000
2603,400,63.135,38,91,3,0,0,1,0.03,0.004,200000
2604,9,-14.072,0,2,5,1,0,0,0.03,0.004,200000
2605,400,62.064,36,95,4,0,0,1,0.03,0.004,200000
2606,169,18.028,17,50,5,1,0,0,0.03,0.004,200000
2607,400,65.049,38,99,13,0,0,1,0.03,0.004,200000
2608,7,-14.018,0,1,4,1,0,0,0.03,0.004,200000
2609,400,23.135,12,41,7,0,0,1,0.03,0.004,200000
2610,345,44.949,34,71,2,1,0,0,0.03,0.004,200000
2611,7,-13.673,0,4,4,1,0,0,0.03,0.004,200000
2612,400,53.203,33,77,17,0,0,1,0.03,0.004,200000
2613,250,25.771,20,63,12,1,0,0,0.03,0.004,200000
2614,400,45.161,26,71,21,0,0,1,0.03,0.004,200000
2615,25,-7.511,3,11,3,1,0,0,0.03,0.004,200000
2616,7,-13.953,0,3,6,1,0,0,0.03,0.004,200000
2617,400,57.54,35,88,15,0,0,1,0.03,0.004,200000
2618,9,-13.902,0,4,6,1,0,0,0.03,0.004,200000
2619,400,15.137,11,32,6,0,0,1,0.03,0.004,200000
2620,400,68.824,40,105,4,0,0,1,0.03,0.004,200000
2621,400,67.366,40,97,8,0,0,1,0.03,0.004,200000
2622,65,2.841,6,23,0,1,0,0,0.03,0.004,200000
2623,400,35.919,24,51,10,0,0,1,0.03,0.004,200000
2624,204,28.617,22,67,2,1,0,0,0.03,0.004,200000
2625,7,-14.153,0,4,6,1,0,0,0.03,0.004,200000
2626,234,25.964,22,70,11,1,0,0,0.03,0.004,200000
2627,10,-13.912,0,3,6,1,0,0,0.03,0.004,200000
2628,400,31.302,20,51,12,0,0,1,0.03,0.004,200000
2629,14,-7.968,0,7,0,1,0,0,0.03,0.004,200000
2630,217,32.754,28,64,2,1,0,0,0.03,0.004,200000
2631,400,15.85,11,35,31,0,0,1,0.03,0.004,200000
2632,10,-13.862,0,4,6,1,0,0,0.03,0.004,200000
2633,400,24.197,16,43,10,0,0,1,0.03,0.004,200000
2634,400,71.872,43,98,10,0,0,1,0.03,0.004,200000
2635,283,45.862,33,84,3,1,0,0,0.03,0.004,200000
2636,121,11.612,16,31,6,1,0,0,0.03,0.004,200000
2637,400,47.058,26,78,5,0,0,1,0.03,0.004,200000
2638,400,27.727,18,40,5,0,0,1,0.03,0.004,200000
2639,400,48.76,31,66,9,0,0,1,0.03,0.004,200000
2640,400,61.465,37,105,6,0,0,1,0.03,0.004,200000
2641,75,-6.083,2,13,17,1,0,0,0.03,0.004,200000
2642,10,-14.112,0,2,6,1,0,0,0.03,0.004,200000
2643,99,8.232,10,30,2,1,0,0,0.03,0.004,200000
2644,23,-10.942,1,7,2,1,0,0,0.03,0.004,200000
2645,202,26.453,22,53,4,1,0,0,0.03,0.004,200000
2646,400,41.877,24,55,10,0,0,1,0.03,0.004,200000
2647,400,70.366,43,105,15,0,0,1,0.03,0.004,200000
2648,398,39.518,29,77,7,1,0,0,0.03,0.004,200000
2649,400,27.64,17,44,17,0,0,1,0.03,0.004,200000
2650,400,62.578,37,95,12,0,0,1,0.03,0.004,200000
2651,400,66.163,39,109,22,0,0,1,0.03,0.004,200000
2652,400,65.609,40,91,5,0,0,1,0.03,0.004,200000
2653,347,24.744,24,56,27,1,0,0,0.03,0.004,200000
2654,7,-13.619,0,3,3,1,0,0,0.03,0.004,200000
2655,400,70.5,42,105,3,0,0,1,0.03,0.004,200000
2656,400,22.887,11,36,9,0,0,1,0.03,0.004,200000
2657,10,-14.016,0,3,6,1,0,0,0.03,0.004,200000
2658,209,26.645,24,59,8,1,0,0,0.03,0.004,200000
2659,7,-13.649,0,4,4,1,0,0,0.03,0.004,200000
2660,400,32.303,21,57,26,0,0,1,0.03,0.004,200000
2661,400,76.694,46,111,5,0,0,1,0.03,0.004,200000
2662,400,37.333,24,58,29,0,0,1,0.03,0.004,200000
2663,400,62.241,39,82,28,0,0,1,0.03,0.004,200000
2664,400,34.654,20,45,10,0,0,1,0.03,0.004,200000
2665,400,66.418,39,102,14,0,0,1,0.03,0.004,200000
2666,400,58.286,37,90,18,0,0,1,0.03,0.004,200000
2667,400,18.822,12,36,3,0,0,1,0.03,0.004,200000
2668,400,-1.37,3,14,41,0,0,1,0.03,0.004,200000
2669,400,74.268,45,107,3,0,0,1,0.03,0.004,200000
2670,260,40.412,31,87,1,1,0,0,0.03,0.004,200000
2671,226,34.502,28,67,9,1,0,0,0.03,0.004,200000
2672,400,27.668,17,45,28,0,0,1,0.03,0.004,200000
2673,232,29.276,24,72,5,1,0,0,0.03,0.004,200000
2674,14,-14.373,0,3,9,1,0,0,0.03,0.004,200000
2675,400,36.623,23,56,8,0,0,1,0.03,0.004,200000
2676,143,20.047,18,48,4,1,0,0,0.03,0.004,200000
2677,395,62.469,45,114,10,1,0,0,0.03,0.004,200000
2678,400,66.394,42,101,19,0,0,1,0.03,0.004,200000
2679,79,-1.248,6,14,8,1,0,0,0.03,0.004,200000
2680,318,11.788,12,31,9,1,0,0,0.03,0.004,200000
2681,400,70.492,43,97,13,0,0,1,0.03,0.004,200000
2682,19,-14.84,0,4,15,1,0,0,0.03,0.004,200000
2683,9,-13.927,0,4,6,1,0,0,0.03,0.004,200000
2684,400,74.335,45,117,8,0,0,1,0.03,0.004,200000
2685,400,50.669,31,78,19,0,0,1,0.03,0.004,200000
2686,400,60.899,35,97,7,0,0,1,0.03,0.004,200000
2687,155,12.792,15,40,10,1,0,0,0.03,0.004,200000
2688,16,-14.747,0,3,12,1,0,0,0.03,0.004,200000
2689,7,-13.749,0,3,4,1,0,0,0.03,0.004,200000
2690,7,-13.619,0,3,3,1,0,0,0.03,0.004,200000
2691,16,-14.648,0,2,10,1,0,0,0.03,0.004,200000
2692,400,17.297,12,31,3,0,0,1,0.03,0.004,200000
2693,10,-14.016,0,4,7,1,0,0,0.03,0.004,200000
2694,42,-16.841,0,2,29,1,0,0,0.03,0.004,200000
2695,400,24.302,14,43,15,0,0,1,0.03,0.004,200000
2696,60,-6.087,2,9,12,1,0,0,0.03,0.004,200000
2697,400,71.021,45,112,21,0,0,1,0.03,0.004,200000
2698,233,15.431,16,36,7,1,0,0,0.03,0.004,200000
2699,400,32.215,22,57,59,0,0,1,0.03,0.004,200000
2700,400,53.639,30,88,15,0,0,1,0.03,0.004,200000
2701,10,-14.422,0,4,8,1,0,0,0.03,0.004,200000
2702,121,11.341,14,36,3,1,0,0,0.03,0.004,200000
2703,400,40.307,27,59,60,0,0,1,0.03,0.004,200000
2704,7,-13.829,0,3,5,1,0,0,0.03,0.004,200000
2705,85,-4.139,2,10,6,1,0,0,0.03,0.004,200000
2706,400,10.028,13,38,130,0,0,1,0.03,0.004,200000
2707,79,-1.025,4,22,7,1,0,0,0.03,0.004,200000
2708,12,-14.344,0,3,9,1,0,0,0.03,0.004,200000
2709,400,36.124,23,73,33,0,0,1,0.03,0.004,200000
2710,113,0.585,8,24,24,1,0,0,0.03,0.004,200000
2711,400,55.818,34,89,15,0,0,1,0.03,0.004,200000
2712,7,-13.903,0,3,6,1,0,0,0.03,0.004,200000
2713,400,65.906,41,98,27,0,0,1,0.03,0.004,200000
2714,400,51.026,30,69,7,0,0,1,0.03,0.004,200000
2715,177,17.832,14,54,4,1,0,0,0.03,0.004,200000
2716,309,33.073,25,64,8,1,0,0,0.03,0.004,200000
2717,143,9.947,13,35,5,1,0,0,0.03,0.004,200000
2718,209,9.566,13,47,33,1,0,0,0.03,0.004,200000
2719,59,0.268,5,23,2,1,0,0,0.03,0.004,200000
2720,33,-10.986,1,9,8,1,0,0,0.03,0.004,200000
2721,400,71.967,43,95,7,0,0,1,0.03,0.004,200000
2722,400,54.585,33,85,21,0,0,1,0.03,0.004,200000
2723,400,65.774,39,91,9,0,0,1,0.03,0.004,200000
2724,102,5.779,10,32,2,1,0,0,0.03,0.004,200000
2725,14,-14.853,0,3,10,1,0,0,0.03,0.004,200000
2726,74,-1.861,5,15,12,1,0,0,0.03,0.004,200000
2727,41,-6.206,4,14,4,1,0,0,0.03,0.004,200000
2728,400,45.182,28,77,23,0,0,1,0.03,0.004,200000
2729,400,67.367,39,106,3,0,0,1,0.03,0.004,200000
2730,400,67.255,41,92,11,0,0,1,0.03,0.004,200000
2731,400,51.049,30,80,20,0,0,1,0.03,0.004,200000
2732,7,-13.973,0,1,4,1,0,0,0.03,0.004,200000
2733,7,-13.779,0,3,5,1,0,0,0.03,0.004,200000
2734,9,-14.358,0,4,7,1,0,0,0.03,0.004,200000
2735,400,71.468,44,104,7,0,0,1,0.03,0.004,200000
2736,400,48.882,32,70,16,0,0,1,0.03,0.004,200000
2737,400,71.73,45,105,18,0,0,1,0.03,0.004,200000
2738,193,28.789,26,67,8,1,0,0,0.03,0.004,200000
2739,10,-13.782,0,4,5,1,0,0,0.03,0.004,200000
2740,7,-13.749,0,3,4,1,0,0,0.03,0.004,200000
2741,400,67.674,42,98,24,0,0,1,0.03,0.004,200000
2742,25,-10.514,1,10,2,1,0,0,0.03,0.004,200000
2743,400,39.406,26,60,8,0,0,1,0.03,0.004,200000
2744,6,-13.839,0,3,5,1,0,0,0.03,0.004,200000
2745,11,-14.43,0,2,9,1,0,0,0.03,0.004,200000
2746,400,38.736,24,68,6,0,0,1,0.03,0.004,200000
2747,400,57.423,35,95,14,0,0,1,0.03,0.004,200000
2748,400,-13.535,4,11,193,0,0,1,0.03,0.004,200000
2749,400,49.681,31,83,6,0,0,1,0.03,0.004,200000
2750,400,21.737,18,45,22,0,0,1,0.03,0.004,200000
2751,95,3.069,6,27,6,1,0,0,0.03,0.004,200000
2752,14,-14.673,0,2,11,1,0,0,0.03,0.004,200000
2753,97,-2.113,6,20,4,1,0,0,0.03,0.004,200000
2754,7,-14.349,0,2,6,1,0,0,0.03,0.004,200000
2755,400,1.986,7,16,6,0,0,1,0.03,0.004,200000
2756,7,-13.803,0,3,5,1,0,0,0.03,0.004,200000
2757,10,-14.415,0,1,8,1,0,0,0.03,0.004,200000
2758,11,-13.93,0,3,6,1,0,0,0.03,0.004,200000
2759,7,-13.75,0,3,4,1,0,0,0.03,0.004,200000
2760,400,65.002,40,99,22,0,0,1,0.03,0.004,200000
2761,20,-15.148,0,3,13,1,0,0,0.03,0.004,200000
2762,5,-13.872,0,1,3,1,0,0,0.03,0.004,200000
2763,36,-9.807,1,13,3,1,0,0,0.03,0.004,200000
2764,7,-14.079,0,4,5,1,0,0,0.03,0.004,200000
2765,400,71.49,44,103,7,0,0,1,0.03,0.004,200000
2766,120,7.287,10,44,3,1,0,0,0.03,0.004,200000
2767,7,-13.829,0,3,5,1,0,0,0.03,0.004,200000
2768,400,72.933,44,103,6,0,0,1,0.03,0.004,200000
2769,400,7.548,7,20,1,0,0,1,0.03,0.004,200000
2770,400,61.4,36,96,9,0,0,1,0.03,0.004,200000
2771,400,60.718,36,80,4,0,0,1,0.03,0.004,200000
2772,400,71.857,42,109,5,0,0,1,0.03,0.004,200000
2773,268,36.489,26,82,2,1,0,0,0.03,0.004,200000
2774,400,24.005,12,36,15,0,0,1,0.03,0.004,200000
2775,400,43.234,27,78,24,0,0,1,0.03,0.004,200000
2776,400,67.771,41,97,9,0,0,1,0.03,0.004,200000
2777,400,65.587,40,107,11,0,0,1,0.03,0.004,200000
2778,12,-8.641,0,6,4,1,0,0,0.03,0.004,200000
2779,362,36.141,28,74,8,1,0,0,0.03,0.004,200000
2780,15,-14.617,0,2,10,1,0,0,0.03,0.004,200000
2781,7,-14.198,0,1,6,1,0,0,0.03,0.004,200000
2782,400,50.388,30,84,1,0,0,1,0.03,0.004,200000
2783,400,56.766,36,89,8,0,0,1,0.03,0.004,200000
2784,400,26.647,18,48,4,0,0,1,0.03,0.004,200000
2785,400,42.402,26,56,12,0,0,1,0.03,0.004,200000
2786,400,70.666,43,104,6,0,0,1,0.03,0.004,200000
2787,31,-7.563,2,10,0,1,0,0,0.03,0.004,200000
2788,400,48.925,29,78,2,0,0,1,0.03,0.004,200000
2789,400,55.041,31,82,6,0,0,1,0.03,0.004,200000
2790,7,-8.986,0,3,0,1,0,0,0.03,0.004,200000
2791,400,62.244,35,92,4,0,0,1,0.03,0.004,200000
2792,400,75.869,43,114,3,0,0,1,0.03,0.004,200000
2793,312,46.397,32,96,9,1,0,0,0.03,0.004,200000
2794,400,60.219,37,94,9,0,0,1,0.03,0.004,200000
2795,400,53.409,30,69,5,0,0,1,0.03,0.004,200000
2796,92,-1.513,5,40,8,1,0,0,0.03,0.004,200000
2797,400,46.08,27,83,3,0,0,1,0.03,0.004,200000
2798,129,16.943,14,53,1,1,0,0,0.03,0.004,200000
2799,284,2.984,8,26,12,1,0,0,0.03,0.004,200000
2800,13,-14.639,0,2,11,1,0,0,0.03,0.004,200000
2801,349,53.007,40,88,8,1,0,0,0.03,0.004,200000
2802,199,19.27,16,49,2,1,0,0,0.03,0.004,200000
2803,261,31.63,23,83,15,1,0,0,0.03,0.004,200000
2804,400,79.615,47,115,5,0,0,1,0.03,0.004,200000
2805,298,33.342,26,61,17,1,0,0,0.03,0.004,200000
2806,203,13.967,14,49,9,1,0,0,0.03,0.004,200000
2807,400,43.216,28,59,3,0,0,1,0.03,0.004,200000
2808,79,3.612,10,29,4,1,0,0,0.03,0.004,200000
2809,400,37.075,21,61,3,0,0,1,0.03,0.004,200000
2810,29,-8.265,2,10,0,1,0,0,0.03,0.004,200000
2811,400,63.777,35,103,6,0,0,1,0.03,0.004,200000
2812,400,15.525,9,35,8,0,0,1,0.03,0.004,200000
2813,272,7.554,10,35,2,1,0,0,0.03,0.004,200000
2814,400,72.936,43,107,3,0,0,1,0.03,0.004,200000
2815,230,22.06,19,53,1,1,0,0,0.03,0.004,200000
2816,124,11.445,14,46,3,1,0,0,0.03,0.004,200000
2817,400,80.483,48,112,3,0,0,1,0.03,0.004,200000
2818,7,-13.749,0,3,4,1,0,0,0.03,0.004,200000
2819,400,32.31,21,46,1,0,0,1,0.03,0.004,200000
2820,226,41.041,33,92,7,1,0,0,0.03,0.004,200000
2821,400,63.358,37,95,7,0,0,1,0.03,0.004,200000
2822,400,55.897,34,79,18,0,0,1,0.03,0.004,200000
2823,211,24.423,19,68,0,1,0,0,0.03,0.004,200000
2824,143,15.146,16,40,4,1,0,0,0.03,0.004,200000
2825,77,1.658,7,29,6,1,0,0,0.03,0.004,200000
2826,209,27.636,22,60,2,1,0,0,0.03,0.004,200000
2827,400,56.994,34,88,3,0,0,1,0.03,0.004,200000
2828,13,-8.38,0,6,0,1,0,0,0.03,0.004,200000
2829,400,57.256,35,81,3,0,0,1,0.03,0.004,200000
2830,50,-1.516,4,16,0,1,0,0,0.03,0.004,200000
2831,400,27.624,15,53,4,0,0,1,0.03,0.004,200000
2832,400,53.825,31,84,6,0,0,1,0.03,0.004,200000
2833,185,20.631,19,62,6,1,0,0,0.03,0.004,200000
2834,400,17.928,12,39,1,0,0,1,0.03,0.004,200000
2835,264,4.971,8,35,0,1,0,0,0.03,0.004,200000
2836,183,23.887,19,57,1,1,0,0,0.03,0.004,200000
2837,400,71.687,45,97,4,0,0,1,0.03,0.004,200000
2838,400,56.448,36,77,4,0,0,1,0.03,0.004,200000
2839,193,29.078,26,67,6,1,0,0,0.03,0.004,200000
2840,400,75.554,44,113,6,0,0,1,0.03,0.004,200000
2841,400,74.058,43,109,7,0,0,1,0.03,0.004,200000
2842,348,60.525,41,109,7,1,0,0,0.03,0.004,200000
2843,400,74.918,44,104,6,0,0,1,0.03,0.004,200000
2844,31,-6.705,1,8,1,1,0,0,0.03,0.004,200000
2845,400,74.284,42,120,9,0,0,1,0.03,0.004,200000
2846,379,61.296,42,112,5,1,0,0,0.03,0.004,200000
2847,115,7.925,10,44,2,1,0,0,0.03,0.004,200000
2848,327,33.287,26,62,3,1,0,0,0.03,0.004,200000
2849,6,-9.315,0,3,0,1,0,0,0.03,0.004,200000
2850,400,69.707,40,104,4,0,0,1,0.03,0.004,200000
2851,400,73.789,42,107,2,0,0,1,0.03,0.004,200000
2852,400,52.923,33,85,9,0,0,1,0.03,0.004,200000
2853,321,53.069,39,91,4,1,0,0,0.03,0.004,200000
2854,7,-13.803,0,3,5,1,0,0,0.03,0.004,200000
2855,400,58.35,34,83,2,0,0,1,0.03,0.004,200000
2856,400,48.234,27,83,3,0,0,1,0.03,0.004,200000
2857,377,58.932,40,99,3,1,0,0,0.03,0.004,200000
2858,400,37.792,22,66,19,0,0,1,0.03,0.004,200000
2859,400,24.901,17,36,1,0,0,1,0.03,0.004,200000
2860,400,66.808,41,108,5,0,0,1,0.03,0.004,200000
2861,400,22.139,16,35,3,0,0,1,0.03,0.004,200000
2862,85,1.243,8,23,9,1,0,0,0.03,0.004,200000
2863,100,4.059,9,37,2,1,0,0,0.03,0.004,200000
2864,400,77.433,46,116,3,0,0,1,0.03,0.004,200000
2865,400,16.113,10,35,30,0,0,1,0.03,0.004,200000
2866,400,51.8,28,104,16,0,0,1,0.03,0.004,200000
2867,381,60.722,42,115,5,1,0,0,0.03,0.004,200000
2868,400,64.607,39,95,3,0,0,1,0.03,0.004,200000
2869,400,71.484,42,114,3,0,0,1,0.03,0.004,200000
2870,331,39.01,26,91,3,1,0,0,0.03,0.004,200000
2871,400,77.575,47,109,3,0,0,1,0.03,0.004,200000
2872,400,69.697,41,114,5,0,0,1,0.03,0.004,200000
2873,117,15.064,13,47,1,1,0,0,0.03,0.004,200000
2874,396,64.552,44,111,4,1,0,0,0.03,0.004,200000
2875,400,57.222,34,82,3,0,0,1,0.03,0.004,200000
2876,169,23.991,19,58,1,1,0,0,0.03,0.004,200000
2877,30,-6.191,1,9,2,1,0,0,0.03,0.004,200000
2878,400,44.476,27,82,5,0,0,1,0.03,0.004,200000
2879,47,-0.637,4,22,0,1,0,0,0.03,0.004,200000
2880,400,47.04,30,68,4,0,0,1,0.03,0.004,200000
2881,400,75.968,44,108,5,0,0,1,0.03,0.004,200000
2882,243,27.208,23,77,7,1,0,0,0.03,0.004,200000
2883,293,45.862,33,92,4,1,0,0,0.03,0.004,200000
2884,400,30.023,19,57,6,0,0,1,0.03,0.004,200000
2885,400,70.199,42,103,4,0,0,1,0.03,0.004,200000
2886,191,-9.155,2,13,3,1,0,0,0.03,0.004,200000
2887,400,28.473,21,53,8,0,0,1,0.03,0.004,200000
2888,400,52.85,31,83,6,0,0,1,0.03,0.004,200000
2889,216,36.2,26,73,1,1,0,0,0.03,0.004,200000
2890,237,5.148,12,35,2,1,0,0,0.03,0.004,200000
2891,400,66.858,41,98,4,0,0,1,0.03,0.004,200000
2892,242,39.656,28,81,2,1,0,0,0.03,0.004,200000
2893,400,22.693,17,42,7,0,0,1,0.03,0.004,200000
2894,400,76.797,47,104,5,0,0,1,0.03,0.004,200000
2895,400,65.432,38,102,4,0,0,1,0.03,0.004,200000
2896,400,68.637,40,105,6,0,0,1,0.03,0.004,200000
2897,400,72.481,44,106,6,0,0,1,0.03,0.004,200000
2898,70,2.502,6,27,1,1,0,0,0.03,0.004,200000
2899,176,20.854,18,66,6,1,0,0,0.03,0.004,200000
2900,229,32.32,22,71,4,1,0,0,0.03,0.004,200000
2901,400,1.328,6,20,76,0,0,1,0.03,0.004,200000
2902,188,18.604,17,52,5,1,0,0,0.03,0.004,200000
2903,400,59.097,35,99,17,0,0,1,0.03,0.004,200000
2904,400,64.633,36,108,5,0,0,1,0.03,0.004,200000
2905,400,54.199,32,80,4,0,0,1,0.03,0.004,200000
2906,400,70.867,40,109,4,0,0,1,0.03,0.004,200000
2907,217,35.692,27,69,2,1,0,0,0.03,0.004,200000
2908,37,-5.549,1,15,0,1,0,0,0.03,0.004,200000
2909,10,-9.822,0,3,4,1,0,0,0.03,0.004,200000
2910,400,32.733,19,42,6,0,0,1,0.03,0.004,200000
2911,197,12.97,15,41,5,1,0,0,0.03,0.004,200000
2912,39,-2.82,3,15,0,1,0,0,0.03,0.004,200000
2913,400,74.541,45,114,9,0,0,1,0.03,0.004,200000
2914,400,62.082,36,90,3,0,0,1,0.03,0.004,200000
2915,400,63.134,37,97,7,0,0,1,0.03,0.004,200000
2916,128,10.958,12,60,9,1,0,0,0.03,0.004,200000
2917,400,62.029,35,108,15,0,0,1,0.03,0.004,200000
2918,400,50.985,28,86,18,0,0,1,0.03,0.004,200000
2919,72,1.653,5,27,0,1,0,0,0.03,0.004,200000
2920,22,-6.95,1,9,1,1,0,0,0.03,0.004,200000
2921,400,70.126,41,100,6,0,0,1,0.03,0.004,200000
2922,117,-10.113,2,13,5,1,0,0,0.03,0.004,200000
2923,400,73.259,43,107,3,0,0,1,0.03,0.004,200000
2924,400,72.893,42,107,4,0,0,1,0.03,0.004,200000
2925,7,-13.823,0,4,5,1,0,0,0.03,0.004,200000
2926,81,0.358,6,28,3,1,0,0,0.03,0.004,200000
2927,400,74.743,44,119,8,0,0,1,0.03,0.004,200000
2928,400,70.427,41,101,2,0,0,1,0.03,0.004,200000
2929,400,75.076,43,110,2,0,0,1,0.03,0.004,200000
2930,254,-11.683,3,25,19,1,0,0,0.03,0.004,200000
2931,374,34.189,28,79,3,1,0,0,0.03,0.004,200000
2932,400,55.757,32,76,6,0,0,1,0.03,0.004,200000
2933,14,-8.709,0,5,1,1,0,0,0.03,0.004,200000
2934,400,67.215,41,96,7,0,0,1,0.03,0.004,200000
2935,400,70.37,43,96,4,0,0,1,0.03,0.004,200000
2936,400,59.196,33,100,5,0,0,1,0.03,0.004,200000
2937,206,20.604,20,61,14,1,0,0,0.03,0.004,200000
2938,9,-12.66,0,5,3,1,0,0,0.03,0.004,200000
2939,400,72.337,42,103,9,0,0,1,0.03,0.004,200000
2940,377,40.558,28,85,4,1,0,0,0.03,0.004,200000
2941,400,73.921,45,114,6,0,0,1,0.03,0.004,200000
2942,400,42.247,25,69,6,0,0,1,0.03,0.004,200000
2943,7,-13.903,0,4,6,1,0,0,0.03,0.004,200000
2944,133,13.197,14,47,3,1,0,0,0.03,0.004,200000
2945,165,20.435,15,62,1,1,0,0,0.03,0.004,200000
2946,400,63.532,38,104,15,0,0,1,0.03,0.004,200000
2947,14,-11.878,0,5,2,1,0,0,0.03,0.004,200000
2948,400,63.125,37,94,10,0,0,1,0.03,0.004,200000
2949,400,73.525,43,108,4,0,0,1,0.03,0.004,200000
2950,400,59.704,33,79,1,0,0,1,0.03,0.004,200000
2951,400,48.757,28,80,3,0,0,1,0.03,0.004,200000
2952,59,-3.44,4,19,3,1,0,0,0.03,0.004,200000
2953,237,27.422,20,69,3,1,0,0,0.03,0.004,200000
2954,400,73.845,43,109,4,0,0,1,0.03,0.004,200000
2955,95,3.211,5,32,0,1,0,0,0.03,0.004,200000
2956,400,64.686,39,95,16,0,0,1,0.03,0.004,200000
2957,261,40.953,29,86,2,1,0,0,0.03,0.004,200000
2958,400,62.014,44,104,4,1,0,0,0.03,0.004,200000
2959,396,65.895,43,122,5,1,0,0,0.03,0.004,200000
2960,400,65.532,39,100,3,0,0,1,0.03,0.004,200000
2961,400,-0.955,8,20,130,0,0,1,0.03,0.004,200000
2962,400,62.242,34,88,3,0,0,1,0.03,0.004,200000
2963,400,60.77,36,98,10,0,0,1,0.03,0.004,200000
2964,400,67.218,40,96,6,0,0,1,0.03,0.004,200000
2965,122,11.698,16,45,8,1,0,0,0.03,0.004,200000
2966,400,72.111,41,104,5,0,0,1,0.03,0.004,200000
2967,400,71.798,42,109,6,0,0,1,0.03,0.004,200000
2968,139,15.148,16,39,2,1,0,0,0.03,0.004,200000
2969,400,35.0,18,49,3,0,0,1,0.03,0.004,200000
2970,400,22.423,14,46,26,0,0,1,0.03,0.004,200000
2971,400,72.895,43,117,4,0,0,1,0.03,0.004,200000
2972,16,-15.098,0,3,12,1,0,0,0.03,0.004,200000
2973,400,32.877,19,55,24,0,0,1,0.03,0.004,200000
2974,400,51.307,31,86,36,0,0,1,0.03,0.004,200000
2975,400,65.252,40,97,17,0,0,1,0.03,0.004,200000
2976,291,41.303,30,89,7,1,0,0,0.03,0.004,200000
2977,400,62.18,37,99,11,0,0,1,0.03,0.004,200000
2978,400,75.125,47,103,4,0,0,1,0.03,0.004,200000
2979,400,66.441,43,99,39,0,0,1,0.03,0.004,200000
2980,295,34.589,25,80,9,1,0,0,0.03,0.004,200000
2981,400,46.437,29,79,9,0,0,1,0.03,0.004,200000
2982,103,7.589,11,35,3,1,0,0,0.03,0.004,200000
2983,301,43.351,30,86,2,1,0,0,0.03,0.004,200000
2984,400,3.45,6,13,47,0,0,1,0.03,0.004,200000
2985,400,2.694,3,14,8,0,0,1,0.03,0.004,200000
2986,400,19.454,17,49,104,0,0,1,0.03,0.004,200000
2987,400,52.048,33,76,1,0,0,1,0.03,0.004,200000
2988,400,67.176,41,100,0,0,0,1,0.03,0.004,200000
2989,360,54.87,40,93,3,1,0,0,0.03,0.004,200000
2990,400,53.259,31,93,4,0,0,1,0.03,0.004,200000
2991,291,35.664,27,85,4,1,0,0,0.03,0.004,200000
2992,112,8.192,10,33,6,1,0,0,0.03,0.004,200000
2993,85,0.631,6,31,4,1,0,0,0.03,0.004,200000
2994,400,52.32,29,83,1,0,0,1,0.03,0.004,200000
2995,186,25.501,19,70,3,1,0,0,0.03,0.004,200000
2996,400,15.385,12,31,23,0,0,1,0.03,0.004,200000
2997,400,60.634,34,103,4,0,0,1,0.03,0.004,200000
2998,400,27.155,21,58,78,0,0,1,0.03,0.004,200000
2999,65,-2.449,4,27,3,1,0,0,0.03,0.004,200000
3000,400,21.438,12,30,5,0,0,1,0.03,0.004,200000
