episode,steps,total_reward,coins,crates,invalid,killed_self,killed_opponents,survived,epsilon,alpha,buffer
1,10,-10.008,0,3,1,1,0,0,1.0,0.02,10
2,10,-12.8,0,1,5,1,0,0,0.999,0.02,20
3,19,-14.073,0,1,11,1,0,0,0.999,0.02,39
4,5,-13.114,0,4,2,1,0,0,0.998,0.02,44
5,6,-13.259,0,4,4,1,0,0,0.997,0.02,50
6,30,-13.907,0,3,13,1,0,0,0.997,0.0199,80
7,9,-14.091,0,4,4,1,0,0,0.996,0.0199,89
8,10,-13.684,0,4,3,1,0,0,0.995,0.0199,99
9,11,-13.3,0,3,3,1,0,0,0.995,0.0199,110
10,10,-13.925,0,3,6,1,0,0,0.994,0.0199,120
11,11,-10.078,0,2,3,1,0,0,0.994,0.0199,131
12,6,-13.117,0,1,4,1,0,0,0.993,0.0199,137
13,9,-12.745,0,3,3,1,0,0,0.992,0.0199,146
14,9,-13.216,0,2,5,1,0,0,0.992,0.0199,155
15,12,-13.334,0,4,4,1,0,0,0.991,0.0199,167
16,5,-13.37,0,4,2,1,0,0,0.99,0.0198,172
17,12,-13.075,0,5,7,1,0,0,0.99,0.0198,184
18,7,-13.322,0,1,1,1,0,0,0.989,0.0198,191
19,10,-13.12,0,2,6,1,0,0,0.988,0.0198,201
20,9,-12.684,0,3,6,1,0,0,0.988,0.0198,210
21,5,-13.494,0,4,2,1,0,0,0.987,0.0198,215
22,10,-13.212,0,2,5,1,0,0,0.986,0.0198,225
23,9,-12.73,0,6,5,1,0,0,0.986,0.0198,234
24,7,-12.265,0,3,1,1,0,0,0.985,0.0198,241
25,5,-13.571,0,3,2,1,0,0,0.984,0.0197,246
26,6,-12.938,0,2,3,1,0,0,0.984,0.0197,252
27,8,-12.837,0,2,2,1,0,0,0.983,0.0197,260
28,8,-12.33,0,3,2,1,0,0,0.983,0.0197,268
29,10,-13.526,0,2,8,1,0,0,0.982,0.0197,278
30,6,-13.286,0,3,3,1,0,0,0.981,0.0197,284
31,11,-13.388,0,4,5,1,0,0,0.981,0.0197,295
32,6,-13.859,0,3,2,1,0,0,0.98,0.0197,301
33,5,-13.224,0,4,4,1,0,0,0.979,0.0197,306
34,7,-14.023,0,4,4,1,0,0,0.979,0.0196,313
35,21,-13.934,0,3,6,1,0,0,0.978,0.0196,334
36,5,-14.125,0,3,4,1,0,0,0.977,0.0196,339
37,5,-13.545,0,4,3,1,0,0,0.977,0.0196,344
38,8,-13.107,0,1,3,1,0,0,0.976,0.0196,352
39,21,-13.17,0,3,9,1,0,0,0.975,0.0196,373
40,16,-14.311,0,3,9,1,0,0,0.975,0.0196,389
41,5,-12.941,0,4,1,1,0,0,0.974,0.0196,394
42,13,-14.459,0,2,9,1,0,0,0.973,0.0196,407
43,10,-13.125,0,3,5,1,0,0,0.973,0.0196,417
44,8,-11.359,0,6,1,1,0,0,0.972,0.0195,425
45,5,-13.172,0,3,2,1,0,0,0.972,0.0195,430
46,7,-12.812,0,3,1,1,0,0,0.971,0.0195,437
47,8,-13.425,0,1,2,1,0,0,0.97,0.0195,445
48,21,-14.352,0,2,15,1,0,0,0.97,0.0195,466
49,5,-12.245,0,3,2,1,0,0,0.969,0.0195,471
50,5,-13.42,0,4,2,1,0,0,0.968,0.0195,476
51,8,-9.856,0,3,3,1,0,0,0.968,0.0195,484
52,11,-13.121,0,3,4,1,0,0,0.967,0.0195,495
53,13,-13.55,0,2,7,1,0,0,0.966,0.0194,508
54,13,-13.461,0,2,6,1,0,0,0.966,0.0194,521
55,20,-13.952,0,3,9,1,0,0,0.965,0.0194,541
56,5,-13.392,0,2,3,1,0,0,0.964,0.0194,546
57,5,-12.289,0,2,1,1,0,0,0.964,0.0194,551
58,9,-13.749,0,4,5,1,0,0,0.963,0.0194,560
59,13,-13.666,0,2,4,1,0,0,0.962,0.0194,573
60,9,-13.71,0,4,5,1,0,0,0.962,0.0194,582
61,20,-14.129,0,3,9,1,0,0,0.961,0.0194,602
62,8,-13.247,0,2,5,1,0,0,0.961,0.0193,610
63,12,-13.195,0,3,6,1,0,0,0.96,0.0193,622
64,8,-13.215,0,4,3,1,0,0,0.959,0.0193,630
65,7,-12.606,0,2,4,1,0,0,0.959,0.0193,637
66,11,-12.239,0,4,3,1,0,0,0.958,0.0193,648
67,8,-13.994,0,3,6,1,0,0,0.957,0.0193,656
68,12,-13.483,0,3,4,1,0,0,0.957,0.0193,668
69,8,-13.348,0,2,6,1,0,0,0.956,0.0193,676
70,12,-13.513,0,4,5,1,0,0,0.955,0.0193,688
71,7,-13.445,0,2,4,1,0,0,0.955,0.0193,695
72,10,-13.538,0,4,5,1,0,0,0.954,0.0192,705
73,17,-13.019,0,5,5,1,0,0,0.953,0.0192,722
74,12,-13.319,0,3,5,1,0,0,0.953,0.0192,734
75,8,-12.944,0,2,3,1,0,0,0.952,0.0192,742
76,12,-13.112,0,3,5,1,0,0,0.952,0.0192,754
77,11,-13.281,0,2,5,1,0,0,0.951,0.0192,765
78,7,-9.9,0,2,2,1,0,0,0.95,0.0192,772
79,10,-13.906,0,3,5,1,0,0,0.95,0.0192,782
80,9,-13.103,0,2,4,1,0,0,0.949,0.0192,791
81,22,-13.962,0,4,13,1,0,0,0.948,0.0191,813
82,8,-13.958,0,2,5,1,0,0,0.948,0.0191,821
83,13,-13.32,0,3,6,1,0,0,0.947,0.0191,834
84,7,-12.919,0,1,1,1,0,0,0.946,0.0191,841
85,7,-12.725,0,3,3,1,0,0,0.946,0.0191,848
86,6,-12.817,0,3,4,1,0,0,0.945,0.0191,854
87,10,-13.863,0,3,4,1,0,0,0.944,0.0191,864
88,15,-13.911,0,3,8,1,0,0,0.944,0.0191,879
89,7,-9.708,0,2,1,1,0,0,0.943,0.0191,886
90,5,-13.995,0,3,3,1,0,0,0.942,0.0191,891
91,10,-13.463,0,3,4,1,0,0,0.942,0.019,901
92,21,-14.47,0,4,9,1,0,0,0.941,0.019,922
93,5,-13.445,0,4,2,1,0,0,0.941,0.019,927
94,5,-13.321,0,4,2,1,0,0,0.94,0.019,932
95,5,-13.101,0,4,3,1,0,0,0.939,0.019,937
96,11,-13.929,0,3,5,1,0,0,0.939,0.019,948
97,6,-13.679,0,3,3,1,0,0,0.938,0.019,954
98,8,-13.308,0,3,3,1,0,0,0.937,0.019,962
99,7,-13.082,0,3,5,1,0,0,0.937,0.019,969
100,24,-11.754,1,4,8,1,0,0,0.936,0.0189,993
101,11,-13.52,0,1,6,1,0,0,0.935,0.0189,1004
102,17,-14.211,0,4,8,1,0,0,0.935,0.0189,1021
103,6,-13.006,0,4,2,1,0,0,0.934,0.0189,1027
104,7,-13.35,0,3,4,1,0,0,0.933,0.0189,1034
105,7,-12.822,0,3,3,1,0,0,0.933,0.0189,1041
106,7,-13.389,0,2,2,1,0,0,0.932,0.0189,1048
107,6,-12.787,0,3,3,1,0,0,0.931,0.0189,1054
108,5,-13.2,0,3,3,1,0,0,0.931,0.0189,1059
109,11,-13.132,0,3,5,1,0,0,0.93,0.0188,1070
110,6,-13.105,0,4,2,1,0,0,0.93,0.0188,1076
111,6,-13.366,0,3,4,1,0,0,0.929,0.0188,1082
112,8,-12.409,0,3,3,1,0,0,0.928,0.0188,1090
113,7,-12.852,0,3,4,1,0,0,0.928,0.0188,1097
114,10,-13.558,0,2,3,1,0,0,0.927,0.0188,1107
115,8,-14.068,0,3,4,1,0,0,0.926,0.0188,1115
116,7,-12.953,0,2,4,1,0,0,0.926,0.0188,1122
117,11,-12.674,0,3,5,1,0,0,0.925,0.0188,1133
118,10,-13.866,0,3,5,1,0,0,0.924,0.0188,1143
119,5,-13.12,0,3,2,1,0,0,0.924,0.0187,1148
120,5,-13.224,0,4,4,1,0,0,0.923,0.0187,1153
121,15,-13.43,0,3,7,1,0,0,0.922,0.0187,1168
122,6,-13.535,0,1,3,1,0,0,0.922,0.0187,1174
123,33,-14.888,0,2,17,1,0,0,0.921,0.0187,1207
124,15,-13.939,0,4,9,1,0,0,0.92,0.0187,1222
125,9,-13.021,0,3,4,1,0,0,0.92,0.0187,1231
126,21,-12.515,0,5,10,1,0,0,0.919,0.0187,1252
127,12,-13.335,0,3,6,1,0,0,0.919,0.0187,1264
128,8,-9.856,0,3,3,1,0,0,0.918,0.0186,1272
129,5,-13.37,0,4,2,1,0,0,0.917,0.0186,1277
130,7,-12.396,0,2,2,1,0,0,0.917,0.0186,1284
131,12,-13.539,0,3,5,1,0,0,0.916,0.0186,1296
132,10,-12.779,0,2,5,1,0,0,0.915,0.0186,1306
133,18,-13.544,0,4,9,1,0,0,0.915,0.0186,1324
134,31,-15.077,0,1,14,1,0,0,0.914,0.0186,1355
135,8,-13.464,0,3,5,1,0,0,0.913,0.0186,1363
136,5,-13.202,0,3,3,1,0,0,0.913,0.0186,1368
137,17,-13.679,0,1,7,1,0,0,0.912,0.0185,1385
138,5,-13.452,0,4,3,1,0,0,0.911,0.0185,1390
139,6,-12.488,0,1,3,1,0,0,0.911,0.0185,1396
140,6,-13.636,0,3,3,1,0,0,0.91,0.0185,1402
141,7,-12.345,0,3,2,1,0,0,0.909,0.0185,1409
142,9,-13.322,0,1,5,1,0,0,0.909,0.0185,1418
143,7,-13.053,0,2,3,1,0,0,0.908,0.0185,1425
144,20,-14.276,0,4,11,1,0,0,0.908,0.0185,1445
145,21,-13.87,0,3,11,1,0,0,0.907,0.0185,1466
146,20,-14.351,0,2,10,1,0,0,0.906,0.0185,1486
147,10,-13.393,0,2,6,1,0,0,0.906,0.0184,1496
148,9,-13.348,0,4,5,1,0,0,0.905,0.0184,1505
149,6,-12.342,0,2,3,1,0,0,0.904,0.0184,1511
150,5,-11.92,0,2,0,1,0,0,0.904,0.0184,1516
151,7,-13.3,0,4,4,1,0,0,0.903,0.0184,1523
152,40,-15.479,0,5,25,1,0,0,0.902,0.0184,1563
153,6,-12.711,0,2,2,1,0,0,0.902,0.0184,1569
154,13,-12.785,0,3,6,1,0,0,0.901,0.0184,1582
155,11,-12.832,0,3,7,1,0,0,0.9,0.0184,1593
156,5,-13.651,0,2,2,1,0,0,0.9,0.0183,1598
157,16,-13.856,0,2,10,1,0,0,0.899,0.0183,1614
158,6,-13.056,0,4,2,1,0,0,0.898,0.0183,1620
159,13,-13.393,0,2,8,1,0,0,0.898,0.0183,1633
160,5,-13.724,0,2,3,1,0,0,0.897,0.0183,1638
161,10,-13.663,0,3,6,1,0,0,0.897,0.0183,1648
162,11,-13.672,0,4,3,1,0,0,0.896,0.0183,1659
163,26,-12.49,0,7,12,1,0,0,0.895,0.0183,1685
164,6,-13.584,0,3,3,1,0,0,0.895,0.0183,1691
165,8,-13.295,0,4,4,1,0,0,0.894,0.0183,1699
166,25,-14.159,0,4,9,1,0,0,0.893,0.0182,1724
167,24,-14.772,0,2,14,1,0,0,0.893,0.0182,1748
168,23,-13.673,0,3,9,1,0,0,0.892,0.0182,1771
169,8,-12.906,0,2,2,1,0,0,0.891,0.0182,1779
170,21,-13.017,0,6,10,1,0,0,0.891,0.0182,1800
171,21,-10.582,0,1,8,1,0,0,0.89,0.0182,1821
172,5,-13.325,0,2,2,1,0,0,0.889,0.0182,1826
173,5,-13.022,0,4,2,1,0,0,0.889,0.0182,1831
174,53,-14.905,0,10,28,1,0,0,0.888,0.0182,1884
175,5,-13.294,0,2,2,1,0,0,0.887,0.0181,1889
176,6,-12.966,0,2,3,1,0,0,0.887,0.0181,1895
177,15,-12.468,0,3,2,1,0,0,0.886,0.0181,1910
178,7,-13.001,0,4,2,1,0,0,0.886,0.0181,1917
179,7,-12.475,0,2,3,1,0,0,0.885,0.0181,1924
180,7,-13.369,0,3,3,1,0,0,0.884,0.0181,1931
181,9,-12.527,0,2,4,1,0,0,0.884,0.0181,1940
182,16,-13.288,0,1,8,1,0,0,0.883,0.0181,1956
183,12,-14.094,0,3,7,1,0,0,0.882,0.0181,1968
184,14,-12.246,0,5,3,1,0,0,0.882,0.018,1982
185,16,-13.069,0,2,7,1,0,0,0.881,0.018,1998
186,23,-13.675,0,3,14,1,0,0,0.88,0.018,2021
187,5,-13.165,0,3,1,1,0,0,0.88,0.018,2026
188,6,-13.185,0,4,3,1,0,0,0.879,0.018,2032
189,12,-13.276,0,3,6,1,0,0,0.878,0.018,2044
190,16,-12.542,0,3,7,1,0,0,0.878,0.018,2060
191,15,-13.662,0,2,8,1,0,0,0.877,0.018,2075
192,17,-10.545,0,2,7,1,0,0,0.876,0.018,2092
193,15,-14.145,0,3,7,1,0,0,0.876,0.018,2107
194,5,-13.825,0,2,4,1,0,0,0.875,0.0179,2112
195,5,-13.502,0,4,3,1,0,0,0.875,0.0179,2117
196,5,-13.07,0,4,2,1,0,0,0.874,0.0179,2122
197,20,-13.338,0,1,8,1,0,0,0.873,0.0179,2142
198,9,-13.099,0,3,5,1,0,0,0.873,0.0179,2151
199,17,-13.777,0,3,6,1,0,0,0.872,0.0179,2168
200,7,-12.625,0,1,3,1,0,0,0.871,0.0179,2175
201,15,-13.59,0,3,9,1,0,0,0.871,0.0179,2190
202,5,-13.251,0,3,3,1,0,0,0.87,0.0179,2195
203,6,-13.709,0,3,4,1,0,0,0.869,0.0178,2201
204,11,-12.855,0,2,6,1,0,0,0.869,0.0178,2212
205,9,-13.418,0,3,3,1,0,0,0.868,0.0178,2221
206,28,-13.79,0,1,13,1,0,0,0.867,0.0178,2249
207,5,-12.902,0,3,3,1,0,0,0.867,0.0178,2254
208,7,-13.102,0,2,4,1,0,0,0.866,0.0178,2261
209,5,-13.172,0,3,2,1,0,0,0.865,0.0178,2266
210,5,-13.102,0,4,3,1,0,0,0.865,0.0178,2271
211,26,-13.622,0,9,13,1,0,0,0.864,0.0178,2297
212,11,-9.735,0,3,4,1,0,0,0.864,0.0177,2308
213,5,-13.202,0,3,3,1,0,0,0.863,0.0177,2313
214,9,-12.536,0,3,6,1,0,0,0.862,0.0177,2322
215,5,-13.294,0,2,2,1,0,0,0.862,0.0177,2327
216,25,-10.387,0,6,13,1,0,0,0.861,0.0177,2352
217,5,-13.274,0,3,3,1,0,0,0.86,0.0177,2357
218,10,-13.544,0,3,5,1,0,0,0.86,0.0177,2367
219,16,-13.415,0,3,8,1,0,0,0.859,0.0177,2383
220,11,-13.252,0,3,6,1,0,0,0.858,0.0177,2394
221,8,-13.087,0,2,4,1,0,0,0.858,0.0177,2402
222,21,-12.491,0,7,9,1,0,0,0.857,0.0176,2423
223,16,-13.505,0,3,9,1,0,0,0.856,0.0176,2439
224,8,-13.764,0,3,5,1,0,0,0.856,0.0176,2447
225,30,-13.227,0,5,15,1,0,0,0.855,0.0176,2477
226,25,-13.374,0,6,12,1,0,0,0.855,0.0176,2502
227,10,-12.691,0,3,5,1,0,0,0.854,0.0176,2512
228,8,-11.764,0,3,2,1,0,0,0.853,0.0176,2520
229,19,-13.865,0,3,10,1,0,0,0.853,0.0176,2539
230,20,-13.3,0,3,10,1,0,0,0.852,0.0176,2559
231,22,-13.856,0,6,15,1,0,0,0.851,0.0175,2581
232,11,-13.543,0,2,9,1,0,0,0.851,0.0175,2592
233,23,-13.49,0,4,9,1,0,0,0.85,0.0175,2615
234,12,-13.277,0,3,7,1,0,0,0.849,0.0175,2627
235,13,-13.035,0,1,6,1,0,0,0.849,0.0175,2640
236,14,-13.245,0,3,5,1,0,0,0.848,0.0175,2654
237,28,-13.774,0,5,15,1,0,0,0.847,0.0175,2682
238,10,-12.967,0,3,3,1,0,0,0.847,0.0175,2692
239,39,-14.666,0,2,14,1,0,0,0.846,0.0175,2731
240,13,-13.641,0,1,8,1,0,0,0.845,0.0175,2744
241,17,-14.37,0,3,9,1,0,0,0.845,0.0174,2761
242,7,-12.799,0,1,3,1,0,0,0.844,0.0174,2768
243,17,-14.046,0,4,10,1,0,0,0.844,0.0174,2785
244,5,-13.2,0,3,3,1,0,0,0.843,0.0174,2790
245,7,-12.746,0,2,2,1,0,0,0.842,0.0174,2797
246,14,-12.927,0,3,8,1,0,0,0.842,0.0174,2811
247,6,-12.859,0,2,2,1,0,0,0.841,0.0174,2817
248,35,-14.274,1,3,20,1,0,0,0.84,0.0174,2852
249,11,-13.11,0,3,6,1,0,0,0.84,0.0174,2863
250,10,-12.264,0,2,2,1,0,0,0.839,0.0173,2873
251,5,-13.102,0,4,3,1,0,0,0.838,0.0173,2878
252,8,-13.198,0,3,6,1,0,0,0.838,0.0173,2886
253,22,-14.36,0,3,11,1,0,0,0.837,0.0173,2908
254,5,-11.55,0,3,2,1,0,0,0.836,0.0173,2913
255,7,-12.443,0,2,2,1,0,0,0.836,0.0173,2920
256,8,-13.138,0,2,4,1,0,0,0.835,0.0173,2928
257,9,-12.074,0,6,3,1,0,0,0.834,0.0173,2937
258,15,-12.713,0,2,4,1,0,0,0.834,0.0173,2952
259,5,-13.252,0,3,3,1,0,0,0.833,0.0172,2957
260,22,-14.137,0,3,9,1,0,0,0.833,0.0172,2979
261,5,-13.224,0,3,3,1,0,0,0.832,0.0172,2984
262,25,-9.83,0,4,5,1,0,0,0.831,0.0172,3009
263,5,-13.092,0,3,1,1,0,0,0.831,0.0172,3014
264,5,-12.269,0,2,2,1,0,0,0.83,0.0172,3019
265,8,-13.117,0,3,5,1,0,0,0.829,0.0172,3027
266,6,-13.434,0,2,3,1,0,0,0.829,0.0172,3033
267,8,-13.098,0,3,5,1,0,0,0.828,0.0172,3041
268,5,-13.301,0,3,3,1,0,0,0.827,0.0172,3046
269,8,-13.267,0,2,5,1,0,0,0.827,0.0171,3054
270,6,-13.585,0,4,3,1,0,0,0.826,0.0171,3060
271,18,-13.182,0,5,8,1,0,0,0.825,0.0171,3078
272,5,-13.072,0,4,2,1,0,0,0.825,0.0171,3083
273,12,-13.27,0,1,5,1,0,0,0.824,0.0171,3095
274,14,-13.373,0,2,6,1,0,0,0.823,0.0171,3109
275,8,-12.54,0,3,4,1,0,0,0.823,0.0171,3117
276,18,-12.9,0,4,8,1,0,0,0.822,0.0171,3135
277,5,-13.245,0,3,2,1,0,0,0.822,0.0171,3140
278,10,-13.465,0,3,4,1,0,0,0.821,0.017,3150
279,6,-13.117,0,2,4,1,0,0,0.82,0.017,3156
280,16,-14.165,0,4,7,1,0,0,0.82,0.017,3172
281,7,-12.615,0,3,1,1,0,0,0.819,0.017,3179
282,16,-13.836,0,0,4,1,0,0,0.818,0.017,3195
283,14,-13.316,0,2,5,1,0,0,0.818,0.017,3209
284,11,-12.755,0,1,4,1,0,0,0.817,0.017,3220
285,5,-13.451,0,2,1,1,0,0,0.816,0.017,3225
286,11,-12.862,0,3,2,1,0,0,0.816,0.017,3236
287,13,-12.855,0,2,5,1,0,0,0.815,0.0169,3249
288,6,-13.386,0,2,3,1,0,0,0.814,0.0169,3255
289,9,-12.57,0,6,3,1,0,0,0.814,0.0169,3264
290,12,-13.019,0,3,5,1,0,0,0.813,0.0169,3276
291,5,-12.851,0,3,3,1,0,0,0.812,0.0169,3281
292,15,-14.314,0,4,10,1,0,0,0.812,0.0169,3296
293,8,-13.194,0,2,5,1,0,0,0.811,0.0169,3304
294,5,-13.144,0,4,2,1,0,0,0.811,0.0169,3309
295,6,-9.594,0,1,1,1,0,0,0.81,0.0169,3315
296,8,-13.045,0,1,3,1,0,0,0.809,0.0169,3323
297,10,-13.893,0,3,5,1,0,0,0.809,0.0168,3333
298,16,-13.497,0,3,7,1,0,0,0.808,0.0168,3349
299,35,-14.451,0,6,23,1,0,0,0.807,0.0168,3384
300,5,-13.245,0,3,2,1,0,0,0.807,0.0168,3389
301,5,-13.052,0,4,3,1,0,0,0.806,0.0168,3394
302,7,-12.376,0,3,3,1,0,0,0.805,0.0168,3401
303,6,-13.089,0,3,0,1,0,0,0.805,0.0168,3407
304,22,-14.22,0,3,11,1,0,0,0.804,0.0168,3429
305,11,-13.322,0,2,5,1,0,0,0.803,0.0168,3440
306,8,-13.516,0,4,3,1,0,0,0.803,0.0167,3448
307,23,-14.194,0,2,12,1,0,0,0.802,0.0167,3471
308,17,-14.085,0,3,9,1,0,0,0.801,0.0167,3488
309,20,-13.397,0,3,10,1,0,0,0.801,0.0167,3508
310,22,-13.157,0,3,9,1,0,0,0.8,0.0167,3530
311,15,-12.804,0,3,6,1,0,0,0.8,0.0167,3545
312,10,-9.973,0,2,3,1,0,0,0.799,0.0167,3555
313,8,-11.489,0,5,2,1,0,0,0.798,0.0167,3563
314,7,-13.593,0,4,3,1,0,0,0.798,0.0167,3570
315,19,-13.515,0,1,10,1,0,0,0.797,0.0167,3589
316,16,-13.09,0,3,8,1,0,0,0.796,0.0166,3605
317,15,-13.58,0,2,2,1,0,0,0.796,0.0166,3620
318,13,-12.996,0,1,6,1,0,0,0.795,0.0166,3633
319,11,-10.22,0,2,5,1,0,0,0.794,0.0166,3644
320,15,-10.101,0,3,6,1,0,0,0.794,0.0166,3659
321,18,-13.538,0,5,10,1,0,0,0.793,0.0166,3677
322,18,-12.564,0,4,3,1,0,0,0.792,0.0166,3695
323,46,-16.622,0,4,25,1,0,0,0.792,0.0166,3741
324,19,-13.924,0,2,12,1,0,0,0.791,0.0166,3760
325,5,-13.022,0,4,2,1,0,0,0.79,0.0165,3765
326,13,-12.404,0,5,5,1,0,0,0.79,0.0165,3778
327,5,-12.892,0,4,1,1,0,0,0.789,0.0165,3783
328,19,-14.293,0,2,13,1,0,0,0.789,0.0165,3802
329,5,-13.194,0,3,2,1,0,0,0.788,0.0165,3807
330,25,-13.629,0,5,13,1,0,0,0.787,0.0165,3832
331,9,-12.975,0,2,4,1,0,0,0.787,0.0165,3841
332,13,-13.492,0,1,5,1,0,0,0.786,0.0165,3854
333,37,-15.599,0,3,19,1,0,0,0.785,0.0165,3891
334,42,-16.596,0,3,21,1,0,0,0.785,0.0164,3933
335,7,-13.3,0,3,4,1,0,0,0.784,0.0164,3940
336,22,-12.615,0,6,6,1,0,0,0.783,0.0164,3962
337,7,-13.169,0,4,3,1,0,0,0.783,0.0164,3969
338,9,-9.986,0,3,3,1,0,0,0.782,0.0164,3978
339,37,-12.249,0,9,13,1,0,0,0.781,0.0164,4015
340,6,-13.018,0,3,4,1,0,0,0.781,0.0164,4021
341,9,-13.118,0,1,3,1,0,0,0.78,0.0164,4030
342,13,-13.677,0,4,4,1,0,0,0.779,0.0164,4043
343,5,-14.051,0,2,3,1,0,0,0.779,0.0164,4048
344,5,-13.14,0,3,1,1,0,0,0.778,0.0163,4053
345,12,-14.836,0,3,6,1,0,0,0.778,0.0163,4065
346,9,-12.835,0,6,6,1,0,0,0.777,0.0163,4074
347,5,-13.274,0,3,3,1,0,0,0.776,0.0163,4079
348,9,-13.881,0,3,5,1,0,0,0.776,0.0163,4088
349,24,-13.829,0,4,10,1,0,0,0.775,0.0163,4112
350,7,-12.247,0,3,2,1,0,0,0.774,0.0163,4119
351,10,-12.222,0,5,4,1,0,0,0.774,0.0163,4129
352,6,-13.689,0,3,4,1,0,0,0.773,0.0163,4135
353,8,-13.117,0,3,5,1,0,0,0.772,0.0162,4143
354,5,-13.345,0,2,2,1,0,0,0.772,0.0162,4148
355,23,-14.37,0,2,10,1,0,0,0.771,0.0162,4171
356,5,-13.245,0,3,2,1,0,0,0.77,0.0162,4176
357,6,-12.857,0,2,2,1,0,0,0.77,0.0162,4182
358,12,-13.277,0,3,6,1,0,0,0.769,0.0162,4194
359,7,-13.15,0,4,2,1,0,0,0.768,0.0162,4201
360,21,-14.006,0,2,10,1,0,0,0.768,0.0162,4222
361,19,-13.166,0,3,7,1,0,0,0.767,0.0162,4241
362,14,-10.281,0,2,5,1,0,0,0.767,0.0161,4255
363,6,-13.135,0,4,3,1,0,0,0.766,0.0161,4261
364,38,-12.977,0,9,15,1,0,0,0.765,0.0161,4299
365,21,-13.356,0,2,10,1,0,0,0.765,0.0161,4320
366,5,-13.801,0,4,3,1,0,0,0.764,0.0161,4325
367,6,-12.809,0,1,2,1,0,0,0.763,0.0161,4331
368,5,-13.8,0,4,3,1,0,0,0.763,0.0161,4336
369,34,-13.961,0,1,12,1,0,0,0.762,0.0161,4370
370,5,-11.55,0,3,1,1,0,0,0.761,0.0161,4375
371,5,-13.07,0,3,1,1,0,0,0.761,0.0161,4380
372,14,-10.305,0,3,3,1,0,0,0.76,0.016,4394
373,6,-12.938,0,2,3,1,0,0,0.759,0.016,4400
374,14,-13.089,0,2,7,1,0,0,0.759,0.016,4414
375,8,-12.787,0,3,2,1,0,0,0.758,0.016,4422
376,10,-13.276,0,3,6,1,0,0,0.758,0.016,4432
377,69,-14.897,1,9,35,1,0,0,0.757,0.016,4501
378,7,-12.527,0,2,3,1,0,0,0.756,0.016,4508
379,16,-13.73,0,1,8,1,0,0,0.756,0.016,4524
380,16,-13.927,0,1,10,1,0,0,0.755,0.016,4540
381,19,-14.186,0,3,9,1,0,0,0.754,0.0159,4559
382,9,-13.152,0,3,5,1,0,0,0.754,0.0159,4568
383,10,-12.529,0,1,2,1,0,0,0.753,0.0159,4578
384,5,-13.172,0,3,2,1,0,0,0.752,0.0159,4583
385,5,-13.365,0,3,1,1,0,0,0.752,0.0159,4588
386,6,-13.716,0,3,4,1,0,0,0.751,0.0159,4594
387,12,-13.818,0,3,7,1,0,0,0.75,0.0159,4606
388,17,-13.433,0,1,6,1,0,0,0.75,0.0159,4623
389,11,-13.4,0,2,6,1,0,0,0.749,0.0159,4634
390,21,-13.166,0,3,8,1,0,0,0.748,0.0159,4655
391,8,-13.037,0,2,4,1,0,0,0.748,0.0158,4663
392,5,-13.722,0,4,2,1,0,0,0.747,0.0158,4668
393,10,-13.268,0,3,6,1,0,0,0.747,0.0158,4678
394,6,-13.335,0,2,3,1,0,0,0.746,0.0158,4684
395,10,-13.868,0,3,5,1,0,0,0.745,0.0158,4694
396,17,-12.99,0,3,9,1,0,0,0.745,0.0158,4711
397,7,-13.523,0,2,4,1,0,0,0.744,0.0158,4718
398,8,-11.956,0,5,1,1,0,0,0.743,0.0158,4726
399,29,-12.927,0,5,12,1,0,0,0.743,0.0158,4755
400,13,-12.641,0,2,3,1,0,0,0.742,0.0157,4768
401,5,-12.449,0,2,3,1,0,0,0.741,0.0157,4773
402,5,-13.595,0,3,2,1,0,0,0.741,0.0157,4778
403,5,-13.121,0,3,2,1,0,0,0.74,0.0157,4783
404,28,-14.095,0,4,12,1,0,0,0.739,0.0157,4811
405,14,-10.165,0,2,6,1,0,0,0.739,0.0157,4825
406,11,-13.363,0,3,8,1,0,0,0.738,0.0157,4836
407,48,-15.152,0,4,26,1,0,0,0.737,0.0157,4884
408,15,-10.634,0,2,6,1,0,0,0.737,0.0157,4899
409,5,-12.825,0,2,3,1,0,0,0.736,0.0156,4904
410,17,-11.741,0,4,2,1,0,0,0.736,0.0156,4921
411,19,-12.698,0,5,6,1,0,0,0.735,0.0156,4940
412,5,-13.902,0,4,3,1,0,0,0.734,0.0156,4945
413,20,-13.78,0,4,11,1,0,0,0.734,0.0156,4965
414,16,-13.211,0,3,10,1,0,0,0.733,0.0156,4981
415,23,-14.568,0,3,13,1,0,0,0.732,0.0156,5004
416,18,-10.005,0,3,4,1,0,0,0.732,0.0156,5022
417,18,-12.786,0,6,5,1,0,0,0.731,0.0156,5040
418,24,-13.549,0,2,10,1,0,0,0.73,0.0156,5064
419,5,-13.352,0,4,3,1,0,0,0.73,0.0155,5069
420,15,-12.507,0,3,6,1,0,0,0.729,0.0155,5084
421,11,-13.482,0,2,7,1,0,0,0.728,0.0155,5095
422,37,-13.889,0,9,19,1,0,0,0.728,0.0155,5132
423,16,-13.302,0,2,10,1,0,0,0.727,0.0155,5148
424,18,-12.587,0,5,6,1,0,0,0.726,0.0155,5166
425,43,-15.81,0,2,31,1,0,0,0.726,0.0155,5209
426,8,-13.067,0,2,3,1,0,0,0.725,0.0155,5217
427,7,-13.002,0,3,4,1,0,0,0.725,0.0155,5224
428,9,-12.902,0,0,3,1,0,0,0.724,0.0154,5233
429,32,-12.573,1,10,18,1,0,0,0.723,0.0154,5265
430,16,-13.197,0,3,7,1,0,0,0.723,0.0154,5281
431,5,-13.502,0,4,3,1,0,0,0.722,0.0154,5286
432,9,-13.474,0,2,3,1,0,0,0.721,0.0154,5295
433,17,-13.705,0,2,9,1,0,0,0.721,0.0154,5312
434,7,-13.053,0,2,4,1,0,0,0.72,0.0154,5319
435,41,-14.796,0,2,22,1,0,0,0.719,0.0154,5360
436,5,-13.092,0,3,1,1,0,0,0.719,0.0154,5365
437,7,-12.772,0,3,3,1,0,0,0.718,0.0153,5372
438,30,-11.102,0,6,17,1,0,0,0.717,0.0153,5402
439,59,-16.338,0,6,24,1,0,0,0.717,0.0153,5461
440,32,-11.723,0,5,22,1,0,0,0.716,0.0153,5493
441,40,-13.024,0,9,17,1,0,0,0.715,0.0153,5533
442,11,-13.85,0,3,4,1,0,0,0.715,0.0153,5544
443,5,-13.221,0,3,2,1,0,0,0.714,0.0153,5549
444,15,-13.657,0,2,8,1,0,0,0.714,0.0153,5564
445,6,-12.886,0,2,2,1,0,0,0.713,0.0153,5570
446,15,-12.875,0,2,5,1,0,0,0.712,0.0153,5585
447,8,-13.589,0,4,4,1,0,0,0.712,0.0152,5593
448,5,-12.924,0,1,3,1,0,0,0.711,0.0152,5598
449,38,-11.295,0,5,20,1,0,0,0.71,0.0152,5636
450,13,-13.001,0,3,3,1,0,0,0.71,0.0152,5649
451,13,-13.408,0,2,6,1,0,0,0.709,0.0152,5662
452,30,-12.42,0,8,16,1,0,0,0.708,0.0152,5692
453,16,-11.717,1,3,5,1,0,0,0.708,0.0152,5708
454,38,-14.716,0,5,19,1,0,0,0.707,0.0152,5746
455,31,-14.085,0,5,20,1,0,0,0.706,0.0152,5777
456,10,-13.027,0,3,3,1,0,0,0.706,0.0151,5787
457,29,-11.381,0,3,14,1,0,0,0.705,0.0151,5816
458,16,-13.91,0,2,12,1,0,0,0.704,0.0151,5832
459,18,-14.292,0,1,8,1,0,0,0.704,0.0151,5850
460,48,-15.081,0,3,18,1,0,0,0.703,0.0151,5898
461,26,-13.836,0,6,17,1,0,0,0.703,0.0151,5924
462,60,-16.627,0,2,36,1,0,0,0.702,0.0151,5984
463,22,-12.46,0,5,10,1,0,0,0.701,0.0151,6006
464,11,-12.657,0,2,5,1,0,0,0.701,0.0151,6017
465,8,-13.262,0,1,5,1,0,0,0.7,0.0151,6025
466,15,-12.815,0,3,5,1,0,0,0.699,0.015,6040
467,27,-14.088,0,2,12,1,0,0,0.699,0.015,6067
468,27,-13.309,0,5,14,1,0,0,0.698,0.015,6094
469,8,-13.213,0,1,4,1,0,0,0.697,0.015,6102
470,15,-13.58,0,2,7,1,0,0,0.697,0.015,6117
471,12,-13.247,0,3,6,1,0,0,0.696,0.015,6129
472,9,-12.502,0,2,3,1,0,0,0.695,0.015,6138
473,5,-13.352,0,2,3,1,0,0,0.695,0.015,6143
474,9,-13.177,0,2,4,1,0,0,0.694,0.015,6152
475,7,-12.476,0,2,3,1,0,0,0.693,0.0149,6159
476,6,-12.79,0,2,3,1,0,0,0.693,0.0149,6165
477,50,-14.275,0,9,16,1,0,0,0.692,0.0149,6215
478,28,-14.844,0,3,10,1,0,0,0.692,0.0149,6243
479,6,-13.064,0,1,4,1,0,0,0.691,0.0149,6249
480,15,-13.8,0,2,10,1,0,0,0.69,0.0149,6264
481,5,-13.241,0,4,1,1,0,0,0.69,0.0149,6269
482,14,-10.513,0,3,6,1,0,0,0.689,0.0149,6283
483,10,-13.267,0,3,6,1,0,0,0.688,0.0149,6293
484,36,-15.189,0,1,24,1,0,0,0.688,0.0148,6329
485,13,-13.562,0,2,8,1,0,0,0.687,0.0148,6342
486,18,-13.892,0,3,7,1,0,0,0.686,0.0148,6360
487,18,-9.746,0,6,7,1,0,0,0.686,0.0148,6378
488,12,-14.075,0,3,7,1,0,0,0.685,0.0148,6390
489,38,-14.225,0,4,20,1,0,0,0.684,0.0148,6428
490,19,-13.136,0,5,8,1,0,0,0.684,0.0148,6447
491,24,-13.085,0,4,9,1,0,0,0.683,0.0148,6471
492,16,-11.939,0,4,4,1,0,0,0.682,0.0148,6487
493,50,-12.173,2,8,21,1,0,0,0.682,0.0148,6537
494,28,-11.149,1,6,9,1,0,0,0.681,0.0147,6565
495,16,-13.674,0,2,9,1,0,0,0.681,0.0147,6581
496,33,-15.294,0,4,19,1,0,0,0.68,0.0147,6614
497,8,-12.99,0,2,4,1,0,0,0.679,0.0147,6622
498,14,-12.675,0,4,6,1,0,0,0.679,0.0147,6636
499,73,-16.697,0,7,35,1,0,0,0.678,0.0147,6709
500,16,-9.791,0,5,4,1,0,0,0.677,0.0147,6725
501,6,-12.482,0,2,3,1,0,0,0.677,0.0147,6731
502,8,-11.489,0,4,1,1,0,0,0.676,0.0147,6739
503,42,-10.792,2,7,16,1,0,0,0.675,0.0146,6781
504,5,-13.802,0,4,3,1,0,0,0.675,0.0146,6786
505,43,-14.356,0,6,26,1,0,0,0.674,0.0146,6829
506,15,-12.553,0,5,5,1,0,0,0.673,0.0146,6844
507,78,-14.823,1,12,33,1,0,0,0.673,0.0146,6922
508,20,-14.545,0,4,15,1,0,0,0.672,0.0146,6942
509,13,-10.649,0,2,4,1,0,0,0.671,0.0146,6955
510,6,-13.038,0,2,3,1,0,0,0.671,0.0146,6961
511,5,-13.042,0,3,1,1,0,0,0.67,0.0146,6966
512,5,-13.402,0,4,3,1,0,0,0.67,0.0145,6971
513,20,-11.13,0,1,10,1,0,0,0.669,0.0145,6991
514,6,-12.889,0,2,3,1,0,0,0.668,0.0145,6997
515,29,-9.39,1,11,8,1,0,0,0.668,0.0145,7026
516,26,-10.773,0,4,12,1,0,0,0.667,0.0145,7052
517,37,-10.438,2,14,15,1,0,0,0.666,0.0145,7089
518,8,-13.295,0,4,4,1,0,0,0.666,0.0145,7097
519,15,-13.442,0,3,9,1,0,0,0.665,0.0145,7112
520,23,-10.834,0,2,11,1,0,0,0.664,0.0145,7135
521,9,-12.786,0,2,6,1,0,0,0.664,0.0145,7144
522,20,-14.284,0,0,10,1,0,0,0.663,0.0144,7164
523,34,-14.597,0,3,20,1,0,0,0.662,0.0144,7198
524,17,-13.395,0,3,7,1,0,0,0.662,0.0144,7215
525,20,-12.412,0,3,8,1,0,0,0.661,0.0144,7235
526,7,-9.542,0,3,2,1,0,0,0.66,0.0144,7242
527,26,-13.019,0,6,13,1,0,0,0.66,0.0144,7268
528,25,-13.867,0,2,9,1,0,0,0.659,0.0144,7293
529,18,-13.745,0,3,5,1,0,0,0.659,0.0144,7311
530,5,-13.142,0,3,1,1,0,0,0.658,0.0144,7316
531,36,-12.838,0,8,14,1,0,0,0.657,0.0143,7352
532,8,-13.484,0,4,2,1,0,0,0.657,0.0143,7360
533,17,-13.689,0,5,9,1,0,0,0.656,0.0143,7377
534,13,-13.76,0,3,2,1,0,0,0.655,0.0143,7390
535,12,-13.146,0,3,6,1,0,0,0.655,0.0143,7402
536,50,-12.896,1,11,22,1,0,0,0.654,0.0143,7452
537,19,-12.427,0,3,7,1,0,0,0.653,0.0143,7471
538,5,-12.942,0,4,1,1,0,0,0.653,0.0143,7476
539,6,-13.056,0,4,2,1,0,0,0.652,0.0143,7482
540,17,-13.299,0,5,7,1,0,0,0.651,0.0143,7499
541,42,-15.857,0,2,27,1,0,0,0.651,0.0142,7541
542,18,-13.681,0,1,12,1,0,0,0.65,0.0142,7559
543,10,-9.77,0,1,1,1,0,0,0.65,0.0142,7569
544,6,-13.485,0,4,3,1,0,0,0.649,0.0142,7575
545,52,-11.149,0,9,22,1,0,0,0.648,0.0142,7627
546,15,-12.881,0,4,8,1,0,0,0.648,0.0142,7642
547,18,-13.732,0,3,10,1,0,0,0.647,0.0142,7660
548,18,-14.134,0,2,7,1,0,0,0.646,0.0142,7678
549,7,-12.933,0,2,1,1,0,0,0.646,0.0142,7685
550,14,-13.534,0,3,4,1,0,0,0.645,0.0141,7699
551,22,-13.188,0,4,7,1,0,0,0.644,0.0141,7721
552,14,-13.056,0,3,5,1,0,0,0.644,0.0141,7735
553,14,-13.2,0,3,7,1,0,0,0.643,0.0141,7749
554,10,-13.314,0,4,4,1,0,0,0.642,0.0141,7759
555,22,-11.944,0,6,10,1,0,0,0.642,0.0141,7781
556,26,-14.421,0,2,6,1,0,0,0.641,0.0141,7807
557,32,-15.737,0,3,23,1,0,0,0.64,0.0141,7839
558,15,-10.255,1,5,5,1,0,0,0.64,0.0141,7854
559,22,-12.762,0,7,9,1,0,0,0.639,0.014,7876
560,35,-14.182,1,4,16,1,0,0,0.639,0.014,7911
561,10,-10.027,0,2,3,1,0,0,0.638,0.014,7921
562,13,-9.625,0,2,4,1,0,0,0.637,0.014,7934
563,24,-14.005,0,3,11,1,0,0,0.637,0.014,7958
564,39,-10.038,0,8,12,1,0,0,0.636,0.014,7997
565,13,-13.112,0,2,5,1,0,0,0.635,0.014,8010
566,30,-14.167,1,4,15,1,0,0,0.635,0.014,8040
567,7,-12.579,0,1,4,1,0,0,0.634,0.014,8047
568,50,-13.872,0,7,16,1,0,0,0.633,0.014,8097
569,41,-11.921,1,10,17,1,0,0,0.633,0.0139,8138
570,23,-14.095,0,1,10,1,0,0,0.632,0.0139,8161
571,5,-13.425,0,2,3,1,0,0,0.631,0.0139,8166
572,20,-14.153,0,3,5,1,0,0,0.631,0.0139,8186
573,5,-13.224,0,3,3,1,0,0,0.63,0.0139,8191
574,12,-12.731,0,2,4,1,0,0,0.629,0.0139,8203
575,16,-12.09,0,5,5,1,0,0,0.629,0.0139,8219
576,15,-10.162,0,3,8,1,0,0,0.628,0.0139,8234
577,5,-13.222,0,3,2,1,0,0,0.628,0.0139,8239
578,41,-14.263,0,6,14,1,0,0,0.627,0.0138,8280
579,6,-12.411,0,2,2,1,0,0,0.626,0.0138,8286
580,92,-13.07,1,6,33,1,0,0,0.626,0.0138,8378
581,7,-12.945,0,1,2,1,0,0,0.625,0.0138,8385
582,36,-12.339,0,6,15,1,0,0,0.624,0.0138,8421
583,14,-13.787,0,3,12,1,0,0,0.624,0.0138,8435
584,6,-13.067,0,2,4,1,0,0,0.623,0.0138,8441
585,10,-12.47,0,3,4,1,0,0,0.622,0.0138,8451
586,5,-13.395,0,3,1,1,0,0,0.622,0.0138,8456
587,19,-13.584,0,3,14,1,0,0,0.621,0.0137,8475
588,9,-13.17,0,4,2,1,0,0,0.62,0.0137,8484
589,9,-13.463,0,2,7,1,0,0,0.62,0.0137,8493
590,19,-13.055,0,3,9,1,0,0,0.619,0.0137,8512
591,6,-13.156,0,3,2,1,0,0,0.618,0.0137,8518
592,8,-12.857,0,3,3,1,0,0,0.618,0.0137,8526
593,6,-13.659,0,4,4,1,0,0,0.617,0.0137,8532
594,16,-14.003,0,4,10,1,0,0,0.617,0.0137,8548
595,5,-13.1,0,4,3,1,0,0,0.616,0.0137,8553
596,21,-13.996,0,3,7,1,0,0,0.615,0.0137,8574
597,5,-12.248,0,2,2,1,0,0,0.615,0.0136,8579
598,9,-12.536,0,3,4,1,0,0,0.614,0.0136,8588
599,21,-13.655,0,2,12,1,0,0,0.613,0.0136,8609
600,36,-13.636,0,4,20,1,0,0,0.613,0.0136,8645
601,31,-14.382,0,2,10,1,0,0,0.612,0.0136,8676
602,103,-16.193,1,14,39,1,0,0,0.611,0.0136,8779
603,39,-9.694,2,8,12,1,0,0,0.611,0.0136,8818
604,10,-13.37,0,2,4,1,0,0,0.61,0.0136,8828
605,20,-12.992,0,4,10,1,0,0,0.609,0.0136,8848
606,6,-13.264,0,4,4,1,0,0,0.609,0.0135,8854
607,34,-13.823,0,3,20,1,0,0,0.608,0.0135,8888
608,49,-11.732,0,3,20,1,0,0,0.607,0.0135,8937
609,15,-13.347,0,2,11,1,0,0,0.607,0.0135,8952
610,5,-13.572,0,3,2,1,0,0,0.606,0.0135,8957
611,8,-13.217,0,3,3,1,0,0,0.606,0.0135,8965
612,5,-13.552,0,3,3,1,0,0,0.605,0.0135,8970
613,31,-12.811,0,4,6,1,0,0,0.604,0.0135,9001
614,31,-12.807,0,7,11,1,0,0,0.604,0.0135,9032
615,40,-14.066,0,9,16,1,0,0,0.603,0.0135,9072
616,19,-13.814,0,4,8,1,0,0,0.602,0.0134,9091
617,30,-13.248,0,6,18,1,0,0,0.602,0.0134,9121
618,26,-12.748,0,4,13,1,0,0,0.601,0.0134,9147
619,39,-14.92,0,6,20,1,0,0,0.6,0.0134,9186
620,14,-14.294,0,3,5,1,0,0,0.6,0.0134,9200
621,16,-13.22,0,3,9,1,0,0,0.599,0.0134,9216
622,15,-12.785,0,2,5,1,0,0,0.598,0.0134,9231
623,41,-15.754,0,1,24,1,0,0,0.598,0.0134,9272
624,61,-16.863,0,1,27,1,0,0,0.597,0.0134,9333
625,81,-16.404,1,6,47,1,0,0,0.596,0.0133,9414
626,30,-13.839,0,2,10,1,0,0,0.596,0.0133,9444
627,7,-12.873,0,3,3,1,0,0,0.595,0.0133,9451
628,40,-14.893,1,2,24,1,0,0,0.595,0.0133,9491
629,51,-13.303,1,5,23,1,0,0,0.594,0.0133,9542
630,42,-14.168,1,2,13,1,0,0,0.593,0.0133,9584
631,14,-12.559,0,3,4,1,0,0,0.593,0.0133,9598
632,13,-14.52,0,4,9,1,0,0,0.592,0.0133,9611
633,26,-14.265,0,5,8,1,0,0,0.591,0.0133,9637
634,20,-13.12,0,3,4,1,0,0,0.591,0.0132,9657
635,25,-15.069,0,3,18,1,0,0,0.59,0.0132,9682
636,13,-9.971,0,3,4,1,0,0,0.589,0.0132,9695
637,9,-13.363,0,2,7,1,0,0,0.589,0.0132,9704
638,51,-10.525,1,9,25,1,0,0,0.588,0.0132,9755
639,27,-14.66,0,3,17,1,0,0,0.587,0.0132,9782
640,22,-12.769,0,3,11,1,0,0,0.587,0.0132,9804
641,33,-12.714,1,4,15,1,0,0,0.586,0.0132,9837
642,38,-13.203,1,7,18,1,0,0,0.585,0.0132,9875
643,12,-12.712,0,2,4,1,0,0,0.585,0.0132,9887
644,21,-10.509,0,2,7,1,0,0,0.584,0.0131,9908
645,8,-12.591,0,2,4,1,0,0,0.584,0.0131,9916
646,10,-12.53,0,3,3,1,0,0,0.583,0.0131,9926
647,54,-15.453,0,6,21,1,0,0,0.582,0.0131,9980
648,8,-12.44,0,3,4,1,0,0,0.582,0.0131,9988
649,32,-13.625,0,2,14,1,0,0,0.581,0.0131,10020
650,8,-9.722,0,2,2,1,0,0,0.58,0.0131,10028
651,73,-18.33,0,4,41,1,0,0,0.58,0.0131,10101
652,46,-15.133,0,4,21,1,0,0,0.579,0.0131,10147
653,16,-12.546,0,2,1,1,0,0,0.578,0.013,10163
654,28,-14.983,0,2,15,1,0,0,0.578,0.013,10191
655,43,-14.577,0,5,21,1,0,0,0.577,0.013,10234
656,7,-13.896,0,0,4,1,0,0,0.576,0.013,10241
657,9,-12.557,0,3,5,1,0,0,0.576,0.013,10250
658,21,-13.168,0,4,10,1,0,0,0.575,0.013,10271
659,5,-13.645,0,3,3,1,0,0,0.574,0.013,10276
660,45,-14.207,1,4,21,1,0,0,0.574,0.013,10321
661,9,-13.232,0,2,5,1,0,0,0.573,0.013,10330
662,57,-13.375,0,6,27,1,0,0,0.573,0.0129,10387
663,67,-12.426,0,4,18,1,0,0,0.572,0.0129,10454
664,5,-14.002,0,3,3,1,0,0,0.571,0.0129,10459
665,14,-10.134,0,3,6,1,0,0,0.571,0.0129,10473
666,11,-12.836,0,3,7,1,0,0,0.57,0.0129,10484
667,74,-13.47,2,12,29,1,0,0,0.569,0.0129,10558
668,6,-13.536,0,4,3,1,0,0,0.569,0.0129,10564
669,14,-14.302,0,2,7,1,0,0,0.568,0.0129,10578
670,24,-12.678,0,6,9,1,0,0,0.567,0.0129,10602
671,7,-11.822,0,2,2,1,0,0,0.567,0.0129,10609
672,5,-13.022,0,4,2,1,0,0,0.566,0.0128,10614
673,32,-15.394,0,4,15,1,0,0,0.565,0.0128,10646
674,7,-12.844,0,2,2,1,0,0,0.565,0.0128,10653
675,24,-11.398,0,8,9,1,0,0,0.564,0.0128,10677
676,6,-13.309,0,3,3,1,0,0,0.564,0.0128,10683
677,16,-10.19,0,3,5,1,0,0,0.563,0.0128,10699
678,67,-16.164,1,3,38,1,0,0,0.562,0.0128,10766
679,7,-9.537,0,3,2,1,0,0,0.562,0.0128,10773
680,5,-13.872,0,3,2,1,0,0,0.561,0.0128,10778
681,8,-12.542,0,3,4,1,0,0,0.56,0.0127,10786
682,38,-15.95,0,2,15,1,0,0,0.56,0.0127,10824
683,65,-16.777,0,4,21,1,0,0,0.559,0.0127,10889
684,8,-13.264,0,1,4,1,0,0,0.558,0.0127,10897
685,7,-13.68,0,4,5,1,0,0,0.558,0.0127,10904
686,23,-13.262,0,5,11,1,0,0,0.557,0.0127,10927
687,176,-24.067,0,9,74,1,0,0,0.556,0.0127,11103
688,22,-13.255,0,3,5,1,0,0,0.556,0.0127,11125
689,5,-13.022,0,4,2,1,0,0,0.555,0.0127,11130
690,36,-13.181,0,7,11,1,0,0,0.554,0.0127,11166
691,24,-13.514,0,6,15,1,0,0,0.554,0.0126,11190
692,27,-10.471,2,9,9,1,0,0,0.553,0.0126,11217
693,27,-14.746,0,4,11,1,0,0,0.553,0.0126,11244
694,32,-13.959,0,5,16,1,0,0,0.552,0.0126,11276
695,5,-13.521,0,3,2,1,0,0,0.551,0.0126,11281
696,5,-13.852,0,3,3,1,0,0,0.551,0.0126,11286
697,44,-14.439,0,9,22,1,0,0,0.55,0.0126,11330
698,16,-13.101,0,3,5,1,0,0,0.549,0.0126,11346
699,70,-14.914,0,8,29,1,0,0,0.549,0.0126,11416
700,11,-13.881,0,3,5,1,0,0,0.548,0.0125,11427
701,23,-10.727,0,3,7,1,0,0,0.547,0.0125,11450
702,49,-13.408,0,5,16,1,0,0,0.547,0.0125,11499
703,29,-13.581,0,2,12,1,0,0,0.546,0.0125,11528
704,14,-14.395,0,4,7,1,0,0,0.545,0.0125,11542
705,20,-14.208,0,5,12,1,0,0,0.545,0.0125,11562
706,23,-14.282,0,2,9,1,0,0,0.544,0.0125,11585
707,116,-18.885,0,9,61,1,0,0,0.543,0.0125,11701
708,16,-13.971,0,2,12,1,0,0,0.543,0.0125,11717
709,5,-12.375,0,2,3,1,0,0,0.542,0.0124,11722
710,78,-15.84,0,9,26,1,0,0,0.542,0.0124,11800
711,12,-13.284,0,4,4,1,0,0,0.541,0.0124,11812
712,39,-13.169,1,8,17,1,0,0,0.54,0.0124,11851
713,70,-15.912,0,7,17,1,0,0,0.54,0.0124,11921
714,9,-13.282,0,2,6,1,0,0,0.539,0.0124,11930
715,30,-13.629,0,4,7,1,0,0,0.538,0.0124,11960
716,22,-12.844,0,4,9,1,0,0,0.538,0.0124,11982
717,18,-13.087,0,4,7,1,0,0,0.537,0.0124,12000
718,5,-13.152,0,4,3,1,0,0,0.536,0.0124,12005
719,11,-13.51,0,3,5,1,0,0,0.536,0.0123,12016
720,11,-13.102,0,3,4,1,0,0,0.535,0.0123,12027
721,38,-14.21,0,6,12,1,0,0,0.534,0.0123,12065
722,7,-12.775,0,3,3,1,0,0,0.534,0.0123,12072
723,8,-13.517,0,2,4,1,0,0,0.533,0.0123,12080
724,62,-14.197,0,3,33,1,0,0,0.532,0.0123,12142
725,14,-13.676,0,2,8,1,0,0,0.532,0.0123,12156
726,60,-15.566,0,9,27,1,0,0,0.531,0.0123,12216
727,23,-13.934,0,3,14,1,0,0,0.531,0.0123,12239
728,13,-12.389,0,1,4,1,0,0,0.53,0.0122,12252
729,32,-10.759,0,5,12,1,0,0,0.529,0.0122,12284
730,8,-9.627,0,3,2,1,0,0,0.529,0.0122,12292
731,5,-11.52,0,3,1,1,0,0,0.528,0.0122,12297
732,18,-13.04,0,3,7,1,0,0,0.527,0.0122,12315
733,29,-13.622,0,5,14,1,0,0,0.527,0.0122,12344
734,6,-13.766,0,3,4,1,0,0,0.526,0.0122,12350
735,13,-10.011,0,3,7,1,0,0,0.525,0.0122,12363
736,107,-18.001,0,5,37,1,0,0,0.525,0.0122,12470
737,15,-12.272,0,4,6,1,0,0,0.524,0.0121,12485
738,41,-13.797,1,4,21,1,0,0,0.523,0.0121,12526
739,52,-15.262,0,5,28,1,0,0,0.523,0.0121,12578
740,19,-12.797,0,4,6,1,0,0,0.522,0.0121,12597
741,28,-14.552,0,2,21,1,0,0,0.521,0.0121,12625
742,35,-15.699,0,4,24,1,0,0,0.521,0.0121,12660
743,46,-14.166,1,4,26,1,0,0,0.52,0.0121,12706
744,30,-10.92,0,5,9,1,0,0,0.52,0.0121,12736
745,36,-12.681,0,5,8,1,0,0,0.519,0.0121,12772
746,5,-13.374,0,2,3,1,0,0,0.518,0.0121,12777
747,14,-13.63,0,2,9,1,0,0,0.518,0.012,12791
748,17,-14.672,0,3,12,1,0,0,0.517,0.012,12808
749,24,-12.483,0,6,7,1,0,0,0.516,0.012,12832
750,23,-12.689,0,4,12,1,0,0,0.516,0.012,12855
751,118,-18.754,0,16,41,1,0,0,0.515,0.012,12973
752,5,-12.195,0,1,1,1,0,0,0.514,0.012,12978
753,56,-14.939,0,5,21,1,0,0,0.514,0.012,13034
754,30,-10.649,0,2,10,1,0,0,0.513,0.012,13064
755,10,-12.6,0,4,6,1,0,0,0.512,0.012,13074
756,20,-12.898,0,2,11,1,0,0,0.512,0.0119,13094
757,59,-15.019,1,5,31,1,0,0,0.511,0.0119,13153
758,32,-14.261,0,7,18,1,0,0,0.51,0.0119,13185
759,26,-10.437,1,9,10,1,0,0,0.51,0.0119,13211
760,5,-12.991,0,4,1,1,0,0,0.509,0.0119,13216
761,32,-14.976,0,5,19,1,0,0,0.509,0.0119,13248
762,12,-13.874,0,4,5,1,0,0,0.508,0.0119,13260
763,61,-13.787,0,8,23,1,0,0,0.507,0.0119,13321
764,37,-14.276,0,4,18,1,0,0,0.507,0.0119,13358
765,14,-12.87,0,3,6,1,0,0,0.506,0.0119,13372
766,39,-14.605,0,5,20,1,0,0,0.505,0.0118,13411
767,56,-13.958,1,5,19,1,0,0,0.505,0.0118,13467
768,65,-15.935,0,7,34,1,0,0,0.504,0.0118,13532
769,31,-13.465,0,4,14,1,0,0,0.503,0.0118,13563
770,57,-16.012,0,2,27,1,0,0,0.503,0.0118,13620
771,15,-12.24,0,2,2,1,0,0,0.502,0.0118,13635
772,30,-13.604,0,7,17,1,0,0,0.501,0.0118,13665
773,12,-13.694,0,4,4,1,0,0,0.501,0.0118,13677
774,25,-13.538,0,6,16,1,0,0,0.5,0.0118,13702
775,18,-9.869,0,3,6,1,0,0,0.499,0.0117,13720
776,5,-11.575,0,2,1,1,0,0,0.499,0.0117,13725
777,10,-11.937,0,3,3,1,0,0,0.498,0.0117,13735
778,81,-12.88,2,13,33,1,0,0,0.498,0.0117,13816
779,33,-11.467,0,10,6,1,0,0,0.497,0.0117,13849
780,112,-15.908,1,11,50,1,0,0,0.496,0.0117,13961
781,15,-13.692,0,2,9,1,0,0,0.496,0.0117,13976
782,108,-19.647,0,9,61,1,0,0,0.495,0.0117,14084
783,58,-12.62,2,7,27,1,0,0,0.494,0.0117,14142
784,6,-13.185,0,4,3,1,0,0,0.494,0.0116,14148
785,34,-13.035,0,7,9,1,0,0,0.493,0.0116,14182
786,45,-14.44,0,8,18,1,0,0,0.492,0.0116,14227
787,43,-14.48,0,4,24,1,0,0,0.492,0.0116,14270
788,30,-11.054,0,3,12,1,0,0,0.491,0.0116,14300
789,7,-13.32,0,3,3,1,0,0,0.49,0.0116,14307
790,118,-16.66,1,17,48,1,0,0,0.49,0.0116,14425
791,50,-13.095,0,3,28,1,0,0,0.489,0.0116,14475
792,11,-13.252,0,3,6,1,0,0,0.488,0.0116,14486
793,22,-11.326,0,2,14,1,0,0,0.488,0.0116,14508
794,62,-14.483,0,4,18,1,0,0,0.487,0.0115,14570
795,16,-12.795,0,3,6,1,0,0,0.487,0.0115,14586
796,43,-13.298,0,8,13,1,0,0,0.486,0.0115,14629
797,5,-13.649,0,2,3,1,0,0,0.485,0.0115,14634
798,20,-13.598,0,5,11,1,0,0,0.485,0.0115,14654
799,35,-11.736,0,3,10,1,0,0,0.484,0.0115,14689
800,43,-15.266,0,4,15,1,0,0,0.483,0.0115,14732
801,26,-13.455,0,5,16,1,0,0,0.483,0.0115,14758
802,53,-14.991,1,5,31,1,0,0,0.482,0.0115,14811
803,45,-14.922,0,4,24,1,0,0,0.481,0.0114,14856
804,54,-14.486,0,9,26,1,0,0,0.481,0.0114,14910
805,41,-12.295,0,6,16,1,0,0,0.48,0.0114,14951
806,20,-12.615,0,3,7,1,0,0,0.479,0.0114,14971
807,47,-13.613,1,7,25,1,0,0,0.479,0.0114,15018
808,60,-14.466,1,9,26,1,0,0,0.478,0.0114,15078
809,8,-12.015,0,2,3,1,0,0,0.477,0.0114,15086
810,58,-16.05,0,7,35,1,0,0,0.477,0.0114,15144
811,20,-13.393,0,3,10,1,0,0,0.476,0.0114,15164
812,58,-16.024,1,5,32,1,0,0,0.476,0.0113,15222
813,7,-12.526,0,2,3,1,0,0,0.475,0.0113,15229
814,15,-13.35,0,3,6,1,0,0,0.474,0.0113,15244
815,38,-11.416,1,7,10,1,0,0,0.474,0.0113,15282
816,62,-15.626,0,4,18,1,0,0,0.473,0.0113,15344
817,65,-16.933,0,5,44,1,0,0,0.472,0.0113,15409
818,33,-14.602,0,1,18,1,0,0,0.472,0.0113,15442
819,6,-12.265,0,2,3,1,0,0,0.471,0.0113,15448
820,9,-13.16,0,3,0,1,0,0,0.47,0.0113,15457
821,52,-16.04,0,2,25,1,0,0,0.47,0.0113,15509
822,33,-15.064,0,2,19,1,0,0,0.469,0.0112,15542
823,6,-12.541,0,1,3,1,0,0,0.468,0.0112,15548
824,70,-16.234,0,4,22,1,0,0,0.468,0.0112,15618
825,27,-13.595,0,6,14,1,0,0,0.467,0.0112,15645
826,14,-10.106,0,3,4,1,0,0,0.466,0.0112,15659
827,42,-14.55,0,4,15,1,0,0,0.466,0.0112,15701
828,78,-19.238,0,3,51,1,0,0,0.465,0.0112,15779
829,111,-17.756,2,12,58,1,0,0,0.465,0.0112,15890
830,63,-17.048,0,5,40,1,0,0,0.464,0.0112,15953
831,5,-14.052,0,2,3,1,0,0,0.463,0.0111,15958
832,35,-14.764,0,3,21,1,0,0,0.463,0.0111,15993
833,21,-14.133,0,4,5,1,0,0,0.462,0.0111,16014
834,46,-16.593,0,2,33,1,0,0,0.461,0.0111,16060
835,55,-16.313,0,3,28,1,0,0,0.461,0.0111,16115
836,33,-11.407,0,1,14,1,0,0,0.46,0.0111,16148
837,5,-13.442,0,3,1,1,0,0,0.459,0.0111,16153
838,170,-22.1,1,10,89,1,0,0,0.459,0.0111,16323
839,39,-13.277,0,9,14,1,0,0,0.458,0.0111,16362
840,5,-13.551,0,3,3,1,0,0,0.457,0.0111,16367
841,21,-9.837,3,5,4,1,0,0,0.457,0.011,16388
842,62,-16.008,0,9,37,1,0,0,0.456,0.011,16450
843,12,-13.404,0,3,3,1,0,0,0.456,0.011,16462
844,147,-18.82,1,11,38,1,0,0,0.455,0.011,16609
845,175,-23.993,2,6,105,1,0,0,0.454,0.011,16784
846,16,-12.847,0,2,10,1,0,0,0.454,0.011,16800
847,52,-12.433,2,9,21,1,0,0,0.453,0.011,16852
848,103,-14.583,1,10,56,1,0,0,0.452,0.011,16955
849,26,-10.54,0,2,6,1,0,0,0.452,0.011,16981
850,9,-11.841,0,3,1,1,0,0,0.451,0.0109,16990
851,35,-13.296,0,7,15,1,0,0,0.45,0.0109,17025
852,16,-12.287,0,4,8,1,0,0,0.45,0.0109,17041
853,6,-9.546,0,3,0,1,0,0,0.449,0.0109,17047
854,20,-13.121,0,5,8,1,0,0,0.448,0.0109,17067
855,224,-17.889,3,20,84,1,0,0,0.448,0.0109,17291
856,19,-9.604,0,3,3,1,0,0,0.447,0.0109,17310
857,13,-12.705,0,2,5,1,0,0,0.446,0.0109,17323
858,38,-14.453,0,3,5,1,0,0,0.446,0.0109,17361
859,67,-14.776,0,9,22,1,0,0,0.445,0.0108,17428
860,52,-12.568,1,3,29,1,0,0,0.445,0.0108,17480
861,114,-21.0,0,11,76,1,0,0,0.444,0.0108,17594
862,38,-11.129,0,3,7,1,0,0,0.443,0.0108,17632
863,92,-15.231,0,15,37,1,0,0,0.443,0.0108,17724
864,101,-16.064,2,10,46,1,0,0,0.442,0.0108,17825
865,78,-16.032,0,13,37,1,0,0,0.441,0.0108,17903
866,58,-12.836,1,9,14,1,0,0,0.441,0.0108,17961
867,30,-14.338,0,3,10,1,0,0,0.44,0.0108,17991
868,55,-13.37,0,5,21,1,0,0,0.439,0.0108,18046
869,26,-13.403,0,5,12,1,0,0,0.439,0.0107,18072
870,5,-13.04,0,4,1,1,0,0,0.438,0.0107,18077
871,50,-17.262,0,1,35,1,0,0,0.437,0.0107,18127
872,35,-13.951,0,5,13,1,0,0,0.437,0.0107,18162
873,44,-12.373,0,4,5,1,0,0,0.436,0.0107,18206
874,61,-11.327,0,8,16,1,0,0,0.435,0.0107,18267
875,39,-13.622,0,6,14,1,0,0,0.435,0.0107,18306
876,41,-13.423,0,2,30,1,0,0,0.434,0.0107,18347
877,88,-16.456,1,8,53,1,0,0,0.434,0.0107,18435
878,54,-14.804,0,7,32,1,0,0,0.433,0.0106,18489
879,36,-8.31,1,7,9,1,0,0,0.432,0.0106,18525
880,56,-11.172,3,8,19,1,0,0,0.432,0.0106,18581
881,69,-14.873,1,8,32,1,0,0,0.431,0.0106,18650
882,16,-12.2,0,4,4,1,0,0,0.43,0.0106,18666
883,35,-14.068,0,7,22,1,0,0,0.43,0.0106,18701
884,9,-9.986,0,2,2,1,0,0,0.429,0.0106,18710
885,25,-13.093,0,3,7,1,0,0,0.428,0.0106,18735
886,75,-13.332,1,5,38,1,0,0,0.428,0.0106,18810
887,97,-19.584,0,9,61,1,0,0,0.427,0.0105,18907
888,55,-14.935,0,6,22,1,0,0,0.426,0.0105,18962
889,7,-9.659,0,2,1,1,0,0,0.426,0.0105,18969
890,109,-15.634,0,9,25,1,0,0,0.425,0.0105,19078
891,5,-12.991,0,4,1,1,0,0,0.424,0.0105,19083
892,85,-16.127,0,5,52,1,0,0,0.424,0.0105,19168
893,6,-12.988,0,2,3,1,0,0,0.423,0.0105,19174
894,74,-13.209,0,8,27,1,0,0,0.423,0.0105,19248
895,13,-12.616,0,3,4,1,0,0,0.422,0.0105,19261
896,32,-13.344,1,4,18,1,0,0,0.421,0.0105,19293
897,93,-15.86,0,10,37,1,0,0,0.421,0.0104,19386
898,37,-8.989,1,10,8,1,0,0,0.42,0.0104,19423
899,67,-12.92,0,7,30,1,0,0,0.419,0.0104,19490
900,14,-14.156,0,4,4,1,0,0,0.419,0.0104,19504
901,15,-12.625,0,3,2,1,0,0,0.418,0.0104,19519
902,69,-15.467,0,8,31,1,0,0,0.417,0.0104,19588
903,23,-9.851,0,5,10,1,0,0,0.417,0.0104,19611
904,67,-14.875,0,7,17,1,0,0,0.416,0.0104,19678
905,79,-14.661,0,9,26,1,0,0,0.415,0.0104,19757
906,5,-13.144,0,3,2,1,0,0,0.415,0.0103,19762
907,19,-13.32,0,5,14,1,0,0,0.414,0.0103,19781
908,21,-10.895,0,3,5,1,0,0,0.413,0.0103,19802
909,42,-12.195,0,5,25,1,0,0,0.413,0.0103,19844
910,38,-13.292,0,5,10,1,0,0,0.412,0.0103,19882
911,59,-17.033,0,5,30,1,0,0,0.412,0.0103,19941
912,25,-12.541,0,5,6,1,0,0,0.411,0.0103,19966
913,15,-13.703,0,2,8,1,0,0,0.41,0.0103,19981
914,27,-13.872,0,3,6,1,0,0,0.41,0.0103,20008
915,11,-9.902,0,2,1,1,0,0,0.409,0.0103,20019
916,400,-24.844,2,12,195,0,0,1,0.408,0.0102,20419
917,9,-13.459,0,1,6,1,0,0,0.408,0.0102,20428
918,89,-15.444,1,13,42,1,0,0,0.407,0.0102,20517
919,30,-10.826,0,6,11,1,0,0,0.406,0.0102,20547
920,6,-13.466,0,2,4,1,0,0,0.406,0.0102,20553
921,70,-15.54,1,8,43,1,0,0,0.405,0.0102,20623
922,35,-14.52,1,1,21,1,0,0,0.404,0.0102,20658
923,94,-6.527,3,21,22,1,0,0,0.404,0.0102,20752
924,5,-13.092,0,3,1,1,0,0,0.403,0.0102,20757
925,79,-13.548,0,5,33,1,0,0,0.402,0.0101,20836
926,73,-13.807,1,13,38,1,0,0,0.402,0.0101,20909
927,79,-18.38,0,5,52,1,0,0,0.401,0.0101,20988
928,67,-12.547,1,7,41,1,0,0,0.401,0.0101,21055
929,30,-11.299,0,3,15,1,0,0,0.4,0.0101,21085
930,162,-19.942,1,13,67,1,0,0,0.399,0.0101,21247
931,6,-14.116,0,3,4,1,0,0,0.399,0.0101,21253
932,117,-13.404,4,16,49,1,0,0,0.398,0.0101,21370
933,29,-13.586,0,5,13,1,0,0,0.397,0.0101,21399
934,49,-11.663,0,3,17,1,0,0,0.397,0.01,21448
935,174,-26.111,1,11,110,1,0,0,0.396,0.01,21622
936,25,-13.88,0,3,2,1,0,0,0.395,0.01,21647
937,51,-12.547,0,3,26,1,0,0,0.395,0.01,21698
938,110,-16.603,1,9,56,1,0,0,0.394,0.01,21808
939,53,-15.092,0,2,13,1,0,0,0.393,0.01,21861
940,88,-17.452,1,8,46,1,0,0,0.393,0.01,21949
941,30,-12.909,0,5,8,1,0,0,0.392,0.01,21979
942,58,-15.093,0,5,16,1,0,0,0.391,0.01,22037
943,35,-13.826,0,5,15,1,0,0,0.391,0.01,22072
944,29,-10.566,0,3,11,1,0,0,0.39,0.0099,22101
945,73,-15.043,0,7,29,1,0,0,0.39,0.0099,22174
946,59,-12.907,0,3,27,1,0,0,0.389,0.0099,22233
947,30,-13.184,0,6,10,1,0,0,0.388,0.0099,22263
948,14,-10.304,0,2,8,1,0,0,0.388,0.0099,22277
949,27,-12.412,0,2,9,1,0,0,0.387,0.0099,22304
950,53,-10.872,2,10,22,1,0,0,0.386,0.0099,22357
951,167,-17.574,1,16,77,1,0,0,0.386,0.0099,22524
952,23,-12.286,1,5,9,1,0,0,0.385,0.0099,22547
953,175,-18.592,0,16,80,1,0,0,0.384,0.0098,22722
954,12,-12.185,0,3,4,1,0,0,0.384,0.0098,22734
955,24,-14.043,0,3,9,1,0,0,0.383,0.0098,22758
956,33,-6.386,1,10,5,1,0,0,0.382,0.0098,22791
957,66,-11.887,0,5,18,1,0,0,0.382,0.0098,22857
958,5,-12.971,0,4,2,1,0,0,0.381,0.0098,22862
959,16,-13.835,0,3,6,1,0,0,0.38,0.0098,22878
960,9,-13.343,0,3,2,1,0,0,0.38,0.0098,22887
961,64,-13.741,0,1,39,1,0,0,0.379,0.0098,22951
962,13,-12.137,0,6,3,1,0,0,0.379,0.0097,22964
963,56,-12.134,0,6,28,1,0,0,0.378,0.0097,23020
964,261,-18.783,3,19,103,1,0,0,0.377,0.0097,23281
965,21,-14.121,0,3,3,1,0,0,0.377,0.0097,23302
966,148,-17.471,2,20,76,1,0,0,0.376,0.0097,23450
967,129,-14.846,0,11,46,1,0,0,0.375,0.0097,23579
968,7,-9.747,0,1,2,1,0,0,0.375,0.0097,23586
969,6,-12.509,0,1,2,1,0,0,0.374,0.0097,23592
970,13,-13.061,0,2,2,1,0,0,0.373,0.0097,23605
971,5,-12.941,0,4,1,1,0,0,0.373,0.0097,23610
972,220,-19.375,3,24,98,1,0,0,0.372,0.0096,23830
973,100,-17.059,0,4,62,1,0,0,0.371,0.0096,23930
974,80,-16.397,0,6,39,1,0,0,0.371,0.0096,24010
975,184,-22.631,2,19,102,1,0,0,0.37,0.0096,24194
976,85,-12.777,1,13,46,1,0,0,0.369,0.0096,24279
977,59,-16.684,0,2,35,1,0,0,0.369,0.0096,24338
978,54,-13.755,0,3,13,1,0,0,0.368,0.0096,24392
979,80,-10.629,1,5,18,1,0,0,0.368,0.0096,24472
980,102,-14.225,1,7,51,1,0,0,0.367,0.0096,24574
981,5,-12.985,0,3,0,1,0,0,0.366,0.0095,24579
982,98,-18.677,0,4,56,1,0,0,0.366,0.0095,24677
983,229,-22.448,2,11,88,1,0,0,0.365,0.0095,24906
984,35,-10.52,0,2,4,1,0,0,0.364,0.0095,24941
985,22,-12.148,0,2,7,1,0,0,0.364,0.0095,24963
986,16,-14.038,0,4,5,1,0,0,0.363,0.0095,24979
987,43,-12.232,0,4,27,1,0,0,0.362,0.0095,25022
988,130,-20.689,1,9,78,1,0,0,0.362,0.0095,25152
989,17,-13.851,0,3,2,1,0,0,0.361,0.0095,25169
990,159,-18.629,2,9,59,1,0,0,0.36,0.0095,25328
991,63,-15.497,0,5,28,1,0,0,0.36,0.0094,25391
992,67,-11.444,2,14,19,1,0,0,0.359,0.0094,25458
993,7,-10.339,0,1,2,1,0,0,0.359,0.0094,25465
994,44,-12.775,0,4,6,1,0,0,0.358,0.0094,25509
995,71,-14.413,1,9,31,1,0,0,0.357,0.0094,25580
996,13,-9.751,0,3,0,1,0,0,0.357,0.0094,25593
997,9,-13.121,0,4,2,1,0,0,0.356,0.0094,25602
998,80,-12.377,0,5,17,1,0,0,0.355,0.0094,25682
999,34,-10.941,0,3,13,1,0,0,0.355,0.0094,25716
1000,5,-13.064,0,4,2,1,0,0,0.354,0.0093,25721
1001,5,-13.064,0,2,0,1,0,0,0.353,0.0093,25726
1002,114,-15.3,0,5,37,1,0,0,0.353,0.0093,25840
1003,103,-18.664,0,5,51,1,0,0,0.352,0.0093,25943
1004,62,-13.293,1,11,26,1,0,0,0.351,0.0093,26005
1005,26,-11.697,0,2,17,1,0,0,0.351,0.0093,26031
1006,17,-11.018,0,2,10,1,0,0,0.35,0.0093,26048
1007,76,-17.435,0,7,46,1,0,0,0.349,0.0093,26124
1008,28,-11.199,0,3,15,1,0,0,0.349,0.0093,26152
1009,148,-23.088,1,4,91,1,0,0,0.348,0.0092,26300
1010,160,-18.394,2,10,53,1,0,0,0.348,0.0092,26460
1011,77,-16.709,0,7,34,1,0,0,0.347,0.0092,26537
1012,122,-17.644,2,6,64,1,0,0,0.346,0.0092,26659
1013,15,-12.195,0,3,4,1,0,0,0.346,0.0092,26674
1014,26,-13.413,0,5,11,1,0,0,0.345,0.0092,26700
1015,5,-13.144,0,3,2,1,0,0,0.344,0.0092,26705
1016,61,-16.665,0,2,33,1,0,0,0.344,0.0092,26766
1017,16,-12.662,0,5,7,1,0,0,0.343,0.0092,26782
1018,47,-11.103,0,4,12,1,0,0,0.342,0.0092,26829
1019,24,-9.713,2,8,6,1,0,0,0.342,0.0091,26853
1020,48,-11.66,0,3,17,1,0,0,0.341,0.0091,26901
1021,36,-14.841,0,3,8,1,0,0,0.34,0.0091,26937
1022,125,-20.26,1,6,61,1,0,0,0.34,0.0091,27062
1023,112,-14.568,0,4,22,1,0,0,0.339,0.0091,27174
1024,35,-12.143,1,4,11,1,0,0,0.338,0.0091,27209
1025,82,-18.185,0,4,48,1,0,0,0.338,0.0091,27291
1026,9,-13.043,0,3,3,1,0,0,0.337,0.0091,27300
1027,51,-14.436,0,5,12,1,0,0,0.337,0.0091,27351
1028,43,-15.106,0,2,25,1,0,0,0.336,0.009,27394
1029,9,-13.131,0,4,2,1,0,0,0.335,0.009,27403
1030,119,-20.434,0,4,61,1,0,0,0.335,0.009,27522
1031,29,-13.219,0,3,5,1,0,0,0.334,0.009,27551
1032,85,-16.607,0,5,26,1,0,0,0.333,0.009,27636
1033,33,-10.869,0,2,7,1,0,0,0.333,0.009,27669
1034,177,-21.461,0,16,90,1,0,0,0.332,0.009,27846
1035,209,-27.344,0,4,118,1,0,0,0.331,0.009,28055
1036,9,-13.77,0,2,2,1,0,0,0.331,0.009,28064
1037,113,-17.223,0,8,47,1,0,0,0.33,0.0089,28177
1038,132,-19.629,0,6,48,1,0,0,0.329,0.0089,28309
1039,37,-10.413,2,10,13,1,0,0,0.329,0.0089,28346
1040,60,-14.976,1,6,15,1,0,0,0.328,0.0089,28406
1041,16,-13.217,0,1,8,1,0,0,0.327,0.0089,28422
1042,177,-16.767,3,16,69,1,0,0,0.327,0.0089,28599
1043,28,-10.41,0,1,6,1,0,0,0.326,0.0089,28627
1044,12,-13.431,0,2,9,1,0,0,0.326,0.0089,28639
1045,113,-19.25,0,2,72,1,0,0,0.325,0.0089,28752
1046,143,-21.53,0,2,76,1,0,0,0.324,0.0089,28895
1047,147,-18.806,0,10,53,1,0,0,0.324,0.0088,29042
1048,78,-14.737,1,5,28,1,0,0,0.323,0.0088,29120
1049,118,-14.819,0,8,44,1,0,0,0.322,0.0088,29238
1050,125,-14.793,0,5,39,1,0,0,0.322,0.0088,29363
1051,30,-12.989,0,7,12,1,0,0,0.321,0.0088,29393
1052,28,-14.059,0,1,8,1,0,0,0.32,0.0088,29421
1053,73,-13.686,0,6,31,1,0,0,0.32,0.0088,29494
1054,83,-15.875,1,5,37,1,0,0,0.319,0.0088,29577
1055,24,-9.822,0,3,3,1,0,0,0.318,0.0088,29601
1056,5,-12.961,0,3,0,1,0,0,0.318,0.0087,29606
1057,67,-15.814,0,2,21,1,0,0,0.317,0.0087,29673
1058,5,-13.645,0,2,2,1,0,0,0.316,0.0087,29678
1059,25,-9.807,0,4,5,1,0,0,0.316,0.0087,29703
1060,40,-12.619,0,3,27,1,0,0,0.315,0.0087,29743
1061,16,-10.357,0,3,10,1,0,0,0.315,0.0087,29759
1062,6,-9.724,0,2,1,1,0,0,0.314,0.0087,29765
1063,5,-12.892,0,4,1,1,0,0,0.313,0.0087,29770
1064,144,-16.102,2,9,72,1,0,0,0.313,0.0087,29914
1065,334,-31.047,3,15,177,1,0,0,0.312,0.0087,30248
1066,141,-22.377,0,13,88,1,0,0,0.311,0.0086,30389
1067,107,-13.691,3,16,55,1,0,0,0.311,0.0086,30496
1068,188,-19.694,2,16,94,1,0,0,0.31,0.0086,30684
1069,119,-20.984,1,4,82,1,0,0,0.309,0.0086,30803
1070,339,-31.685,1,12,146,1,0,0,0.309,0.0086,31142
1071,178,-19.401,2,14,57,1,0,0,0.308,0.0086,31320
1072,103,-17.505,0,3,30,1,0,0,0.307,0.0086,31423
1073,17,-13.451,0,4,2,1,0,0,0.307,0.0086,31440
1074,400,-24.917,3,19,214,0,0,1,0.306,0.0086,31840
1075,11,-12.485,0,3,2,1,0,0,0.305,0.0085,31851
1076,16,-12.669,0,3,4,1,0,0,0.305,0.0085,31867
1077,6,-12.392,0,2,3,1,0,0,0.304,0.0085,31873
1078,83,-13.151,1,8,15,1,0,0,0.304,0.0085,31956
1079,12,-13.115,0,4,0,1,0,0,0.303,0.0085,31968
1080,85,-14.183,2,7,29,1,0,0,0.302,0.0085,32053
1081,79,-16.105,1,8,45,1,0,0,0.302,0.0085,32132
1082,120,-19.665,0,6,54,1,0,0,0.301,0.0085,32252
1083,7,-9.457,0,3,1,1,0,0,0.3,0.0085,32259
1084,9,-13.04,0,4,1,1,0,0,0.3,0.0084,32268
1085,24,-11.988,0,6,5,1,0,0,0.299,0.0084,32292
1086,27,-13.432,0,4,8,1,0,0,0.298,0.0084,32319
1087,122,-19.825,1,6,78,1,0,0,0.298,0.0084,32441
1088,6,-13.149,0,4,2,1,0,0,0.297,0.0084,32447
1089,85,-16.308,0,3,31,1,0,0,0.296,0.0084,32532
1090,400,-24.806,3,16,199,0,0,1,0.296,0.0084,32932
1091,45,-13.884,0,6,15,1,0,0,0.295,0.0084,32977
1092,237,-26.881,3,15,145,1,0,0,0.294,0.0084,33214
1093,34,-14.404,0,3,6,1,0,0,0.294,0.0084,33248
1094,400,-20.284,2,23,159,0,0,1,0.293,0.0083,33648
1095,76,-12.93,0,10,43,1,0,0,0.293,0.0083,33724
1096,255,-28.073,1,13,138,1,0,0,0.292,0.0083,33979
1097,266,-31.116,0,12,154,1,0,0,0.291,0.0083,34245
1098,81,-16.965,0,7,40,1,0,0,0.291,0.0083,34326
1099,58,-16.46,0,2,28,1,0,0,0.29,0.0083,34384
1100,69,-15.467,0,5,28,1,0,0,0.289,0.0083,34453
1101,99,-17.917,0,9,44,1,0,0,0.289,0.0083,34552
1102,20,-13.62,0,6,10,1,0,0,0.288,0.0083,34572
1103,29,-13.165,0,2,3,1,0,0,0.287,0.0082,34601
1104,400,-22.445,6,13,217,0,0,1,0.287,0.0082,35001
1105,29,-14.882,0,2,12,1,0,0,0.286,0.0082,35030
1106,274,-25.34,5,19,111,1,0,0,0.285,0.0082,35304
1107,50,-11.431,0,5,14,1,0,0,0.285,0.0082,35354
1108,220,-22.988,2,17,96,1,0,0,0.284,0.0082,35574
1109,142,-19.965,0,9,65,1,0,0,0.283,0.0082,35716
1110,12,-12.976,0,3,4,1,0,0,0.283,0.0082,35728
1111,178,-25.141,2,6,100,1,0,0,0.282,0.0082,35906
1112,9,-12.596,0,2,3,1,0,0,0.282,0.0081,35915
1113,108,-17.115,0,12,47,1,0,0,0.281,0.0081,36023
1114,88,-17.356,0,6,51,1,0,0,0.28,0.0081,36111
1115,18,-11.418,0,5,6,1,0,0,0.28,0.0081,36129
1116,5,-13.372,0,4,2,1,0,0,0.279,0.0081,36134
1117,400,-29.117,2,14,253,0,0,1,0.278,0.0081,36534
1118,275,-23.722,2,17,129,1,0,0,0.278,0.0081,36809
1119,5,-13.465,0,3,1,1,0,0,0.277,0.0081,36814
1120,72,-15.269,0,8,22,1,0,0,0.276,0.0081,36886
1121,77,-11.957,1,9,35,1,0,0,0.276,0.0081,36963
1122,242,-27.279,1,8,129,1,0,0,0.275,0.008,37205
1123,25,-14.568,0,4,13,1,0,0,0.274,0.008,37230
1124,134,-18.563,2,15,84,1,0,0,0.274,0.008,37364
1125,93,-13.122,1,10,24,1,0,0,0.273,0.008,37457
1126,192,-18.286,2,19,68,1,0,0,0.272,0.008,37649
1127,103,-16.912,2,14,43,1,0,0,0.272,0.008,37752
1128,113,-14.596,2,10,45,1,0,0,0.271,0.008,37865
1129,8,-9.54,0,3,1,1,0,0,0.271,0.008,37873
1130,149,-16.685,1,7,24,1,0,0,0.27,0.008,38022
1131,400,-22.563,4,17,202,0,0,1,0.269,0.0079,38422
1132,30,-14.759,0,1,17,1,0,0,0.269,0.0079,38452
1133,31,-8.397,1,7,9,1,0,0,0.268,0.0079,38483
1134,60,-17.327,0,2,31,1,0,0,0.267,0.0079,38543
1135,27,-11.816,0,6,7,1,0,0,0.267,0.0079,38570
1136,93,-15.453,1,4,18,1,0,0,0.266,0.0079,38663
1137,256,-25.667,4,17,150,1,0,0,0.265,0.0079,38919
1138,83,-12.231,0,6,9,1,0,0,0.265,0.0079,39002
1139,31,-13.681,0,5,16,1,0,0,0.264,0.0079,39033
1140,253,-29.996,1,9,149,1,0,0,0.263,0.0079,39286
1141,176,-20.273,2,13,79,1,0,0,0.263,0.0078,39462
1142,40,-13.839,0,3,8,1,0,0,0.262,0.0078,39502
1143,74,-15.497,0,6,29,1,0,0,0.262,0.0078,39576
1144,195,-27.27,1,5,133,1,0,0,0.261,0.0078,39771
1145,89,-17.715,0,4,36,1,0,0,0.26,0.0078,39860
1146,5,-13.372,0,4,2,1,0,0,0.26,0.0078,39865
1147,10,-13.343,0,2,6,1,0,0,0.259,0.0078,39875
1148,13,-12.806,0,3,2,1,0,0,0.258,0.0078,39888
1149,43,-15.291,0,4,35,1,0,0,0.258,0.0078,39931
1150,21,-14.973,0,2,16,1,0,0,0.257,0.0077,39952
1151,102,-19.21,0,8,49,1,0,0,0.256,0.0077,40054
1152,5,-12.941,0,3,0,1,0,0,0.256,0.0077,40059
1153,399,-51.527,0,10,284,1,0,0,0.255,0.0077,40458
1154,79,-17.585,0,7,49,1,0,0,0.254,0.0077,40537
1155,8,-13.126,0,3,0,1,0,0,0.254,0.0077,40545
1156,400,-26.742,6,12,245,0,0,1,0.253,0.0077,40945
1157,81,-14.629,1,4,15,1,0,0,0.252,0.0077,41026
1158,346,-32.715,3,17,170,1,0,0,0.252,0.0077,41372
1159,252,-21.059,2,10,101,1,0,0,0.251,0.0076,41624
1160,68,-15.075,0,3,12,1,0,0,0.251,0.0076,41692
1161,15,-12.915,0,3,8,1,0,0,0.25,0.0076,41707
1162,166,-22.83,0,11,81,1,0,0,0.249,0.0076,41873
1163,10,-9.432,0,3,0,1,0,0,0.249,0.0076,41883
1164,238,-23.413,2,10,88,1,0,0,0.248,0.0076,42121
1165,137,-13.047,1,14,32,1,0,0,0.247,0.0076,42258
1166,5,-13.374,0,2,3,1,0,0,0.247,0.0076,42263
1167,153,-15.483,0,15,58,1,0,0,0.246,0.0076,42416
1168,78,-15.741,0,7,27,1,0,0,0.245,0.0076,42494
1169,219,-18.943,3,17,79,1,0,0,0.245,0.0075,42713
1170,27,-11.889,0,5,2,1,0,0,0.244,0.0075,42740
1171,120,-16.314,0,8,58,1,0,0,0.243,0.0075,42860
1172,26,-10.287,0,2,6,1,0,0,0.243,0.0075,42886
1173,180,-18.86,3,13,90,1,0,0,0.242,0.0075,43066
1174,126,-19.543,0,7,75,1,0,0,0.241,0.0075,43192
1175,253,-25.838,0,13,91,1,0,0,0.241,0.0075,43445
1176,82,-11.982,0,8,16,1,0,0,0.24,0.0075,43527
1177,345,-32.602,1,7,159,1,0,0,0.24,0.0075,43872
1178,400,-22.403,3,25,224,0,0,1,0.239,0.0074,44272
1179,159,-15.823,0,5,24,1,0,0,0.238,0.0074,44431
1180,210,-17.167,6,16,108,1,0,0,0.238,0.0074,44641
1181,24,-10.312,0,2,3,1,0,0,0.237,0.0074,44665
1182,62,-13.695,1,7,34,1,0,0,0.236,0.0074,44727
1183,109,-18.923,0,3,37,1,0,0,0.236,0.0074,44836
1184,15,-12.656,0,3,3,1,0,0,0.235,0.0074,44851
1185,52,-13.405,0,4,6,1,0,0,0.234,0.0074,44903
1186,400,-27.549,3,23,247,0,0,1,0.234,0.0074,45303
1187,34,-14.271,0,5,13,1,0,0,0.233,0.0073,45337
1188,330,-33.382,0,12,202,1,0,0,0.232,0.0073,45667
1189,174,-16.245,3,14,79,1,0,0,0.232,0.0073,45841
1190,120,-16.784,0,5,54,1,0,0,0.231,0.0073,45961
1191,400,-26.509,1,19,236,0,0,1,0.23,0.0073,46361
1192,42,-12.958,0,7,7,1,0,0,0.23,0.0073,46403
1193,287,-29.104,1,25,150,1,0,0,0.229,0.0073,46690
1194,33,-11.228,0,2,16,1,0,0,0.229,0.0073,46723
1195,60,-9.52,2,4,14,1,0,0,0.228,0.0073,46783
1196,400,-26.633,2,14,217,0,0,1,0.227,0.0073,47183
1197,49,-10.949,0,6,7,1,0,0,0.227,0.0072,47232
1198,237,-30.587,1,5,164,1,0,0,0.226,0.0072,47469
1199,107,-12.98,0,5,23,1,0,0,0.225,0.0072,47576
1200,400,-17.474,6,28,177,0,0,1,0.225,0.0072,47976
1201,140,-17.985,0,10,44,1,0,0,0.224,0.0072,48116
1202,11,-9.931,0,3,2,1,0,0,0.223,0.0072,48127
1203,210,-28.197,0,5,144,1,0,0,0.223,0.0072,48337
1204,400,-26.818,3,7,238,0,0,1,0.222,0.0072,48737
1205,400,-23.15,5,16,225,0,0,1,0.221,0.0072,49137
1206,400,-25.996,1,19,212,0,0,1,0.221,0.0071,49537
1207,104,-17.823,0,2,26,1,0,0,0.22,0.0071,49641
1208,10,-13.436,0,3,2,1,0,0,0.219,0.0071,49651
1209,215,-25.478,0,7,142,1,0,0,0.219,0.0071,49866
1210,400,-23.541,3,23,237,0,0,1,0.218,0.0071,50266
1211,117,-17.73,1,10,58,1,0,0,0.218,0.0071,50383
1212,247,-24.765,2,14,120,1,0,0,0.217,0.0071,50630
1213,75,-14.051,2,7,35,1,0,0,0.216,0.0071,50705
1214,11,-13.756,0,2,6,1,0,0,0.216,0.0071,50716
1215,37,-11.081,1,7,10,1,0,0,0.215,0.0071,50753
1216,400,-24.421,1,11,174,0,0,1,0.214,0.007,51153
1217,196,-15.93,5,21,76,1,0,0,0.214,0.007,51349
1218,68,-16.029,0,1,55,1,0,0,0.213,0.007,51417
1219,230,-24.933,2,15,119,1,0,0,0.212,0.007,51647
1220,175,-19.648,1,6,73,1,0,0,0.212,0.007,51822
1221,80,-14.478,0,7,26,1,0,0,0.211,0.007,51902
1222,79,-16.557,1,3,39,1,0,0,0.21,0.007,51981
1223,14,-12.166,0,2,1,1,0,0,0.21,0.007,51995
1224,39,-10.523,0,3,5,1,0,0,0.209,0.007,52034
1225,55,-11.436,0,2,5,1,0,0,0.208,0.0069,52089
1226,255,-25.162,1,6,92,1,0,0,0.208,0.0069,52344
1227,98,-14.353,0,8,32,1,0,0,0.207,0.0069,52442
1228,119,-19.684,2,9,82,1,0,0,0.207,0.0069,52561
1229,83,-15.875,0,9,42,1,0,0,0.206,0.0069,52644
1230,400,-26.66,3,13,237,0,0,1,0.205,0.0069,53044
1231,398,-41.579,2,12,241,1,0,0,0.205,0.0069,53442
1232,127,-15.597,1,3,15,1,0,0,0.204,0.0069,53569
1233,154,-19.176,1,4,75,1,0,0,0.203,0.0069,53723
1234,224,-22.651,1,6,87,1,0,0,0.203,0.0068,53947
1235,172,-26.868,1,6,122,1,0,0,0.202,0.0068,54119
1236,156,-22.677,0,9,88,1,0,0,0.201,0.0068,54275
1237,153,-22.707,0,6,82,1,0,0,0.201,0.0068,54428
1238,186,-21.253,0,10,107,1,0,0,0.2,0.0068,54614
1239,219,-28.132,0,10,133,1,0,0,0.199,0.0068,54833
1240,81,-16.98,0,7,46,1,0,0,0.199,0.0068,54914
1241,69,-14.415,0,4,16,1,0,0,0.198,0.0068,54983
1242,25,-12.488,0,4,5,1,0,0,0.197,0.0068,55008
1243,158,-19.23,1,11,62,1,0,0,0.197,0.0068,55166
1244,128,-14.44,0,2,10,1,0,0,0.196,0.0067,55294
1245,400,-34.882,1,13,295,0,0,1,0.196,0.0067,55694
1246,400,-26.96,1,6,206,0,0,1,0.195,0.0067,56094
1247,276,-27.846,2,16,131,1,0,0,0.194,0.0067,56370
1248,45,-13.38,0,3,6,1,0,0,0.194,0.0067,56415
1249,400,-27.124,1,13,203,0,0,1,0.193,0.0067,56815
1250,98,-15.214,1,5,24,1,0,0,0.192,0.0067,56913
1251,400,-25.335,2,8,180,0,0,1,0.192,0.0067,57313
1252,235,-28.221,2,16,164,1,0,0,0.191,0.0067,57548
1253,99,-19.753,0,4,59,1,0,0,0.19,0.0066,57647
1254,240,-26.171,1,9,135,1,0,0,0.19,0.0066,57887
1255,130,-14.4,1,13,33,1,0,0,0.189,0.0066,58017
1256,170,-19.905,0,5,32,1,0,0,0.188,0.0066,58187
1257,15,-8.062,1,5,3,1,0,0,0.188,0.0066,58202
1258,71,-15.71,0,3,7,1,0,0,0.187,0.0066,58273
1259,190,-26.107,0,11,112,1,0,0,0.186,0.0066,58463
1260,400,-27.441,0,3,166,0,0,1,0.186,0.0066,58863
1261,24,-10.108,0,4,5,1,0,0,0.185,0.0066,58887
1262,362,-30.895,2,20,197,1,0,0,0.185,0.0065,59249
1263,245,-20.054,4,20,125,1,0,0,0.184,0.0065,59494
1264,13,-13.459,0,3,1,1,0,0,0.183,0.0065,59507
1265,400,-28.703,0,6,239,0,0,1,0.183,0.0065,59907
1266,80,-14.939,0,5,8,1,0,0,0.182,0.0065,59987
1267,60,-10.832,0,8,18,1,0,0,0.181,0.0065,60047
1268,196,-19.705,2,12,113,1,0,0,0.181,0.0065,60243
1269,117,-15.531,0,6,37,1,0,0,0.18,0.0065,60360
1270,20,-13.884,0,1,1,1,0,0,0.179,0.0065,60380
1271,109,-19.031,0,1,31,1,0,0,0.179,0.0065,60489
1272,98,-17.518,0,4,49,1,0,0,0.178,0.0064,60587
1273,400,-30.214,1,11,247,0,0,1,0.177,0.0064,60987
1274,5,-13.012,0,3,0,1,0,0,0.177,0.0064,60992
1275,281,-31.119,4,13,186,1,0,0,0.176,0.0064,61273
1276,18,-13.6,0,2,0,1,0,0,0.176,0.0064,61291
1277,7,-12.93,0,4,0,1,0,0,0.175,0.0064,61298
1278,400,-20.618,5,14,194,0,0,1,0.174,0.0064,61698
1279,400,-32.91,0,9,284,0,0,1,0.174,0.0064,62098
1280,214,-22.875,2,5,72,1,0,0,0.173,0.0064,62312
1281,400,-25.278,4,13,233,0,0,1,0.172,0.0063,62712
1282,400,-17.745,1,14,125,0,0,1,0.172,0.0063,63112
1283,400,-21.137,3,22,187,0,0,1,0.171,0.0063,63512
1284,5,-12.862,0,4,0,1,0,0,0.17,0.0063,63517
1285,79,-16.585,0,5,24,1,0,0,0.17,0.0063,63596
1286,206,-22.247,1,11,82,1,0,0,0.169,0.0063,63802
1287,400,-16.333,5,13,135,0,0,1,0.168,0.0063,64202
1288,400,-15.886,4,10,98,0,0,1,0.168,0.0063,64602
1289,84,-16.349,0,3,23,1,0,0,0.167,0.0063,64686
1290,259,-34.327,0,10,170,1,0,0,0.166,0.0063,64945
1291,143,-14.953,1,6,41,1,0,0,0.166,0.0062,65088
1292,145,-21.698,1,9,59,1,0,0,0.165,0.0062,65233
1293,120,-18.679,1,6,44,1,0,0,0.165,0.0062,65353
1294,217,-18.652,0,5,42,1,0,0,0.164,0.0062,65570
1295,135,-17.408,0,13,48,1,0,0,0.163,0.0062,65705
1296,5,-13.022,0,4,2,1,0,0,0.163,0.0062,65710
1297,34,-10.047,0,4,3,1,0,0,0.162,0.0062,65744
1298,400,-24.646,2,20,194,0,0,1,0.161,0.0062,66144
1299,105,-17.039,0,4,10,1,0,0,0.161,0.0062,66249
1300,6,-13.106,0,4,2,1,0,0,0.16,0.0061,66255
1301,400,-27.407,1,13,212,0,0,1,0.159,0.0061,66655
1302,75,-12.027,0,4,9,1,0,0,0.159,0.0061,66730
1303,353,-34.354,5,24,234,1,0,0,0.158,0.0061,67083
1304,141,-20.875,1,6,81,1,0,0,0.157,0.0061,67224
1305,102,-15.044,1,5,31,1,0,0,0.157,0.0061,67326
1306,214,-25.197,2,8,106,1,0,0,0.156,0.0061,67540
1307,149,-15.309,1,11,8,1,0,0,0.155,0.0061,67689
1308,223,-23.082,2,14,133,1,0,0,0.155,0.0061,67912
1309,400,-34.348,1,9,277,0,0,1,0.154,0.006,68312
1310,313,-32.805,2,16,174,1,0,0,0.154,0.006,68625
1311,349,-30.717,3,16,160,1,0,0,0.153,0.006,68974
1312,18,-12.336,0,4,5,1,0,0,0.152,0.006,68992
1313,101,-17.729,0,4,40,1,0,0,0.152,0.006,69093
1314,176,-18.508,1,9,27,1,0,0,0.151,0.006,69269
1315,134,-14.649,0,3,13,1,0,0,0.15,0.006,69403
1316,400,-25.485,3,7,180,0,0,1,0.15,0.006,69803
1317,88,-15.962,1,9,43,1,0,0,0.149,0.006,69891
1318,183,-19.229,0,16,32,1,0,0,0.148,0.006,70074
1319,171,-17.523,0,14,36,1,0,0,0.148,0.0059,70245
1320,127,-16.92,0,12,45,1,0,0,0.147,0.0059,70372
1321,161,-21.644,0,10,83,1,0,0,0.146,0.0059,70533
1322,400,-23.822,2,13,169,0,0,1,0.146,0.0059,70933
1323,400,-25.092,2,11,191,0,0,1,0.145,0.0059,71333
1324,396,-41.836,0,5,221,1,0,0,0.144,0.0059,71729
1325,306,-24.388,1,5,47,1,0,0,0.144,0.0059,72035
1326,400,-17.001,5,29,171,0,0,1,0.143,0.0059,72435
1327,136,-16.121,1,8,10,1,0,0,0.143,0.0059,72571
1328,400,-26.428,1,12,214,0,0,1,0.142,0.0058,72971
1329,159,-16.779,1,4,17,1,0,0,0.141,0.0058,73130
1330,400,-25.429,2,21,203,0,0,1,0.141,0.0058,73530
1331,400,-28.117,3,9,226,0,0,1,0.14,0.0058,73930
1332,292,-23.806,0,6,77,1,0,0,0.139,0.0058,74222
1333,400,-28.174,0,16,245,0,0,1,0.139,0.0058,74622
1334,230,-31.32,0,5,154,1,0,0,0.138,0.0058,74852
1335,62,-12.491,1,4,4,1,0,0,0.137,0.0058,74914
1336,271,-25.883,1,10,56,1,0,0,0.137,0.0058,75185
1337,68,-10.33,1,8,18,1,0,0,0.136,0.0057,75253
1338,343,-29.944,1,10,115,1,0,0,0.135,0.0057,75596
1339,400,-35.03,0,8,270,0,0,1,0.135,0.0057,75996
1340,400,-27.598,1,6,189,0,0,1,0.134,0.0057,76396
1341,194,-25.892,0,6,97,1,0,0,0.133,0.0057,76590
1342,145,-21.573,1,11,87,1,0,0,0.133,0.0057,76735
1343,173,-19.159,2,12,90,1,0,0,0.132,0.0057,76908
1344,203,-20.701,2,7,64,1,0,0,0.132,0.0057,77111
1345,34,-11.365,0,1,3,1,0,0,0.131,0.0057,77145
1346,158,-22.995,0,5,79,1,0,0,0.13,0.0057,77303
1347,400,-23.988,0,7,168,0,0,1,0.13,0.0056,77703
1348,387,-44.411,1,8,267,1,0,0,0.129,0.0056,78090
1349,400,-23.665,1,11,165,0,0,1,0.128,0.0056,78490
1350,400,-16.814,3,11,119,0,0,1,0.128,0.0056,78890
1351,400,-36.359,0,4,321,0,0,1,0.127,0.0056,79290
1352,76,-11.931,1,7,25,1,0,0,0.126,0.0056,79366
1353,400,-28.612,1,10,219,0,0,1,0.126,0.0056,79766
1354,190,-15.977,0,2,9,1,0,0,0.125,0.0056,79956
1355,5,-13.274,0,3,3,1,0,0,0.124,0.0056,79961
1356,400,-23.106,3,9,199,0,0,1,0.124,0.0055,80361
1357,400,-24.285,1,9,175,0,0,1,0.123,0.0055,80761
1358,400,-37.394,2,8,321,0,0,1,0.122,0.0055,81161
1359,80,-16.167,0,3,7,1,0,0,0.122,0.0055,81241
1360,363,-42.711,2,12,285,1,0,0,0.121,0.0055,81604
1361,112,-18.333,0,2,33,1,0,0,0.121,0.0055,81716
1362,400,-22.502,2,19,170,0,0,1,0.12,0.0055,82116
1363,150,-16.32,2,11,44,1,0,0,0.119,0.0055,82266
1364,400,-20.473,3,15,171,0,0,1,0.119,0.0055,82666
1365,400,-22.621,3,17,174,0,0,1,0.118,0.0055,83066
1366,400,-17.282,1,8,93,0,0,1,0.117,0.0054,83466
1367,147,-20.85,0,7,63,1,0,0,0.117,0.0054,83613
1368,400,-22.614,0,7,137,0,0,1,0.116,0.0054,84013
1369,400,-30.815,1,9,265,0,0,1,0.115,0.0054,84413
1370,224,-17.044,0,4,14,1,0,0,0.115,0.0054,84637
1371,400,-23.711,1,10,176,0,0,1,0.114,0.0054,85037
1372,400,-14.912,1,9,80,0,0,1,0.113,0.0054,85437
1373,400,-18.785,0,3,52,0,0,1,0.113,0.0054,85837
1374,400,-15.477,0,6,48,0,0,1,0.112,0.0054,86237
1375,400,-28.662,1,8,215,0,0,1,0.111,0.0053,86637
1376,400,-19.844,3,18,139,0,0,1,0.111,0.0053,87037
1377,400,-19.41,1,10,81,0,0,1,0.11,0.0053,87437
1378,146,-18.9,0,8,31,1,0,0,0.11,0.0053,87583
1379,125,-12.992,1,4,11,1,0,0,0.109,0.0053,87708
1380,400,-32.057,0,13,230,0,0,1,0.108,0.0053,88108
1381,400,-19.754,2,14,107,0,0,1,0.108,0.0053,88508
1382,400,-17.69,2,7,101,0,0,1,0.107,0.0053,88908
1383,400,-21.671,1,6,135,0,0,1,0.106,0.0053,89308
1384,8,-13.145,0,2,5,1,0,0,0.106,0.0052,89316
1385,400,-11.42,1,11,22,0,0,1,0.105,0.0052,89716
1386,400,-24.398,0,7,164,0,0,1,0.104,0.0052,90116
1387,365,-24.154,2,11,88,1,0,0,0.104,0.0052,90481
1388,162,-15.715,2,10,20,1,0,0,0.103,0.0052,90643
1389,279,-27.625,0,3,85,1,0,0,0.102,0.0052,90922
1390,5,-12.992,0,4,1,1,0,0,0.102,0.0052,90927
1391,400,-21.788,0,10,146,0,0,1,0.101,0.0052,91327
1392,400,-35.385,0,4,296,0,0,1,0.1,0.0052,91727
1393,400,-19.993,2,17,150,0,0,1,0.1,0.0052,92127
1394,102,-12.303,0,5,5,1,0,0,0.099,0.0051,92229
1395,400,-17.002,1,13,81,0,0,1,0.099,0.0051,92629
1396,111,-15.073,0,4,8,1,0,0,0.098,0.0051,92740
1397,110,-14.825,0,7,12,1,0,0,0.097,0.0051,92850
1398,400,-24.511,1,9,180,0,0,1,0.097,0.0051,93250
1399,400,-18.634,2,17,123,0,0,1,0.096,0.0051,93650
1400,400,-15.522,1,18,88,0,0,1,0.095,0.0051,94050
1401,400,-12.714,3,18,40,0,0,1,0.095,0.0051,94450
1402,400,-14.715,2,10,51,0,0,1,0.094,0.0051,94850
1403,400,-21.618,1,10,170,0,0,1,0.093,0.005,95250
1404,400,-24.119,0,6,132,0,0,1,0.093,0.005,95650
1405,82,-11.565,0,5,4,1,0,0,0.092,0.005,95732
1406,400,-17.949,1,5,104,0,0,1,0.091,0.005,96132
1407,400,-26.524,1,10,122,0,0,1,0.091,0.005,96532
1408,236,-15.973,3,19,55,1,0,0,0.09,0.005,96768
1409,400,-12.366,3,29,69,0,0,1,0.089,0.005,97168
1410,400,-11.669,2,9,44,0,0,1,0.089,0.005,97568
1411,9,-13.274,0,4,4,1,0,0,0.088,0.005,97577
1412,400,-13.753,0,6,41,0,0,1,0.088,0.0049,97977
1413,400,-30.658,0,4,241,0,0,1,0.087,0.0049,98377
1414,400,-15.28,1,5,18,0,0,1,0.086,0.0049,98777
1415,400,-10.818,3,6,12,0,0,1,0.086,0.0049,99177
1416,400,-15.475,1,11,77,0,0,1,0.085,0.0049,99577
1417,400,-17.437,3,14,109,0,0,1,0.084,0.0049,99977
1418,295,-24.077,1,4,77,1,0,0,0.084,0.0049,100272
1419,400,-22.726,0,5,148,0,0,1,0.083,0.0049,100672
1420,400,-30.038,0,1,223,0,0,1,0.082,0.0049,101072
1421,400,-18.503,0,6,96,0,0,1,0.082,0.0049,101472
1422,400,-19.38,2,13,159,0,0,1,0.081,0.0048,101872
1423,126,-16.921,0,5,18,1,0,0,0.08,0.0048,101998
1424,400,-25.28,1,8,179,0,0,1,0.08,0.0048,102398
1425,400,-18.063,3,9,65,0,0,1,0.079,0.0048,102798
1426,400,-14.642,0,6,23,0,0,1,0.079,0.0048,103198
1427,400,-32.108,0,6,266,0,0,1,0.078,0.0048,103598
1428,400,-17.177,1,6,68,0,0,1,0.077,0.0048,103998
1429,400,-21.28,1,4,99,0,0,1,0.077,0.0048,104398
1430,400,-35.299,0,4,308,0,0,1,0.076,0.0048,104798
1431,189,-22.307,1,8,83,1,0,0,0.075,0.0047,104987
1432,400,-21.666,0,5,129,0,0,1,0.075,0.0047,105387
1433,400,-20.504,1,8,119,0,0,1,0.074,0.0047,105787
1434,400,-33.426,0,4,277,0,0,1,0.073,0.0047,106187
1435,400,-15.493,0,2,13,0,0,1,0.073,0.0047,106587
1436,95,-12.69,0,6,10,1,0,0,0.072,0.0047,106682
1437,400,-14.679,2,12,71,0,0,1,0.071,0.0047,107082
1438,41,-16.516,0,3,35,1,0,0,0.071,0.0047,107123
1439,400,-11.829,0,8,26,0,0,1,0.07,0.0047,107523
1440,288,-23.697,0,8,56,1,0,0,0.069,0.0047,107811
1441,400,-21.05,2,10,141,0,0,1,0.069,0.0046,108211
1442,400,-18.912,1,10,81,0,0,1,0.068,0.0046,108611
1443,400,-19.652,0,5,71,0,0,1,0.068,0.0046,109011
1444,400,-14.122,0,3,15,0,0,1,0.067,0.0046,109411
1445,400,-20.109,2,12,146,0,0,1,0.066,0.0046,109811
1446,366,-26.384,0,6,24,1,0,0,0.066,0.0046,110177
1447,75,-15.925,0,4,62,1,0,0,0.065,0.0046,110252
1448,400,-9.179,3,17,14,0,0,1,0.064,0.0046,110652
1449,329,-25.156,4,15,103,1,0,0,0.064,0.0046,110981
1450,400,-13.615,0,5,21,0,0,1,0.063,0.0045,111381
1451,400,-13.836,1,4,22,0,0,1,0.062,0.0045,111781
1452,400,-27.7,0,0,182,0,0,1,0.062,0.0045,112181
1453,335,-33.252,1,11,167,1,0,0,0.061,0.0045,112516
1454,400,-20.297,0,5,102,0,0,1,0.06,0.0045,112916
1455,400,-13.275,0,3,8,0,0,1,0.06,0.0045,113316
1456,400,-11.229,2,9,9,0,0,1,0.059,0.0045,113716
1457,397,-24.704,1,10,17,1,0,0,0.058,0.0045,114113
1458,400,-31.319,0,9,264,0,0,1,0.058,0.0045,114513
1459,400,-11.997,2,4,6,0,0,1,0.057,0.0044,114913
1460,400,-30.582,1,9,211,0,0,1,0.057,0.0044,115313
1461,400,-32.628,0,4,263,0,0,1,0.056,0.0044,115713
1462,400,-16.149,4,14,119,0,0,1,0.055,0.0044,116113
1463,400,-16.785,2,2,44,0,0,1,0.055,0.0044,116513
1464,400,-16.325,0,5,75,0,0,1,0.054,0.0044,116913
1465,400,-28.806,0,2,211,0,0,1,0.053,0.0044,117313
1466,400,-11.943,2,8,14,0,0,1,0.053,0.0044,117713
1467,400,-21.22,0,13,141,0,0,1,0.052,0.0044,118113
1468,107,-13.007,0,3,1,1,0,0,0.051,0.0044,118220
1469,400,-24.456,0,4,144,0,0,1,0.051,0.0043,118620
1470,400,-12.83,1,8,21,0,0,1,0.05,0.0043,119020
1471,226,-19.034,0,10,9,1,0,0,0.049,0.0043,119246
1472,400,-13.542,2,9,35,0,0,1,0.049,0.0043,119646
1473,400,-20.682,0,4,114,0,0,1,0.048,0.0043,120046
1474,400,-15.704,0,5,12,0,0,1,0.047,0.0043,120446
1475,400,-10.832,2,4,6,0,0,1,0.047,0.0043,120846
1476,400,-27.224,0,7,198,0,0,1,0.046,0.0043,121246
1477,400,-24.368,0,2,137,0,0,1,0.046,0.0043,121646
1478,400,-21.108,0,11,120,0,0,1,0.045,0.0042,122046
1479,400,-14.134,0,0,9,0,0,1,0.044,0.0042,122446
1480,400,-13.102,0,5,7,0,0,1,0.044,0.0042,122846
1481,400,-20.89,2,14,149,0,0,1,0.043,0.0042,123246
1482,400,-10.413,2,9,9,0,0,1,0.042,0.0042,123646
1483,400,-11.596,2,7,29,0,0,1,0.042,0.0042,124046
1484,400,-11.674,0,6,9,0,0,1,0.041,0.0042,124446
1485,400,-14.173,0,0,10,0,0,1,0.04,0.0042,124846
1486,400,-20.664,0,0,93,0,0,1,0.04,0.0042,125246
1487,122,-17.055,0,3,1,1,0,0,0.039,0.0041,125368
1488,400,-10.329,1,10,11,0,0,1,0.038,0.0041,125768
1489,400,-15.155,0,5,7,0,0,1,0.038,0.0041,126168
1490,400,-13.916,0,3,5,0,0,1,0.037,0.0041,126568
1491,400,-12.772,1,6,9,0,0,1,0.036,0.0041,126968
1492,400,-16.152,0,0,37,0,0,1,0.036,0.0041,127368
1493,400,-19.063,0,0,72,0,0,1,0.035,0.0041,127768
1494,400,-15.4,1,5,27,0,0,1,0.035,0.0041,128168
1495,400,-11.041,1,6,19,0,0,1,0.034,0.0041,128568
1496,400,-13.734,0,0,4,0,0,1,0.033,0.0041,128968
1497,400,-13.814,0,0,5,0,0,1,0.033,0.004,129368
1498,400,-13.111,0,5,11,0,0,1,0.032,0.004,129768
1499,400,-15.152,1,6,6,0,0,1,0.031,0.004,130168
1500,400,-12.374,0,5,1,0,0,1,0.031,0.004,130568
1501,400,-11.812,1,3,6,0,0,1,0.03,0.004,130968
1502,400,-12.734,0,5,7,0,0,1,0.03,0.004,131368
1503,400,-15.559,0,5,1,0,0,1,0.03,0.004,131768
1504,400,-13.777,0,2,5,0,0,1,0.03,0.004,132168
1505,400,-14.316,0,2,6,0,0,1,0.03,0.004,132568
1506,400,-11.772,2,6,5,0,0,1,0.03,0.004,132968
1507,400,-13.693,0,0,4,0,0,1,0.03,0.004,133368
1508,400,-13.612,0,0,4,0,0,1,0.03,0.004,133768
1509,400,-12.671,0,8,2,0,0,1,0.03,0.004,134168
1510,400,-12.535,1,10,4,0,0,1,0.03,0.004,134568
1511,400,-13.614,0,0,3,0,0,1,0.03,0.004,134968
1512,400,-12.367,1,6,4,0,0,1,0.03,0.004,135368
1513,400,-13.065,0,1,5,0,0,1,0.03,0.004,135768
1514,400,-12.28,0,7,5,0,0,1,0.03,0.004,136168
1515,400,-12.045,0,3,3,0,0,1,0.03,0.004,136568
1516,400,-11.536,0,4,2,0,0,1,0.03,0.004,136968
1517,400,-21.595,0,2,112,0,0,1,0.03,0.004,137368
1518,400,-13.134,0,3,6,0,0,1,0.03,0.004,137768
1519,400,-11.961,0,6,5,0,0,1,0.03,0.004,138168
1520,400,-11.922,2,8,2,0,0,1,0.03,0.004,138568
1521,400,-12.631,0,3,8,0,0,1,0.03,0.004,138968
1522,400,-14.335,1,5,3,0,0,1,0.03,0.004,139368
1523,400,-11.886,0,2,9,0,0,1,0.03,0.004,139768
1524,237,-21.339,1,5,6,1,0,0,0.03,0.004,140005
1525,400,-12.559,0,2,2,0,0,1,0.03,0.004,140405
1526,400,-13.295,0,2,7,0,0,1,0.03,0.004,140805
1527,400,-10.285,2,17,7,0,0,1,0.03,0.004,141205
1528,400,-13.343,1,6,3,0,0,1,0.03,0.004,141605
1529,400,-15.73,0,2,4,0,0,1,0.03,0.004,142005
1530,400,-13.411,1,5,17,0,0,1,0.03,0.004,142405
1531,400,-13.974,0,0,7,0,0,1,0.03,0.004,142805
1532,400,-20.677,0,5,106,0,0,1,0.03,0.004,143205
1533,400,-13.405,0,2,8,0,0,1,0.03,0.004,143605
1534,400,-14.356,0,3,5,0,0,1,0.03,0.004,144005
1535,400,-15.843,0,3,8,0,0,1,0.03,0.004,144405
1536,238,-19.323,0,3,4,1,0,0,0.03,0.004,144643
1537,400,-12.91,0,4,10,0,0,1,0.03,0.004,145043
1538,400,-10.001,1,12,9,0,0,1,0.03,0.004,145443
1539,400,-12.776,0,2,5,0,0,1,0.03,0.004,145843
1540,400,-13.975,0,5,2,0,0,1,0.03,0.004,146243
1541,400,-11.516,1,5,10,0,0,1,0.03,0.004,146643
1542,400,-13.557,0,3,7,0,0,1,0.03,0.004,147043
1543,400,-12.965,0,5,8,0,0,1,0.03,0.004,147443
1544,400,-13.934,0,0,7,0,0,1,0.03,0.004,147843
1545,400,-11.991,0,6,6,0,0,1,0.03,0.004,148243
1546,400,-13.973,0,0,8,0,0,1,0.03,0.004,148643
1547,400,-14.62,1,2,3,0,0,1,0.03,0.004,149043
1548,400,-13.615,0,0,2,0,0,1,0.03,0.004,149443
1549,400,-13.83,0,1,15,0,0,1,0.03,0.004,149843
1550,246,-17.542,0,3,2,1,0,0,0.03,0.004,150089
1551,400,-13.148,0,3,3,0,0,1,0.03,0.004,150489
1552,400,-22.948,0,6,150,0,0,1,0.03,0.004,150889
1553,400,-11.162,0,6,6,0,0,1,0.03,0.004,151289
1554,400,-11.379,1,5,5,0,0,1,0.03,0.004,151689
1555,400,-21.85,0,4,127,0,0,1,0.03,0.004,152089
1556,400,-12.734,0,2,5,0,0,1,0.03,0.004,152489
1557,400,-10.037,0,9,5,0,0,1,0.03,0.004,152889
1558,400,-7.458,4,12,12,0,0,1,0.03,0.004,153289
1559,400,-12.73,0,5,9,0,0,1,0.03,0.004,153689
1560,400,-7.914,1,9,4,0,0,1,0.03,0.004,154089
1561,400,-18.662,0,3,89,0,0,1,0.03,0.004,154489
1562,400,-12.474,0,8,2,0,0,1,0.03,0.004,154889
1563,400,-13.135,0,9,2,0,0,1,0.03,0.004,155289
1564,400,-13.511,0,5,11,0,0,1,0.03,0.004,155689
1565,400,-15.558,0,6,10,0,0,1,0.03,0.004,156089
1566,400,-13.745,0,6,5,0,0,1,0.03,0.004,156489
1567,400,-13.116,0,1,3,0,0,1,0.03,0.004,156889
1568,400,-12.69,0,8,32,0,0,1,0.03,0.004,157289
1569,400,-12.284,1,5,7,0,0,1,0.03,0.004,157689
1570,400,-11.908,0,4,4,0,0,1,0.03,0.004,158089
1571,400,-13.22,1,4,16,0,0,1,0.03,0.004,158489
1572,400,-14.014,0,0,8,0,0,1,0.03,0.004,158889
1573,400,-12.919,0,3,3,0,0,1,0.03,0.004,159289
1574,400,-11.175,1,8,2,0,0,1,0.03,0.004,159689
1575,400,-12.602,0,3,4,0,0,1,0.03,0.004,160089
1576,400,-13.12,0,0,4,0,0,1,0.03,0.004,160489
1577,400,-12.272,0,3,7,0,0,1,0.03,0.004,160889
1578,400,-14.335,0,6,1,0,0,1,0.03,0.004,161289
1579,400,-8.326,3,12,5,0,0,1,0.03,0.004,161689
1580,400,-13.377,0,2,7,0,0,1,0.03,0.004,162089
1581,400,-11.991,0,4,4,0,0,1,0.03,0.004,162489
1582,157,-17.292,0,2,4,1,0,0,0.03,0.004,162646
1583,400,-15.904,2,4,50,0,0,1,0.03,0.004,163046
1584,400,-15.612,1,11,67,0,0,1,0.03,0.004,163446
1585,400,-10.598,2,4,6,0,0,1,0.03,0.004,163846
1586,400,-13.826,1,6,7,0,0,1,0.03,0.004,164246
1587,400,-11.074,1,4,10,0,0,1,0.03,0.004,164646
1588,400,-11.828,1,8,3,0,0,1,0.03,0.004,165046
1589,400,-11.974,0,3,6,0,0,1,0.03,0.004,165446
1590,400,-13.389,1,3,34,0,0,1,0.03,0.004,165846
1591,400,-9.718,1,7,5,0,0,1,0.03,0.004,166246
1592,400,-12.678,0,5,2,0,0,1,0.03,0.004,166646
1593,400,-11.036,0,5,4,0,0,1,0.03,0.004,167046
1594,400,-13.774,0,0,5,0,0,1,0.03,0.004,167446
1595,400,-12.22,1,11,2,0,0,1,0.03,0.004,167846
1596,400,-14.294,0,0,11,0,0,1,0.03,0.004,168246
1597,400,-13.229,0,4,6,0,0,1,0.03,0.004,168646
1598,400,-13.694,0,0,4,0,0,1,0.03,0.004,169046
1599,400,-14.39,1,10,37,0,0,1,0.03,0.004,169446
1600,400,-13.974,0,0,7,0,0,1,0.03,0.004,169846
1601,400,-15.746,0,0,9,0,0,1,0.03,0.004,170246
1602,400,-14.134,0,0,9,0,0,1,0.03,0.004,170646
1603,400,-10.156,2,3,1,0,0,1,0.03,0.004,171046
1604,400,-7.758,3,14,5,0,0,1,0.03,0.004,171446
1605,400,-6.693,4,10,6,0,0,1,0.03,0.004,171846
1606,400,-14.133,0,0,10,0,0,1,0.03,0.004,172246
1607,400,-8.878,2,4,3,0,0,1,0.03,0.004,172646
1608,400,-10.956,2,9,9,0,0,1,0.03,0.004,173046
1609,400,-14.486,0,2,6,0,0,1,0.03,0.004,173446
1610,400,-13.571,0,0,4,0,0,1,0.03,0.004,173846
1611,400,-12.145,0,5,5,0,0,1,0.03,0.004,174246
1612,310,-24.818,1,9,76,1,0,0,0.03,0.004,174556
1613,400,-9.484,3,11,5,0,0,1,0.03,0.004,174956
1614,400,-12.171,0,5,8,0,0,1,0.03,0.004,175356
1615,357,-20.878,2,11,4,1,0,0,0.03,0.004,175713
1616,224,-16.485,2,8,3,1,0,0,0.03,0.004,175937
1617,400,-9.747,2,7,6,0,0,1,0.03,0.004,176337
1618,400,-12.855,0,2,2,0,0,1,0.03,0.004,176737
1619,400,-13.076,0,3,5,0,0,1,0.03,0.004,177137
1620,400,-13.556,0,3,11,0,0,1,0.03,0.004,177537
1621,400,-10.816,1,5,3,0,0,1,0.03,0.004,177937
1622,400,-13.894,0,0,6,0,0,1,0.03,0.004,178337
1623,382,-24.098,1,7,10,1,0,0,0.03,0.004,178719
1624,400,-12.583,0,2,6,0,0,1,0.03,0.004,179119
1625,400,-12.374,0,4,4,0,0,1,0.03,0.004,179519
1626,400,-10.709,2,6,6,0,0,1,0.03,0.004,179919
1627,400,-11.449,0,6,5,0,0,1,0.03,0.004,180319
1628,400,-12.105,0,5,4,0,0,1,0.03,0.004,180719
1629,400,-8.213,3,14,6,0,0,1,0.03,0.004,181119
1630,400,-10.562,2,8,7,0,0,1,0.03,0.004,181519
1631,400,-11.898,0,6,5,0,0,1,0.03,0.004,181919
1632,400,-13.187,0,6,9,0,0,1,0.03,0.004,182319
1633,400,-11.97,0,7,5,0,0,1,0.03,0.004,182719
1634,400,-13.653,0,0,4,0,0,1,0.03,0.004,183119
1635,400,-13.317,0,7,54,0,0,1,0.03,0.004,183519
1636,400,-12.796,0,2,6,0,0,1,0.03,0.004,183919
1637,400,-11.322,2,20,5,0,0,1,0.03,0.004,184319
1638,400,-13.129,0,3,3,0,0,1,0.03,0.004,184719
1639,38,-10.585,0,2,0,1,0,0,0.03,0.004,184757
1640,400,-7.229,2,11,8,0,0,1,0.03,0.004,185157
1641,400,-9.312,2,7,5,0,0,1,0.03,0.004,185557
1642,400,-9.097,2,12,3,0,0,1,0.03,0.004,185957
1643,400,-7.136,2,13,4,0,0,1,0.03,0.004,186357
1644,400,-7.627,4,13,8,0,0,1,0.03,0.004,186757
1645,400,-13.771,0,0,7,0,0,1,0.03,0.004,187157
1646,400,-13.695,0,0,3,0,0,1,0.03,0.004,187557
1647,400,-12.765,0,4,8,0,0,1,0.03,0.004,187957
1648,400,-7.401,3,9,3,0,0,1,0.03,0.004,188357
1649,400,-12.563,0,6,6,0,0,1,0.03,0.004,188757
1650,400,-12.334,1,6,2,0,0,1,0.03,0.004,189157
1651,400,-12.812,0,2,3,0,0,1,0.03,0.004,189557
1652,400,-10.4,0,6,4,0,0,1,0.03,0.004,189957
1653,400,-7.49,3,7,5,0,0,1,0.03,0.004,190357
1654,400,-10.783,1,16,16,0,0,1,0.03,0.004,190757
1655,400,-13.116,0,1,3,0,0,1,0.03,0.004,191157
1656,400,-16.334,0,4,59,0,0,1,0.03,0.004,191557
1657,400,-10.977,1,9,6,0,0,1,0.03,0.004,191957
1658,400,-11.82,1,6,11,0,0,1,0.03,0.004,192357
1659,400,-11.161,0,6,14,0,0,1,0.03,0.004,192757
1660,400,-13.813,0,0,6,0,0,1,0.03,0.004,193157
1661,400,-8.417,3,12,4,0,0,1,0.03,0.004,193557
1662,335,-30.014,0,7,95,1,0,0,0.03,0.004,193892
1663,400,-6.631,3,8,7,0,0,1,0.03,0.004,194292
1664,400,-11.235,0,3,6,0,0,1,0.03,0.004,194692
1665,400,-10.442,1,12,6,0,0,1,0.03,0.004,195092
1666,400,-13.341,1,6,7,0,0,1,0.03,0.004,195492
1667,107,-15.498,0,4,1,1,0,0,0.03,0.004,195599
1668,400,-8.252,2,5,7,0,0,1,0.03,0.004,195999
1669,400,-10.642,2,10,3,0,0,1,0.03,0.004,196399
1670,400,-9.995,2,4,4,0,0,1,0.03,0.004,196799
1671,400,-6.113,3,16,7,0,0,1,0.03,0.004,197199
1672,400,-13.594,0,1,9,0,0,1,0.03,0.004,197599
1673,400,-15.077,0,2,9,0,0,1,0.03,0.004,197999
1674,400,-12.979,0,1,7,0,0,1,0.03,0.004,198399
1675,400,-13.342,0,0,5,0,0,1,0.03,0.004,198799
1676,400,-12.715,0,2,4,0,0,1,0.03,0.004,199199
1677,400,-9.887,2,5,6,0,0,1,0.03,0.004,199599
1678,400,-8.484,2,10,5,0,0,1,0.03,0.004,199999
1679,400,-12.956,0,2,9,0,0,1,0.03,0.004,200000
1680,400,-15.697,0,3,8,0,0,1,0.03,0.004,200000
1681,400,-12.632,0,5,6,0,0,1,0.03,0.004,200000
1682,400,-11.033,2,6,6,0,0,1,0.03,0.004,200000
1683,400,-10.686,1,4,3,0,0,1,0.03,0.004,200000
1684,400,-14.053,0,0,9,0,0,1,0.03,0.004,200000
1685,400,-11.931,1,6,6,0,0,1,0.03,0.004,200000
1686,400,-7.732,2,11,2,0,0,1,0.03,0.004,200000
1687,400,-7.668,4,14,7,0,0,1,0.03,0.004,200000
1688,400,-13.36,0,0,3,0,0,1,0.03,0.004,200000
1689,400,-29.894,1,2,236,0,0,1,0.03,0.004,200000
1690,400,-13.082,0,6,8,0,0,1,0.03,0.004,200000
1691,400,-17.54,1,7,101,0,0,1,0.03,0.004,200000
1692,400,-10.065,2,4,4,0,0,1,0.03,0.004,200000
1693,400,-11.361,1,4,3,0,0,1,0.03,0.004,200000
1694,49,-10.764,0,3,2,1,0,0,0.03,0.004,200000
1695,400,-10.861,1,9,5,0,0,1,0.03,0.004,200000
1696,400,-6.647,4,11,3,0,0,1,0.03,0.004,200000
1697,360,-15.882,3,20,3,1,0,0,0.03,0.004,200000
1698,400,-14.134,0,0,9,0,0,1,0.03,0.004,200000
1699,400,-10.072,1,6,6,0,0,1,0.03,0.004,200000
1700,400,-22.539,1,3,160,0,0,1,0.03,0.004,200000
1701,400,-13.781,1,3,56,0,0,1,0.03,0.004,200000
1702,400,-11.46,0,7,8,0,0,1,0.03,0.004,200000
1703,100,-14.408,0,3,0,1,0,0,0.03,0.004,200000
1704,400,-9.33,2,3,6,0,0,1,0.03,0.004,200000
1705,400,-12.809,0,4,8,0,0,1,0.03,0.004,200000
1706,400,-8.837,0,2,3,0,0,1,0.03,0.004,200000
1707,400,-13.695,0,0,3,0,0,1,0.03,0.004,200000
1708,400,-8.176,2,4,8,0,0,1,0.03,0.004,200000
1709,400,-8.56,3,11,6,0,0,1,0.03,0.004,200000
1710,400,-13.872,0,0,7,0,0,1,0.03,0.004,200000
1711,400,-10.586,2,6,6,0,0,1,0.03,0.004,200000
1712,400,-13.654,0,0,3,0,0,1,0.03,0.004,200000
1713,20,-11.652,0,5,2,1,0,0,0.03,0.004,200000
1714,310,-21.03,1,10,3,1,0,0,0.03,0.004,200000
1715,400,-11.538,0,5,8,0,0,1,0.03,0.004,200000
1716,400,-13.854,0,0,6,0,0,1,0.03,0.004,200000
1717,400,-11.157,2,2,10,0,0,1,0.03,0.004,200000
1718,400,-9.363,0,3,4,0,0,1,0.03,0.004,200000
1719,325,-16.534,0,9,2,1,0,0,0.03,0.004,200000
1720,400,-10.909,1,4,3,0,0,1,0.03,0.004,200000
1721,400,-14.014,0,0,8,0,0,1,0.03,0.004,200000
1722,400,-10.584,1,6,8,0,0,1,0.03,0.004,200000
1723,199,-20.938,0,3,7,1,0,0,0.03,0.004,200000
1724,400,-11.257,0,4,2,0,0,1,0.03,0.004,200000
1725,400,-7.787,2,13,5,0,0,1,0.03,0.004,200000
1726,400,-4.943,4,9,3,0,0,1,0.03,0.004,200000
1727,400,-18.594,1,4,141,0,0,1,0.03,0.004,200000
1728,400,-14.454,0,0,13,0,0,1,0.03,0.004,200000
1729,400,-11.81,0,6,6,0,0,1,0.03,0.004,200000
1730,400,-16.856,0,2,51,0,0,1,0.03,0.004,200000
1731,400,-13.559,0,3,5,0,0,1,0.03,0.004,200000
1732,48,-12.288,0,3,2,1,0,0,0.03,0.004,200000
1733,400,-13.733,0,0,5,0,0,1,0.03,0.004,200000
1734,400,1.62,6,20,4,0,0,1,0.03,0.004,200000
1735,400,-12.176,0,2,69,0,0,1,0.03,0.004,200000
1736,400,-26.374,1,4,227,0,0,1,0.03,0.004,200000
1737,400,-11.209,0,1,4,0,0,1,0.03,0.004,200000
1738,400,-12.891,0,6,3,0,0,1,0.03,0.004,200000
1739,400,-6.982,2,10,1,0,0,1,0.03,0.004,200000
1740,400,-11.342,1,2,3,0,0,1,0.03,0.004,200000
1741,400,-15.344,2,5,76,0,0,1,0.03,0.004,200000
1742,400,-1.968,7,14,4,0,0,1,0.03,0.004,200000
1743,400,-13.974,0,0,7,0,0,1,0.03,0.004,200000
1744,400,-11.694,0,5,5,0,0,1,0.03,0.004,200000
1745,400,-10.511,2,12,9,0,0,1,0.03,0.004,200000
1746,400,-9.27,1,10,4,0,0,1,0.03,0.004,200000
1747,11,-14.2,0,1,2,1,0,0,0.03,0.004,200000
1748,400,-25.537,0,2,159,0,0,1,0.03,0.004,200000
1749,400,-11.125,2,5,7,0,0,1,0.03,0.004,200000
1750,400,-12.31,0,3,8,0,0,1,0.03,0.004,200000
1751,156,-16.341,0,3,3,1,0,0,0.03,0.004,200000
1752,400,-14.289,0,14,5,0,0,1,0.03,0.004,200000
1753,400,-11.555,0,4,6,0,0,1,0.03,0.004,200000
1754,400,-8.034,1,5,4,0,0,1,0.03,0.004,200000
1755,19,-14.142,0,2,2,1,0,0,0.03,0.004,200000
1756,400,-10.99,0,3,2,0,0,1,0.03,0.004,200000
1757,400,-12.294,0,4,2,0,0,1,0.03,0.004,200000
1758,400,-10.914,2,5,77,0,0,1,0.03,0.004,200000
1759,400,-12.248,0,3,3,0,0,1,0.03,0.004,200000
1760,74,-6.382,2,11,2,1,0,0,0.03,0.004,200000
1761,400,-7.356,0,3,3,0,0,1,0.03,0.004,200000
1762,400,-13.135,0,2,5,0,0,1,0.03,0.004,200000
1763,275,-19.218,0,5,6,1,0,0,0.03,0.004,200000
1764,400,-34.032,0,2,266,0,0,1,0.03,0.004,200000
1765,400,-4.092,5,8,4,0,0,1,0.03,0.004,200000
1766,400,-13.855,0,0,5,0,0,1,0.03,0.004,200000
1767,400,-13.217,0,2,5,0,0,1,0.03,0.004,200000
1768,134,-15.683,0,3,2,1,0,0,0.03,0.004,200000
1769,267,-10.496,3,10,1,1,0,0,0.03,0.004,200000
1770,400,-10.899,0,3,3,0,0,1,0.03,0.004,200000
1771,400,-8.62,1,12,3,0,0,1,0.03,0.004,200000
1772,93,-16.391,0,4,3,1,0,0,0.03,0.004,200000
1773,400,-10.741,0,5,2,0,0,1,0.03,0.004,200000
1774,400,-10.179,0,0,9,0,0,1,0.03,0.004,200000
1775,400,-9.527,2,10,3,0,0,1,0.03,0.004,200000
1776,400,-10.147,1,6,9,0,0,1,0.03,0.004,200000
1777,400,-8.547,2,5,9,0,0,1,0.03,0.004,200000
1778,400,-6.906,0,2,10,0,0,1,0.03,0.004,200000
1779,400,-14.614,1,9,10,0,0,1,0.03,0.004,200000
1780,400,-13.654,0,0,3,0,0,1,0.03,0.004,200000
1781,400,-13.893,0,0,7,0,0,1,0.03,0.004,200000
1782,400,-9.993,2,5,7,0,0,1,0.03,0.004,200000
1783,257,-19.464,0,4,8,1,0,0,0.03,0.004,200000
1784,400,-12.137,0,5,6,0,0,1,0.03,0.004,200000
1785,400,-9.842,1,3,4,0,0,1,0.03,0.004,200000
1786,400,-9.69,1,5,5,0,0,1,0.03,0.004,200000
1787,400,-11.397,0,5,6,0,0,1,0.03,0.004,200000
1788,400,-12.608,0,5,31,0,0,1,0.03,0.004,200000
1789,400,-13.893,0,0,7,0,0,1,0.03,0.004,200000
1790,400,-31.277,0,4,235,0,0,1,0.03,0.004,200000
1791,400,-11.444,0,8,2,0,0,1,0.03,0.004,200000
1792,400,-0.705,6,18,7,0,0,1,0.03,0.004,200000
1793,400,-8.282,2,2,33,0,0,1,0.03,0.004,200000
1794,400,-8.784,1,5,7,0,0,1,0.03,0.004,200000
1795,400,-5.57,1,6,3,0,0,1,0.03,0.004,200000
1796,400,-13.852,0,0,7,0,0,1,0.03,0.004,200000
1797,400,-6.529,3,12,5,0,0,1,0.03,0.004,200000
1798,400,-0.054,4,8,9,0,0,1,0.03,0.004,200000
1799,400,-6.161,0,2,3,0,0,1,0.03,0.004,200000
1800,210,-13.512,2,8,3,1,0,0,0.03,0.004,200000
1801,400,-7.42,1,9,9,0,0,1,0.03,0.004,200000
1802,400,-6.466,2,6,6,0,0,1,0.03,0.004,200000
1803,400,-5.071,4,12,2,0,0,1,0.03,0.004,200000
1804,400,-6.903,0,5,3,0,0,1,0.03,0.004,200000
1805,400,-8.224,3,6,3,0,0,1,0.03,0.004,200000
1806,392,-21.599,1,3,6,1,0,0,0.03,0.004,200000
1807,400,-4.858,3,11,10,0,0,1,0.03,0.004,200000
1808,400,-7.937,1,9,5,0,0,1,0.03,0.004,200000
1809,400,-13.934,0,0,7,0,0,1,0.03,0.004,200000
1810,71,-15.466,0,4,4,1,0,0,0.03,0.004,200000
1811,400,-8.755,2,7,7,0,0,1,0.03,0.004,200000
1812,400,-11.277,0,3,4,0,0,1,0.03,0.004,200000
1813,400,-8.653,2,5,2,0,0,1,0.03,0.004,200000
1814,400,-8.291,3,4,4,0,0,1,0.03,0.004,200000
1815,400,-5.663,4,13,3,0,0,1,0.03,0.004,200000
1816,400,-8.415,1,10,3,0,0,1,0.03,0.004,200000
1817,400,-11.789,0,4,6,0,0,1,0.03,0.004,200000
1818,400,-12.272,1,6,3,0,0,1,0.03,0.004,200000
1819,400,-2.806,5,15,3,0,0,1,0.03,0.004,200000
1820,37,-8.8,2,11,2,1,0,0,0.03,0.004,200000
1821,195,-12.294,3,6,4,1,0,0,0.03,0.004,200000
1822,199,-11.272,3,13,4,1,0,0,0.03,0.004,200000
1823,400,-14.014,0,0,8,0,0,1,0.03,0.004,200000
1824,11,-13.539,0,4,3,1,0,0,0.03,0.004,200000
1825,296,-18.843,1,4,4,1,0,0,0.03,0.004,200000
1826,400,-5.642,0,0,4,0,0,1,0.03,0.004,200000
1827,199,-17.288,0,1,9,1,0,0,0.03,0.004,200000
1828,400,-22.663,0,0,173,0,0,1,0.03,0.004,200000
1829,400,-4.054,0,1,5,0,0,1,0.03,0.004,200000
1830,400,-1.64,5,14,8,0,0,1,0.03,0.004,200000
1831,400,-8.145,2,5,4,0,0,1,0.03,0.004,200000
1832,400,4.557,6,8,5,0,0,1,0.03,0.004,200000
1833,400,-5.869,0,0,5,0,0,1,0.03,0.004,200000
1834,400,-5.983,0,0,6,0,0,1,0.03,0.004,200000
1835,400,-1.204,5,9,4,0,0,1,0.03,0.004,200000
1836,400,-7.535,0,2,5,0,0,1,0.03,0.004,200000
1837,400,1.572,5,14,4,0,0,1,0.03,0.004,200000
1838,400,-3.925,4,11,5,0,0,1,0.03,0.004,200000
1839,101,-15.573,0,3,4,1,0,0,0.03,0.004,200000
1840,400,-3.521,1,3,4,0,0,1,0.03,0.004,200000
1841,400,-2.245,5,12,40,0,0,1,0.03,0.004,200000
1842,400,-12.243,5,12,129,0,0,1,0.03,0.004,200000
1843,400,-0.466,3,8,5,0,0,1,0.03,0.004,200000
1844,400,-6.084,0,4,24,0,0,1,0.03,0.004,200000
1845,400,-8.327,2,8,75,0,0,1,0.03,0.004,200000
1846,331,-8.511,3,7,3,1,0,0,0.03,0.004,200000
1847,144,-16.732,0,4,5,1,0,0,0.03,0.004,200000
1848,400,-12.623,1,2,87,0,0,1,0.03,0.004,200000
1849,400,-30.883,1,5,235,0,0,1,0.03,0.004,200000
1850,45,-14.026,0,4,3,1,0,0,0.03,0.004,200000
1851,43,-11.515,2,7,24,1,0,0,0.03,0.004,200000
1852,400,-5.891,0,0,8,0,0,1,0.03,0.004,200000
1853,118,-8.729,2,15,3,1,0,0,0.03,0.004,200000
1854,400,-5.058,0,2,4,0,0,1,0.03,0.004,200000
1855,19,-13.906,0,2,3,1,0,0,0.03,0.004,200000
1856,37,-13.77,0,3,3,1,0,0,0.03,0.004,200000
1857,400,-10.341,2,8,95,0,0,1,0.03,0.004,200000
1858,95,-7.212,2,15,12,1,0,0,0.03,0.004,200000
1859,400,1.098,6,15,4,0,0,1,0.03,0.004,200000
1860,400,-7.045,4,12,61,0,0,1,0.03,0.004,200000
1861,78,-14.963,0,2,2,1,0,0,0.03,0.004,200000
1862,400,-5.36,3,9,2,0,0,1,0.03,0.004,200000
1863,400,-5.424,5,14,81,0,0,1,0.03,0.004,200000
1864,400,-1.716,2,6,3,0,0,1,0.03,0.004,200000
1865,400,-1.27,2,4,1,0,0,1,0.03,0.004,200000
1866,400,-1.078,5,13,11,0,0,1,0.03,0.004,200000
1867,400,-0.507,4,7,9,0,0,1,0.03,0.004,200000
1868,400,0.788,6,13,6,0,0,1,0.03,0.004,200000
1869,400,1.699,3,15,5,0,0,1,0.03,0.004,200000
1870,400,12.023,12,36,5,0,0,1,0.03,0.004,200000
1871,400,-3.21,7,11,6,0,0,1,0.03,0.004,200000
1872,149,-15.562,0,2,1,1,0,0,0.03,0.004,200000
1873,400,2.003,4,8,3,0,0,1,0.03,0.004,200000
1874,400,0.107,5,14,5,0,0,1,0.03,0.004,200000
1875,145,-15.459,0,4,2,1,0,0,0.03,0.004,200000
1876,39,-14.038,0,2,1,1,0,0,0.03,0.004,200000
1877,268,-17.337,0,4,2,1,0,0,0.03,0.004,200000
1878,400,-4.063,1,4,8,0,0,1,0.03,0.004,200000
1879,400,12.934,11,22,1,0,0,1,0.03,0.004,200000
1880,400,7.35,8,14,2,0,0,1,0.03,0.004,200000
1881,400,-3.537,1,3,5,0,0,1,0.03,0.004,200000
1882,400,-5.827,0,0,5,0,0,1,0.03,0.004,200000
1883,106,-15.118,0,2,2,1,0,0,0.03,0.004,200000
1884,400,19.625,5,11,3,0,0,1,0.03,0.004,200000
1885,243,-16.618,0,1,1,1,0,0,0.03,0.004,200000
1886,400,-14.027,0,1,10,0,0,1,0.03,0.004,200000
1887,59,-13.902,0,4,2,1,0,0,0.03,0.004,200000
1888,400,0.736,5,17,6,0,0,1,0.03,0.004,200000
1889,400,-0.279,3,6,2,0,0,1,0.03,0.004,200000
1890,400,-5.373,3,9,7,0,0,1,0.03,0.004,200000
1891,44,-13.633,0,4,1,1,0,0,0.03,0.004,200000
1892,400,-10.832,1,5,3,0,0,1,0.03,0.004,200000
1893,400,-8.795,1,6,3,0,0,1,0.03,0.004,200000
1894,400,-8.43,3,5,3,0,0,1,0.03,0.004,200000
1895,400,-7.11,2,5,7,0,0,1,0.03,0.004,200000
1896,400,-2.476,1,7,1,0,0,1,0.03,0.004,200000
1897,84,-15.14,0,2,2,1,0,0,0.03,0.004,200000
1898,400,-9.947,0,2,9,0,0,1,0.03,0.004,200000
1899,400,-13.654,0,0,3,0,0,1,0.03,0.004,200000
1900,279,-17.246,0,2,2,1,0,0,0.03,0.004,200000
1901,400,-11.14,1,2,7,0,0,1,0.03,0.004,200000
1902,400,-13.893,0,0,7,0,0,1,0.03,0.004,200000
1903,400,-5.383,0,0,5,0,0,1,0.03,0.004,200000
1904,273,-18.909,0,3,6,1,0,0,0.03,0.004,200000
1905,130,-14.989,0,3,1,1,0,0,0.03,0.004,200000
1906,400,-8.667,0,0,12,0,0,1,0.03,0.004,200000
1907,400,-0.921,5,9,10,0,0,1,0.03,0.004,200000
1908,400,-5.063,1,5,1,0,0,1,0.03,0.004,200000
1909,376,-21.927,0,4,5,1,0,0,0.03,0.004,200000
1910,400,-9.33,1,3,8,0,0,1,0.03,0.004,200000
1911,67,-14.148,0,3,3,1,0,0,0.03,0.004,200000
1912,400,-7.258,3,7,5,0,0,1,0.03,0.004,200000
1913,400,10.574,10,26,4,0,0,1,0.03,0.004,200000
1914,400,-5.888,0,0,5,0,0,1,0.03,0.004,200000
1915,400,-0.363,2,11,1,0,0,1,0.03,0.004,200000
1916,400,-9.871,2,5,10,0,0,1,0.03,0.004,200000
1917,400,-2.946,2,3,5,0,0,1,0.03,0.004,200000
1918,400,-3.334,4,11,11,0,0,1,0.03,0.004,200000
1919,9,-13.109,0,4,3,1,0,0,0.03,0.004,200000
1920,400,-8.202,0,4,6,0,0,1,0.03,0.004,200000
1921,400,3.809,6,11,4,0,0,1,0.03,0.004,200000
1922,400,3.644,7,13,2,0,0,1,0.03,0.004,200000
1923,400,-3.95,3,9,4,0,0,1,0.03,0.004,200000
1924,400,-0.061,5,8,7,0,0,1,0.03,0.004,200000
1925,257,-13.393,4,11,5,1,0,0,0.03,0.004,200000
1926,400,-12.335,0,2,5,0,0,1,0.03,0.004,200000
1927,400,-7.706,1,2,7,0,0,1,0.03,0.004,200000
1928,266,-15.742,0,4,2,1,0,0,0.03,0.004,200000
1929,57,-14.081,0,2,2,1,0,0,0.03,0.004,200000
1930,321,-20.541,0,3,4,1,0,0,0.03,0.004,200000
1931,400,-7.917,1,3,6,0,0,1,0.03,0.004,200000
1932,400,1.293,4,7,1,0,0,1,0.03,0.004,200000
1933,400,-5.608,0,2,7,0,0,1,0.03,0.004,200000
1934,400,-4.193,2,4,5,0,0,1,0.03,0.004,200000
1935,400,-9.922,2,6,5,0,0,1,0.03,0.004,200000
1936,400,-2.401,4,12,3,0,0,1,0.03,0.004,200000
1937,400,7.281,9,19,7,0,0,1,0.03,0.004,200000
1938,400,2.419,4,13,4,0,0,1,0.03,0.004,200000
1939,400,-5.192,1,2,7,0,0,1,0.03,0.004,200000
1940,347,-18.895,0,3,9,1,0,0,0.03,0.004,200000
1941,400,5.58,7,15,1,0,0,1,0.03,0.004,200000
1942,310,-18.274,0,2,7,1,0,0,0.03,0.004,200000
1943,400,-2.675,3,4,4,0,0,1,0.03,0.004,200000
1944,400,0.937,4,6,6,0,0,1,0.03,0.004,200000
1945,400,-5.162,3,8,8,0,0,1,0.03,0.004,200000
1946,400,1.557,4,8,0,0,0,1,0.03,0.004,200000
1947,31,-13.582,0,4,3,1,0,0,0.03,0.004,200000
1948,400,-5.684,1,5,5,0,0,1,0.03,0.004,200000
1949,400,-1.838,3,10,5,0,0,1,0.03,0.004,200000
1950,100,-14.534,0,4,3,1,0,0,0.03,0.004,200000
1951,35,-13.84,0,3,5,1,0,0,0.03,0.004,200000
1952,400,-3.744,1,3,1,0,0,1,0.03,0.004,200000
1953,400,-1.286,4,5,4,0,0,1,0.03,0.004,200000
1954,400,-2.611,4,8,5,0,0,1,0.03,0.004,200000
1955,400,-5.127,1,5,4,0,0,1,0.03,0.004,200000
1956,400,-3.661,2,5,5,0,0,1,0.03,0.004,200000
1957,400,-10.331,1,3,2,0,0,1,0.03,0.004,200000
1958,400,-11.561,1,3,5,0,0,1,0.03,0.004,200000
1959,400,-0.857,4,10,5,0,0,1,0.03,0.004,200000
1960,400,5.749,6,14,7,0,0,1,0.03,0.004,200000
1961,338,-18.497,0,3,6,1,0,0,0.03,0.004,200000
1962,400,-1.481,2,6,4,0,0,1,0.03,0.004,200000
1963,263,-20.625,0,6,7,1,0,0,0.03,0.004,200000
1964,327,-18.849,0,7,3,1,0,0,0.03,0.004,200000
1965,400,-5.773,0,0,5,0,0,1,0.03,0.004,200000
1966,400,3.466,9,14,9,0,0,1,0.03,0.004,200000
1967,400,-8.622,2,7,3,0,0,1,0.03,0.004,200000
1968,400,-5.879,2,4,3,0,0,1,0.03,0.004,200000
1969,400,-9.698,0,2,5,0,0,1,0.03,0.004,200000
1970,400,-12.829,0,3,36,0,0,1,0.03,0.004,200000
1971,7,-13.05,0,4,2,1,0,0,0.03,0.004,200000
1972,400,3.141,7,18,40,0,0,1,0.03,0.004,200000
1973,400,-4.913,0,4,10,0,0,1,0.03,0.004,200000
1974,400,-6.323,3,6,5,0,0,1,0.03,0.004,200000
1975,400,-5.41,4,10,58,0,0,1,0.03,0.004,200000
1976,400,-5.683,0,0,3,0,0,1,0.03,0.004,200000
1977,400,-4.594,0,3,1,0,0,1,0.03,0.004,200000
1978,19,-13.476,0,2,2,1,0,0,0.03,0.004,200000
1979,400,-2.922,2,2,4,0,0,1,0.03,0.004,200000
1980,283,-36.667,0,3,196,1,0,0,0.03,0.004,200000
1981,400,-5.345,0,1,4,0,0,1,0.03,0.004,200000
1982,400,-8.913,2,6,5,0,0,1,0.03,0.004,200000
1983,400,1.099,5,13,5,0,0,1,0.03,0.004,200000
1984,400,-4.722,1,4,5,0,0,1,0.03,0.004,200000
1985,164,-13.681,0,5,2,1,0,0,0.03,0.004,200000
1986,128,-18.158,0,4,35,1,0,0,0.03,0.004,200000
1987,400,-0.358,2,9,0,0,0,1,0.03,0.004,200000
1988,400,2.966,9,16,64,0,0,1,0.03,0.004,200000
1989,258,-16.783,0,4,2,1,0,0,0.03,0.004,200000
1990,400,-4.939,3,10,33,0,0,1,0.03,0.004,200000
1991,400,-4.644,1,2,7,0,0,1,0.03,0.004,200000
1992,400,2.113,6,10,4,0,0,1,0.03,0.004,200000
1993,322,-18.117,0,3,5,1,0,0,0.03,0.004,200000
1994,400,-0.406,3,8,5,0,0,1,0.03,0.004,200000
1995,400,1.575,4,15,5,0,0,1,0.03,0.004,200000
1996,400,-1.152,4,14,4,0,0,1,0.03,0.004,200000
1997,400,0.414,3,11,2,0,0,1,0.03,0.004,200000
1998,400,-2.483,4,16,8,0,0,1,0.03,0.004,200000
1999,32,-13.616,0,3,3,1,0,0,0.03,0.004,200000
2000,181,-13.933,0,4,4,1,0,0,0.03,0.004,200000
2001,237,-15.908,1,3,9,1,0,0,0.03,0.004,200000
2002,400,-1.317,3,5,2,0,0,1,0.03,0.004,200000
2003,400,5.768,5,22,4,0,0,1,0.03,0.004,200000
2004,400,-2.97,1,5,1,0,0,1,0.03,0.004,200000
2005,400,-4.39,2,6,5,0,0,1,0.03,0.004,200000
2006,400,7.589,7,15,0,0,0,1,0.03,0.004,200000
2007,14,-8.218,0,5,0,1,0,0,0.03,0.004,200000
2008,104,-14.721,0,4,5,1,0,0,0.03,0.004,200000
2009,400,-2.354,4,7,7,0,0,1,0.03,0.004,200000
2010,36,-13.675,0,3,3,1,0,0,0.03,0.004,200000
2011,400,-3.488,3,10,6,0,0,1,0.03,0.004,200000
2012,400,0.331,5,13,3,0,0,1,0.03,0.004,200000
2013,400,-2.422,2,4,8,0,0,1,0.03,0.004,200000
2014,400,-2.196,2,5,3,0,0,1,0.03,0.004,200000
2015,400,2.31,4,14,3,0,0,1,0.03,0.004,200000
2016,400,-6.028,3,10,3,0,0,1,0.03,0.004,200000
2017,400,-5.287,2,3,7,0,0,1,0.03,0.004,200000
2018,400,-1.986,2,7,5,0,0,1,0.03,0.004,200000
2019,400,-2.093,2,7,6,0,0,1,0.03,0.004,200000
2020,400,3.496,5,13,10,0,0,1,0.03,0.004,200000
2021,400,10.082,10,21,7,0,0,1,0.03,0.004,200000
2022,400,6.951,7,17,4,0,0,1,0.03,0.004,200000
2023,400,18.449,16,25,8,0,0,1,0.03,0.004,200000
2024,190,-15.426,1,11,4,1,0,0,0.03,0.004,200000
2025,400,-0.156,3,10,9,0,0,1,0.03,0.004,200000
2026,198,-16.374,0,3,6,1,0,0,0.03,0.004,200000
2027,400,-12.431,0,3,12,0,0,1,0.03,0.004,200000
2028,400,5.422,8,24,2,0,0,1,0.03,0.004,200000
2029,400,4.034,5,16,5,0,0,1,0.03,0.004,200000
2030,5,-13.192,0,2,1,1,0,0,0.03,0.004,200000
2031,87,-3.897,4,8,1,1,0,0,0.03,0.004,200000
2032,400,-3.642,2,12,5,0,0,1,0.03,0.004,200000
2033,400,-2.929,4,8,6,0,0,1,0.03,0.004,200000
2034,400,1.258,4,7,2,0,0,1,0.03,0.004,200000
2035,400,0.106,3,6,4,0,0,1,0.03,0.004,200000
2036,400,4.74,5,14,4,0,0,1,0.03,0.004,200000
2037,400,-0.025,6,18,5,0,0,1,0.03,0.004,200000
2038,105,-14.324,0,4,0,1,0,0,0.03,0.004,200000
2039,400,10.56,9,30,3,0,0,1,0.03,0.004,200000
2040,400,0.213,3,12,5,0,0,1,0.03,0.004,200000
2041,400,-1.299,4,6,6,0,0,1,0.03,0.004,200000
2042,67,-6.137,4,9,1,1,0,0,0.03,0.004,200000
2043,400,0.354,3,8,4,0,0,1,0.03,0.004,200000
2044,244,-16.811,0,4,4,1,0,0,0.03,0.004,200000
2045,400,8.703,8,18,7,0,0,1,0.03,0.004,200000
2046,400,6.543,7,17,0,0,0,1,0.03,0.004,200000
2047,89,0.508,8,20,0,1,0,0,0.03,0.004,200000
2048,115,5.405,10,23,1,1,0,0,0.03,0.004,200000
2049,111,-15.453,0,3,3,1,0,0,0.03,0.004,200000
2050,5,-13.141,0,2,1,1,0,0,0.03,0.004,200000
2051,156,-15.668,0,3,4,1,0,0,0.03,0.004,200000
2052,254,-7.404,4,20,6,1,0,0,0.03,0.004,200000
2053,400,-0.756,3,6,2,0,0,1,0.03,0.004,200000
2054,131,-12.646,0,8,2,1,0,0,0.03,0.004,200000
2055,72,-13.986,0,3,0,1,0,0,0.03,0.004,200000
2056,400,-4.552,0,8,6,0,0,1,0.03,0.004,200000
2057,312,-13.6,2,4,5,1,0,0,0.03,0.004,200000
2058,400,5.4,7,17,7,0,0,1,0.03,0.004,200000
2059,400,-2.177,2,6,6,0,0,1,0.03,0.004,200000
2060,400,29.323,21,39,7,0,0,1,0.03,0.004,200000
2061,225,-4.566,6,14,2,1,0,0,0.03,0.004,200000
2062,105,-14.574,0,2,0,1,0,0,0.03,0.004,200000
2063,400,-3.719,1,4,5,0,0,1,0.03,0.004,200000
2064,400,1.21,5,18,25,0,0,1,0.03,0.004,200000
2065,400,-7.837,1,3,43,0,0,1,0.03,0.004,200000
2066,400,6.966,7,17,4,0,0,1,0.03,0.004,200000
2067,400,6.15,5,21,5,0,0,1,0.03,0.004,200000
2068,400,-2.678,2,6,7,0,0,1,0.03,0.004,200000
2069,400,-6.835,1,3,6,0,0,1,0.03,0.004,200000
2070,400,-3.887,1,3,4,0,0,1,0.03,0.004,200000
2071,400,-9.172,1,2,9,0,0,1,0.03,0.004,200000
2072,400,-2.956,2,5,4,0,0,1,0.03,0.004,200000
2073,400,0.941,4,7,5,0,0,1,0.03,0.004,200000
2074,235,-1.909,9,27,1,1,0,0,0.03,0.004,200000
2075,18,-11.246,0,8,1,1,0,0,0.03,0.004,200000
2076,35,-9.464,0,5,1,1,0,0,0.03,0.004,200000
2077,300,-15.696,0,8,4,1,0,0,0.03,0.004,200000
2078,400,19.067,14,29,3,0,0,1,0.03,0.004,200000
2079,110,2.397,9,24,1,1,0,0,0.03,0.004,200000
2080,280,-17.408,0,3,2,1,0,0,0.03,0.004,200000
2081,54,-4.602,4,14,0,1,0,0,0.03,0.004,200000
2082,400,-4.697,0,2,1,0,0,1,0.03,0.004,200000
2083,400,16.97,12,31,5,0,0,1,0.03,0.004,200000
2084,23,-8.765,1,11,0,1,0,0,0.03,0.004,200000
2085,400,4.861,5,20,5,0,0,1,0.03,0.004,200000
2086,400,31.304,22,48,2,0,0,1,0.03,0.004,200000
2087,400,25.673,20,42,7,0,0,1,0.03,0.004,200000
2088,400,4.092,5,13,4,0,0,1,0.03,0.004,200000
2089,400,5.472,7,11,1,0,0,1,0.03,0.004,200000
2090,400,-5.17,0,2,3,0,0,1,0.03,0.004,200000
2091,18,-11.146,0,9,1,1,0,0,0.03,0.004,200000
2092,400,20.792,13,37,1,0,0,1,0.03,0.004,200000
2093,400,-5.733,2,4,5,0,0,1,0.03,0.004,200000
2094,400,4.64,5,16,2,0,0,1,0.03,0.004,200000
2095,400,-1.72,4,11,3,0,0,1,0.03,0.004,200000
2096,119,-15.132,0,4,6,1,0,0,0.03,0.004,200000
2097,142,-15.034,0,3,0,1,0,0,0.03,0.004,200000
2098,210,-16.03,0,3,0,1,0,0,0.03,0.004,200000
2099,375,-12.551,3,14,11,1,0,0,0.03,0.004,200000
2100,400,6.384,8,25,4,0,0,1,0.03,0.004,200000
2101,400,-1.404,3,7,5,0,0,1,0.03,0.004,200000
2102,131,-4.879,6,16,0,1,0,0,0.03,0.004,200000
2103,400,6.315,6,18,5,0,0,1,0.03,0.004,200000
2104,109,-6.662,5,14,1,1,0,0,0.03,0.004,200000
2105,400,-2.259,3,11,6,0,0,1,0.03,0.004,200000
2106,400,-9.653,2,6,8,0,0,1,0.03,0.004,200000
2107,400,6.097,6,14,5,0,0,1,0.03,0.004,200000
2108,400,-1.979,2,6,5,0,0,1,0.03,0.004,200000
2109,400,4.149,8,16,7,0,0,1,0.03,0.004,200000
2110,400,-0.546,3,6,5,0,0,1,0.03,0.004,200000
2111,400,3.997,8,21,8,0,0,1,0.03,0.004,200000
2112,400,8.959,9,22,3,0,0,1,0.03,0.004,200000
2113,400,-0.496,6,22,8,0,0,1,0.03,0.004,200000
2114,400,0.546,3,9,4,0,0,1,0.03,0.004,200000
2115,400,-0.878,3,4,3,0,0,1,0.03,0.004,200000
2116,356,-9.626,3,8,4,1,0,0,0.03,0.004,200000
2117,400,14.597,13,29,5,0,0,1,0.03,0.004,200000
2118,400,-0.493,6,16,3,0,0,1,0.03,0.004,200000
2119,400,-4.404,5,11,6,0,0,1,0.03,0.004,200000
2120,400,-2.928,5,14,7,0,0,1,0.03,0.004,200000
2121,400,-1.941,2,6,6,0,0,1,0.03,0.004,200000
2122,400,12.788,10,27,6,0,0,1,0.03,0.004,200000
2123,400,-8.984,1,5,5,0,0,1,0.03,0.004,200000
2124,400,-2.733,3,9,5,0,0,1,0.03,0.004,200000
2125,400,2.282,4,11,2,0,0,1,0.03,0.004,200000
2126,89,-14.329,0,3,1,1,0,0,0.03,0.004,200000
2127,400,-2.297,2,3,5,0,0,1,0.03,0.004,200000
2128,400,10.385,8,19,4,0,0,1,0.03,0.004,200000
2129,400,2.611,5,24,7,0,0,1,0.03,0.004,200000
2130,299,9.171,14,39,2,1,0,0,0.03,0.004,200000
2131,400,17.861,16,43,9,0,0,1,0.03,0.004,200000
2132,400,4.879,6,15,7,0,0,1,0.03,0.004,200000
2133,400,0.163,5,9,7,0,0,1,0.03,0.004,200000
2134,400,11.173,10,25,4,0,0,1,0.03,0.004,200000
2135,400,-0.392,2,7,3,0,0,1,0.03,0.004,200000
2136,46,-7.546,2,12,2,1,0,0,0.03,0.004,200000
2137,13,-13.079,0,4,0,1,0,0,0.03,0.004,200000
2138,400,3.086,4,11,2,0,0,1,0.03,0.004,200000
2139,400,7.818,6,18,5,0,0,1,0.03,0.004,200000
2140,400,31.109,24,49,5,0,0,1,0.03,0.004,200000
2141,400,1.421,5,14,3,0,0,1,0.03,0.004,200000
2142,400,-1.927,3,3,4,0,0,1,0.03,0.004,200000
2143,400,5.702,6,11,3,0,0,1,0.03,0.004,200000
2144,400,-2.168,1,7,2,0,0,1,0.03,0.004,200000
2145,400,10.208,10,27,4,0,0,1,0.03,0.004,200000
2146,400,12.866,11,22,4,0,0,1,0.03,0.004,200000
2147,35,-8.829,2,8,2,1,0,0,0.03,0.004,200000
2148,103,-5.191,5,19,3,1,0,0,0.03,0.004,200000
2149,400,-1.605,1,7,0,0,0,1,0.03,0.004,200000
2150,400,5.338,6,17,6,0,0,1,0.03,0.004,200000
2151,77,-1.378,5,21,0,1,0,0,0.03,0.004,200000
2152,400,31.153,25,47,2,0,0,1,0.03,0.004,200000
2153,400,6.388,10,19,5,0,0,1,0.03,0.004,200000
2154,90,4.943,10,30,0,1,0,0,0.03,0.004,200000
2155,400,6.382,6,16,1,0,0,1,0.03,0.004,200000
2156,400,-0.704,3,6,4,0,0,1,0.03,0.004,200000
2157,400,20.25,15,33,2,0,0,1,0.03,0.004,200000
2158,210,-10.778,3,6,3,1,0,0,0.03,0.004,200000
2159,161,-4.194,8,14,2,1,0,0,0.03,0.004,200000
2160,400,1.293,4,11,9,0,0,1,0.03,0.004,200000
2161,400,-3.948,9,19,125,0,0,1,0.03,0.004,200000
2162,9,-13.631,0,4,8,1,0,0,0.03,0.004,200000
2163,400,-7.675,2,9,64,0,0,1,0.03,0.004,200000
2164,400,-17.918,2,7,147,0,0,1,0.03,0.004,200000
2165,400,16.441,13,28,3,0,0,1,0.03,0.004,200000
2166,400,20.686,17,37,5,0,0,1,0.03,0.004,200000
2167,400,17.376,12,36,7,0,0,1,0.03,0.004,200000
2168,400,-12.458,1,5,88,0,0,1,0.03,0.004,200000
2169,400,2.233,4,12,22,0,0,1,0.03,0.004,200000
2170,72,-9.126,2,15,5,1,0,0,0.03,0.004,200000
2171,400,-3.204,6,12,86,0,0,1,0.03,0.004,200000
2172,400,15.538,13,20,1,0,0,1,0.03,0.004,200000
2173,400,20.315,16,39,1,0,0,1,0.03,0.004,200000
2174,400,12.161,9,29,6,0,0,1,0.03,0.004,200000
2175,93,2.665,9,22,2,1,0,0,0.03,0.004,200000
2176,400,12.918,11,28,23,0,0,1,0.03,0.004,200000
2177,400,6.281,7,11,4,0,0,1,0.03,0.004,200000
2178,400,4.211,5,12,0,0,0,1,0.03,0.004,200000
2179,400,-3.118,5,9,60,0,0,1,0.03,0.004,200000
2180,47,-13.676,0,3,0,1,0,0,0.03,0.004,200000
2181,50,-13.668,0,3,0,1,0,0,0.03,0.004,200000
2182,400,-1.477,15,40,233,0,0,1,0.03,0.004,200000
2183,400,8.335,12,29,76,0,0,1,0.03,0.004,200000
2184,400,19.053,15,40,29,0,0,1,0.03,0.004,200000
2185,164,-3.819,6,23,3,1,0,0,0.03,0.004,200000
2186,400,7.244,11,20,26,0,0,1,0.03,0.004,200000
2187,83,-0.544,5,20,1,1,0,0,0.03,0.004,200000
2188,400,19.837,14,33,4,0,0,1,0.03,0.004,200000
2189,400,2.955,6,14,35,0,0,1,0.03,0.004,200000
2190,400,18.965,14,34,1,0,0,1,0.03,0.004,200000
2191,261,-21.374,0,3,3,1,0,0,0.03,0.004,200000
2192,400,-3.886,1,3,7,0,0,1,0.03,0.004,200000
2193,15,-8.662,0,5,0,1,0,0,0.03,0.004,200000
2194,400,-2.382,1,6,4,0,0,1,0.03,0.004,200000
2195,122,-4.905,5,20,3,1,0,0,0.03,0.004,200000
2196,400,5.484,6,15,2,0,0,1,0.03,0.004,200000
2197,168,-15.191,4,12,115,1,0,0,0.03,0.004,200000
2198,400,-10.981,10,23,217,0,0,1,0.03,0.004,200000
2199,96,-6.232,3,19,2,1,0,0,0.03,0.004,200000
2200,340,14.873,20,39,1,1,0,0,0.03,0.004,200000
2201,400,20.344,14,38,9,0,0,1,0.03,0.004,200000
2202,400,23.329,17,39,3,0,0,1,0.03,0.004,200000
2203,32,-6.456,2,7,0,1,0,0,0.03,0.004,200000
2204,400,2.538,5,8,3,0,0,1,0.03,0.004,200000
2205,239,-16.664,0,2,4,1,0,0,0.03,0.004,200000
2206,87,7.679,10,29,1,1,0,0,0.03,0.004,200000
2207,400,5.251,6,16,6,0,0,1,0.03,0.004,200000
2208,400,5.847,7,17,7,0,0,1,0.03,0.004,200000
2209,400,-1.981,2,5,6,0,0,1,0.03,0.004,200000
2210,139,-25.384,0,2,104,1,0,0,0.03,0.004,200000
2211,400,-12.994,9,25,225,0,0,1,0.03,0.004,200000
2212,137,-28.206,0,3,134,1,0,0,0.03,0.004,200000
2213,400,-19.293,8,16,274,0,0,1,0.03,0.004,200000
2214,400,4.663,4,19,4,0,0,1,0.03,0.004,200000
2215,400,-9.177,2,7,80,0,0,1,0.03,0.004,200000
2216,174,18.23,18,52,3,1,0,0,0.03,0.004,200000
2217,80,-15.795,0,6,35,1,0,0,0.03,0.004,200000
2218,88,-4.446,4,16,0,1,0,0,0.03,0.004,200000
2219,400,3.383,4,15,2,0,0,1,0.03,0.004,200000
2220,400,3.673,5,17,4,0,0,1,0.03,0.004,200000
2221,400,40.853,25,67,4,0,0,1,0.03,0.004,200000
2222,400,20.948,13,34,3,0,0,1,0.03,0.004,200000
2223,400,23.989,17,40,5,0,0,1,0.03,0.004,200000
2224,400,25.479,19,50,4,0,0,1,0.03,0.004,200000
2225,400,1.474,5,6,3,0,0,1,0.03,0.004,200000
2226,400,11.854,10,25,6,0,0,1,0.03,0.004,200000
2227,18,-10.921,0,7,1,1,0,0,0.03,0.004,200000
2228,32,-13.457,0,4,1,1,0,0,0.03,0.004,200000
2229,285,-17.53,0,3,2,1,0,0,0.03,0.004,200000
2230,141,-15.436,0,4,4,1,0,0,0.03,0.004,200000
2231,400,7.564,7,19,7,0,0,1,0.03,0.004,200000
2232,400,-2.719,0,7,0,0,0,1,0.03,0.004,200000
2233,400,11.377,11,23,4,0,0,1,0.03,0.004,200000
2234,400,-5.273,2,11,46,0,0,1,0.03,0.004,200000
2235,400,28.748,19,49,3,0,0,1,0.03,0.004,200000
2236,257,-20.16,0,4,3,1,0,0,0.03,0.004,200000
2237,400,6.606,7,17,1,0,0,1,0.03,0.004,200000
2238,400,-1.363,6,16,29,0,0,1,0.03,0.004,200000
2239,400,-4.729,1,4,19,0,0,1,0.03,0.004,200000
2240,146,-29.274,0,3,143,1,0,0,0.03,0.004,200000
2241,5,-13.324,0,4,4,1,0,0,0.03,0.004,200000
2242,400,-9.229,4,8,105,0,0,1,0.03,0.004,200000
2243,400,5.366,9,21,65,0,0,1,0.03,0.004,200000
2244,400,23.887,17,41,4,0,0,1,0.03,0.004,200000
2245,400,0.695,7,10,8,0,0,1,0.03,0.004,200000
2246,400,2.588,6,15,6,0,0,1,0.03,0.004,200000
2247,400,-10.197,5,10,71,0,0,1,0.03,0.004,200000
2248,400,9.365,9,33,64,0,0,1,0.03,0.004,200000
2249,400,-9.955,3,7,68,0,0,1,0.03,0.004,200000
2250,98,7.338,13,23,1,1,0,0,0.03,0.004,200000
2251,400,-27.628,2,6,237,0,0,1,0.03,0.004,200000
2252,400,-9.165,11,22,211,0,0,1,0.03,0.004,200000
2253,45,-6.395,2,9,0,1,0,0,0.03,0.004,200000
2254,18,-11.575,0,6,2,1,0,0,0.03,0.004,200000
2255,400,-5.863,3,11,69,0,0,1,0.03,0.004,200000
2256,400,-5.396,1,4,26,0,0,1,0.03,0.004,200000
2257,400,-20.609,3,10,220,0,0,1,0.03,0.004,200000
2258,400,-44.72,0,0,395,0,0,1,0.03,0.004,200000
2259,140,-28.236,0,3,133,1,0,0,0.03,0.004,200000
2260,6,-9.442,0,2,0,1,0,0,0.03,0.004,200000
2261,400,-0.853,13,30,186,0,0,1,0.03,0.004,200000
2262,400,8.094,8,19,11,0,0,1,0.03,0.004,200000
2263,400,6.622,5,15,3,0,0,1,0.03,0.004,200000
2264,400,-2.125,5,9,4,0,0,1,0.03,0.004,200000
2265,400,-7.27,1,2,6,0,0,1,0.03,0.004,200000
2266,33,-7.812,3,9,0,1,0,0,0.03,0.004,200000
2267,316,-13.534,1,11,5,1,0,0,0.03,0.004,200000
2268,400,21.881,15,36,1,0,0,1,0.03,0.004,200000
2269,179,1.319,7,26,2,1,0,0,0.03,0.004,200000
2270,400,32.388,22,54,3,0,0,1,0.03,0.004,200000
2271,400,-0.092,3,6,4,0,0,1,0.03,0.004,200000
2272,400,21.098,18,48,3,0,0,1,0.03,0.004,200000
2273,97,-16.383,0,2,2,1,0,0,0.03,0.004,200000
2274,400,4.181,6,28,3,0,0,1,0.03,0.004,200000
2275,400,17.888,14,40,2,0,0,1,0.03,0.004,200000
2276,400,28.817,22,43,3,0,0,1,0.03,0.004,200000
2277,400,0.629,4,11,5,0,0,1,0.03,0.004,200000
2278,400,25.658,19,40,0,0,0,1,0.03,0.004,200000
2279,98,-6.182,5,13,0,1,0,0,0.03,0.004,200000
2280,400,11.771,12,26,31,0,0,1,0.03,0.004,200000
2281,179,6.575,14,36,37,1,0,0,0.03,0.004,200000
2282,400,6.292,8,31,4,0,0,1,0.03,0.004,200000
2283,400,8.602,12,41,97,0,0,1,0.03,0.004,200000
2284,27,-13.275,0,3,0,1,0,0,0.03,0.004,200000
2285,400,7.291,11,26,85,0,0,1,0.03,0.004,200000
2286,132,-1.195,8,27,4,1,0,0,0.03,0.004,200000
2287,400,17.663,13,31,4,0,0,1,0.03,0.004,200000
2288,123,9.491,14,28,3,1,0,0,0.03,0.004,200000
2289,193,-12.353,4,10,2,1,0,0,0.03,0.004,200000
2290,400,21.314,15,36,3,0,0,1,0.03,0.004,200000
2291,400,1.507,5,11,4,0,0,1,0.03,0.004,200000
2292,400,11.481,11,18,1,0,0,1,0.03,0.004,200000
2293,400,16.875,16,31,42,0,0,1,0.03,0.004,200000
2294,400,25.115,20,49,1,0,0,1,0.03,0.004,200000
2295,13,-8.972,0,5,0,1,0,0,0.03,0.004,200000
2296,400,0.75,6,18,2,0,0,1,0.03,0.004,200000
2297,71,-3.589,3,16,0,1,0,0,0.03,0.004,200000
2298,400,20.079,16,38,5,0,0,1,0.03,0.004,200000
2299,400,4.582,5,15,4,0,0,1,0.03,0.004,200000
2300,400,16.523,13,28,2,0,0,1,0.03,0.004,200000
2301,400,-1.978,5,11,3,0,0,1,0.03,0.004,200000
2302,102,-7.795,5,12,3,1,0,0,0.03,0.004,200000
2303,400,25.999,19,45,3,0,0,1,0.03,0.004,200000
2304,108,2.894,11,16,2,1,0,0,0.03,0.004,200000
2305,400,-6.087,0,3,4,0,0,1,0.03,0.004,200000
2306,400,4.082,6,18,4,0,0,1,0.03,0.004,200000
2307,400,-3.426,1,3,5,0,0,1,0.03,0.004,200000
2308,400,18.157,15,29,4,0,0,1,0.03,0.004,200000
2309,400,-1.575,2,3,4,0,0,1,0.03,0.004,200000
2310,400,2.658,5,11,6,0,0,1,0.03,0.004,200000
2311,235,-9.321,2,14,4,1,0,0,0.03,0.004,200000
2312,400,17.909,13,32,4,0,0,1,0.03,0.004,200000
2313,400,-5.054,1,5,3,0,0,1,0.03,0.004,200000
2314,36,-6.695,3,12,0,1,0,0,0.03,0.004,200000
2315,400,1.265,7,17,4,0,0,1,0.03,0.004,200000
2316,204,4.49,11,35,2,1,0,0,0.03,0.004,200000
2317,335,11.452,18,37,2,1,0,0,0.03,0.004,200000
2318,400,-6.545,2,7,3,0,0,1,0.03,0.004,200000
2319,112,-11.961,2,9,1,1,0,0,0.03,0.004,200000
2320,400,13.136,12,33,6,0,0,1,0.03,0.004,200000
2321,400,26.773,22,45,9,0,0,1,0.03,0.004,200000
2322,76,-3.955,5,20,1,1,0,0,0.03,0.004,200000
2323,29,-8.968,2,10,1,1,0,0,0.03,0.004,200000
2324,257,4.776,13,24,3,1,0,0,0.03,0.004,200000
2325,400,0.803,3,9,4,0,0,1,0.03,0.004,200000
2326,36,-8.735,2,8,1,1,0,0,0.03,0.004,200000
2327,85,4.072,7,29,2,1,0,0,0.03,0.004,200000
2328,400,-0.41,2,10,1,0,0,1,0.03,0.004,200000
2329,400,4.165,6,14,5,0,0,1,0.03,0.004,200000
2330,400,16.908,12,28,6,0,0,1,0.03,0.004,200000
2331,400,17.504,14,35,8,0,0,1,0.03,0.004,200000
2332,400,15.903,12,23,1,0,0,1,0.03,0.004,200000
2333,400,17.115,11,41,1,0,0,1,0.03,0.004,200000
2334,400,32.249,23,45,19,0,0,1,0.03,0.004,200000
2335,400,9.147,11,20,3,0,0,1,0.03,0.004,200000
2336,400,-1.051,2,16,4,0,0,1,0.03,0.004,200000
2337,400,26.04,20,36,20,0,0,1,0.03,0.004,200000
2338,163,-9.787,2,11,5,1,0,0,0.03,0.004,200000
2339,400,31.57,21,48,7,0,0,1,0.03,0.004,200000
2340,400,4.776,5,16,5,0,0,1,0.03,0.004,200000
2341,25,-8.68,2,9,1,1,0,0,0.03,0.004,200000
2342,400,21.598,18,31,2,0,0,1,0.03,0.004,200000
2343,400,-9.43,1,6,3,0,0,1,0.03,0.004,200000
2344,400,0.836,4,9,4,0,0,1,0.03,0.004,200000
2345,400,-2.374,5,12,7,0,0,1,0.03,0.004,200000
2346,400,5.134,7,19,4,0,0,1,0.03,0.004,200000
2347,34,-13.655,0,2,2,1,0,0,0.03,0.004,200000
2348,400,5.281,4,23,4,0,0,1,0.03,0.004,200000
2349,134,13.675,15,36,3,1,0,0,0.03,0.004,200000
2350,42,-4.532,4,17,1,1,0,0,0.03,0.004,200000
2351,400,-5.761,0,0,3,0,0,1,0.03,0.004,200000
2352,400,-1.825,2,5,5,0,0,1,0.03,0.004,200000
2353,400,-6.99,1,4,2,0,0,1,0.03,0.004,200000
2354,85,6.142,11,26,1,1,0,0,0.03,0.004,200000
2355,400,18.567,15,29,20,0,0,1,0.03,0.004,200000
2356,19,-6.2,2,5,0,1,0,0,0.03,0.004,200000
2357,400,5.135,7,23,25,0,0,1,0.03,0.004,200000
2358,400,-11.335,4,11,140,0,0,1,0.03,0.004,200000
2359,400,2.638,5,6,14,0,0,1,0.03,0.004,200000
2360,400,6.24,7,15,24,0,0,1,0.03,0.004,200000
2361,400,-2.873,7,13,105,0,0,1,0.03,0.004,200000
2362,353,5.199,13,39,4,1,0,0,0.03,0.004,200000
2363,400,31.311,23,46,3,0,0,1,0.03,0.004,200000
2364,400,26.017,19,45,3,0,0,1,0.03,0.004,200000
2365,400,24.493,16,42,4,0,0,1,0.03,0.004,200000
2366,400,2.625,4,12,2,0,0,1,0.03,0.004,200000
2367,400,17.186,13,35,5,0,0,1,0.03,0.004,200000
2368,400,19.107,14,37,7,0,0,1,0.03,0.004,200000
2369,176,-6.088,5,11,5,1,0,0,0.03,0.004,200000
2370,400,4.676,5,16,4,0,0,1,0.03,0.004,200000
2371,400,0.557,4,7,4,0,0,1,0.03,0.004,200000
2372,400,4.325,8,17,5,0,0,1,0.03,0.004,200000
2373,400,7.221,8,21,3,0,0,1,0.03,0.004,200000
2374,38,-14.035,0,4,0,1,0,0,0.03,0.004,200000
2375,175,-14.775,0,7,3,1,0,0,0.03,0.004,200000
2376,400,14.631,12,31,5,0,0,1,0.03,0.004,200000
2377,218,-0.076,7,16,2,1,0,0,0.03,0.004,200000
2378,400,2.395,3,15,0,0,0,1,0.03,0.004,200000
2379,400,9.187,8,24,5,0,0,1,0.03,0.004,200000
2380,400,14.932,11,31,0,0,0,1,0.03,0.004,200000
2381,400,8.395,7,22,4,0,0,1,0.03,0.004,200000
2382,18,-10.691,0,7,0,1,0,0,0.03,0.004,200000
2383,53,-2.165,5,19,1,1,0,0,0.03,0.004,200000
2384,301,4.596,13,27,6,1,0,0,0.03,0.004,200000
2385,400,8.132,7,18,3,0,0,1,0.03,0.004,200000
2386,23,-9.963,1,11,1,1,0,0,0.03,0.004,200000
2387,400,22.195,15,37,7,0,0,1,0.03,0.004,200000
2388,400,10.358,8,23,8,0,0,1,0.03,0.004,200000
2389,400,2.209,4,14,5,0,0,1,0.03,0.004,200000
2390,400,10.995,10,26,5,0,0,1,0.03,0.004,200000
2391,400,7.763,7,20,4,0,0,1,0.03,0.004,200000
2392,400,3.297,5,14,6,0,0,1,0.03,0.004,200000
2393,7,-8.74,0,4,0,1,0,0,0.03,0.004,200000
2394,338,9.381,15,25,4,1,0,0,0.03,0.004,200000
2395,400,6.063,6,12,3,0,0,1,0.03,0.004,200000
2396,125,-2.773,1,6,2,1,0,0,0.03,0.004,200000
2397,5,-12.892,0,4,1,1,0,0,0.03,0.004,200000
2398,400,11.08,9,23,4,0,0,1,0.03,0.004,200000
2399,81,-14.074,0,3,0,1,0,0,0.03,0.004,200000
2400,400,1.988,6,19,49,0,0,1,0.03,0.004,200000
2401,400,13.327,10,26,4,0,0,1,0.03,0.004,200000
2402,400,15.564,13,25,1,0,0,1,0.03,0.004,200000
2403,400,24.35,19,39,4,0,0,1,0.03,0.004,200000
2404,400,20.875,16,45,2,0,0,1,0.03,0.004,200000
2405,400,17.138,14,25,6,0,0,1,0.03,0.004,200000
2406,400,33.297,21,55,2,0,0,1,0.03,0.004,200000
2407,400,2.353,4,13,4,0,0,1,0.03,0.004,200000
2408,400,4.739,7,26,3,0,0,1,0.03,0.004,200000
2409,400,-0.448,2,11,3,0,0,1,0.03,0.004,200000
2410,397,1.483,8,24,6,1,0,0,0.03,0.004,200000
2411,400,11.138,8,24,5,0,0,1,0.03,0.004,200000
2412,400,22.87,14,54,3,0,0,1,0.03,0.004,200000
2413,254,-8.036,3,19,5,1,0,0,0.03,0.004,200000
2414,400,11.55,8,26,5,0,0,1,0.03,0.004,200000
2415,400,1.441,4,10,5,0,0,1,0.03,0.004,200000
2416,400,3.73,5,12,2,0,0,1,0.03,0.004,200000
2417,400,-1.609,2,5,1,0,0,1,0.03,0.004,200000
2418,7,-9.037,0,3,0,1,0,0,0.03,0.004,200000
2419,5,-12.892,0,4,1,1,0,0,0.03,0.004,200000
2420,400,-2.904,1,8,5,0,0,1,0.03,0.004,200000
2421,5,-12.912,0,4,0,1,0,0,0.03,0.004,200000
2422,8,-12.07,0,3,1,1,0,0,0.03,0.004,200000
2423,23,-9.811,1,9,3,1,0,0,0.03,0.004,200000
2424,400,5.926,6,14,2,0,0,1,0.03,0.004,200000
2425,400,17.446,13,24,1,0,0,1,0.03,0.004,200000
2426,400,-1.05,2,8,3,0,0,1,0.03,0.004,200000
2427,400,2.333,5,9,4,0,0,1,0.03,0.004,200000
2428,101,-4.977,4,11,1,1,0,0,0.03,0.004,200000
2429,400,12.601,10,22,6,0,0,1,0.03,0.004,200000
2430,400,-0.46,3,5,0,0,0,1,0.03,0.004,200000
2431,400,27.478,22,35,5,0,0,1,0.03,0.004,200000
2432,400,19.368,13,35,1,0,0,1,0.03,0.004,200000
2433,400,13.03,12,23,7,0,0,1,0.03,0.004,200000
2434,13,-8.459,0,6,0,1,0,0,0.03,0.004,200000
2435,123,5.159,11,32,4,1,0,0,0.03,0.004,200000
2436,19,-11.856,0,4,2,1,0,0,0.03,0.004,200000
2437,400,17.23,13,25,3,0,0,1,0.03,0.004,200000
2438,400,11.704,10,18,3,0,0,1,0.03,0.004,200000
2439,400,9.11,6,23,2,0,0,1,0.03,0.004,200000
2440,5,-13.022,0,4,2,1,0,0,0.03,0.004,200000
2441,400,21.016,14,42,8,0,0,1,0.03,0.004,200000
2442,5,-13.072,0,4,2,1,0,0,0.03,0.004,200000
2443,400,9.768,8,20,7,0,0,1,0.03,0.004,200000
2444,5,-13.022,0,4,2,1,0,0,0.03,0.004,200000
2445,5,-13.072,0,3,2,1,0,0,0.03,0.004,200000
2446,119,1.184,9,21,2,1,0,0,0.03,0.004,200000
2447,400,10.31,10,20,1,0,0,1,0.03,0.004,200000
2448,400,9.853,10,17,4,0,0,1,0.03,0.004,200000
2449,400,2.007,4,8,2,0,0,1,0.03,0.004,200000
2450,400,16.314,11,28,1,0,0,1,0.03,0.004,200000
2451,400,8.602,8,21,1,0,0,1,0.03,0.004,200000
2452,400,24.776,19,44,3,0,0,1,0.03,0.004,200000
2453,210,-5.018,6,10,4,1,0,0,0.03,0.004,200000
2454,242,5.169,13,25,7,1,0,0,0.03,0.004,200000
2455,400,22.298,7,20,4,0,0,1,0.03,0.004,200000
2456,284,-0.779,2,15,1,1,0,0,0.03,0.004,200000
2457,5,-13.022,0,4,2,1,0,0,0.03,0.004,200000
2458,265,-15.379,0,4,4,1,0,0,0.03,0.004,200000
2459,400,20.283,14,31,7,0,0,1,0.03,0.004,200000
2460,400,21.877,16,38,5,0,0,1,0.03,0.004,200000
2461,400,5.047,6,12,5,0,0,1,0.03,0.004,200000
2462,400,9.828,9,20,2,0,0,1,0.03,0.004,200000
2463,400,-3.717,0,7,6,0,0,1,0.03,0.004,200000
2464,400,7.433,7,18,2,0,0,1,0.03,0.004,200000
2465,400,1.356,3,15,3,0,0,1,0.03,0.004,200000
2466,400,-0.717,2,4,8,0,0,1,0.03,0.004,200000
2467,400,13.801,10,25,4,0,0,1,0.03,0.004,200000
2468,400,7.64,7,19,1,0,0,1,0.03,0.004,200000
2469,400,12.457,8,24,4,0,0,1,0.03,0.004,200000
2470,400,3.989,5,16,1,0,0,1,0.03,0.004,200000
2471,400,13.603,8,23,3,0,0,1,0.03,0.004,200000
2472,40,-10.736,1,6,2,1,0,0,0.03,0.004,200000
2473,5,-13.152,0,4,3,1,0,0,0.03,0.004,200000
2474,5,-13.272,0,2,2,1,0,0,0.03,0.004,200000
2475,400,30.307,21,41,4,0,0,1,0.03,0.004,200000
2476,5,-13.302,0,3,3,1,0,0,0.03,0.004,200000
2477,32,-5.075,2,10,0,1,0,0,0.03,0.004,200000
2478,400,22.832,17,39,4,0,0,1,0.03,0.004,200000
2479,400,26.619,18,37,2,0,0,1,0.03,0.004,200000
2480,37,-9.187,1,11,0,1,0,0,0.03,0.004,200000
2481,400,12.61,10,22,2,0,0,1,0.03,0.004,200000
2482,317,6.092,12,38,2,1,0,0,0.03,0.004,200000
2483,400,-2.285,2,3,4,0,0,1,0.03,0.004,200000
2484,400,36.073,24,58,1,0,0,1,0.03,0.004,200000
2485,28,-8.97,1,10,0,1,0,0,0.03,0.004,200000
2486,321,3.336,8,23,2,1,0,0,0.03,0.004,200000
2487,5,-13.102,0,4,3,1,0,0,0.03,0.004,200000
2488,12,-10.57,0,8,0,1,0,0,0.03,0.004,200000
2489,400,0.51,3,9,4,0,0,1,0.03,0.004,200000
2490,400,24.368,16,48,4,0,0,1,0.03,0.004,200000
2491,400,9.558,8,24,9,0,0,1,0.03,0.004,200000
2492,13,-8.52,0,5,0,1,0,0,0.03,0.004,200000
2493,400,-5.294,0,0,2,0,0,1,0.03,0.004,200000
2494,5,-13.022,0,4,2,1,0,0,0.03,0.004,200000
2495,5,-13.152,0,4,3,1,0,0,0.03,0.004,200000
2496,400,18.531,14,33,1,0,0,1,0.03,0.004,200000
2497,23,-9.441,1,11,1,1,0,0,0.03,0.004,200000
2498,400,18.843,2,6,7,0,0,1,0.03,0.004,200000
2499,400,2.244,3,12,4,0,0,1,0.03,0.004,200000
2500,140,13.499,16,44,2,1,0,0,0.03,0.004,200000
2501,400,-1.052,3,5,5,0,0,1,0.03,0.004,200000
2502,400,0.008,3,12,3,0,0,1,0.03,0.004,200000
2503,400,22.732,17,37,4,0,0,1,0.03,0.004,200000
2504,49,-9.171,1,16,4,1,0,0,0.03,0.004,200000
2505,7,-9.234,0,2,0,1,0,0,0.03,0.004,200000
2506,22,-10.757,0,7,1,1,0,0,0.03,0.004,200000
2507,53,-8.118,2,10,2,1,0,0,0.03,0.004,200000
2508,25,-8.159,2,10,0,1,0,0,0.03,0.004,200000
2509,400,10.033,9,26,6,0,0,1,0.03,0.004,200000
2510,400,16.434,14,34,5,0,0,1,0.03,0.004,200000
2511,400,10.481,8,23,5,0,0,1,0.03,0.004,200000
2512,400,21.417,14,37,3,0,0,1,0.03,0.004,200000
2513,110,11.688,14,29,1,1,0,0,0.03,0.004,200000
2514,400,-4.014,0,6,6,0,0,1,0.03,0.004,200000
2515,400,12.37,10,28,3,0,0,1,0.03,0.004,200000
2516,400,-2.289,1,5,4,0,0,1,0.03,0.004,200000
2517,400,38.985,26,62,2,0,0,1,0.03,0.004,200000
2518,400,13.592,13,34,39,0,0,1,0.03,0.004,200000
2519,400,24.078,19,34,3,0,0,1,0.03,0.004,200000
2520,125,5.505,10,35,2,1,0,0,0.03,0.004,200000
2521,400,-20.901,3,11,221,0,0,1,0.03,0.004,200000
2522,58,-4.582,5,13,2,1,0,0,0.03,0.004,200000
2523,5,-13.272,0,2,2,1,0,0,0.03,0.004,200000
2524,400,25.76,18,40,3,0,0,1,0.03,0.004,200000
2525,400,24.739,20,42,24,0,0,1,0.03,0.004,200000
2526,55,-4.841,4,16,2,1,0,0,0.03,0.004,200000
2527,320,4.658,3,7,4,1,0,0,0.03,0.004,200000
2528,149,-5.602,4,15,1,1,0,0,0.03,0.004,200000
2529,400,-19.173,1,9,185,0,0,1,0.03,0.004,200000
2530,400,27.475,18,49,5,0,0,1,0.03,0.004,200000
2531,400,27.421,20,37,2,0,0,1,0.03,0.004,200000
2532,400,24.597,17,39,4,0,0,1,0.03,0.004,200000
2533,14,-8.429,0,5,0,1,0,0,0.03,0.004,200000
2534,5,-12.912,0,4,0,1,0,0,0.03,0.004,200000
2535,400,2.453,4,11,4,0,0,1,0.03,0.004,200000
2536,400,10.261,8,27,2,0,0,1,0.03,0.004,200000
2537,400,22.655,14,43,3,0,0,1,0.03,0.004,200000
2538,5,-13.224,0,2,2,1,0,0,0.03,0.004,200000
2539,98,4.654,10,29,0,1,0,0,0.03,0.004,200000
2540,65,0.338,8,18,1,1,0,0,0.03,0.004,200000
2541,51,-0.928,5,17,0,1,0,0,0.03,0.004,200000
2542,400,-3.184,1,3,2,0,0,1,0.03,0.004,200000
2543,400,13.145,9,27,2,0,0,1,0.03,0.004,200000
2544,105,-0.447,7,20,1,1,0,0,0.03,0.004,200000
2545,400,7.028,7,14,7,0,0,1,0.03,0.004,200000
2546,31,-8.187,2,10,1,1,0,0,0.03,0.004,200000
2547,5,-12.892,0,4,1,1,0,0,0.03,0.004,200000
2548,400,9.515,8,20,1,0,0,1,0.03,0.004,200000
2549,5,-13.224,0,3,2,1,0,0,0.03,0.004,200000
2550,400,7.311,7,13,1,0,0,1,0.03,0.004,200000
2551,400,3.808,5,12,2,0,0,1,0.03,0.004,200000
2552,5,-13.092,0,3,1,1,0,0,0.03,0.004,200000
2553,400,22.145,16,43,7,0,0,1,0.03,0.004,200000
2554,249,-7.006,5,14,3,1,0,0,0.03,0.004,200000
2555,220,-2.423,8,16,3,1,0,0,0.03,0.004,200000
2556,400,6.721,7,17,6,0,0,1,0.03,0.004,200000
2557,400,22.223,16,34,5,0,0,1,0.03,0.004,200000
2558,400,5.706,5,19,3,0,0,1,0.03,0.004,200000
2559,5,-13.222,0,3,2,1,0,0,0.03,0.004,200000
2560,400,14.791,12,20,1,0,0,1,0.03,0.004,200000
2561,394,13.662,15,36,0,1,0,0,0.03,0.004,200000
2562,400,28.155,17,52,2,0,0,1,0.03,0.004,200000
2563,400,15.973,12,32,6,0,0,1,0.03,0.004,200000
2564,5,-12.992,0,4,1,1,0,0,0.03,0.004,200000
2565,200,-7.211,4,9,3,1,0,0,0.03,0.004,200000
2566,5,-12.942,0,4,1,1,0,0,0.03,0.004,200000
2567,400,27.154,19,48,1,0,0,1,0.03,0.004,200000
2568,400,7.76,7,29,7,0,0,1,0.03,0.004,200000
2569,400,8.435,8,20,4,0,0,1,0.03,0.004,200000
2570,400,13.874,11,30,17,0,0,1,0.03,0.004,200000
2571,5,-13.192,0,2,1,1,0,0,0.03,0.004,200000
2572,5,-13.041,0,4,1,1,0,0,0.03,0.004,200000
2573,400,14.178,11,28,22,0,0,1,0.03,0.004,200000
2574,400,0.469,3,9,6,0,0,1,0.03,0.004,200000
2575,400,15.055,11,36,4,0,0,1,0.03,0.004,200000
2576,400,30.814,24,60,66,0,0,1,0.03,0.004,200000
2577,400,3.495,10,23,94,0,0,1,0.03,0.004,200000
2578,400,4.554,7,20,39,0,0,1,0.03,0.004,200000
2579,400,10.116,7,18,5,0,0,1,0.03,0.004,200000
2580,400,8.784,3,15,3,0,0,1,0.03,0.004,200000
2581,400,38.875,26,52,4,0,0,1,0.03,0.004,200000
2582,400,3.169,9,19,72,0,0,1,0.03,0.004,200000
2583,400,17.154,13,34,6,0,0,1,0.03,0.004,200000
2584,5,-12.942,0,4,1,1,0,0,0.03,0.004,200000
2585,94,-7.897,2,10,2,1,0,0,0.03,0.004,200000
2586,30,-8.322,2,11,1,1,0,0,0.03,0.004,200000
2587,400,20.751,15,33,3,0,0,1,0.03,0.004,200000
2588,220,-6.999,6,12,4,1,0,0,0.03,0.004,200000
2589,8,-8.358,0,6,0,1,0,0,0.03,0.004,200000
2590,400,3.55,3,18,3,0,0,1,0.03,0.004,200000
2591,400,45.847,29,69,4,0,0,1,0.03,0.004,200000
2592,400,15.48,8,22,7,0,0,1,0.03,0.004,200000
2593,20,-7.646,0,8,0,1,0,0,0.03,0.004,200000
2594,400,12.533,9,23,3,0,0,1,0.03,0.004,200000
2595,219,-0.337,10,22,5,1,0,0,0.03,0.004,200000
2596,400,4.343,2,6,5,0,0,1,0.03,0.004,200000
2597,400,37.811,25,62,14,0,0,1,0.03,0.004,200000
2598,5,-12.812,0,4,0,1,0,0,0.03,0.004,200000
2599,5,-13.171,0,1,0,1,0,0,0.03,0.004,200000
2600,271,20.484,20,56,12,1,0,0,0.03,0.004,200000
2601,94,0.659,8,24,3,1,0,0,0.03,0.004,200000
2602,400,10.322,11,24,35,0,0,1,0.03,0.004,200000
2603,294,-16.919,0,2,5,1,0,0,0.03,0.004,200000
2604,400,34.723,22,61,1,0,0,1,0.03,0.004,200000
2605,13,-8.653,0,6,1,1,0,0,0.03,0.004,200000
2606,400,7.253,7,22,4,0,0,1,0.03,0.004,200000
2607,5,-13.091,0,2,0,1,0,0,0.03,0.004,200000
2608,5,-13.222,0,3,2,1,0,0,0.03,0.004,200000
2609,5,-13.061,0,3,0,1,0,0,0.03,0.004,200000
2610,5,-13.222,0,3,2,1,0,0,0.03,0.004,200000
2611,233,11.838,12,35,4,1,0,0,0.03,0.004,200000
2612,8,-8.334,0,6,0,1,0,0,0.03,0.004,200000
2613,167,12.375,13,33,3,1,0,0,0.03,0.004,200000
2614,5,-13.061,0,3,0,1,0,0,0.03,0.004,200000
2615,5,-13.012,0,3,0,1,0,0,0.03,0.004,200000
2616,79,3.339,10,19,2,1,0,0,0.03,0.004,200000
2617,5,-13.222,0,3,2,1,0,0,0.03,0.004,200000
2618,400,13.163,6,29,5,0,0,1,0.03,0.004,200000
2619,400,18.108,14,26,3,0,0,1,0.03,0.004,200000
2620,400,0.136,3,4,3,0,0,1,0.03,0.004,200000
2621,214,-3.562,6,21,1,1,0,0,0.03,0.004,200000
2622,400,32.726,21,57,5,0,0,1,0.03,0.004,200000
2623,400,7.789,6,16,6,0,0,1,0.03,0.004,200000
2624,310,2.974,11,19,6,1,0,0,0.03,0.004,200000
2625,400,1.343,14,31,170,0,0,1,0.03,0.004,200000
2626,400,14.283,12,24,4,0,0,1,0.03,0.004,200000
2627,5,-13.302,0,3,3,1,0,0,0.03,0.004,200000
2628,5,-13.402,0,2,3,1,0,0,0.03,0.004,200000
2629,400,31.554,15,40,3,0,0,1,0.03,0.004,200000
2630,5,-12.972,0,4,2,1,0,0,0.03,0.004,200000
2631,122,-6.246,1,10,1,1,0,0,0.03,0.004,200000
2632,5,-13.072,0,4,2,1,0,0,0.03,0.004,200000
2633,5,-13.122,0,3,2,1,0,0,0.03,0.004,200000
2634,147,-2.478,8,19,7,1,0,0,0.03,0.004,200000
2635,144,-0.796,4,7,2,1,0,0,0.03,0.004,200000
2636,400,14.49,12,28,5,0,0,1,0.03,0.004,200000
2637,400,30.998,15,38,4,0,0,1,0.03,0.004,200000
2638,5,-13.322,0,4,2,1,0,0,0.03,0.004,200000
2639,400,32.03,19,45,2,0,0,1,0.03,0.004,200000
2640,296,11.021,13,37,8,1,0,0,0.03,0.004,200000
2641,193,15.737,18,37,4,1,0,0,0.03,0.004,200000
2642,400,41.056,24,67,1,0,0,1,0.03,0.004,200000
2643,52,-8.96,0,3,1,1,0,0,0.03,0.004,200000
2644,5,-13.052,0,4,3,1,0,0,0.03,0.004,200000
2645,400,4.448,1,9,2,0,0,1,0.03,0.004,200000
2646,118,1.474,7,31,2,1,0,0,0.03,0.004,200000
2647,154,-1.813,6,19,0,1,0,0,0.03,0.004,200000
2648,24,-10.226,1,8,2,1,0,0,0.03,0.004,200000
2649,51,1.119,7,16,0,1,0,0,0.03,0.004,200000
2650,36,-6.122,4,10,2,1,0,0,0.03,0.004,200000
2651,39,-7.178,3,13,1,1,0,0,0.03,0.004,200000
2652,36,-9.359,1,11,2,1,0,0,0.03,0.004,200000
2653,400,32.981,22,51,4,0,0,1,0.03,0.004,200000
2654,5,-13.152,0,4,3,1,0,0,0.03,0.004,200000
2655,5,-13.302,0,3,3,1,0,0,0.03,0.004,200000
2656,74,-8.184,3,9,3,1,0,0,0.03,0.004,200000
2657,21,-10.049,1,5,0,1,0,0,0.03,0.004,200000
2658,400,23.235,14,30,8,0,0,1,0.03,0.004,200000
2659,400,26.335,16,37,4,0,0,1,0.03,0.004,200000
2660,5,-13.052,0,4,3,1,0,0,0.03,0.004,200000
2661,371,8.41,12,35,6,1,0,0,0.03,0.004,200000
2662,5,-13.452,0,1,3,1,0,0,0.03,0.004,200000
2663,400,23.702,13,28,4,0,0,1,0.03,0.004,200000
2664,52,-1.462,5,14,0,1,0,0,0.03,0.004,200000
2665,400,11.366,6,22,4,0,0,1,0.03,0.004,200000
2666,77,-4.472,5,12,2,1,0,0,0.03,0.004,200000
2667,5,-13.175,0,2,1,1,0,0,0.03,0.004,200000
2668,400,17.698,12,24,2,0,0,1,0.03,0.004,200000
2669,188,-2.741,7,24,7,1,0,0,0.03,0.004,200000
2670,207,7.322,10,31,3,1,0,0,0.03,0.004,200000
2671,21,-9.624,1,8,1,1,0,0,0.03,0.004,200000
2672,400,7.581,6,18,1,0,0,1,0.03,0.004,200000
2673,400,37.697,21,56,5,0,0,1,0.03,0.004,200000
2674,400,26.212,17,42,3,0,0,1,0.03,0.004,200000
2675,5,-13.352,0,2,3,1,0,0,0.03,0.004,200000
2676,179,6.313,9,25,2,1,0,0,0.03,0.004,200000
2677,97,5.893,10,19,0,1,0,0,0.03,0.004,200000
2678,5,-13.175,0,2,1,1,0,0,0.03,0.004,200000
2679,311,-1.407,5,16,1,1,0,0,0.03,0.004,200000
2680,264,-0.793,5,14,3,1,0,0,0.03,0.004,200000
2681,105,7.437,11,23,2,1,0,0,0.03,0.004,200000
2682,400,31.74,17,46,5,0,0,1,0.03,0.004,200000
2683,400,-1.743,1,8,5,0,0,1,0.03,0.004,200000
2684,23,-7.189,3,10,0,1,0,0,0.03,0.004,200000
2685,400,35.239,21,57,5,0,0,1,0.03,0.004,200000
2686,37,-7.136,3,9,2,1,0,0,0.03,0.004,200000
2687,400,16.822,9,24,4,0,0,1,0.03,0.004,200000
2688,5,-12.975,0,3,1,1,0,0,0.03,0.004,200000
2689,248,14.624,13,37,3,1,0,0,0.03,0.004,200000
2690,400,23.208,14,31,5,0,0,1,0.03,0.004,200000
2691,137,5.931,11,33,6,1,0,0,0.03,0.004,200000
2692,89,-0.754,5,9,0,1,0,0,0.03,0.004,200000
2693,7,-13.23,0,3,3,1,0,0,0.03,0.004,200000
2694,400,49.534,29,70,5,0,0,1,0.03,0.004,200000
2695,91,-1.953,5,18,1,1,0,0,0.03,0.004,200000
2696,305,17.931,18,38,3,1,0,0,0.03,0.004,200000
2697,262,8.08,13,34,3,1,0,0,0.03,0.004,200000
2698,5,-11.575,0,3,1,1,0,0,0.03,0.004,200000
2699,5,-13.3,0,1,1,1,0,0,0.03,0.004,200000
2700,94,2.64,8,22,0,1,0,0,0.03,0.004,200000
2701,282,4.204,9,24,3,1,0,0,0.03,0.004,200000
2702,336,36.225,30,65,4,1,0,0,0.03,0.004,200000
2703,5,-13.152,0,4,3,1,0,0,0.03,0.004,200000
2704,400,40.176,23,53,4,0,0,1,0.03,0.004,200000
2705,228,24.108,23,49,5,1,0,0,0.03,0.004,200000
2706,5,-13.202,0,4,3,1,0,0,0.03,0.004,200000
2707,194,16.553,18,41,4,1,0,0,0.03,0.004,200000
2708,364,29.557,22,49,5,1,0,0,0.03,0.004,200000
2709,13,-8.808,0,3,0,1,0,0,0.03,0.004,200000
2710,246,-34.03,2,9,223,1,0,0,0.03,0.004,200000
2711,400,-1.997,0,16,56,0,0,1,0.03,0.004,200000
2712,125,-9.456,2,4,4,1,0,0,0.03,0.004,200000
2713,304,-31.041,0,6,198,1,0,0,0.03,0.004,200000
2714,35,-8.553,2,7,1,1,0,0,0.03,0.004,200000
2715,5,-13.052,0,4,3,1,0,0,0.03,0.004,200000
2716,400,-4.209,1,9,76,0,0,1,0.03,0.004,200000
2717,308,-2.344,4,10,3,1,0,0,0.03,0.004,200000
2718,218,3.912,9,34,4,1,0,0,0.03,0.004,200000
2719,314,17.148,19,35,3,1,0,0,0.03,0.004,200000
2720,400,26.263,18,37,7,0,0,1,0.03,0.004,200000
2721,5,-13.352,0,2,3,1,0,0,0.03,0.004,200000
2722,5,-13.075,0,3,1,1,0,0,0.03,0.004,200000
2723,5,-13.152,0,4,3,1,0,0,0.03,0.004,200000
2724,5,-13.152,0,4,3,1,0,0,0.03,0.004,200000
2725,5,-13.252,0,3,3,1,0,0,0.03,0.004,200000
2726,5,-13.152,0,4,3,1,0,0,0.03,0.004,200000
2727,20,-8.578,0,5,0,1,0,0,0.03,0.004,200000
2728,5,-13.202,0,3,3,1,0,0,0.03,0.004,200000
2729,5,-13.202,0,3,3,1,0,0,0.03,0.004,200000
2730,400,21.191,11,31,13,0,0,1,0.03,0.004,200000
2731,400,16.708,15,45,89,0,0,1,0.03,0.004,200000
2732,400,22.385,16,42,45,0,0,1,0.03,0.004,200000
2733,50,-8.597,2,15,2,1,0,0,0.03,0.004,200000
2734,400,6.062,6,11,2,0,0,1,0.03,0.004,200000
2735,5,-12.975,0,3,1,1,0,0,0.03,0.004,200000
2736,400,33.181,19,58,5,0,0,1,0.03,0.004,200000
2737,400,40.168,23,65,3,0,0,1,0.03,0.004,200000
2738,400,15.8,11,23,2,0,0,1,0.03,0.004,200000
2739,347,3.846,8,23,5,1,0,0,0.03,0.004,200000
2740,62,-9.405,0,2,1,1,0,0,0.03,0.004,200000
2741,5,-13.152,0,3,3,1,0,0,0.03,0.004,200000
2742,400,28.293,14,41,3,0,0,1,0.03,0.004,200000
2743,112,-1.936,5,10,1,1,0,0,0.03,0.004,200000
2744,110,-9.15,2,6,2,1,0,0,0.03,0.004,200000
2745,129,4.74,8,22,1,1,0,0,0.03,0.004,200000
2746,5,-13.002,0,4,3,1,0,0,0.03,0.004,200000
2747,62,-9.016,0,5,1,1,0,0,0.03,0.004,200000
2748,400,20.202,12,27,12,0,0,1,0.03,0.004,200000
2749,400,12.815,11,30,61,0,0,1,0.03,0.004,200000
2750,400,34.768,20,52,4,0,0,1,0.03,0.004,200000
2751,34,-6.543,3,15,1,1,0,0,0.03,0.004,200000
2752,125,8.041,12,36,1,1,0,0,0.03,0.004,200000
2753,5,-13.352,0,2,3,1,0,0,0.03,0.004,200000
2754,400,9.048,4,18,2,0,0,1,0.03,0.004,200000
2755,24,-10.347,1,7,1,1,0,0,0.03,0.004,200000
2756,400,7.616,4,10,3,0,0,1,0.03,0.004,200000
2757,178,-1.981,6,15,0,1,0,0,0.03,0.004,200000
2758,49,-2.925,4,11,1,1,0,0,0.03,0.004,200000
2759,371,4.811,9,20,4,1,0,0,0.03,0.004,200000
2760,382,-2.525,5,9,3,1,0,0,0.03,0.004,200000
2761,31,-8.766,0,6,1,1,0,0,0.03,0.004,200000
2762,76,-8.563,2,7,1,1,0,0,0.03,0.004,200000
2763,400,14.034,8,24,4,0,0,1,0.03,0.004,200000
2764,48,-8.467,1,7,1,1,0,0,0.03,0.004,200000
2765,400,5.284,2,8,6,0,0,1,0.03,0.004,200000
2766,340,15.397,15,38,2,1,0,0,0.03,0.004,200000
2767,5,-13.072,0,4,2,1,0,0,0.03,0.004,200000
2768,5,-13.122,0,3,2,1,0,0,0.03,0.004,200000
2769,55,-4.494,4,12,0,1,0,0,0.03,0.004,200000
2770,400,42.685,26,63,3,0,0,1,0.03,0.004,200000
2771,5,-12.942,0,4,1,1,0,0,0.03,0.004,200000
2772,359,16.32,19,46,8,1,0,0,0.03,0.004,200000
2773,400,16.277,8,25,2,0,0,1,0.03,0.004,200000
2774,5,-13.302,0,3,3,1,0,0,0.03,0.004,200000
2775,248,18.299,17,42,8,1,0,0,0.03,0.004,200000
2776,400,12.285,8,13,6,0,0,1,0.03,0.004,200000
2777,5,-13.15,0,2,1,1,0,0,0.03,0.004,200000
2778,5,-13.252,0,3,3,1,0,0,0.03,0.004,200000
2779,5,-13.202,0,3,3,1,0,0,0.03,0.004,200000
2780,5,-12.842,0,4,1,1,0,0,0.03,0.004,200000
2781,5,-13.142,0,3,1,1,0,0,0.03,0.004,200000
2782,400,58.324,36,80,5,0,0,1,0.03,0.004,200000
2783,7,-9.186,0,2,0,1,0,0,0.03,0.004,200000
2784,5,-13.0,0,3,1,1,0,0,0.03,0.004,200000
2785,251,8.934,13,30,2,1,0,0,0.03,0.004,200000
2786,400,38.394,27,56,5,0,0,1,0.03,0.004,200000
2787,301,28.259,24,60,5,1,0,0,0.03,0.004,200000
2788,5,-13.0,0,3,1,1,0,0,0.03,0.004,200000
2789,5,-13.175,0,2,1,1,0,0,0.03,0.004,200000
2790,5,-13.352,0,2,3,1,0,0,0.03,0.004,200000
2791,5,-13.192,0,2,1,1,0,0,0.03,0.004,200000
2792,5,-13.042,0,3,1,1,0,0,0.03,0.004,200000
2793,5,-13.092,0,3,1,1,0,0,0.03,0.004,200000
2794,5,-12.992,0,4,1,1,0,0,0.03,0.004,200000
2795,400,12.407,4,25,4,0,0,1,0.03,0.004,200000
2796,5,-13.095,0,2,0,1,0,0,0.03,0.004,200000
2797,5,-12.992,0,4,1,1,0,0,0.03,0.004,200000
2798,400,49.88,29,64,2,0,0,1,0.03,0.004,200000
2799,400,12.284,4,15,5,0,0,1,0.03,0.004,200000
2800,100,4.993,11,24,3,1,0,0,0.03,0.004,200000
2801,29,-8.739,2,10,2,1,0,0,0.03,0.004,200000
2802,118,-3.705,5,17,1,1,0,0,0.03,0.004,200000
2803,5,-13.142,0,3,1,1,0,0,0.03,0.004,200000
2804,5,-13.302,0,3,3,1,0,0,0.03,0.004,200000
2805,5,-13.095,0,2,0,1,0,0,0.03,0.004,200000
2806,400,14.624,12,28,53,0,0,1,0.03,0.004,200000
2807,400,12.764,7,18,4,0,0,1,0.03,0.004,200000
2808,400,36.722,22,48,3,0,0,1,0.03,0.004,200000
2809,400,16.265,9,31,5,0,0,1,0.03,0.004,200000
2810,380,25.329,21,40,5,1,0,0,0.03,0.004,200000
2811,5,-12.971,0,3,0,1,0,0,0.03,0.004,200000
2812,5,-13.102,0,4,3,1,0,0,0.03,0.004,200000
2813,5,-13.102,0,4,3,1,0,0,0.03,0.004,200000
2814,5,-13.092,0,3,1,1,0,0,0.03,0.004,200000
2815,5,-12.942,0,4,1,1,0,0,0.03,0.004,200000
2816,23,-7.694,3,10,1,1,0,0,0.03,0.004,200000
2817,5,-13.192,0,2,1,1,0,0,0.03,0.004,200000
2818,400,35.13,26,58,53,0,0,1,0.03,0.004,200000
2819,24,-8.578,2,9,2,1,0,0,0.03,0.004,200000
2820,250,13.607,16,38,4,1,0,0,0.03,0.004,200000
2821,400,53.722,34,67,6,0,0,1,0.03,0.004,200000
2822,275,35.27,29,60,5,1,0,0,0.03,0.004,200000
2823,284,2.596,8,15,3,1,0,0,0.03,0.004,200000
2824,110,4.246,9,28,1,1,0,0,0.03,0.004,200000
2825,38,-6.542,3,11,1,1,0,0,0.03,0.004,200000
2826,5,-13.4,0,3,1,1,0,0,0.03,0.004,200000
2827,48,-9.094,3,5,2,1,0,0,0.03,0.004,200000
2828,70,1.365,9,19,3,1,0,0,0.03,0.004,200000
2829,5,-13.401,0,4,3,1,0,0,0.03,0.004,200000
2830,400,13.785,8,20,4,0,0,1,0.03,0.004,200000
2831,400,7.172,4,11,8,0,0,1,0.03,0.004,200000
2832,5,-13.651,0,3,3,1,0,0,0.03,0.004,200000
2833,5,-13.601,0,3,3,1,0,0,0.03,0.004,200000
2834,207,-7.346,2,4,2,1,0,0,0.03,0.004,200000
2835,358,0.188,5,14,3,1,0,0,0.03,0.004,200000
2836,400,40.415,23,65,6,0,0,1,0.03,0.004,200000
2837,400,1.665,2,3,3,0,0,1,0.03,0.004,200000
2838,344,21.942,23,57,51,1,0,0,0.03,0.004,200000
2839,5,-13.012,0,3,0,1,0,0,0.03,0.004,200000
2840,5,-13.548,0,2,2,1,0,0,0.03,0.004,200000
2841,5,-13.851,0,1,3,1,0,0,0.03,0.004,200000
2842,162,1.269,9,20,4,1,0,0,0.03,0.004,200000
2843,400,19.115,11,34,6,0,0,1,0.03,0.004,200000
2844,38,-6.66,3,10,2,1,0,0,0.03,0.004,200000
2845,400,7.53,4,14,7,0,0,1,0.03,0.004,200000
2846,400,37.018,24,54,7,0,0,1,0.03,0.004,200000
2847,400,34.349,20,53,7,0,0,1,0.03,0.004,200000
2848,50,-2.532,6,13,0,1,0,0,0.03,0.004,200000
2849,400,39.46,24,56,6,0,0,1,0.03,0.004,200000
2850,41,-4.135,5,11,1,1,0,0,0.03,0.004,200000
2851,400,29.4,19,56,37,0,0,1,0.03,0.004,200000
2852,374,22.108,22,50,13,1,0,0,0.03,0.004,200000
2853,400,11.193,5,25,6,0,0,1,0.03,0.004,200000
2854,400,22.644,19,43,68,0,0,1,0.03,0.004,200000
2855,204,-4.512,3,9,2,1,0,0,0.03,0.004,200000
2856,5,-13.551,0,3,3,1,0,0,0.03,0.004,200000
2857,5,-13.421,0,4,2,1,0,0,0.03,0.004,200000
2858,5,-13.701,0,2,3,1,0,0,0.03,0.004,200000
2859,5,-13.451,0,4,3,1,0,0,0.03,0.004,200000
2860,400,10.359,6,18,6,0,0,1,0.03,0.004,200000
2861,400,10.084,5,15,6,0,0,1,0.03,0.004,200000
2862,400,3.323,2,9,5,0,0,1,0.03,0.004,200000
2863,400,24.695,15,36,1,0,0,1,0.03,0.004,200000
2864,400,29.341,18,43,4,0,0,1,0.03,0.004,200000
2865,400,33.116,29,69,96,0,0,1,0.03,0.004,200000
2866,400,-7.741,3,7,101,0,0,1,0.03,0.004,200000
2867,9,-10.96,0,5,0,1,0,0,0.03,0.004,200000
2868,37,-8.547,1,10,0,1,0,0,0.03,0.004,200000
2869,400,17.972,12,25,5,0,0,1,0.03,0.004,200000
2870,400,24.81,17,35,26,0,0,1,0.03,0.004,200000
2871,104,-6.11,4,14,3,1,0,0,0.03,0.004,200000
2872,400,1.509,10,21,112,0,0,1,0.03,0.004,200000
2873,74,-2.868,5,22,3,1,0,0,0.03,0.004,200000
2874,5,-13.551,0,3,3,1,0,0,0.03,0.004,200000
2875,400,27.02,14,41,2,0,0,1,0.03,0.004,200000
2876,23,-9.823,1,5,1,1,0,0,0.03,0.004,200000
2877,135,12.049,14,33,4,1,0,0,0.03,0.004,200000
2878,25,-8.907,2,9,1,1,0,0,0.03,0.004,200000
2879,40,-3.434,3,13,1,1,0,0,0.03,0.004,200000
2880,226,-9.081,3,5,4,1,0,0,0.03,0.004,200000
2881,315,3.841,8,25,5,1,0,0,0.03,0.004,200000
2882,23,-10.28,1,8,1,1,0,0,0.03,0.004,200000
2883,292,-14.059,6,12,110,1,0,0,0.03,0.004,200000
2884,400,-12.569,9,25,249,0,0,1,0.03,0.004,200000
2885,400,-0.569,12,36,185,0,0,1,0.03,0.004,200000
2886,17,-10.828,1,3,1,1,0,0,0.03,0.004,200000
2887,400,26.81,16,38,6,0,0,1,0.03,0.004,200000
2888,400,7.641,7,21,23,0,0,1,0.03,0.004,200000
2889,356,23.135,26,60,48,1,0,0,0.03,0.004,200000
2890,5,-13.601,0,3,3,1,0,0,0.03,0.004,200000
2891,210,-2.696,4,14,5,1,0,0,0.03,0.004,200000
2892,146,-11.272,1,3,5,1,0,0,0.03,0.004,200000
2893,400,9.17,6,13,5,0,0,1,0.03,0.004,200000
2894,400,18.858,10,28,6,0,0,1,0.03,0.004,200000
2895,400,6.696,8,15,46,0,0,1,0.03,0.004,200000
2896,400,7.271,3,17,19,0,0,1,0.03,0.004,200000
2897,142,-6.283,6,12,1,1,0,0,0.03,0.004,200000
2898,101,3.398,8,23,4,1,0,0,0.03,0.004,200000
2899,400,7.065,4,15,5,0,0,1,0.03,0.004,200000
2900,400,8.906,5,20,6,0,0,1,0.03,0.004,200000
2901,5,-13.191,0,4,1,1,0,0,0.03,0.004,200000
2902,400,3.781,1,12,6,0,0,1,0.03,0.004,200000
2903,5,-13.45,0,3,2,1,0,0,0.03,0.004,200000
2904,5,-13.774,0,3,4,1,0,0,0.03,0.004,200000
2905,149,11.792,13,36,4,1,0,0,0.03,0.004,200000
2906,400,20.769,18,48,94,0,0,1,0.03,0.004,200000
2907,5,-13.724,0,3,4,1,0,0,0.03,0.004,200000
2908,236,-9.224,3,5,5,1,0,0,0.03,0.004,200000
2909,400,29.724,18,42,2,0,0,1,0.03,0.004,200000
2910,189,16.447,18,31,3,1,0,0,0.03,0.004,200000
2911,400,39.663,25,60,5,0,0,1,0.03,0.004,200000
2912,400,16.94,12,25,2,0,0,1,0.03,0.004,200000
2913,255,15.748,16,40,8,1,0,0,0.03,0.004,200000
2914,400,6.004,7,21,7,0,0,1,0.03,0.004,200000
2915,399,-4.765,5,14,7,1,0,0,0.03,0.004,200000
2916,400,1.021,0,5,5,0,0,1,0.03,0.004,200000
2917,337,25.097,22,51,4,1,0,0,0.03,0.004,200000
2918,29,-8.489,2,10,2,1,0,0,0.03,0.004,200000
2919,400,8.879,6,17,8,0,0,1,0.03,0.004,200000
2920,400,11.305,8,23,10,0,0,1,0.03,0.004,200000
2921,41,-4.747,3,9,0,1,0,0,0.03,0.004,200000
2922,256,36.661,29,61,1,1,0,0,0.03,0.004,200000
2923,400,-0.936,0,4,5,0,0,1,0.03,0.004,200000
2924,400,25.354,15,35,2,0,0,1,0.03,0.004,200000
2925,5,-13.921,0,1,4,1,0,0,0.03,0.004,200000
2926,400,26.088,17,37,2,0,0,1,0.03,0.004,200000
2927,5,-14.174,0,2,4,1,0,0,0.03,0.004,200000
2928,400,9.318,8,19,2,0,0,1,0.03,0.004,200000
2929,67,-5.803,4,19,3,1,0,0,0.03,0.004,200000
2930,400,24.418,16,29,4,0,0,1,0.03,0.004,200000
2931,400,24.011,15,38,4,0,0,1,0.03,0.004,200000
2932,400,12.063,7,17,7,0,0,1,0.03,0.004,200000
2933,400,21.131,13,33,3,0,0,1,0.03,0.004,200000
2934,111,-6.613,3,5,4,1,0,0,0.03,0.004,200000
2935,400,28.497,20,52,2,0,0,1,0.03,0.004,200000
2936,5,-13.874,0,2,4,1,0,0,0.03,0.004,200000
2937,61,-5.948,3,19,1,1,0,0,0.03,0.004,200000
2938,400,22.068,15,35,6,0,0,1,0.03,0.004,200000
2939,400,20.975,15,25,4,0,0,1,0.03,0.004,200000
2940,400,7.816,6,21,1,0,0,1,0.03,0.004,200000
2941,400,46.313,30,64,5,0,0,1,0.03,0.004,200000
2942,5,-13.924,0,1,4,1,0,0,0.03,0.004,200000
2943,17,-7.196,1,5,0,1,0,0,0.03,0.004,200000
2944,400,41.292,28,64,4,0,0,1,0.03,0.004,200000
2945,400,-1.607,2,8,4,0,0,1,0.03,0.004,200000
2946,400,22.69,15,47,8,0,0,1,0.03,0.004,200000
2947,202,-7.268,3,5,3,1,0,0,0.03,0.004,200000
2948,400,43.109,28,60,3,0,0,1,0.03,0.004,200000
2949,335,14.383,16,29,3,1,0,0,0.03,0.004,200000
2950,400,10.583,6,17,6,0,0,1,0.03,0.004,200000
2951,400,21.505,11,32,6,0,0,1,0.03,0.004,200000
2952,400,2.036,3,13,10,0,0,1,0.03,0.004,200000
2953,300,-5.436,5,19,7,1,0,0,0.03,0.004,200000
2954,309,7.749,10,24,4,1,0,0,0.03,0.004,200000
2955,400,18.907,15,33,2,0,0,1,0.03,0.004,200000
2956,400,16.692,15,35,2,0,0,1,0.03,0.004,200000
2957,400,12.451,9,23,6,0,0,1,0.03,0.004,200000
2958,171,-0.606,8,18,3,1,0,0,0.03,0.004,200000
2959,127,6.349,12,33,2,1,0,0,0.03,0.004,200000
2960,400,1.18,3,7,6,0,0,1,0.03,0.004,200000
2961,400,26.582,18,40,3,0,0,1,0.03,0.004,200000
2962,5,-13.551,0,4,3,1,0,0,0.03,0.004,200000
2963,400,11.07,6,16,5,0,0,1,0.03,0.004,200000
2964,400,31.145,20,41,9,0,0,1,0.03,0.004,200000
2965,29,-9.349,1,5,0,1,0,0,0.03,0.004,200000
2966,400,36.956,24,52,6,0,0,1,0.03,0.004,200000
2967,5,-13.651,0,2,3,1,0,0,0.03,0.004,200000
2968,125,4.954,9,23,2,1,0,0,0.03,0.004,200000
2969,243,24.143,23,63,5,1,0,0,0.03,0.004,200000
2970,400,18.857,15,32,3,0,0,1,0.03,0.004,200000
2971,400,8.458,5,8,0,0,0,1,0.03,0.004,200000
2972,146,12.507,15,32,5,1,0,0,0.03,0.004,200000
2973,400,6.98,3,16,5,0,0,1,0.03,0.004,200000
2974,165,-8.503,2,6,4,1,0,0,0.03,0.004,200000
2975,400,15.888,15,40,3,0,0,1,0.03,0.004,200000
2976,400,1.677,7,16,6,0,0,1,0.03,0.004,200000
2977,400,19.088,11,36,3,0,0,1,0.03,0.004,200000
2978,69,0.158,8,20,2,1,0,0,0.03,0.004,200000
2979,30,-10.396,0,10,1,1,0,0,0.03,0.004,200000
2980,400,6.441,3,13,4,0,0,1,0.03,0.004,200000
2981,82,1.916,9,24,2,1,0,0,0.03,0.004,200000
2982,400,17.951,14,34,5,0,0,1,0.03,0.004,200000
2983,400,36.631,22,57,6,0,0,1,0.03,0.004,200000
2984,376,20.929,20,64,10,1,0,0,0.03,0.004,200000
2985,151,-9.965,0,1,3,1,0,0,0.03,0.004,200000
2986,180,8.72,11,31,2,1,0,0,0.03,0.004,200000
2987,72,-3.264,5,20,3,1,0,0,0.03,0.004,200000
2988,400,10.52,8,27,6,0,0,1,0.03,0.004,200000
2989,263,-7.159,4,14,10,1,0,0,0.03,0.004,200000
2990,152,-12.543,0,3,3,1,0,0,0.03,0.004,200000
2991,89,-7.871,1,4,1,1,0,0,0.03,0.004,200000
2992,400,11.534,9,20,3,0,0,1,0.03,0.004,200000
2993,176,-0.146,5,17,1,1,0,0,0.03,0.004,200000
2994,400,4.628,4,16,2,0,0,1,0.03,0.004,200000
2995,400,21.11,12,34,4,0,0,1,0.03,0.004,200000
2996,30,-8.852,2,9,2,1,0,0,0.03,0.004,200000
2997,400,25.683,18,34,7,0,0,1,0.03,0.004,200000
2998,30,-8.66,3,7,2,1,0,0,0.03,0.004,200000
2999,43,-6.639,3,10,1,1,0,0,0.03,0.004,200000
3000,400,41.88,28,61,8,0,0,1,0.03,0.004,200000
