episode,steps,total_reward,coins,crates,invalid,killed_self,killed_opponents,survived,epsilon,alpha,buffer
1,5,-14.897,0,4,3,1,0,0,1.0,0.02,5
2,17,-13.032,0,4,6,1,0,0,1.0,0.02,22
3,6,-14.256,0,2,4,1,0,0,0.999,0.02,28
4,11,-11.854,0,3,3,1,0,0,0.999,0.02,39
5,6,-13.108,0,3,4,1,0,0,0.998,0.02,45
6,9,-13.071,0,3,4,1,0,0,0.998,0.02,54
7,18,-14.124,0,3,6,1,0,0,0.997,0.02,72
8,20,-15.982,0,4,7,1,0,0,0.997,0.0199,92
9,26,-16.221,0,5,10,1,0,0,0.996,0.0199,118
10,17,-14.982,0,3,9,1,0,0,0.996,0.0199,135
11,12,-13.844,0,4,5,1,0,0,0.995,0.0199,147
12,25,-15.836,0,3,15,1,0,0,0.995,0.0199,172
13,5,-14.63,0,2,3,1,0,0,0.994,0.0199,177
14,14,-15.221,0,2,8,1,0,0,0.994,0.0199,191
15,12,-15.282,0,2,5,1,0,0,0.993,0.0199,203
16,9,-15.022,0,3,3,1,0,0,0.993,0.0199,212
17,9,-14.886,0,2,5,1,0,0,0.992,0.0199,221
18,21,-15.828,0,2,13,1,0,0,0.992,0.0199,242
19,8,-14.893,0,3,5,1,0,0,0.991,0.0199,250
20,15,-16.203,0,3,8,1,0,0,0.991,0.0198,265
21,8,-14.727,0,2,4,1,0,0,0.991,0.0198,273
22,7,-11.545,0,2,1,1,0,0,0.99,0.0198,280
23,23,-15.691,0,2,12,1,0,0,0.99,0.0198,303
24,21,-14.056,0,5,14,1,0,0,0.989,0.0198,324
25,7,-14.357,0,3,1,1,0,0,0.989,0.0198,331
26,9,-14.81,0,3,7,1,0,0,0.988,0.0198,340
27,16,-15.055,0,3,7,1,0,0,0.988,0.0198,356
28,5,-14.995,0,3,3,1,0,0,0.987,0.0198,361
29,14,-15.095,0,3,9,1,0,0,0.987,0.0198,375
30,11,-12.984,0,3,6,1,0,0,0.986,0.0198,386
31,20,-15.615,0,3,11,1,0,0,0.986,0.0198,406
32,13,-12.044,0,2,4,1,0,0,0.985,0.0198,419
33,13,-15.005,0,2,6,1,0,0,0.985,0.0197,432
34,5,-14.919,0,4,3,1,0,0,0.984,0.0197,437
35,14,-15.038,0,2,7,1,0,0,0.984,0.0197,451
36,6,-14.524,0,3,3,1,0,0,0.983,0.0197,457
37,5,-13.272,0,4,2,1,0,0,0.983,0.0197,462
38,19,-15.415,0,2,9,1,0,0,0.982,0.0197,481
39,10,-14.198,0,3,4,1,0,0,0.982,0.0197,491
40,8,-15.585,0,3,3,1,0,0,0.981,0.0197,499
41,22,-15.501,0,2,10,1,0,0,0.981,0.0197,521
42,40,-15.675,0,4,11,1,0,0,0.981,0.0197,561
43,6,-13.381,0,4,3,1,0,0,0.98,0.0197,567
44,21,-16.378,0,3,8,1,0,0,0.98,0.0197,588
45,10,-14.54,0,2,7,1,0,0,0.979,0.0196,598
46,11,-15.306,0,4,5,1,0,0,0.979,0.0196,609
47,5,-13.825,0,3,3,1,0,0,0.978,0.0196,614
48,16,-14.67,0,2,8,1,0,0,0.978,0.0196,630
49,11,-14.929,0,3,7,1,0,0,0.977,0.0196,641
50,20,-15.639,0,0,7,1,0,0,0.977,0.0196,661
51,5,-13.102,0,1,2,1,0,0,0.976,0.0196,666
52,6,-13.63,0,1,2,1,0,0,0.976,0.0196,672
53,10,-14.924,0,1,5,1,0,0,0.975,0.0196,682
54,9,-14.917,0,2,5,1,0,0,0.975,0.0196,691
55,7,-12.943,0,2,2,1,0,0,0.974,0.0196,698
56,8,-14.718,0,2,5,1,0,0,0.974,0.0196,706
57,20,-16.142,0,1,11,1,0,0,0.973,0.0196,726
58,5,-14.051,0,2,3,1,0,0,0.973,0.0195,731
59,5,-13.572,0,1,2,1,0,0,0.972,0.0195,736
60,5,-14.095,0,2,3,1,0,0,0.972,0.0195,741
61,5,-15.392,0,4,3,1,0,0,0.972,0.0195,746
62,22,-15.596,0,6,11,1,0,0,0.971,0.0195,768
63,7,-12.934,0,3,2,1,0,0,0.971,0.0195,775
64,8,-13.854,0,3,2,1,0,0,0.97,0.0195,783
65,8,-15.727,0,4,5,1,0,0,0.97,0.0195,791
66,12,-13.371,0,0,6,1,0,0,0.969,0.0195,803
67,5,-14.419,0,2,3,1,0,0,0.969,0.0195,808
68,7,-15.227,0,2,4,1,0,0,0.968,0.0195,815
69,14,-13.439,0,2,6,1,0,0,0.968,0.0195,829
70,8,-14.837,0,3,6,1,0,0,0.967,0.0194,837
71,19,-14.697,0,3,9,1,0,0,0.967,0.0194,856
72,11,-13.29,0,2,4,1,0,0,0.966,0.0194,867
73,7,-14.36,0,3,5,1,0,0,0.966,0.0194,874
74,7,-14.287,0,2,4,1,0,0,0.965,0.0194,881
75,21,-14.427,0,5,12,1,0,0,0.965,0.0194,902
76,28,-14.447,0,3,14,1,0,0,0.964,0.0194,930
77,7,-11.431,0,2,2,1,0,0,0.964,0.0194,937
78,10,-12.994,0,3,3,1,0,0,0.963,0.0194,947
79,9,-13.462,0,2,6,1,0,0,0.963,0.0194,956
80,5,-14.917,0,3,2,1,0,0,0.962,0.0194,961
81,5,-13.845,0,2,1,1,0,0,0.962,0.0194,966
82,7,-15.138,0,2,4,1,0,0,0.962,0.0194,973
83,7,-14.214,0,3,5,1,0,0,0.961,0.0193,980
84,31,-15.27,0,3,10,1,0,0,0.961,0.0193,1011
85,17,-15.179,0,2,7,1,0,0,0.96,0.0193,1028
86,5,-14.934,0,4,3,1,0,0,0.96,0.0193,1033
87,27,-16.19,0,3,14,1,0,0,0.959,0.0193,1060
88,8,-13.715,0,3,5,1,0,0,0.959,0.0193,1068
89,5,-13.46,0,3,2,1,0,0,0.958,0.0193,1073
90,9,-15.025,0,4,4,1,0,0,0.958,0.0193,1082
91,32,-16.43,0,4,17,1,0,0,0.957,0.0193,1114
92,11,-15.017,0,2,6,1,0,0,0.957,0.0193,1125
93,5,-13.675,0,1,3,1,0,0,0.956,0.0193,1130
94,10,-14.81,0,3,6,1,0,0,0.956,0.0193,1140
95,22,-15.634,0,3,12,1,0,0,0.955,0.0192,1162
96,14,-14.002,0,3,6,1,0,0,0.955,0.0192,1176
97,6,-13.945,0,1,4,1,0,0,0.954,0.0192,1182
98,17,-13.589,0,3,8,1,0,0,0.954,0.0192,1199
99,7,-14.748,0,1,4,1,0,0,0.953,0.0192,1206
100,7,-11.93,0,6,3,1,0,0,0.953,0.0192,1213
101,27,-13.444,0,4,11,1,0,0,0.953,0.0192,1240
102,16,-15.197,0,1,7,1,0,0,0.952,0.0192,1256
103,9,-14.04,0,3,3,1,0,0,0.952,0.0192,1265
104,7,-13.723,0,3,5,1,0,0,0.951,0.0192,1272
105,21,-14.969,0,3,7,1,0,0,0.951,0.0192,1293
106,5,-15.065,0,3,3,1,0,0,0.95,0.0192,1298
107,5,-15.416,0,3,2,1,0,0,0.95,0.0192,1303
108,6,-13.575,0,3,3,1,0,0,0.949,0.0191,1309
109,6,-15.454,0,4,3,1,0,0,0.949,0.0191,1315
110,5,-14.867,0,3,2,1,0,0,0.948,0.0191,1320
111,5,-14.989,0,2,2,1,0,0,0.948,0.0191,1325
112,6,-14.427,0,3,2,1,0,0,0.947,0.0191,1331
113,6,-13.126,0,2,3,1,0,0,0.947,0.0191,1337
114,7,-12.612,0,2,3,1,0,0,0.946,0.0191,1344
115,7,-14.622,0,2,3,1,0,0,0.946,0.0191,1351
116,8,-14.649,0,1,3,1,0,0,0.945,0.0191,1359
117,8,-12.064,0,2,4,1,0,0,0.945,0.0191,1367
118,21,-15.304,0,3,10,1,0,0,0.944,0.0191,1388
119,17,-13.492,0,4,4,1,0,0,0.944,0.0191,1405
120,5,-14.62,0,2,4,1,0,0,0.943,0.019,1410
121,6,-13.644,0,4,4,1,0,0,0.943,0.019,1416
122,7,-14.001,0,3,4,1,0,0,0.943,0.019,1423
123,5,-13.452,0,3,3,1,0,0,0.942,0.019,1428
124,10,-14.167,0,2,3,1,0,0,0.942,0.019,1438
125,5,-15.551,0,2,3,1,0,0,0.941,0.019,1443
126,6,-12.402,0,3,2,1,0,0,0.941,0.019,1449
127,5,-13.764,0,2,1,1,0,0,0.94,0.019,1454
128,17,-15.06,0,3,8,1,0,0,0.94,0.019,1471
129,6,-14.699,0,3,4,1,0,0,0.939,0.019,1477
130,13,-14.704,0,5,7,1,0,0,0.939,0.019,1490
131,5,-14.11,0,4,4,1,0,0,0.938,0.019,1495
132,8,-14.131,0,3,4,1,0,0,0.938,0.019,1503
133,11,-14.78,0,3,4,1,0,0,0.937,0.0189,1514
134,11,-15.2,0,1,6,1,0,0,0.937,0.0189,1525
135,5,-14.997,0,3,3,1,0,0,0.936,0.0189,1530
136,9,-14.781,0,3,6,1,0,0,0.936,0.0189,1539
137,14,-14.256,0,2,4,1,0,0,0.935,0.0189,1553
138,8,-13.017,0,3,4,1,0,0,0.935,0.0189,1561
139,21,-14.861,0,3,11,1,0,0,0.934,0.0189,1582
140,6,-15.139,0,2,4,1,0,0,0.934,0.0189,1588
141,16,-15.592,0,3,12,1,0,0,0.933,0.0189,1604
142,8,-15.033,0,4,4,1,0,0,0.933,0.0189,1612
143,7,-15.088,0,3,3,1,0,0,0.933,0.0189,1619
144,17,-15.848,0,5,11,1,0,0,0.932,0.0189,1636
145,10,-12.77,0,3,6,1,0,0,0.932,0.0188,1646
146,5,-14.772,0,4,2,1,0,0,0.931,0.0188,1651
147,10,-14.251,0,2,4,1,0,0,0.931,0.0188,1661
148,7,-13.282,0,1,5,1,0,0,0.93,0.0188,1668
149,7,-15.411,0,4,3,1,0,0,0.93,0.0188,1675
150,28,-16.53,0,2,16,1,0,0,0.929,0.0188,1703
151,9,-13.65,0,2,4,1,0,0,0.929,0.0188,1712
152,5,-14.767,0,4,2,1,0,0,0.928,0.0188,1717
153,52,-18.576,0,10,25,1,0,0,0.928,0.0188,1769
154,16,-15.185,0,3,8,1,0,0,0.927,0.0188,1785
155,6,-14.484,0,4,2,1,0,0,0.927,0.0188,1791
156,37,-15.784,0,7,14,1,0,0,0.926,0.0188,1828
157,13,-16.48,0,3,6,1,0,0,0.926,0.0188,1841
158,10,-14.535,0,2,4,1,0,0,0.925,0.0187,1851
159,7,-15.088,0,3,3,1,0,0,0.925,0.0187,1858
160,6,-14.689,0,2,5,1,0,0,0.924,0.0187,1864
161,20,-13.925,0,2,9,1,0,0,0.924,0.0187,1884
162,6,-12.978,0,3,3,1,0,0,0.924,0.0187,1890
163,14,-15.733,0,2,7,1,0,0,0.923,0.0187,1904
164,13,-16.139,0,2,7,1,0,0,0.923,0.0187,1917
165,5,-13.894,0,3,2,1,0,0,0.922,0.0187,1922
166,38,-13.435,0,3,14,1,0,0,0.922,0.0187,1960
167,6,-14.96,0,3,1,1,0,0,0.921,0.0187,1966
168,10,-9.978,0,2,2,1,0,0,0.921,0.0187,1976
169,5,-14.052,0,2,3,1,0,0,0.92,0.0187,1981
170,10,-12.61,0,3,4,1,0,0,0.92,0.0186,1991
171,5,-15.342,0,4,3,1,0,0,0.919,0.0186,1996
172,7,-14.523,0,3,4,1,0,0,0.919,0.0186,2003
173,11,-14.139,0,3,4,1,0,0,0.918,0.0186,2014
174,10,-15.276,0,2,5,1,0,0,0.918,0.0186,2024
175,13,-12.948,0,6,4,1,0,0,0.917,0.0186,2037
176,12,-13.093,0,1,5,1,0,0,0.917,0.0186,2049
177,7,-13.047,0,3,4,1,0,0,0.916,0.0186,2056
178,26,-15.699,0,5,13,1,0,0,0.916,0.0186,2082
179,15,-15.965,0,3,6,1,0,0,0.915,0.0186,2097
180,10,-15.997,0,3,6,1,0,0,0.915,0.0186,2107
181,18,-15.545,0,5,9,1,0,0,0.914,0.0186,2125
182,13,-14.934,0,2,4,1,0,0,0.914,0.0186,2138
183,8,-15.227,0,3,5,1,0,0,0.914,0.0185,2146
184,19,-14.171,0,5,6,1,0,0,0.913,0.0185,2165
185,8,-14.678,0,3,4,1,0,0,0.913,0.0185,2173
186,8,-13.616,0,3,2,1,0,0,0.912,0.0185,2181
187,12,-12.75,0,3,6,1,0,0,0.912,0.0185,2193
188,5,-14.867,0,3,2,1,0,0,0.911,0.0185,2198
189,5,-15.02,0,3,3,1,0,0,0.911,0.0185,2203
190,19,-14.415,0,5,9,1,0,0,0.91,0.0185,2222
191,10,-15.282,0,3,5,1,0,0,0.91,0.0185,2232
192,5,-14.836,0,3,1,1,0,0,0.909,0.0185,2237
193,8,-15.134,0,3,5,1,0,0,0.909,0.0185,2245
194,6,-13.235,0,3,2,1,0,0,0.908,0.0185,2251
195,20,-12.507,0,2,5,1,0,0,0.908,0.0184,2271
196,16,-14.805,0,5,5,1,0,0,0.907,0.0184,2287
197,7,-12.019,0,1,1,1,0,0,0.907,0.0184,2294
198,7,-14.935,0,3,2,1,0,0,0.906,0.0184,2301
199,10,-14.602,0,3,5,1,0,0,0.906,0.0184,2311
200,5,-14.735,0,4,1,1,0,0,0.905,0.0184,2316
201,5,-13.44,0,4,3,1,0,0,0.905,0.0184,2321
202,5,-15.271,0,4,2,1,0,0,0.905,0.0184,2326
203,9,-14.902,0,3,7,1,0,0,0.904,0.0184,2335
204,10,-14.442,0,4,6,1,0,0,0.904,0.0184,2345
205,10,-14.7,0,2,3,1,0,0,0.903,0.0184,2355
206,5,-15.44,0,3,2,1,0,0,0.903,0.0184,2360
207,19,-15.535,0,6,14,1,0,0,0.902,0.0184,2379
208,11,-11.794,0,2,5,1,0,0,0.902,0.0183,2390
209,5,-13.891,0,4,3,1,0,0,0.901,0.0183,2395
210,10,-14.782,0,3,5,1,0,0,0.901,0.0183,2405
211,6,-15.581,0,2,3,1,0,0,0.9,0.0183,2411
212,6,-15.699,0,3,4,1,0,0,0.9,0.0183,2417
213,20,-15.467,0,2,9,1,0,0,0.899,0.0183,2437
214,7,-14.75,0,1,4,1,0,0,0.899,0.0183,2444
215,8,-10.711,0,2,2,1,0,0,0.898,0.0183,2452
216,11,-14.786,0,2,3,1,0,0,0.898,0.0183,2463
217,11,-15.043,0,3,5,1,0,0,0.897,0.0183,2474
218,6,-14.046,0,2,2,1,0,0,0.897,0.0183,2480
219,18,-14.304,0,3,9,1,0,0,0.896,0.0183,2498
220,13,-12.366,0,3,5,1,0,0,0.896,0.0182,2511
221,7,-13.705,0,3,3,1,0,0,0.895,0.0182,2518
222,14,-15.772,0,2,7,1,0,0,0.895,0.0182,2532
223,7,-14.13,0,3,4,1,0,0,0.895,0.0182,2539
224,8,-14.626,0,3,4,1,0,0,0.894,0.0182,2547
225,8,-14.266,0,2,5,1,0,0,0.894,0.0182,2555
226,6,-15.314,0,4,1,1,0,0,0.893,0.0182,2561
227,11,-13.104,0,3,4,1,0,0,0.893,0.0182,2572
228,16,-15.666,0,5,8,1,0,0,0.892,0.0182,2588
229,10,-13.267,0,3,6,1,0,0,0.892,0.0182,2598
230,6,-12.968,0,2,1,1,0,0,0.891,0.0182,2604
231,6,-15.43,0,4,3,1,0,0,0.891,0.0182,2610
232,19,-15.049,0,2,11,1,0,0,0.89,0.0182,2629
233,26,-15.579,0,1,16,1,0,0,0.89,0.0181,2655
234,5,-14.846,0,4,3,1,0,0,0.889,0.0181,2660
235,6,-14.85,0,4,2,1,0,0,0.889,0.0181,2666
236,5,-13.274,0,4,3,1,0,0,0.888,0.0181,2671
237,29,-15.648,0,3,16,1,0,0,0.888,0.0181,2700
238,10,-14.786,0,2,4,1,0,0,0.887,0.0181,2710
239,8,-13.303,0,2,5,1,0,0,0.887,0.0181,2718
240,6,-12.432,0,3,3,1,0,0,0.886,0.0181,2724
241,16,-15.462,0,2,9,1,0,0,0.886,0.0181,2740
242,15,-15.332,0,3,11,1,0,0,0.886,0.0181,2755
243,38,-15.784,0,9,13,1,0,0,0.885,0.0181,2793
244,7,-13.893,0,2,5,1,0,0,0.885,0.0181,2800
245,10,-15.002,0,3,4,1,0,0,0.884,0.018,2810
246,19,-16.312,0,4,10,1,0,0,0.884,0.018,2829
247,8,-14.629,0,3,5,1,0,0,0.883,0.018,2837
248,6,-13.66,0,2,4,1,0,0,0.883,0.018,2843
249,12,-14.435,0,2,6,1,0,0,0.882,0.018,2855
250,13,-16.066,0,3,6,1,0,0,0.882,0.018,2868
251,7,-14.517,0,3,3,1,0,0,0.881,0.018,2875
252,17,-14.992,0,2,9,1,0,0,0.881,0.018,2892
253,15,-14.859,0,2,10,1,0,0,0.88,0.018,2907
254,10,-15.218,0,3,5,1,0,0,0.88,0.018,2917
255,7,-15.645,0,3,4,1,0,0,0.879,0.018,2924
256,17,-16.404,0,4,11,1,0,0,0.879,0.018,2941
257,11,-15.837,0,2,4,1,0,0,0.878,0.018,2952
258,5,-15.29,0,4,2,1,0,0,0.878,0.0179,2957
259,18,-13.795,0,4,6,1,0,0,0.877,0.0179,2975
260,6,-13.315,0,4,1,1,0,0,0.877,0.0179,2981
261,9,-13.148,0,5,2,1,0,0,0.877,0.0179,2990
262,7,-14.447,0,3,3,1,0,0,0.876,0.0179,2997
263,6,-15.03,0,3,3,1,0,0,0.876,0.0179,3003
264,15,-15.089,0,2,6,1,0,0,0.875,0.0179,3018
265,7,-15.993,0,2,6,1,0,0,0.875,0.0179,3025
266,29,-14.61,0,3,12,1,0,0,0.874,0.0179,3054
267,6,-15.05,0,2,2,1,0,0,0.874,0.0179,3060
268,8,-16.221,0,1,2,1,0,0,0.873,0.0179,3068
269,13,-14.465,0,3,6,1,0,0,0.873,0.0179,3081
270,7,-15.58,0,4,5,1,0,0,0.872,0.0178,3088
271,5,-14.867,0,3,2,1,0,0,0.872,0.0178,3093
272,5,-15.336,0,3,1,1,0,0,0.871,0.0178,3098
273,5,-15.397,0,4,3,1,0,0,0.871,0.0178,3103
274,34,-15.87,0,5,18,1,0,0,0.87,0.0178,3137
275,5,-15.316,0,4,2,1,0,0,0.87,0.0178,3142
276,17,-13.101,0,6,6,1,0,0,0.869,0.0178,3159
277,8,-14.152,0,2,3,1,0,0,0.869,0.0178,3167
278,9,-14.19,0,2,3,1,0,0,0.868,0.0178,3176
279,13,-16.044,0,4,7,1,0,0,0.868,0.0178,3189
280,8,-15.069,0,2,3,1,0,0,0.867,0.0178,3197
281,9,-12.735,0,2,6,1,0,0,0.867,0.0178,3206
282,5,-14.939,0,3,3,1,0,0,0.867,0.0178,3211
283,61,-18.304,0,5,33,1,0,0,0.866,0.0177,3272
284,12,-14.246,0,2,3,1,0,0,0.866,0.0177,3284
285,7,-15.233,0,3,4,1,0,0,0.865,0.0177,3291
286,21,-15.105,0,3,11,1,0,0,0.865,0.0177,3312
287,14,-15.337,0,3,9,1,0,0,0.864,0.0177,3326
288,5,-14.967,0,2,2,1,0,0,0.864,0.0177,3331
289,12,-14.443,0,2,6,1,0,0,0.863,0.0177,3343
290,17,-13.53,0,3,8,1,0,0,0.863,0.0177,3360
291,15,-13.917,0,3,8,1,0,0,0.862,0.0177,3375
292,9,-13.89,0,3,5,1,0,0,0.862,0.0177,3384
293,12,-14.062,0,2,6,1,0,0,0.861,0.0177,3396
294,21,-15.528,0,0,8,1,0,0,0.861,0.0177,3417
295,16,-12.286,0,6,4,1,0,0,0.86,0.0176,3433
296,5,-13.481,0,4,3,1,0,0,0.86,0.0176,3438
297,14,-12.517,0,3,6,1,0,0,0.859,0.0176,3452
298,5,-15.441,0,4,3,1,0,0,0.859,0.0176,3457
299,15,-16.148,0,4,8,1,0,0,0.858,0.0176,3472
300,11,-14.191,0,2,4,1,0,0,0.858,0.0176,3483
301,10,-12.771,0,3,6,1,0,0,0.858,0.0176,3493
302,9,-13.931,0,3,4,1,0,0,0.857,0.0176,3502
303,19,-14.117,0,3,11,1,0,0,0.857,0.0176,3521
304,15,-14.643,0,2,8,1,0,0,0.856,0.0176,3536
305,17,-12.602,0,2,6,1,0,0,0.856,0.0176,3553
306,22,-15.348,0,3,12,1,0,0,0.855,0.0176,3575
307,9,-12.539,0,2,3,1,0,0,0.855,0.0176,3584
308,34,-16.712,0,1,18,1,0,0,0.854,0.0175,3618
309,11,-13.216,0,3,6,1,0,0,0.854,0.0175,3629
310,11,-14.763,0,3,5,1,0,0,0.853,0.0175,3640
311,6,-13.976,0,4,3,1,0,0,0.853,0.0175,3646
312,5,-14.074,0,3,2,1,0,0,0.852,0.0175,3651
313,14,-15.241,0,3,5,1,0,0,0.852,0.0175,3665
314,6,-14.524,0,3,3,1,0,0,0.851,0.0175,3671
315,9,-14.035,0,3,3,1,0,0,0.851,0.0175,3680
316,16,-13.864,0,4,4,1,0,0,0.85,0.0175,3696
317,10,-15.86,0,4,6,1,0,0,0.85,0.0175,3706
318,6,-14.219,0,2,3,1,0,0,0.849,0.0175,3712
319,6,-13.51,0,3,3,1,0,0,0.849,0.0175,3718
320,9,-14.0,0,3,3,1,0,0,0.848,0.0174,3727
321,21,-14.583,0,3,13,1,0,0,0.848,0.0174,3748
322,16,-15.192,0,3,8,1,0,0,0.848,0.0174,3764
323,19,-14.992,0,3,9,1,0,0,0.847,0.0174,3783
324,13,-14.511,0,4,8,1,0,0,0.847,0.0174,3796
325,32,-17.962,0,3,18,1,0,0,0.846,0.0174,3828
326,11,-14.002,0,4,4,1,0,0,0.846,0.0174,3839
327,10,-14.667,0,1,5,1,0,0,0.845,0.0174,3849
328,11,-14.399,0,2,6,1,0,0,0.845,0.0174,3860
329,13,-14.732,0,5,7,1,0,0,0.844,0.0174,3873
330,11,-14.895,0,3,6,1,0,0,0.844,0.0174,3884
331,7,-12.02,0,1,2,1,0,0,0.843,0.0174,3891
332,18,-15.839,0,3,12,1,0,0,0.843,0.0174,3909
333,23,-15.777,0,5,9,1,0,0,0.842,0.0173,3932
334,32,-16.311,0,5,15,1,0,0,0.842,0.0173,3964
335,9,-13.117,0,3,3,1,0,0,0.841,0.0173,3973
336,5,-15.497,0,3,3,1,0,0,0.841,0.0173,3978
337,7,-11.567,0,1,0,1,0,0,0.84,0.0173,3985
338,21,-14.246,0,2,7,1,0,0,0.84,0.0173,4006
339,12,-14.556,0,6,6,1,0,0,0.839,0.0173,4018
340,10,-14.009,0,5,5,1,0,0,0.839,0.0173,4028
341,6,-12.948,0,3,2,1,0,0,0.839,0.0173,4034
342,6,-15.175,0,2,3,1,0,0,0.838,0.0173,4040
343,5,-13.771,0,4,2,1,0,0,0.838,0.0173,4045
344,21,-16.198,0,2,8,1,0,0,0.837,0.0173,4066
345,5,-15.402,0,3,3,1,0,0,0.837,0.0172,4071
346,18,-15.272,0,3,9,1,0,0,0.836,0.0172,4089
347,6,-13.108,0,3,4,1,0,0,0.836,0.0172,4095
348,8,-15.395,0,3,5,1,0,0,0.835,0.0172,4103
349,6,-13.55,0,4,4,1,0,0,0.835,0.0172,4109
350,6,-15.002,0,2,2,1,0,0,0.834,0.0172,4115
351,6,-14.1,0,1,2,1,0,0,0.834,0.0172,4121
352,9,-14.746,0,3,5,1,0,0,0.833,0.0172,4130
353,5,-15.452,0,3,3,1,0,0,0.833,0.0172,4135
354,8,-14.739,0,2,5,1,0,0,0.832,0.0172,4143
355,17,-13.961,0,8,8,1,0,0,0.832,0.0172,4160
356,6,-13.245,0,2,4,1,0,0,0.831,0.0172,4166
357,22,-14.943,0,5,10,1,0,0,0.831,0.0172,4188
358,5,-15.372,0,3,2,1,0,0,0.83,0.0171,4193
359,11,-14.112,0,3,3,1,0,0,0.83,0.0171,4204
360,38,-15.821,0,4,18,1,0,0,0.829,0.0171,4242
361,9,-14.091,0,2,2,1,0,0,0.829,0.0171,4251
362,12,-14.413,0,1,4,1,0,0,0.829,0.0171,4263
363,5,-13.272,0,4,2,1,0,0,0.828,0.0171,4268
364,73,-17.12,0,10,31,1,0,0,0.828,0.0171,4341
365,6,-14.623,0,2,3,1,0,0,0.827,0.0171,4347
366,26,-16.063,0,5,12,1,0,0,0.827,0.0171,4373
367,5,-14.937,0,2,1,1,0,0,0.826,0.0171,4378
368,18,-12.699,0,5,7,1,0,0,0.826,0.0171,4396
369,7,-14.296,0,4,1,1,0,0,0.825,0.0171,4403
370,18,-14.748,0,2,5,1,0,0,0.825,0.017,4421
371,16,-14.79,0,4,6,1,0,0,0.824,0.017,4437
372,9,-13.865,0,0,6,1,0,0,0.824,0.017,4446
373,21,-15.938,0,3,10,1,0,0,0.823,0.017,4467
374,5,-15.917,0,3,2,1,0,0,0.823,0.017,4472
375,10,-15.297,0,3,6,1,0,0,0.822,0.017,4482
376,8,-12.666,0,3,5,1,0,0,0.822,0.017,4490
377,20,-15.175,0,3,10,1,0,0,0.821,0.017,4510
378,9,-14.9,0,2,4,1,0,0,0.821,0.017,4519
379,11,-14.489,0,2,6,1,0,0,0.82,0.017,4530
380,34,-14.124,0,5,13,1,0,0,0.82,0.017,4564
381,19,-14.805,0,2,4,1,0,0,0.82,0.017,4583
382,15,-14.353,0,3,5,1,0,0,0.819,0.017,4598
383,10,-15.155,0,4,4,1,0,0,0.819,0.0169,4608
384,8,-12.481,0,2,2,1,0,0,0.818,0.0169,4616
385,20,-13.733,0,6,12,1,0,0,0.818,0.0169,4636
386,12,-15.007,0,3,7,1,0,0,0.817,0.0169,4648
387,32,-16.628,0,7,13,1,0,0,0.817,0.0169,4680
388,10,-13.338,0,1,5,1,0,0,0.816,0.0169,4690
389,5,-13.815,0,4,2,1,0,0,0.816,0.0169,4695
390,54,-16.546,0,9,20,1,0,0,0.815,0.0169,4749
391,9,-15.369,0,4,2,1,0,0,0.815,0.0169,4758
392,14,-13.668,0,2,8,1,0,0,0.814,0.0169,4772
393,19,-12.721,0,3,5,1,0,0,0.814,0.0169,4791
394,9,-14.186,0,2,3,1,0,0,0.813,0.0169,4800
395,18,-14.908,0,4,6,1,0,0,0.813,0.0168,4818
396,11,-12.986,0,3,6,1,0,0,0.812,0.0168,4829
397,11,-13.19,0,2,4,1,0,0,0.812,0.0168,4840
398,19,-15.371,0,3,7,1,0,0,0.811,0.0168,4859
399,13,-14.134,0,3,3,1,0,0,0.811,0.0168,4872
400,14,-15.419,0,3,9,1,0,0,0.81,0.0168,4886
401,8,-14.986,0,1,6,1,0,0,0.81,0.0168,4894
402,5,-13.384,0,4,2,1,0,0,0.81,0.0168,4899
403,30,-13.249,0,4,11,1,0,0,0.809,0.0168,4929
404,9,-14.845,0,2,5,1,0,0,0.809,0.0168,4938
405,6,-14.98,0,3,3,1,0,0,0.808,0.0168,4944
406,6,-14.156,0,3,4,1,0,0,0.808,0.0168,4950
407,13,-14.965,0,3,6,1,0,0,0.807,0.0168,4963
408,5,-13.825,0,4,3,1,0,0,0.807,0.0167,4968
409,5,-14.811,0,4,2,1,0,0,0.806,0.0167,4973
410,11,-13.58,0,2,8,1,0,0,0.806,0.0167,4984
411,42,-15.557,0,5,15,1,0,0,0.805,0.0167,5026
412,8,-14.023,0,2,2,1,0,0,0.805,0.0167,5034
413,5,-13.419,0,2,2,1,0,0,0.804,0.0167,5039
414,10,-12.009,0,3,1,1,0,0,0.804,0.0167,5049
415,8,-15.198,0,2,4,1,0,0,0.803,0.0167,5057
416,13,-13.025,0,2,5,1,0,0,0.803,0.0167,5070
417,5,-14.019,0,4,4,1,0,0,0.802,0.0167,5075
418,11,-15.075,0,2,7,1,0,0,0.802,0.0167,5086
419,5,-14.939,0,4,3,1,0,0,0.801,0.0167,5091
420,9,-14.211,0,3,4,1,0,0,0.801,0.0166,5100
421,13,-12.855,0,3,4,1,0,0,0.8,0.0166,5113
422,6,-12.787,0,3,2,1,0,0,0.8,0.0166,5119
423,29,-15.52,0,4,13,1,0,0,0.8,0.0166,5148
424,12,-13.08,0,3,5,1,0,0,0.799,0.0166,5160
425,17,-12.191,0,3,6,1,0,0,0.799,0.0166,5177
426,7,-14.672,0,3,5,1,0,0,0.798,0.0166,5184
427,32,-14.636,1,7,10,1,0,0,0.798,0.0166,5216
428,7,-13.37,0,4,3,1,0,0,0.797,0.0166,5223
429,9,-14.873,0,3,6,1,0,0,0.797,0.0166,5232
430,6,-14.14,0,2,2,1,0,0,0.796,0.0166,5238
431,8,-11.386,0,2,1,1,0,0,0.796,0.0166,5246
432,33,-16.467,0,4,15,1,0,0,0.795,0.0166,5279
433,14,-14.939,0,1,9,1,0,0,0.795,0.0165,5293
434,9,-14.864,0,1,4,1,0,0,0.794,0.0165,5302
435,15,-14.222,0,5,7,1,0,0,0.794,0.0165,5317
436,5,-14.792,0,3,1,1,0,0,0.793,0.0165,5322
437,8,-14.699,0,1,3,1,0,0,0.793,0.0165,5330
438,31,-15.533,0,5,18,1,0,0,0.792,0.0165,5361
439,11,-12.748,0,2,4,1,0,0,0.792,0.0165,5372
440,12,-14.957,0,3,6,1,0,0,0.791,0.0165,5384
441,18,-14.286,0,3,6,1,0,0,0.791,0.0165,5402
442,10,-15.005,0,4,4,1,0,0,0.791,0.0165,5412
443,14,-13.358,0,9,5,1,0,0,0.79,0.0165,5426
444,9,-14.576,0,4,5,1,0,0,0.79,0.0165,5435
445,54,-14.695,0,14,22,1,0,0,0.789,0.0164,5489
446,6,-14.398,0,3,2,1,0,0,0.789,0.0164,5495
447,19,-15.959,0,5,12,1,0,0,0.788,0.0164,5514
448,26,-16.014,0,2,13,1,0,0,0.788,0.0164,5540
449,12,-13.566,0,1,9,1,0,0,0.787,0.0164,5552
450,5,-13.472,0,2,2,1,0,0,0.787,0.0164,5557
451,6,-15.531,0,3,3,1,0,0,0.786,0.0164,5563
452,10,-13.051,0,2,4,1,0,0,0.786,0.0164,5573
453,13,-15.461,0,4,6,1,0,0,0.785,0.0164,5586
454,9,-12.111,0,3,4,1,0,0,0.785,0.0164,5595
455,5,-15.467,0,2,2,1,0,0,0.784,0.0164,5600
456,10,-11.56,0,1,3,1,0,0,0.784,0.0164,5610
457,8,-14.537,0,3,4,1,0,0,0.783,0.0164,5618
458,43,-16.433,0,3,18,1,0,0,0.783,0.0163,5661
459,11,-15.813,0,3,4,1,0,0,0.782,0.0163,5672
460,22,-14.866,0,5,7,1,0,0,0.782,0.0163,5694
461,5,-13.317,0,4,2,1,0,0,0.781,0.0163,5699
462,5,-13.943,0,2,2,1,0,0,0.781,0.0163,5704
463,35,-13.666,0,5,14,1,0,0,0.781,0.0163,5739
464,16,-15.517,0,3,4,1,0,0,0.78,0.0163,5755
465,17,-14.447,0,6,7,1,0,0,0.78,0.0163,5772
466,6,-12.457,0,3,1,1,0,0,0.779,0.0163,5778
467,5,-14.737,0,4,1,1,0,0,0.779,0.0163,5783
468,14,-13.892,0,6,5,1,0,0,0.778,0.0163,5797
469,78,-16.258,0,9,35,1,0,0,0.778,0.0163,5875
470,19,-14.53,0,4,7,1,0,0,0.777,0.0162,5894
471,9,-12.376,0,3,1,1,0,0,0.777,0.0162,5903
472,24,-14.426,0,1,9,1,0,0,0.776,0.0162,5927
473,22,-15.274,0,3,8,1,0,0,0.776,0.0162,5949
474,83,-18.455,0,13,32,1,0,0,0.775,0.0162,6032
475,16,-15.73,0,3,8,1,0,0,0.775,0.0162,6048
476,7,-14.887,0,1,4,1,0,0,0.774,0.0162,6055
477,27,-14.445,0,4,13,1,0,0,0.774,0.0162,6082
478,10,-15.11,0,4,4,1,0,0,0.773,0.0162,6092
479,6,-13.87,0,3,1,1,0,0,0.773,0.0162,6098
480,5,-13.352,0,4,3,1,0,0,0.772,0.0162,6103
481,7,-12.46,0,3,3,1,0,0,0.772,0.0162,6110
482,55,-16.02,0,4,20,1,0,0,0.772,0.0162,6165
483,18,-15.554,0,4,6,1,0,0,0.771,0.0161,6183
484,32,-16.285,0,3,14,1,0,0,0.771,0.0161,6215
485,6,-13.013,0,3,4,1,0,0,0.77,0.0161,6221
486,18,-14.742,0,4,6,1,0,0,0.77,0.0161,6239
487,13,-15.052,0,3,7,1,0,0,0.769,0.0161,6252
488,16,-14.861,0,2,8,1,0,0,0.769,0.0161,6268
489,18,-15.586,0,3,11,1,0,0,0.768,0.0161,6286
490,8,-14.554,0,2,3,1,0,0,0.768,0.0161,6294
491,16,-13.082,0,4,6,1,0,0,0.767,0.0161,6310
492,26,-14.925,0,2,7,1,0,0,0.767,0.0161,6336
493,5,-14.79,0,4,2,1,0,0,0.766,0.0161,6341
494,6,-15.21,0,2,4,1,0,0,0.766,0.0161,6347
495,35,-15.492,0,3,12,1,0,0,0.765,0.016,6382
496,8,-14.606,0,2,3,1,0,0,0.765,0.016,6390
497,11,-12.032,0,2,6,1,0,0,0.764,0.016,6401
498,6,-13.384,0,1,3,1,0,0,0.764,0.016,6407
499,38,-14.265,0,7,13,1,0,0,0.763,0.016,6445
500,11,-13.418,0,3,6,1,0,0,0.763,0.016,6456
501,36,-13.536,0,5,14,1,0,0,0.762,0.016,6492
502,14,-16.696,0,3,7,1,0,0,0.762,0.016,6506
503,45,-15.279,1,6,22,1,0,0,0.762,0.016,6551
504,5,-14.837,0,3,1,1,0,0,0.761,0.016,6556
505,37,-16.809,0,5,17,1,0,0,0.761,0.016,6593
506,14,-15.308,0,0,5,1,0,0,0.76,0.016,6607
507,34,-15.681,0,2,15,1,0,0,0.76,0.016,6641
508,74,-15.123,0,5,25,1,0,0,0.759,0.0159,6715
509,8,-15.368,0,2,4,1,0,0,0.759,0.0159,6723
510,16,-14.159,0,6,5,1,0,0,0.758,0.0159,6739
511,13,-15.569,0,1,7,1,0,0,0.758,0.0159,6752
512,53,-17.776,0,4,21,1,0,0,0.757,0.0159,6805
513,25,-15.734,0,2,7,1,0,0,0.757,0.0159,6830
514,17,-14.704,0,5,9,1,0,0,0.756,0.0159,6847
515,9,-14.637,0,2,3,1,0,0,0.756,0.0159,6856
516,20,-10.658,0,3,5,1,0,0,0.755,0.0159,6876
517,25,-13.964,0,1,8,1,0,0,0.755,0.0159,6901
518,17,-15.13,0,3,7,1,0,0,0.754,0.0159,6918
519,26,-15.163,0,4,10,1,0,0,0.754,0.0159,6944
520,6,-13.476,0,4,3,1,0,0,0.753,0.0158,6950
521,54,-16.712,1,10,18,1,0,0,0.753,0.0158,7004
522,18,-16.168,0,2,9,1,0,0,0.753,0.0158,7022
523,8,-15.059,0,3,3,1,0,0,0.752,0.0158,7030
524,60,-15.659,0,8,23,1,0,0,0.752,0.0158,7090
525,11,-14.46,0,3,5,1,0,0,0.751,0.0158,7101
526,31,-14.948,0,4,14,1,0,0,0.751,0.0158,7132
527,36,-18.419,0,4,16,1,0,0,0.75,0.0158,7168
528,15,-13.364,0,2,5,1,0,0,0.75,0.0158,7183
529,11,-14.713,0,2,7,1,0,0,0.749,0.0158,7194
530,5,-15.529,0,4,3,1,0,0,0.749,0.0158,7199
531,7,-14.622,0,3,5,1,0,0,0.748,0.0158,7206
532,15,-15.092,0,2,6,1,0,0,0.748,0.0158,7221
533,51,-16.111,0,6,20,1,0,0,0.747,0.0157,7272
534,51,-17.224,0,3,22,1,0,0,0.747,0.0157,7323
535,67,-17.614,0,5,27,1,0,0,0.746,0.0157,7390
536,9,-15.59,0,3,3,1,0,0,0.746,0.0157,7399
537,23,-16.069,0,4,12,1,0,0,0.745,0.0157,7422
538,5,-13.27,0,4,2,1,0,0,0.745,0.0157,7427
539,21,-13.57,0,3,10,1,0,0,0.744,0.0157,7448
540,8,-13.042,0,3,4,1,0,0,0.744,0.0157,7456
541,8,-16.259,0,3,5,1,0,0,0.744,0.0157,7464
542,26,-14.483,0,4,9,1,0,0,0.743,0.0157,7490
543,5,-14.97,0,3,3,1,0,0,0.743,0.0157,7495
544,45,-14.22,0,8,16,1,0,0,0.742,0.0157,7540
545,11,-14.979,0,2,7,1,0,0,0.742,0.0156,7551
546,45,-14.724,0,10,14,1,0,0,0.741,0.0156,7596
547,29,-14.461,0,5,12,1,0,0,0.741,0.0156,7625
548,10,-13.262,0,3,5,1,0,0,0.74,0.0156,7635
549,58,-18.828,0,5,27,1,0,0,0.74,0.0156,7693
550,44,-14.509,0,7,18,1,0,0,0.739,0.0156,7737
551,33,-15.977,0,5,16,1,0,0,0.739,0.0156,7770
552,15,-11.201,0,3,3,1,0,0,0.738,0.0156,7785
553,9,-14.869,0,4,2,1,0,0,0.738,0.0156,7794
554,6,-15.381,0,4,3,1,0,0,0.737,0.0156,7800
555,10,-12.104,0,2,2,1,0,0,0.737,0.0156,7810
556,34,-16.327,0,5,17,1,0,0,0.736,0.0156,7844
557,69,-15.056,0,6,29,1,0,0,0.736,0.0156,7913
558,5,-14.59,0,2,3,1,0,0,0.735,0.0155,7918
559,5,-13.442,0,4,3,1,0,0,0.735,0.0155,7923
560,50,-16.168,0,5,19,1,0,0,0.734,0.0155,7973
561,12,-13.284,0,5,3,1,0,0,0.734,0.0155,7985
562,11,-13.677,0,4,5,1,0,0,0.734,0.0155,7996
563,34,-14.427,0,6,13,1,0,0,0.733,0.0155,8030
564,19,-10.857,1,5,6,1,0,0,0.733,0.0155,8049
565,29,-12.265,0,4,11,1,0,0,0.732,0.0155,8078
566,22,-12.741,0,5,12,1,0,0,0.732,0.0155,8100
567,12,-14.355,0,3,5,1,0,0,0.731,0.0155,8112
568,6,-14.981,0,3,3,1,0,0,0.731,0.0155,8118
569,31,-13.408,0,2,15,1,0,0,0.73,0.0155,8149
570,65,-14.93,1,9,26,1,0,0,0.73,0.0154,8214
571,12,-14.793,0,3,4,1,0,0,0.729,0.0154,8226
572,21,-12.449,0,4,5,1,0,0,0.729,0.0154,8247
573,12,-15.429,0,3,5,1,0,0,0.728,0.0154,8259
574,6,-15.44,0,4,2,1,0,0,0.728,0.0154,8265
575,14,-14.249,0,3,5,1,0,0,0.727,0.0154,8279
576,49,-16.953,0,4,17,1,0,0,0.727,0.0154,8328
577,6,-12.39,0,1,1,1,0,0,0.726,0.0154,8334
578,5,-12.399,0,2,3,1,0,0,0.726,0.0154,8339
579,5,-14.722,0,4,2,1,0,0,0.725,0.0154,8344
580,29,-16.136,0,5,12,1,0,0,0.725,0.0154,8373
581,8,-13.286,0,3,6,1,0,0,0.725,0.0154,8381
582,33,-14.231,0,4,13,1,0,0,0.724,0.0154,8414
583,22,-16.224,0,4,5,1,0,0,0.724,0.0153,8436
584,8,-12.742,0,1,3,1,0,0,0.723,0.0153,8444
585,7,-15.109,0,3,3,1,0,0,0.723,0.0153,8451
586,5,-13.314,0,3,1,1,0,0,0.722,0.0153,8456
587,22,-14.946,0,6,9,1,0,0,0.722,0.0153,8478
588,7,-14.64,0,3,4,1,0,0,0.721,0.0153,8485
589,12,-14.858,0,2,5,1,0,0,0.721,0.0153,8497
590,15,-11.499,0,2,6,1,0,0,0.72,0.0153,8512
591,12,-15.207,0,2,6,1,0,0,0.72,0.0153,8524
592,27,-10.739,0,2,11,1,0,0,0.719,0.0153,8551
593,17,-13.086,0,3,8,1,0,0,0.719,0.0153,8568
594,47,-15.719,0,3,12,1,0,0,0.718,0.0153,8615
595,21,-14.152,0,6,7,1,0,0,0.718,0.0152,8636
596,18,-15.811,0,4,10,1,0,0,0.717,0.0152,8654
597,7,-14.582,0,2,2,1,0,0,0.717,0.0152,8661
598,15,-15.152,0,3,8,1,0,0,0.716,0.0152,8676
599,21,-11.001,0,5,5,1,0,0,0.716,0.0152,8697
600,72,-20.033,1,5,30,1,0,0,0.715,0.0152,8769
601,9,-14.931,0,3,3,1,0,0,0.715,0.0152,8778
602,22,-15.388,0,3,9,1,0,0,0.715,0.0152,8800
603,8,-11.807,0,3,1,1,0,0,0.714,0.0152,8808
604,11,-14.282,0,2,4,1,0,0,0.714,0.0152,8819
605,50,-12.53,0,3,21,0,0,0,0.713,0.0152,8869
606,19,-14.924,0,3,6,1,0,0,0.713,0.0152,8888
607,31,-16.425,0,5,13,1,0,0,0.712,0.0152,8919
608,12,-14.135,0,5,6,1,0,0,0.712,0.0151,8931
609,13,-12.525,0,3,1,1,0,0,0.711,0.0151,8944
610,8,-14.578,0,3,4,1,0,0,0.711,0.0151,8952
611,41,-15.942,0,2,13,1,0,0,0.71,0.0151,8993
612,34,-15.965,0,2,11,1,0,0,0.71,0.0151,9027
613,18,-15.195,0,3,10,1,0,0,0.709,0.0151,9045
614,14,-12.429,0,5,4,1,0,0,0.709,0.0151,9059
615,65,-15.226,0,14,19,1,0,0,0.708,0.0151,9124
616,7,-14.573,0,2,3,1,0,0,0.708,0.0151,9131
617,37,-16.742,0,3,12,1,0,0,0.707,0.0151,9168
618,8,-14.977,0,2,6,1,0,0,0.707,0.0151,9176
619,7,-14.111,0,2,3,1,0,0,0.706,0.0151,9183
620,42,-16.73,0,5,15,1,0,0,0.706,0.015,9225
621,11,-12.043,0,3,3,1,0,0,0.706,0.015,9236
622,10,-13.066,0,1,5,1,0,0,0.705,0.015,9246
623,36,-14.59,0,7,18,1,0,0,0.705,0.015,9282
624,6,-13.886,0,4,3,1,0,0,0.704,0.015,9288
625,28,-14.531,0,5,11,1,0,0,0.704,0.015,9316
626,29,-15.364,0,5,12,1,0,0,0.703,0.015,9345
627,9,-14.873,0,3,6,1,0,0,0.703,0.015,9354
628,5,-15.161,0,1,2,1,0,0,0.702,0.015,9359
629,28,-15.258,0,4,9,1,0,0,0.702,0.015,9387
630,15,-15.987,0,3,7,1,0,0,0.701,0.015,9402
631,28,-16.531,0,3,14,1,0,0,0.701,0.015,9430
632,7,-13.152,0,2,4,1,0,0,0.7,0.015,9437
633,5,-13.392,0,2,1,1,0,0,0.7,0.0149,9442
634,29,-12.995,0,9,10,1,0,0,0.699,0.0149,9471
635,34,-16.621,0,4,14,1,0,0,0.699,0.0149,9505
636,6,-13.96,0,1,2,1,0,0,0.698,0.0149,9511
637,31,-16.1,0,3,15,1,0,0,0.698,0.0149,9542
638,23,-15.255,0,5,9,1,0,0,0.697,0.0149,9565
639,6,-13.605,0,3,4,1,0,0,0.697,0.0149,9571
640,9,-12.891,0,2,5,1,0,0,0.696,0.0149,9580
641,5,-14.777,0,4,1,1,0,0,0.696,0.0149,9585
642,17,-14.198,0,2,5,1,0,0,0.696,0.0149,9602
643,6,-14.895,0,4,2,1,0,0,0.695,0.0149,9608
644,10,-15.002,0,2,6,1,0,0,0.695,0.0149,9618
645,9,-14.865,0,1,4,1,0,0,0.694,0.0148,9627
646,33,-16.628,0,1,17,1,0,0,0.694,0.0148,9660
647,36,-15.128,0,7,12,1,0,0,0.693,0.0148,9696
648,6,-12.456,0,2,2,1,0,0,0.693,0.0148,9702
649,11,-14.505,0,2,5,1,0,0,0.692,0.0148,9713
650,40,-17.388,0,8,21,1,0,0,0.692,0.0148,9753
651,20,-12.97,0,5,9,1,0,0,0.691,0.0148,9773
652,5,-14.836,0,3,1,1,0,0,0.691,0.0148,9778
653,6,-13.912,0,2,2,1,0,0,0.69,0.0148,9784
654,51,-16.876,0,6,17,1,0,0,0.69,0.0148,9835
655,9,-15.641,0,3,3,1,0,0,0.689,0.0148,9844
656,10,-16.14,0,4,4,1,0,0,0.689,0.0148,9854
657,25,-15.052,0,3,6,1,0,0,0.688,0.0148,9879
658,77,-17.614,0,9,33,1,0,0,0.688,0.0147,9956
659,7,-13.51,0,4,3,1,0,0,0.687,0.0147,9963
660,6,-15.011,0,4,4,1,0,0,0.687,0.0147,9969
661,5,-14.494,0,2,3,1,0,0,0.686,0.0147,9974
662,50,-17.22,0,5,18,1,0,0,0.686,0.0147,10024
663,11,-12.037,0,2,5,1,0,0,0.686,0.0147,10035
664,29,-16.321,0,3,17,1,0,0,0.685,0.0147,10064
665,6,-14.381,0,2,2,1,0,0,0.685,0.0147,10070
666,17,-15.655,0,2,6,1,0,0,0.684,0.0147,10087
667,5,-15.497,0,3,3,1,0,0,0.684,0.0147,10092
668,21,-14.685,0,9,8,1,0,0,0.683,0.0147,10113
669,21,-15.433,0,2,14,1,0,0,0.683,0.0147,10134
670,13,-11.982,0,3,3,1,0,0,0.682,0.0146,10147
671,5,-15.352,0,4,3,1,0,0,0.682,0.0146,10152
672,20,-14.709,0,3,7,1,0,0,0.681,0.0146,10172
673,64,-15.734,0,10,23,1,0,0,0.681,0.0146,10236
674,5,-15.265,0,4,2,1,0,0,0.68,0.0146,10241
675,6,-15.485,0,3,3,1,0,0,0.68,0.0146,10247
676,20,-15.899,0,3,8,1,0,0,0.679,0.0146,10267
677,26,-13.889,0,8,6,1,0,0,0.679,0.0146,10293
678,12,-15.067,0,2,7,1,0,0,0.678,0.0146,10305
679,27,-14.64,0,5,11,1,0,0,0.678,0.0146,10332
680,31,-11.9,0,6,8,1,0,0,0.677,0.0146,10363
681,19,-15.709,0,3,6,1,0,0,0.677,0.0146,10382
682,9,-13.282,0,3,6,1,0,0,0.677,0.0146,10391
683,14,-12.555,0,3,6,1,0,0,0.676,0.0145,10405
684,49,-15.55,0,8,23,1,0,0,0.676,0.0145,10454
685,15,-13.585,0,2,7,1,0,0,0.675,0.0145,10469
686,46,-16.829,0,5,16,1,0,0,0.675,0.0145,10515
687,26,-14.96,0,4,8,1,0,0,0.674,0.0145,10541
688,107,-19.263,0,5,51,1,0,0,0.674,0.0145,10648
689,5,-14.889,0,3,2,1,0,0,0.673,0.0145,10653
690,33,-16.704,0,8,15,1,0,0,0.673,0.0145,10686
691,23,-12.832,0,5,5,1,0,0,0.672,0.0145,10709
692,5,-15.096,0,2,3,1,0,0,0.672,0.0145,10714
693,12,-15.512,0,4,3,1,0,0,0.671,0.0145,10726
694,10,-13.676,0,3,3,1,0,0,0.671,0.0145,10736
695,5,-13.145,0,3,1,1,0,0,0.67,0.0144,10741
696,22,-15.445,0,2,10,1,0,0,0.67,0.0144,10763
697,6,-12.431,0,3,3,1,0,0,0.669,0.0144,10769
698,60,-13.529,0,6,19,1,0,0,0.669,0.0144,10829
699,12,-13.005,0,3,5,1,0,0,0.668,0.0144,10841
700,5,-15.317,0,4,2,1,0,0,0.668,0.0144,10846
701,8,-12.409,0,1,2,1,0,0,0.667,0.0144,10854
702,5,-15.352,0,4,3,1,0,0,0.667,0.0144,10859
703,9,-13.414,0,3,2,1,0,0,0.667,0.0144,10868
704,7,-15.724,0,4,4,1,0,0,0.666,0.0144,10875
705,15,-14.563,0,2,9,1,0,0,0.666,0.0144,10890
706,25,-12.936,0,7,6,1,0,0,0.665,0.0144,10915
707,5,-14.996,0,3,3,1,0,0,0.665,0.0144,10920
708,23,-15.191,0,2,7,1,0,0,0.664,0.0143,10943
709,5,-15.447,0,3,3,1,0,0,0.664,0.0143,10948
710,47,-17.622,0,6,26,1,0,0,0.663,0.0143,10995
711,25,-16.074,0,4,10,1,0,0,0.663,0.0143,11020
712,17,-12.388,0,3,2,1,0,0,0.662,0.0143,11037
713,6,-14.475,0,4,3,1,0,0,0.662,0.0143,11043
714,5,-14.997,0,3,3,1,0,0,0.661,0.0143,11048
715,9,-13.602,0,3,5,1,0,0,0.661,0.0143,11057
716,19,-11.696,0,6,7,1,0,0,0.66,0.0143,11076
717,9,-14.597,0,3,4,1,0,0,0.66,0.0143,11085
718,22,-15.321,0,6,11,1,0,0,0.659,0.0143,11107
719,33,-15.478,0,7,12,1,0,0,0.659,0.0143,11140
720,8,-13.568,0,2,3,1,0,0,0.658,0.0142,11148
721,26,-15.025,0,5,10,1,0,0,0.658,0.0142,11174
722,12,-15.39,0,3,6,1,0,0,0.658,0.0142,11186
723,13,-13.245,0,2,6,1,0,0,0.657,0.0142,11199
724,6,-14.433,0,3,3,1,0,0,0.657,0.0142,11205
725,19,-14.87,0,1,8,1,0,0,0.656,0.0142,11224
726,30,-16.876,0,2,18,1,0,0,0.656,0.0142,11254
727,36,-12.947,0,2,9,1,0,0,0.655,0.0142,11290
728,12,-15.077,0,3,4,1,0,0,0.655,0.0142,11302
729,14,-15.625,0,4,3,1,0,0,0.654,0.0142,11316
730,7,-13.877,0,3,3,1,0,0,0.654,0.0142,11323
731,5,-13.336,0,3,1,1,0,0,0.653,0.0142,11328
732,54,-16.571,0,7,19,1,0,0,0.653,0.0142,11382
733,5,-14.756,0,3,0,1,0,0,0.652,0.0141,11387
734,14,-14.419,0,2,6,1,0,0,0.652,0.0141,11401
735,56,-16.04,0,6,23,1,0,0,0.651,0.0141,11457
736,22,-14.71,0,5,9,1,0,0,0.651,0.0141,11479
737,11,-14.159,0,3,3,1,0,0,0.65,0.0141,11490
738,6,-13.466,0,4,4,1,0,0,0.65,0.0141,11496
739,46,-16.429,0,8,20,1,0,0,0.649,0.0141,11542
740,14,-15.975,0,3,5,1,0,0,0.649,0.0141,11556
741,27,-17.55,0,5,16,1,0,0,0.648,0.0141,11583
742,5,-14.87,0,2,1,1,0,0,0.648,0.0141,11588
743,8,-15.202,0,3,4,1,0,0,0.648,0.0141,11596
744,23,-15.777,0,5,12,1,0,0,0.647,0.0141,11619
745,41,-15.94,0,6,14,1,0,0,0.647,0.014,11660
746,5,-14.344,0,3,2,1,0,0,0.646,0.014,11665
747,7,-14.322,0,5,3,1,0,0,0.646,0.014,11672
748,21,-14.785,0,3,7,1,0,0,0.645,0.014,11693
749,12,-14.942,0,2,6,1,0,0,0.645,0.014,11705
750,17,-15.652,0,2,9,1,0,0,0.644,0.014,11722
751,10,-14.325,0,3,5,1,0,0,0.644,0.014,11732
752,5,-14.497,0,3,3,1,0,0,0.643,0.014,11737
753,22,-15.505,0,2,8,1,0,0,0.643,0.014,11759
754,10,-10.463,0,5,1,1,0,0,0.642,0.014,11769
755,65,-16.709,0,7,17,1,0,0,0.642,0.014,11834
756,35,-15.265,0,4,18,1,0,0,0.641,0.014,11869
757,129,-18.657,0,7,53,1,0,0,0.641,0.014,11998
758,7,-15.735,0,2,3,1,0,0,0.64,0.0139,12005
759,21,-14.035,0,4,10,1,0,0,0.64,0.0139,12026
760,9,-14.477,0,3,3,1,0,0,0.639,0.0139,12035
761,80,-16.415,0,14,29,1,0,0,0.639,0.0139,12115
762,21,-17.344,0,3,14,1,0,0,0.639,0.0139,12136
763,17,-14.189,0,4,5,1,0,0,0.638,0.0139,12153
764,21,-12.517,0,4,8,1,0,0,0.638,0.0139,12174
765,26,-13.636,0,6,8,1,0,0,0.637,0.0139,12200
766,5,-14.093,0,2,3,1,0,0,0.637,0.0139,12205
767,20,-14.774,0,1,2,1,0,0,0.636,0.0139,12225
768,7,-14.645,0,2,4,1,0,0,0.636,0.0139,12232
769,26,-15.603,0,4,13,1,0,0,0.635,0.0139,12258
770,19,-14.861,0,8,9,1,0,0,0.635,0.0138,12277
771,8,-14.548,0,3,3,1,0,0,0.634,0.0138,12285
772,12,-14.997,0,2,7,1,0,0,0.634,0.0138,12297
773,12,-14.798,0,3,5,1,0,0,0.633,0.0138,12309
774,8,-14.949,0,4,2,1,0,0,0.633,0.0138,12317
775,25,-16.412,0,5,14,1,0,0,0.632,0.0138,12342
776,18,-12.765,0,2,4,1,0,0,0.632,0.0138,12360
777,10,-14.764,0,2,3,1,0,0,0.631,0.0138,12370
778,7,-14.437,0,3,2,1,0,0,0.631,0.0138,12377
779,28,-14.223,0,4,7,1,0,0,0.63,0.0138,12405
780,5,-15.02,0,3,3,1,0,0,0.63,0.0138,12410
781,6,-14.155,0,3,4,1,0,0,0.63,0.0138,12416
782,40,-15.867,0,7,14,1,0,0,0.629,0.0138,12456
783,46,-17.143,0,5,19,1,0,0,0.629,0.0137,12502
784,5,-13.951,0,3,3,1,0,0,0.628,0.0137,12507
785,30,-15.217,0,3,10,1,0,0,0.628,0.0137,12537
786,38,-16.587,0,4,15,1,0,0,0.627,0.0137,12575
787,12,-13.646,0,2,8,1,0,0,0.627,0.0137,12587
788,6,-14.075,0,3,3,1,0,0,0.626,0.0137,12593
789,56,-12.262,0,2,23,1,0,0,0.626,0.0137,12649
790,11,-14.803,0,1,7,1,0,0,0.625,0.0137,12660
791,23,-15.01,0,2,7,1,0,0,0.625,0.0137,12683
792,11,-14.396,0,3,6,1,0,0,0.624,0.0137,12694
793,32,-14.627,0,3,13,1,0,0,0.624,0.0137,12726
794,15,-15.254,0,1,8,1,0,0,0.623,0.0137,12741
795,118,-20.169,1,12,47,1,0,0,0.623,0.0136,12859
796,9,-15.978,0,3,5,1,0,0,0.622,0.0136,12868
797,36,-17.447,0,3,20,1,0,0,0.622,0.0136,12904
798,18,-15.465,0,2,6,1,0,0,0.621,0.0136,12922
799,33,-15.381,0,4,13,1,0,0,0.621,0.0136,12955
800,21,-13.8,0,5,7,1,0,0,0.62,0.0136,12976
801,8,-11.887,0,3,2,1,0,0,0.62,0.0136,12984
802,34,-16.073,0,6,14,1,0,0,0.62,0.0136,13018
803,5,-14.895,0,3,2,1,0,0,0.619,0.0136,13023
804,5,-13.416,0,3,2,1,0,0,0.619,0.0136,13028
805,14,-14.367,0,2,5,1,0,0,0.618,0.0136,13042
806,26,-16.712,0,3,15,1,0,0,0.618,0.0136,13068
807,41,-15.233,1,8,15,1,0,0,0.617,0.0136,13109
808,37,-16.955,0,5,19,1,0,0,0.617,0.0135,13146
809,19,-15.287,0,3,8,1,0,0,0.616,0.0135,13165
810,23,-12.958,0,6,7,1,0,0,0.616,0.0135,13188
811,28,-16.129,0,2,10,1,0,0,0.615,0.0135,13216
812,8,-14.714,0,1,3,1,0,0,0.615,0.0135,13224
813,110,-18.989,0,10,45,1,0,0,0.614,0.0135,13334
814,14,-15.595,0,3,7,1,0,0,0.614,0.0135,13348
815,12,-14.988,0,2,4,1,0,0,0.613,0.0135,13360
816,7,-14.93,0,3,2,1,0,0,0.613,0.0135,13367
817,10,-14.567,0,3,4,1,0,0,0.612,0.0135,13377
818,63,-18.057,0,6,25,1,0,0,0.612,0.0135,13440
819,32,-16.293,0,2,15,1,0,0,0.611,0.0135,13472
820,25,-14.839,0,5,7,1,0,0,0.611,0.0134,13497
821,37,-15.442,0,4,10,1,0,0,0.611,0.0134,13534
822,29,-14.52,0,3,16,1,0,0,0.61,0.0134,13563
823,79,-11.878,0,14,25,1,0,0,0.61,0.0134,13642
824,24,-15.979,0,5,12,1,0,0,0.609,0.0134,13666
825,61,-15.969,0,6,22,1,0,0,0.609,0.0134,13727
826,22,-12.931,0,3,6,1,0,0,0.608,0.0134,13749
827,7,-13.294,0,2,1,1,0,0,0.608,0.0134,13756
828,6,-14.486,0,3,3,1,0,0,0.607,0.0134,13762
829,77,-18.545,0,10,38,1,0,0,0.607,0.0134,13839
830,9,-12.917,0,3,3,1,0,0,0.606,0.0134,13848
831,41,-17.916,0,4,17,1,0,0,0.606,0.0134,13889
832,46,-18.303,0,3,15,1,0,0,0.605,0.0134,13935
833,14,-14.85,0,3,4,1,0,0,0.605,0.0133,13949
834,5,-15.302,0,4,3,1,0,0,0.604,0.0133,13954
835,14,-14.919,0,4,1,1,0,0,0.604,0.0133,13968
836,8,-15.11,0,2,4,1,0,0,0.603,0.0133,13976
837,42,-15.795,0,4,12,1,0,0,0.603,0.0133,14018
838,5,-15.71,0,3,4,1,0,0,0.602,0.0133,14023
839,17,-11.819,0,4,6,1,0,0,0.602,0.0133,14040
840,11,-14.19,0,3,4,1,0,0,0.601,0.0133,14051
841,40,-15.024,0,8,20,1,0,0,0.601,0.0133,14091
842,29,-12.347,0,2,6,1,0,0,0.601,0.0133,14120
843,13,-15.218,0,3,8,1,0,0,0.6,0.0133,14133
844,64,-16.404,0,6,27,1,0,0,0.6,0.0133,14197
845,8,-13.373,0,3,2,1,0,0,0.599,0.0132,14205
846,30,-11.144,0,4,9,1,0,0,0.599,0.0132,14235
847,6,-14.745,0,3,4,1,0,0,0.598,0.0132,14241
848,40,-15.23,0,4,11,1,0,0,0.598,0.0132,14281
849,24,-16.854,0,3,11,1,0,0,0.597,0.0132,14305
850,54,-16.58,0,9,18,1,0,0,0.597,0.0132,14359
851,13,-10.196,0,3,2,1,0,0,0.596,0.0132,14372
852,13,-14.707,0,3,4,1,0,0,0.596,0.0132,14385
853,9,-15.441,0,4,7,1,0,0,0.595,0.0132,14394
854,13,-14.465,0,3,6,1,0,0,0.595,0.0132,14407
855,67,-15.116,0,9,26,1,0,0,0.594,0.0132,14474
856,15,-14.62,0,2,6,1,0,0,0.594,0.0132,14489
857,29,-15.372,0,3,11,1,0,0,0.593,0.0132,14518
858,11,-13.631,0,3,2,1,0,0,0.593,0.0131,14529
859,22,-15.579,0,6,10,1,0,0,0.592,0.0131,14551
860,9,-14.04,0,3,3,1,0,0,0.592,0.0131,14560
861,39,-12.306,0,5,12,1,0,0,0.592,0.0131,14599
862,38,-16.412,0,6,13,1,0,0,0.591,0.0131,14637
863,53,-15.432,0,7,21,1,0,0,0.591,0.0131,14690
864,29,-14.1,0,4,7,1,0,0,0.59,0.0131,14719
865,84,-14.505,1,19,28,1,0,0,0.59,0.0131,14803
866,6,-11.362,0,2,1,1,0,0,0.589,0.0131,14809
867,18,-14.896,0,2,8,1,0,0,0.589,0.0131,14827
868,6,-13.425,0,4,3,1,0,0,0.588,0.0131,14833
869,31,-12.536,0,3,9,1,0,0,0.588,0.0131,14864
870,12,-10.507,0,1,4,1,0,0,0.587,0.013,14876
871,41,-16.646,0,6,14,1,0,0,0.587,0.013,14917
872,34,-17.365,0,6,15,1,0,0,0.586,0.013,14951
873,68,-18.485,0,6,22,1,0,0,0.586,0.013,15019
874,20,-16.223,0,3,6,1,0,0,0.585,0.013,15039
875,51,-14.655,1,8,17,1,0,0,0.585,0.013,15090
876,48,-15.731,1,7,17,1,0,0,0.584,0.013,15138
877,17,-10.876,0,3,5,1,0,0,0.584,0.013,15155
878,5,-14.896,0,4,3,1,0,0,0.583,0.013,15160
879,6,-13.959,0,3,3,1,0,0,0.583,0.013,15166
880,49,-12.32,0,5,22,1,0,0,0.582,0.013,15215
881,30,-16.943,0,2,21,1,0,0,0.582,0.013,15245
882,11,-11.235,0,3,0,1,0,0,0.582,0.013,15256
883,48,-13.317,0,6,13,1,0,0,0.581,0.0129,15304
884,28,-16.497,0,4,14,1,0,0,0.581,0.0129,15332
885,15,-12.228,0,3,3,1,0,0,0.58,0.0129,15347
886,17,-12.547,0,2,9,1,0,0,0.58,0.0129,15364
887,16,-13.98,0,2,4,1,0,0,0.579,0.0129,15380
888,11,-14.662,0,2,7,1,0,0,0.579,0.0129,15391
889,70,-18.661,0,4,33,1,0,0,0.578,0.0129,15461
890,21,-14.426,0,8,10,1,0,0,0.578,0.0129,15482
891,17,-13.602,0,6,6,1,0,0,0.577,0.0129,15499
892,56,-14.832,0,9,17,1,0,0,0.577,0.0129,15555
893,51,-18.233,0,4,21,1,0,0,0.576,0.0129,15606
894,9,-15.274,0,1,4,1,0,0,0.576,0.0129,15615
895,39,-16.327,0,5,24,1,0,0,0.575,0.0128,15654
896,18,-14.241,0,4,8,1,0,0,0.575,0.0128,15672
897,96,-13.675,0,5,27,1,0,0,0.574,0.0128,15768
898,21,-13.24,0,3,4,1,0,0,0.574,0.0128,15789
899,10,-14.199,0,2,4,1,0,0,0.573,0.0128,15799
900,13,-14.499,0,1,4,1,0,0,0.573,0.0128,15812
901,46,-12.387,0,8,9,1,0,0,0.573,0.0128,15858
902,27,-14.148,0,6,7,1,0,0,0.572,0.0128,15885
903,31,-15.935,0,6,12,1,0,0,0.572,0.0128,15916
904,14,-12.609,0,3,6,1,0,0,0.571,0.0128,15930
905,22,-14.88,0,3,9,1,0,0,0.571,0.0128,15952
906,21,-14.265,0,3,8,1,0,0,0.57,0.0128,15973
907,12,-13.906,0,3,5,1,0,0,0.57,0.0128,15985
908,20,-12.215,0,3,7,1,0,0,0.569,0.0127,16005
909,73,-17.735,0,5,30,1,0,0,0.569,0.0127,16078
910,62,-18.542,0,4,29,1,0,0,0.568,0.0127,16140
911,56,-15.031,0,10,26,1,0,0,0.568,0.0127,16196
912,19,-14.544,0,4,9,1,0,0,0.567,0.0127,16215
913,29,-12.028,0,6,7,1,0,0,0.567,0.0127,16244
914,22,-15.6,0,2,11,1,0,0,0.566,0.0127,16266
915,72,-16.402,0,12,21,1,0,0,0.566,0.0127,16338
916,5,-15.382,0,3,1,1,0,0,0.565,0.0127,16343
917,65,-18.264,0,2,26,1,0,0,0.565,0.0127,16408
918,118,-16.027,0,11,26,1,0,0,0.564,0.0127,16526
919,60,-16.966,0,5,21,1,0,0,0.564,0.0127,16586
920,14,-15.122,0,3,7,1,0,0,0.563,0.0126,16600
921,12,-14.312,0,2,4,1,0,0,0.563,0.0126,16612
922,44,-16.723,0,2,21,1,0,0,0.563,0.0126,16656
923,5,-13.452,0,3,3,1,0,0,0.562,0.0126,16661
924,42,-15.635,0,4,18,1,0,0,0.562,0.0126,16703
925,20,-11.996,0,3,13,1,0,0,0.561,0.0126,16723
926,93,-20.633,0,7,51,1,0,0,0.561,0.0126,16816
927,13,-14.566,0,3,2,1,0,0,0.56,0.0126,16829
928,51,-13.77,0,3,17,1,0,0,0.56,0.0126,16880
929,5,-14.917,0,3,2,1,0,0,0.559,0.0126,16885
930,50,-14.539,0,9,19,1,0,0,0.559,0.0126,16935
931,35,-16.801,0,2,15,1,0,0,0.558,0.0126,16970
932,29,-14.92,0,4,8,1,0,0,0.558,0.0126,16999
933,44,-13.236,0,8,21,1,0,0,0.557,0.0125,17043
934,11,-14.88,0,2,4,1,0,0,0.557,0.0125,17054
935,8,-16.209,0,4,6,1,0,0,0.556,0.0125,17062
936,24,-13.698,0,8,9,1,0,0,0.556,0.0125,17086
937,36,-12.029,0,2,15,1,0,0,0.555,0.0125,17122
938,36,-11.757,1,9,9,1,0,0,0.555,0.0125,17158
939,82,-18.379,1,8,30,1,0,0,0.554,0.0125,17240
940,26,-13.252,0,4,10,1,0,0,0.554,0.0125,17266
941,17,-16.014,0,2,4,1,0,0,0.553,0.0125,17283
942,29,-14.845,0,3,9,1,0,0,0.553,0.0125,17312
943,5,-15.096,0,2,3,1,0,0,0.553,0.0125,17317
944,5,-14.712,0,3,0,1,0,0,0.552,0.0125,17322
945,36,-14.897,0,4,15,1,0,0,0.552,0.0124,17358
946,22,-13.696,0,4,3,1,0,0,0.551,0.0124,17380
947,62,-7.136,0,5,22,0,0,0,0.551,0.0124,17442
948,7,-11.682,0,2,1,1,0,0,0.55,0.0124,17449
949,96,-20.34,0,11,47,1,0,0,0.55,0.0124,17545
950,13,-14.497,0,1,5,1,0,0,0.549,0.0124,17558
951,31,-14.177,0,8,15,1,0,0,0.549,0.0124,17589
952,5,-14.882,0,3,1,1,0,0,0.548,0.0124,17594
953,44,-11.748,0,5,10,1,0,0,0.548,0.0124,17638
954,49,-11.617,0,4,13,1,0,0,0.547,0.0124,17687
955,9,-14.747,0,2,5,1,0,0,0.547,0.0124,17696
956,54,-16.511,0,7,20,1,0,0,0.546,0.0124,17750
957,7,-14.196,0,2,4,1,0,0,0.546,0.0124,17757
958,5,-11.77,0,2,1,1,0,0,0.545,0.0123,17762
959,17,-13.687,0,5,5,1,0,0,0.545,0.0123,17779
960,45,-12.075,0,2,12,0,0,0,0.544,0.0123,17824
961,38,-14.599,0,5,14,1,0,0,0.544,0.0123,17862
962,21,-16.069,0,2,7,1,0,0,0.544,0.0123,17883
963,88,-19.333,0,3,22,1,0,0,0.543,0.0123,17971
964,22,-15.22,0,3,7,1,0,0,0.543,0.0123,17993
965,17,-13.629,0,6,5,1,0,0,0.542,0.0123,18010
966,6,-13.081,0,2,3,1,0,0,0.542,0.0123,18016
967,14,-12.973,0,5,6,1,0,0,0.541,0.0123,18030
968,5,-12.448,0,1,3,1,0,0,0.541,0.0123,18035
969,84,-17.717,1,5,29,1,0,0,0.54,0.0123,18119
970,6,-15.171,0,2,3,1,0,0,0.54,0.0122,18125
971,40,-13.887,0,5,8,1,0,0,0.539,0.0122,18165
972,50,-16.711,0,5,18,1,0,0,0.539,0.0122,18215
973,41,-15.739,0,4,15,1,0,0,0.538,0.0122,18256
974,54,-16.272,0,6,20,1,0,0,0.538,0.0122,18310
975,38,-17.657,0,2,15,1,0,0,0.537,0.0122,18348
976,6,-13.346,0,4,2,1,0,0,0.537,0.0122,18354
977,8,-15.595,0,4,3,1,0,0,0.536,0.0122,18362
978,74,-19.023,0,5,30,1,0,0,0.536,0.0122,18436
979,46,-16.758,0,3,18,1,0,0,0.535,0.0122,18482
980,5,-13.817,0,4,2,1,0,0,0.535,0.0122,18487
981,52,-16.618,0,9,21,1,0,0,0.534,0.0122,18539
982,55,-14.819,0,4,17,1,0,0,0.534,0.0122,18594
983,16,-15.175,0,1,6,1,0,0,0.534,0.0121,18610
984,46,-11.822,0,0,13,0,0,0,0.533,0.0121,18656
985,25,-12.415,0,2,7,1,0,0,0.533,0.0121,18681
986,27,-13.146,0,5,7,1,0,0,0.532,0.0121,18708
987,44,-15.563,0,7,17,1,0,0,0.532,0.0121,18752
988,78,-17.404,0,7,28,1,0,0,0.531,0.0121,18830
989,7,-16.135,0,4,4,1,0,0,0.531,0.0121,18837
990,10,-13.992,0,4,1,1,0,0,0.53,0.0121,18847
991,19,-12.718,0,6,5,1,0,0,0.53,0.0121,18866
992,8,-11.21,0,3,0,1,0,0,0.529,0.0121,18874
993,76,-18.935,0,6,35,1,0,0,0.529,0.0121,18950
994,20,-14.48,0,6,9,1,0,0,0.528,0.0121,18970
995,26,-15.893,0,3,15,1,0,0,0.528,0.012,18996
996,43,-13.743,0,5,17,1,0,0,0.527,0.012,19039
997,7,-10.991,0,3,2,1,0,0,0.527,0.012,19046
998,26,-14.091,0,4,14,1,0,0,0.526,0.012,19072
999,7,-12.905,0,1,1,1,0,0,0.526,0.012,19079
1000,6,-13.986,0,2,3,1,0,0,0.525,0.012,19085
1001,17,-13.322,0,1,5,1,0,0,0.525,0.012,19102
1002,16,-15.444,0,3,4,1,0,0,0.525,0.012,19118
1003,6,-13.496,0,3,2,1,0,0,0.524,0.012,19124
1004,33,-15.296,0,4,11,1,0,0,0.524,0.012,19157
1005,6,-13.96,0,1,2,1,0,0,0.523,0.012,19163
1006,16,-14.504,0,3,6,1,0,0,0.523,0.012,19179
1007,17,-13.659,0,1,5,1,0,0,0.522,0.012,19196
1008,5,-15.852,0,4,3,1,0,0,0.522,0.0119,19201
1009,9,-10.011,0,2,0,1,0,0,0.521,0.0119,19210
1010,5,-15.519,0,4,4,1,0,0,0.521,0.0119,19215
1011,44,-15.056,0,8,15,1,0,0,0.52,0.0119,19259
1012,7,-13.138,0,3,4,1,0,0,0.52,0.0119,19266
1013,34,-14.972,0,3,3,1,0,0,0.519,0.0119,19300
1014,16,-10.891,0,3,8,1,0,0,0.519,0.0119,19316
1015,33,-13.633,0,5,12,1,0,0,0.518,0.0119,19349
1016,12,-12.021,0,2,4,1,0,0,0.518,0.0119,19361
1017,11,-11.472,0,3,4,1,0,0,0.517,0.0119,19372
1018,24,-12.557,0,5,6,1,0,0,0.517,0.0119,19396
1019,38,-14.327,0,5,15,1,0,0,0.516,0.0119,19434
1020,5,-14.807,0,2,0,1,0,0,0.516,0.0118,19439
1021,5,-14.392,0,4,3,1,0,0,0.515,0.0118,19444
1022,24,-12.935,0,1,8,1,0,0,0.515,0.0118,19468
1023,5,-14.947,0,3,3,1,0,0,0.515,0.0118,19473
1024,40,-15.398,0,4,15,1,0,0,0.514,0.0118,19513
1025,19,-12.813,0,5,7,1,0,0,0.514,0.0118,19532
1026,10,-15.444,0,3,5,1,0,0,0.513,0.0118,19542
1027,23,-15.106,0,3,10,1,0,0,0.513,0.0118,19565
1028,5,-13.221,0,4,2,1,0,0,0.512,0.0118,19570
1029,14,-12.642,0,4,5,1,0,0,0.512,0.0118,19584
1030,132,-21.246,0,9,48,1,0,0,0.511,0.0118,19716
1031,5,-14.947,0,3,3,1,0,0,0.511,0.0118,19721
1032,20,-15.451,0,4,6,1,0,0,0.51,0.0118,19741
1033,17,-10.575,0,3,7,1,0,0,0.51,0.0117,19758
1034,101,-20.036,0,7,46,1,0,0,0.509,0.0117,19859
1035,13,-12.885,0,3,5,1,0,0,0.509,0.0117,19872
1036,13,-15.793,0,3,5,1,0,0,0.508,0.0117,19885
1037,21,-15.755,0,3,1,1,0,0,0.508,0.0117,19906
1038,5,-14.836,0,3,1,1,0,0,0.507,0.0117,19911
1039,55,-16.824,0,5,19,1,0,0,0.507,0.0117,19966
1040,20,-15.505,0,4,5,1,0,0,0.506,0.0117,19986
1041,55,-16.806,0,4,15,1,0,0,0.506,0.0117,20041
1042,6,-14.037,0,2,3,1,0,0,0.506,0.0117,20047
1043,11,-14.065,0,3,3,1,0,0,0.505,0.0117,20058
1044,9,-15.3,0,3,5,1,0,0,0.505,0.0117,20067
1045,88,-18.682,0,3,25,1,0,0,0.504,0.0116,20155
1046,5,-14.816,0,4,2,1,0,0,0.504,0.0116,20160
1047,20,-13.04,0,2,6,1,0,0,0.503,0.0116,20180
1048,39,-15.765,0,5,10,1,0,0,0.503,0.0116,20219
1049,82,-20.363,0,11,41,1,0,0,0.502,0.0116,20301
1050,50,-15.196,0,4,14,1,0,0,0.502,0.0116,20351
1051,6,-15.084,0,3,4,1,0,0,0.501,0.0116,20357
1052,10,-14.126,0,2,3,1,0,0,0.501,0.0116,20367
1053,13,-12.113,0,3,5,1,0,0,0.5,0.0116,20380
1054,49,-13.821,0,4,20,1,0,0,0.5,0.0116,20429
1055,33,-11.298,0,2,13,1,0,0,0.499,0.0116,20462
1056,31,-16.043,0,4,15,1,0,0,0.499,0.0116,20493
1057,49,-15.81,1,5,15,1,0,0,0.498,0.0116,20542
1058,15,-15.062,0,3,6,1,0,0,0.498,0.0115,20557
1059,52,-16.908,0,4,23,1,0,0,0.497,0.0115,20609
1060,34,-14.272,0,4,14,1,0,0,0.497,0.0115,20643
1061,6,-15.381,0,4,3,1,0,0,0.496,0.0115,20649
1062,18,-15.924,0,5,7,1,0,0,0.496,0.0115,20667
1063,85,-19.557,0,3,34,1,0,0,0.496,0.0115,20752
1064,20,-12.19,0,1,5,1,0,0,0.495,0.0115,20772
1065,86,-20.571,0,7,45,1,0,0,0.495,0.0115,20858
1066,27,-16.268,0,3,10,1,0,0,0.494,0.0115,20885
1067,22,-16.0,0,3,6,1,0,0,0.494,0.0115,20907
1068,9,-12.416,0,3,2,1,0,0,0.493,0.0115,20916
1069,74,-19.988,0,3,41,1,0,0,0.493,0.0115,20990
1070,22,-11.716,0,6,8,1,0,0,0.492,0.0114,21012
1071,13,-15.131,0,1,6,1,0,0,0.492,0.0114,21025
1072,148,-19.699,0,9,54,1,0,0,0.491,0.0114,21173
1073,22,-12.601,0,3,6,1,0,0,0.491,0.0114,21195
1074,23,-14.09,0,2,7,1,0,0,0.49,0.0114,21218
1075,68,-18.568,0,6,34,1,0,0,0.49,0.0114,21286
1076,16,-12.696,0,5,6,1,0,0,0.489,0.0114,21302
1077,51,-14.289,0,2,23,1,0,0,0.489,0.0114,21353
1078,78,-16.53,0,6,27,1,0,0,0.488,0.0114,21431
1079,34,-17.311,0,6,17,1,0,0,0.488,0.0114,21465
1080,5,-15.451,0,3,3,1,0,0,0.487,0.0114,21470
1081,12,-15.056,0,0,3,1,0,0,0.487,0.0114,21482
1082,37,-14.235,0,1,17,1,0,0,0.487,0.0114,21519
1083,82,-17.161,0,3,27,1,0,0,0.486,0.0113,21601
1084,8,-13.534,0,0,4,1,0,0,0.486,0.0113,21609
1085,71,-15.9,0,7,14,1,0,0,0.485,0.0113,21680
1086,12,-14.228,0,3,8,1,0,0,0.485,0.0113,21692
1087,10,-13.7,0,4,4,1,0,0,0.484,0.0113,21702
1088,60,-16.935,0,9,24,1,0,0,0.484,0.0113,21762
1089,5,-15.517,0,2,2,1,0,0,0.483,0.0113,21767
1090,42,-16.0,0,4,16,1,0,0,0.483,0.0113,21809
1091,12,-14.831,0,3,5,1,0,0,0.482,0.0113,21821
1092,67,-17.532,0,6,28,1,0,0,0.482,0.0113,21888
1093,127,-18.776,0,7,42,1,0,0,0.481,0.0113,22015
1094,45,-13.235,0,3,13,1,0,0,0.481,0.0113,22060
1095,127,-8.654,0,11,47,0,0,0,0.48,0.0112,22187
1096,6,-13.486,0,4,2,1,0,0,0.48,0.0112,22193
1097,5,-14.94,0,3,2,1,0,0,0.479,0.0112,22198
1098,40,-15.973,1,6,12,1,0,0,0.479,0.0112,22238
1099,46,-15.386,0,4,15,1,0,0,0.478,0.0112,22284
1100,62,-17.816,0,5,19,1,0,0,0.478,0.0112,22346
1101,31,-17.101,0,4,12,1,0,0,0.477,0.0112,22377
1102,68,-16.125,0,7,32,1,0,0,0.477,0.0112,22445
1103,102,-16.631,0,6,28,1,0,0,0.477,0.0112,22547
1104,22,-14.844,0,2,10,1,0,0,0.476,0.0112,22569
1105,16,-12.17,0,2,4,1,0,0,0.476,0.0112,22585
1106,19,-12.71,0,5,7,1,0,0,0.475,0.0112,22604
1107,17,-13.73,0,7,7,1,0,0,0.475,0.0112,22621
1108,81,-17.189,0,6,29,1,0,0,0.474,0.0111,22702
1109,38,-14.39,0,5,13,1,0,0,0.474,0.0111,22740
1110,13,-15.44,0,3,5,1,0,0,0.473,0.0111,22753
1111,128,-21.319,0,7,49,1,0,0,0.473,0.0111,22881
1112,6,-15.406,0,3,2,1,0,0,0.472,0.0111,22887
1113,46,-15.95,0,7,18,1,0,0,0.472,0.0111,22933
1114,30,-16.816,0,6,9,1,0,0,0.471,0.0111,22963
1115,61,-16.45,0,5,24,1,0,0,0.471,0.0111,23024
1116,29,-17.043,0,3,9,1,0,0,0.47,0.0111,23053
1117,52,-15.033,0,5,23,1,0,0,0.47,0.0111,23105
1118,36,-15.625,0,6,10,1,0,0,0.469,0.0111,23141
1119,22,-14.579,0,6,12,1,0,0,0.469,0.0111,23163
1120,5,-14.684,0,4,1,1,0,0,0.468,0.011,23168
1121,14,-15.441,0,3,4,1,0,0,0.468,0.011,23182
1122,58,-17.545,0,4,24,1,0,0,0.468,0.011,23240
1123,18,-15.078,0,6,8,1,0,0,0.467,0.011,23258
1124,31,-12.437,0,3,8,1,0,0,0.467,0.011,23289
1125,8,-13.575,0,2,2,1,0,0,0.466,0.011,23297
1126,68,-16.071,0,8,19,1,0,0,0.466,0.011,23365
1127,20,-15.548,0,3,6,1,0,0,0.465,0.011,23385
1128,8,-15.44,0,3,1,1,0,0,0.465,0.011,23393
1129,17,-9.922,0,3,4,1,0,0,0.464,0.011,23410
1130,39,-17.082,0,6,14,1,0,0,0.464,0.011,23449
1131,31,-15.663,0,4,10,1,0,0,0.463,0.011,23480
1132,69,-16.429,0,11,24,1,0,0,0.463,0.011,23549
1133,6,-14.466,0,4,4,1,0,0,0.462,0.0109,23555
1134,133,-16.565,0,10,39,1,0,0,0.462,0.0109,23688
1135,89,-18.665,1,7,36,1,0,0,0.461,0.0109,23777
1136,11,-14.718,0,3,5,1,0,0,0.461,0.0109,23788
1137,50,-16.923,0,4,21,1,0,0,0.46,0.0109,23838
1138,70,-16.514,1,13,26,1,0,0,0.46,0.0109,23908
1139,8,-14.09,0,3,4,1,0,0,0.459,0.0109,23916
1140,14,-12.317,0,6,5,1,0,0,0.459,0.0109,23930
1141,57,-18.051,0,2,32,1,0,0,0.459,0.0109,23987
1142,53,-11.681,0,3,8,1,0,0,0.458,0.0109,24040
1143,174,-20.711,0,7,64,1,0,0,0.458,0.0109,24214
1144,7,-11.821,0,3,1,1,0,0,0.457,0.0109,24221
1145,51,-12.519,0,9,20,1,0,0,0.457,0.0108,24272
1146,18,-16.137,0,3,6,1,0,0,0.456,0.0108,24290
1147,13,-10.43,0,3,3,1,0,0,0.456,0.0108,24303
1148,65,-19.253,0,4,29,1,0,0,0.455,0.0108,24368
1149,37,-17.126,0,5,20,1,0,0,0.455,0.0108,24405
1150,45,-12.933,1,7,12,1,0,0,0.454,0.0108,24450
1151,5,-13.332,0,3,1,1,0,0,0.454,0.0108,24455
1152,22,-15.016,0,3,7,1,0,0,0.453,0.0108,24477
1153,58,-17.022,0,5,27,1,0,0,0.453,0.0108,24535
1154,15,-15.467,0,2,8,1,0,0,0.452,0.0108,24550
1155,29,-13.715,0,3,12,1,0,0,0.452,0.0108,24579
1156,123,-16.346,1,8,34,1,0,0,0.451,0.0108,24702
1157,23,-16.039,0,3,12,1,0,0,0.451,0.0108,24725
1158,45,-16.406,0,5,18,1,0,0,0.45,0.0107,24770
1159,37,-11.476,0,5,13,1,0,0,0.45,0.0107,24807
1160,5,-15.417,0,3,2,1,0,0,0.449,0.0107,24812
1161,75,-18.426,0,10,30,1,0,0,0.449,0.0107,24887
1162,51,-14.869,0,9,19,1,0,0,0.449,0.0107,24938
1163,8,-12.957,0,3,3,1,0,0,0.448,0.0107,24946
1164,8,-12.182,0,3,2,1,0,0,0.448,0.0107,24954
1165,21,-13.254,0,8,8,1,0,0,0.447,0.0107,24975
1166,6,-15.35,0,4,2,1,0,0,0.447,0.0107,24981
1167,28,-12.035,0,5,14,1,0,0,0.446,0.0107,25009
1168,163,-23.22,0,11,68,1,0,0,0.446,0.0107,25172
1169,48,-14.704,0,8,19,1,0,0,0.445,0.0107,25220
1170,60,-16.733,0,6,20,1,0,0,0.445,0.0106,25280
1171,205,-21.148,1,12,57,1,0,0,0.444,0.0106,25485
1172,134,-22.104,0,8,65,1,0,0,0.444,0.0106,25619
1173,16,-14.37,0,6,5,1,0,0,0.443,0.0106,25635
1174,85,-16.817,0,6,34,1,0,0,0.443,0.0106,25720
1175,40,-16.012,0,3,17,1,0,0,0.442,0.0106,25760
1176,9,-15.061,0,3,2,1,0,0,0.442,0.0106,25769
1177,53,-16.086,0,7,24,1,0,0,0.441,0.0106,25822
1178,9,-14.597,0,3,4,1,0,0,0.441,0.0106,25831
1179,20,-15.619,0,4,6,1,0,0,0.44,0.0106,25851
1180,59,-15.985,0,3,22,1,0,0,0.44,0.0106,25910
1181,20,-14.768,0,4,7,1,0,0,0.44,0.0106,25930
1182,17,-13.746,0,3,6,1,0,0,0.439,0.0106,25947
1183,24,-15.015,0,4,10,1,0,0,0.439,0.0105,25971
1184,17,-15.458,0,4,6,1,0,0,0.438,0.0105,25988
1185,20,-15.71,0,2,4,1,0,0,0.438,0.0105,26008
1186,76,-14.272,0,6,30,1,0,0,0.437,0.0105,26084
1187,34,-18.198,0,4,14,1,0,0,0.437,0.0105,26118
1188,90,-14.337,1,8,31,1,0,0,0.436,0.0105,26208
1189,36,-16.559,0,4,9,1,0,0,0.436,0.0105,26244
1190,39,-13.324,0,5,15,1,0,0,0.435,0.0105,26283
1191,34,-15.24,0,10,11,1,0,0,0.435,0.0105,26317
1192,58,-14.041,0,8,10,1,0,0,0.434,0.0105,26375
1193,107,-18.929,0,13,41,1,0,0,0.434,0.0105,26482
1194,41,-15.75,0,7,14,1,0,0,0.433,0.0105,26523
1195,11,-14.677,0,3,5,1,0,0,0.433,0.0104,26534
1196,49,-14.078,0,5,18,1,0,0,0.432,0.0104,26583
1197,41,-16.05,0,8,14,1,0,0,0.432,0.0104,26624
1198,6,-11.478,0,3,3,1,0,0,0.431,0.0104,26630
1199,66,-14.479,1,9,21,1,0,0,0.431,0.0104,26696
1200,66,-15.177,0,12,22,1,0,0,0.43,0.0104,26762
1201,5,-15.692,0,1,3,1,0,0,0.43,0.0104,26767
1202,28,-11.155,0,3,7,1,0,0,0.43,0.0104,26795
1203,46,-14.045,0,5,17,1,0,0,0.429,0.0104,26841
1204,67,-16.219,0,5,17,1,0,0,0.429,0.0104,26908
1205,34,-10.904,0,5,11,1,0,0,0.428,0.0104,26942
1206,19,-10.998,0,5,5,1,0,0,0.428,0.0104,26961
1207,88,-18.152,0,5,33,1,0,0,0.427,0.0104,27049
1208,51,-17.422,0,3,21,1,0,0,0.427,0.0103,27100
1209,14,-13.815,0,4,6,1,0,0,0.426,0.0103,27114
1210,5,-15.317,0,4,2,1,0,0,0.426,0.0103,27119
1211,48,-15.525,0,7,22,1,0,0,0.425,0.0103,27167
1212,11,-12.332,0,1,6,1,0,0,0.425,0.0103,27178
1213,118,-19.072,0,2,29,1,0,0,0.424,0.0103,27296
1214,10,-14.122,0,3,3,1,0,0,0.424,0.0103,27306
1215,58,-17.297,0,6,28,1,0,0,0.423,0.0103,27364
1216,89,-18.441,0,9,28,1,0,0,0.423,0.0103,27453
1217,12,-12.035,0,3,2,1,0,0,0.422,0.0103,27465
1218,66,-15.745,0,2,10,1,0,0,0.422,0.0103,27531
1219,5,-14.686,0,4,1,1,0,0,0.421,0.0103,27536
1220,23,-14.905,0,3,7,1,0,0,0.421,0.0102,27559
1221,50,-8.573,0,3,20,0,0,0,0.42,0.0102,27609
1222,62,-18.23,0,3,29,1,0,0,0.42,0.0102,27671
1223,145,-24.66,0,3,61,1,0,0,0.42,0.0102,27816
1224,5,-14.817,0,4,2,1,0,0,0.419,0.0102,27821
1225,35,-16.576,0,6,15,1,0,0,0.419,0.0102,27856
1226,14,-14.297,0,3,4,1,0,0,0.418,0.0102,27870
1227,112,-21.186,0,7,45,1,0,0,0.418,0.0102,27982
1228,13,-12.004,0,2,6,1,0,0,0.417,0.0102,27995
1229,20,-12.622,0,1,5,1,0,0,0.417,0.0102,28015
1230,53,-17.323,0,4,25,1,0,0,0.416,0.0102,28068
1231,40,-5.995,0,2,14,0,0,0,0.416,0.0102,28108
1232,250,-21.229,2,17,99,1,0,0,0.415,0.0102,28358
1233,31,-15.321,0,6,13,1,0,0,0.415,0.0101,28389
1234,11,-12.509,0,5,6,1,0,0,0.414,0.0101,28400
1235,49,-15.125,0,8,16,1,0,0,0.414,0.0101,28449
1236,14,-15.995,0,2,4,1,0,0,0.413,0.0101,28463
1237,40,-13.506,0,9,17,1,0,0,0.413,0.0101,28503
1238,5,-15.11,0,3,3,1,0,0,0.412,0.0101,28508
1239,37,-16.5,0,5,13,1,0,0,0.412,0.0101,28545
1240,41,-17.045,0,3,20,1,0,0,0.411,0.0101,28586
1241,21,-13.99,0,6,4,1,0,0,0.411,0.0101,28607
1242,85,-15.754,1,6,20,1,0,0,0.411,0.0101,28692
1243,42,-11.957,0,6,5,1,0,0,0.41,0.0101,28734
1244,154,-21.32,1,13,53,1,0,0,0.41,0.0101,28888
1245,36,-16.828,0,7,13,1,0,0,0.409,0.01,28924
1246,8,-10.202,0,2,1,1,0,0,0.409,0.01,28932
1247,130,-21.525,0,13,57,1,0,0,0.408,0.01,29062
1248,20,-15.024,0,4,8,1,0,0,0.408,0.01,29082
1249,23,-15.159,0,5,14,1,0,0,0.407,0.01,29105
1250,11,-15.509,0,4,3,1,0,0,0.407,0.01,29116
1251,22,-11.287,0,7,3,1,0,0,0.406,0.01,29138
1252,75,-18.891,0,6,25,1,0,0,0.406,0.01,29213
1253,76,-17.133,0,9,25,1,0,0,0.405,0.01,29289
1254,76,-19.065,0,7,40,1,0,0,0.405,0.01,29365
1255,71,-14.494,0,6,12,1,0,0,0.404,0.01,29436
1256,59,-18.248,0,7,29,1,0,0,0.404,0.01,29495
1257,65,-8.652,0,6,23,0,0,0,0.403,0.01,29560
1258,35,-15.857,0,3,8,1,0,0,0.403,0.0099,29595
1259,15,-15.905,0,2,10,1,0,0,0.402,0.0099,29610
1260,167,-21.35,1,11,76,1,0,0,0.402,0.0099,29777
1261,10,-13.954,0,1,4,1,0,0,0.401,0.0099,29787
1262,29,-11.797,0,3,5,1,0,0,0.401,0.0099,29816
1263,67,-16.211,0,7,29,1,0,0,0.401,0.0099,29883
1264,113,-19.574,0,5,32,1,0,0,0.4,0.0099,29996
1265,59,-17.64,0,4,16,1,0,0,0.4,0.0099,30055
1266,38,-13.471,0,4,11,1,0,0,0.399,0.0099,30093
1267,68,-17.779,0,4,30,1,0,0,0.399,0.0099,30161
1268,66,-14.954,0,5,16,1,0,0,0.398,0.0099,30227
1269,12,-13.142,0,2,8,1,0,0,0.398,0.0099,30239
1270,111,-20.269,0,7,39,1,0,0,0.397,0.0098,30350
1271,70,-16.386,0,8,29,1,0,0,0.397,0.0098,30420
1272,7,-11.303,0,3,1,1,0,0,0.396,0.0098,30427
1273,5,-13.397,0,4,3,1,0,0,0.396,0.0098,30432
1274,87,-11.064,0,6,25,0,0,0,0.395,0.0098,30519
1275,6,-12.582,0,2,3,1,0,0,0.395,0.0098,30525
1276,46,-15.218,0,3,7,1,0,0,0.394,0.0098,30571
1277,102,-19.497,1,4,31,1,0,0,0.394,0.0098,30673
1278,20,-13.186,0,4,11,1,0,0,0.393,0.0098,30693
1279,28,-10.98,0,3,8,1,0,0,0.393,0.0098,30721
1280,162,-18.344,1,17,43,1,0,0,0.392,0.0098,30883
1281,41,-13.002,0,1,13,1,0,0,0.392,0.0098,30924
1282,9,-15.51,0,3,2,1,0,0,0.392,0.0098,30933
1283,5,-14.772,0,4,2,1,0,0,0.391,0.0097,30938
1284,29,-14.394,0,4,4,1,0,0,0.391,0.0097,30967
1285,43,-14.943,0,5,8,1,0,0,0.39,0.0097,31010
1286,206,-25.437,0,14,91,1,0,0,0.39,0.0097,31216
1287,81,-14.145,0,11,28,1,0,0,0.389,0.0097,31297
1288,51,-15.191,0,5,17,1,0,0,0.389,0.0097,31348
1289,37,-15.156,0,4,14,1,0,0,0.388,0.0097,31385
1290,51,-16.066,0,3,15,1,0,0,0.388,0.0097,31436
1291,56,-16.246,1,7,20,1,0,0,0.387,0.0097,31492
1292,60,-18.184,0,3,28,1,0,0,0.387,0.0097,31552
1293,75,-21.098,0,5,33,1,0,0,0.386,0.0097,31627
1294,62,-17.355,0,7,22,1,0,0,0.386,0.0097,31689
1295,10,-14.812,0,3,7,1,0,0,0.385,0.0096,31699
1296,87,-14.553,0,4,35,1,0,0,0.385,0.0096,31786
1297,123,-15.8,0,7,28,1,0,0,0.384,0.0096,31909
1298,66,-11.471,0,8,13,1,0,0,0.384,0.0096,31975
1299,183,-23.154,0,13,69,1,0,0,0.383,0.0096,32158
1300,82,-15.884,0,9,32,1,0,0,0.383,0.0096,32240
1301,28,-15.025,0,4,11,1,0,0,0.382,0.0096,32268
1302,17,-13.086,0,2,8,1,0,0,0.382,0.0096,32285
1303,20,-12.97,0,6,4,1,0,0,0.382,0.0096,32305
1304,25,-15.577,0,4,5,1,0,0,0.381,0.0096,32330
1305,5,-15.309,0,3,1,1,0,0,0.381,0.0096,32335
1306,93,-16.335,0,16,30,1,0,0,0.38,0.0096,32428
1307,13,-16.499,0,2,5,1,0,0,0.38,0.0096,32441
1308,70,-14.047,0,13,21,1,0,0,0.379,0.0095,32511
1309,11,-13.564,0,3,2,1,0,0,0.379,0.0095,32522
1310,130,-19.982,1,7,54,1,0,0,0.378,0.0095,32652
1311,90,-15.902,1,7,26,1,0,0,0.378,0.0095,32742
1312,57,-19.083,0,5,25,1,0,0,0.377,0.0095,32799
1313,50,-14.092,0,2,16,1,0,0,0.377,0.0095,32849
1314,69,-18.976,0,5,31,1,0,0,0.376,0.0095,32918
1315,78,-19.141,0,9,32,1,0,0,0.376,0.0095,32996
1316,31,-11.737,0,3,5,1,0,0,0.375,0.0095,33027
1317,19,-14.448,0,7,8,1,0,0,0.375,0.0095,33046
1318,6,-9.437,0,3,0,1,0,0,0.374,0.0095,33052
1319,11,-14.992,0,3,5,1,0,0,0.374,0.0095,33063
1320,58,-16.843,0,6,29,1,0,0,0.373,0.0094,33121
1321,25,-12.835,0,6,7,1,0,0,0.373,0.0094,33146
1322,57,-11.729,0,0,8,0,0,0,0.373,0.0094,33203
1323,136,-19.579,0,7,48,1,0,0,0.372,0.0094,33339
1324,169,-15.811,1,11,64,1,0,0,0.372,0.0094,33508
1325,53,-10.581,0,8,16,1,0,0,0.371,0.0094,33561
1326,76,-17.326,1,9,32,1,0,0,0.371,0.0094,33637
1327,81,-12.678,1,8,26,1,0,0,0.37,0.0094,33718
1328,40,-12.337,0,5,9,1,0,0,0.37,0.0094,33758
1329,40,-14.947,0,3,6,1,0,0,0.369,0.0094,33798
1330,102,-17.304,1,7,26,1,0,0,0.369,0.0094,33900
1331,93,-18.696,0,8,38,1,0,0,0.368,0.0094,33993
1332,36,-16.195,0,3,19,1,0,0,0.368,0.0094,34029
1333,44,-14.121,0,7,12,1,0,0,0.367,0.0093,34073
1334,143,-20.607,0,6,41,1,0,0,0.367,0.0093,34216
1335,68,-11.657,0,4,15,1,0,0,0.366,0.0093,34284
1336,106,-17.117,0,2,15,1,0,0,0.366,0.0093,34390
1337,75,-14.711,0,9,21,1,0,0,0.365,0.0093,34465
1338,39,-15.453,0,9,13,1,0,0,0.365,0.0093,34504
1339,209,-19.851,1,19,68,1,0,0,0.364,0.0093,34713
1340,241,-20.787,1,19,58,1,0,0,0.364,0.0093,34954
1341,201,-20.246,0,13,58,1,0,0,0.363,0.0093,35155
1342,130,-15.846,0,10,45,1,0,0,0.363,0.0093,35285
1343,133,-17.678,1,12,42,1,0,0,0.363,0.0093,35418
1344,93,-16.365,0,10,36,1,0,0,0.362,0.0093,35511
1345,69,-17.279,0,6,20,1,0,0,0.362,0.0092,35580
1346,57,-16.326,0,8,15,1,0,0,0.361,0.0092,35637
1347,141,-18.224,1,15,53,1,0,0,0.361,0.0092,35778
1348,34,-12.51,0,3,6,1,0,0,0.36,0.0092,35812
1349,28,-10.652,0,6,5,1,0,0,0.36,0.0092,35840
1350,47,-16.197,0,9,16,1,0,0,0.359,0.0092,35887
1351,19,-12.371,0,5,5,1,0,0,0.359,0.0092,35906
1352,85,-14.317,0,9,34,1,0,0,0.358,0.0092,35991
1353,31,-11.155,0,4,12,1,0,0,0.358,0.0092,36022
1354,78,-16.563,0,6,15,1,0,0,0.357,0.0092,36100
1355,194,-18.52,1,15,59,1,0,0,0.357,0.0092,36294
1356,40,-12.71,0,5,7,1,0,0,0.356,0.0092,36334
1357,69,-15.983,0,7,31,1,0,0,0.356,0.0092,36403
1358,16,-13.566,0,5,4,1,0,0,0.355,0.0091,36419
1359,44,-15.039,0,5,10,1,0,0,0.355,0.0091,36463
1360,73,-16.902,1,5,18,1,0,0,0.354,0.0091,36536
1361,65,-12.704,2,9,15,1,0,0,0.354,0.0091,36601
1362,176,-19.843,0,14,66,1,0,0,0.354,0.0091,36777
1363,27,-15.36,0,2,14,1,0,0,0.353,0.0091,36804
1364,46,-13.757,0,2,9,1,0,0,0.353,0.0091,36850
1365,160,-21.183,0,14,49,1,0,0,0.352,0.0091,37010
1366,32,-14.049,0,10,8,1,0,0,0.352,0.0091,37042
1367,27,-13.644,0,2,7,1,0,0,0.351,0.0091,37069
1368,36,-14.287,0,10,11,1,0,0,0.351,0.0091,37105
1369,113,-19.061,0,7,24,1,0,0,0.35,0.0091,37218
1370,17,-15.879,0,3,4,1,0,0,0.35,0.009,37235
1371,69,-15.097,0,8,28,1,0,0,0.349,0.009,37304
1372,51,-13.383,0,5,15,1,0,0,0.349,0.009,37355
1373,30,-12.051,0,3,7,1,0,0,0.348,0.009,37385
1374,116,-13.478,0,5,49,0,0,0,0.348,0.009,37501
1375,16,-15.088,0,2,5,1,0,0,0.347,0.009,37517
1376,25,-12.977,0,3,7,1,0,0,0.347,0.009,37542
1377,30,-10.032,0,6,9,1,0,0,0.346,0.009,37572
1378,75,-14.929,0,3,23,1,0,0,0.346,0.009,37647
1379,34,-11.485,0,5,8,1,0,0,0.345,0.009,37681
1380,18,-14.795,0,1,5,1,0,0,0.345,0.009,37699
1381,53,-12.482,0,9,10,1,0,0,0.345,0.009,37752
1382,54,-17.367,0,4,16,1,0,0,0.344,0.009,37806
1383,400,-26.023,0,11,172,0,0,1,0.344,0.0089,38206
1384,83,-17.149,0,4,12,1,0,0,0.343,0.0089,38289
1385,9,-15.871,0,4,2,1,0,0,0.343,0.0089,38298
1386,132,-13.52,0,10,43,1,0,0,0.342,0.0089,38430
1387,80,-16.659,0,10,23,1,0,0,0.342,0.0089,38510
1388,98,-16.742,0,12,45,1,0,0,0.341,0.0089,38608
1389,78,-15.789,0,11,15,1,0,0,0.341,0.0089,38686
1390,45,-17.264,0,4,15,1,0,0,0.34,0.0089,38731
1391,14,-14.098,0,3,4,1,0,0,0.34,0.0089,38745
1392,14,-9.934,0,3,3,1,0,0,0.339,0.0089,38759
1393,35,-12.583,0,1,2,1,0,0,0.339,0.0089,38794
1394,106,-17.412,0,4,28,1,0,0,0.338,0.0089,38900
1395,131,-22.602,0,6,80,1,0,0,0.338,0.0088,39031
1396,75,-11.5,0,9,12,1,0,0,0.337,0.0088,39106
1397,303,-26.251,1,10,91,1,0,0,0.337,0.0088,39409
1398,125,-15.366,0,7,39,1,0,0,0.336,0.0088,39534
1399,164,-22.095,0,10,56,1,0,0,0.336,0.0088,39698
1400,6,-12.44,0,3,2,1,0,0,0.335,0.0088,39704
1401,56,-16.455,0,8,16,1,0,0,0.335,0.0088,39760
1402,73,-13.466,0,8,23,1,0,0,0.335,0.0088,39833
1403,20,-14.816,0,3,4,1,0,0,0.334,0.0088,39853
1404,22,-15.201,0,1,7,1,0,0,0.334,0.0088,39875
1405,88,-15.899,0,12,27,1,0,0,0.333,0.0088,39963
1406,162,-26.514,0,3,70,1,0,0,0.333,0.0088,40125
1407,400,-18.852,2,14,131,0,0,1,0.332,0.0088,40525
1408,83,-19.839,0,3,27,1,0,0,0.332,0.0087,40608
1409,42,-11.134,0,7,7,1,0,0,0.331,0.0087,40650
1410,10,-10.097,0,3,1,1,0,0,0.331,0.0087,40660
1411,6,-13.719,0,2,3,1,0,0,0.33,0.0087,40666
1412,6,-13.581,0,3,2,1,0,0,0.33,0.0087,40672
1413,57,-14.038,0,6,14,1,0,0,0.329,0.0087,40729
1414,121,-18.776,0,4,34,1,0,0,0.329,0.0087,40850
1415,33,-15.042,0,5,6,1,0,0,0.328,0.0087,40883
1416,138,-16.499,0,6,35,1,0,0,0.328,0.0087,41021
1417,40,-13.168,0,5,8,1,0,0,0.327,0.0087,41061
1418,33,-12.127,0,4,10,1,0,0,0.327,0.0087,41094
1419,92,-17.423,0,7,46,1,0,0,0.326,0.0087,41186
1420,39,-14.126,0,9,7,1,0,0,0.326,0.0086,41225
1421,223,-25.125,2,12,50,1,0,0,0.326,0.0086,41448
1422,9,-14.407,0,3,2,1,0,0,0.325,0.0086,41457
1423,121,-16.782,0,8,37,1,0,0,0.325,0.0086,41578
1424,48,-17.795,0,3,20,1,0,0,0.324,0.0086,41626
1425,15,-15.163,0,2,1,1,0,0,0.324,0.0086,41641
1426,132,-21.389,0,6,44,1,0,0,0.323,0.0086,41773
1427,72,-15.001,0,9,13,1,0,0,0.323,0.0086,41845
1428,116,-20.019,0,5,20,1,0,0,0.322,0.0086,41961
1429,71,-14.591,0,6,21,1,0,0,0.322,0.0086,42032
1430,37,-16.935,0,4,10,1,0,0,0.321,0.0086,42069
1431,5,-14.71,0,3,0,1,0,0,0.321,0.0086,42074
1432,233,-26.222,0,5,84,1,0,0,0.32,0.0086,42307
1433,176,-22.43,0,14,37,1,0,0,0.32,0.0085,42483
1434,117,-20.054,0,9,50,1,0,0,0.319,0.0085,42600
1435,21,-14.497,0,1,8,1,0,0,0.319,0.0085,42621
1436,184,-18.591,1,12,79,1,0,0,0.318,0.0085,42805
1437,45,-16.186,0,5,20,1,0,0,0.318,0.0085,42850
1438,46,-17.237,0,7,23,1,0,0,0.317,0.0085,42896
1439,92,-20.61,0,6,35,1,0,0,0.317,0.0085,42988
1440,128,-19.039,0,12,36,1,0,0,0.316,0.0085,43116
1441,37,-12.848,0,2,15,1,0,0,0.316,0.0085,43153
1442,400,-25.127,1,10,143,0,0,1,0.316,0.0085,43553
1443,40,-11.817,0,4,9,1,0,0,0.315,0.0085,43593
1444,61,-14.271,0,3,10,1,0,0,0.315,0.0085,43654
1445,104,-17.534,0,8,31,1,0,0,0.314,0.0084,43758
1446,108,-19.178,0,8,23,1,0,0,0.314,0.0084,43866
1447,37,-13.008,0,4,8,1,0,0,0.313,0.0084,43903
1448,217,-23.101,0,14,72,1,0,0,0.313,0.0084,44120
1449,11,-13.886,0,2,4,1,0,0,0.312,0.0084,44131
1450,126,-17.612,0,6,29,1,0,0,0.312,0.0084,44257
1451,11,-15.172,0,1,7,1,0,0,0.311,0.0084,44268
1452,89,-7.103,0,8,20,0,0,0,0.311,0.0084,44357
1453,47,-13.423,0,5,11,1,0,0,0.31,0.0084,44404
1454,14,-14.982,0,4,1,1,0,0,0.31,0.0084,44418
1455,101,-18.207,0,5,28,1,0,0,0.309,0.0084,44519
1456,94,-15.432,0,4,21,1,0,0,0.309,0.0084,44613
1457,70,-14.856,0,3,21,1,0,0,0.308,0.0084,44683
1458,7,-10.921,0,3,0,1,0,0,0.308,0.0083,44690
1459,32,-15.326,0,3,8,1,0,0,0.307,0.0083,44722
1460,134,-23.309,0,9,62,1,0,0,0.307,0.0083,44856
1461,9,-11.475,0,6,2,1,0,0,0.306,0.0083,44865
1462,24,-11.676,0,4,4,1,0,0,0.306,0.0083,44889
1463,108,-17.623,0,2,35,1,0,0,0.306,0.0083,44997
1464,65,-17.538,0,5,23,1,0,0,0.305,0.0083,45062
1465,217,-23.082,0,14,98,1,0,0,0.305,0.0083,45279
1466,72,-17.934,0,4,11,1,0,0,0.304,0.0083,45351
1467,9,-11.481,0,2,2,1,0,0,0.304,0.0083,45360
1468,204,-22.868,1,13,66,1,0,0,0.303,0.0083,45564
1469,45,-11.029,0,0,3,0,0,0,0.303,0.0083,45609
1470,20,-11.203,0,3,3,1,0,0,0.302,0.0082,45629
1471,140,-20.232,2,8,40,1,0,0,0.302,0.0082,45769
1472,308,-24.795,2,18,103,1,0,0,0.301,0.0082,46077
1473,77,-17.922,0,5,16,1,0,0,0.301,0.0082,46154
1474,65,-16.297,0,7,15,1,0,0,0.3,0.0082,46219
1475,51,-17.033,0,4,15,1,0,0,0.3,0.0082,46270
1476,241,-25.7,0,13,75,1,0,0,0.299,0.0082,46511
1477,400,-20.393,1,18,135,0,0,1,0.299,0.0082,46911
1478,104,-16.514,1,8,31,1,0,0,0.298,0.0082,47015
1479,87,-13.439,0,7,18,1,0,0,0.298,0.0082,47102
1480,47,-15.853,0,3,7,1,0,0,0.297,0.0082,47149
1481,105,-19.389,1,7,39,1,0,0,0.297,0.0082,47254
1482,141,-18.602,0,10,25,1,0,0,0.297,0.0082,47395
1483,155,-16.972,1,13,49,1,0,0,0.296,0.0081,47550
1484,127,-19.413,0,6,29,1,0,0,0.296,0.0081,47677
1485,127,-16.642,0,19,40,1,0,0,0.295,0.0081,47804
1486,45,-7.376,0,11,5,1,1,0,0.295,0.0081,47849
1487,63,-15.03,1,7,16,1,0,0,0.294,0.0081,47912
1488,107,-18.667,0,10,30,1,0,0,0.294,0.0081,48019
1489,210,-20.056,0,13,66,1,0,0,0.293,0.0081,48229
1490,39,-16.125,0,3,9,1,0,0,0.293,0.0081,48268
1491,79,-15.144,0,7,23,1,0,0,0.292,0.0081,48347
1492,101,-14.801,0,2,18,1,0,0,0.292,0.0081,48448
1493,19,-12.245,0,6,4,1,0,0,0.291,0.0081,48467
1494,233,-23.69,1,12,80,1,0,0,0.291,0.0081,48700
1495,28,-13.158,0,5,7,1,0,0,0.29,0.008,48728
1496,251,-23.922,0,16,79,1,0,0,0.29,0.008,48979
1497,24,-13.854,0,6,9,1,0,0,0.289,0.008,49003
1498,86,-18.446,0,3,32,1,0,0,0.289,0.008,49089
1499,88,-13.942,0,6,17,1,0,0,0.288,0.008,49177
1500,28,-11.852,0,2,0,1,0,0,0.288,0.008,49205
1501,159,-18.147,1,9,27,1,0,0,0.287,0.008,49364
1502,59,-17.298,0,6,8,1,0,0,0.287,0.008,49423
1503,38,-16.65,0,4,11,1,0,0,0.287,0.008,49461
1504,67,-17.352,0,9,16,1,0,0,0.286,0.008,49528
1505,21,-16.342,0,3,5,1,0,0,0.286,0.008,49549
1506,153,-20.713,0,18,60,1,0,0,0.285,0.008,49702
1507,102,-17.906,0,5,34,1,0,0,0.285,0.008,49804
1508,230,-13.931,0,9,53,0,0,0,0.284,0.0079,50034
1509,26,-12.15,0,3,1,1,0,0,0.284,0.0079,50060
1510,5,-14.885,0,2,1,1,0,0,0.283,0.0079,50065
1511,27,-13.937,0,1,6,1,0,0,0.283,0.0079,50092
1512,169,-20.804,0,8,79,1,0,0,0.282,0.0079,50261
1513,89,-13.789,0,8,16,1,0,0,0.282,0.0079,50350
1514,18,-14.109,0,4,4,1,0,0,0.281,0.0079,50368
1515,42,-14.377,0,3,16,1,0,0,0.281,0.0079,50410
1516,194,-22.566,1,13,79,1,0,0,0.28,0.0079,50604
1517,5,-15.436,0,2,1,1,0,0,0.28,0.0079,50609
1518,107,-15.879,0,9,36,1,0,0,0.279,0.0079,50716
1519,65,-15.419,0,5,10,1,0,0,0.279,0.0079,50781
1520,235,-16.639,2,10,41,1,0,0,0.278,0.0078,51016
1521,65,-15.053,0,7,20,1,0,0,0.278,0.0078,51081
1522,139,-18.048,1,8,35,1,0,0,0.278,0.0078,51220
1523,193,-21.71,1,4,42,1,0,0,0.277,0.0078,51413
1524,91,-15.674,0,4,21,1,0,0,0.277,0.0078,51504
1525,137,-16.852,1,6,25,1,0,0,0.276,0.0078,51641
1526,10,-10.027,0,2,1,1,0,0,0.276,0.0078,51651
1527,5,-13.287,0,3,1,1,0,0,0.275,0.0078,51656
1528,71,-14.777,0,9,9,1,0,0,0.275,0.0078,51727
1529,5,-14.649,0,4,0,1,0,0,0.274,0.0078,51732
1530,89,-16.276,1,4,17,1,0,0,0.274,0.0078,51821
1531,98,-18.849,0,8,32,1,0,0,0.273,0.0078,51919
1532,103,-15.123,0,6,19,1,0,0,0.273,0.0078,52022
1533,5,-13.293,0,2,1,1,0,0,0.272,0.0077,52027
1534,50,-13.729,0,5,20,1,0,0,0.272,0.0077,52077
1535,161,-21.655,0,9,51,1,0,0,0.271,0.0077,52238
1536,53,-12.237,0,8,17,1,0,0,0.271,0.0077,52291
1537,237,-18.887,1,12,43,1,0,0,0.27,0.0077,52528
1538,394,-35.095,0,14,144,1,0,0,0.27,0.0077,52922
1539,55,-16.04,0,5,4,1,0,0,0.269,0.0077,52977
1540,46,-14.769,0,10,11,1,0,0,0.269,0.0077,53023
1541,51,-13.68,0,6,17,1,0,0,0.268,0.0077,53074
1542,396,-32.093,1,18,131,1,0,0,0.268,0.0077,53470
1543,123,-13.893,0,11,27,1,0,0,0.268,0.0077,53593
1544,257,-20.296,1,10,63,1,0,0,0.267,0.0077,53850
1545,120,-18.158,0,6,30,1,0,0,0.267,0.0076,53970
1546,11,-14.169,0,2,4,1,0,0,0.266,0.0076,53981
1547,373,-25.826,1,13,109,1,0,0,0.266,0.0076,54354
1548,120,-18.597,0,9,27,1,0,0,0.265,0.0076,54474
1549,187,-14.413,0,17,54,1,0,0,0.265,0.0076,54661
1550,138,-10.781,1,13,25,1,0,0,0.264,0.0076,54799
1551,69,-10.842,1,8,16,1,0,0,0.264,0.0076,54868
1552,5,-14.786,0,3,1,1,0,0,0.263,0.0076,54873
1553,223,-23.021,1,13,53,1,0,0,0.263,0.0076,55096
1554,218,-16.86,2,15,75,0,0,0,0.262,0.0076,55314
1555,33,-13.865,0,3,4,1,0,0,0.262,0.0076,55347
1556,81,-8.707,0,6,21,0,0,0,0.261,0.0076,55428
1557,47,-17.6,0,3,7,1,0,0,0.261,0.0076,55475
1558,93,-14.101,0,8,11,1,0,0,0.26,0.0075,55568
1559,21,-10.38,0,2,2,1,0,0,0.26,0.0075,55589
1560,146,-18.867,0,17,47,1,0,0,0.259,0.0075,55735
1561,14,-14.8,0,1,5,1,0,0,0.259,0.0075,55749
1562,14,-11.812,0,3,1,1,0,0,0.259,0.0075,55763
1563,95,-16.067,1,9,20,1,0,0,0.258,0.0075,55858
1564,190,-18.314,0,6,46,1,0,0,0.258,0.0075,56048
1565,166,-21.823,0,3,56,1,0,0,0.257,0.0075,56214
1566,13,-13.714,0,3,3,1,0,0,0.257,0.0075,56227
1567,94,-17.969,0,3,19,1,0,0,0.256,0.0075,56321
1568,136,-14.539,1,7,28,1,0,0,0.256,0.0075,56457
1569,25,-13.756,1,5,6,1,0,0,0.255,0.0075,56482
1570,54,-17.014,1,6,20,1,0,0,0.255,0.0074,56536
1571,10,-11.537,0,2,4,1,0,0,0.254,0.0074,56546
1572,38,-12.274,0,4,11,1,0,0,0.254,0.0074,56584
1573,97,-17.403,0,7,20,1,0,0,0.253,0.0074,56681
1574,140,-21.147,0,10,30,1,0,0,0.253,0.0074,56821
1575,13,-11.495,0,2,3,1,0,0,0.252,0.0074,56834
1576,12,-10.529,0,3,3,1,0,0,0.252,0.0074,56846
1577,251,-19.808,2,11,54,1,0,0,0.251,0.0074,57097
1578,48,-17.02,0,3,5,1,0,0,0.251,0.0074,57145
1579,119,-19.868,0,6,38,1,0,0,0.25,0.0074,57264
1580,101,-19.405,0,6,34,1,0,0,0.25,0.0074,57365
1581,315,-25.913,0,24,80,1,0,0,0.249,0.0074,57680
1582,239,-21.354,0,22,56,1,0,0,0.249,0.0074,57919
1583,66,-16.128,0,8,16,1,0,0,0.249,0.0073,57985
1584,220,-23.429,0,11,72,1,0,0,0.248,0.0073,58205
1585,260,-18.051,1,11,59,0,0,0,0.248,0.0073,58465
1586,131,-11.731,1,12,13,1,0,0,0.247,0.0073,58596
1587,43,-14.081,0,9,7,1,0,0,0.247,0.0073,58639
1588,51,-15.457,0,3,25,1,0,0,0.246,0.0073,58690
1589,10,-14.183,0,3,5,1,0,0,0.246,0.0073,58700
1590,220,-24.459,0,11,86,1,0,0,0.245,0.0073,58920
1591,30,-12.107,0,3,3,1,0,0,0.245,0.0073,58950
1592,25,-14.704,0,2,3,1,0,0,0.244,0.0073,58975
1593,108,-18.706,0,7,26,1,0,0,0.244,0.0073,59083
1594,42,-14.766,0,8,13,1,0,0,0.243,0.0073,59125
1595,197,-20.506,0,8,51,1,0,0,0.243,0.0072,59322
1596,86,-14.777,0,6,15,1,0,0,0.242,0.0072,59408
1597,57,-17.082,0,1,25,1,0,0,0.242,0.0072,59465
1598,5,-13.399,0,2,0,1,0,0,0.241,0.0072,59470
1599,108,-15.694,1,5,29,1,0,0,0.241,0.0072,59578
1600,81,-16.542,0,7,17,1,0,0,0.24,0.0072,59659
1601,50,-13.89,0,7,9,1,0,0,0.24,0.0072,59709
1602,52,-15.429,0,4,16,1,0,0,0.24,0.0072,59761
1603,326,-27.508,0,10,83,1,0,0,0.239,0.0072,60087
1604,31,-14.345,0,5,5,1,0,0,0.239,0.0072,60118
1605,84,-9.866,1,18,10,1,0,0,0.238,0.0072,60202
1606,164,-19.223,2,12,35,1,0,0,0.238,0.0072,60366
1607,86,-14.308,0,13,13,1,0,0,0.237,0.0072,60452
1608,56,-17.241,0,3,18,1,0,0,0.237,0.0071,60508
1609,12,-11.968,0,3,2,1,0,0,0.236,0.0071,60520
1610,137,-20.12,0,8,34,1,0,0,0.236,0.0071,60657
1611,125,-18.481,0,8,24,1,0,0,0.235,0.0071,60782
1612,164,-18.34,0,5,28,1,0,0,0.235,0.0071,60946
1613,400,-22.03,0,13,99,0,0,1,0.234,0.0071,61346
1614,211,-26.373,0,6,81,1,0,0,0.234,0.0071,61557
1615,61,-12.441,0,2,9,1,0,0,0.233,0.0071,61618
1616,27,-16.417,0,3,7,1,0,0,0.233,0.0071,61645
1617,146,-20.331,0,7,49,1,0,0,0.232,0.0071,61791
1618,180,-21.387,0,4,51,1,0,0,0.232,0.0071,61971
1619,88,-16.569,1,7,10,1,0,0,0.231,0.0071,62059
1620,27,-12.462,0,2,11,1,0,0,0.231,0.007,62086
1621,5,-14.735,0,4,1,1,0,0,0.23,0.007,62091
1622,126,-17.307,0,3,14,1,0,0,0.23,0.007,62217
1623,83,-14.488,1,6,18,1,0,0,0.23,0.007,62300
1624,43,-15.187,0,4,13,1,0,0,0.229,0.007,62343
1625,164,-19.17,0,12,43,1,0,0,0.229,0.007,62507
1626,181,-19.154,2,10,68,1,0,0,0.228,0.007,62688
1627,215,-28.142,0,6,104,1,0,0,0.228,0.007,62903
1628,400,-23.663,0,5,160,0,0,1,0.227,0.007,63303
1629,123,-19.995,0,7,43,1,0,0,0.227,0.007,63426
1630,86,-17.013,0,7,20,1,0,0,0.226,0.007,63512
1631,264,-24.78,0,11,45,1,0,0,0.226,0.007,63776
1632,169,-20.646,1,2,47,1,0,0,0.225,0.007,63945
1633,204,-18.545,0,6,38,1,0,0,0.225,0.0069,64149
1634,195,-20.606,2,8,47,1,0,0,0.224,0.0069,64344
1635,18,-14.966,0,2,12,1,0,0,0.224,0.0069,64362
1636,136,-20.039,0,8,46,1,0,0,0.223,0.0069,64498
1637,45,-16.136,0,6,14,1,0,0,0.223,0.0069,64543
1638,139,-14.694,0,10,31,1,0,0,0.222,0.0069,64682
1639,5,-12.822,0,3,2,1,0,0,0.222,0.0069,64687
1640,56,-13.432,0,2,5,1,0,0,0.221,0.0069,64743
1641,55,-12.717,0,9,9,1,0,0,0.221,0.0069,64798
1642,295,-22.86,0,19,39,1,1,0,0.221,0.0069,65093
1643,355,-22.352,0,11,94,0,0,0,0.22,0.0069,65448
1644,315,-21.862,1,19,62,1,0,0,0.22,0.0069,65763
1645,95,-15.629,0,5,30,1,0,0,0.219,0.0068,65858
1646,124,-15.605,0,8,28,1,0,0,0.219,0.0068,65982
1647,279,-25.274,0,16,89,1,0,0,0.218,0.0068,66261
1648,81,-16.312,0,5,13,1,0,0,0.218,0.0068,66342
1649,80,-17.539,0,8,16,1,0,0,0.217,0.0068,66422
1650,371,-28.203,1,18,114,1,0,0,0.217,0.0068,66793
1651,38,-12.215,0,6,7,1,0,0,0.216,0.0068,66831
1652,124,-19.278,0,9,53,1,0,0,0.216,0.0068,66955
1653,5,-13.165,0,2,0,1,0,0,0.215,0.0068,66960
1654,156,-21.813,0,6,29,1,0,0,0.215,0.0068,67116
1655,6,-12.442,0,2,3,1,0,0,0.214,0.0068,67122
1656,149,-14.874,1,11,21,1,0,0,0.214,0.0068,67271
1657,344,-25.234,0,16,97,0,0,0,0.213,0.0068,67615
1658,24,-12.452,0,1,3,1,0,0,0.213,0.0067,67639
1659,92,-17.706,1,5,19,1,0,0,0.212,0.0067,67731
1660,101,-13.831,0,8,33,1,0,0,0.212,0.0067,67832
1661,5,-13.292,0,3,1,1,0,0,0.212,0.0067,67837
1662,72,-16.804,0,7,20,1,0,0,0.211,0.0067,67909
1663,400,-17.928,1,23,137,0,0,1,0.211,0.0067,68309
1664,98,-16.147,0,5,9,1,0,0,0.21,0.0067,68407
1665,52,-13.966,0,3,12,1,0,0,0.21,0.0067,68459
1666,103,-13.886,1,9,33,1,0,0,0.209,0.0067,68562
1667,382,-34.618,0,9,118,1,0,0,0.209,0.0067,68944
1668,240,-24.1,1,14,75,1,0,0,0.208,0.0067,69184
1669,56,-14.688,0,4,12,1,0,0,0.208,0.0067,69240
1670,220,-22.076,0,17,64,1,0,0,0.207,0.0066,69460
1671,52,-16.733,0,2,12,1,0,0,0.207,0.0066,69512
1672,8,-13.317,0,4,1,1,0,0,0.206,0.0066,69520
1673,49,-7.528,0,0,5,0,0,0,0.206,0.0066,69569
1674,20,-15.487,0,3,2,1,0,0,0.205,0.0066,69589
1675,66,-17.666,0,4,30,1,0,0,0.205,0.0066,69655
1676,37,-16.436,0,4,3,1,0,0,0.204,0.0066,69692
1677,142,-18.009,0,4,36,1,0,0,0.204,0.0066,69834
1678,223,-23.986,0,8,41,1,0,0,0.203,0.0066,70057
1679,400,-14.579,3,13,105,0,1,1,0.203,0.0066,70457
1680,148,-19.144,0,3,36,1,0,0,0.202,0.0066,70605
1681,283,-21.694,0,4,104,0,0,0,0.202,0.0066,70888
1682,400,-31.047,0,20,97,1,0,0,0.202,0.0066,71288
1683,120,-16.475,0,6,41,1,0,0,0.201,0.0065,71408
1684,337,-29.217,0,12,114,1,0,0,0.201,0.0065,71745
1685,153,-21.15,0,6,36,1,0,0,0.2,0.0065,71898
1686,11,-14.908,0,3,1,1,0,0,0.2,0.0065,71909
1687,310,-24.004,0,6,62,1,0,0,0.199,0.0065,72219
1688,400,-20.297,0,18,124,0,0,1,0.199,0.0065,72619
1689,400,-16.738,1,9,143,0,0,1,0.198,0.0065,73019
1690,204,-22.04,1,8,53,1,0,0,0.198,0.0065,73223
1691,359,-30.92,1,11,111,1,0,0,0.197,0.0065,73582
1692,92,-13.864,0,7,11,1,0,0,0.197,0.0065,73674
1693,92,-14.042,0,6,8,1,0,0,0.196,0.0065,73766
1694,358,-30.415,0,12,118,1,0,0,0.196,0.0065,74124
1695,267,-24.416,0,17,55,1,0,0,0.195,0.0064,74391
1696,133,-16.69,0,5,16,1,0,0,0.195,0.0064,74524
1697,306,-23.904,1,14,81,1,0,0,0.194,0.0064,74830
1698,89,-15.481,0,5,25,1,0,0,0.194,0.0064,74919
1699,346,-27.805,0,11,59,1,0,0,0.193,0.0064,75265
1700,323,-27.637,1,11,81,1,0,0,0.193,0.0064,75588
1701,311,-17.477,1,10,62,0,0,0,0.193,0.0064,75899
1702,400,-19.773,0,17,100,0,0,1,0.192,0.0064,76299
1703,128,-16.083,0,6,24,1,0,0,0.192,0.0064,76427
1704,100,-16.617,0,4,16,1,0,0,0.191,0.0064,76527
1705,400,-23.773,0,9,150,0,0,1,0.191,0.0064,76927
1706,65,-13.466,0,4,7,1,0,0,0.19,0.0064,76992
1707,30,-13.174,0,8,8,1,0,0,0.19,0.0064,77022
1708,206,-17.35,1,13,41,1,0,0,0.189,0.0063,77228
1709,183,-16.2,1,6,33,1,0,0,0.189,0.0063,77411
1710,27,-14.111,0,4,6,1,0,0,0.188,0.0063,77438
1711,86,-13.192,0,5,27,1,0,0,0.188,0.0063,77524
1712,18,-11.647,0,8,4,1,0,0,0.187,0.0063,77542
1713,388,-32.477,1,5,110,1,0,0,0.187,0.0063,77930
1714,334,-27.641,1,17,76,1,0,0,0.186,0.0063,78264
1715,142,-19.072,1,7,19,1,0,0,0.186,0.0063,78406
1716,65,-17.627,0,4,8,1,0,0,0.185,0.0063,78471
1717,110,-14.987,0,7,28,1,0,0,0.185,0.0063,78581
1718,70,-14.008,0,7,19,1,0,0,0.184,0.0063,78651
1719,400,-18.159,0,5,87,0,0,1,0.184,0.0063,79051
1720,316,-17.948,1,7,80,0,0,0,0.183,0.0062,79367
1721,96,-10.283,0,10,10,1,0,0,0.183,0.0062,79463
1722,182,-21.316,0,10,27,1,0,0,0.183,0.0062,79645
1723,252,-20.4,0,10,60,0,0,0,0.182,0.0062,79897
1724,394,-26.703,2,17,83,1,0,0,0.182,0.0062,80291
1725,44,-14.431,0,4,3,1,0,0,0.181,0.0062,80335
1726,185,-13.185,0,5,64,0,0,0,0.181,0.0062,80520
1727,138,-11.296,0,6,13,0,0,0,0.18,0.0062,80658
1728,37,-10.373,0,5,7,1,0,0,0.18,0.0062,80695
1729,100,-21.585,0,5,34,1,0,0,0.179,0.0062,80795
1730,46,-16.341,0,1,6,1,0,0,0.179,0.0062,80841
1731,73,-17.461,0,4,6,1,0,0,0.178,0.0062,80914
1732,345,-26.473,1,13,37,1,0,0,0.178,0.0062,81259
1733,95,-14.844,0,6,9,1,0,0,0.177,0.0061,81354
1734,130,-20.068,0,5,13,1,0,0,0.177,0.0061,81484
1735,7,-14.913,0,3,0,1,0,0,0.176,0.0061,81491
1736,166,-18.591,1,13,27,1,0,0,0.176,0.0061,81657
1737,34,-12.157,0,3,3,1,0,0,0.175,0.0061,81691
1738,179,-16.309,1,6,32,1,0,0,0.175,0.0061,81870
1739,155,-18.874,0,7,41,1,0,0,0.174,0.0061,82025
1740,345,-18.492,3,19,93,0,0,0,0.174,0.0061,82370
1741,400,-23.237,0,10,165,0,0,1,0.173,0.0061,82770
1742,205,-18.527,0,11,34,1,1,0,0.173,0.0061,82975
1743,400,-11.519,3,14,47,0,0,1,0.173,0.0061,83375
1744,90,-16.168,1,5,26,1,0,0,0.172,0.0061,83465
1745,216,-19.959,0,16,37,1,0,0,0.172,0.006,83681
1746,5,-14.604,0,4,0,1,0,0,0.171,0.006,83686
1747,359,-21.274,1,14,75,1,1,0,0.171,0.006,84045
1748,400,-22.902,0,15,94,0,0,1,0.17,0.006,84445
1749,90,-17.654,0,2,18,1,0,0,0.17,0.006,84535
1750,91,-15.736,1,9,13,1,0,0,0.169,0.006,84626
1751,97,-16.085,0,6,7,1,0,0,0.169,0.006,84723
1752,70,-17.05,0,6,17,1,0,0,0.168,0.006,84793
1753,48,-14.325,0,2,13,1,0,0,0.168,0.006,84841
1754,170,-16.306,0,7,23,1,0,0,0.167,0.006,85011
1755,190,-23.142,0,11,65,1,0,0,0.167,0.006,85201
1756,195,-19.486,1,9,35,1,0,0,0.166,0.006,85396
1757,136,-16.149,0,16,29,1,0,0,0.166,0.006,85532
1758,366,-23.441,1,8,83,0,0,0,0.165,0.0059,85898
1759,347,-27.603,1,7,111,0,0,0,0.165,0.0059,86245
1760,343,-22.464,0,15,98,0,0,0,0.164,0.0059,86588
1761,146,-17.008,1,4,23,1,0,0,0.164,0.0059,86734
1762,95,-16.234,0,6,10,1,0,0,0.164,0.0059,86829
1763,400,-25.813,1,9,156,0,0,1,0.163,0.0059,87229
1764,170,-19.858,0,6,25,1,0,0,0.163,0.0059,87399
1765,32,-14.06,0,3,11,1,0,0,0.162,0.0059,87431
1766,74,-15.941,0,5,15,1,0,0,0.162,0.0059,87505
1767,48,-15.278,0,3,19,1,0,0,0.161,0.0059,87553
1768,85,-12.026,0,9,5,1,0,0,0.161,0.0059,87638
1769,14,-11.375,0,3,0,1,0,0,0.16,0.0059,87652
1770,229,-20.687,1,11,48,1,0,0,0.16,0.0058,87881
1771,363,-27.642,0,16,111,1,0,0,0.159,0.0058,88244
1772,5,-14.8,0,3,0,1,0,0,0.159,0.0058,88249
1773,400,-20.993,0,14,108,0,0,1,0.158,0.0058,88649
1774,400,-21.034,0,12,115,0,0,1,0.158,0.0058,89049
1775,274,-25.109,0,13,37,1,0,0,0.157,0.0058,89323
1776,278,-24.888,0,5,35,1,0,0,0.157,0.0058,89601
1777,400,-16.629,0,10,114,0,1,1,0.156,0.0058,90001
1778,78,-13.081,0,3,4,1,0,0,0.156,0.0058,90079
1779,400,-14.305,0,11,42,0,0,1,0.155,0.0058,90479
1780,13,-15.053,0,4,1,1,0,0,0.155,0.0058,90492
1781,215,-17.042,0,4,19,1,0,0,0.154,0.0058,90707
1782,400,-16.365,1,4,73,0,0,1,0.154,0.0058,91107
1783,5,-14.982,0,2,1,1,0,0,0.154,0.0057,91112
1784,87,-14.241,0,10,8,1,0,0,0.153,0.0057,91199
1785,315,-24.608,0,12,44,1,0,0,0.153,0.0057,91514
1786,333,-27.151,0,6,84,1,0,0,0.152,0.0057,91847
1787,173,-12.004,0,7,29,0,0,0,0.152,0.0057,92020
1788,400,-18.074,0,8,65,0,0,1,0.151,0.0057,92420
1789,400,-18.3,0,10,75,0,0,1,0.151,0.0057,92820
1790,268,-26.436,0,8,43,1,0,0,0.15,0.0057,93088
1791,175,-19.481,0,11,20,1,0,0,0.15,0.0057,93263
1792,149,-16.018,0,5,10,1,0,0,0.149,0.0057,93412
1793,22,-11.581,0,3,1,1,0,0,0.149,0.0057,93434
1794,5,-14.699,0,4,0,1,0,0,0.148,0.0057,93439
1795,294,-15.077,1,24,58,0,0,0,0.148,0.0056,93733
1796,266,-26.691,0,8,89,1,0,0,0.147,0.0056,93999
1797,213,-20.56,0,10,30,1,0,0,0.147,0.0056,94212
1798,400,-18.065,0,18,98,0,0,1,0.146,0.0056,94612
1799,37,-15.032,0,2,2,1,0,0,0.146,0.0056,94649
1800,14,-10.026,0,3,1,1,0,0,0.145,0.0056,94663
1801,400,-19.968,0,12,113,0,0,1,0.145,0.0056,95063
1802,400,-20.085,0,8,88,0,0,1,0.145,0.0056,95463
1803,400,-21.296,0,8,95,0,0,1,0.144,0.0056,95863
1804,19,-12.017,0,3,1,1,0,0,0.144,0.0056,95882
1805,157,-13.438,0,9,11,1,0,0,0.143,0.0056,96039
1806,400,-14.382,0,7,54,0,0,1,0.143,0.0056,96439
1807,278,-25.181,0,7,63,1,0,0,0.142,0.0056,96717
1808,37,-12.417,0,1,1,1,0,0,0.142,0.0055,96754
1809,84,-17.526,0,4,5,1,0,0,0.141,0.0055,96838
1810,90,-14.676,0,8,7,1,0,0,0.141,0.0055,96928
1811,96,-16.579,0,3,9,1,0,0,0.14,0.0055,97024
1812,392,-34.972,0,11,95,1,0,0,0.14,0.0055,97416
1813,163,-18.712,0,7,43,1,0,0,0.139,0.0055,97579
1814,46,-11.239,0,2,0,1,0,0,0.139,0.0055,97625
1815,154,-19.856,1,8,6,1,0,0,0.138,0.0055,97779
1816,400,-17.21,0,13,75,0,0,1,0.138,0.0055,98179
1817,400,-25.189,0,4,172,0,0,1,0.137,0.0055,98579
1818,298,-18.446,1,18,51,1,0,0,0.137,0.0055,98877
1819,400,-18.355,0,8,65,0,0,1,0.136,0.0055,99277
1820,118,-8.253,1,0,9,0,0,0,0.136,0.0054,99395
1821,87,-15.671,0,6,10,1,0,0,0.135,0.0054,99482
1822,400,-18.294,1,13,109,0,0,1,0.135,0.0054,99882
1823,249,-23.053,0,5,22,1,0,0,0.135,0.0054,100131
1824,365,-24.818,0,12,32,1,0,0,0.134,0.0054,100496
1825,400,-25.687,0,6,132,0,0,1,0.134,0.0054,100896
1826,96,-7.1,0,8,16,0,0,0,0.133,0.0054,100992
1827,51,-15.254,0,5,4,1,0,0,0.133,0.0054,101043
1828,56,-15.337,0,6,13,1,0,0,0.132,0.0054,101099
1829,400,-18.408,0,7,43,0,0,1,0.132,0.0054,101499
1830,7,-13.684,0,4,0,1,0,0,0.131,0.0054,101506
1831,400,-21.64,0,10,113,0,0,1,0.131,0.0054,101906
1832,5,-13.154,0,4,0,1,0,0,0.13,0.0054,101911
1833,380,-22.16,1,13,72,0,0,0,0.13,0.0053,102291
1834,400,-15.456,0,11,72,0,0,1,0.129,0.0053,102691
1835,22,-15.264,0,2,5,1,0,0,0.129,0.0053,102713
1836,235,-22.666,0,5,48,1,0,0,0.128,0.0053,102948
1837,400,-18.042,1,11,76,0,0,1,0.128,0.0053,103348
1838,400,-24.227,0,2,115,0,0,1,0.127,0.0053,103748
1839,8,-14.857,0,3,0,1,0,0,0.127,0.0053,103756
1840,400,-20.476,0,5,76,0,0,1,0.126,0.0053,104156
1841,400,-20.166,0,15,99,0,0,1,0.126,0.0053,104556
1842,168,-16.423,1,10,21,1,0,0,0.126,0.0053,104724
1843,209,-22.799,1,9,39,1,0,0,0.125,0.0053,104933
1844,400,-30.336,2,15,55,1,0,0,0.125,0.0053,105333
1845,164,-16.207,0,8,39,1,0,0,0.124,0.0052,105497
1846,400,-19.219,1,14,102,0,0,1,0.124,0.0052,105897
1847,278,-23.06,0,4,46,1,0,0,0.123,0.0052,106175
1848,161,-9.772,0,10,3,0,0,0,0.123,0.0052,106336
1849,8,-14.714,0,4,0,1,0,0,0.122,0.0052,106344
1850,239,-19.354,1,15,26,1,0,0,0.122,0.0052,106583
1851,186,-16.246,0,8,10,1,0,0,0.121,0.0052,106769
1852,400,-19.591,0,11,116,0,0,1,0.121,0.0052,107169
1853,165,-15.227,0,10,10,1,0,0,0.12,0.0052,107334
1854,19,-11.489,0,3,1,1,0,0,0.12,0.0052,107353
1855,103,-9.834,0,3,5,0,0,0,0.119,0.0052,107456
1856,363,-29.093,0,5,40,1,0,0,0.119,0.0052,107819
1857,339,-32.506,0,9,124,1,0,0,0.118,0.0052,108158
1858,130,-14.737,0,3,7,1,0,0,0.118,0.0051,108288
1859,133,-14.237,1,7,11,1,0,0,0.117,0.0051,108421
1860,116,-16.235,0,2,13,1,0,0,0.117,0.0051,108537
1861,5,-13.434,0,1,0,1,0,0,0.116,0.0051,108542
1862,395,-23.618,0,11,55,1,0,0,0.116,0.0051,108937
1863,151,-21.288,0,8,18,1,0,0,0.116,0.0051,109088
1864,277,-24.61,0,4,52,1,0,0,0.115,0.0051,109365
1865,74,-15.316,0,8,9,1,0,0,0.115,0.0051,109439
1866,192,-20.082,1,10,23,1,0,0,0.114,0.0051,109631
1867,370,-23.23,0,9,49,0,0,0,0.114,0.0051,110001
1868,131,-16.202,0,2,8,1,0,0,0.113,0.0051,110132
1869,371,-19.618,0,11,65,0,0,0,0.113,0.0051,110503
1870,112,-12.719,0,6,12,0,0,0,0.112,0.005,110615
1871,400,-14.009,1,5,48,0,0,1,0.112,0.005,111015
1872,181,-17.407,0,15,59,1,0,0,0.111,0.005,111196
1873,351,-24.306,0,3,31,1,0,0,0.111,0.005,111547
1874,88,-7.817,0,0,6,0,0,0,0.11,0.005,111635
1875,330,-19.916,1,8,52,0,0,0,0.11,0.005,111965
1876,400,-18.702,0,6,66,0,0,1,0.109,0.005,112365
1877,400,-18.094,0,3,27,0,0,1,0.109,0.005,112765
1878,178,-19.032,0,8,14,1,0,0,0.108,0.005,112943
1879,334,-16.321,2,9,39,0,0,0,0.108,0.005,113277
1880,131,-13.685,0,7,10,1,0,0,0.107,0.005,113408
1881,400,-13.518,0,10,33,0,0,1,0.107,0.005,113808
1882,296,-18.466,0,5,32,0,0,0,0.107,0.005,114104
1883,174,-18.219,0,6,8,1,0,0,0.106,0.0049,114278
1884,328,-24.877,0,5,28,1,0,0,0.106,0.0049,114606
1885,400,-22.362,1,8,106,0,0,1,0.105,0.0049,115006
1886,400,-16.884,0,1,32,0,0,1,0.105,0.0049,115406
1887,79,-17.318,0,1,6,1,0,0,0.104,0.0049,115485
1888,337,-22.317,0,2,41,0,0,0,0.104,0.0049,115822
1889,161,-17.366,0,7,18,1,0,0,0.103,0.0049,115983
1890,400,-14.498,0,6,31,0,0,1,0.103,0.0049,116383
1891,400,-21.969,0,5,87,0,0,1,0.102,0.0049,116783
1892,189,-21.066,0,4,7,1,0,0,0.102,0.0049,116972
1893,372,-15.28,0,16,26,0,0,0,0.101,0.0049,117344
1894,315,-16.799,1,6,20,0,0,0,0.101,0.0049,117659
1895,275,-17.577,0,1,14,0,0,0,0.1,0.0048,117934
1896,383,-22.408,0,9,30,0,0,0,0.1,0.0048,118317
1897,391,-14.557,0,9,39,0,1,0,0.099,0.0048,118708
1898,134,-17.96,0,7,25,1,0,0,0.099,0.0048,118842
1899,96,-15.742,0,7,11,1,0,0,0.098,0.0048,118938
1900,192,-21.954,0,4,3,1,0,0,0.098,0.0048,119130
1901,247,-26.349,0,7,60,1,0,0,0.098,0.0048,119377
1902,400,-8.111,2,18,40,0,1,1,0.097,0.0048,119777
1903,80,-16.727,0,4,0,1,0,0,0.097,0.0048,119857
1904,171,-16.859,0,5,7,1,0,0,0.096,0.0048,120028
1905,13,-13.508,0,4,1,1,0,0,0.096,0.0048,120041
1906,400,-17.983,0,13,78,0,0,1,0.095,0.0048,120441
1907,400,-13.635,0,13,29,0,0,1,0.095,0.0048,120841
1908,400,-16.814,0,4,31,0,0,1,0.094,0.0047,121241
1909,48,-15.041,0,4,2,1,0,0,0.094,0.0047,121289
1910,283,-17.788,0,9,41,0,0,0,0.093,0.0047,121572
1911,400,-23.097,0,10,65,0,0,1,0.093,0.0047,121972
1912,200,-20.43,0,4,7,1,0,0,0.092,0.0047,122172
1913,33,-15.784,0,3,0,1,0,0,0.092,0.0047,122205
1914,147,-7.572,2,5,10,0,0,0,0.091,0.0047,122352
1915,359,-19.535,0,6,33,0,0,0,0.091,0.0047,122711
1916,173,-19.119,0,3,6,1,0,0,0.09,0.0047,122884
1917,400,-15.115,0,9,28,0,0,1,0.09,0.0047,123284
1918,400,-23.77,0,13,58,0,0,1,0.089,0.0047,123684
1919,254,-24.884,0,6,77,1,0,0,0.089,0.0047,123938
1920,400,-18.596,1,11,57,0,0,1,0.088,0.0046,124338
1921,71,-6.072,0,3,0,0,0,0,0.088,0.0046,124409
1922,400,-17.885,0,5,68,0,0,1,0.088,0.0046,124809
1923,175,-20.739,1,2,13,1,0,0,0.087,0.0046,124984
1924,204,-17.624,1,9,16,1,0,0,0.087,0.0046,125188
1925,400,-12.857,0,19,23,0,0,1,0.086,0.0046,125588
1926,400,-15.795,0,9,53,0,0,1,0.086,0.0046,125988
1927,400,-17.032,0,14,82,0,0,1,0.085,0.0046,126388
1928,26,-15.491,0,4,1,1,0,0,0.085,0.0046,126414
1929,60,-13.557,0,3,10,1,0,0,0.084,0.0046,126474
1930,190,-14.53,1,2,12,0,0,0,0.084,0.0046,126664
1931,382,-26.968,1,5,50,1,0,0,0.083,0.0046,127046
1932,400,-14.663,2,9,67,0,0,1,0.083,0.0046,127446
1933,400,-14.781,2,10,68,0,0,1,0.082,0.0045,127846
1934,400,-17.649,1,9,33,0,0,1,0.082,0.0045,128246
1935,328,-27.847,2,8,38,1,0,0,0.081,0.0045,128574
1936,27,-14.088,0,2,0,1,0,0,0.081,0.0045,128601
1937,176,-11.152,1,7,23,0,0,0,0.08,0.0045,128777
1938,300,-20.368,0,5,59,0,0,0,0.08,0.0045,129077
1939,400,-18.803,0,8,38,0,0,1,0.079,0.0045,129477
1940,60,-15.118,0,4,1,1,0,0,0.079,0.0045,129537
1941,235,-22.477,0,11,49,1,0,0,0.079,0.0045,129772
1942,372,-17.7,0,8,27,0,0,0,0.078,0.0045,130144
1943,32,-15.971,0,4,0,1,0,0,0.078,0.0045,130176
1944,129,-15.718,0,7,3,1,0,0,0.077,0.0045,130305
1945,400,-12.864,1,10,22,0,0,1,0.077,0.0044,130705
1946,400,-17.558,0,8,54,0,0,1,0.076,0.0044,131105
1947,400,-15.633,1,10,31,0,0,1,0.076,0.0044,131505
1948,142,-11.61,0,0,4,0,0,0,0.075,0.0044,131647
1949,71,-12.634,0,0,3,0,0,0,0.075,0.0044,131718
1950,366,-23.635,0,0,25,1,0,0,0.074,0.0044,132084
1951,400,-14.193,0,8,26,0,0,1,0.074,0.0044,132484
1952,235,-15.381,0,2,33,0,0,0,0.073,0.0044,132719
1953,400,-14.503,0,19,49,0,0,1,0.073,0.0044,133119
1954,166,-16.178,0,6,16,1,0,0,0.072,0.0044,133285
1955,400,-16.242,0,8,21,0,0,1,0.072,0.0044,133685
1956,26,-12.703,0,2,0,1,0,0,0.071,0.0044,133711
1957,14,-15.547,0,2,0,1,0,0,0.071,0.0044,133725
1958,400,-16.562,2,6,38,0,0,1,0.07,0.0043,134125
1959,90,-10.27,0,0,5,0,0,0,0.07,0.0043,134215
1960,22,-12.45,0,2,8,1,0,0,0.069,0.0043,134237
1961,400,-19.506,0,3,18,0,0,1,0.069,0.0043,134637
1962,298,-26.117,0,8,22,1,0,0,0.069,0.0043,134935
1963,109,-10.065,0,0,3,0,0,0,0.068,0.0043,135044
1964,400,-13.001,1,8,70,0,0,1,0.068,0.0043,135444
1965,284,-17.922,2,7,9,1,0,0,0.067,0.0043,135728
1966,400,-10.72,0,10,37,0,0,1,0.067,0.0043,136128
1967,159,-19.038,0,6,14,1,0,0,0.066,0.0043,136287
1968,400,-16.083,0,5,26,0,0,1,0.066,0.0043,136687
1969,8,-14.752,0,4,0,1,0,0,0.065,0.0043,136695
1970,46,-7.572,0,0,2,0,0,0,0.065,0.0042,136741
1971,159,-18.24,0,4,13,1,0,0,0.064,0.0042,136900
1972,400,-19.461,1,8,53,0,0,1,0.064,0.0042,137300
1973,400,-18.912,1,7,22,0,0,1,0.063,0.0042,137700
1974,400,-15.003,0,11,61,0,0,1,0.063,0.0042,138100
1975,400,-15.822,0,1,17,0,0,1,0.062,0.0042,138500
1976,252,-18.64,0,3,30,1,0,0,0.062,0.0042,138752
1977,149,-11.922,2,3,17,0,0,0,0.061,0.0042,138901
1978,400,-18.624,1,7,48,0,0,1,0.061,0.0042,139301
1979,258,-24.569,1,3,13,1,0,0,0.06,0.0042,139559
1980,400,-19.464,0,7,56,0,0,1,0.06,0.0042,139959
1981,400,-16.619,0,6,4,0,0,1,0.06,0.0042,140359
1982,400,-17.236,0,6,39,0,0,1,0.059,0.0042,140759
1983,400,-12.997,0,6,18,0,0,1,0.059,0.0041,141159
1984,34,-13.124,0,1,2,1,0,0,0.058,0.0041,141193
1985,238,-16.137,0,1,23,0,0,0,0.058,0.0041,141431
1986,400,-13.511,0,6,51,0,0,1,0.057,0.0041,141831
1987,400,-13.811,0,4,26,0,0,1,0.057,0.0041,142231
1988,79,-8.312,0,0,1,0,0,0,0.056,0.0041,142310
1989,400,-15.452,0,4,47,0,0,1,0.056,0.0041,142710
1990,299,-15.138,0,7,20,0,0,0,0.055,0.0041,143009
1991,400,-20.42,0,5,30,0,0,1,0.055,0.0041,143409
1992,367,-17.74,0,10,12,0,0,0,0.054,0.0041,143776
1993,252,-23.834,0,2,13,1,0,0,0.054,0.0041,144028
1994,87,-15.681,0,4,2,1,0,0,0.053,0.0041,144115
1995,364,-20.233,0,13,41,0,0,0,0.053,0.004,144479
1996,400,-17.499,0,9,52,0,0,1,0.052,0.004,144879
1997,69,-16.802,0,3,2,1,0,0,0.052,0.004,144948
1998,400,-16.249,1,6,29,0,0,1,0.051,0.004,145348
1999,400,-16.644,0,3,21,0,0,1,0.051,0.004,145748
2000,5,-13.334,0,4,0,1,0,0,0.05,0.004,145753
2001,315,-21.78,0,9,21,1,0,0,0.05,0.004,146068
2002,373,-18.859,0,5,26,0,0,0,0.05,0.004,146441
2003,400,-17.688,0,4,9,0,0,1,0.05,0.004,146841
2004,316,-16.534,0,7,17,0,0,0,0.05,0.004,147157
2005,400,-19.197,0,1,30,0,0,1,0.05,0.004,147557
2006,400,-19.098,2,6,72,0,0,1,0.05,0.004,147957
2007,400,-15.986,0,3,28,0,0,1,0.05,0.004,148357
2008,327,-15.83,0,5,19,0,0,0,0.05,0.004,148684
2009,227,-18.403,0,4,3,1,0,0,0.05,0.004,148911
2010,400,-16.894,0,7,27,0,0,1,0.05,0.004,149311
2011,158,-11.571,0,0,2,0,0,0,0.05,0.004,149469
2012,36,-15.533,0,4,0,1,0,0,0.05,0.004,149505
2013,400,-12.599,0,5,9,0,0,1,0.05,0.004,149905
2014,400,-17.157,0,2,15,0,0,1,0.05,0.004,150305
2015,400,-14.892,0,3,9,0,0,1,0.05,0.004,150705
2016,74,-15.164,0,4,0,1,0,0,0.05,0.004,150779
2017,400,-16.696,0,0,16,0,0,1,0.05,0.004,151179
2018,400,-12.733,1,9,28,0,0,1,0.05,0.004,151579
2019,400,-15.648,0,4,35,0,0,1,0.05,0.004,151979
2020,333,-23.125,0,1,12,1,0,0,0.05,0.004,152312
2021,389,-21.758,0,7,19,0,0,0,0.05,0.004,152701
2022,214,-22.141,0,2,12,1,0,0,0.05,0.004,152915
2023,400,-21.404,0,0,72,0,0,1,0.05,0.004,153315
2024,12,-15.509,0,2,0,1,0,0,0.05,0.004,153327
2025,69,-16.593,0,3,0,1,0,0,0.05,0.004,153396
2026,89,-8.346,0,4,10,0,0,0,0.05,0.004,153485
2027,376,-24.526,0,0,42,0,0,0,0.05,0.004,153861
2028,114,-13.17,0,5,4,1,0,0,0.05,0.004,153975
2029,400,-16.909,1,5,26,0,0,1,0.05,0.004,154375
2030,280,-16.705,0,6,3,0,0,0,0.05,0.004,154655
2031,157,-11.845,0,0,5,0,0,0,0.05,0.004,154812
2032,87,-16.463,0,3,5,1,0,0,0.05,0.004,154899
2033,400,-18.296,0,10,49,0,0,1,0.05,0.004,155299
2034,400,-15.595,0,2,20,0,0,1,0.05,0.004,155699
2035,400,-19.464,0,0,28,0,0,1,0.05,0.004,156099
2036,400,-15.679,1,6,19,0,0,1,0.05,0.004,156499
2037,185,-10.824,0,0,1,0,0,0,0.05,0.004,156684
2038,400,-18.02,0,5,64,0,0,1,0.05,0.004,157084
2039,400,-19.508,0,5,49,0,0,1,0.05,0.004,157484
2040,400,-14.303,0,6,13,0,0,1,0.05,0.004,157884
2041,400,-18.036,0,8,30,0,0,1,0.05,0.004,158284
2042,142,-9.752,0,0,6,0,0,0,0.05,0.004,158426
2043,400,-17.059,0,7,27,0,0,1,0.05,0.004,158826
2044,335,-19.038,0,2,12,0,0,0,0.05,0.004,159161
2045,181,-10.222,0,3,3,0,0,0,0.05,0.004,159342
2046,400,-15.995,0,0,15,0,0,1,0.05,0.004,159742
2047,75,-17.909,0,3,1,1,0,0,0.05,0.004,159817
2048,400,-16.554,0,8,16,0,0,1,0.05,0.004,160217
2049,400,-18.691,0,4,25,0,0,1,0.05,0.004,160617
2050,400,-22.17,0,0,23,0,0,1,0.05,0.004,161017
2051,13,-13.518,0,4,0,1,0,0,0.05,0.004,161030
2052,30,-15.781,0,3,1,1,0,0,0.05,0.004,161060
2053,400,-19.267,0,6,39,0,0,1,0.05,0.004,161460
2054,400,-14.719,0,9,38,0,0,1,0.05,0.004,161860
2055,146,-9.551,0,3,3,0,0,0,0.05,0.004,162006
2056,51,-16.327,0,3,1,1,0,0,0.05,0.004,162057
2057,400,-19.098,0,5,36,0,0,1,0.05,0.004,162457
2058,5,-14.702,0,4,0,1,0,0,0.05,0.004,162462
2059,49,-7.284,0,0,3,0,0,0,0.05,0.004,162511
2060,92,-8.996,0,3,5,0,0,0,0.05,0.004,162603
2061,357,-19.283,2,6,51,0,0,0,0.05,0.004,162960
2062,400,-15.165,1,3,47,0,0,1,0.05,0.004,163360
2063,400,-19.385,0,5,65,0,0,1,0.05,0.004,163760
2064,400,-15.198,0,4,19,0,0,1,0.05,0.004,164160
2065,373,-22.662,1,8,32,1,0,0,0.05,0.004,164533
2066,400,-17.977,0,7,35,0,0,1,0.05,0.004,164933
2067,400,-15.273,2,6,32,0,0,1,0.05,0.004,165333
2068,400,-14.371,0,6,35,0,0,1,0.05,0.004,165733
2069,29,-16.368,0,3,1,1,0,0,0.05,0.004,165762
2070,23,-15.279,0,4,0,1,0,0,0.05,0.004,165785
2071,400,-16.621,0,8,36,0,0,1,0.05,0.004,166185
2072,359,-18.116,1,8,17,0,0,0,0.05,0.004,166544
2073,400,-15.536,0,1,16,0,0,1,0.05,0.004,166944
2074,400,-18.861,1,4,43,0,0,1,0.05,0.004,167344
2075,42,-14.268,0,3,0,1,0,0,0.05,0.004,167386
2076,400,-20.673,0,5,15,0,0,1,0.05,0.004,167786
2077,400,-14.862,0,8,19,0,0,1,0.05,0.004,168186
2078,89,-8.768,0,0,1,0,0,0,0.05,0.004,168275
2079,400,-15.331,1,7,45,0,0,1,0.05,0.004,168675
2080,400,-15.518,0,10,48,0,0,1,0.05,0.004,169075
2081,13,-13.479,0,3,0,1,0,0,0.05,0.004,169088
2082,400,-16.888,0,5,26,0,0,1,0.05,0.004,169488
2083,400,-21.501,0,2,14,0,0,1,0.05,0.004,169888
2084,400,-16.717,0,2,17,0,0,1,0.05,0.004,170288
2085,203,-21.14,0,4,5,1,0,0,0.05,0.004,170491
2086,257,-15.379,0,0,5,0,0,0,0.05,0.004,170748
2087,25,-15.848,0,3,0,1,0,0,0.05,0.004,170773
2088,159,-10.649,0,5,2,0,0,0,0.05,0.004,170932
2089,400,-14.99,0,6,20,0,0,1,0.05,0.004,171332
2090,272,-14.398,0,6,13,0,0,0,0.05,0.004,171604
2091,96,-18.261,0,3,1,1,0,0,0.05,0.004,171700
2092,135,-16.693,0,2,3,1,0,0,0.05,0.004,171835
2093,400,-12.672,0,2,9,0,0,1,0.05,0.004,172235
2094,26,-15.421,0,4,0,1,0,0,0.05,0.004,172261
2095,165,-12.934,0,4,5,0,0,0,0.05,0.004,172426
2096,400,-16.454,0,0,4,0,0,1,0.05,0.004,172826
2097,291,-16.37,0,3,18,0,0,0,0.05,0.004,173117
2098,400,-15.882,0,3,8,0,0,1,0.05,0.004,173517
2099,335,-26.941,0,3,10,1,0,0,0.05,0.004,173852
2100,7,-13.64,0,2,1,1,0,0,0.05,0.004,173859
2101,212,-21.717,0,2,5,1,0,0,0.05,0.004,174071
2102,364,-25.707,0,1,23,1,0,0,0.05,0.004,174435
2103,59,-17.301,0,3,1,1,0,0,0.05,0.004,174494
2104,245,-14.36,0,0,4,0,0,0,0.05,0.004,174739
2105,400,-17.993,0,5,14,0,0,1,0.05,0.004,175139
2106,400,-14.561,0,7,27,0,0,1,0.05,0.004,175539
2107,400,-18.548,1,3,28,0,0,1,0.05,0.004,175939
2108,400,-17.629,1,4,23,0,0,1,0.05,0.004,176339
2109,34,-16.072,0,4,0,1,0,0,0.05,0.004,176373
2110,63,-7.212,0,0,0,0,0,0,0.05,0.004,176436
2111,84,-15.71,0,3,4,1,0,0,0.05,0.004,176520
2112,189,-15.412,0,0,18,0,0,0,0.05,0.004,176709
2113,330,-22.385,0,4,33,1,0,0,0.05,0.004,177039
2114,166,-10.631,0,0,3,0,0,0,0.05,0.004,177205
2115,156,-11.922,0,0,2,0,0,0,0.05,0.004,177361
2116,18,-15.145,0,4,0,1,0,0,0.05,0.004,177379
2117,25,-15.54,0,4,0,1,0,0,0.05,0.004,177404
2118,310,-20.995,0,2,3,1,0,0,0.05,0.004,177714
2119,400,-11.473,0,8,15,0,0,1,0.05,0.004,178114
2120,54,-17.102,0,3,1,1,0,0,0.05,0.004,178168
2121,141,-14.697,0,9,10,1,0,0,0.05,0.004,178309
2122,397,-25.837,0,10,25,1,0,0,0.05,0.004,178706
2123,28,-16.488,0,4,1,1,0,0,0.05,0.004,178734
2124,192,-10.353,0,6,3,0,0,0,0.05,0.004,178926
2125,306,-23.387,0,7,30,1,0,0,0.05,0.004,179232
2126,400,-16.427,1,10,29,0,0,1,0.05,0.004,179632
2127,18,-15.147,0,4,0,1,0,0,0.05,0.004,179650
2128,102,-7.878,0,1,2,0,0,0,0.05,0.004,179752
2129,224,-21.882,1,4,10,1,0,0,0.05,0.004,179976
2130,192,-20.107,0,4,5,1,0,0,0.05,0.004,180168
2131,25,-15.79,0,3,0,1,0,0,0.05,0.004,180193
2132,400,-18.593,0,3,18,0,0,1,0.05,0.004,180593
2133,400,-16.795,0,0,17,0,0,1,0.05,0.004,180993
2134,400,-16.948,0,3,5,0,0,1,0.05,0.004,181393
2135,203,-12.101,0,2,9,0,0,0,0.05,0.004,181596
2136,400,-18.956,0,5,31,0,0,1,0.05,0.004,181996
2137,17,-15.201,0,3,1,1,0,0,0.05,0.004,182013
2138,83,-8.509,0,5,5,0,0,0,0.05,0.004,182096
2139,400,-16.597,0,11,17,0,0,1,0.05,0.004,182496
2140,268,-21.469,1,6,10,1,0,0,0.05,0.004,182764
2141,183,-19.709,0,5,11,1,0,0,0.05,0.004,182947
2142,400,-17.679,1,0,21,0,0,1,0.05,0.004,183347
2143,400,-17.071,1,4,42,0,0,1,0.05,0.004,183747
2144,88,-17.564,0,3,2,1,0,0,0.05,0.004,183835
2145,400,-20.653,1,7,83,0,0,1,0.05,0.004,184235
2146,400,-16.255,0,2,54,0,0,1,0.05,0.004,184635
2147,400,-17.114,2,8,17,0,0,1,0.05,0.004,185035
2148,39,-16.757,0,2,3,1,0,0,0.05,0.004,185074
2149,7,-13.403,0,3,1,1,0,0,0.05,0.004,185081
2150,96,-17.982,0,3,4,1,0,0,0.05,0.004,185177
2151,113,-17.166,0,5,5,1,0,0,0.05,0.004,185290
2152,19,-13.734,0,3,0,1,0,0,0.05,0.004,185309
2153,71,-17.787,0,4,0,1,0,0,0.05,0.004,185380
2154,59,-11.455,0,2,1,1,0,0,0.05,0.004,185439
2155,400,-15.329,0,9,31,0,0,1,0.05,0.004,185839
2156,82,-17.226,0,4,5,1,0,0,0.05,0.004,185921
2157,8,-13.257,0,4,0,1,0,0,0.05,0.004,185929
2158,298,-12.67,0,11,13,0,0,0,0.05,0.004,186227
2159,400,-19.038,1,6,31,0,0,1,0.05,0.004,186627
2160,327,-16.778,0,7,19,0,0,0,0.05,0.004,186954
2161,400,-17.599,0,2,26,0,0,1,0.05,0.004,187354
2162,9,-13.291,0,4,0,1,0,0,0.05,0.004,187363
2163,400,-15.352,0,9,46,0,0,1,0.05,0.004,187763
2164,162,-10.594,0,4,7,0,0,0,0.05,0.004,187925
2165,32,-15.769,0,3,0,1,0,0,0.05,0.004,187957
2166,396,-27.499,0,1,40,1,0,0,0.05,0.004,188353
2167,400,-18.322,1,2,63,0,0,1,0.05,0.004,188753
2168,400,-14.802,0,5,7,0,0,1,0.05,0.004,189153
2169,400,-16.965,1,4,9,0,0,1,0.05,0.004,189553
2170,172,-10.504,0,6,9,0,0,0,0.05,0.004,189725
2171,182,-21.637,0,3,5,1,0,0,0.05,0.004,189907
2172,400,-18.447,1,2,11,0,0,1,0.05,0.004,190307
2173,184,-12.446,0,0,4,0,0,0,0.05,0.004,190491
2174,105,-9.47,0,1,0,0,0,0,0.05,0.004,190596
2175,5,-13.39,0,3,0,1,0,0,0.05,0.004,190601
2176,196,-12.131,0,5,8,0,0,0,0.05,0.004,190797
2177,192,-8.39,1,2,3,0,0,0,0.05,0.004,190989
2178,400,-15.379,0,6,35,0,0,1,0.05,0.004,191389
2179,400,-14.585,2,2,32,0,0,1,0.05,0.004,191789
2180,17,-15.328,0,4,1,1,0,0,0.05,0.004,191806
2181,320,-13.591,2,17,17,0,0,0,0.05,0.004,192126
2182,400,-16.714,0,3,14,0,0,1,0.05,0.004,192526
2183,118,-6.138,0,4,8,0,0,0,0.05,0.004,192644
2184,53,-17.62,0,3,2,1,0,0,0.05,0.004,192697
2185,321,-17.281,0,8,3,0,0,0,0.05,0.004,193018
2186,400,-17.809,0,2,23,0,0,1,0.05,0.004,193418
2187,400,-18.616,0,0,50,0,0,1,0.05,0.004,193818
2188,384,-16.505,0,7,11,0,0,0,0.05,0.004,194202
2189,41,-16.128,0,3,0,1,0,0,0.05,0.004,194243
2190,248,-19.512,0,7,18,0,0,0,0.05,0.004,194491
2191,400,-16.708,0,2,11,0,0,1,0.05,0.004,194891
2192,143,-19.762,0,3,1,1,0,0,0.05,0.004,195034
2193,316,-26.451,0,4,18,1,0,0,0.05,0.004,195350
2194,400,-16.812,0,5,23,0,0,1,0.05,0.004,195750
2195,106,-7.439,0,3,10,0,0,0,0.05,0.004,195856
2196,400,-14.619,0,0,11,0,0,1,0.05,0.004,196256
2197,244,-14.017,0,0,3,0,0,0,0.05,0.004,196500
2198,400,-17.635,0,7,48,0,0,1,0.05,0.004,196900
2199,400,-11.25,2,11,25,0,0,1,0.05,0.004,197300
2200,400,-15.302,0,2,12,0,0,1,0.05,0.004,197700
2201,171,-16.577,0,5,9,1,0,0,0.05,0.004,197871
2202,400,-16.445,0,0,12,0,0,1,0.05,0.004,198271
2203,15,-15.144,0,3,0,1,0,0,0.05,0.004,198286
2204,40,-14.49,0,3,1,1,0,0,0.05,0.004,198326
2205,120,-20.258,0,3,3,1,0,0,0.05,0.004,198446
2206,38,-16.318,0,4,1,1,0,0,0.05,0.004,198484
2207,400,-12.658,0,4,8,0,0,1,0.05,0.004,198884
2208,259,-25.23,0,3,9,1,0,0,0.05,0.004,199143
2209,12,-14.934,0,4,0,1,0,0,0.05,0.004,199155
2210,28,-15.247,0,4,0,1,0,0,0.05,0.004,199183
2211,50,-16.474,0,4,2,1,0,0,0.05,0.004,199233
2212,400,-21.439,0,0,17,0,0,1,0.05,0.004,199633
2213,346,-14.804,1,7,10,0,0,0,0.05,0.004,199979
2214,400,-16.448,0,3,12,0,0,1,0.05,0.004,200000
2215,400,-16.669,0,0,20,0,0,1,0.05,0.004,200000
2216,400,-17.74,0,0,7,0,0,1,0.05,0.004,200000
2217,11,-15.05,0,3,0,1,0,0,0.05,0.004,200000
2218,5,-14.604,0,4,0,1,0,0,0.05,0.004,200000
2219,400,-19.738,1,1,34,0,0,1,0.05,0.004,200000
2220,14,-15.69,0,3,1,1,0,0,0.05,0.004,200000
2221,400,-18.318,0,3,17,0,0,1,0.05,0.004,200000
2222,400,-18.761,0,2,28,0,0,1,0.05,0.004,200000
2223,94,-16.862,0,3,3,1,0,0,0.05,0.004,200000
2224,192,-13.157,0,3,10,0,0,0,0.05,0.004,200000
2225,54,-17.01,0,4,0,1,0,0,0.05,0.004,200000
2226,400,-17.499,0,4,34,0,0,1,0.05,0.004,200000
2227,400,-15.817,0,0,20,0,0,1,0.05,0.004,200000
2228,97,-8.561,0,0,0,0,0,0,0.05,0.004,200000
2229,400,-20.015,0,0,21,0,0,1,0.05,0.004,200000
2230,400,-11.986,0,6,9,0,0,1,0.05,0.004,200000
2231,22,-16.338,0,4,1,1,0,0,0.05,0.004,200000
2232,400,-14.385,0,3,6,0,0,1,0.05,0.004,200000
2233,400,-15.457,0,3,19,0,0,1,0.05,0.004,200000
2234,400,-17.385,0,10,47,0,0,1,0.05,0.004,200000
2235,400,-6.623,0,10,13,0,0,1,0.05,0.004,200000
2236,400,-18.487,0,1,16,0,0,1,0.05,0.004,200000
2237,400,-17.927,0,1,9,0,0,1,0.05,0.004,200000
2238,400,-13.374,0,6,9,0,0,1,0.05,0.004,200000
2239,335,-18.419,0,10,15,0,0,0,0.05,0.004,200000
2240,400,-21.725,0,5,24,0,0,1,0.05,0.004,200000
2241,400,-18.82,0,6,86,0,0,1,0.05,0.004,200000
2242,400,-13.793,0,7,22,0,0,1,0.05,0.004,200000
2243,400,-16.812,0,6,21,0,0,1,0.05,0.004,200000
2244,400,-15.919,0,4,14,0,0,1,0.05,0.004,200000
2245,47,-17.093,0,4,0,1,0,0,0.05,0.004,200000
2246,104,-19.54,0,3,2,1,0,0,0.05,0.004,200000
2247,400,-16.145,1,6,22,0,0,1,0.05,0.004,200000
2248,400,-16.556,0,8,20,0,0,1,0.05,0.004,200000
2249,400,-13.546,0,7,11,0,0,1,0.05,0.004,200000
2250,400,-15.418,1,7,3,0,0,1,0.05,0.004,200000
2251,255,-13.807,0,0,7,0,0,0,0.05,0.004,200000
2252,99,-8.691,0,3,2,0,0,0,0.05,0.004,200000
2253,366,-18.225,0,3,21,0,0,0,0.05,0.004,200000
2254,235,-10.61,0,0,5,0,0,0,0.05,0.004,200000
2255,138,-9.293,0,0,0,0,0,0,0.05,0.004,200000
2256,318,-20.724,0,4,19,1,0,0,0.05,0.004,200000
2257,400,-15.374,0,8,15,0,0,1,0.05,0.004,200000
2258,400,-15.946,1,7,19,0,0,1,0.05,0.004,200000
2259,400,-19.064,0,4,37,0,0,1,0.05,0.004,200000
2260,342,-20.467,0,3,9,0,0,0,0.05,0.004,200000
2261,400,-18.964,0,6,19,0,0,1,0.05,0.004,200000
2262,326,-12.901,1,7,27,0,0,0,0.05,0.004,200000
2263,133,-17.701,0,3,4,1,0,0,0.05,0.004,200000
2264,215,-21.554,1,6,21,1,0,0,0.05,0.004,200000
2265,159,-16.442,0,3,4,1,0,0,0.05,0.004,200000
2266,400,-14.298,1,5,10,0,0,1,0.05,0.004,200000
2267,400,-19.813,0,4,26,0,0,1,0.05,0.004,200000
2268,399,-27.484,0,8,14,1,0,0,0.05,0.004,200000
2269,235,-13.067,0,3,6,0,0,0,0.05,0.004,200000
2270,400,-18.367,0,3,7,0,0,1,0.05,0.004,200000
2271,400,-17.837,0,8,47,0,0,1,0.05,0.004,200000
2272,307,-18.652,0,6,26,1,0,0,0.05,0.004,200000
2273,400,-16.37,1,3,40,0,0,1,0.05,0.004,200000
2274,400,-17.783,0,7,57,0,0,1,0.05,0.004,200000
2275,400,-18.422,0,0,14,0,0,1,0.05,0.004,200000
2276,400,-16.012,0,8,10,0,0,1,0.05,0.004,200000
2277,130,-21.452,0,4,24,1,0,0,0.05,0.004,200000
2278,393,-24.492,1,15,31,1,0,0,0.05,0.004,200000
2279,400,-16.68,0,1,9,0,0,1,0.05,0.004,200000
2280,400,-18.395,0,2,34,0,0,1,0.05,0.004,200000
2281,400,-16.813,0,8,30,0,0,1,0.05,0.004,200000
2282,400,-15.568,0,2,7,0,0,1,0.05,0.004,200000
2283,151,-12.128,0,0,6,0,0,0,0.05,0.004,200000
2284,94,-10.076,0,2,8,0,0,0,0.05,0.004,200000
2285,400,-13.025,0,10,17,0,0,1,0.05,0.004,200000
2286,339,-22.088,0,10,12,1,0,0,0.05,0.004,200000
2287,400,-17.802,0,8,14,0,0,1,0.05,0.004,200000
2288,400,-17.317,0,3,19,0,0,1,0.05,0.004,200000
2289,400,-17.916,0,7,25,0,0,1,0.05,0.004,200000
2290,400,-16.099,0,2,13,0,0,1,0.05,0.004,200000
2291,164,-11.136,0,3,7,0,0,0,0.05,0.004,200000
2292,400,-14.113,0,4,25,0,1,1,0.05,0.004,200000
2293,193,-10.102,0,0,3,0,0,0,0.05,0.004,200000
2294,336,-19.076,1,5,28,0,0,0,0.05,0.004,200000
2295,400,-9.362,0,13,42,0,1,1,0.05,0.004,200000
2296,400,-12.937,1,13,59,0,0,1,0.05,0.004,200000
2297,400,-15.218,0,4,28,0,0,1,0.05,0.004,200000
2298,400,-13.581,0,11,28,0,0,1,0.05,0.004,200000
2299,400,-14.962,0,5,5,0,0,1,0.05,0.004,200000
2300,400,-16.811,0,2,6,0,0,1,0.05,0.004,200000
2301,121,-17.45,0,4,40,1,0,0,0.05,0.004,200000
2302,25,-11.633,0,2,1,1,0,0,0.05,0.004,200000
2303,169,-16.31,0,3,5,1,0,0,0.05,0.004,200000
2304,391,-25.929,0,2,18,1,0,0,0.05,0.004,200000
2305,257,-17.207,0,3,6,0,0,0,0.05,0.004,200000
2306,400,-14.386,0,1,6,0,0,1,0.05,0.004,200000
2307,400,-13.614,0,6,40,0,0,1,0.05,0.004,200000
2308,400,-16.3,0,7,4,0,0,1,0.05,0.004,200000
2309,344,-23.238,0,6,10,1,0,0,0.05,0.004,200000
2310,400,-19.752,0,3,30,0,0,1,0.05,0.004,200000
2311,400,-20.241,0,4,47,0,0,1,0.05,0.004,200000
2312,355,-18.413,1,7,12,0,0,0,0.05,0.004,200000
2313,176,-20.877,0,5,24,1,0,0,0.05,0.004,200000
2314,400,-19.849,0,0,31,0,0,1,0.05,0.004,200000
2315,180,-20.147,0,10,4,1,0,0,0.05,0.004,200000
2316,132,-10.68,0,0,3,0,0,0,0.05,0.004,200000
2317,400,-17.645,0,5,10,0,0,1,0.05,0.004,200000
2318,400,-15.244,1,13,24,0,0,1,0.05,0.004,200000
2319,236,-15.542,0,2,9,0,0,0,0.05,0.004,200000
2320,17,-15.298,0,2,6,1,0,0,0.05,0.004,200000
2321,400,-17.159,0,6,32,0,0,1,0.05,0.004,200000
2322,400,-16.4,0,4,35,0,0,1,0.05,0.004,200000
2323,400,-13.532,1,5,27,0,1,1,0.05,0.004,200000
2324,225,-11.155,0,5,16,0,0,0,0.05,0.004,200000
2325,257,-14.156,0,4,8,0,0,0,0.05,0.004,200000
2326,299,-17.418,0,12,16,0,0,0,0.05,0.004,200000
2327,400,-16.248,0,9,14,0,0,1,0.05,0.004,200000
2328,400,-15.261,2,10,10,0,0,1,0.05,0.004,200000
2329,324,-23.973,0,3,28,1,0,0,0.05,0.004,200000
2330,225,-13.728,0,3,7,0,0,0,0.05,0.004,200000
2331,367,-20.761,1,6,8,1,0,0,0.05,0.004,200000
2332,400,-19.204,0,5,37,0,0,1,0.05,0.004,200000
2333,400,-23.52,0,2,36,0,0,1,0.05,0.004,200000
2334,400,-17.113,0,2,30,0,0,1,0.05,0.004,200000
2335,400,-14.803,0,18,57,0,0,1,0.05,0.004,200000
2336,400,-15.728,1,8,38,0,0,1,0.05,0.004,200000
2337,329,-23.381,0,9,15,1,0,0,0.05,0.004,200000
2338,400,-14.879,0,5,19,0,0,1,0.05,0.004,200000
2339,400,-13.002,2,19,37,0,0,1,0.05,0.004,200000
2340,400,-14.676,0,2,9,0,0,1,0.05,0.004,200000
2341,267,-22.664,0,9,13,1,0,0,0.05,0.004,200000
2342,400,-16.807,0,4,26,0,0,1,0.05,0.004,200000
2343,400,-19.768,0,5,31,0,0,1,0.05,0.004,200000
2344,400,-17.576,0,9,49,0,0,1,0.05,0.004,200000
2345,400,-11.689,0,3,21,0,0,1,0.05,0.004,200000
2346,398,-28.482,0,10,81,1,0,0,0.05,0.004,200000
2347,48,-8.181,0,0,2,0,0,0,0.05,0.004,200000
2348,400,-12.323,0,17,36,0,0,1,0.05,0.004,200000
2349,232,-17.295,0,13,9,1,0,0,0.05,0.004,200000
2350,400,-15.42,0,6,25,0,0,1,0.05,0.004,200000
2351,400,-14.952,0,12,40,0,0,1,0.05,0.004,200000
2352,371,-18.367,0,5,18,0,0,0,0.05,0.004,200000
2353,181,-16.033,0,3,3,1,0,0,0.05,0.004,200000
2354,400,-20.599,1,5,59,0,0,1,0.05,0.004,200000
2355,400,-14.245,0,10,22,0,0,1,0.05,0.004,200000
2356,400,-16.289,2,4,16,0,0,1,0.05,0.004,200000
2357,400,-16.337,0,4,16,0,0,1,0.05,0.004,200000
2358,400,-12.047,0,14,13,0,0,1,0.05,0.004,200000
2359,400,-16.904,0,4,31,0,0,1,0.05,0.004,200000
2360,400,-14.676,1,7,18,0,0,1,0.05,0.004,200000
2361,400,-11.766,0,4,14,0,0,1,0.05,0.004,200000
2362,140,-17.771,0,5,5,1,0,0,0.05,0.004,200000
2363,336,-24.027,0,7,21,1,0,0,0.05,0.004,200000
2364,400,-16.047,0,7,26,0,0,1,0.05,0.004,200000
2365,309,-24.694,0,3,12,1,0,0,0.05,0.004,200000
2366,400,-20.271,0,6,13,0,0,1,0.05,0.004,200000
2367,400,-15.918,2,10,26,0,0,1,0.05,0.004,200000
2368,400,-18.192,1,6,39,0,0,1,0.05,0.004,200000
2369,140,-8.388,0,3,5,0,0,0,0.05,0.004,200000
2370,400,-12.238,0,5,27,0,0,1,0.05,0.004,200000
2371,400,-16.579,0,17,45,0,0,1,0.05,0.004,200000
2372,400,-14.606,1,6,6,0,0,1,0.05,0.004,200000
2373,400,-19.935,0,5,79,0,0,1,0.05,0.004,200000
2374,400,-18.062,0,6,32,0,0,1,0.05,0.004,200000
2375,166,-9.997,1,13,33,0,0,0,0.05,0.004,200000
2376,49,-15.237,0,3,4,1,0,0,0.05,0.004,200000
2377,400,-14.251,0,12,10,0,0,1,0.05,0.004,200000
2378,400,-15.905,2,13,59,0,0,1,0.05,0.004,200000
2379,400,-12.947,0,13,11,0,0,1,0.05,0.004,200000
2380,400,-19.009,0,6,33,0,0,1,0.05,0.004,200000
2381,400,-13.879,1,5,24,0,0,1,0.05,0.004,200000
2382,400,-12.955,0,10,19,0,0,1,0.05,0.004,200000
2383,400,-14.339,0,8,16,0,0,1,0.05,0.004,200000
2384,400,-17.114,0,5,28,0,0,1,0.05,0.004,200000
2385,7,-15.12,0,4,5,1,0,0,0.05,0.004,200000
2386,400,-12.001,0,3,11,0,0,1,0.05,0.004,200000
2387,400,-16.372,2,4,13,0,0,1,0.05,0.004,200000
2388,400,-15.713,1,7,32,0,0,1,0.05,0.004,200000
2389,400,-11.629,0,2,10,0,0,1,0.05,0.004,200000
2390,245,-8.306,2,6,10,0,0,0,0.05,0.004,200000
2391,400,-17.432,0,11,35,0,0,1,0.05,0.004,200000
2392,400,-11.876,0,3,19,0,0,1,0.05,0.004,200000
2393,400,-16.539,1,11,30,0,0,1,0.05,0.004,200000
2394,400,-14.734,0,6,14,0,0,1,0.05,0.004,200000
2395,38,-7.126,0,3,6,0,0,0,0.05,0.004,200000
2396,400,-11.304,1,18,36,0,0,1,0.05,0.004,200000
2397,395,-27.85,0,11,47,1,0,0,0.05,0.004,200000
2398,400,-20.491,0,11,65,0,0,1,0.05,0.004,200000
2399,400,-14.597,0,3,15,0,0,1,0.05,0.004,200000
2400,376,-12.854,1,8,31,0,0,1,0.05,0.004,200000
2401,400,-17.4,0,9,67,0,0,1,0.05,0.004,200000
2402,168,-11.156,1,5,22,0,0,0,0.05,0.004,200000
2403,400,-15.512,1,6,23,0,0,1,0.05,0.004,200000
2404,400,-17.894,1,10,14,0,0,1,0.05,0.004,200000
2405,86,-8.457,0,2,6,0,0,0,0.05,0.004,200000
2406,400,-12.546,1,2,13,0,0,1,0.05,0.004,200000
2407,400,-11.502,0,10,12,0,0,1,0.05,0.004,200000
2408,143,-9.636,0,7,12,0,0,0,0.05,0.004,200000
2409,400,-12.324,1,9,36,0,0,1,0.05,0.004,200000
2410,138,-16.525,0,4,11,1,0,0,0.05,0.004,200000
2411,214,-15.136,2,15,15,1,0,0,0.05,0.004,200000
2412,333,-18.206,0,8,11,1,0,0,0.05,0.004,200000
2413,289,-12.314,0,8,8,0,0,0,0.05,0.004,200000
2414,106,-10.536,0,0,7,0,0,0,0.05,0.004,200000
2415,319,-24.694,1,15,55,1,0,0,0.05,0.004,200000
2416,400,-17.062,0,10,15,0,0,1,0.05,0.004,200000
2417,400,-16.123,0,10,52,0,0,1,0.05,0.004,200000
2418,400,-21.642,0,10,164,0,0,1,0.05,0.004,200000
2419,400,-14.013,1,22,41,0,0,1,0.05,0.004,200000
2420,400,-7.098,3,18,20,0,0,1,0.05,0.004,200000
2421,103,-12.756,0,12,12,1,0,0,0.05,0.004,200000
2422,172,-12.379,0,5,18,0,0,0,0.05,0.004,200000
2423,400,-11.233,1,8,21,0,0,1,0.05,0.004,200000
2424,400,-13.466,0,10,18,0,0,1,0.05,0.004,200000
2425,152,-17.341,1,12,21,1,0,0,0.05,0.004,200000
2426,400,-14.356,0,16,52,0,0,1,0.05,0.004,200000
2427,400,-16.204,0,8,37,0,0,1,0.05,0.004,200000
2428,93,-9.945,0,0,3,0,0,0,0.05,0.004,200000
2429,400,-13.758,0,4,20,0,0,1,0.05,0.004,200000
2430,400,-14.593,1,14,19,0,0,1,0.05,0.004,200000
2431,400,-12.554,0,8,28,0,0,1,0.05,0.004,200000
2432,400,-18.559,0,0,31,0,0,1,0.05,0.004,200000
2433,400,-14.316,1,5,19,0,0,1,0.05,0.004,200000
2434,394,-19.459,0,10,8,0,0,0,0.05,0.004,200000
2435,369,-23.229,0,10,64,1,0,0,0.05,0.004,200000
2436,400,-10.378,0,11,28,0,0,1,0.05,0.004,200000
2437,84,-12.235,0,3,1,1,0,0,0.05,0.004,200000
2438,400,-10.114,0,5,12,0,0,1,0.05,0.004,200000
2439,400,-14.729,0,5,36,0,0,1,0.05,0.004,200000
2440,400,-8.099,2,16,12,0,0,1,0.05,0.004,200000
2441,199,-17.814,1,7,5,1,0,0,0.05,0.004,200000
2442,400,-12.049,2,15,5,0,0,1,0.05,0.004,200000
2443,400,-12.063,1,5,13,0,0,1,0.05,0.004,200000
2444,267,-11.649,1,12,9,0,0,0,0.05,0.004,200000
2445,55,-7.242,0,0,0,0,0,0,0.05,0.004,200000
2446,400,-16.658,0,8,26,0,0,1,0.05,0.004,200000
2447,302,-24.294,0,8,40,1,0,0,0.05,0.004,200000
2448,5,-15.54,0,3,3,1,0,0,0.05,0.004,200000
2449,400,-16.164,0,4,13,0,0,1,0.05,0.004,200000
2450,400,-15.677,0,10,11,0,0,1,0.05,0.004,200000
2451,150,-17.857,0,4,6,1,0,0,0.05,0.004,200000
2452,246,-21.471,0,7,14,1,0,0,0.05,0.004,200000
2453,400,-17.373,0,2,17,0,0,1,0.05,0.004,200000
2454,390,-25.072,3,14,66,1,0,0,0.05,0.004,200000
2455,400,-14.413,0,10,29,0,0,1,0.05,0.004,200000
2456,284,-17.5,0,3,8,0,0,0,0.05,0.004,200000
2457,400,-15.162,1,12,6,0,0,1,0.05,0.004,200000
2458,365,-20.951,0,9,33,0,0,0,0.05,0.004,200000
2459,153,-19.294,0,9,19,1,0,0,0.05,0.004,200000
2460,400,-14.888,1,12,27,0,0,1,0.05,0.004,200000
2461,144,-20.516,0,6,40,1,0,0,0.05,0.004,200000
2462,313,-13.258,0,9,5,0,0,0,0.05,0.004,200000
2463,70,-16.818,0,4,6,1,0,0,0.05,0.004,200000
2464,63,-8.789,0,0,13,0,0,0,0.05,0.004,200000
2465,385,-29.193,0,12,25,1,0,0,0.05,0.004,200000
2466,400,-13.638,0,13,10,0,0,1,0.05,0.004,200000
2467,400,-11.218,0,16,57,0,0,1,0.05,0.004,200000
2468,400,-11.557,0,11,11,0,1,1,0.05,0.004,200000
2469,400,-15.012,0,14,18,0,0,1,0.05,0.004,200000
2470,400,-11.843,0,8,16,0,0,1,0.05,0.004,200000
2471,311,-15.508,1,29,108,1,1,0,0.05,0.004,200000
2472,326,-17.683,1,5,11,0,0,0,0.05,0.004,200000
2473,362,-23.6,0,16,19,1,0,0,0.05,0.004,200000
2474,268,-14.68,0,0,3,0,0,0,0.05,0.004,200000
2475,400,-15.782,0,6,39,0,0,1,0.05,0.004,200000
2476,400,-14.001,0,4,30,0,0,1,0.05,0.004,200000
2477,66,-17.854,0,4,7,1,0,0,0.05,0.004,200000
2478,229,-20.552,0,9,31,1,0,0,0.05,0.004,200000
2479,400,-14.915,0,7,31,0,0,1,0.05,0.004,200000
2480,400,-13.29,0,12,22,0,0,1,0.05,0.004,200000
2481,400,-15.683,0,12,27,0,0,1,0.05,0.004,200000
2482,76,-8.705,0,0,5,0,0,0,0.05,0.004,200000
2483,400,-17.869,0,13,84,0,0,1,0.05,0.004,200000
2484,129,-15.865,0,0,3,1,0,0,0.05,0.004,200000
2485,400,-8.612,0,26,24,0,0,1,0.05,0.004,200000
2486,400,-11.321,1,10,11,0,0,1,0.05,0.004,200000
2487,343,-21.991,0,9,38,1,0,0,0.05,0.004,200000
2488,400,-1.77,2,17,16,0,1,1,0.05,0.004,200000
2489,379,-24.795,1,13,21,1,0,0,0.05,0.004,200000
2490,400,-15.573,1,7,16,0,0,1,0.05,0.004,200000
2491,267,-12.772,0,0,7,0,0,0,0.05,0.004,200000
2492,400,-13.481,0,19,31,0,0,1,0.05,0.004,200000
2493,400,-10.798,1,9,17,0,0,1,0.05,0.004,200000
2494,318,-14.792,2,16,30,1,0,0,0.05,0.004,200000
2495,400,-12.965,1,16,51,0,0,1,0.05,0.004,200000
2496,400,-15.972,0,6,61,0,0,1,0.05,0.004,200000
2497,400,-14.194,0,13,56,0,0,1,0.05,0.004,200000
2498,400,-14.929,1,6,19,0,0,1,0.05,0.004,200000
2499,400,-17.051,0,13,55,0,0,1,0.05,0.004,200000
2500,400,-16.073,0,8,10,0,0,1,0.05,0.004,200000
2501,199,-11.117,1,3,7,0,0,0,0.05,0.004,200000
2502,400,-15.236,0,13,40,0,0,1,0.05,0.004,200000
2503,70,-13.347,0,6,3,1,0,0,0.05,0.004,200000
2504,138,-7.426,0,9,20,0,0,0,0.05,0.004,200000
2505,353,-13.322,0,0,4,0,0,0,0.05,0.004,200000
2506,400,-6.218,0,12,20,0,1,1,0.05,0.004,200000
2507,400,-11.538,0,6,11,0,0,1,0.05,0.004,200000
2508,400,-13.471,0,9,25,0,0,1,0.05,0.004,200000
2509,400,-10.082,2,11,23,0,0,1,0.05,0.004,200000
2510,400,-8.952,1,16,17,0,0,1,0.05,0.004,200000
2511,400,-11.713,0,11,11,0,0,1,0.05,0.004,200000
2512,400,-12.587,1,7,27,0,0,1,0.05,0.004,200000
2513,400,-13.677,0,3,12,0,0,1,0.05,0.004,200000
2514,120,-16.453,0,5,3,1,0,0,0.05,0.004,200000
2515,372,-12.764,2,11,12,0,0,0,0.05,0.004,200000
2516,201,-17.687,0,5,3,1,0,0,0.05,0.004,200000
2517,400,-14.687,0,7,19,0,0,1,0.05,0.004,200000
2518,197,-10.396,2,8,8,0,0,0,0.05,0.004,200000
2519,400,-14.425,0,5,17,0,0,1,0.05,0.004,200000
2520,400,-7.598,1,14,57,0,0,1,0.05,0.004,200000
2521,131,-16.599,0,3,6,1,0,0,0.05,0.004,200000
2522,201,-12.217,0,5,7,0,0,0,0.05,0.004,200000
2523,400,-14.074,0,11,25,0,0,1,0.05,0.004,200000
2524,400,-17.082,0,4,22,0,0,1,0.05,0.004,200000
2525,50,-16.814,0,2,5,1,0,0,0.05,0.004,200000
2526,117,-12.312,1,5,3,1,0,0,0.05,0.004,200000
2527,400,-8.38,0,12,13,0,1,1,0.05,0.004,200000
2528,198,-17.265,0,10,20,1,0,0,0.05,0.004,200000
2529,113,-15.025,2,13,21,1,0,0,0.05,0.004,200000
2530,400,-13.264,0,12,11,0,0,1,0.05,0.004,200000
2531,62,-7.959,0,3,2,0,0,0,0.05,0.004,200000
2532,400,-9.727,0,19,17,0,0,1,0.05,0.004,200000
2533,400,-8.612,0,5,27,0,0,1,0.05,0.004,200000
2534,400,-1.102,3,16,19,0,0,1,0.05,0.004,200000
2535,400,-5.813,0,27,6,0,0,1,0.05,0.004,200000
2536,400,-12.266,0,2,15,0,0,1,0.05,0.004,200000
2537,245,-10.877,0,10,9,1,1,0,0.05,0.004,200000
2538,400,-12.796,1,9,12,0,0,1,0.05,0.004,200000
2539,240,-20.767,0,10,7,1,0,0,0.05,0.004,200000
2540,400,-16.746,1,9,6,0,0,1,0.05,0.004,200000
2541,400,-3.312,1,29,12,0,0,1,0.05,0.004,200000
2542,400,-12.874,2,6,30,0,0,1,0.05,0.004,200000
2543,6,-14.179,0,3,4,1,0,0,0.05,0.004,200000
2544,400,-12.201,0,12,26,0,0,1,0.05,0.004,200000
2545,400,-12.223,0,10,15,0,0,1,0.05,0.004,200000
2546,146,-15.975,0,9,8,1,0,0,0.05,0.004,200000
2547,400,-12.262,1,9,11,0,0,1,0.05,0.004,200000
2548,400,-13.852,0,3,16,0,0,1,0.05,0.004,200000
2549,397,-27.324,0,7,12,1,0,0,0.05,0.004,200000
2550,400,-13.731,0,11,11,0,0,1,0.05,0.004,200000
2551,400,-2.651,3,18,33,0,1,1,0.05,0.004,200000
2552,233,-20.701,0,16,31,1,0,0,0.05,0.004,200000
2553,400,-11.13,1,15,33,0,0,1,0.05,0.004,200000
2554,306,-17.281,1,6,3,1,0,0,0.05,0.004,200000
2555,5,-14.132,0,3,3,1,0,0,0.05,0.004,200000
2556,400,-15.516,0,3,4,0,0,1,0.05,0.004,200000
2557,135,-10.257,0,0,2,0,0,0,0.05,0.004,200000
2558,400,-7.907,0,8,4,0,0,1,0.05,0.004,200000
2559,400,-11.09,0,12,26,0,0,1,0.05,0.004,200000
2560,400,-13.105,1,13,25,0,0,1,0.05,0.004,200000
2561,125,-9.749,0,2,3,0,0,0,0.05,0.004,200000
2562,400,-13.188,0,11,24,0,0,1,0.05,0.004,200000
2563,94,-15.436,0,2,4,1,0,0,0.05,0.004,200000
2564,290,-17.33,0,8,10,1,0,0,0.05,0.004,200000
2565,400,-12.124,1,13,8,0,0,1,0.05,0.004,200000
2566,217,0.653,5,27,10,0,0,0,0.05,0.004,200000
2567,400,-16.447,0,3,15,0,0,1,0.05,0.004,200000
2568,362,-22.341,1,12,34,1,0,0,0.05,0.004,200000
2569,400,0.29,2,14,5,0,1,1,0.05,0.004,200000
2570,273,-15.896,1,11,17,1,0,0,0.05,0.004,200000
2571,400,-1.982,3,24,21,0,1,1,0.05,0.004,200000
2572,400,-9.105,0,11,10,0,0,1,0.05,0.004,200000
2573,328,-13.745,1,14,11,1,0,0,0.05,0.004,200000
2574,222,-16.492,0,12,6,1,0,0,0.05,0.004,200000
2575,153,-17.143,0,8,10,1,0,0,0.05,0.004,200000
2576,365,-20.929,1,7,43,1,0,0,0.05,0.004,200000
2577,303,-14.252,0,23,12,1,0,0,0.05,0.004,200000
2578,346,-23.178,1,9,20,1,0,0,0.05,0.004,200000
2579,320,-16.665,0,6,9,0,0,0,0.05,0.004,200000
2580,161,-13.451,0,0,7,0,0,0,0.05,0.004,200000
2581,172,-15.519,0,9,8,1,0,0,0.05,0.004,200000
2582,160,-15.339,0,2,7,1,0,0,0.05,0.004,200000
2583,400,-12.418,0,13,24,0,0,1,0.05,0.004,200000
2584,257,-17.931,0,6,5,1,0,0,0.05,0.004,200000
2585,400,-10.18,0,8,15,0,1,1,0.05,0.004,200000
2586,400,-16.769,0,10,21,0,0,1,0.05,0.004,200000
2587,400,-13.045,0,10,40,0,0,1,0.05,0.004,200000
2588,400,-7.188,1,19,6,0,0,1,0.05,0.004,200000
2589,400,-8.347,0,25,9,0,0,1,0.05,0.004,200000
2590,294,-13.997,0,0,7,0,0,0,0.05,0.004,200000
2591,400,-11.927,0,12,15,0,0,1,0.05,0.004,200000
2592,400,-13.083,1,10,34,0,0,1,0.05,0.004,200000
2593,400,-11.808,1,5,16,0,0,1,0.05,0.004,200000
2594,115,-9.894,0,11,4,1,0,0,0.05,0.004,200000
2595,394,-13.979,1,29,11,1,1,0,0.05,0.004,200000
2596,45,-10.174,0,3,1,1,0,0,0.05,0.004,200000
2597,400,-16.676,0,7,14,0,0,1,0.05,0.004,200000
2598,400,-10.921,0,30,14,0,0,1,0.05,0.004,200000
2599,400,-12.343,0,9,23,0,0,1,0.05,0.004,200000
2600,400,-12.68,2,15,17,0,0,1,0.05,0.004,200000
2601,39,-10.233,0,5,0,1,0,0,0.05,0.004,200000
2602,400,-11.098,1,16,11,0,0,1,0.05,0.004,200000
2603,400,-2.197,2,23,23,0,1,1,0.05,0.004,200000
2604,400,-12.879,1,17,10,0,0,1,0.05,0.004,200000
2605,100,-19.931,0,3,5,1,0,0,0.05,0.004,200000
2606,386,-26.7,1,11,21,1,0,0,0.05,0.004,200000
2607,209,-13.375,0,2,18,0,0,0,0.05,0.004,200000
2608,174,-12.21,0,2,8,0,0,0,0.05,0.004,200000
2609,400,-13.45,0,5,19,0,0,1,0.05,0.004,200000
2610,400,-12.304,0,8,25,0,0,1,0.05,0.004,200000
2611,400,-10.663,1,10,16,0,0,1,0.05,0.004,200000
2612,400,-6.597,2,19,33,0,0,1,0.05,0.004,200000
2613,400,-11.702,0,6,12,0,0,1,0.05,0.004,200000
2614,400,-12.63,0,14,21,0,0,1,0.05,0.004,200000
2615,75,-13.427,0,10,3,1,0,0,0.05,0.004,200000
2616,400,-12.837,0,16,9,0,0,1,0.05,0.004,200000
2617,400,-11.597,0,16,24,0,0,1,0.05,0.004,200000
2618,400,-12.913,0,9,9,0,0,1,0.05,0.004,200000
2619,250,-20.932,1,8,9,1,0,0,0.05,0.004,200000
2620,242,-20.056,0,2,6,1,0,0,0.05,0.004,200000
2621,89,-17.098,0,3,5,1,0,0,0.05,0.004,200000
2622,41,-16.206,0,3,4,1,0,0,0.05,0.004,200000
2623,400,-7.543,2,8,14,0,0,1,0.05,0.004,200000
2624,400,-9.149,1,13,14,0,0,1,0.05,0.004,200000
2625,400,-17.229,0,10,11,0,0,1,0.05,0.004,200000
2626,400,-16.308,1,7,48,0,0,1,0.05,0.004,200000
2627,400,-12.96,1,16,17,0,0,1,0.05,0.004,200000
2628,400,-3.817,3,18,22,0,1,1,0.05,0.004,200000
2629,336,-19.329,0,16,29,1,0,0,0.05,0.004,200000
2630,400,-17.101,0,5,20,0,0,1,0.05,0.004,200000
2631,400,-10.101,0,10,20,0,0,1,0.05,0.004,200000
2632,400,-7.318,1,20,32,0,0,1,0.05,0.004,200000
2633,400,-16.048,0,7,30,0,0,1,0.05,0.004,200000
2634,400,-16.425,0,8,18,0,0,1,0.05,0.004,200000
2635,236,-14.058,0,15,20,1,0,0,0.05,0.004,200000
2636,263,-17.097,0,21,15,1,0,0,0.05,0.004,200000
2637,400,-11.884,0,7,13,0,0,1,0.05,0.004,200000
2638,400,-7.704,1,26,21,0,0,1,0.05,0.004,200000
2639,400,-16.787,0,5,13,0,0,1,0.05,0.004,200000
2640,400,-8.57,0,14,12,0,0,1,0.05,0.004,200000
2641,383,-17.856,2,17,27,1,0,0,0.05,0.004,200000
2642,400,-10.627,0,11,10,0,0,1,0.05,0.004,200000
2643,400,-10.066,1,17,12,0,0,1,0.05,0.004,200000
2644,396,-23.127,1,11,9,1,0,0,0.05,0.004,200000
2645,218,-22.487,0,3,5,1,0,0,0.05,0.004,200000
2646,400,-8.513,0,11,10,0,0,1,0.05,0.004,200000
2647,400,-11.091,0,11,14,0,0,1,0.05,0.004,200000
2648,400,-10.633,2,19,7,0,0,1,0.05,0.004,200000
2649,400,-4.98,0,14,23,0,0,1,0.05,0.004,200000
2650,400,-8.479,0,14,11,0,0,1,0.05,0.004,200000
2651,400,-14.541,0,1,19,0,0,1,0.05,0.004,200000
2652,400,-11.748,1,9,11,0,0,1,0.05,0.004,200000
2653,297,-7.121,2,15,9,0,0,0,0.05,0.004,200000
2654,400,-8.294,0,10,12,0,0,1,0.05,0.004,200000
2655,11,-13.701,0,4,3,1,0,0,0.05,0.004,200000
2656,400,-7.941,0,4,13,0,0,1,0.05,0.004,200000
2657,400,-7.402,0,12,9,0,0,1,0.05,0.004,200000
2658,176,-10.79,1,3,3,0,0,0,0.05,0.004,200000
2659,400,-12.839,2,15,14,0,0,1,0.05,0.004,200000
2660,271,-15.412,0,0,7,0,0,0,0.05,0.004,200000
2661,322,-19.677,0,33,17,1,0,0,0.05,0.004,200000
2662,144,-8.349,0,6,1,0,0,0,0.05,0.004,200000
2663,400,-9.985,1,9,17,0,0,1,0.05,0.004,200000
2664,264,-9.661,2,34,6,1,0,0,0.05,0.004,200000
2665,343,-15.146,3,13,15,1,0,0,0.05,0.004,200000
2666,400,-9.749,2,17,11,0,0,1,0.05,0.004,200000
2667,400,-14.284,0,12,6,0,0,1,0.05,0.004,200000
2668,232,-11.421,0,10,11,0,0,0,0.05,0.004,200000
2669,400,-12.126,0,10,13,0,0,1,0.05,0.004,200000
2670,400,-8.233,2,21,42,0,0,1,0.05,0.004,200000
2671,126,-13.984,1,12,2,1,0,0,0.05,0.004,200000
2672,400,-5.166,1,25,23,0,1,1,0.05,0.004,200000
2673,247,-15.228,2,15,20,1,0,0,0.05,0.004,200000
2674,400,-11.132,1,9,33,0,0,1,0.05,0.004,200000
2675,400,-15.594,0,5,55,0,0,1,0.05,0.004,200000
2676,320,-20.578,0,15,37,1,0,0,0.05,0.004,200000
2677,191,-12.562,0,15,13,1,0,0,0.05,0.004,200000
2678,400,-19.552,0,5,56,0,0,1,0.05,0.004,200000
2679,400,-12.324,0,7,24,0,0,1,0.05,0.004,200000
2680,95,-8.635,0,0,2,0,0,0,0.05,0.004,200000
2681,400,-7.645,0,9,15,0,0,1,0.05,0.004,200000
2682,400,-8.154,0,11,28,0,0,1,0.05,0.004,200000
2683,400,-10.228,1,21,16,0,0,1,0.05,0.004,200000
2684,74,-14.792,1,6,4,1,0,0,0.05,0.004,200000
2685,400,-14.223,0,24,45,0,0,1,0.05,0.004,200000
2686,400,-9.334,0,17,24,0,0,1,0.05,0.004,200000
2687,400,-5.935,2,24,10,0,0,1,0.05,0.004,200000
2688,400,-12.765,1,16,26,0,0,1,0.05,0.004,200000
2689,255,-17.892,3,11,12,1,0,0,0.05,0.004,200000
2690,400,-8.295,0,10,21,0,0,1,0.05,0.004,200000
2691,400,-10.435,0,8,36,0,0,1,0.05,0.004,200000
2692,400,-15.232,0,6,35,0,0,1,0.05,0.004,200000
2693,400,-11.071,1,13,54,0,0,1,0.05,0.004,200000
2694,323,-23.7,0,6,13,1,0,0,0.05,0.004,200000
2695,170,-14.598,1,4,3,1,0,0,0.05,0.004,200000
2696,400,-11.968,0,18,24,0,0,1,0.05,0.004,200000
2697,400,-11.362,0,7,9,0,0,1,0.05,0.004,200000
2698,357,-20.206,2,11,6,1,0,0,0.05,0.004,200000
2699,400,-4.366,0,13,10,0,1,1,0.05,0.004,200000
2700,220,-11.163,0,10,4,0,0,0,0.05,0.004,200000
2701,230,-17.263,0,3,11,1,0,0,0.05,0.004,200000
2702,211,-9.379,2,13,10,1,0,0,0.05,0.004,200000
2703,10,-15.612,0,2,7,1,0,0,0.05,0.004,200000
2704,400,-15.439,0,7,18,0,0,1,0.05,0.004,200000
2705,400,-7.212,1,12,17,0,0,1,0.05,0.004,200000
2706,400,1.395,4,33,29,0,0,1,0.05,0.004,200000
2707,286,-17.094,2,10,38,1,0,0,0.05,0.004,200000
2708,242,-14.227,0,2,3,0,0,0,0.05,0.004,200000
2709,391,-16.489,3,18,17,1,0,0,0.05,0.004,200000
2710,260,-20.91,0,8,9,1,0,0,0.05,0.004,200000
2711,55,-17.172,0,4,10,1,0,0,0.05,0.004,200000
2712,255,-17.386,0,8,5,1,0,0,0.05,0.004,200000
2713,400,-12.318,0,6,24,0,0,1,0.05,0.004,200000
2714,400,-11.291,0,16,22,0,0,1,0.05,0.004,200000
2715,400,-5.715,1,6,16,0,0,1,0.05,0.004,200000
2716,178,-16.491,0,14,65,1,0,0,0.05,0.004,200000
2717,16,-10.44,0,3,7,1,0,0,0.05,0.004,200000
2718,400,-14.487,1,9,21,0,0,1,0.05,0.004,200000
2719,198,-15.95,0,0,40,0,0,0,0.05,0.004,200000
2720,7,-15.8,0,3,5,1,0,0,0.05,0.004,200000
2721,400,-12.603,1,12,19,0,0,1,0.05,0.004,200000
2722,386,-18.702,2,23,17,1,0,0,0.05,0.004,200000
2723,400,-14.925,1,14,53,0,0,1,0.05,0.004,200000
2724,400,-12.916,0,12,12,0,0,1,0.05,0.004,200000
2725,400,-11.339,1,6,10,0,0,1,0.05,0.004,200000
2726,107,-17.33,1,5,14,1,0,0,0.05,0.004,200000
2727,61,-8.046,0,0,5,0,0,0,0.05,0.004,200000
2728,400,0.67,2,27,16,0,0,1,0.05,0.004,200000
2729,400,-9.578,0,18,16,0,0,1,0.05,0.004,200000
2730,210,-17.084,1,9,20,1,0,0,0.05,0.004,200000
2731,400,-4.883,2,26,24,0,0,1,0.05,0.004,200000
2732,400,-5.955,0,17,25,0,0,1,0.05,0.004,200000
2733,207,-16.37,0,8,11,1,0,0,0.05,0.004,200000
2734,400,-9.062,2,11,10,0,0,1,0.05,0.004,200000
2735,400,-13.683,0,7,13,0,0,1,0.05,0.004,200000
2736,250,-13.322,2,14,12,1,0,0,0.05,0.004,200000
2737,86,-9.842,0,0,2,0,0,0,0.05,0.004,200000
2738,400,1.328,0,42,33,0,0,1,0.05,0.004,200000
2739,293,-14.965,0,10,38,1,0,0,0.05,0.004,200000
2740,12,-12.41,0,3,2,1,0,0,0.05,0.004,200000
2741,241,-6.61,2,25,14,0,0,0,0.05,0.004,200000
2742,400,-15.398,1,7,32,0,0,1,0.05,0.004,200000
2743,400,-11.768,1,13,11,0,0,1,0.05,0.004,200000
2744,400,-13.264,0,10,5,0,0,1,0.05,0.004,200000
2745,326,-20.27,0,11,9,1,0,0,0.05,0.004,200000
2746,382,-21.163,0,17,10,1,0,0,0.05,0.004,200000
2747,400,-4.945,2,22,41,0,0,1,0.05,0.004,200000
2748,400,-11.536,1,8,36,0,0,1,0.05,0.004,200000
2749,400,-1.428,2,9,18,0,1,1,0.05,0.004,200000
2750,303,-14.049,0,13,11,0,0,0,0.05,0.004,200000
2751,265,-11.6,1,6,10,0,0,0,0.05,0.004,200000
2752,372,-27.119,0,11,58,1,0,0,0.05,0.004,200000
2753,263,-14.621,0,3,8,0,0,0,0.05,0.004,200000
2754,400,-0.947,1,21,17,0,0,1,0.05,0.004,200000
2755,400,-13.804,0,13,20,0,0,1,0.05,0.004,200000
2756,395,-27.676,0,1,17,1,0,0,0.05,0.004,200000
2757,400,-9.662,2,9,13,0,0,1,0.05,0.004,200000
2758,400,-7.855,0,15,8,0,0,1,0.05,0.004,200000
2759,400,-13.056,0,14,12,0,0,1,0.05,0.004,200000
2760,400,-12.644,1,10,12,0,0,1,0.05,0.004,200000
2761,400,-6.426,1,14,7,0,0,1,0.05,0.004,200000
2762,188,-10.737,1,18,3,1,0,0,0.05,0.004,200000
2763,210,-15.882,1,11,34,1,0,0,0.05,0.004,200000
2764,400,-11.306,1,10,8,0,0,1,0.05,0.004,200000
2765,400,-14.717,0,2,19,0,0,1,0.05,0.004,200000
2766,400,-15.783,1,10,43,0,0,1,0.05,0.004,200000
2767,89,-2.613,1,8,6,0,0,0,0.05,0.004,200000
2768,319,-25.005,0,9,30,1,0,0,0.05,0.004,200000
2769,400,-16.762,0,6,15,0,0,1,0.05,0.004,200000
2770,400,-8.94,0,17,11,0,0,1,0.05,0.004,200000
2771,161,-15.606,0,7,6,1,0,0,0.05,0.004,200000
2772,400,-12.173,1,14,22,0,0,1,0.05,0.004,200000
2773,400,-7.664,1,19,44,0,0,1,0.05,0.004,200000
2774,400,-10.068,1,6,8,0,0,1,0.05,0.004,200000
2775,400,-10.801,0,9,8,0,0,1,0.05,0.004,200000
2776,400,-9.145,0,13,4,0,0,1,0.05,0.004,200000
2777,294,-14.97,0,21,7,1,0,0,0.05,0.004,200000
2778,400,-8.244,2,11,26,0,0,1,0.05,0.004,200000
2779,297,-7.568,1,24,21,0,0,0,0.05,0.004,200000
2780,112,-11.05,0,9,7,1,0,0,0.05,0.004,200000
2781,400,-4.164,3,28,9,0,0,1,0.05,0.004,200000
2782,28,-11.889,0,2,3,1,0,0,0.05,0.004,200000
2783,183,-15.47,0,6,8,1,0,0,0.05,0.004,200000
2784,400,-6.097,1,16,21,0,0,1,0.05,0.004,200000
2785,400,-4.279,1,10,19,0,0,1,0.05,0.004,200000
2786,400,-9.908,2,18,14,0,0,1,0.05,0.004,200000
2787,400,-11.137,0,11,35,0,0,1,0.05,0.004,200000
2788,386,-15.011,0,31,25,1,0,0,0.05,0.004,200000
2789,389,-18.533,0,8,14,1,0,0,0.05,0.004,200000
2790,400,-5.231,0,24,34,0,0,1,0.05,0.004,200000
2791,125,-15.36,0,7,5,1,0,0,0.05,0.004,200000
2792,304,-16.429,0,19,12,1,0,0,0.05,0.004,200000
2793,400,-4.817,2,23,11,0,0,1,0.05,0.004,200000
2794,400,-6.642,1,14,16,0,0,1,0.05,0.004,200000
2795,400,-7.034,2,19,21,0,0,1,0.05,0.004,200000
2796,100,-6.561,0,0,1,0,0,0,0.05,0.004,200000
2797,400,-13.021,0,8,18,0,0,1,0.05,0.004,200000
2798,363,-19.156,0,7,8,1,0,0,0.05,0.004,200000
2799,254,-8.161,2,17,7,0,0,0,0.05,0.004,200000
2800,143,-13.095,1,14,6,1,0,0,0.05,0.004,200000
2801,36,-16.196,0,3,3,1,0,0,0.05,0.004,200000
2802,400,-7.989,1,25,20,0,1,1,0.05,0.004,200000
2803,400,-16.381,0,10,25,0,0,1,0.05,0.004,200000
2804,400,-6.253,1,15,30,0,0,1,0.05,0.004,200000
2805,400,-2.177,2,26,9,0,0,1,0.05,0.004,200000
2806,174,-12.214,0,15,4,1,0,0,0.05,0.004,200000
2807,242,-10.374,0,12,28,0,0,0,0.05,0.004,200000
2808,164,-13.912,0,0,1,1,0,0,0.05,0.004,200000
2809,400,2.659,2,24,10,0,0,1,0.05,0.004,200000
2810,400,-14.226,0,13,17,0,0,1,0.05,0.004,200000
2811,265,-13.133,1,15,6,1,0,0,0.05,0.004,200000
2812,400,-9.229,0,18,8,0,0,1,0.05,0.004,200000
2813,341,-17.041,0,8,13,0,0,0,0.05,0.004,200000
2814,400,-6.993,1,17,28,0,0,1,0.05,0.004,200000
2815,400,-11.101,1,14,17,0,0,1,0.05,0.004,200000
2816,400,-1.207,2,32,23,0,0,1,0.05,0.004,200000
2817,221,-18.137,1,7,8,1,0,0,0.05,0.004,200000
2818,400,-3.391,0,20,4,0,1,1,0.05,0.004,200000
2819,400,-7.001,2,18,8,0,0,1,0.05,0.004,200000
2820,400,-1.298,1,19,7,0,0,1,0.05,0.004,200000
2821,7,-11.557,0,2,0,1,0,0,0.05,0.004,200000
2822,400,-6.778,0,16,10,0,1,1,0.05,0.004,200000
2823,238,-21.314,0,4,7,1,0,0,0.05,0.004,200000
2824,400,-4.822,1,14,22,0,0,1,0.05,0.004,200000
2825,400,-6.891,2,16,19,0,0,1,0.05,0.004,200000
2826,400,-3.608,1,30,24,0,0,1,0.05,0.004,200000
2827,400,-13.345,0,6,17,0,0,1,0.05,0.004,200000
2828,53,-11.86,0,13,2,1,0,0,0.05,0.004,200000
2829,400,1.714,2,26,11,0,0,1,0.05,0.004,200000
2830,268,-13.25,0,21,30,1,0,0,0.05,0.004,200000
2831,210,-10.509,1,3,5,0,0,0,0.05,0.004,200000
2832,383,-18.891,0,8,10,1,0,0,0.05,0.004,200000
2833,244,-3.909,2,14,6,0,0,0,0.05,0.004,200000
2834,87,-12.777,1,3,5,1,0,0,0.05,0.004,200000
2835,345,-13.913,2,24,18,1,0,0,0.05,0.004,200000
2836,400,-3.634,1,23,7,0,0,1,0.05,0.004,200000
2837,400,-4.532,0,13,8,0,1,1,0.05,0.004,200000
2838,400,-8.98,1,15,9,0,0,1,0.05,0.004,200000
2839,400,-4.509,1,13,34,0,0,1,0.05,0.004,200000
2840,400,-0.326,1,33,13,0,0,1,0.05,0.004,200000
2841,400,-17.288,0,2,10,0,0,1,0.05,0.004,200000
2842,400,-11.955,0,8,47,0,0,1,0.05,0.004,200000
2843,120,-9.828,1,3,19,0,0,0,0.05,0.004,200000
2844,400,-13.429,0,12,23,0,0,1,0.05,0.004,200000
2845,239,-0.613,2,29,17,0,0,0,0.05,0.004,200000
2846,400,0.459,2,17,7,0,0,1,0.05,0.004,200000
2847,81,-8.398,0,0,5,0,0,0,0.05,0.004,200000
2848,339,-8.609,1,34,9,1,1,0,0.05,0.004,200000
2849,60,-9.607,0,8,0,1,0,0,0.05,0.004,200000
2850,35,-10.232,0,5,0,1,0,0,0.05,0.004,200000
2851,400,-7.492,1,15,14,0,0,1,0.05,0.004,200000
2852,400,5.36,2,30,20,0,1,1,0.05,0.004,200000
2853,400,-6.242,0,14,13,0,0,1,0.05,0.004,200000
2854,400,-3.839,1,24,16,0,0,1,0.05,0.004,200000
2855,43,-17.052,0,2,4,1,0,0,0.05,0.004,200000
2856,226,-12.433,1,14,6,1,0,0,0.05,0.004,200000
2857,253,-16.224,1,21,49,1,0,0,0.05,0.004,200000
2858,372,-23.424,0,16,34,1,0,0,0.05,0.004,200000
2859,157,-15.872,0,7,7,1,0,0,0.05,0.004,200000
2860,122,-6.05,1,11,6,0,0,0,0.05,0.004,200000
2861,400,-1.027,1,19,21,0,0,1,0.05,0.004,200000
2862,400,-6.395,0,13,16,0,0,1,0.05,0.004,200000
2863,302,-14.403,2,14,15,1,0,0,0.05,0.004,200000
2864,273,-10.291,1,20,13,1,1,0,0.05,0.004,200000
2865,400,-0.662,2,15,17,0,0,1,0.05,0.004,200000
2866,400,-6.188,0,8,12,0,0,1,0.05,0.004,200000
2867,400,-6.807,1,20,34,0,0,1,0.05,0.004,200000
2868,300,-7.916,1,11,6,0,0,0,0.05,0.004,200000
2869,115,-16.583,0,2,5,1,0,0,0.05,0.004,200000
2870,400,-5.435,1,20,10,0,0,1,0.05,0.004,200000
2871,216,-19.828,0,4,10,1,0,0,0.05,0.004,200000
2872,400,-2.925,1,13,22,0,0,1,0.05,0.004,200000
2873,400,-10.74,0,21,25,0,0,1,0.05,0.004,200000
2874,23,-11.895,1,9,2,1,0,0,0.05,0.004,200000
2875,400,-1.649,2,18,28,0,0,1,0.05,0.004,200000
2876,149,-11.719,2,18,18,1,0,0,0.05,0.004,200000
2877,400,-2.919,2,17,16,0,0,1,0.05,0.004,200000
2878,63,-11.628,0,3,5,0,0,0,0.05,0.004,200000
2879,18,-16.252,0,2,6,1,0,0,0.05,0.004,200000
2880,80,-5.513,1,7,6,0,0,0,0.05,0.004,200000
2881,400,1.56,3,9,12,0,1,1,0.05,0.004,200000
2882,246,-12.947,1,21,8,1,0,0,0.05,0.004,200000
2883,387,-17.138,2,9,14,1,0,0,0.05,0.004,200000
2884,400,-11.424,1,15,34,0,0,1,0.05,0.004,200000
2885,193,-9.279,1,18,22,0,0,0,0.05,0.004,200000
2886,283,-17.468,0,10,10,1,0,0,0.05,0.004,200000
2887,400,-1.975,1,32,17,0,0,1,0.05,0.004,200000
2888,400,-9.922,1,22,27,0,0,1,0.05,0.004,200000
2889,400,1.027,2,13,13,0,0,1,0.05,0.004,200000
2890,400,-1.049,0,19,22,0,0,1,0.05,0.004,200000
2891,400,-13.506,0,7,24,0,0,1,0.05,0.004,200000
2892,200,-9.387,2,26,3,1,0,0,0.05,0.004,200000
2893,400,-5.097,0,9,13,0,0,1,0.05,0.004,200000
2894,50,-14.662,0,4,3,1,0,0,0.05,0.004,200000
2895,400,10.637,3,51,17,0,1,1,0.05,0.004,200000
2896,276,-14.266,2,17,11,1,0,0,0.05,0.004,200000
2897,234,-15.062,0,0,5,0,0,0,0.05,0.004,200000
2898,77,-19.326,0,3,7,1,0,0,0.05,0.004,200000
2899,277,-19.966,1,10,7,1,0,0,0.05,0.004,200000
2900,5,-15.642,0,2,3,1,0,0,0.05,0.004,200000
2901,400,-9.263,1,6,24,0,0,1,0.05,0.004,200000
2902,75,-8.294,0,0,2,0,0,0,0.05,0.004,200000
2903,60,-16.142,0,2,2,1,0,0,0.05,0.004,200000
2904,400,-1.995,2,37,22,0,0,1,0.05,0.004,200000
2905,400,-5.627,1,9,28,0,0,1,0.05,0.004,200000
2906,400,-8.704,1,8,24,0,0,1,0.05,0.004,200000
2907,400,-6.496,0,11,8,0,1,1,0.05,0.004,200000
2908,313,-9.85,2,25,9,1,0,0,0.05,0.004,200000
2909,281,-14.038,2,13,6,1,0,0,0.05,0.004,200000
2910,10,-16.231,0,3,3,1,0,0,0.05,0.004,200000
2911,400,2.381,1,17,14,0,0,1,0.05,0.004,200000
2912,400,-0.802,3,21,20,0,0,1,0.05,0.004,200000
2913,400,4.132,1,17,11,0,1,1,0.05,0.004,200000
2914,123,-12.891,0,9,2,1,0,0,0.05,0.004,200000
2915,400,-0.756,1,21,7,0,0,1,0.05,0.004,200000
2916,315,-12.877,1,25,9,1,0,0,0.05,0.004,200000
2917,351,-9.097,2,26,7,1,0,0,0.05,0.004,200000
2918,202,-17.14,1,4,7,1,0,0,0.05,0.004,200000
2919,120,-7.49,1,4,4,0,0,0,0.05,0.004,200000
2920,400,1.248,5,27,35,0,0,1,0.05,0.004,200000
2921,400,-4.694,2,22,37,0,0,1,0.05,0.004,200000
2922,400,-7.335,0,16,12,0,0,1,0.05,0.004,200000
2923,400,-9.252,0,10,15,0,0,1,0.05,0.004,200000
2924,400,-13.517,0,4,4,0,0,1,0.05,0.004,200000
2925,400,8.162,2,26,27,0,1,1,0.05,0.004,200000
2926,400,-8.268,0,8,8,0,0,1,0.05,0.004,200000
2927,126,-9.17,2,5,1,1,0,0,0.05,0.004,200000
2928,400,-2.697,3,16,18,0,0,1,0.05,0.004,200000
2929,163,-8.873,1,7,5,1,0,0,0.05,0.004,200000
2930,201,-17.71,0,9,9,1,0,0,0.05,0.004,200000
2931,173,-12.147,0,11,9,1,0,0,0.05,0.004,200000
2932,235,-4.978,3,35,12,1,0,0,0.05,0.004,200000
2933,400,-8.248,0,12,13,0,0,1,0.05,0.004,200000
2934,232,-7.013,3,19,7,1,0,0,0.05,0.004,200000
2935,77,-13.097,0,5,3,1,0,0,0.05,0.004,200000
2936,217,-13.917,0,8,5,1,0,0,0.05,0.004,200000
2937,81,-13.777,0,13,8,1,0,0,0.05,0.004,200000
2938,400,-7.01,1,9,13,0,0,1,0.05,0.004,200000
2939,262,-7.024,2,37,11,1,0,0,0.05,0.004,200000
2940,378,-20.58,0,5,11,1,0,0,0.05,0.004,200000
2941,113,-12.492,1,3,6,1,0,0,0.05,0.004,200000
2942,400,5.797,3,31,26,0,0,1,0.05,0.004,200000
2943,102,-17.195,0,3,6,1,0,0,0.05,0.004,200000
2944,400,-8.326,1,12,11,0,0,1,0.05,0.004,200000
2945,187,-13.64,0,5,4,1,0,0,0.05,0.004,200000
2946,400,-4.983,0,7,5,0,0,1,0.05,0.004,200000
2947,60,-11.387,0,7,0,1,0,0,0.05,0.004,200000
2948,400,-9.091,1,15,22,0,0,1,0.05,0.004,200000
2949,400,-9.877,0,1,20,0,0,1,0.05,0.004,200000
2950,400,-4.792,2,8,12,0,0,1,0.05,0.004,200000
2951,94,-9.165,0,16,5,1,0,0,0.05,0.004,200000
2952,400,8.196,3,32,12,0,1,1,0.05,0.004,200000
2953,273,-13.971,0,6,13,0,0,0,0.05,0.004,200000
2954,400,-1.6,1,10,6,0,0,1,0.05,0.004,200000
2955,187,-7.881,1,5,9,0,0,0,0.05,0.004,200000
2956,400,-11.928,0,7,20,0,0,1,0.05,0.004,200000
2957,394,-19.86,0,13,19,1,0,0,0.05,0.004,200000
2958,382,-9.863,3,18,10,0,0,0,0.05,0.004,200000
2959,62,-16.936,0,3,7,1,0,0,0.05,0.004,200000
2960,43,-11.027,0,7,1,1,0,0,0.05,0.004,200000
2961,146,-16.418,0,4,7,1,0,0,0.05,0.004,200000
2962,236,-8.838,2,9,15,0,0,0,0.05,0.004,200000
2963,400,-8.131,0,10,7,0,0,1,0.05,0.004,200000
2964,345,-10.172,2,12,18,1,0,0,0.05,0.004,200000
2965,260,-14.817,0,9,8,1,0,0,0.05,0.004,200000
2966,119,-14.392,0,6,1,1,0,0,0.05,0.004,200000
2967,400,-11.021,2,17,82,0,0,1,0.05,0.004,200000
2968,124,-14.933,0,5,3,1,0,0,0.05,0.004,200000
2969,400,4.184,3,16,12,0,0,1,0.05,0.004,200000
2970,400,-9.989,0,4,19,0,0,1,0.05,0.004,200000
2971,400,-6.414,1,7,8,0,0,1,0.05,0.004,200000
2972,400,1.163,3,29,12,0,0,1,0.05,0.004,200000
2973,189,-4.947,2,21,28,0,0,0,0.05,0.004,200000
2974,5,-15.301,0,4,3,1,0,0,0.05,0.004,200000
2975,400,-11.687,0,8,22,0,0,1,0.05,0.004,200000
2976,287,-3.721,3,24,8,1,1,0,0.05,0.004,200000
2977,191,-12.051,1,3,9,0,0,0,0.05,0.004,200000
2978,16,-14.711,0,3,7,1,0,0,0.05,0.004,200000
2979,400,-10.265,0,12,15,0,0,1,0.05,0.004,200000
2980,176,-15.677,1,12,7,1,0,0,0.05,0.004,200000
2981,400,-0.644,1,24,34,0,1,1,0.05,0.004,200000
2982,400,-3.88,1,20,47,0,0,1,0.05,0.004,200000
2983,275,-1.621,2,23,8,0,0,0,0.05,0.004,200000
2984,400,-2.282,2,28,25,0,0,1,0.05,0.004,200000
2985,400,6.282,2,41,17,0,0,1,0.05,0.004,200000
2986,187,-18.607,0,4,6,1,0,0,0.05,0.004,200000
2987,123,-8.054,2,22,8,1,0,0,0.05,0.004,200000
2988,400,1.759,1,24,21,0,0,1,0.05,0.004,200000
2989,245,-9.283,0,4,7,0,0,0,0.05,0.004,200000
2990,400,-1.243,2,18,13,0,0,1,0.05,0.004,200000
2991,400,-7.921,0,3,19,0,1,1,0.05,0.004,200000
2992,373,-17.581,0,16,37,1,0,0,0.05,0.004,200000
2993,304,-16.809,0,18,11,1,0,0,0.05,0.004,200000
2994,267,-15.116,0,9,23,1,0,0,0.05,0.004,200000
2995,400,-4.963,1,13,16,0,0,1,0.05,0.004,200000
2996,203,-18.785,0,19,11,1,0,0,0.05,0.004,200000
2997,400,-9.283,0,12,12,0,0,1,0.05,0.004,200000
2998,59,-15.134,0,3,5,1,0,0,0.05,0.004,200000
2999,233,-13.467,0,0,6,0,0,0,0.05,0.004,200000
3000,279,-8.572,3,21,12,1,0,0,0.05,0.004,200000
3001,308,-12.063,2,20,16,1,1,0,0.05,0.004,200000
3002,400,1.778,2,14,10,0,1,1,0.05,0.004,200000
3003,400,-3.693,0,11,7,0,0,1,0.05,0.004,200000
3004,400,-6.675,0,11,15,0,0,1,0.05,0.004,200000
3005,9,-16.055,0,3,3,1,0,0,0.05,0.004,200000
3006,198,-10.58,0,26,2,1,0,0,0.05,0.004,200000
3007,78,-7.688,0,0,2,0,0,0,0.05,0.004,200000
3008,400,-0.599,1,17,12,0,0,1,0.05,0.004,200000
3009,400,-10.881,1,5,19,0,0,1,0.05,0.004,200000
3010,400,-8.451,1,5,43,0,0,1,0.05,0.004,200000
3011,400,-8.096,0,6,13,0,0,1,0.05,0.004,200000
3012,109,-17.74,0,4,13,1,0,0,0.05,0.004,200000
3013,102,-11.412,0,2,2,1,0,0,0.05,0.004,200000
3014,213,-17.966,0,3,5,1,0,0,0.05,0.004,200000
3015,150,-15.064,0,3,1,1,0,0,0.05,0.004,200000
3016,350,-13.398,0,17,10,1,0,0,0.05,0.004,200000
3017,400,-6.5,1,17,8,0,0,1,0.05,0.004,200000
3018,203,-5.011,2,20,11,1,0,0,0.05,0.004,200000
3019,400,4.343,3,30,6,0,0,1,0.05,0.004,200000
3020,400,-7.302,2,17,16,0,0,1,0.05,0.004,200000
3021,134,-15.03,0,2,3,1,0,0,0.05,0.004,200000
3022,179,-12.056,0,13,8,1,0,0,0.05,0.004,200000
3023,214,-10.842,1,4,5,0,0,0,0.05,0.004,200000
3024,400,-0.425,2,14,40,0,0,1,0.05,0.004,200000
3025,400,-11.13,1,13,25,0,0,1,0.05,0.004,200000
3026,400,4.648,1,25,12,0,1,1,0.05,0.004,200000
3027,400,0.946,1,14,7,0,1,1,0.05,0.004,200000
3028,400,-1.703,1,15,11,0,0,1,0.05,0.004,200000
3029,10,-15.932,0,3,6,1,0,0,0.05,0.004,200000
3030,400,-1.929,3,18,15,0,0,1,0.05,0.004,200000
3031,5,-14.997,0,3,3,1,0,0,0.05,0.004,200000
3032,400,3.423,3,26,23,0,0,1,0.05,0.004,200000
3033,400,2.405,2,16,24,0,1,1,0.05,0.004,200000
3034,190,-11.758,0,4,6,0,0,0,0.05,0.004,200000
3035,164,-8.6,1,14,5,1,0,0,0.05,0.004,200000
3036,244,-12.628,0,3,5,0,0,0,0.05,0.004,200000
3037,245,-14.052,0,5,9,0,0,0,0.05,0.004,200000
3038,122,-8.218,1,2,1,0,0,0,0.05,0.004,200000
3039,289,-14.131,0,2,11,0,0,0,0.05,0.004,200000
3040,141,-11.923,0,10,14,1,0,0,0.05,0.004,200000
3041,241,-4.851,2,25,17,0,0,0,0.05,0.004,200000
3042,400,-3.072,1,14,6,0,0,1,0.05,0.004,200000
3043,324,-11.259,2,24,13,1,0,0,0.05,0.004,200000
3044,55,-12.224,0,2,0,1,0,0,0.05,0.004,200000
3045,209,-4.907,1,12,5,1,1,0,0.05,0.004,200000
3046,73,-15.011,0,4,5,1,0,0,0.05,0.004,200000
3047,40,-16.387,0,3,4,1,0,0,0.05,0.004,200000
3048,400,-1.943,0,12,17,0,0,1,0.05,0.004,200000
3049,400,-5.045,2,16,22,0,0,1,0.05,0.004,200000
3050,90,-11.081,1,7,7,1,0,0,0.05,0.004,200000
3051,400,-1.204,1,12,16,0,1,1,0.05,0.004,200000
3052,190,-13.235,0,15,12,1,0,0,0.05,0.004,200000
3053,400,-0.935,0,21,17,0,0,1,0.05,0.004,200000
3054,361,-15.74,0,25,7,1,0,0,0.05,0.004,200000
3055,5,-13.951,0,3,3,1,0,0,0.05,0.004,200000
3056,400,-4.506,3,20,26,0,0,1,0.05,0.004,200000
3057,400,4.681,4,22,32,0,1,1,0.05,0.004,200000
3058,243,-16.424,0,10,12,1,0,0,0.05,0.004,200000
3059,400,-0.913,2,16,19,0,0,1,0.05,0.004,200000
3060,312,-8.3,1,34,9,1,0,0,0.05,0.004,200000
3061,138,-15.08,0,2,4,1,0,0,0.05,0.004,200000
3062,400,-8.723,2,8,10,0,0,1,0.05,0.004,200000
3063,400,-3.546,1,19,10,0,0,1,0.05,0.004,200000
3064,400,-3.485,2,21,6,0,0,1,0.05,0.004,200000
3065,114,-6.731,0,7,2,0,0,0,0.05,0.004,200000
3066,116,-16.601,0,3,9,1,0,0,0.05,0.004,200000
3067,400,3.303,2,15,26,0,0,1,0.05,0.004,200000
3068,400,-5.379,2,11,19,0,1,1,0.05,0.004,200000
3069,55,-14.527,0,4,3,1,0,0,0.05,0.004,200000
3070,400,8.854,2,33,7,0,0,1,0.05,0.004,200000
3071,197,-3.963,2,24,2,0,0,0,0.05,0.004,200000
3072,400,-0.436,2,23,21,0,0,1,0.05,0.004,200000
3073,326,-17.201,0,7,6,1,0,0,0.05,0.004,200000
3074,189,-3.49,5,27,14,1,0,0,0.05,0.004,200000
3075,400,-5.636,1,11,10,0,0,1,0.05,0.004,200000
3076,400,-6.129,1,20,18,0,0,1,0.05,0.004,200000
3077,400,-1.296,2,20,12,0,0,1,0.05,0.004,200000
3078,400,4.42,3,24,14,0,1,1,0.05,0.004,200000
3079,400,6.795,3,34,14,0,0,1,0.05,0.004,200000
3080,224,-6.68,1,16,10,0,0,0,0.05,0.004,200000
3081,182,-12.538,0,8,5,1,0,0,0.05,0.004,200000
3082,234,-16.365,0,4,2,1,0,0,0.05,0.004,200000
3083,93,-5.595,2,15,2,1,0,0,0.05,0.004,200000
3084,220,-5.635,0,7,4,0,0,0,0.05,0.004,200000
3085,372,-16.743,0,10,12,1,0,0,0.05,0.004,200000
3086,244,-8.328,2,24,10,1,0,0,0.05,0.004,200000
3087,45,-6.262,1,2,1,0,0,0,0.05,0.004,200000
3088,313,0.503,2,21,18,0,0,0,0.05,0.004,200000
3089,68,-16.493,0,2,3,1,0,0,0.05,0.004,200000
3090,156,-6.639,4,18,3,1,0,0,0.05,0.004,200000
3091,184,-5.433,2,18,20,0,0,0,0.05,0.004,200000
3092,400,-4.557,1,20,17,0,0,1,0.05,0.004,200000
3093,156,-13.003,0,2,33,0,0,0,0.05,0.004,200000
3094,155,-8.813,0,3,5,0,0,0,0.05,0.004,200000
3095,400,-8.397,1,9,35,0,0,1,0.05,0.004,200000
3096,400,-2.876,2,25,24,0,0,1,0.05,0.004,200000
3097,73,-10.524,0,5,2,1,0,0,0.05,0.004,200000
3098,238,-15.914,1,16,14,1,0,0,0.05,0.004,200000
3099,400,-2.288,1,19,29,0,0,1,0.05,0.004,200000
3100,400,-7.404,1,13,13,0,0,1,0.05,0.004,200000
3101,94,-16.007,1,9,15,1,0,0,0.05,0.004,200000
3102,190,-17.566,0,2,24,1,0,0,0.05,0.004,200000
3103,98,-18.005,0,4,7,1,0,0,0.05,0.004,200000
3104,10,-15.255,0,3,4,1,0,0,0.05,0.004,200000
3105,195,-6.717,2,26,6,1,0,0,0.05,0.004,200000
3106,400,-6.363,1,17,67,0,0,1,0.05,0.004,200000
3107,400,-7.117,1,12,67,0,1,1,0.05,0.004,200000
3108,7,-15.243,0,2,4,1,0,0,0.05,0.004,200000
3109,261,-10.68,0,11,16,1,0,0,0.05,0.004,200000
3110,331,-9.734,2,28,12,1,0,0,0.05,0.004,200000
3111,381,-2.694,4,24,50,1,1,0,0.05,0.004,200000
3112,400,-5.216,1,10,33,0,1,1,0.05,0.004,200000
3113,400,-7.317,1,18,40,0,0,1,0.05,0.004,200000
3114,253,-7.819,1,27,5,1,0,0,0.05,0.004,200000
3115,192,-10.022,0,7,14,0,0,0,0.05,0.004,200000
3116,400,2.311,2,15,31,0,1,1,0.05,0.004,200000
3117,400,5.295,4,27,16,0,0,1,0.05,0.004,200000
3118,226,-5.967,2,34,16,1,0,0,0.05,0.004,200000
3119,202,-21.256,0,6,9,1,0,0,0.05,0.004,200000
3120,400,-1.294,1,24,28,0,0,1,0.05,0.004,200000
3121,218,-19.607,1,4,5,1,0,0,0.05,0.004,200000
3122,10,-10.647,0,3,0,1,0,0,0.05,0.004,200000
3123,387,-11.639,1,5,38,0,0,0,0.05,0.004,200000
3124,400,2.756,2,23,28,0,1,1,0.05,0.004,200000
3125,400,0.593,3,13,47,0,0,1,0.05,0.004,200000
3126,203,-11.26,0,0,5,0,0,0,0.05,0.004,200000
3127,7,-13.481,0,3,3,1,0,0,0.05,0.004,200000
3128,362,-13.977,3,19,15,1,0,0,0.05,0.004,200000
3129,92,-6.986,1,16,2,1,0,0,0.05,0.004,200000
3130,400,-6.463,0,12,50,0,0,1,0.05,0.004,200000
3131,400,-5.659,0,16,13,0,0,1,0.05,0.004,200000
3132,360,-6.363,2,12,31,0,0,0,0.05,0.004,200000
3133,400,-2.793,1,22,16,0,0,1,0.05,0.004,200000
3134,400,1.854,3,20,8,0,1,1,0.05,0.004,200000
3135,187,-11.022,0,4,8,0,0,0,0.05,0.004,200000
3136,284,-0.646,2,20,28,0,0,0,0.05,0.004,200000
3137,7,-15.361,0,4,3,1,0,0,0.05,0.004,200000
3138,196,-11.061,2,20,4,1,0,0,0.05,0.004,200000
3139,221,-13.228,0,0,9,0,0,0,0.05,0.004,200000
3140,400,-4.142,1,20,21,0,0,1,0.05,0.004,200000
3141,400,-4.587,2,12,42,0,0,1,0.05,0.004,200000
3142,207,-5.695,2,22,7,1,0,0,0.05,0.004,200000
3143,127,-7.499,0,0,2,0,0,0,0.05,0.004,200000
3144,400,-5.088,1,15,12,0,0,1,0.05,0.004,200000
3145,318,-7.158,2,19,9,0,0,0,0.05,0.004,200000
3146,400,-2.399,1,19,6,0,0,1,0.05,0.004,200000
3147,233,-13.119,0,14,8,1,0,0,0.05,0.004,200000
3148,400,-7.396,0,13,37,0,0,1,0.05,0.004,200000
3149,258,-6.168,0,13,19,0,0,0,0.05,0.004,200000
3150,7,-14.765,0,4,1,1,0,0,0.05,0.004,200000
3151,325,-14.59,0,14,22,1,0,0,0.05,0.004,200000
3152,400,-5.834,2,21,11,0,0,1,0.05,0.004,200000
3153,400,-7.342,1,16,10,0,0,1,0.05,0.004,200000
3154,400,-1.602,1,14,23,0,0,1,0.05,0.004,200000
3155,400,0.427,2,40,14,0,0,1,0.05,0.004,200000
3156,400,-3.812,3,22,11,0,0,1,0.05,0.004,200000
3157,400,-1.175,1,9,6,0,0,1,0.05,0.004,200000
3158,100,-7.738,0,0,4,0,0,0,0.05,0.004,200000
3159,106,-13.65,0,9,15,1,0,0,0.05,0.004,200000
3160,48,-7.464,0,0,2,0,0,0,0.05,0.004,200000
3161,229,-13.647,0,3,6,0,0,0,0.05,0.004,200000
3162,7,-15.263,0,3,5,1,0,0,0.05,0.004,200000
3163,177,-4.722,0,18,13,0,0,0,0.05,0.004,200000
3164,295,-10.98,1,20,16,1,0,0,0.05,0.004,200000
3165,147,-8.238,2,3,4,0,0,0,0.05,0.004,200000
3166,400,-5.148,0,11,25,0,1,1,0.05,0.004,200000
3167,400,-8.344,1,17,15,0,0,1,0.05,0.004,200000
3168,187,-6.828,1,4,4,0,0,0,0.05,0.004,200000
3169,248,-2.119,4,27,27,0,0,0,0.05,0.004,200000
3170,207,-10.806,0,6,12,0,0,0,0.05,0.004,200000
3171,400,5.72,3,26,29,0,1,1,0.05,0.004,200000
3172,295,-12.108,1,15,4,1,0,0,0.05,0.004,200000
3173,400,-6.675,0,4,7,0,0,1,0.05,0.004,200000
3174,143,-13.862,0,8,11,1,0,0,0.05,0.004,200000
3175,146,-13.72,0,3,12,0,0,0,0.05,0.004,200000
3176,12,-15.822,0,4,4,1,0,0,0.05,0.004,200000
3177,400,-8.835,1,14,46,0,0,1,0.05,0.004,200000
3178,107,-9.431,0,0,5,0,0,0,0.05,0.004,200000
3179,400,-2.145,2,19,42,0,1,1,0.05,0.004,200000
3180,139,-9.938,0,3,17,0,0,0,0.05,0.004,200000
3181,88,-7.324,1,3,12,0,0,0,0.05,0.004,200000
3182,121,-9.703,0,0,6,0,0,0,0.05,0.004,200000
3183,328,-15.208,0,5,13,1,0,0,0.05,0.004,200000
3184,209,-8.944,1,12,17,0,0,0,0.05,0.004,200000
3185,88,-12.951,0,3,2,1,0,0,0.05,0.004,200000
3186,213,-10.512,3,19,15,1,0,0,0.05,0.004,200000
3187,211,-19.432,1,7,8,1,0,0,0.05,0.004,200000
3188,127,-15.208,0,11,15,1,0,0,0.05,0.004,200000
3189,43,-15.365,0,3,2,1,0,0,0.05,0.004,200000
3190,241,-9.774,0,4,2,0,0,0,0.05,0.004,200000
3191,400,-6.202,1,18,17,0,0,1,0.05,0.004,200000
3192,261,-9.292,0,5,5,0,0,0,0.05,0.004,200000
3193,264,-12.651,4,32,33,1,0,0,0.05,0.004,200000
3194,266,-16.879,0,3,12,1,0,0,0.05,0.004,200000
3195,5,-14.791,0,3,1,1,0,0,0.05,0.004,200000
3196,103,-18.328,0,5,24,1,0,0,0.05,0.004,200000
3197,134,-16.321,0,3,2,1,0,0,0.05,0.004,200000
3198,227,-14.633,0,0,5,0,0,0,0.05,0.004,200000
3199,186,-13.511,0,11,4,1,0,0,0.05,0.004,200000
3200,174,-15.891,0,9,4,1,0,0,0.05,0.004,200000
3201,400,-4.394,1,8,36,0,0,1,0.05,0.004,200000
3202,400,-5.452,0,12,41,0,0,1,0.05,0.004,200000
3203,314,-5.992,4,24,7,1,0,0,0.05,0.004,200000
3204,360,-7.084,2,20,9,1,0,0,0.05,0.004,200000
3205,400,-6.675,1,11,31,0,0,1,0.05,0.004,200000
3206,237,-12.851,0,18,9,1,0,0,0.05,0.004,200000
3207,400,-3.865,1,10,4,0,0,1,0.05,0.004,200000
3208,108,-7.751,0,1,3,0,0,0,0.05,0.004,200000
3209,212,-16.925,1,6,5,1,0,0,0.05,0.004,200000
3210,315,-10.34,0,14,10,1,0,0,0.05,0.004,200000
3211,400,-9.979,0,12,31,0,0,1,0.05,0.004,200000
3212,108,-12.038,0,1,1,1,0,0,0.05,0.004,200000
3213,188,-11.746,1,10,4,0,0,0,0.05,0.004,200000
3214,112,-8.983,1,1,2,0,0,0,0.05,0.004,200000
3215,400,-9.882,0,9,29,0,0,1,0.05,0.004,200000
3216,360,-13.067,2,15,8,1,0,0,0.05,0.004,200000
3217,288,-18.037,0,7,25,1,0,0,0.05,0.004,200000
3218,30,-10.525,0,3,0,1,0,0,0.05,0.004,200000
3219,77,-15.268,0,3,1,1,0,0,0.05,0.004,200000
3220,400,-2.79,0,13,28,0,0,1,0.05,0.004,200000
3221,129,-19.859,0,4,4,1,0,0,0.05,0.004,200000
3222,143,-8.388,2,15,3,1,0,0,0.05,0.004,200000
3223,325,-12.355,1,13,16,0,0,0,0.05,0.004,200000
3224,395,-12.249,2,18,29,1,0,0,0.05,0.004,200000
3225,213,-5.057,0,15,9,0,0,0,0.05,0.004,200000
3226,129,-13.475,1,8,5,1,0,0,0.05,0.004,200000
3227,258,-15.523,0,10,8,1,0,0,0.05,0.004,200000
3228,119,-8.021,1,8,8,0,0,0,0.05,0.004,200000
3229,57,-5.26,0,0,1,0,0,0,0.05,0.004,200000
3230,400,-15.538,0,11,36,0,0,1,0.05,0.004,200000
3231,400,-2.271,2,30,42,0,0,1,0.05,0.004,200000
3232,38,-10.464,0,4,1,1,0,0,0.05,0.004,200000
3233,400,-13.087,0,11,30,0,0,1,0.05,0.004,200000
3234,291,-21.052,0,1,14,1,0,0,0.05,0.004,200000
3235,400,-9.106,0,15,41,0,0,1,0.05,0.004,200000
3236,122,-8.244,1,9,1,1,0,0,0.05,0.004,200000
3237,110,-17.607,0,3,2,1,0,0,0.05,0.004,200000
3238,239,-8.541,1,15,39,0,0,0,0.05,0.004,200000
3239,192,-1.23,0,9,2,0,1,0,0.05,0.004,200000
3240,330,-6.496,2,15,23,1,1,0,0.05,0.004,200000
3241,357,-11.413,2,7,12,1,0,0,0.05,0.004,200000
3242,400,13.494,7,42,56,0,1,1,0.05,0.004,200000
3243,359,-18.519,1,13,26,1,0,0,0.05,0.004,200000
3244,33,-13.831,0,4,0,1,0,0,0.05,0.004,200000
3245,100,-16.903,0,3,4,1,0,0,0.05,0.004,200000
3246,400,-16.362,0,6,36,0,0,1,0.05,0.004,200000
3247,400,7.387,3,30,6,0,0,1,0.05,0.004,200000
3248,319,-14.341,0,5,31,0,0,0,0.05,0.004,200000
3249,361,-12.152,0,25,14,0,0,0,0.05,0.004,200000
3250,53,-16.434,0,4,4,1,0,0,0.05,0.004,200000
3251,400,-11.737,0,5,11,0,0,1,0.05,0.004,200000
3252,400,-8.441,0,11,26,0,0,1,0.05,0.004,200000
3253,128,-13.267,2,9,16,1,0,0,0.05,0.004,200000
3254,204,-10.068,0,15,23,0,0,0,0.05,0.004,200000
3255,39,-11.587,0,3,0,1,0,0,0.05,0.004,200000
3256,124,-16.945,0,3,16,1,0,0,0.05,0.004,200000
3257,289,-16.783,2,17,17,1,0,0,0.05,0.004,200000
3258,230,-8.108,1,15,20,0,0,0,0.05,0.004,200000
3259,400,-5.233,1,24,16,0,1,1,0.05,0.004,200000
3260,121,-17.844,0,2,5,1,0,0,0.05,0.004,200000
3261,400,-1.251,2,15,44,0,0,1,0.05,0.004,200000
3262,400,-0.614,2,16,6,0,0,1,0.05,0.004,200000
3263,236,-16.694,1,17,31,1,0,0,0.05,0.004,200000
3264,400,6.638,5,37,18,0,1,1,0.05,0.004,200000
3265,90,-11.163,0,5,6,1,0,0,0.05,0.004,200000
3266,400,-0.52,2,16,32,0,0,1,0.05,0.004,200000
3267,400,-3.864,1,12,7,0,0,1,0.05,0.004,200000
3268,400,-0.709,2,20,14,0,0,1,0.05,0.004,200000
3269,297,-18.021,0,17,47,1,0,0,0.05,0.004,200000
3270,163,-11.757,0,0,22,0,0,0,0.05,0.004,200000
3271,78,-6.891,0,3,4,0,0,0,0.05,0.004,200000
3272,105,-10.412,1,15,13,1,0,0,0.05,0.004,200000
3273,193,-13.411,0,0,2,0,0,0,0.05,0.004,200000
3274,400,-2.403,1,20,19,0,0,1,0.05,0.004,200000
3275,123,-18.094,0,4,5,1,0,0,0.05,0.004,200000
3276,144,-7.397,1,19,3,1,0,0,0.05,0.004,200000
3277,400,-6.192,1,10,23,0,0,1,0.05,0.004,200000
3278,400,-6.071,0,9,14,0,0,1,0.05,0.004,200000
3279,400,-8.194,1,15,27,0,0,1,0.05,0.004,200000
3280,400,-1.194,4,23,64,0,0,1,0.05,0.004,200000
3281,323,-14.669,1,15,35,1,0,0,0.05,0.004,200000
3282,17,-15.12,0,2,0,1,0,0,0.05,0.004,200000
3283,114,-12.792,0,11,3,1,0,0,0.05,0.004,200000
3284,355,-15.343,2,21,17,1,0,0,0.05,0.004,200000
3285,400,7.82,3,34,9,0,0,1,0.05,0.004,200000
3286,99,-15.709,0,2,1,1,0,0,0.05,0.004,200000
3287,126,-5.518,0,16,11,0,0,0,0.05,0.004,200000
3288,382,-15.182,3,19,56,1,0,0,0.05,0.004,200000
3289,8,-15.222,0,3,4,1,0,0,0.05,0.004,200000
3290,367,-14.742,0,15,31,1,0,0,0.05,0.004,200000
3291,301,-17.41,0,13,46,1,0,0,0.05,0.004,200000
3292,400,-6.622,2,8,25,0,0,1,0.05,0.004,200000
3293,213,-14.579,1,27,44,1,0,0,0.05,0.004,200000
3294,400,-5.097,2,23,33,0,0,1,0.05,0.004,200000
3295,400,-2.044,1,28,55,0,0,1,0.05,0.004,200000
3296,47,-15.917,0,4,1,1,0,0,0.05,0.004,200000
3297,248,-1.603,1,13,7,0,1,0,0.05,0.004,200000
3298,33,-14.124,0,3,1,1,0,0,0.05,0.004,200000
3299,362,-11.725,1,19,24,1,1,0,0.05,0.004,200000
3300,400,-6.407,0,11,16,0,0,1,0.05,0.004,200000
3301,400,-12.452,0,12,27,0,0,1,0.05,0.004,200000
3302,110,-9.567,0,0,3,0,0,0,0.05,0.004,200000
3303,400,-2.941,2,24,19,0,0,1,0.05,0.004,200000
3304,189,-10.582,0,5,5,0,0,0,0.05,0.004,200000
3305,100,-9.812,2,8,3,1,0,0,0.05,0.004,200000
3306,346,-11.868,2,16,26,1,0,0,0.05,0.004,200000
3307,400,-9.865,1,6,14,0,0,1,0.05,0.004,200000
3308,326,-13.303,0,10,68,0,0,0,0.05,0.004,200000
3309,400,-6.854,2,13,14,0,0,1,0.05,0.004,200000
3310,272,-8.119,2,7,3,0,0,0,0.05,0.004,200000
3311,392,-16.477,3,5,21,1,0,0,0.05,0.004,200000
3312,285,-12.948,1,12,11,0,0,0,0.05,0.004,200000
3313,400,-9.162,1,13,16,0,0,1,0.05,0.004,200000
3314,56,-14.957,0,3,0,1,0,0,0.05,0.004,200000
3315,383,-10.153,0,5,19,0,0,0,0.05,0.004,200000
3316,297,-22.677,0,3,12,1,0,0,0.05,0.004,200000
3317,182,-7.652,0,7,6,0,0,0,0.05,0.004,200000
3318,94,-17.274,0,4,4,1,0,0,0.05,0.004,200000
3319,259,-5.08,4,12,18,0,0,0,0.05,0.004,200000
3320,200,-4.537,0,12,16,0,0,0,0.05,0.004,200000
3321,152,-6.588,0,12,10,0,0,0,0.05,0.004,200000
3322,17,-14.346,0,3,9,1,0,0,0.05,0.004,200000
3323,400,0.708,2,18,41,0,0,1,0.05,0.004,200000
3324,400,-10.115,1,8,31,0,0,1,0.05,0.004,200000
3325,49,-12.515,1,6,6,1,0,0,0.05,0.004,200000
3326,226,-22.952,0,4,7,1,0,0,0.05,0.004,200000
3327,229,-9.839,0,19,8,1,0,0,0.05,0.004,200000
3328,400,-12.285,0,3,9,0,0,1,0.05,0.004,200000
3329,321,-17.602,1,3,2,1,0,0,0.05,0.004,200000
3330,294,-5.274,5,32,34,1,0,0,0.05,0.004,200000
3331,184,-12.405,0,8,9,1,0,0,0.05,0.004,200000
3332,307,-14.387,1,10,21,1,0,0,0.05,0.004,200000
3333,223,-11.072,1,13,8,1,0,0,0.05,0.004,200000
3334,400,-6.978,0,28,35,0,0,1,0.05,0.004,200000
3335,400,-4.682,4,25,29,0,0,1,0.05,0.004,200000
3336,128,-15.985,1,9,17,1,0,0,0.05,0.004,200000
3337,400,-1.658,3,14,44,0,0,1,0.05,0.004,200000
3338,400,-1.427,2,27,49,0,0,1,0.05,0.004,200000
3339,62,-8.291,0,0,1,0,0,0,0.05,0.004,200000
3340,10,-14.914,0,4,1,1,0,0,0.05,0.004,200000
3341,400,-7.939,0,7,8,0,0,1,0.05,0.004,200000
3342,300,-11.07,1,18,7,1,1,0,0.05,0.004,200000
3343,400,0.442,4,17,42,0,0,1,0.05,0.004,200000
3344,337,-11.097,0,18,8,1,0,0,0.05,0.004,200000
3345,167,-9.42,1,13,13,1,0,0,0.05,0.004,200000
3346,104,-13.963,0,5,5,1,0,0,0.05,0.004,200000
3347,400,-7.888,2,12,31,0,0,1,0.05,0.004,200000
3348,400,-5.93,1,16,11,0,0,1,0.05,0.004,200000
3349,219,-10.55,2,17,13,1,0,0,0.05,0.004,200000
3350,89,-18.185,0,2,1,1,0,0,0.05,0.004,200000
3351,44,-18.607,0,3,31,1,0,0,0.05,0.004,200000
3352,96,-6.895,0,9,3,0,0,0,0.05,0.004,200000
3353,400,-10.542,1,13,24,0,0,1,0.05,0.004,200000
3354,400,-10.2,0,19,72,0,0,1,0.05,0.004,200000
3355,392,-13.589,0,15,13,1,0,0,0.05,0.004,200000
3356,17,-15.283,0,2,0,1,0,0,0.05,0.004,200000
3357,400,-10.064,1,5,63,0,0,1,0.05,0.004,200000
3358,400,-8.41,0,3,6,0,0,1,0.05,0.004,200000
3359,400,1.661,3,27,13,0,0,1,0.05,0.004,200000
3360,7,-14.878,0,4,2,1,0,0,0.05,0.004,200000
3361,400,-14.926,1,7,43,0,0,1,0.05,0.004,200000
3362,276,-17.506,0,3,14,1,0,0,0.05,0.004,200000
3363,260,-10.892,0,8,18,0,0,0,0.05,0.004,200000
3364,143,-9.566,1,0,5,0,0,0,0.05,0.004,200000
3365,140,-6.325,1,4,5,0,0,0,0.05,0.004,200000
3366,400,3.039,2,26,23,0,0,1,0.05,0.004,200000
3367,400,-2.446,0,13,19,0,0,1,0.05,0.004,200000
3368,136,-17.288,0,7,5,1,0,0,0.05,0.004,200000
3369,340,-14.651,2,19,20,1,0,0,0.05,0.004,200000
3370,289,-18.452,1,2,32,1,0,0,0.05,0.004,200000
3371,103,-10.799,1,20,4,1,0,0,0.05,0.004,200000
3372,362,-24.339,0,6,54,1,0,0,0.05,0.004,200000
3373,158,-16.051,0,5,10,1,0,0,0.05,0.004,200000
3374,346,-19.678,1,17,64,1,0,0,0.05,0.004,200000
3375,139,-13.154,0,3,2,1,0,0,0.05,0.004,200000
3376,400,-5.445,1,13,32,0,0,1,0.05,0.004,200000
3377,233,-10.74,2,10,10,1,0,0,0.05,0.004,200000
3378,379,-14.127,2,14,19,0,0,0,0.05,0.004,200000
3379,400,-8.011,1,17,12,0,0,1,0.05,0.004,200000
3380,155,-10.929,0,2,2,0,0,0,0.05,0.004,200000
3381,400,-8.498,1,8,3,0,0,1,0.05,0.004,200000
3382,400,0.674,3,21,12,0,1,1,0.05,0.004,200000
3383,94,-8.922,0,0,1,0,0,0,0.05,0.004,200000
3384,63,-16.869,0,3,2,1,0,0,0.05,0.004,200000
3385,400,-0.314,1,13,13,0,0,1,0.05,0.004,200000
3386,400,11.23,3,26,10,0,1,1,0.05,0.004,200000
3387,400,-3.091,0,24,22,0,0,1,0.05,0.004,200000
3388,393,-10.566,2,13,21,1,0,0,0.05,0.004,200000
3389,367,-19.659,0,12,58,1,0,0,0.05,0.004,200000
3390,400,-5.653,1,19,57,0,0,1,0.05,0.004,200000
3391,318,-14.412,1,10,14,1,0,0,0.05,0.004,200000
3392,400,3.07,3,24,13,0,0,1,0.05,0.004,200000
3393,138,-13.03,1,3,0,1,0,0,0.05,0.004,200000
3394,237,-10.9,2,14,11,1,0,0,0.05,0.004,200000
3395,400,-8.357,1,15,22,0,0,1,0.05,0.004,200000
3396,185,-13.607,0,11,6,1,0,0,0.05,0.004,200000
3397,400,-1.836,1,21,27,0,1,1,0.05,0.004,200000
3398,157,-5.034,2,8,14,0,0,0,0.05,0.004,200000
3399,400,2.502,2,26,19,0,1,1,0.05,0.004,200000
3400,400,2.517,2,24,5,0,1,1,0.05,0.004,200000
3401,66,-5.044,0,9,7,0,0,0,0.05,0.004,200000
3402,400,-0.401,3,16,23,0,0,1,0.05,0.004,200000
3403,107,-8.077,0,0,1,0,0,0,0.05,0.004,200000
3404,400,-7.403,3,23,52,0,0,1,0.05,0.004,200000
3405,81,-18.255,0,4,10,1,0,0,0.05,0.004,200000
3406,400,-8.913,1,25,26,0,0,1,0.05,0.004,200000
3407,266,-16.143,0,6,39,0,0,0,0.05,0.004,200000
3408,400,-11.31,2,20,81,0,0,1,0.05,0.004,200000
3409,96,-7.119,0,3,1,0,0,0,0.05,0.004,200000
3410,372,-19.459,2,15,53,1,0,0,0.05,0.004,200000
3411,400,-8.617,1,21,48,0,0,1,0.05,0.004,200000
3412,115,-5.734,1,9,6,0,0,0,0.05,0.004,200000
3413,121,-8.951,0,0,4,0,0,0,0.05,0.004,200000
3414,356,-11.931,1,12,36,0,0,0,0.05,0.004,200000
3415,180,-9.64,0,6,12,0,0,0,0.05,0.004,200000
3416,400,-3.469,0,23,26,0,0,1,0.05,0.004,200000
3417,400,-2.597,1,14,7,0,1,1,0.05,0.004,200000
3418,31,-14.129,0,2,2,1,0,0,0.05,0.004,200000
3419,158,-15.591,0,9,7,1,0,0,0.05,0.004,200000
3420,400,-2.225,1,23,33,0,0,1,0.05,0.004,200000
3421,245,-7.27,0,6,4,0,0,0,0.05,0.004,200000
3422,275,-15.275,0,20,49,1,0,0,0.05,0.004,200000
3423,400,0.118,2,17,61,0,1,1,0.05,0.004,200000
3424,400,5.602,4,29,24,0,0,1,0.05,0.004,200000
3425,84,-16.517,0,4,1,1,0,0,0.05,0.004,200000
3426,69,-12.344,0,2,6,1,0,0,0.05,0.004,200000
3427,362,-10.548,1,17,20,0,0,0,0.05,0.004,200000
3428,400,1.576,1,23,35,0,0,1,0.05,0.004,200000
3429,17,-15.482,0,4,0,1,0,0,0.05,0.004,200000
3430,400,-6.602,2,13,23,0,0,1,0.05,0.004,200000
3431,400,-2.843,2,27,22,0,0,1,0.05,0.004,200000
3432,400,-1.21,4,18,10,0,0,1,0.05,0.004,200000
3433,149,-6.08,0,15,9,0,0,0,0.05,0.004,200000
3434,115,-13.234,0,4,3,1,0,0,0.05,0.004,200000
3435,400,-7.249,1,13,42,0,0,1,0.05,0.004,200000
3436,400,-11.195,1,4,32,0,0,1,0.05,0.004,200000
3437,400,-7.591,0,10,11,0,0,1,0.05,0.004,200000
3438,357,-14.921,2,16,44,1,0,0,0.05,0.004,200000
3439,254,-12.845,1,11,9,1,1,0,0.05,0.004,200000
3440,400,-6.528,0,11,32,0,0,1,0.05,0.004,200000
3441,400,-9.549,1,6,31,0,0,1,0.05,0.004,200000
3442,400,-12.056,0,12,38,0,0,1,0.05,0.004,200000
3443,400,-7.69,1,8,20,0,0,1,0.05,0.004,200000
3444,276,-15.991,2,7,32,1,0,0,0.05,0.004,200000
3445,400,-8.643,1,12,17,0,0,1,0.05,0.004,200000
3446,162,-7.65,0,7,2,0,0,0,0.05,0.004,200000
3447,400,2.076,2,21,26,0,0,1,0.05,0.004,200000
3448,372,2.116,3,22,28,0,1,1,0.05,0.004,200000
3449,46,-15.909,0,3,0,1,0,0,0.05,0.004,200000
3450,72,-16.048,0,3,2,1,0,0,0.05,0.004,200000
3451,400,-7.696,0,7,15,0,0,1,0.05,0.004,200000
3452,400,-8.419,1,8,22,0,0,1,0.05,0.004,200000
3453,5,-14.979,0,2,1,1,0,0,0.05,0.004,200000
3454,152,-18.82,0,3,5,1,0,0,0.05,0.004,200000
3455,400,-4.84,1,18,37,0,0,1,0.05,0.004,200000
3456,400,-6.853,0,22,24,0,0,1,0.05,0.004,200000
3457,155,-18.553,1,10,9,1,0,0,0.05,0.004,200000
3458,400,-2.809,1,26,47,0,0,1,0.05,0.004,200000
3459,112,-7.04,0,12,7,0,0,0,0.05,0.004,200000
3460,400,0.136,4,36,22,0,0,1,0.05,0.004,200000
3461,174,-4.252,2,31,10,1,1,0,0.05,0.004,200000
3462,400,-5.02,0,14,32,0,1,1,0.05,0.004,200000
3463,400,5.702,4,36,9,0,1,1,0.05,0.004,200000
3464,400,-9.767,0,9,39,0,0,1,0.05,0.004,200000
3465,5,-14.779,0,4,1,1,0,0,0.05,0.004,200000
3466,155,-11.564,2,13,4,1,0,0,0.05,0.004,200000
3467,62,-16.116,0,4,2,1,0,0,0.05,0.004,200000
3468,199,-20.319,0,4,13,1,0,0,0.05,0.004,200000
3469,400,-6.388,1,9,19,0,0,1,0.05,0.004,200000
3470,400,-1.728,2,22,25,0,0,1,0.05,0.004,200000
3471,183,-5.259,5,19,2,1,0,0,0.05,0.004,200000
3472,160,-7.965,0,0,3,0,0,0,0.05,0.004,200000
3473,400,-8.063,0,13,40,0,0,1,0.05,0.004,200000
3474,57,-14.623,0,2,2,1,0,0,0.05,0.004,200000
3475,334,-16.182,1,19,43,1,0,0,0.05,0.004,200000
3476,133,-8.053,0,0,3,0,0,0,0.05,0.004,200000
3477,230,-16.489,1,9,31,1,0,0,0.05,0.004,200000
3478,400,-2.696,0,7,24,0,0,1,0.05,0.004,200000
3479,400,-11.465,0,18,42,0,0,1,0.05,0.004,200000
3480,128,-14.529,0,8,6,1,0,0,0.05,0.004,200000
3481,388,-24.431,1,8,48,1,0,0,0.05,0.004,200000
3482,170,-10.302,0,3,5,0,0,0,0.05,0.004,200000
3483,62,-15.838,0,4,4,1,0,0,0.05,0.004,200000
3484,400,-0.373,3,16,28,0,0,1,0.05,0.004,200000
3485,327,-18.478,0,0,9,0,0,0,0.05,0.004,200000
3486,171,-19.143,0,2,2,1,0,0,0.05,0.004,200000
3487,400,-8.889,1,14,29,0,0,1,0.05,0.004,200000
3488,254,-17.496,1,11,34,1,0,0,0.05,0.004,200000
3489,400,-7.133,0,13,30,0,0,1,0.05,0.004,200000
3490,400,-13.885,0,5,81,0,0,1,0.05,0.004,200000
3491,400,-4.757,1,11,30,0,0,1,0.05,0.004,200000
3492,318,-15.021,3,17,28,1,0,0,0.05,0.004,200000
3493,400,-4.824,2,28,19,0,0,1,0.05,0.004,200000
3494,400,-12.236,1,12,10,0,0,1,0.05,0.004,200000
3495,381,-21.592,0,4,27,1,0,0,0.05,0.004,200000
3496,312,-9.187,2,20,13,1,0,0,0.05,0.004,200000
3497,327,-14.643,3,17,60,1,0,0,0.05,0.004,200000
3498,7,-15.069,0,3,3,1,0,0,0.05,0.004,200000
3499,400,-1.51,4,26,28,0,0,1,0.05,0.004,200000
3500,147,-14.614,0,3,2,1,0,0,0.05,0.004,200000
3501,178,-6.62,1,12,20,0,0,0,0.05,0.004,200000
3502,73,-7.678,0,0,3,0,0,0,0.05,0.004,200000
3503,347,-18.955,1,16,51,1,0,0,0.05,0.004,200000
3504,275,-10.5,5,28,30,1,0,0,0.05,0.004,200000
3505,139,-18.659,0,4,37,1,0,0,0.05,0.004,200000
3506,83,-5.306,0,5,10,0,0,0,0.05,0.004,200000
3507,75,-14.347,0,11,15,1,0,0,0.05,0.004,200000
3508,9,-15.531,0,3,6,1,0,0,0.05,0.004,200000
3509,400,-2.033,3,21,31,0,0,1,0.05,0.004,200000
3510,10,-13.408,0,3,1,1,0,0,0.05,0.004,200000
3511,169,-13.589,0,4,1,1,0,0,0.05,0.004,200000
3512,400,-9.98,1,16,20,0,0,1,0.05,0.004,200000
3513,400,-10.777,0,4,15,0,0,1,0.05,0.004,200000
3514,166,-6.038,2,32,13,1,0,0,0.05,0.004,200000
3515,338,-14.226,2,14,26,1,1,0,0.05,0.004,200000
3516,198,-12.281,1,10,8,1,0,0,0.05,0.004,200000
3517,338,-12.006,1,12,10,0,0,0,0.05,0.004,200000
3518,400,-3.059,2,12,24,0,0,1,0.05,0.004,200000
3519,299,-7.721,0,16,4,0,0,0,0.05,0.004,200000
3520,363,-7.826,6,22,16,1,0,0,0.05,0.004,200000
3521,287,-4.101,3,25,5,1,1,0,0.05,0.004,200000
3522,170,-8.677,0,2,4,0,0,0,0.05,0.004,200000
3523,177,-4.337,1,22,18,0,0,0,0.05,0.004,200000
3524,78,-15.331,0,3,4,1,0,0,0.05,0.004,200000
3525,125,-17.724,0,3,9,1,0,0,0.05,0.004,200000
3526,400,-6.976,3,20,24,0,0,1,0.05,0.004,200000
3527,400,-1.828,3,15,23,0,0,1,0.05,0.004,200000
3528,400,2.649,1,23,20,0,0,1,0.05,0.004,200000
3529,400,1.146,3,31,19,0,1,1,0.05,0.004,200000
3530,400,-7.375,1,18,26,0,0,1,0.05,0.004,200000
3531,400,-6.994,2,15,7,0,0,1,0.05,0.004,200000
3532,400,-6.664,2,16,47,0,0,1,0.05,0.004,200000
3533,124,-8.565,2,2,4,0,0,0,0.05,0.004,200000
3534,288,-11.58,1,6,5,0,0,0,0.05,0.004,200000
3535,219,-14.35,0,0,4,0,0,0,0.05,0.004,200000
3536,125,-7.529,0,14,15,0,0,0,0.05,0.004,200000
3537,59,-6.527,1,3,1,0,0,0,0.05,0.004,200000
3538,200,-10.057,0,22,24,1,0,0,0.05,0.004,200000
3539,59,-16.207,0,4,1,1,0,0,0.05,0.004,200000
3540,400,-4.196,3,21,25,0,0,1,0.05,0.004,200000
3541,321,-12.09,1,18,7,1,0,0,0.05,0.004,200000
3542,170,-5.168,1,18,2,0,0,0,0.05,0.004,200000
3543,271,-16.233,1,4,5,1,0,0,0.05,0.004,200000
3544,192,-14.41,0,9,9,1,0,0,0.05,0.004,200000
3545,338,-6.393,1,16,10,0,0,0,0.05,0.004,200000
3546,318,-17.397,1,22,45,1,0,0,0.05,0.004,200000
3547,88,-13.158,1,9,5,1,0,0,0.05,0.004,200000
3548,14,-13.234,0,5,2,1,0,0,0.05,0.004,200000
3549,9,-11.462,0,3,3,1,0,0,0.05,0.004,200000
3550,197,-11.819,0,10,3,1,0,0,0.05,0.004,200000
3551,285,-12.63,1,12,14,1,0,0,0.05,0.004,200000
3552,52,-4.322,1,6,0,0,0,0,0.05,0.004,200000
3553,340,-10.797,1,20,37,0,0,0,0.05,0.004,200000
3554,143,-10.405,0,9,10,0,0,0,0.05,0.004,200000
3555,400,8.081,3,24,20,0,1,1,0.05,0.004,200000
3556,255,-14.284,0,4,19,0,0,0,0.05,0.004,200000
3557,75,-16.829,0,3,2,1,0,0,0.05,0.004,200000
3558,70,-8.74,0,0,0,0,0,0,0.05,0.004,200000
3559,398,-16.098,0,8,17,1,0,0,0.05,0.004,200000
3560,333,-19.929,1,14,56,1,0,0,0.05,0.004,200000
3561,400,0.821,2,16,14,0,1,1,0.05,0.004,200000
3562,138,-12.505,0,11,5,1,0,0,0.05,0.004,200000
3563,189,-18.821,0,10,7,1,0,0,0.05,0.004,200000
3564,400,-11.445,1,19,15,0,0,1,0.05,0.004,200000
3565,400,-8.394,2,18,29,0,0,1,0.05,0.004,200000
3566,91,-9.62,0,3,5,0,0,0,0.05,0.004,200000
3567,173,-14.487,0,9,7,1,0,0,0.05,0.004,200000
3568,400,-1.037,3,23,23,0,0,1,0.05,0.004,200000
3569,264,-12.399,1,15,11,0,0,0,0.05,0.004,200000
3570,400,-5.286,2,21,34,0,0,1,0.05,0.004,200000
3571,123,-18.782,0,5,40,1,0,0,0.05,0.004,200000
3572,400,-2.15,2,22,26,0,0,1,0.05,0.004,200000
3573,400,-8.866,0,16,56,0,0,1,0.05,0.004,200000
3574,160,-12.459,0,3,5,1,0,0,0.05,0.004,200000
3575,400,-12.986,1,13,33,0,0,1,0.05,0.004,200000
3576,400,-6.362,0,24,12,0,0,1,0.05,0.004,200000
3577,175,-16.36,1,7,7,1,0,0,0.05,0.004,200000
3578,400,-7.914,2,19,94,0,0,1,0.05,0.004,200000
3579,235,-4.521,3,19,16,0,0,0,0.05,0.004,200000
3580,400,-8.209,3,16,26,0,0,1,0.05,0.004,200000
3581,400,-6.579,5,16,44,0,0,1,0.05,0.004,200000
3582,197,-0.756,5,25,23,0,0,0,0.05,0.004,200000
3583,400,-10.363,0,7,23,0,0,1,0.05,0.004,200000
3584,400,-2.715,2,16,41,0,0,1,0.05,0.004,200000
3585,84,-7.256,0,5,2,0,0,0,0.05,0.004,200000
3586,104,-19.478,0,5,31,1,0,0,0.05,0.004,200000
3587,280,-5.145,4,32,14,1,0,0,0.05,0.004,200000
3588,400,-8.934,2,10,13,0,0,1,0.05,0.004,200000
3589,400,-7.593,0,9,13,0,0,1,0.05,0.004,200000
3590,78,-16.832,0,3,4,1,0,0,0.05,0.004,200000
3591,86,-14.11,0,5,26,1,0,0,0.05,0.004,200000
3592,58,-6.775,0,2,9,0,0,0,0.05,0.004,200000
3593,200,-4.809,2,22,9,0,0,0,0.05,0.004,200000
3594,400,-3.303,2,27,55,0,0,1,0.05,0.004,200000
3595,226,-15.241,2,8,7,1,0,0,0.05,0.004,200000
3596,400,-6.568,0,5,7,0,1,1,0.05,0.004,200000
3597,400,-9.566,1,10,10,0,0,1,0.05,0.004,200000
3598,280,-20.539,0,8,10,1,0,0,0.05,0.004,200000
3599,326,-10.768,0,16,28,0,0,0,0.05,0.004,200000
3600,107,-7.792,0,6,6,0,0,0,0.05,0.004,200000
3601,124,-17.144,0,4,7,1,0,0,0.05,0.004,200000
3602,400,-2.16,4,25,25,0,0,1,0.05,0.004,200000
3603,400,-8.023,1,15,42,0,0,1,0.05,0.004,200000
3604,400,-5.173,2,27,39,0,0,1,0.05,0.004,200000
3605,400,-2.456,3,10,20,0,1,1,0.05,0.004,200000
3606,400,1.579,4,25,29,0,1,1,0.05,0.004,200000
3607,202,-8.071,1,2,3,0,0,0,0.05,0.004,200000
3608,400,-3.01,0,19,27,0,0,1,0.05,0.004,200000
3609,344,-4.05,6,29,19,1,0,0,0.05,0.004,200000
3610,101,-17.813,0,4,0,1,0,0,0.05,0.004,200000
3611,400,-7.568,3,18,30,0,0,1,0.05,0.004,200000
3612,400,-5.748,1,18,10,0,0,1,0.05,0.004,200000
3613,400,-8.776,2,11,14,0,0,1,0.05,0.004,200000
3614,163,-8.174,1,3,5,0,0,0,0.05,0.004,200000
3615,400,-5.663,0,16,18,0,0,1,0.05,0.004,200000
3616,131,-10.371,0,2,4,0,0,0,0.05,0.004,200000
3617,239,-13.151,0,0,8,0,0,0,0.05,0.004,200000
3618,400,-1.325,4,17,11,0,0,1,0.05,0.004,200000
3619,13,-15.042,0,3,1,1,0,0,0.05,0.004,200000
3620,149,-9.808,0,0,5,0,0,0,0.05,0.004,200000
3621,41,-17.014,0,3,3,1,0,0,0.05,0.004,200000
3622,330,-11.202,3,20,14,1,0,0,0.05,0.004,200000
3623,400,-9.546,0,13,12,0,0,1,0.05,0.004,200000
3624,400,-14.125,0,9,14,0,0,1,0.05,0.004,200000
3625,400,-7.621,0,18,21,0,0,1,0.05,0.004,200000
3626,400,-14.867,0,3,7,0,0,1,0.05,0.004,200000
3627,400,-11.83,0,8,20,0,0,1,0.05,0.004,200000
3628,400,-5.771,3,9,25,0,0,1,0.05,0.004,200000
3629,391,-20.303,0,3,23,1,0,0,0.05,0.004,200000
3630,400,2.928,2,39,11,0,0,1,0.05,0.004,200000
3631,400,-7.435,2,17,3,0,0,1,0.05,0.004,200000
3632,400,-7.977,0,15,8,0,0,1,0.05,0.004,200000
3633,400,-5.764,2,27,8,0,0,1,0.05,0.004,200000
3634,240,-8.116,1,9,7,0,0,0,0.05,0.004,200000
3635,400,-1.907,1,26,14,0,0,1,0.05,0.004,200000
3636,400,-2.658,1,14,9,0,0,1,0.05,0.004,200000
3637,400,-8.073,1,21,25,0,0,1,0.05,0.004,200000
3638,400,-8.089,2,19,46,0,0,1,0.05,0.004,200000
3639,296,-13.363,0,20,21,1,0,0,0.05,0.004,200000
3640,183,-14.018,0,10,11,1,0,0,0.05,0.004,200000
3641,197,-13.162,0,4,7,0,0,0,0.05,0.004,200000
3642,400,0.072,2,24,22,0,0,1,0.05,0.004,200000
3643,7,-15.494,0,3,2,1,0,0,0.05,0.004,200000
3644,400,1.338,1,17,16,0,0,1,0.05,0.004,200000
3645,74,-11.07,0,6,10,1,0,0,0.05,0.004,200000
3646,400,-5.026,2,19,28,0,0,1,0.05,0.004,200000
3647,270,-17.403,0,4,5,1,0,0,0.05,0.004,200000
3648,400,-5.523,2,42,38,0,0,1,0.05,0.004,200000
3649,400,-10.27,0,7,43,0,0,1,0.05,0.004,200000
3650,400,-10.65,1,16,37,0,0,1,0.05,0.004,200000
3651,332,-8.842,2,20,36,0,0,0,0.05,0.004,200000
3652,285,-11.955,2,7,17,0,0,0,0.05,0.004,200000
3653,400,-5.642,0,8,26,0,0,1,0.05,0.004,200000
3654,230,-17.517,0,1,5,1,0,0,0.05,0.004,200000
3655,96,-6.483,0,2,1,0,0,0,0.05,0.004,200000
3656,400,-3.193,2,6,16,0,0,1,0.05,0.004,200000
3657,195,-13.924,0,15,19,1,0,0,0.05,0.004,200000
3658,400,-9.565,1,8,21,0,0,1,0.05,0.004,200000
3659,400,-4.606,2,12,27,0,1,1,0.05,0.004,200000
3660,163,-19.388,0,4,4,1,0,0,0.05,0.004,200000
3661,400,-7.113,0,6,9,0,0,1,0.05,0.004,200000
3662,329,-12.479,2,25,7,1,0,0,0.05,0.004,200000
3663,141,-8.21,0,12,12,0,0,0,0.05,0.004,200000
3664,141,-8.451,1,3,14,0,0,0,0.05,0.004,200000
3665,149,-8.294,1,4,3,0,0,0,0.05,0.004,200000
3666,337,-23.295,0,3,9,1,0,0,0.05,0.004,200000
3667,198,-14.15,2,17,16,1,0,0,0.05,0.004,200000
3668,193,-13.342,0,4,47,0,0,0,0.05,0.004,200000
3669,283,-15.746,0,12,20,1,0,0,0.05,0.004,200000
3670,308,-6.566,2,32,20,1,0,0,0.05,0.004,200000
3671,183,-13.595,2,6,24,1,0,0,0.05,0.004,200000
3672,400,-0.63,1,17,14,0,0,1,0.05,0.004,200000
3673,122,-16.731,0,5,25,1,0,0,0.05,0.004,200000
3674,400,1.746,1,11,11,0,1,1,0.05,0.004,200000
3675,204,-8.656,0,2,4,0,0,0,0.05,0.004,200000
3676,143,-11.348,1,10,2,1,0,0,0.05,0.004,200000
3677,400,-14.341,2,10,40,0,0,1,0.05,0.004,200000
3678,136,-5.239,0,10,3,0,0,0,0.05,0.004,200000
3679,126,-18.171,0,4,4,1,0,0,0.05,0.004,200000
3680,168,-10.696,0,3,17,0,0,0,0.05,0.004,200000
3681,140,-8.497,3,10,4,1,0,0,0.05,0.004,200000
3682,393,-12.672,3,28,18,1,0,0,0.05,0.004,200000
3683,365,-8.001,6,37,42,1,0,0,0.05,0.004,200000
3684,400,-9.641,1,13,30,0,0,1,0.05,0.004,200000
3685,106,-11.485,0,6,2,1,0,0,0.05,0.004,200000
3686,293,-3.072,3,26,11,1,1,0,0.05,0.004,200000
3687,400,-9.39,0,12,30,0,0,1,0.05,0.004,200000
3688,159,-9.824,1,4,4,0,0,0,0.05,0.004,200000
3689,400,-0.578,3,22,38,0,0,1,0.05,0.004,200000
3690,151,-18.441,1,8,36,1,0,0,0.05,0.004,200000
3691,310,-14.684,2,15,12,1,0,0,0.05,0.004,200000
3692,314,-10.836,1,20,36,0,0,0,0.05,0.004,200000
3693,400,-10.534,1,12,34,0,0,1,0.05,0.004,200000
3694,114,-13.454,1,5,3,1,0,0,0.05,0.004,200000
3695,400,-3.375,1,27,25,0,0,1,0.05,0.004,200000
3696,120,-12.623,1,11,4,1,0,0,0.05,0.004,200000
3697,68,-16.45,0,4,0,1,0,0,0.05,0.004,200000
3698,139,-8.598,3,15,3,1,0,0,0.05,0.004,200000
3699,400,-9.27,2,9,16,0,0,1,0.05,0.004,200000
3700,67,-4.702,1,6,0,0,0,0,0.05,0.004,200000
3701,400,-3.935,2,18,26,0,0,1,0.05,0.004,200000
3702,396,-16.433,3,14,11,1,0,0,0.05,0.004,200000
3703,291,-18.445,0,9,21,1,0,0,0.05,0.004,200000
3704,400,-7.548,1,6,25,0,0,1,0.05,0.004,200000
3705,44,-16.329,0,4,17,1,0,0,0.05,0.004,200000
3706,275,-16.143,0,12,8,1,0,0,0.05,0.004,200000
3707,177,-11.214,0,8,8,0,0,0,0.05,0.004,200000
3708,133,-13.758,0,5,8,1,0,0,0.05,0.004,200000
3709,158,-8.344,0,14,10,0,0,0,0.05,0.004,200000
3710,396,-13.945,3,29,29,1,0,0,0.05,0.004,200000
3711,400,-12.318,1,15,14,0,0,1,0.05,0.004,200000
3712,400,-6.748,1,20,12,0,0,1,0.05,0.004,200000
3713,85,-14.726,1,4,3,1,0,0,0.05,0.004,200000
3714,400,-4.296,1,17,17,0,0,1,0.05,0.004,200000
3715,400,-9.358,0,12,42,0,0,1,0.05,0.004,200000
3716,400,-2.352,2,17,39,0,0,1,0.05,0.004,200000
3717,400,-10.458,2,14,84,0,0,1,0.05,0.004,200000
3718,278,-7.74,2,29,14,1,0,0,0.05,0.004,200000
3719,217,-18.114,0,15,22,1,0,0,0.05,0.004,200000
3720,49,-8.344,0,0,1,0,0,0,0.05,0.004,200000
3721,234,-18.588,0,2,4,1,0,0,0.05,0.004,200000
3722,207,-14.976,0,9,3,1,0,0,0.05,0.004,200000
3723,175,-10.134,0,10,14,0,0,0,0.05,0.004,200000
3724,228,-6.834,5,14,6,1,0,0,0.05,0.004,200000
3725,159,-19.286,0,3,5,1,0,0,0.05,0.004,200000
3726,400,-12.014,0,10,31,0,0,1,0.05,0.004,200000
3727,253,-15.622,2,15,56,0,0,0,0.05,0.004,200000
3728,120,-4.794,0,7,5,0,0,0,0.05,0.004,200000
3729,400,-1.706,3,23,8,0,0,1,0.05,0.004,200000
3730,400,-2.285,2,29,33,0,1,1,0.05,0.004,200000
3731,399,-13.452,0,3,16,0,0,0,0.05,0.004,200000
3732,400,-6.459,2,16,22,0,0,1,0.05,0.004,200000
3733,400,0.277,5,31,14,0,0,1,0.05,0.004,200000
3734,400,-1.003,2,17,8,0,0,1,0.05,0.004,200000
3735,55,-12.324,0,4,2,1,0,0,0.05,0.004,200000
3736,371,-14.909,0,14,11,1,1,0,0.05,0.004,200000
3737,400,-7.725,0,15,28,0,0,1,0.05,0.004,200000
3738,400,-10.428,3,15,14,0,0,1,0.05,0.004,200000
3739,129,-2.361,1,18,20,0,0,0,0.05,0.004,200000
3740,400,-1.051,1,15,24,0,0,1,0.05,0.004,200000
3741,400,-4.87,3,7,11,0,0,1,0.05,0.004,200000
3742,400,-1.836,2,24,16,0,0,1,0.05,0.004,200000
3743,400,-2.133,1,10,10,0,0,1,0.05,0.004,200000
3744,90,-13.875,0,9,14,1,0,0,0.05,0.004,200000
3745,141,-8.552,1,13,12,1,0,0,0.05,0.004,200000
3746,400,0.424,2,14,5,0,0,1,0.05,0.004,200000
3747,400,-10.949,1,5,22,0,0,1,0.05,0.004,200000
3748,112,-16.394,0,4,5,1,0,0,0.05,0.004,200000
3749,170,-20.35,0,4,5,1,0,0,0.05,0.004,200000
3750,400,-11.089,0,4,24,0,0,1,0.05,0.004,200000
3751,305,-8.084,4,22,15,1,0,0,0.05,0.004,200000
3752,169,-10.604,0,13,44,0,0,0,0.05,0.004,200000
3753,400,1.48,3,23,36,0,1,1,0.05,0.004,200000
3754,400,-10.89,1,7,35,0,0,1,0.05,0.004,200000
3755,202,-12.375,0,12,6,1,0,0,0.05,0.004,200000
3756,400,0.864,2,20,20,0,0,1,0.05,0.004,200000
3757,148,-17.662,0,4,5,1,0,0,0.05,0.004,200000
3758,335,-15.347,2,26,34,1,0,0,0.05,0.004,200000
3759,313,-9.537,0,12,14,0,0,0,0.05,0.004,200000
3760,400,-12.427,1,4,31,0,0,1,0.05,0.004,200000
3761,280,-11.711,2,22,23,1,0,0,0.05,0.004,200000
3762,400,-1.008,1,28,30,0,0,1,0.05,0.004,200000
3763,400,-5.806,1,10,45,0,0,1,0.05,0.004,200000
3764,124,-8.261,1,0,3,0,0,0,0.05,0.004,200000
3765,95,-6.745,0,0,1,0,0,0,0.05,0.004,200000
3766,400,-2.361,2,21,13,0,0,1,0.05,0.004,200000
3767,400,-6.431,1,15,23,0,0,1,0.05,0.004,200000
3768,276,-12.512,1,16,9,1,0,0,0.05,0.004,200000
3769,211,-12.039,0,11,43,0,0,0,0.05,0.004,200000
3770,185,-9.317,0,3,4,0,0,0,0.05,0.004,200000
3771,354,-10.911,3,18,24,1,0,0,0.05,0.004,200000
3772,400,3.555,2,23,23,0,0,1,0.05,0.004,200000
3773,146,-5.915,0,8,8,0,0,0,0.05,0.004,200000
3774,400,-0.499,4,27,19,0,0,1,0.05,0.004,200000
3775,400,-8.818,2,15,22,0,0,1,0.05,0.004,200000
3776,93,-9.178,0,0,2,0,0,0,0.05,0.004,200000
3777,110,-8.6,0,2,6,0,0,0,0.05,0.004,200000
3778,317,-6.627,4,29,14,1,0,0,0.05,0.004,200000
3779,400,-6.871,0,13,46,0,1,1,0.05,0.004,200000
3780,72,-16.385,0,4,1,1,0,0,0.05,0.004,200000
3781,5,-14.937,0,2,1,1,0,0,0.05,0.004,200000
3782,400,-5.271,0,11,4,0,0,1,0.05,0.004,200000
3783,389,-13.591,2,16,17,1,0,0,0.05,0.004,200000
3784,238,-18.658,0,3,4,1,0,0,0.05,0.004,200000
3785,113,-17.896,0,3,3,1,0,0,0.05,0.004,200000
3786,400,-4.158,1,15,30,0,1,1,0.05,0.004,200000
3787,213,-7.897,1,5,5,0,0,0,0.05,0.004,200000
3788,219,-14.727,1,9,4,1,0,0,0.05,0.004,200000
3789,400,-10.318,3,11,11,0,0,1,0.05,0.004,200000
3790,34,-13.661,0,7,3,1,0,0,0.05,0.004,200000
3791,318,-15.999,1,16,22,1,0,0,0.05,0.004,200000
3792,400,-12.936,0,18,51,0,0,1,0.05,0.004,200000
3793,400,-6.137,2,18,46,0,0,1,0.05,0.004,200000
3794,46,-16.036,0,4,3,1,0,0,0.05,0.004,200000
3795,243,-8.805,0,0,4,0,0,0,0.05,0.004,200000
3796,400,-15.989,0,0,7,0,0,1,0.05,0.004,200000
3797,45,-6.24,0,0,0,0,0,0,0.05,0.004,200000
3798,297,-13.157,2,15,17,0,0,0,0.05,0.004,200000
3799,205,-9.74,2,19,9,1,0,0,0.05,0.004,200000
3800,121,-14.418,0,1,6,1,0,0,0.05,0.004,200000
3801,38,-13.527,0,4,1,1,0,0,0.05,0.004,200000
3802,142,-9.325,0,3,4,0,0,0,0.05,0.004,200000
3803,80,-12.376,0,6,4,1,0,0,0.05,0.004,200000
3804,400,-1.063,4,30,13,0,0,1,0.05,0.004,200000
3805,332,-7.645,0,10,11,0,0,0,0.05,0.004,200000
3806,320,-14.528,0,5,9,1,0,0,0.05,0.004,200000
3807,125,-8.471,0,2,2,0,0,0,0.05,0.004,200000
3808,400,-10.669,0,3,13,0,0,1,0.05,0.004,200000
3809,144,-16.966,0,5,3,1,0,0,0.05,0.004,200000
3810,75,-12.858,0,6,2,1,0,0,0.05,0.004,200000
3811,59,-7.594,0,0,2,0,0,0,0.05,0.004,200000
3812,400,-7.112,1,17,44,0,0,1,0.05,0.004,200000
3813,400,4.543,4,20,9,0,1,1,0.05,0.004,200000
3814,159,-18.778,0,5,1,1,0,0,0.05,0.004,200000
3815,400,3.219,3,19,31,0,0,1,0.05,0.004,200000
3816,5,-15.281,0,4,1,1,0,0,0.05,0.004,200000
3817,47,-15.811,0,4,0,1,0,0,0.05,0.004,200000
3818,400,-5.719,1,11,18,0,0,1,0.05,0.004,200000
3819,139,-6.832,0,5,4,0,0,0,0.05,0.004,200000
3820,400,-7.394,0,13,7,0,0,1,0.05,0.004,200000
3821,395,-13.804,1,6,17,0,0,0,0.05,0.004,200000
3822,81,-5.941,1,2,2,0,0,0,0.05,0.004,200000
3823,357,-19.318,0,14,37,1,0,0,0.05,0.004,200000
3824,88,-6.199,0,3,1,0,0,0,0.05,0.004,200000
3825,297,-16.329,1,5,14,1,0,0,0.05,0.004,200000
3826,400,-0.981,3,21,38,0,0,1,0.05,0.004,200000
3827,400,-6.134,1,21,26,0,0,1,0.05,0.004,200000
3828,173,-16.356,0,11,2,1,0,0,0.05,0.004,200000
3829,62,-16.93,0,2,0,1,0,0,0.05,0.004,200000
3830,113,-11.404,1,11,1,1,0,0,0.05,0.004,200000
3831,400,-7.005,1,22,38,0,0,1,0.05,0.004,200000
3832,400,-10.063,1,15,18,0,0,1,0.05,0.004,200000
3833,9,-13.199,0,4,1,1,0,0,0.05,0.004,200000
3834,141,-9.945,0,2,3,0,0,0,0.05,0.004,200000
3835,400,2.302,1,22,16,0,1,1,0.05,0.004,200000
3836,128,-17.29,0,3,6,1,0,0,0.05,0.004,200000
3837,5,-14.696,0,4,0,1,0,0,0.05,0.004,200000
3838,201,-19.777,0,4,9,1,0,0,0.05,0.004,200000
3839,400,-7.681,1,10,7,0,0,1,0.05,0.004,200000
3840,304,-15.643,2,12,10,1,0,0,0.05,0.004,200000
3841,400,-1.089,1,21,24,0,0,1,0.05,0.004,200000
3842,400,-11.015,0,7,15,0,0,1,0.05,0.004,200000
3843,400,-4.714,1,15,10,0,0,1,0.05,0.004,200000
3844,400,-6.714,1,11,28,0,0,1,0.05,0.004,200000
3845,56,-5.17,0,5,0,0,0,0,0.05,0.004,200000
3846,400,-3.104,2,13,17,0,0,1,0.05,0.004,200000
3847,400,-5.207,2,23,19,0,0,1,0.05,0.004,200000
3848,163,-6.799,4,22,10,1,0,0,0.05,0.004,200000
3849,111,-17.227,0,3,9,1,0,0,0.05,0.004,200000
3850,133,-18.914,0,3,5,1,0,0,0.05,0.004,200000
3851,400,-0.029,0,5,10,0,0,1,0.05,0.004,200000
3852,320,-15.383,0,10,13,0,0,0,0.05,0.004,200000
3853,47,-9.93,0,0,3,0,0,0,0.05,0.004,200000
3854,260,-13.638,3,13,7,1,0,0,0.05,0.004,200000
3855,53,-3.296,0,8,4,0,0,0,0.05,0.004,200000
3856,234,-18.363,1,6,34,1,0,0,0.05,0.004,200000
3857,195,-11.864,0,0,2,0,0,0,0.05,0.004,200000
3858,46,-16.451,0,2,3,1,0,0,0.05,0.004,200000
3859,400,-5.331,2,22,16,0,0,1,0.05,0.004,200000
3860,84,-7.325,0,0,2,0,0,0,0.05,0.004,200000
3861,400,-2.708,2,14,12,0,0,1,0.05,0.004,200000
3862,215,-12.907,1,17,5,1,0,0,0.05,0.004,200000
3863,400,-0.973,3,19,18,0,0,1,0.05,0.004,200000
3864,400,-2.145,2,12,30,0,0,1,0.05,0.004,200000
3865,26,-15.633,0,2,0,1,0,0,0.05,0.004,200000
3866,117,-18.827,0,3,5,1,0,0,0.05,0.004,200000
3867,400,-10.668,0,16,21,0,0,1,0.05,0.004,200000
3868,81,-6.565,0,3,3,0,0,0,0.05,0.004,200000
3869,133,-6.952,1,15,26,0,0,0,0.05,0.004,200000
3870,196,-8.752,3,24,13,1,0,0,0.05,0.004,200000
3871,206,-11.833,1,17,6,1,0,0,0.05,0.004,200000
3872,271,-10.109,2,38,39,1,0,0,0.05,0.004,200000
3873,400,-6.242,1,12,12,0,0,1,0.05,0.004,200000
3874,224,-9.591,0,12,41,0,0,0,0.05,0.004,200000
3875,217,-9.783,1,19,7,1,0,0,0.05,0.004,200000
3876,206,-13.988,0,5,4,1,0,0,0.05,0.004,200000
3877,182,-5.124,5,20,4,1,0,0,0.05,0.004,200000
3878,400,-9.115,0,8,13,0,0,1,0.05,0.004,200000
3879,231,-4.332,2,17,3,1,0,0,0.05,0.004,200000
3880,400,-6.826,1,9,22,0,0,1,0.05,0.004,200000
3881,182,-9.955,1,6,6,1,0,0,0.05,0.004,200000
3882,286,-15.143,0,24,19,1,0,0,0.05,0.004,200000
3883,275,-11.667,1,4,24,0,0,0,0.05,0.004,200000
3884,400,-4.647,3,24,43,0,0,1,0.05,0.004,200000
3885,5,-14.657,0,4,0,1,0,0,0.05,0.004,200000
3886,400,-7.266,1,7,18,0,0,1,0.05,0.004,200000
3887,270,-11.071,1,14,3,1,0,0,0.05,0.004,200000
3888,86,-17.526,0,6,13,1,0,0,0.05,0.004,200000
3889,215,-5.071,3,10,10,0,0,0,0.05,0.004,200000
3890,195,-12.908,1,22,7,1,0,0,0.05,0.004,200000
3891,400,-5.259,0,16,16,0,0,1,0.05,0.004,200000
3892,188,-9.75,1,19,7,1,0,0,0.05,0.004,200000
3893,26,-16.69,0,3,11,1,0,0,0.05,0.004,200000
3894,400,-4.299,0,8,17,0,0,1,0.05,0.004,200000
3895,400,4.848,5,25,31,0,0,1,0.05,0.004,200000
3896,88,-14.451,0,4,0,1,0,0,0.05,0.004,200000
3897,11,-15.762,0,2,3,1,0,0,0.05,0.004,200000
3898,200,-13.688,2,19,18,1,0,0,0.05,0.004,200000
3899,125,-14.305,0,8,17,1,0,0,0.05,0.004,200000
3900,400,-6.714,1,20,20,0,0,1,0.05,0.004,200000
3901,52,-12.454,0,3,3,1,0,0,0.05,0.004,200000
3902,400,-12.077,0,5,38,0,0,1,0.05,0.004,200000
3903,177,-8.265,0,8,10,0,0,0,0.05,0.004,200000
3904,400,-8.185,1,22,30,0,0,1,0.05,0.004,200000
3905,49,-17.149,0,2,11,1,0,0,0.05,0.004,200000
3906,226,-11.602,0,3,8,1,1,0,0.05,0.004,200000
3907,200,-6.505,1,0,4,0,0,0,0.05,0.004,200000
3908,400,-11.814,0,1,14,0,0,1,0.05,0.004,200000
3909,330,-7.05,5,37,38,1,0,0,0.05,0.004,200000
3910,230,-4.676,5,18,10,1,0,0,0.05,0.004,200000
3911,24,-15.772,0,2,0,1,0,0,0.05,0.004,200000
3912,129,-13.534,0,12,5,1,0,0,0.05,0.004,200000
3913,400,-13.298,1,17,39,0,0,1,0.05,0.004,200000
3914,57,-14.771,0,4,3,1,0,0,0.05,0.004,200000
3915,400,-8.821,0,5,12,0,0,1,0.05,0.004,200000
3916,400,-1.306,2,15,13,0,0,1,0.05,0.004,200000
3917,192,-5.501,3,15,2,0,0,0,0.05,0.004,200000
3918,103,-6.968,0,3,2,0,0,0,0.05,0.004,200000
3919,400,-7.449,1,15,19,0,0,1,0.05,0.004,200000
3920,400,-2.087,0,9,24,0,0,1,0.05,0.004,200000
3921,400,-8.053,0,9,20,0,0,1,0.05,0.004,200000
3922,134,-19.32,0,3,6,1,0,0,0.05,0.004,200000
3923,182,-6.841,1,12,8,0,0,0,0.05,0.004,200000
3924,257,-13.611,1,9,13,1,0,0,0.05,0.004,200000
3925,145,-9.042,0,0,3,0,0,0,0.05,0.004,200000
3926,400,-6.379,0,8,19,0,0,1,0.05,0.004,200000
3927,19,-15.468,0,4,0,1,0,0,0.05,0.004,200000
3928,400,-6.655,2,20,21,0,0,1,0.05,0.004,200000
3929,120,-6.126,0,3,0,0,0,0,0.05,0.004,200000
3930,182,-10.405,0,0,6,0,0,0,0.05,0.004,200000
3931,150,-8.758,0,0,10,0,0,0,0.05,0.004,200000
3932,175,-14.413,0,4,5,1,0,0,0.05,0.004,200000
3933,400,-4.829,0,18,25,0,0,1,0.05,0.004,200000
3934,266,-11.6,1,15,13,1,0,0,0.05,0.004,200000
3935,316,-13.414,2,14,17,1,0,0,0.05,0.004,200000
3936,400,-2.749,5,17,33,0,0,1,0.05,0.004,200000
3937,400,-6.873,3,11,13,0,0,1,0.05,0.004,200000
3938,400,-11.796,0,17,40,0,0,1,0.05,0.004,200000
3939,306,-15.759,0,18,19,1,0,0,0.05,0.004,200000
3940,282,-6.946,0,0,3,0,0,0,0.05,0.004,200000
3941,127,-10.442,0,2,16,0,0,0,0.05,0.004,200000
3942,400,-7.559,1,13,12,0,0,1,0.05,0.004,200000
3943,400,-4.739,2,24,14,0,0,1,0.05,0.004,200000
3944,113,-9.228,0,0,3,0,0,0,0.05,0.004,200000
3945,400,-4.696,2,21,19,0,0,1,0.05,0.004,200000
3946,387,-12.43,1,17,14,0,0,0,0.05,0.004,200000
3947,400,-6.026,1,9,39,0,1,1,0.05,0.004,200000
3948,203,6.339,6,25,5,0,0,0,0.05,0.004,200000
3949,7,-15.435,0,4,2,1,0,0,0.05,0.004,200000
3950,64,-16.516,0,1,1,1,0,0,0.05,0.004,200000
3951,91,-7.255,0,3,2,0,0,0,0.05,0.004,200000
3952,23,-15.135,0,3,1,1,0,0,0.05,0.004,200000
3953,278,-8.729,0,12,8,0,0,0,0.05,0.004,200000
3954,133,-17.526,0,3,6,1,0,0,0.05,0.004,200000
3955,154,-11.775,1,9,10,1,0,0,0.05,0.004,200000
3956,400,-3.941,0,17,13,0,0,1,0.05,0.004,200000
3957,175,-18.546,0,4,13,1,0,0,0.05,0.004,200000
3958,21,-15.868,0,4,1,1,0,0,0.05,0.004,200000
3959,400,-4.63,1,5,8,0,0,1,0.05,0.004,200000
3960,295,-12.621,0,3,6,0,0,0,0.05,0.004,200000
3961,39,-15.98,0,4,1,1,0,0,0.05,0.004,200000
3962,235,-12.075,3,33,13,1,0,0,0.05,0.004,200000
3963,395,-16.218,1,22,26,1,0,0,0.05,0.004,200000
3964,83,-18.511,0,2,3,1,0,0,0.05,0.004,200000
3965,400,-11.438,0,8,40,0,0,1,0.05,0.004,200000
3966,89,-8.992,0,0,2,0,0,0,0.05,0.004,200000
3967,400,-5.39,2,21,9,0,0,1,0.05,0.004,200000
3968,117,-8.499,0,0,1,0,0,0,0.05,0.004,200000
3969,152,-17.202,0,2,4,1,0,0,0.05,0.004,200000
3970,400,-3.12,2,17,12,0,0,1,0.05,0.004,200000
3971,192,-17.108,0,3,2,1,0,0,0.05,0.004,200000
3972,400,2.399,3,35,6,0,0,1,0.05,0.004,200000
3973,215,-5.775,1,23,7,0,0,0,0.05,0.004,200000
3974,400,3.239,3,29,10,0,0,1,0.05,0.004,200000
3975,389,-13.623,2,11,17,1,0,0,0.05,0.004,200000
3976,74,-10.412,0,0,17,0,0,0,0.05,0.004,200000
3977,169,-8.335,0,3,0,0,0,0,0.05,0.004,200000
3978,400,-6.375,3,15,20,0,0,1,0.05,0.004,200000
3979,150,-15.303,1,7,5,1,0,0,0.05,0.004,200000
3980,400,-2.242,2,20,15,0,0,1,0.05,0.004,200000
3981,400,-5.386,1,20,16,0,0,1,0.05,0.004,200000
3982,125,-8.737,0,3,4,0,0,0,0.05,0.004,200000
3983,400,-6.301,2,15,15,0,0,1,0.05,0.004,200000
3984,36,-16.63,0,4,6,1,0,0,0.05,0.004,200000
3985,400,-8.001,1,8,13,0,0,1,0.05,0.004,200000
3986,400,-7.809,1,9,17,0,0,1,0.05,0.004,200000
3987,400,4.101,4,41,16,0,0,1,0.05,0.004,200000
3988,298,-7.632,1,31,13,0,0,0,0.05,0.004,200000
3989,7,-13.699,0,2,4,1,0,0,0.05,0.004,200000
3990,188,-17.746,1,8,19,1,0,0,0.05,0.004,200000
3991,291,-5.498,4,38,14,1,0,0,0.05,0.004,200000
3992,143,-18.386,0,2,4,1,0,0,0.05,0.004,200000
3993,400,-0.853,3,23,14,0,0,1,0.05,0.004,200000
3994,400,-10.158,0,5,19,0,0,1,0.05,0.004,200000
3995,400,7.307,4,37,15,0,0,1,0.05,0.004,200000
3996,400,-11.592,0,4,27,0,0,1,0.05,0.004,200000
3997,126,-14.256,0,8,0,1,0,0,0.05,0.004,200000
3998,69,-6.439,0,2,1,0,0,0,0.05,0.004,200000
3999,146,-9.008,0,4,1,0,0,0,0.05,0.004,200000
4000,400,-7.293,1,18,57,0,0,1,0.05,0.004,200000
