episode,steps,reward,coins,invalid,self_kill,eps
1,5,-14.897,0,3,1,1.0
2,17,-13.032,0,6,1,1.0
3,6,-14.256,0,4,1,0.999
4,11,-11.854,0,3,1,0.999
5,6,-13.108,0,4,1,0.998
6,9,-13.071,0,4,1,0.998
7,18,-14.124,0,6,1,0.997
8,20,-15.982,0,7,1,0.997
9,26,-16.221,0,10,1,0.996
10,17,-14.982,0,9,1,0.996
11,12,-13.844,0,5,1,0.995
12,25,-15.836,0,15,1,0.995
13,5,-14.63,0,3,1,0.994
14,14,-15.221,0,8,1,0.994
15,12,-15.282,0,5,1,0.993
16,9,-15.022,0,3,1,0.993
17,9,-14.886,0,5,1,0.992
18,21,-15.828,0,13,1,0.992
19,8,-14.893,0,5,1,0.991
20,15,-16.203,0,8,1,0.991
21,8,-14.727,0,4,1,0.991
22,7,-11.545,0,1,1,0.99
23,23,-15.691,0,12,1,0.99
24,21,-14.056,0,14,1,0.989
25,7,-14.357,0,1,1,0.989
26,9,-14.81,0,7,1,0.988
27,16,-15.055,0,7,1,0.988
28,5,-14.995,0,3,1,0.987
29,14,-15.095,0,9,1,0.987
30,11,-12.984,0,6,1,0.986
31,20,-15.615,0,11,1,0.986
32,13,-12.044,0,4,1,0.985
33,13,-15.005,0,6,1,0.985
34,5,-14.919,0,3,1,0.984
35,14,-15.038,0,7,1,0.984
36,6,-14.524,0,3,1,0.983
37,5,-13.272,0,2,1,0.983
38,19,-15.415,0,9,1,0.982
39,10,-14.198,0,4,1,0.982
40,8,-15.585,0,3,1,0.981
41,22,-15.501,0,10,1,0.981
42,40,-15.675,0,11,1,0.981
43,6,-13.381,0,3,1,0.98
44,21,-16.378,0,8,1,0.98
45,10,-14.54,0,7,1,0.979
46,11,-15.306,0,5,1,0.979
47,5,-13.825,0,3,1,0.978
48,16,-14.67,0,8,1,0.978
49,11,-14.929,0,7,1,0.977
50,20,-15.639,0,7,1,0.977
51,5,-13.102,0,2,1,0.976
52,6,-13.63,0,2,1,0.976
53,10,-14.924,0,5,1,0.975
54,9,-14.917,0,5,1,0.975
55,7,-12.943,0,2,1,0.974
56,8,-14.718,0,5,1,0.974
57,20,-16.142,0,11,1,0.973
58,5,-14.051,0,3,1,0.973
59,5,-13.572,0,2,1,0.972
60,5,-14.095,0,3,1,0.972
61,5,-15.392,0,3,1,0.972
62,22,-15.596,0,11,1,0.971
63,7,-12.934,0,2,1,0.971
64,8,-13.854,0,2,1,0.97
65,8,-15.727,0,5,1,0.97
66,12,-13.371,0,6,1,0.969
67,5,-14.419,0,3,1,0.969
68,7,-15.227,0,4,1,0.968
69,14,-13.439,0,6,1,0.968
70,8,-14.837,0,6,1,0.967
71,19,-14.697,0,9,1,0.967
72,11,-13.29,0,4,1,0.966
73,7,-14.36,0,5,1,0.966
74,7,-14.287,0,4,1,0.965
75,21,-14.427,0,12,1,0.965
76,28,-14.447,0,14,1,0.964
77,7,-11.431,0,2,1,0.964
78,10,-12.994,0,3,1,0.963
79,9,-13.462,0,6,1,0.963
80,5,-14.917,0,2,1,0.962
81,5,-13.845,0,1,1,0.962
82,7,-15.138,0,4,1,0.962
83,7,-14.214,0,5,1,0.961
84,31,-15.27,0,10,1,0.961
85,17,-15.179,0,7,1,0.96
86,5,-14.934,0,3,1,0.96
87,27,-16.19,0,14,1,0.959
88,8,-13.715,0,5,1,0.959
89,5,-13.46,0,2,1,0.958
90,9,-15.025,0,4,1,0.958
91,32,-16.43,0,17,1,0.957
92,11,-15.017,0,6,1,0.957
93,5,-13.675,0,3,1,0.956
94,10,-14.81,0,6,1,0.956
95,22,-15.634,0,12,1,0.955
96,14,-14.002,0,6,1,0.955
97,6,-13.945,0,4,1,0.954
98,17,-13.589,0,8,1,0.954
99,7,-14.748,0,4,1,0.953
100,7,-11.93,0,3,1,0.953
101,27,-13.444,0,11,1,0.953
102,16,-15.197,0,7,1,0.952
103,9,-14.04,0,3,1,0.952
104,7,-13.723,0,5,1,0.951
105,21,-14.969,0,7,1,0.951
106,5,-15.065,0,3,1,0.95
107,5,-15.416,0,2,1,0.95
108,6,-13.575,0,3,1,0.949
109,6,-15.454,0,3,1,0.949
110,5,-14.867,0,2,1,0.948
111,5,-14.989,0,2,1,0.948
112,6,-14.427,0,2,1,0.947
113,6,-13.126,0,3,1,0.947
114,7,-12.612,0,3,1,0.946
115,7,-14.622,0,3,1,0.946
116,8,-14.649,0,3,1,0.945
117,8,-12.064,0,4,1,0.945
118,21,-15.304,0,10,1,0.944
119,17,-13.492,0,4,1,0.944
120,5,-14.62,0,4,1,0.943
121,6,-13.644,0,4,1,0.943
122,7,-14.001,0,4,1,0.943
123,5,-13.452,0,3,1,0.942
124,10,-14.167,0,3,1,0.942
125,5,-15.551,0,3,1,0.941
126,6,-12.402,0,2,1,0.941
127,5,-13.764,0,1,1,0.94
128,17,-15.06,0,8,1,0.94
129,6,-14.699,0,4,1,0.939
130,13,-14.704,0,7,1,0.939
131,5,-14.11,0,4,1,0.938
132,8,-14.131,0,4,1,0.938
133,11,-14.78,0,4,1,0.937
134,11,-15.2,0,6,1,0.937
135,5,-14.997,0,3,1,0.936
136,9,-14.781,0,6,1,0.936
137,14,-14.256,0,4,1,0.935
138,8,-13.017,0,4,1,0.935
139,21,-14.861,0,11,1,0.934
140,6,-15.139,0,4,1,0.934
141,16,-15.592,0,12,1,0.933
142,8,-15.033,0,4,1,0.933
143,7,-15.088,0,3,1,0.933
144,17,-15.848,0,11,1,0.932
145,10,-12.77,0,6,1,0.932
146,5,-14.772,0,2,1,0.931
147,10,-14.251,0,4,1,0.931
148,7,-13.282,0,5,1,0.93
149,7,-15.411,0,3,1,0.93
150,28,-16.53,0,16,1,0.929
151,9,-13.65,0,4,1,0.929
152,5,-14.767,0,2,1,0.928
153,52,-18.576,0,25,1,0.928
154,16,-15.185,0,8,1,0.927
155,6,-14.484,0,2,1,0.927
156,37,-15.784,0,14,1,0.926
157,13,-16.48,0,6,1,0.926
158,10,-14.535,0,4,1,0.925
159,7,-15.088,0,3,1,0.925
160,6,-14.689,0,5,1,0.924
161,20,-13.925,0,9,1,0.924
162,6,-12.978,0,3,1,0.924
163,14,-15.733,0,7,1,0.923
164,13,-16.139,0,7,1,0.923
165,5,-13.894,0,2,1,0.922
166,38,-13.435,0,14,1,0.922
167,6,-14.96,0,1,1,0.921
168,10,-9.978,0,2,1,0.921
169,5,-14.052,0,3,1,0.92
170,10,-12.61,0,4,1,0.92
171,5,-15.342,0,3,1,0.919
172,7,-14.523,0,4,1,0.919
173,11,-14.139,0,4,1,0.918
174,10,-15.276,0,5,1,0.918
175,13,-12.948,0,4,1,0.917
176,12,-13.093,0,5,1,0.917
177,7,-13.047,0,4,1,0.916
178,26,-15.699,0,13,1,0.916
179,15,-15.965,0,6,1,0.915
180,10,-15.997,0,6,1,0.915
181,18,-15.545,0,9,1,0.914
182,13,-14.934,0,4,1,0.914
183,8,-15.227,0,5,1,0.914
184,19,-14.171,0,6,1,0.913
185,8,-14.678,0,4,1,0.913
186,8,-13.616,0,2,1,0.912
187,12,-12.75,0,6,1,0.912
188,5,-14.867,0,2,1,0.911
189,5,-15.02,0,3,1,0.911
190,19,-14.415,0,9,1,0.91
191,10,-15.282,0,5,1,0.91
192,5,-14.836,0,1,1,0.909
193,8,-15.134,0,5,1,0.909
194,6,-13.235,0,2,1,0.908
195,20,-12.507,0,5,1,0.908
196,16,-14.805,0,5,1,0.907
197,7,-12.019,0,1,1,0.907
198,7,-14.935,0,2,1,0.906
199,10,-14.602,0,5,1,0.906
200,5,-14.735,0,1,1,0.905
201,5,-13.44,0,3,1,0.905
202,5,-15.271,0,2,1,0.905
203,9,-14.902,0,7,1,0.904
204,10,-14.442,0,6,1,0.904
205,10,-14.7,0,3,1,0.903
206,5,-15.44,0,2,1,0.903
207,19,-15.535,0,14,1,0.902
208,11,-11.794,0,5,1,0.902
209,5,-13.891,0,3,1,0.901
210,10,-14.782,0,5,1,0.901
211,6,-15.581,0,3,1,0.9
212,6,-15.699,0,4,1,0.9
213,20,-15.467,0,9,1,0.899
214,7,-14.75,0,4,1,0.899
215,8,-10.711,0,2,1,0.898
216,11,-14.786,0,3,1,0.898
217,11,-15.043,0,5,1,0.897
218,6,-14.046,0,2,1,0.897
219,18,-14.304,0,9,1,0.896
220,13,-12.366,0,5,1,0.896
221,7,-13.705,0,3,1,0.895
222,14,-15.772,0,7,1,0.895
223,7,-14.13,0,4,1,0.895
224,8,-14.626,0,4,1,0.894
225,8,-14.266,0,5,1,0.894
226,6,-15.314,0,1,1,0.893
227,11,-13.104,0,4,1,0.893
228,16,-15.666,0,8,1,0.892
229,10,-13.267,0,6,1,0.892
230,6,-12.968,0,1,1,0.891
231,6,-15.43,0,3,1,0.891
232,19,-15.049,0,11,1,0.89
233,26,-15.579,0,16,1,0.89
234,5,-14.846,0,3,1,0.889
235,6,-14.85,0,2,1,0.889
236,5,-13.274,0,3,1,0.888
237,29,-15.648,0,16,1,0.888
238,10,-14.786,0,4,1,0.887
239,8,-13.303,0,5,1,0.887
240,6,-12.432,0,3,1,0.886
241,16,-15.462,0,9,1,0.886
242,15,-15.332,0,11,1,0.886
243,38,-15.784,0,13,1,0.885
244,7,-13.893,0,5,1,0.885
245,10,-15.002,0,4,1,0.884
246,19,-16.312,0,10,1,0.884
247,8,-14.629,0,5,1,0.883
248,6,-13.66,0,4,1,0.883
249,12,-14.435,0,6,1,0.882
250,13,-16.066,0,6,1,0.882
251,7,-14.517,0,3,1,0.881
252,17,-14.992,0,9,1,0.881
253,15,-14.859,0,10,1,0.88
254,10,-15.218,0,5,1,0.88
255,7,-15.645,0,4,1,0.879
256,17,-16.404,0,11,1,0.879
257,11,-15.837,0,4,1,0.878
258,5,-15.29,0,2,1,0.878
259,18,-13.795,0,6,1,0.877
260,6,-13.315,0,1,1,0.877
261,9,-13.148,0,2,1,0.877
262,7,-14.447,0,3,1,0.876
263,6,-15.03,0,3,1,0.876
264,15,-15.089,0,6,1,0.875
265,7,-15.993,0,6,1,0.875
266,29,-14.61,0,12,1,0.874
267,6,-15.05,0,2,1,0.874
268,8,-16.221,0,2,1,0.873
269,13,-14.465,0,6,1,0.873
270,7,-15.58,0,5,1,0.872
271,5,-14.867,0,2,1,0.872
272,5,-15.336,0,1,1,0.871
273,5,-15.397,0,3,1,0.871
274,34,-15.87,0,18,1,0.87
275,5,-15.316,0,2,1,0.87
276,17,-13.101,0,6,1,0.869
277,8,-14.152,0,3,1,0.869
278,9,-14.19,0,3,1,0.868
279,13,-16.044,0,7,1,0.868
280,8,-15.069,0,3,1,0.867
281,9,-12.735,0,6,1,0.867
282,5,-14.939,0,3,1,0.867
283,61,-18.304,0,33,1,0.866
284,12,-14.246,0,3,1,0.866
285,7,-15.233,0,4,1,0.865
286,21,-15.105,0,11,1,0.865
287,14,-15.337,0,9,1,0.864
288,5,-14.967,0,2,1,0.864
289,12,-14.443,0,6,1,0.863
290,17,-13.53,0,8,1,0.863
291,15,-13.917,0,8,1,0.862
292,9,-13.89,0,5,1,0.862
293,12,-14.062,0,6,1,0.861
294,21,-15.528,0,8,1,0.861
295,16,-12.286,0,4,1,0.86
296,5,-13.481,0,3,1,0.86
297,14,-12.517,0,6,1,0.859
298,5,-15.441,0,3,1,0.859
299,15,-16.148,0,8,1,0.858
300,11,-14.191,0,4,1,0.858
301,10,-12.771,0,6,1,0.858
302,9,-13.931,0,4,1,0.857
303,19,-14.117,0,11,1,0.857
304,15,-14.643,0,8,1,0.856
305,17,-12.602,0,6,1,0.856
306,22,-15.348,0,12,1,0.855
307,9,-12.539,0,3,1,0.855
308,34,-16.712,0,18,1,0.854
309,11,-13.216,0,6,1,0.854
310,11,-14.763,0,5,1,0.853
311,6,-13.976,0,3,1,0.853
312,5,-14.074,0,2,1,0.852
313,14,-15.241,0,5,1,0.852
314,6,-14.524,0,3,1,0.851
315,9,-14.035,0,3,1,0.851
316,16,-13.864,0,4,1,0.85
317,10,-15.86,0,6,1,0.85
318,6,-14.219,0,3,1,0.849
319,6,-13.51,0,3,1,0.849
320,9,-14.0,0,3,1,0.848
321,21,-14.583,0,13,1,0.848
322,16,-15.192,0,8,1,0.848
323,19,-14.992,0,9,1,0.847
324,13,-14.511,0,8,1,0.847
325,32,-17.962,0,18,1,0.846
326,11,-14.002,0,4,1,0.846
327,10,-14.667,0,5,1,0.845
328,11,-14.399,0,6,1,0.845
329,13,-14.732,0,7,1,0.844
330,11,-14.895,0,6,1,0.844
331,7,-12.02,0,2,1,0.843
332,18,-15.839,0,12,1,0.843
333,23,-15.777,0,9,1,0.842
334,32,-16.311,0,15,1,0.842
335,9,-13.117,0,3,1,0.841
336,5,-15.497,0,3,1,0.841
337,7,-11.567,0,0,1,0.84
338,21,-14.246,0,7,1,0.84
339,12,-14.556,0,6,1,0.839
340,10,-14.009,0,5,1,0.839
341,6,-12.948,0,2,1,0.839
342,6,-15.175,0,3,1,0.838
343,5,-13.771,0,2,1,0.838
344,21,-16.198,0,8,1,0.837
345,5,-15.402,0,3,1,0.837
346,18,-15.272,0,9,1,0.836
347,6,-13.108,0,4,1,0.836
348,8,-15.395,0,5,1,0.835
349,6,-13.55,0,4,1,0.835
350,6,-15.002,0,2,1,0.834
351,6,-14.1,0,2,1,0.834
352,9,-14.746,0,5,1,0.833
353,5,-15.452,0,3,1,0.833
354,8,-14.739,0,5,1,0.832
355,17,-13.961,0,8,1,0.832
356,6,-13.245,0,4,1,0.831
357,22,-14.943,0,10,1,0.831
358,5,-15.372,0,2,1,0.83
359,11,-14.112,0,3,1,0.83
360,38,-15.821,0,18,1,0.829
361,9,-14.091,0,2,1,0.829
362,12,-14.413,0,4,1,0.829
363,5,-13.272,0,2,1,0.828
364,73,-17.12,0,31,1,0.828
365,6,-14.623,0,3,1,0.827
366,26,-16.063,0,12,1,0.827
367,5,-14.937,0,1,1,0.826
368,18,-12.699,0,7,1,0.826
369,7,-14.296,0,1,1,0.825
370,18,-14.748,0,5,1,0.825
371,16,-14.79,0,6,1,0.824
372,9,-13.865,0,6,1,0.824
373,21,-15.938,0,10,1,0.823
374,5,-15.917,0,2,1,0.823
375,10,-15.297,0,6,1,0.822
376,8,-12.666,0,5,1,0.822
377,20,-15.175,0,10,1,0.821
378,9,-14.9,0,4,1,0.821
379,11,-14.489,0,6,1,0.82
380,34,-14.124,0,13,1,0.82
381,19,-14.805,0,4,1,0.82
382,15,-14.353,0,5,1,0.819
383,10,-15.155,0,4,1,0.819
384,8,-12.481,0,2,1,0.818
385,20,-13.733,0,12,1,0.818
386,12,-15.007,0,7,1,0.817
387,32,-16.628,0,13,1,0.817
388,10,-13.338,0,5,1,0.816
389,5,-13.815,0,2,1,0.816
390,54,-16.546,0,20,1,0.815
391,9,-15.369,0,2,1,0.815
392,14,-13.668,0,8,1,0.814
393,19,-12.721,0,5,1,0.814
394,9,-14.186,0,3,1,0.813
395,18,-14.908,0,6,1,0.813
396,11,-12.986,0,6,1,0.812
397,11,-13.19,0,4,1,0.812
398,19,-15.371,0,7,1,0.811
399,13,-14.134,0,3,1,0.811
400,14,-15.419,0,9,1,0.81
401,8,-14.986,0,6,1,0.81
402,5,-13.384,0,2,1,0.81
403,30,-13.249,0,11,1,0.809
404,9,-14.845,0,5,1,0.809
405,6,-14.98,0,3,1,0.808
406,6,-14.156,0,4,1,0.808
407,13,-14.965,0,6,1,0.807
408,5,-13.825,0,3,1,0.807
409,5,-14.811,0,2,1,0.806
410,11,-13.58,0,8,1,0.806
411,42,-15.557,0,15,1,0.805
412,8,-14.023,0,2,1,0.805
413,5,-13.419,0,2,1,0.804
414,10,-12.009,0,1,1,0.804
415,8,-15.198,0,4,1,0.803
416,13,-13.025,0,5,1,0.803
417,5,-14.019,0,4,1,0.802
418,11,-15.075,0,7,1,0.802
419,5,-14.939,0,3,1,0.801
420,9,-14.211,0,4,1,0.801
421,13,-12.855,0,4,1,0.8
422,6,-12.787,0,2,1,0.8
423,29,-15.52,0,13,1,0.8
424,12,-13.08,0,5,1,0.799
425,17,-12.191,0,6,1,0.799
426,7,-14.672,0,5,1,0.798
427,32,-14.636,1,10,1,0.798
428,7,-13.37,0,3,1,0.797
429,9,-14.873,0,6,1,0.797
430,6,-14.14,0,2,1,0.796
431,8,-11.386,0,1,1,0.796
432,33,-16.467,0,15,1,0.795
433,14,-14.939,0,9,1,0.795
434,9,-14.864,0,4,1,0.794
435,15,-14.222,0,7,1,0.794
436,5,-14.792,0,1,1,0.793
437,8,-14.699,0,3,1,0.793
438,31,-15.533,0,18,1,0.792
439,11,-12.748,0,4,1,0.792
440,12,-14.957,0,6,1,0.791
441,18,-14.286,0,6,1,0.791
442,10,-15.005,0,4,1,0.791
443,14,-13.358,0,5,1,0.79
444,9,-14.576,0,5,1,0.79
445,54,-14.695,0,22,1,0.789
446,6,-14.398,0,2,1,0.789
447,19,-15.959,0,12,1,0.788
448,26,-16.014,0,13,1,0.788
449,12,-13.566,0,9,1,0.787
450,5,-13.472,0,2,1,0.787
451,6,-15.531,0,3,1,0.786
452,10,-13.051,0,4,1,0.786
453,13,-15.461,0,6,1,0.785
454,9,-12.111,0,4,1,0.785
455,5,-15.467,0,2,1,0.784
456,10,-11.56,0,3,1,0.784
457,8,-14.537,0,4,1,0.783
458,43,-16.433,0,18,1,0.783
459,11,-15.813,0,4,1,0.782
460,22,-14.866,0,7,1,0.782
461,5,-13.317,0,2,1,0.781
462,5,-13.943,0,2,1,0.781
463,35,-13.666,0,14,1,0.781
464,16,-15.517,0,4,1,0.78
465,17,-14.447,0,7,1,0.78
466,6,-12.457,0,1,1,0.779
467,5,-14.737,0,1,1,0.779
468,14,-13.892,0,5,1,0.778
469,78,-16.258,0,35,1,0.778
470,19,-14.53,0,7,1,0.777
471,9,-12.376,0,1,1,0.777
472,24,-14.426,0,9,1,0.776
473,22,-15.274,0,8,1,0.776
474,83,-18.455,0,32,1,0.775
475,16,-15.73,0,8,1,0.775
476,7,-14.887,0,4,1,0.774
477,27,-14.445,0,13,1,0.774
478,10,-15.11,0,4,1,0.773
479,6,-13.87,0,1,1,0.773
480,5,-13.352,0,3,1,0.772
481,7,-12.46,0,3,1,0.772
482,55,-16.02,0,20,1,0.772
483,18,-15.554,0,6,1,0.771
484,32,-16.285,0,14,1,0.771
485,6,-13.013,0,4,1,0.77
486,18,-14.742,0,6,1,0.77
487,13,-15.052,0,7,1,0.769
488,16,-14.861,0,8,1,0.769
489,18,-15.586,0,11,1,0.768
490,8,-14.554,0,3,1,0.768
491,16,-13.082,0,6,1,0.767
492,26,-14.925,0,7,1,0.767
493,5,-14.79,0,2,1,0.766
494,6,-15.21,0,4,1,0.766
495,35,-15.492,0,12,1,0.765
496,8,-14.606,0,3,1,0.765
497,11,-12.032,0,6,1,0.764
498,6,-13.384,0,3,1,0.764
499,38,-14.265,0,13,1,0.763
500,11,-13.418,0,6,1,0.763
501,36,-13.536,0,14,1,0.762
502,14,-16.696,0,7,1,0.762
503,45,-15.279,1,22,1,0.762
504,5,-14.837,0,1,1,0.761
505,37,-16.809,0,17,1,0.761
506,14,-15.308,0,5,1,0.76
507,34,-15.681,0,15,1,0.76
508,74,-15.123,0,25,1,0.759
509,8,-15.368,0,4,1,0.759
510,16,-14.159,0,5,1,0.758
511,13,-15.569,0,7,1,0.758
512,53,-17.776,0,21,1,0.757
513,25,-15.734,0,7,1,0.757
514,17,-14.704,0,9,1,0.756
515,9,-14.637,0,3,1,0.756
516,20,-10.658,0,5,1,0.755
517,25,-13.964,0,8,1,0.755
518,17,-15.13,0,7,1,0.754
519,26,-15.163,0,10,1,0.754
520,6,-13.476,0,3,1,0.753
521,54,-16.712,1,18,1,0.753
522,18,-16.168,0,9,1,0.753
523,8,-15.059,0,3,1,0.752
524,60,-15.659,0,23,1,0.752
525,11,-14.46,0,5,1,0.751
526,31,-14.948,0,14,1,0.751
527,36,-18.419,0,16,1,0.75
528,15,-13.364,0,5,1,0.75
529,11,-14.713,0,7,1,0.749
530,5,-15.529,0,3,1,0.749
531,7,-14.622,0,5,1,0.748
532,15,-15.092,0,6,1,0.748
533,51,-16.111,0,20,1,0.747
534,51,-17.224,0,22,1,0.747
535,67,-17.614,0,27,1,0.746
536,9,-15.59,0,3,1,0.746
537,23,-16.069,0,12,1,0.745
538,5,-13.27,0,2,1,0.745
539,21,-13.57,0,10,1,0.744
540,8,-13.042,0,4,1,0.744
541,8,-16.259,0,5,1,0.744
542,26,-14.483,0,9,1,0.743
543,5,-14.97,0,3,1,0.743
544,45,-14.22,0,16,1,0.742
545,11,-14.979,0,7,1,0.742
546,45,-14.724,0,14,1,0.741
547,29,-14.461,0,12,1,0.741
548,10,-13.262,0,5,1,0.74
549,58,-18.828,0,27,1,0.74
550,44,-14.509,0,18,1,0.739
551,33,-15.977,0,16,1,0.739
552,15,-11.201,0,3,1,0.738
553,9,-14.869,0,2,1,0.738
554,6,-15.381,0,3,1,0.737
555,10,-12.104,0,2,1,0.737
556,34,-16.327,0,17,1,0.736
557,69,-15.056,0,29,1,0.736
558,5,-14.59,0,3,1,0.735
559,5,-13.442,0,3,1,0.735
560,50,-16.168,0,19,1,0.734
561,12,-13.284,0,3,1,0.734
562,11,-13.677,0,5,1,0.734
563,34,-14.427,0,13,1,0.733
564,19,-10.857,1,6,1,0.733
565,29,-12.265,0,11,1,0.732
566,22,-12.741,0,12,1,0.732
567,12,-14.355,0,5,1,0.731
568,6,-14.981,0,3,1,0.731
569,31,-13.408,0,15,1,0.73
570,65,-14.93,1,26,1,0.73
571,12,-14.793,0,4,1,0.729
572,21,-12.449,0,5,1,0.729
573,12,-15.429,0,5,1,0.728
574,6,-15.44,0,2,1,0.728
575,14,-14.249,0,5,1,0.727
576,49,-16.953,0,17,1,0.727
577,6,-12.39,0,1,1,0.726
578,5,-12.399,0,3,1,0.726
579,5,-14.722,0,2,1,0.725
580,29,-16.136,0,12,1,0.725
581,8,-13.286,0,6,1,0.725
582,33,-14.231,0,13,1,0.724
583,22,-16.224,0,5,1,0.724
584,8,-12.742,0,3,1,0.723
585,7,-15.109,0,3,1,0.723
586,5,-13.314,0,1,1,0.722
587,22,-14.946,0,9,1,0.722
588,7,-14.64,0,4,1,0.721
589,12,-14.858,0,5,1,0.721
590,15,-11.499,0,6,1,0.72
591,12,-15.207,0,6,1,0.72
592,27,-10.739,0,11,1,0.719
593,17,-13.086,0,8,1,0.719
594,47,-15.719,0,12,1,0.718
595,21,-14.152,0,7,1,0.718
596,18,-15.811,0,10,1,0.717
597,7,-14.582,0,2,1,0.717
598,15,-15.152,0,8,1,0.716
599,21,-11.001,0,5,1,0.716
600,72,-20.033,1,30,1,0.715
601,9,-14.931,0,3,1,0.715
602,22,-15.388,0,9,1,0.715
603,8,-11.807,0,1,1,0.714
604,11,-14.282,0,4,1,0.714
605,50,-12.53,0,21,0,0.713
606,19,-14.924,0,6,1,0.713
607,31,-16.425,0,13,1,0.712
608,12,-14.135,0,6,1,0.712
609,13,-12.525,0,1,1,0.711
610,8,-14.578,0,4,1,0.711
611,41,-15.942,0,13,1,0.71
612,34,-15.965,0,11,1,0.71
613,18,-15.195,0,10,1,0.709
614,14,-12.429,0,4,1,0.709
615,65,-15.226,0,19,1,0.708
616,7,-14.573,0,3,1,0.708
617,37,-16.742,0,12,1,0.707
618,8,-14.977,0,6,1,0.707
619,7,-14.111,0,3,1,0.706
620,42,-16.73,0,15,1,0.706
621,11,-12.043,0,3,1,0.706
622,10,-13.066,0,5,1,0.705
623,36,-14.59,0,18,1,0.705
624,6,-13.886,0,3,1,0.704
625,28,-14.531,0,11,1,0.704
626,29,-15.364,0,12,1,0.703
627,9,-14.873,0,6,1,0.703
628,5,-15.161,0,2,1,0.702
629,28,-15.258,0,9,1,0.702
630,15,-15.987,0,7,1,0.701
631,28,-16.531,0,14,1,0.701
632,7,-13.152,0,4,1,0.7
633,5,-13.392,0,1,1,0.7
634,29,-12.995,0,10,1,0.699
635,34,-16.621,0,14,1,0.699
636,6,-13.96,0,2,1,0.698
637,31,-16.1,0,15,1,0.698
638,23,-15.255,0,9,1,0.697
639,6,-13.605,0,4,1,0.697
640,9,-12.891,0,5,1,0.696
641,5,-14.777,0,1,1,0.696
642,17,-14.198,0,5,1,0.696
643,6,-14.895,0,2,1,0.695
644,10,-15.002,0,6,1,0.695
645,9,-14.865,0,4,1,0.694
646,33,-16.628,0,17,1,0.694
647,36,-15.128,0,12,1,0.693
648,6,-12.456,0,2,1,0.693
649,11,-14.505,0,5,1,0.692
650,40,-17.388,0,21,1,0.692
651,20,-12.97,0,9,1,0.691
652,5,-14.836,0,1,1,0.691
653,6,-13.912,0,2,1,0.69
654,51,-16.876,0,17,1,0.69
655,9,-15.641,0,3,1,0.689
656,10,-16.14,0,4,1,0.689
657,25,-15.052,0,6,1,0.688
658,77,-17.614,0,33,1,0.688
659,7,-13.51,0,3,1,0.687
660,6,-15.011,0,4,1,0.687
661,5,-14.494,0,3,1,0.686
662,50,-17.22,0,18,1,0.686
663,11,-12.037,0,5,1,0.686
664,29,-16.321,0,17,1,0.685
665,6,-14.381,0,2,1,0.685
666,17,-15.655,0,6,1,0.684
667,5,-15.497,0,3,1,0.684
668,21,-14.685,0,8,1,0.683
669,21,-15.433,0,14,1,0.683
670,13,-11.982,0,3,1,0.682
671,5,-15.352,0,3,1,0.682
672,20,-14.709,0,7,1,0.681
673,64,-15.734,0,23,1,0.681
674,5,-15.265,0,2,1,0.68
675,6,-15.485,0,3,1,0.68
676,20,-15.899,0,8,1,0.679
677,26,-13.889,0,6,1,0.679
678,12,-15.067,0,7,1,0.678
679,27,-14.64,0,11,1,0.678
680,31,-11.9,0,8,1,0.677
681,19,-15.709,0,6,1,0.677
682,9,-13.282,0,6,1,0.677
683,14,-12.555,0,6,1,0.676
684,49,-15.55,0,23,1,0.676
685,15,-13.585,0,7,1,0.675
686,46,-16.829,0,16,1,0.675
687,26,-14.96,0,8,1,0.674
688,107,-19.263,0,51,1,0.674
689,5,-14.889,0,2,1,0.673
690,33,-16.704,0,15,1,0.673
691,23,-12.832,0,5,1,0.672
692,5,-15.096,0,3,1,0.672
693,12,-15.512,0,3,1,0.671
694,10,-13.676,0,3,1,0.671
695,5,-13.145,0,1,1,0.67
696,22,-15.445,0,10,1,0.67
697,6,-12.431,0,3,1,0.669
698,60,-13.529,0,19,1,0.669
699,12,-13.005,0,5,1,0.668
700,5,-15.317,0,2,1,0.668
701,8,-12.409,0,2,1,0.667
702,5,-15.352,0,3,1,0.667
703,9,-13.414,0,2,1,0.667
704,7,-15.724,0,4,1,0.666
705,15,-14.563,0,9,1,0.666
706,25,-12.936,0,6,1,0.665
707,5,-14.996,0,3,1,0.665
708,23,-15.191,0,7,1,0.664
709,5,-15.447,0,3,1,0.664
710,47,-17.622,0,26,1,0.663
711,25,-16.074,0,10,1,0.663
712,17,-12.388,0,2,1,0.662
713,6,-14.475,0,3,1,0.662
714,5,-14.997,0,3,1,0.661
715,9,-13.602,0,5,1,0.661
716,19,-11.696,0,7,1,0.66
717,9,-14.597,0,4,1,0.66
718,22,-15.321,0,11,1,0.659
719,33,-15.478,0,12,1,0.659
720,8,-13.568,0,3,1,0.658
721,26,-15.025,0,10,1,0.658
722,12,-15.39,0,6,1,0.658
723,13,-13.245,0,6,1,0.657
724,6,-14.433,0,3,1,0.657
725,19,-14.87,0,8,1,0.656
726,30,-16.876,0,18,1,0.656
727,36,-12.947,0,9,1,0.655
728,12,-15.077,0,4,1,0.655
729,14,-15.625,0,3,1,0.654
730,7,-13.877,0,3,1,0.654
731,5,-13.336,0,1,1,0.653
732,54,-16.571,0,19,1,0.653
733,5,-14.756,0,0,1,0.652
734,14,-14.419,0,6,1,0.652
735,56,-16.04,0,23,1,0.651
736,22,-14.71,0,9,1,0.651
737,11,-14.159,0,3,1,0.65
738,6,-13.466,0,4,1,0.65
739,46,-16.429,0,20,1,0.649
740,14,-15.975,0,5,1,0.649
741,27,-17.55,0,16,1,0.648
742,5,-14.87,0,1,1,0.648
743,8,-15.202,0,4,1,0.648
744,23,-15.777,0,12,1,0.647
745,41,-15.94,0,14,1,0.647
746,5,-14.344,0,2,1,0.646
747,7,-14.322,0,3,1,0.646
748,21,-14.785,0,7,1,0.645
749,12,-14.942,0,6,1,0.645
750,17,-15.652,0,9,1,0.644
751,10,-14.325,0,5,1,0.644
752,5,-14.497,0,3,1,0.643
753,22,-15.505,0,8,1,0.643
754,10,-10.463,0,1,1,0.642
755,65,-16.709,0,17,1,0.642
756,35,-15.265,0,18,1,0.641
757,129,-18.657,0,53,1,0.641
758,7,-15.735,0,3,1,0.64
759,21,-14.035,0,10,1,0.64
760,9,-14.477,0,3,1,0.639
761,80,-16.415,0,29,1,0.639
762,21,-17.344,0,14,1,0.639
763,17,-14.189,0,5,1,0.638
764,21,-12.517,0,8,1,0.638
765,26,-13.636,0,8,1,0.637
766,5,-14.093,0,3,1,0.637
767,20,-14.774,0,2,1,0.636
768,7,-14.645,0,4,1,0.636
769,26,-15.603,0,13,1,0.635
770,19,-14.861,0,9,1,0.635
771,8,-14.548,0,3,1,0.634
772,12,-14.997,0,7,1,0.634
773,12,-14.798,0,5,1,0.633
774,8,-14.949,0,2,1,0.633
775,25,-16.412,0,14,1,0.632
776,18,-12.765,0,4,1,0.632
777,10,-14.764,0,3,1,0.631
778,7,-14.437,0,2,1,0.631
779,28,-14.223,0,7,1,0.63
780,5,-15.02,0,3,1,0.63
781,6,-14.155,0,4,1,0.63
782,40,-15.867,0,14,1,0.629
783,46,-17.143,0,19,1,0.629
784,5,-13.951,0,3,1,0.628
785,30,-15.217,0,10,1,0.628
786,38,-16.587,0,15,1,0.627
787,12,-13.646,0,8,1,0.627
788,6,-14.075,0,3,1,0.626
789,56,-12.262,0,23,1,0.626
790,11,-14.803,0,7,1,0.625
791,23,-15.01,0,7,1,0.625
792,11,-14.396,0,6,1,0.624
793,32,-14.627,0,13,1,0.624
794,15,-15.254,0,8,1,0.623
795,118,-20.169,1,47,1,0.623
796,9,-15.978,0,5,1,0.622
797,36,-17.447,0,20,1,0.622
798,18,-15.465,0,6,1,0.621
799,33,-15.381,0,13,1,0.621
800,21,-13.8,0,7,1,0.62
801,8,-11.887,0,2,1,0.62
802,34,-16.073,0,14,1,0.62
803,5,-14.895,0,2,1,0.619
804,5,-13.416,0,2,1,0.619
805,14,-14.367,0,5,1,0.618
806,26,-16.712,0,15,1,0.618
807,41,-15.233,1,15,1,0.617
808,37,-16.955,0,19,1,0.617
809,19,-15.287,0,8,1,0.616
810,23,-12.958,0,7,1,0.616
811,28,-16.129,0,10,1,0.615
812,8,-14.714,0,3,1,0.615
813,110,-18.989,0,45,1,0.614
814,14,-15.595,0,7,1,0.614
815,12,-14.988,0,4,1,0.613
816,7,-14.93,0,2,1,0.613
817,10,-14.567,0,4,1,0.612
818,63,-18.057,0,25,1,0.612
819,32,-16.293,0,15,1,0.611
820,25,-14.839,0,7,1,0.611
821,37,-15.442,0,10,1,0.611
822,29,-14.52,0,16,1,0.61
823,79,-11.878,0,25,1,0.61
824,24,-15.979,0,12,1,0.609
825,61,-15.969,0,22,1,0.609
826,22,-12.931,0,6,1,0.608
827,7,-13.294,0,1,1,0.608
828,6,-14.486,0,3,1,0.607
829,77,-18.545,0,38,1,0.607
830,9,-12.917,0,3,1,0.606
831,41,-17.916,0,17,1,0.606
832,46,-18.303,0,15,1,0.605
833,14,-14.85,0,4,1,0.605
834,5,-15.302,0,3,1,0.604
835,14,-14.919,0,1,1,0.604
836,8,-15.11,0,4,1,0.603
837,42,-15.795,0,12,1,0.603
838,5,-15.71,0,4,1,0.602
839,17,-11.819,0,6,1,0.602
840,11,-14.19,0,4,1,0.601
841,40,-15.024,0,20,1,0.601
842,29,-12.347,0,6,1,0.601
843,13,-15.218,0,8,1,0.6
844,64,-16.404,0,27,1,0.6
845,8,-13.373,0,2,1,0.599
846,30,-11.144,0,9,1,0.599
847,6,-14.745,0,4,1,0.598
848,40,-15.23,0,11,1,0.598
849,24,-16.854,0,11,1,0.597
850,54,-16.58,0,18,1,0.597
851,13,-10.196,0,2,1,0.596
852,13,-14.707,0,4,1,0.596
853,9,-15.441,0,7,1,0.595
854,13,-14.465,0,6,1,0.595
855,67,-15.116,0,26,1,0.594
856,15,-14.62,0,6,1,0.594
857,29,-15.372,0,11,1,0.593
858,11,-13.631,0,2,1,0.593
859,22,-15.579,0,10,1,0.592
860,9,-14.04,0,3,1,0.592
861,39,-12.306,0,12,1,0.592
862,38,-16.412,0,13,1,0.591
863,53,-15.432,0,21,1,0.591
864,29,-14.1,0,7,1,0.59
865,84,-14.505,1,28,1,0.59
866,6,-11.362,0,1,1,0.589
867,18,-14.896,0,8,1,0.589
868,6,-13.425,0,3,1,0.588
869,31,-12.536,0,9,1,0.588
870,12,-10.507,0,4,1,0.587
871,41,-16.646,0,14,1,0.587
872,34,-17.365,0,15,1,0.586
873,68,-18.485,0,22,1,0.586
874,20,-16.223,0,6,1,0.585
875,51,-14.655,1,17,1,0.585
876,48,-15.731,1,17,1,0.584
877,17,-10.876,0,5,1,0.584
878,5,-14.896,0,3,1,0.583
879,6,-13.959,0,3,1,0.583
880,49,-12.32,0,22,1,0.582
881,30,-16.943,0,21,1,0.582
882,11,-11.235,0,0,1,0.582
883,48,-13.317,0,13,1,0.581
884,28,-16.497,0,14,1,0.581
885,15,-12.228,0,3,1,0.58
886,17,-12.547,0,9,1,0.58
887,16,-13.98,0,4,1,0.579
888,11,-14.662,0,7,1,0.579
889,70,-18.661,0,33,1,0.578
890,21,-14.426,0,10,1,0.578
891,17,-13.602,0,6,1,0.577
892,56,-14.832,0,17,1,0.577
893,51,-18.233,0,21,1,0.576
894,9,-15.274,0,4,1,0.576
895,39,-16.327,0,24,1,0.575
896,18,-14.241,0,8,1,0.575
897,96,-13.675,0,27,1,0.574
898,21,-13.24,0,4,1,0.574
899,10,-14.199,0,4,1,0.573
900,13,-14.499,0,4,1,0.573
901,46,-12.387,0,9,1,0.573
902,27,-14.148,0,7,1,0.572
903,31,-15.935,0,12,1,0.572
904,14,-12.609,0,6,1,0.571
905,22,-14.88,0,9,1,0.571
906,21,-14.265,0,8,1,0.57
907,12,-13.906,0,5,1,0.57
908,20,-12.215,0,7,1,0.569
909,73,-17.735,0,30,1,0.569
910,62,-18.542,0,29,1,0.568
911,56,-15.031,0,26,1,0.568
912,19,-14.544,0,9,1,0.567
913,29,-12.028,0,7,1,0.567
914,22,-15.6,0,11,1,0.566
915,72,-16.402,0,21,1,0.566
916,5,-15.382,0,1,1,0.565
917,65,-18.264,0,26,1,0.565
918,118,-16.027,0,26,1,0.564
919,60,-16.966,0,21,1,0.564
920,14,-15.122,0,7,1,0.563
921,12,-14.312,0,4,1,0.563
922,44,-16.723,0,21,1,0.563
923,5,-13.452,0,3,1,0.562
924,42,-15.635,0,18,1,0.562
925,20,-11.996,0,13,1,0.561
926,93,-20.633,0,51,1,0.561
927,13,-14.566,0,2,1,0.56
928,51,-13.77,0,17,1,0.56
929,5,-14.917,0,2,1,0.559
930,50,-14.539,0,19,1,0.559
931,35,-16.801,0,15,1,0.558
932,29,-14.92,0,8,1,0.558
933,44,-13.236,0,21,1,0.557
934,11,-14.88,0,4,1,0.557
935,8,-16.209,0,6,1,0.556
936,24,-13.698,0,9,1,0.556
937,36,-12.029,0,15,1,0.555
938,36,-11.757,1,9,1,0.555
939,82,-18.379,1,30,1,0.554
940,26,-13.252,0,10,1,0.554
941,17,-16.014,0,4,1,0.553
942,29,-14.845,0,9,1,0.553
943,5,-15.096,0,3,1,0.553
944,5,-14.712,0,0,1,0.552
945,36,-14.897,0,15,1,0.552
946,22,-13.696,0,3,1,0.551
947,62,-7.136,0,22,0,0.551
948,7,-11.682,0,1,1,0.55
949,96,-20.34,0,47,1,0.55
950,13,-14.497,0,5,1,0.549
951,31,-14.177,0,15,1,0.549
952,5,-14.882,0,1,1,0.548
953,44,-11.748,0,10,1,0.548
954,49,-11.617,0,13,1,0.547
955,9,-14.747,0,5,1,0.547
956,54,-16.511,0,20,1,0.546
957,7,-14.196,0,4,1,0.546
958,5,-11.77,0,1,1,0.545
959,17,-13.687,0,5,1,0.545
960,45,-12.075,0,12,0,0.544
961,38,-14.599,0,14,1,0.544
962,21,-16.069,0,7,1,0.544
963,88,-19.333,0,22,1,0.543
964,22,-15.22,0,7,1,0.543
965,17,-13.629,0,5,1,0.542
966,6,-13.081,0,3,1,0.542
967,14,-12.973,0,6,1,0.541
968,5,-12.448,0,3,1,0.541
969,84,-17.717,1,29,1,0.54
970,6,-15.171,0,3,1,0.54
971,40,-13.887,0,8,1,0.539
972,50,-16.711,0,18,1,0.539
973,41,-15.739,0,15,1,0.538
974,54,-16.272,0,20,1,0.538
975,38,-17.657,0,15,1,0.537
976,6,-13.346,0,2,1,0.537
977,8,-15.595,0,3,1,0.536
978,74,-19.023,0,30,1,0.536
979,46,-16.758,0,18,1,0.535
980,5,-13.817,0,2,1,0.535
981,52,-16.618,0,21,1,0.534
982,55,-14.819,0,17,1,0.534
983,16,-15.175,0,6,1,0.534
984,46,-11.822,0,13,0,0.533
985,25,-12.415,0,7,1,0.533
986,27,-13.146,0,7,1,0.532
987,44,-15.563,0,17,1,0.532
988,78,-17.404,0,28,1,0.531
989,7,-16.135,0,4,1,0.531
990,10,-13.992,0,1,1,0.53
991,19,-12.718,0,5,1,0.53
992,8,-11.21,0,0,1,0.529
993,76,-18.935,0,35,1,0.529
994,20,-14.48,0,9,1,0.528
995,26,-15.893,0,15,1,0.528
996,43,-13.743,0,17,1,0.527
997,7,-10.991,0,2,1,0.527
998,26,-14.091,0,14,1,0.526
999,7,-12.905,0,1,1,0.526
1000,6,-13.986,0,3,1,0.525
1001,17,-13.322,0,5,1,0.525
1002,16,-15.444,0,4,1,0.525
1003,6,-13.496,0,2,1,0.524
1004,33,-15.296,0,11,1,0.524
1005,6,-13.96,0,2,1,0.523
1006,16,-14.504,0,6,1,0.523
1007,17,-13.659,0,5,1,0.522
1008,5,-15.852,0,3,1,0.522
1009,9,-10.011,0,0,1,0.521
1010,5,-15.519,0,4,1,0.521
1011,44,-15.056,0,15,1,0.52
1012,7,-13.138,0,4,1,0.52
1013,34,-14.972,0,3,1,0.519
1014,16,-10.891,0,8,1,0.519
1015,33,-13.633,0,12,1,0.518
1016,12,-12.021,0,4,1,0.518
1017,11,-11.472,0,4,1,0.517
1018,24,-12.557,0,6,1,0.517
1019,38,-14.327,0,15,1,0.516
1020,5,-14.807,0,0,1,0.516
1021,5,-14.392,0,3,1,0.515
1022,24,-12.935,0,8,1,0.515
1023,5,-14.947,0,3,1,0.515
1024,40,-15.398,0,15,1,0.514
1025,19,-12.813,0,7,1,0.514
1026,10,-15.444,0,5,1,0.513
1027,23,-15.106,0,10,1,0.513
1028,5,-13.221,0,2,1,0.512
1029,14,-12.642,0,5,1,0.512
1030,132,-21.246,0,48,1,0.511
1031,5,-14.947,0,3,1,0.511
1032,20,-15.451,0,6,1,0.51
1033,17,-10.575,0,7,1,0.51
1034,101,-20.036,0,46,1,0.509
1035,13,-12.885,0,5,1,0.509
1036,13,-15.793,0,5,1,0.508
1037,21,-15.755,0,1,1,0.508
1038,5,-14.836,0,1,1,0.507
1039,55,-16.824,0,19,1,0.507
1040,20,-15.505,0,5,1,0.506
1041,55,-16.806,0,15,1,0.506
1042,6,-14.037,0,3,1,0.506
1043,11,-14.065,0,3,1,0.505
1044,9,-15.3,0,5,1,0.505
1045,88,-18.682,0,25,1,0.504
1046,5,-14.816,0,2,1,0.504
1047,20,-13.04,0,6,1,0.503
1048,39,-15.765,0,10,1,0.503
1049,82,-20.363,0,41,1,0.502
1050,50,-15.196,0,14,1,0.502
1051,6,-15.084,0,4,1,0.501
1052,10,-14.126,0,3,1,0.501
1053,13,-12.113,0,5,1,0.5
1054,49,-13.821,0,20,1,0.5
1055,33,-11.298,0,13,1,0.499
1056,31,-16.043,0,15,1,0.499
1057,49,-15.81,1,15,1,0.498
1058,15,-15.062,0,6,1,0.498
1059,52,-16.908,0,23,1,0.497
1060,34,-14.272,0,14,1,0.497
1061,6,-15.381,0,3,1,0.496
1062,18,-15.924,0,7,1,0.496
1063,85,-19.557,0,34,1,0.496
1064,20,-12.19,0,5,1,0.495
1065,86,-20.571,0,45,1,0.495
1066,27,-16.268,0,10,1,0.494
1067,22,-16.0,0,6,1,0.494
1068,9,-12.416,0,2,1,0.493
1069,74,-19.988,0,41,1,0.493
1070,22,-11.716,0,8,1,0.492
1071,13,-15.131,0,6,1,0.492
1072,148,-19.699,0,54,1,0.491
1073,22,-12.601,0,6,1,0.491
1074,23,-14.09,0,7,1,0.49
1075,68,-18.568,0,34,1,0.49
1076,16,-12.696,0,6,1,0.489
1077,51,-14.289,0,23,1,0.489
1078,78,-16.53,0,27,1,0.488
1079,34,-17.311,0,17,1,0.488
1080,5,-15.451,0,3,1,0.487
1081,12,-15.056,0,3,1,0.487
1082,37,-14.235,0,17,1,0.487
1083,82,-17.161,0,27,1,0.486
1084,8,-13.534,0,4,1,0.486
1085,71,-15.9,0,14,1,0.485
1086,12,-14.228,0,8,1,0.485
1087,10,-13.7,0,4,1,0.484
1088,60,-16.935,0,24,1,0.484
1089,5,-15.517,0,2,1,0.483
1090,42,-16.0,0,16,1,0.483
1091,12,-14.831,0,5,1,0.482
1092,67,-17.532,0,28,1,0.482
1093,127,-18.776,0,42,1,0.481
1094,45,-13.235,0,13,1,0.481
1095,127,-8.654,0,47,0,0.48
1096,6,-13.486,0,2,1,0.48
1097,5,-14.94,0,2,1,0.479
1098,40,-15.973,1,12,1,0.479
1099,46,-15.386,0,15,1,0.478
1100,62,-17.816,0,19,1,0.478
1101,31,-17.101,0,12,1,0.477
1102,68,-16.125,0,32,1,0.477
1103,102,-16.631,0,28,1,0.477
1104,22,-14.844,0,10,1,0.476
1105,16,-12.17,0,4,1,0.476
1106,19,-12.71,0,7,1,0.475
1107,17,-13.73,0,7,1,0.475
1108,81,-17.189,0,29,1,0.474
1109,38,-14.39,0,13,1,0.474
1110,13,-15.44,0,5,1,0.473
1111,128,-21.319,0,49,1,0.473
1112,6,-15.406,0,2,1,0.472
1113,46,-15.95,0,18,1,0.472
1114,30,-16.816,0,9,1,0.471
1115,61,-16.45,0,24,1,0.471
1116,29,-17.043,0,9,1,0.47
1117,52,-15.033,0,23,1,0.47
1118,36,-15.625,0,10,1,0.469
1119,22,-14.579,0,12,1,0.469
1120,5,-14.684,0,1,1,0.468
1121,14,-15.441,0,4,1,0.468
1122,58,-17.545,0,24,1,0.468
1123,18,-15.078,0,8,1,0.467
1124,31,-12.437,0,8,1,0.467
1125,8,-13.575,0,2,1,0.466
1126,68,-16.071,0,19,1,0.466
1127,20,-15.548,0,6,1,0.465
1128,8,-15.44,0,1,1,0.465
1129,17,-9.922,0,4,1,0.464
1130,39,-17.082,0,14,1,0.464
1131,31,-15.663,0,10,1,0.463
1132,69,-16.429,0,24,1,0.463
1133,6,-14.466,0,4,1,0.462
1134,133,-16.565,0,39,1,0.462
1135,89,-18.665,1,36,1,0.461
1136,11,-14.718,0,5,1,0.461
1137,50,-16.923,0,21,1,0.46
1138,70,-16.514,1,26,1,0.46
1139,8,-14.09,0,4,1,0.459
1140,14,-12.317,0,5,1,0.459
1141,57,-18.051,0,32,1,0.459
1142,53,-11.681,0,8,1,0.458
1143,174,-20.711,0,64,1,0.458
1144,7,-11.821,0,1,1,0.457
1145,51,-12.519,0,20,1,0.457
1146,18,-16.137,0,6,1,0.456
1147,13,-10.43,0,3,1,0.456
1148,65,-19.253,0,29,1,0.455
1149,37,-17.126,0,20,1,0.455
1150,45,-12.933,1,12,1,0.454
1151,5,-13.332,0,1,1,0.454
1152,22,-15.016,0,7,1,0.453
1153,58,-17.022,0,27,1,0.453
1154,15,-15.467,0,8,1,0.452
1155,29,-13.715,0,12,1,0.452
1156,123,-16.346,1,34,1,0.451
1157,23,-16.039,0,12,1,0.451
1158,45,-16.406,0,18,1,0.45
1159,37,-11.476,0,13,1,0.45
1160,5,-15.417,0,2,1,0.449
1161,75,-18.426,0,30,1,0.449
1162,51,-14.869,0,19,1,0.449
1163,8,-12.957,0,3,1,0.448
1164,8,-12.182,0,2,1,0.448
1165,21,-13.254,0,8,1,0.447
1166,6,-15.35,0,2,1,0.447
1167,28,-12.035,0,14,1,0.446
1168,163,-23.22,0,68,1,0.446
1169,48,-14.704,0,19,1,0.445
1170,60,-16.733,0,20,1,0.445
1171,205,-21.148,1,57,1,0.444
1172,134,-22.104,0,65,1,0.444
1173,16,-14.37,0,5,1,0.443
1174,85,-16.817,0,34,1,0.443
1175,40,-16.012,0,17,1,0.442
1176,9,-15.061,0,2,1,0.442
1177,53,-16.086,0,24,1,0.441
1178,9,-14.597,0,4,1,0.441
1179,20,-15.619,0,6,1,0.44
1180,59,-15.985,0,22,1,0.44
1181,20,-14.768,0,7,1,0.44
1182,17,-13.746,0,6,1,0.439
1183,24,-15.015,0,10,1,0.439
1184,17,-15.458,0,6,1,0.438
1185,20,-15.71,0,4,1,0.438
1186,76,-14.272,0,30,1,0.437
1187,34,-18.198,0,14,1,0.437
1188,90,-14.337,1,31,1,0.436
1189,36,-16.559,0,9,1,0.436
1190,39,-13.324,0,15,1,0.435
1191,34,-15.24,0,11,1,0.435
1192,58,-14.041,0,10,1,0.434
1193,107,-18.929,0,41,1,0.434
1194,41,-15.75,0,14,1,0.433
1195,11,-14.677,0,5,1,0.433
1196,49,-14.078,0,18,1,0.432
1197,41,-16.05,0,14,1,0.432
1198,6,-11.478,0,3,1,0.431
1199,66,-14.479,1,21,1,0.431
1200,66,-15.177,0,22,1,0.43
1201,5,-15.692,0,3,1,0.43
1202,28,-11.155,0,7,1,0.43
1203,46,-14.045,0,17,1,0.429
1204,67,-16.219,0,17,1,0.429
1205,34,-10.904,0,11,1,0.428
1206,19,-10.998,0,5,1,0.428
1207,88,-18.152,0,33,1,0.427
1208,51,-17.422,0,21,1,0.427
1209,14,-13.815,0,6,1,0.426
1210,5,-15.317,0,2,1,0.426
1211,48,-15.525,0,22,1,0.425
1212,11,-12.332,0,6,1,0.425
1213,118,-19.072,0,29,1,0.424
1214,10,-14.122,0,3,1,0.424
1215,58,-17.297,0,28,1,0.423
1216,89,-18.441,0,28,1,0.423
1217,12,-12.035,0,2,1,0.422
1218,66,-15.745,0,10,1,0.422
1219,5,-14.686,0,1,1,0.421
1220,23,-14.905,0,7,1,0.421
1221,50,-8.573,0,20,0,0.42
1222,62,-18.23,0,29,1,0.42
1223,145,-24.66,0,61,1,0.42
1224,5,-14.817,0,2,1,0.419
1225,35,-16.576,0,15,1,0.419
1226,14,-14.297,0,4,1,0.418
1227,112,-21.186,0,45,1,0.418
1228,13,-12.004,0,6,1,0.417
1229,20,-12.622,0,5,1,0.417
1230,53,-17.323,0,25,1,0.416
1231,40,-5.995,0,14,0,0.416
1232,250,-21.229,2,99,1,0.415
1233,31,-15.321,0,13,1,0.415
1234,11,-12.509,0,6,1,0.414
1235,49,-15.125,0,16,1,0.414
1236,14,-15.995,0,4,1,0.413
1237,40,-13.506,0,17,1,0.413
1238,5,-15.11,0,3,1,0.412
1239,37,-16.5,0,13,1,0.412
1240,41,-17.045,0,20,1,0.411
1241,21,-13.99,0,4,1,0.411
1242,85,-15.754,1,20,1,0.411
1243,42,-11.957,0,5,1,0.41
1244,154,-21.32,1,53,1,0.41
1245,36,-16.828,0,13,1,0.409
1246,8,-10.202,0,1,1,0.409
1247,130,-21.525,0,57,1,0.408
1248,20,-15.024,0,8,1,0.408
1249,23,-15.159,0,14,1,0.407
1250,11,-15.509,0,3,1,0.407
1251,22,-11.287,0,3,1,0.406
1252,75,-18.891,0,25,1,0.406
1253,76,-17.133,0,25,1,0.405
1254,76,-19.065,0,40,1,0.405
1255,71,-14.494,0,12,1,0.404
1256,59,-18.248,0,29,1,0.404
1257,65,-8.652,0,23,0,0.403
1258,35,-15.857,0,8,1,0.403
1259,15,-15.905,0,10,1,0.402
1260,167,-21.35,1,76,1,0.402
1261,10,-13.954,0,4,1,0.401
1262,29,-11.797,0,5,1,0.401
1263,67,-16.211,0,29,1,0.401
1264,113,-19.574,0,32,1,0.4
1265,59,-17.64,0,16,1,0.4
1266,38,-13.471,0,11,1,0.399
1267,68,-17.779,0,30,1,0.399
1268,66,-14.954,0,16,1,0.398
1269,12,-13.142,0,8,1,0.398
1270,111,-20.269,0,39,1,0.397
1271,70,-16.386,0,29,1,0.397
1272,7,-11.303,0,1,1,0.396
1273,5,-13.397,0,3,1,0.396
1274,87,-11.064,0,25,0,0.395
1275,6,-12.582,0,3,1,0.395
1276,46,-15.218,0,7,1,0.394
1277,102,-19.497,1,31,1,0.394
1278,20,-13.186,0,11,1,0.393
1279,28,-10.98,0,8,1,0.393
1280,162,-18.344,1,43,1,0.392
1281,41,-13.002,0,13,1,0.392
1282,9,-15.51,0,2,1,0.392
1283,5,-14.772,0,2,1,0.391
1284,29,-14.394,0,4,1,0.391
1285,43,-14.943,0,8,1,0.39
1286,206,-25.437,0,91,1,0.39
1287,81,-14.145,0,28,1,0.389
1288,51,-15.191,0,17,1,0.389
1289,37,-15.156,0,14,1,0.388
1290,51,-16.066,0,15,1,0.388
1291,56,-16.246,1,20,1,0.387
1292,60,-18.184,0,28,1,0.387
1293,75,-21.098,0,33,1,0.386
1294,62,-17.355,0,22,1,0.386
1295,10,-14.812,0,7,1,0.385
1296,87,-14.553,0,35,1,0.385
1297,123,-15.8,0,28,1,0.384
1298,66,-11.471,0,13,1,0.384
1299,183,-23.154,0,69,1,0.383
1300,82,-15.884,0,32,1,0.383
1301,28,-15.025,0,11,1,0.382
1302,17,-13.086,0,8,1,0.382
1303,20,-12.97,0,4,1,0.382
1304,25,-15.577,0,5,1,0.381
1305,5,-15.309,0,1,1,0.381
1306,93,-16.335,0,30,1,0.38
1307,13,-16.499,0,5,1,0.38
1308,70,-14.047,0,21,1,0.379
1309,11,-13.564,0,2,1,0.379
1310,130,-19.982,1,54,1,0.378
1311,90,-15.902,1,26,1,0.378
1312,57,-19.083,0,25,1,0.377
1313,50,-14.092,0,16,1,0.377
1314,69,-18.976,0,31,1,0.376
1315,78,-19.141,0,32,1,0.376
1316,31,-11.737,0,5,1,0.375
1317,19,-14.448,0,8,1,0.375
1318,6,-9.437,0,0,1,0.374
1319,11,-14.992,0,5,1,0.374
1320,58,-16.843,0,29,1,0.373
1321,25,-12.835,0,7,1,0.373
1322,57,-11.729,0,8,0,0.373
1323,136,-19.579,0,48,1,0.372
1324,169,-15.811,1,64,1,0.372
1325,53,-10.581,0,16,1,0.371
1326,76,-17.326,1,32,1,0.371
1327,81,-12.678,1,26,1,0.37
1328,40,-12.337,0,9,1,0.37
1329,40,-14.947,0,6,1,0.369
1330,102,-17.304,1,26,1,0.369
1331,93,-18.696,0,38,1,0.368
1332,36,-16.195,0,19,1,0.368
1333,44,-14.121,0,12,1,0.367
1334,143,-20.607,0,41,1,0.367
1335,68,-11.657,0,15,1,0.366
1336,106,-17.117,0,15,1,0.366
1337,75,-14.711,0,21,1,0.365
1338,39,-15.453,0,13,1,0.365
1339,209,-19.851,1,68,1,0.364
1340,241,-20.787,1,58,1,0.364
1341,201,-20.246,0,58,1,0.363
1342,130,-15.846,0,45,1,0.363
1343,133,-17.678,1,42,1,0.363
1344,93,-16.365,0,36,1,0.362
1345,69,-17.279,0,20,1,0.362
1346,57,-16.326,0,15,1,0.361
1347,141,-18.224,1,53,1,0.361
1348,34,-12.51,0,6,1,0.36
1349,28,-10.652,0,5,1,0.36
1350,47,-16.197,0,16,1,0.359
1351,19,-12.371,0,5,1,0.359
1352,85,-14.317,0,34,1,0.358
1353,31,-11.155,0,12,1,0.358
1354,78,-16.563,0,15,1,0.357
1355,194,-18.52,1,59,1,0.357
1356,40,-12.71,0,7,1,0.356
1357,69,-15.983,0,31,1,0.356
1358,16,-13.566,0,4,1,0.355
1359,44,-15.039,0,10,1,0.355
1360,73,-16.902,1,18,1,0.354
1361,65,-12.704,2,15,1,0.354
1362,176,-19.843,0,66,1,0.354
1363,27,-15.36,0,14,1,0.353
1364,46,-13.757,0,9,1,0.353
1365,160,-21.183,0,49,1,0.352
1366,32,-14.049,0,8,1,0.352
1367,27,-13.644,0,7,1,0.351
1368,36,-14.287,0,11,1,0.351
1369,113,-19.061,0,24,1,0.35
1370,17,-15.879,0,4,1,0.35
1371,69,-15.097,0,28,1,0.349
1372,51,-13.383,0,15,1,0.349
1373,30,-12.051,0,7,1,0.348
1374,116,-13.478,0,49,0,0.348
1375,16,-15.088,0,5,1,0.347
1376,25,-12.977,0,7,1,0.347
1377,30,-10.032,0,9,1,0.346
1378,75,-14.929,0,23,1,0.346
1379,34,-11.485,0,8,1,0.345
1380,18,-14.795,0,5,1,0.345
1381,53,-12.482,0,10,1,0.345
1382,54,-17.367,0,16,1,0.344
1383,400,-26.023,0,172,0,0.344
1384,83,-17.149,0,12,1,0.343
1385,9,-15.871,0,2,1,0.343
1386,132,-13.52,0,43,1,0.342
1387,80,-16.659,0,23,1,0.342
1388,98,-16.742,0,45,1,0.341
1389,78,-15.789,0,15,1,0.341
1390,45,-17.264,0,15,1,0.34
1391,14,-14.098,0,4,1,0.34
1392,14,-9.934,0,3,1,0.339
1393,35,-12.583,0,2,1,0.339
1394,106,-17.412,0,28,1,0.338
1395,131,-22.602,0,80,1,0.338
1396,75,-11.5,0,12,1,0.337
1397,303,-26.251,1,91,1,0.337
1398,125,-15.366,0,39,1,0.336
1399,164,-22.095,0,56,1,0.336
1400,6,-12.44,0,2,1,0.335
1401,56,-16.455,0,16,1,0.335
1402,73,-13.466,0,23,1,0.335
1403,20,-14.816,0,4,1,0.334
1404,22,-15.201,0,7,1,0.334
1405,88,-15.899,0,27,1,0.333
1406,162,-26.514,0,70,1,0.333
1407,400,-18.852,2,131,0,0.332
1408,83,-19.839,0,27,1,0.332
1409,42,-11.134,0,7,1,0.331
1410,10,-10.097,0,1,1,0.331
1411,6,-13.719,0,3,1,0.33
1412,6,-13.581,0,2,1,0.33
1413,57,-14.038,0,14,1,0.329
1414,121,-18.776,0,34,1,0.329
1415,33,-15.042,0,6,1,0.328
1416,138,-16.499,0,35,1,0.328
1417,40,-13.168,0,8,1,0.327
1418,33,-12.127,0,10,1,0.327
1419,92,-17.423,0,46,1,0.326
1420,39,-14.126,0,7,1,0.326
1421,223,-25.125,2,50,1,0.326
1422,9,-14.407,0,2,1,0.325
1423,121,-16.782,0,37,1,0.325
1424,48,-17.795,0,20,1,0.324
1425,15,-15.163,0,1,1,0.324
1426,132,-21.389,0,44,1,0.323
1427,72,-15.001,0,13,1,0.323
1428,116,-20.019,0,20,1,0.322
1429,71,-14.591,0,21,1,0.322
1430,37,-16.935,0,10,1,0.321
1431,5,-14.71,0,0,1,0.321
1432,233,-26.222,0,84,1,0.32
1433,176,-22.43,0,37,1,0.32
1434,117,-20.054,0,50,1,0.319
1435,21,-14.497,0,8,1,0.319
1436,184,-18.591,1,79,1,0.318
1437,45,-16.186,0,20,1,0.318
1438,46,-17.237,0,23,1,0.317
1439,92,-20.61,0,35,1,0.317
1440,128,-19.039,0,36,1,0.316
1441,37,-12.848,0,15,1,0.316
1442,400,-25.127,1,143,0,0.316
1443,40,-11.817,0,9,1,0.315
1444,61,-14.271,0,10,1,0.315
1445,104,-17.534,0,31,1,0.314
1446,108,-19.178,0,23,1,0.314
1447,37,-13.008,0,8,1,0.313
1448,217,-23.101,0,72,1,0.313
1449,11,-13.886,0,4,1,0.312
1450,126,-17.612,0,29,1,0.312
1451,11,-15.172,0,7,1,0.311
1452,89,-7.103,0,20,0,0.311
1453,47,-13.423,0,11,1,0.31
1454,14,-14.982,0,1,1,0.31
1455,101,-18.207,0,28,1,0.309
1456,94,-15.432,0,21,1,0.309
1457,70,-14.856,0,21,1,0.308
1458,7,-10.921,0,0,1,0.308
1459,32,-15.326,0,8,1,0.307
1460,134,-23.309,0,62,1,0.307
1461,9,-11.475,0,2,1,0.306
1462,24,-11.676,0,4,1,0.306
1463,108,-17.623,0,35,1,0.306
1464,65,-17.538,0,23,1,0.305
1465,217,-23.082,0,98,1,0.305
1466,72,-17.934,0,11,1,0.304
1467,9,-11.481,0,2,1,0.304
1468,204,-22.868,1,66,1,0.303
1469,45,-11.029,0,3,0,0.303
1470,20,-11.203,0,3,1,0.302
1471,140,-20.232,2,40,1,0.302
1472,308,-24.795,2,103,1,0.301
1473,77,-17.922,0,16,1,0.301
1474,65,-16.297,0,15,1,0.3
1475,51,-17.033,0,15,1,0.3
1476,241,-25.7,0,75,1,0.299
1477,400,-20.393,1,135,0,0.299
1478,104,-16.514,1,31,1,0.298
1479,87,-13.439,0,18,1,0.298
1480,47,-15.853,0,7,1,0.297
1481,105,-19.389,1,39,1,0.297
1482,141,-18.602,0,25,1,0.297
1483,155,-16.972,1,49,1,0.296
1484,127,-19.413,0,29,1,0.296
1485,127,-16.642,0,40,1,0.295
1486,45,-7.376,0,5,1,0.295
1487,63,-15.03,1,16,1,0.294
1488,107,-18.667,0,30,1,0.294
1489,210,-20.056,0,66,1,0.293
1490,39,-16.125,0,9,1,0.293
1491,79,-15.144,0,23,1,0.292
1492,101,-14.801,0,18,1,0.292
1493,19,-12.245,0,4,1,0.291
1494,233,-23.69,1,80,1,0.291
1495,28,-13.158,0,7,1,0.29
1496,251,-23.922,0,79,1,0.29
1497,24,-13.854,0,9,1,0.289
1498,86,-18.446,0,32,1,0.289
1499,88,-13.942,0,17,1,0.288
1500,28,-11.852,0,0,1,0.288
1501,159,-18.147,1,27,1,0.287
1502,59,-17.298,0,8,1,0.287
1503,38,-16.65,0,11,1,0.287
1504,67,-17.352,0,16,1,0.286
1505,21,-16.342,0,5,1,0.286
1506,153,-20.713,0,60,1,0.285
1507,102,-17.906,0,34,1,0.285
1508,230,-13.931,0,53,0,0.284
1509,26,-12.15,0,1,1,0.284
1510,5,-14.885,0,1,1,0.283
1511,27,-13.937,0,6,1,0.283
1512,169,-20.804,0,79,1,0.282
1513,89,-13.789,0,16,1,0.282
1514,18,-14.109,0,4,1,0.281
1515,42,-14.377,0,16,1,0.281
1516,194,-22.566,1,79,1,0.28
1517,5,-15.436,0,1,1,0.28
1518,107,-15.879,0,36,1,0.279
1519,65,-15.419,0,10,1,0.279
1520,235,-16.639,2,41,1,0.278
1521,65,-15.053,0,20,1,0.278
1522,139,-18.048,1,35,1,0.278
1523,193,-21.71,1,42,1,0.277
1524,91,-15.674,0,21,1,0.277
1525,137,-16.852,1,25,1,0.276
1526,10,-10.027,0,1,1,0.276
1527,5,-13.287,0,1,1,0.275
1528,71,-14.777,0,9,1,0.275
1529,5,-14.649,0,0,1,0.274
1530,89,-16.276,1,17,1,0.274
1531,98,-18.849,0,32,1,0.273
1532,103,-15.123,0,19,1,0.273
1533,5,-13.293,0,1,1,0.272
1534,50,-13.729,0,20,1,0.272
1535,161,-21.655,0,51,1,0.271
1536,53,-12.237,0,17,1,0.271
1537,237,-18.887,1,43,1,0.27
1538,394,-35.095,0,144,1,0.27
1539,55,-16.04,0,4,1,0.269
1540,46,-14.769,0,11,1,0.269
1541,51,-13.68,0,17,1,0.268
1542,396,-32.093,1,131,1,0.268
1543,123,-13.893,0,27,1,0.268
1544,257,-20.296,1,63,1,0.267
1545,120,-18.158,0,30,1,0.267
1546,11,-14.169,0,4,1,0.266
1547,373,-25.826,1,109,1,0.266
1548,120,-18.597,0,27,1,0.265
1549,187,-14.413,0,54,1,0.265
1550,138,-10.781,1,25,1,0.264
1551,69,-10.842,1,16,1,0.264
1552,5,-14.786,0,1,1,0.263
1553,223,-23.021,1,53,1,0.263
1554,218,-16.86,2,75,0,0.262
1555,33,-13.865,0,4,1,0.262
1556,81,-8.707,0,21,0,0.261
1557,47,-17.6,0,7,1,0.261
1558,93,-14.101,0,11,1,0.26
1559,21,-10.38,0,2,1,0.26
1560,146,-18.867,0,47,1,0.259
1561,14,-14.8,0,5,1,0.259
1562,14,-11.812,0,1,1,0.259
1563,95,-16.067,1,20,1,0.258
1564,190,-18.314,0,46,1,0.258
1565,166,-21.823,0,56,1,0.257
1566,13,-13.714,0,3,1,0.257
1567,94,-17.969,0,19,1,0.256
1568,136,-14.539,1,28,1,0.256
1569,25,-13.756,1,6,1,0.255
1570,54,-17.014,1,20,1,0.255
1571,10,-11.537,0,4,1,0.254
1572,38,-12.274,0,11,1,0.254
1573,97,-17.403,0,20,1,0.253
1574,140,-21.147,0,30,1,0.253
1575,13,-11.495,0,3,1,0.252
1576,12,-10.529,0,3,1,0.252
1577,251,-19.808,2,54,1,0.251
1578,48,-17.02,0,5,1,0.251
1579,119,-19.868,0,38,1,0.25
1580,101,-19.405,0,34,1,0.25
1581,315,-25.913,0,80,1,0.249
1582,239,-21.354,0,56,1,0.249
1583,66,-16.128,0,16,1,0.249
1584,220,-23.429,0,72,1,0.248
1585,260,-18.051,1,59,0,0.248
1586,131,-11.731,1,13,1,0.247
1587,43,-14.081,0,7,1,0.247
1588,51,-15.457,0,25,1,0.246
1589,10,-14.183,0,5,1,0.246
1590,220,-24.459,0,86,1,0.245
1591,30,-12.107,0,3,1,0.245
1592,25,-14.704,0,3,1,0.244
1593,108,-18.706,0,26,1,0.244
1594,42,-14.766,0,13,1,0.243
1595,197,-20.506,0,51,1,0.243
1596,86,-14.777,0,15,1,0.242
1597,57,-17.082,0,25,1,0.242
1598,5,-13.399,0,0,1,0.241
1599,108,-15.694,1,29,1,0.241
1600,81,-16.542,0,17,1,0.24
1601,50,-13.89,0,9,1,0.24
1602,52,-15.429,0,16,1,0.24
1603,326,-27.508,0,83,1,0.239
1604,31,-14.345,0,5,1,0.239
1605,84,-9.866,1,10,1,0.238
1606,164,-19.223,2,35,1,0.238
1607,86,-14.308,0,13,1,0.237
1608,56,-17.241,0,18,1,0.237
1609,12,-11.968,0,2,1,0.236
1610,137,-20.12,0,34,1,0.236
1611,125,-18.481,0,24,1,0.235
1612,164,-18.34,0,28,1,0.235
1613,400,-22.03,0,99,0,0.234
1614,211,-26.373,0,81,1,0.234
1615,61,-12.441,0,9,1,0.233
1616,27,-16.417,0,7,1,0.233
1617,146,-20.331,0,49,1,0.232
1618,180,-21.387,0,51,1,0.232
1619,88,-16.569,1,10,1,0.231
1620,27,-12.462,0,11,1,0.231
1621,5,-14.735,0,1,1,0.23
1622,126,-17.307,0,14,1,0.23
1623,83,-14.488,1,18,1,0.23
1624,43,-15.187,0,13,1,0.229
1625,164,-19.17,0,43,1,0.229
1626,181,-19.154,2,68,1,0.228
1627,215,-28.142,0,104,1,0.228
1628,400,-23.663,0,160,0,0.227
1629,123,-19.995,0,43,1,0.227
1630,86,-17.013,0,20,1,0.226
1631,264,-24.78,0,45,1,0.226
1632,169,-20.646,1,47,1,0.225
1633,204,-18.545,0,38,1,0.225
1634,195,-20.606,2,47,1,0.224
1635,18,-14.966,0,12,1,0.224
1636,136,-20.039,0,46,1,0.223
1637,45,-16.136,0,14,1,0.223
1638,139,-14.694,0,31,1,0.222
1639,5,-12.822,0,2,1,0.222
1640,56,-13.432,0,5,1,0.221
1641,55,-12.717,0,9,1,0.221
1642,295,-22.86,0,39,1,0.221
1643,355,-22.352,0,94,0,0.22
1644,315,-21.862,1,62,1,0.22
1645,95,-15.629,0,30,1,0.219
1646,124,-15.605,0,28,1,0.219
1647,279,-25.274,0,89,1,0.218
1648,81,-16.312,0,13,1,0.218
1649,80,-17.539,0,16,1,0.217
1650,371,-28.203,1,114,1,0.217
1651,38,-12.215,0,7,1,0.216
1652,124,-19.278,0,53,1,0.216
1653,5,-13.165,0,0,1,0.215
1654,156,-21.813,0,29,1,0.215
1655,6,-12.442,0,3,1,0.214
1656,149,-14.874,1,21,1,0.214
1657,344,-25.234,0,97,0,0.213
1658,24,-12.452,0,3,1,0.213
1659,92,-17.706,1,19,1,0.212
1660,101,-13.831,0,33,1,0.212
1661,5,-13.292,0,1,1,0.212
1662,72,-16.804,0,20,1,0.211
1663,400,-17.928,1,137,0,0.211
1664,98,-16.147,0,9,1,0.21
1665,52,-13.966,0,12,1,0.21
1666,103,-13.886,1,33,1,0.209
1667,382,-34.618,0,118,1,0.209
1668,240,-24.1,1,75,1,0.208
1669,56,-14.688,0,12,1,0.208
1670,220,-22.076,0,64,1,0.207
1671,52,-16.733,0,12,1,0.207
1672,8,-13.317,0,1,1,0.206
1673,49,-7.528,0,5,0,0.206
1674,20,-15.487,0,2,1,0.205
1675,66,-17.666,0,30,1,0.205
1676,37,-16.436,0,3,1,0.204
1677,142,-18.009,0,36,1,0.204
1678,223,-23.986,0,41,1,0.203
1679,400,-14.579,3,105,0,0.203
1680,148,-19.144,0,36,1,0.202
1681,283,-21.694,0,104,0,0.202
1682,400,-31.047,0,97,1,0.202
1683,120,-16.475,0,41,1,0.201
1684,337,-29.217,0,114,1,0.201
1685,153,-21.15,0,36,1,0.2
1686,11,-14.908,0,1,1,0.2
1687,310,-24.004,0,62,1,0.199
1688,400,-20.297,0,124,0,0.199
1689,400,-16.738,1,143,0,0.198
1690,204,-22.04,1,53,1,0.198
1691,359,-30.92,1,111,1,0.197
1692,92,-13.864,0,11,1,0.197
1693,92,-14.042,0,8,1,0.196
1694,358,-30.415,0,118,1,0.196
1695,267,-24.416,0,55,1,0.195
1696,133,-16.69,0,16,1,0.195
1697,306,-23.904,1,81,1,0.194
1698,89,-15.481,0,25,1,0.194
1699,346,-27.805,0,59,1,0.193
1700,323,-27.637,1,81,1,0.193
1701,311,-17.477,1,62,0,0.193
1702,400,-19.773,0,100,0,0.192
1703,128,-16.083,0,24,1,0.192
1704,100,-16.617,0,16,1,0.191
1705,400,-23.773,0,150,0,0.191
1706,65,-13.466,0,7,1,0.19
1707,30,-13.174,0,8,1,0.19
1708,206,-17.35,1,41,1,0.189
1709,183,-16.2,1,33,1,0.189
1710,27,-14.111,0,6,1,0.188
1711,86,-13.192,0,27,1,0.188
1712,18,-11.647,0,4,1,0.187
1713,388,-32.477,1,110,1,0.187
1714,334,-27.641,1,76,1,0.186
1715,142,-19.072,1,19,1,0.186
1716,65,-17.627,0,8,1,0.185
1717,110,-14.987,0,28,1,0.185
1718,70,-14.008,0,19,1,0.184
1719,400,-18.159,0,87,0,0.184
1720,316,-17.948,1,80,0,0.183
1721,96,-10.283,0,10,1,0.183
1722,182,-21.316,0,27,1,0.183
1723,252,-20.4,0,60,0,0.182
1724,394,-26.703,2,83,1,0.182
1725,44,-14.431,0,3,1,0.181
1726,185,-13.185,0,64,0,0.181
1727,138,-11.296,0,13,0,0.18
1728,37,-10.373,0,7,1,0.18
1729,100,-21.585,0,34,1,0.179
1730,46,-16.341,0,6,1,0.179
1731,73,-17.461,0,6,1,0.178
1732,345,-26.473,1,37,1,0.178
1733,95,-14.844,0,9,1,0.177
1734,130,-20.068,0,13,1,0.177
1735,7,-14.913,0,0,1,0.176
1736,166,-18.591,1,27,1,0.176
1737,34,-12.157,0,3,1,0.175
1738,179,-16.309,1,32,1,0.175
1739,155,-18.874,0,41,1,0.174
1740,345,-18.492,3,93,0,0.174
1741,400,-23.237,0,165,0,0.173
1742,205,-18.527,0,34,1,0.173
1743,400,-11.519,3,47,0,0.173
1744,90,-16.168,1,26,1,0.172
1745,216,-19.959,0,37,1,0.172
1746,5,-14.604,0,0,1,0.171
1747,359,-21.274,1,75,1,0.171
1748,400,-22.902,0,94,0,0.17
1749,90,-17.654,0,18,1,0.17
1750,91,-15.736,1,13,1,0.169
1751,97,-16.085,0,7,1,0.169
1752,70,-17.05,0,17,1,0.168
1753,48,-14.325,0,13,1,0.168
1754,170,-16.306,0,23,1,0.167
1755,190,-23.142,0,65,1,0.167
1756,195,-19.486,1,35,1,0.166
1757,136,-16.149,0,29,1,0.166
1758,366,-23.441,1,83,0,0.165
1759,347,-27.603,1,111,0,0.165
1760,343,-22.464,0,98,0,0.164
1761,146,-17.008,1,23,1,0.164
1762,95,-16.234,0,10,1,0.164
1763,400,-25.813,1,156,0,0.163
1764,170,-19.858,0,25,1,0.163
1765,32,-14.06,0,11,1,0.162
1766,74,-15.941,0,15,1,0.162
1767,48,-15.278,0,19,1,0.161
1768,85,-12.026,0,5,1,0.161
1769,14,-11.375,0,0,1,0.16
1770,229,-20.687,1,48,1,0.16
1771,363,-27.642,0,111,1,0.159
1772,5,-14.8,0,0,1,0.159
1773,400,-20.993,0,108,0,0.158
1774,400,-21.034,0,115,0,0.158
1775,274,-25.109,0,37,1,0.157
1776,278,-24.888,0,35,1,0.157
1777,400,-16.629,0,114,0,0.156
1778,78,-13.081,0,4,1,0.156
1779,400,-14.305,0,42,0,0.155
1780,13,-15.053,0,1,1,0.155
1781,215,-17.042,0,19,1,0.154
1782,400,-16.365,1,73,0,0.154
1783,5,-14.982,0,1,1,0.154
1784,87,-14.241,0,8,1,0.153
1785,315,-24.608,0,44,1,0.153
1786,333,-27.151,0,84,1,0.152
1787,173,-12.004,0,29,0,0.152
1788,400,-18.074,0,65,0,0.151
1789,400,-18.3,0,75,0,0.151
1790,268,-26.436,0,43,1,0.15
1791,175,-19.481,0,20,1,0.15
1792,149,-16.018,0,10,1,0.149
1793,22,-11.581,0,1,1,0.149
1794,5,-14.699,0,0,1,0.148
1795,294,-15.077,1,58,0,0.148
1796,266,-26.691,0,89,1,0.147
1797,213,-20.56,0,30,1,0.147
1798,400,-18.065,0,98,0,0.146
1799,37,-15.032,0,2,1,0.146
1800,14,-10.026,0,1,1,0.145
1801,400,-19.968,0,113,0,0.145
1802,400,-20.085,0,88,0,0.145
1803,400,-21.296,0,95,0,0.144
1804,19,-12.017,0,1,1,0.144
1805,157,-13.438,0,11,1,0.143
1806,400,-14.382,0,54,0,0.143
1807,278,-25.181,0,63,1,0.142
1808,37,-12.417,0,1,1,0.142
1809,84,-17.526,0,5,1,0.141
1810,90,-14.676,0,7,1,0.141
1811,96,-16.579,0,9,1,0.14
1812,392,-34.972,0,95,1,0.14
1813,163,-18.712,0,43,1,0.139
1814,46,-11.239,0,0,1,0.139
1815,154,-19.856,1,6,1,0.138
1816,400,-17.21,0,75,0,0.138
1817,400,-25.189,0,172,0,0.137
1818,298,-18.446,1,51,1,0.137
1819,400,-18.355,0,65,0,0.136
1820,118,-8.253,1,9,0,0.136
1821,87,-15.671,0,10,1,0.135
1822,400,-18.294,1,109,0,0.135
1823,249,-23.053,0,22,1,0.135
1824,365,-24.818,0,32,1,0.134
1825,400,-25.687,0,132,0,0.134
1826,96,-7.1,0,16,0,0.133
1827,51,-15.254,0,4,1,0.133
1828,56,-15.337,0,13,1,0.132
1829,400,-18.408,0,43,0,0.132
1830,7,-13.684,0,0,1,0.131
1831,400,-21.64,0,113,0,0.131
1832,5,-13.154,0,0,1,0.13
1833,380,-22.16,1,72,0,0.13
1834,400,-15.456,0,72,0,0.129
1835,22,-15.264,0,5,1,0.129
1836,235,-22.666,0,48,1,0.128
1837,400,-18.042,1,76,0,0.128
1838,400,-24.227,0,115,0,0.127
1839,8,-14.857,0,0,1,0.127
1840,400,-20.476,0,76,0,0.126
1841,400,-20.166,0,99,0,0.126
1842,168,-16.423,1,21,1,0.126
1843,209,-22.799,1,39,1,0.125
1844,400,-30.336,2,55,1,0.125
1845,164,-16.207,0,39,1,0.124
1846,400,-19.219,1,102,0,0.124
1847,278,-23.06,0,46,1,0.123
1848,161,-9.772,0,3,0,0.123
1849,8,-14.714,0,0,1,0.122
1850,239,-19.354,1,26,1,0.122
1851,186,-16.246,0,10,1,0.121
1852,400,-19.591,0,116,0,0.121
1853,165,-15.227,0,10,1,0.12
1854,19,-11.489,0,1,1,0.12
1855,103,-9.834,0,5,0,0.119
1856,363,-29.093,0,40,1,0.119
1857,339,-32.506,0,124,1,0.118
1858,130,-14.737,0,7,1,0.118
1859,133,-14.237,1,11,1,0.117
1860,116,-16.235,0,13,1,0.117
1861,5,-13.434,0,0,1,0.116
1862,395,-23.618,0,55,1,0.116
1863,151,-21.288,0,18,1,0.116
1864,277,-24.61,0,52,1,0.115
1865,74,-15.316,0,9,1,0.115
1866,192,-20.082,1,23,1,0.114
1867,370,-23.23,0,49,0,0.114
1868,131,-16.202,0,8,1,0.113
1869,371,-19.618,0,65,0,0.113
1870,112,-12.719,0,12,0,0.112
1871,400,-14.009,1,48,0,0.112
1872,181,-17.407,0,59,1,0.111
1873,351,-24.306,0,31,1,0.111
1874,88,-7.817,0,6,0,0.11
1875,330,-19.916,1,52,0,0.11
1876,400,-18.702,0,66,0,0.109
1877,400,-18.094,0,27,0,0.109
1878,178,-19.032,0,14,1,0.108
1879,334,-16.321,2,39,0,0.108
1880,131,-13.685,0,10,1,0.107
1881,400,-13.518,0,33,0,0.107
1882,296,-18.466,0,32,0,0.107
1883,174,-18.219,0,8,1,0.106
1884,328,-24.877,0,28,1,0.106
1885,400,-22.362,1,106,0,0.105
1886,400,-16.884,0,32,0,0.105
1887,79,-17.318,0,6,1,0.104
1888,337,-22.317,0,41,0,0.104
1889,161,-17.366,0,18,1,0.103
1890,400,-14.498,0,31,0,0.103
1891,400,-21.969,0,87,0,0.102
1892,189,-21.066,0,7,1,0.102
1893,372,-15.28,0,26,0,0.101
1894,315,-16.799,1,20,0,0.101
1895,275,-17.577,0,14,0,0.1
1896,383,-22.408,0,30,0,0.1
1897,391,-14.557,0,39,0,0.099
1898,134,-17.96,0,25,1,0.099
1899,96,-15.742,0,11,1,0.098
1900,192,-21.954,0,3,1,0.098
1901,247,-26.349,0,60,1,0.098
1902,400,-8.111,2,40,0,0.097
1903,80,-16.727,0,0,1,0.097
1904,171,-16.859,0,7,1,0.096
1905,13,-13.508,0,1,1,0.096
1906,400,-17.983,0,78,0,0.095
1907,400,-13.635,0,29,0,0.095
1908,400,-16.814,0,31,0,0.094
1909,48,-15.041,0,2,1,0.094
1910,283,-17.788,0,41,0,0.093
1911,400,-23.097,0,65,0,0.093
1912,200,-20.43,0,7,1,0.092
1913,33,-15.784,0,0,1,0.092
1914,147,-7.572,2,10,0,0.091
1915,359,-19.535,0,33,0,0.091
1916,173,-19.119,0,6,1,0.09
1917,400,-15.115,0,28,0,0.09
1918,400,-23.77,0,58,0,0.089
1919,254,-24.884,0,77,1,0.089
1920,400,-18.596,1,57,0,0.088
1921,71,-6.072,0,0,0,0.088
1922,400,-17.885,0,68,0,0.088
1923,175,-20.739,1,13,1,0.087
1924,204,-17.624,1,16,1,0.087
1925,400,-12.857,0,23,0,0.086
1926,400,-15.795,0,53,0,0.086
1927,400,-17.032,0,82,0,0.085
1928,26,-15.491,0,1,1,0.085
1929,60,-13.557,0,10,1,0.084
1930,190,-14.53,1,12,0,0.084
1931,382,-26.968,1,50,1,0.083
1932,400,-14.663,2,67,0,0.083
1933,400,-14.781,2,68,0,0.082
1934,400,-17.649,1,33,0,0.082
1935,328,-27.847,2,38,1,0.081
1936,27,-14.088,0,0,1,0.081
1937,176,-11.152,1,23,0,0.08
1938,300,-20.368,0,59,0,0.08
1939,400,-18.803,0,38,0,0.079
1940,60,-15.118,0,1,1,0.079
1941,235,-22.477,0,49,1,0.079
1942,372,-17.7,0,27,0,0.078
1943,32,-15.971,0,0,1,0.078
1944,129,-15.718,0,3,1,0.077
1945,400,-12.864,1,22,0,0.077
1946,400,-17.558,0,54,0,0.076
1947,400,-15.633,1,31,0,0.076
1948,142,-11.61,0,4,0,0.075
1949,71,-12.634,0,3,0,0.075
1950,366,-23.635,0,25,1,0.074
1951,400,-14.193,0,26,0,0.074
1952,235,-15.381,0,33,0,0.073
1953,400,-14.503,0,49,0,0.073
1954,166,-16.178,0,16,1,0.072
1955,400,-16.242,0,21,0,0.072
1956,26,-12.703,0,0,1,0.071
1957,14,-15.547,0,0,1,0.071
1958,400,-16.562,2,38,0,0.07
1959,90,-10.27,0,5,0,0.07
1960,22,-12.45,0,8,1,0.069
1961,400,-19.506,0,18,0,0.069
1962,298,-26.117,0,22,1,0.069
1963,109,-10.065,0,3,0,0.068
1964,400,-13.001,1,70,0,0.068
1965,284,-17.922,2,9,1,0.067
1966,400,-10.72,0,37,0,0.067
1967,159,-19.038,0,14,1,0.066
1968,400,-16.083,0,26,0,0.066
1969,8,-14.752,0,0,1,0.065
1970,46,-7.572,0,2,0,0.065
1971,159,-18.24,0,13,1,0.064
1972,400,-19.461,1,53,0,0.064
1973,400,-18.912,1,22,0,0.063
1974,400,-15.003,0,61,0,0.063
1975,400,-15.822,0,17,0,0.062
1976,252,-18.64,0,30,1,0.062
1977,149,-11.922,2,17,0,0.061
1978,400,-18.624,1,48,0,0.061
1979,258,-24.569,1,13,1,0.06
1980,400,-19.464,0,56,0,0.06
1981,400,-16.619,0,4,0,0.06
1982,400,-17.236,0,39,0,0.059
1983,400,-12.997,0,18,0,0.059
1984,34,-13.124,0,2,1,0.058
1985,238,-16.137,0,23,0,0.058
1986,400,-13.511,0,51,0,0.057
1987,400,-13.811,0,26,0,0.057
1988,79,-8.312,0,1,0,0.056
1989,400,-15.452,0,47,0,0.056
1990,299,-15.138,0,20,0,0.055
1991,400,-20.42,0,30,0,0.055
1992,367,-17.74,0,12,0,0.054
1993,252,-23.834,0,13,1,0.054
1994,87,-15.681,0,2,1,0.053
1995,364,-20.233,0,41,0,0.053
1996,400,-17.499,0,52,0,0.052
1997,69,-16.802,0,2,1,0.052
1998,400,-16.249,1,29,0,0.051
1999,400,-16.644,0,21,0,0.051
2000,5,-13.334,0,0,1,0.05
2001,315,-21.78,0,21,1,0.05
2002,373,-18.859,0,26,0,0.05
2003,400,-17.688,0,9,0,0.05
2004,316,-16.534,0,17,0,0.05
2005,400,-19.197,0,30,0,0.05
2006,400,-19.098,2,72,0,0.05
2007,400,-15.986,0,28,0,0.05
2008,327,-15.83,0,19,0,0.05
2009,227,-18.403,0,3,1,0.05
2010,400,-16.894,0,27,0,0.05
2011,158,-11.571,0,2,0,0.05
2012,36,-15.533,0,0,1,0.05
2013,400,-12.599,0,9,0,0.05
2014,400,-17.157,0,15,0,0.05
2015,400,-14.892,0,9,0,0.05
2016,74,-15.164,0,0,1,0.05
2017,400,-16.696,0,16,0,0.05
2018,400,-12.733,1,28,0,0.05
2019,400,-15.648,0,35,0,0.05
2020,333,-23.125,0,12,1,0.05
2021,389,-21.758,0,19,0,0.05
2022,214,-22.141,0,12,1,0.05
2023,400,-21.404,0,72,0,0.05
2024,12,-15.509,0,0,1,0.05
2025,69,-16.593,0,0,1,0.05
2026,89,-8.346,0,10,0,0.05
2027,376,-24.526,0,42,0,0.05
2028,114,-13.17,0,4,1,0.05
2029,400,-16.909,1,26,0,0.05
2030,280,-16.705,0,3,0,0.05
2031,157,-11.845,0,5,0,0.05
2032,87,-16.463,0,5,1,0.05
2033,400,-18.296,0,49,0,0.05
2034,400,-15.595,0,20,0,0.05
2035,400,-19.464,0,28,0,0.05
2036,400,-15.679,1,19,0,0.05
2037,185,-10.824,0,1,0,0.05
2038,400,-18.02,0,64,0,0.05
2039,400,-19.508,0,49,0,0.05
2040,400,-14.303,0,13,0,0.05
2041,400,-18.036,0,30,0,0.05
2042,142,-9.752,0,6,0,0.05
2043,400,-17.059,0,27,0,0.05
2044,335,-19.038,0,12,0,0.05
2045,181,-10.222,0,3,0,0.05
2046,400,-15.995,0,15,0,0.05
2047,75,-17.909,0,1,1,0.05
2048,400,-16.554,0,16,0,0.05
2049,400,-18.691,0,25,0,0.05
2050,400,-22.17,0,23,0,0.05
2051,13,-13.518,0,0,1,0.05
2052,30,-15.781,0,1,1,0.05
2053,400,-19.267,0,39,0,0.05
2054,400,-14.719,0,38,0,0.05
2055,146,-9.551,0,3,0,0.05
2056,51,-16.327,0,1,1,0.05
2057,400,-19.098,0,36,0,0.05
2058,5,-14.702,0,0,1,0.05
2059,49,-7.284,0,3,0,0.05
2060,92,-8.996,0,5,0,0.05
2061,357,-19.283,2,51,0,0.05
2062,400,-15.165,1,47,0,0.05
2063,400,-19.385,0,65,0,0.05
2064,400,-15.198,0,19,0,0.05
2065,373,-22.662,1,32,1,0.05
2066,400,-17.977,0,35,0,0.05
2067,400,-15.273,2,32,0,0.05
2068,400,-14.371,0,35,0,0.05
2069,29,-16.368,0,1,1,0.05
2070,23,-15.279,0,0,1,0.05
2071,400,-16.621,0,36,0,0.05
2072,359,-18.116,1,17,0,0.05
2073,400,-15.536,0,16,0,0.05
2074,400,-18.861,1,43,0,0.05
2075,42,-14.268,0,0,1,0.05
2076,400,-20.673,0,15,0,0.05
2077,400,-14.862,0,19,0,0.05
2078,89,-8.768,0,1,0,0.05
2079,400,-15.331,1,45,0,0.05
2080,400,-15.518,0,48,0,0.05
2081,13,-13.479,0,0,1,0.05
2082,400,-16.888,0,26,0,0.05
2083,400,-21.501,0,14,0,0.05
2084,400,-16.717,0,17,0,0.05
2085,203,-21.14,0,5,1,0.05
2086,257,-15.379,0,5,0,0.05
2087,25,-15.848,0,0,1,0.05
2088,159,-10.649,0,2,0,0.05
2089,400,-14.99,0,20,0,0.05
2090,272,-14.398,0,13,0,0.05
2091,96,-18.261,0,1,1,0.05
2092,135,-16.693,0,3,1,0.05
2093,400,-12.672,0,9,0,0.05
2094,26,-15.421,0,0,1,0.05
2095,165,-12.934,0,5,0,0.05
2096,400,-16.454,0,4,0,0.05
2097,291,-16.37,0,18,0,0.05
2098,400,-15.882,0,8,0,0.05
2099,335,-26.941,0,10,1,0.05
2100,7,-13.64,0,1,1,0.05
2101,212,-21.717,0,5,1,0.05
2102,364,-25.707,0,23,1,0.05
2103,59,-17.301,0,1,1,0.05
2104,245,-14.36,0,4,0,0.05
2105,400,-17.993,0,14,0,0.05
2106,400,-14.561,0,27,0,0.05
2107,400,-18.548,1,28,0,0.05
2108,400,-17.629,1,23,0,0.05
2109,34,-16.072,0,0,1,0.05
2110,63,-7.212,0,0,0,0.05
2111,84,-15.71,0,4,1,0.05
2112,189,-15.412,0,18,0,0.05
2113,330,-22.385,0,33,1,0.05
2114,166,-10.631,0,3,0,0.05
2115,156,-11.922,0,2,0,0.05
2116,18,-15.145,0,0,1,0.05
2117,25,-15.54,0,0,1,0.05
2118,310,-20.995,0,3,1,0.05
2119,400,-11.473,0,15,0,0.05
2120,54,-17.102,0,1,1,0.05
2121,141,-14.697,0,10,1,0.05
2122,397,-25.837,0,25,1,0.05
2123,28,-16.488,0,1,1,0.05
2124,192,-10.353,0,3,0,0.05
2125,306,-23.387,0,30,1,0.05
2126,400,-16.427,1,29,0,0.05
2127,18,-15.147,0,0,1,0.05
2128,102,-7.878,0,2,0,0.05
2129,224,-21.882,1,10,1,0.05
2130,192,-20.107,0,5,1,0.05
2131,25,-15.79,0,0,1,0.05
2132,400,-18.593,0,18,0,0.05
2133,400,-16.795,0,17,0,0.05
2134,400,-16.948,0,5,0,0.05
2135,203,-12.101,0,9,0,0.05
2136,400,-18.956,0,31,0,0.05
2137,17,-15.201,0,1,1,0.05
2138,83,-8.509,0,5,0,0.05
2139,400,-16.597,0,17,0,0.05
2140,268,-21.469,1,10,1,0.05
2141,183,-19.709,0,11,1,0.05
2142,400,-17.679,1,21,0,0.05
2143,400,-17.071,1,42,0,0.05
2144,88,-17.564,0,2,1,0.05
2145,400,-20.653,1,83,0,0.05
2146,400,-16.255,0,54,0,0.05
2147,400,-17.114,2,17,0,0.05
2148,39,-16.757,0,3,1,0.05
2149,7,-13.403,0,1,1,0.05
2150,96,-17.982,0,4,1,0.05
2151,113,-17.166,0,5,1,0.05
2152,19,-13.734,0,0,1,0.05
2153,71,-17.787,0,0,1,0.05
2154,59,-11.455,0,1,1,0.05
2155,400,-15.329,0,31,0,0.05
2156,82,-17.226,0,5,1,0.05
2157,8,-13.257,0,0,1,0.05
2158,298,-12.67,0,13,0,0.05
2159,400,-19.038,1,31,0,0.05
2160,327,-16.778,0,19,0,0.05
2161,400,-17.599,0,26,0,0.05
2162,9,-13.291,0,0,1,0.05
2163,400,-15.352,0,46,0,0.05
2164,162,-10.594,0,7,0,0.05
2165,32,-15.769,0,0,1,0.05
2166,396,-27.499,0,40,1,0.05
2167,400,-18.322,1,63,0,0.05
2168,400,-14.802,0,7,0,0.05
2169,400,-16.965,1,9,0,0.05
2170,172,-10.504,0,9,0,0.05
2171,182,-21.637,0,5,1,0.05
2172,400,-18.447,1,11,0,0.05
2173,184,-12.446,0,4,0,0.05
2174,105,-9.47,0,0,0,0.05
2175,5,-13.39,0,0,1,0.05
2176,196,-12.131,0,8,0,0.05
2177,192,-8.39,1,3,0,0.05
2178,400,-15.379,0,35,0,0.05
2179,400,-14.585,2,32,0,0.05
2180,17,-15.328,0,1,1,0.05
2181,320,-13.591,2,17,0,0.05
2182,400,-16.714,0,14,0,0.05
2183,118,-6.138,0,8,0,0.05
2184,53,-17.62,0,2,1,0.05
2185,321,-17.281,0,3,0,0.05
2186,400,-17.809,0,23,0,0.05
2187,400,-18.616,0,50,0,0.05
2188,384,-16.505,0,11,0,0.05
2189,41,-16.128,0,0,1,0.05
2190,248,-19.512,0,18,0,0.05
2191,400,-16.708,0,11,0,0.05
2192,143,-19.762,0,1,1,0.05
2193,316,-26.451,0,18,1,0.05
2194,400,-16.812,0,23,0,0.05
2195,106,-7.439,0,10,0,0.05
2196,400,-14.619,0,11,0,0.05
2197,244,-14.017,0,3,0,0.05
2198,400,-17.635,0,48,0,0.05
2199,400,-11.25,2,25,0,0.05
2200,400,-15.302,0,12,0,0.05
2201,171,-16.577,0,9,1,0.05
2202,400,-16.445,0,12,0,0.05
2203,15,-15.144,0,0,1,0.05
2204,40,-14.49,0,1,1,0.05
2205,120,-20.258,0,3,1,0.05
2206,38,-16.318,0,1,1,0.05
2207,400,-12.658,0,8,0,0.05
2208,259,-25.23,0,9,1,0.05
2209,12,-14.934,0,0,1,0.05
2210,28,-15.247,0,0,1,0.05
2211,50,-16.474,0,2,1,0.05
2212,400,-21.439,0,17,0,0.05
2213,346,-14.804,1,10,0,0.05
2214,400,-16.448,0,12,0,0.05
2215,400,-16.669,0,20,0,0.05
2216,400,-17.74,0,7,0,0.05
2217,11,-15.05,0,0,1,0.05
2218,5,-14.604,0,0,1,0.05
2219,400,-19.738,1,34,0,0.05
2220,14,-15.69,0,1,1,0.05
2221,400,-18.318,0,17,0,0.05
2222,400,-18.761,0,28,0,0.05
2223,94,-16.862,0,3,1,0.05
2224,192,-13.157,0,10,0,0.05
2225,54,-17.01,0,0,1,0.05
2226,400,-17.499,0,34,0,0.05
2227,400,-15.817,0,20,0,0.05
2228,97,-8.561,0,0,0,0.05
2229,400,-20.015,0,21,0,0.05
2230,400,-11.986,0,9,0,0.05
2231,22,-16.338,0,1,1,0.05
2232,400,-14.385,0,6,0,0.05
2233,400,-15.457,0,19,0,0.05
2234,400,-17.385,0,47,0,0.05
2235,400,-6.623,0,13,0,0.05
2236,400,-18.487,0,16,0,0.05
2237,400,-17.927,0,9,0,0.05
2238,400,-13.374,0,9,0,0.05
2239,335,-18.419,0,15,0,0.05
2240,400,-21.725,0,24,0,0.05
2241,400,-18.82,0,86,0,0.05
2242,400,-13.793,0,22,0,0.05
2243,400,-16.812,0,21,0,0.05
2244,400,-15.919,0,14,0,0.05
2245,47,-17.093,0,0,1,0.05
2246,104,-19.54,0,2,1,0.05
2247,400,-16.145,1,22,0,0.05
2248,400,-16.556,0,20,0,0.05
2249,400,-13.546,0,11,0,0.05
2250,400,-15.418,1,3,0,0.05
2251,255,-13.807,0,7,0,0.05
2252,99,-8.691,0,2,0,0.05
2253,366,-18.225,0,21,0,0.05
2254,235,-10.61,0,5,0,0.05
2255,138,-9.293,0,0,0,0.05
2256,318,-20.724,0,19,1,0.05
2257,400,-15.374,0,15,0,0.05
2258,400,-15.946,1,19,0,0.05
2259,400,-19.064,0,37,0,0.05
2260,342,-20.467,0,9,0,0.05
2261,400,-18.964,0,19,0,0.05
2262,326,-12.901,1,27,0,0.05
2263,133,-17.701,0,4,1,0.05
2264,215,-21.554,1,21,1,0.05
2265,159,-16.442,0,4,1,0.05
2266,400,-14.298,1,10,0,0.05
2267,400,-19.813,0,26,0,0.05
2268,399,-27.484,0,14,1,0.05
2269,235,-13.067,0,6,0,0.05
2270,400,-18.367,0,7,0,0.05
2271,400,-17.837,0,47,0,0.05
2272,307,-18.652,0,26,1,0.05
2273,400,-16.37,1,40,0,0.05
2274,400,-17.783,0,57,0,0.05
2275,400,-18.422,0,14,0,0.05
2276,400,-16.012,0,10,0,0.05
2277,130,-21.452,0,24,1,0.05
2278,393,-24.492,1,31,1,0.05
2279,400,-16.68,0,9,0,0.05
2280,400,-18.395,0,34,0,0.05
2281,400,-16.813,0,30,0,0.05
2282,400,-15.568,0,7,0,0.05
2283,151,-12.128,0,6,0,0.05
2284,94,-10.076,0,8,0,0.05
2285,400,-13.025,0,17,0,0.05
2286,339,-22.088,0,12,1,0.05
2287,400,-17.802,0,14,0,0.05
2288,400,-17.317,0,19,0,0.05
2289,400,-17.916,0,25,0,0.05
2290,400,-16.099,0,13,0,0.05
2291,164,-11.136,0,7,0,0.05
2292,400,-14.113,0,25,0,0.05
2293,193,-10.102,0,3,0,0.05
2294,336,-19.076,1,28,0,0.05
2295,400,-9.362,0,42,0,0.05
2296,400,-12.937,1,59,0,0.05
2297,400,-15.218,0,28,0,0.05
2298,400,-13.581,0,28,0,0.05
2299,400,-14.962,0,5,0,0.05
2300,400,-16.811,0,6,0,0.05
2301,121,-17.45,0,40,1,0.05
2302,25,-11.633,0,1,1,0.05
2303,169,-16.31,0,5,1,0.05
2304,391,-25.929,0,18,1,0.05
2305,257,-17.207,0,6,0,0.05
2306,400,-14.386,0,6,0,0.05
2307,400,-13.614,0,40,0,0.05
2308,400,-16.3,0,4,0,0.05
2309,344,-23.238,0,10,1,0.05
2310,400,-19.752,0,30,0,0.05
2311,400,-20.241,0,47,0,0.05
2312,355,-18.413,1,12,0,0.05
2313,176,-20.877,0,24,1,0.05
2314,400,-19.849,0,31,0,0.05
2315,180,-20.147,0,4,1,0.05
2316,132,-10.68,0,3,0,0.05
2317,400,-17.645,0,10,0,0.05
2318,400,-15.244,1,24,0,0.05
2319,236,-15.542,0,9,0,0.05
2320,17,-15.298,0,6,1,0.05
2321,400,-17.159,0,32,0,0.05
2322,400,-16.4,0,35,0,0.05
2323,400,-13.532,1,27,0,0.05
2324,225,-11.155,0,16,0,0.05
2325,257,-14.156,0,8,0,0.05
2326,299,-17.418,0,16,0,0.05
2327,400,-16.248,0,14,0,0.05
2328,400,-15.261,2,10,0,0.05
2329,324,-23.973,0,28,1,0.05
2330,225,-13.728,0,7,0,0.05
2331,367,-20.761,1,8,1,0.05
2332,400,-19.204,0,37,0,0.05
2333,400,-23.52,0,36,0,0.05
2334,400,-17.113,0,30,0,0.05
2335,400,-14.803,0,57,0,0.05
2336,400,-15.728,1,38,0,0.05
2337,329,-23.381,0,15,1,0.05
2338,400,-14.879,0,19,0,0.05
2339,400,-13.002,2,37,0,0.05
2340,400,-14.676,0,9,0,0.05
2341,267,-22.664,0,13,1,0.05
2342,400,-16.807,0,26,0,0.05
2343,400,-19.768,0,31,0,0.05
2344,400,-17.576,0,49,0,0.05
2345,400,-11.689,0,21,0,0.05
2346,398,-28.482,0,81,1,0.05
2347,48,-8.181,0,2,0,0.05
2348,400,-12.323,0,36,0,0.05
2349,232,-17.295,0,9,1,0.05
2350,400,-15.42,0,25,0,0.05
2351,400,-14.952,0,40,0,0.05
2352,371,-18.367,0,18,0,0.05
2353,181,-16.033,0,3,1,0.05
2354,400,-20.599,1,59,0,0.05
2355,400,-14.245,0,22,0,0.05
2356,400,-16.289,2,16,0,0.05
2357,400,-16.337,0,16,0,0.05
2358,400,-12.047,0,13,0,0.05
2359,400,-16.904,0,31,0,0.05
2360,400,-14.676,1,18,0,0.05
2361,400,-11.766,0,14,0,0.05
2362,140,-17.771,0,5,1,0.05
2363,336,-24.027,0,21,1,0.05
2364,400,-16.047,0,26,0,0.05
2365,309,-24.694,0,12,1,0.05
2366,400,-20.271,0,13,0,0.05
2367,400,-15.918,2,26,0,0.05
2368,400,-18.192,1,39,0,0.05
2369,140,-8.388,0,5,0,0.05
2370,400,-12.238,0,27,0,0.05
2371,400,-16.579,0,45,0,0.05
2372,400,-14.606,1,6,0,0.05
2373,400,-19.935,0,79,0,0.05
2374,400,-18.062,0,32,0,0.05
2375,166,-9.997,1,33,0,0.05
2376,49,-15.237,0,4,1,0.05
2377,400,-14.251,0,10,0,0.05
2378,400,-15.905,2,59,0,0.05
2379,400,-12.947,0,11,0,0.05
2380,400,-19.009,0,33,0,0.05
2381,400,-13.879,1,24,0,0.05
2382,400,-12.955,0,19,0,0.05
2383,400,-14.339,0,16,0,0.05
2384,400,-17.114,0,28,0,0.05
2385,7,-15.12,0,5,1,0.05
2386,400,-12.001,0,11,0,0.05
2387,400,-16.372,2,13,0,0.05
2388,400,-15.713,1,32,0,0.05
2389,400,-11.629,0,10,0,0.05
2390,245,-8.306,2,10,0,0.05
2391,400,-17.432,0,35,0,0.05
2392,400,-11.876,0,19,0,0.05
2393,400,-16.539,1,30,0,0.05
2394,400,-14.734,0,14,0,0.05
2395,38,-7.126,0,6,0,0.05
2396,400,-11.304,1,36,0,0.05
2397,395,-27.85,0,47,1,0.05
2398,400,-20.491,0,65,0,0.05
2399,400,-14.597,0,15,0,0.05
2400,376,-12.854,1,31,0,0.05
2401,400,-17.4,0,67,0,0.05
2402,168,-11.156,1,22,0,0.05
2403,400,-15.512,1,23,0,0.05
2404,400,-17.894,1,14,0,0.05
2405,86,-8.457,0,6,0,0.05
2406,400,-12.546,1,13,0,0.05
2407,400,-11.502,0,12,0,0.05
2408,143,-9.636,0,12,0,0.05
2409,400,-12.324,1,36,0,0.05
2410,138,-16.525,0,11,1,0.05
2411,214,-15.136,2,15,1,0.05
2412,333,-18.206,0,11,1,0.05
2413,289,-12.314,0,8,0,0.05
2414,106,-10.536,0,7,0,0.05
2415,319,-24.694,1,55,1,0.05
2416,400,-17.062,0,15,0,0.05
2417,400,-16.123,0,52,0,0.05
2418,400,-21.642,0,164,0,0.05
2419,400,-14.013,1,41,0,0.05
2420,400,-7.098,3,20,0,0.05
2421,103,-12.756,0,12,1,0.05
2422,172,-12.379,0,18,0,0.05
2423,400,-11.233,1,21,0,0.05
2424,400,-13.466,0,18,0,0.05
2425,152,-17.341,1,21,1,0.05
2426,400,-14.356,0,52,0,0.05
2427,400,-16.204,0,37,0,0.05
2428,93,-9.945,0,3,0,0.05
2429,400,-13.758,0,20,0,0.05
2430,400,-14.593,1,19,0,0.05
2431,400,-12.554,0,28,0,0.05
2432,400,-18.559,0,31,0,0.05
2433,400,-14.316,1,19,0,0.05
2434,394,-19.459,0,8,0,0.05
2435,369,-23.229,0,64,1,0.05
2436,400,-10.378,0,28,0,0.05
2437,84,-12.235,0,1,1,0.05
2438,400,-10.114,0,12,0,0.05
2439,400,-14.729,0,36,0,0.05
2440,400,-8.099,2,12,0,0.05
2441,199,-17.814,1,5,1,0.05
2442,400,-12.049,2,5,0,0.05
2443,400,-12.063,1,13,0,0.05
2444,267,-11.649,1,9,0,0.05
2445,55,-7.242,0,0,0,0.05
2446,400,-16.658,0,26,0,0.05
2447,302,-24.294,0,40,1,0.05
2448,5,-15.54,0,3,1,0.05
2449,400,-16.164,0,13,0,0.05
2450,400,-15.677,0,11,0,0.05
2451,150,-17.857,0,6,1,0.05
2452,246,-21.471,0,14,1,0.05
2453,400,-17.373,0,17,0,0.05
2454,390,-25.072,3,66,1,0.05
2455,400,-14.413,0,29,0,0.05
2456,284,-17.5,0,8,0,0.05
2457,400,-15.162,1,6,0,0.05
2458,365,-20.951,0,33,0,0.05
2459,153,-19.294,0,19,1,0.05
2460,400,-14.888,1,27,0,0.05
2461,144,-20.516,0,40,1,0.05
2462,313,-13.258,0,5,0,0.05
2463,70,-16.818,0,6,1,0.05
2464,63,-8.789,0,13,0,0.05
2465,385,-29.193,0,25,1,0.05
2466,400,-13.638,0,10,0,0.05
2467,400,-11.218,0,57,0,0.05
2468,400,-11.557,0,11,0,0.05
2469,400,-15.012,0,18,0,0.05
2470,400,-11.843,0,16,0,0.05
2471,311,-15.508,1,108,1,0.05
2472,326,-17.683,1,11,0,0.05
2473,362,-23.6,0,19,1,0.05
2474,268,-14.68,0,3,0,0.05
2475,400,-15.782,0,39,0,0.05
2476,400,-14.001,0,30,0,0.05
2477,66,-17.854,0,7,1,0.05
2478,229,-20.552,0,31,1,0.05
2479,400,-14.915,0,31,0,0.05
2480,400,-13.29,0,22,0,0.05
2481,400,-15.683,0,27,0,0.05
2482,76,-8.705,0,5,0,0.05
2483,400,-17.869,0,84,0,0.05
2484,129,-15.865,0,3,1,0.05
2485,400,-8.612,0,24,0,0.05
2486,400,-11.321,1,11,0,0.05
2487,343,-21.991,0,38,1,0.05
2488,400,-1.77,2,16,0,0.05
2489,379,-24.795,1,21,1,0.05
2490,400,-15.573,1,16,0,0.05
2491,267,-12.772,0,7,0,0.05
2492,400,-13.481,0,31,0,0.05
2493,400,-10.798,1,17,0,0.05
2494,318,-14.792,2,30,1,0.05
2495,400,-12.965,1,51,0,0.05
2496,400,-15.972,0,61,0,0.05
2497,400,-14.194,0,56,0,0.05
2498,400,-14.929,1,19,0,0.05
2499,400,-17.051,0,55,0,0.05
2500,400,-16.073,0,10,0,0.05
2501,199,-11.117,1,7,0,0.05
2502,400,-15.236,0,40,0,0.05
2503,70,-13.347,0,3,1,0.05
2504,138,-7.426,0,20,0,0.05
2505,353,-13.322,0,4,0,0.05
2506,400,-6.218,0,20,0,0.05
2507,400,-11.538,0,11,0,0.05
2508,400,-13.471,0,25,0,0.05
2509,400,-10.082,2,23,0,0.05
2510,400,-8.952,1,17,0,0.05
2511,400,-11.713,0,11,0,0.05
2512,400,-12.587,1,27,0,0.05
2513,400,-13.677,0,12,0,0.05
2514,120,-16.453,0,3,1,0.05
2515,372,-12.764,2,12,0,0.05
2516,201,-17.687,0,3,1,0.05
2517,400,-14.687,0,19,0,0.05
2518,197,-10.396,2,8,0,0.05
2519,400,-14.425,0,17,0,0.05
2520,400,-7.598,1,57,0,0.05
2521,131,-16.599,0,6,1,0.05
2522,201,-12.217,0,7,0,0.05
2523,400,-14.074,0,25,0,0.05
2524,400,-17.082,0,22,0,0.05
2525,50,-16.814,0,5,1,0.05
2526,117,-12.312,1,3,1,0.05
2527,400,-8.38,0,13,0,0.05
2528,198,-17.265,0,20,1,0.05
2529,113,-15.025,2,21,1,0.05
2530,400,-13.264,0,11,0,0.05
2531,62,-7.959,0,2,0,0.05
2532,400,-9.727,0,17,0,0.05
2533,400,-8.612,0,27,0,0.05
2534,400,-1.102,3,19,0,0.05
2535,400,-5.813,0,6,0,0.05
2536,400,-12.266,0,15,0,0.05
2537,245,-10.877,0,9,1,0.05
2538,400,-12.796,1,12,0,0.05
2539,240,-20.767,0,7,1,0.05
2540,400,-16.746,1,6,0,0.05
2541,400,-3.312,1,12,0,0.05
2542,400,-12.874,2,30,0,0.05
2543,6,-14.179,0,4,1,0.05
2544,400,-12.201,0,26,0,0.05
2545,400,-12.223,0,15,0,0.05
2546,146,-15.975,0,8,1,0.05
2547,400,-12.262,1,11,0,0.05
2548,400,-13.852,0,16,0,0.05
2549,397,-27.324,0,12,1,0.05
2550,400,-13.731,0,11,0,0.05
2551,400,-2.651,3,33,0,0.05
2552,233,-20.701,0,31,1,0.05
2553,400,-11.13,1,33,0,0.05
2554,306,-17.281,1,3,1,0.05
2555,5,-14.132,0,3,1,0.05
2556,400,-15.516,0,4,0,0.05
2557,135,-10.257,0,2,0,0.05
2558,400,-7.907,0,4,0,0.05
2559,400,-11.09,0,26,0,0.05
2560,400,-13.105,1,25,0,0.05
2561,125,-9.749,0,3,0,0.05
2562,400,-13.188,0,24,0,0.05
2563,94,-15.436,0,4,1,0.05
2564,290,-17.33,0,10,1,0.05
2565,400,-12.124,1,8,0,0.05
2566,217,0.653,5,10,0,0.05
2567,400,-16.447,0,15,0,0.05
2568,362,-22.341,1,34,1,0.05
2569,400,0.29,2,5,0,0.05
2570,273,-15.896,1,17,1,0.05
2571,400,-1.982,3,21,0,0.05
2572,400,-9.105,0,10,0,0.05
2573,328,-13.745,1,11,1,0.05
2574,222,-16.492,0,6,1,0.05
2575,153,-17.143,0,10,1,0.05
2576,365,-20.929,1,43,1,0.05
2577,303,-14.252,0,12,1,0.05
2578,346,-23.178,1,20,1,0.05
2579,320,-16.665,0,9,0,0.05
2580,161,-13.451,0,7,0,0.05
2581,172,-15.519,0,8,1,0.05
2582,160,-15.339,0,7,1,0.05
2583,400,-12.418,0,24,0,0.05
2584,257,-17.931,0,5,1,0.05
2585,400,-10.18,0,15,0,0.05
2586,400,-16.769,0,21,0,0.05
2587,400,-13.045,0,40,0,0.05
2588,400,-7.188,1,6,0,0.05
2589,400,-8.347,0,9,0,0.05
2590,294,-13.997,0,7,0,0.05
2591,400,-11.927,0,15,0,0.05
2592,400,-13.083,1,34,0,0.05
2593,400,-11.808,1,16,0,0.05
2594,115,-9.894,0,4,1,0.05
2595,394,-13.979,1,11,1,0.05
2596,45,-10.174,0,1,1,0.05
2597,400,-16.676,0,14,0,0.05
2598,400,-10.921,0,14,0,0.05
2599,400,-12.343,0,23,0,0.05
2600,400,-12.68,2,17,0,0.05
2601,39,-10.233,0,0,1,0.05
2602,400,-11.098,1,11,0,0.05
2603,400,-2.197,2,23,0,0.05
2604,400,-12.879,1,10,0,0.05
2605,100,-19.931,0,5,1,0.05
2606,386,-26.7,1,21,1,0.05
2607,209,-13.375,0,18,0,0.05
2608,174,-12.21,0,8,0,0.05
2609,400,-13.45,0,19,0,0.05
2610,400,-12.304,0,25,0,0.05
2611,400,-10.663,1,16,0,0.05
2612,400,-6.597,2,33,0,0.05
2613,400,-11.702,0,12,0,0.05
2614,400,-12.63,0,21,0,0.05
2615,75,-13.427,0,3,1,0.05
2616,400,-12.837,0,9,0,0.05
2617,400,-11.597,0,24,0,0.05
2618,400,-12.913,0,9,0,0.05
2619,250,-20.932,1,9,1,0.05
2620,242,-20.056,0,6,1,0.05
2621,89,-17.098,0,5,1,0.05
2622,41,-16.206,0,4,1,0.05
2623,400,-7.543,2,14,0,0.05
2624,400,-9.149,1,14,0,0.05
2625,400,-17.229,0,11,0,0.05
2626,400,-16.308,1,48,0,0.05
2627,400,-12.96,1,17,0,0.05
2628,400,-3.817,3,22,0,0.05
2629,336,-19.329,0,29,1,0.05
2630,400,-17.101,0,20,0,0.05
2631,400,-10.101,0,20,0,0.05
2632,400,-7.318,1,32,0,0.05
2633,400,-16.048,0,30,0,0.05
2634,400,-16.425,0,18,0,0.05
2635,236,-14.058,0,20,1,0.05
2636,263,-17.097,0,15,1,0.05
2637,400,-11.884,0,13,0,0.05
2638,400,-7.704,1,21,0,0.05
2639,400,-16.787,0,13,0,0.05
2640,400,-8.57,0,12,0,0.05
2641,383,-17.856,2,27,1,0.05
2642,400,-10.627,0,10,0,0.05
2643,400,-10.066,1,12,0,0.05
2644,396,-23.127,1,9,1,0.05
2645,218,-22.487,0,5,1,0.05
2646,400,-8.513,0,10,0,0.05
2647,400,-11.091,0,14,0,0.05
2648,400,-10.633,2,7,0,0.05
2649,400,-4.98,0,23,0,0.05
2650,400,-8.479,0,11,0,0.05
2651,400,-14.541,0,19,0,0.05
2652,400,-11.748,1,11,0,0.05
2653,297,-7.121,2,9,0,0.05
2654,400,-8.294,0,12,0,0.05
2655,11,-13.701,0,3,1,0.05
2656,400,-7.941,0,13,0,0.05
2657,400,-7.402,0,9,0,0.05
2658,176,-10.79,1,3,0,0.05
2659,400,-12.839,2,14,0,0.05
2660,271,-15.412,0,7,0,0.05
2661,322,-19.677,0,17,1,0.05
2662,144,-8.349,0,1,0,0.05
2663,400,-9.985,1,17,0,0.05
2664,264,-9.661,2,6,1,0.05
2665,343,-15.146,3,15,1,0.05
2666,400,-9.749,2,11,0,0.05
2667,400,-14.284,0,6,0,0.05
2668,232,-11.421,0,11,0,0.05
2669,400,-12.126,0,13,0,0.05
2670,400,-8.233,2,42,0,0.05
2671,126,-13.984,1,2,1,0.05
2672,400,-5.166,1,23,0,0.05
2673,247,-15.228,2,20,1,0.05
2674,400,-11.132,1,33,0,0.05
2675,400,-15.594,0,55,0,0.05
2676,320,-20.578,0,37,1,0.05
2677,191,-12.562,0,13,1,0.05
2678,400,-19.552,0,56,0,0.05
2679,400,-12.324,0,24,0,0.05
2680,95,-8.635,0,2,0,0.05
2681,400,-7.645,0,15,0,0.05
2682,400,-8.154,0,28,0,0.05
2683,400,-10.228,1,16,0,0.05
2684,74,-14.792,1,4,1,0.05
2685,400,-14.223,0,45,0,0.05
2686,400,-9.334,0,24,0,0.05
2687,400,-5.935,2,10,0,0.05
2688,400,-12.765,1,26,0,0.05
2689,255,-17.892,3,12,1,0.05
2690,400,-8.295,0,21,0,0.05
2691,400,-10.435,0,36,0,0.05
2692,400,-15.232,0,35,0,0.05
2693,400,-11.071,1,54,0,0.05
2694,323,-23.7,0,13,1,0.05
2695,170,-14.598,1,3,1,0.05
2696,400,-11.968,0,24,0,0.05
2697,400,-11.362,0,9,0,0.05
2698,357,-20.206,2,6,1,0.05
2699,400,-4.366,0,10,0,0.05
2700,220,-11.163,0,4,0,0.05
2701,230,-17.263,0,11,1,0.05
2702,211,-9.379,2,10,1,0.05
2703,10,-15.612,0,7,1,0.05
2704,400,-15.439,0,18,0,0.05
2705,400,-7.212,1,17,0,0.05
2706,400,1.395,4,29,0,0.05
2707,286,-17.094,2,38,1,0.05
2708,242,-14.227,0,3,0,0.05
2709,391,-16.489,3,17,1,0.05
2710,260,-20.91,0,9,1,0.05
2711,55,-17.172,0,10,1,0.05
2712,255,-17.386,0,5,1,0.05
2713,400,-12.318,0,24,0,0.05
2714,400,-11.291,0,22,0,0.05
2715,400,-5.715,1,16,0,0.05
2716,178,-16.491,0,65,1,0.05
2717,16,-10.44,0,7,1,0.05
2718,400,-14.487,1,21,0,0.05
2719,198,-15.95,0,40,0,0.05
2720,7,-15.8,0,5,1,0.05
2721,400,-12.603,1,19,0,0.05
2722,386,-18.702,2,17,1,0.05
2723,400,-14.925,1,53,0,0.05
2724,400,-12.916,0,12,0,0.05
2725,400,-11.339,1,10,0,0.05
2726,107,-17.33,1,14,1,0.05
2727,61,-8.046,0,5,0,0.05
2728,400,0.67,2,16,0,0.05
2729,400,-9.578,0,16,0,0.05
2730,210,-17.084,1,20,1,0.05
2731,400,-4.883,2,24,0,0.05
2732,400,-5.955,0,25,0,0.05
2733,207,-16.37,0,11,1,0.05
2734,400,-9.062,2,10,0,0.05
2735,400,-13.683,0,13,0,0.05
2736,250,-13.322,2,12,1,0.05
2737,86,-9.842,0,2,0,0.05
2738,400,1.328,0,33,0,0.05
2739,293,-14.965,0,38,1,0.05
2740,12,-12.41,0,2,1,0.05
2741,241,-6.61,2,14,0,0.05
2742,400,-15.398,1,32,0,0.05
2743,400,-11.768,1,11,0,0.05
2744,400,-13.264,0,5,0,0.05
2745,326,-20.27,0,9,1,0.05
2746,382,-21.163,0,10,1,0.05
2747,400,-4.945,2,41,0,0.05
2748,400,-11.536,1,36,0,0.05
2749,400,-1.428,2,18,0,0.05
2750,303,-14.049,0,11,0,0.05
2751,265,-11.6,1,10,0,0.05
2752,372,-27.119,0,58,1,0.05
2753,263,-14.621,0,8,0,0.05
2754,400,-0.947,1,17,0,0.05
2755,400,-13.804,0,20,0,0.05
2756,395,-27.676,0,17,1,0.05
2757,400,-9.662,2,13,0,0.05
2758,400,-7.855,0,8,0,0.05
2759,400,-13.056,0,12,0,0.05
2760,400,-12.644,1,12,0,0.05
2761,400,-6.426,1,7,0,0.05
2762,188,-10.737,1,3,1,0.05
2763,210,-15.882,1,34,1,0.05
2764,400,-11.306,1,8,0,0.05
2765,400,-14.717,0,19,0,0.05
2766,400,-15.783,1,43,0,0.05
2767,89,-2.613,1,6,0,0.05
2768,319,-25.005,0,30,1,0.05
2769,400,-16.762,0,15,0,0.05
2770,400,-8.94,0,11,0,0.05
2771,161,-15.606,0,6,1,0.05
2772,400,-12.173,1,22,0,0.05
2773,400,-7.664,1,44,0,0.05
2774,400,-10.068,1,8,0,0.05
2775,400,-10.801,0,8,0,0.05
2776,400,-9.145,0,4,0,0.05
2777,294,-14.97,0,7,1,0.05
2778,400,-8.244,2,26,0,0.05
2779,297,-7.568,1,21,0,0.05
2780,112,-11.05,0,7,1,0.05
2781,400,-4.164,3,9,0,0.05
2782,28,-11.889,0,3,1,0.05
2783,183,-15.47,0,8,1,0.05
2784,400,-6.097,1,21,0,0.05
2785,400,-4.279,1,19,0,0.05
2786,400,-9.908,2,14,0,0.05
2787,400,-11.137,0,35,0,0.05
2788,386,-15.011,0,25,1,0.05
2789,389,-18.533,0,14,1,0.05
2790,400,-5.231,0,34,0,0.05
2791,125,-15.36,0,5,1,0.05
2792,304,-16.429,0,12,1,0.05
2793,400,-4.817,2,11,0,0.05
2794,400,-6.642,1,16,0,0.05
2795,400,-7.034,2,21,0,0.05
2796,100,-6.561,0,1,0,0.05
2797,400,-13.021,0,18,0,0.05
2798,363,-19.156,0,8,1,0.05
2799,254,-8.161,2,7,0,0.05
2800,143,-13.095,1,6,1,0.05
2801,36,-16.196,0,3,1,0.05
2802,400,-7.989,1,20,0,0.05
2803,400,-16.381,0,25,0,0.05
2804,400,-6.253,1,30,0,0.05
2805,400,-2.177,2,9,0,0.05
2806,174,-12.214,0,4,1,0.05
2807,242,-10.374,0,28,0,0.05
2808,164,-13.912,0,1,1,0.05
2809,400,2.659,2,10,0,0.05
2810,400,-14.226,0,17,0,0.05
2811,265,-13.133,1,6,1,0.05
2812,400,-9.229,0,8,0,0.05
2813,341,-17.041,0,13,0,0.05
2814,400,-6.993,1,28,0,0.05
2815,400,-11.101,1,17,0,0.05
2816,400,-1.207,2,23,0,0.05
2817,221,-18.137,1,8,1,0.05
2818,400,-3.391,0,4,0,0.05
2819,400,-7.001,2,8,0,0.05
2820,400,-1.298,1,7,0,0.05
2821,7,-11.557,0,0,1,0.05
2822,400,-6.778,0,10,0,0.05
2823,238,-21.314,0,7,1,0.05
2824,400,-4.822,1,22,0,0.05
2825,400,-6.891,2,19,0,0.05
2826,400,-3.608,1,24,0,0.05
2827,400,-13.345,0,17,0,0.05
2828,53,-11.86,0,2,1,0.05
2829,400,1.714,2,11,0,0.05
2830,268,-13.25,0,30,1,0.05
2831,210,-10.509,1,5,0,0.05
2832,383,-18.891,0,10,1,0.05
2833,244,-3.909,2,6,0,0.05
2834,87,-12.777,1,5,1,0.05
2835,345,-13.913,2,18,1,0.05
2836,400,-3.634,1,7,0,0.05
2837,400,-4.532,0,8,0,0.05
2838,400,-8.98,1,9,0,0.05
2839,400,-4.509,1,34,0,0.05
2840,400,-0.326,1,13,0,0.05
2841,400,-17.288,0,10,0,0.05
2842,400,-11.955,0,47,0,0.05
2843,120,-9.828,1,19,0,0.05
2844,400,-13.429,0,23,0,0.05
2845,239,-0.613,2,17,0,0.05
2846,400,0.459,2,7,0,0.05
2847,81,-8.398,0,5,0,0.05
2848,339,-8.609,1,9,1,0.05
2849,60,-9.607,0,0,1,0.05
2850,35,-10.232,0,0,1,0.05
2851,400,-7.492,1,14,0,0.05
2852,400,5.36,2,20,0,0.05
2853,400,-6.242,0,13,0,0.05
2854,400,-3.839,1,16,0,0.05
2855,43,-17.052,0,4,1,0.05
2856,226,-12.433,1,6,1,0.05
2857,253,-16.224,1,49,1,0.05
2858,372,-23.424,0,34,1,0.05
2859,157,-15.872,0,7,1,0.05
2860,122,-6.05,1,6,0,0.05
2861,400,-1.027,1,21,0,0.05
2862,400,-6.395,0,16,0,0.05
2863,302,-14.403,2,15,1,0.05
2864,273,-10.291,1,13,1,0.05
2865,400,-0.662,2,17,0,0.05
2866,400,-6.188,0,12,0,0.05
2867,400,-6.807,1,34,0,0.05
2868,300,-7.916,1,6,0,0.05
2869,115,-16.583,0,5,1,0.05
2870,400,-5.435,1,10,0,0.05
2871,216,-19.828,0,10,1,0.05
2872,400,-2.925,1,22,0,0.05
2873,400,-10.74,0,25,0,0.05
2874,23,-11.895,1,2,1,0.05
2875,400,-1.649,2,28,0,0.05
2876,149,-11.719,2,18,1,0.05
2877,400,-2.919,2,16,0,0.05
2878,63,-11.628,0,5,0,0.05
2879,18,-16.252,0,6,1,0.05
2880,80,-5.513,1,6,0,0.05
2881,400,1.56,3,12,0,0.05
2882,246,-12.947,1,8,1,0.05
2883,387,-17.138,2,14,1,0.05
2884,400,-11.424,1,34,0,0.05
2885,193,-9.279,1,22,0,0.05
2886,283,-17.468,0,10,1,0.05
2887,400,-1.975,1,17,0,0.05
2888,400,-9.922,1,27,0,0.05
2889,400,1.027,2,13,0,0.05
2890,400,-1.049,0,22,0,0.05
2891,400,-13.506,0,24,0,0.05
2892,200,-9.387,2,3,1,0.05
2893,400,-5.097,0,13,0,0.05
2894,50,-14.662,0,3,1,0.05
2895,400,10.637,3,17,0,0.05
2896,276,-14.266,2,11,1,0.05
2897,234,-15.062,0,5,0,0.05
2898,77,-19.326,0,7,1,0.05
2899,277,-19.966,1,7,1,0.05
2900,5,-15.642,0,3,1,0.05
2901,400,-9.263,1,24,0,0.05
2902,75,-8.294,0,2,0,0.05
2903,60,-16.142,0,2,1,0.05
2904,400,-1.995,2,22,0,0.05
2905,400,-5.627,1,28,0,0.05
2906,400,-8.704,1,24,0,0.05
2907,400,-6.496,0,8,0,0.05
2908,313,-9.85,2,9,1,0.05
2909,281,-14.038,2,6,1,0.05
2910,10,-16.231,0,3,1,0.05
2911,400,2.381,1,14,0,0.05
2912,400,-0.802,3,20,0,0.05
2913,400,4.132,1,11,0,0.05
2914,123,-12.891,0,2,1,0.05
2915,400,-0.756,1,7,0,0.05
2916,315,-12.877,1,9,1,0.05
2917,351,-9.097,2,7,1,0.05
2918,202,-17.14,1,7,1,0.05
2919,120,-7.49,1,4,0,0.05
2920,400,1.248,5,35,0,0.05
2921,400,-4.694,2,37,0,0.05
2922,400,-7.335,0,12,0,0.05
2923,400,-9.252,0,15,0,0.05
2924,400,-13.517,0,4,0,0.05
2925,400,8.162,2,27,0,0.05
2926,400,-8.268,0,8,0,0.05
2927,126,-9.17,2,1,1,0.05
2928,400,-2.697,3,18,0,0.05
2929,163,-8.873,1,5,1,0.05
2930,201,-17.71,0,9,1,0.05
2931,173,-12.147,0,9,1,0.05
2932,235,-4.978,3,12,1,0.05
2933,400,-8.248,0,13,0,0.05
2934,232,-7.013,3,7,1,0.05
2935,77,-13.097,0,3,1,0.05
2936,217,-13.917,0,5,1,0.05
2937,81,-13.777,0,8,1,0.05
2938,400,-7.01,1,13,0,0.05
2939,262,-7.024,2,11,1,0.05
2940,378,-20.58,0,11,1,0.05
2941,113,-12.492,1,6,1,0.05
2942,400,5.797,3,26,0,0.05
2943,102,-17.195,0,6,1,0.05
2944,400,-8.326,1,11,0,0.05
2945,187,-13.64,0,4,1,0.05
2946,400,-4.983,0,5,0,0.05
2947,60,-11.387,0,0,1,0.05
2948,400,-9.091,1,22,0,0.05
2949,400,-9.877,0,20,0,0.05
2950,400,-4.792,2,12,0,0.05
2951,94,-9.165,0,5,1,0.05
2952,400,8.196,3,12,0,0.05
2953,273,-13.971,0,13,0,0.05
2954,400,-1.6,1,6,0,0.05
2955,187,-7.881,1,9,0,0.05
2956,400,-11.928,0,20,0,0.05
2957,394,-19.86,0,19,1,0.05
2958,382,-9.863,3,10,0,0.05
2959,62,-16.936,0,7,1,0.05
2960,43,-11.027,0,1,1,0.05
2961,146,-16.418,0,7,1,0.05
2962,236,-8.838,2,15,0,0.05
2963,400,-8.131,0,7,0,0.05
2964,345,-10.172,2,18,1,0.05
2965,260,-14.817,0,8,1,0.05
2966,119,-14.392,0,1,1,0.05
2967,400,-11.021,2,82,0,0.05
2968,124,-14.933,0,3,1,0.05
2969,400,4.184,3,12,0,0.05
2970,400,-9.989,0,19,0,0.05
2971,400,-6.414,1,8,0,0.05
2972,400,1.163,3,12,0,0.05
2973,189,-4.947,2,28,0,0.05
2974,5,-15.301,0,3,1,0.05
2975,400,-11.687,0,22,0,0.05
2976,287,-3.721,3,8,1,0.05
2977,191,-12.051,1,9,0,0.05
2978,16,-14.711,0,7,1,0.05
2979,400,-10.265,0,15,0,0.05
2980,176,-15.677,1,7,1,0.05
2981,400,-0.644,1,34,0,0.05
2982,400,-3.88,1,47,0,0.05
2983,275,-1.621,2,8,0,0.05
2984,400,-2.282,2,25,0,0.05
2985,400,6.282,2,17,0,0.05
2986,187,-18.607,0,6,1,0.05
2987,123,-8.054,2,8,1,0.05
2988,400,1.759,1,21,0,0.05
2989,245,-9.283,0,7,0,0.05
2990,400,-1.243,2,13,0,0.05
2991,400,-7.921,0,19,0,0.05
2992,373,-17.581,0,37,1,0.05
2993,304,-16.809,0,11,1,0.05
2994,267,-15.116,0,23,1,0.05
2995,400,-4.963,1,16,0,0.05
2996,203,-18.785,0,11,1,0.05
2997,400,-9.283,0,12,0,0.05
2998,59,-15.134,0,5,1,0.05
2999,233,-13.467,0,6,0,0.05
3000,279,-8.572,3,12,1,0.05
3001,308,-12.063,2,16,1,0.05
3002,400,1.778,2,10,0,0.05
3003,400,-3.693,0,7,0,0.05
3004,400,-6.675,0,15,0,0.05
3005,9,-16.055,0,3,1,0.05
3006,198,-10.58,0,2,1,0.05
3007,78,-7.688,0,2,0,0.05
3008,400,-0.599,1,12,0,0.05
3009,400,-10.881,1,19,0,0.05
3010,400,-8.451,1,43,0,0.05
3011,400,-8.096,0,13,0,0.05
3012,109,-17.74,0,13,1,0.05
3013,102,-11.412,0,2,1,0.05
3014,213,-17.966,0,5,1,0.05
3015,150,-15.064,0,1,1,0.05
3016,350,-13.398,0,10,1,0.05
3017,400,-6.5,1,8,0,0.05
3018,203,-5.011,2,11,1,0.05
3019,400,4.343,3,6,0,0.05
3020,400,-7.302,2,16,0,0.05
3021,134,-15.03,0,3,1,0.05
3022,179,-12.056,0,8,1,0.05
3023,214,-10.842,1,5,0,0.05
3024,400,-0.425,2,40,0,0.05
3025,400,-11.13,1,25,0,0.05
3026,400,4.648,1,12,0,0.05
3027,400,0.946,1,7,0,0.05
3028,400,-1.703,1,11,0,0.05
3029,10,-15.932,0,6,1,0.05
3030,400,-1.929,3,15,0,0.05
3031,5,-14.997,0,3,1,0.05
3032,400,3.423,3,23,0,0.05
3033,400,2.405,2,24,0,0.05
3034,190,-11.758,0,6,0,0.05
3035,164,-8.6,1,5,1,0.05
3036,244,-12.628,0,5,0,0.05
3037,245,-14.052,0,9,0,0.05
3038,122,-8.218,1,1,0,0.05
3039,289,-14.131,0,11,0,0.05
3040,141,-11.923,0,14,1,0.05
3041,241,-4.851,2,17,0,0.05
3042,400,-3.072,1,6,0,0.05
3043,324,-11.259,2,13,1,0.05
3044,55,-12.224,0,0,1,0.05
3045,209,-4.907,1,5,1,0.05
3046,73,-15.011,0,5,1,0.05
3047,40,-16.387,0,4,1,0.05
3048,400,-1.943,0,17,0,0.05
3049,400,-5.045,2,22,0,0.05
3050,90,-11.081,1,7,1,0.05
3051,400,-1.204,1,16,0,0.05
3052,190,-13.235,0,12,1,0.05
3053,400,-0.935,0,17,0,0.05
3054,361,-15.74,0,7,1,0.05
3055,5,-13.951,0,3,1,0.05
3056,400,-4.506,3,26,0,0.05
3057,400,4.681,4,32,0,0.05
3058,243,-16.424,0,12,1,0.05
3059,400,-0.913,2,19,0,0.05
3060,312,-8.3,1,9,1,0.05
3061,138,-15.08,0,4,1,0.05
3062,400,-8.723,2,10,0,0.05
3063,400,-3.546,1,10,0,0.05
3064,400,-3.485,2,6,0,0.05
3065,114,-6.731,0,2,0,0.05
3066,116,-16.601,0,9,1,0.05
3067,400,3.303,2,26,0,0.05
3068,400,-5.379,2,19,0,0.05
3069,55,-14.527,0,3,1,0.05
3070,400,8.854,2,7,0,0.05
3071,197,-3.963,2,2,0,0.05
3072,400,-0.436,2,21,0,0.05
3073,326,-17.201,0,6,1,0.05
3074,189,-3.49,5,14,1,0.05
3075,400,-5.636,1,10,0,0.05
3076,400,-6.129,1,18,0,0.05
3077,400,-1.296,2,12,0,0.05
3078,400,4.42,3,14,0,0.05
3079,400,6.795,3,14,0,0.05
3080,224,-6.68,1,10,0,0.05
3081,182,-12.538,0,5,1,0.05
3082,234,-16.365,0,2,1,0.05
3083,93,-5.595,2,2,1,0.05
3084,220,-5.635,0,4,0,0.05
3085,372,-16.743,0,12,1,0.05
3086,244,-8.328,2,10,1,0.05
3087,45,-6.262,1,1,0,0.05
3088,313,0.503,2,18,0,0.05
3089,68,-16.493,0,3,1,0.05
3090,156,-6.639,4,3,1,0.05
3091,184,-5.433,2,20,0,0.05
3092,400,-4.557,1,17,0,0.05
3093,156,-13.003,0,33,0,0.05
3094,155,-8.813,0,5,0,0.05
3095,400,-8.397,1,35,0,0.05
3096,400,-2.876,2,24,0,0.05
3097,73,-10.524,0,2,1,0.05
3098,238,-15.914,1,14,1,0.05
3099,400,-2.288,1,29,0,0.05
3100,400,-7.404,1,13,0,0.05
3101,94,-16.007,1,15,1,0.05
3102,190,-17.566,0,24,1,0.05
3103,98,-18.005,0,7,1,0.05
3104,10,-15.255,0,4,1,0.05
3105,195,-6.717,2,6,1,0.05
3106,400,-6.363,1,67,0,0.05
3107,400,-7.117,1,67,0,0.05
3108,7,-15.243,0,4,1,0.05
3109,261,-10.68,0,16,1,0.05
3110,331,-9.734,2,12,1,0.05
3111,381,-2.694,4,50,1,0.05
3112,400,-5.216,1,33,0,0.05
3113,400,-7.317,1,40,0,0.05
3114,253,-7.819,1,5,1,0.05
3115,192,-10.022,0,14,0,0.05
3116,400,2.311,2,31,0,0.05
3117,400,5.295,4,16,0,0.05
3118,226,-5.967,2,16,1,0.05
3119,202,-21.256,0,9,1,0.05
3120,400,-1.294,1,28,0,0.05
3121,218,-19.607,1,5,1,0.05
3122,10,-10.647,0,0,1,0.05
3123,387,-11.639,1,38,0,0.05
3124,400,2.756,2,28,0,0.05
3125,400,0.593,3,47,0,0.05
3126,203,-11.26,0,5,0,0.05
3127,7,-13.481,0,3,1,0.05
3128,362,-13.977,3,15,1,0.05
3129,92,-6.986,1,2,1,0.05
3130,400,-6.463,0,50,0,0.05
3131,400,-5.659,0,13,0,0.05
3132,360,-6.363,2,31,0,0.05
3133,400,-2.793,1,16,0,0.05
3134,400,1.854,3,8,0,0.05
3135,187,-11.022,0,8,0,0.05
3136,284,-0.646,2,28,0,0.05
3137,7,-15.361,0,3,1,0.05
3138,196,-11.061,2,4,1,0.05
3139,221,-13.228,0,9,0,0.05
3140,400,-4.142,1,21,0,0.05
3141,400,-4.587,2,42,0,0.05
3142,207,-5.695,2,7,1,0.05
3143,127,-7.499,0,2,0,0.05
3144,400,-5.088,1,12,0,0.05
3145,318,-7.158,2,9,0,0.05
3146,400,-2.399,1,6,0,0.05
3147,233,-13.119,0,8,1,0.05
3148,400,-7.396,0,37,0,0.05
3149,258,-6.168,0,19,0,0.05
3150,7,-14.765,0,1,1,0.05
3151,325,-14.59,0,22,1,0.05
3152,400,-5.834,2,11,0,0.05
3153,400,-7.342,1,10,0,0.05
3154,400,-1.602,1,23,0,0.05
3155,400,0.427,2,14,0,0.05
3156,400,-3.812,3,11,0,0.05
3157,400,-1.175,1,6,0,0.05
3158,100,-7.738,0,4,0,0.05
3159,106,-13.65,0,15,1,0.05
3160,48,-7.464,0,2,0,0.05
3161,229,-13.647,0,6,0,0.05
3162,7,-15.263,0,5,1,0.05
3163,177,-4.722,0,13,0,0.05
3164,295,-10.98,1,16,1,0.05
3165,147,-8.238,2,4,0,0.05
3166,400,-5.148,0,25,0,0.05
3167,400,-8.344,1,15,0,0.05
3168,187,-6.828,1,4,0,0.05
3169,248,-2.119,4,27,0,0.05
3170,207,-10.806,0,12,0,0.05
3171,400,5.72,3,29,0,0.05
3172,295,-12.108,1,4,1,0.05
3173,400,-6.675,0,7,0,0.05
3174,143,-13.862,0,11,1,0.05
3175,146,-13.72,0,12,0,0.05
3176,12,-15.822,0,4,1,0.05
3177,400,-8.835,1,46,0,0.05
3178,107,-9.431,0,5,0,0.05
3179,400,-2.145,2,42,0,0.05
3180,139,-9.938,0,17,0,0.05
3181,88,-7.324,1,12,0,0.05
3182,121,-9.703,0,6,0,0.05
3183,328,-15.208,0,13,1,0.05
3184,209,-8.944,1,17,0,0.05
3185,88,-12.951,0,2,1,0.05
3186,213,-10.512,3,15,1,0.05
3187,211,-19.432,1,8,1,0.05
3188,127,-15.208,0,15,1,0.05
3189,43,-15.365,0,2,1,0.05
3190,241,-9.774,0,2,0,0.05
3191,400,-6.202,1,17,0,0.05
3192,261,-9.292,0,5,0,0.05
3193,264,-12.651,4,33,1,0.05
3194,266,-16.879,0,12,1,0.05
3195,5,-14.791,0,1,1,0.05
3196,103,-18.328,0,24,1,0.05
3197,134,-16.321,0,2,1,0.05
3198,227,-14.633,0,5,0,0.05
3199,186,-13.511,0,4,1,0.05
3200,174,-15.891,0,4,1,0.05
3201,400,-4.394,1,36,0,0.05
3202,400,-5.452,0,41,0,0.05
3203,314,-5.992,4,7,1,0.05
3204,360,-7.084,2,9,1,0.05
3205,400,-6.675,1,31,0,0.05
3206,237,-12.851,0,9,1,0.05
3207,400,-3.865,1,4,0,0.05
3208,108,-7.751,0,3,0,0.05
3209,212,-16.925,1,5,1,0.05
3210,315,-10.34,0,10,1,0.05
3211,400,-9.979,0,31,0,0.05
3212,108,-12.038,0,1,1,0.05
3213,188,-11.746,1,4,0,0.05
3214,112,-8.983,1,2,0,0.05
3215,400,-9.882,0,29,0,0.05
3216,360,-13.067,2,8,1,0.05
3217,288,-18.037,0,25,1,0.05
3218,30,-10.525,0,0,1,0.05
3219,77,-15.268,0,1,1,0.05
3220,400,-2.79,0,28,0,0.05
3221,129,-19.859,0,4,1,0.05
3222,143,-8.388,2,3,1,0.05
3223,325,-12.355,1,16,0,0.05
3224,395,-12.249,2,29,1,0.05
3225,213,-5.057,0,9,0,0.05
3226,129,-13.475,1,5,1,0.05
3227,258,-15.523,0,8,1,0.05
3228,119,-8.021,1,8,0,0.05
3229,57,-5.26,0,1,0,0.05
3230,400,-15.538,0,36,0,0.05
3231,400,-2.271,2,42,0,0.05
3232,38,-10.464,0,1,1,0.05
3233,400,-13.087,0,30,0,0.05
3234,291,-21.052,0,14,1,0.05
3235,400,-9.106,0,41,0,0.05
3236,122,-8.244,1,1,1,0.05
3237,110,-17.607,0,2,1,0.05
3238,239,-8.541,1,39,0,0.05
3239,192,-1.23,0,2,0,0.05
3240,330,-6.496,2,23,1,0.05
3241,357,-11.413,2,12,1,0.05
3242,400,13.494,7,56,0,0.05
3243,359,-18.519,1,26,1,0.05
3244,33,-13.831,0,0,1,0.05
3245,100,-16.903,0,4,1,0.05
3246,400,-16.362,0,36,0,0.05
3247,400,7.387,3,6,0,0.05
3248,319,-14.341,0,31,0,0.05
3249,361,-12.152,0,14,0,0.05
3250,53,-16.434,0,4,1,0.05
3251,400,-11.737,0,11,0,0.05
3252,400,-8.441,0,26,0,0.05
3253,128,-13.267,2,16,1,0.05
3254,204,-10.068,0,23,0,0.05
3255,39,-11.587,0,0,1,0.05
3256,124,-16.945,0,16,1,0.05
3257,289,-16.783,2,17,1,0.05
3258,230,-8.108,1,20,0,0.05
3259,400,-5.233,1,16,0,0.05
3260,121,-17.844,0,5,1,0.05
3261,400,-1.251,2,44,0,0.05
3262,400,-0.614,2,6,0,0.05
3263,236,-16.694,1,31,1,0.05
3264,400,6.638,5,18,0,0.05
3265,90,-11.163,0,6,1,0.05
3266,400,-0.52,2,32,0,0.05
3267,400,-3.864,1,7,0,0.05
3268,400,-0.709,2,14,0,0.05
3269,297,-18.021,0,47,1,0.05
3270,163,-11.757,0,22,0,0.05
3271,78,-6.891,0,4,0,0.05
3272,105,-10.412,1,13,1,0.05
3273,193,-13.411,0,2,0,0.05
3274,400,-2.403,1,19,0,0.05
3275,123,-18.094,0,5,1,0.05
3276,144,-7.397,1,3,1,0.05
3277,400,-6.192,1,23,0,0.05
3278,400,-6.071,0,14,0,0.05
3279,400,-8.194,1,27,0,0.05
3280,400,-1.194,4,64,0,0.05
3281,323,-14.669,1,35,1,0.05
3282,17,-15.12,0,0,1,0.05
3283,114,-12.792,0,3,1,0.05
3284,355,-15.343,2,17,1,0.05
3285,400,7.82,3,9,0,0.05
3286,99,-15.709,0,1,1,0.05
3287,126,-5.518,0,11,0,0.05
3288,382,-15.182,3,56,1,0.05
3289,8,-15.222,0,4,1,0.05
3290,367,-14.742,0,31,1,0.05
3291,301,-17.41,0,46,1,0.05
3292,400,-6.622,2,25,0,0.05
3293,213,-14.579,1,44,1,0.05
3294,400,-5.097,2,33,0,0.05
3295,400,-2.044,1,55,0,0.05
3296,47,-15.917,0,1,1,0.05
3297,248,-1.603,1,7,0,0.05
3298,33,-14.124,0,1,1,0.05
3299,362,-11.725,1,24,1,0.05
3300,400,-6.407,0,16,0,0.05
3301,400,-12.452,0,27,0,0.05
3302,110,-9.567,0,3,0,0.05
3303,400,-2.941,2,19,0,0.05
3304,189,-10.582,0,5,0,0.05
3305,100,-9.812,2,3,1,0.05
3306,346,-11.868,2,26,1,0.05
3307,400,-9.865,1,14,0,0.05
3308,326,-13.303,0,68,0,0.05
3309,400,-6.854,2,14,0,0.05
3310,272,-8.119,2,3,0,0.05
3311,392,-16.477,3,21,1,0.05
3312,285,-12.948,1,11,0,0.05
3313,400,-9.162,1,16,0,0.05
3314,56,-14.957,0,0,1,0.05
3315,383,-10.153,0,19,0,0.05
3316,297,-22.677,0,12,1,0.05
3317,182,-7.652,0,6,0,0.05
3318,94,-17.274,0,4,1,0.05
3319,259,-5.08,4,18,0,0.05
3320,200,-4.537,0,16,0,0.05
3321,152,-6.588,0,10,0,0.05
3322,17,-14.346,0,9,1,0.05
3323,400,0.708,2,41,0,0.05
3324,400,-10.115,1,31,0,0.05
3325,49,-12.515,1,6,1,0.05
3326,226,-22.952,0,7,1,0.05
3327,229,-9.839,0,8,1,0.05
3328,400,-12.285,0,9,0,0.05
3329,321,-17.602,1,2,1,0.05
3330,294,-5.274,5,34,1,0.05
3331,184,-12.405,0,9,1,0.05
3332,307,-14.387,1,21,1,0.05
3333,223,-11.072,1,8,1,0.05
3334,400,-6.978,0,35,0,0.05
3335,400,-4.682,4,29,0,0.05
3336,128,-15.985,1,17,1,0.05
3337,400,-1.658,3,44,0,0.05
3338,400,-1.427,2,49,0,0.05
3339,62,-8.291,0,1,0,0.05
3340,10,-14.914,0,1,1,0.05
3341,400,-7.939,0,8,0,0.05
3342,300,-11.07,1,7,1,0.05
3343,400,0.442,4,42,0,0.05
3344,337,-11.097,0,8,1,0.05
3345,167,-9.42,1,13,1,0.05
3346,104,-13.963,0,5,1,0.05
3347,400,-7.888,2,31,0,0.05
3348,400,-5.93,1,11,0,0.05
3349,219,-10.55,2,13,1,0.05
3350,89,-18.185,0,1,1,0.05
3351,44,-18.607,0,31,1,0.05
3352,96,-6.895,0,3,0,0.05
3353,400,-10.542,1,24,0,0.05
3354,400,-10.2,0,72,0,0.05
3355,392,-13.589,0,13,1,0.05
3356,17,-15.283,0,0,1,0.05
3357,400,-10.064,1,63,0,0.05
3358,400,-8.41,0,6,0,0.05
3359,400,1.661,3,13,0,0.05
3360,7,-14.878,0,2,1,0.05
3361,400,-14.926,1,43,0,0.05
3362,276,-17.506,0,14,1,0.05
3363,260,-10.892,0,18,0,0.05
3364,143,-9.566,1,5,0,0.05
3365,140,-6.325,1,5,0,0.05
3366,400,3.039,2,23,0,0.05
3367,400,-2.446,0,19,0,0.05
3368,136,-17.288,0,5,1,0.05
3369,340,-14.651,2,20,1,0.05
3370,289,-18.452,1,32,1,0.05
3371,103,-10.799,1,4,1,0.05
3372,362,-24.339,0,54,1,0.05
3373,158,-16.051,0,10,1,0.05
3374,346,-19.678,1,64,1,0.05
3375,139,-13.154,0,2,1,0.05
3376,400,-5.445,1,32,0,0.05
3377,233,-10.74,2,10,1,0.05
3378,379,-14.127,2,19,0,0.05
3379,400,-8.011,1,12,0,0.05
3380,155,-10.929,0,2,0,0.05
3381,400,-8.498,1,3,0,0.05
3382,400,0.674,3,12,0,0.05
3383,94,-8.922,0,1,0,0.05
3384,63,-16.869,0,2,1,0.05
3385,400,-0.314,1,13,0,0.05
3386,400,11.23,3,10,0,0.05
3387,400,-3.091,0,22,0,0.05
3388,393,-10.566,2,21,1,0.05
3389,367,-19.659,0,58,1,0.05
3390,400,-5.653,1,57,0,0.05
3391,318,-14.412,1,14,1,0.05
3392,400,3.07,3,13,0,0.05
3393,138,-13.03,1,0,1,0.05
3394,237,-10.9,2,11,1,0.05
3395,400,-8.357,1,22,0,0.05
3396,185,-13.607,0,6,1,0.05
3397,400,-1.836,1,27,0,0.05
3398,157,-5.034,2,14,0,0.05
3399,400,2.502,2,19,0,0.05
3400,400,2.517,2,5,0,0.05
3401,66,-5.044,0,7,0,0.05
3402,400,-0.401,3,23,0,0.05
3403,107,-8.077,0,1,0,0.05
3404,400,-7.403,3,52,0,0.05
3405,81,-18.255,0,10,1,0.05
3406,400,-8.913,1,26,0,0.05
3407,266,-16.143,0,39,0,0.05
3408,400,-11.31,2,81,0,0.05
3409,96,-7.119,0,1,0,0.05
3410,372,-19.459,2,53,1,0.05
3411,400,-8.617,1,48,0,0.05
3412,115,-5.734,1,6,0,0.05
3413,121,-8.951,0,4,0,0.05
3414,356,-11.931,1,36,0,0.05
3415,180,-9.64,0,12,0,0.05
3416,400,-3.469,0,26,0,0.05
3417,400,-2.597,1,7,0,0.05
3418,31,-14.129,0,2,1,0.05
3419,158,-15.591,0,7,1,0.05
3420,400,-2.225,1,33,0,0.05
3421,245,-7.27,0,4,0,0.05
3422,275,-15.275,0,49,1,0.05
3423,400,0.118,2,61,0,0.05
3424,400,5.602,4,24,0,0.05
3425,84,-16.517,0,1,1,0.05
3426,69,-12.344,0,6,1,0.05
3427,362,-10.548,1,20,0,0.05
3428,400,1.576,1,35,0,0.05
3429,17,-15.482,0,0,1,0.05
3430,400,-6.602,2,23,0,0.05
3431,400,-2.843,2,22,0,0.05
3432,400,-1.21,4,10,0,0.05
3433,149,-6.08,0,9,0,0.05
3434,115,-13.234,0,3,1,0.05
3435,400,-7.249,1,42,0,0.05
3436,400,-11.195,1,32,0,0.05
3437,400,-7.591,0,11,0,0.05
3438,357,-14.921,2,44,1,0.05
3439,254,-12.845,1,9,1,0.05
3440,400,-6.528,0,32,0,0.05
3441,400,-9.549,1,31,0,0.05
3442,400,-12.056,0,38,0,0.05
3443,400,-7.69,1,20,0,0.05
3444,276,-15.991,2,32,1,0.05
3445,400,-8.643,1,17,0,0.05
3446,162,-7.65,0,2,0,0.05
3447,400,2.076,2,26,0,0.05
3448,372,2.116,3,28,0,0.05
3449,46,-15.909,0,0,1,0.05
3450,72,-16.048,0,2,1,0.05
3451,400,-7.696,0,15,0,0.05
3452,400,-8.419,1,22,0,0.05
3453,5,-14.979,0,1,1,0.05
3454,152,-18.82,0,5,1,0.05
3455,400,-4.84,1,37,0,0.05
3456,400,-6.853,0,24,0,0.05
3457,155,-18.553,1,9,1,0.05
3458,400,-2.809,1,47,0,0.05
3459,112,-7.04,0,7,0,0.05
3460,400,0.136,4,22,0,0.05
3461,174,-4.252,2,10,1,0.05
3462,400,-5.02,0,32,0,0.05
3463,400,5.702,4,9,0,0.05
3464,400,-9.767,0,39,0,0.05
3465,5,-14.779,0,1,1,0.05
3466,155,-11.564,2,4,1,0.05
3467,62,-16.116,0,2,1,0.05
3468,199,-20.319,0,13,1,0.05
3469,400,-6.388,1,19,0,0.05
3470,400,-1.728,2,25,0,0.05
3471,183,-5.259,5,2,1,0.05
3472,160,-7.965,0,3,0,0.05
3473,400,-8.063,0,40,0,0.05
3474,57,-14.623,0,2,1,0.05
3475,334,-16.182,1,43,1,0.05
3476,133,-8.053,0,3,0,0.05
3477,230,-16.489,1,31,1,0.05
3478,400,-2.696,0,24,0,0.05
3479,400,-11.465,0,42,0,0.05
3480,128,-14.529,0,6,1,0.05
3481,388,-24.431,1,48,1,0.05
3482,170,-10.302,0,5,0,0.05
3483,62,-15.838,0,4,1,0.05
3484,400,-0.373,3,28,0,0.05
3485,327,-18.478,0,9,0,0.05
3486,171,-19.143,0,2,1,0.05
3487,400,-8.889,1,29,0,0.05
3488,254,-17.496,1,34,1,0.05
3489,400,-7.133,0,30,0,0.05
3490,400,-13.885,0,81,0,0.05
3491,400,-4.757,1,30,0,0.05
3492,318,-15.021,3,28,1,0.05
3493,400,-4.824,2,19,0,0.05
3494,400,-12.236,1,10,0,0.05
3495,381,-21.592,0,27,1,0.05
3496,312,-9.187,2,13,1,0.05
3497,327,-14.643,3,60,1,0.05
3498,7,-15.069,0,3,1,0.05
3499,400,-1.51,4,28,0,0.05
3500,147,-14.614,0,2,1,0.05
3501,178,-6.62,1,20,0,0.05
3502,73,-7.678,0,3,0,0.05
3503,347,-18.955,1,51,1,0.05
3504,275,-10.5,5,30,1,0.05
3505,139,-18.659,0,37,1,0.05
3506,83,-5.306,0,10,0,0.05
3507,75,-14.347,0,15,1,0.05
3508,9,-15.531,0,6,1,0.05
3509,400,-2.033,3,31,0,0.05
3510,10,-13.408,0,1,1,0.05
3511,169,-13.589,0,1,1,0.05
3512,400,-9.98,1,20,0,0.05
3513,400,-10.777,0,15,0,0.05
3514,166,-6.038,2,13,1,0.05
3515,338,-14.226,2,26,1,0.05
3516,198,-12.281,1,8,1,0.05
3517,338,-12.006,1,10,0,0.05
3518,400,-3.059,2,24,0,0.05
3519,299,-7.721,0,4,0,0.05
3520,363,-7.826,6,16,1,0.05
3521,287,-4.101,3,5,1,0.05
3522,170,-8.677,0,4,0,0.05
3523,177,-4.337,1,18,0,0.05
3524,78,-15.331,0,4,1,0.05
3525,125,-17.724,0,9,1,0.05
3526,400,-6.976,3,24,0,0.05
3527,400,-1.828,3,23,0,0.05
3528,400,2.649,1,20,0,0.05
3529,400,1.146,3,19,0,0.05
3530,400,-7.375,1,26,0,0.05
3531,400,-6.994,2,7,0,0.05
3532,400,-6.664,2,47,0,0.05
3533,124,-8.565,2,4,0,0.05
3534,288,-11.58,1,5,0,0.05
3535,219,-14.35,0,4,0,0.05
3536,125,-7.529,0,15,0,0.05
3537,59,-6.527,1,1,0,0.05
3538,200,-10.057,0,24,1,0.05
3539,59,-16.207,0,1,1,0.05
3540,400,-4.196,3,25,0,0.05
3541,321,-12.09,1,7,1,0.05
3542,170,-5.168,1,2,0,0.05
3543,271,-16.233,1,5,1,0.05
3544,192,-14.41,0,9,1,0.05
3545,338,-6.393,1,10,0,0.05
3546,318,-17.397,1,45,1,0.05
3547,88,-13.158,1,5,1,0.05
3548,14,-13.234,0,2,1,0.05
3549,9,-11.462,0,3,1,0.05
3550,197,-11.819,0,3,1,0.05
3551,285,-12.63,1,14,1,0.05
3552,52,-4.322,1,0,0,0.05
3553,340,-10.797,1,37,0,0.05
3554,143,-10.405,0,10,0,0.05
3555,400,8.081,3,20,0,0.05
3556,255,-14.284,0,19,0,0.05
3557,75,-16.829,0,2,1,0.05
3558,70,-8.74,0,0,0,0.05
3559,398,-16.098,0,17,1,0.05
3560,333,-19.929,1,56,1,0.05
3561,400,0.821,2,14,0,0.05
3562,138,-12.505,0,5,1,0.05
3563,189,-18.821,0,7,1,0.05
3564,400,-11.445,1,15,0,0.05
3565,400,-8.394,2,29,0,0.05
3566,91,-9.62,0,5,0,0.05
3567,173,-14.487,0,7,1,0.05
3568,400,-1.037,3,23,0,0.05
3569,264,-12.399,1,11,0,0.05
3570,400,-5.286,2,34,0,0.05
3571,123,-18.782,0,40,1,0.05
3572,400,-2.15,2,26,0,0.05
3573,400,-8.866,0,56,0,0.05
3574,160,-12.459,0,5,1,0.05
3575,400,-12.986,1,33,0,0.05
3576,400,-6.362,0,12,0,0.05
3577,175,-16.36,1,7,1,0.05
3578,400,-7.914,2,94,0,0.05
3579,235,-4.521,3,16,0,0.05
3580,400,-8.209,3,26,0,0.05
3581,400,-6.579,5,44,0,0.05
3582,197,-0.756,5,23,0,0.05
3583,400,-10.363,0,23,0,0.05
3584,400,-2.715,2,41,0,0.05
3585,84,-7.256,0,2,0,0.05
3586,104,-19.478,0,31,1,0.05
3587,280,-5.145,4,14,1,0.05
3588,400,-8.934,2,13,0,0.05
3589,400,-7.593,0,13,0,0.05
3590,78,-16.832,0,4,1,0.05
3591,86,-14.11,0,26,1,0.05
3592,58,-6.775,0,9,0,0.05
3593,200,-4.809,2,9,0,0.05
3594,400,-3.303,2,55,0,0.05
3595,226,-15.241,2,7,1,0.05
3596,400,-6.568,0,7,0,0.05
3597,400,-9.566,1,10,0,0.05
3598,280,-20.539,0,10,1,0.05
3599,326,-10.768,0,28,0,0.05
3600,107,-7.792,0,6,0,0.05
3601,124,-17.144,0,7,1,0.05
3602,400,-2.16,4,25,0,0.05
3603,400,-8.023,1,42,0,0.05
3604,400,-5.173,2,39,0,0.05
3605,400,-2.456,3,20,0,0.05
3606,400,1.579,4,29,0,0.05
3607,202,-8.071,1,3,0,0.05
3608,400,-3.01,0,27,0,0.05
3609,344,-4.05,6,19,1,0.05
3610,101,-17.813,0,0,1,0.05
3611,400,-7.568,3,30,0,0.05
3612,400,-5.748,1,10,0,0.05
3613,400,-8.776,2,14,0,0.05
3614,163,-8.174,1,5,0,0.05
3615,400,-5.663,0,18,0,0.05
3616,131,-10.371,0,4,0,0.05
3617,239,-13.151,0,8,0,0.05
3618,400,-1.325,4,11,0,0.05
3619,13,-15.042,0,1,1,0.05
3620,149,-9.808,0,5,0,0.05
3621,41,-17.014,0,3,1,0.05
3622,330,-11.202,3,14,1,0.05
3623,400,-9.546,0,12,0,0.05
3624,400,-14.125,0,14,0,0.05
3625,400,-7.621,0,21,0,0.05
3626,400,-14.867,0,7,0,0.05
3627,400,-11.83,0,20,0,0.05
3628,400,-5.771,3,25,0,0.05
3629,391,-20.303,0,23,1,0.05
3630,400,2.928,2,11,0,0.05
3631,400,-7.435,2,3,0,0.05
3632,400,-7.977,0,8,0,0.05
3633,400,-5.764,2,8,0,0.05
3634,240,-8.116,1,7,0,0.05
3635,400,-1.907,1,14,0,0.05
3636,400,-2.658,1,9,0,0.05
3637,400,-8.073,1,25,0,0.05
3638,400,-8.089,2,46,0,0.05
3639,296,-13.363,0,21,1,0.05
3640,183,-14.018,0,11,1,0.05
3641,197,-13.162,0,7,0,0.05
3642,400,0.072,2,22,0,0.05
3643,7,-15.494,0,2,1,0.05
3644,400,1.338,1,16,0,0.05
3645,74,-11.07,0,10,1,0.05
3646,400,-5.026,2,28,0,0.05
3647,270,-17.403,0,5,1,0.05
3648,400,-5.523,2,38,0,0.05
3649,400,-10.27,0,43,0,0.05
3650,400,-10.65,1,37,0,0.05
3651,332,-8.842,2,36,0,0.05
3652,285,-11.955,2,17,0,0.05
3653,400,-5.642,0,26,0,0.05
3654,230,-17.517,0,5,1,0.05
3655,96,-6.483,0,1,0,0.05
3656,400,-3.193,2,16,0,0.05
3657,195,-13.924,0,19,1,0.05
3658,400,-9.565,1,21,0,0.05
3659,400,-4.606,2,27,0,0.05
3660,163,-19.388,0,4,1,0.05
3661,400,-7.113,0,9,0,0.05
3662,329,-12.479,2,7,1,0.05
3663,141,-8.21,0,12,0,0.05
3664,141,-8.451,1,14,0,0.05
3665,149,-8.294,1,3,0,0.05
3666,337,-23.295,0,9,1,0.05
3667,198,-14.15,2,16,1,0.05
3668,193,-13.342,0,47,0,0.05
3669,283,-15.746,0,20,1,0.05
3670,308,-6.566,2,20,1,0.05
3671,183,-13.595,2,24,1,0.05
3672,400,-0.63,1,14,0,0.05
3673,122,-16.731,0,25,1,0.05
3674,400,1.746,1,11,0,0.05
3675,204,-8.656,0,4,0,0.05
3676,143,-11.348,1,2,1,0.05
3677,400,-14.341,2,40,0,0.05
3678,136,-5.239,0,3,0,0.05
3679,126,-18.171,0,4,1,0.05
3680,168,-10.696,0,17,0,0.05
3681,140,-8.497,3,4,1,0.05
3682,393,-12.672,3,18,1,0.05
3683,365,-8.001,6,42,1,0.05
3684,400,-9.641,1,30,0,0.05
3685,106,-11.485,0,2,1,0.05
3686,293,-3.072,3,11,1,0.05
3687,400,-9.39,0,30,0,0.05
3688,159,-9.824,1,4,0,0.05
3689,400,-0.578,3,38,0,0.05
3690,151,-18.441,1,36,1,0.05
3691,310,-14.684,2,12,1,0.05
3692,314,-10.836,1,36,0,0.05
3693,400,-10.534,1,34,0,0.05
3694,114,-13.454,1,3,1,0.05
3695,400,-3.375,1,25,0,0.05
3696,120,-12.623,1,4,1,0.05
3697,68,-16.45,0,0,1,0.05
3698,139,-8.598,3,3,1,0.05
3699,400,-9.27,2,16,0,0.05
3700,67,-4.702,1,0,0,0.05
3701,400,-3.935,2,26,0,0.05
3702,396,-16.433,3,11,1,0.05
3703,291,-18.445,0,21,1,0.05
3704,400,-7.548,1,25,0,0.05
3705,44,-16.329,0,17,1,0.05
3706,275,-16.143,0,8,1,0.05
3707,177,-11.214,0,8,0,0.05
3708,133,-13.758,0,8,1,0.05
3709,158,-8.344,0,10,0,0.05
3710,396,-13.945,3,29,1,0.05
3711,400,-12.318,1,14,0,0.05
3712,400,-6.748,1,12,0,0.05
3713,85,-14.726,1,3,1,0.05
3714,400,-4.296,1,17,0,0.05
3715,400,-9.358,0,42,0,0.05
3716,400,-2.352,2,39,0,0.05
3717,400,-10.458,2,84,0,0.05
3718,278,-7.74,2,14,1,0.05
3719,217,-18.114,0,22,1,0.05
3720,49,-8.344,0,1,0,0.05
3721,234,-18.588,0,4,1,0.05
3722,207,-14.976,0,3,1,0.05
3723,175,-10.134,0,14,0,0.05
3724,228,-6.834,5,6,1,0.05
3725,159,-19.286,0,5,1,0.05
3726,400,-12.014,0,31,0,0.05
3727,253,-15.622,2,56,0,0.05
3728,120,-4.794,0,5,0,0.05
3729,400,-1.706,3,8,0,0.05
3730,400,-2.285,2,33,0,0.05
3731,399,-13.452,0,16,0,0.05
3732,400,-6.459,2,22,0,0.05
3733,400,0.277,5,14,0,0.05
3734,400,-1.003,2,8,0,0.05
3735,55,-12.324,0,2,1,0.05
3736,371,-14.909,0,11,1,0.05
3737,400,-7.725,0,28,0,0.05
3738,400,-10.428,3,14,0,0.05
3739,129,-2.361,1,20,0,0.05
3740,400,-1.051,1,24,0,0.05
3741,400,-4.87,3,11,0,0.05
3742,400,-1.836,2,16,0,0.05
3743,400,-2.133,1,10,0,0.05
3744,90,-13.875,0,14,1,0.05
3745,141,-8.552,1,12,1,0.05
3746,400,0.424,2,5,0,0.05
3747,400,-10.949,1,22,0,0.05
3748,112,-16.394,0,5,1,0.05
3749,170,-20.35,0,5,1,0.05
3750,400,-11.089,0,24,0,0.05
3751,305,-8.084,4,15,1,0.05
3752,169,-10.604,0,44,0,0.05
3753,400,1.48,3,36,0,0.05
3754,400,-10.89,1,35,0,0.05
3755,202,-12.375,0,6,1,0.05
3756,400,0.864,2,20,0,0.05
3757,148,-17.662,0,5,1,0.05
3758,335,-15.347,2,34,1,0.05
3759,313,-9.537,0,14,0,0.05
3760,400,-12.427,1,31,0,0.05
3761,280,-11.711,2,23,1,0.05
3762,400,-1.008,1,30,0,0.05
3763,400,-5.806,1,45,0,0.05
3764,124,-8.261,1,3,0,0.05
3765,95,-6.745,0,1,0,0.05
3766,400,-2.361,2,13,0,0.05
3767,400,-6.431,1,23,0,0.05
3768,276,-12.512,1,9,1,0.05
3769,211,-12.039,0,43,0,0.05
3770,185,-9.317,0,4,0,0.05
3771,354,-10.911,3,24,1,0.05
3772,400,3.555,2,23,0,0.05
3773,146,-5.915,0,8,0,0.05
3774,400,-0.499,4,19,0,0.05
3775,400,-8.818,2,22,0,0.05
3776,93,-9.178,0,2,0,0.05
3777,110,-8.6,0,6,0,0.05
3778,317,-6.627,4,14,1,0.05
3779,400,-6.871,0,46,0,0.05
3780,72,-16.385,0,1,1,0.05
3781,5,-14.937,0,1,1,0.05
3782,400,-5.271,0,4,0,0.05
3783,389,-13.591,2,17,1,0.05
3784,238,-18.658,0,4,1,0.05
3785,113,-17.896,0,3,1,0.05
3786,400,-4.158,1,30,0,0.05
3787,213,-7.897,1,5,0,0.05
3788,219,-14.727,1,4,1,0.05
3789,400,-10.318,3,11,0,0.05
3790,34,-13.661,0,3,1,0.05
3791,318,-15.999,1,22,1,0.05
3792,400,-12.936,0,51,0,0.05
3793,400,-6.137,2,46,0,0.05
3794,46,-16.036,0,3,1,0.05
3795,243,-8.805,0,4,0,0.05
3796,400,-15.989,0,7,0,0.05
3797,45,-6.24,0,0,0,0.05
3798,297,-13.157,2,17,0,0.05
3799,205,-9.74,2,9,1,0.05
3800,121,-14.418,0,6,1,0.05
3801,38,-13.527,0,1,1,0.05
3802,142,-9.325,0,4,0,0.05
3803,80,-12.376,0,4,1,0.05
3804,400,-1.063,4,13,0,0.05
3805,332,-7.645,0,11,0,0.05
3806,320,-14.528,0,9,1,0.05
3807,125,-8.471,0,2,0,0.05
3808,400,-10.669,0,13,0,0.05
3809,144,-16.966,0,3,1,0.05
3810,75,-12.858,0,2,1,0.05
3811,59,-7.594,0,2,0,0.05
3812,400,-7.112,1,44,0,0.05
3813,400,4.543,4,9,0,0.05
3814,159,-18.778,0,1,1,0.05
3815,400,3.219,3,31,0,0.05
3816,5,-15.281,0,1,1,0.05
3817,47,-15.811,0,0,1,0.05
3818,400,-5.719,1,18,0,0.05
3819,139,-6.832,0,4,0,0.05
3820,400,-7.394,0,7,0,0.05
3821,395,-13.804,1,17,0,0.05
3822,81,-5.941,1,2,0,0.05
3823,357,-19.318,0,37,1,0.05
3824,88,-6.199,0,1,0,0.05
3825,297,-16.329,1,14,1,0.05
3826,400,-0.981,3,38,0,0.05
3827,400,-6.134,1,26,0,0.05
3828,173,-16.356,0,2,1,0.05
3829,62,-16.93,0,0,1,0.05
3830,113,-11.404,1,1,1,0.05
3831,400,-7.005,1,38,0,0.05
3832,400,-10.063,1,18,0,0.05
3833,9,-13.199,0,1,1,0.05
3834,141,-9.945,0,3,0,0.05
3835,400,2.302,1,16,0,0.05
3836,128,-17.29,0,6,1,0.05
3837,5,-14.696,0,0,1,0.05
3838,201,-19.777,0,9,1,0.05
3839,400,-7.681,1,7,0,0.05
3840,304,-15.643,2,10,1,0.05
3841,400,-1.089,1,24,0,0.05
3842,400,-11.015,0,15,0,0.05
3843,400,-4.714,1,10,0,0.05
3844,400,-6.714,1,28,0,0.05
3845,56,-5.17,0,0,0,0.05
3846,400,-3.104,2,17,0,0.05
3847,400,-5.207,2,19,0,0.05
3848,163,-6.799,4,10,1,0.05
3849,111,-17.227,0,9,1,0.05
3850,133,-18.914,0,5,1,0.05
3851,400,-0.029,0,10,0,0.05
3852,320,-15.383,0,13,0,0.05
3853,47,-9.93,0,3,0,0.05
3854,260,-13.638,3,7,1,0.05
3855,53,-3.296,0,4,0,0.05
3856,234,-18.363,1,34,1,0.05
3857,195,-11.864,0,2,0,0.05
3858,46,-16.451,0,3,1,0.05
3859,400,-5.331,2,16,0,0.05
3860,84,-7.325,0,2,0,0.05
3861,400,-2.708,2,12,0,0.05
3862,215,-12.907,1,5,1,0.05
3863,400,-0.973,3,18,0,0.05
3864,400,-2.145,2,30,0,0.05
3865,26,-15.633,0,0,1,0.05
3866,117,-18.827,0,5,1,0.05
3867,400,-10.668,0,21,0,0.05
3868,81,-6.565,0,3,0,0.05
3869,133,-6.952,1,26,0,0.05
3870,196,-8.752,3,13,1,0.05
3871,206,-11.833,1,6,1,0.05
3872,271,-10.109,2,39,1,0.05
3873,400,-6.242,1,12,0,0.05
3874,224,-9.591,0,41,0,0.05
3875,217,-9.783,1,7,1,0.05
3876,206,-13.988,0,4,1,0.05
3877,182,-5.124,5,4,1,0.05
3878,400,-9.115,0,13,0,0.05
3879,231,-4.332,2,3,1,0.05
3880,400,-6.826,1,22,0,0.05
3881,182,-9.955,1,6,1,0.05
3882,286,-15.143,0,19,1,0.05
3883,275,-11.667,1,24,0,0.05
3884,400,-4.647,3,43,0,0.05
3885,5,-14.657,0,0,1,0.05
3886,400,-7.266,1,18,0,0.05
3887,270,-11.071,1,3,1,0.05
3888,86,-17.526,0,13,1,0.05
3889,215,-5.071,3,10,0,0.05
3890,195,-12.908,1,7,1,0.05
3891,400,-5.259,0,16,0,0.05
3892,188,-9.75,1,7,1,0.05
3893,26,-16.69,0,11,1,0.05
3894,400,-4.299,0,17,0,0.05
3895,400,4.848,5,31,0,0.05
3896,88,-14.451,0,0,1,0.05
3897,11,-15.762,0,3,1,0.05
3898,200,-13.688,2,18,1,0.05
3899,125,-14.305,0,17,1,0.05
3900,400,-6.714,1,20,0,0.05
3901,52,-12.454,0,3,1,0.05
3902,400,-12.077,0,38,0,0.05
3903,177,-8.265,0,10,0,0.05
3904,400,-8.185,1,30,0,0.05
3905,49,-17.149,0,11,1,0.05
3906,226,-11.602,0,8,1,0.05
3907,200,-6.505,1,4,0,0.05
3908,400,-11.814,0,14,0,0.05
3909,330,-7.05,5,38,1,0.05
3910,230,-4.676,5,10,1,0.05
3911,24,-15.772,0,0,1,0.05
3912,129,-13.534,0,5,1,0.05
3913,400,-13.298,1,39,0,0.05
3914,57,-14.771,0,3,1,0.05
3915,400,-8.821,0,12,0,0.05
3916,400,-1.306,2,13,0,0.05
3917,192,-5.501,3,2,0,0.05
3918,103,-6.968,0,2,0,0.05
3919,400,-7.449,1,19,0,0.05
3920,400,-2.087,0,24,0,0.05
3921,400,-8.053,0,20,0,0.05
3922,134,-19.32,0,6,1,0.05
3923,182,-6.841,1,8,0,0.05
3924,257,-13.611,1,13,1,0.05
3925,145,-9.042,0,3,0,0.05
3926,400,-6.379,0,19,0,0.05
3927,19,-15.468,0,0,1,0.05
3928,400,-6.655,2,21,0,0.05
3929,120,-6.126,0,0,0,0.05
3930,182,-10.405,0,6,0,0.05
3931,150,-8.758,0,10,0,0.05
3932,175,-14.413,0,5,1,0.05
3933,400,-4.829,0,25,0,0.05
3934,266,-11.6,1,13,1,0.05
3935,316,-13.414,2,17,1,0.05
3936,400,-2.749,5,33,0,0.05
3937,400,-6.873,3,13,0,0.05
3938,400,-11.796,0,40,0,0.05
3939,306,-15.759,0,19,1,0.05
3940,282,-6.946,0,3,0,0.05
3941,127,-10.442,0,16,0,0.05
3942,400,-7.559,1,12,0,0.05
3943,400,-4.739,2,14,0,0.05
3944,113,-9.228,0,3,0,0.05
3945,400,-4.696,2,19,0,0.05
3946,387,-12.43,1,14,0,0.05
3947,400,-6.026,1,39,0,0.05
3948,203,6.339,6,5,0,0.05
3949,7,-15.435,0,2,1,0.05
3950,64,-16.516,0,1,1,0.05
3951,91,-7.255,0,2,0,0.05
3952,23,-15.135,0,1,1,0.05
3953,278,-8.729,0,8,0,0.05
3954,133,-17.526,0,6,1,0.05
3955,154,-11.775,1,10,1,0.05
3956,400,-3.941,0,13,0,0.05
3957,175,-18.546,0,13,1,0.05
3958,21,-15.868,0,1,1,0.05
3959,400,-4.63,1,8,0,0.05
3960,295,-12.621,0,6,0,0.05
3961,39,-15.98,0,1,1,0.05
3962,235,-12.075,3,13,1,0.05
3963,395,-16.218,1,26,1,0.05
3964,83,-18.511,0,3,1,0.05
3965,400,-11.438,0,40,0,0.05
3966,89,-8.992,0,2,0,0.05
3967,400,-5.39,2,9,0,0.05
3968,117,-8.499,0,1,0,0.05
3969,152,-17.202,0,4,1,0.05
3970,400,-3.12,2,12,0,0.05
3971,192,-17.108,0,2,1,0.05
3972,400,2.399,3,6,0,0.05
3973,215,-5.775,1,7,0,0.05
3974,400,3.239,3,10,0,0.05
3975,389,-13.623,2,17,1,0.05
3976,74,-10.412,0,17,0,0.05
3977,169,-8.335,0,0,0,0.05
3978,400,-6.375,3,20,0,0.05
3979,150,-15.303,1,5,1,0.05
3980,400,-2.242,2,15,0,0.05
3981,400,-5.386,1,16,0,0.05
3982,125,-8.737,0,4,0,0.05
3983,400,-6.301,2,15,0,0.05
3984,36,-16.63,0,6,1,0.05
3985,400,-8.001,1,13,0,0.05
3986,400,-7.809,1,17,0,0.05
3987,400,4.101,4,16,0,0.05
3988,298,-7.632,1,13,0,0.05
3989,7,-13.699,0,4,1,0.05
3990,188,-17.746,1,19,1,0.05
3991,291,-5.498,4,14,1,0.05
3992,143,-18.386,0,4,1,0.05
3993,400,-0.853,3,14,0,0.05
3994,400,-10.158,0,19,0,0.05
3995,400,7.307,4,15,0,0.05
3996,400,-11.592,0,27,0,0.05
3997,126,-14.256,0,0,1,0.05
3998,69,-6.439,0,1,0,0.05
3999,146,-9.008,0,1,0,0.05
4000,400,-7.293,1,57,0,0.05
