episode,steps,total_reward,coins,crates,invalid,killed_self,killed_opponents,survived,epsilon,alpha,buffer
1,6,-14.884,0,4,3,1,0,0,1.0,0.02,6
2,10,-15.155,0,4,4,1,0,0,1.0,0.02,16
3,5,-14.396,0,3,3,1,0,0,0.999,0.02,21
4,14,-13.965,0,3,7,1,0,0,0.999,0.02,35
5,7,-15.05,0,3,4,1,0,0,0.998,0.02,42
6,5,-15.394,0,3,2,1,0,0,0.998,0.02,47
7,9,-14.947,0,2,6,1,0,0,0.997,0.02,56
8,19,-14.194,0,2,8,1,0,0,0.997,0.0199,75
9,16,-13.245,0,5,6,1,0,0,0.996,0.0199,91
10,5,-14.996,0,3,3,1,0,0,0.996,0.0199,96
11,5,-15.267,0,4,2,1,0,0,0.995,0.0199,101
12,6,-14.099,0,4,4,1,0,0,0.995,0.0199,107
13,5,-15.229,0,2,3,1,0,0,0.994,0.0199,112
14,29,-14.762,0,3,9,1,0,0,0.994,0.0199,141
15,20,-17.087,0,4,12,1,0,0,0.993,0.0199,161
16,5,-14.464,0,1,1,1,0,0,0.993,0.0199,166
17,12,-14.44,0,2,6,1,0,0,0.992,0.0199,178
18,5,-15.495,0,3,3,1,0,0,0.992,0.0199,183
19,5,-15.316,0,4,2,1,0,0,0.991,0.0199,188
20,14,-14.382,0,3,5,1,0,0,0.991,0.0198,202
21,16,-11.673,0,6,7,1,0,0,0.991,0.0198,218
22,18,-13.925,0,1,9,1,0,0,0.99,0.0198,236
23,16,-14.154,0,3,8,1,0,0,0.99,0.0198,252
24,7,-14.597,0,2,3,1,0,0,0.989,0.0198,259
25,9,-14.925,0,2,6,1,0,0,0.989,0.0198,268
26,5,-14.351,0,4,3,1,0,0,0.988,0.0198,273
27,9,-14.944,0,4,3,1,0,0,0.988,0.0198,282
28,9,-14.527,0,3,4,1,0,0,0.987,0.0198,291
29,7,-14.582,0,2,2,1,0,0,0.987,0.0198,298
30,19,-14.134,0,3,10,1,0,0,0.986,0.0198,317
31,26,-16.714,0,4,12,1,0,0,0.986,0.0198,343
32,6,-13.108,0,2,3,1,0,0,0.985,0.0198,349
33,5,-13.992,0,2,3,1,0,0,0.985,0.0197,354
34,18,-13.689,0,2,9,1,0,0,0.984,0.0197,372
35,19,-15.118,0,3,7,1,0,0,0.984,0.0197,391
36,6,-13.044,0,2,2,1,0,0,0.983,0.0197,397
37,23,-15.012,0,4,11,1,0,0,0.983,0.0197,420
38,15,-14.87,0,5,6,1,0,0,0.982,0.0197,435
39,6,-13.899,0,4,3,1,0,0,0.982,0.0197,441
40,5,-14.915,0,3,2,1,0,0,0.981,0.0197,446
41,22,-14.496,0,5,7,1,0,0,0.981,0.0197,468
42,11,-13.386,0,1,8,1,0,0,0.981,0.0197,479
43,5,-14.816,0,4,2,1,0,0,0.98,0.0197,484
44,5,-13.469,0,1,1,1,0,0,0.98,0.0197,489
45,12,-13.326,0,3,7,1,0,0,0.979,0.0196,501
46,17,-15.178,0,3,8,1,0,0,0.979,0.0196,518
47,19,-15.349,0,3,9,1,0,0,0.978,0.0196,537
48,5,-15.271,0,4,2,1,0,0,0.978,0.0196,542
49,9,-14.489,0,3,3,1,0,0,0.977,0.0196,551
50,5,-14.759,0,4,1,1,0,0,0.977,0.0196,556
51,5,-15.442,0,4,3,1,0,0,0.976,0.0196,561
52,5,-13.792,0,3,1,1,0,0,0.976,0.0196,566
53,5,-13.402,0,3,3,1,0,0,0.975,0.0196,571
54,10,-14.91,0,2,6,1,0,0,0.975,0.0196,581
55,6,-12.581,0,2,3,1,0,0,0.974,0.0196,587
56,8,-12.865,0,2,4,1,0,0,0.974,0.0196,595
57,9,-12.755,0,3,4,1,0,0,0.973,0.0196,604
58,7,-14.118,0,1,3,1,0,0,0.973,0.0195,611
59,5,-15.104,0,1,1,1,0,0,0.972,0.0195,616
60,9,-12.328,0,3,3,1,0,0,0.972,0.0195,625
61,6,-13.555,0,4,4,1,0,0,0.972,0.0195,631
62,11,-16.267,0,1,7,1,0,0,0.971,0.0195,642
63,8,-14.091,0,3,3,1,0,0,0.971,0.0195,650
64,39,-16.62,0,3,18,1,0,0,0.97,0.0195,689
65,13,-15.428,0,1,8,1,0,0,0.97,0.0195,702
66,5,-14.817,0,4,2,1,0,0,0.969,0.0195,707
67,6,-13.71,0,3,3,1,0,0,0.969,0.0195,713
68,9,-10.411,0,3,2,1,0,0,0.968,0.0195,722
69,10,-15.476,0,2,5,1,0,0,0.968,0.0195,732
70,5,-13.919,0,2,2,1,0,0,0.967,0.0194,737
71,14,-13.605,0,3,7,1,0,0,0.967,0.0194,751
72,8,-15.415,0,3,2,1,0,0,0.966,0.0194,759
73,10,-14.523,0,3,4,1,0,0,0.966,0.0194,769
74,9,-14.973,0,3,5,1,0,0,0.965,0.0194,778
75,7,-12.853,0,3,3,1,0,0,0.965,0.0194,785
76,10,-14.791,0,2,5,1,0,0,0.964,0.0194,795
77,5,-14.797,0,4,3,1,0,0,0.964,0.0194,800
78,24,-15.504,0,3,11,1,0,0,0.963,0.0194,824
79,5,-15.442,0,4,3,1,0,0,0.963,0.0194,829
80,5,-13.395,0,3,2,1,0,0,0.962,0.0194,834
81,10,-15.225,0,3,6,1,0,0,0.962,0.0194,844
82,10,-12.439,0,3,5,1,0,0,0.962,0.0194,854
83,5,-15.372,0,3,2,1,0,0,0.961,0.0193,859
84,5,-14.536,0,3,3,1,0,0,0.961,0.0193,864
85,12,-13.148,0,1,7,1,0,0,0.96,0.0193,876
86,5,-14.872,0,3,2,1,0,0,0.96,0.0193,881
87,18,-15.936,0,3,11,1,0,0,0.959,0.0193,899
88,19,-15.321,0,3,6,1,0,0,0.959,0.0193,918
89,6,-14.427,0,2,2,1,0,0,0.958,0.0193,924
90,16,-15.233,0,3,8,1,0,0,0.958,0.0193,940
91,6,-13.299,0,4,2,1,0,0,0.957,0.0193,946
92,18,-15.34,0,2,8,1,0,0,0.957,0.0193,964
93,9,-13.383,0,2,6,1,0,0,0.956,0.0193,973
94,20,-15.294,0,4,11,1,0,0,0.956,0.0193,993
95,18,-15.084,0,6,10,1,0,0,0.955,0.0192,1011
96,6,-13.169,0,1,2,1,0,0,0.955,0.0192,1017
97,6,-14.532,0,2,3,1,0,0,0.954,0.0192,1023
98,16,-16.929,0,4,12,1,0,0,0.954,0.0192,1039
99,12,-15.049,0,3,6,1,0,0,0.953,0.0192,1051
100,15,-15.51,0,4,6,1,0,0,0.953,0.0192,1066
101,6,-13.85,0,3,2,1,0,0,0.953,0.0192,1072
102,7,-12.606,0,2,4,1,0,0,0.952,0.0192,1079
103,5,-14.952,0,3,3,1,0,0,0.952,0.0192,1084
104,7,-15.183,0,2,4,1,0,0,0.951,0.0192,1091
105,5,-13.475,0,3,3,1,0,0,0.951,0.0192,1096
106,23,-14.633,0,3,8,1,0,0,0.95,0.0192,1119
107,32,-13.156,0,5,13,1,0,0,0.95,0.0192,1151
108,12,-15.38,0,2,7,1,0,0,0.949,0.0191,1163
109,8,-14.542,0,3,4,1,0,0,0.949,0.0191,1171
110,21,-15.939,0,3,13,1,0,0,0.948,0.0191,1192
111,6,-15.054,0,3,3,1,0,0,0.948,0.0191,1198
112,16,-12.945,0,4,8,1,0,0,0.947,0.0191,1214
113,11,-14.781,0,3,4,1,0,0,0.947,0.0191,1225
114,8,-12.54,0,3,4,1,0,0,0.946,0.0191,1233
115,25,-17.303,0,2,12,1,0,0,0.946,0.0191,1258
116,10,-14.661,0,3,4,1,0,0,0.945,0.0191,1268
117,30,-14.941,0,6,12,1,0,0,0.945,0.0191,1298
118,10,-14.168,0,4,3,1,0,0,0.944,0.0191,1308
119,22,-16.729,0,2,7,1,0,0,0.944,0.0191,1330
120,18,-15.479,0,3,11,1,0,0,0.943,0.019,1348
121,5,-13.272,0,4,2,1,0,0,0.943,0.019,1353
122,22,-15.33,0,3,14,1,0,0,0.943,0.019,1375
123,5,-13.487,0,4,3,1,0,0,0.942,0.019,1380
124,5,-14.985,0,3,2,1,0,0,0.942,0.019,1385
125,14,-13.349,0,2,8,1,0,0,0.941,0.019,1399
126,5,-14.691,0,4,1,1,0,0,0.941,0.019,1404
127,15,-13.833,0,3,4,1,0,0,0.94,0.019,1419
128,8,-15.802,0,3,5,1,0,0,0.94,0.019,1427
129,6,-13.008,0,3,4,1,0,0,0.939,0.019,1433
130,53,-18.761,0,3,34,1,0,0,0.939,0.019,1486
131,7,-14.069,0,2,3,1,0,0,0.938,0.019,1493
132,6,-13.905,0,3,2,1,0,0,0.938,0.019,1499
133,6,-14.728,0,1,3,1,0,0,0.937,0.0189,1505
134,5,-14.917,0,3,2,1,0,0,0.937,0.0189,1510
135,10,-15.999,0,4,8,1,0,0,0.936,0.0189,1520
136,12,-14.707,0,3,4,1,0,0,0.936,0.0189,1532
137,7,-13.999,0,4,4,1,0,0,0.935,0.0189,1539
138,8,-15.994,0,2,5,1,0,0,0.935,0.0189,1547
139,5,-12.319,0,2,2,1,0,0,0.934,0.0189,1552
140,12,-15.847,0,3,4,1,0,0,0.934,0.0189,1564
141,5,-14.202,0,1,2,1,0,0,0.933,0.0189,1569
142,59,-20.209,0,3,37,1,0,0,0.933,0.0189,1628
143,12,-13.973,0,1,8,1,0,0,0.933,0.0189,1640
144,16,-16.854,0,2,9,1,0,0,0.932,0.0189,1656
145,5,-15.519,0,3,3,1,0,0,0.932,0.0188,1661
146,9,-14.872,0,3,6,1,0,0,0.931,0.0188,1670
147,9,-15.075,0,4,4,1,0,0,0.931,0.0188,1679
148,7,-14.303,0,3,4,1,0,0,0.93,0.0188,1686
149,19,-14.733,0,1,13,1,0,0,0.93,0.0188,1705
150,18,-14.562,0,4,9,1,0,0,0.929,0.0188,1723
151,10,-14.445,0,2,7,1,0,0,0.929,0.0188,1733
152,29,-16.639,0,2,16,1,0,0,0.928,0.0188,1762
153,12,-15.609,0,4,6,1,0,0,0.928,0.0188,1774
154,12,-15.884,0,3,10,1,0,0,0.927,0.0188,1786
155,9,-12.9,0,1,5,1,0,0,0.927,0.0188,1795
156,13,-15.577,0,2,6,1,0,0,0.926,0.0188,1808
157,12,-14.521,0,2,6,1,0,0,0.926,0.0188,1820
158,7,-13.98,0,3,3,1,0,0,0.925,0.0187,1827
159,10,-14.897,0,2,7,1,0,0,0.925,0.0187,1837
160,6,-12.938,0,3,3,1,0,0,0.924,0.0187,1843
161,9,-10.186,0,3,2,1,0,0,0.924,0.0187,1852
162,13,-15.33,0,1,7,1,0,0,0.924,0.0187,1865
163,19,-16.95,0,3,10,1,0,0,0.923,0.0187,1884
164,14,-15.01,0,2,6,1,0,0,0.923,0.0187,1898
165,21,-15.006,0,3,11,1,0,0,0.922,0.0187,1919
166,14,-15.478,0,2,9,1,0,0,0.922,0.0187,1933
167,5,-14.947,0,3,3,1,0,0,0.921,0.0187,1938
168,5,-14.759,0,4,1,1,0,0,0.921,0.0187,1943
169,6,-14.3,0,2,4,1,0,0,0.92,0.0187,1949
170,7,-15.023,0,3,2,1,0,0,0.92,0.0186,1956
171,9,-14.971,0,2,6,1,0,0,0.919,0.0186,1965
172,8,-15.907,0,4,7,1,0,0,0.919,0.0186,1973
173,14,-15.3,0,0,5,1,0,0,0.918,0.0186,1987
174,9,-15.218,0,3,4,1,0,0,0.918,0.0186,1996
175,5,-15.201,0,4,3,1,0,0,0.917,0.0186,2001
176,5,-14.896,0,4,3,1,0,0,0.917,0.0186,2006
177,10,-14.5,0,2,6,1,0,0,0.916,0.0186,2016
178,14,-14.492,0,2,8,1,0,0,0.916,0.0186,2030
179,37,-17.004,0,3,22,1,0,0,0.915,0.0186,2067
180,5,-15.396,0,4,3,1,0,0,0.915,0.0186,2072
181,9,-14.082,0,2,3,1,0,0,0.914,0.0186,2081
182,6,-14.005,0,4,4,1,0,0,0.914,0.0186,2087
183,36,-17.281,0,3,22,1,0,0,0.914,0.0185,2123
184,5,-15.417,0,3,2,1,0,0,0.913,0.0185,2128
185,9,-15.919,0,3,6,1,0,0,0.913,0.0185,2137
186,6,-13.466,0,4,4,1,0,0,0.912,0.0185,2143
187,19,-15.095,0,2,7,1,0,0,0.912,0.0185,2162
188,8,-13.434,0,3,3,1,0,0,0.911,0.0185,2170
189,6,-14.442,0,3,2,1,0,0,0.911,0.0185,2176
190,8,-14.707,0,3,5,1,0,0,0.91,0.0185,2184
191,8,-14.585,0,3,4,1,0,0,0.91,0.0185,2192
192,6,-14.503,0,2,2,1,0,0,0.909,0.0185,2198
193,6,-13.457,0,1,1,1,0,0,0.909,0.0185,2204
194,5,-14.914,0,2,1,1,0,0,0.908,0.0185,2209
195,8,-15.127,0,2,3,1,0,0,0.908,0.0184,2217
196,5,-14.911,0,3,2,1,0,0,0.907,0.0184,2222
197,10,-12.801,0,2,4,1,0,0,0.907,0.0184,2232
198,5,-13.851,0,4,3,1,0,0,0.906,0.0184,2237
199,6,-15.279,0,2,4,1,0,0,0.906,0.0184,2243
200,5,-13.992,0,2,3,1,0,0,0.905,0.0184,2248
201,22,-16.555,0,3,13,1,0,0,0.905,0.0184,2270
202,5,-15.415,0,2,1,1,0,0,0.905,0.0184,2275
203,6,-15.114,0,3,3,1,0,0,0.904,0.0184,2281
204,7,-14.454,0,3,3,1,0,0,0.904,0.0184,2288
205,7,-11.25,0,1,1,1,0,0,0.903,0.0184,2295
206,25,-15.518,0,6,10,1,0,0,0.903,0.0184,2320
207,20,-15.837,0,4,10,1,0,0,0.902,0.0184,2340
208,14,-15.119,0,2,3,1,0,0,0.902,0.0183,2354
209,12,-15.005,0,1,5,1,0,0,0.901,0.0183,2366
210,8,-11.738,0,2,3,1,0,0,0.901,0.0183,2374
211,12,-15.155,0,2,7,1,0,0,0.9,0.0183,2386
212,12,-14.656,0,2,3,1,0,0,0.9,0.0183,2398
213,6,-13.385,0,4,3,1,0,0,0.899,0.0183,2404
214,10,-13.458,0,4,4,1,0,0,0.899,0.0183,2414
215,16,-13.352,0,3,9,1,0,0,0.898,0.0183,2430
216,13,-15.03,0,2,6,1,0,0,0.898,0.0183,2443
217,8,-12.658,0,2,5,1,0,0,0.897,0.0183,2451
218,6,-12.457,0,1,2,1,0,0,0.897,0.0183,2457
219,7,-14.723,0,2,4,1,0,0,0.896,0.0183,2464
220,5,-15.04,0,2,2,1,0,0,0.896,0.0182,2469
221,12,-15.011,0,2,6,1,0,0,0.895,0.0182,2481
222,8,-14.11,0,3,5,1,0,0,0.895,0.0182,2489
223,8,-13.187,0,1,2,1,0,0,0.895,0.0182,2497
224,9,-15.573,0,4,4,1,0,0,0.894,0.0182,2506
225,10,-14.325,0,3,6,1,0,0,0.894,0.0182,2516
226,15,-15.852,0,4,5,1,0,0,0.893,0.0182,2531
227,5,-14.839,0,4,2,1,0,0,0.893,0.0182,2536
228,23,-15.809,0,5,13,1,0,0,0.892,0.0182,2559
229,10,-14.406,0,3,6,1,0,0,0.892,0.0182,2569
230,11,-14.347,0,2,5,1,0,0,0.891,0.0182,2580
231,5,-15.897,0,4,3,1,0,0,0.891,0.0182,2585
232,6,-13.207,0,2,4,1,0,0,0.89,0.0182,2591
233,23,-14.139,0,7,13,1,0,0,0.89,0.0181,2614
234,12,-13.617,0,2,6,1,0,0,0.889,0.0181,2626
235,18,-15.747,0,3,13,1,0,0,0.889,0.0181,2644
236,12,-13.722,0,3,8,1,0,0,0.888,0.0181,2656
237,8,-14.811,0,2,5,1,0,0,0.888,0.0181,2664
238,5,-15.395,0,3,2,1,0,0,0.887,0.0181,2669
239,12,-14.211,0,2,2,1,0,0,0.887,0.0181,2681
240,23,-14.251,0,4,13,1,0,0,0.886,0.0181,2704
241,8,-13.995,0,4,4,1,0,0,0.886,0.0181,2712
242,23,-12.389,0,2,11,1,0,0,0.886,0.0181,2735
243,5,-15.396,0,4,3,1,0,0,0.885,0.0181,2740
244,5,-15.345,0,4,3,1,0,0,0.885,0.0181,2745
245,25,-16.779,0,2,16,1,0,0,0.884,0.018,2770
246,11,-15.091,0,1,6,1,0,0,0.884,0.018,2781
247,10,-13.218,0,3,6,1,0,0,0.883,0.018,2791
248,9,-11.715,0,2,2,1,0,0,0.883,0.018,2800
249,5,-15.139,0,2,3,1,0,0,0.882,0.018,2805
250,13,-15.515,0,2,10,1,0,0,0.882,0.018,2818
251,7,-14.567,0,2,3,1,0,0,0.881,0.018,2825
252,15,-14.076,0,4,6,1,0,0,0.881,0.018,2840
253,12,-14.517,0,3,8,1,0,0,0.88,0.018,2852
254,7,-15.814,0,1,3,1,0,0,0.88,0.018,2859
255,5,-13.192,0,4,1,1,0,0,0.879,0.018,2864
256,5,-15.3,0,4,3,1,0,0,0.879,0.018,2869
257,6,-15.679,0,3,5,1,0,0,0.878,0.018,2875
258,5,-14.78,0,4,1,1,0,0,0.878,0.0179,2880
259,7,-15.183,0,2,4,1,0,0,0.877,0.0179,2887
260,8,-12.961,0,1,4,1,0,0,0.877,0.0179,2895
261,9,-15.995,0,4,3,1,0,0,0.877,0.0179,2904
262,25,-15.701,0,4,12,1,0,0,0.876,0.0179,2929
263,5,-16.12,0,2,3,1,0,0,0.876,0.0179,2934
264,6,-14.477,0,3,3,1,0,0,0.875,0.0179,2940
265,15,-13.872,0,3,5,1,0,0,0.875,0.0179,2955
266,19,-14.473,0,4,7,1,0,0,0.874,0.0179,2974
267,24,-15.175,0,6,11,1,0,0,0.874,0.0179,2998
268,10,-14.225,0,3,3,1,0,0,0.873,0.0179,3008
269,5,-15.362,0,4,2,1,0,0,0.873,0.0179,3013
270,7,-16.024,0,4,4,1,0,0,0.872,0.0178,3020
271,34,-14.563,0,5,22,1,0,0,0.872,0.0178,3054
272,7,-12.465,0,2,2,1,0,0,0.871,0.0178,3061
273,8,-14.785,0,3,0,1,0,0,0.871,0.0178,3069
274,12,-14.905,0,2,5,1,0,0,0.87,0.0178,3081
275,6,-13.784,0,2,3,1,0,0,0.87,0.0178,3087
276,5,-13.87,0,3,3,1,0,0,0.869,0.0178,3092
277,8,-15.669,0,4,4,1,0,0,0.869,0.0178,3100
278,18,-14.875,0,5,8,1,0,0,0.868,0.0178,3118
279,20,-15.156,0,3,10,1,0,0,0.868,0.0178,3138
280,5,-14.345,0,4,3,1,0,0,0.867,0.0178,3143
281,8,-14.702,0,2,4,1,0,0,0.867,0.0178,3151
282,11,-15.814,0,4,5,1,0,0,0.867,0.0178,3162
283,5,-15.77,0,1,3,1,0,0,0.866,0.0177,3167
284,12,-12.241,0,3,6,1,0,0,0.866,0.0177,3179
285,9,-15.451,0,4,3,1,0,0,0.865,0.0177,3188
286,5,-14.791,0,3,1,1,0,0,0.865,0.0177,3193
287,13,-13.102,0,6,6,1,0,0,0.864,0.0177,3206
288,5,-13.79,0,3,2,1,0,0,0.864,0.0177,3211
289,23,-17.312,0,3,12,1,0,0,0.863,0.0177,3234
290,9,-14.747,0,3,5,1,0,0,0.863,0.0177,3243
291,25,-16.12,0,6,15,1,0,0,0.862,0.0177,3268
292,25,-16.319,0,3,14,1,0,0,0.862,0.0177,3293
293,7,-14.822,0,2,5,1,0,0,0.861,0.0177,3300
294,21,-16.426,0,3,10,1,0,0,0.861,0.0177,3321
295,18,-14.348,0,3,9,1,0,0,0.86,0.0176,3339
296,6,-9.866,0,2,1,1,0,0,0.86,0.0176,3345
297,9,-16.196,0,2,4,1,0,0,0.859,0.0176,3354
298,16,-15.36,0,5,8,1,0,0,0.859,0.0176,3370
299,9,-13.027,0,2,3,1,0,0,0.858,0.0176,3379
300,9,-14.246,0,3,5,1,0,0,0.858,0.0176,3388
301,10,-14.346,0,2,4,1,0,0,0.858,0.0176,3398
302,6,-13.531,0,3,3,1,0,0,0.857,0.0176,3404
303,9,-14.166,0,3,4,1,0,0,0.857,0.0176,3413
304,25,-15.925,0,2,16,1,0,0,0.856,0.0176,3438
305,6,-14.954,0,3,2,1,0,0,0.856,0.0176,3444
306,6,-13.451,0,3,2,1,0,0,0.855,0.0176,3450
307,15,-15.07,0,3,7,1,0,0,0.855,0.0176,3465
308,23,-14.708,0,3,10,1,0,0,0.854,0.0175,3488
309,14,-14.507,0,2,6,1,0,0,0.854,0.0175,3502
310,18,-16.427,0,3,9,1,0,0,0.853,0.0175,3520
311,40,-16.434,0,3,18,1,0,0,0.853,0.0175,3560
312,9,-14.943,0,4,3,1,0,0,0.852,0.0175,3569
313,5,-13.3,0,2,2,1,0,0,0.852,0.0175,3574
314,6,-14.025,0,1,2,1,0,0,0.851,0.0175,3580
315,9,-13.366,0,2,6,1,0,0,0.851,0.0175,3589
316,14,-14.894,0,6,9,1,0,0,0.85,0.0175,3603
317,5,-14.616,0,1,3,1,0,0,0.85,0.0175,3608
318,40,-15.415,0,9,15,1,0,0,0.849,0.0175,3648
319,5,-13.96,0,3,2,1,0,0,0.849,0.0175,3653
320,10,-13.009,0,2,5,1,0,0,0.848,0.0174,3663
321,7,-14.822,0,2,5,1,0,0,0.848,0.0174,3670
322,5,-13.541,0,3,3,1,0,0,0.848,0.0174,3675
323,11,-13.327,0,2,5,1,0,0,0.847,0.0174,3686
324,5,-14.86,0,3,1,1,0,0,0.847,0.0174,3691
325,7,-14.071,0,2,3,1,0,0,0.846,0.0174,3698
326,12,-16.36,0,0,6,1,0,0,0.846,0.0174,3710
327,11,-15.034,0,2,6,1,0,0,0.845,0.0174,3721
328,6,-14.402,0,3,2,1,0,0,0.845,0.0174,3727
329,15,-14.619,0,4,7,1,0,0,0.844,0.0174,3742
330,14,-15.266,0,2,8,1,0,0,0.844,0.0174,3756
331,19,-12.363,0,5,7,1,0,0,0.843,0.0174,3775
332,6,-16.134,0,3,4,1,0,0,0.843,0.0174,3781
333,6,-14.457,0,2,2,1,0,0,0.842,0.0173,3787
334,13,-16.594,0,3,8,1,0,0,0.842,0.0173,3800
335,5,-14.817,0,4,2,1,0,0,0.841,0.0173,3805
336,16,-15.107,0,2,7,1,0,0,0.841,0.0173,3821
337,26,-12.425,0,2,10,1,0,0,0.84,0.0173,3847
338,23,-15.566,0,5,8,1,0,0,0.84,0.0173,3870
339,7,-15.044,0,4,4,1,0,0,0.839,0.0173,3877
340,18,-14.335,0,3,7,1,0,0,0.839,0.0173,3895
341,17,-14.303,0,3,9,1,0,0,0.839,0.0173,3912
342,25,-14.258,0,6,12,1,0,0,0.838,0.0173,3937
343,6,-13.466,0,4,4,1,0,0,0.838,0.0173,3943
344,29,-16.565,0,5,18,1,0,0,0.837,0.0173,3972
345,9,-14.767,0,2,4,1,0,0,0.837,0.0172,3981
346,5,-13.507,0,3,2,1,0,0,0.836,0.0172,3986
347,21,-15.184,0,3,12,1,0,0,0.836,0.0172,4007
348,16,-15.225,0,3,9,1,0,0,0.835,0.0172,4023
349,10,-14.067,0,3,5,1,0,0,0.835,0.0172,4033
350,7,-13.766,0,3,1,1,0,0,0.834,0.0172,4040
351,7,-14.55,0,3,4,1,0,0,0.834,0.0172,4047
352,43,-16.592,0,4,12,1,0,0,0.833,0.0172,4090
353,6,-13.575,0,3,3,1,0,0,0.833,0.0172,4096
354,8,-12.747,0,1,3,1,0,0,0.832,0.0172,4104
355,6,-14.51,0,2,3,1,0,0,0.832,0.0172,4110
356,7,-15.568,0,4,4,1,0,0,0.831,0.0172,4117
357,7,-15.09,0,3,3,1,0,0,0.831,0.0172,4124
358,9,-16.122,0,3,8,1,0,0,0.83,0.0171,4133
359,11,-14.68,0,3,5,1,0,0,0.83,0.0171,4144
360,6,-12.948,0,2,1,1,0,0,0.829,0.0171,4150
361,5,-13.952,0,3,3,1,0,0,0.829,0.0171,4155
362,7,-15.938,0,2,5,1,0,0,0.829,0.0171,4162
363,9,-13.233,0,3,6,1,0,0,0.828,0.0171,4171
364,11,-14.345,0,3,6,1,0,0,0.828,0.0171,4182
365,38,-18.166,0,3,19,1,0,0,0.827,0.0171,4220
366,7,-14.938,0,3,6,1,0,0,0.827,0.0171,4227
367,29,-15.473,0,5,13,1,0,0,0.826,0.0171,4256
368,6,-13.122,0,2,3,1,0,0,0.826,0.0171,4262
369,14,-15.285,0,2,8,1,0,0,0.825,0.0171,4276
370,8,-14.054,0,4,4,1,0,0,0.825,0.017,4284
371,23,-15.428,1,3,10,1,0,0,0.824,0.017,4307
372,25,-13.953,0,3,12,1,0,0,0.824,0.017,4332
373,6,-13.819,0,4,2,1,0,0,0.823,0.017,4338
374,14,-15.155,0,3,8,1,0,0,0.823,0.017,4352
375,7,-16.355,0,2,5,1,0,0,0.822,0.017,4359
376,5,-13.996,0,3,3,1,0,0,0.822,0.017,4364
377,21,-13.909,0,3,10,1,0,0,0.821,0.017,4385
378,7,-15.661,0,2,3,1,0,0,0.821,0.017,4392
379,5,-15.235,0,4,1,1,0,0,0.82,0.017,4397
380,26,-15.735,0,3,13,1,0,0,0.82,0.017,4423
381,6,-13.444,0,3,2,1,0,0,0.82,0.017,4429
382,28,-15.926,0,1,17,1,0,0,0.819,0.017,4457
383,8,-16.11,0,3,4,1,0,0,0.819,0.0169,4465
384,5,-15.351,0,4,3,1,0,0,0.818,0.0169,4470
385,5,-13.816,0,4,2,1,0,0,0.818,0.0169,4475
386,7,-14.462,0,3,2,1,0,0,0.817,0.0169,4482
387,7,-14.117,0,2,3,1,0,0,0.817,0.0169,4489
388,13,-14.863,0,3,6,1,0,0,0.816,0.0169,4502
389,18,-13.533,0,5,12,1,0,0,0.816,0.0169,4520
390,8,-16.105,0,2,3,1,0,0,0.815,0.0169,4528
391,12,-14.672,0,3,5,1,0,0,0.815,0.0169,4540
392,7,-14.88,0,4,3,1,0,0,0.814,0.0169,4547
393,10,-16.691,0,4,8,1,0,0,0.814,0.0169,4557
394,7,-11.479,0,2,2,1,0,0,0.813,0.0169,4564
395,7,-15.348,0,2,3,1,0,0,0.813,0.0168,4571
396,22,-14.968,0,5,10,1,0,0,0.812,0.0168,4593
397,7,-14.136,0,2,4,1,0,0,0.812,0.0168,4600
398,16,-16.04,0,3,7,1,0,0,0.811,0.0168,4616
399,12,-11.73,0,2,3,1,0,0,0.811,0.0168,4628
400,10,-14.892,0,1,5,1,0,0,0.81,0.0168,4638
401,13,-14.122,0,3,4,1,0,0,0.81,0.0168,4651
402,23,-14.176,0,6,9,1,0,0,0.81,0.0168,4674
403,9,-15.273,0,4,6,1,0,0,0.809,0.0168,4683
404,5,-13.952,0,3,3,1,0,0,0.809,0.0168,4688
405,17,-14.281,0,2,9,1,0,0,0.808,0.0168,4705
406,6,-14.029,0,2,2,1,0,0,0.808,0.0168,4711
407,12,-10.261,0,3,2,1,0,0,0.807,0.0168,4723
408,9,-15.918,0,2,5,1,0,0,0.807,0.0167,4732
409,9,-15.203,0,2,4,1,0,0,0.806,0.0167,4741
410,34,-18.449,0,4,15,1,0,0,0.806,0.0167,4775
411,18,-14.99,0,5,10,1,0,0,0.805,0.0167,4793
412,9,-14.878,0,1,5,1,0,0,0.805,0.0167,4802
413,15,-17.128,0,3,7,1,0,0,0.804,0.0167,4817
414,12,-14.21,0,3,5,1,0,0,0.804,0.0167,4829
415,8,-12.75,0,1,3,1,0,0,0.803,0.0167,4837
416,6,-15.011,0,4,4,1,0,0,0.803,0.0167,4843
417,7,-15.0,0,4,4,1,0,0,0.802,0.0167,4850
418,20,-15.581,0,4,9,1,0,0,0.802,0.0167,4870
419,8,-15.123,0,4,4,1,0,0,0.801,0.0167,4878
420,8,-14.801,0,3,5,1,0,0,0.801,0.0166,4886
421,14,-15.548,0,2,5,1,0,0,0.8,0.0166,4900
422,26,-16.623,0,4,8,1,0,0,0.8,0.0166,4926
423,5,-15.047,0,2,3,1,0,0,0.8,0.0166,4931
424,11,-16.324,0,4,6,1,0,0,0.799,0.0166,4942
425,17,-14.724,0,3,8,1,0,0,0.799,0.0166,4959
426,15,-13.26,0,6,8,1,0,0,0.798,0.0166,4974
427,10,-15.311,0,1,5,1,0,0,0.798,0.0166,4984
428,20,-14.038,0,5,8,1,0,0,0.797,0.0166,5004
429,30,-15.089,0,2,15,1,0,0,0.797,0.0166,5034
430,60,-17.366,0,7,29,1,0,0,0.796,0.0166,5094
431,25,-12.361,0,2,6,1,0,0,0.796,0.0166,5119
432,10,-14.049,0,3,6,1,0,0,0.795,0.0166,5129
433,13,-14.967,0,4,7,1,0,0,0.795,0.0165,5142
434,19,-15.508,0,3,12,1,0,0,0.794,0.0165,5161
435,11,-14.462,0,3,6,1,0,0,0.794,0.0165,5172
436,27,-16.188,0,4,13,1,0,0,0.793,0.0165,5199
437,9,-14.274,0,2,4,1,0,0,0.793,0.0165,5208
438,19,-14.137,0,2,10,1,0,0,0.792,0.0165,5227
439,8,-13.466,0,3,3,1,0,0,0.792,0.0165,5235
440,8,-14.036,0,3,4,1,0,0,0.791,0.0165,5243
441,30,-15.705,0,3,10,1,0,0,0.791,0.0165,5273
442,7,-14.007,0,3,4,1,0,0,0.791,0.0165,5280
443,20,-16.681,0,2,11,1,0,0,0.79,0.0165,5300
444,6,-9.672,0,3,1,1,0,0,0.79,0.0165,5306
445,9,-13.197,0,3,6,1,0,0,0.789,0.0164,5315
446,11,-14.957,0,3,5,1,0,0,0.789,0.0164,5326
447,5,-15.04,0,3,3,1,0,0,0.788,0.0164,5331
448,6,-13.158,0,2,4,1,0,0,0.788,0.0164,5337
449,8,-16.187,0,1,2,1,0,0,0.787,0.0164,5345
450,5,-15.495,0,3,3,1,0,0,0.787,0.0164,5350
451,39,-16.646,0,5,15,1,0,0,0.786,0.0164,5389
452,38,-16.157,0,6,18,1,0,0,0.786,0.0164,5427
453,13,-15.348,0,2,9,1,0,0,0.785,0.0164,5440
454,31,-15.734,0,3,12,1,0,0,0.785,0.0164,5471
455,19,-15.934,0,4,9,1,0,0,0.784,0.0164,5490
456,8,-13.164,0,3,5,1,0,0,0.784,0.0164,5498
457,37,-17.281,0,3,22,1,0,0,0.783,0.0164,5535
458,20,-15.05,0,3,8,1,0,0,0.783,0.0163,5555
459,42,-13.603,0,2,17,1,0,0,0.782,0.0163,5597
460,10,-10.732,0,2,4,1,0,0,0.782,0.0163,5607
461,5,-15.595,0,2,3,1,0,0,0.781,0.0163,5612
462,6,-15.466,0,4,4,1,0,0,0.781,0.0163,5618
463,12,-15.682,0,3,8,1,0,0,0.781,0.0163,5630
464,10,-14.881,0,2,4,1,0,0,0.78,0.0163,5640
465,38,-16.589,0,3,15,1,0,0,0.78,0.0163,5678
466,11,-13.39,0,2,6,1,0,0,0.779,0.0163,5689
467,5,-15.356,0,4,2,1,0,0,0.779,0.0163,5694
468,11,-13.9,0,3,3,1,0,0,0.778,0.0163,5705
469,5,-14.397,0,2,2,1,0,0,0.778,0.0163,5710
470,26,-15.872,0,3,11,1,0,0,0.777,0.0162,5736
471,5,-14.895,0,4,3,1,0,0,0.777,0.0162,5741
472,12,-14.178,0,5,6,1,0,0,0.776,0.0162,5753
473,28,-11.121,0,6,6,1,0,0,0.776,0.0162,5781
474,24,-14.549,0,6,9,1,0,0,0.775,0.0162,5805
475,7,-15.3,0,2,3,1,0,0,0.775,0.0162,5812
476,5,-15.059,0,2,2,1,0,0,0.774,0.0162,5817
477,6,-9.38,0,2,1,1,0,0,0.774,0.0162,5823
478,7,-15.59,0,4,4,1,0,0,0.773,0.0162,5830
479,10,-10.455,0,3,5,1,0,0,0.773,0.0162,5840
480,11,-10.725,0,5,2,1,0,0,0.772,0.0162,5851
481,27,-15.891,0,6,10,1,0,0,0.772,0.0162,5878
482,20,-14.905,0,3,9,1,0,0,0.772,0.0162,5898
483,7,-15.218,0,2,4,1,0,0,0.771,0.0161,5905
484,8,-14.632,0,2,4,1,0,0,0.771,0.0161,5913
485,57,-15.078,0,9,23,1,0,0,0.77,0.0161,5970
486,7,-16.366,0,4,3,1,0,0,0.77,0.0161,5977
487,5,-13.322,0,1,3,1,0,0,0.769,0.0161,5982
488,6,-15.52,0,4,3,1,0,0,0.769,0.0161,5988
489,14,-15.274,0,1,8,1,0,0,0.768,0.0161,6002
490,7,-14.043,0,4,4,1,0,0,0.768,0.0161,6009
491,5,-13.77,0,4,2,1,0,0,0.767,0.0161,6014
492,27,-17.913,0,2,10,1,0,0,0.767,0.0161,6041
493,28,-16.448,0,5,16,1,0,0,0.766,0.0161,6069
494,5,-15.497,0,3,3,1,0,0,0.766,0.0161,6074
495,6,-13.936,0,3,3,1,0,0,0.765,0.016,6080
496,7,-13.245,0,4,2,1,0,0,0.765,0.016,6087
497,14,-11.338,0,5,6,1,0,0,0.764,0.016,6101
498,21,-13.936,0,6,8,1,0,0,0.764,0.016,6122
499,16,-13.348,0,2,7,1,0,0,0.763,0.016,6138
500,5,-14.442,0,4,3,1,0,0,0.763,0.016,6143
501,8,-15.034,0,4,4,1,0,0,0.762,0.016,6151
502,9,-15.238,0,2,4,1,0,0,0.762,0.016,6160
503,11,-13.372,0,2,5,1,0,0,0.762,0.016,6171
504,5,-14.547,0,2,3,1,0,0,0.761,0.016,6176
505,7,-14.991,0,3,2,1,0,0,0.761,0.016,6183
506,13,-14.724,0,6,5,1,0,0,0.76,0.016,6196
507,5,-13.322,0,3,2,1,0,0,0.76,0.016,6201
508,26,-15.821,0,3,15,1,0,0,0.759,0.0159,6227
509,20,-13.906,0,3,6,1,0,0,0.759,0.0159,6247
510,16,-14.761,0,6,7,1,0,0,0.758,0.0159,6263
511,25,-15.944,0,2,16,1,0,0,0.758,0.0159,6288
512,6,-12.582,0,2,3,1,0,0,0.757,0.0159,6294
513,15,-15.003,0,2,6,1,0,0,0.757,0.0159,6309
514,47,-16.12,0,6,14,1,0,0,0.756,0.0159,6356
515,7,-15.057,0,3,4,1,0,0,0.756,0.0159,6363
516,7,-14.627,0,2,4,1,0,0,0.755,0.0159,6370
517,9,-14.481,0,2,3,1,0,0,0.755,0.0159,6379
518,21,-13.509,0,7,8,1,0,0,0.754,0.0159,6400
519,32,-16.225,0,3,16,1,0,0,0.754,0.0159,6432
520,24,-15.328,0,3,9,1,0,0,0.753,0.0158,6456
521,5,-14.037,0,3,3,1,0,0,0.753,0.0158,6461
522,6,-14.629,0,3,4,1,0,0,0.753,0.0158,6467
523,10,-15.327,0,3,7,1,0,0,0.752,0.0158,6477
524,17,-12.614,0,4,5,1,0,0,0.752,0.0158,6494
525,49,-16.301,0,2,20,1,0,0,0.751,0.0158,6543
526,17,-15.593,0,2,11,1,0,0,0.751,0.0158,6560
527,9,-12.17,0,3,3,1,0,0,0.75,0.0158,6569
528,21,-14.142,0,3,13,1,0,0,0.75,0.0158,6590
529,7,-11.569,0,2,2,1,0,0,0.749,0.0158,6597
530,19,-15.623,0,2,11,1,0,0,0.749,0.0158,6616
531,24,-16.894,0,2,14,1,0,0,0.748,0.0158,6640
532,8,-11.747,0,3,3,1,0,0,0.748,0.0158,6648
533,13,-14.341,0,3,5,1,0,0,0.747,0.0157,6661
534,5,-14.85,0,4,3,1,0,0,0.747,0.0157,6666
535,19,-13.796,0,8,9,1,0,0,0.746,0.0157,6685
536,5,-15.106,0,2,2,1,0,0,0.746,0.0157,6690
537,5,-15.105,0,1,1,1,0,0,0.745,0.0157,6695
538,12,-11.774,0,2,4,1,0,0,0.745,0.0157,6707
539,13,-15.981,0,2,5,1,0,0,0.744,0.0157,6720
540,10,-14.114,0,2,4,1,0,0,0.744,0.0157,6730
541,5,-13.92,0,3,3,1,0,0,0.744,0.0157,6735
542,8,-12.741,0,1,3,1,0,0,0.743,0.0157,6743
543,36,-15.949,0,8,16,1,0,0,0.743,0.0157,6779
544,48,-16.188,0,8,20,1,0,0,0.742,0.0157,6827
545,33,-15.193,0,7,15,1,0,0,0.742,0.0156,6860
546,31,-16.507,0,6,17,1,0,0,0.741,0.0156,6891
547,30,-16.477,0,5,16,1,0,0,0.741,0.0156,6921
548,25,-15.904,0,4,13,1,0,0,0.74,0.0156,6946
549,16,-10.401,0,5,7,1,0,0,0.74,0.0156,6962
550,19,-14.761,0,3,9,1,0,0,0.739,0.0156,6981
551,36,-15.831,0,5,13,1,0,0,0.739,0.0156,7017
552,8,-14.662,0,3,5,1,0,0,0.738,0.0156,7025
553,7,-13.738,0,1,4,1,0,0,0.738,0.0156,7032
554,29,-15.322,0,3,13,1,0,0,0.737,0.0156,7061
555,9,-13.837,0,3,4,1,0,0,0.737,0.0156,7070
556,8,-14.978,0,3,3,1,0,0,0.736,0.0156,7078
557,5,-14.474,0,3,3,1,0,0,0.736,0.0156,7083
558,24,-13.737,1,6,7,1,0,0,0.735,0.0155,7107
559,9,-13.564,0,6,2,1,0,0,0.735,0.0155,7116
560,7,-15.689,0,3,4,1,0,0,0.734,0.0155,7123
561,41,-14.526,0,6,18,1,0,0,0.734,0.0155,7164
562,5,-15.446,0,3,3,1,0,0,0.734,0.0155,7169
563,8,-15.514,0,4,3,1,0,0,0.733,0.0155,7177
564,6,-15.061,0,3,4,1,0,0,0.733,0.0155,7183
565,17,-15.006,0,5,7,1,0,0,0.732,0.0155,7200
566,8,-14.843,0,2,6,1,0,0,0.732,0.0155,7208
567,8,-12.637,0,2,4,1,0,0,0.731,0.0155,7216
568,9,-14.165,0,3,4,1,0,0,0.731,0.0155,7225
569,26,-14.66,0,6,10,1,0,0,0.73,0.0155,7251
570,28,-16.044,0,5,13,1,0,0,0.73,0.0154,7279
571,49,-15.507,0,10,20,1,0,0,0.729,0.0154,7328
572,11,-15.626,0,2,7,1,0,0,0.729,0.0154,7339
573,8,-13.314,0,3,2,1,0,0,0.728,0.0154,7347
574,5,-15.54,0,3,3,1,0,0,0.728,0.0154,7352
575,6,-15.254,0,2,4,1,0,0,0.727,0.0154,7358
576,9,-15.504,0,2,6,1,0,0,0.727,0.0154,7367
577,24,-15.907,0,2,10,1,0,0,0.726,0.0154,7391
578,13,-14.826,0,0,6,1,0,0,0.726,0.0154,7404
579,11,-15.103,0,3,8,1,0,0,0.725,0.0154,7415
580,6,-13.173,0,2,3,1,0,0,0.725,0.0154,7421
581,22,-15.139,0,3,11,1,0,0,0.725,0.0154,7443
582,32,-14.161,0,5,10,1,0,0,0.724,0.0154,7475
583,24,-15.715,0,8,12,1,0,0,0.724,0.0153,7499
584,9,-14.642,0,3,4,1,0,0,0.723,0.0153,7508
585,7,-13.58,0,3,4,1,0,0,0.723,0.0153,7515
586,7,-14.065,0,3,3,1,0,0,0.722,0.0153,7522
587,18,-15.214,0,3,8,1,0,0,0.722,0.0153,7540
588,33,-15.795,0,3,14,1,0,0,0.721,0.0153,7573
589,11,-10.506,0,1,6,1,0,0,0.721,0.0153,7584
590,13,-15.433,0,1,10,1,0,0,0.72,0.0153,7597
591,11,-14.608,0,3,6,1,0,0,0.72,0.0153,7608
592,64,-18.885,0,3,25,1,0,0,0.719,0.0153,7672
593,6,-14.556,0,4,4,1,0,0,0.719,0.0153,7678
594,26,-15.841,0,8,13,1,0,0,0.718,0.0153,7704
595,14,-15.358,0,3,6,1,0,0,0.718,0.0152,7718
596,5,-14.815,0,4,2,1,0,0,0.717,0.0152,7723
597,16,-15.183,0,4,8,1,0,0,0.717,0.0152,7739
598,20,-15.632,0,1,10,1,0,0,0.716,0.0152,7759
599,78,-13.262,1,5,33,0,0,0,0.716,0.0152,7837
600,11,-13.663,0,2,7,1,0,0,0.715,0.0152,7848
601,16,-14.088,0,5,5,1,0,0,0.715,0.0152,7864
602,14,-15.171,0,3,7,1,0,0,0.715,0.0152,7878
603,23,-16.152,0,4,11,1,0,0,0.714,0.0152,7901
604,32,-15.911,0,3,16,1,0,0,0.714,0.0152,7933
605,58,-18.453,0,4,21,1,0,0,0.713,0.0152,7991
606,15,-15.178,0,2,8,1,0,0,0.713,0.0152,8006
607,27,-12.346,1,4,8,1,0,0,0.712,0.0152,8033
608,21,-15.256,0,4,11,1,0,0,0.712,0.0151,8054
609,5,-15.314,0,4,2,1,0,0,0.711,0.0151,8059
610,19,-15.167,0,3,8,1,0,0,0.711,0.0151,8078
611,20,-15.495,0,3,11,1,0,0,0.71,0.0151,8098
612,26,-16.302,0,5,15,1,0,0,0.71,0.0151,8124
613,17,-15.45,0,6,9,1,0,0,0.709,0.0151,8141
614,5,-14.872,0,3,2,1,0,0,0.709,0.0151,8146
615,48,-17.86,0,4,26,1,0,0,0.708,0.0151,8194
616,6,-13.476,0,4,3,1,0,0,0.708,0.0151,8200
617,5,-14.942,0,4,3,1,0,0,0.707,0.0151,8205
618,28,-14.84,0,7,11,1,0,0,0.707,0.0151,8233
619,16,-14.873,0,2,10,1,0,0,0.706,0.0151,8249
620,12,-14.582,0,6,6,1,0,0,0.706,0.015,8261
621,5,-14.895,0,4,3,1,0,0,0.706,0.015,8266
622,36,-15.968,0,5,14,1,0,0,0.705,0.015,8302
623,15,-15.546,0,4,9,1,0,0,0.705,0.015,8317
624,5,-15.347,0,4,3,1,0,0,0.704,0.015,8322
625,7,-12.422,0,2,0,1,0,0,0.704,0.015,8329
626,68,-18.04,0,2,26,1,0,0,0.703,0.015,8397
627,14,-13.64,0,3,6,1,0,0,0.703,0.015,8411
628,10,-15.468,0,1,5,1,0,0,0.702,0.015,8421
629,5,-15.548,0,2,3,1,0,0,0.702,0.015,8426
630,10,-12.882,0,1,5,1,0,0,0.701,0.015,8436
631,9,-15.562,0,4,3,1,0,0,0.701,0.015,8445
632,5,-14.04,0,3,3,1,0,0,0.7,0.015,8450
633,22,-13.32,0,6,10,1,0,0,0.7,0.0149,8472
634,7,-13.744,0,5,3,1,0,0,0.699,0.0149,8479
635,20,-16.465,0,4,10,1,0,0,0.699,0.0149,8499
636,17,-13.523,0,8,6,1,0,0,0.698,0.0149,8516
637,8,-15.136,0,3,5,1,0,0,0.698,0.0149,8524
638,14,-9.993,0,2,7,1,0,0,0.697,0.0149,8538
639,50,-13.845,1,7,16,1,0,0,0.697,0.0149,8588
640,58,-11.181,1,11,24,1,0,0,0.696,0.0149,8646
641,17,-15.143,0,0,7,1,0,0,0.696,0.0149,8663
642,8,-13.289,0,3,2,1,0,0,0.696,0.0149,8671
643,10,-13.331,0,2,5,1,0,0,0.695,0.0149,8681
644,66,-18.4,0,7,27,1,0,0,0.695,0.0149,8747
645,15,-15.62,0,3,7,1,0,0,0.694,0.0148,8762
646,35,-15.718,0,9,13,1,0,0,0.694,0.0148,8797
647,6,-14.076,0,3,3,1,0,0,0.693,0.0148,8803
648,7,-14.663,0,2,3,1,0,0,0.693,0.0148,8810
649,11,-14.275,0,3,5,1,0,0,0.692,0.0148,8821
650,6,-14.782,0,0,2,1,0,0,0.692,0.0148,8827
651,5,-13.394,0,3,2,1,0,0,0.691,0.0148,8832
652,14,-15.824,0,4,7,1,0,0,0.691,0.0148,8846
653,26,-15.256,0,4,14,1,0,0,0.69,0.0148,8872
654,12,-12.491,0,4,4,1,0,0,0.69,0.0148,8884
655,23,-15.632,0,4,11,1,0,0,0.689,0.0148,8907
656,10,-11.715,0,3,3,1,0,0,0.689,0.0148,8917
657,5,-13.145,0,3,1,1,0,0,0.688,0.0148,8922
658,26,-16.373,0,2,10,1,0,0,0.688,0.0147,8948
659,5,-13.395,0,3,2,1,0,0,0.687,0.0147,8953
660,7,-11.626,0,3,1,1,0,0,0.687,0.0147,8960
661,11,-14.58,0,3,2,1,0,0,0.686,0.0147,8971
662,26,-13.255,0,3,8,1,0,0,0.686,0.0147,8997
663,9,-14.226,0,3,6,1,0,0,0.686,0.0147,9006
664,24,-14.632,0,2,15,1,0,0,0.685,0.0147,9030
665,21,-14.384,0,5,10,1,0,0,0.685,0.0147,9051
666,11,-15.142,0,2,2,1,0,0,0.684,0.0147,9062
667,7,-12.363,0,2,1,1,0,0,0.684,0.0147,9069
668,29,-14.59,0,3,13,1,0,0,0.683,0.0147,9098
669,10,-14.755,0,3,6,1,0,0,0.683,0.0147,9108
670,41,-15.65,0,5,20,1,0,0,0.682,0.0146,9149
671,35,-16.751,0,4,13,1,0,0,0.682,0.0146,9184
672,23,-13.604,0,7,9,1,0,0,0.681,0.0146,9207
673,7,-11.832,0,1,2,1,0,0,0.681,0.0146,9214
674,9,-14.295,0,2,5,1,0,0,0.68,0.0146,9223
675,6,-10.297,0,2,1,1,0,0,0.68,0.0146,9229
676,10,-13.408,0,3,6,1,0,0,0.679,0.0146,9239
677,5,-14.947,0,3,3,1,0,0,0.679,0.0146,9244
678,7,-15.12,0,4,5,1,0,0,0.678,0.0146,9251
679,5,-13.714,0,4,1,1,0,0,0.678,0.0146,9256
680,5,-16.239,0,1,3,1,0,0,0.677,0.0146,9261
681,13,-15.02,0,2,6,1,0,0,0.677,0.0146,9274
682,16,-15.006,0,4,8,1,0,0,0.677,0.0146,9290
683,6,-14.055,0,4,4,1,0,0,0.676,0.0145,9296
684,7,-13.561,0,1,1,1,0,0,0.676,0.0145,9303
685,5,-15.042,0,3,3,1,0,0,0.675,0.0145,9308
686,8,-15.629,0,4,4,1,0,0,0.675,0.0145,9316
687,18,-14.76,0,3,8,1,0,0,0.674,0.0145,9334
688,37,-17.477,0,5,24,1,0,0,0.674,0.0145,9371
689,36,-15.669,0,2,14,1,0,0,0.673,0.0145,9407
690,27,-15.643,0,5,13,1,0,0,0.673,0.0145,9434
691,27,-14.298,0,8,9,1,0,0,0.672,0.0145,9461
692,23,-14.393,0,3,13,1,0,0,0.672,0.0145,9484
693,27,-17.585,0,4,15,1,0,0,0.671,0.0145,9511
694,9,-14.972,0,2,6,1,0,0,0.671,0.0145,9520
695,30,-14.535,0,4,14,1,0,0,0.67,0.0144,9550
696,7,-14.593,0,3,4,1,0,0,0.67,0.0144,9557
697,13,-12.273,0,2,7,1,0,0,0.669,0.0144,9570
698,8,-15.616,0,3,2,1,0,0,0.669,0.0144,9578
699,62,-17.932,0,4,30,1,0,0,0.668,0.0144,9640
700,8,-10.499,0,4,1,1,0,0,0.668,0.0144,9648
701,8,-15.386,0,4,3,1,0,0,0.667,0.0144,9656
702,16,-15.43,0,4,9,1,0,0,0.667,0.0144,9672
703,27,-15.404,0,3,14,1,0,0,0.667,0.0144,9699
704,9,-15.149,0,2,4,1,0,0,0.666,0.0144,9708
705,6,-13.976,0,4,3,1,0,0,0.666,0.0144,9714
706,5,-15.04,0,2,2,1,0,0,0.665,0.0144,9719
707,20,-12.694,0,3,8,1,0,0,0.665,0.0144,9739
708,17,-15.362,0,4,7,1,0,0,0.664,0.0143,9756
709,22,-16.227,0,3,13,1,0,0,0.664,0.0143,9778
710,7,-11.28,0,3,1,1,0,0,0.663,0.0143,9785
711,19,-13.387,0,3,5,1,0,0,0.663,0.0143,9804
712,9,-14.485,0,1,5,1,0,0,0.662,0.0143,9813
713,16,-16.427,0,1,11,1,0,0,0.662,0.0143,9829
714,41,-17.068,0,6,17,1,0,0,0.661,0.0143,9870
715,5,-14.599,0,1,3,1,0,0,0.661,0.0143,9875
716,7,-14.696,0,2,4,1,0,0,0.66,0.0143,9882
717,19,-14.671,0,3,11,1,0,0,0.66,0.0143,9901
718,21,-12.406,0,3,9,1,0,0,0.659,0.0143,9922
719,32,-15.377,0,7,13,1,0,0,0.659,0.0143,9954
720,17,-16.015,0,6,7,1,0,0,0.658,0.0142,9971
721,18,-14.735,0,3,9,1,0,0,0.658,0.0142,9989
722,38,-13.105,1,8,8,1,0,0,0.658,0.0142,10027
723,5,-15.537,0,2,2,1,0,0,0.657,0.0142,10032
724,13,-15.613,0,3,10,1,0,0,0.657,0.0142,10045
725,73,-18.208,0,6,32,1,0,0,0.656,0.0142,10118
726,11,-13.447,0,4,4,1,0,0,0.656,0.0142,10129
727,38,-16.61,0,7,18,1,0,0,0.655,0.0142,10167
728,48,-18.312,0,4,19,1,0,0,0.655,0.0142,10215
729,7,-14.195,0,2,4,1,0,0,0.654,0.0142,10222
730,5,-15.347,0,4,3,1,0,0,0.654,0.0142,10227
731,11,-14.575,0,2,7,1,0,0,0.653,0.0142,10238
732,23,-13.451,0,3,7,1,0,0,0.653,0.0142,10261
733,25,-14.041,0,4,12,1,0,0,0.652,0.0141,10286
734,20,-16.084,0,4,13,1,0,0,0.652,0.0141,10306
735,55,-16.178,0,7,24,1,0,0,0.651,0.0141,10361
736,37,-13.889,0,7,15,1,0,0,0.651,0.0141,10398
737,21,-16.415,0,3,11,1,0,0,0.65,0.0141,10419
738,5,-14.049,0,2,3,1,0,0,0.65,0.0141,10424
739,5,-14.897,0,4,3,1,0,0,0.649,0.0141,10429
740,10,-15.207,0,3,4,1,0,0,0.649,0.0141,10439
741,17,-15.035,0,3,12,1,0,0,0.648,0.0141,10456
742,8,-15.028,0,4,4,1,0,0,0.648,0.0141,10464
743,40,-17.014,0,7,25,1,0,0,0.648,0.0141,10504
744,11,-13.43,0,1,4,1,0,0,0.647,0.0141,10515
745,33,-17.363,0,2,15,1,0,0,0.647,0.014,10548
746,121,-16.254,0,10,46,1,0,0,0.646,0.014,10669
747,7,-11.582,0,3,1,1,0,0,0.646,0.014,10676
748,49,-13.35,0,6,11,1,0,0,0.645,0.014,10725
749,24,-15.682,0,3,10,1,0,0,0.645,0.014,10749
750,14,-13.564,0,6,6,1,0,0,0.644,0.014,10763
751,22,-15.512,0,6,13,1,0,0,0.644,0.014,10785
752,7,-15.065,0,3,3,1,0,0,0.643,0.014,10792
753,40,-16.776,0,5,18,1,0,0,0.643,0.014,10832
754,16,-11.96,0,2,6,1,0,0,0.642,0.014,10848
755,6,-11.929,0,4,3,1,0,0,0.642,0.014,10854
756,16,-13.954,0,6,4,1,0,0,0.641,0.014,10870
757,7,-14.578,0,2,3,1,0,0,0.641,0.014,10877
758,27,-14.382,0,4,8,1,0,0,0.64,0.0139,10904
759,105,-18.864,0,9,48,1,0,0,0.64,0.0139,11009
760,12,-15.228,0,3,8,1,0,0,0.639,0.0139,11021
761,7,-9.63,0,2,1,1,0,0,0.639,0.0139,11028
762,10,-14.339,0,3,4,1,0,0,0.639,0.0139,11038
763,34,-15.416,0,3,13,1,0,0,0.638,0.0139,11072
764,15,-14.719,0,2,8,1,0,0,0.638,0.0139,11087
765,13,-13.296,0,3,5,1,0,0,0.637,0.0139,11100
766,10,-15.205,0,3,4,1,0,0,0.637,0.0139,11110
767,20,-11.845,0,2,5,1,0,0,0.636,0.0139,11130
768,28,-14.006,0,4,10,1,0,0,0.636,0.0139,11158
769,11,-12.891,0,1,4,1,0,0,0.635,0.0139,11169
770,9,-14.472,0,3,4,1,0,0,0.635,0.0138,11178
771,149,-20.899,1,9,54,1,0,0,0.634,0.0138,11327
772,13,-16.232,0,4,6,1,0,0,0.634,0.0138,11340
773,23,-14.687,0,6,8,1,0,0,0.633,0.0138,11363
774,8,-14.747,0,3,6,1,0,0,0.633,0.0138,11371
775,8,-12.642,0,2,4,1,0,0,0.632,0.0138,11379
776,11,-15.846,0,4,6,1,0,0,0.632,0.0138,11390
777,27,-13.851,0,3,12,1,0,0,0.631,0.0138,11417
778,25,-16.158,0,5,14,1,0,0,0.631,0.0138,11442
779,37,-18.172,0,4,19,1,0,0,0.63,0.0138,11479
780,7,-13.956,0,2,1,1,0,0,0.63,0.0138,11486
781,7,-14.822,0,2,5,1,0,0,0.63,0.0138,11493
782,30,-13.545,0,3,6,1,0,0,0.629,0.0138,11523
783,10,-13.195,0,3,6,1,0,0,0.629,0.0137,11533
784,7,-13.591,0,6,2,1,0,0,0.628,0.0137,11540
785,23,-13.988,0,4,10,1,0,0,0.628,0.0137,11563
786,11,-12.563,0,3,3,1,0,0,0.627,0.0137,11574
787,63,-18.996,0,4,32,1,0,0,0.627,0.0137,11637
788,32,-13.365,0,6,11,1,0,0,0.626,0.0137,11669
789,5,-13.425,0,3,1,1,0,0,0.626,0.0137,11674
790,9,-15.194,0,2,3,1,0,0,0.625,0.0137,11683
791,11,-15.465,0,3,6,1,0,0,0.625,0.0137,11694
792,37,-13.011,0,2,19,1,0,0,0.624,0.0137,11731
793,10,-12.284,0,1,4,1,0,0,0.624,0.0137,11741
794,25,-14.578,0,3,9,1,0,0,0.623,0.0137,11766
795,54,-14.344,0,7,23,1,0,0,0.623,0.0136,11820
796,34,-14.438,0,3,11,1,0,0,0.622,0.0136,11854
797,13,-10.64,0,4,3,1,0,0,0.622,0.0136,11867
798,20,-15.041,0,2,14,1,0,0,0.621,0.0136,11887
799,25,-13.301,0,2,7,1,0,0,0.621,0.0136,11912
800,15,-15.611,0,2,5,1,0,0,0.62,0.0136,11927
801,15,-10.151,0,2,2,1,0,0,0.62,0.0136,11942
802,52,-16.252,0,6,22,1,0,0,0.62,0.0136,11994
803,7,-12.595,0,3,4,1,0,0,0.619,0.0136,12001
804,18,-14.049,0,2,13,1,0,0,0.619,0.0136,12019
805,18,-14.675,0,3,7,1,0,0,0.618,0.0136,12037
806,14,-16.349,0,3,8,1,0,0,0.618,0.0136,12051
807,7,-15.645,0,3,4,1,0,0,0.617,0.0136,12058
808,31,-9.82,1,10,12,1,0,0,0.617,0.0135,12089
809,5,-15.139,0,1,2,1,0,0,0.616,0.0135,12094
810,16,-13.111,0,5,3,1,0,0,0.616,0.0135,12110
811,12,-13.547,0,3,4,1,0,0,0.615,0.0135,12122
812,61,-19.659,0,2,31,1,0,0,0.615,0.0135,12183
813,42,-13.75,0,4,12,1,0,0,0.614,0.0135,12225
814,9,-15.205,0,2,2,1,0,0,0.614,0.0135,12234
815,45,-15.382,0,4,15,1,0,0,0.613,0.0135,12279
816,9,-10.321,0,3,2,1,0,0,0.613,0.0135,12288
817,23,-15.57,0,4,13,1,0,0,0.612,0.0135,12311
818,5,-15.352,0,4,3,1,0,0,0.612,0.0135,12316
819,25,-15.93,0,2,12,1,0,0,0.611,0.0135,12341
820,42,-18.331,0,3,22,1,0,0,0.611,0.0134,12383
821,15,-13.791,0,7,4,1,0,0,0.611,0.0134,12398
822,7,-14.015,0,3,3,1,0,0,0.61,0.0134,12405
823,9,-14.347,0,2,5,1,0,0,0.61,0.0134,12414
824,21,-11.509,0,2,10,1,0,0,0.609,0.0134,12435
825,16,-15.787,0,3,7,1,0,0,0.609,0.0134,12451
826,10,-13.746,0,3,5,1,0,0,0.608,0.0134,12461
827,5,-13.195,0,3,2,1,0,0,0.608,0.0134,12466
828,35,-15.809,0,3,17,1,0,0,0.607,0.0134,12501
829,6,-15.12,0,3,3,1,0,0,0.607,0.0134,12507
830,11,-14.178,0,4,6,1,0,0,0.606,0.0134,12518
831,30,-16.731,0,3,15,1,0,0,0.606,0.0134,12548
832,32,-16.049,0,5,16,1,0,0,0.605,0.0134,12580
833,42,-17.494,0,4,12,1,0,0,0.605,0.0133,12622
834,38,-14.781,0,5,18,1,0,0,0.604,0.0133,12660
835,15,-13.742,0,4,5,1,0,0,0.604,0.0133,12675
836,48,-15.437,0,10,16,1,0,0,0.603,0.0133,12723
837,5,-15.049,0,2,3,1,0,0,0.603,0.0133,12728
838,64,-20.368,0,5,29,1,0,0,0.602,0.0133,12792
839,32,-12.998,0,3,6,1,0,0,0.602,0.0133,12824
840,17,-14.689,0,3,8,1,0,0,0.601,0.0133,12841
841,14,-16.397,0,3,6,1,0,0,0.601,0.0133,12855
842,31,-13.424,0,4,15,1,0,0,0.601,0.0133,12886
843,47,-16.872,0,4,21,1,0,0,0.6,0.0133,12933
844,6,-14.881,0,4,3,1,0,0,0.6,0.0133,12939
845,14,-15.253,0,4,4,1,0,0,0.599,0.0132,12953
846,22,-15.509,0,5,12,1,0,0,0.599,0.0132,12975
847,34,-15.027,0,3,19,1,0,0,0.598,0.0132,13009
848,14,-12.849,0,4,6,1,0,0,0.598,0.0132,13023
849,5,-13.772,0,4,2,1,0,0,0.597,0.0132,13028
850,23,-12.426,0,3,10,1,0,0,0.597,0.0132,13051
851,15,-13.908,0,4,8,1,0,0,0.596,0.0132,13066
852,114,-18.267,0,14,46,1,0,0,0.596,0.0132,13180
853,5,-15.597,0,2,3,1,0,0,0.595,0.0132,13185
854,53,-15.845,0,5,22,1,0,0,0.595,0.0132,13238
855,43,-17.217,0,8,21,1,0,0,0.594,0.0132,13281
856,20,-15.163,0,3,13,1,0,0,0.594,0.0132,13301
857,84,-20.415,0,7,38,1,0,0,0.593,0.0132,13385
858,43,-16.381,0,4,22,1,0,0,0.593,0.0131,13428
859,7,-13.76,0,3,1,1,0,0,0.592,0.0131,13435
860,34,-16.539,0,4,10,1,0,0,0.592,0.0131,13469
861,47,-16.159,0,2,16,1,0,0,0.592,0.0131,13516
862,10,-15.478,0,2,5,1,0,0,0.591,0.0131,13526
863,14,-12.405,0,2,4,1,0,0,0.591,0.0131,13540
864,14,-14.858,0,4,6,1,0,0,0.59,0.0131,13554
865,9,-15.721,0,3,4,1,0,0,0.59,0.0131,13563
866,9,-13.657,0,2,2,1,0,0,0.589,0.0131,13572
867,63,-12.377,0,9,23,1,0,0,0.589,0.0131,13635
868,5,-14.897,0,4,3,1,0,0,0.588,0.0131,13640
869,8,-14.678,0,3,4,1,0,0,0.588,0.0131,13648
870,61,-19.621,0,3,27,1,0,0,0.587,0.013,13709
871,5,-14.736,0,4,1,1,0,0,0.587,0.013,13714
872,25,-12.271,1,3,6,1,0,0,0.586,0.013,13739
873,76,-17.108,0,6,21,1,0,0,0.586,0.013,13815
874,5,-14.934,0,3,2,1,0,0,0.585,0.013,13820
875,35,-15.989,0,6,11,1,0,0,0.585,0.013,13855
876,32,-16.793,0,2,16,1,0,0,0.584,0.013,13887
877,11,-14.617,0,3,3,1,0,0,0.584,0.013,13898
878,9,-14.339,0,2,5,1,0,0,0.583,0.013,13907
879,5,-14.059,0,3,3,1,0,0,0.583,0.013,13912
880,5,-14.379,0,2,1,1,0,0,0.582,0.013,13917
881,5,-16.165,0,3,4,1,0,0,0.582,0.013,13922
882,13,-14.445,0,2,5,1,0,0,0.582,0.013,13935
883,39,-16.619,0,3,18,1,0,0,0.581,0.0129,13974
884,26,-16.393,0,4,14,1,0,0,0.581,0.0129,14000
885,5,-15.441,0,4,3,1,0,0,0.58,0.0129,14005
886,14,-12.68,0,2,5,1,0,0,0.58,0.0129,14019
887,46,-16.033,0,4,16,1,0,0,0.579,0.0129,14065
888,7,-13.938,0,3,3,1,0,0,0.579,0.0129,14072
889,5,-13.44,0,3,2,1,0,0,0.578,0.0129,14077
890,41,-15.247,0,3,26,1,0,0,0.578,0.0129,14118
891,23,-13.894,0,5,11,1,0,0,0.577,0.0129,14141
892,49,-13.435,0,3,9,1,0,0,0.577,0.0129,14190
893,7,-15.425,0,4,3,1,0,0,0.576,0.0129,14197
894,71,-18.934,0,6,34,1,0,0,0.576,0.0129,14268
895,7,-15.571,0,3,3,1,0,0,0.575,0.0128,14275
896,17,-14.672,0,5,7,1,0,0,0.575,0.0128,14292
897,36,-16.243,0,8,21,1,0,0,0.574,0.0128,14328
898,8,-13.086,0,3,4,1,0,0,0.574,0.0128,14336
899,6,-11.897,0,2,2,1,0,0,0.573,0.0128,14342
900,5,-15.116,0,1,2,1,0,0,0.573,0.0128,14347
901,48,-13.083,0,6,15,1,0,0,0.573,0.0128,14395
902,19,-16.488,0,4,11,1,0,0,0.572,0.0128,14414
903,11,-14.37,0,3,4,1,0,0,0.572,0.0128,14425
904,7,-10.024,0,2,1,1,0,0,0.571,0.0128,14432
905,18,-15.861,0,4,10,1,0,0,0.571,0.0128,14450
906,5,-14.896,0,4,3,1,0,0,0.57,0.0128,14455
907,88,-16.652,0,7,31,1,0,0,0.57,0.0128,14543
908,26,-14.689,0,5,15,1,0,0,0.569,0.0127,14569
909,6,-12.412,0,2,2,1,0,0,0.569,0.0127,14575
910,31,-14.699,0,9,10,1,0,0,0.568,0.0127,14606
911,10,-12.182,0,3,5,1,0,0,0.568,0.0127,14616
912,51,-16.07,1,5,19,1,0,0,0.567,0.0127,14667
913,28,-16.127,0,3,13,1,0,0,0.567,0.0127,14695
914,8,-14.054,0,3,3,1,0,0,0.566,0.0127,14703
915,52,-12.942,2,9,16,1,0,0,0.566,0.0127,14755
916,81,-16.015,0,5,36,1,0,0,0.565,0.0127,14836
917,47,-11.915,0,4,17,1,0,0,0.565,0.0127,14883
918,26,-16.188,0,5,14,1,0,0,0.564,0.0127,14909
919,7,-13.69,0,4,3,1,0,0,0.564,0.0127,14916
920,35,-12.791,0,4,20,1,0,0,0.563,0.0126,14951
921,10,-9.024,0,5,1,1,0,0,0.563,0.0126,14961
922,25,-15.613,0,5,12,1,0,0,0.563,0.0126,14986
923,15,-14.812,0,3,5,1,0,0,0.562,0.0126,15001
924,12,-16.16,0,3,6,1,0,0,0.562,0.0126,15013
925,37,-16.075,0,4,15,1,0,0,0.561,0.0126,15050
926,83,-16.235,0,10,32,1,0,0,0.561,0.0126,15133
927,18,-16.023,0,3,7,1,0,0,0.56,0.0126,15151
928,66,-12.219,0,6,17,1,0,0,0.56,0.0126,15217
929,25,-14.81,0,5,10,1,0,0,0.559,0.0126,15242
930,31,-16.115,0,4,10,1,0,0,0.559,0.0126,15273
931,34,-15.658,0,3,13,1,0,0,0.558,0.0126,15307
932,6,-12.479,0,3,4,1,0,0,0.558,0.0126,15313
933,46,-16.118,0,4,19,1,0,0,0.557,0.0125,15359
934,50,-12.767,0,9,20,1,0,0,0.557,0.0125,15409
935,48,-14.701,0,8,17,1,0,0,0.556,0.0125,15457
936,29,-14.959,0,6,11,1,0,0,0.556,0.0125,15486
937,95,-14.515,1,7,32,1,0,0,0.555,0.0125,15581
938,7,-13.415,0,4,3,1,0,0,0.555,0.0125,15588
939,9,-11.96,0,3,3,1,0,0,0.554,0.0125,15597
940,5,-13.481,0,4,3,1,0,0,0.554,0.0125,15602
941,12,-15.934,0,3,6,1,0,0,0.553,0.0125,15614
942,17,-16.083,0,4,8,1,0,0,0.553,0.0125,15631
943,5,-14.817,0,4,2,1,0,0,0.553,0.0125,15636
944,5,-13.895,0,3,2,1,0,0,0.552,0.0125,15641
945,30,-14.284,0,2,11,1,0,0,0.552,0.0124,15671
946,21,-15.346,0,5,10,1,0,0,0.551,0.0124,15692
947,14,-11.226,0,3,5,1,0,0,0.551,0.0124,15706
948,17,-15.582,0,3,12,1,0,0,0.55,0.0124,15723
949,27,-13.182,0,3,16,1,0,0,0.55,0.0124,15750
950,21,-14.002,0,5,6,1,0,0,0.549,0.0124,15771
951,7,-15.29,0,2,4,1,0,0,0.549,0.0124,15778
952,5,-13.541,0,3,3,1,0,0,0.548,0.0124,15783
953,10,-12.106,0,3,1,1,0,0,0.548,0.0124,15793
954,9,-13.042,0,3,3,1,0,0,0.547,0.0124,15802
955,10,-14.699,0,2,5,1,0,0,0.547,0.0124,15812
956,5,-15.694,0,1,3,1,0,0,0.546,0.0124,15817
957,19,-14.288,0,5,6,1,0,0,0.546,0.0124,15836
958,139,-22.12,0,6,67,1,0,0,0.545,0.0123,15975
959,34,-15.146,0,6,16,1,0,0,0.545,0.0123,16009
960,17,-14.518,0,3,10,1,0,0,0.544,0.0123,16026
961,6,-12.48,0,3,3,1,0,0,0.544,0.0123,16032
962,40,-17.284,0,5,20,1,0,0,0.544,0.0123,16072
963,118,-16.743,0,8,44,1,0,0,0.543,0.0123,16190
964,17,-11.564,0,2,8,1,0,0,0.543,0.0123,16207
965,57,-18.222,0,5,25,1,0,0,0.542,0.0123,16264
966,5,-15.075,0,3,4,1,0,0,0.542,0.0123,16269
967,62,-17.393,0,5,32,1,0,0,0.541,0.0123,16331
968,59,-14.273,0,9,20,1,0,0,0.541,0.0123,16390
969,42,-17.513,0,4,25,1,0,0,0.54,0.0123,16432
970,44,-16.973,0,4,23,1,0,0,0.54,0.0122,16476
971,13,-13.468,0,5,4,1,0,0,0.539,0.0122,16489
972,20,-12.494,0,6,9,1,0,0,0.539,0.0122,16509
973,66,-18.254,0,7,32,1,0,0,0.538,0.0122,16575
974,64,-18.727,0,4,34,1,0,0,0.538,0.0122,16639
975,36,-16.455,0,8,18,1,0,0,0.537,0.0122,16675
976,29,-14.476,0,9,13,1,0,0,0.537,0.0122,16704
977,41,-17.956,0,4,18,1,0,0,0.536,0.0122,16745
978,30,-14.127,0,3,17,1,0,0,0.536,0.0122,16775
979,85,-19.519,0,8,45,1,0,0,0.535,0.0122,16860
980,31,-14.791,0,5,11,1,0,0,0.535,0.0122,16891
981,27,-15.532,0,4,16,1,0,0,0.534,0.0122,16918
982,76,-17.915,0,6,36,1,0,0,0.534,0.0122,16994
983,7,-14.723,0,3,5,1,0,0,0.534,0.0121,17001
984,5,-15.085,0,3,3,1,0,0,0.533,0.0121,17006
985,70,-17.764,0,11,30,1,0,0,0.533,0.0121,17076
986,13,-15.55,0,3,7,1,0,0,0.532,0.0121,17089
987,14,-15.192,0,3,9,1,0,0,0.532,0.0121,17103
988,29,-13.282,0,5,11,1,0,0,0.531,0.0121,17132
989,59,-17.405,0,7,20,1,0,0,0.531,0.0121,17191
990,35,-13.575,1,5,17,1,0,0,0.53,0.0121,17226
991,15,-14.29,0,3,4,1,0,0,0.53,0.0121,17241
992,40,-13.879,0,6,18,1,0,0,0.529,0.0121,17281
993,13,-14.883,0,3,5,1,0,0,0.529,0.0121,17294
994,42,-15.213,0,9,15,1,0,0,0.528,0.0121,17336
995,39,-14.24,0,4,12,1,0,0,0.528,0.012,17375
996,31,-14.513,0,8,15,1,0,0,0.527,0.012,17406
997,112,-19.318,0,9,38,1,0,0,0.527,0.012,17518
998,31,-15.344,0,7,15,1,0,0,0.526,0.012,17549
999,21,-15.068,0,4,5,1,0,0,0.526,0.012,17570
1000,87,-17.537,0,8,23,1,0,0,0.525,0.012,17657
1001,32,-15.66,0,4,15,1,0,0,0.525,0.012,17689
1002,10,-14.522,0,3,2,1,0,0,0.525,0.012,17699
1003,30,-16.383,0,6,18,1,0,0,0.524,0.012,17729
1004,41,-15.675,0,6,20,1,0,0,0.524,0.012,17770
1005,20,-15.105,0,2,8,1,0,0,0.523,0.012,17790
1006,24,-15.623,0,2,12,1,0,0,0.523,0.012,17814
1007,19,-14.853,0,4,8,1,0,0,0.522,0.012,17833
1008,14,-10.948,0,2,1,1,0,0,0.522,0.0119,17847
1009,7,-11.165,0,3,1,1,0,0,0.521,0.0119,17854
1010,47,-14.098,0,7,17,1,0,0,0.521,0.0119,17901
1011,28,-16.093,0,3,11,1,0,0,0.52,0.0119,17929
1012,86,-19.481,0,5,45,1,0,0,0.52,0.0119,18015
1013,5,-15.096,0,2,3,1,0,0,0.519,0.0119,18020
1014,11,-13.352,0,3,6,1,0,0,0.519,0.0119,18031
1015,20,-16.549,0,3,13,1,0,0,0.518,0.0119,18051
1016,56,-16.262,0,8,17,1,0,0,0.518,0.0119,18107
1017,12,-15.058,0,3,7,1,0,0,0.517,0.0119,18119
1018,11,-15.652,0,1,8,1,0,0,0.517,0.0119,18130
1019,17,-12.109,0,6,5,1,0,0,0.516,0.0119,18147
1020,102,-18.965,0,12,41,1,0,0,0.516,0.0118,18249
1021,88,-15.636,0,17,33,1,0,0,0.515,0.0118,18337
1022,40,-16.846,0,6,16,1,0,0,0.515,0.0118,18377
1023,35,-12.976,0,9,12,1,0,0,0.515,0.0118,18412
1024,72,-18.801,0,13,31,1,0,0,0.514,0.0118,18484
1025,82,-13.652,0,8,24,1,0,0,0.514,0.0118,18566
1026,12,-12.296,0,2,3,1,0,0,0.513,0.0118,18578
1027,9,-11.38,0,3,2,1,0,0,0.513,0.0118,18587
1028,6,-14.056,0,4,4,1,0,0,0.512,0.0118,18593
1029,29,-14.83,0,9,9,1,0,0,0.512,0.0118,18622
1030,54,-13.707,0,5,18,1,0,0,0.511,0.0118,18676
1031,65,-16.355,0,7,29,1,0,0,0.511,0.0118,18741
1032,50,-19.313,0,6,25,1,0,0,0.51,0.0118,18791
1033,6,-15.416,0,4,4,1,0,0,0.51,0.0117,18797
1034,75,-18.167,0,4,16,1,0,0,0.509,0.0117,18872
1035,18,-15.077,0,3,6,1,0,0,0.509,0.0117,18890
1036,27,-12.951,0,6,12,1,0,0,0.508,0.0117,18917
1037,53,-16.594,1,5,32,1,0,0,0.508,0.0117,18970
1038,89,-17.368,0,7,39,1,0,0,0.507,0.0117,19059
1039,89,-14.785,0,8,41,1,0,0,0.507,0.0117,19148
1040,6,-13.622,0,2,3,1,0,0,0.506,0.0117,19154
1041,62,-18.713,0,4,34,1,0,0,0.506,0.0117,19216
1042,42,-16.916,0,1,15,1,0,0,0.506,0.0117,19258
1043,20,-15.689,0,3,8,1,0,0,0.505,0.0117,19278
1044,9,-14.808,0,3,7,1,0,0,0.505,0.0117,19287
1045,7,-12.511,0,3,3,1,0,0,0.504,0.0116,19294
1046,5,-15.416,0,3,2,1,0,0,0.504,0.0116,19299
1047,14,-12.005,0,2,6,1,0,0,0.503,0.0116,19313
1048,18,-13.153,0,2,8,1,0,0,0.503,0.0116,19331
1049,10,-15.298,0,2,8,1,0,0,0.502,0.0116,19341
1050,36,-11.858,0,11,8,1,0,0,0.502,0.0116,19377
1051,34,-17.052,0,6,13,1,0,0,0.501,0.0116,19411
1052,41,-16.062,0,5,17,1,0,0,0.501,0.0116,19452
1053,17,-14.205,0,3,5,1,0,0,0.5,0.0116,19469
1054,56,-14.749,0,1,27,1,0,0,0.5,0.0116,19525
1055,12,-16.843,0,4,6,1,0,0,0.499,0.0116,19537
1056,69,-10.735,1,9,19,1,0,0,0.499,0.0116,19606
1057,85,-13.461,1,10,34,1,0,0,0.498,0.0116,19691
1058,25,-13.627,1,4,6,1,0,0,0.498,0.0115,19716
1059,29,-14.585,0,8,12,1,0,0,0.497,0.0115,19745
1060,34,-14.015,0,3,20,1,0,0,0.497,0.0115,19779
1061,39,-16.482,0,8,21,1,0,0,0.496,0.0115,19818
1062,6,-13.851,0,3,2,1,0,0,0.496,0.0115,19824
1063,5,-15.497,0,3,3,1,0,0,0.496,0.0115,19829
1064,7,-14.002,0,3,4,1,0,0,0.495,0.0115,19836
1065,46,-14.88,0,3,14,1,0,0,0.495,0.0115,19882
1066,55,-12.838,0,9,21,1,0,0,0.494,0.0115,19937
1067,9,-13.628,0,1,5,1,0,0,0.494,0.0115,19946
1068,39,-17.931,0,5,21,1,0,0,0.493,0.0115,19985
1069,60,-16.539,1,8,23,1,0,0,0.493,0.0115,20045
1070,47,-15.424,0,5,15,1,0,0,0.492,0.0114,20092
1071,141,-20.125,0,9,49,1,0,0,0.492,0.0114,20233
1072,31,-15.52,0,3,13,1,0,0,0.491,0.0114,20264
1073,7,-14.19,0,2,4,1,0,0,0.491,0.0114,20271
1074,29,-15.921,0,7,11,1,0,0,0.49,0.0114,20300
1075,15,-14.374,0,6,7,1,0,0,0.49,0.0114,20315
1076,30,-15.232,0,4,10,1,0,0,0.489,0.0114,20345
1077,9,-15.741,0,4,5,1,0,0,0.489,0.0114,20354
1078,112,-18.865,0,10,44,1,0,0,0.488,0.0114,20466
1079,38,-16.391,0,4,17,1,0,0,0.488,0.0114,20504
1080,21,-12.951,0,2,8,1,0,0,0.487,0.0114,20525
1081,15,-14.079,0,3,7,1,0,0,0.487,0.0114,20540
1082,14,-9.707,0,3,4,1,0,0,0.487,0.0114,20554
1083,44,-14.012,0,8,16,1,0,0,0.486,0.0113,20598
1084,36,-14.97,0,7,15,1,0,0,0.486,0.0113,20634
1085,90,-15.417,0,6,22,1,0,0,0.485,0.0113,20724
1086,18,-14.735,0,4,11,1,0,0,0.485,0.0113,20742
1087,32,-14.623,0,5,9,1,0,0,0.484,0.0113,20774
1088,15,-14.456,0,4,9,1,0,0,0.484,0.0113,20789
1089,76,-16.714,0,10,26,1,0,0,0.483,0.0113,20865
1090,81,-12.611,0,6,33,1,0,0,0.483,0.0113,20946
1091,84,-13.888,0,5,20,1,0,0,0.482,0.0113,21030
1092,72,-12.464,0,6,33,1,0,0,0.482,0.0113,21102
1093,69,-17.867,0,2,22,1,0,0,0.481,0.0113,21171
1094,9,-13.183,0,3,6,1,0,0,0.481,0.0113,21180
1095,6,-9.737,0,2,0,1,0,0,0.48,0.0112,21186
1096,61,-16.009,0,6,35,1,0,0,0.48,0.0112,21247
1097,39,-11.891,0,8,10,1,0,0,0.479,0.0112,21286
1098,34,-14.486,0,4,7,1,0,0,0.479,0.0112,21320
1099,131,-22.238,0,5,61,1,0,0,0.478,0.0112,21451
1100,21,-12.877,0,3,8,1,0,0,0.478,0.0112,21472
1101,31,-14.367,0,3,7,1,0,0,0.477,0.0112,21503
1102,43,-14.399,0,3,20,1,0,0,0.477,0.0112,21546
1103,6,-14.179,0,3,4,1,0,0,0.477,0.0112,21552
1104,66,-15.769,0,7,18,1,0,0,0.476,0.0112,21618
1105,85,-20.092,0,9,38,1,0,0,0.476,0.0112,21703
1106,43,-18.657,0,4,25,1,0,0,0.475,0.0112,21746
1107,21,-15.1,0,6,15,1,0,0,0.475,0.0112,21767
1108,18,-14.176,0,3,8,1,0,0,0.474,0.0111,21785
1109,5,-13.796,0,4,3,1,0,0,0.474,0.0111,21790
1110,53,-17.106,1,6,25,1,0,0,0.473,0.0111,21843
1111,41,-14.587,0,4,16,1,0,0,0.473,0.0111,21884
1112,25,-11.381,0,6,5,1,0,0,0.472,0.0111,21909
1113,25,-9.727,0,5,6,1,0,0,0.472,0.0111,21934
1114,45,-14.94,0,1,16,1,0,0,0.471,0.0111,21979
1115,128,-18.126,0,12,51,1,0,0,0.471,0.0111,22107
1116,26,-14.691,0,2,14,1,0,0,0.47,0.0111,22133
1117,91,-14.411,1,7,34,1,0,0,0.47,0.0111,22224
1118,32,-13.588,0,5,16,1,0,0,0.469,0.0111,22256
1119,45,-17.807,0,5,20,1,0,0,0.469,0.0111,22301
1120,32,-13.31,0,7,12,1,0,0,0.468,0.011,22333
1121,22,-15.265,0,3,13,1,0,0,0.468,0.011,22355
1122,23,-15.15,0,3,7,1,0,0,0.468,0.011,22378
1123,118,-19.877,0,5,49,1,0,0,0.467,0.011,22496
1124,28,-13.544,0,5,7,1,0,0,0.467,0.011,22524
1125,38,-16.762,0,4,13,1,0,0,0.466,0.011,22562
1126,21,-12.702,0,2,9,1,0,0,0.466,0.011,22583
1127,61,-16.78,0,9,16,1,0,0,0.465,0.011,22644
1128,11,-11.22,0,3,1,1,0,0,0.465,0.011,22655
1129,21,-13.08,0,5,12,1,0,0,0.464,0.011,22676
1130,42,-14.142,0,5,14,1,0,0,0.464,0.011,22718
1131,8,-14.455,0,3,3,1,0,0,0.463,0.011,22726
1132,44,-18.737,0,2,25,1,0,0,0.463,0.011,22770
1133,39,-14.638,0,9,13,1,0,0,0.462,0.0109,22809
1134,77,-16.528,0,8,29,1,0,0,0.462,0.0109,22886
1135,22,-16.947,0,3,8,1,0,0,0.461,0.0109,22908
1136,13,-10.35,0,3,4,1,0,0,0.461,0.0109,22921
1137,59,-16.557,0,6,29,1,0,0,0.46,0.0109,22980
1138,55,-19.224,0,2,28,1,0,0,0.46,0.0109,23035
1139,81,-14.785,0,8,29,1,0,0,0.459,0.0109,23116
1140,40,-14.594,1,6,10,1,0,0,0.459,0.0109,23156
1141,5,-15.542,0,3,3,1,0,0,0.459,0.0109,23161
1142,50,-17.727,0,9,20,1,0,0,0.458,0.0109,23211
1143,9,-11.441,0,3,3,1,0,0,0.458,0.0109,23220
1144,26,-14.148,0,4,10,1,0,0,0.457,0.0109,23246
1145,76,-16.901,0,7,34,1,0,0,0.457,0.0108,23322
1146,67,-18.249,0,7,39,1,0,0,0.456,0.0108,23389
1147,49,-13.924,0,6,19,1,0,0,0.456,0.0108,23438
1148,5,-14.139,0,0,1,1,0,0,0.455,0.0108,23443
1149,5,-12.438,0,2,3,1,0,0,0.455,0.0108,23448
1150,54,-17.145,0,6,18,1,0,0,0.454,0.0108,23502
1151,33,-15.706,0,4,12,1,0,0,0.454,0.0108,23535
1152,44,-16.718,0,5,14,1,0,0,0.453,0.0108,23579
1153,16,-14.912,0,3,4,1,0,0,0.453,0.0108,23595
1154,35,-13.455,0,4,15,1,0,0,0.452,0.0108,23630
1155,32,-16.433,0,3,11,1,0,0,0.452,0.0108,23662
1156,35,-12.124,0,4,17,1,0,0,0.451,0.0108,23697
1157,5,-14.997,0,3,3,1,0,0,0.451,0.0108,23702
1158,43,-16.126,0,5,20,1,0,0,0.45,0.0107,23745
1159,14,-11.371,0,3,3,1,0,0,0.45,0.0107,23759
1160,34,-13.224,0,6,11,1,0,0,0.449,0.0107,23793
1161,77,-17.242,1,7,31,1,0,0,0.449,0.0107,23870
1162,5,-15.492,0,3,3,1,0,0,0.449,0.0107,23875
1163,45,-14.655,0,5,19,1,0,0,0.448,0.0107,23920
1164,36,-12.787,0,5,13,1,0,0,0.448,0.0107,23956
1165,31,-14.665,0,4,9,1,0,0,0.447,0.0107,23987
1166,25,-14.834,0,7,7,1,0,0,0.447,0.0107,24012
1167,5,-15.397,0,4,3,1,0,0,0.446,0.0107,24017
1168,29,-15.595,0,3,11,1,0,0,0.446,0.0107,24046
1169,100,-16.532,0,12,30,1,0,0,0.445,0.0107,24146
1170,63,-17.812,0,7,24,1,0,0,0.445,0.0106,24209
1171,8,-14.573,0,2,2,1,0,0,0.444,0.0106,24217
1172,11,-16.083,0,3,6,1,0,0,0.444,0.0106,24228
1173,157,-24.91,1,9,65,1,0,0,0.443,0.0106,24385
1174,48,-15.753,0,8,23,1,0,0,0.443,0.0106,24433
1175,24,-15.557,0,4,7,1,0,0,0.442,0.0106,24457
1176,21,-15.229,0,3,11,1,0,0,0.442,0.0106,24478
1177,25,-14.905,0,4,12,1,0,0,0.441,0.0106,24503
1178,81,-19.15,0,9,35,1,0,0,0.441,0.0106,24584
1179,38,-13.442,0,3,14,1,0,0,0.44,0.0106,24622
1180,34,-13.875,0,3,11,1,0,0,0.44,0.0106,24656
1181,27,-12.475,0,6,11,1,0,0,0.44,0.0106,24683
1182,9,-15.219,0,3,4,1,0,0,0.439,0.0106,24692
1183,117,-19.368,0,20,53,1,0,0,0.439,0.0105,24809
1184,6,-13.181,0,1,3,1,0,0,0.438,0.0105,24815
1185,37,-17.861,0,4,25,1,0,0,0.438,0.0105,24852
1186,37,-16.733,0,4,19,1,0,0,0.437,0.0105,24889
1187,18,-12.88,1,4,4,1,0,0,0.437,0.0105,24907
1188,26,-14.523,0,2,14,1,0,0,0.436,0.0105,24933
1189,138,-19.091,0,9,41,1,0,0,0.436,0.0105,25071
1190,93,-17.954,0,8,34,1,0,0,0.435,0.0105,25164
1191,76,-17.178,1,9,32,1,0,0,0.435,0.0105,25240
1192,57,-14.331,0,8,13,1,0,0,0.434,0.0105,25297
1193,46,-15.911,0,6,8,1,0,0,0.434,0.0105,25343
1194,21,-13.688,0,5,7,1,0,0,0.433,0.0105,25364
1195,53,-17.149,0,4,23,1,0,0,0.433,0.0104,25417
1196,5,-13.452,0,3,3,1,0,0,0.432,0.0104,25422
1197,19,-11.677,0,5,7,1,0,0,0.432,0.0104,25441
1198,5,-13.479,0,3,2,1,0,0,0.431,0.0104,25446
1199,58,-13.045,0,3,21,1,0,0,0.431,0.0104,25504
1200,25,-15.502,0,6,12,1,0,0,0.43,0.0104,25529
1201,6,-14.805,0,4,2,1,0,0,0.43,0.0104,25535
1202,104,-13.086,1,11,35,1,0,0,0.43,0.0104,25639
1203,44,-15.366,0,5,13,1,0,0,0.429,0.0104,25683
1204,5,-15.442,0,4,3,1,0,0,0.429,0.0104,25688
1205,14,-14.012,0,1,7,1,0,0,0.428,0.0104,25702
1206,57,-12.136,0,11,15,1,0,0,0.428,0.0104,25759
1207,63,-20.371,0,4,30,1,0,0,0.427,0.0104,25822
1208,50,-14.467,0,8,15,1,0,0,0.427,0.0103,25872
1209,35,-16.474,0,7,15,1,0,0,0.426,0.0103,25907
1210,6,-15.054,0,3,3,1,0,0,0.426,0.0103,25913
1211,5,-14.911,0,3,2,1,0,0,0.425,0.0103,25918
1212,84,-13.354,0,13,21,1,0,0,0.425,0.0103,26002
1213,123,-17.922,0,11,34,1,0,0,0.424,0.0103,26125
1214,107,-19.227,0,6,40,1,0,0,0.424,0.0103,26232
1215,15,-14.638,0,4,5,1,0,0,0.423,0.0103,26247
1216,9,-14.246,0,3,5,1,0,0,0.423,0.0103,26256
1217,10,-14.101,0,3,4,1,0,0,0.422,0.0103,26266
1218,96,-16.472,0,8,23,1,0,0,0.422,0.0103,26362
1219,17,-13.528,0,5,5,1,0,0,0.421,0.0103,26379
1220,15,-14.43,0,4,8,1,0,0,0.421,0.0102,26394
1221,36,-13.993,0,8,8,1,0,0,0.42,0.0102,26430
1222,5,-13.951,0,3,3,1,0,0,0.42,0.0102,26435
1223,6,-14.936,0,3,3,1,0,0,0.42,0.0102,26441
1224,6,-15.02,0,4,3,1,0,0,0.419,0.0102,26447
1225,147,-20.015,1,15,61,1,0,0,0.419,0.0102,26594
1226,61,-15.665,0,7,20,1,0,0,0.418,0.0102,26655
1227,84,-16.969,0,6,30,1,0,0,0.418,0.0102,26739
1228,5,-13.311,0,4,2,1,0,0,0.417,0.0102,26744
1229,29,-16.712,0,3,13,1,0,0,0.417,0.0102,26773
1230,91,-16.231,0,8,26,1,0,0,0.416,0.0102,26864
1231,89,-16.152,0,9,27,1,0,0,0.416,0.0102,26953
1232,87,-18.437,0,10,28,1,0,0,0.415,0.0102,27040
1233,37,-14.22,0,9,11,1,0,0,0.415,0.0101,27077
1234,95,-16.373,0,5,22,1,0,0,0.414,0.0101,27172
1235,7,-15.995,0,4,3,1,0,0,0.414,0.0101,27179
1236,101,-19.479,0,10,39,1,0,0,0.413,0.0101,27280
1237,31,-15.622,0,1,12,1,0,0,0.413,0.0101,27311
1238,11,-13.145,0,3,4,1,0,0,0.412,0.0101,27322
1239,120,-18.043,0,11,47,1,0,0,0.412,0.0101,27442
1240,27,-17.49,0,3,13,1,0,0,0.411,0.0101,27469
1241,120,-21.474,1,9,72,1,0,0,0.411,0.0101,27589
1242,41,-14.466,0,2,15,1,0,0,0.411,0.0101,27630
1243,71,-14.495,0,11,10,1,0,0,0.41,0.0101,27701
1244,21,-10.609,0,2,8,1,0,0,0.41,0.0101,27722
1245,38,-16.143,0,2,9,1,0,0,0.409,0.01,27760
1246,75,-14.367,0,9,16,1,0,0,0.409,0.01,27835
1247,28,-14.038,0,6,11,1,0,0,0.408,0.01,27863
1248,28,-15.686,0,5,16,1,0,0,0.408,0.01,27891
1249,48,-14.882,0,2,17,1,0,0,0.407,0.01,27939
1250,48,-16.378,1,8,28,1,0,0,0.407,0.01,27987
1251,41,-15.786,0,3,13,1,0,0,0.406,0.01,28028
1252,91,-18.008,0,5,24,1,0,0,0.406,0.01,28119
1253,28,-14.966,0,2,16,1,0,0,0.405,0.01,28147
1254,19,-11.972,0,2,6,1,0,0,0.405,0.01,28166
1255,62,-16.602,0,5,25,1,0,0,0.404,0.01,28228
1256,129,-21.176,0,3,33,1,0,0,0.404,0.01,28357
1257,110,-13.52,1,18,37,1,0,0,0.403,0.01,28467
1258,93,-18.012,1,10,39,1,0,0,0.403,0.0099,28560
1259,25,-11.767,0,4,11,1,0,0,0.402,0.0099,28585
1260,27,-11.389,0,3,6,1,0,0,0.402,0.0099,28612
1261,192,-26.472,0,10,80,1,0,0,0.401,0.0099,28804
1262,44,-15.234,0,4,8,1,0,0,0.401,0.0099,28848
1263,75,-17.6,0,4,19,1,0,0,0.401,0.0099,28923
1264,118,-18.564,0,11,37,1,0,0,0.4,0.0099,29041
1265,36,-13.162,0,5,11,1,0,0,0.4,0.0099,29077
1266,6,-13.385,0,4,3,1,0,0,0.399,0.0099,29083
1267,94,-16.751,0,6,14,1,0,0,0.399,0.0099,29177
1268,37,-11.568,0,3,9,1,0,0,0.398,0.0099,29214
1269,65,-14.535,1,11,22,1,0,0,0.398,0.0099,29279
1270,30,-12.121,0,1,8,1,0,0,0.397,0.0098,29309
1271,5,-15.264,0,4,2,1,0,0,0.397,0.0098,29314
1272,5,-14.917,0,3,2,1,0,0,0.396,0.0098,29319
1273,39,-15.178,0,3,7,1,0,0,0.396,0.0098,29358
1274,41,-15.412,0,4,13,1,0,0,0.395,0.0098,29399
1275,105,-21.418,0,5,41,1,0,0,0.395,0.0098,29504
1276,19,-11.624,0,5,4,1,0,0,0.394,0.0098,29523
1277,85,-15.912,0,11,36,1,0,0,0.394,0.0098,29608
1278,64,-19.663,0,2,24,1,0,0,0.393,0.0098,29672
1279,8,-14.079,0,2,2,1,0,0,0.393,0.0098,29680
1280,8,-11.167,0,3,2,1,0,0,0.392,0.0098,29688
1281,100,-16.567,1,10,48,1,0,0,0.392,0.0098,29788
1282,6,-15.041,0,3,2,1,0,0,0.392,0.0098,29794
1283,20,-10.971,0,5,5,1,0,0,0.391,0.0097,29814
1284,65,-18.639,0,3,19,1,0,0,0.391,0.0097,29879
1285,6,-13.831,0,2,1,1,0,0,0.39,0.0097,29885
1286,28,-14.515,0,6,11,1,0,0,0.39,0.0097,29913
1287,175,-21.423,0,10,68,1,0,0,0.389,0.0097,30088
1288,19,-14.915,0,3,9,1,0,0,0.389,0.0097,30107
1289,20,-16.6,0,2,9,1,0,0,0.388,0.0097,30127
1290,14,-10.08,0,2,1,1,0,0,0.388,0.0097,30141
1291,25,-11.975,0,3,5,1,0,0,0.387,0.0097,30166
1292,59,-15.438,0,7,13,1,0,0,0.387,0.0097,30225
1293,18,-16.025,0,2,6,1,0,0,0.386,0.0097,30243
1294,46,-12.308,0,6,3,1,0,0,0.386,0.0097,30289
1295,5,-15.497,0,3,3,1,0,0,0.385,0.0096,30294
1296,50,-8.293,0,6,8,1,0,0,0.385,0.0096,30344
1297,61,-16.999,0,8,24,1,0,0,0.384,0.0096,30405
1298,19,-14.832,0,5,5,1,0,0,0.384,0.0096,30424
1299,51,-15.733,0,7,15,1,0,0,0.383,0.0096,30475
1300,19,-15.156,0,5,10,1,0,0,0.383,0.0096,30494
1301,71,-14.727,0,7,17,1,0,0,0.382,0.0096,30565
1302,75,-15.166,0,5,23,1,0,0,0.382,0.0096,30640
1303,55,-14.825,0,6,23,1,0,0,0.382,0.0096,30695
1304,5,-13.636,0,2,3,1,0,0,0.381,0.0096,30700
1305,59,-11.385,0,10,10,1,0,0,0.381,0.0096,30759
1306,21,-12.942,0,3,10,1,0,0,0.38,0.0096,30780
1307,115,-19.911,0,9,43,1,0,0,0.38,0.0096,30895
1308,178,-22.53,2,18,82,1,0,0,0.379,0.0095,31073
1309,8,-11.831,0,2,1,1,0,0,0.379,0.0095,31081
1310,73,-14.423,0,11,26,1,0,0,0.378,0.0095,31154
1311,30,-13.696,1,4,11,1,0,0,0.378,0.0095,31184
1312,85,-17.065,0,7,28,1,0,0,0.377,0.0095,31269
1313,227,-14.252,1,15,73,1,1,0,0.377,0.0095,31496
1314,65,-18.512,0,5,21,1,0,0,0.376,0.0095,31561
1315,49,-15.854,0,8,16,1,0,0,0.376,0.0095,31610
1316,44,-13.824,0,4,13,1,0,0,0.375,0.0095,31654
1317,27,-16.423,0,3,6,1,0,0,0.375,0.0095,31681
1318,180,-19.553,1,10,59,1,0,0,0.374,0.0095,31861
1319,63,-12.076,0,6,16,1,0,0,0.374,0.0095,31924
1320,354,-28.367,0,22,125,1,0,0,0.373,0.0094,32278
1321,83,-18.124,0,8,41,1,0,0,0.373,0.0094,32361
1322,141,-20.884,0,7,50,1,0,0,0.373,0.0094,32502
1323,7,-11.22,0,2,1,1,0,0,0.372,0.0094,32509
1324,5,-14.016,0,2,2,1,0,0,0.372,0.0094,32514
1325,60,-16.874,0,5,19,1,0,0,0.371,0.0094,32574
1326,70,-17.585,0,9,28,1,0,0,0.371,0.0094,32644
1327,13,-14.643,0,6,6,1,0,0,0.37,0.0094,32657
1328,5,-13.111,0,4,0,1,0,0,0.37,0.0094,32662
1329,41,-15.198,0,6,8,1,0,0,0.369,0.0094,32703
1330,9,-13.953,0,1,4,1,0,0,0.369,0.0094,32712
1331,52,-14.607,0,8,18,1,0,0,0.368,0.0094,32764
1332,21,-13.803,0,7,7,1,0,0,0.368,0.0094,32785
1333,37,-16.612,0,1,4,1,0,0,0.367,0.0093,32822
1334,7,-12.566,0,1,3,1,0,0,0.367,0.0093,32829
1335,10,-13.786,0,2,2,1,0,0,0.366,0.0093,32839
1336,58,-18.069,0,3,21,1,0,0,0.366,0.0093,32897
1337,70,-16.929,0,4,15,1,0,0,0.365,0.0093,32967
1338,18,-12.201,0,2,3,1,0,0,0.365,0.0093,32985
1339,19,-14.38,0,3,4,1,0,0,0.364,0.0093,33004
1340,125,-23.409,0,5,66,1,0,0,0.364,0.0093,33129
1341,6,-12.405,0,1,1,1,0,0,0.363,0.0093,33135
1342,92,-17.8,1,10,27,1,0,0,0.363,0.0093,33227
1343,21,-11.363,0,5,2,1,0,0,0.363,0.0093,33248
1344,41,-13.823,0,7,11,1,0,0,0.362,0.0093,33289
1345,278,-25.579,1,22,100,1,0,0,0.362,0.0092,33567
1346,91,-21.898,0,9,58,1,0,0,0.361,0.0092,33658
1347,44,-13.922,0,8,13,1,0,0,0.361,0.0092,33702
1348,56,-16.26,0,11,27,1,0,0,0.36,0.0092,33758
1349,275,-24.3,0,8,68,1,0,0,0.36,0.0092,34033
1350,38,-13.297,0,2,6,1,0,0,0.359,0.0092,34071
1351,8,-13.977,0,2,2,1,0,0,0.359,0.0092,34079
1352,138,-25.467,0,11,61,1,0,0,0.358,0.0092,34217
1353,76,-18.465,0,3,36,1,0,0,0.358,0.0092,34293
1354,41,-15.683,0,3,19,1,0,0,0.357,0.0092,34334
1355,65,-17.923,0,5,25,1,0,0,0.357,0.0092,34399
1356,12,-14.352,0,3,5,1,0,0,0.356,0.0092,34411
1357,24,-12.47,0,2,4,1,0,0,0.356,0.0092,34435
1358,39,-13.74,0,6,10,1,0,0,0.355,0.0091,34474
1359,124,-21.846,0,8,43,1,0,0,0.355,0.0091,34598
1360,37,-13.565,0,3,11,1,0,0,0.354,0.0091,34635
1361,49,-14.44,1,8,17,1,0,0,0.354,0.0091,34684
1362,161,-18.395,0,17,49,1,0,0,0.354,0.0091,34845
1363,5,-15.452,0,3,3,1,0,0,0.353,0.0091,34850
1364,50,-13.017,0,5,12,1,0,0,0.353,0.0091,34900
1365,386,-29.283,0,16,164,1,1,0,0.352,0.0091,35286
1366,32,-11.747,0,5,10,1,0,0,0.352,0.0091,35318
1367,10,-11.836,0,1,2,1,0,0,0.351,0.0091,35328
1368,287,-29.892,0,13,106,1,0,0,0.351,0.0091,35615
1369,5,-14.866,0,3,2,1,0,0,0.35,0.0091,35620
1370,5,-14.735,0,4,1,1,0,0,0.35,0.009,35625
1371,94,-18.903,0,4,25,1,0,0,0.349,0.009,35719
1372,31,-16.111,0,2,5,1,0,0,0.349,0.009,35750
1373,30,-13.464,0,6,10,1,0,0,0.348,0.009,35780
1374,25,-14.922,0,2,10,1,0,0,0.348,0.009,35805
1375,43,-14.912,0,6,12,1,0,0,0.347,0.009,35848
1376,60,-18.23,0,4,27,1,0,0,0.347,0.009,35908
1377,7,-14.16,0,1,1,1,0,0,0.346,0.009,35915
1378,233,-22.078,0,12,83,1,0,0,0.346,0.009,36148
1379,5,-13.745,0,3,2,1,0,0,0.345,0.009,36153
1380,19,-11.831,0,3,3,1,0,0,0.345,0.009,36172
1381,99,-19.222,0,3,37,1,0,0,0.345,0.009,36271
1382,9,-11.247,0,3,2,1,0,0,0.344,0.009,36280
1383,81,-16.119,1,8,28,1,0,0,0.344,0.0089,36361
1384,269,-21.377,1,9,87,1,0,0,0.343,0.0089,36630
1385,78,-16.375,1,7,41,1,0,0,0.343,0.0089,36708
1386,223,-21.594,0,14,77,1,0,0,0.342,0.0089,36931
1387,36,-12.755,0,5,7,1,0,0,0.342,0.0089,36967
1388,25,-14.943,0,3,4,1,0,0,0.341,0.0089,36992
1389,51,-16.731,0,2,10,1,0,0,0.341,0.0089,37043
1390,97,-16.047,1,7,34,1,0,0,0.34,0.0089,37140
1391,134,-19.991,0,8,40,1,0,0,0.34,0.0089,37274
1392,85,-16.715,1,7,19,1,0,0,0.339,0.0089,37359
1393,84,-17.274,0,4,30,1,0,0,0.339,0.0089,37443
1394,5,-15.087,0,3,3,1,0,0,0.338,0.0089,37448
1395,6,-15.099,0,3,3,1,0,0,0.338,0.0088,37454
1396,5,-15.144,0,1,3,1,0,0,0.337,0.0088,37459
1397,29,-12.431,0,5,7,1,0,0,0.337,0.0088,37488
1398,58,-12.005,1,6,15,1,0,0,0.336,0.0088,37546
1399,167,-17.819,0,21,47,1,0,0,0.336,0.0088,37713
1400,123,-20.766,0,11,49,1,0,0,0.335,0.0088,37836
1401,30,-12.411,0,4,6,1,0,0,0.335,0.0088,37866
1402,75,-14.631,0,1,18,1,0,0,0.335,0.0088,37941
1403,125,-23.763,0,6,47,1,0,0,0.334,0.0088,38066
1404,119,-17.721,0,8,25,1,0,0,0.334,0.0088,38185
1405,58,-16.145,0,9,11,1,0,0,0.333,0.0088,38243
1406,35,-14.499,0,4,10,1,0,0,0.333,0.0088,38278
1407,5,-15.542,0,3,3,1,0,0,0.332,0.0088,38283
1408,23,-15.919,0,3,6,1,0,0,0.332,0.0087,38306
1409,19,-14.416,0,3,8,1,0,0,0.331,0.0087,38325
1410,164,-20.215,0,9,51,1,0,0,0.331,0.0087,38489
1411,6,-13.316,0,4,1,1,0,0,0.33,0.0087,38495
1412,5,-13.919,0,3,3,1,0,0,0.33,0.0087,38500
1413,29,-12.495,0,1,4,1,0,0,0.329,0.0087,38529
1414,5,-14.917,0,3,2,1,0,0,0.329,0.0087,38534
1415,53,-13.775,0,5,18,1,0,0,0.328,0.0087,38587
1416,67,-14.739,0,8,22,1,0,0,0.328,0.0087,38654
1417,138,-19.259,0,8,40,1,0,0,0.327,0.0087,38792
1418,88,-17.222,0,10,33,1,0,0,0.327,0.0087,38880
1419,30,-14.271,0,9,7,1,0,0,0.326,0.0087,38910
1420,29,-11.378,0,5,10,1,0,0,0.326,0.0086,38939
1421,65,-16.701,1,3,24,1,0,0,0.326,0.0086,39004
1422,133,-19.335,0,12,54,1,0,0,0.325,0.0086,39137
1423,142,-17.189,1,17,39,1,0,0,0.325,0.0086,39279
1424,160,-18.76,0,10,33,1,0,0,0.324,0.0086,39439
1425,75,-14.234,0,11,18,1,0,0,0.324,0.0086,39514
1426,16,-15.683,0,4,6,1,0,0,0.323,0.0086,39530
1427,39,-16.324,0,3,14,1,0,0,0.323,0.0086,39569
1428,9,-13.117,0,2,3,1,0,0,0.322,0.0086,39578
1429,57,-17.963,0,2,16,1,0,0,0.322,0.0086,39635
1430,20,-15.963,0,3,4,1,0,0,0.321,0.0086,39655
1431,24,-16.01,0,2,6,1,0,0,0.321,0.0086,39679
1432,73,-17.648,0,6,23,1,0,0,0.32,0.0086,39752
1433,140,-16.349,0,7,47,1,0,0,0.32,0.0085,39892
1434,17,-14.627,0,3,6,1,0,0,0.319,0.0085,39909
1435,187,-19.096,0,10,63,1,0,0,0.319,0.0085,40096
1436,93,-13.602,0,12,22,1,0,0,0.318,0.0085,40189
1437,90,-17.116,0,5,15,1,0,0,0.318,0.0085,40279
1438,101,-18.542,0,10,32,1,0,0,0.317,0.0085,40380
1439,65,-13.201,0,3,13,1,0,0,0.317,0.0085,40445
1440,173,-24.389,0,9,66,1,0,0,0.316,0.0085,40618
1441,111,-18.042,0,10,28,1,0,0,0.316,0.0085,40729
1442,71,-17.57,0,8,27,1,0,0,0.316,0.0085,40800
1443,376,-33.183,0,15,141,1,0,0,0.315,0.0085,41176
1444,138,-17.887,0,10,46,1,0,0,0.315,0.0085,41314
1445,13,-11.863,0,3,3,1,0,0,0.314,0.0084,41327
1446,55,-13.846,0,11,13,1,0,0,0.314,0.0084,41382
1447,91,-13.018,0,5,39,0,0,0,0.313,0.0084,41473
1448,102,-17.589,0,9,15,1,0,0,0.313,0.0084,41575
1449,113,-10.266,0,11,35,0,0,0,0.312,0.0084,41688
1450,93,-17.573,0,6,24,1,0,0,0.312,0.0084,41781
1451,8,-14.057,0,3,2,1,0,0,0.311,0.0084,41789
1452,76,-15.883,1,10,17,1,0,0,0.311,0.0084,41865
1453,14,-13.874,0,3,4,1,0,0,0.31,0.0084,41879
1454,55,-15.069,0,7,20,1,0,0,0.31,0.0084,41934
1455,81,-17.813,0,6,33,1,0,0,0.309,0.0084,42015
1456,33,-13.744,0,6,5,1,0,0,0.309,0.0084,42048
1457,12,-14.692,0,3,3,1,0,0,0.308,0.0084,42060
1458,74,-15.662,0,8,16,1,0,0,0.308,0.0083,42134
1459,83,-16.496,1,5,36,1,0,0,0.307,0.0083,42217
1460,94,-17.738,0,14,27,1,0,0,0.307,0.0083,42311
1461,41,-14.191,0,5,15,1,0,0,0.306,0.0083,42352
1462,259,-20.408,1,16,70,1,0,0,0.306,0.0083,42611
1463,79,-18.348,0,6,27,1,0,0,0.306,0.0083,42690
1464,78,-17.084,0,5,22,1,0,0,0.305,0.0083,42768
1465,12,-15.486,0,4,1,1,0,0,0.305,0.0083,42780
1466,90,-14.663,0,9,36,1,0,0,0.304,0.0083,42870
1467,322,-24.907,0,13,107,1,0,0,0.304,0.0083,43192
1468,95,-15.914,1,14,27,1,0,0,0.303,0.0083,43287
1469,200,-31.838,0,8,92,1,0,0,0.303,0.0083,43487
1470,5,-14.836,0,3,1,1,0,0,0.302,0.0082,43492
1471,74,-15.05,0,4,18,1,0,0,0.302,0.0082,43566
1472,5,-14.817,0,4,2,1,0,0,0.301,0.0082,43571
1473,301,-34.142,0,10,117,1,0,0,0.301,0.0082,43872
1474,83,-18.877,0,2,9,1,0,0,0.3,0.0082,43955
1475,70,-12.467,1,3,26,1,0,0,0.3,0.0082,44025
1476,41,-14.619,0,6,11,1,0,0,0.299,0.0082,44066
1477,115,-19.297,0,11,42,1,0,0,0.299,0.0082,44181
1478,112,-18.181,0,4,38,1,0,0,0.298,0.0082,44293
1479,9,-11.597,0,2,0,1,0,0,0.298,0.0082,44302
1480,57,-12.826,0,5,12,1,0,0,0.297,0.0082,44359
1481,45,-15.503,0,8,16,1,0,0,0.297,0.0082,44404
1482,301,-27.239,0,12,81,1,0,0,0.297,0.0082,44705
1483,276,-31.542,0,16,97,1,0,0,0.296,0.0081,44981
1484,7,-15.664,0,1,2,1,0,0,0.296,0.0081,44988
1485,80,-11.958,0,7,13,1,0,0,0.295,0.0081,45068
1486,7,-11.12,0,3,1,1,0,0,0.295,0.0081,45075
1487,113,-15.302,0,13,48,1,0,0,0.294,0.0081,45188
1488,19,-13.307,0,3,7,1,0,0,0.294,0.0081,45207
1489,400,-18.538,2,20,149,0,0,1,0.293,0.0081,45607
1490,18,-14.495,0,5,7,1,0,0,0.293,0.0081,45625
1491,94,-11.047,1,9,20,1,0,0,0.292,0.0081,45719
1492,67,-14.172,0,5,13,1,0,0,0.292,0.0081,45786
1493,199,-22.613,0,8,64,1,0,0,0.291,0.0081,45985
1494,27,-14.389,0,3,7,1,0,0,0.291,0.0081,46012
1495,214,-21.151,1,17,55,1,0,0,0.29,0.008,46226
1496,203,-21.208,0,11,41,1,0,0,0.29,0.008,46429
1497,112,-18.746,0,12,31,1,0,0,0.289,0.008,46541
1498,60,-13.942,0,8,13,1,0,0,0.289,0.008,46601
1499,66,-13.819,0,8,15,1,0,0,0.288,0.008,46667
1500,76,-15.199,0,5,27,1,0,0,0.288,0.008,46743
1501,32,-15.514,0,1,12,1,0,0,0.287,0.008,46775
1502,102,-14.07,0,5,23,1,0,0,0.287,0.008,46877
1503,47,-11.83,0,4,7,1,0,0,0.287,0.008,46924
1504,138,-18.315,0,7,55,1,0,0,0.286,0.008,47062
1505,108,-15.966,0,0,23,1,0,0,0.286,0.008,47170
1506,73,-13.815,0,5,21,1,0,0,0.285,0.008,47243
1507,43,-17.701,0,4,9,1,0,0,0.285,0.008,47286
1508,63,-16.47,0,8,15,1,0,0,0.284,0.0079,47349
1509,105,-18.84,0,6,23,1,0,0,0.284,0.0079,47454
1510,16,-11.666,0,5,3,1,0,0,0.283,0.0079,47470
1511,54,-11.811,0,8,11,1,0,0,0.283,0.0079,47524
1512,164,-12.396,2,12,45,1,0,0,0.282,0.0079,47688
1513,5,-15.315,0,4,2,1,0,0,0.282,0.0079,47693
1514,14,-9.428,0,2,0,1,0,0,0.281,0.0079,47707
1515,205,-19.712,1,14,58,1,0,0,0.281,0.0079,47912
1516,67,-16.421,0,7,14,1,0,0,0.28,0.0079,47979
1517,12,-14.088,0,2,3,1,0,0,0.28,0.0079,47991
1518,5,-13.472,0,3,1,1,0,0,0.279,0.0079,47996
1519,60,-16.892,0,7,23,1,0,0,0.279,0.0079,48056
1520,298,-28.27,1,15,91,1,0,0,0.278,0.0078,48354
1521,5,-14.691,0,4,1,1,0,0,0.278,0.0078,48359
1522,25,-13.722,0,2,5,1,0,0,0.278,0.0078,48384
1523,133,-15.161,0,16,23,1,0,0,0.277,0.0078,48517
1524,129,-18.511,0,11,36,1,0,0,0.277,0.0078,48646
1525,129,-14.484,0,12,37,1,0,0,0.276,0.0078,48775
1526,46,-12.422,0,4,7,1,0,0,0.276,0.0078,48821
1527,61,-14.837,0,6,15,1,0,0,0.275,0.0078,48882
1528,46,-14.567,0,3,7,1,0,0,0.275,0.0078,48928
1529,46,-11.831,0,3,11,1,0,0,0.274,0.0078,48974
1530,56,-15.422,0,7,13,1,0,0,0.274,0.0078,49030
1531,83,-13.183,0,8,23,1,0,0,0.273,0.0078,49113
1532,10,-14.776,0,2,2,1,0,0,0.273,0.0078,49123
1533,74,-12.964,0,7,19,1,0,0,0.272,0.0077,49197
1534,400,-19.142,3,22,115,0,0,1,0.272,0.0077,49597
1535,280,-17.445,0,13,68,0,0,0,0.271,0.0077,49877
1536,249,-23.557,0,17,75,1,0,0,0.271,0.0077,50126
1537,23,-15.393,0,3,5,1,0,0,0.27,0.0077,50149
1538,39,-10.574,0,4,4,1,0,0,0.27,0.0077,50188
1539,33,-12.236,0,2,10,1,0,0,0.269,0.0077,50221
1540,7,-11.271,0,2,0,1,0,0,0.269,0.0077,50228
1541,29,-10.354,0,3,3,1,0,0,0.268,0.0077,50257
1542,5,-13.211,0,3,0,1,0,0,0.268,0.0077,50262
1543,5,-14.732,0,4,1,1,0,0,0.268,0.0077,50267
1544,5,-14.735,0,3,1,1,0,0,0.267,0.0077,50272
1545,95,-19.581,0,5,39,1,0,0,0.267,0.0076,50367
1546,18,-13.239,0,5,1,1,0,0,0.266,0.0076,50385
1547,23,-15.407,0,3,6,1,0,0,0.266,0.0076,50408
1548,62,-16.119,0,4,22,1,0,0,0.265,0.0076,50470
1549,52,-13.93,0,6,13,1,0,0,0.265,0.0076,50522
1550,109,-13.342,0,11,34,1,0,0,0.264,0.0076,50631
1551,212,-19.747,0,22,53,1,0,0,0.264,0.0076,50843
1552,152,-16.836,0,10,39,1,0,0,0.263,0.0076,50995
1553,127,-16.033,0,9,40,1,0,0,0.263,0.0076,51122
1554,18,-11.464,0,3,1,1,0,0,0.262,0.0076,51140
1555,31,-15.127,0,9,10,1,0,0,0.262,0.0076,51171
1556,151,-17.31,0,14,48,1,0,0,0.261,0.0076,51322
1557,192,-21.207,0,8,73,1,0,0,0.261,0.0076,51514
1558,8,-13.978,0,3,2,1,0,0,0.26,0.0075,51522
1559,156,-16.972,0,9,63,1,0,0,0.26,0.0075,51678
1560,12,-15.139,0,4,4,1,0,0,0.259,0.0075,51690
1561,290,-28.576,0,18,98,1,0,0,0.259,0.0075,51980
1562,318,-31.924,1,12,127,1,0,0,0.259,0.0075,52298
1563,5,-14.815,0,3,1,1,0,0,0.258,0.0075,52303
1564,123,-15.955,0,6,24,1,0,0,0.258,0.0075,52426
1565,33,-13.964,0,9,8,1,0,0,0.257,0.0075,52459
1566,174,-17.009,1,15,47,1,0,0,0.257,0.0075,52633
1567,35,-14.848,0,3,14,1,0,0,0.256,0.0075,52668
1568,69,-15.407,0,11,14,1,0,0,0.256,0.0075,52737
1569,244,-24.971,1,15,92,1,0,0,0.255,0.0075,52981
1570,141,-22.535,0,2,54,1,0,0,0.255,0.0074,53122
1571,48,-15.7,0,5,11,1,0,0,0.254,0.0074,53170
1572,112,-19.068,0,2,14,1,0,0,0.254,0.0074,53282
1573,196,-22.135,0,7,65,1,0,0,0.253,0.0074,53478
1574,165,-19.24,0,5,60,1,0,0,0.253,0.0074,53643
1575,400,-20.731,0,20,136,0,0,1,0.252,0.0074,54043
1576,32,-15.73,0,5,11,1,0,0,0.252,0.0074,54075
1577,88,-16.46,0,4,23,1,0,0,0.251,0.0074,54163
1578,80,-14.929,0,8,23,1,0,0,0.251,0.0074,54243
1579,229,-24.517,0,13,43,1,0,0,0.25,0.0074,54472
1580,48,-15.709,0,3,7,1,0,0,0.25,0.0074,54520
1581,115,-13.569,0,14,29,1,0,0,0.249,0.0074,54635
1582,43,-12.33,0,2,18,1,0,0,0.249,0.0074,54678
1583,64,-16.351,0,3,14,1,0,0,0.249,0.0073,54742
1584,130,-18.87,0,3,28,1,0,0,0.248,0.0073,54872
1585,67,-15.869,0,3,7,1,0,0,0.248,0.0073,54939
1586,158,-21.226,0,12,60,1,0,0,0.247,0.0073,55097
1587,149,-19.064,1,6,46,1,0,0,0.247,0.0073,55246
1588,152,-18.574,0,10,46,1,0,0,0.246,0.0073,55398
1589,31,-15.299,0,3,4,1,0,0,0.246,0.0073,55429
1590,96,-17.447,1,6,21,1,0,0,0.245,0.0073,55525
1591,15,-11.579,0,2,2,1,0,0,0.245,0.0073,55540
1592,33,-12.294,0,5,4,1,0,0,0.244,0.0073,55573
1593,400,-15.901,1,17,98,0,0,1,0.244,0.0073,55973
1594,180,-20.1,1,9,28,1,0,0,0.243,0.0073,56153
1595,65,-16.816,0,11,22,1,0,0,0.243,0.0072,56218
1596,57,-13.44,0,7,4,1,0,0,0.242,0.0072,56275
1597,400,-26.171,0,9,142,0,0,1,0.242,0.0072,56675
1598,234,-24.071,0,9,76,1,0,0,0.241,0.0072,56909
1599,110,-16.083,0,9,31,1,0,0,0.241,0.0072,57019
1600,15,-14.317,0,2,2,1,0,0,0.24,0.0072,57034
1601,246,-25.199,0,7,61,1,0,0,0.24,0.0072,57280
1602,40,-11.793,0,2,5,1,0,0,0.24,0.0072,57320
1603,139,-19.023,0,5,51,1,0,0,0.239,0.0072,57459
1604,198,-15.555,0,22,35,1,0,0,0.239,0.0072,57657
1605,55,-12.645,0,6,9,1,0,0,0.238,0.0072,57712
1606,186,-19.306,0,7,49,1,0,0,0.238,0.0072,57898
1607,45,-16.495,0,5,16,1,0,0,0.237,0.0072,57943
1608,333,-24.784,0,12,73,1,0,0,0.237,0.0071,58276
1609,146,-19.216,0,8,27,1,0,0,0.236,0.0071,58422
1610,23,-14.193,0,3,5,1,0,0,0.236,0.0071,58445
1611,149,-19.349,1,16,60,1,0,0,0.235,0.0071,58594
1612,14,-15.668,0,3,3,1,0,0,0.235,0.0071,58608
1613,294,-23.728,0,13,98,1,0,0,0.234,0.0071,58902
1614,181,-20.638,0,14,41,1,0,0,0.234,0.0071,59083
1615,7,-13.57,0,2,3,1,0,0,0.233,0.0071,59090
1616,6,-12.818,0,3,1,1,0,0,0.233,0.0071,59096
1617,5,-14.802,0,3,0,1,0,0,0.232,0.0071,59101
1618,55,-13.086,0,5,8,1,0,0,0.232,0.0071,59156
1619,69,-17.63,0,2,14,1,0,0,0.231,0.0071,59225
1620,72,-15.412,1,4,23,1,0,0,0.231,0.007,59297
1621,49,-13.379,0,5,13,1,0,0,0.23,0.007,59346
1622,207,-27.525,1,6,80,1,0,0,0.23,0.007,59553
1623,307,-14.38,0,9,36,0,0,0,0.23,0.007,59860
1624,317,-20.031,1,9,84,0,0,0,0.229,0.007,60177
1625,358,-28.989,0,10,113,1,0,0,0.229,0.007,60535
1626,149,-16.454,0,13,26,1,0,0,0.228,0.007,60684
1627,48,-13.583,0,2,4,1,0,0,0.228,0.007,60732
1628,14,-13.849,0,4,3,1,0,0,0.227,0.007,60746
1629,317,-24.018,1,13,76,1,0,0,0.227,0.007,61063
1630,70,-16.698,0,8,31,1,0,0,0.226,0.007,61133
1631,171,-15.185,0,6,52,0,0,0,0.226,0.007,61304
1632,107,-10.936,0,6,25,0,0,0,0.225,0.007,61411
1633,400,-17.918,1,16,124,0,0,1,0.225,0.0069,61811
1634,96,-18.725,0,8,44,1,0,0,0.224,0.0069,61907
1635,249,-23.649,0,11,96,1,0,0,0.224,0.0069,62156
1636,49,-10.964,0,8,10,1,0,0,0.223,0.0069,62205
1637,135,-17.347,1,12,15,1,0,0,0.223,0.0069,62340
1638,44,-15.816,0,4,20,1,0,0,0.222,0.0069,62384
1639,66,-15.385,1,8,10,1,0,0,0.222,0.0069,62450
1640,191,-11.8,0,5,30,0,0,0,0.221,0.0069,62641
1641,121,-18.945,0,15,30,1,0,0,0.221,0.0069,62762
1642,194,-18.233,0,9,24,1,0,0,0.221,0.0069,62956
1643,61,-15.886,0,8,11,1,0,0,0.22,0.0069,63017
1644,56,-16.147,0,6,9,1,0,0,0.22,0.0069,63073
1645,5,-15.656,0,1,2,1,0,0,0.219,0.0068,63078
1646,114,-20.282,0,5,47,1,0,0,0.219,0.0068,63192
1647,98,-14.489,0,6,17,1,0,0,0.218,0.0068,63290
1648,96,-18.316,0,6,22,1,0,0,0.218,0.0068,63386
1649,7,-14.934,0,3,1,1,0,0,0.217,0.0068,63393
1650,163,-18.303,0,4,52,1,0,0,0.217,0.0068,63556
1651,19,-13.744,0,6,6,1,0,0,0.216,0.0068,63575
1652,50,-15.283,0,8,8,1,0,0,0.216,0.0068,63625
1653,39,-15.096,0,5,11,1,0,0,0.215,0.0068,63664
1654,334,-27.987,0,10,121,1,0,0,0.215,0.0068,63998
1655,45,-14.41,0,5,6,1,0,0,0.214,0.0068,64043
1656,84,-14.952,0,5,16,1,0,0,0.214,0.0068,64127
1657,76,-15.841,1,9,19,1,0,0,0.213,0.0068,64203
1658,400,-17.016,1,19,94,0,0,1,0.213,0.0067,64603
1659,101,-9.577,0,6,12,0,0,0,0.212,0.0067,64704
1660,56,-12.817,0,1,5,1,0,0,0.212,0.0067,64760
1661,176,-21.827,0,3,27,1,0,0,0.212,0.0067,64936
1662,5,-15.234,0,4,1,1,0,0,0.211,0.0067,64941
1663,204,-22.63,1,12,57,1,0,0,0.211,0.0067,65145
1664,149,-14.196,1,11,50,0,0,0,0.21,0.0067,65294
1665,60,-16.583,0,7,11,1,0,0,0.21,0.0067,65354
1666,36,-15.065,0,5,5,1,0,0,0.209,0.0067,65390
1667,356,-25.529,1,11,104,1,1,0,0.209,0.0067,65746
1668,60,-8.788,0,2,10,0,0,0,0.208,0.0067,65806
1669,54,-15.049,0,5,14,1,0,0,0.208,0.0067,65860
1670,5,-13.624,0,1,1,1,0,0,0.207,0.0066,65865
1671,121,-21.096,1,10,39,1,0,0,0.207,0.0066,65986
1672,7,-10.586,0,3,0,1,0,0,0.206,0.0066,65993
1673,281,-28.304,0,5,64,1,0,0,0.206,0.0066,66274
1674,76,-16.847,0,5,11,1,0,0,0.205,0.0066,66350
1675,71,-16.564,0,5,4,1,0,0,0.205,0.0066,66421
1676,44,-12.747,0,6,8,1,0,0,0.204,0.0066,66465
1677,400,-12.299,3,22,128,0,1,1,0.204,0.0066,66865
1678,291,-23.67,0,10,58,1,0,0,0.203,0.0066,67156
1679,101,-18.111,0,6,29,1,0,0,0.203,0.0066,67257
1680,288,-18.304,0,13,66,0,0,0,0.202,0.0066,67545
1681,341,-36.003,1,20,127,1,0,0,0.202,0.0066,67886
1682,400,-14.324,2,13,103,0,0,1,0.202,0.0066,68286
1683,80,-15.782,0,9,7,1,0,0,0.201,0.0065,68366
1684,190,-20.735,1,12,40,1,0,0,0.201,0.0065,68556
1685,400,-20.678,0,23,124,0,0,1,0.2,0.0065,68956
1686,105,-16.313,0,2,13,1,0,0,0.2,0.0065,69061
1687,15,-12.457,0,3,2,1,0,0,0.199,0.0065,69076
1688,390,-28.651,0,12,109,1,0,0,0.199,0.0065,69466
1689,247,-26.293,0,5,109,1,0,0,0.198,0.0065,69713
1690,64,-12.275,0,10,14,1,0,0,0.198,0.0065,69777
1691,13,-15.208,0,2,1,1,0,0,0.197,0.0065,69790
1692,176,-14.304,2,17,42,0,0,0,0.197,0.0065,69966
1693,400,-20.237,0,9,109,0,0,1,0.196,0.0065,70366
1694,133,-16.656,0,13,27,1,0,0,0.196,0.0065,70499
1695,209,-23.832,0,9,57,1,0,0,0.195,0.0064,70708
1696,387,-32.3,0,13,126,1,0,0,0.195,0.0064,71095
1697,105,-12.414,0,2,15,0,0,0,0.194,0.0064,71200
1698,35,-14.238,0,7,4,1,0,0,0.194,0.0064,71235
1699,283,-25.7,0,6,89,1,0,0,0.193,0.0064,71518
1700,63,-16.503,1,6,22,1,0,0,0.193,0.0064,71581
1701,400,-15.734,1,14,112,0,1,1,0.193,0.0064,71981
1702,42,-14.444,0,7,6,1,0,0,0.192,0.0064,72023
1703,75,-17.683,0,6,9,1,0,0,0.192,0.0064,72098
1704,288,-25.82,0,8,47,1,0,0,0.191,0.0064,72386
1705,163,-21.8,1,4,46,1,0,0,0.191,0.0064,72549
1706,149,-16.158,1,8,20,1,0,0,0.19,0.0064,72698
1707,82,-11.885,0,10,6,1,0,0,0.19,0.0064,72780
1708,91,-9.461,0,0,10,0,0,0,0.189,0.0063,72871
1709,148,-14.874,0,10,15,1,0,0,0.189,0.0063,73019
1710,24,-15.617,0,4,2,1,0,0,0.188,0.0063,73043
1711,400,-24.582,0,9,138,0,0,1,0.188,0.0063,73443
1712,80,-18.112,0,10,19,1,0,0,0.187,0.0063,73523
1713,189,-14.93,0,13,24,1,0,0,0.187,0.0063,73712
1714,113,-10.71,0,7,33,0,0,0,0.186,0.0063,73825
1715,62,-17.592,0,2,20,1,0,0,0.186,0.0063,73887
1716,85,-18.15,0,8,28,1,0,0,0.185,0.0063,73972
1717,17,-11.486,0,5,1,1,0,0,0.185,0.0063,73989
1718,164,-19.331,0,12,37,1,0,0,0.184,0.0063,74153
1719,400,-22.761,0,11,119,0,0,1,0.184,0.0063,74553
1720,329,-32.988,0,10,90,1,0,0,0.183,0.0062,74882
1721,400,-14.36,0,18,104,0,0,1,0.183,0.0062,75282
1722,46,-5.206,0,3,5,0,0,0,0.183,0.0062,75328
1723,135,-15.46,0,10,35,1,0,0,0.182,0.0062,75463
1724,400,-20.88,1,8,102,0,0,1,0.182,0.0062,75863
1725,138,-17.906,0,9,38,1,0,0,0.181,0.0062,76001
1726,400,-12.444,1,12,81,0,0,1,0.181,0.0062,76401
1727,46,-16.091,0,4,19,1,0,0,0.18,0.0062,76447
1728,317,-15.969,0,9,55,0,0,0,0.18,0.0062,76764
1729,79,-13.445,0,9,12,1,0,0,0.179,0.0062,76843
1730,81,-9.046,0,0,8,0,0,0,0.179,0.0062,76924
1731,118,-13.528,0,9,33,1,0,0,0.178,0.0062,77042
1732,159,-18.087,1,11,63,1,0,0,0.178,0.0062,77201
1733,400,-18.147,0,22,137,0,0,1,0.177,0.0061,77601
1734,378,-21.291,1,10,97,0,0,0,0.177,0.0061,77979
1735,9,-13.79,0,4,0,1,0,0,0.176,0.0061,77988
1736,214,-14.113,0,16,49,0,0,0,0.176,0.0061,78202
1737,40,-14.98,0,2,4,1,0,0,0.175,0.0061,78242
1738,227,-20.645,0,9,43,1,0,0,0.175,0.0061,78469
1739,169,-18.544,0,5,40,1,0,0,0.174,0.0061,78638
1740,265,-19.023,0,13,45,1,0,0,0.174,0.0061,78903
1741,271,-25.783,0,3,79,1,0,0,0.173,0.0061,79174
1742,69,-13.622,0,5,13,1,0,0,0.173,0.0061,79243
1743,141,-12.649,0,6,33,0,0,0,0.173,0.0061,79384
1744,400,-20.886,0,16,130,0,0,1,0.172,0.0061,79784
1745,175,-13.852,1,15,18,1,0,0,0.172,0.006,79959
1746,142,-17.555,0,12,33,1,0,0,0.171,0.006,80101
1747,101,-14.379,0,7,13,1,0,0,0.171,0.006,80202
1748,369,-21.937,1,17,98,0,0,0,0.17,0.006,80571
1749,400,-17.754,0,11,100,0,0,1,0.17,0.006,80971
1750,178,-22.703,0,4,25,1,0,0,0.169,0.006,81149
1751,42,-13.074,0,4,10,1,0,0,0.169,0.006,81191
1752,184,-17.61,2,10,49,1,0,0,0.168,0.006,81375
1753,161,-11.854,0,10,38,0,0,0,0.168,0.006,81536
1754,80,-16.652,0,9,11,1,0,0,0.167,0.006,81616
1755,72,-15.246,0,11,13,1,0,0,0.167,0.006,81688
1756,400,-19.804,0,11,94,0,0,1,0.166,0.006,82088
1757,394,-18.981,0,14,69,0,0,0,0.166,0.006,82482
1758,262,-23.731,0,10,46,1,0,0,0.165,0.0059,82744
1759,17,-10.227,0,3,0,1,0,0,0.165,0.0059,82761
1760,400,-20.099,0,15,93,0,0,1,0.164,0.0059,83161
1761,80,-13.797,0,4,7,1,0,0,0.164,0.0059,83241
1762,94,-16.434,0,7,16,1,0,0,0.164,0.0059,83335
1763,64,-11.448,0,5,5,1,0,0,0.163,0.0059,83399
1764,328,-21.724,2,9,70,0,0,0,0.163,0.0059,83727
1765,179,-18.99,0,12,49,1,0,0,0.162,0.0059,83906
1766,251,-20.361,1,10,30,1,0,0,0.162,0.0059,84157
1767,215,-15.549,0,18,40,1,0,0,0.161,0.0059,84372
1768,97,-9.539,0,6,28,0,0,0,0.161,0.0059,84469
1769,230,-19.919,0,8,21,1,0,0,0.16,0.0059,84699
1770,81,-7.343,1,3,12,0,0,0,0.16,0.0058,84780
1771,130,-10.443,1,14,18,1,0,0,0.159,0.0058,84910
1772,280,-19.641,1,13,51,1,0,0,0.159,0.0058,85190
1773,305,-26.828,1,16,100,1,0,0,0.158,0.0058,85495
1774,83,-20.004,0,3,6,1,0,0,0.158,0.0058,85578
1775,45,-12.73,0,3,0,1,0,0,0.157,0.0058,85623
1776,177,-17.345,0,13,38,1,0,0,0.157,0.0058,85800
1777,209,-17.966,1,19,51,1,0,0,0.156,0.0058,86009
1778,43,-12.824,0,5,5,1,0,0,0.156,0.0058,86052
1779,35,-16.596,0,3,4,1,0,0,0.155,0.0058,86087
1780,78,-15.757,0,9,9,1,0,0,0.155,0.0058,86165
1781,253,-26.416,0,8,54,1,0,0,0.154,0.0058,86418
1782,55,-14.967,0,3,3,1,0,0,0.154,0.0058,86473
1783,184,-17.349,0,10,70,0,0,0,0.154,0.0057,86657
1784,109,-10.352,0,5,29,0,0,0,0.153,0.0057,86766
1785,59,-6.011,0,2,4,0,0,0,0.153,0.0057,86825
1786,182,-15.542,1,11,24,1,0,0,0.152,0.0057,87007
1787,181,-13.641,0,6,41,0,0,0,0.152,0.0057,87188
1788,400,-19.76,1,11,84,0,0,1,0.151,0.0057,87588
1789,400,-22.047,0,9,132,0,0,1,0.151,0.0057,87988
1790,96,-16.68,0,4,13,1,0,0,0.15,0.0057,88084
1791,104,-14.803,0,5,9,1,0,0,0.15,0.0057,88188
1792,245,-22.487,0,8,75,1,0,0,0.149,0.0057,88433
1793,72,-17.474,0,3,5,1,0,0,0.149,0.0057,88505
1794,120,-18.718,0,8,40,1,0,0,0.148,0.0057,88625
1795,73,-18.202,0,4,5,1,0,0,0.148,0.0056,88698
1796,168,-11.699,0,5,14,0,0,0,0.147,0.0056,88866
1797,109,-18.224,0,3,11,1,0,0,0.147,0.0056,88975
1798,153,-18.853,0,10,20,1,0,0,0.146,0.0056,89128
1799,171,-13.827,2,10,29,1,0,0,0.146,0.0056,89299
1800,371,-22.364,0,14,67,0,0,0,0.145,0.0056,89670
1801,55,-10.696,0,5,9,1,0,0,0.145,0.0056,89725
1802,362,-31.003,1,10,95,1,0,0,0.145,0.0056,90087
1803,111,-9.836,0,3,12,0,0,0,0.144,0.0056,90198
1804,246,-21.485,2,5,70,1,0,0,0.144,0.0056,90444
1805,42,-16.448,0,3,3,1,0,0,0.143,0.0056,90486
1806,118,-14.554,0,5,10,1,0,0,0.143,0.0056,90604
1807,350,-21.014,0,12,120,0,1,0,0.142,0.0056,90954
1808,176,-12.055,0,5,18,0,0,0,0.142,0.0055,91130
1809,276,-23.043,1,13,69,1,0,0,0.141,0.0055,91406
1810,19,-15.428,0,4,2,1,0,0,0.141,0.0055,91425
1811,191,-15.038,0,15,37,1,0,0,0.14,0.0055,91616
1812,5,-14.604,0,4,0,1,0,0,0.14,0.0055,91621
1813,105,-16.846,0,2,5,1,0,0,0.139,0.0055,91726
1814,400,-17.901,0,10,69,0,0,1,0.139,0.0055,92126
1815,400,-19.497,0,11,93,0,0,1,0.138,0.0055,92526
1816,48,-10.998,0,4,12,1,0,0,0.138,0.0055,92574
1817,69,-12.064,0,1,24,1,0,0,0.137,0.0055,92643
1818,386,-31.831,0,5,79,1,0,0,0.137,0.0055,93029
1819,225,-19.192,0,5,26,1,0,0,0.136,0.0055,93254
1820,400,-19.279,0,9,100,0,0,1,0.136,0.0054,93654
1821,253,-19.667,1,27,57,1,0,0,0.135,0.0054,93907
1822,400,-13.364,1,9,97,0,2,1,0.135,0.0054,94307
1823,65,-16.26,0,6,18,1,0,0,0.135,0.0054,94372
1824,106,-10.598,0,6,9,0,0,0,0.134,0.0054,94478
1825,156,-12.477,0,6,37,0,0,0,0.134,0.0054,94634
1826,373,-29.421,0,15,70,1,0,0,0.133,0.0054,95007
1827,400,-20.782,0,13,57,0,0,1,0.133,0.0054,95407
1828,193,-12.861,0,0,25,0,0,0,0.132,0.0054,95600
1829,114,-16.239,1,7,10,1,0,0,0.132,0.0054,95714
1830,127,-10.028,0,3,9,0,0,0,0.131,0.0054,95841
1831,400,-21.582,0,16,78,0,0,1,0.131,0.0054,96241
1832,362,-23.957,0,13,64,1,0,0,0.13,0.0054,96603
1833,143,-16.231,1,16,34,1,0,0,0.13,0.0053,96746
1834,79,-17.226,0,4,27,1,0,0,0.129,0.0053,96825
1835,195,-12.898,0,8,24,0,0,0,0.129,0.0053,97020
1836,310,-13.276,1,20,65,0,0,0,0.128,0.0053,97330
1837,128,-15.058,0,4,7,1,0,0,0.128,0.0053,97458
1838,178,-15.398,0,22,24,1,0,0,0.127,0.0053,97636
1839,263,-19.19,0,11,79,0,0,0,0.127,0.0053,97899
1840,219,-22.372,0,5,29,1,0,0,0.126,0.0053,98118
1841,302,-16.498,1,15,54,0,0,0,0.126,0.0053,98420
1842,347,-25.638,0,10,55,1,0,0,0.126,0.0053,98767
1843,62,-14.602,0,7,13,1,0,0,0.125,0.0053,98829
1844,160,-22.14,0,4,65,1,0,0,0.125,0.0053,98989
1845,212,-20.543,2,10,18,1,0,0,0.124,0.0052,99201
1846,223,-14.582,1,7,43,0,0,0,0.124,0.0052,99424
1847,28,-16.363,0,3,12,1,0,0,0.123,0.0052,99452
1848,86,-17.152,0,3,4,1,0,0,0.123,0.0052,99538
1849,116,-14.66,0,9,24,1,0,0,0.122,0.0052,99654
1850,343,-26.157,1,10,50,1,0,0,0.122,0.0052,99997
1851,400,-17.637,1,9,76,0,0,1,0.121,0.0052,100397
1852,65,-13.022,0,2,3,1,0,0,0.121,0.0052,100462
1853,261,-20.123,1,9,35,1,0,0,0.12,0.0052,100723
1854,208,-11.615,0,8,35,0,0,0,0.12,0.0052,100931
1855,400,-20.806,0,9,99,0,0,1,0.119,0.0052,101331
1856,124,-18.694,1,4,25,1,0,0,0.119,0.0052,101455
1857,10,-15.434,0,3,0,1,0,0,0.118,0.0052,101465
1858,400,-23.935,1,9,88,0,0,1,0.118,0.0051,101865
1859,400,-19.895,0,7,82,0,0,1,0.117,0.0051,102265
1860,400,-22.257,0,13,103,0,0,1,0.117,0.0051,102665
1861,101,-18.967,0,4,7,1,0,0,0.116,0.0051,102766
1862,400,-9.443,1,13,71,0,1,1,0.116,0.0051,103166
1863,5,-14.699,0,4,0,1,0,0,0.116,0.0051,103171
1864,373,-31.44,0,11,58,1,0,0,0.115,0.0051,103544
1865,76,-9.346,0,2,25,0,0,0,0.115,0.0051,103620
1866,34,-12.738,0,2,2,1,0,0,0.114,0.0051,103654
1867,334,-24.07,0,10,54,1,0,0,0.114,0.0051,103988
1868,400,-14.291,0,9,32,0,0,1,0.113,0.0051,104388
1869,288,-12.896,1,11,50,0,0,0,0.113,0.0051,104676
1870,400,-16.532,0,11,45,0,0,1,0.112,0.005,105076
1871,93,-14.583,0,6,19,1,0,0,0.112,0.005,105169
1872,275,-19.211,0,4,13,1,0,0,0.111,0.005,105444
1873,320,-26.323,0,9,61,1,0,0,0.111,0.005,105764
1874,278,-19.174,0,9,67,0,0,0,0.11,0.005,106042
1875,400,-17.877,1,14,85,0,0,1,0.11,0.005,106442
1876,316,-22.845,0,10,86,0,0,0,0.109,0.005,106758
1877,362,-24.762,1,8,105,0,0,0,0.109,0.005,107120
1878,96,-13.51,0,8,21,1,0,0,0.108,0.005,107216
1879,344,-23.079,0,7,23,1,0,0,0.108,0.005,107560
1880,369,-30.809,0,6,72,1,0,0,0.107,0.005,107929
1881,128,-16.088,1,6,33,1,0,0,0.107,0.005,108057
1882,18,-16.056,0,2,9,1,0,0,0.107,0.005,108075
1883,58,-7.654,0,0,5,0,0,0,0.106,0.0049,108133
1884,118,-18.542,0,4,23,1,0,0,0.106,0.0049,108251
1885,337,-17.743,0,16,55,0,0,0,0.105,0.0049,108588
1886,201,-18.926,0,14,49,1,0,0,0.105,0.0049,108789
1887,400,-12.512,0,13,85,0,0,1,0.104,0.0049,109189
1888,400,-18.076,0,6,60,0,0,1,0.104,0.0049,109589
1889,400,-18.193,2,8,59,0,0,1,0.103,0.0049,109989
1890,265,-24.971,0,2,50,1,0,0,0.103,0.0049,110254
1891,400,-18.625,0,8,98,0,0,1,0.102,0.0049,110654
1892,244,-20.463,0,9,31,1,0,0,0.102,0.0049,110898
1893,184,-20.063,0,8,24,1,0,0,0.101,0.0049,111082
1894,181,-13.723,0,5,37,0,0,0,0.101,0.0049,111263
1895,337,-21.25,0,7,50,0,0,0,0.1,0.0048,111600
1896,400,-15.583,0,13,82,0,0,1,0.1,0.0048,112000
1897,400,-20.391,0,5,63,0,0,1,0.099,0.0048,112400
1898,399,-19.971,0,8,51,0,0,0,0.099,0.0048,112799
1899,251,-20.471,0,16,58,1,0,0,0.098,0.0048,113050
1900,159,-10.09,0,8,22,0,0,0,0.098,0.0048,113209
1901,318,-20.248,0,11,54,0,0,0,0.098,0.0048,113527
1902,400,-19.233,0,7,86,0,0,1,0.097,0.0048,113927
1903,72,-18.661,0,3,5,1,0,0,0.097,0.0048,113999
1904,59,-14.231,0,2,14,1,0,0,0.096,0.0048,114058
1905,400,-16.562,1,18,85,0,0,1,0.096,0.0048,114458
1906,77,-7.079,0,3,11,0,0,0,0.095,0.0048,114535
1907,356,-25.406,0,9,26,1,0,0,0.095,0.0048,114891
1908,400,-17.581,0,10,67,0,0,1,0.094,0.0047,115291
1909,384,-25.064,0,11,91,1,0,0,0.094,0.0047,115675
1910,400,-19.851,0,4,51,0,0,1,0.093,0.0047,116075
1911,400,-19.589,0,12,55,0,0,1,0.093,0.0047,116475
1912,95,-16.765,1,6,37,1,0,0,0.092,0.0047,116570
1913,400,-14.226,2,24,67,0,0,1,0.092,0.0047,116970
1914,400,-15.154,0,11,48,0,0,1,0.091,0.0047,117370
1915,400,-18.931,0,9,119,0,0,1,0.091,0.0047,117770
1916,11,-11.37,0,2,0,1,0,0,0.09,0.0047,117781
1917,11,-15.285,0,2,0,1,0,0,0.09,0.0047,117792
1918,400,-23.9,0,7,56,0,0,1,0.089,0.0047,118192
1919,400,-17.256,0,5,58,0,0,1,0.089,0.0047,118592
1920,400,-18.645,0,5,126,0,0,1,0.088,0.0046,118992
1921,173,-13.548,0,6,39,0,0,0,0.088,0.0046,119165
1922,400,-14.074,0,3,29,0,0,1,0.088,0.0046,119565
1923,205,-15.233,1,11,22,1,0,0,0.087,0.0046,119770
1924,60,-7.294,0,2,3,0,0,0,0.087,0.0046,119830
1925,400,-18.232,0,1,52,0,0,1,0.086,0.0046,120230
1926,5,-14.8,0,3,0,1,0,0,0.086,0.0046,120235
1927,400,-15.852,0,9,54,0,0,1,0.085,0.0046,120635
1928,178,-17.415,0,5,13,1,0,0,0.085,0.0046,120813
1929,167,-10.748,1,0,8,0,0,0,0.084,0.0046,120980
1930,245,-24.237,0,6,37,1,0,0,0.084,0.0046,121225
1931,400,-15.22,1,7,82,0,1,1,0.083,0.0046,121625
1932,192,-19.773,1,9,33,1,0,0,0.083,0.0046,121817
1933,221,-18.693,0,5,68,0,0,0,0.082,0.0045,122038
1934,291,-20.322,0,1,31,1,0,0,0.082,0.0045,122329
1935,400,-20.606,0,9,81,0,0,1,0.081,0.0045,122729
1936,84,-14.994,0,2,18,1,0,0,0.081,0.0045,122813
1937,400,-24.007,0,5,74,0,0,1,0.08,0.0045,123213
1938,301,-26.117,1,10,55,1,0,0,0.08,0.0045,123514
1939,320,-21.549,0,9,54,0,0,0,0.079,0.0045,123834
1940,400,-19.623,0,11,76,0,0,1,0.079,0.0045,124234
1941,104,-8.904,0,2,5,0,0,0,0.079,0.0045,124338
1942,84,-8.58,0,0,2,0,0,0,0.078,0.0045,124422
1943,400,-17.774,0,13,84,0,0,1,0.078,0.0045,124822
1944,286,-18.694,1,10,20,1,1,0,0.077,0.0045,125108
1945,400,-17.329,0,8,58,0,0,1,0.077,0.0044,125508
1946,348,-17.871,1,9,55,0,0,0,0.076,0.0044,125856
1947,398,-25.105,0,6,41,1,0,0,0.076,0.0044,126254
1948,400,-17.359,0,5,73,0,0,1,0.075,0.0044,126654
1949,110,-9.979,0,0,7,0,0,0,0.075,0.0044,126764
1950,75,-7.742,0,0,0,0,0,0,0.074,0.0044,126839
1951,297,-18.394,0,3,21,0,0,0,0.074,0.0044,127136
1952,400,-18.142,0,1,81,0,0,1,0.073,0.0044,127536
1953,400,-17.85,1,16,81,0,0,1,0.073,0.0044,127936
1954,106,-8.639,1,0,1,0,0,0,0.072,0.0044,128042
1955,205,-12.191,0,1,7,0,0,0,0.072,0.0044,128247
1956,400,-21.213,0,5,100,0,0,1,0.071,0.0044,128647
1957,167,-14.946,0,11,25,1,0,0,0.071,0.0044,128814
1958,77,-16.885,0,2,1,1,0,0,0.07,0.0043,128891
1959,161,-12.432,0,0,22,0,0,0,0.07,0.0043,129052
1960,400,-16.286,0,8,59,0,0,1,0.069,0.0043,129452
1961,205,-13.768,0,2,19,0,0,0,0.069,0.0043,129657
1962,343,-18.647,0,13,58,1,1,0,0.069,0.0043,130000
1963,206,-22.829,1,6,24,1,0,0,0.068,0.0043,130206
1964,238,-18.174,0,6,32,0,0,0,0.068,0.0043,130444
1965,400,-16.343,0,11,70,0,0,1,0.067,0.0043,130844
1966,400,-13.942,0,5,22,0,0,1,0.067,0.0043,131244
1967,400,-11.645,1,7,35,0,1,1,0.066,0.0043,131644
1968,395,-28.38,0,9,40,1,0,0,0.066,0.0043,132039
1969,353,-20.635,0,14,65,0,0,0,0.065,0.0043,132392
1970,121,-12.884,0,5,2,1,0,0,0.065,0.0042,132513
1971,400,-17.959,0,8,26,0,0,1,0.064,0.0042,132913
1972,400,-14.73,0,0,15,0,0,1,0.064,0.0042,133313
1973,170,-21.562,0,3,9,1,0,0,0.063,0.0042,133483
1974,400,-16.145,0,4,58,0,0,1,0.063,0.0042,133883
1975,400,-16.138,0,11,71,0,0,1,0.062,0.0042,134283
1976,400,-16.737,0,13,47,0,0,1,0.062,0.0042,134683
1977,400,-23.018,1,4,68,0,0,1,0.061,0.0042,135083
1978,400,-18.357,0,4,27,0,0,1,0.061,0.0042,135483
1979,104,-9.232,0,0,4,0,0,0,0.06,0.0042,135587
1980,62,-9.066,0,0,0,0,0,0,0.06,0.0042,135649
1981,193,-14.203,1,9,24,1,0,0,0.06,0.0042,135842
1982,245,-20.535,0,3,20,1,0,0,0.059,0.0042,136087
1983,400,-17.509,0,0,36,0,0,1,0.059,0.0041,136487
1984,83,-15.823,0,4,1,1,0,0,0.058,0.0041,136570
1985,400,-20.272,0,5,51,0,0,1,0.058,0.0041,136970
1986,400,-20.676,0,8,52,0,0,1,0.057,0.0041,137370
1987,272,-11.661,0,12,53,0,0,0,0.057,0.0041,137642
1988,141,-12.634,1,2,25,0,0,0,0.056,0.0041,137783
1989,271,-11.232,0,1,6,0,0,0,0.056,0.0041,138054
1990,400,-12.53,1,12,59,0,0,1,0.055,0.0041,138454
1991,237,-14.661,0,11,36,0,0,0,0.055,0.0041,138691
1992,400,-16.293,0,8,14,0,0,1,0.054,0.0041,139091
1993,45,-11.183,0,2,1,1,0,0,0.054,0.0041,139136
1994,183,-11.859,0,12,8,1,0,0,0.053,0.0041,139319
1995,400,-19.283,1,2,49,0,0,1,0.053,0.004,139719
1996,400,-20.889,0,8,101,0,0,1,0.052,0.004,140119
1997,136,-11.229,0,1,5,0,0,0,0.052,0.004,140255
1998,361,-15.242,1,12,28,0,0,0,0.051,0.004,140616
1999,99,-18.725,0,4,5,1,0,0,0.051,0.004,140715
2000,384,-24.919,0,13,74,0,0,0,0.05,0.004,141099
2001,286,-16.745,0,10,23,1,0,0,0.05,0.004,141385
2002,357,-22.706,0,3,25,0,0,0,0.05,0.004,141742
2003,400,-22.782,0,7,101,0,0,1,0.05,0.004,142142
2004,400,-7.669,1,18,35,0,0,1,0.05,0.004,142542
2005,31,-15.767,0,4,1,1,0,0,0.05,0.004,142573
2006,103,-16.854,1,8,9,1,0,0,0.05,0.004,142676
2007,124,-9.508,0,0,1,0,0,0,0.05,0.004,142800
2008,400,-17.883,0,4,34,0,0,1,0.05,0.004,143200
2009,51,-11.106,0,2,1,1,0,0,0.05,0.004,143251
2010,400,-24.121,0,2,75,0,0,1,0.05,0.004,143651
2011,171,-9.55,0,5,7,0,0,0,0.05,0.004,143822
2012,64,-8.507,0,0,0,0,0,0,0.05,0.004,143886
2013,326,-21.108,0,6,30,1,0,0,0.05,0.004,144212
2014,367,-17.148,2,18,28,0,0,0,0.05,0.004,144579
2015,400,-19.729,0,4,22,0,0,1,0.05,0.004,144979
2016,102,-9.022,0,0,3,0,0,0,0.05,0.004,145081
2017,400,-14.169,0,3,32,0,0,1,0.05,0.004,145481
2018,380,-24.544,0,9,30,1,0,0,0.05,0.004,145861
2019,400,-21.434,0,4,78,0,0,1,0.05,0.004,146261
2020,78,-8.628,0,0,1,0,0,0,0.05,0.004,146339
2021,360,-21.188,1,7,39,0,0,0,0.05,0.004,146699
2022,400,-12.815,1,7,38,0,0,1,0.05,0.004,147099
2023,400,-17.017,0,10,36,0,0,1,0.05,0.004,147499
2024,400,-23.289,0,3,36,0,0,1,0.05,0.004,147899
2025,259,-18.591,0,5,10,1,0,0,0.05,0.004,148158
2026,400,-19.617,0,7,111,0,0,1,0.05,0.004,148558
2027,400,-15.443,0,6,63,0,0,1,0.05,0.004,148958
2028,400,-12.561,0,8,37,0,0,1,0.05,0.004,149358
2029,213,-20.61,0,8,31,1,0,0,0.05,0.004,149571
2030,400,-14.625,0,10,39,0,0,1,0.05,0.004,149971
2031,400,-17.947,0,4,54,0,0,1,0.05,0.004,150371
2032,123,-8.873,0,0,5,0,0,0,0.05,0.004,150494
2033,351,-17.108,1,8,31,0,1,0,0.05,0.004,150845
2034,256,-14.044,1,3,11,0,0,0,0.05,0.004,151101
2035,400,-13.354,0,9,18,0,0,1,0.05,0.004,151501
2036,400,-20.875,0,6,72,0,0,1,0.05,0.004,151901
2037,400,-17.797,1,3,36,0,0,1,0.05,0.004,152301
2038,400,-19.598,0,5,61,0,0,1,0.05,0.004,152701
2039,400,-18.503,1,3,44,0,0,1,0.05,0.004,153101
2040,400,-17.703,0,1,18,0,0,1,0.05,0.004,153501
2041,400,-17.129,0,4,43,0,0,1,0.05,0.004,153901
2042,398,-24.031,0,9,56,0,0,0,0.05,0.004,154299
2043,262,-24.304,0,7,32,1,0,0,0.05,0.004,154561
2044,400,-12.77,0,9,33,0,0,1,0.05,0.004,154961
2045,340,-14.672,1,7,17,0,0,0,0.05,0.004,155301
2046,400,-15.96,0,4,24,0,0,1,0.05,0.004,155701
2047,400,-16.017,0,6,31,0,0,1,0.05,0.004,156101
2048,95,-9.666,0,1,12,0,0,0,0.05,0.004,156196
2049,400,-16.562,0,7,35,0,0,1,0.05,0.004,156596
2050,400,-19.518,0,7,62,0,0,1,0.05,0.004,156996
2051,400,-16.468,0,1,28,0,0,1,0.05,0.004,157396
2052,243,-15.739,0,0,10,0,0,0,0.05,0.004,157639
2053,400,-14.014,1,11,30,0,0,1,0.05,0.004,158039
2054,65,-16.22,0,8,16,1,0,0,0.05,0.004,158104
2055,400,-17.473,0,9,21,0,0,1,0.05,0.004,158504
2056,400,-12.93,0,6,70,0,1,1,0.05,0.004,158904
2057,400,-19.358,0,8,60,0,0,1,0.05,0.004,159304
2058,365,-26.139,0,5,19,1,0,0,0.05,0.004,159669
2059,349,-24.849,0,2,19,1,0,0,0.05,0.004,160018
2060,400,-15.736,0,9,34,0,0,1,0.05,0.004,160418
2061,359,-24.687,0,15,64,1,0,0,0.05,0.004,160777
2062,255,-17.008,0,0,5,0,0,0,0.05,0.004,161032
2063,265,-19.184,0,4,17,1,0,0,0.05,0.004,161297
2064,8,-15.484,0,2,1,1,0,0,0.05,0.004,161305
2065,217,-22.677,0,4,7,1,0,0,0.05,0.004,161522
2066,122,-16.486,0,5,2,1,0,0,0.05,0.004,161644
2067,161,-21.094,0,4,6,1,0,0,0.05,0.004,161805
2068,400,-17.564,0,0,33,0,0,1,0.05,0.004,162205
2069,400,-17.152,0,13,53,0,0,1,0.05,0.004,162605
2070,35,-16.183,0,3,1,1,0,0,0.05,0.004,162640
2071,147,-11.938,0,0,8,0,0,0,0.05,0.004,162787
2072,375,-22.449,0,7,30,0,0,0,0.05,0.004,163162
2073,400,-14.255,0,6,36,0,0,1,0.05,0.004,163562
2074,156,-10.926,0,0,1,0,0,0,0.05,0.004,163718
2075,297,-13.096,0,8,24,0,0,0,0.05,0.004,164015
2076,400,-17.233,1,8,12,0,0,1,0.05,0.004,164415
2077,400,-16.607,0,4,23,0,0,1,0.05,0.004,164815
2078,234,-13.754,0,6,8,0,0,0,0.05,0.004,165049
2079,183,-11.486,0,2,8,0,0,0,0.05,0.004,165232
2080,400,-15.877,0,16,19,0,0,1,0.05,0.004,165632
2081,400,-15.035,0,6,33,0,0,1,0.05,0.004,166032
2082,400,-14.555,0,3,27,0,0,1,0.05,0.004,166432
2083,19,-15.424,0,2,0,1,0,0,0.05,0.004,166451
2084,400,-18.936,0,1,17,0,0,1,0.05,0.004,166851
2085,399,-23.858,0,8,29,0,0,0,0.05,0.004,167250
2086,400,-17.062,0,3,12,0,0,1,0.05,0.004,167650
2087,371,-15.773,0,8,19,0,0,0,0.05,0.004,168021
2088,354,-18.976,0,1,60,0,0,0,0.05,0.004,168375
2089,294,-14.707,0,4,7,0,0,0,0.05,0.004,168669
2090,194,-20.634,0,4,40,1,0,0,0.05,0.004,168863
2091,400,-13.37,0,0,29,0,0,1,0.05,0.004,169263
2092,400,-16.904,0,4,21,0,0,1,0.05,0.004,169663
2093,54,-8.665,0,2,10,0,0,0,0.05,0.004,169717
2094,66,-15.424,0,3,1,1,0,0,0.05,0.004,169783
2095,298,-15.631,0,5,21,0,0,0,0.05,0.004,170081
2096,400,-16.292,0,5,32,0,0,1,0.05,0.004,170481
2097,400,-12.44,0,0,6,0,0,1,0.05,0.004,170881
2098,308,-11.402,0,2,2,0,0,0,0.05,0.004,171189
2099,400,-17.642,0,8,59,0,0,1,0.05,0.004,171589
2100,191,-15.267,0,6,5,1,0,0,0.05,0.004,171780
2101,394,-18.269,0,13,13,0,0,0,0.05,0.004,172174
2102,400,-16.473,0,13,30,0,0,1,0.05,0.004,172574
2103,23,-15.461,0,3,0,1,0,0,0.05,0.004,172597
2104,400,-19.617,0,0,9,0,0,1,0.05,0.004,172997
2105,400,-19.307,0,4,48,0,0,1,0.05,0.004,173397
2106,400,-14.849,0,9,31,0,0,1,0.05,0.004,173797
2107,400,-21.09,0,2,50,0,0,1,0.05,0.004,174197
2108,400,-19.168,0,8,33,0,0,1,0.05,0.004,174597
2109,400,-17.272,1,10,46,0,0,1,0.05,0.004,174997
2110,400,-15.536,0,6,18,0,0,1,0.05,0.004,175397
2111,24,-15.9,0,2,1,1,0,0,0.05,0.004,175421
2112,400,-14.672,0,7,25,0,0,1,0.05,0.004,175821
2113,13,-15.153,0,4,0,1,0,0,0.05,0.004,175834
2114,400,-16.795,0,2,58,0,0,1,0.05,0.004,176234
2115,400,-12.785,1,12,33,0,0,1,0.05,0.004,176634
2116,352,-18.849,0,19,18,0,0,0,0.05,0.004,176986
2117,400,-15.927,0,5,18,0,0,1,0.05,0.004,177386
2118,400,-18.583,0,11,28,0,0,1,0.05,0.004,177786
2119,76,-9.0,0,0,2,0,0,0,0.05,0.004,177862
2120,400,-16.795,0,5,54,0,0,1,0.05,0.004,178262
2121,120,-16.517,0,4,2,1,0,0,0.05,0.004,178382
2122,400,-16.434,0,0,15,0,0,1,0.05,0.004,178782
2123,400,-16.813,0,5,14,0,0,1,0.05,0.004,179182
2124,53,-16.187,0,4,0,1,0,0,0.05,0.004,179235
2125,357,-21.185,0,0,45,0,0,0,0.05,0.004,179592
2126,187,-10.242,1,5,8,0,0,0,0.05,0.004,179779
2127,400,-10.762,0,11,26,0,0,1,0.05,0.004,180179
2128,36,-11.984,0,4,4,1,0,0,0.05,0.004,180215
2129,5,-14.899,0,2,0,1,0,0,0.05,0.004,180220
2130,48,-15.863,0,3,0,1,0,0,0.05,0.004,180268
2131,400,-14.106,0,7,10,0,0,1,0.05,0.004,180668
2132,400,-13.784,0,9,13,0,0,1,0.05,0.004,181068
2133,264,-10.463,0,6,8,0,0,0,0.05,0.004,181332
2134,400,-19.922,0,3,29,0,0,1,0.05,0.004,181732
2135,23,-15.596,0,3,0,1,0,0,0.05,0.004,181755
2136,400,-18.613,1,6,33,0,0,1,0.05,0.004,182155
2137,321,-17.303,0,2,5,0,0,0,0.05,0.004,182476
2138,400,-20.882,0,8,46,0,0,1,0.05,0.004,182876
2139,399,-18.725,0,10,17,0,0,0,0.05,0.004,183275
2140,309,-17.566,0,6,19,0,0,0,0.05,0.004,183584
2141,394,-26.361,0,14,47,1,0,0,0.05,0.004,183978
2142,48,-16.488,0,3,0,1,0,0,0.05,0.004,184026
2143,26,-16.478,0,4,1,1,0,0,0.05,0.004,184052
2144,400,-15.846,0,4,15,0,0,1,0.05,0.004,184452
2145,144,-20.661,0,2,2,1,0,0,0.05,0.004,184596
2146,400,-15.0,1,4,19,0,0,1,0.05,0.004,184996
2147,400,-15.536,0,2,76,0,0,1,0.05,0.004,185396
2148,400,-16.044,1,8,20,0,0,1,0.05,0.004,185796
2149,400,-15.136,0,5,21,0,0,1,0.05,0.004,186196
2150,133,-19.388,0,3,5,1,0,0,0.05,0.004,186329
2151,400,-13.974,1,5,17,0,0,1,0.05,0.004,186729
2152,400,-19.028,0,4,21,0,0,1,0.05,0.004,187129
2153,103,-7.71,1,0,2,0,0,0,0.05,0.004,187232
2154,400,-14.458,1,6,52,0,0,1,0.05,0.004,187632
2155,384,-20.024,0,5,11,0,0,0,0.05,0.004,188016
2156,22,-11.955,0,2,0,1,0,0,0.05,0.004,188038
2157,22,-15.903,0,3,2,1,0,0,0.05,0.004,188060
2158,400,-17.789,1,9,40,0,0,1,0.05,0.004,188460
2159,30,-11.64,0,2,0,1,0,0,0.05,0.004,188490
2160,212,-14.947,0,0,14,0,0,0,0.05,0.004,188702
2161,400,-15.488,0,10,37,0,0,1,0.05,0.004,189102
2162,60,-14.511,0,4,0,1,0,0,0.05,0.004,189162
2163,262,-13.519,0,3,3,0,0,0,0.05,0.004,189424
2164,400,-15.518,0,4,10,0,0,1,0.05,0.004,189824
2165,89,-17.606,0,4,3,1,0,0,0.05,0.004,189913
2166,400,-15.855,0,9,22,0,0,1,0.05,0.004,190313
2167,100,-9.883,0,1,14,0,0,0,0.05,0.004,190413
2168,400,-19.957,0,0,32,0,0,1,0.05,0.004,190813
2169,170,-19.534,0,11,6,1,0,0,0.05,0.004,190983
2170,400,-14.663,2,13,33,0,0,1,0.05,0.004,191383
2171,341,-17.183,0,22,24,1,0,0,0.05,0.004,191724
2172,57,-17.396,0,4,1,1,0,0,0.05,0.004,191781
2173,168,-11.21,0,0,2,0,0,0,0.05,0.004,191949
2174,400,-11.748,0,4,8,0,0,1,0.05,0.004,192349
2175,400,-17.912,0,4,32,0,0,1,0.05,0.004,192749
2176,297,-16.118,0,9,18,0,0,0,0.05,0.004,193046
2177,400,-11.955,0,5,7,0,0,1,0.05,0.004,193446
2178,400,-20.143,0,1,25,0,0,1,0.05,0.004,193846
2179,309,-20.09,0,4,31,0,0,0,0.05,0.004,194155
2180,217,-14.081,0,5,23,0,0,0,0.05,0.004,194372
2181,63,-17.867,0,3,0,1,0,0,0.05,0.004,194435
2182,73,-13.628,0,8,0,1,0,0,0.05,0.004,194508
2183,400,-19.052,0,8,28,0,0,1,0.05,0.004,194908
2184,158,-10.872,0,5,4,0,0,0,0.05,0.004,195066
2185,400,-12.749,0,0,7,0,0,1,0.05,0.004,195466
2186,109,-19.052,0,2,3,1,0,0,0.05,0.004,195575
2187,391,-28.003,0,6,24,1,0,0,0.05,0.004,195966
2188,179,-15.427,0,0,0,0,0,0,0.05,0.004,196145
2189,39,-14.859,0,3,1,1,0,0,0.05,0.004,196184
2190,400,-16.401,0,4,31,0,0,1,0.05,0.004,196584
2191,400,-16.948,0,2,26,0,0,1,0.05,0.004,196984
2192,37,-14.51,0,3,2,1,0,0,0.05,0.004,197021
2193,8,-13.457,0,2,0,1,0,0,0.05,0.004,197029
2194,111,-18.453,0,4,2,1,0,0,0.05,0.004,197140
2195,106,-17.7,0,4,2,1,0,0,0.05,0.004,197246
2196,400,-17.145,0,2,40,0,0,1,0.05,0.004,197646
2197,291,-20.493,0,2,13,1,0,0,0.05,0.004,197937
2198,400,-16.2,0,6,7,0,0,1,0.05,0.004,198337
2199,324,-17.446,1,10,17,0,0,0,0.05,0.004,198661
2200,65,-17.691,0,3,1,1,0,0,0.05,0.004,198726
2201,400,-11.128,1,17,8,0,0,1,0.05,0.004,199126
2202,400,-18.692,0,5,25,0,0,1,0.05,0.004,199526
2203,14,-15.668,0,4,1,1,0,0,0.05,0.004,199540
2204,16,-11.725,0,0,0,1,0,0,0.05,0.004,199556
2205,384,-26.915,0,6,30,0,0,0,0.05,0.004,199940
2206,49,-7.49,0,0,0,0,0,0,0.05,0.004,199989
2207,400,-12.563,0,6,17,0,0,1,0.05,0.004,200000
2208,400,-17.669,0,3,30,0,0,1,0.05,0.004,200000
2209,400,-17.05,0,11,43,0,0,1,0.05,0.004,200000
2210,400,-12.475,0,2,12,0,0,1,0.05,0.004,200000
2211,147,-21.158,0,4,0,1,0,0,0.05,0.004,200000
2212,400,-16.589,0,12,16,0,0,1,0.05,0.004,200000
2213,20,-15.838,0,4,1,1,0,0,0.05,0.004,200000
2214,349,-16.165,0,12,31,0,0,0,0.05,0.004,200000
2215,400,-15.16,0,4,30,0,0,1,0.05,0.004,200000
2216,400,-13.613,0,2,34,0,1,1,0.05,0.004,200000
2217,400,-17.879,0,4,70,0,0,1,0.05,0.004,200000
2218,400,-16.453,0,6,50,0,0,1,0.05,0.004,200000
2219,400,-18.671,1,8,43,0,0,1,0.05,0.004,200000
2220,400,-21.235,0,7,41,0,0,1,0.05,0.004,200000
2221,12,-13.444,0,3,0,1,0,0,0.05,0.004,200000
2222,166,-18.724,0,11,32,1,0,0,0.05,0.004,200000
2223,400,-14.071,0,4,7,0,0,1,0.05,0.004,200000
2224,377,-22.304,0,4,20,0,0,0,0.05,0.004,200000
2225,400,-13.691,0,0,12,0,0,1,0.05,0.004,200000
2226,268,-24.574,0,3,22,1,0,0,0.05,0.004,200000
2227,126,-14.835,0,7,3,1,0,0,0.05,0.004,200000
2228,82,-9.403,0,3,3,0,0,0,0.05,0.004,200000
2229,133,-16.569,0,2,15,1,0,0,0.05,0.004,200000
2230,27,-14.088,0,3,1,1,0,0,0.05,0.004,200000
2231,400,-18.431,0,3,12,0,0,1,0.05,0.004,200000
2232,400,-14.087,0,13,38,0,0,1,0.05,0.004,200000
2233,400,-20.265,0,5,27,0,0,1,0.05,0.004,200000
2234,283,-23.728,0,5,21,1,0,0,0.05,0.004,200000
2235,400,-11.841,0,3,7,0,0,1,0.05,0.004,200000
2236,83,-18.992,0,4,2,1,0,0,0.05,0.004,200000
2237,306,-13.776,0,6,9,0,0,0,0.05,0.004,200000
2238,195,-16.555,1,6,4,1,0,0,0.05,0.004,200000
2239,400,-15.825,0,4,18,0,0,1,0.05,0.004,200000
2240,265,-15.376,0,0,3,0,0,0,0.05,0.004,200000
2241,400,-13.338,0,4,14,0,0,1,0.05,0.004,200000
2242,400,-16.321,0,2,22,0,0,1,0.05,0.004,200000
2243,400,-13.409,1,12,47,0,0,1,0.05,0.004,200000
2244,100,-18.133,0,3,1,1,0,0,0.05,0.004,200000
2245,47,-15.078,0,3,2,1,0,0,0.05,0.004,200000
2246,400,-15.911,0,7,23,0,0,1,0.05,0.004,200000
2247,87,-17.887,0,3,1,1,0,0,0.05,0.004,200000
2248,92,-19.694,0,3,21,1,0,0,0.05,0.004,200000
2249,400,-16.614,1,2,28,0,0,1,0.05,0.004,200000
2250,400,-15.17,0,5,17,0,0,1,0.05,0.004,200000
2251,400,-15.063,0,8,24,0,0,1,0.05,0.004,200000
2252,213,-22.119,0,3,7,1,0,0,0.05,0.004,200000
2253,291,-14.308,1,9,5,0,0,0,0.05,0.004,200000
2254,194,-9.732,1,0,18,0,0,0,0.05,0.004,200000
2255,363,-20.448,0,5,7,0,0,0,0.05,0.004,200000
2256,161,-7.735,0,4,6,0,0,0,0.05,0.004,200000
2257,400,-28.73,0,4,14,1,0,0,0.05,0.004,200000
2258,98,-17.562,0,4,2,1,0,0,0.05,0.004,200000
2259,400,-14.971,0,3,30,0,0,1,0.05,0.004,200000
2260,400,-19.704,0,1,22,0,0,1,0.05,0.004,200000
2261,400,-19.273,0,2,36,0,0,1,0.05,0.004,200000
2262,45,-16.61,0,2,1,1,0,0,0.05,0.004,200000
2263,232,-17.803,0,5,1,1,0,0,0.05,0.004,200000
2264,230,-18.569,0,6,17,1,0,0,0.05,0.004,200000
2265,400,-17.441,0,3,81,0,0,1,0.05,0.004,200000
2266,116,-10.173,0,0,9,0,0,0,0.05,0.004,200000
2267,400,-14.06,0,7,11,0,0,1,0.05,0.004,200000
2268,184,-19.147,0,4,5,1,0,0,0.05,0.004,200000
2269,400,-21.414,0,0,16,0,0,1,0.05,0.004,200000
2270,400,-15.695,0,5,39,0,0,1,0.05,0.004,200000
2271,367,-24.371,0,7,10,1,0,0,0.05,0.004,200000
2272,400,-13.309,1,8,9,0,0,1,0.05,0.004,200000
2273,400,-15.72,0,1,21,0,0,1,0.05,0.004,200000
2274,43,-15.774,0,4,0,1,0,0,0.05,0.004,200000
2275,344,-20.667,0,3,8,0,0,0,0.05,0.004,200000
2276,400,-16.542,0,8,28,0,0,1,0.05,0.004,200000
2277,400,-13.767,0,8,40,0,0,1,0.05,0.004,200000
2278,400,-17.975,1,6,10,0,0,1,0.05,0.004,200000
2279,102,-12.774,0,4,6,1,0,0,0.05,0.004,200000
2280,400,-16.95,0,4,35,0,0,1,0.05,0.004,200000
2281,387,-24.803,0,4,30,1,0,0,0.05,0.004,200000
2282,400,-14.868,0,11,28,0,1,1,0.05,0.004,200000
2283,400,-17.35,0,3,45,0,0,1,0.05,0.004,200000
2284,197,-14.217,0,3,6,1,0,0,0.05,0.004,200000
2285,5,-15.337,0,3,1,1,0,0,0.05,0.004,200000
2286,262,-17.91,0,1,9,0,0,0,0.05,0.004,200000
2287,400,-9.801,0,7,12,0,0,1,0.05,0.004,200000
2288,130,-17.759,0,5,17,1,0,0,0.05,0.004,200000
2289,65,-16.864,0,2,2,1,0,0,0.05,0.004,200000
2290,398,-27.076,0,5,20,1,0,0,0.05,0.004,200000
2291,400,-19.125,0,3,10,0,0,1,0.05,0.004,200000
2292,400,-18.642,0,2,20,0,0,1,0.05,0.004,200000
2293,279,-14.798,0,2,11,0,0,0,0.05,0.004,200000
2294,400,-16.435,0,5,12,0,0,1,0.05,0.004,200000
2295,400,-20.213,0,4,4,0,0,1,0.05,0.004,200000
2296,384,-26.144,0,6,14,1,0,0,0.05,0.004,200000
2297,400,-12.279,0,0,19,0,1,1,0.05,0.004,200000
2298,400,-12.848,0,14,35,0,0,1,0.05,0.004,200000
2299,400,-14.207,0,10,26,0,0,1,0.05,0.004,200000
2300,400,-16.007,0,7,10,0,0,1,0.05,0.004,200000
2301,400,-16.494,0,6,9,0,0,1,0.05,0.004,200000
2302,23,-17.748,0,4,16,1,0,0,0.05,0.004,200000
2303,355,-23.102,0,5,7,0,0,0,0.05,0.004,200000
2304,400,-21.374,0,5,38,0,0,1,0.05,0.004,200000
2305,146,-15.679,0,8,16,1,0,0,0.05,0.004,200000
2306,7,-16.099,0,3,4,1,0,0,0.05,0.004,200000
2307,400,-15.798,0,6,23,0,0,1,0.05,0.004,200000
2308,76,-9.274,0,5,37,0,0,0,0.05,0.004,200000
2309,400,-13.125,0,3,8,0,0,1,0.05,0.004,200000
2310,400,-12.763,0,9,20,0,0,1,0.05,0.004,200000
2311,400,-18.421,0,7,13,0,0,1,0.05,0.004,200000
2312,400,-15.293,0,1,12,0,0,1,0.05,0.004,200000
2313,231,-14.323,0,2,7,0,0,0,0.05,0.004,200000
2314,256,-15.998,0,11,27,0,0,0,0.05,0.004,200000
2315,394,-24.914,0,3,10,1,0,0,0.05,0.004,200000
2316,83,-13.694,0,3,4,1,0,0,0.05,0.004,200000
2317,400,-17.205,0,8,78,0,0,1,0.05,0.004,200000
2318,400,-12.81,0,10,36,0,0,1,0.05,0.004,200000
2319,346,-19.751,0,5,30,0,0,0,0.05,0.004,200000
2320,44,-17.947,0,4,9,1,0,0,0.05,0.004,200000
2321,400,-14.194,0,6,10,0,0,1,0.05,0.004,200000
2322,400,-14.768,0,12,32,0,0,1,0.05,0.004,200000
2323,400,-9.98,0,8,38,0,1,1,0.05,0.004,200000
2324,400,-14.397,0,5,8,0,0,1,0.05,0.004,200000
2325,400,-9.734,0,9,18,0,0,1,0.05,0.004,200000
2326,103,-14.21,0,8,22,1,0,0,0.05,0.004,200000
2327,385,-24.542,1,10,19,1,0,0,0.05,0.004,200000
2328,400,-15.901,0,4,19,0,0,1,0.05,0.004,200000
2329,400,-15.509,0,3,8,0,0,1,0.05,0.004,200000
2330,249,-20.187,0,6,5,1,0,0,0.05,0.004,200000
2331,399,-28.709,0,12,35,1,0,0,0.05,0.004,200000
2332,348,-23.867,0,6,27,1,0,0,0.05,0.004,200000
2333,400,-17.201,0,8,8,0,0,1,0.05,0.004,200000
2334,78,-8.932,0,0,5,0,0,0,0.05,0.004,200000
2335,60,-5.958,0,2,2,0,0,0,0.05,0.004,200000
2336,399,-23.908,0,8,44,0,0,0,0.05,0.004,200000
2337,400,-13.013,0,14,58,0,0,1,0.05,0.004,200000
2338,400,-11.887,0,8,10,0,0,1,0.05,0.004,200000
2339,400,-16.6,0,6,13,0,0,1,0.05,0.004,200000
2340,400,-20.117,0,3,13,0,0,1,0.05,0.004,200000
2341,67,-18.267,0,3,7,1,0,0,0.05,0.004,200000
2342,273,-24.171,0,7,37,1,0,0,0.05,0.004,200000
2343,400,-16.425,0,2,15,0,0,1,0.05,0.004,200000
2344,400,-15.707,0,10,13,0,0,1,0.05,0.004,200000
2345,212,-10.677,1,3,4,0,0,0,0.05,0.004,200000
2346,400,-17.311,0,9,39,0,0,1,0.05,0.004,200000
2347,400,-18.028,0,6,6,0,0,1,0.05,0.004,200000
2348,400,-12.385,1,7,4,0,0,1,0.05,0.004,200000
2349,400,-16.025,0,12,41,0,0,1,0.05,0.004,200000
2350,400,-17.057,0,8,48,0,0,1,0.05,0.004,200000
2351,310,-15.212,0,7,6,0,0,0,0.05,0.004,200000
2352,400,-15.141,0,9,8,0,0,1,0.05,0.004,200000
2353,343,-20.209,0,4,32,0,0,0,0.05,0.004,200000
2354,400,-20.237,0,10,57,0,0,1,0.05,0.004,200000
2355,42,-17.792,0,3,14,1,0,0,0.05,0.004,200000
2356,400,-17.381,0,7,47,0,0,1,0.05,0.004,200000
2357,400,-16.115,0,5,33,0,0,1,0.05,0.004,200000
2358,400,-18.547,0,4,23,0,0,1,0.05,0.004,200000
2359,359,-18.733,1,9,14,0,0,0,0.05,0.004,200000
2360,400,-15.924,0,7,7,0,0,1,0.05,0.004,200000
2361,400,-11.156,0,5,13,0,0,1,0.05,0.004,200000
2362,400,-12.445,1,6,7,0,0,1,0.05,0.004,200000
2363,400,-17.307,0,3,9,0,0,1,0.05,0.004,200000
2364,364,-14.638,0,12,8,0,0,0,0.05,0.004,200000
2365,332,-15.501,1,9,9,0,0,0,0.05,0.004,200000
2366,400,-13.885,0,16,58,0,0,1,0.05,0.004,200000
2367,400,-14.756,0,9,45,0,0,1,0.05,0.004,200000
2368,400,-11.258,0,4,24,0,0,1,0.05,0.004,200000
2369,400,-14.009,0,6,20,0,0,1,0.05,0.004,200000
2370,186,-13.265,0,6,7,0,0,0,0.05,0.004,200000
2371,400,-13.367,0,6,15,0,0,1,0.05,0.004,200000
2372,381,-21.074,0,10,3,1,0,0,0.05,0.004,200000
2373,182,-9.65,0,12,15,0,0,0,0.05,0.004,200000
2374,400,-16.424,0,2,6,0,0,1,0.05,0.004,200000
2375,400,-22.434,0,10,20,0,0,0,0.05,0.004,200000
2376,193,-18.717,0,12,8,1,0,0,0.05,0.004,200000
2377,400,-10.851,0,13,46,0,0,1,0.05,0.004,200000
2378,110,-13.946,0,15,17,1,0,0,0.05,0.004,200000
2379,400,-13.884,0,12,23,0,0,1,0.05,0.004,200000
2380,400,-15.775,0,13,29,0,0,1,0.05,0.004,200000
2381,400,-16.254,0,10,9,0,0,1,0.05,0.004,200000
2382,400,-16.439,0,12,46,0,0,1,0.05,0.004,200000
2383,263,-22.943,0,5,8,1,0,0,0.05,0.004,200000
2384,400,-11.762,1,18,15,0,0,1,0.05,0.004,200000
2385,290,-16.461,0,6,14,0,0,0,0.05,0.004,200000
2386,400,-17.423,0,7,22,0,0,1,0.05,0.004,200000
2387,400,-12.633,0,6,13,0,0,1,0.05,0.004,200000
2388,400,-15.071,1,13,33,0,0,1,0.05,0.004,200000
2389,304,-19.652,0,12,2,1,0,0,0.05,0.004,200000
2390,400,-13.969,0,8,14,0,0,1,0.05,0.004,200000
2391,74,-5.52,0,3,1,0,0,0,0.05,0.004,200000
2392,382,-14.913,0,11,23,0,0,0,0.05,0.004,200000
2393,376,-22.688,1,3,11,1,0,0,0.05,0.004,200000
2394,200,-12.564,0,12,18,0,0,0,0.05,0.004,200000
2395,400,-11.38,0,11,16,0,0,1,0.05,0.004,200000
2396,158,-19.351,0,1,6,1,0,0,0.05,0.004,200000
2397,400,-15.945,0,14,35,0,0,1,0.05,0.004,200000
2398,400,-13.42,0,11,43,0,0,1,0.05,0.004,200000
2399,400,-11.64,0,5,11,0,0,1,0.05,0.004,200000
2400,400,-16.06,1,8,19,0,0,1,0.05,0.004,200000
2401,400,-9.064,0,7,16,0,0,1,0.05,0.004,200000
2402,45,-6.476,0,0,0,0,0,0,0.05,0.004,200000
2403,400,-14.445,0,7,15,0,0,1,0.05,0.004,200000
2404,400,-11.561,0,5,4,0,0,1,0.05,0.004,200000
2405,400,-13.744,0,3,10,0,0,1,0.05,0.004,200000
2406,177,-14.786,0,7,8,1,0,0,0.05,0.004,200000
2407,400,-11.449,0,5,12,0,0,1,0.05,0.004,200000
2408,400,-14.547,0,5,13,0,0,1,0.05,0.004,200000
2409,251,-23.493,0,9,49,1,0,0,0.05,0.004,200000
2410,144,-13.278,0,10,28,1,0,0,0.05,0.004,200000
2411,400,-8.613,0,15,34,0,0,1,0.05,0.004,200000
2412,400,-10.963,0,24,26,0,0,1,0.05,0.004,200000
2413,400,-9.575,1,16,23,0,0,1,0.05,0.004,200000
2414,400,-15.915,0,6,25,0,0,1,0.05,0.004,200000
2415,386,-17.373,0,16,23,1,0,0,0.05,0.004,200000
2416,400,-19.13,0,9,58,0,0,1,0.05,0.004,200000
2417,330,-18.271,0,9,9,1,0,0,0.05,0.004,200000
2418,400,-16.727,0,9,52,0,0,1,0.05,0.004,200000
2419,400,-11.105,0,9,27,0,0,1,0.05,0.004,200000
2420,400,-15.266,1,11,14,0,0,1,0.05,0.004,200000
2421,344,-16.081,0,13,15,0,0,0,0.05,0.004,200000
2422,176,-17.249,0,6,20,1,0,0,0.05,0.004,200000
2423,400,-10.54,0,20,47,0,0,1,0.05,0.004,200000
2424,271,-23.45,0,4,11,1,0,0,0.05,0.004,200000
2425,400,-12.459,0,3,11,0,0,1,0.05,0.004,200000
2426,400,-16.633,0,7,12,0,0,1,0.05,0.004,200000
2427,132,-13.688,0,9,18,1,0,0,0.05,0.004,200000
2428,400,-11.771,0,8,17,0,0,1,0.05,0.004,200000
2429,314,-14.647,0,5,6,0,0,0,0.05,0.004,200000
2430,400,-15.839,0,15,53,0,0,1,0.05,0.004,200000
2431,62,-9.37,0,0,10,0,0,0,0.05,0.004,200000
2432,70,-8.393,0,2,6,0,0,0,0.05,0.004,200000
2433,82,-14.851,0,5,16,1,0,0,0.05,0.004,200000
2434,400,-13.59,0,5,18,0,0,1,0.05,0.004,200000
2435,281,-13.449,0,6,3,0,0,0,0.05,0.004,200000
2436,400,-16.102,0,4,31,0,0,1,0.05,0.004,200000
2437,400,-17.357,0,12,41,0,0,1,0.05,0.004,200000
2438,400,-18.986,0,4,16,0,0,1,0.05,0.004,200000
2439,73,-15.398,0,9,16,1,0,0,0.05,0.004,200000
2440,400,-11.612,0,5,14,0,0,1,0.05,0.004,200000
2441,400,-12.078,1,12,14,0,0,1,0.05,0.004,200000
2442,400,-17.331,0,1,16,0,0,1,0.05,0.004,200000
2443,400,-12.884,0,15,24,0,0,1,0.05,0.004,200000
2444,400,-15.816,0,17,85,0,0,1,0.05,0.004,200000
2445,260,-14.797,2,11,8,1,0,0,0.05,0.004,200000
2446,400,-11.088,0,13,17,0,0,1,0.05,0.004,200000
2447,400,-9.364,0,14,38,0,0,1,0.05,0.004,200000
2448,400,-13.463,0,6,17,0,0,1,0.05,0.004,200000
2449,400,-14.436,0,12,4,0,0,1,0.05,0.004,200000
2450,386,-21.435,0,14,22,1,0,0,0.05,0.004,200000
2451,400,-17.131,0,20,37,0,0,1,0.05,0.004,200000
2452,200,-19.309,0,10,13,1,0,0,0.05,0.004,200000
2453,327,-23.614,0,8,11,1,0,0,0.05,0.004,200000
2454,317,-14.94,1,9,19,0,0,0,0.05,0.004,200000
2455,400,-13.052,0,5,10,0,0,1,0.05,0.004,200000
2456,357,-13.364,0,13,6,0,0,0,0.05,0.004,200000
2457,36,-17.108,0,4,3,1,0,0,0.05,0.004,200000
2458,400,-12.368,1,10,25,0,0,1,0.05,0.004,200000
2459,400,-15.077,0,9,12,0,0,1,0.05,0.004,200000
2460,118,-15.571,0,3,4,1,0,0,0.05,0.004,200000
2461,400,-4.938,2,30,13,0,0,1,0.05,0.004,200000
2462,20,-11.077,0,2,0,1,0,0,0.05,0.004,200000
2463,370,-16.358,0,18,18,1,1,0,0.05,0.004,200000
2464,400,-12.708,0,0,14,0,0,1,0.05,0.004,200000
2465,400,-17.889,0,2,8,0,0,1,0.05,0.004,200000
2466,400,-14.996,0,6,39,0,0,1,0.05,0.004,200000
2467,400,-11.885,0,5,18,0,0,1,0.05,0.004,200000
2468,281,-9.966,0,23,12,0,0,0,0.05,0.004,200000
2469,400,-16.996,0,4,8,0,0,1,0.05,0.004,200000
2470,400,-13.934,1,7,44,0,0,1,0.05,0.004,200000
2471,400,-14.411,0,7,15,0,0,1,0.05,0.004,200000
2472,400,-12.944,0,9,11,0,0,1,0.05,0.004,200000
2473,400,-8.526,1,18,7,0,0,1,0.05,0.004,200000
2474,400,-7.625,0,17,4,0,0,1,0.05,0.004,200000
2475,400,-15.045,0,9,11,0,0,1,0.05,0.004,200000
2476,400,-12.65,0,8,11,0,0,1,0.05,0.004,200000
2477,400,-14.348,0,12,19,0,0,1,0.05,0.004,200000
2478,262,-19.782,0,18,36,1,0,0,0.05,0.004,200000
2479,400,-11.511,0,21,16,0,0,1,0.05,0.004,200000
2480,400,-11.173,0,7,6,0,0,1,0.05,0.004,200000
2481,320,-23.808,0,6,10,1,0,0,0.05,0.004,200000
2482,400,-13.44,0,10,11,0,0,1,0.05,0.004,200000
2483,344,-16.433,1,12,19,0,0,0,0.05,0.004,200000
2484,49,-12.145,0,10,2,1,0,0,0.05,0.004,200000
2485,400,-19.413,0,5,18,0,0,1,0.05,0.004,200000
2486,361,-17.463,0,13,9,1,0,0,0.05,0.004,200000
2487,217,-13.405,1,12,22,0,0,0,0.05,0.004,200000
2488,400,-11.474,0,23,15,0,0,1,0.05,0.004,200000
2489,400,-8.662,0,8,13,0,0,1,0.05,0.004,200000
2490,83,-10.995,1,9,4,1,0,0,0.05,0.004,200000
2491,400,-14.353,0,6,9,0,0,1,0.05,0.004,200000
2492,400,-11.737,0,11,28,0,0,1,0.05,0.004,200000
2493,400,-15.225,0,2,32,0,0,1,0.05,0.004,200000
2494,400,-9.389,0,22,33,0,0,1,0.05,0.004,200000
2495,400,-21.2,0,14,63,0,0,1,0.05,0.004,200000
2496,400,-12.072,0,13,21,0,0,1,0.05,0.004,200000
2497,400,-17.628,0,2,14,0,0,1,0.05,0.004,200000
2498,400,-15.339,0,7,33,0,0,1,0.05,0.004,200000
2499,400,-15.799,0,8,40,0,0,1,0.05,0.004,200000
2500,372,-22.386,3,22,18,1,0,0,0.05,0.004,200000
2501,400,-13.754,1,20,15,0,0,1,0.05,0.004,200000
2502,52,-10.586,1,13,8,1,0,0,0.05,0.004,200000
2503,400,-14.696,0,4,49,0,0,1,0.05,0.004,200000
2504,219,-17.095,0,11,5,1,0,0,0.05,0.004,200000
2505,400,-13.988,0,6,9,0,0,1,0.05,0.004,200000
2506,400,-9.938,0,13,68,0,1,1,0.05,0.004,200000
2507,252,-17.183,0,3,30,0,0,0,0.05,0.004,200000
2508,400,-12.349,0,13,15,0,0,1,0.05,0.004,200000
2509,400,-12.865,0,16,27,0,0,1,0.05,0.004,200000
2510,400,-13.656,0,7,10,0,0,1,0.05,0.004,200000
2511,400,-17.328,0,3,37,0,0,1,0.05,0.004,200000
2512,400,-6.361,1,16,34,0,0,1,0.05,0.004,200000
2513,326,-18.67,0,12,20,1,0,0,0.05,0.004,200000
2514,49,-7.318,0,0,0,0,0,0,0.05,0.004,200000
2515,400,-8.664,0,14,7,0,0,1,0.05,0.004,200000
2516,400,-7.633,0,13,17,0,0,1,0.05,0.004,200000
2517,400,-13.243,0,9,26,0,0,1,0.05,0.004,200000
2518,400,-9.773,0,9,10,0,0,1,0.05,0.004,200000
2519,80,-8.797,0,0,3,0,0,0,0.05,0.004,200000
2520,89,-8.742,0,3,6,0,0,0,0.05,0.004,200000
2521,400,-12.787,0,9,12,0,0,1,0.05,0.004,200000
2522,400,-16.209,0,5,15,0,0,1,0.05,0.004,200000
2523,400,-13.157,0,12,27,0,0,1,0.05,0.004,200000
2524,400,-16.84,1,9,59,0,0,1,0.05,0.004,200000
2525,181,-14.495,1,14,20,1,0,0,0.05,0.004,200000
2526,230,-17.456,0,24,20,1,0,0,0.05,0.004,200000
2527,330,-18.494,0,8,10,1,0,0,0.05,0.004,200000
2528,60,-6.38,1,4,3,0,0,0,0.05,0.004,200000
2529,174,-9.637,0,7,3,0,0,0,0.05,0.004,200000
2530,400,-13.256,0,11,29,0,0,1,0.05,0.004,200000
2531,400,-12.694,0,14,8,0,0,1,0.05,0.004,200000
2532,384,-14.481,0,42,18,1,0,0,0.05,0.004,200000
2533,400,-15.21,0,20,39,0,0,1,0.05,0.004,200000
2534,400,-15.335,0,5,46,0,0,1,0.05,0.004,200000
2535,400,-13.626,1,13,22,0,0,1,0.05,0.004,200000
2536,400,-12.944,0,12,36,0,0,1,0.05,0.004,200000
2537,104,-15.831,0,8,11,1,0,0,0.05,0.004,200000
2538,400,-13.433,0,11,17,0,0,1,0.05,0.004,200000
2539,400,-17.912,0,6,30,0,0,1,0.05,0.004,200000
2540,400,-12.144,0,5,9,0,0,1,0.05,0.004,200000
2541,346,-17.327,0,11,20,0,0,0,0.05,0.004,200000
2542,400,-15.358,0,9,34,0,0,1,0.05,0.004,200000
2543,57,-8.331,0,2,3,0,0,0,0.05,0.004,200000
2544,118,-13.582,0,10,1,1,0,0,0.05,0.004,200000
2545,400,-8.704,0,8,14,0,0,1,0.05,0.004,200000
2546,400,-13.53,1,15,25,0,0,1,0.05,0.004,200000
2547,400,-15.772,1,19,50,0,0,1,0.05,0.004,200000
2548,400,-8.78,0,21,37,0,0,1,0.05,0.004,200000
2549,140,-21.986,0,2,5,1,0,0,0.05,0.004,200000
2550,400,-6.966,1,16,13,0,0,1,0.05,0.004,200000
2551,400,-9.672,0,14,21,0,0,1,0.05,0.004,200000
2552,400,-8.553,1,19,25,0,0,1,0.05,0.004,200000
2553,114,-13.415,0,2,4,1,0,0,0.05,0.004,200000
2554,400,-13.323,0,7,16,0,0,1,0.05,0.004,200000
2555,153,-14.029,0,5,6,1,0,0,0.05,0.004,200000
2556,5,-13.542,0,3,3,1,0,0,0.05,0.004,200000
2557,400,-19.076,0,5,31,0,0,1,0.05,0.004,200000
2558,400,-6.862,2,11,23,0,0,1,0.05,0.004,200000
2559,400,-9.006,0,11,25,0,0,1,0.05,0.004,200000
2560,400,-13.279,0,8,27,0,0,1,0.05,0.004,200000
2561,381,-16.325,0,9,23,0,0,0,0.05,0.004,200000
2562,314,-13.218,0,9,13,0,0,0,0.05,0.004,200000
2563,400,-18.177,0,11,42,0,0,1,0.05,0.004,200000
2564,400,-11.547,0,13,18,0,0,1,0.05,0.004,200000
2565,400,-15.317,0,12,27,0,0,1,0.05,0.004,200000
2566,400,-12.849,0,11,21,0,0,1,0.05,0.004,200000
2567,400,-4.664,1,23,27,0,0,1,0.05,0.004,200000
2568,400,-12.526,0,12,23,0,0,1,0.05,0.004,200000
2569,396,-23.671,0,7,35,0,0,0,0.05,0.004,200000
2570,62,-16.495,0,3,13,1,0,0,0.05,0.004,200000
2571,380,-19.404,0,10,36,0,0,0,0.05,0.004,200000
2572,400,-11.292,0,8,24,0,0,1,0.05,0.004,200000
2573,108,-12.457,0,8,5,1,0,0,0.05,0.004,200000
2574,400,-9.513,0,32,29,0,0,1,0.05,0.004,200000
2575,400,-13.033,0,12,10,0,0,1,0.05,0.004,200000
2576,400,-9.476,0,15,29,0,0,1,0.05,0.004,200000
2577,400,-12.486,1,18,32,0,0,1,0.05,0.004,200000
2578,28,-13.2,0,8,1,1,0,0,0.05,0.004,200000
2579,400,-14.538,0,18,14,0,0,1,0.05,0.004,200000
2580,400,-9.016,0,3,27,0,1,1,0.05,0.004,200000
2581,363,-22.362,0,4,15,0,0,0,0.05,0.004,200000
2582,171,-8.844,0,6,5,0,0,0,0.05,0.004,200000
2583,400,-13.306,0,7,28,0,0,1,0.05,0.004,200000
2584,223,-10.44,0,8,9,0,0,0,0.05,0.004,200000
2585,400,-5.819,0,13,11,0,0,1,0.05,0.004,200000
2586,28,-12.815,0,3,12,1,0,0,0.05,0.004,200000
2587,255,-12.743,0,5,8,0,0,0,0.05,0.004,200000
2588,400,-15.813,0,10,10,0,0,1,0.05,0.004,200000
2589,400,-10.919,0,18,9,0,0,1,0.05,0.004,200000
2590,400,-12.211,0,5,42,0,0,1,0.05,0.004,200000
2591,400,-11.864,0,15,8,0,0,1,0.05,0.004,200000
2592,65,-17.498,0,3,6,1,0,0,0.05,0.004,200000
2593,400,-10.088,1,22,13,0,0,1,0.05,0.004,200000
2594,356,-13.997,0,12,6,0,0,0,0.05,0.004,200000
2595,400,-13.784,0,11,7,0,0,1,0.05,0.004,200000
2596,400,-11.811,0,9,17,0,0,1,0.05,0.004,200000
2597,362,-16.343,1,8,10,0,0,0,0.05,0.004,200000
2598,400,-15.307,0,9,31,0,0,1,0.05,0.004,200000
2599,400,-15.171,0,18,20,0,0,1,0.05,0.004,200000
2600,297,-15.171,1,12,11,0,0,0,0.05,0.004,200000
2601,400,-16.336,1,7,11,0,0,1,0.05,0.004,200000
2602,400,-11.861,1,21,75,0,0,1,0.05,0.004,200000
2603,254,-12.225,0,16,28,1,0,0,0.05,0.004,200000
2604,400,-15.882,0,3,33,0,0,1,0.05,0.004,200000
2605,400,-9.576,0,12,8,0,0,1,0.05,0.004,200000
2606,400,-16.168,0,3,36,0,0,1,0.05,0.004,200000
2607,113,-9.499,0,2,11,0,0,0,0.05,0.004,200000
2608,94,-14.107,0,6,15,1,0,0,0.05,0.004,200000
2609,82,-17.132,0,3,6,1,0,0,0.05,0.004,200000
2610,400,-8.753,0,25,14,0,0,1,0.05,0.004,200000
2611,400,-13.362,0,10,17,0,0,1,0.05,0.004,200000
2612,258,-16.603,0,15,17,1,0,0,0.05,0.004,200000
2613,289,-18.342,0,8,10,0,0,0,0.05,0.004,200000
2614,400,-14.895,0,6,23,0,0,1,0.05,0.004,200000
2615,222,-23.272,0,6,20,1,0,0,0.05,0.004,200000
2616,400,-16.253,0,8,26,0,0,1,0.05,0.004,200000
2617,400,-9.995,0,14,13,0,0,1,0.05,0.004,200000
2618,330,-14.004,0,22,22,0,0,0,0.05,0.004,200000
2619,400,-12.469,0,7,16,0,0,1,0.05,0.004,200000
2620,328,-21.486,0,14,24,1,0,0,0.05,0.004,200000
2621,373,-19.335,0,9,13,1,0,0,0.05,0.004,200000
2622,400,-13.624,0,6,12,0,0,1,0.05,0.004,200000
2623,400,-6.224,0,19,23,0,0,1,0.05,0.004,200000
2624,86,-19.702,0,4,23,1,0,0,0.05,0.004,200000
2625,250,-18.863,0,19,9,1,0,0,0.05,0.004,200000
2626,345,-8.143,2,10,9,0,0,0,0.05,0.004,200000
2627,253,-16.98,0,6,9,1,0,0,0.05,0.004,200000
2628,400,-3.608,0,11,6,0,1,1,0.05,0.004,200000
2629,400,-11.504,0,11,13,0,0,1,0.05,0.004,200000
2630,400,-16.733,0,6,31,0,0,1,0.05,0.004,200000
2631,400,-12.659,1,20,10,0,0,1,0.05,0.004,200000
2632,267,-17.373,0,12,11,1,0,0,0.05,0.004,200000
2633,384,-11.125,0,14,6,0,0,0,0.05,0.004,200000
2634,400,-8.242,0,13,18,0,0,1,0.05,0.004,200000
2635,400,-3.369,1,21,8,0,0,1,0.05,0.004,200000
2636,400,-15.49,1,8,20,0,0,1,0.05,0.004,200000
2637,400,-15.344,0,7,10,0,0,1,0.05,0.004,200000
2638,400,-6.423,1,12,20,0,0,1,0.05,0.004,200000
2639,400,-10.866,0,14,30,0,0,1,0.05,0.004,200000
2640,255,-22.266,0,5,37,1,0,0,0.05,0.004,200000
2641,309,-11.178,0,26,22,0,0,0,0.05,0.004,200000
2642,400,-12.172,0,2,7,0,0,1,0.05,0.004,200000
2643,218,-14.937,0,0,6,0,0,0,0.05,0.004,200000
2644,59,-17.7,0,3,3,1,0,0,0.05,0.004,200000
2645,400,-14.708,0,11,10,0,0,1,0.05,0.004,200000
2646,11,-15.705,0,4,10,1,0,0,0.05,0.004,200000
2647,400,-13.992,1,23,9,0,0,1,0.05,0.004,200000
2648,400,-3.862,0,10,11,0,1,1,0.05,0.004,200000
2649,400,-12.352,0,12,17,0,0,1,0.05,0.004,200000
2650,79,-13.392,0,2,1,1,0,0,0.05,0.004,200000
2651,400,-14.509,0,5,13,0,0,1,0.05,0.004,200000
2652,272,-16.4,0,11,14,1,0,0,0.05,0.004,200000
2653,400,-12.442,0,9,14,0,0,1,0.05,0.004,200000
2654,400,-12.276,0,14,35,0,0,1,0.05,0.004,200000
2655,400,-7.566,0,15,6,0,0,1,0.05,0.004,200000
2656,296,-19.539,0,21,13,1,0,0,0.05,0.004,200000
2657,356,-12.042,0,17,14,0,0,0,0.05,0.004,200000
2658,400,-14.637,0,7,26,0,0,1,0.05,0.004,200000
2659,400,-9.433,0,10,23,0,0,1,0.05,0.004,200000
2660,232,-10.107,0,3,3,0,0,0,0.05,0.004,200000
2661,285,-9.8,0,30,7,0,0,0,0.05,0.004,200000
2662,111,-14.948,0,1,3,1,0,0,0.05,0.004,200000
2663,222,-17.78,0,9,19,1,0,0,0.05,0.004,200000
2664,283,-16.082,1,9,9,1,0,0,0.05,0.004,200000
2665,78,-10.013,0,0,6,0,0,0,0.05,0.004,200000
2666,209,-19.352,0,5,10,1,0,0,0.05,0.004,200000
2667,334,-17.018,0,19,7,1,0,0,0.05,0.004,200000
2668,400,-11.138,0,4,10,0,0,1,0.05,0.004,200000
2669,179,-10.712,0,9,2,0,0,0,0.05,0.004,200000
2670,400,-9.583,1,11,14,0,0,1,0.05,0.004,200000
2671,183,-14.126,0,0,6,0,0,0,0.05,0.004,200000
2672,400,-12.688,0,16,31,0,0,1,0.05,0.004,200000
2673,400,-11.689,0,14,13,0,0,1,0.05,0.004,200000
2674,394,-16.08,0,11,12,0,0,0,0.05,0.004,200000
2675,400,-4.932,0,21,11,0,0,1,0.05,0.004,200000
2676,260,-20.931,1,7,32,1,0,0,0.05,0.004,200000
2677,400,4.389,1,34,12,0,1,1,0.05,0.004,200000
2678,222,-14.864,0,0,4,0,0,0,0.05,0.004,200000
2679,335,-12.298,0,19,23,0,0,0,0.05,0.004,200000
2680,400,-7.591,0,24,14,0,0,1,0.05,0.004,200000
2681,356,-15.671,0,9,12,0,0,0,0.05,0.004,200000
2682,341,-9.429,0,20,22,0,0,0,0.05,0.004,200000
2683,400,-8.279,1,13,8,0,1,1,0.05,0.004,200000
2684,91,-7.398,0,0,2,0,0,0,0.05,0.004,200000
2685,400,-14.612,0,12,29,0,0,1,0.05,0.004,200000
2686,400,-10.46,0,7,7,0,0,1,0.05,0.004,200000
2687,400,-8.527,0,15,33,0,0,1,0.05,0.004,200000
2688,105,-8.443,0,0,9,0,0,0,0.05,0.004,200000
2689,182,-17.659,0,14,12,1,0,0,0.05,0.004,200000
2690,217,-15.728,0,8,5,1,0,0,0.05,0.004,200000
2691,400,-7.187,1,15,9,0,0,1,0.05,0.004,200000
2692,388,-21.879,0,14,22,1,0,0,0.05,0.004,200000
2693,400,-8.948,0,22,8,0,0,1,0.05,0.004,200000
2694,400,-9.708,2,15,9,0,0,1,0.05,0.004,200000
2695,134,-18.785,0,1,3,1,0,0,0.05,0.004,200000
2696,400,-7.316,0,16,18,0,0,1,0.05,0.004,200000
2697,327,-14.157,0,8,12,0,0,0,0.05,0.004,200000
2698,286,-16.497,1,7,9,0,0,0,0.05,0.004,200000
2699,400,-8.364,0,19,28,0,0,1,0.05,0.004,200000
2700,400,-5.988,0,23,3,0,0,1,0.05,0.004,200000
2701,400,-11.899,0,9,9,0,0,1,0.05,0.004,200000
2702,400,-15.745,1,15,16,0,0,1,0.05,0.004,200000
2703,239,-13.686,0,0,4,0,0,0,0.05,0.004,200000
2704,178,-17.2,0,8,3,1,0,0,0.05,0.004,200000
2705,400,-10.859,0,17,12,0,0,1,0.05,0.004,200000
2706,400,-13.838,0,21,13,0,0,1,0.05,0.004,200000
2707,400,-15.303,0,9,40,0,0,1,0.05,0.004,200000
2708,400,-5.944,1,19,16,0,0,1,0.05,0.004,200000
2709,328,-13.18,0,18,6,0,0,0,0.05,0.004,200000
2710,400,-7.863,1,13,12,0,0,1,0.05,0.004,200000
2711,111,-17.288,0,4,7,1,0,0,0.05,0.004,200000
2712,400,-10.411,0,16,11,0,0,1,0.05,0.004,200000
2713,400,-12.89,0,9,25,0,0,1,0.05,0.004,200000
2714,148,-11.924,0,0,5,0,0,0,0.05,0.004,200000
2715,400,-9.799,0,27,11,0,0,1,0.05,0.004,200000
2716,67,-16.677,0,4,5,1,0,0,0.05,0.004,200000
2717,400,-6.6,1,15,15,0,0,1,0.05,0.004,200000
2718,397,-18.778,2,21,11,1,0,0,0.05,0.004,200000
2719,353,-23.004,0,18,9,1,0,0,0.05,0.004,200000
2720,400,-13.695,1,20,8,0,0,1,0.05,0.004,200000
2721,400,-7.63,0,10,5,0,0,1,0.05,0.004,200000
2722,400,-15.608,1,10,13,0,0,1,0.05,0.004,200000
2723,9,-14.996,0,4,3,1,0,0,0.05,0.004,200000
2724,41,-16.208,0,3,7,1,0,0,0.05,0.004,200000
2725,400,-8.312,1,13,11,0,0,1,0.05,0.004,200000
2726,97,-13.967,0,6,6,1,0,0,0.05,0.004,200000
2727,166,-15.967,0,3,4,1,0,0,0.05,0.004,200000
2728,400,-13.956,0,20,4,0,0,1,0.05,0.004,200000
2729,102,-15.452,0,3,4,1,0,0,0.05,0.004,200000
2730,117,-13.267,0,2,2,1,0,0,0.05,0.004,200000
2731,392,-26.846,1,10,30,1,0,0,0.05,0.004,200000
2732,400,-13.657,0,8,23,0,0,1,0.05,0.004,200000
2733,400,-5.749,0,12,10,0,0,1,0.05,0.004,200000
2734,400,-10.389,1,12,10,0,0,1,0.05,0.004,200000
2735,132,-13.168,1,18,4,1,0,0,0.05,0.004,200000
2736,400,-19.65,0,5,44,0,0,1,0.05,0.004,200000
2737,92,-12.479,0,5,2,1,0,0,0.05,0.004,200000
2738,400,-11.568,0,14,24,0,0,1,0.05,0.004,200000
2739,400,-6.279,0,22,5,0,0,1,0.05,0.004,200000
2740,400,-9.729,0,13,18,0,0,1,0.05,0.004,200000
2741,238,-15.99,0,3,19,0,0,0,0.05,0.004,200000
2742,400,-7.524,0,9,13,0,0,1,0.05,0.004,200000
2743,400,-13.375,0,10,49,0,0,1,0.05,0.004,200000
2744,19,-11.598,0,2,0,1,0,0,0.05,0.004,200000
2745,400,-12.005,0,17,12,0,0,1,0.05,0.004,200000
2746,400,-11.289,1,18,10,0,0,1,0.05,0.004,200000
2747,256,-17.085,0,11,4,1,0,0,0.05,0.004,200000
2748,400,-8.038,0,24,10,0,0,1,0.05,0.004,200000
2749,400,-18.706,0,10,3,0,0,1,0.05,0.004,200000
2750,400,-10.835,0,18,7,0,0,1,0.05,0.004,200000
2751,400,-8.777,0,30,11,0,0,1,0.05,0.004,200000
2752,400,-6.562,0,14,17,0,0,1,0.05,0.004,200000
2753,221,-19.405,0,12,8,1,0,0,0.05,0.004,200000
2754,400,-12.629,0,3,10,0,0,1,0.05,0.004,200000
2755,400,-7.049,0,40,5,0,0,1,0.05,0.004,200000
2756,153,-11.778,0,0,4,0,0,0,0.05,0.004,200000
2757,400,-6.26,0,19,6,0,0,1,0.05,0.004,200000
2758,400,-11.513,0,16,7,0,0,1,0.05,0.004,200000
2759,200,-16.656,0,6,5,1,0,0,0.05,0.004,200000
2760,144,-19.497,0,3,3,1,0,0,0.05,0.004,200000
2761,400,-5.317,1,23,9,0,0,1,0.05,0.004,200000
2762,258,-15.978,0,9,21,1,0,0,0.05,0.004,200000
2763,241,-15.979,0,8,7,1,0,0,0.05,0.004,200000
2764,400,-5.892,1,20,10,0,0,1,0.05,0.004,200000
2765,128,-13.097,0,10,7,1,0,0,0.05,0.004,200000
2766,400,-10.454,0,16,13,0,0,1,0.05,0.004,200000
2767,400,-14.646,0,12,11,0,0,1,0.05,0.004,200000
2768,400,-9.876,0,16,16,0,0,1,0.05,0.004,200000
2769,320,-18.323,1,17,15,1,0,0,0.05,0.004,200000
2770,186,-12.364,0,3,5,0,0,0,0.05,0.004,200000
2771,400,-1.519,1,22,18,0,0,1,0.05,0.004,200000
2772,400,-8.867,0,20,16,0,0,1,0.05,0.004,200000
2773,58,-11.137,0,3,3,1,0,0,0.05,0.004,200000
2774,400,-2.989,0,30,15,0,0,1,0.05,0.004,200000
2775,244,-14.755,0,9,7,1,0,0,0.05,0.004,200000
2776,400,-9.673,0,13,26,0,0,1,0.05,0.004,200000
2777,400,-12.946,0,15,26,0,0,1,0.05,0.004,200000
2778,400,-9.972,0,18,21,0,0,1,0.05,0.004,200000
2779,400,-12.567,0,6,31,0,0,1,0.05,0.004,200000
2780,269,-9.252,0,5,4,0,0,0,0.05,0.004,200000
2781,400,-2.998,0,22,4,0,0,1,0.05,0.004,200000
2782,400,-5.877,1,21,8,0,0,1,0.05,0.004,200000
2783,72,-7.029,0,0,2,0,0,0,0.05,0.004,200000
2784,400,-8.218,0,15,8,0,0,1,0.05,0.004,200000
2785,217,-12.748,0,21,14,1,0,0,0.05,0.004,200000
2786,400,-2.386,0,20,17,0,1,1,0.05,0.004,200000
2787,166,-10.865,0,0,3,0,0,0,0.05,0.004,200000
2788,400,-4.862,0,15,8,0,0,1,0.05,0.004,200000
2789,400,-11.882,0,4,15,0,0,1,0.05,0.004,200000
2790,370,-17.052,0,20,30,1,0,0,0.05,0.004,200000
2791,400,-1.08,0,16,13,0,1,1,0.05,0.004,200000
2792,400,1.383,0,18,15,0,1,1,0.05,0.004,200000
2793,400,-6.959,0,12,5,0,0,1,0.05,0.004,200000
2794,400,-11.708,0,13,7,0,0,1,0.05,0.004,200000
2795,69,-7.977,0,0,2,0,0,0,0.05,0.004,200000
2796,5,-14.892,0,4,3,1,0,0,0.05,0.004,200000
2797,400,-8.72,0,7,9,0,0,1,0.05,0.004,200000
2798,400,-11.733,0,13,2,0,0,1,0.05,0.004,200000
2799,280,-20.738,0,5,7,1,0,0,0.05,0.004,200000
2800,400,-5.548,1,21,9,0,0,1,0.05,0.004,200000
2801,214,-7.142,3,29,17,1,0,0,0.05,0.004,200000
2802,400,-2.734,1,12,13,0,0,1,0.05,0.004,200000
2803,400,-6.689,2,22,11,0,0,1,0.05,0.004,200000
2804,213,-10.59,1,17,22,0,0,0,0.05,0.004,200000
2805,400,-9.159,0,13,31,0,1,1,0.05,0.004,200000
2806,400,-9.994,3,18,22,0,0,1,0.05,0.004,200000
2807,370,-23.754,0,10,48,1,0,0,0.05,0.004,200000
2808,5,-13.392,0,4,3,1,0,0,0.05,0.004,200000
2809,400,-10.783,0,9,43,0,0,1,0.05,0.004,200000
2810,400,-4.023,2,20,24,0,0,1,0.05,0.004,200000
2811,400,-3.804,0,20,11,0,1,1,0.05,0.004,200000
2812,217,-19.728,0,7,20,1,0,0,0.05,0.004,200000
2813,400,-9.141,1,23,20,0,0,1,0.05,0.004,200000
2814,139,-10.131,0,6,11,0,0,0,0.05,0.004,200000
2815,400,-3.22,1,23,20,0,0,1,0.05,0.004,200000
2816,400,-12.32,0,11,16,0,0,1,0.05,0.004,200000
2817,400,-3.897,1,26,16,0,0,1,0.05,0.004,200000
2818,170,-10.934,0,19,20,1,0,0,0.05,0.004,200000
2819,400,-5.876,0,17,16,0,0,1,0.05,0.004,200000
2820,146,-8.73,0,4,1,0,0,0,0.05,0.004,200000
2821,273,-19.158,1,13,28,1,0,0,0.05,0.004,200000
2822,400,-8.072,0,9,51,0,0,1,0.05,0.004,200000
2823,400,-9.094,1,20,16,0,0,1,0.05,0.004,200000
2824,43,-16.032,0,4,4,1,0,0,0.05,0.004,200000
2825,134,-14.393,0,3,5,1,0,0,0.05,0.004,200000
2826,389,-19.844,1,14,12,1,0,0,0.05,0.004,200000
2827,400,-9.727,0,8,4,0,0,1,0.05,0.004,200000
2828,400,-6.339,1,17,11,0,0,1,0.05,0.004,200000
2829,400,-13.227,0,13,36,0,0,1,0.05,0.004,200000
2830,400,-2.998,1,18,12,0,0,1,0.05,0.004,200000
2831,205,-17.475,0,11,6,1,0,0,0.05,0.004,200000
2832,400,-6.846,0,24,25,0,0,1,0.05,0.004,200000
2833,119,-10.208,0,7,12,0,0,0,0.05,0.004,200000
2834,400,-11.397,0,7,44,0,0,1,0.05,0.004,200000
2835,67,-12.824,0,4,12,1,0,0,0.05,0.004,200000
2836,400,-5.184,0,17,22,0,0,1,0.05,0.004,200000
2837,201,-11.637,1,21,19,1,0,0,0.05,0.004,200000
2838,400,-5.264,0,11,6,0,0,1,0.05,0.004,200000
2839,253,-20.085,0,5,7,1,0,0,0.05,0.004,200000
2840,400,-12.32,0,18,31,0,0,1,0.05,0.004,200000
2841,110,-13.063,0,4,3,1,0,0,0.05,0.004,200000
2842,400,-3.644,0,24,9,0,0,1,0.05,0.004,200000
2843,400,-8.827,0,17,16,0,0,1,0.05,0.004,200000
2844,150,-14.078,0,6,5,1,0,0,0.05,0.004,200000
2845,400,-6.727,0,24,6,0,0,1,0.05,0.004,200000
2846,244,-14.626,2,12,5,1,0,0,0.05,0.004,200000
2847,121,-16.297,0,2,0,1,0,0,0.05,0.004,200000
2848,303,-9.954,1,30,14,1,0,0,0.05,0.004,200000
2849,400,-2.095,0,23,9,0,1,1,0.05,0.004,200000
2850,400,-7.925,0,20,9,0,0,1,0.05,0.004,200000
2851,310,-14.461,0,25,7,1,0,0,0.05,0.004,200000
2852,400,-3.204,3,19,26,0,0,1,0.05,0.004,200000
2853,105,-9.582,1,9,0,1,0,0,0.05,0.004,200000
2854,400,-7.216,0,13,7,0,0,1,0.05,0.004,200000
2855,100,-6.429,1,12,4,0,0,0,0.05,0.004,200000
2856,274,-13.156,1,14,10,0,0,0,0.05,0.004,200000
2857,400,-1.784,1,27,17,0,0,1,0.05,0.004,200000
2858,400,-6.556,0,19,32,0,0,1,0.05,0.004,200000
2859,292,-16.369,0,0,8,0,0,0,0.05,0.004,200000
2860,175,-11.188,1,19,8,1,0,0,0.05,0.004,200000
2861,86,-7.833,0,2,1,0,0,0,0.05,0.004,200000
2862,400,-10.808,0,12,21,0,0,1,0.05,0.004,200000
2863,400,-5.039,0,15,8,0,0,1,0.05,0.004,200000
2864,191,-18.897,0,9,6,1,0,0,0.05,0.004,200000
2865,216,0.448,2,27,8,0,1,0,0.05,0.004,200000
2866,400,-10.159,0,16,25,0,0,1,0.05,0.004,200000
2867,400,6.229,2,47,17,0,0,1,0.05,0.004,200000
2868,400,0.655,0,23,12,0,0,1,0.05,0.004,200000
2869,400,9.45,1,32,22,0,1,1,0.05,0.004,200000
2870,400,-7.806,0,14,19,0,0,1,0.05,0.004,200000
2871,357,-17.049,0,14,8,1,0,0,0.05,0.004,200000
2872,400,0.605,0,22,31,0,1,1,0.05,0.004,200000
2873,400,-0.63,1,19,36,0,0,1,0.05,0.004,200000
2874,184,-10.537,0,26,5,1,0,0,0.05,0.004,200000
2875,24,-14.492,0,4,6,1,0,0,0.05,0.004,200000
2876,131,-12.552,0,0,6,0,0,0,0.05,0.004,200000
2877,231,-15.557,0,5,6,1,0,0,0.05,0.004,200000
2878,400,-4.108,1,13,7,0,0,1,0.05,0.004,200000
2879,49,-4.149,1,8,3,0,0,0,0.05,0.004,200000
2880,247,-11.482,1,11,11,1,0,0,0.05,0.004,200000
2881,73,-7.596,0,1,2,1,1,0,0.05,0.004,200000
2882,235,-11.355,0,11,9,1,0,0,0.05,0.004,200000
2883,356,-25.482,0,8,43,1,0,0,0.05,0.004,200000
2884,400,-7.367,0,5,16,0,0,1,0.05,0.004,200000
2885,400,-8.143,2,11,14,0,0,1,0.05,0.004,200000
2886,318,-6.121,0,18,9,1,2,0,0.05,0.004,200000
2887,395,-16.259,0,16,13,1,0,0,0.05,0.004,200000
2888,102,-11.727,1,4,1,1,0,0,0.05,0.004,200000
2889,194,-9.603,0,3,2,0,0,0,0.05,0.004,200000
2890,10,-16.111,0,3,8,1,0,0,0.05,0.004,200000
2891,23,-13.247,0,9,1,1,0,0,0.05,0.004,200000
2892,400,-4.944,0,15,6,0,0,1,0.05,0.004,200000
2893,400,-0.723,1,31,5,0,0,1,0.05,0.004,200000
2894,189,-12.427,0,9,6,1,0,0,0.05,0.004,200000
2895,400,0.84,1,39,12,0,1,1,0.05,0.004,200000
2896,400,-4.094,1,10,11,0,0,1,0.05,0.004,200000
2897,131,-14.415,0,6,1,1,0,0,0.05,0.004,200000
2898,215,-16.233,1,9,6,1,0,0,0.05,0.004,200000
2899,400,2.48,1,19,17,0,1,1,0.05,0.004,200000
2900,400,-7.923,0,12,17,0,0,1,0.05,0.004,200000
2901,400,-4.38,0,17,8,0,0,1,0.05,0.004,200000
2902,400,-0.777,0,14,34,0,0,1,0.05,0.004,200000
2903,166,-13.157,0,15,5,1,0,0,0.05,0.004,200000
2904,200,-8.605,1,11,4,0,0,0,0.05,0.004,200000
2905,333,-5.862,1,24,7,1,1,0,0.05,0.004,200000
2906,112,-0.744,0,22,3,0,0,0,0.05,0.004,200000
2907,94,-11.357,0,9,2,1,0,0,0.05,0.004,200000
2908,157,-17.504,1,6,6,1,0,0,0.05,0.004,200000
2909,400,0.037,0,32,23,0,0,1,0.05,0.004,200000
2910,48,-6.135,0,2,2,0,0,0,0.05,0.004,200000
2911,400,-8.443,0,21,19,0,0,1,0.05,0.004,200000
2912,190,-8.263,1,16,4,0,0,0,0.05,0.004,200000
2913,229,-12.572,3,28,27,1,0,0,0.05,0.004,200000
2914,400,-5.513,0,5,15,0,0,1,0.05,0.004,200000
2915,330,-7.481,2,20,26,0,0,0,0.05,0.004,200000
2916,76,-8.804,0,2,4,0,0,0,0.05,0.004,200000
2917,378,-15.085,1,17,29,1,0,0,0.05,0.004,200000
2918,400,-6.458,2,27,28,0,0,1,0.05,0.004,200000
2919,400,-3.568,0,16,18,0,1,1,0.05,0.004,200000
2920,360,1.163,2,40,10,1,1,0,0.05,0.004,200000
2921,239,-15.943,0,13,3,1,0,0,0.05,0.004,200000
2922,400,6.413,3,37,29,0,0,1,0.05,0.004,200000
2923,400,-6.256,0,17,12,0,1,1,0.05,0.004,200000
2924,256,-9.94,1,20,13,1,0,0,0.05,0.004,200000
2925,55,-13.644,0,4,3,1,0,0,0.05,0.004,200000
2926,343,-10.61,1,17,26,1,0,0,0.05,0.004,200000
2927,119,-9.406,1,16,1,1,0,0,0.05,0.004,200000
2928,97,-9.978,0,14,3,1,0,0,0.05,0.004,200000
2929,400,-6.381,2,12,22,0,0,1,0.05,0.004,200000
2930,31,-15.434,0,3,1,1,0,0,0.05,0.004,200000
2931,249,-14.162,0,0,5,0,0,0,0.05,0.004,200000
2932,376,-7.7,1,10,14,1,1,0,0.05,0.004,200000
2933,126,-14.316,0,6,2,1,0,0,0.05,0.004,200000
2934,400,2.259,0,21,2,0,1,1,0.05,0.004,200000
2935,137,-16.681,0,4,7,1,0,0,0.05,0.004,200000
2936,245,-1.586,2,19,10,0,0,0,0.05,0.004,200000
2937,400,1.067,2,24,13,0,0,1,0.05,0.004,200000
2938,400,2.41,1,34,9,0,0,1,0.05,0.004,200000
2939,57,-8.121,0,0,3,0,0,0,0.05,0.004,200000
2940,400,-8.25,1,20,64,0,0,1,0.05,0.004,200000
2941,400,-6.314,1,15,23,0,0,1,0.05,0.004,200000
2942,400,-8.345,0,5,10,0,0,1,0.05,0.004,200000
2943,341,-5.07,0,50,15,1,1,0,0.05,0.004,200000
2944,352,-2.654,2,41,14,1,1,0,0.05,0.004,200000
2945,400,-0.933,0,42,14,0,0,1,0.05,0.004,200000
2946,218,-12.526,0,13,5,1,1,0,0.05,0.004,200000
2947,383,-10.787,0,15,9,1,1,0,0.05,0.004,200000
2948,67,-11.502,1,10,2,1,0,0,0.05,0.004,200000
2949,301,-12.484,0,4,6,0,0,0,0.05,0.004,200000
2950,400,-4.622,1,13,19,0,0,1,0.05,0.004,200000
2951,400,-0.926,0,13,11,0,0,1,0.05,0.004,200000
2952,155,-15.139,0,8,4,1,0,0,0.05,0.004,200000
2953,366,-22.367,0,9,49,1,0,0,0.05,0.004,200000
2954,400,0.322,0,21,7,0,1,1,0.05,0.004,200000
2955,400,-1.266,2,21,33,0,0,1,0.05,0.004,200000
2956,365,-20.212,0,15,20,1,0,0,0.05,0.004,200000
2957,400,2.009,0,22,22,0,0,1,0.05,0.004,200000
2958,400,3.364,0,22,9,0,1,1,0.05,0.004,200000
2959,400,2.955,0,13,15,0,0,1,0.05,0.004,200000
2960,235,-10.528,0,9,12,0,0,0,0.05,0.004,200000
2961,136,-17.885,1,15,80,1,0,0,0.05,0.004,200000
2962,260,-3.957,1,37,11,1,1,0,0.05,0.004,200000
2963,400,-8.088,1,15,25,0,0,1,0.05,0.004,200000
2964,110,-14.887,0,15,6,1,0,0,0.05,0.004,200000
2965,59,-8.733,0,0,2,0,0,0,0.05,0.004,200000
2966,126,-14.048,0,14,7,1,0,0,0.05,0.004,200000
2967,95,-3.062,0,14,0,0,0,0,0.05,0.004,200000
2968,400,-2.696,0,17,9,0,1,1,0.05,0.004,200000
2969,398,-6.956,1,26,10,1,0,0,0.05,0.004,200000
2970,400,0.88,0,16,9,0,0,1,0.05,0.004,200000
2971,306,-21.132,1,9,22,1,0,0,0.05,0.004,200000
2972,400,1.818,1,27,6,0,0,1,0.05,0.004,200000
2973,400,-1.342,2,12,11,0,0,1,0.05,0.004,200000
2974,400,-6.098,1,24,43,0,0,1,0.05,0.004,200000
2975,296,-0.349,1,35,11,1,1,0,0.05,0.004,200000
2976,247,-10.162,2,20,16,1,0,0,0.05,0.004,200000
2977,173,-7.158,1,23,6,1,0,0,0.05,0.004,200000
2978,80,-9.074,0,2,1,0,0,0,0.05,0.004,200000
2979,226,-17.345,1,10,8,1,0,0,0.05,0.004,200000
2980,400,-4.706,0,19,11,0,0,1,0.05,0.004,200000
2981,24,-12.83,0,6,5,1,0,0,0.05,0.004,200000
2982,173,-6.379,1,41,13,1,0,0,0.05,0.004,200000
2983,257,-21.494,1,4,26,1,0,0,0.05,0.004,200000
2984,400,-4.381,0,4,11,0,0,1,0.05,0.004,200000
2985,400,-4.924,0,15,29,0,0,1,0.05,0.004,200000
2986,400,-2.874,0,19,21,0,0,1,0.05,0.004,200000
2987,171,-15.43,1,6,9,1,0,0,0.05,0.004,200000
2988,400,-2.201,0,10,12,0,0,1,0.05,0.004,200000
2989,352,-14.656,2,15,6,1,0,0,0.05,0.004,200000
2990,81,-16.491,0,3,5,1,0,0,0.05,0.004,200000
2991,400,4.666,2,17,5,0,0,1,0.05,0.004,200000
2992,162,-15.547,0,7,12,1,0,0,0.05,0.004,200000
2993,201,-9.437,1,13,7,1,0,0,0.05,0.004,200000
2994,116,-14.841,0,9,4,1,0,0,0.05,0.004,200000
2995,167,-12.05,0,3,4,0,0,0,0.05,0.004,200000
2996,400,-2.727,2,21,12,0,0,1,0.05,0.004,200000
2997,400,-3.924,0,21,17,0,0,1,0.05,0.004,200000
2998,114,-7.549,1,22,1,1,0,0,0.05,0.004,200000
2999,400,-0.038,1,32,60,0,0,1,0.05,0.004,200000
3000,400,-0.139,0,23,21,0,0,1,0.05,0.004,200000
3001,128,-5.946,1,22,2,1,0,0,0.05,0.004,200000
3002,172,-5.704,2,20,4,1,0,0,0.05,0.004,200000
3003,225,-19.882,0,7,11,1,0,0,0.05,0.004,200000
3004,400,-10.11,0,13,33,0,0,1,0.05,0.004,200000
3005,400,-6.513,1,19,36,0,0,1,0.05,0.004,200000
3006,133,-14.168,1,11,13,1,0,0,0.05,0.004,200000
3007,400,1.482,0,16,15,0,1,1,0.05,0.004,200000
3008,141,-14.158,0,0,1,1,0,0,0.05,0.004,200000
3009,215,-10.098,0,16,5,1,0,0,0.05,0.004,200000
3010,95,-14.318,0,11,1,1,0,0,0.05,0.004,200000
3011,400,0.039,0,31,27,0,0,1,0.05,0.004,200000
3012,5,-15.451,0,3,3,1,0,0,0.05,0.004,200000
3013,254,-10.92,0,16,5,0,0,0,0.05,0.004,200000
3014,382,-13.406,2,6,26,1,0,0,0.05,0.004,200000
3015,106,-9.518,0,11,5,1,0,0,0.05,0.004,200000
3016,400,3.228,0,34,18,0,0,1,0.05,0.004,200000
3017,400,-1.647,1,25,35,0,0,1,0.05,0.004,200000
3018,400,2.582,0,16,9,0,1,1,0.05,0.004,200000
3019,400,-8.933,0,10,46,0,0,1,0.05,0.004,200000
3020,400,-10.665,0,9,35,0,0,1,0.05,0.004,200000
3021,365,-6.493,2,24,71,1,1,0,0.05,0.004,200000
3022,166,-12.746,0,0,4,0,0,0,0.05,0.004,200000
3023,400,3.483,0,17,11,0,0,1,0.05,0.004,200000
3024,400,3.432,1,26,4,0,0,1,0.05,0.004,200000
3025,53,-10.735,0,4,1,1,0,0,0.05,0.004,200000
3026,400,-5.071,2,22,41,0,0,1,0.05,0.004,200000
3027,135,-7.441,0,11,9,0,0,0,0.05,0.004,200000
3028,202,-10.411,1,12,33,1,0,0,0.05,0.004,200000
3029,138,-13.608,0,13,3,1,0,0,0.05,0.004,200000
3030,263,-8.83,2,22,4,1,0,0,0.05,0.004,200000
3031,121,-5.457,0,29,5,1,0,0,0.05,0.004,200000
3032,161,-11.185,0,10,2,1,0,0,0.05,0.004,200000
3033,165,-11.945,0,19,27,1,0,0,0.05,0.004,200000
3034,236,-9.233,1,14,9,0,0,0,0.05,0.004,200000
3035,69,-10.823,0,11,2,1,0,0,0.05,0.004,200000
3036,86,-6.182,1,15,3,1,0,0,0.05,0.004,200000
3037,54,-14.586,0,5,11,1,0,0,0.05,0.004,200000
3038,92,-6.665,0,6,3,0,0,0,0.05,0.004,200000
3039,343,-15.983,0,21,25,1,0,0,0.05,0.004,200000
3040,387,-16.339,0,13,33,1,0,0,0.05,0.004,200000
3041,274,-17.447,0,7,41,1,0,0,0.05,0.004,200000
3042,307,-14.607,0,27,7,1,0,0,0.05,0.004,200000
3043,400,-0.304,0,23,15,0,0,1,0.05,0.004,200000
3044,353,-12.081,0,27,13,1,0,0,0.05,0.004,200000
3045,400,-3.68,0,13,16,0,0,1,0.05,0.004,200000
3046,249,-16.382,1,22,10,1,0,0,0.05,0.004,200000
3047,400,-0.048,1,19,9,0,0,1,0.05,0.004,200000
3048,350,1.381,0,33,8,1,1,0,0.05,0.004,200000
3049,400,7.68,1,29,8,0,1,1,0.05,0.004,200000
3050,352,-2.896,2,18,5,1,0,0,0.05,0.004,200000
3051,400,-4.896,0,20,46,0,0,1,0.05,0.004,200000
3052,119,-11.081,1,9,7,1,0,0,0.05,0.004,200000
3053,112,-16.96,0,3,6,1,0,0,0.05,0.004,200000
3054,400,-4.223,0,15,16,0,0,1,0.05,0.004,200000
3055,268,-9.819,2,25,11,1,0,0,0.05,0.004,200000
3056,400,-4.862,1,20,38,0,0,1,0.05,0.004,200000
3057,237,-18.363,1,16,47,1,0,0,0.05,0.004,200000
3058,58,-7.755,0,0,2,0,0,0,0.05,0.004,200000
3059,400,2.813,1,21,22,0,0,1,0.05,0.004,200000
3060,354,-8.501,2,21,32,1,0,0,0.05,0.004,200000
3061,275,-16.033,0,10,32,1,0,0,0.05,0.004,200000
3062,400,2.449,3,23,34,0,0,1,0.05,0.004,200000
3063,400,-1.844,0,18,9,0,0,1,0.05,0.004,200000
3064,400,1.369,2,23,16,0,0,1,0.05,0.004,200000
3065,400,8.878,2,39,37,0,1,1,0.05,0.004,200000
3066,201,-8.259,0,16,13,1,0,0,0.05,0.004,200000
3067,155,-7.327,2,9,9,1,0,0,0.05,0.004,200000
3068,400,7.455,1,36,12,0,1,1,0.05,0.004,200000
3069,400,5.687,0,18,21,0,1,1,0.05,0.004,200000
3070,400,2.149,0,33,9,0,0,1,0.05,0.004,200000
3071,105,-3.998,4,27,3,1,0,0,0.05,0.004,200000
3072,194,-18.701,0,11,22,1,0,0,0.05,0.004,200000
3073,400,0.105,1,22,50,0,0,1,0.05,0.004,200000
3074,169,-15.792,0,3,5,1,0,0,0.05,0.004,200000
3075,7,-11.117,0,2,0,1,0,0,0.05,0.004,200000
3076,400,6.57,1,52,43,0,1,1,0.05,0.004,200000
3077,7,-14.03,0,4,5,1,0,0,0.05,0.004,200000
3078,400,1.127,2,37,36,0,0,1,0.05,0.004,200000
3079,400,7.317,2,33,9,0,0,1,0.05,0.004,200000
3080,7,-14.215,0,4,5,1,0,0,0.05,0.004,200000
3081,400,-4.66,1,27,18,0,0,1,0.05,0.004,200000
3082,400,1.961,0,13,51,0,0,1,0.05,0.004,200000
3083,59,-12.754,0,12,2,1,0,0,0.05,0.004,200000
3084,186,-10.204,1,7,7,1,0,0,0.05,0.004,200000
3085,9,-15.949,0,3,7,1,0,0,0.05,0.004,200000
3086,400,17.994,2,40,9,0,2,1,0.05,0.004,200000
3087,400,-10.994,0,11,19,0,0,1,0.05,0.004,200000
3088,288,-19.68,0,16,7,1,0,0,0.05,0.004,200000
3089,291,-16.02,1,9,4,1,0,0,0.05,0.004,200000
3090,400,-6.305,0,18,15,0,0,1,0.05,0.004,200000
3091,148,-16.491,0,5,5,1,0,0,0.05,0.004,200000
3092,400,-0.243,2,32,36,0,0,1,0.05,0.004,200000
3093,400,0.263,0,15,14,0,0,1,0.05,0.004,200000
3094,291,-20.704,1,4,19,1,0,0,0.05,0.004,200000
3095,313,-12.555,0,29,6,1,0,0,0.05,0.004,200000
3096,400,4.805,4,24,8,0,0,1,0.05,0.004,200000
3097,400,-10.166,0,13,57,0,0,1,0.05,0.004,200000
3098,69,-14.37,1,8,31,1,0,0,0.05,0.004,200000
3099,184,-6.378,3,44,13,1,0,0,0.05,0.004,200000
3100,185,-9.403,0,3,3,1,0,0,0.05,0.004,200000
3101,82,-7.818,1,12,2,1,0,0,0.05,0.004,200000
3102,400,-5.742,1,20,40,0,0,1,0.05,0.004,200000
3103,400,0.288,1,26,17,0,0,1,0.05,0.004,200000
3104,400,7.201,2,35,22,0,0,1,0.05,0.004,200000
3105,279,-10.25,0,22,11,1,0,0,0.05,0.004,200000
3106,400,-4.315,0,11,27,0,0,1,0.05,0.004,200000
3107,39,-14.646,1,5,21,1,0,0,0.05,0.004,200000
3108,185,-15.078,0,11,8,1,0,0,0.05,0.004,200000
3109,400,-4.345,1,18,43,0,0,1,0.05,0.004,200000
3110,400,-14.982,0,6,27,0,0,1,0.05,0.004,200000
3111,308,-8.93,1,36,14,1,0,0,0.05,0.004,200000
3112,400,-4.39,0,14,21,0,0,1,0.05,0.004,200000
3113,63,-3.355,0,13,12,0,0,0,0.05,0.004,200000
3114,124,-10.815,0,6,6,1,0,0,0.05,0.004,200000
3115,301,-3.458,3,30,12,0,0,0,0.05,0.004,200000
3116,89,-17.606,0,5,34,1,0,0,0.05,0.004,200000
3117,400,-8.712,1,22,10,0,0,1,0.05,0.004,200000
3118,67,-15.62,0,10,4,1,0,0,0.05,0.004,200000
3119,400,0.792,1,21,29,0,0,1,0.05,0.004,200000
3120,106,-14.693,0,8,5,1,0,0,0.05,0.004,200000
3121,107,-13.87,0,11,5,1,0,0,0.05,0.004,200000
3122,400,8.683,3,16,11,0,1,1,0.05,0.004,200000
3123,255,-15.969,0,16,58,1,0,0,0.05,0.004,200000
3124,332,-12.943,0,13,14,1,0,0,0.05,0.004,200000
3125,400,-13.615,0,14,47,0,0,1,0.05,0.004,200000
3126,126,-6.428,2,10,2,0,0,0,0.05,0.004,200000
3127,400,-5.234,1,18,24,0,0,1,0.05,0.004,200000
3128,106,-12.545,0,1,3,1,0,0,0.05,0.004,200000
3129,148,-9.503,1,20,11,1,0,0,0.05,0.004,200000
3130,317,-12.683,0,16,21,1,0,0,0.05,0.004,200000
3131,160,-9.736,0,0,3,0,0,0,0.05,0.004,200000
3132,400,1.947,0,22,15,0,0,1,0.05,0.004,200000
3133,126,-13.879,0,5,3,1,0,0,0.05,0.004,200000
3134,166,-7.673,4,31,5,1,0,0,0.05,0.004,200000
3135,371,-21.624,2,13,9,1,0,0,0.05,0.004,200000
3136,205,-10.847,0,6,22,0,0,0,0.05,0.004,200000
3137,6,-9.392,0,3,0,1,0,0,0.05,0.004,200000
3138,113,-13.664,1,10,26,1,0,0,0.05,0.004,200000
3139,400,-0.474,0,20,15,0,1,1,0.05,0.004,200000
3140,400,-2.721,0,19,18,0,0,1,0.05,0.004,200000
3141,400,-2.057,1,23,11,0,0,1,0.05,0.004,200000
3142,95,-15.268,0,1,14,1,0,0,0.05,0.004,200000
3143,400,-0.794,2,23,38,0,0,1,0.05,0.004,200000
3144,134,-10.996,1,18,5,1,0,0,0.05,0.004,200000
3145,321,-8.408,1,26,21,1,0,0,0.05,0.004,200000
3146,68,-14.921,0,2,12,1,0,0,0.05,0.004,200000
3147,174,-8.417,0,13,1,0,0,0,0.05,0.004,200000
3148,9,-15.875,0,4,2,1,0,0,0.05,0.004,200000
3149,234,-9.601,0,0,4,0,0,0,0.05,0.004,200000
3150,234,-14.264,0,7,14,1,0,0,0.05,0.004,200000
3151,131,-18.886,0,7,45,1,0,0,0.05,0.004,200000
3152,13,-15.669,0,3,2,1,0,0,0.05,0.004,200000
3153,400,-1.734,0,23,21,0,0,1,0.05,0.004,200000
3154,192,-17.593,0,7,15,1,0,0,0.05,0.004,200000
3155,400,-9.49,0,5,27,0,0,1,0.05,0.004,200000
3156,400,-5.757,0,14,9,0,1,1,0.05,0.004,200000
3157,316,-14.797,2,14,13,1,0,0,0.05,0.004,200000
3158,170,-10.675,1,11,7,1,0,0,0.05,0.004,200000
3159,400,-3.643,0,20,23,0,0,1,0.05,0.004,200000
3160,400,-9.304,0,11,46,0,0,1,0.05,0.004,200000
3161,400,-4.287,0,13,30,0,1,1,0.05,0.004,200000
3162,149,-11.779,0,17,8,1,0,0,0.05,0.004,200000
3163,170,-11.163,1,19,5,1,0,0,0.05,0.004,200000
3164,400,-1.894,1,9,15,0,0,1,0.05,0.004,200000
3165,400,13.689,2,36,8,0,1,1,0.05,0.004,200000
3166,400,11.225,1,44,12,0,1,1,0.05,0.004,200000
3167,400,-3.119,0,24,14,0,0,1,0.05,0.004,200000
3168,193,-10.323,2,23,8,1,0,0,0.05,0.004,200000
3169,167,-1.261,1,35,11,0,0,0,0.05,0.004,200000
3170,153,-15.123,0,6,4,1,0,0,0.05,0.004,200000
3171,400,-6.964,0,15,24,0,0,1,0.05,0.004,200000
3172,400,5.603,2,25,10,0,0,1,0.05,0.004,200000
3173,400,7.278,2,52,10,0,0,1,0.05,0.004,200000
3174,313,-10.474,3,18,9,1,0,0,0.05,0.004,200000
3175,400,-0.783,0,16,21,0,0,1,0.05,0.004,200000
3176,400,-4.612,1,14,6,0,0,1,0.05,0.004,200000
3177,229,-8.969,0,29,7,1,0,0,0.05,0.004,200000
3178,400,-0.251,0,20,10,0,0,1,0.05,0.004,200000
3179,224,-9.101,0,14,4,1,0,0,0.05,0.004,200000
3180,400,-7.806,1,20,18,0,0,1,0.05,0.004,200000
3181,400,-2.904,1,19,39,0,0,1,0.05,0.004,200000
3182,307,-15.573,0,11,13,1,0,0,0.05,0.004,200000
3183,400,-3.809,1,17,23,0,0,1,0.05,0.004,200000
3184,349,-8.731,3,19,16,1,0,0,0.05,0.004,200000
3185,382,-8.693,1,33,19,1,0,0,0.05,0.004,200000
3186,400,-13.987,0,9,67,0,0,1,0.05,0.004,200000
3187,146,-9.676,0,11,16,0,0,0,0.05,0.004,200000
3188,343,-2.081,1,24,11,0,0,0,0.05,0.004,200000
3189,247,-11.667,1,12,7,1,0,0,0.05,0.004,200000
3190,400,-7.868,1,9,7,0,0,1,0.05,0.004,200000
3191,400,-6.278,0,15,11,0,0,1,0.05,0.004,200000
3192,400,1.238,0,30,15,0,0,1,0.05,0.004,200000
3193,400,-3.953,0,13,9,0,0,1,0.05,0.004,200000
3194,122,-9.312,0,13,2,1,0,0,0.05,0.004,200000
3195,5,-15.31,0,3,1,1,0,0,0.05,0.004,200000
3196,400,-2.237,6,34,28,0,0,1,0.05,0.004,200000
3197,265,-11.421,0,12,5,1,0,0,0.05,0.004,200000
3198,400,-3.981,1,18,14,0,0,1,0.05,0.004,200000
3199,400,-3.101,0,33,37,0,0,1,0.05,0.004,200000
3200,400,-4.298,1,18,17,0,0,1,0.05,0.004,200000
3201,400,-1.304,1,10,12,0,0,1,0.05,0.004,200000
3202,400,1.463,1,22,17,0,0,1,0.05,0.004,200000
3203,95,-9.765,0,0,3,0,0,0,0.05,0.004,200000
3204,400,-5.239,2,15,16,0,0,1,0.05,0.004,200000
3205,400,-9.99,0,2,16,0,0,1,0.05,0.004,200000
3206,10,-15.708,0,3,4,1,0,0,0.05,0.004,200000
3207,64,-5.259,0,4,2,0,0,0,0.05,0.004,200000
3208,25,-14.936,0,3,11,1,0,0,0.05,0.004,200000
3209,125,-8.796,0,22,14,1,0,0,0.05,0.004,200000
3210,216,-18.024,0,11,6,1,0,0,0.05,0.004,200000
3211,9,-14.033,0,1,5,1,0,0,0.05,0.004,200000
3212,400,-3.991,1,22,24,0,0,1,0.05,0.004,200000
3213,400,-0.98,1,34,49,0,1,1,0.05,0.004,200000
3214,218,-7.603,0,11,10,0,0,0,0.05,0.004,200000
3215,188,-9.052,2,14,7,1,0,0,0.05,0.004,200000
3216,400,1.179,1,25,33,0,0,1,0.05,0.004,200000
3217,400,-4.957,1,9,30,0,0,1,0.05,0.004,200000
3218,14,-11.162,0,3,0,1,0,0,0.05,0.004,200000
3219,78,-12.476,1,8,6,1,0,0,0.05,0.004,200000
3220,400,-11.118,0,7,12,0,0,1,0.05,0.004,200000
3221,400,-9.446,2,18,19,0,0,1,0.05,0.004,200000
3222,400,0.633,2,29,46,0,0,1,0.05,0.004,200000
3223,359,-10.111,3,17,19,1,1,0,0.05,0.004,200000
3224,400,-3.249,2,22,22,0,0,1,0.05,0.004,200000
3225,295,-12.565,1,16,31,0,0,0,0.05,0.004,200000
3226,185,-9.503,1,6,5,0,0,0,0.05,0.004,200000
3227,400,-9.071,1,19,63,0,0,1,0.05,0.004,200000
3228,261,-7.657,0,2,7,0,0,0,0.05,0.004,200000
3229,400,-5.775,1,17,13,0,0,1,0.05,0.004,200000
3230,294,-8.299,2,23,13,1,0,0,0.05,0.004,200000
3231,273,0.008,2,26,10,0,0,0,0.05,0.004,200000
3232,400,-2.269,1,27,24,0,0,1,0.05,0.004,200000
3233,400,-1.65,0,16,20,0,0,1,0.05,0.004,200000
3234,177,-20.288,0,3,6,1,0,0,0.05,0.004,200000
3235,110,-8.684,0,12,3,1,0,0,0.05,0.004,200000
3236,400,-3.912,0,16,38,0,0,1,0.05,0.004,200000
3237,287,-12.826,0,18,24,1,0,0,0.05,0.004,200000
3238,180,-5.527,1,24,5,1,0,0,0.05,0.004,200000
3239,400,-2.77,0,23,44,0,0,1,0.05,0.004,200000
3240,172,-4.619,2,24,5,1,0,0,0.05,0.004,200000
3241,40,-17.008,0,3,3,1,0,0,0.05,0.004,200000
3242,92,-16.659,0,3,2,1,0,0,0.05,0.004,200000
3243,400,3.854,1,26,23,0,0,1,0.05,0.004,200000
3244,220,-5.553,1,16,3,0,0,0,0.05,0.004,200000
3245,400,0.154,2,22,46,0,0,1,0.05,0.004,200000
3246,400,-8.046,0,13,24,0,0,1,0.05,0.004,200000
3247,111,-19.484,0,4,4,1,0,0,0.05,0.004,200000
3248,107,-7.98,0,3,6,0,0,0,0.05,0.004,200000
3249,400,-5.583,1,17,8,0,0,1,0.05,0.004,200000
3250,120,-9.605,0,12,5,1,0,0,0.05,0.004,200000
3251,157,-19.643,0,6,16,1,0,0,0.05,0.004,200000
3252,400,-4.416,0,16,19,0,0,1,0.05,0.004,200000
3253,166,-9.261,0,12,22,1,0,0,0.05,0.004,200000
3254,310,-13.439,0,29,15,1,0,0,0.05,0.004,200000
3255,168,-5.764,0,26,21,1,0,0,0.05,0.004,200000
3256,180,-10.504,2,15,38,1,0,0,0.05,0.004,200000
3257,245,-12.625,0,11,7,1,0,0,0.05,0.004,200000
3258,135,-14.642,1,9,3,1,0,0,0.05,0.004,200000
3259,78,-7.703,0,3,5,0,0,0,0.05,0.004,200000
3260,207,-9.099,0,3,18,0,0,0,0.05,0.004,200000
3261,69,-14.865,0,4,9,1,0,0,0.05,0.004,200000
3262,380,-13.778,1,18,25,1,0,0,0.05,0.004,200000
3263,400,-3.441,0,13,25,0,0,1,0.05,0.004,200000
3264,400,5.959,1,27,19,0,1,1,0.05,0.004,200000
3265,400,-10.641,0,14,19,0,0,1,0.05,0.004,200000
3266,400,-2.747,0,26,13,0,0,1,0.05,0.004,200000
3267,41,-14.91,0,4,1,1,0,0,0.05,0.004,200000
3268,33,-11.837,0,3,0,1,0,0,0.05,0.004,200000
3269,263,-7.469,1,24,20,1,1,0,0.05,0.004,200000
3270,127,-6.256,0,5,8,0,0,0,0.05,0.004,200000
3271,400,-0.825,0,17,12,0,1,1,0.05,0.004,200000
3272,9,-15.419,0,4,2,1,0,0,0.05,0.004,200000
3273,213,-12.784,1,28,5,1,0,0,0.05,0.004,200000
3274,80,-9.86,0,0,0,0,0,0,0.05,0.004,200000
3275,188,-1.328,1,25,9,0,0,0,0.05,0.004,200000
3276,400,-1.94,1,15,13,0,1,1,0.05,0.004,200000
3277,56,-15.882,0,1,3,1,0,0,0.05,0.004,200000
3278,42,-4.694,0,0,0,0,0,0,0.05,0.004,200000
3279,138,-14.524,0,5,0,1,0,0,0.05,0.004,200000
3280,109,-5.898,1,12,6,1,0,0,0.05,0.004,200000
3281,102,-6.75,1,5,10,0,0,0,0.05,0.004,200000
3282,83,-9.385,1,8,1,1,0,0,0.05,0.004,200000
3283,129,-10.528,0,0,2,0,0,0,0.05,0.004,200000
3284,111,-13.652,1,6,3,1,0,0,0.05,0.004,200000
3285,271,-9.844,1,11,13,0,0,0,0.05,0.004,200000
3286,400,-3.043,0,12,15,0,0,1,0.05,0.004,200000
3287,116,-11.199,0,4,4,1,0,0,0.05,0.004,200000
3288,400,-5.442,1,14,29,0,0,1,0.05,0.004,200000
3289,400,1.731,1,40,10,0,0,1,0.05,0.004,200000
3290,199,-7.249,1,29,5,1,0,0,0.05,0.004,200000
3291,400,-0.111,2,25,13,0,0,1,0.05,0.004,200000
3292,34,-16.796,0,4,5,1,0,0,0.05,0.004,200000
3293,400,2.351,0,27,13,0,1,1,0.05,0.004,200000
3294,122,-6.598,2,19,5,1,0,0,0.05,0.004,200000
3295,160,-17.514,0,3,6,1,0,0,0.05,0.004,200000
3296,400,-3.145,0,24,22,0,0,1,0.05,0.004,200000
3297,120,-16.533,0,6,13,1,0,0,0.05,0.004,200000
3298,9,-13.993,0,2,1,1,0,0,0.05,0.004,200000
3299,191,1.086,2,31,5,1,1,0,0.05,0.004,200000
3300,160,-13.468,2,13,39,1,0,0,0.05,0.004,200000
3301,398,-5.136,2,29,6,1,0,0,0.05,0.004,200000
3302,215,-11.781,1,9,15,1,0,0,0.05,0.004,200000
3303,98,-7.504,0,6,1,0,0,0,0.05,0.004,200000
3304,267,-10.804,0,9,7,0,0,0,0.05,0.004,200000
3305,76,-12.291,0,2,6,1,0,0,0.05,0.004,200000
3306,400,1.999,2,28,11,1,1,0,0.05,0.004,200000
3307,220,-15.865,0,8,1,1,0,0,0.05,0.004,200000
3308,400,-1.943,1,20,43,0,0,1,0.05,0.004,200000
3309,82,-13.671,0,8,9,1,0,0,0.05,0.004,200000
3310,400,-8.388,1,6,7,0,0,1,0.05,0.004,200000
3311,64,-16.041,1,5,30,1,0,0,0.05,0.004,200000
3312,21,-15.253,0,4,0,1,0,0,0.05,0.004,200000
3313,307,-22.331,1,12,35,1,0,0,0.05,0.004,200000
3314,297,-14.594,1,14,4,1,0,0,0.05,0.004,200000
3315,28,-14.126,0,3,2,1,0,0,0.05,0.004,200000
3316,307,-11.077,1,14,15,1,0,0,0.05,0.004,200000
3317,39,-13.565,1,4,7,1,0,0,0.05,0.004,200000
3318,400,3.115,4,19,22,0,0,1,0.05,0.004,200000
3319,36,-15.363,0,1,2,1,0,0,0.05,0.004,200000
3320,400,2.074,2,27,10,0,0,1,0.05,0.004,200000
3321,311,-10.273,1,21,25,1,0,0,0.05,0.004,200000
3322,201,-17.982,0,6,13,1,0,0,0.05,0.004,200000
3323,400,3.296,2,29,22,0,0,1,0.05,0.004,200000
3324,132,-12.09,0,21,5,1,0,0,0.05,0.004,200000
3325,400,-1.372,2,32,38,0,0,1,0.05,0.004,200000
3326,34,-16.333,0,4,6,1,0,0,0.05,0.004,200000
3327,400,1.385,3,40,19,0,0,1,0.05,0.004,200000
3328,400,11.067,2,37,11,0,1,1,0.05,0.004,200000
3329,400,6.136,3,17,40,0,2,1,0.05,0.004,200000
3330,400,4.199,1,28,13,0,1,1,0.05,0.004,200000
3331,400,-9.084,0,14,33,0,0,1,0.05,0.004,200000
3332,39,-16.0,0,2,1,1,0,0,0.05,0.004,200000
3333,400,3.85,3,29,17,0,1,1,0.05,0.004,200000
3334,182,-7.601,0,5,17,0,0,0,0.05,0.004,200000
3335,82,-7.919,0,2,2,0,0,0,0.05,0.004,200000
3336,400,2.022,1,26,27,0,0,1,0.05,0.004,200000
3337,207,-14.68,1,17,32,1,0,0,0.05,0.004,200000
3338,400,-6.32,0,13,22,0,0,1,0.05,0.004,200000
3339,394,-8.02,1,29,11,1,0,0,0.05,0.004,200000
3340,124,-11.505,0,3,25,0,0,0,0.05,0.004,200000
3341,154,-7.673,0,3,5,0,0,0,0.05,0.004,200000
3342,387,-12.218,1,23,46,1,0,0,0.05,0.004,200000
3343,400,10.086,5,32,13,0,1,1,0.05,0.004,200000
3344,297,-9.188,1,22,11,1,0,0,0.05,0.004,200000
3345,400,-4.149,1,13,26,0,1,1,0.05,0.004,200000
3346,400,3.685,0,15,17,0,1,1,0.05,0.004,200000
3347,263,-11.077,1,25,20,1,0,0,0.05,0.004,200000
3348,172,-11.73,0,3,6,0,0,0,0.05,0.004,200000
3349,400,4.601,2,14,5,0,1,1,0.05,0.004,200000
3350,51,-10.25,0,8,1,1,0,0,0.05,0.004,200000
3351,279,-19.883,0,11,6,1,0,0,0.05,0.004,200000
3352,400,-1.245,0,26,62,0,0,1,0.05,0.004,200000
3353,190,-13.191,0,11,16,1,0,0,0.05,0.004,200000
3354,191,-12.245,0,19,8,1,0,0,0.05,0.004,200000
3355,295,-11.573,0,0,13,0,0,0,0.05,0.004,200000
3356,400,4.784,0,35,8,0,0,1,0.05,0.004,200000
3357,135,-12.498,1,20,33,1,0,0,0.05,0.004,200000
3358,377,-9.994,1,15,23,1,1,0,0.05,0.004,200000
3359,241,-20.575,0,5,4,1,0,0,0.05,0.004,200000
3360,400,-5.695,2,21,102,0,0,1,0.05,0.004,200000
3361,400,-11.983,0,10,16,0,0,1,0.05,0.004,200000
3362,221,-7.786,1,32,60,0,0,0,0.05,0.004,200000
3363,400,5.366,2,17,30,0,1,1,0.05,0.004,200000
3364,400,-4.82,2,23,54,0,0,1,0.05,0.004,200000
3365,400,0.441,1,24,33,0,1,1,0.05,0.004,200000
3366,400,-0.862,2,28,64,0,0,1,0.05,0.004,200000
3367,400,-5.301,1,22,29,0,0,1,0.05,0.004,200000
3368,69,-19.116,0,2,34,1,0,0,0.05,0.004,200000
3369,400,2.554,1,23,11,0,0,1,0.05,0.004,200000
3370,242,-10.58,2,20,21,1,0,0,0.05,0.004,200000
3371,76,-5.189,0,8,2,0,0,0,0.05,0.004,200000
3372,400,1.501,2,29,30,0,0,1,0.05,0.004,200000
3373,400,-0.68,0,15,20,0,0,1,0.05,0.004,200000
3374,33,-16.273,0,4,14,1,0,0,0.05,0.004,200000
3375,58,-17.083,0,3,27,1,0,0,0.05,0.004,200000
3376,18,-14.46,0,3,10,1,0,0,0.05,0.004,200000
3377,400,9.908,2,19,12,0,1,1,0.05,0.004,200000
3378,400,2.218,3,22,33,0,1,1,0.05,0.004,200000
3379,400,-8.161,0,2,74,0,1,1,0.05,0.004,200000
3380,400,2.582,0,19,35,0,0,1,0.05,0.004,200000
3381,400,1.235,1,28,21,0,0,1,0.05,0.004,200000
3382,377,-14.031,2,20,28,1,0,0,0.05,0.004,200000
3383,60,-7.129,0,0,0,0,0,0,0.05,0.004,200000
3384,400,-5.449,3,15,75,0,0,1,0.05,0.004,200000
3385,169,-12.087,0,12,9,1,0,0,0.05,0.004,200000
3386,343,-13.498,0,12,30,1,0,0,0.05,0.004,200000
3387,145,-14.066,0,6,5,1,0,0,0.05,0.004,200000
3388,280,-6.749,4,27,24,1,0,0,0.05,0.004,200000
3389,163,-15.758,0,2,4,1,0,0,0.05,0.004,200000
3390,7,-14.488,0,1,3,1,0,0,0.05,0.004,200000
3391,357,-9.928,1,32,10,1,0,0,0.05,0.004,200000
3392,164,-13.964,0,6,3,1,0,0,0.05,0.004,200000
3393,400,-2.424,0,14,8,0,1,1,0.05,0.004,200000
3394,294,-8.201,2,29,18,1,0,0,0.05,0.004,200000
3395,59,-16.21,0,3,0,1,0,0,0.05,0.004,200000
3396,400,-5.088,1,13,34,0,0,1,0.05,0.004,200000
3397,274,-2.22,2,24,12,0,0,0,0.05,0.004,200000
3398,400,-8.821,0,8,12,0,1,1,0.05,0.004,200000
3399,163,-0.498,1,33,11,0,0,0,0.05,0.004,200000
3400,7,-15.603,0,3,3,1,0,0,0.05,0.004,200000
3401,205,-13.344,0,4,17,1,0,0,0.05,0.004,200000
3402,252,-13.308,1,23,44,1,0,0,0.05,0.004,200000
3403,400,1.098,3,22,37,0,0,1,0.05,0.004,200000
3404,400,-6.662,1,18,48,0,0,1,0.05,0.004,200000
3405,136,-16.75,0,7,3,1,0,0,0.05,0.004,200000
3406,285,-11.818,2,16,23,1,0,0,0.05,0.004,200000
3407,50,-17.076,0,3,5,1,0,0,0.05,0.004,200000
3408,213,-11.495,1,4,4,0,0,0,0.05,0.004,200000
3409,260,-1.796,2,25,10,1,1,0,0.05,0.004,200000
3410,82,-14.175,0,5,7,1,0,0,0.05,0.004,200000
3411,275,-1.453,1,21,17,0,0,0,0.05,0.004,200000
3412,130,-5.263,1,3,2,0,0,0,0.05,0.004,200000
3413,238,-5.647,2,20,46,0,0,0,0.05,0.004,200000
3414,400,1.094,2,25,35,0,1,1,0.05,0.004,200000
3415,5,-15.184,0,4,1,1,0,0,0.05,0.004,200000
3416,113,-11.496,2,4,0,1,0,0,0.05,0.004,200000
3417,400,-12.874,0,12,58,0,0,1,0.05,0.004,200000
3418,400,-0.854,0,9,11,0,1,1,0.05,0.004,200000
3419,166,-11.984,1,12,11,1,0,0,0.05,0.004,200000
3420,228,-14.678,0,7,37,0,0,0,0.05,0.004,200000
3421,55,-13.989,0,5,4,1,0,0,0.05,0.004,200000
3422,74,-7.708,0,0,2,0,0,0,0.05,0.004,200000
3423,119,-11.678,1,9,26,1,0,0,0.05,0.004,200000
3424,236,-14.923,0,2,25,0,0,0,0.05,0.004,200000
3425,178,-14.181,0,12,20,1,0,0,0.05,0.004,200000
3426,38,-15.924,0,2,7,1,0,0,0.05,0.004,200000
3427,214,-14.805,0,11,8,1,0,0,0.05,0.004,200000
3428,67,-17.211,0,3,9,1,0,0,0.05,0.004,200000
3429,309,-10.916,0,27,28,1,0,0,0.05,0.004,200000
3430,269,-7.823,1,17,14,0,0,0,0.05,0.004,200000
3431,106,-17.47,0,3,5,1,0,0,0.05,0.004,200000
3432,328,-14.467,1,18,31,1,1,0,0.05,0.004,200000
3433,400,3.915,2,23,44,0,1,1,0.05,0.004,200000
3434,400,4.379,1,26,24,0,1,1,0.05,0.004,200000
3435,173,-9.15,3,26,47,1,0,0,0.05,0.004,200000
3436,400,2.285,1,18,24,0,0,1,0.05,0.004,200000
3437,143,-11.598,0,0,2,0,0,0,0.05,0.004,200000
3438,400,-8.844,1,16,59,0,0,1,0.05,0.004,200000
3439,400,-5.362,1,10,42,0,0,1,0.05,0.004,200000
3440,155,-13.703,0,12,6,1,0,0,0.05,0.004,200000
3441,215,-13.797,0,7,10,1,0,0,0.05,0.004,200000
3442,400,-2.494,1,13,36,0,1,1,0.05,0.004,200000
3443,400,0.428,2,22,77,0,0,1,0.05,0.004,200000
3444,230,-14.845,1,10,24,1,0,0,0.05,0.004,200000
3445,220,-8.12,2,22,14,1,0,0,0.05,0.004,200000
3446,45,-15.569,0,3,0,1,0,0,0.05,0.004,200000
3447,400,-1.579,2,9,14,0,0,1,0.05,0.004,200000
3448,335,-10.361,0,12,20,0,0,0,0.05,0.004,200000
3449,27,-9.729,0,8,2,1,0,0,0.05,0.004,200000
3450,51,-14.041,0,5,13,1,0,0,0.05,0.004,200000
3451,186,-10.591,0,8,9,0,0,0,0.05,0.004,200000
3452,400,-11.218,0,11,10,0,0,1,0.05,0.004,200000
3453,400,1.981,0,20,26,0,1,1,0.05,0.004,200000
3454,242,-21.067,0,8,35,1,0,0,0.05,0.004,200000
3455,400,-6.526,2,15,13,0,1,1,0.05,0.004,200000
3456,269,-10.363,1,15,6,1,0,0,0.05,0.004,200000
3457,400,-3.519,0,13,33,0,0,1,0.05,0.004,200000
3458,400,-8.976,0,22,37,0,0,1,0.05,0.004,200000
3459,400,-3.469,0,20,47,0,0,1,0.05,0.004,200000
3460,28,-15.639,0,3,1,1,0,0,0.05,0.004,200000
3461,400,-1.574,0,21,14,0,0,1,0.05,0.004,200000
3462,69,-16.885,0,3,3,1,0,0,0.05,0.004,200000
3463,249,-16.03,2,10,42,1,0,0,0.05,0.004,200000
3464,306,-20.637,1,16,56,1,0,0,0.05,0.004,200000
3465,256,-14.044,1,20,11,1,0,0,0.05,0.004,200000
3466,362,-14.859,0,10,24,1,0,0,0.05,0.004,200000
3467,400,1.633,1,15,27,0,0,1,0.05,0.004,200000
3468,137,-15.474,0,7,5,1,0,0,0.05,0.004,200000
3469,400,-0.962,1,6,12,0,0,1,0.05,0.004,200000
3470,207,-9.378,1,30,23,1,0,0,0.05,0.004,200000
3471,78,-14.535,0,4,0,1,0,0,0.05,0.004,200000
3472,25,-15.455,0,4,0,1,0,0,0.05,0.004,200000
3473,378,-8.237,1,18,25,1,1,0,0.05,0.004,200000
3474,367,-5.506,2,15,8,0,0,0,0.05,0.004,200000
3475,93,-17.173,0,8,25,1,0,0,0.05,0.004,200000
3476,273,-3.572,1,28,8,1,1,0,0.05,0.004,200000
3477,261,-17.644,0,9,12,1,0,0,0.05,0.004,200000
3478,378,-11.483,1,23,8,1,0,0,0.05,0.004,200000
3479,400,1.406,1,15,7,0,1,1,0.05,0.004,200000
3480,5,-14.899,0,2,0,1,0,0,0.05,0.004,200000
3481,222,-12.825,2,20,9,1,0,0,0.05,0.004,200000
3482,400,2.234,4,32,42,0,1,1,0.05,0.004,200000
3483,282,-14.932,2,18,8,1,0,0,0.05,0.004,200000
3484,18,-15.554,0,4,7,1,0,0,0.05,0.004,200000
3485,153,-7.908,0,22,8,1,0,0,0.05,0.004,200000
3486,133,-8.659,0,2,11,0,0,0,0.05,0.004,200000
3487,250,-11.56,1,11,7,1,0,0,0.05,0.004,200000
3488,274,-17.67,0,8,10,1,0,0,0.05,0.004,200000
3489,400,-3.531,0,5,33,0,0,1,0.05,0.004,200000
3490,326,-9.313,1,17,7,1,0,0,0.05,0.004,200000
3491,217,-2.314,1,6,7,0,1,0,0.05,0.004,200000
3492,187,-11.992,0,6,22,0,0,0,0.05,0.004,200000
3493,287,-10.231,1,22,8,1,0,0,0.05,0.004,200000
3494,164,-15.557,0,9,9,1,0,0,0.05,0.004,200000
3495,389,-9.002,2,27,26,1,0,0,0.05,0.004,200000
3496,400,-4.222,2,21,47,0,0,1,0.05,0.004,200000
3497,283,-15.899,1,10,40,1,0,0,0.05,0.004,200000
3498,63,-10.98,0,10,9,1,0,0,0.05,0.004,200000
3499,400,-6.764,0,11,20,0,1,1,0.05,0.004,200000
3500,144,-7.215,1,4,2,0,0,0,0.05,0.004,200000
3501,367,-12.169,0,28,21,1,0,0,0.05,0.004,200000
3502,196,-13.876,0,15,8,1,0,0,0.05,0.004,200000
3503,305,-13.023,1,19,14,1,0,0,0.05,0.004,200000
3504,137,0.945,2,16,4,0,0,0,0.05,0.004,200000
3505,400,-4.744,1,20,39,0,0,1,0.05,0.004,200000
3506,164,-13.572,0,7,1,1,0,0,0.05,0.004,200000
3507,400,-0.949,2,18,35,0,0,1,0.05,0.004,200000
3508,400,2.182,0,23,26,0,1,1,0.05,0.004,200000
3509,250,-10.829,0,7,38,0,0,0,0.05,0.004,200000
3510,195,-18.421,0,4,10,1,0,0,0.05,0.004,200000
3511,400,-6.631,1,18,37,0,0,1,0.05,0.004,200000
3512,133,-8.164,0,7,4,0,0,0,0.05,0.004,200000
3513,120,-18.242,0,4,3,1,0,0,0.05,0.004,200000
3514,149,-9.266,0,2,8,0,0,0,0.05,0.004,200000
3515,400,1.425,2,7,26,0,1,1,0.05,0.004,200000
3516,374,-14.16,1,22,26,1,0,0,0.05,0.004,200000
3517,400,-1.503,0,15,16,0,1,1,0.05,0.004,200000
3518,252,-17.734,4,13,10,1,0,0,0.05,0.004,200000
3519,267,-7.07,0,22,16,0,0,0,0.05,0.004,200000
3520,186,-15.125,0,4,7,1,0,0,0.05,0.004,200000
3521,5,-14.891,0,2,0,1,0,0,0.05,0.004,200000
3522,213,-7.891,0,7,2,0,0,0,0.05,0.004,200000
3523,132,-9.531,1,5,1,1,0,0,0.05,0.004,200000
3524,348,-5.822,0,12,6,1,1,0,0.05,0.004,200000
3525,196,-15.726,1,15,32,1,0,0,0.05,0.004,200000
3526,228,-8.549,1,25,12,1,0,0,0.05,0.004,200000
3527,313,-17.857,0,19,52,1,0,0,0.05,0.004,200000
3528,400,-3.08,0,24,20,0,0,1,0.05,0.004,200000
3529,153,-22.251,0,8,67,1,0,0,0.05,0.004,200000
3530,400,1.513,2,25,24,0,0,1,0.05,0.004,200000
3531,289,-20.7,0,12,18,1,0,0,0.05,0.004,200000
3532,400,-6.389,4,25,70,0,0,1,0.05,0.004,200000
3533,193,-8.446,1,15,11,1,0,0,0.05,0.004,200000
3534,400,-7.132,1,21,40,0,0,1,0.05,0.004,200000
3535,400,-1.217,1,23,34,0,0,1,0.05,0.004,200000
3536,196,-19.21,1,6,8,1,0,0,0.05,0.004,200000
3537,400,-5.329,0,21,33,0,0,1,0.05,0.004,200000
3538,39,-11.72,0,2,3,1,0,0,0.05,0.004,200000
3539,400,0.904,1,17,9,0,0,1,0.05,0.004,200000
3540,287,-7.814,2,29,36,1,1,0,0.05,0.004,200000
3541,400,-12.524,0,22,60,0,0,1,0.05,0.004,200000
3542,131,-9.816,0,7,5,1,0,0,0.05,0.004,200000
3543,67,-9.126,0,3,25,0,0,0,0.05,0.004,200000
3544,303,-17.686,0,6,43,0,0,0,0.05,0.004,200000
3545,386,-17.119,2,20,63,1,0,0,0.05,0.004,200000
3546,167,-8.818,1,21,13,1,0,0,0.05,0.004,200000
3547,400,-6.421,1,17,17,0,1,1,0.05,0.004,200000
3548,165,-20.18,0,4,12,1,0,0,0.05,0.004,200000
3549,114,-6.691,0,9,20,0,0,0,0.05,0.004,200000
3550,400,-3.411,0,8,24,0,1,1,0.05,0.004,200000
3551,400,-5.328,0,9,13,0,0,1,0.05,0.004,200000
3552,400,-2.475,1,20,38,0,0,1,0.05,0.004,200000
3553,400,-3.488,0,19,16,0,0,1,0.05,0.004,200000
3554,400,-5.765,1,25,53,0,0,1,0.05,0.004,200000
3555,168,-13.829,0,6,5,1,0,0,0.05,0.004,200000
3556,400,2.615,1,19,26,0,1,1,0.05,0.004,200000
3557,400,-12.914,1,11,37,0,0,1,0.05,0.004,200000
3558,182,-14.153,1,32,23,1,0,0,0.05,0.004,200000
3559,231,-15.194,0,16,30,1,0,0,0.05,0.004,200000
3560,109,-13.145,0,0,51,0,0,0,0.05,0.004,200000
3561,230,-6.66,3,36,23,1,0,0,0.05,0.004,200000
3562,144,-18.983,0,4,2,1,0,0,0.05,0.004,200000
3563,287,-8.712,0,15,13,1,0,0,0.05,0.004,200000
3564,218,-18.296,0,11,38,1,0,0,0.05,0.004,200000
3565,233,-9.797,0,13,27,0,0,0,0.05,0.004,200000
3566,106,-16.263,0,4,0,1,0,0,0.05,0.004,200000
3567,339,-12.826,0,19,46,1,0,0,0.05,0.004,200000
3568,13,-15.496,0,4,1,1,0,0,0.05,0.004,200000
3569,253,-14.005,1,12,18,1,0,0,0.05,0.004,200000
3570,400,-4.927,0,9,19,0,0,1,0.05,0.004,200000
3571,400,-6.006,1,6,40,0,1,1,0.05,0.004,200000
3572,58,-6.347,0,4,2,0,0,0,0.05,0.004,200000
3573,22,-13.899,0,1,0,1,0,0,0.05,0.004,200000
3574,89,-8.889,1,7,4,1,0,0,0.05,0.004,200000
3575,253,-3.956,1,23,14,1,1,0,0.05,0.004,200000
3576,226,-15.782,0,7,6,1,0,0,0.05,0.004,200000
3577,389,-20.556,1,28,30,1,0,0,0.05,0.004,200000
3578,161,-9.58,1,16,9,1,0,0,0.05,0.004,200000
3579,400,-0.68,2,28,29,0,0,1,0.05,0.004,200000
3580,143,-18.659,0,5,43,1,0,0,0.05,0.004,200000
3581,80,-16.473,0,3,3,1,0,0,0.05,0.004,200000
3582,5,-14.899,0,2,0,1,0,0,0.05,0.004,200000
3583,200,-10.465,1,13,7,1,0,0,0.05,0.004,200000
3584,36,-12.302,0,5,9,1,0,0,0.05,0.004,200000
3585,181,-1.315,1,18,2,0,0,0,0.05,0.004,200000
3586,87,-17.368,0,3,12,1,0,0,0.05,0.004,200000
3587,126,-13.475,1,20,29,1,0,0,0.05,0.004,200000
3588,279,-10.446,0,0,5,0,0,0,0.05,0.004,200000
3589,79,-16.768,0,2,3,1,0,0,0.05,0.004,200000
3590,104,-5.541,0,9,9,0,0,0,0.05,0.004,200000
3591,61,-15.613,0,2,0,1,0,0,0.05,0.004,200000
3592,221,-10.761,0,1,34,0,0,0,0.05,0.004,200000
3593,22,-13.733,0,3,1,1,0,0,0.05,0.004,200000
3594,21,-14.812,0,4,0,1,0,0,0.05,0.004,200000
3595,397,-18.917,0,18,29,1,0,0,0.05,0.004,200000
3596,200,-11.973,0,9,11,1,0,0,0.05,0.004,200000
3597,400,2.83,1,37,28,0,0,1,0.05,0.004,200000
3598,393,-14.055,0,20,34,1,0,0,0.05,0.004,200000
3599,400,-14.776,0,5,78,0,0,1,0.05,0.004,200000
3600,36,-15.624,0,2,1,1,0,0,0.05,0.004,200000
3601,400,4.22,5,14,23,0,1,1,0.05,0.004,200000
3602,400,0.327,1,20,41,0,0,1,0.05,0.004,200000
3603,211,-6.723,1,33,46,0,0,0,0.05,0.004,200000
3604,400,-5.726,1,27,21,0,0,1,0.05,0.004,200000
3605,139,-15.847,0,1,4,1,0,0,0.05,0.004,200000
3606,234,-12.643,0,7,1,1,0,0,0.05,0.004,200000
3607,267,-12.953,3,22,31,1,0,0,0.05,0.004,200000
3608,41,-15.533,0,3,1,1,0,0,0.05,0.004,200000
3609,224,-15.525,0,2,8,1,0,0,0.05,0.004,200000
3610,400,-2.848,3,13,19,0,0,1,0.05,0.004,200000
3611,137,-11.442,2,18,30,1,0,0,0.05,0.004,200000
3612,341,-6.486,0,25,44,0,1,0,0.05,0.004,200000
3613,294,-15.942,0,0,4,0,0,0,0.05,0.004,200000
3614,248,-19.279,0,10,50,1,0,0,0.05,0.004,200000
3615,217,-11.131,0,11,9,0,0,0,0.05,0.004,200000
3616,400,-9.998,1,10,21,0,0,1,0.05,0.004,200000
3617,178,-21.209,1,8,28,1,0,0,0.05,0.004,200000
3618,219,-8.394,0,11,9,0,0,0,0.05,0.004,200000
3619,14,-10.016,0,4,3,1,0,0,0.05,0.004,200000
3620,193,-9.326,0,6,15,0,0,0,0.05,0.004,200000
3621,276,-7.527,1,43,30,1,0,0,0.05,0.004,200000
3622,400,-0.778,2,18,27,0,0,1,0.05,0.004,200000
3623,400,2.374,0,7,9,0,0,1,0.05,0.004,200000
3624,37,-11.903,0,6,3,1,0,0,0.05,0.004,200000
3625,5,-15.169,0,1,1,1,0,0,0.05,0.004,200000
3626,400,4.715,1,24,38,0,0,1,0.05,0.004,200000
3627,237,-17.119,0,11,19,1,0,0,0.05,0.004,200000
3628,400,-7.737,0,14,25,0,0,1,0.05,0.004,200000
3629,148,-9.378,1,13,27,0,0,0,0.05,0.004,200000
3630,400,-0.35,2,26,14,0,0,1,0.05,0.004,200000
3631,235,-6.377,1,14,6,0,0,0,0.05,0.004,200000
3632,354,-12.757,1,12,24,0,0,0,0.05,0.004,200000
3633,400,-0.167,1,21,10,0,0,1,0.05,0.004,200000
3634,156,-20.279,0,3,7,1,0,0,0.05,0.004,200000
3635,148,-12.138,0,7,7,1,0,0,0.05,0.004,200000
3636,197,-8.051,1,26,19,1,0,0,0.05,0.004,200000
3637,400,1.442,1,18,25,0,1,1,0.05,0.004,200000
3638,400,-2.776,0,17,59,0,1,1,0.05,0.004,200000
3639,81,-13.88,0,2,1,1,0,0,0.05,0.004,200000
3640,400,-8.268,1,17,41,0,0,1,0.05,0.004,200000
3641,308,-14.64,0,16,51,0,0,0,0.05,0.004,200000
3642,400,-10.323,0,7,40,0,0,1,0.05,0.004,200000
3643,400,-11.523,0,5,9,0,0,1,0.05,0.004,200000
3644,400,-1.983,1,17,25,0,0,1,0.05,0.004,200000
3645,306,-9.909,0,13,21,0,0,0,0.05,0.004,200000
3646,373,-16.1,1,20,27,1,0,0,0.05,0.004,200000
3647,400,1.527,1,41,52,0,0,1,0.05,0.004,200000
3648,400,-3.272,1,28,48,0,0,1,0.05,0.004,200000
3649,400,1.751,1,24,27,0,0,1,0.05,0.004,200000
3650,247,-16.509,0,0,6,0,0,0,0.05,0.004,200000
3651,282,-16.849,1,14,18,1,0,0,0.05,0.004,200000
3652,185,-10.902,2,8,36,0,0,0,0.05,0.004,200000
3653,400,3.367,3,22,16,0,0,1,0.05,0.004,200000
3654,15,-14.801,0,4,0,1,0,0,0.05,0.004,200000
3655,184,-15.25,0,10,6,1,0,0,0.05,0.004,200000
3656,313,-10.327,0,23,49,1,1,0,0.05,0.004,200000
3657,42,-14.25,0,3,1,1,0,0,0.05,0.004,200000
3658,209,-14.572,1,6,16,1,0,0,0.05,0.004,200000
3659,400,-5.732,1,16,41,0,0,1,0.05,0.004,200000
3660,42,-6.86,0,0,0,0,0,0,0.05,0.004,200000
3661,400,-7.421,2,21,15,0,0,1,0.05,0.004,200000
3662,169,-8.514,0,7,6,0,0,0,0.05,0.004,200000
3663,263,-17.333,0,7,38,1,0,0,0.05,0.004,200000
3664,129,-16.731,0,3,6,1,0,0,0.05,0.004,200000
3665,400,-3.438,1,24,25,0,0,1,0.05,0.004,200000
3666,74,-6.803,0,0,7,0,0,0,0.05,0.004,200000
3667,269,-12.835,0,11,9,1,0,0,0.05,0.004,200000
3668,202,-16.23,0,11,9,1,0,0,0.05,0.004,200000
3669,400,-0.898,1,10,24,0,1,1,0.05,0.004,200000
3670,400,-6.301,1,13,20,0,0,1,0.05,0.004,200000
3671,368,-9.97,0,22,29,1,0,0,0.05,0.004,200000
3672,212,-14.055,2,20,7,1,0,0,0.05,0.004,200000
3673,379,-4.148,1,19,22,1,1,0,0.05,0.004,200000
3674,369,-9.919,0,14,42,1,1,0,0.05,0.004,200000
3675,91,-7.861,1,8,4,1,0,0,0.05,0.004,200000
3676,164,-6.737,0,3,10,0,0,0,0.05,0.004,200000
3677,400,-4.671,0,18,41,0,0,1,0.05,0.004,200000
3678,104,-6.931,0,0,3,0,0,0,0.05,0.004,200000
3679,400,-6.952,2,18,50,0,0,1,0.05,0.004,200000
3680,400,-7.223,3,16,63,0,0,1,0.05,0.004,200000
3681,170,-9.25,1,3,30,0,0,0,0.05,0.004,200000
3682,400,-7.033,1,12,40,0,0,1,0.05,0.004,200000
3683,171,-7.645,0,14,32,0,0,0,0.05,0.004,200000
3684,400,0.147,1,27,38,0,0,1,0.05,0.004,200000
3685,114,-9.089,0,9,3,1,0,0,0.05,0.004,200000
3686,400,-9.974,2,13,9,0,0,1,0.05,0.004,200000
3687,201,-15.7,1,6,3,1,0,0,0.05,0.004,200000
3688,158,-10.568,0,0,3,0,0,0,0.05,0.004,200000
3689,258,-19.025,0,7,41,1,0,0,0.05,0.004,200000
3690,400,-3.081,2,7,9,0,0,1,0.05,0.004,200000
3691,144,-16.169,0,3,2,1,0,0,0.05,0.004,200000
3692,400,-1.269,3,26,51,0,0,1,0.05,0.004,200000
3693,116,-6.769,0,10,4,0,0,0,0.05,0.004,200000
3694,215,-13.222,1,9,11,1,0,0,0.05,0.004,200000
3695,400,1.386,0,25,33,0,0,1,0.05,0.004,200000
3696,400,3.624,2,18,17,0,0,1,0.05,0.004,200000
3697,211,-18.797,0,11,27,1,0,0,0.05,0.004,200000
3698,400,3.844,2,22,23,0,1,1,0.05,0.004,200000
3699,297,-5.813,0,23,33,0,0,0,0.05,0.004,200000
3700,271,-17.31,0,15,22,1,0,0,0.05,0.004,200000
3701,103,-8.644,0,2,5,0,0,0,0.05,0.004,200000
3702,277,-11.463,3,11,7,1,0,0,0.05,0.004,200000
3703,400,-4.447,0,20,32,0,0,1,0.05,0.004,200000
3704,108,-13.211,0,5,5,1,0,0,0.05,0.004,200000
3705,240,-8.854,2,24,6,1,0,0,0.05,0.004,200000
3706,400,-4.164,1,20,35,0,0,1,0.05,0.004,200000
3707,398,-15.558,1,8,37,1,0,0,0.05,0.004,200000
3708,242,-12.834,1,20,33,1,0,0,0.05,0.004,200000
3709,335,-16.246,2,10,36,1,0,0,0.05,0.004,200000
3710,175,-11.649,0,9,9,1,0,0,0.05,0.004,200000
3711,68,-14.234,0,3,1,1,0,0,0.05,0.004,200000
3712,65,-16.712,0,3,3,1,0,0,0.05,0.004,200000
3713,147,-13.328,0,2,5,1,0,0,0.05,0.004,200000
3714,222,-3.934,2,23,4,1,0,0,0.05,0.004,200000
3715,203,-7.194,2,11,13,0,0,0,0.05,0.004,200000
3716,400,-4.413,0,20,16,0,0,1,0.05,0.004,200000
3717,400,2.516,2,19,11,0,1,1,0.05,0.004,200000
3718,43,-14.426,0,3,0,1,0,0,0.05,0.004,200000
3719,285,-6.475,1,22,11,1,0,0,0.05,0.004,200000
3720,400,-10.436,0,3,16,0,0,1,0.05,0.004,200000
3721,385,-10.662,0,17,18,1,1,0,0.05,0.004,200000
3722,123,-18.709,0,4,1,1,0,0,0.05,0.004,200000
3723,400,3.525,3,25,5,0,0,1,0.05,0.004,200000
3724,400,-0.927,0,16,34,0,0,1,0.05,0.004,200000
3725,267,-19.5,1,7,10,1,0,0,0.05,0.004,200000
3726,400,0.63,0,28,13,0,0,1,0.05,0.004,200000
3727,141,-7.106,0,6,2,0,0,0,0.05,0.004,200000
3728,400,-5.602,1,14,15,0,0,1,0.05,0.004,200000
3729,81,-16.348,0,4,2,1,0,0,0.05,0.004,200000
3730,400,-3.743,2,19,22,0,0,1,0.05,0.004,200000
3731,222,-15.191,1,9,19,1,0,0,0.05,0.004,200000
3732,126,-9.123,1,11,6,1,0,0,0.05,0.004,200000
3733,400,-1.273,0,13,10,0,1,1,0.05,0.004,200000
3734,400,-2.625,2,18,34,0,0,1,0.05,0.004,200000
3735,271,-10.429,1,17,11,1,0,0,0.05,0.004,200000
3736,400,-1.693,1,18,15,0,0,1,0.05,0.004,200000
3737,69,-11.354,0,5,2,1,0,0,0.05,0.004,200000
3738,379,-11.613,3,17,43,1,0,0,0.05,0.004,200000
3739,104,-9.192,1,10,2,1,0,0,0.05,0.004,200000
3740,400,-10.13,1,15,6,0,0,1,0.05,0.004,200000
3741,81,-17.125,0,4,3,1,0,0,0.05,0.004,200000
3742,400,-2.462,1,18,15,0,0,1,0.05,0.004,200000
3743,196,-12.574,1,7,10,1,0,0,0.05,0.004,200000
3744,400,-10.611,0,18,15,0,0,1,0.05,0.004,200000
3745,369,-18.576,2,11,24,1,0,0,0.05,0.004,200000
3746,153,-5.28,0,7,4,0,0,0,0.05,0.004,200000
3747,68,-12.905,0,2,2,1,0,0,0.05,0.004,200000
3748,381,-10.194,0,20,21,1,1,0,0.05,0.004,200000
3749,400,-0.346,1,18,14,0,1,1,0.05,0.004,200000
3750,181,-10.837,1,8,4,1,0,0,0.05,0.004,200000
3751,400,-5.5,0,14,8,0,0,1,0.05,0.004,200000
3752,400,2.869,1,29,29,0,0,1,0.05,0.004,200000
3753,15,-15.124,0,2,1,1,0,0,0.05,0.004,200000
3754,400,-7.856,1,7,15,0,0,1,0.05,0.004,200000
3755,5,-13.485,0,4,3,1,0,0,0.05,0.004,200000
3756,167,-9.335,0,4,7,0,0,0,0.05,0.004,200000
3757,400,-7.19,0,6,3,0,0,1,0.05,0.004,200000
3758,162,-8.681,0,8,8,0,0,0,0.05,0.004,200000
3759,398,-14.495,3,28,70,0,0,0,0.05,0.004,200000
3760,100,-11.564,0,7,2,1,0,0,0.05,0.004,200000
3761,143,-13.581,1,5,9,1,0,0,0.05,0.004,200000
3762,333,-18.719,0,12,9,1,0,0,0.05,0.004,200000
3763,130,-14.717,1,3,8,1,0,0,0.05,0.004,200000
3764,400,-1.008,2,25,20,0,0,1,0.05,0.004,200000
3765,400,1.22,1,33,27,0,0,1,0.05,0.004,200000
3766,345,-16.976,0,11,40,0,0,0,0.05,0.004,200000
3767,226,-13.624,1,6,7,1,0,0,0.05,0.004,200000
3768,166,-8.5,0,0,3,0,0,0,0.05,0.004,200000
3769,400,-3.533,0,15,10,0,0,1,0.05,0.004,200000
3770,236,-7.948,0,7,6,0,0,0,0.05,0.004,200000
3771,400,0.581,0,23,12,0,1,1,0.05,0.004,200000
3772,49,-14.54,0,2,4,1,0,0,0.05,0.004,200000
3773,154,-19.399,0,1,8,1,0,0,0.05,0.004,200000
3774,400,-0.754,1,25,9,0,0,1,0.05,0.004,200000
3775,400,3.932,0,34,45,0,2,1,0.05,0.004,200000
3776,304,-16.873,0,12,7,1,0,0,0.05,0.004,200000
3777,164,-12.09,0,16,13,1,0,0,0.05,0.004,200000
3778,376,-4.692,1,18,6,0,0,0,0.05,0.004,200000
3779,400,0.837,1,22,19,0,0,1,0.05,0.004,200000
3780,205,-12.33,1,13,25,1,0,0,0.05,0.004,200000
3781,28,-5.981,0,2,3,0,0,0,0.05,0.004,200000
3782,336,-0.46,3,18,10,0,1,0,0.05,0.004,200000
3783,400,-5.963,0,10,17,0,0,1,0.05,0.004,200000
3784,400,-6.208,0,7,14,0,1,1,0.05,0.004,200000
3785,147,-1.625,3,12,4,0,0,0,0.05,0.004,200000
3786,20,-15.222,0,4,3,1,0,0,0.05,0.004,200000
3787,92,-13.399,0,9,8,1,0,0,0.05,0.004,200000
3788,400,-6.217,0,18,29,0,0,1,0.05,0.004,200000
3789,400,-9.709,1,17,30,0,0,1,0.05,0.004,200000
3790,201,-10.342,3,29,22,1,0,0,0.05,0.004,200000
3791,400,1.511,4,31,8,0,0,1,0.05,0.004,200000
3792,75,-5.324,1,0,0,0,0,0,0.05,0.004,200000
3793,81,-6.39,0,13,9,0,0,0,0.05,0.004,200000
3794,206,-14.909,0,16,32,1,0,0,0.05,0.004,200000
3795,400,7.264,0,23,25,0,1,1,0.05,0.004,200000
3796,165,-10.711,0,11,14,1,0,0,0.05,0.004,200000
3797,173,-5.476,0,7,2,0,0,0,0.05,0.004,200000
3798,111,-12.214,1,14,4,1,0,0,0.05,0.004,200000
3799,400,5.113,1,9,12,0,2,1,0.05,0.004,200000
3800,264,-2.263,0,30,16,0,0,0,0.05,0.004,200000
3801,270,-14.861,1,7,10,1,0,0,0.05,0.004,200000
3802,400,-7.235,0,8,11,0,0,1,0.05,0.004,200000
3803,221,-5.376,0,20,5,1,1,0,0.05,0.004,200000
3804,133,-14.804,0,6,3,1,0,0,0.05,0.004,200000
3805,322,-11.71,2,16,28,1,0,0,0.05,0.004,200000
3806,120,-11.982,0,19,10,1,0,0,0.05,0.004,200000
3807,155,-6.319,0,8,3,0,0,0,0.05,0.004,200000
3808,19,-11.305,0,3,0,1,0,0,0.05,0.004,200000
3809,177,-6.823,1,22,6,1,0,0,0.05,0.004,200000
3810,400,-1.742,1,12,21,0,0,1,0.05,0.004,200000
3811,400,1.112,2,26,22,0,1,1,0.05,0.004,200000
3812,168,-20.18,0,2,6,1,0,0,0.05,0.004,200000
3813,400,1.283,1,42,13,0,0,1,0.05,0.004,200000
3814,400,3.985,2,28,22,0,1,1,0.05,0.004,200000
3815,360,-14.567,1,14,39,0,0,0,0.05,0.004,200000
3816,400,-1.903,1,19,9,0,0,1,0.05,0.004,200000
3817,400,-5.692,0,12,8,0,0,1,0.05,0.004,200000
3818,400,-3.164,0,14,19,0,0,1,0.05,0.004,200000
3819,400,-1.806,1,17,20,0,0,1,0.05,0.004,200000
3820,400,-1.921,1,29,22,0,0,1,0.05,0.004,200000
3821,325,-6.626,2,23,14,1,0,0,0.05,0.004,200000
3822,74,-8.781,0,0,10,0,0,0,0.05,0.004,200000
3823,153,-10.369,0,0,3,0,0,0,0.05,0.004,200000
3824,400,-4.642,0,22,17,0,0,1,0.05,0.004,200000
3825,294,-4.474,2,24,8,0,0,0,0.05,0.004,200000
3826,59,-15.856,0,2,8,1,0,0,0.05,0.004,200000
3827,13,-11.551,0,3,4,1,0,0,0.05,0.004,200000
3828,400,-6.26,0,25,55,0,0,1,0.05,0.004,200000
3829,400,-0.279,1,29,27,0,0,1,0.05,0.004,200000
3830,400,3.449,1,27,23,0,1,1,0.05,0.004,200000
3831,202,-12.643,0,0,12,0,0,0,0.05,0.004,200000
3832,371,-9.262,2,25,32,1,0,0,0.05,0.004,200000
3833,400,-6.208,0,12,20,0,0,1,0.05,0.004,200000
3834,133,-4.944,1,12,6,0,0,0,0.05,0.004,200000
3835,17,-15.145,0,3,3,1,0,0,0.05,0.004,200000
3836,248,-15.614,0,6,10,1,0,0,0.05,0.004,200000
3837,400,-5.608,1,11,22,0,0,1,0.05,0.004,200000
3838,242,-15.905,0,8,4,1,0,0,0.05,0.004,200000
3839,202,-8.391,1,9,10,0,0,0,0.05,0.004,200000
3840,400,-1.687,1,24,7,0,0,1,0.05,0.004,200000
3841,166,-16.844,0,5,2,1,0,0,0.05,0.004,200000
3842,211,-17.534,0,3,4,1,0,0,0.05,0.004,200000
3843,48,-14.689,0,2,2,1,0,0,0.05,0.004,200000
3844,71,-11.786,0,5,2,1,0,0,0.05,0.004,200000
3845,7,-14.765,0,4,1,1,0,0,0.05,0.004,200000
3846,400,-0.566,1,15,20,0,1,1,0.05,0.004,200000
3847,106,-5.978,1,7,6,0,0,0,0.05,0.004,200000
3848,14,-15.596,0,2,2,1,0,0,0.05,0.004,200000
3849,287,-13.833,0,0,5,0,0,0,0.05,0.004,200000
3850,400,-6.304,1,19,32,0,0,1,0.05,0.004,200000
3851,178,-12.65,1,12,25,1,0,0,0.05,0.004,200000
3852,330,-15.444,1,23,21,1,0,0,0.05,0.004,200000
3853,382,-3.688,2,27,14,1,1,0,0.05,0.004,200000
3854,82,-14.431,0,2,2,1,0,0,0.05,0.004,200000
3855,400,0.032,3,24,11,0,0,1,0.05,0.004,200000
3856,163,-3.492,2,8,4,0,0,0,0.05,0.004,200000
3857,366,-12.701,0,10,13,1,0,0,0.05,0.004,200000
3858,400,8.946,4,30,10,0,0,1,0.05,0.004,200000
3859,400,5.107,0,21,16,0,1,1,0.05,0.004,200000
3860,400,1.342,3,28,18,0,0,1,0.05,0.004,200000
3861,400,3.928,1,24,10,0,1,1,0.05,0.004,200000
3862,8,-14.97,0,4,2,1,0,0,0.05,0.004,200000
3863,57,-13.904,0,5,9,1,0,0,0.05,0.004,200000
3864,11,-14.869,0,4,1,1,0,0,0.05,0.004,200000
3865,220,-14.982,0,5,7,1,0,0,0.05,0.004,200000
3866,296,-14.884,1,6,15,1,0,0,0.05,0.004,200000
3867,55,-7.03,0,0,4,0,0,0,0.05,0.004,200000
3868,400,-3.294,0,22,13,0,0,1,0.05,0.004,200000
3869,394,-17.273,0,17,60,1,0,0,0.05,0.004,200000
3870,121,-8.267,0,0,4,0,0,0,0.05,0.004,200000
3871,35,-16.186,0,4,3,1,0,0,0.05,0.004,200000
3872,175,-19.531,0,4,6,1,0,0,0.05,0.004,200000
3873,5,-14.737,0,4,1,1,0,0,0.05,0.004,200000
3874,43,-15.833,0,4,1,1,0,0,0.05,0.004,200000
3875,188,-6.352,2,6,5,0,0,0,0.05,0.004,200000
3876,400,-3.261,0,9,17,0,0,1,0.05,0.004,200000
3877,227,-11.827,0,0,5,0,0,0,0.05,0.004,200000
3878,26,-15.679,0,3,1,1,0,0,0.05,0.004,200000
3879,130,-8.645,0,0,3,0,0,0,0.05,0.004,200000
3880,400,-2.669,2,15,32,0,0,1,0.05,0.004,200000
3881,151,-8.005,1,11,21,0,0,0,0.05,0.004,200000
3882,308,1.085,3,24,17,0,1,0,0.05,0.004,200000
3883,126,-19.268,0,4,44,1,0,0,0.05,0.004,200000
3884,400,2.722,2,39,43,0,0,1,0.05,0.004,200000
3885,400,-1.754,2,22,19,0,0,1,0.05,0.004,200000
3886,7,-14.991,0,3,2,1,0,0,0.05,0.004,200000
3887,215,-8.793,0,0,8,0,0,0,0.05,0.004,200000
3888,391,-16.847,1,12,25,1,0,0,0.05,0.004,200000
3889,86,-17.714,0,3,7,1,0,0,0.05,0.004,200000
3890,282,-18.317,0,5,16,1,0,0,0.05,0.004,200000
3891,400,-10.569,0,12,55,0,0,1,0.05,0.004,200000
3892,219,-17.168,0,10,2,1,0,0,0.05,0.004,200000
3893,400,12.968,4,33,4,0,1,1,0.05,0.004,200000
3894,164,-1.635,1,18,7,0,0,0,0.05,0.004,200000
3895,282,-5.421,3,28,10,1,0,0,0.05,0.004,200000
3896,400,4.105,1,18,23,0,1,1,0.05,0.004,200000
3897,69,-4.88,0,2,5,0,0,0,0.05,0.004,200000
3898,377,-15.751,0,17,17,1,0,0,0.05,0.004,200000
3899,140,-8.858,0,2,3,0,0,0,0.05,0.004,200000
3900,94,-17.284,0,5,6,1,0,0,0.05,0.004,200000
3901,159,-6.619,0,5,6,0,0,0,0.05,0.004,200000
3902,138,-7.547,0,8,5,0,0,0,0.05,0.004,200000
3903,277,-11.326,0,7,13,0,0,0,0.05,0.004,200000
3904,142,-13.811,0,3,15,1,0,0,0.05,0.004,200000
3905,376,-17.831,1,14,27,1,0,0,0.05,0.004,200000
3906,400,-7.335,0,3,17,0,0,1,0.05,0.004,200000
3907,400,-8.92,0,7,9,0,0,1,0.05,0.004,200000
3908,321,-9.919,2,23,12,1,0,0,0.05,0.004,200000
3909,286,-2.44,1,19,10,0,1,0,0.05,0.004,200000
3910,181,-11.906,0,13,29,1,0,0,0.05,0.004,200000
3911,270,-5.45,0,20,8,1,1,0,0.05,0.004,200000
3912,335,-13.924,0,7,6,1,1,0,0.05,0.004,200000
3913,400,0.675,1,18,24,0,0,1,0.05,0.004,200000
3914,369,-21.241,0,20,48,1,0,0,0.05,0.004,200000
3915,400,-6.032,0,13,19,0,0,1,0.05,0.004,200000
3916,20,-13.777,0,4,2,1,0,0,0.05,0.004,200000
3917,256,-9.623,1,12,1,0,0,0,0.05,0.004,200000
3918,256,-2.396,2,28,8,1,1,0,0.05,0.004,200000
3919,38,-17.511,0,3,18,1,0,0,0.05,0.004,200000
3920,20,-15.729,0,4,9,1,0,0,0.05,0.004,200000
3921,400,1.732,1,27,54,0,1,1,0.05,0.004,200000
3922,29,-14.675,0,2,2,1,0,0,0.05,0.004,200000
3923,167,-21.494,0,3,7,1,0,0,0.05,0.004,200000
3924,400,-5.867,0,24,43,0,0,1,0.05,0.004,200000
3925,145,-8.622,1,8,10,0,0,0,0.05,0.004,200000
3926,7,-13.59,0,4,4,1,0,0,0.05,0.004,200000
3927,400,-6.356,0,23,23,0,0,1,0.05,0.004,200000
3928,164,-15.697,0,12,12,1,0,0,0.05,0.004,200000
3929,32,-12.409,0,6,1,1,0,0,0.05,0.004,200000
3930,89,-16.296,0,3,4,1,0,0,0.05,0.004,200000
3931,369,-8.024,1,20,25,0,0,0,0.05,0.004,200000
3932,294,-7.593,0,9,8,0,0,0,0.05,0.004,200000
3933,400,-7.027,3,25,28,0,0,1,0.05,0.004,200000
3934,102,-8.211,0,0,5,0,0,0,0.05,0.004,200000
3935,134,-10.33,0,0,2,0,0,0,0.05,0.004,200000
3936,67,-15.999,0,3,11,1,0,0,0.05,0.004,200000
3937,218,-6.945,1,11,14,0,0,0,0.05,0.004,200000
3938,100,-9.002,0,0,1,0,0,0,0.05,0.004,200000
3939,12,-15.83,0,3,6,1,0,0,0.05,0.004,200000
3940,10,-15.344,0,2,5,1,0,0,0.05,0.004,200000
3941,245,-13.102,0,24,36,1,0,0,0.05,0.004,200000
3942,216,-20.69,0,2,11,1,0,0,0.05,0.004,200000
3943,35,-15.5,0,3,9,1,0,0,0.05,0.004,200000
3944,142,-6.945,0,12,8,0,0,0,0.05,0.004,200000
3945,400,-9.303,0,5,5,0,0,1,0.05,0.004,200000
3946,400,-2.192,1,22,8,0,0,1,0.05,0.004,200000
3947,258,-2.088,5,33,12,1,0,0,0.05,0.004,200000
3948,182,-6.633,0,14,2,0,0,0,0.05,0.004,200000
3949,254,-12.265,0,16,4,1,0,0,0.05,0.004,200000
3950,125,-9.355,0,7,3,1,0,0,0.05,0.004,200000
3951,65,-8.562,0,0,7,0,0,0,0.05,0.004,200000
3952,145,-11.432,0,5,0,0,0,0,0.05,0.004,200000
3953,400,-6.897,0,25,22,0,0,1,0.05,0.004,200000
3954,293,-17.293,0,17,27,1,0,0,0.05,0.004,200000
3955,400,-8.703,1,24,87,0,0,1,0.05,0.004,200000
3956,400,8.674,4,41,19,0,1,1,0.05,0.004,200000
3957,78,-14.432,0,7,2,1,0,0,0.05,0.004,200000
3958,58,-14.79,0,3,3,1,0,0,0.05,0.004,200000
3959,74,-19.121,0,3,22,1,0,0,0.05,0.004,200000
3960,9,-13.53,0,2,2,1,0,0,0.05,0.004,200000
3961,400,-4.907,1,16,10,0,1,1,0.05,0.004,200000
3962,276,-13.046,2,19,12,1,0,0,0.05,0.004,200000
3963,400,-3.511,0,16,22,0,0,1,0.05,0.004,200000
3964,400,1.846,0,37,30,0,1,1,0.05,0.004,200000
3965,400,-3.719,0,21,20,0,0,1,0.05,0.004,200000
3966,400,-0.631,0,20,7,0,0,1,0.05,0.004,200000
3967,166,-5.145,2,34,8,1,0,0,0.05,0.004,200000
3968,270,-12.548,2,20,5,1,0,0,0.05,0.004,200000
3969,400,-7.031,2,26,11,0,0,1,0.05,0.004,200000
3970,139,-9.059,0,11,1,1,0,0,0.05,0.004,200000
3971,400,-3.545,0,20,15,0,0,1,0.05,0.004,200000
3972,400,-4.5,0,5,17,0,0,1,0.05,0.004,200000
3973,230,-14.868,0,8,6,1,0,0,0.05,0.004,200000
3974,400,-1.699,1,16,3,0,0,1,0.05,0.004,200000
3975,99,-9.917,0,11,54,0,0,0,0.05,0.004,200000
3976,151,-12.009,2,21,42,1,0,0,0.05,0.004,200000
3977,400,-3.508,2,24,13,0,0,1,0.05,0.004,200000
3978,280,1.482,2,18,4,0,1,0,0.05,0.004,200000
3979,56,-12.454,0,2,2,1,0,0,0.05,0.004,200000
3980,222,-13.451,2,22,34,1,0,0,0.05,0.004,200000
3981,53,-14.502,0,5,28,1,0,0,0.05,0.004,200000
3982,189,-8.49,0,5,1,0,0,0,0.05,0.004,200000
3983,136,-6.33,2,14,9,1,0,0,0.05,0.004,200000
3984,32,-15.262,0,1,4,1,0,0,0.05,0.004,200000
3985,172,-17.937,0,3,9,1,0,0,0.05,0.004,200000
3986,175,-11.657,0,14,4,1,0,0,0.05,0.004,200000
3987,8,-15.055,0,3,3,1,0,0,0.05,0.004,200000
3988,254,-14.013,0,8,4,1,0,0,0.05,0.004,200000
3989,137,-9.274,0,2,22,0,0,0,0.05,0.004,200000
3990,400,1.88,2,35,55,0,0,1,0.05,0.004,200000
3991,370,-0.094,3,40,13,1,1,0,0.05,0.004,200000
3992,73,-7.29,0,0,2,0,0,0,0.05,0.004,200000
3993,32,-14.406,0,3,2,1,0,0,0.05,0.004,200000
3994,400,-0.81,0,19,7,0,0,1,0.05,0.004,200000
3995,88,-11.664,0,2,2,1,0,0,0.05,0.004,200000
3996,109,-6.819,0,3,1,0,0,0,0.05,0.004,200000
3997,188,-9.131,1,21,5,1,0,0,0.05,0.004,200000
3998,99,-15.191,0,4,5,1,0,0,0.05,0.004,200000
3999,223,-2.324,1,22,30,0,0,0,0.05,0.004,200000
4000,117,-6.672,1,12,2,1,0,0,0.05,0.004,200000
