episode,steps,total_reward,coins,crates,invalid,killed_self,killed_opponents,survived,epsilon,alpha,buffer
1,9,-14.052,0,2,5,1,0,0,1.0,0.02,72
2,29,-17.047,0,3,16,1,0,0,0.999,0.02,304
3,12,-14.149,0,4,8,1,0,0,0.999,0.02,400
4,5,-15.244,0,3,2,1,0,0,0.998,0.02,440
5,6,-15.179,0,3,2,1,0,0,0.997,0.02,488
6,5,-14.625,0,3,4,1,0,0,0.997,0.0199,528
7,6,-14.509,0,3,3,1,0,0,0.996,0.0199,576
8,7,-15.323,0,3,4,1,0,0,0.995,0.0199,632
9,18,-14.593,0,2,9,1,0,0,0.995,0.0199,776
10,19,-14.103,0,6,8,1,0,0,0.994,0.0199,928
11,5,-14.645,0,2,3,1,0,0,0.994,0.0199,968
12,7,-14.183,0,1,5,1,0,0,0.993,0.0199,1024
13,5,-15.301,0,2,2,1,0,0,0.992,0.0199,1064
14,7,-15.18,0,4,3,1,0,0,0.992,0.0199,1120
15,6,-14.789,0,2,4,1,0,0,0.991,0.0199,1168
16,15,-13.872,0,1,9,1,0,0,0.99,0.0198,1288
17,11,-13.154,0,3,3,1,0,0,0.99,0.0198,1376
18,10,-15.575,0,3,6,1,0,0,0.989,0.0198,1456
19,8,-14.604,0,3,3,1,0,0,0.988,0.0198,1520
20,19,-13.641,0,5,10,1,0,0,0.988,0.0198,1672
21,14,-14.285,0,3,8,1,0,0,0.987,0.0198,1784
22,14,-13.599,0,2,7,1,0,0,0.986,0.0198,1896
23,7,-14.003,0,2,4,1,0,0,0.986,0.0198,1952
24,7,-13.818,0,1,2,1,0,0,0.985,0.0198,2008
25,12,-14.325,0,2,7,1,0,0,0.984,0.0197,2104
26,5,-15.151,0,4,3,1,0,0,0.984,0.0197,2144
27,8,-13.916,0,3,4,1,0,0,0.983,0.0197,2208
28,6,-15.079,0,4,2,1,0,0,0.983,0.0197,2256
29,5,-15.084,0,3,1,1,0,0,0.982,0.0197,2296
30,10,-14.614,0,4,4,1,0,0,0.981,0.0197,2376
31,6,-14.454,0,3,2,1,0,0,0.981,0.0197,2424
32,9,-13.581,0,4,2,1,0,0,0.98,0.0197,2496
33,5,-14.321,0,4,2,1,0,0,0.979,0.0197,2536
34,31,-14.37,1,7,13,1,0,0,0.979,0.0196,2784
35,7,-15.603,0,3,6,1,0,0,0.978,0.0196,2840
36,30,-15.271,0,5,10,1,0,0,0.977,0.0196,3080
37,13,-13.272,0,2,4,1,0,0,0.977,0.0196,3184
38,8,-13.886,0,3,4,1,0,0,0.976,0.0196,3248
39,7,-13.852,0,3,4,1,0,0,0.975,0.0196,3304
40,14,-13.669,0,1,6,1,0,0,0.975,0.0196,3416
41,5,-14.502,0,3,3,1,0,0,0.974,0.0196,3456
42,10,-14.086,0,1,4,1,0,0,0.973,0.0196,3536
43,8,-12.96,0,3,3,1,0,0,0.973,0.0196,3600
44,5,-14.294,0,2,0,1,0,0,0.972,0.0195,3640
45,8,-15.395,0,4,6,1,0,0,0.972,0.0195,3704
46,10,-15.617,0,3,6,1,0,0,0.971,0.0195,3784
47,5,-14.322,0,4,2,1,0,0,0.97,0.0195,3824
48,9,-14.679,0,3,4,1,0,0,0.97,0.0195,3896
49,7,-13.832,0,3,5,1,0,0,0.969,0.0195,3952
50,19,-13.605,0,4,6,1,0,0,0.968,0.0195,4104
51,6,-14.566,0,3,4,1,0,0,0.968,0.0195,4152
52,16,-15.022,0,3,7,1,0,0,0.967,0.0195,4280
53,6,-14.416,0,4,4,1,0,0,0.966,0.0194,4328
54,10,-14.135,0,2,5,1,0,0,0.966,0.0194,4408
55,10,-16.336,0,4,6,1,0,0,0.965,0.0194,4488
56,6,-12.909,0,3,3,1,0,0,0.964,0.0194,4536
57,7,-14.551,0,2,2,1,0,0,0.964,0.0194,4592
58,12,-14.947,0,3,7,1,0,0,0.963,0.0194,4688
59,10,-15.525,0,4,6,1,0,0,0.962,0.0194,4768
60,11,-14.135,0,3,7,1,0,0,0.962,0.0194,4856
61,11,-14.019,0,3,5,1,0,0,0.961,0.0194,4944
62,10,-15.466,0,3,4,1,0,0,0.961,0.0193,5024
63,19,-15.759,0,4,15,1,0,0,0.96,0.0193,5176
64,16,-13.469,0,2,5,1,0,0,0.959,0.0193,5304
65,13,-14.383,0,2,8,1,0,0,0.959,0.0193,5408
66,6,-12.014,0,3,3,1,0,0,0.958,0.0193,5456
67,8,-13.14,0,2,4,1,0,0,0.957,0.0193,5520
68,21,-14.994,0,2,9,1,0,0,0.957,0.0193,5688
69,9,-12.955,0,3,3,1,0,0,0.956,0.0193,5760
70,9,-14.539,0,4,3,1,0,0,0.955,0.0193,5832
71,5,-13.695,0,3,3,1,0,0,0.955,0.0193,5872
72,7,-13.091,0,1,2,1,0,0,0.954,0.0192,5928
73,8,-14.614,0,3,3,1,0,0,0.953,0.0192,5992
74,7,-16.08,0,4,5,1,0,0,0.953,0.0192,6048
75,5,-15.05,0,4,3,1,0,0,0.952,0.0192,6088
76,11,-14.021,0,3,5,1,0,0,0.952,0.0192,6176
77,10,-14.744,0,3,5,1,0,0,0.951,0.0192,6256
78,15,-14.13,0,3,5,1,0,0,0.95,0.0192,6376
79,26,-15.072,0,4,12,1,0,0,0.95,0.0192,6584
80,9,-15.579,0,3,6,1,0,0,0.949,0.0192,6656
81,7,-14.75,0,2,4,1,0,0,0.948,0.0191,6712
82,7,-12.817,0,3,1,1,0,0,0.948,0.0191,6768
83,7,-13.953,0,2,4,1,0,0,0.947,0.0191,6824
84,11,-13.832,0,6,6,1,0,0,0.946,0.0191,6912
85,11,-13.821,0,4,4,1,0,0,0.946,0.0191,7000
86,8,-13.967,0,3,5,1,0,0,0.945,0.0191,7064
87,6,-13.936,0,1,3,1,0,0,0.944,0.0191,7112
88,6,-13.74,0,3,3,1,0,0,0.944,0.0191,7160
89,24,-15.038,0,3,12,1,0,0,0.943,0.0191,7352
90,9,-15.302,0,4,4,1,0,0,0.942,0.0191,7424
91,5,-13.744,0,3,3,1,0,0,0.942,0.019,7464
92,22,-12.86,0,4,8,1,0,0,0.941,0.019,7640
93,12,-14.803,0,4,6,1,0,0,0.941,0.019,7736
94,7,-14.83,0,2,5,1,0,0,0.94,0.019,7792
95,18,-13.527,0,5,7,1,0,0,0.939,0.019,7936
96,9,-14.68,0,3,4,1,0,0,0.939,0.019,8008
97,10,-13.069,0,4,5,1,0,0,0.938,0.019,8088
98,9,-14.039,0,1,3,1,0,0,0.937,0.019,8160
99,15,-14.276,0,4,6,1,0,0,0.937,0.019,8280
100,10,-14.197,0,3,7,1,0,0,0.936,0.0189,8360
101,15,-14.9,0,6,7,1,0,0,0.935,0.0189,8480
102,8,-10.533,0,2,1,1,0,0,0.935,0.0189,8544
103,6,-12.912,0,3,2,1,0,0,0.934,0.0189,8592
104,39,-15.534,0,8,15,1,0,0,0.933,0.0189,8904
105,35,-17.173,0,4,15,1,0,0,0.933,0.0189,9184
106,6,-13.785,0,2,2,1,0,0,0.932,0.0189,9232
107,9,-14.1,0,2,5,1,0,0,0.931,0.0189,9304
108,6,-12.782,0,3,1,1,0,0,0.931,0.0189,9352
109,7,-15.37,0,2,3,1,0,0,0.93,0.0188,9408
110,7,-15.399,0,3,4,1,0,0,0.93,0.0188,9464
111,5,-15.095,0,3,1,1,0,0,0.929,0.0188,9504
112,9,-13.973,0,2,4,1,0,0,0.928,0.0188,9576
113,5,-15.042,0,3,1,1,0,0,0.928,0.0188,9616
114,5,-15.144,0,3,1,1,0,0,0.927,0.0188,9656
115,5,-14.17,0,3,0,1,0,0,0.926,0.0188,9696
116,9,-14.002,0,3,5,1,0,0,0.926,0.0188,9768
117,6,-14.449,0,2,1,1,0,0,0.925,0.0188,9816
118,12,-14.267,0,3,7,1,0,0,0.924,0.0188,9912
119,11,-12.761,0,2,6,1,0,0,0.924,0.0187,10000
120,11,-13.455,0,2,6,1,0,0,0.923,0.0187,10088
121,14,-12.325,0,5,4,1,0,0,0.922,0.0187,10200
122,8,-13.221,0,2,5,1,0,0,0.922,0.0187,10264
123,18,-13.627,0,3,8,1,0,0,0.921,0.0187,10408
124,9,-10.271,0,3,4,1,0,0,0.92,0.0187,10480
125,9,-14.152,0,2,5,1,0,0,0.92,0.0187,10552
126,5,-14.544,0,2,2,1,0,0,0.919,0.0187,10592
127,5,-14.445,0,3,2,1,0,0,0.919,0.0187,10632
128,38,-15.955,0,3,20,1,0,0,0.918,0.0186,10936
129,8,-13.753,0,3,3,1,0,0,0.917,0.0186,11000
130,44,-18.025,0,2,23,1,0,0,0.917,0.0186,11352
131,5,-14.465,0,3,2,1,0,0,0.916,0.0186,11392
132,7,-16.124,0,3,3,1,0,0,0.915,0.0186,11448
133,7,-13.672,0,3,3,1,0,0,0.915,0.0186,11504
134,6,-15.186,0,4,3,1,0,0,0.914,0.0186,11552
135,14,-14.317,0,3,8,1,0,0,0.913,0.0186,11664
136,11,-15.41,0,3,4,1,0,0,0.913,0.0186,11752
137,18,-14.303,0,4,7,1,0,0,0.912,0.0185,11896
138,6,-14.509,0,3,2,1,0,0,0.911,0.0185,11944
139,6,-14.506,0,3,2,1,0,0,0.911,0.0185,11992
140,33,-16.198,0,5,14,1,0,0,0.91,0.0185,12256
141,5,-14.452,0,3,3,1,0,0,0.909,0.0185,12296
142,18,-15.516,0,1,8,1,0,0,0.909,0.0185,12440
143,6,-13.788,0,3,3,1,0,0,0.908,0.0185,12488
144,16,-10.87,0,3,4,1,0,0,0.908,0.0185,12616
145,5,-15.317,0,2,2,1,0,0,0.907,0.0185,12656
146,11,-12.857,0,6,5,1,0,0,0.906,0.0185,12744
147,9,-13.189,0,2,3,1,0,0,0.906,0.0184,12816
148,8,-14.037,0,2,4,1,0,0,0.905,0.0184,12880
149,9,-13.233,0,2,5,1,0,0,0.904,0.0184,12952
150,5,-14.39,0,3,1,1,0,0,0.904,0.0184,12992
151,6,-13.765,0,2,3,1,0,0,0.903,0.0184,13040
152,15,-15.215,0,3,8,1,0,0,0.902,0.0184,13160
153,11,-14.923,0,2,4,1,0,0,0.902,0.0184,13248
154,39,-16.258,0,2,21,1,0,0,0.901,0.0184,13560
155,9,-13.075,0,3,4,1,0,0,0.9,0.0184,13632
156,15,-14.503,0,2,8,1,0,0,0.9,0.0183,13752
157,5,-15.244,0,3,2,1,0,0,0.899,0.0183,13792
158,9,-13.78,0,3,3,1,0,0,0.898,0.0183,13864
159,8,-13.195,0,1,3,1,0,0,0.898,0.0183,13928
160,6,-12.94,0,3,3,1,0,0,0.897,0.0183,13976
161,5,-14.472,0,3,2,1,0,0,0.897,0.0183,14016
162,10,-11.053,0,3,4,1,0,0,0.896,0.0183,14096
163,20,-12.648,0,5,3,1,0,0,0.895,0.0183,14256
164,8,-13.589,0,3,2,1,0,0,0.895,0.0183,14320
165,5,-14.35,0,4,3,1,0,0,0.894,0.0183,14360
166,7,-13.206,0,2,4,1,0,0,0.893,0.0182,14416
167,10,-14.328,0,3,8,1,0,0,0.893,0.0182,14496
168,14,-15.293,0,5,7,1,0,0,0.892,0.0182,14608
169,16,-10.161,0,3,4,1,0,0,0.891,0.0182,14736
170,8,-13.997,0,3,6,1,0,0,0.891,0.0182,14800
171,5,-15.152,0,4,3,1,0,0,0.89,0.0182,14840
172,17,-14.294,0,2,4,1,0,0,0.889,0.0182,14976
173,18,-14.959,0,5,11,1,0,0,0.889,0.0182,15120
174,16,-14.811,0,0,7,1,0,0,0.888,0.0182,15248
175,20,-15.887,0,2,12,1,0,0,0.887,0.0181,15408
176,6,-15.229,0,3,3,1,0,0,0.887,0.0181,15456
177,20,-14.571,0,2,8,1,0,0,0.886,0.0181,15616
178,12,-14.017,0,3,5,1,0,0,0.886,0.0181,15712
179,5,-14.29,0,4,1,1,0,0,0.885,0.0181,15752
180,16,-14.147,0,5,9,1,0,0,0.884,0.0181,15880
181,32,-15.541,0,3,15,1,0,0,0.884,0.0181,16136
182,9,-10.127,0,1,4,1,0,0,0.883,0.0181,16208
183,15,-13.546,0,3,6,1,0,0,0.882,0.0181,16328
184,6,-13.637,0,3,3,1,0,0,0.882,0.018,16376
185,10,-13.139,0,2,3,1,0,0,0.881,0.018,16456
186,14,-14.295,0,2,7,1,0,0,0.88,0.018,16568
187,5,-14.401,0,3,2,1,0,0,0.88,0.018,16608
188,5,-14.192,0,4,1,1,0,0,0.879,0.018,16648
189,16,-14.634,0,3,7,1,0,0,0.878,0.018,16776
190,23,-11.786,0,3,11,1,0,0,0.878,0.018,16960
191,6,-14.509,0,4,4,1,0,0,0.877,0.018,17008
192,5,-13.701,0,3,3,1,0,0,0.876,0.018,17048
193,17,-14.56,0,2,8,1,0,0,0.876,0.018,17184
194,12,-14.167,0,3,7,1,0,0,0.875,0.0179,17280
195,10,-10.709,0,2,2,1,0,0,0.875,0.0179,17360
196,14,-9.7,0,3,4,1,0,0,0.874,0.0179,17472
197,27,-14.149,0,3,11,1,0,0,0.873,0.0179,17688
198,14,-15.593,0,3,5,1,0,0,0.873,0.0179,17800
199,10,-13.834,0,3,4,1,0,0,0.872,0.0179,17880
200,6,-12.991,0,3,3,1,0,0,0.871,0.0179,17928
201,26,-14.793,0,2,8,1,0,0,0.871,0.0179,18136
202,13,-14.352,0,2,7,1,0,0,0.87,0.0179,18240
203,11,-14.8,0,3,4,1,0,0,0.869,0.0178,18328
204,12,-10.56,0,3,5,1,0,0,0.869,0.0178,18424
205,10,-14.565,0,4,4,1,0,0,0.868,0.0178,18504
206,20,-14.704,0,2,9,1,0,0,0.867,0.0178,18664
207,13,-15.642,0,4,7,1,0,0,0.867,0.0178,18768
208,12,-13.07,0,3,2,1,0,0,0.866,0.0178,18864
209,7,-14.746,0,1,3,1,0,0,0.865,0.0178,18920
210,6,-15.439,0,3,5,1,0,0,0.865,0.0178,18968
211,5,-14.311,0,3,0,1,0,0,0.864,0.0178,19008
212,6,-13.817,0,3,4,1,0,0,0.864,0.0177,19056
213,8,-13.09,0,3,4,1,0,0,0.863,0.0177,19120
214,6,-13.817,0,3,4,1,0,0,0.862,0.0177,19168
215,14,-13.891,0,0,6,1,0,0,0.862,0.0177,19280
216,5,-15.425,0,2,4,1,0,0,0.861,0.0177,19320
217,32,-14.821,0,3,9,1,0,0,0.86,0.0177,19576
218,7,-15.371,0,2,3,1,0,0,0.86,0.0177,19632
219,10,-14.614,0,4,4,1,0,0,0.859,0.0177,19712
220,5,-14.602,0,2,3,1,0,0,0.858,0.0177,19752
221,9,-13.074,0,3,4,1,0,0,0.858,0.0177,19824
222,6,-13.867,0,2,4,1,0,0,0.857,0.0176,19872
223,8,-14.157,0,1,4,1,0,0,0.856,0.0176,19936
224,5,-14.32,0,3,2,1,0,0,0.856,0.0176,19976
225,9,-12.88,0,4,4,1,0,0,0.855,0.0176,20048
226,18,-14.964,0,5,6,1,0,0,0.855,0.0176,20192
227,7,-9.932,0,3,0,1,0,0,0.854,0.0176,20248
228,20,-14.172,0,6,8,1,0,0,0.853,0.0176,20408
229,11,-13.954,0,3,4,1,0,0,0.853,0.0176,20496
230,25,-14.89,0,3,10,1,0,0,0.852,0.0176,20696
231,5,-15.974,0,4,3,1,0,0,0.851,0.0175,20736
232,18,-15.624,0,3,7,1,0,0,0.851,0.0175,20880
233,8,-14.714,0,3,5,1,0,0,0.85,0.0175,20944
234,12,-14.095,0,2,4,1,0,0,0.849,0.0175,21040
235,5,-13.875,0,2,3,1,0,0,0.849,0.0175,21080
236,28,-16.029,0,4,14,1,0,0,0.848,0.0175,21304
237,25,-17.101,0,4,13,1,0,0,0.847,0.0175,21504
238,21,-14.153,0,2,12,1,0,0,0.847,0.0175,21672
239,6,-14.585,0,3,3,1,0,0,0.846,0.0175,21720
240,16,-12.87,0,6,6,1,0,0,0.845,0.0175,21848
241,5,-15.201,0,3,3,1,0,0,0.845,0.0174,21888
242,16,-15.941,0,1,5,1,0,0,0.844,0.0174,22016
243,13,-13.515,0,3,7,1,0,0,0.844,0.0174,22120
244,7,-13.026,0,3,3,1,0,0,0.843,0.0174,22176
245,15,-13.744,0,2,9,1,0,0,0.842,0.0174,22296
246,16,-15.816,0,3,6,1,0,0,0.842,0.0174,22424
247,6,-13.939,0,3,5,1,0,0,0.841,0.0174,22472
248,24,-14.192,0,9,9,1,0,0,0.84,0.0174,22664
249,5,-15.021,0,4,2,1,0,0,0.84,0.0174,22704
250,12,-13.392,0,2,6,1,0,0,0.839,0.0173,22800
251,23,-13.075,1,3,8,1,0,0,0.838,0.0173,22984
252,11,-14.232,0,3,7,1,0,0,0.838,0.0173,23072
253,8,-12.992,0,3,4,1,0,0,0.837,0.0173,23136
254,9,-13.992,0,2,3,1,0,0,0.836,0.0173,23208
255,18,-14.468,0,2,6,1,0,0,0.836,0.0173,23352
256,5,-13.874,0,2,4,1,0,0,0.835,0.0173,23392
257,6,-14.702,0,1,2,1,0,0,0.834,0.0173,23440
258,16,-14.797,0,4,8,1,0,0,0.834,0.0173,23568
259,6,-15.236,0,4,3,1,0,0,0.833,0.0172,23616
260,12,-13.127,0,3,5,1,0,0,0.833,0.0172,23712
261,43,-14.529,0,6,15,1,0,0,0.832,0.0172,24056
262,15,-12.742,0,3,4,1,0,0,0.831,0.0172,24176
263,5,-14.475,0,2,1,1,0,0,0.831,0.0172,24216
264,18,-14.252,0,6,9,1,0,0,0.83,0.0172,24360
265,7,-12.897,0,3,2,1,0,0,0.829,0.0172,24416
266,12,-13.27,0,3,5,1,0,0,0.829,0.0172,24512
267,14,-15.853,0,4,9,1,0,0,0.828,0.0172,24624
268,11,-14.143,0,2,4,1,0,0,0.827,0.0172,24712
269,8,-14.527,0,4,3,1,0,0,0.827,0.0171,24776
270,8,-14.589,0,2,2,1,0,0,0.826,0.0171,24840
271,6,-15.235,0,4,3,1,0,0,0.825,0.0171,24888
272,18,-14.645,0,2,9,1,0,0,0.825,0.0171,25032
273,8,-13.272,0,2,5,1,0,0,0.824,0.0171,25096
274,27,-14.218,1,5,12,1,0,0,0.823,0.0171,25312
275,7,-13.745,0,2,2,1,0,0,0.823,0.0171,25368
276,5,-14.371,0,3,2,1,0,0,0.822,0.0171,25408
277,6,-14.506,0,3,2,1,0,0,0.822,0.0171,25456
278,5,-14.601,0,2,3,1,0,0,0.821,0.017,25496
279,37,-15.584,0,11,15,1,0,0,0.82,0.017,25792
280,28,-13.956,0,5,11,1,0,0,0.82,0.017,26016
281,34,-14.724,0,1,12,1,0,0,0.819,0.017,26288
282,24,-15.45,0,4,10,1,0,0,0.818,0.017,26480
283,36,-12.948,1,4,15,1,0,0,0.818,0.017,26768
284,14,-10.621,0,3,2,1,0,0,0.817,0.017,26880
285,10,-16.395,0,2,5,1,0,0,0.816,0.017,26960
286,5,-14.774,0,2,3,1,0,0,0.816,0.017,27000
287,12,-14.407,0,2,8,1,0,0,0.815,0.0169,27096
288,6,-14.585,0,3,3,1,0,0,0.814,0.0169,27144
289,8,-13.918,0,3,5,1,0,0,0.814,0.0169,27208
290,23,-14.061,0,3,10,1,0,0,0.813,0.0169,27392
291,23,-14.144,0,2,11,1,0,0,0.812,0.0169,27576
292,7,-15.3,0,3,4,1,0,0,0.812,0.0169,27632
293,8,-14.386,0,4,2,1,0,0,0.811,0.0169,27696
294,39,-15.161,1,9,13,1,0,0,0.811,0.0169,28008
295,5,-14.972,0,4,2,1,0,0,0.81,0.0169,28048
296,19,-14.053,0,2,11,1,0,0,0.809,0.0169,28200
297,17,-13.595,0,4,8,1,0,0,0.809,0.0168,28336
298,6,-14.516,0,3,4,1,0,0,0.808,0.0168,28384
299,25,-13.753,0,3,7,1,0,0,0.807,0.0168,28584
300,5,-14.625,0,3,4,1,0,0,0.807,0.0168,28624
301,12,-13.827,0,3,2,1,0,0,0.806,0.0168,28720
302,21,-14.652,0,3,9,1,0,0,0.805,0.0168,28888
303,20,-14.719,0,4,12,1,0,0,0.805,0.0168,29048
304,19,-13.008,0,7,8,1,0,0,0.804,0.0168,29200
305,12,-13.628,0,3,9,1,0,0,0.803,0.0168,29296
306,26,-15.327,0,2,14,1,0,0,0.803,0.0167,29504
307,15,-11.392,0,1,8,1,0,0,0.802,0.0167,29624
308,24,-13.58,0,6,10,1,0,0,0.801,0.0167,29816
309,5,-14.522,0,2,2,1,0,0,0.801,0.0167,29856
310,6,-14.535,0,3,3,1,0,0,0.8,0.0167,29904
311,9,-14.649,0,3,3,1,0,0,0.8,0.0167,29976
312,10,-13.196,0,1,2,1,0,0,0.799,0.0167,30056
313,17,-14.337,0,6,11,1,0,0,0.798,0.0167,30192
314,11,-13.255,0,2,4,1,0,0,0.798,0.0167,30280
315,39,-15.969,0,4,13,1,0,0,0.797,0.0167,30592
316,7,-13.775,0,2,3,1,0,0,0.796,0.0166,30648
317,6,-15.359,0,3,3,1,0,0,0.796,0.0166,30696
318,40,-12.231,1,6,15,1,0,0,0.795,0.0166,31016
319,5,-14.422,0,3,2,1,0,0,0.794,0.0166,31056
320,23,-13.855,0,8,8,1,0,0,0.794,0.0166,31240
321,6,-14.486,0,3,3,1,0,0,0.793,0.0166,31288
322,43,-15.356,1,2,21,1,0,0,0.792,0.0166,31632
323,6,-14.456,0,3,2,1,0,0,0.792,0.0166,31680
324,12,-14.206,0,2,5,1,0,0,0.791,0.0166,31776
325,5,-14.502,0,3,3,1,0,0,0.79,0.0165,31816
326,14,-10.326,0,2,3,1,0,0,0.79,0.0165,31928
327,18,-14.777,0,3,11,1,0,0,0.789,0.0165,32072
328,7,-13.056,0,3,4,1,0,0,0.789,0.0165,32128
329,10,-13.977,0,2,3,1,0,0,0.788,0.0165,32208
330,9,-15.033,0,2,6,1,0,0,0.787,0.0165,32280
331,6,-12.961,0,2,2,1,0,0,0.787,0.0165,32328
332,9,-12.859,0,5,5,1,0,0,0.786,0.0165,32400
333,5,-14.241,0,4,1,1,0,0,0.785,0.0165,32440
334,5,-14.271,0,4,2,1,0,0,0.785,0.0164,32480
335,22,-14.463,0,2,7,1,0,0,0.784,0.0164,32656
336,7,-13.852,0,3,4,1,0,0,0.783,0.0164,32712
337,15,-13.676,0,2,7,1,0,0,0.783,0.0164,32832
338,15,-12.906,0,8,4,1,0,0,0.782,0.0164,32952
339,6,-14.505,0,3,2,1,0,0,0.781,0.0164,33000
340,23,-14.638,0,3,9,1,0,0,0.781,0.0164,33184
341,10,-15.623,0,3,6,1,0,0,0.78,0.0164,33264
342,23,-15.091,0,7,12,1,0,0,0.779,0.0164,33448
343,6,-13.688,0,3,3,1,0,0,0.779,0.0164,33496
344,6,-13.162,0,2,4,1,0,0,0.778,0.0163,33544
345,10,-14.413,0,4,2,1,0,0,0.778,0.0163,33624
346,6,-15.439,0,2,4,1,0,0,0.777,0.0163,33672
347,25,-13.817,0,5,8,1,0,0,0.776,0.0163,33872
348,6,-14.585,0,2,3,1,0,0,0.776,0.0163,33920
349,46,-16.067,0,5,20,1,0,0,0.775,0.0163,34288
350,5,-14.242,0,4,1,1,0,0,0.774,0.0163,34328
351,12,-9.93,0,1,1,1,0,0,0.774,0.0163,34424
352,8,-13.777,0,3,2,1,0,0,0.773,0.0163,34488
353,63,-17.083,1,4,27,1,0,0,0.772,0.0162,34992
354,28,-14.848,0,3,10,1,0,0,0.772,0.0162,35216
355,20,-13.473,0,5,8,1,0,0,0.771,0.0162,35376
356,5,-14.372,0,4,2,1,0,0,0.77,0.0162,35416
357,6,-10.266,0,2,0,1,0,0,0.77,0.0162,35464
358,5,-14.494,0,4,3,1,0,0,0.769,0.0162,35504
359,27,-14.793,0,2,8,1,0,0,0.768,0.0162,35720
360,16,-15.778,0,4,6,1,0,0,0.768,0.0162,35848
361,10,-15.265,0,4,4,1,0,0,0.767,0.0162,35928
362,10,-14.276,0,4,1,1,0,0,0.767,0.0161,36008
363,12,-14.348,0,3,8,1,0,0,0.766,0.0161,36104
364,61,-16.38,0,8,29,1,0,0,0.765,0.0161,36592
365,38,-16.21,0,3,22,1,0,0,0.765,0.0161,36896
366,17,-14.548,0,6,10,1,0,0,0.764,0.0161,37032
367,35,-15.508,0,5,12,1,0,0,0.763,0.0161,37312
368,19,-11.293,0,8,2,1,0,0,0.763,0.0161,37464
369,8,-14.117,0,2,5,1,0,0,0.762,0.0161,37528
370,5,-15.294,0,2,2,1,0,0,0.761,0.0161,37568
371,7,-10.791,0,3,2,1,0,0,0.761,0.0161,37624
372,23,-10.364,0,4,10,1,0,0,0.76,0.016,37808
373,23,-15.699,0,6,14,1,0,0,0.759,0.016,37992
374,6,-12.085,0,3,2,1,0,0,0.759,0.016,38040
375,39,-14.058,0,5,9,1,0,0,0.758,0.016,38352
376,74,-15.736,0,9,29,1,0,0,0.758,0.016,38944
377,5,-14.351,0,4,3,1,0,0,0.757,0.016,38984
378,9,-12.904,0,4,4,1,0,0,0.756,0.016,39056
379,11,-13.355,0,3,6,1,0,0,0.756,0.016,39144
380,13,-13.266,0,2,4,1,0,0,0.755,0.016,39248
381,18,-13.469,0,7,8,1,0,0,0.754,0.0159,39392
382,8,-13.816,0,4,4,1,0,0,0.754,0.0159,39456
383,5,-14.142,0,4,1,1,0,0,0.753,0.0159,39496
384,18,-14.383,0,5,9,1,0,0,0.752,0.0159,39640
385,8,-14.485,0,3,2,1,0,0,0.752,0.0159,39704
386,20,-14.617,0,3,9,1,0,0,0.751,0.0159,39864
387,26,-14.728,0,6,10,1,0,0,0.75,0.0159,40072
388,16,-13.403,0,6,7,1,0,0,0.75,0.0159,40200
389,34,-14.864,0,4,11,1,0,0,0.749,0.0159,40472
390,7,-14.58,0,3,3,1,0,0,0.748,0.0159,40528
391,22,-14.358,0,3,8,1,0,0,0.748,0.0158,40704
392,13,-10.087,0,2,4,1,0,0,0.747,0.0158,40808
393,5,-12.794,0,3,2,1,0,0,0.747,0.0158,40848
394,45,-16.615,0,4,19,1,0,0,0.746,0.0158,41208
395,5,-14.601,0,2,3,1,0,0,0.745,0.0158,41248
396,21,-11.826,1,4,2,1,0,0,0.745,0.0158,41416
397,11,-14.67,0,3,3,1,0,0,0.744,0.0158,41504
398,15,-15.937,0,2,7,1,0,0,0.743,0.0158,41624
399,6,-14.456,0,3,2,1,0,0,0.743,0.0158,41672
400,9,-14.032,0,3,6,1,0,0,0.742,0.0157,41744
401,7,-13.027,0,3,3,1,0,0,0.741,0.0157,41800
402,24,-12.491,0,4,7,1,0,0,0.741,0.0157,41992
403,31,-13.558,0,6,11,1,0,0,0.74,0.0157,42240
404,6,-16.016,0,4,4,1,0,0,0.739,0.0157,42288
405,14,-14.246,0,3,7,1,0,0,0.739,0.0157,42400
406,48,-16.64,0,9,15,1,0,0,0.738,0.0157,42784
407,38,-15.357,0,4,16,1,0,0,0.737,0.0157,43088
408,23,-10.979,0,5,5,1,0,0,0.737,0.0157,43272
409,7,-9.737,0,2,2,1,0,0,0.736,0.0156,43328
410,29,-14.694,0,5,11,1,0,0,0.736,0.0156,43560
411,22,-14.232,0,5,8,1,0,0,0.735,0.0156,43736
412,21,-12.387,0,4,6,1,0,0,0.734,0.0156,43904
413,16,-10.395,0,3,3,1,0,0,0.734,0.0156,44032
414,34,-14.745,1,7,14,1,0,0,0.733,0.0156,44304
415,55,-17.505,1,9,28,1,0,0,0.732,0.0156,44744
416,5,-14.302,0,4,3,1,0,0,0.732,0.0156,44784
417,27,-16.757,0,5,9,1,0,0,0.731,0.0156,45000
418,9,-12.754,0,5,4,1,0,0,0.73,0.0156,45072
419,18,-13.735,0,5,10,1,0,0,0.73,0.0155,45216
420,13,-13.485,0,2,6,1,0,0,0.729,0.0155,45320
421,14,-14.29,0,3,7,1,0,0,0.728,0.0155,45432
422,7,-13.675,0,3,3,1,0,0,0.728,0.0155,45488
423,5,-14.402,0,3,3,1,0,0,0.727,0.0155,45528
424,6,-15.366,0,3,4,1,0,0,0.726,0.0155,45576
425,35,-15.881,0,5,15,1,0,0,0.726,0.0155,45856
426,5,-14.372,0,3,2,1,0,0,0.725,0.0155,45896
427,27,-15.374,0,2,11,1,0,0,0.725,0.0155,46112
428,14,-12.615,0,3,4,1,0,0,0.724,0.0154,46224
429,6,-13.758,0,2,2,1,0,0,0.723,0.0154,46272
430,20,-14.159,0,2,11,1,0,0,0.723,0.0154,46432
431,8,-13.858,0,3,3,1,0,0,0.722,0.0154,46496
432,5,-15.952,0,3,3,1,0,0,0.721,0.0154,46536
433,11,-14.196,0,2,6,1,0,0,0.721,0.0154,46624
434,5,-15.07,0,4,2,1,0,0,0.72,0.0154,46664
435,6,-12.942,0,2,3,1,0,0,0.719,0.0154,46712
436,5,-13.097,0,1,3,1,0,0,0.719,0.0154,46752
437,12,-13.36,0,3,5,1,0,0,0.718,0.0153,46848
438,31,-13.277,0,9,10,1,0,0,0.717,0.0153,47096
439,8,-14.148,0,2,6,1,0,0,0.717,0.0153,47160
440,7,-13.77,0,2,2,1,0,0,0.716,0.0153,47216
441,9,-13.881,0,3,4,1,0,0,0.715,0.0153,47288
442,8,-15.314,0,3,3,1,0,0,0.715,0.0153,47352
443,25,-12.91,0,3,7,1,0,0,0.714,0.0153,47552
444,9,-13.084,0,3,4,1,0,0,0.714,0.0153,47624
445,24,-14.156,0,3,13,1,0,0,0.713,0.0153,47816
446,8,-9.917,0,1,2,1,0,0,0.712,0.0153,47880
447,29,-14.651,0,5,12,1,0,0,0.712,0.0152,48112
448,5,-14.391,0,3,1,1,0,0,0.711,0.0152,48152
449,72,-12.788,1,17,21,1,0,0,0.71,0.0152,48728
450,14,-14.147,0,3,7,1,0,0,0.71,0.0152,48840
451,11,-14.102,0,3,6,1,0,0,0.709,0.0152,48928
452,15,-12.259,0,6,4,1,0,0,0.708,0.0152,49048
453,7,-13.968,0,1,3,1,0,0,0.708,0.0152,49104
454,10,-14.067,0,1,4,1,0,0,0.707,0.0152,49184
455,11,-13.106,0,3,4,1,0,0,0.706,0.0152,49272
456,18,-13.419,0,6,6,1,0,0,0.706,0.0151,49416
457,56,-16.182,0,3,25,1,0,0,0.705,0.0151,49864
458,6,-13.039,0,2,3,1,0,0,0.704,0.0151,49912
459,42,-10.648,0,8,11,1,0,0,0.704,0.0151,50248
460,9,-14.122,0,1,4,1,0,0,0.703,0.0151,50320
461,13,-14.597,0,4,3,1,0,0,0.703,0.0151,50424
462,26,-10.465,0,3,5,1,0,0,0.702,0.0151,50632
463,18,-14.038,0,5,5,1,0,0,0.701,0.0151,50776
464,12,-13.041,0,5,5,1,0,0,0.701,0.0151,50872
465,14,-15.463,0,4,4,1,0,0,0.7,0.0151,50984
466,7,-13.973,0,1,3,1,0,0,0.699,0.015,51040
467,23,-13.903,0,5,7,1,0,0,0.699,0.015,51224
468,5,-14.549,0,2,2,1,0,0,0.698,0.015,51264
469,29,-16.028,0,4,14,1,0,0,0.697,0.015,51496
470,17,-15.099,0,3,6,1,0,0,0.697,0.015,51632
471,7,-12.915,0,2,1,1,0,0,0.696,0.015,51688
472,8,-9.834,0,3,2,1,0,0,0.695,0.015,51752
473,8,-10.179,0,3,3,1,0,0,0.695,0.015,51816
474,5,-14.372,0,3,2,1,0,0,0.694,0.015,51856
475,5,-15.052,0,4,3,1,0,0,0.693,0.0149,51896
476,31,-13.046,1,5,10,1,0,0,0.693,0.0149,52144
477,10,-10.915,0,3,1,1,0,0,0.692,0.0149,52224
478,9,-14.329,0,4,2,1,0,0,0.692,0.0149,52296
479,16,-13.601,0,2,5,1,0,0,0.691,0.0149,52424
480,25,-14.653,0,5,8,1,0,0,0.69,0.0149,52624
481,11,-9.955,0,2,3,1,0,0,0.69,0.0149,52712
482,14,-15.543,0,2,3,1,0,0,0.689,0.0149,52824
483,13,-14.079,0,2,4,1,0,0,0.688,0.0149,52928
484,5,-15.322,0,2,2,1,0,0,0.688,0.0148,52968
485,5,-15.072,0,4,2,1,0,0,0.687,0.0148,53008
486,12,-10.576,0,1,4,1,0,0,0.686,0.0148,53104
487,28,-13.834,0,4,9,1,0,0,0.686,0.0148,53328
488,25,-13.635,0,3,5,1,0,0,0.685,0.0148,53528
489,13,-13.782,0,4,5,1,0,0,0.684,0.0148,53632
490,51,-14.3,1,5,20,1,0,0,0.684,0.0148,54040
491,10,-10.164,0,3,1,1,0,0,0.683,0.0148,54120
492,20,-14.538,0,2,8,1,0,0,0.682,0.0148,54280
493,42,-14.286,0,4,19,1,0,0,0.682,0.0148,54616
494,38,-14.766,0,3,14,1,0,0,0.681,0.0147,54920
495,23,-14.079,0,4,9,1,0,0,0.681,0.0147,55104
496,5,-14.222,0,4,2,1,0,0,0.68,0.0147,55144
497,7,-13.025,0,2,3,1,0,0,0.679,0.0147,55200
498,5,-14.451,0,3,3,1,0,0,0.679,0.0147,55240
499,26,-15.227,0,5,15,1,0,0,0.678,0.0147,55448
500,6,-13.012,0,2,2,1,0,0,0.677,0.0147,55496
501,5,-12.764,0,3,1,1,0,0,0.677,0.0147,55536
502,8,-12.98,0,2,2,1,0,0,0.676,0.0147,55600
503,16,-14.165,0,2,4,1,0,0,0.675,0.0146,55728
504,6,-15.314,0,3,4,1,0,0,0.675,0.0146,55776
505,27,-14.151,0,5,9,1,0,0,0.674,0.0146,55992
506,33,-15.879,0,3,19,1,0,0,0.673,0.0146,56256
507,31,-14.995,0,2,17,1,0,0,0.673,0.0146,56504
508,8,-13.797,0,3,4,1,0,0,0.672,0.0146,56568
509,5,-14.092,0,4,1,1,0,0,0.671,0.0146,56608
510,19,-11.162,0,2,5,1,0,0,0.671,0.0146,56760
511,5,-15.374,0,2,3,1,0,0,0.67,0.0146,56800
512,6,-14.535,0,3,3,1,0,0,0.67,0.0145,56848
513,31,-14.599,0,5,17,1,0,0,0.669,0.0145,57096
514,21,-16.457,0,5,9,1,0,0,0.668,0.0145,57264
515,7,-9.167,0,3,1,1,0,0,0.668,0.0145,57320
516,8,-13.187,0,2,4,1,0,0,0.667,0.0145,57384
517,18,-13.707,0,2,6,1,0,0,0.666,0.0145,57528
518,7,-16.101,0,2,2,1,0,0,0.666,0.0145,57584
519,38,-16.245,0,5,18,1,0,0,0.665,0.0145,57888
520,9,-13.127,0,3,4,1,0,0,0.664,0.0145,57960
521,15,-14.642,0,3,11,1,0,0,0.664,0.0145,58080
522,27,-12.639,0,6,6,1,0,0,0.663,0.0144,58296
523,28,-14.149,0,3,10,1,0,0,0.662,0.0144,58520
524,20,-12.931,0,5,6,1,0,0,0.662,0.0144,58680
525,14,-14.226,0,4,8,1,0,0,0.661,0.0144,58792
526,13,-13.414,0,2,4,1,0,0,0.66,0.0144,58896
527,30,-14.935,0,3,11,1,0,0,0.66,0.0144,59136
528,12,-13.471,0,3,7,1,0,0,0.659,0.0144,59232
529,10,-14.096,0,3,7,1,0,0,0.659,0.0144,59312
530,23,-13.755,0,6,9,1,0,0,0.658,0.0144,59496
531,36,-16.016,0,3,12,1,0,0,0.657,0.0143,59784
532,13,-12.713,0,7,6,1,0,0,0.657,0.0143,59888
533,21,-12.542,1,3,6,1,0,0,0.656,0.0143,60056
534,41,-14.967,0,6,12,1,0,0,0.655,0.0143,60384
535,32,-14.375,0,5,13,1,0,0,0.655,0.0143,60640
536,27,-12.205,0,2,12,1,0,0,0.654,0.0143,60856
537,6,-15.462,0,2,4,1,0,0,0.653,0.0143,60904
538,6,-13.009,0,2,2,1,0,0,0.653,0.0143,60952
539,18,-9.604,0,6,5,1,0,0,0.652,0.0143,61096
540,6,-12.892,0,3,3,1,0,0,0.651,0.0143,61144
541,6,-14.585,0,3,3,1,0,0,0.651,0.0142,61192
542,39,-17.309,0,10,15,1,0,0,0.65,0.0142,61504
543,31,-15.438,1,6,13,1,0,0,0.65,0.0142,61752
544,11,-10.281,0,3,2,1,0,0,0.649,0.0142,61840
545,16,-14.453,0,4,8,1,0,0,0.648,0.0142,61968
546,24,-13.969,0,3,9,1,0,0,0.648,0.0142,62160
547,31,-15.755,0,2,14,1,0,0,0.647,0.0142,62408
548,34,-16.195,0,4,15,1,0,0,0.646,0.0142,62680
549,6,-12.892,0,3,3,1,0,0,0.646,0.0142,62728
550,15,-15.104,0,2,6,1,0,0,0.645,0.0141,62848
551,55,-16.942,1,5,20,1,0,0,0.644,0.0141,63288
552,8,-14.645,0,3,4,1,0,0,0.644,0.0141,63352
553,21,-16.51,0,2,11,1,0,0,0.643,0.0141,63520
554,10,-13.987,0,3,5,1,0,0,0.642,0.0141,63600
555,47,-13.771,1,9,17,1,0,0,0.642,0.0141,63976
556,22,-12.812,0,6,9,1,0,0,0.641,0.0141,64152
557,7,-14.321,0,4,1,1,0,0,0.64,0.0141,64208
558,19,-13.742,0,5,7,1,0,0,0.64,0.0141,64360
559,10,-10.277,0,2,3,1,0,0,0.639,0.014,64440
560,21,-13.706,0,6,8,1,0,0,0.639,0.014,64608
561,24,-14.501,0,6,6,1,0,0,0.638,0.014,64800
562,23,-14.65,0,1,6,1,0,0,0.637,0.014,64984
563,6,-15.056,0,4,2,1,0,0,0.637,0.014,65032
564,86,-13.883,2,9,31,1,0,0,0.636,0.014,65720
565,16,-14.234,0,3,6,1,0,0,0.635,0.014,65848
566,12,-14.861,0,3,5,1,0,0,0.635,0.014,65944
567,12,-10.274,0,2,2,1,0,0,0.634,0.014,66040
568,13,-13.214,0,4,6,1,0,0,0.633,0.014,66144
569,16,-14.492,0,1,6,1,0,0,0.633,0.0139,66272
570,8,-14.385,0,4,2,1,0,0,0.632,0.0139,66336
571,23,-10.929,0,5,12,1,0,0,0.631,0.0139,66520
572,35,-16.654,0,4,12,1,0,0,0.631,0.0139,66800
573,21,-14.753,0,2,9,1,0,0,0.63,0.0139,66968
574,5,-15.872,0,3,2,1,0,0,0.629,0.0139,67008
575,8,-9.936,0,2,3,1,0,0,0.629,0.0139,67072
576,5,-15.022,0,4,2,1,0,0,0.628,0.0139,67112
577,9,-13.125,0,3,4,1,0,0,0.628,0.0139,67184
578,21,-13.783,0,3,8,1,0,0,0.627,0.0138,67352
579,25,-13.964,0,3,8,1,0,0,0.626,0.0138,67552
580,12,-9.79,0,2,1,1,0,0,0.626,0.0138,67648
581,7,-12.975,0,3,3,1,0,0,0.625,0.0138,67704
582,18,-13.737,0,1,7,1,0,0,0.624,0.0138,67848
583,33,-14.633,0,8,11,1,0,0,0.624,0.0138,68112
584,7,-14.102,0,1,4,1,0,0,0.623,0.0138,68168
585,24,-14.096,0,3,11,1,0,0,0.622,0.0138,68360
586,23,-14.594,0,4,9,1,0,0,0.622,0.0138,68544
587,7,-12.221,0,2,3,1,0,0,0.621,0.0137,68600
588,19,-12.861,0,3,5,1,0,0,0.62,0.0137,68752
589,34,-12.515,1,4,16,1,0,0,0.62,0.0137,69024
590,17,-14.492,0,2,7,1,0,0,0.619,0.0137,69160
591,60,-15.097,1,10,18,1,0,0,0.618,0.0137,69640
592,16,-14.18,0,3,6,1,0,0,0.618,0.0137,69768
593,14,-14.694,0,4,5,1,0,0,0.617,0.0137,69880
594,5,-14.272,0,4,2,1,0,0,0.617,0.0137,69920
595,11,-13.174,0,2,3,1,0,0,0.616,0.0137,70008
596,32,-15.977,0,5,20,1,0,0,0.615,0.0137,70264
597,32,-16.161,0,4,7,1,0,0,0.615,0.0136,70520
598,92,-19.678,1,10,33,1,0,0,0.614,0.0136,71256
599,12,-10.396,0,2,3,1,0,0,0.613,0.0136,71352
600,35,-14.901,1,5,11,1,0,0,0.613,0.0136,71632
601,13,-13.465,0,1,4,1,0,0,0.612,0.0136,71736
602,31,-16.677,0,5,14,1,0,0,0.611,0.0136,71984
603,8,-15.165,0,4,3,1,0,0,0.611,0.0136,72048
604,24,-13.456,0,3,9,1,0,0,0.61,0.0136,72240
605,6,-12.106,0,2,0,1,0,0,0.609,0.0136,72288
606,68,-16.86,1,6,22,1,0,0,0.609,0.0135,72832
607,21,-10.039,0,2,7,1,0,0,0.608,0.0135,73000
608,15,-11.12,0,3,7,1,0,0,0.607,0.0135,73120
609,39,-12.969,1,7,14,1,0,0,0.607,0.0135,73432
610,59,-16.61,0,9,25,1,0,0,0.606,0.0135,73904
611,30,-11.651,0,1,10,1,0,0,0.606,0.0135,74144
612,36,-13.342,0,5,10,1,0,0,0.605,0.0135,74432
613,18,-13.948,0,4,8,1,0,0,0.604,0.0135,74576
614,8,-13.257,0,1,3,1,0,0,0.604,0.0135,74640
615,6,-14.682,0,2,3,1,0,0,0.603,0.0135,74688
616,7,-14.449,0,4,4,1,0,0,0.602,0.0134,74744
617,15,-15.262,0,6,8,1,0,0,0.602,0.0134,74864
618,14,-8.909,0,6,4,1,0,0,0.601,0.0134,74976
619,5,-14.395,0,3,2,1,0,0,0.6,0.0134,75016
620,11,-13.992,0,3,4,1,0,0,0.6,0.0134,75104
621,11,-14.155,0,3,6,1,0,0,0.599,0.0134,75192
622,17,-13.431,1,4,4,1,0,0,0.598,0.0134,75328
623,35,-15.984,0,1,15,1,0,0,0.598,0.0134,75608
624,8,-12.77,0,5,4,1,0,0,0.597,0.0134,75672
625,14,-14.39,0,2,7,1,0,0,0.596,0.0133,75784
626,28,-14.492,0,5,8,1,0,0,0.596,0.0133,76008
627,48,-14.967,0,6,15,1,0,0,0.595,0.0133,76392
628,5,-14.569,0,2,2,1,0,0,0.595,0.0133,76432
629,11,-13.386,0,3,7,1,0,0,0.594,0.0133,76520
630,5,-15.122,0,4,2,1,0,0,0.593,0.0133,76560
631,10,-9.885,0,3,3,1,0,0,0.593,0.0133,76640
632,100,-17.511,0,8,28,1,0,0,0.592,0.0133,77440
633,13,-13.435,0,2,6,1,0,0,0.591,0.0133,77544
634,37,-11.994,0,3,8,1,0,0,0.591,0.0132,77840
635,28,-15.823,0,5,10,1,0,0,0.59,0.0132,78064
636,21,-12.573,1,5,7,1,0,0,0.589,0.0132,78232
637,65,-15.903,0,6,22,1,0,0,0.589,0.0132,78752
638,47,-15.113,0,8,20,1,0,0,0.588,0.0132,79128
639,17,-14.547,0,4,5,1,0,0,0.587,0.0132,79264
640,6,-14.336,0,4,3,1,0,0,0.587,0.0132,79312
641,22,-11.248,0,3,11,1,0,0,0.586,0.0132,79488
642,11,-13.939,0,3,4,1,0,0,0.585,0.0132,79576
643,34,-13.574,0,5,9,1,0,0,0.585,0.0132,79848
644,42,-14.597,0,3,10,1,0,0,0.584,0.0131,80184
645,5,-16.151,0,2,3,1,0,0,0.584,0.0131,80224
646,16,-14.724,0,3,2,1,0,0,0.583,0.0131,80352
647,17,-14.409,0,5,7,1,0,0,0.582,0.0131,80488
648,20,-13.634,0,5,8,1,0,0,0.582,0.0131,80648
649,11,-15.471,0,3,4,1,0,0,0.581,0.0131,80736
650,32,-16.02,0,2,11,1,0,0,0.58,0.0131,80992
651,19,-13.754,0,3,8,1,0,0,0.58,0.0131,81144
652,10,-12.345,0,3,3,1,0,0,0.579,0.0131,81224
653,26,-12.25,0,8,6,1,0,0,0.578,0.013,81432
654,30,-14.588,1,8,13,1,0,0,0.578,0.013,81672
655,82,-16.721,1,8,37,1,0,0,0.577,0.013,82328
656,86,-16.43,1,8,42,1,0,0,0.576,0.013,83016
657,21,-12.665,0,8,8,1,0,0,0.576,0.013,83184
658,18,-10.046,0,2,2,1,0,0,0.575,0.013,83328
659,5,-15.374,0,2,3,1,0,0,0.574,0.013,83368
660,5,-14.52,0,2,2,1,0,0,0.574,0.013,83408
661,15,-13.276,1,1,5,1,0,0,0.573,0.013,83528
662,11,-9.915,0,2,3,1,0,0,0.573,0.0129,83616
663,36,-13.989,0,5,12,1,0,0,0.572,0.0129,83904
664,20,-15.984,0,3,6,1,0,0,0.571,0.0129,84064
665,12,-15.542,0,4,6,1,0,0,0.571,0.0129,84160
666,16,-14.187,0,3,6,1,0,0,0.57,0.0129,84288
667,5,-14.402,0,4,3,1,0,0,0.569,0.0129,84328
668,20,-14.317,0,3,7,1,0,0,0.569,0.0129,84488
669,29,-14.776,0,3,14,1,0,0,0.568,0.0129,84720
670,76,-17.739,1,6,24,1,0,0,0.567,0.0129,85328
671,22,-10.329,0,3,4,1,0,0,0.567,0.0129,85504
672,84,-21.935,0,11,35,1,0,0,0.566,0.0128,86176
673,25,-13.844,0,1,5,1,0,0,0.565,0.0128,86376
674,14,-14.5,0,2,8,1,0,0,0.565,0.0128,86488
675,25,-12.949,0,3,4,1,0,0,0.564,0.0128,86688
676,21,-14.09,0,2,11,1,0,0,0.564,0.0128,86856
677,30,-14.845,0,4,9,1,0,0,0.563,0.0128,87096
678,22,-16.836,0,4,6,1,0,0,0.562,0.0128,87272
679,35,-15.399,0,4,12,1,0,0,0.562,0.0128,87552
680,30,-11.004,0,3,5,1,0,0,0.561,0.0128,87792
681,16,-10.044,0,3,4,1,0,0,0.56,0.0127,87920
682,7,-14.5,0,3,2,1,0,0,0.56,0.0127,87976
683,5,-14.994,0,4,2,1,0,0,0.559,0.0127,88016
684,37,-16.128,0,5,16,1,0,0,0.558,0.0127,88312
685,5,-14.134,0,4,0,1,0,0,0.558,0.0127,88352
686,21,-13.719,0,5,10,1,0,0,0.557,0.0127,88520
687,31,-14.633,1,4,14,1,0,0,0.556,0.0127,88768
688,7,-14.171,0,4,1,1,0,0,0.556,0.0127,88824
689,9,-16.099,0,3,3,1,0,0,0.555,0.0127,88896
690,31,-16.407,0,4,17,1,0,0,0.554,0.0127,89144
691,10,-14.067,0,2,4,1,0,0,0.554,0.0126,89224
692,6,-14.486,0,3,3,1,0,0,0.553,0.0126,89272
693,42,-14.864,0,9,13,1,0,0,0.553,0.0126,89608
694,8,-13.486,0,5,3,1,0,0,0.552,0.0126,89672
695,91,-15.504,1,17,28,1,0,0,0.551,0.0126,90400
696,21,-12.415,0,6,4,1,0,0,0.551,0.0126,90568
697,12,-10.5,0,3,3,1,0,0,0.55,0.0126,90664
698,35,-13.546,0,5,5,1,0,0,0.549,0.0126,90944
699,12,-13.41,0,2,5,1,0,0,0.549,0.0126,91040
700,109,-20.967,2,6,41,1,0,0,0.548,0.0125,91912
701,23,-11.582,0,3,7,1,0,0,0.547,0.0125,92096
702,69,-19.015,0,9,36,1,0,0,0.547,0.0125,92648
703,33,-13.934,0,5,6,1,0,0,0.546,0.0125,92912
704,36,-16.235,0,5,14,1,0,0,0.545,0.0125,93200
705,24,-10.514,0,3,4,1,0,0,0.545,0.0125,93392
706,51,-15.589,1,6,19,1,0,0,0.544,0.0125,93800
707,48,-14.099,0,7,10,1,0,0,0.543,0.0125,94184
708,32,-14.005,0,4,10,1,0,0,0.543,0.0125,94440
709,15,-10.061,0,3,3,1,0,0,0.542,0.0124,94560
710,16,-14.636,0,3,1,1,0,0,0.542,0.0124,94688
711,14,-14.076,0,2,3,1,0,0,0.541,0.0124,94800
712,8,-9.684,0,3,0,1,0,0,0.54,0.0124,94864
713,52,-10.268,1,8,19,1,0,0,0.54,0.0124,95280
714,65,-15.63,1,6,21,1,0,0,0.539,0.0124,95800
715,28,-12.935,0,6,6,1,0,0,0.538,0.0124,96024
716,50,-16.39,0,8,23,1,0,0,0.538,0.0124,96424
717,36,-14.468,0,3,10,1,0,0,0.537,0.0124,96712
718,13,-13.225,0,3,4,1,0,0,0.536,0.0124,96816
719,31,-13.665,0,9,9,1,0,0,0.536,0.0123,97064
720,15,-9.23,0,5,4,1,0,0,0.535,0.0123,97184
721,5,-14.352,0,4,3,1,0,0,0.534,0.0123,97224
722,35,-12.461,1,8,13,1,0,0,0.534,0.0123,97504
723,45,-11.924,1,5,12,1,0,0,0.533,0.0123,97864
724,13,-10.581,0,1,3,1,0,0,0.532,0.0123,97968
725,23,-14.93,0,4,4,1,0,0,0.532,0.0123,98152
726,59,-15.361,0,7,21,1,0,0,0.531,0.0123,98624
727,18,-12.385,0,5,5,1,0,0,0.531,0.0123,98768
728,83,-14.815,2,9,24,1,0,0,0.53,0.0122,99432
729,21,-13.997,0,7,11,1,0,0,0.529,0.0122,99600
730,6,-14.536,0,3,3,1,0,0,0.529,0.0122,99648
731,10,-11.969,0,5,3,1,0,0,0.528,0.0122,99728
732,21,-9.986,0,3,5,1,0,0,0.527,0.0122,99896
733,5,-15.021,0,4,2,1,0,0,0.527,0.0122,99936
734,86,-14.449,2,11,36,1,0,0,0.526,0.0122,100624
735,58,-12.84,1,14,17,1,0,0,0.525,0.0122,101088
736,37,-13.414,0,5,9,1,0,0,0.525,0.0122,101384
737,20,-13.497,0,7,6,1,0,0,0.524,0.0121,101544
738,93,-16.07,2,11,37,1,0,0,0.523,0.0121,102288
739,20,-14.565,0,3,9,1,0,0,0.523,0.0121,102448
740,18,-14.363,0,4,8,1,0,0,0.522,0.0121,102592
741,21,-10.181,0,3,6,1,0,0,0.521,0.0121,102760
742,14,-14.169,0,3,6,1,0,0,0.521,0.0121,102872
743,9,-10.161,0,3,2,1,0,0,0.52,0.0121,102944
744,73,-18.907,1,10,24,1,0,0,0.52,0.0121,103528
745,16,-14.51,0,1,6,1,0,0,0.519,0.0121,103656
746,45,-16.683,0,1,22,1,0,0,0.518,0.0121,104016
747,35,-13.308,0,4,17,1,0,0,0.518,0.012,104296
748,31,-15.532,0,5,17,1,0,0,0.517,0.012,104544
749,19,-13.748,0,4,4,1,0,0,0.516,0.012,104696
750,15,-13.454,0,5,4,1,0,0,0.516,0.012,104816
751,18,-14.223,0,5,6,1,0,0,0.515,0.012,104960
752,7,-13.83,0,2,4,1,0,0,0.514,0.012,105016
753,22,-14.599,0,5,6,1,0,0,0.514,0.012,105192
754,59,-15.337,1,10,25,1,0,0,0.513,0.012,105664
755,43,-14.479,0,3,13,1,0,0,0.512,0.012,106008
756,9,-10.15,0,1,4,1,0,0,0.512,0.0119,106080
757,14,-16.264,0,4,4,1,0,0,0.511,0.0119,106192
758,94,-18.733,0,6,38,1,0,0,0.51,0.0119,106944
759,38,-15.176,1,8,20,1,0,0,0.51,0.0119,107248
760,109,-14.377,2,8,35,1,0,0,0.509,0.0119,108120
761,50,-12.571,0,3,17,1,0,0,0.509,0.0119,108520
762,12,-9.929,0,3,4,1,0,0,0.508,0.0119,108616
763,12,-11.155,0,2,3,1,0,0,0.507,0.0119,108712
764,6,-12.934,0,1,1,1,0,0,0.507,0.0119,108760
765,85,-14.072,0,5,19,1,0,0,0.506,0.0119,109440
766,8,-10.105,0,3,3,1,0,0,0.505,0.0118,109504
767,64,-14.352,1,9,26,1,0,0,0.505,0.0118,110016
768,10,-13.811,0,0,6,1,0,0,0.504,0.0118,110096
769,23,-13.002,0,3,5,1,0,0,0.503,0.0118,110280
770,78,-16.922,1,6,34,1,0,0,0.503,0.0118,110904
771,11,-9.463,0,3,3,1,0,0,0.502,0.0118,110992
772,6,-12.94,0,3,3,1,0,0,0.501,0.0118,111040
773,25,-14.002,0,3,9,1,0,0,0.501,0.0118,111240
774,36,-15.036,0,2,8,1,0,0,0.5,0.0118,111528
775,8,-12.881,0,3,2,1,0,0,0.499,0.0117,111592
776,25,-13.945,0,4,11,1,0,0,0.499,0.0117,111792
777,21,-11.636,0,8,7,1,0,0,0.498,0.0117,111960
778,86,-13.854,2,12,33,1,0,0,0.498,0.0117,112648
779,17,-12.242,1,5,5,1,0,0,0.497,0.0117,112784
780,6,-14.739,0,2,4,1,0,0,0.496,0.0117,112832
781,33,-11.997,1,8,11,1,0,0,0.496,0.0117,113096
782,53,-16.916,0,8,15,1,0,0,0.495,0.0117,113520
783,136,-17.299,3,12,52,1,0,0,0.494,0.0117,114608
784,74,-17.844,0,5,18,1,0,0,0.494,0.0116,115200
785,123,-19.111,1,11,40,1,0,0,0.493,0.0116,116184
786,8,-13.809,0,2,3,1,0,0,0.492,0.0116,116248
787,73,-16.602,1,5,27,1,0,0,0.492,0.0116,116832
788,36,-11.314,0,3,11,1,0,0,0.491,0.0116,117120
789,23,-9.416,0,10,8,1,0,0,0.49,0.0116,117304
790,86,-15.2,0,10,21,1,0,0,0.49,0.0116,117992
791,19,-10.886,0,3,6,1,0,0,0.489,0.0116,118144
792,30,-14.866,0,3,7,1,0,0,0.488,0.0116,118384
793,24,-15.315,0,3,7,1,0,0,0.488,0.0116,118576
794,5,-12.82,0,2,1,1,0,0,0.487,0.0115,118616
795,25,-11.276,0,3,11,1,0,0,0.487,0.0115,118816
796,6,-13.139,0,1,3,1,0,0,0.486,0.0115,118864
797,128,-24.244,0,9,46,1,0,0,0.485,0.0115,119888
798,12,-10.116,0,3,2,1,0,0,0.485,0.0115,119984
799,39,-12.997,1,5,7,1,0,0,0.484,0.0115,120296
800,100,-12.976,1,10,33,1,0,0,0.483,0.0115,121096
801,35,-14.817,0,5,14,1,0,0,0.483,0.0115,121376
802,87,-15.001,2,12,26,1,0,0,0.482,0.0115,122072
803,12,-9.559,0,3,3,1,0,0,0.481,0.0114,122168
804,72,-15.856,0,5,19,1,0,0,0.481,0.0114,122744
805,54,-13.272,1,11,17,1,0,0,0.48,0.0114,123176
806,5,-15.201,0,3,3,1,0,0,0.479,0.0114,123216
807,53,-16.059,1,8,22,1,0,0,0.479,0.0114,123640
808,178,-17.711,2,12,77,1,0,0,0.478,0.0114,125064
809,6,-12.991,0,2,3,1,0,0,0.477,0.0114,125112
810,40,-18.756,0,0,20,1,0,0,0.477,0.0114,125432
811,102,-22.509,0,6,41,1,0,0,0.476,0.0114,126248
812,93,-10.657,1,17,25,1,0,0,0.476,0.0113,126992
813,54,-15.046,0,3,12,1,0,0,0.475,0.0113,127424
814,29,-15.731,0,3,9,1,0,0,0.474,0.0113,127656
815,91,-16.505,1,8,37,1,0,0,0.474,0.0113,128384
816,80,-15.338,1,9,22,1,0,0,0.473,0.0113,129024
817,33,-11.949,0,1,12,1,0,0,0.472,0.0113,129288
818,36,-13.151,0,7,14,1,0,0,0.472,0.0113,129576
819,15,-13.373,0,4,4,1,0,0,0.471,0.0113,129696
820,78,-17.361,0,3,25,1,0,0,0.47,0.0113,130320
821,5,-13.669,0,2,2,1,0,0,0.47,0.0113,130360
822,7,-14.58,0,4,5,1,0,0,0.469,0.0112,130416
823,39,-15.035,0,6,15,1,0,0,0.468,0.0112,130728
824,7,-14.369,0,4,3,1,0,0,0.468,0.0112,130784
825,11,-13.275,0,3,5,1,0,0,0.467,0.0112,130872
826,35,-13.346,1,7,12,1,0,0,0.466,0.0112,131152
827,83,-20.213,1,4,37,1,0,0,0.466,0.0112,131816
828,72,-15.19,2,10,18,1,0,0,0.465,0.0112,132392
829,5,-15.299,0,2,2,1,0,0,0.465,0.0112,132432
830,40,-12.071,0,4,13,1,0,0,0.464,0.0112,132752
831,12,-10.126,0,3,2,1,0,0,0.463,0.0111,132848
832,39,-13.946,0,4,12,1,0,0,0.463,0.0111,133160
833,56,-16.82,0,8,19,1,0,0,0.462,0.0111,133608
834,80,-14.57,1,5,25,1,0,0,0.461,0.0111,134248
835,47,-12.421,0,5,10,1,0,0,0.461,0.0111,134624
836,5,-14.262,0,3,0,1,0,0,0.46,0.0111,134664
837,72,-14.337,1,4,20,1,0,0,0.459,0.0111,135240
838,68,-17.577,1,6,22,1,0,0,0.459,0.0111,135784
839,65,-12.989,0,6,15,1,0,0,0.458,0.0111,136304
840,40,-12.21,0,5,12,1,0,0,0.457,0.0111,136624
841,13,-14.669,0,2,2,1,0,0,0.457,0.011,136728
842,8,-9.547,0,1,1,1,0,0,0.456,0.011,136792
843,48,-13.798,0,7,20,1,0,0,0.456,0.011,137176
844,111,-18.239,2,13,36,1,0,0,0.455,0.011,138064
845,5,-12.944,0,2,2,1,0,0,0.454,0.011,138104
846,80,-15.657,2,9,26,1,0,0,0.454,0.011,138744
847,8,-12.584,0,5,2,1,0,0,0.453,0.011,138808
848,43,-11.464,1,10,19,1,0,0,0.452,0.011,139152
849,11,-14.551,0,4,4,1,0,0,0.452,0.011,139240
850,35,-12.207,0,3,9,1,0,0,0.451,0.0109,139520
851,13,-16.32,0,3,4,1,0,0,0.45,0.0109,139624
852,23,-13.299,0,6,8,1,0,0,0.45,0.0109,139808
853,61,-11.188,1,9,24,1,0,0,0.449,0.0109,140296
854,18,-14.527,0,2,7,1,0,0,0.448,0.0109,140440
855,7,-14.501,0,3,2,1,0,0,0.448,0.0109,140496
856,143,-18.526,2,8,49,1,0,0,0.447,0.0109,141640
857,35,-10.957,0,7,15,1,0,0,0.446,0.0109,141920
858,16,-10.284,0,5,6,1,0,0,0.446,0.0109,142048
859,18,-13.863,0,2,9,1,0,0,0.445,0.0108,142192
860,39,-12.706,0,3,15,1,0,0,0.445,0.0108,142504
861,7,-12.995,0,2,2,1,0,0,0.444,0.0108,142560
862,90,-21.102,0,9,34,1,0,0,0.443,0.0108,143280
863,15,-12.699,0,4,7,1,0,0,0.443,0.0108,143400
864,53,-14.872,0,4,16,1,0,0,0.442,0.0108,143824
865,145,-19.578,4,12,68,1,0,0,0.441,0.0108,144984
866,76,-12.614,1,8,29,1,0,0,0.441,0.0108,145592
867,46,-13.764,0,3,15,1,0,0,0.44,0.0108,145960
868,13,-13.933,0,3,3,1,0,0,0.439,0.0108,146064
869,55,-14.934,0,5,15,1,0,0,0.439,0.0107,146504
870,28,-13.133,0,8,13,1,0,0,0.438,0.0107,146728
871,30,-14.534,0,6,6,1,0,0,0.437,0.0107,146968
872,85,-14.494,1,13,26,1,0,0,0.437,0.0107,147648
873,7,-14.803,0,3,5,1,0,0,0.436,0.0107,147704
874,33,-11.267,0,4,18,1,0,0,0.435,0.0107,147968
875,73,-19.018,0,6,24,1,0,0,0.435,0.0107,148552
876,52,-12.258,0,2,16,1,0,0,0.434,0.0107,148968
877,58,-12.091,0,10,26,1,0,0,0.434,0.0107,149432
878,51,-15.634,0,6,13,1,0,0,0.433,0.0106,149840
879,6,-12.942,0,3,3,1,0,0,0.432,0.0106,149888
880,6,-13.557,0,3,2,1,0,0,0.432,0.0106,149936
881,31,-14.053,0,5,8,1,0,0,0.431,0.0106,150184
882,25,-14.661,0,2,6,1,0,0,0.43,0.0106,150384
883,213,-26.619,2,13,90,1,0,0,0.43,0.0106,152088
884,10,-14.456,0,4,2,1,0,0,0.429,0.0106,152168
885,55,-15.111,2,7,11,1,0,0,0.428,0.0106,152608
886,69,-14.662,2,11,17,1,0,0,0.428,0.0106,153160
887,5,-14.502,0,3,3,1,0,0,0.427,0.0105,153200
888,144,-21.925,0,8,36,1,0,0,0.426,0.0105,154352
889,11,-14.361,0,4,1,1,0,0,0.426,0.0105,154440
890,9,-14.197,0,1,5,1,0,0,0.425,0.0105,154512
891,29,-17.563,0,7,13,1,0,0,0.424,0.0105,154744
892,86,-15.108,1,5,35,1,0,0,0.424,0.0105,155432
893,73,-13.096,2,12,23,1,0,0,0.423,0.0105,156016
894,43,-14.945,1,12,15,1,0,0,0.423,0.0105,156360
895,45,-11.865,0,7,16,1,0,0,0.422,0.0105,156720
896,8,-13.957,0,2,3,1,0,0,0.421,0.0105,156784
897,5,-14.162,0,4,0,1,0,0,0.421,0.0104,156824
898,22,-13.655,0,5,8,1,0,0,0.42,0.0104,157000
899,14,-13.441,0,8,7,1,0,0,0.419,0.0104,157112
900,31,-15.253,0,1,10,1,0,0,0.419,0.0104,157360
901,97,-19.358,1,5,28,1,0,0,0.418,0.0104,158136
902,36,-11.011,0,4,9,1,0,0,0.417,0.0104,158424
903,45,-16.978,0,4,11,1,0,0,0.417,0.0104,158784
904,33,-14.037,0,6,12,1,0,0,0.416,0.0104,159048
905,66,-16.151,0,9,17,1,0,0,0.415,0.0104,159576
906,11,-14.277,0,1,6,1,0,0,0.415,0.0103,159664
907,22,-10.489,0,2,6,1,0,0,0.414,0.0103,159840
908,90,-16.473,1,6,38,1,0,0,0.413,0.0103,160560
909,6,-14.226,0,4,1,1,0,0,0.413,0.0103,160608
910,11,-10.251,0,2,1,1,0,0,0.412,0.0103,160696
911,5,-15.272,0,2,2,1,0,0,0.412,0.0103,160736
912,231,-23.175,3,10,71,1,0,0,0.411,0.0103,162584
913,92,-14.707,1,11,28,1,0,0,0.41,0.0103,163320
914,33,-15.916,0,3,10,1,0,0,0.41,0.0103,163584
915,6,-13.861,0,1,2,1,0,0,0.409,0.0103,163632
916,271,-28.332,2,12,83,1,0,0,0.408,0.0102,165800
917,16,-14.825,0,4,4,1,0,0,0.408,0.0102,165928
918,53,-13.153,1,7,11,1,0,0,0.407,0.0102,166352
919,6,-12.087,0,2,2,1,0,0,0.406,0.0102,166400
920,7,-14.49,0,3,2,1,0,0,0.406,0.0102,166456
921,10,-9.662,0,3,1,1,0,0,0.405,0.0102,166536
922,14,-14.543,0,2,8,1,0,0,0.404,0.0102,166648
923,45,-11.968,0,7,24,1,0,0,0.404,0.0102,167008
924,55,-12.468,0,6,12,1,0,0,0.403,0.0102,167448
925,41,-13.639,0,9,15,1,0,0,0.402,0.0101,167776
926,10,-14.405,0,3,0,1,0,0,0.402,0.0101,167856
927,5,-14.524,0,3,3,1,0,0,0.401,0.0101,167896
928,6,-14.226,0,4,1,1,0,0,0.401,0.0101,167944
929,16,-9.154,0,5,4,1,0,0,0.4,0.0101,168072
930,29,-12.15,2,6,9,1,0,0,0.399,0.0101,168304
931,11,-10.466,0,1,3,1,0,0,0.399,0.0101,168392
932,82,-19.298,1,6,43,1,0,0,0.398,0.0101,169048
933,7,-13.85,0,2,3,1,0,0,0.397,0.0101,169104
934,5,-14.292,0,3,1,1,0,0,0.397,0.01,169144
935,44,-11.584,1,5,12,1,0,0,0.396,0.01,169496
936,58,-15.239,1,6,31,1,0,0,0.395,0.01,169960
937,19,-13.192,0,3,10,1,0,0,0.395,0.01,170112
938,20,-10.272,0,2,3,1,0,0,0.394,0.01,170272
939,51,-16.508,0,5,25,1,0,0,0.393,0.01,170680
940,5,-14.494,0,3,3,1,0,0,0.393,0.01,170720
941,53,-12.496,1,7,12,1,0,0,0.392,0.01,171144
942,39,-15.085,0,2,14,1,0,0,0.391,0.01,171456
943,187,-23.497,0,8,62,1,0,0,0.391,0.01,172952
944,66,-18.065,0,6,25,1,0,0,0.39,0.0099,173480
945,42,-12.672,2,7,11,1,0,0,0.39,0.0099,173816
946,49,-14.728,1,6,14,1,0,0,0.389,0.0099,174208
947,23,-14.091,0,4,9,1,0,0,0.388,0.0099,174392
948,11,-14.519,0,2,1,1,0,0,0.388,0.0099,174480
949,36,-15.565,0,8,20,1,0,0,0.387,0.0099,174768
950,36,-15.888,0,4,10,1,0,0,0.386,0.0099,175056
951,27,-15.106,0,1,9,1,0,0,0.386,0.0099,175272
952,77,-17.477,0,7,21,1,0,0,0.385,0.0099,175888
953,10,-10.217,0,2,1,1,0,0,0.384,0.0098,175968
954,74,-16.693,0,9,32,1,0,0,0.384,0.0098,176560
955,53,-15.27,1,3,23,1,0,0,0.383,0.0098,176984
956,120,-17.915,1,16,36,1,0,0,0.382,0.0098,177944
957,25,-15.835,0,1,12,1,0,0,0.382,0.0098,178144
958,86,-19.499,0,4,25,1,0,0,0.381,0.0098,178832
959,89,-13.236,1,11,35,1,0,0,0.38,0.0098,179544
960,13,-9.717,0,6,3,1,0,0,0.38,0.0098,179648
961,15,-14.847,0,4,6,1,0,0,0.379,0.0098,179768
962,16,-15.289,0,3,8,1,0,0,0.379,0.0097,179896
963,62,-11.882,0,4,9,1,0,0,0.378,0.0097,180392
964,74,-17.762,0,9,26,1,0,0,0.377,0.0097,180984
965,20,-14.101,0,3,9,1,0,0,0.377,0.0097,181144
966,37,-14.408,0,6,10,1,0,0,0.376,0.0097,181440
967,11,-9.553,0,2,1,1,0,0,0.375,0.0097,181528
968,22,-14.226,0,5,8,1,0,0,0.375,0.0097,181704
969,241,-17.175,5,24,69,1,0,0,0.374,0.0097,183632
970,12,-13.081,0,3,4,1,0,0,0.373,0.0097,183728
971,62,-14.833,1,6,15,1,0,0,0.373,0.0097,184224
972,58,-15.508,0,9,12,1,0,0,0.372,0.0096,184688
973,36,-14.397,0,8,18,1,0,0,0.371,0.0096,184976
974,47,-12.811,0,5,15,1,0,0,0.371,0.0096,185352
975,75,-12.211,0,8,21,1,0,0,0.37,0.0096,185952
976,80,-13.796,0,5,19,1,0,0,0.369,0.0096,186592
977,34,-11.009,0,6,6,1,0,0,0.369,0.0096,186864
978,53,-13.556,0,5,11,1,0,0,0.368,0.0096,187288
979,59,-13.741,1,7,12,1,0,0,0.368,0.0096,187760
980,99,-17.879,0,7,33,1,0,0,0.367,0.0096,188552
981,137,-22.094,0,9,41,1,0,0,0.366,0.0095,189648
982,5,-14.519,0,2,2,1,0,0,0.366,0.0095,189688
983,140,-18.22,1,7,27,1,0,0,0.365,0.0095,190808
984,14,-10.074,0,3,3,1,0,0,0.364,0.0095,190920
985,55,-13.415,0,5,16,1,0,0,0.364,0.0095,191360
986,51,-14.743,0,4,19,1,0,0,0.363,0.0095,191768
987,128,-18.891,0,11,28,1,0,0,0.362,0.0095,192792
988,178,-25.003,2,12,74,1,0,0,0.362,0.0095,194216
989,120,-17.677,1,7,22,1,0,0,0.361,0.0095,195176
990,57,-16.342,0,10,18,1,0,0,0.36,0.0095,195632
991,93,-18.771,0,8,33,1,0,0,0.36,0.0094,196376
992,25,-13.056,0,5,7,1,0,0,0.359,0.0094,196576
993,110,-16.91,0,7,26,1,0,0,0.359,0.0094,197456
994,6,-14.326,0,3,1,1,0,0,0.358,0.0094,197504
995,23,-13.484,0,6,7,1,0,0,0.357,0.0094,197688
996,145,-17.947,1,10,50,1,0,0,0.357,0.0094,198848
997,186,-18.16,2,15,58,1,0,0,0.356,0.0094,200336
998,88,-17.331,0,5,30,1,0,0,0.355,0.0094,201040
999,191,-21.822,2,9,57,1,0,0,0.355,0.0094,202568
1000,95,-16.394,0,4,26,1,0,0,0.354,0.0093,203328
1001,23,-11.03,0,2,6,1,0,0,0.353,0.0093,203512
1002,95,-14.99,0,6,39,1,0,0,0.353,0.0093,204272
1003,44,-13.343,0,8,12,1,0,0,0.352,0.0093,204624
1004,40,-13.282,1,4,8,1,0,0,0.351,0.0093,204944
1005,8,-9.222,0,2,0,1,0,0,0.351,0.0093,205008
1006,5,-13.148,0,1,3,1,0,0,0.35,0.0093,205048
1007,131,-16.279,1,6,37,1,0,0,0.349,0.0093,206096
1008,28,-13.968,0,8,8,1,0,0,0.349,0.0093,206320
1009,9,-10.182,0,2,1,1,0,0,0.348,0.0092,206392
1010,85,-12.513,0,10,22,1,0,0,0.348,0.0092,207072
1011,95,-14.317,2,12,19,1,0,0,0.347,0.0092,207832
1012,139,-17.68,1,11,35,1,0,0,0.346,0.0092,208944
1013,81,-11.63,1,8,18,1,0,0,0.346,0.0092,209592
1014,65,-17.145,1,11,18,1,0,0,0.345,0.0092,210112
1015,57,-14.781,0,7,13,1,0,0,0.344,0.0092,210568
1016,63,-13.732,0,12,18,1,0,0,0.344,0.0092,211072
1017,42,-13.776,1,9,11,1,0,0,0.343,0.0092,211408
1018,50,-16.0,0,4,27,1,0,0,0.342,0.0092,211808
1019,185,-20.98,0,10,74,1,0,0,0.342,0.0091,213288
1020,132,-15.747,3,16,34,1,0,0,0.341,0.0091,214344
1021,55,-14.671,0,5,15,1,0,0,0.34,0.0091,214784
1022,27,-13.662,0,6,8,1,0,0,0.34,0.0091,215000
1023,45,-13.71,0,5,7,1,0,0,0.339,0.0091,215360
1024,117,-19.165,0,8,33,1,0,0,0.338,0.0091,216296
1025,5,-14.999,0,0,3,1,0,0,0.338,0.0091,216336
1026,72,-17.253,0,6,33,1,0,0,0.337,0.0091,216912
1027,31,-14.316,1,7,9,1,0,0,0.337,0.0091,217160
1028,39,-11.61,0,4,5,1,0,0,0.336,0.009,217472
1029,53,-13.758,1,9,11,1,0,0,0.335,0.009,217896
1030,20,-11.49,1,4,6,1,0,0,0.335,0.009,218056
1031,72,-15.002,0,10,27,1,0,0,0.334,0.009,218632
1032,59,-11.062,1,10,10,1,0,0,0.333,0.009,219104
1033,119,-13.845,2,12,18,1,0,0,0.333,0.009,220056
1034,167,-14.851,2,16,43,1,0,0,0.332,0.009,221392
1035,84,-17.159,0,5,16,1,0,0,0.331,0.009,222064
1036,14,-14.72,0,3,4,1,0,0,0.331,0.009,222176
1037,122,-15.168,1,12,34,1,0,0,0.33,0.0089,223152
1038,166,-17.726,2,14,47,1,0,0,0.329,0.0089,224480
1039,41,-15.46,0,6,12,1,0,0,0.329,0.0089,224808
1040,64,-12.351,0,5,19,1,0,0,0.328,0.0089,225320
1041,32,-11.534,1,4,9,1,0,0,0.327,0.0089,225576
1042,5,-14.292,0,3,1,1,0,0,0.327,0.0089,225616
1043,99,-16.739,0,11,22,1,0,0,0.326,0.0089,226408
1044,90,-12.936,0,5,15,1,0,0,0.326,0.0089,227128
1045,13,-10.302,0,3,2,1,0,0,0.325,0.0089,227232
1046,21,-14.013,0,5,7,1,0,0,0.324,0.0089,227400
1047,8,-14.176,0,4,0,1,0,0,0.324,0.0088,227464
1048,20,-13.562,0,3,4,1,0,0,0.323,0.0088,227624
1049,125,-18.275,2,8,34,1,0,0,0.322,0.0088,228624
1050,5,-14.342,0,3,1,1,0,0,0.322,0.0088,228664
1051,81,-15.601,0,10,8,1,0,0,0.321,0.0088,229312
1052,27,-14.174,0,2,9,1,0,0,0.32,0.0088,229528
1053,45,-15.921,0,6,12,1,0,0,0.32,0.0088,229888
1054,125,-14.391,2,11,27,1,0,0,0.319,0.0088,230888
1055,12,-12.642,0,2,4,1,0,0,0.318,0.0088,230984
1056,27,-14.164,0,6,7,1,0,0,0.318,0.0087,231200
1057,54,-14.384,0,7,8,1,0,0,0.317,0.0087,231632
1058,72,-17.077,0,5,14,1,0,0,0.316,0.0087,232208
1059,195,-17.195,5,15,48,1,0,0,0.316,0.0087,233768
1060,37,-11.947,2,5,6,1,0,0,0.315,0.0087,234064
1061,22,-15.39,0,3,10,1,0,0,0.315,0.0087,234240
1062,54,-10.815,2,11,9,1,0,0,0.314,0.0087,234672
1063,181,-20.717,1,10,38,1,0,0,0.313,0.0087,236120
1064,175,-25.937,0,12,60,1,0,0,0.313,0.0087,237520
1065,12,-10.295,0,3,3,1,0,0,0.312,0.0087,237616
1066,17,-10.055,0,6,2,1,0,0,0.311,0.0086,237752
1067,48,-12.79,0,4,12,1,0,0,0.311,0.0086,238136
1068,20,-11.514,0,4,7,1,0,0,0.31,0.0086,238296
1069,82,-14.557,2,7,22,1,0,0,0.309,0.0086,238952
1070,348,-27.021,6,34,123,1,0,0,0.309,0.0086,241736
1071,38,-10.927,1,4,10,1,0,0,0.308,0.0086,242040
1072,93,-16.322,2,13,28,1,0,0,0.307,0.0086,242784
1073,52,-12.346,0,4,13,1,0,0,0.307,0.0086,243200
1074,93,-16.27,1,9,31,1,0,0,0.306,0.0086,243944
1075,374,-30.509,2,26,131,1,0,0,0.305,0.0085,246936
1076,61,-13.707,1,5,14,1,0,0,0.305,0.0085,247424
1077,46,-15.374,0,3,8,1,0,0,0.304,0.0085,247792
1078,103,-19.338,0,6,18,1,0,0,0.304,0.0085,248616
1079,5,-14.471,0,3,2,1,0,0,0.303,0.0085,248656
1080,152,-22.283,0,13,39,1,0,0,0.302,0.0085,249872
1081,261,-27.104,3,16,85,1,0,0,0.302,0.0085,251960
1082,82,-14.74,1,10,18,1,0,0,0.301,0.0085,252616
1083,25,-9.794,0,3,3,1,0,0,0.3,0.0085,252816
1084,96,-16.44,1,12,17,1,0,0,0.3,0.0084,253584
1085,10,-15.096,0,3,8,1,0,0,0.299,0.0084,253664
1086,59,-14.952,0,9,21,1,0,0,0.298,0.0084,254136
1087,75,-10.333,1,11,24,1,0,0,0.298,0.0084,254736
1088,42,-12.604,0,9,8,1,0,0,0.297,0.0084,255072
1089,225,-20.505,3,19,75,1,0,0,0.296,0.0084,256872
1090,67,-13.287,0,1,24,1,0,0,0.296,0.0084,257408
1091,16,-13.391,0,2,3,1,0,0,0.295,0.0084,257536
1092,5,-12.001,0,3,2,1,0,0,0.294,0.0084,257576
1093,5,-15.242,0,2,1,1,0,0,0.294,0.0084,257616
1094,230,-31.514,0,11,99,1,0,0,0.293,0.0083,259456
1095,15,-10.452,0,2,3,1,0,0,0.293,0.0083,259576
1096,103,-15.76,1,11,22,1,0,0,0.292,0.0083,260400
1097,60,-17.73,1,1,27,1,0,0,0.291,0.0083,260880
1098,45,-15.638,0,5,9,1,0,0,0.291,0.0083,261240
1099,131,-18.871,2,10,29,1,0,0,0.29,0.0083,262288
1100,88,-14.059,2,8,25,1,0,0,0.289,0.0083,262992
1101,97,-12.535,2,9,26,1,0,0,0.289,0.0083,263768
1102,38,-15.616,0,3,3,1,0,0,0.288,0.0083,264072
1103,285,-23.916,3,21,97,1,0,0,0.287,0.0082,266352
1104,29,-10.73,0,3,9,1,0,0,0.287,0.0082,266584
1105,5,-14.271,0,4,2,1,0,0,0.286,0.0082,266624
1106,203,-16.431,4,14,66,1,0,0,0.285,0.0082,268248
1107,78,-13.571,0,4,13,1,0,0,0.285,0.0082,268872
1108,188,-23.272,1,5,65,1,0,0,0.284,0.0082,270376
1109,181,-18.229,0,7,34,1,0,0,0.283,0.0082,271824
1110,199,-21.981,1,19,66,1,0,0,0.283,0.0082,273416
1111,91,-15.052,2,5,32,1,0,0,0.282,0.0082,274144
1112,7,-14.54,0,3,2,1,0,0,0.282,0.0081,274200
1113,195,-19.27,1,16,53,1,0,0,0.281,0.0081,275760
1114,269,-26.314,2,8,80,1,0,0,0.28,0.0081,277912
1115,145,-15.274,0,4,16,1,0,0,0.28,0.0081,279072
1116,84,-16.36,0,9,23,1,0,0,0.279,0.0081,279744
1117,84,-16.418,0,8,30,1,0,0,0.278,0.0081,280416
1118,259,-25.909,3,14,70,1,0,0,0.278,0.0081,282488
1119,102,-16.549,1,9,18,1,0,0,0.277,0.0081,283304
1120,5,-14.519,0,2,2,1,0,0,0.276,0.0081,283344
1121,67,-12.307,2,10,14,1,0,0,0.276,0.0081,283880
1122,5,-14.262,0,3,0,1,0,0,0.275,0.008,283920
1123,400,-16.25,5,25,108,0,0,1,0.274,0.008,287120
1124,400,-19.904,5,32,121,0,0,1,0.274,0.008,290320
1125,133,-15.399,3,22,47,1,0,0,0.273,0.008,291384
1126,110,-15.909,1,10,24,1,0,0,0.272,0.008,292264
1127,121,-16.999,0,9,26,1,0,0,0.272,0.008,293232
1128,62,-16.327,0,6,18,1,0,0,0.271,0.008,293728
1129,136,-20.896,2,9,56,1,0,0,0.271,0.008,294816
1130,53,-14.994,0,5,20,1,0,0,0.27,0.008,295240
1131,194,-22.799,0,8,70,1,0,0,0.269,0.0079,296792
1132,50,-14.544,0,8,14,1,0,0,0.269,0.0079,297192
1133,157,-18.894,1,8,38,1,0,0,0.268,0.0079,298448
1134,47,-10.563,0,8,14,1,0,0,0.267,0.0079,298824
1135,30,-16.467,0,2,16,1,0,0,0.267,0.0079,299064
1136,91,-20.016,1,7,46,1,0,0,0.266,0.0079,299792
1137,74,-9.243,1,11,13,1,0,0,0.265,0.0079,300384
1138,161,-16.234,3,17,40,1,0,0,0.265,0.0079,301672
1139,106,-14.1,2,12,29,1,0,0,0.264,0.0079,302520
1140,87,-14.451,0,6,25,1,0,0,0.263,0.0079,303216
1141,19,-14.754,0,3,0,1,0,0,0.263,0.0078,303368
1142,129,-14.922,2,7,38,1,0,0,0.262,0.0078,304400
1143,27,-9.723,0,3,4,1,0,0,0.262,0.0078,304616
1144,73,-16.032,0,4,10,1,0,0,0.261,0.0078,305200
1145,37,-14.239,0,4,8,1,0,0,0.26,0.0078,305496
1146,92,-18.106,0,4,35,1,0,0,0.26,0.0078,306232
1147,389,-35.587,2,13,95,1,0,0,0.259,0.0078,309344
1148,78,-16.09,0,4,21,1,0,0,0.258,0.0078,309968
1149,58,-12.09,0,6,7,1,0,0,0.258,0.0078,310432
1150,218,-21.736,2,18,57,1,0,0,0.257,0.0077,312176
1151,46,-9.377,0,8,3,1,0,0,0.256,0.0077,312544
1152,81,-13.826,1,7,16,1,0,0,0.256,0.0077,313192
1153,74,-12.151,0,7,13,1,0,0,0.255,0.0077,313784
1154,9,-9.403,0,2,0,1,0,0,0.254,0.0077,313856
1155,103,-17.08,0,7,48,1,0,0,0.254,0.0077,314680
1156,85,-18.026,0,7,37,1,0,0,0.253,0.0077,315360
1157,5,-14.062,0,4,0,1,0,0,0.252,0.0077,315400
1158,35,-11.199,0,2,4,1,0,0,0.252,0.0077,315680
1159,61,-13.716,1,7,10,1,0,0,0.251,0.0076,316168
1160,81,-15.25,1,7,15,1,0,0,0.251,0.0076,316816
1161,172,-22.936,0,7,41,1,0,0,0.25,0.0076,318192
1162,400,-23.249,4,15,135,0,0,1,0.249,0.0076,321392
1163,109,-18.129,0,7,50,1,0,0,0.249,0.0076,322264
1164,76,-14.706,0,6,13,1,0,0,0.248,0.0076,322872
1165,88,-12.825,1,14,17,1,0,0,0.247,0.0076,323576
1166,239,-21.267,1,14,62,1,0,0,0.247,0.0076,325488
1167,101,-13.618,0,10,21,1,0,0,0.246,0.0076,326296
1168,106,-21.08,0,7,42,1,0,0,0.245,0.0076,327144
1169,6,-14.526,0,2,1,1,0,0,0.245,0.0075,327192
1170,36,-15.39,0,3,20,1,0,0,0.244,0.0075,327480
1171,14,-9.695,0,3,0,1,0,0,0.243,0.0075,327592
1172,101,-16.466,0,5,8,1,0,0,0.243,0.0075,328400
1173,69,-11.759,0,9,11,1,0,0,0.242,0.0075,328952
1174,5,-14.272,0,4,2,1,0,0,0.241,0.0075,328992
1175,96,-18.455,0,5,26,1,0,0,0.241,0.0075,329760
1176,38,-9.634,1,9,12,1,0,0,0.24,0.0075,330064
1177,65,-14.645,1,10,14,1,0,0,0.24,0.0075,330584
1178,195,-19.032,1,13,49,1,0,0,0.239,0.0074,332144
1179,31,-14.499,0,4,12,1,0,0,0.238,0.0074,332392
1180,165,-20.434,0,9,38,1,0,0,0.238,0.0074,333712
1181,101,-14.184,0,6,30,1,0,0,0.237,0.0074,334520
1182,71,-15.527,0,5,8,1,0,0,0.236,0.0074,335088
1183,75,-10.354,0,10,11,1,0,0,0.236,0.0074,335688
1184,47,-11.448,0,2,6,1,0,0,0.235,0.0074,336064
1185,53,-14.91,0,3,12,1,0,0,0.234,0.0074,336488
1186,61,-13.392,1,9,10,1,0,0,0.234,0.0074,336976
1187,182,-14.384,2,16,50,1,0,0,0.233,0.0073,338432
1188,5,-14.342,0,3,1,1,0,0,0.232,0.0073,338472
1189,70,-11.774,0,6,6,1,0,0,0.232,0.0073,339032
1190,103,-12.413,0,10,16,1,0,0,0.231,0.0073,339856
1191,137,-14.963,2,9,16,1,0,0,0.23,0.0073,340952
1192,13,-9.576,0,2,1,1,0,0,0.23,0.0073,341056
1193,24,-10.675,0,3,3,1,0,0,0.229,0.0073,341248
1194,224,-21.602,1,15,44,1,0,0,0.229,0.0073,343040
1195,400,-17.339,1,23,89,0,0,1,0.228,0.0073,346240
1196,109,-16.875,1,7,21,1,0,0,0.227,0.0073,347112
1197,400,-16.019,0,14,67,0,0,1,0.227,0.0072,350312
1198,375,-31.833,0,8,103,1,0,0,0.226,0.0072,353312
1199,77,-15.873,1,4,13,1,0,0,0.225,0.0072,353928
1200,45,-14.201,1,4,11,1,0,0,0.225,0.0072,354288
1201,78,-17.751,0,4,28,1,0,0,0.224,0.0072,354912
1202,164,-20.445,2,10,57,1,0,0,0.223,0.0072,356224
1203,198,-17.258,1,12,33,1,0,0,0.223,0.0072,357808
1204,140,-20.063,0,7,31,1,0,0,0.222,0.0072,358928
1205,80,-13.648,0,4,20,1,0,0,0.221,0.0072,359568
1206,184,-18.09,0,6,35,1,0,0,0.221,0.0071,361040
1207,101,-13.84,0,3,13,1,0,0,0.22,0.0071,361848
1208,294,-22.355,1,12,75,1,0,0,0.219,0.0071,364200
1209,101,-16.601,0,6,11,1,0,0,0.219,0.0071,365008
1210,186,-21.813,0,11,77,1,0,0,0.218,0.0071,366496
1211,83,-13.431,0,3,11,1,0,0,0.218,0.0071,367160
1212,140,-15.117,3,10,23,1,0,0,0.217,0.0071,368280
1213,400,-15.864,4,15,100,0,0,1,0.216,0.0071,371480
1214,80,-15.511,0,11,16,1,0,0,0.216,0.0071,372120
1215,106,-16.573,0,5,8,1,0,0,0.215,0.0071,372968
1216,303,-24.203,1,6,74,1,0,0,0.214,0.007,375392
1217,138,-14.793,0,11,35,1,0,0,0.214,0.007,376496
1218,268,-20.413,3,26,95,1,0,0,0.213,0.007,378640
1219,84,-12.926,0,7,23,1,0,0,0.212,0.007,379312
1220,132,-20.349,0,5,34,1,0,0,0.212,0.007,380368
1221,116,-15.58,0,9,40,1,0,0,0.211,0.007,381296
1222,5,-14.191,0,4,1,1,0,0,0.21,0.007,381336
1223,236,-20.452,1,24,66,1,0,0,0.21,0.007,383224
1224,143,-21.465,0,4,55,1,0,0,0.209,0.007,384368
1225,239,-23.644,0,12,59,1,0,0,0.208,0.0069,386280
1226,154,-18.545,0,6,29,1,0,0,0.208,0.0069,387512
1227,353,-20.158,4,25,94,1,0,0,0.207,0.0069,390336
1228,400,-15.331,4,34,104,0,0,1,0.207,0.0069,393536
1229,63,-11.16,0,7,11,1,0,0,0.206,0.0069,394040
1230,129,-21.984,1,6,40,1,0,0,0.205,0.0069,395072
1231,72,-12.217,0,6,4,1,0,0,0.205,0.0069,395648
1232,38,-15.494,0,3,3,1,0,0,0.204,0.0069,395952
1233,163,-21.087,2,14,47,1,0,0,0.203,0.0069,397256
1234,5,-14.112,0,4,0,1,0,0,0.203,0.0068,397296
1235,109,-14.327,0,11,28,1,0,0,0.202,0.0068,398168
1236,21,-14.71,0,4,1,1,0,0,0.201,0.0068,398336
1237,167,-22.089,0,9,59,1,0,0,0.201,0.0068,399672
1238,394,-23.71,5,21,92,1,0,0,0.2,0.0068,400000
1239,124,-19.325,0,9,37,1,0,0,0.199,0.0068,400000
1240,233,-21.156,1,13,77,1,0,0,0.199,0.0068,400000
1241,366,-28.823,1,21,113,1,0,0,0.198,0.0068,400000
1242,355,-27.905,3,15,107,1,0,0,0.197,0.0068,400000
1243,80,-16.397,0,6,30,1,0,0,0.197,0.0068,400000
1244,64,-11.548,0,5,7,1,0,0,0.196,0.0067,400000
1245,269,-25.651,0,13,84,1,0,0,0.196,0.0067,400000
1246,73,-11.531,0,5,9,1,0,0,0.195,0.0067,400000
1247,152,-17.701,1,5,58,1,0,0,0.194,0.0067,400000
1248,139,-13.917,0,17,10,1,0,0,0.194,0.0067,400000
1249,111,-14.455,0,5,13,1,0,0,0.193,0.0067,400000
1250,81,-13.079,0,9,16,1,0,0,0.192,0.0067,400000
1251,134,-16.5,1,15,20,1,0,0,0.192,0.0067,400000
1252,24,-10.191,0,3,2,1,0,0,0.191,0.0067,400000
1253,400,-23.042,2,17,136,0,0,1,0.19,0.0066,400000
1254,39,-13.213,0,3,3,1,0,0,0.19,0.0066,400000
1255,391,-20.909,7,23,102,1,0,0,0.189,0.0066,400000
1256,259,-19.476,3,19,48,1,0,0,0.188,0.0066,400000
1257,268,-24.916,1,9,96,1,0,0,0.188,0.0066,400000
1258,287,-29.703,0,9,93,1,0,0,0.187,0.0066,400000
1259,162,-20.681,0,10,52,1,0,0,0.186,0.0066,400000
1260,96,-16.01,1,9,40,1,0,0,0.186,0.0066,400000
1261,19,-9.98,0,5,4,1,0,0,0.185,0.0066,400000
1262,89,-18.082,0,4,11,1,0,0,0.185,0.0065,400000
1263,17,-10.336,0,3,1,1,0,0,0.184,0.0065,400000
1264,49,-11.152,0,2,6,1,0,0,0.183,0.0065,400000
1265,127,-11.094,2,13,18,1,0,0,0.183,0.0065,400000
1266,400,-9.41,5,28,89,0,0,1,0.182,0.0065,400000
1267,62,-13.899,1,6,13,1,0,0,0.181,0.0065,400000
1268,400,-22.876,2,14,101,0,0,1,0.181,0.0065,400000
1269,72,-12.2,0,1,4,1,0,0,0.18,0.0065,400000
1270,71,-15.233,0,8,12,1,0,0,0.179,0.0065,400000
1271,50,-11.399,0,2,7,1,0,0,0.179,0.0065,400000
1272,214,-21.661,3,13,92,1,0,0,0.178,0.0064,400000
1273,240,-25.841,0,6,89,1,0,0,0.177,0.0064,400000
1274,74,-16.117,0,7,23,1,0,0,0.177,0.0064,400000
1275,91,-14.198,0,8,28,1,0,0,0.176,0.0064,400000
1276,400,-18.065,5,20,120,0,0,1,0.176,0.0064,400000
1277,400,-11.192,4,20,73,0,0,1,0.175,0.0064,400000
1278,84,-13.679,0,6,21,1,0,0,0.174,0.0064,400000
1279,135,-19.329,1,5,43,1,0,0,0.174,0.0064,400000
1280,49,-14.947,1,5,11,1,0,0,0.173,0.0064,400000
1281,29,-13.833,0,5,5,1,0,0,0.172,0.0063,400000
1282,24,-10.516,0,2,4,1,0,0,0.172,0.0063,400000
1283,400,-16.375,2,24,106,0,0,1,0.171,0.0063,400000
1284,140,-19.681,1,14,59,1,0,0,0.17,0.0063,400000
1285,91,-18.022,1,8,48,1,0,0,0.17,0.0063,400000
1286,158,-15.386,1,13,31,1,0,0,0.169,0.0063,400000
1287,45,-14.123,0,7,13,1,0,0,0.168,0.0063,400000
1288,155,-19.331,0,5,17,1,0,0,0.168,0.0063,400000
1289,117,-13.055,1,10,12,1,0,0,0.167,0.0063,400000
1290,242,-17.097,3,15,41,1,0,0,0.166,0.0063,400000
1291,41,-9.408,0,5,7,1,0,0,0.166,0.0062,400000
1292,400,-22.341,2,12,134,0,0,1,0.165,0.0062,400000
1293,238,-21.78,3,11,69,1,0,0,0.165,0.0062,400000
1294,400,-18.878,2,12,113,0,0,1,0.164,0.0062,400000
1295,85,-16.301,0,3,13,1,0,0,0.163,0.0062,400000
1296,291,-22.362,2,16,54,1,0,0,0.163,0.0062,400000
1297,182,-19.747,1,5,29,1,0,0,0.162,0.0062,400000
1298,278,-20.146,2,15,61,1,0,0,0.161,0.0062,400000
1299,400,-13.131,5,25,85,0,0,1,0.161,0.0062,400000
1300,156,-16.866,0,5,14,1,0,0,0.16,0.0061,400000
1301,41,-11.057,0,2,3,1,0,0,0.159,0.0061,400000
1302,61,-12.027,0,2,7,1,0,0,0.159,0.0061,400000
1303,400,-12.403,2,13,40,0,0,1,0.158,0.0061,400000
1304,296,-27.735,1,7,61,1,0,0,0.157,0.0061,400000
1305,354,-25.73,3,21,97,1,0,0,0.157,0.0061,400000
1306,226,-21.131,2,11,90,1,0,0,0.156,0.0061,400000
1307,318,-26.085,1,17,69,1,0,0,0.155,0.0061,400000
1308,272,-22.391,3,18,80,1,0,0,0.155,0.0061,400000
1309,327,-25.159,2,13,46,1,0,0,0.154,0.006,400000
1310,229,-23.686,1,13,47,1,0,0,0.154,0.006,400000
1311,211,-19.728,4,16,66,1,0,0,0.153,0.006,400000
1312,114,-13.623,0,6,15,1,0,0,0.152,0.006,400000
1313,400,-12.769,1,26,45,0,0,1,0.152,0.006,400000
1314,373,-22.409,3,26,53,1,0,0,0.151,0.006,400000
1315,400,-15.803,3,16,89,0,0,1,0.15,0.006,400000
1316,194,-18.765,0,6,37,1,0,0,0.15,0.006,400000
1317,400,-13.785,3,16,71,0,0,1,0.149,0.006,400000
1318,144,-21.195,0,3,18,1,0,0,0.148,0.006,400000
1319,57,-15.824,0,6,13,1,0,0,0.148,0.0059,400000
1320,342,-26.256,1,9,90,1,0,0,0.147,0.0059,400000
1321,400,-7.896,5,26,35,0,0,1,0.146,0.0059,400000
1322,400,-14.324,0,13,21,0,0,1,0.146,0.0059,400000
1323,400,-13.36,3,12,29,0,0,1,0.145,0.0059,400000
1324,400,-15.634,2,10,48,0,0,1,0.144,0.0059,400000
1325,400,-18.134,1,6,23,0,0,1,0.144,0.0059,400000
1326,400,-16.259,0,8,34,0,0,1,0.143,0.0059,400000
1327,13,-9.397,0,2,0,1,0,0,0.143,0.0059,400000
1328,22,-9.621,0,6,5,1,0,0,0.142,0.0058,400000
1329,163,-15.849,1,8,13,1,0,0,0.141,0.0058,400000
1330,400,-18.491,0,6,35,0,0,1,0.141,0.0058,400000
1331,338,-26.609,2,10,73,1,0,0,0.14,0.0058,400000
1332,400,-13.114,3,7,10,0,0,1,0.139,0.0058,400000
1333,400,-12.596,2,10,39,0,0,1,0.139,0.0058,400000
1334,376,-23.843,3,15,42,1,0,0,0.138,0.0058,400000
1335,85,-12.57,0,5,6,1,0,0,0.137,0.0058,400000
1336,10,-13.828,0,3,3,1,0,0,0.137,0.0058,400000
1337,269,-19.642,0,10,13,1,0,0,0.136,0.0057,400000
1338,400,-17.299,1,8,33,0,0,1,0.135,0.0057,400000
1339,179,-18.333,0,7,11,1,0,0,0.135,0.0057,400000
1340,188,-15.985,3,12,11,1,0,0,0.134,0.0057,400000
1341,238,-21.702,1,7,15,1,0,0,0.133,0.0057,400000
1342,400,-16.398,1,4,36,0,0,1,0.133,0.0057,400000
1343,108,-14.543,2,9,7,1,0,0,0.132,0.0057,400000
1344,195,-21.148,1,17,30,1,0,0,0.132,0.0057,400000
1345,75,-11.622,0,7,7,1,0,0,0.131,0.0057,400000
1346,72,-11.832,0,4,3,1,0,0,0.13,0.0057,400000
1347,104,-12.664,0,4,8,1,0,0,0.13,0.0056,400000
1348,373,-27.851,1,12,23,1,0,0,0.129,0.0056,400000
1349,400,-11.785,5,10,31,0,0,1,0.128,0.0056,400000
1350,344,-26.105,0,9,19,1,0,0,0.128,0.0056,400000
1351,400,-16.604,1,12,44,0,0,1,0.127,0.0056,400000
1352,290,-15.297,3,18,12,1,0,0,0.126,0.0056,400000
1353,365,-25.615,0,9,16,1,0,0,0.126,0.0056,400000
1354,45,-12.432,0,7,2,1,0,0,0.125,0.0056,400000
1355,314,-21.694,1,11,37,1,0,0,0.124,0.0056,400000
1356,400,-10.174,1,22,16,0,0,1,0.124,0.0055,400000
1357,400,-13.608,2,5,17,0,0,1,0.123,0.0055,400000
1358,400,-12.8,2,15,21,0,0,1,0.122,0.0055,400000
1359,400,-16.764,1,6,22,0,0,1,0.122,0.0055,400000
1360,244,-17.322,3,8,13,1,0,0,0.121,0.0055,400000
1361,400,-15.082,0,3,21,0,0,1,0.121,0.0055,400000
1362,295,-21.801,1,9,25,1,0,0,0.12,0.0055,400000
1363,400,-16.355,0,9,18,0,0,1,0.119,0.0055,400000
1364,242,-20.454,1,7,12,1,0,0,0.119,0.0055,400000
1365,250,-18.843,0,6,21,1,0,0,0.118,0.0055,400000
1366,400,-13.285,2,16,23,0,0,1,0.117,0.0054,400000
1367,400,-13.144,2,16,18,0,0,1,0.117,0.0054,400000
1368,177,-14.973,3,14,11,1,0,0,0.116,0.0054,400000
1369,400,-12.697,1,14,16,0,0,1,0.115,0.0054,400000
1370,400,-16.303,1,9,25,0,0,1,0.115,0.0054,400000
1371,400,-12.726,0,15,14,0,0,1,0.114,0.0054,400000
1372,228,-21.736,0,9,29,1,0,0,0.113,0.0054,400000
1373,400,-15.556,2,16,33,0,0,1,0.113,0.0054,400000
1374,400,-14.583,2,10,26,0,0,1,0.112,0.0054,400000
1375,278,-20.482,0,3,17,1,0,0,0.111,0.0053,400000
1376,271,-20.777,1,13,13,1,0,0,0.111,0.0053,400000
1377,275,-19.627,0,4,16,1,0,0,0.11,0.0053,400000
1378,226,-20.311,0,8,15,1,0,0,0.11,0.0053,400000
1379,400,-12.201,2,11,18,0,0,1,0.109,0.0053,400000
1380,400,-10.66,2,14,25,0,0,1,0.108,0.0053,400000
1381,137,-15.386,0,5,6,1,0,0,0.108,0.0053,400000
1382,400,-11.694,3,18,25,0,0,1,0.107,0.0053,400000
1383,400,-13.896,0,10,20,0,0,1,0.106,0.0053,400000
1384,400,-15.165,2,17,28,0,0,1,0.106,0.0052,400000
1385,400,-15.82,0,3,23,0,0,1,0.105,0.0052,400000
1386,400,-11.829,3,13,14,0,0,1,0.104,0.0052,400000
1387,400,-10.402,3,12,18,0,0,1,0.104,0.0052,400000
1388,400,-14.757,0,3,28,0,0,1,0.103,0.0052,400000
1389,18,-10.085,0,1,0,1,0,0,0.102,0.0052,400000
1390,400,-12.018,5,11,26,0,0,1,0.102,0.0052,400000
1391,99,-10.932,2,7,5,1,0,0,0.101,0.0052,400000
1392,8,-9.272,0,2,0,1,0,0,0.1,0.0052,400000
1393,400,-14.329,0,7,20,0,0,1,0.1,0.0052,400000
1394,211,-20.891,1,6,16,1,0,0,0.099,0.0051,400000
1395,386,-23.746,3,17,23,1,0,0,0.099,0.0051,400000
1396,255,-21.271,2,12,15,1,0,0,0.098,0.0051,400000
1397,228,-19.639,2,5,12,1,0,0,0.097,0.0051,400000
1398,400,-13.469,0,9,11,0,0,1,0.097,0.0051,400000
1399,105,-15.16,0,6,2,1,0,0,0.096,0.0051,400000
1400,400,-12.896,0,8,18,0,0,1,0.095,0.0051,400000
1401,400,-11.224,1,17,20,0,0,1,0.095,0.0051,400000
1402,400,-14.019,1,6,11,0,0,1,0.094,0.0051,400000
1403,400,-12.424,2,8,10,0,0,1,0.093,0.005,400000
1404,255,-21.715,1,8,21,1,0,0,0.093,0.005,400000
1405,400,-16.775,1,9,18,0,0,1,0.092,0.005,400000
1406,400,-14.397,1,6,16,0,0,1,0.091,0.005,400000
1407,400,-15.91,0,8,21,0,0,1,0.091,0.005,400000
1408,400,-11.954,1,13,9,0,0,1,0.09,0.005,400000
1409,56,-11.889,0,2,2,1,0,0,0.089,0.005,400000
1410,400,-13.402,2,7,32,0,0,1,0.089,0.005,400000
1411,400,-15.55,1,6,20,0,0,1,0.088,0.005,400000
1412,22,-16.483,0,3,3,1,0,0,0.088,0.0049,400000
1413,400,-11.121,0,12,7,0,0,1,0.087,0.0049,400000
1414,400,-8.738,2,19,19,0,0,1,0.086,0.0049,400000
1415,400,-7.401,5,17,16,0,0,1,0.086,0.0049,400000
1416,400,-13.15,3,23,30,0,0,1,0.085,0.0049,400000
1417,85,-17.299,0,3,4,1,0,0,0.084,0.0049,400000
1418,400,-10.151,3,15,10,0,0,1,0.084,0.0049,400000
1419,400,-17.516,0,4,16,0,0,1,0.083,0.0049,400000
1420,400,-13.203,2,13,15,0,0,1,0.082,0.0049,400000
1421,83,-17.482,0,3,7,1,0,0,0.082,0.0049,400000
1422,400,-16.049,0,6,17,0,0,1,0.081,0.0048,400000
1423,400,-15.639,0,10,23,0,0,1,0.08,0.0048,400000
1424,400,-12.267,1,14,14,0,0,1,0.08,0.0048,400000
1425,400,-13.782,1,11,22,0,0,1,0.079,0.0048,400000
1426,29,-16.744,0,3,2,1,0,0,0.079,0.0048,400000
1427,60,-18.065,0,2,4,1,0,0,0.078,0.0048,400000
1428,140,-19.056,0,2,3,1,0,0,0.077,0.0048,400000
1429,400,-8.109,3,12,5,0,0,1,0.077,0.0048,400000
1430,376,-26.533,0,9,14,1,0,0,0.076,0.0048,400000
1431,292,-19.736,1,12,16,1,0,0,0.075,0.0047,400000
1432,288,-14.893,4,23,10,1,0,0,0.075,0.0047,400000
1433,178,-21.455,0,3,5,1,0,0,0.074,0.0047,400000
1434,400,-12.696,2,9,23,0,0,1,0.073,0.0047,400000
1435,95,-14.992,1,4,9,1,0,0,0.073,0.0047,400000
1436,400,-14.847,0,7,15,0,0,1,0.072,0.0047,400000
1437,400,-15.568,0,7,17,0,0,1,0.071,0.0047,400000
1438,400,-13.777,1,6,16,0,0,1,0.071,0.0047,400000
1439,400,-14.755,1,5,12,0,0,1,0.07,0.0047,400000
1440,400,-16.199,1,4,15,0,0,1,0.069,0.0047,400000
1441,400,-17.014,0,4,12,0,0,1,0.069,0.0046,400000
1442,400,-10.316,3,12,24,0,0,1,0.068,0.0046,400000
1443,5,-14.112,0,4,0,1,0,0,0.068,0.0046,400000
1444,400,-8.419,6,13,42,0,0,1,0.067,0.0046,400000
1445,60,-16.385,0,3,3,1,0,0,0.066,0.0046,400000
1446,400,-12.731,0,7,21,0,0,1,0.066,0.0046,400000
1447,400,-12.24,2,13,11,0,0,1,0.065,0.0046,400000
1448,400,-13.475,2,17,19,0,0,1,0.064,0.0046,400000
1449,400,-12.559,2,5,14,0,0,1,0.064,0.0046,400000
1450,400,-12.129,1,9,14,0,0,1,0.063,0.0045,400000
1451,15,-15.274,0,3,9,1,0,0,0.062,0.0045,400000
1452,19,-14.864,0,3,2,1,0,0,0.062,0.0045,400000
1453,400,-15.895,1,7,17,0,0,1,0.061,0.0045,400000
1454,235,-23.577,0,3,18,1,0,0,0.06,0.0045,400000
1455,400,-13.578,2,13,25,0,0,1,0.06,0.0045,400000
1456,400,-4.31,6,25,32,0,0,1,0.059,0.0045,400000
1457,31,-15.788,0,4,9,1,0,0,0.058,0.0045,400000
1458,400,-12.123,1,14,19,0,0,1,0.058,0.0045,400000
1459,400,-13.458,0,7,19,0,0,1,0.057,0.0044,400000
1460,250,-21.622,0,8,6,1,0,0,0.057,0.0044,400000
1461,14,-14.5,0,4,1,1,0,0,0.056,0.0044,400000
1462,139,-18.978,0,4,3,1,0,0,0.055,0.0044,400000
1463,400,-12.196,0,7,5,0,0,1,0.055,0.0044,400000
1464,400,-12.235,1,18,17,0,0,1,0.054,0.0044,400000
1465,75,-17.128,0,3,5,1,0,0,0.053,0.0044,400000
1466,32,-15.619,0,2,3,1,0,0,0.053,0.0044,400000
1467,400,-14.244,0,2,15,0,0,1,0.052,0.0044,400000
1468,400,-13.761,0,2,7,0,0,1,0.051,0.0044,400000
1469,400,-8.723,3,22,22,0,0,1,0.051,0.0043,400000
1470,253,-20.835,1,5,7,1,0,0,0.05,0.0043,400000
1471,124,-18.666,0,3,3,1,0,0,0.049,0.0043,400000
1472,70,-16.698,0,3,2,1,0,0,0.049,0.0043,400000
1473,400,-13.688,2,12,54,0,0,1,0.048,0.0043,400000
1474,17,-14.573,0,4,0,1,0,0,0.047,0.0043,400000
1475,160,-19.949,0,4,6,1,0,0,0.047,0.0043,400000
1476,13,-14.536,0,3,0,1,0,0,0.046,0.0043,400000
1477,98,-17.723,0,3,4,1,0,0,0.046,0.0043,400000
1478,29,-15.256,0,3,1,1,0,0,0.045,0.0042,400000
1479,25,-15.919,0,2,1,1,0,0,0.044,0.0042,400000
1480,400,-5.627,7,35,36,0,0,1,0.044,0.0042,400000
1481,400,-2.019,10,39,50,0,0,1,0.043,0.0042,400000
1482,106,-17.744,0,4,1,1,0,0,0.042,0.0042,400000
1483,400,-12.335,2,8,24,0,0,1,0.042,0.0042,400000
1484,19,-14.634,0,4,0,1,0,0,0.041,0.0042,400000
1485,400,-15.533,0,7,56,0,0,1,0.04,0.0042,400000
1486,44,-15.917,0,3,4,1,0,0,0.04,0.0042,400000
1487,400,-7.202,5,12,24,0,0,1,0.039,0.0041,400000
1488,118,-15.99,2,8,36,1,0,0,0.038,0.0041,400000
1489,400,-15.045,3,14,43,0,0,1,0.038,0.0041,400000
1490,400,-11.908,5,24,99,0,0,1,0.037,0.0041,400000
1491,400,-11.287,2,6,5,0,0,1,0.036,0.0041,400000
1492,400,-14.488,0,0,14,0,0,1,0.036,0.0041,400000
1493,400,-14.758,0,7,39,0,0,1,0.035,0.0041,400000
1494,400,-9.449,7,29,65,0,0,1,0.035,0.0041,400000
1495,400,-13.821,0,4,22,0,0,1,0.034,0.0041,400000
1496,327,-20.655,1,12,21,1,0,0,0.033,0.0041,400000
1497,400,-13.855,0,0,5,0,0,1,0.033,0.004,400000
1498,256,-17.228,4,15,67,1,0,0,0.032,0.004,400000
1499,400,-8.096,4,21,50,0,0,1,0.031,0.004,400000
1500,400,-13.695,0,0,3,0,0,1,0.031,0.004,400000
1501,117,-11.287,1,13,16,1,0,0,0.03,0.004,400000
1502,159,-13.496,2,22,16,1,0,0,0.03,0.004,400000
1503,400,-9.156,1,15,6,0,0,1,0.03,0.004,400000
1504,400,-4.306,5,26,29,0,0,1,0.03,0.004,400000
1505,400,-14.346,2,17,57,0,0,1,0.03,0.004,400000
1506,400,-14.214,0,0,10,0,0,1,0.03,0.004,400000
1507,400,-6.17,7,32,115,0,0,1,0.03,0.004,400000
1508,400,-13.276,0,2,5,0,0,1,0.03,0.004,400000
1509,82,-8.927,3,15,5,1,0,0,0.03,0.004,400000
1510,400,-12.494,4,15,34,0,0,1,0.03,0.004,400000
1511,194,-17.338,0,8,2,1,0,0,0.03,0.004,400000
1512,400,-16.346,3,15,13,0,0,1,0.03,0.004,400000
1513,250,-23.246,0,3,5,1,0,0,0.03,0.004,400000
1514,400,-18.246,8,30,64,1,0,0,0.03,0.004,400000
1515,400,-12.566,0,5,5,0,0,1,0.03,0.004,400000
1516,400,3.508,11,39,9,0,0,1,0.03,0.004,400000
1517,400,-13.814,0,0,5,0,0,1,0.03,0.004,400000
1518,400,2.851,7,34,5,0,0,1,0.03,0.004,400000
1519,400,-8.917,4,18,6,0,0,1,0.03,0.004,400000
1520,400,-8.853,3,14,6,0,0,1,0.03,0.004,400000
1521,400,-3.96,6,37,60,0,0,1,0.03,0.004,400000
1522,400,-7.061,4,13,13,0,0,1,0.03,0.004,400000
1523,345,21.29,20,89,7,1,0,0,0.03,0.004,400000
1524,400,-10.633,2,7,25,0,0,1,0.03,0.004,400000
1525,400,-13.686,0,2,12,0,0,1,0.03,0.004,400000
1526,400,-14.054,0,0,8,0,0,1,0.03,0.004,400000
1527,400,-1.517,5,19,5,0,0,1,0.03,0.004,400000
1528,400,-8.093,2,14,9,0,0,1,0.03,0.004,400000
1529,400,-7.516,4,8,10,0,0,1,0.03,0.004,400000
1530,400,-13.295,0,3,7,0,0,1,0.03,0.004,400000
1531,400,-9.96,2,9,9,0,0,1,0.03,0.004,400000
1532,400,-11.623,1,13,2,0,0,1,0.03,0.004,400000
1533,400,5.898,12,36,2,0,0,1,0.03,0.004,400000
1534,400,-13.295,0,3,7,0,0,1,0.03,0.004,400000
1535,400,-13.694,0,0,4,0,0,1,0.03,0.004,400000
1536,400,-9.158,3,8,4,0,0,1,0.03,0.004,400000
1537,400,3.32,8,31,5,0,0,1,0.03,0.004,400000
1538,400,0.279,7,27,6,0,0,1,0.03,0.004,400000
1539,400,-13.175,0,3,6,0,0,1,0.03,0.004,400000
1540,400,-3.391,6,17,5,0,0,1,0.03,0.004,400000
1541,400,-14.399,0,6,45,0,0,1,0.03,0.004,400000
1542,400,-13.135,0,3,5,0,0,1,0.03,0.004,400000
1543,400,-3.056,6,20,6,0,0,1,0.03,0.004,400000
1544,400,-13.724,0,4,9,0,0,1,0.03,0.004,400000
1545,400,-3.298,4,18,6,0,0,1,0.03,0.004,400000
1546,400,-14.054,0,0,8,0,0,1,0.03,0.004,400000
1547,400,14.717,16,35,5,0,0,1,0.03,0.004,400000
1548,400,-13.135,0,3,5,0,0,1,0.03,0.004,400000
1549,400,-12.609,0,5,7,0,0,1,0.03,0.004,400000
1550,400,-7.592,3,16,9,0,0,1,0.03,0.004,400000
1551,400,-11.843,0,3,4,0,0,1,0.03,0.004,400000
1552,400,-8.164,2,13,9,0,0,1,0.03,0.004,400000
1553,68,-11.76,0,2,1,1,0,0,0.03,0.004,400000
1554,400,-6.718,2,11,4,0,0,1,0.03,0.004,400000
1555,365,-21.156,0,8,4,1,0,0,0.03,0.004,400000
1556,400,-6.302,3,11,5,0,0,1,0.03,0.004,400000
1557,328,-7.226,5,33,6,1,0,0,0.03,0.004,400000
1558,400,-3.417,4,13,13,0,0,1,0.03,0.004,400000
1559,400,-4.717,4,13,6,0,0,1,0.03,0.004,400000
1560,129,-10.976,1,6,3,1,0,0,0.03,0.004,400000
1561,400,-6.706,2,9,7,0,0,1,0.03,0.004,400000
1562,241,-17.517,0,3,3,1,0,0,0.03,0.004,400000
1563,400,-13.293,0,3,8,0,0,1,0.03,0.004,400000
1564,400,-12.015,1,4,5,0,0,1,0.03,0.004,400000
1565,400,-8.745,0,10,3,0,0,1,0.03,0.004,400000
1566,400,-4.041,3,19,5,0,0,1,0.03,0.004,400000
1567,400,-13.116,0,2,3,0,0,1,0.03,0.004,400000
1568,400,-13.494,0,0,1,0,0,1,0.03,0.004,400000
1569,400,10.448,11,38,3,0,0,1,0.03,0.004,400000
1570,400,-9.628,2,4,1,0,0,1,0.03,0.004,400000
1571,400,-3.699,4,18,5,0,0,1,0.03,0.004,400000
1572,400,-14.294,0,0,11,0,0,1,0.03,0.004,400000
1573,400,-4.072,7,16,43,0,0,1,0.03,0.004,400000
1574,400,0.106,8,23,5,0,0,1,0.03,0.004,400000
1575,400,-13.652,0,0,4,0,0,1,0.03,0.004,400000
1576,400,-11.816,0,6,2,0,0,1,0.03,0.004,400000
1577,5,-14.212,0,3,0,1,0,0,0.03,0.004,400000
1578,400,-13.29,0,6,4,0,0,1,0.03,0.004,400000
1579,400,-12.052,1,4,7,0,0,1,0.03,0.004,400000
1580,400,5.749,10,41,6,0,0,1,0.03,0.004,400000
1581,400,-13.083,0,2,3,0,0,1,0.03,0.004,400000
1582,400,6.258,10,34,7,0,0,1,0.03,0.004,400000
1583,400,-1.339,8,13,15,0,0,1,0.03,0.004,400000
1584,400,7.025,9,42,5,0,0,1,0.03,0.004,400000
1585,400,21.758,14,73,5,0,0,1,0.03,0.004,400000
1586,400,-7.476,3,16,1,0,0,1,0.03,0.004,400000
1587,400,-3.835,4,18,2,0,0,1,0.03,0.004,400000
1588,400,-3.912,4,15,6,0,0,1,0.03,0.004,400000
1589,400,-13.531,0,0,4,0,0,1,0.03,0.004,400000
1590,400,-2.531,3,14,14,0,0,1,0.03,0.004,400000
1591,400,-0.738,7,24,5,0,0,1,0.03,0.004,400000
1592,400,-12.959,0,5,5,0,0,1,0.03,0.004,400000
1593,400,1.645,7,26,6,0,0,1,0.03,0.004,400000
1594,400,-6.41,5,18,4,0,0,1,0.03,0.004,400000
1595,400,-9.644,4,16,25,0,0,1,0.03,0.004,400000
1596,400,-12.162,0,5,6,0,0,1,0.03,0.004,400000
1597,400,-12.191,0,12,9,0,0,1,0.03,0.004,400000
1598,400,-11.695,1,3,8,0,0,1,0.03,0.004,400000
1599,400,-14.095,0,0,8,0,0,1,0.03,0.004,400000
1600,400,-13.932,0,0,8,0,0,1,0.03,0.004,400000
1601,400,-13.419,0,0,5,0,0,1,0.03,0.004,400000
1602,400,-12.038,1,3,8,0,0,1,0.03,0.004,400000
1603,400,-13.408,0,1,6,0,0,1,0.03,0.004,400000
1604,400,-13.296,0,1,4,0,0,1,0.03,0.004,400000
1605,400,-7.868,2,12,8,0,0,1,0.03,0.004,400000
1606,400,-12.703,0,5,11,0,0,1,0.03,0.004,400000
1607,400,21.876,16,68,3,0,0,1,0.03,0.004,400000
1608,400,24.301,17,59,6,0,0,1,0.03,0.004,400000
1609,400,5.116,9,32,8,0,0,1,0.03,0.004,400000
1610,400,-12.811,0,3,9,0,0,1,0.03,0.004,400000
1611,400,-12.977,3,7,87,0,0,1,0.03,0.004,400000
1612,400,14.557,16,40,41,0,0,1,0.03,0.004,400000
1613,400,-9.547,1,9,5,0,0,1,0.03,0.004,400000
1614,400,14.475,15,31,12,0,0,1,0.03,0.004,400000
1615,338,-10.581,8,39,76,1,0,0,0.03,0.004,400000
1616,400,20.008,20,65,123,0,0,1,0.03,0.004,400000
1617,400,8.019,10,22,11,0,0,1,0.03,0.004,400000
1618,400,36.049,28,68,26,0,0,1,0.03,0.004,400000
1619,45,-5.364,5,19,3,1,0,0,0.03,0.004,400000
1620,400,-7.647,1,6,5,0,0,1,0.03,0.004,400000
1621,215,2.12,13,39,47,1,0,0,0.03,0.004,400000
1622,400,7.232,9,29,26,0,0,1,0.03,0.004,400000
1623,13,-9.022,0,6,0,1,0,0,0.03,0.004,400000
1624,400,-4.239,5,28,5,0,0,1,0.03,0.004,400000
1625,400,-2.4,5,23,6,0,0,1,0.03,0.004,400000
1626,400,17.318,14,40,31,0,0,1,0.03,0.004,400000
1627,400,9.67,13,35,10,0,0,1,0.03,0.004,400000
1628,400,14.519,14,40,24,0,0,1,0.03,0.004,400000
1629,400,10.89,11,28,37,0,0,1,0.03,0.004,400000
1630,400,1.372,9,23,4,0,0,1,0.03,0.004,400000
1631,400,21.26,20,41,45,0,0,1,0.03,0.004,400000
1632,400,48.667,33,90,54,0,0,1,0.03,0.004,400000
1633,400,27.253,24,69,95,0,0,1,0.03,0.004,400000
1634,43,-6.966,2,17,1,1,0,0,0.03,0.004,400000
1635,400,22.64,20,55,49,0,0,1,0.03,0.004,400000
1636,400,36.506,29,71,61,0,0,1,0.03,0.004,400000
1637,400,14.812,14,49,40,0,0,1,0.03,0.004,400000
1638,400,42.69,32,83,85,0,0,1,0.03,0.004,400000
1639,74,-1.838,7,19,5,1,0,0,0.03,0.004,400000
1640,400,16.55,16,61,75,0,0,1,0.03,0.004,400000
1641,142,-1.05,7,26,37,1,0,0,0.03,0.004,400000
1642,400,14.546,16,52,52,0,0,1,0.03,0.004,400000
1643,400,11.738,15,43,62,0,0,1,0.03,0.004,400000
1644,400,26.322,22,56,42,0,0,1,0.03,0.004,400000
1645,400,33.87,29,68,63,0,0,1,0.03,0.004,400000
1646,369,15.957,22,62,14,1,0,0,0.03,0.004,400000
1647,245,7.421,16,45,51,1,0,0,0.03,0.004,400000
1648,400,21.593,24,48,116,0,0,1,0.03,0.004,400000
1649,400,26.75,24,59,56,0,0,1,0.03,0.004,400000
1650,400,25.864,22,56,29,0,0,1,0.03,0.004,400000
1651,400,22.532,20,58,42,0,0,1,0.03,0.004,400000
1652,400,49.561,33,96,28,0,0,1,0.03,0.004,400000
1653,400,18.107,18,59,44,0,0,1,0.03,0.004,400000
1654,144,4.539,8,35,7,1,0,0,0.03,0.004,400000
1655,184,19.139,18,52,17,1,0,0,0.03,0.004,400000
1656,174,-15.679,2,10,4,1,0,0,0.03,0.004,400000
1657,230,9.541,14,50,33,1,0,0,0.03,0.004,400000
1658,400,51.646,35,95,43,0,0,1,0.03,0.004,400000
1659,400,-2.067,8,22,21,0,0,1,0.03,0.004,400000
1660,400,4.377,11,26,10,0,0,1,0.03,0.004,400000
1661,394,27.87,27,73,35,1,0,0,0.03,0.004,400000
1662,400,27.823,23,66,86,0,0,1,0.03,0.004,400000
1663,169,1.069,11,32,37,1,0,0,0.03,0.004,400000
1664,306,-0.667,11,26,3,1,0,0,0.03,0.004,400000
1665,27,-8.639,2,10,0,1,0,0,0.03,0.004,400000
1666,400,22.738,22,54,62,0,0,1,0.03,0.004,400000
1667,400,30.988,27,65,58,0,0,1,0.03,0.004,400000
1668,400,29.058,26,65,28,0,0,1,0.03,0.004,400000
1669,131,9.457,13,46,5,1,0,0,0.03,0.004,400000
1670,112,-13.194,1,12,2,1,0,0,0.03,0.004,400000
1671,6,-9.592,0,2,0,1,0,0,0.03,0.004,400000
1672,72,-3.345,6,22,4,1,0,0,0.03,0.004,400000
1673,400,10.291,16,45,41,0,0,1,0.03,0.004,400000
1674,354,-10.784,8,27,7,1,0,0,0.03,0.004,400000
1675,400,34.17,27,69,86,0,0,1,0.03,0.004,400000
1676,400,-16.704,0,2,9,0,0,1,0.03,0.004,400000
1677,34,-11.523,1,6,5,1,0,0,0.03,0.004,400000
1678,400,27.374,23,64,83,0,0,1,0.03,0.004,400000
1679,200,6.803,15,42,38,1,0,0,0.03,0.004,400000
1680,400,27.704,25,62,102,0,0,1,0.03,0.004,400000
1681,64,-0.832,5,16,0,1,0,0,0.03,0.004,400000
1682,130,3.649,14,27,24,1,0,0,0.03,0.004,400000
1683,90,-5.648,7,22,25,1,0,0,0.03,0.004,400000
1684,400,32.647,27,69,78,0,0,1,0.03,0.004,400000
1685,400,49.43,35,89,53,0,0,1,0.03,0.004,400000
1686,400,46.077,33,88,57,0,0,1,0.03,0.004,400000
1687,5,-16.945,0,2,3,1,0,0,0.03,0.004,400000
1688,400,32.4,29,69,102,0,0,1,0.03,0.004,400000
1689,400,53.851,39,89,33,0,0,1,0.03,0.004,400000
1690,400,39.436,27,69,37,0,0,1,0.03,0.004,400000
1691,69,0.221,9,24,3,1,0,0,0.03,0.004,400000
1692,400,18.87,21,59,131,0,0,1,0.03,0.004,400000
1693,400,30.705,24,53,61,0,0,1,0.03,0.004,400000
1694,400,38.529,31,71,88,0,0,1,0.03,0.004,400000
1695,400,59.234,38,100,30,0,0,1,0.03,0.004,400000
1696,199,27.044,24,58,2,1,0,0,0.03,0.004,400000
1697,22,-8.19,0,8,0,1,0,0,0.03,0.004,400000
1698,137,19.783,19,48,5,1,0,0,0.03,0.004,400000
1699,235,11.23,17,50,37,1,0,0,0.03,0.004,400000
1700,400,64.797,41,107,22,0,0,1,0.03,0.004,400000
1701,288,32.128,26,74,11,1,0,0,0.03,0.004,400000
1702,400,66.768,40,109,11,0,0,1,0.03,0.004,400000
1703,244,22.009,21,56,5,1,0,0,0.03,0.004,400000
1704,253,12.981,16,44,20,1,0,0,0.03,0.004,400000
1705,400,42.893,27,79,3,0,0,1,0.03,0.004,400000
1706,400,41.184,27,74,6,0,0,1,0.03,0.004,400000
1707,64,1.585,7,20,1,1,0,0,0.03,0.004,400000
1708,400,44.051,31,73,2,0,0,1,0.03,0.004,400000
1709,400,61.458,39,92,2,0,0,1,0.03,0.004,400000
1710,400,68.335,40,107,6,0,0,1,0.03,0.004,400000
1711,320,47.295,38,90,6,1,0,0,0.03,0.004,400000
1712,400,64.251,38,101,2,0,0,1,0.03,0.004,400000
1713,400,70.101,42,109,2,0,0,1,0.03,0.004,400000
1714,63,-8.87,2,15,3,1,0,0,0.03,0.004,400000
1715,266,36.928,31,77,2,1,0,0,0.03,0.004,400000
1716,344,49.577,34,101,3,1,0,0,0.03,0.004,400000
1717,400,67.624,41,104,7,0,0,1,0.03,0.004,400000
1718,400,69.436,42,106,1,0,0,1,0.03,0.004,400000
1719,18,-10.109,1,6,0,1,0,0,0.03,0.004,400000
1720,48,-8.764,2,18,3,1,0,0,0.03,0.004,400000
1721,400,66.16,40,103,6,0,0,1,0.03,0.004,400000
1722,254,25.514,26,66,5,1,0,0,0.03,0.004,400000
1723,400,64.3,38,96,2,0,0,1,0.03,0.004,400000
1724,400,68.35,43,102,6,0,0,1,0.03,0.004,400000
1725,400,66.063,40,100,6,0,0,1,0.03,0.004,400000
1726,400,53.066,33,88,3,0,0,1,0.03,0.004,400000
1727,400,70.608,43,107,2,0,0,1,0.03,0.004,400000
1728,140,15.638,15,44,1,1,0,0,0.03,0.004,400000
1729,400,63.499,35,102,4,0,0,1,0.03,0.004,400000
1730,173,20.742,19,44,2,1,0,0,0.03,0.004,400000
1731,400,80.254,49,115,1,0,0,1,0.03,0.004,400000
1732,208,3.92,12,37,3,1,0,0,0.03,0.004,400000
1733,49,-15.711,0,4,0,1,0,0,0.03,0.004,400000
1734,360,34.567,28,90,5,1,0,0,0.03,0.004,400000
1735,400,71.067,43,112,1,0,0,1,0.03,0.004,400000
1736,400,64.872,39,107,4,0,0,1,0.03,0.004,400000
1737,7,-9.136,0,3,0,1,0,0,0.03,0.004,400000
1738,400,67.187,40,108,4,0,0,1,0.03,0.004,400000
1739,400,63.687,37,100,3,0,0,1,0.03,0.004,400000
1740,400,66.608,42,107,6,0,0,1,0.03,0.004,400000
1741,400,66.452,41,110,2,0,0,1,0.03,0.004,400000
1742,305,38.829,28,77,2,1,0,0,0.03,0.004,400000
1743,400,67.368,42,105,3,0,0,1,0.03,0.004,400000
1744,146,12.132,13,37,1,1,0,0,0.03,0.004,400000
1745,193,22.909,19,64,3,1,0,0,0.03,0.004,400000
1746,400,65.753,39,103,1,0,0,1,0.03,0.004,400000
1747,179,21.682,20,47,4,1,0,0,0.03,0.004,400000
1748,260,35.073,30,83,3,1,0,0,0.03,0.004,400000
1749,14,-8.842,0,5,0,1,0,0,0.03,0.004,400000
1750,200,24.781,22,61,3,1,0,0,0.03,0.004,400000
1751,7,-14.433,0,4,2,1,0,0,0.03,0.004,400000
1752,147,11.428,16,42,2,1,0,0,0.03,0.004,400000
1753,400,55.404,35,80,21,0,0,1,0.03,0.004,400000
1754,400,64.035,40,106,12,0,0,1,0.03,0.004,400000
1755,11,-15.09,0,2,6,1,0,0,0.03,0.004,400000
1756,400,59.727,39,95,22,0,0,1,0.03,0.004,400000
1757,400,69.403,43,97,5,0,0,1,0.03,0.004,400000
1758,7,-14.463,0,4,3,1,0,0,0.03,0.004,400000
1759,5,-14.162,0,3,0,1,0,0,0.03,0.004,400000
1760,400,65.528,39,95,6,0,0,1,0.03,0.004,400000
1761,8,-15.672,0,1,4,1,0,0,0.03,0.004,400000
1762,32,-8.629,3,10,5,1,0,0,0.03,0.004,400000
1763,400,60.782,41,94,21,0,0,1,0.03,0.004,400000
1764,400,63.871,39,109,10,0,0,1,0.03,0.004,400000
1765,400,66.898,42,98,10,0,0,1,0.03,0.004,400000
1766,197,25.578,24,60,4,1,0,0,0.03,0.004,400000
1767,400,62.041,38,100,7,0,0,1,0.03,0.004,400000
1768,63,2.141,6,27,0,1,0,0,0.03,0.004,400000
1769,400,64.755,38,111,9,0,0,1,0.03,0.004,400000
1770,400,71.357,46,112,6,0,0,1,0.03,0.004,400000
1771,386,57.457,44,94,4,1,0,0,0.03,0.004,400000
1772,356,57.452,42,98,5,1,0,0,0.03,0.004,400000
1773,278,44.351,34,80,5,1,0,0,0.03,0.004,400000
1774,102,8.394,10,32,2,1,0,0,0.03,0.004,400000
1775,31,-5.901,2,13,1,1,0,0,0.03,0.004,400000
1776,400,73.321,45,112,4,0,0,1,0.03,0.004,400000
1777,400,72.834,45,109,6,0,0,1,0.03,0.004,400000
1778,400,62.051,37,101,18,0,0,1,0.03,0.004,400000
1779,357,51.755,37,97,5,1,0,0,0.03,0.004,400000
1780,400,64.376,38,111,4,0,0,1,0.03,0.004,400000
1781,330,39.897,29,86,3,1,0,0,0.03,0.004,400000
1782,400,76.851,46,113,3,0,0,1,0.03,0.004,400000
1783,400,70.295,44,109,5,0,0,1,0.03,0.004,400000
1784,400,69.548,44,97,5,0,0,1,0.03,0.004,400000
1785,21,-9.231,2,10,2,1,0,0,0.03,0.004,400000
1786,400,68.122,42,96,4,0,0,1,0.03,0.004,400000
1787,141,13.389,17,39,6,1,0,0,0.03,0.004,400000
1788,7,-14.47,0,4,3,1,0,0,0.03,0.004,400000
1789,400,69.102,41,106,6,0,0,1,0.03,0.004,400000
1790,266,39.227,30,78,6,1,0,0,0.03,0.004,400000
1791,260,39.874,35,63,5,1,0,0,0.03,0.004,400000
1792,400,72.878,48,110,9,0,0,1,0.03,0.004,400000
1793,209,29.601,26,76,4,1,0,0,0.03,0.004,400000
1794,400,71.921,44,107,6,0,0,1,0.03,0.004,400000
1795,400,71.184,45,112,10,0,0,1,0.03,0.004,400000
1796,215,29.02,24,63,3,1,0,0,0.03,0.004,400000
1797,45,-9.31,1,16,2,1,0,0,0.03,0.004,400000
1798,400,60.338,39,87,16,0,0,1,0.03,0.004,400000
1799,400,67.703,40,102,3,0,0,1,0.03,0.004,400000
1800,400,73.472,45,108,1,0,0,1,0.03,0.004,400000
1801,400,71.135,43,102,5,0,0,1,0.03,0.004,400000
1802,10,-14.996,0,4,9,1,0,0,0.03,0.004,400000
1803,336,44.174,35,87,5,1,0,0,0.03,0.004,400000
1804,400,44.177,27,82,5,0,0,1,0.03,0.004,400000
1805,400,61.56,38,97,6,0,0,1,0.03,0.004,400000
1806,400,52.078,36,77,3,0,0,1,0.03,0.004,400000
1807,400,74.914,46,117,5,0,0,1,0.03,0.004,400000
1808,400,55.452,36,75,7,0,0,1,0.03,0.004,400000
1809,400,74.165,46,109,3,0,0,1,0.03,0.004,400000
1810,400,70.935,46,100,4,0,0,1,0.03,0.004,400000
1811,400,69.381,41,106,4,0,0,1,0.03,0.004,400000
1812,304,37.395,32,79,5,1,0,0,0.03,0.004,400000
1813,400,64.164,38,96,3,0,0,1,0.03,0.004,400000
1814,400,70.924,42,112,6,0,0,1,0.03,0.004,400000
1815,400,63.784,42,86,7,0,0,1,0.03,0.004,400000
1816,394,55.396,39,110,5,1,0,0,0.03,0.004,400000
1817,283,34.085,29,73,4,1,0,0,0.03,0.004,400000
1818,313,44.65,34,78,6,1,0,0,0.03,0.004,400000
1819,400,70.67,46,100,9,0,0,1,0.03,0.004,400000
1820,6,-9.492,0,3,0,1,0,0,0.03,0.004,400000
1821,400,70.684,43,104,10,0,0,1,0.03,0.004,400000
1822,400,74.096,47,110,4,0,0,1,0.03,0.004,400000
1823,193,29.548,26,62,2,1,0,0,0.03,0.004,400000
1824,400,68.456,42,100,1,0,0,1,0.03,0.004,400000
1825,400,69.733,43,97,3,0,0,1,0.03,0.004,400000
1826,221,32.759,25,70,1,1,0,0,0.03,0.004,400000
1827,28,-7.818,4,12,3,1,0,0,0.03,0.004,400000
1828,43,-9.359,2,13,3,1,0,0,0.03,0.004,400000
1829,400,76.327,46,108,4,0,0,1,0.03,0.004,400000
1830,119,6.091,12,41,5,1,0,0,0.03,0.004,400000
1831,400,57.739,36,98,5,0,0,1,0.03,0.004,400000
1832,400,54.558,35,81,5,0,0,1,0.03,0.004,400000
1833,13,-8.63,0,6,0,1,0,0,0.03,0.004,400000
1834,53,-2.082,4,15,1,1,0,0,0.03,0.004,400000
1835,400,63.885,38,90,4,0,0,1,0.03,0.004,400000
1836,400,46.281,29,74,3,0,0,1,0.03,0.004,400000
1837,400,51.353,33,78,2,0,0,1,0.03,0.004,400000
1838,138,18.308,18,49,3,1,0,0,0.03,0.004,400000
1839,400,61.229,37,95,2,0,0,1,0.03,0.004,400000
1840,400,55.121,36,81,3,0,0,1,0.03,0.004,400000
1841,400,42.218,25,78,2,0,0,1,0.03,0.004,400000
1842,400,56.971,36,95,4,0,0,1,0.03,0.004,400000
1843,96,-12.069,1,7,2,1,0,0,0.03,0.004,400000
1844,400,75.437,46,110,0,0,0,1,0.03,0.004,400000
1845,400,-3.067,1,4,4,0,0,1,0.03,0.004,400000
1846,35,-3.785,3,12,0,1,0,0,0.03,0.004,400000
1847,400,38.273,25,58,2,0,0,1,0.03,0.004,400000
1848,400,30.57,21,48,6,0,0,1,0.03,0.004,400000
1849,82,3.919,10,30,0,1,0,0,0.03,0.004,400000
1850,78,-7.823,1,11,2,1,0,0,0.03,0.004,400000
1851,400,61.485,38,89,6,0,0,1,0.03,0.004,400000
1852,400,46.912,27,83,4,0,0,1,0.03,0.004,400000
1853,400,37.441,24,55,2,0,0,1,0.03,0.004,400000
1854,400,34.855,24,55,4,0,0,1,0.03,0.004,400000
1855,400,31.701,22,62,5,0,0,1,0.03,0.004,400000
1856,400,46.054,30,68,6,0,0,1,0.03,0.004,400000
1857,400,14.219,10,29,3,0,0,1,0.03,0.004,400000
1858,235,-0.79,9,22,3,1,0,0,0.03,0.004,400000
1859,135,15.158,15,46,1,1,0,0,0.03,0.004,400000
1860,400,68.731,41,103,2,0,0,1,0.03,0.004,400000
1861,400,35.589,24,53,5,0,0,1,0.03,0.004,400000
1862,128,9.532,14,36,4,1,0,0,0.03,0.004,400000
1863,400,58.365,36,91,4,0,0,1,0.03,0.004,400000
1864,60,-4.829,4,24,3,1,0,0,0.03,0.004,400000
1865,130,7.531,14,32,6,1,0,0,0.03,0.004,400000
1866,19,-9.381,2,7,2,1,0,0,0.03,0.004,400000
1867,84,0.13,7,34,0,1,0,0,0.03,0.004,400000
1868,400,43.032,28,64,1,0,0,1,0.03,0.004,400000
1869,48,-3.932,5,19,1,1,0,0,0.03,0.004,400000
1870,297,1.479,7,26,2,1,0,0,0.03,0.004,400000
1871,400,67.207,41,106,5,0,0,1,0.03,0.004,400000
1872,28,-10.244,2,9,3,1,0,0,0.03,0.004,400000
1873,391,59.595,43,102,2,1,0,0,0.03,0.004,400000
1874,400,67.21,40,100,4,0,0,1,0.03,0.004,400000
1875,46,-4.567,5,17,2,1,0,0,0.03,0.004,400000
1876,400,41.095,25,62,3,0,0,1,0.03,0.004,400000
1877,307,29.032,25,72,9,1,0,0,0.03,0.004,400000
1878,99,10.77,13,29,0,1,0,0,0.03,0.004,400000
1879,400,50.578,33,81,6,0,0,1,0.03,0.004,400000
1880,230,10.767,16,36,5,1,0,0,0.03,0.004,400000
1881,400,64.555,40,93,3,0,0,1,0.03,0.004,400000
1882,400,66.148,38,103,3,0,0,1,0.03,0.004,400000
1883,400,63.937,38,100,4,0,0,1,0.03,0.004,400000
1884,400,35.286,24,53,4,0,0,1,0.03,0.004,400000
1885,244,23.661,22,62,6,1,0,0,0.03,0.004,400000
1886,29,-9.306,2,12,2,1,0,0,0.03,0.004,400000
1887,400,48.274,28,77,5,0,0,1,0.03,0.004,400000
1888,380,51.204,42,86,5,1,0,0,0.03,0.004,400000
1889,116,9.738,12,33,1,1,0,0,0.03,0.004,400000
1890,29,-10.793,3,8,3,1,0,0,0.03,0.004,400000
1891,400,56.97,36,85,5,0,0,1,0.03,0.004,400000
1892,400,48.083,31,84,6,0,0,1,0.03,0.004,400000
1893,400,30.89,23,52,1,0,0,1,0.03,0.004,400000
1894,400,43.419,29,58,2,0,0,1,0.03,0.004,400000
1895,400,20.542,16,35,4,0,0,1,0.03,0.004,400000
1896,400,56.906,37,86,1,0,0,1,0.03,0.004,400000
1897,400,70.208,43,106,2,0,0,1,0.03,0.004,400000
1898,400,61.607,37,93,2,0,0,1,0.03,0.004,400000
1899,400,70.279,42,113,6,0,0,1,0.03,0.004,400000
1900,116,10.861,11,40,3,1,0,0,0.03,0.004,400000
1901,400,69.497,42,102,4,0,0,1,0.03,0.004,400000
1902,43,-3.564,3,16,0,1,0,0,0.03,0.004,400000
1903,160,18.256,17,56,5,1,0,0,0.03,0.004,400000
1904,310,47.198,35,91,5,1,0,0,0.03,0.004,400000
1905,400,42.112,28,61,3,0,0,1,0.03,0.004,400000
1906,349,48.737,36,97,2,1,0,0,0.03,0.004,400000
1907,7,-10.063,0,3,1,1,0,0,0.03,0.004,400000
1908,400,54.144,34,91,4,0,0,1,0.03,0.004,400000
1909,400,43.865,28,74,5,0,0,1,0.03,0.004,400000
1910,80,3.768,10,26,2,1,0,0,0.03,0.004,400000
1911,28,-7.499,2,13,1,1,0,0,0.03,0.004,400000
1912,400,-7.231,3,12,4,0,0,1,0.03,0.004,400000
1913,400,38.454,29,64,2,0,0,1,0.03,0.004,400000
1914,400,3.666,9,23,7,0,0,1,0.03,0.004,400000
1915,10,-16.223,0,3,3,1,0,0,0.03,0.004,400000
1916,7,-15.319,0,2,2,1,0,0,0.03,0.004,400000
1917,87,-3.046,4,18,0,1,0,0,0.03,0.004,400000
1918,400,52.969,37,89,7,0,0,1,0.03,0.004,400000
1919,400,51.288,34,69,4,0,0,1,0.03,0.004,400000
1920,122,10.036,15,38,4,1,0,0,0.03,0.004,400000
1921,25,-8.77,2,13,3,1,0,0,0.03,0.004,400000
1922,353,13.846,17,38,4,1,0,0,0.03,0.004,400000
1923,170,16.929,17,52,1,1,0,0,0.03,0.004,400000
1924,400,51.724,35,69,3,0,0,1,0.03,0.004,400000
1925,400,59.495,36,99,6,0,0,1,0.03,0.004,400000
1926,400,52.225,34,74,8,0,0,1,0.03,0.004,400000
1927,400,70.13,44,97,4,0,0,1,0.03,0.004,400000
1928,140,14.428,14,42,2,1,0,0,0.03,0.004,400000
1929,126,17.43,17,39,0,1,0,0,0.03,0.004,400000
1930,400,74.528,45,115,2,0,0,1,0.03,0.004,400000
1931,146,19.496,20,46,1,1,0,0,0.03,0.004,400000
1932,400,61.396,38,87,2,0,0,1,0.03,0.004,400000
1933,400,36.122,25,53,3,0,0,1,0.03,0.004,400000
1934,306,43.31,33,86,5,1,0,0,0.03,0.004,400000
1935,245,33.105,29,73,2,1,0,0,0.03,0.004,400000
1936,400,61.518,38,94,2,0,0,1,0.03,0.004,400000
1937,400,45.23,30,71,4,0,0,1,0.03,0.004,400000
1938,400,65.62,41,101,5,0,0,1,0.03,0.004,400000
1939,52,-8.443,1,16,2,1,0,0,0.03,0.004,400000
1940,400,45.152,28,63,4,0,0,1,0.03,0.004,400000
1941,19,-9.587,1,8,0,1,0,0,0.03,0.004,400000
1942,400,61.3,35,94,2,0,0,1,0.03,0.004,400000
1943,249,13.451,13,43,1,1,0,0,0.03,0.004,400000
1944,175,21.396,22,54,4,1,0,0,0.03,0.004,400000
1945,131,7.86,13,42,4,1,0,0,0.03,0.004,400000
1946,400,68.939,41,111,4,0,0,1,0.03,0.004,400000
1947,400,23.584,15,48,3,0,0,1,0.03,0.004,400000
1948,400,17.309,14,23,0,0,0,1,0.03,0.004,400000
1949,400,20.28,15,36,6,0,0,1,0.03,0.004,400000
1950,46,-4.121,5,14,2,1,0,0,0.03,0.004,400000
1951,400,59.049,37,81,2,0,0,1,0.03,0.004,400000
1952,400,1.792,3,12,5,0,0,1,0.03,0.004,400000
1953,400,43.927,28,67,2,0,0,1,0.03,0.004,400000
1954,400,42.764,26,77,14,0,0,1,0.03,0.004,400000
1955,400,53.562,34,76,4,0,0,1,0.03,0.004,400000
1956,400,8.713,6,24,4,0,0,1,0.03,0.004,400000
1957,400,34.825,25,58,33,0,0,1,0.03,0.004,400000
1958,400,57.297,36,80,5,0,0,1,0.03,0.004,400000
1959,65,1.819,5,26,0,1,0,0,0.03,0.004,400000
1960,400,38.923,25,59,13,0,0,1,0.03,0.004,400000
1961,332,50.881,36,92,6,1,0,0,0.03,0.004,400000
1962,109,1.031,9,28,4,1,0,0,0.03,0.004,400000
1963,400,18.902,14,35,5,0,0,1,0.03,0.004,400000
1964,137,17.713,17,41,1,1,0,0,0.03,0.004,400000
1965,298,41.933,34,86,6,1,0,0,0.03,0.004,400000
1966,160,23.129,20,53,0,1,0,0,0.03,0.004,400000
1967,51,1.27,7,17,2,1,0,0,0.03,0.004,400000
1968,400,47.239,30,79,39,0,0,1,0.03,0.004,400000
1969,125,11.041,11,44,1,1,0,0,0.03,0.004,400000
1970,16,-7.654,1,5,0,1,0,0,0.03,0.004,400000
1971,296,39.337,28,83,4,1,0,0,0.03,0.004,400000
1972,111,6.399,10,36,1,1,0,0,0.03,0.004,400000
1973,222,27.128,23,65,6,1,0,0,0.03,0.004,400000
1974,48,-8.025,3,13,4,1,0,0,0.03,0.004,400000
1975,16,-7.505,1,5,0,1,0,0,0.03,0.004,400000
1976,210,17.399,20,56,7,1,0,0,0.03,0.004,400000
1977,170,15.786,15,48,8,1,0,0,0.03,0.004,400000
1978,400,48.982,32,74,35,0,0,1,0.03,0.004,400000
1979,400,53.456,36,79,27,0,0,1,0.03,0.004,400000
1980,12,-15.294,0,4,10,1,0,0,0.03,0.004,400000
1981,279,36.578,33,79,18,1,0,0,0.03,0.004,400000
1982,7,-14.829,0,2,5,1,0,0,0.03,0.004,400000
1983,400,56.218,36,95,39,0,0,1,0.03,0.004,400000
1984,400,55.728,37,99,55,0,0,1,0.03,0.004,400000
1985,107,5.919,10,31,7,1,0,0,0.03,0.004,400000
1986,247,12.476,18,42,36,1,0,0,0.03,0.004,400000
1987,320,-2.523,11,31,103,1,0,0,0.03,0.004,400000
1988,400,58.645,41,83,47,0,0,1,0.03,0.004,400000
1989,198,4.141,12,42,45,1,0,0,0.03,0.004,400000
1990,15,-15.907,0,2,14,1,0,0,0.03,0.004,400000
1991,144,12.013,14,45,17,1,0,0,0.03,0.004,400000
1992,101,-7.144,5,16,33,1,0,0,0.03,0.004,400000
1993,370,28.294,31,81,62,1,0,0,0.03,0.004,400000
1994,299,6.082,16,41,78,1,0,0,0.03,0.004,400000
1995,400,37.626,29,73,81,0,0,1,0.03,0.004,400000
1996,352,20.106,27,71,91,1,0,0,0.03,0.004,400000
1997,41,-5.268,1,15,3,1,0,0,0.03,0.004,400000
1998,400,32.27,25,70,62,0,0,1,0.03,0.004,400000
1999,21,-9.495,2,7,4,1,0,0,0.03,0.004,400000
2000,31,-7.858,4,9,2,1,0,0,0.03,0.004,400000
2001,7,-14.729,0,3,5,1,0,0,0.03,0.004,400000
2002,9,-14.951,0,3,7,1,0,0,0.03,0.004,400000
2003,400,37.739,30,68,88,0,0,1,0.03,0.004,400000
2004,400,60.209,38,100,26,0,0,1,0.03,0.004,400000
2005,25,-9.971,2,5,6,1,0,0,0.03,0.004,400000
2006,400,39.662,27,63,25,0,0,1,0.03,0.004,400000
2007,400,39.441,22,56,2,0,0,1,0.03,0.004,400000
2008,7,-9.137,0,3,0,1,0,0,0.03,0.004,400000
2009,400,63.982,37,96,5,0,0,1,0.03,0.004,400000
2010,400,65.287,39,102,7,0,0,1,0.03,0.004,400000
2011,76,-2.448,5,22,4,1,0,0,0.03,0.004,400000
2012,252,22.441,20,63,1,1,0,0,0.03,0.004,400000
2013,400,44.781,29,63,4,0,0,1,0.03,0.004,400000
2014,400,66.403,39,95,8,0,0,1,0.03,0.004,400000
2015,400,59.139,37,91,7,0,0,1,0.03,0.004,400000
2016,400,9.232,7,22,5,0,0,1,0.03,0.004,400000
2017,18,-9.924,2,8,2,1,0,0,0.03,0.004,400000
2018,400,42.814,24,68,2,0,0,1,0.03,0.004,400000
2019,400,45.86,27,78,3,0,0,1,0.03,0.004,400000
2020,18,-10.434,1,7,1,1,0,0,0.03,0.004,400000
2021,257,35.241,27,66,0,1,0,0,0.03,0.004,400000
2022,400,71.129,45,93,6,0,0,1,0.03,0.004,400000
2023,400,40.62,25,61,8,0,0,1,0.03,0.004,400000
2024,18,-10.263,1,6,0,1,0,0,0.03,0.004,400000
2025,400,62.053,36,99,1,0,0,1,0.03,0.004,400000
2026,93,8.588,13,36,3,1,0,0,0.03,0.004,400000
2027,5,-15.302,0,3,3,1,0,0,0.03,0.004,400000
2028,400,62.199,40,97,5,0,0,1,0.03,0.004,400000
2029,400,27.965,16,55,8,0,0,1,0.03,0.004,400000
2030,400,44.824,28,69,10,0,0,1,0.03,0.004,400000
2031,400,63.149,40,86,5,0,0,1,0.03,0.004,400000
2032,400,53.777,34,78,3,0,0,1,0.03,0.004,400000
2033,125,15.101,17,39,0,1,0,0,0.03,0.004,400000
2034,400,70.597,41,104,1,0,0,1,0.03,0.004,400000
2035,28,-9.051,1,9,1,1,0,0,0.03,0.004,400000
2036,18,-10.916,1,7,1,1,0,0,0.03,0.004,400000
2037,20,-12.311,1,4,2,1,0,0,0.03,0.004,400000
2038,16,-7.354,1,7,0,1,0,0,0.03,0.004,400000
2039,251,28.67,24,60,4,1,0,0,0.03,0.004,400000
2040,172,12.601,14,54,5,1,0,0,0.03,0.004,400000
2041,260,35.776,31,67,9,1,0,0,0.03,0.004,400000
2042,34,-8.06,2,11,1,1,0,0,0.03,0.004,400000
2043,37,-6.823,4,9,1,1,0,0,0.03,0.004,400000
2044,400,53.637,33,79,6,0,0,1,0.03,0.004,400000
2045,400,51.803,30,75,5,0,0,1,0.03,0.004,400000
2046,164,16.535,16,47,3,1,0,0,0.03,0.004,400000
2047,400,67.832,41,106,3,0,0,1,0.03,0.004,400000
2048,108,6.901,9,30,1,1,0,0,0.03,0.004,400000
2049,204,18.284,17,63,5,1,0,0,0.03,0.004,400000
2050,400,47.694,27,65,2,0,0,1,0.03,0.004,400000
2051,400,36.227,15,41,2,0,0,1,0.03,0.004,400000
2052,400,63.052,39,102,3,0,0,1,0.03,0.004,400000
2053,400,67.713,41,95,5,0,0,1,0.03,0.004,400000
2054,400,66.219,38,99,4,0,0,1,0.03,0.004,400000
2055,139,-10.076,2,12,2,1,0,0,0.03,0.004,400000
2056,400,48.947,27,82,11,0,0,1,0.03,0.004,400000
2057,26,-8.353,2,11,1,1,0,0,0.03,0.004,400000
2058,67,2.1,7,22,2,1,0,0,0.03,0.004,400000
2059,400,69.768,42,105,2,0,0,1,0.03,0.004,400000
2060,84,3.913,10,32,1,1,0,0,0.03,0.004,400000
2061,64,-2.568,7,28,5,1,0,0,0.03,0.004,400000
2062,129,17.944,19,47,2,1,0,0,0.03,0.004,400000
2063,400,62.725,37,93,5,0,0,1,0.03,0.004,400000
2064,208,28.011,24,57,6,1,0,0,0.03,0.004,400000
2065,395,34.255,26,67,4,1,0,0,0.03,0.004,400000
2066,400,27.466,16,40,3,0,0,1,0.03,0.004,400000
2067,400,2.479,0,11,6,0,0,1,0.03,0.004,400000
2068,400,29.741,16,56,3,0,0,1,0.03,0.004,400000
2069,58,-0.781,8,17,1,1,0,0,0.03,0.004,400000
2070,38,-3.009,4,15,0,1,0,0,0.03,0.004,400000
2071,51,-2.528,6,20,1,1,0,0,0.03,0.004,400000
2072,82,6.984,11,28,2,1,0,0,0.03,0.004,400000
2073,400,52.588,32,91,4,0,0,1,0.03,0.004,400000
2074,400,47.19,25,63,2,0,0,1,0.03,0.004,400000
2075,400,7.672,7,17,6,0,0,1,0.03,0.004,400000
2076,400,38.385,17,52,4,0,0,1,0.03,0.004,400000
2077,258,24.922,23,54,5,1,0,0,0.03,0.004,400000
2078,335,12.465,9,28,6,1,0,0,0.03,0.004,400000
2079,400,32.448,15,43,4,0,0,1,0.03,0.004,400000
2080,400,58.977,34,93,5,0,0,1,0.03,0.004,400000
2081,132,12.841,17,38,3,1,0,0,0.03,0.004,400000
2082,400,26.451,15,37,6,0,0,1,0.03,0.004,400000
2083,375,21.337,20,41,6,1,0,0,0.03,0.004,400000
2084,113,5.796,12,31,2,1,0,0,0.03,0.004,400000
2085,400,61.057,37,91,6,0,0,1,0.03,0.004,400000
2086,32,-8.159,3,9,1,1,0,0,0.03,0.004,400000
2087,400,26.786,20,51,9,0,0,1,0.03,0.004,400000
2088,400,33.929,19,43,3,0,0,1,0.03,0.004,400000
2089,400,52.2,32,76,5,0,0,1,0.03,0.004,400000
2090,57,-6.466,3,18,2,1,0,0,0.03,0.004,400000
2091,128,11.334,14,32,1,1,0,0,0.03,0.004,400000
2092,400,34.225,15,47,8,0,0,1,0.03,0.004,400000
2093,67,-2.327,7,19,4,1,0,0,0.03,0.004,400000
2094,400,21.059,14,39,5,0,0,1,0.03,0.004,400000
2095,400,27.497,21,38,4,0,0,1,0.03,0.004,400000
2096,50,-8.923,3,8,5,1,0,0,0.03,0.004,400000
2097,400,54.751,32,80,5,0,0,1,0.03,0.004,400000
2098,5,-14.539,0,1,1,1,0,0,0.03,0.004,400000
2099,48,-5.286,4,14,1,1,0,0,0.03,0.004,400000
2100,128,-9.249,3,9,1,1,0,0,0.03,0.004,400000
2101,400,52.652,33,79,4,0,0,1,0.03,0.004,400000
2102,346,12.512,14,27,6,1,0,0,0.03,0.004,400000
2103,5,-14.241,0,3,0,1,0,0,0.03,0.004,400000
2104,163,11.346,17,35,3,1,0,0,0.03,0.004,400000
2105,349,35.21,29,85,8,1,0,0,0.03,0.004,400000
2106,400,34.142,21,62,5,0,0,1,0.03,0.004,400000
2107,18,-9.899,2,8,1,1,0,0,0.03,0.004,400000
2108,400,50.985,33,75,4,0,0,1,0.03,0.004,400000
2109,206,23.554,23,55,2,1,0,0,0.03,0.004,400000
2110,74,-1.555,7,21,1,1,0,0,0.03,0.004,400000
2111,92,3.283,8,23,1,1,0,0,0.03,0.004,400000
2112,204,-0.864,7,14,4,1,0,0,0.03,0.004,400000
2113,99,1.903,10,20,4,1,0,0,0.03,0.004,400000
2114,400,1.745,2,17,7,0,0,1,0.03,0.004,400000
2115,400,-1.406,1,7,6,0,0,1,0.03,0.004,400000
2116,264,20.578,22,47,6,1,0,0,0.03,0.004,400000
2117,400,60.001,38,84,8,0,0,1,0.03,0.004,400000
2118,294,25.743,24,56,5,1,0,0,0.03,0.004,400000
2119,400,20.407,12,27,4,0,0,1,0.03,0.004,400000
2120,191,-11.843,2,8,2,1,0,0,0.03,0.004,400000
2121,400,1.516,2,9,4,0,0,1,0.03,0.004,400000
2122,327,43.403,32,83,2,1,0,0,0.03,0.004,400000
2123,75,-15.409,0,3,2,1,0,0,0.03,0.004,400000
2124,91,-8.308,0,5,2,1,0,0,0.03,0.004,400000
2125,359,-4.483,4,17,8,1,0,0,0.03,0.004,400000
2126,397,42.419,32,82,7,1,0,0,0.03,0.004,400000
2127,400,0.116,2,9,8,0,0,1,0.03,0.004,400000
2128,400,36.723,19,48,7,0,0,1,0.03,0.004,400000
2129,243,11.161,15,44,4,1,0,0,0.03,0.004,400000
2130,35,-8.869,3,9,3,1,0,0,0.03,0.004,400000
2131,338,38.954,30,74,0,1,0,0,0.03,0.004,400000
2132,400,40.25,24,61,7,0,0,1,0.03,0.004,400000
2133,19,-10.858,2,7,2,1,0,0,0.03,0.004,400000
2134,16,-12.654,0,3,0,1,0,0,0.03,0.004,400000
2135,400,52.014,31,80,8,0,0,1,0.03,0.004,400000
2136,400,44.915,25,59,4,0,0,1,0.03,0.004,400000
2137,400,12.457,10,22,12,0,0,1,0.03,0.004,400000
2138,400,55.312,34,81,4,0,0,1,0.03,0.004,400000
2139,232,7.045,10,32,6,1,0,0,0.03,0.004,400000
2140,330,41.91,32,79,4,1,0,0,0.03,0.004,400000
2141,400,9.68,8,24,8,0,0,1,0.03,0.004,400000
2142,400,54.932,35,81,6,0,0,1,0.03,0.004,400000
2143,226,-5.232,2,11,3,1,0,0,0.03,0.004,400000
2144,278,3.078,6,33,6,1,0,0,0.03,0.004,400000
2145,18,-10.793,2,6,1,1,0,0,0.03,0.004,400000
2146,373,-4.731,5,17,7,1,0,0,0.03,0.004,400000
2147,26,-7.954,3,10,1,1,0,0,0.03,0.004,400000
2148,400,17.543,13,36,3,0,0,1,0.03,0.004,400000
2149,18,-8.157,3,6,0,1,0,0,0.03,0.004,400000
2150,400,49.731,30,74,3,0,0,1,0.03,0.004,400000
2151,375,18.088,14,39,3,1,0,0,0.03,0.004,400000
2152,400,40.718,24,70,3,0,0,1,0.03,0.004,400000
2153,31,-8.46,3,6,1,1,0,0,0.03,0.004,400000
2154,400,5.013,5,18,6,0,0,1,0.03,0.004,400000
2155,400,35.219,22,62,5,0,0,1,0.03,0.004,400000
2156,159,-7.393,4,17,2,1,0,0,0.03,0.004,400000
2157,32,-5.766,6,11,1,1,0,0,0.03,0.004,400000
2158,177,8.773,15,39,3,1,0,0,0.03,0.004,400000
2159,178,-1.333,6,15,1,1,0,0,0.03,0.004,400000
2160,277,22.679,22,49,4,1,0,0,0.03,0.004,400000
2161,253,23.156,21,56,5,1,0,0,0.03,0.004,400000
2162,226,-4.095,6,24,4,1,0,0,0.03,0.004,400000
2163,326,8.101,13,37,4,1,0,0,0.03,0.004,400000
2164,400,29.841,18,44,3,0,0,1,0.03,0.004,400000
2165,89,-8.631,3,16,3,1,0,0,0.03,0.004,400000
2166,400,29.532,13,39,5,0,0,1,0.03,0.004,400000
2167,400,3.959,6,13,6,0,0,1,0.03,0.004,400000
2168,400,51.405,32,77,5,0,0,1,0.03,0.004,400000
2169,400,46.2,26,80,8,0,0,1,0.03,0.004,400000
2170,400,14.128,10,23,0,0,0,1,0.03,0.004,400000
2171,400,17.521,14,37,12,0,0,1,0.03,0.004,400000
2172,400,38.478,25,57,5,0,0,1,0.03,0.004,400000
2173,363,17.965,16,56,9,1,0,0,0.03,0.004,400000
2174,400,14.931,12,28,0,0,0,1,0.03,0.004,400000
2175,76,-0.401,8,24,3,1,0,0,0.03,0.004,400000
2176,400,23.162,17,35,6,0,0,1,0.03,0.004,400000
2177,400,35.619,22,58,3,0,0,1,0.03,0.004,400000
2178,400,7.518,6,21,6,0,0,1,0.03,0.004,400000
2179,5,-16.015,0,3,2,1,0,0,0.03,0.004,400000
2180,66,-4.345,4,19,1,1,0,0,0.03,0.004,400000
2181,62,-5.123,5,22,3,1,0,0,0.03,0.004,400000
2182,153,5.313,9,31,2,1,0,0,0.03,0.004,400000
2183,25,-8.56,2,11,1,1,0,0,0.03,0.004,400000
2184,400,3.371,4,17,15,0,0,1,0.03,0.004,400000
2185,400,15.224,12,35,6,0,0,1,0.03,0.004,400000
2186,400,8.093,13,21,3,0,0,1,0.03,0.004,400000
2187,85,-6.736,4,12,2,1,0,0,0.03,0.004,400000
2188,400,32.256,21,68,39,0,0,1,0.03,0.004,400000
2189,400,35.305,25,61,32,0,0,1,0.03,0.004,400000
2190,400,43.996,25,65,7,0,0,1,0.03,0.004,400000
2191,19,-14.688,0,2,10,1,0,0,0.03,0.004,400000
2192,30,-15.791,0,3,4,1,0,0,0.03,0.004,400000
2193,25,-10.525,2,9,2,1,0,0,0.03,0.004,400000
2194,286,11.939,14,43,12,1,0,0,0.03,0.004,400000
2195,400,2.804,8,26,18,0,0,1,0.03,0.004,400000
2196,400,23.14,19,44,16,0,0,1,0.03,0.004,400000
2197,262,-3.879,5,14,13,1,0,0,0.03,0.004,400000
2198,333,-2.039,16,47,115,1,0,0,0.03,0.004,400000
2199,400,25.664,20,50,66,0,0,1,0.03,0.004,400000
2200,175,6.555,12,36,38,1,0,0,0.03,0.004,400000
2201,5,-15.814,0,4,2,1,0,0,0.03,0.004,400000
2202,400,-7.966,2,4,11,0,0,1,0.03,0.004,400000
2203,400,40.178,33,66,75,0,0,1,0.03,0.004,400000
2204,400,10.09,10,25,39,0,0,1,0.03,0.004,400000
2205,244,14.931,19,48,45,1,0,0,0.03,0.004,400000
2206,42,-6.953,2,8,10,1,0,0,0.03,0.004,400000
2207,400,25.13,25,63,129,0,0,1,0.03,0.004,400000
2208,16,-16.061,0,3,9,1,0,0,0.03,0.004,400000
2209,10,-15.691,0,4,7,1,0,0,0.03,0.004,400000
2210,10,-15.786,0,3,7,1,0,0,0.03,0.004,400000
2211,400,7.905,16,43,151,0,0,1,0.03,0.004,400000
2212,277,-0.507,13,32,81,1,0,0,0.03,0.004,400000
2213,15,-16.197,0,3,10,1,0,0,0.03,0.004,400000
2214,400,8.039,13,29,93,0,0,1,0.03,0.004,400000
2215,400,24.189,24,62,116,0,0,1,0.03,0.004,400000
2216,225,6.84,16,38,65,1,0,0,0.03,0.004,400000
2217,109,4.6,10,34,7,1,0,0,0.03,0.004,400000
2218,400,4.047,6,8,31,0,0,1,0.03,0.004,400000
2219,400,35.977,25,55,63,0,0,1,0.03,0.004,400000
2220,393,36.831,32,80,51,1,0,0,0.03,0.004,400000
2221,400,49.754,34,91,65,0,0,1,0.03,0.004,400000
2222,332,16.136,21,45,59,1,0,0,0.03,0.004,400000
2223,228,16.735,17,41,8,1,0,0,0.03,0.004,400000
2224,196,15.127,17,38,22,1,0,0,0.03,0.004,400000
2225,267,19.323,18,62,32,1,0,0,0.03,0.004,400000
2226,400,30.604,21,63,46,0,0,1,0.03,0.004,400000
2227,113,2.154,9,27,18,1,0,0,0.03,0.004,400000
2228,400,28.095,20,44,21,0,0,1,0.03,0.004,400000
2229,5,-15.165,0,3,1,1,0,0,0.03,0.004,400000
2230,191,3.526,8,44,42,1,0,0,0.03,0.004,400000
2231,392,19.502,21,61,41,1,0,0,0.03,0.004,400000
2232,400,42.266,29,75,59,0,0,1,0.03,0.004,400000
2233,5,-14.494,0,3,3,1,0,0,0.03,0.004,400000
2234,400,42.148,26,70,23,0,0,1,0.03,0.004,400000
2235,400,10.176,9,28,41,0,0,1,0.03,0.004,400000
2236,56,-5.795,4,16,11,1,0,0,0.03,0.004,400000
2237,400,34.128,22,62,52,0,0,1,0.03,0.004,400000
2238,400,21.789,16,40,25,0,0,1,0.03,0.004,400000
2239,400,53.024,36,89,46,0,0,1,0.03,0.004,400000
2240,400,27.626,17,50,33,0,0,1,0.03,0.004,400000
2241,106,2.592,11,25,15,1,0,0,0.03,0.004,400000
2242,7,-16.2,0,3,4,1,0,0,0.03,0.004,400000
2243,400,-0.978,4,17,103,0,0,1,0.03,0.004,400000
2244,400,49.752,31,81,43,0,0,1,0.03,0.004,400000
2245,400,55.873,38,84,36,0,0,1,0.03,0.004,400000
2246,40,-12.985,0,8,9,1,0,0,0.03,0.004,400000
2247,74,5.868,9,22,0,1,0,0,0.03,0.004,400000
2248,400,53.748,38,74,27,0,0,1,0.03,0.004,400000
2249,228,4.226,12,27,45,1,0,0,0.03,0.004,400000
2250,400,63.055,39,94,24,0,0,1,0.03,0.004,400000
2251,400,63.634,41,96,25,0,0,1,0.03,0.004,400000
2252,400,54.842,36,81,42,0,0,1,0.03,0.004,400000
2253,400,7.545,7,20,43,0,0,1,0.03,0.004,400000
2254,100,-2.919,7,28,12,1,0,0,0.03,0.004,400000
2255,400,51.695,32,78,31,0,0,1,0.03,0.004,400000
2256,400,47.923,33,81,26,0,0,1,0.03,0.004,400000
2257,400,49.459,29,77,34,0,0,1,0.03,0.004,400000
2258,400,33.946,23,55,28,0,0,1,0.03,0.004,400000
2259,228,19.206,19,56,12,1,0,0,0.03,0.004,400000
2260,61,-1.668,6,18,0,1,0,0,0.03,0.004,400000
2261,400,46.983,33,82,59,0,0,1,0.03,0.004,400000
2262,77,-13.6,0,9,11,1,0,0,0.03,0.004,400000
2263,400,23.973,16,36,6,0,0,1,0.03,0.004,400000
2264,123,3.569,10,18,5,1,0,0,0.03,0.004,400000
2265,400,60.313,39,87,11,0,0,1,0.03,0.004,400000
2266,37,-7.643,1,7,0,1,0,0,0.03,0.004,400000
2267,400,32.673,16,41,14,0,0,1,0.03,0.004,400000
2268,400,62.177,39,86,16,0,0,1,0.03,0.004,400000
2269,91,-5.671,3,25,11,1,0,0,0.03,0.004,400000
2270,270,22.932,20,53,25,1,0,0,0.03,0.004,400000
2271,400,23.045,18,43,44,0,0,1,0.03,0.004,400000
2272,121,4.516,10,38,12,1,0,0,0.03,0.004,400000
2273,400,36.177,25,57,34,0,0,1,0.03,0.004,400000
2274,400,37.914,27,66,49,0,0,1,0.03,0.004,400000
2275,397,46.344,39,102,29,1,0,0,0.03,0.004,400000
2276,163,11.583,17,37,27,1,0,0,0.03,0.004,400000
2277,400,51.254,32,88,41,0,0,1,0.03,0.004,400000
2278,400,48.271,34,86,58,0,0,1,0.03,0.004,400000
2279,16,-11.004,1,3,3,1,0,0,0.03,0.004,400000
2280,400,55.19,35,83,43,0,0,1,0.03,0.004,400000
2281,400,48.642,32,68,8,0,0,1,0.03,0.004,400000
2282,61,-4.962,6,16,7,1,0,0,0.03,0.004,400000
2283,400,64.815,41,101,20,0,0,1,0.03,0.004,400000
2284,400,51.726,33,84,31,0,0,1,0.03,0.004,400000
2285,60,-3.437,6,21,5,1,0,0,0.03,0.004,400000
2286,125,7.41,12,28,7,1,0,0,0.03,0.004,400000
2287,110,-0.97,7,20,7,1,0,0,0.03,0.004,400000
2288,400,36.548,28,66,66,0,0,1,0.03,0.004,400000
2289,400,45.943,27,64,17,0,0,1,0.03,0.004,400000
2290,108,-1.318,8,17,18,1,0,0,0.03,0.004,400000
2291,400,46.15,32,75,60,0,0,1,0.03,0.004,400000
2292,25,-9.448,2,10,0,1,0,0,0.03,0.004,400000
2293,120,-1.432,8,18,13,1,0,0,0.03,0.004,400000
2294,400,34.053,25,45,15,0,0,1,0.03,0.004,400000
2295,400,37.165,27,52,32,0,0,1,0.03,0.004,400000
2296,400,17.613,12,28,11,0,0,1,0.03,0.004,400000
2297,400,31.487,22,48,18,0,0,1,0.03,0.004,400000
2298,176,12.876,17,46,16,1,0,0,0.03,0.004,400000
2299,400,38.811,26,60,32,0,0,1,0.03,0.004,400000
2300,31,-7.899,3,11,2,1,0,0,0.03,0.004,400000
2301,32,-9.929,2,8,9,1,0,0,0.03,0.004,400000
2302,400,41.861,28,73,49,0,0,1,0.03,0.004,400000
2303,63,-6.043,3,11,9,1,0,0,0.03,0.004,400000
2304,400,49.657,34,80,55,0,0,1,0.03,0.004,400000
2305,400,34.643,22,69,61,0,0,1,0.03,0.004,400000
2306,316,8.585,14,49,52,1,0,0,0.03,0.004,400000
2307,400,55.516,34,85,37,0,0,1,0.03,0.004,400000
2308,62,-6.241,3,11,8,1,0,0,0.03,0.004,400000
2309,323,6.885,14,33,30,1,0,0,0.03,0.004,400000
2310,399,49.169,38,107,33,1,0,0,0.03,0.004,400000
2311,400,37.855,25,71,62,0,0,1,0.03,0.004,400000
2312,45,-11.955,1,9,13,1,0,0,0.03,0.004,400000
2313,6,-9.442,0,3,0,1,0,0,0.03,0.004,400000
2314,400,7.103,8,22,73,0,0,1,0.03,0.004,400000
2315,133,17.709,18,37,0,1,0,0,0.03,0.004,400000
2316,188,15.36,18,52,9,1,0,0,0.03,0.004,400000
2317,38,-5.819,5,11,1,1,0,0,0.03,0.004,400000
2318,176,5.999,15,38,31,1,0,0,0.03,0.004,400000
2319,400,54.456,37,83,49,0,0,1,0.03,0.004,400000
2320,356,-12.241,0,12,31,1,0,0,0.03,0.004,400000
2321,400,-3.082,1,9,39,0,0,1,0.03,0.004,400000
2322,400,41.318,28,66,42,0,0,1,0.03,0.004,400000
2323,400,13.13,12,23,36,0,0,1,0.03,0.004,400000
2324,333,23.464,24,63,48,1,0,0,0.03,0.004,400000
2325,83,-5.298,4,22,6,1,0,0,0.03,0.004,400000
2326,400,34.401,21,64,42,0,0,1,0.03,0.004,400000
2327,5,-14.422,0,3,2,1,0,0,0.03,0.004,400000
2328,400,63.023,44,96,33,0,0,1,0.03,0.004,400000
2329,400,37.976,24,59,28,0,0,1,0.03,0.004,400000
2330,242,14.678,18,49,44,1,0,0,0.03,0.004,400000
2331,400,34.293,23,60,20,0,0,1,0.03,0.004,400000
2332,367,-4.689,5,14,22,1,0,0,0.03,0.004,400000
2333,144,7.142,13,38,11,1,0,0,0.03,0.004,400000
2334,400,26.206,19,53,26,0,0,1,0.03,0.004,400000
2335,30,-7.213,4,9,0,1,0,0,0.03,0.004,400000
2336,75,-4.491,3,10,4,1,0,0,0.03,0.004,400000
2337,225,-8.024,3,13,23,1,0,0,0.03,0.004,400000
2338,128,1.78,9,26,14,1,0,0,0.03,0.004,400000
2339,220,23.378,25,48,9,1,0,0,0.03,0.004,400000
2340,400,32.247,24,62,47,0,0,1,0.03,0.004,400000
2341,43,-9.429,3,11,7,1,0,0,0.03,0.004,400000
2342,400,14.084,12,31,18,0,0,1,0.03,0.004,400000
2343,400,55.205,37,77,31,0,0,1,0.03,0.004,400000
2344,400,15.903,11,26,8,0,0,1,0.03,0.004,400000
2345,400,37.596,18,49,9,0,0,1,0.03,0.004,400000
2346,325,20.821,18,46,17,1,0,0,0.03,0.004,400000
2347,400,27.376,12,21,22,0,0,1,0.03,0.004,400000
2348,399,37.341,29,67,9,1,0,0,0.03,0.004,400000
2349,400,36.936,22,60,7,0,0,1,0.03,0.004,400000
2350,400,48.01,25,70,5,0,0,1,0.03,0.004,400000
2351,400,51.223,33,74,13,0,0,1,0.03,0.004,400000
2352,293,-1.105,9,30,9,1,0,0,0.03,0.004,400000
2353,400,2.441,2,7,7,0,0,1,0.03,0.004,400000
2354,85,-3.278,6,20,9,1,0,0,0.03,0.004,400000
2355,400,29.627,19,55,11,0,0,1,0.03,0.004,400000
2356,298,-11.123,1,5,1,1,0,0,0.03,0.004,400000
2357,220,15.749,19,44,26,1,0,0,0.03,0.004,400000
2358,400,-0.108,1,12,12,0,0,1,0.03,0.004,400000
2359,257,23.806,21,64,10,1,0,0,0.03,0.004,400000
2360,23,-15.099,0,2,5,1,0,0,0.03,0.004,400000
2361,334,1.167,8,20,7,1,0,0,0.03,0.004,400000
2362,238,4.736,14,36,37,1,0,0,0.03,0.004,400000
2363,400,2.112,5,7,17,0,0,1,0.03,0.004,400000
2364,336,34.588,28,75,17,1,0,0,0.03,0.004,400000
2365,400,2.994,4,11,21,0,0,1,0.03,0.004,400000
2366,176,-9.675,3,16,2,1,0,0,0.03,0.004,400000
2367,398,39.496,29,70,9,1,0,0,0.03,0.004,400000
2368,18,-10.625,2,8,2,1,0,0,0.03,0.004,400000
2369,18,-10.575,2,8,1,1,0,0,0.03,0.004,400000
2370,229,4.752,8,21,2,1,0,0,0.03,0.004,400000
2371,400,49.376,28,69,13,0,0,1,0.03,0.004,400000
2372,269,-9.569,0,5,7,1,0,0,0.03,0.004,400000
2373,63,-7.239,2,7,1,1,0,0,0.03,0.004,400000
2374,400,37.115,24,53,15,0,0,1,0.03,0.004,400000
2375,400,19.526,18,37,33,0,0,1,0.03,0.004,400000
2376,358,-16.583,0,8,56,1,0,0,0.03,0.004,400000
2377,74,-9.853,2,12,14,1,0,0,0.03,0.004,400000
2378,237,13.406,16,51,26,1,0,0,0.03,0.004,400000
2379,400,1.744,5,10,28,0,0,1,0.03,0.004,400000
2380,322,38.756,33,79,26,1,0,0,0.03,0.004,400000
2381,400,10.869,8,31,31,0,0,1,0.03,0.004,400000
2382,102,1.441,9,25,13,1,0,0,0.03,0.004,400000
2383,400,4.458,5,20,11,0,0,1,0.03,0.004,400000
2384,397,16.628,19,64,51,1,0,0,0.03,0.004,400000
2385,361,1.387,10,35,56,1,0,0,0.03,0.004,400000
2386,400,50.788,33,73,45,0,0,1,0.03,0.004,400000
2387,264,-6.757,4,17,27,1,0,0,0.03,0.004,400000
2388,99,-9.976,4,13,31,1,0,0,0.03,0.004,400000
2389,134,5.975,10,31,15,1,0,0,0.03,0.004,400000
2390,68,-2.113,7,19,4,1,0,0,0.03,0.004,400000
2391,76,-4.12,5,21,10,1,0,0,0.03,0.004,400000
2392,223,19.432,21,44,28,1,0,0,0.03,0.004,400000
2393,304,26.105,24,59,33,1,0,0,0.03,0.004,400000
2394,400,16.237,14,38,76,0,0,1,0.03,0.004,400000
2395,163,14.44,18,43,5,1,0,0,0.03,0.004,400000
2396,5,-14.322,0,4,2,1,0,0,0.03,0.004,400000
2397,273,18.844,21,62,27,1,0,0,0.03,0.004,400000
2398,400,39.757,27,65,24,0,0,1,0.03,0.004,400000
2399,122,-6.557,3,19,15,1,0,0,0.03,0.004,400000
2400,170,14.07,19,48,23,1,0,0,0.03,0.004,400000
2401,400,40.333,27,64,29,0,0,1,0.03,0.004,400000
2402,400,28.973,22,63,76,0,0,1,0.03,0.004,400000
2403,86,-3.447,7,14,14,1,0,0,0.03,0.004,400000
2404,400,31.575,22,53,73,0,0,1,0.03,0.004,400000
2405,400,46.628,31,81,47,0,0,1,0.03,0.004,400000
2406,400,29.567,20,61,41,0,0,1,0.03,0.004,400000
2407,400,15.809,15,38,88,0,0,1,0.03,0.004,400000
2408,400,23.153,20,47,94,0,0,1,0.03,0.004,400000
2409,400,57.037,37,85,29,0,0,1,0.03,0.004,400000
2410,400,44.328,32,69,55,0,0,1,0.03,0.004,400000
2411,400,0.27,7,19,116,0,0,1,0.03,0.004,400000
2412,177,10.955,12,33,11,1,0,0,0.03,0.004,400000
2413,152,13.865,16,39,10,1,0,0,0.03,0.004,400000
2414,67,-15.015,0,9,34,1,0,0,0.03,0.004,400000
2415,386,19.613,20,68,45,1,0,0,0.03,0.004,400000
2416,400,38.096,24,66,51,0,0,1,0.03,0.004,400000
2417,5,-14.42,0,3,2,1,0,0,0.03,0.004,400000
2418,7,-15.753,0,2,6,1,0,0,0.03,0.004,400000
2419,400,42.688,31,73,70,0,0,1,0.03,0.004,400000
2420,400,12.701,11,27,90,0,0,1,0.03,0.004,400000
2421,34,-16.668,0,3,20,1,0,0,0.03,0.004,400000
2422,43,-5.366,3,11,10,1,0,0,0.03,0.004,400000
2423,30,-9.402,3,9,8,1,0,0,0.03,0.004,400000
2424,400,33.661,25,66,77,0,0,1,0.03,0.004,400000
2425,400,36.574,27,66,46,0,0,1,0.03,0.004,400000
2426,10,-15.066,0,3,8,1,0,0,0.03,0.004,400000
2427,114,6.298,13,34,11,1,0,0,0.03,0.004,400000
2428,400,31.137,26,57,74,0,0,1,0.03,0.004,400000
2429,400,15.653,13,32,41,0,0,1,0.03,0.004,400000
2430,400,35.411,26,60,67,0,0,1,0.03,0.004,400000
2431,54,-3.039,7,17,5,1,0,0,0.03,0.004,400000
2432,7,-14.499,0,4,4,1,0,0,0.03,0.004,400000
2433,7,-14.773,0,3,5,1,0,0,0.03,0.004,400000
2434,148,2.651,10,28,37,1,0,0,0.03,0.004,400000
2435,175,13.389,17,42,17,1,0,0,0.03,0.004,400000
2436,10,-15.016,0,4,8,1,0,0,0.03,0.004,400000
2437,5,-14.642,0,2,3,1,0,0,0.03,0.004,400000
2438,197,4.255,10,25,17,1,0,0,0.03,0.004,400000
2439,71,1.784,9,22,4,1,0,0,0.03,0.004,400000
2440,257,24.592,25,67,45,1,0,0,0.03,0.004,400000
2441,36,-5.971,5,8,0,1,0,0,0.03,0.004,400000
2442,299,18.653,22,57,61,1,0,0,0.03,0.004,400000
2443,123,7.044,16,34,16,1,0,0,0.03,0.004,400000
2444,400,20.697,20,58,99,0,0,1,0.03,0.004,400000
2445,59,-10.963,1,13,16,1,0,0,0.03,0.004,400000
2446,44,-8.134,3,13,6,1,0,0,0.03,0.004,400000
2447,400,52.656,36,90,37,0,0,1,0.03,0.004,400000
2448,400,49.307,30,92,44,0,0,1,0.03,0.004,400000
2449,71,1.288,9,19,1,1,0,0,0.03,0.004,400000
2450,30,-11.102,0,11,2,1,0,0,0.03,0.004,400000
2451,400,38.857,27,62,60,0,0,1,0.03,0.004,400000
2452,105,9.594,17,27,4,1,0,0,0.03,0.004,400000
2453,231,15.837,21,55,34,1,0,0,0.03,0.004,400000
2454,261,31.315,30,63,15,1,0,0,0.03,0.004,400000
2455,400,12.793,11,36,88,0,0,1,0.03,0.004,400000
2456,168,11.147,16,50,16,1,0,0,0.03,0.004,400000
2457,90,-4.137,6,18,15,1,0,0,0.03,0.004,400000
2458,224,13.668,20,45,45,1,0,0,0.03,0.004,400000
2459,129,2.998,10,22,9,1,0,0,0.03,0.004,400000
2460,145,9.735,15,36,14,1,0,0,0.03,0.004,400000
2461,73,0.716,10,20,3,1,0,0,0.03,0.004,400000
2462,400,40.444,32,62,86,0,0,1,0.03,0.004,400000
2463,400,1.921,5,18,80,0,0,1,0.03,0.004,400000
2464,44,-6.512,3,13,4,1,0,0,0.03,0.004,400000
2465,400,39.594,28,65,68,0,0,1,0.03,0.004,400000
2466,42,-3.029,3,18,2,1,0,0,0.03,0.004,400000
2467,400,49.764,32,85,44,0,0,1,0.03,0.004,400000
2468,7,-9.037,0,3,0,1,0,0,0.03,0.004,400000
2469,400,24.856,19,48,56,0,0,1,0.03,0.004,400000
2470,335,8.566,16,41,44,1,0,0,0.03,0.004,400000
2471,20,-11.319,1,7,3,1,0,0,0.03,0.004,400000
2472,74,-5.237,3,14,12,1,0,0,0.03,0.004,400000
2473,400,47.862,34,69,49,0,0,1,0.03,0.004,400000
2474,256,21.57,22,53,32,1,0,0,0.03,0.004,400000
2475,400,20.834,18,45,81,0,0,1,0.03,0.004,400000
2476,400,55.383,36,94,54,0,0,1,0.03,0.004,400000
2477,400,37.837,29,73,94,0,0,1,0.03,0.004,400000
2478,376,-21.682,1,10,145,1,0,0,0.03,0.004,400000
2479,50,-5.073,5,12,1,1,0,0,0.03,0.004,400000
2480,235,21.561,20,55,21,1,0,0,0.03,0.004,400000
2481,128,6.193,12,37,5,1,0,0,0.03,0.004,400000
2482,400,19.903,17,36,36,0,0,1,0.03,0.004,400000
2483,34,-4.687,3,8,2,1,0,0,0.03,0.004,400000
2484,7,-9.527,0,3,0,1,0,0,0.03,0.004,400000
2485,400,13.611,10,27,24,0,0,1,0.03,0.004,400000
2486,33,-9.017,3,8,7,1,0,0,0.03,0.004,400000
2487,400,36.051,24,60,16,0,0,1,0.03,0.004,400000
2488,400,62.939,40,91,28,0,0,1,0.03,0.004,400000
2489,400,53.009,33,92,35,0,0,1,0.03,0.004,400000
2490,61,-0.797,8,22,4,1,0,0,0.03,0.004,400000
2491,400,49.327,36,80,63,0,0,1,0.03,0.004,400000
2492,400,45.519,30,74,30,0,0,1,0.03,0.004,400000
2493,191,13.51,14,40,21,1,0,0,0.03,0.004,400000
2494,379,23.349,26,72,68,1,0,0,0.03,0.004,400000
2495,400,32.023,24,61,73,0,0,1,0.03,0.004,400000
2496,400,21.168,15,44,70,0,0,1,0.03,0.004,400000
2497,195,15.302,19,40,19,1,0,0,0.03,0.004,400000
2498,18,-11.116,1,7,2,1,0,0,0.03,0.004,400000
2499,352,-3.189,8,26,73,1,0,0,0.03,0.004,400000
2500,400,30.905,22,61,65,0,0,1,0.03,0.004,400000
2501,82,3.593,8,18,3,1,0,0,0.03,0.004,400000
2502,400,47.265,32,84,53,0,0,1,0.03,0.004,400000
2503,400,46.809,31,80,49,0,0,1,0.03,0.004,400000
2504,45,-6.017,4,12,1,1,0,0,0.03,0.004,400000
2505,400,28.664,18,51,67,0,0,1,0.03,0.004,400000
2506,400,42.749,28,78,58,0,0,1,0.03,0.004,400000
2507,400,40.534,27,75,68,0,0,1,0.03,0.004,400000
2508,378,24.299,26,67,59,1,0,0,0.03,0.004,400000
2509,44,-6.426,4,15,3,1,0,0,0.03,0.004,400000
2510,400,25.072,17,61,71,0,0,1,0.03,0.004,400000
2511,400,49.54,28,83,39,0,0,1,0.03,0.004,400000
2512,400,21.756,10,20,12,0,0,1,0.03,0.004,400000
2513,32,-9.499,2,8,0,1,0,0,0.03,0.004,400000
2514,79,-1.023,7,23,2,1,0,0,0.03,0.004,400000
2515,36,-8.139,3,15,2,1,0,0,0.03,0.004,400000
2516,77,-4.021,5,25,8,1,0,0,0.03,0.004,400000
2517,400,42.8,27,65,45,0,0,1,0.03,0.004,400000
2518,94,-0.274,9,22,8,1,0,0,0.03,0.004,400000
2519,400,4.947,3,13,11,0,0,1,0.03,0.004,400000
2520,65,-0.393,6,16,4,1,0,0,0.03,0.004,400000
2521,35,-6.819,5,8,2,1,0,0,0.03,0.004,400000
2522,42,-8.38,2,15,7,1,0,0,0.03,0.004,400000
2523,400,12.674,9,37,47,0,0,1,0.03,0.004,400000
2524,18,-9.703,3,7,1,1,0,0,0.03,0.004,400000
2525,400,57.791,37,92,39,0,0,1,0.03,0.004,400000
2526,400,52.649,35,75,41,0,0,1,0.03,0.004,400000
2527,400,53.298,37,85,61,0,0,1,0.03,0.004,400000
2528,267,-10.864,5,14,86,1,0,0,0.03,0.004,400000
2529,82,-6.178,7,11,22,1,0,0,0.03,0.004,400000
2530,224,10.917,17,40,42,1,0,0,0.03,0.004,400000
2531,236,6.168,15,44,52,1,0,0,0.03,0.004,400000
2532,28,-7.205,1,8,2,1,0,0,0.03,0.004,400000
2533,400,23.243,17,34,32,0,0,1,0.03,0.004,400000
2534,181,14.78,16,41,20,1,0,0,0.03,0.004,400000
2535,57,-8.452,2,8,20,1,0,0,0.03,0.004,400000
2536,200,11.848,16,35,33,1,0,0,0.03,0.004,400000
2537,400,56.367,36,90,54,0,0,1,0.03,0.004,400000
2538,400,54.345,37,73,38,0,0,1,0.03,0.004,400000
2539,34,-7.591,2,10,0,1,0,0,0.03,0.004,400000
2540,185,15.716,17,50,30,1,0,0,0.03,0.004,400000
2541,323,13.042,19,48,58,1,0,0,0.03,0.004,400000
2542,16,-10.97,0,6,0,1,0,0,0.03,0.004,400000
2543,28,-10.602,2,4,8,1,0,0,0.03,0.004,400000
2544,300,7.962,15,44,66,1,0,0,0.03,0.004,400000
2545,400,60.999,38,101,54,0,0,1,0.03,0.004,400000
2546,5,-14.204,0,4,0,1,0,0,0.03,0.004,400000
2547,400,51.038,32,81,45,0,0,1,0.03,0.004,400000
2548,400,59.012,38,98,27,0,0,1,0.03,0.004,400000
2549,400,52.028,35,74,46,0,0,1,0.03,0.004,400000
2550,400,47.712,31,80,63,0,0,1,0.03,0.004,400000
2551,400,41.994,29,76,55,0,0,1,0.03,0.004,400000
2552,296,35.086,29,77,23,1,0,0,0.03,0.004,400000
2553,400,55.691,37,86,35,0,0,1,0.03,0.004,400000
2554,400,29.651,20,51,61,0,0,1,0.03,0.004,400000
2555,127,10.22,13,43,7,1,0,0,0.03,0.004,400000
2556,400,68.416,43,109,29,0,0,1,0.03,0.004,400000
2557,164,-9.256,4,11,65,1,0,0,0.03,0.004,400000
2558,260,30.649,27,64,15,1,0,0,0.03,0.004,400000
2559,400,56.33,34,93,37,0,0,1,0.03,0.004,400000
2560,400,41.16,28,68,64,0,0,1,0.03,0.004,400000
2561,400,52.38,34,86,49,0,0,1,0.03,0.004,400000
2562,122,0.424,6,23,22,1,0,0,0.03,0.004,400000
2563,400,31.037,19,60,25,0,0,1,0.03,0.004,400000
2564,170,3.739,12,33,27,1,0,0,0.03,0.004,400000
2565,400,49.275,33,78,46,0,0,1,0.03,0.004,400000
2566,400,30.52,21,54,50,0,0,1,0.03,0.004,400000
2567,400,29.02,19,59,57,0,0,1,0.03,0.004,400000
2568,237,28.763,25,61,21,1,0,0,0.03,0.004,400000
2569,400,14.635,4,19,21,0,0,1,0.03,0.004,400000
2570,142,15.861,19,49,6,1,0,0,0.03,0.004,400000
2571,148,13.668,16,43,9,1,0,0,0.03,0.004,400000
2572,400,53.291,32,82,26,0,0,1,0.03,0.004,400000
2573,208,23.528,20,48,2,1,0,0,0.03,0.004,400000
2574,400,55.654,33,76,4,0,0,1,0.03,0.004,400000
2575,307,-5.571,2,10,3,1,0,0,0.03,0.004,400000
2576,400,41.256,24,57,3,0,0,1,0.03,0.004,400000
2577,335,27.529,22,56,5,1,0,0,0.03,0.004,400000
2578,400,54.31,30,78,6,0,0,1,0.03,0.004,400000
2579,122,-1.621,3,8,2,1,0,0,0.03,0.004,400000
2580,87,-0.521,9,26,3,1,0,0,0.03,0.004,400000
2581,400,49.792,27,75,4,0,0,1,0.03,0.004,400000
2582,166,20.281,21,53,1,1,0,0,0.03,0.004,400000
2583,400,41.551,21,43,6,0,0,1,0.03,0.004,400000
2584,400,4.371,2,10,2,0,0,1,0.03,0.004,400000
2585,400,18.931,14,35,5,0,0,1,0.03,0.004,400000
2586,178,7.83,12,32,4,1,0,0,0.03,0.004,400000
2587,400,32.89,15,38,5,0,0,1,0.03,0.004,400000
2588,280,17.547,15,37,4,1,0,0,0.03,0.004,400000
2589,386,7.69,8,27,5,1,0,0,0.03,0.004,400000
2590,33,-6.955,4,7,1,1,0,0,0.03,0.004,400000
2591,162,-12.678,1,8,2,1,0,0,0.03,0.004,400000
2592,33,-9.72,3,8,2,1,0,0,0.03,0.004,400000
2593,31,-8.9,3,11,3,1,0,0,0.03,0.004,400000
2594,253,27.492,26,56,4,1,0,0,0.03,0.004,400000
2595,400,-2.118,1,2,6,0,0,1,0.03,0.004,400000
2596,114,-1.804,3,10,3,1,0,0,0.03,0.004,400000
2597,30,-4.196,3,11,0,1,0,0,0.03,0.004,400000
2598,105,-5.813,5,14,1,1,0,0,0.03,0.004,400000
2599,329,14.896,12,49,2,1,0,0,0.03,0.004,400000
2600,159,-6.242,1,6,1,1,0,0,0.03,0.004,400000
2601,400,37.805,22,52,11,0,0,1,0.03,0.004,400000
2602,400,5.675,5,15,2,0,0,1,0.03,0.004,400000
2603,161,0.534,4,15,0,1,0,0,0.03,0.004,400000
2604,400,6.035,5,11,2,0,0,1,0.03,0.004,400000
2605,28,-6.307,1,12,1,1,0,0,0.03,0.004,400000
2606,80,-0.952,5,13,1,1,0,0,0.03,0.004,400000
2607,400,54.232,36,80,15,0,0,1,0.03,0.004,400000
2608,296,25.891,22,54,4,1,0,0,0.03,0.004,400000
2609,271,26.166,21,61,5,1,0,0,0.03,0.004,400000
2610,180,-16.978,0,2,1,1,0,0,0.03,0.004,400000
2611,172,12.974,17,36,2,1,0,0,0.03,0.004,400000
2612,153,16.485,20,42,3,1,0,0,0.03,0.004,400000
2613,129,4.07,10,24,1,1,0,0,0.03,0.004,400000
2614,191,22.621,23,52,4,1,0,0,0.03,0.004,400000
2615,29,-9.382,2,7,1,1,0,0,0.03,0.004,400000
2616,400,28.105,17,42,4,0,0,1,0.03,0.004,400000
2617,400,39.721,23,56,5,0,0,1,0.03,0.004,400000
2618,400,40.508,26,58,4,0,0,1,0.03,0.004,400000
2619,400,-4.951,0,6,5,0,0,1,0.03,0.004,400000
2620,89,-1.562,7,25,2,1,0,0,0.03,0.004,400000
2621,400,17.187,13,31,1,0,0,1,0.03,0.004,400000
2622,400,37.359,26,55,5,0,0,1,0.03,0.004,400000
2623,400,64.99,40,90,7,0,0,1,0.03,0.004,400000
2624,400,12.441,11,26,5,0,0,1,0.03,0.004,400000
2625,143,2.938,8,30,2,1,0,0,0.03,0.004,400000
2626,369,35.923,24,61,4,1,0,0,0.03,0.004,400000
2627,400,-5.215,0,1,4,0,0,1,0.03,0.004,400000
2628,400,-3.039,0,6,1,0,0,1,0.03,0.004,400000
2629,400,72.817,46,103,2,0,0,1,0.03,0.004,400000
2630,400,-0.434,2,7,4,0,0,1,0.03,0.004,400000
2631,328,12.372,15,32,1,1,0,0,0.03,0.004,400000
2632,170,5.299,10,25,5,1,0,0,0.03,0.004,400000
2633,400,20.437,6,28,1,0,0,1,0.03,0.004,400000
2634,226,15.147,14,40,2,1,0,0,0.03,0.004,400000
2635,400,14.777,3,10,6,0,0,1,0.03,0.004,400000
2636,204,7.025,10,20,3,1,0,0,0.03,0.004,400000
2637,64,-1.053,4,26,4,1,0,0,0.03,0.004,400000
2638,400,39.957,18,54,3,0,0,1,0.03,0.004,400000
2639,61,-1.332,8,16,0,1,0,0,0.03,0.004,400000
2640,229,7.537,6,22,0,1,0,0,0.03,0.004,400000
2641,155,2.815,7,24,2,1,0,0,0.03,0.004,400000
2642,39,-7.542,3,9,3,1,0,0,0.03,0.004,400000
2643,56,1.519,8,15,0,1,0,0,0.03,0.004,400000
2644,261,-3.908,6,25,4,1,0,0,0.03,0.004,400000
2645,259,37.263,28,70,1,1,0,0,0.03,0.004,400000
2646,400,19.791,6,14,2,0,0,1,0.03,0.004,400000
2647,400,24.415,10,23,6,0,0,1,0.03,0.004,400000
2648,293,29.03,26,61,5,1,0,0,0.03,0.004,400000
2649,400,19.185,9,24,5,0,0,1,0.03,0.004,400000
2650,400,16.037,8,37,2,0,0,1,0.03,0.004,400000
2651,400,21.284,11,25,1,0,0,1,0.03,0.004,400000
2652,400,15.693,8,42,5,0,0,1,0.03,0.004,400000
2653,6,-9.492,0,2,0,1,0,0,0.03,0.004,400000
2654,400,34.74,19,51,4,0,0,1,0.03,0.004,400000
2655,14,-9.256,0,5,0,1,0,0,0.03,0.004,400000
2656,51,-15.33,0,2,3,1,0,0,0.03,0.004,400000
2657,142,-4.866,1,7,4,1,0,0,0.03,0.004,400000
2658,88,4.533,12,29,3,1,0,0,0.03,0.004,400000
2659,108,10.833,15,32,0,1,0,0,0.03,0.004,400000
2660,10,-16.263,0,4,6,1,0,0,0.03,0.004,400000
2661,400,49.736,29,71,11,0,0,1,0.03,0.004,400000
2662,71,-15.515,0,3,4,1,0,0,0.03,0.004,400000
2663,400,30.193,21,48,10,0,0,1,0.03,0.004,400000
2664,400,31.559,20,47,4,0,0,1,0.03,0.004,400000
2665,235,16.313,19,44,17,1,0,0,0.03,0.004,400000
2666,400,25.387,21,44,76,0,0,1,0.03,0.004,400000
2667,69,1.101,8,24,4,1,0,0,0.03,0.004,400000
2668,400,21.118,7,22,15,0,0,1,0.03,0.004,400000
2669,400,10.651,5,14,16,0,0,1,0.03,0.004,400000
2670,400,24.53,10,26,24,0,0,1,0.03,0.004,400000
2671,400,29.252,24,56,81,0,0,1,0.03,0.004,400000
2672,365,6.002,8,17,46,1,0,0,0.03,0.004,400000
2673,10,-14.941,0,3,7,1,0,0,0.03,0.004,400000
2674,7,-14.749,0,2,4,1,0,0,0.03,0.004,400000
2675,7,-12.154,0,3,3,1,0,0,0.03,0.004,400000
2676,400,9.4,9,30,34,0,0,1,0.03,0.004,400000
2677,400,38.452,26,77,53,0,0,1,0.03,0.004,400000
2678,10,-16.493,0,3,7,1,0,0,0.03,0.004,400000
2679,17,-16.983,0,4,12,1,0,0,0.03,0.004,400000
2680,400,15.754,11,40,76,0,0,1,0.03,0.004,400000
2681,7,-14.773,0,3,5,1,0,0,0.03,0.004,400000
2682,400,43.544,30,67,34,0,0,1,0.03,0.004,400000
2683,8,-14.717,0,3,5,1,0,0,0.03,0.004,400000
2684,400,0.969,7,14,18,0,0,1,0.03,0.004,400000
2685,171,1.956,10,32,8,1,0,0,0.03,0.004,400000
2686,400,1.297,8,25,9,0,0,1,0.03,0.004,400000
2687,171,-16.721,0,13,17,1,0,0,0.03,0.004,400000
2688,398,-4.136,10,25,43,1,0,0,0.03,0.004,400000
2689,294,10.742,16,48,21,1,0,0,0.03,0.004,400000
2690,400,14.574,16,29,22,0,0,1,0.03,0.004,400000
2691,400,17.482,14,49,5,0,0,1,0.03,0.004,400000
2692,400,10.397,13,39,123,0,0,1,0.03,0.004,400000
2693,147,8.796,15,31,21,1,0,0,0.03,0.004,400000
2694,400,27.194,21,47,80,0,0,1,0.03,0.004,400000
2695,400,50.073,32,75,27,0,0,1,0.03,0.004,400000
2696,400,20.741,16,42,39,0,0,1,0.03,0.004,400000
2697,400,27.393,23,55,90,0,0,1,0.03,0.004,400000
2698,400,34.407,26,49,73,0,0,1,0.03,0.004,400000
2699,52,-4.692,7,18,6,1,0,0,0.03,0.004,400000
2700,400,21.994,16,47,30,0,0,1,0.03,0.004,400000
2701,152,-3.321,4,20,17,1,0,0,0.03,0.004,400000
2702,5,-15.092,0,3,1,1,0,0,0.03,0.004,400000
2703,400,29.081,17,49,7,0,0,1,0.03,0.004,400000
2704,400,25.358,12,25,5,0,0,1,0.03,0.004,400000
2705,43,-15.116,0,2,2,1,0,0,0.03,0.004,400000
2706,63,-2.434,6,16,1,1,0,0,0.03,0.004,400000
2707,400,39.488,21,46,14,0,0,1,0.03,0.004,400000
2708,170,-4.677,5,13,1,1,0,0,0.03,0.004,400000
2709,142,7.121,10,22,5,1,0,0,0.03,0.004,400000
2710,330,42.275,35,73,12,1,0,0,0.03,0.004,400000
2711,59,-2.498,7,20,1,1,0,0,0.03,0.004,400000
2712,400,5.002,4,8,3,0,0,1,0.03,0.004,400000
2713,237,5.026,7,14,3,1,0,0,0.03,0.004,400000
2714,366,-13.709,2,9,6,1,0,0,0.03,0.004,400000
2715,371,2.142,1,12,5,1,0,0,0.03,0.004,400000
2716,23,-14.881,0,2,3,1,0,0,0.03,0.004,400000
2717,251,1.146,10,24,1,1,0,0,0.03,0.004,400000
2718,97,-11.248,1,7,0,1,0,0,0.03,0.004,400000
2719,400,37.939,20,62,7,0,0,1,0.03,0.004,400000
2720,400,41.331,24,61,3,0,0,1,0.03,0.004,400000
2721,268,17.008,16,32,6,1,0,0,0.03,0.004,400000
2722,400,17.167,9,35,6,0,0,1,0.03,0.004,400000
2723,314,33.352,26,62,4,1,0,0,0.03,0.004,400000
2724,400,43.412,25,57,7,0,0,1,0.03,0.004,400000
2725,400,22.848,6,24,7,0,0,1,0.03,0.004,400000
2726,250,-1.356,3,15,7,1,0,0,0.03,0.004,400000
2727,253,25.099,22,61,3,1,0,0,0.03,0.004,400000
2728,400,46.018,26,56,6,0,0,1,0.03,0.004,400000
2729,400,45.422,24,62,2,0,0,1,0.03,0.004,400000
2730,400,47.378,24,70,7,0,0,1,0.03,0.004,400000
2731,400,33.033,14,41,2,0,0,1,0.03,0.004,400000
2732,400,2.329,3,13,9,0,0,1,0.03,0.004,400000
2733,400,-1.105,1,9,1,0,0,1,0.03,0.004,400000
2734,400,39.515,21,52,5,0,0,1,0.03,0.004,400000
2735,143,10.999,15,40,2,1,0,0,0.03,0.004,400000
2736,400,22.777,14,31,6,0,0,1,0.03,0.004,400000
2737,400,54.143,30,75,3,0,0,1,0.03,0.004,400000
2738,400,16.762,4,11,5,0,0,1,0.03,0.004,400000
2739,400,43.634,25,52,6,0,0,1,0.03,0.004,400000
2740,18,-11.85,1,7,2,1,0,0,0.03,0.004,400000
2741,128,-12.076,1,7,1,1,0,0,0.03,0.004,400000
2742,210,10.49,10,28,4,1,0,0,0.03,0.004,400000
2743,389,-4.352,6,12,1,1,0,0,0.03,0.004,400000
2744,400,31.288,18,49,5,0,0,1,0.03,0.004,400000
2745,400,-1.781,0,2,3,0,0,1,0.03,0.004,400000
2746,152,-0.399,9,19,1,1,0,0,0.03,0.004,400000
2747,400,10.123,3,10,7,0,0,1,0.03,0.004,400000
2748,47,-15.181,0,2,3,1,0,0,0.03,0.004,400000
2749,80,-9.47,3,11,4,1,0,0,0.03,0.004,400000
2750,304,0.008,3,9,3,1,0,0,0.03,0.004,400000
2751,341,25.981,18,41,5,1,0,0,0.03,0.004,400000
2752,142,9.904,12,33,3,1,0,0,0.03,0.004,400000
2753,191,15.487,18,43,1,1,0,0,0.03,0.004,400000
2754,69,-0.571,9,23,3,1,0,0,0.03,0.004,400000
2755,141,6.929,13,33,5,1,0,0,0.03,0.004,400000
2756,174,-16.993,0,3,3,1,0,0,0.03,0.004,400000
2757,20,-11.993,1,6,2,1,0,0,0.03,0.004,400000
2758,307,43.98,33,79,3,1,0,0,0.03,0.004,400000
2759,400,3.205,6,15,3,0,0,1,0.03,0.004,400000
2760,400,11.899,8,29,8,0,0,1,0.03,0.004,400000
2761,169,-2.132,7,23,1,1,0,0,0.03,0.004,400000
2762,400,7.164,7,20,4,0,0,1,0.03,0.004,400000
2763,400,46.34,29,66,7,0,0,1,0.03,0.004,400000
2764,400,47.738,25,57,6,0,0,1,0.03,0.004,400000
2765,13,-14.52,0,2,0,1,0,0,0.03,0.004,400000
2766,116,-16.006,0,3,2,1,0,0,0.03,0.004,400000
2767,400,39.244,26,58,5,0,0,1,0.03,0.004,400000
2768,184,15.452,13,41,0,1,0,0,0.03,0.004,400000
2769,13,-14.469,0,3,0,1,0,0,0.03,0.004,400000
2770,400,31.493,16,38,6,0,0,1,0.03,0.004,400000
2771,272,-18.769,0,1,4,1,0,0,0.03,0.004,400000
2772,400,41.117,25,62,1,0,0,1,0.03,0.004,400000
2773,107,4.846,9,23,1,1,0,0,0.03,0.004,400000
2774,400,53.557,31,70,7,0,0,1,0.03,0.004,400000
2775,400,22.667,12,29,6,0,0,1,0.03,0.004,400000
2776,400,52.482,32,69,2,0,0,1,0.03,0.004,400000
2777,145,-16.7,0,1,2,1,0,0,0.03,0.004,400000
2778,168,14.147,16,41,5,1,0,0,0.03,0.004,400000
2779,320,11.682,10,21,5,1,0,0,0.03,0.004,400000
2780,42,-7.65,2,11,0,1,0,0,0.03,0.004,400000
2781,348,9.024,14,34,6,1,0,0,0.03,0.004,400000
2782,400,29.236,15,45,4,0,0,1,0.03,0.004,400000
2783,169,-3.336,5,19,3,1,0,0,0.03,0.004,400000
2784,221,4.231,12,37,5,1,0,0,0.03,0.004,400000
2785,123,-0.14,6,16,1,1,0,0,0.03,0.004,400000
2786,323,11.756,10,27,3,1,0,0,0.03,0.004,400000
2787,254,5.473,9,29,1,1,0,0,0.03,0.004,400000
2788,400,28.298,18,32,5,0,0,1,0.03,0.004,400000
2789,400,59.39,36,90,6,0,0,1,0.03,0.004,400000
2790,137,2.447,8,17,0,1,0,0,0.03,0.004,400000
2791,228,22.526,19,46,3,1,0,0,0.03,0.004,400000
2792,49,-14.982,0,2,0,1,0,0,0.03,0.004,400000
2793,9,-14.611,0,1,0,1,0,0,0.03,0.004,400000
2794,400,27.457,9,28,2,0,0,1,0.03,0.004,400000
2795,400,22.509,12,32,2,0,0,1,0.03,0.004,400000
2796,400,59.09,36,80,3,0,0,1,0.03,0.004,400000
2797,46,-15.22,0,1,1,1,0,0,0.03,0.004,400000
2798,400,14.868,7,27,6,0,0,1,0.03,0.004,400000
2799,366,30.888,26,59,6,1,0,0,0.03,0.004,400000
2800,241,-5.613,1,10,1,1,0,0,0.03,0.004,400000
2801,400,46.584,25,62,5,0,0,1,0.03,0.004,400000
2802,273,2.911,10,16,4,1,0,0,0.03,0.004,400000
2803,400,41.511,26,68,5,0,0,1,0.03,0.004,400000
2804,400,28.699,19,51,3,0,0,1,0.03,0.004,400000
2805,152,-10.01,3,8,1,1,0,0,0.03,0.004,400000
2806,400,32.82,19,40,5,0,0,1,0.03,0.004,400000
2807,232,25.486,23,47,1,1,0,0,0.03,0.004,400000
2808,228,13.663,16,33,2,1,0,0,0.03,0.004,400000
2809,400,18.31,7,25,5,0,0,1,0.03,0.004,400000
2810,400,12.104,9,20,7,0,0,1,0.03,0.004,400000
2811,400,7.593,6,27,7,0,0,1,0.03,0.004,400000
2812,107,-7.525,3,13,4,1,0,0,0.03,0.004,400000
2813,400,53.976,32,79,3,0,0,1,0.03,0.004,400000
2814,262,15.398,17,49,4,1,0,0,0.03,0.004,400000
2815,294,10.949,13,37,4,1,0,0,0.03,0.004,400000
2816,400,2.788,4,15,7,0,0,1,0.03,0.004,400000
2817,400,30.501,18,53,5,0,0,1,0.03,0.004,400000
2818,350,2.069,10,23,5,1,0,0,0.03,0.004,400000
2819,400,22.868,12,30,2,0,0,1,0.03,0.004,400000
2820,400,43.046,28,63,8,0,0,1,0.03,0.004,400000
2821,361,26.51,19,57,5,1,0,0,0.03,0.004,400000
2822,400,22.181,4,8,5,0,0,1,0.03,0.004,400000
2823,385,22.43,21,50,3,1,0,0,0.03,0.004,400000
2824,87,-8.739,1,5,1,1,0,0,0.03,0.004,400000
2825,66,-15.224,0,3,1,1,0,0,0.03,0.004,400000
2826,27,-14.718,0,2,0,1,0,0,0.03,0.004,400000
2827,57,-6.848,2,7,1,1,0,0,0.03,0.004,400000
2828,177,-9.535,3,17,6,1,0,0,0.03,0.004,400000
2829,400,40.937,23,47,4,0,0,1,0.03,0.004,400000
2830,400,43.264,22,58,5,0,0,1,0.03,0.004,400000
2831,115,9.55,13,40,1,1,0,0,0.03,0.004,400000
2832,400,12.889,11,30,3,0,0,1,0.03,0.004,400000
2833,400,54.897,35,76,6,0,0,1,0.03,0.004,400000
2834,400,17.28,5,11,5,0,0,1,0.03,0.004,400000
2835,25,-10.75,1,10,3,1,0,0,0.03,0.004,400000
2836,51,-9.872,1,9,0,1,0,0,0.03,0.004,400000
2837,400,61.837,37,86,5,0,0,1,0.03,0.004,400000
2838,83,-1.429,7,29,4,1,0,0,0.03,0.004,400000
2839,400,16.657,11,27,3,0,0,1,0.03,0.004,400000
2840,400,39.714,25,57,2,0,0,1,0.03,0.004,400000
2841,155,12.363,17,41,7,1,0,0,0.03,0.004,400000
2842,94,2.627,10,29,3,1,0,0,0.03,0.004,400000
2843,148,11.029,13,43,3,1,0,0,0.03,0.004,400000
2844,400,48.802,30,61,4,0,0,1,0.03,0.004,400000
2845,400,32.301,18,49,1,0,0,1,0.03,0.004,400000
2846,400,53.508,30,78,2,0,0,1,0.03,0.004,400000
2847,64,-12.506,0,4,1,1,0,0,0.03,0.004,400000
2848,173,-16.649,0,3,0,1,0,0,0.03,0.004,400000
2849,176,16.455,16,44,3,1,0,0,0.03,0.004,400000
2850,57,-2.508,6,19,1,1,0,0,0.03,0.004,400000
2851,18,-10.68,2,7,1,1,0,0,0.03,0.004,400000
2852,102,-9.478,1,16,3,1,0,0,0.03,0.004,400000
2853,400,13.887,3,10,5,0,0,1,0.03,0.004,400000
2854,400,13.299,3,16,3,0,0,1,0.03,0.004,400000
2855,400,38.099,23,54,3,0,0,1,0.03,0.004,400000
2856,78,0.569,9,19,3,1,0,0,0.03,0.004,400000
2857,400,47.997,26,53,3,0,0,1,0.03,0.004,400000
2858,40,-7.763,3,7,0,1,0,0,0.03,0.004,400000
2859,312,1.38,12,28,3,1,0,0,0.03,0.004,400000
2860,400,7.289,2,6,2,0,0,1,0.03,0.004,400000
2861,254,28.495,25,62,3,1,0,0,0.03,0.004,400000
2862,400,-1.872,2,6,5,0,0,1,0.03,0.004,400000
2863,93,2.974,7,19,2,1,0,0,0.03,0.004,400000
2864,400,60.189,34,83,2,0,0,1,0.03,0.004,400000
2865,25,-9.936,2,7,2,1,0,0,0.03,0.004,400000
2866,400,7.238,8,20,2,0,0,1,0.03,0.004,400000
2867,85,-15.444,0,3,0,1,0,0,0.03,0.004,400000
2868,400,42.436,23,66,7,0,0,1,0.03,0.004,400000
2869,266,-7.732,1,5,1,1,0,0,0.03,0.004,400000
2870,61,-15.392,0,3,4,1,0,0,0.03,0.004,400000
2871,400,55.565,32,87,3,0,0,1,0.03,0.004,400000
2872,400,31.259,17,57,5,0,0,1,0.03,0.004,400000
2873,205,22.81,22,57,5,1,0,0,0.03,0.004,400000
2874,94,-15.933,0,1,2,1,0,0,0.03,0.004,400000
2875,324,30.273,25,72,5,1,0,0,0.03,0.004,400000
2876,171,7.046,13,25,1,1,0,0,0.03,0.004,400000
2877,400,-3.076,1,6,2,0,0,1,0.03,0.004,400000
2878,72,-15.529,0,3,4,1,0,0,0.03,0.004,400000
2879,400,30.792,11,34,5,0,0,1,0.03,0.004,400000
2880,400,53.169,32,77,17,0,0,1,0.03,0.004,400000
2881,400,55.799,35,83,18,0,0,1,0.03,0.004,400000
2882,364,34.044,31,76,18,1,0,0,0.03,0.004,400000
2883,400,44.435,26,60,24,0,0,1,0.03,0.004,400000
2884,104,-7.871,3,7,12,1,0,0,0.03,0.004,400000
2885,379,38.311,25,59,4,1,0,0,0.03,0.004,400000
2886,125,2.827,8,26,14,1,0,0,0.03,0.004,400000
2887,171,4.447,7,16,6,1,0,0,0.03,0.004,400000
2888,7,-14.699,0,3,4,1,0,0,0.03,0.004,400000
2889,10,-14.703,0,4,4,1,0,0,0.03,0.004,400000
2890,9,-14.827,0,3,6,1,0,0,0.03,0.004,400000
2891,82,-3.528,8,14,14,1,0,0,0.03,0.004,400000
2892,92,0.831,7,19,8,1,0,0,0.03,0.004,400000
2893,10,-15.046,0,4,9,1,0,0,0.03,0.004,400000
2894,400,15.894,5,17,35,0,0,1,0.03,0.004,400000
2895,400,39.508,26,55,28,0,0,1,0.03,0.004,400000
2896,58,-7.671,4,15,11,1,0,0,0.03,0.004,400000
2897,303,26.465,25,59,24,1,0,0,0.03,0.004,400000
2898,400,39.49,27,68,51,0,0,1,0.03,0.004,400000
2899,400,14.197,13,40,33,0,0,1,0.03,0.004,400000
2900,400,-1.002,7,14,5,0,0,1,0.03,0.004,400000
2901,400,-2.331,5,10,31,0,0,1,0.03,0.004,400000
2902,87,-12.589,2,9,7,1,0,0,0.03,0.004,400000
2903,18,-15.26,0,3,7,1,0,0,0.03,0.004,400000
2904,242,9.278,17,46,13,1,0,0,0.03,0.004,400000
2905,140,0.116,8,30,22,1,0,0,0.03,0.004,400000
2906,61,-3.451,7,17,9,1,0,0,0.03,0.004,400000
2907,400,27.165,21,48,59,0,0,1,0.03,0.004,400000
2908,13,-15.259,0,3,10,1,0,0,0.03,0.004,400000
2909,155,1.917,11,31,29,1,0,0,0.03,0.004,400000
2910,400,47.066,34,78,74,0,0,1,0.03,0.004,400000
2911,28,-8.023,1,5,4,1,0,0,0.03,0.004,400000
2912,291,21.855,23,64,40,1,0,0,0.03,0.004,400000
2913,400,4.364,7,17,106,0,0,1,0.03,0.004,400000
2914,208,25.207,25,59,17,1,0,0,0.03,0.004,400000
2915,18,-11.016,1,8,2,1,0,0,0.03,0.004,400000
2916,387,28.059,30,65,65,1,0,0,0.03,0.004,400000
2917,366,26.236,25,64,59,1,0,0,0.03,0.004,400000
2918,400,38.31,27,76,68,0,0,1,0.03,0.004,400000
2919,400,33.035,22,61,61,0,0,1,0.03,0.004,400000
2920,155,0.36,7,26,35,1,0,0,0.03,0.004,400000
2921,207,4.612,10,22,21,1,0,0,0.03,0.004,400000
2922,400,50.086,33,86,52,0,0,1,0.03,0.004,400000
2923,400,-8.15,0,10,120,0,0,1,0.03,0.004,400000
2924,400,50.664,34,77,39,0,0,1,0.03,0.004,400000
2925,400,18.489,13,32,74,0,0,1,0.03,0.004,400000
2926,68,-2.843,6,22,4,1,0,0,0.03,0.004,400000
2927,400,24.036,16,45,37,0,0,1,0.03,0.004,400000
2928,400,51.41,34,76,33,0,0,1,0.03,0.004,400000
2929,400,14.063,9,28,26,0,0,1,0.03,0.004,400000
2930,103,0.215,5,17,7,1,0,0,0.03,0.004,400000
2931,325,29.851,27,75,36,1,0,0,0.03,0.004,400000
2932,166,3.469,10,25,29,1,0,0,0.03,0.004,400000
2933,400,48.876,30,82,43,0,0,1,0.03,0.004,400000
2934,382,19.145,23,67,75,1,0,0,0.03,0.004,400000
2935,400,32.14,22,48,62,0,0,1,0.03,0.004,400000
2936,400,41.755,30,74,54,0,0,1,0.03,0.004,400000
2937,364,30.388,27,62,28,1,0,0,0.03,0.004,400000
2938,57,-1.865,7,16,5,1,0,0,0.03,0.004,400000
2939,400,24.087,16,40,11,0,0,1,0.03,0.004,400000
2940,400,39.634,26,64,48,0,0,1,0.03,0.004,400000
2941,400,40.04,20,53,2,0,0,1,0.03,0.004,400000
2942,59,-12.441,3,5,24,1,0,0,0.03,0.004,400000
2943,400,65.91,40,97,15,0,0,1,0.03,0.004,400000
2944,400,39.491,28,67,60,0,0,1,0.03,0.004,400000
2945,400,45.945,31,81,64,0,0,1,0.03,0.004,400000
2946,400,48.781,27,77,28,0,0,1,0.03,0.004,400000
2947,17,-9.261,0,6,7,1,0,0,0.03,0.004,400000
2948,400,61.604,37,85,16,0,0,1,0.03,0.004,400000
2949,400,49.085,29,73,11,0,0,1,0.03,0.004,400000
2950,400,38.415,28,76,74,0,0,1,0.03,0.004,400000
2951,400,9.172,9,23,49,0,0,1,0.03,0.004,400000
2952,400,24.591,16,42,30,0,0,1,0.03,0.004,400000
2953,400,52.719,33,80,30,0,0,1,0.03,0.004,400000
2954,21,-10.945,0,2,11,1,0,0,0.03,0.004,400000
2955,400,37.228,27,59,53,0,0,1,0.03,0.004,400000
2956,400,61.183,38,86,12,0,0,1,0.03,0.004,400000
2957,400,23.45,17,41,69,0,0,1,0.03,0.004,400000
2958,400,12.858,13,33,58,0,0,1,0.03,0.004,400000
2959,197,4.996,12,32,23,1,0,0,0.03,0.004,400000
2960,97,-1.673,4,22,9,1,0,0,0.03,0.004,400000
2961,400,14.637,10,37,19,0,0,1,0.03,0.004,400000
2962,265,8.271,17,45,51,1,0,0,0.03,0.004,400000
2963,45,-10.234,2,12,7,1,0,0,0.03,0.004,400000
2964,340,24.575,25,60,38,1,0,0,0.03,0.004,400000
2965,400,37.357,28,67,60,0,0,1,0.03,0.004,400000
2966,43,-8.266,4,11,6,1,0,0,0.03,0.004,400000
2967,400,-1.712,1,12,43,0,0,1,0.03,0.004,400000
2968,400,43.766,28,75,51,0,0,1,0.03,0.004,400000
2969,60,-10.469,1,9,7,1,0,0,0.03,0.004,400000
2970,246,15.713,17,51,37,1,0,0,0.03,0.004,400000
2971,400,39.148,28,70,37,0,0,1,0.03,0.004,400000
2972,400,41.951,31,78,68,0,0,1,0.03,0.004,400000
2973,400,58.106,37,95,44,0,0,1,0.03,0.004,400000
2974,400,29.893,23,59,71,0,0,1,0.03,0.004,400000
2975,16,-7.505,1,6,0,1,0,0,0.03,0.004,400000
2976,43,-5.642,5,13,7,1,0,0,0.03,0.004,400000
2977,29,-6.923,2,5,3,1,0,0,0.03,0.004,400000
2978,400,33.07,24,71,85,0,0,1,0.03,0.004,400000
2979,400,43.704,27,78,44,0,0,1,0.03,0.004,400000
2980,6,-9.692,0,1,0,1,0,0,0.03,0.004,400000
2981,400,27.406,24,57,92,0,0,1,0.03,0.004,400000
2982,218,-3.643,5,20,16,1,0,0,0.03,0.004,400000
2983,400,22.396,21,50,105,0,0,1,0.03,0.004,400000
2984,158,7.714,13,45,19,1,0,0,0.03,0.004,400000
2985,378,32.979,30,79,73,1,0,0,0.03,0.004,400000
2986,400,60.297,38,90,30,0,0,1,0.03,0.004,400000
2987,175,3.912,13,35,37,1,0,0,0.03,0.004,400000
2988,400,56.771,37,89,37,0,0,1,0.03,0.004,400000
2989,212,19.396,21,55,16,1,0,0,0.03,0.004,400000
2990,34,-4.699,3,11,1,1,0,0,0.03,0.004,400000
2991,400,36.154,28,70,66,0,0,1,0.03,0.004,400000
2992,157,8.343,12,37,23,1,0,0,0.03,0.004,400000
2993,62,-10.622,0,5,14,1,0,0,0.03,0.004,400000
2994,400,43.572,28,81,50,0,0,1,0.03,0.004,400000
2995,23,-7.034,1,9,0,1,0,0,0.03,0.004,400000
2996,243,19.789,20,66,35,1,0,0,0.03,0.004,400000
2997,190,-9.043,3,13,29,1,0,0,0.03,0.004,400000
2998,400,53.687,35,84,47,0,0,1,0.03,0.004,400000
2999,88,-2.03,7,19,11,1,0,0,0.03,0.004,400000
3000,196,12.675,16,51,23,1,0,0,0.03,0.004,400000
3001,38,-8.483,3,9,3,1,0,0,0.03,0.004,400000
3002,102,4.433,11,27,2,1,0,0,0.03,0.004,400000
3003,400,52.42,33,84,46,0,0,1,0.03,0.004,400000
3004,400,45.227,31,86,64,0,0,1,0.03,0.004,400000
3005,400,40.45,29,64,73,0,0,1,0.03,0.004,400000
3006,258,0.251,7,26,35,1,0,0,0.03,0.004,400000
3007,212,13.83,18,53,23,1,0,0,0.03,0.004,400000
3008,49,-2.371,6,21,3,1,0,0,0.03,0.004,400000
3009,243,19.781,18,64,35,1,0,0,0.03,0.004,400000
3010,66,-8.068,3,13,12,1,0,0,0.03,0.004,400000
3011,400,51.972,34,90,49,0,0,1,0.03,0.004,400000
3012,400,10.388,8,22,28,0,0,1,0.03,0.004,400000
3013,400,35.872,22,58,15,0,0,1,0.03,0.004,400000
3014,400,43.271,29,79,61,0,0,1,0.03,0.004,400000
3015,400,31.079,26,57,95,0,0,1,0.03,0.004,400000
3016,196,19.002,22,46,19,1,0,0,0.03,0.004,400000
3017,41,-7.958,2,14,8,1,0,0,0.03,0.004,400000
3018,400,41.878,28,55,39,0,0,1,0.03,0.004,400000
3019,400,22.589,19,44,73,0,0,1,0.03,0.004,400000
3020,400,16.015,14,30,45,0,0,1,0.03,0.004,400000
3021,57,-3.628,6,15,6,1,0,0,0.03,0.004,400000
3022,19,-10.153,2,7,3,1,0,0,0.03,0.004,400000
3023,371,28.036,27,77,50,1,0,0,0.03,0.004,400000
3024,400,34.391,25,64,72,0,0,1,0.03,0.004,400000
3025,400,57.396,41,92,49,0,0,1,0.03,0.004,400000
3026,372,43.654,36,90,41,1,0,0,0.03,0.004,400000
3027,400,19.917,16,34,51,0,0,1,0.03,0.004,400000
3028,74,-3.238,6,20,10,1,0,0,0.03,0.004,400000
3029,400,48.911,33,77,37,0,0,1,0.03,0.004,400000
3030,163,17.863,18,46,4,1,0,0,0.03,0.004,400000
3031,190,2.326,9,21,18,1,0,0,0.03,0.004,400000
3032,103,-4.333,6,18,12,1,0,0,0.03,0.004,400000
3033,28,-11.175,1,10,6,1,0,0,0.03,0.004,400000
3034,339,14.88,18,46,44,1,0,0,0.03,0.004,400000
3035,400,30.018,22,47,24,0,0,1,0.03,0.004,400000
3036,240,18.616,22,58,37,1,0,0,0.03,0.004,400000
3037,400,42.882,28,77,42,0,0,1,0.03,0.004,400000
3038,400,55.12,37,83,33,0,0,1,0.03,0.004,400000
3039,400,54.397,37,84,52,0,0,1,0.03,0.004,400000
3040,173,-4.064,5,14,27,1,0,0,0.03,0.004,400000
3041,42,-11.55,2,7,19,1,0,0,0.03,0.004,400000
3042,400,34.117,26,65,81,0,0,1,0.03,0.004,400000
3043,400,35.575,26,57,56,0,0,1,0.03,0.004,400000
3044,400,49.241,35,84,58,0,0,1,0.03,0.004,400000
3045,5,-14.549,0,2,3,1,0,0,0.03,0.004,400000
3046,374,43.872,35,78,30,1,0,0,0.03,0.004,400000
3047,267,14.03,20,52,31,1,0,0,0.03,0.004,400000
3048,400,12.66,10,29,53,0,0,1,0.03,0.004,400000
3049,22,-6.918,1,9,4,1,0,0,0.03,0.004,400000
3050,400,27.59,18,51,31,0,0,1,0.03,0.004,400000
3051,134,5.972,12,28,25,1,0,0,0.03,0.004,400000
3052,283,19.205,22,52,38,1,0,0,0.03,0.004,400000
3053,400,44.238,28,77,25,0,0,1,0.03,0.004,400000
3054,61,-1.184,6,16,7,1,0,0,0.03,0.004,400000
3055,400,34.089,26,71,48,0,0,1,0.03,0.004,400000
3056,400,53.206,34,78,26,0,0,1,0.03,0.004,400000
3057,325,37.71,30,71,7,1,0,0,0.03,0.004,400000
3058,161,7.54,10,46,9,1,0,0,0.03,0.004,400000
3059,7,-9.527,0,3,0,1,0,0,0.03,0.004,400000
3060,177,8.847,13,41,21,1,0,0,0.03,0.004,400000
3061,400,37.347,25,70,41,0,0,1,0.03,0.004,400000
3062,39,-9.567,2,12,5,1,0,0,0.03,0.004,400000
3063,38,-8.466,4,11,9,1,0,0,0.03,0.004,400000
3064,216,7.717,15,44,34,1,0,0,0.03,0.004,400000
3065,198,16.958,20,63,33,1,0,0,0.03,0.004,400000
3066,191,29.176,26,53,6,1,0,0,0.03,0.004,400000
3067,69,-6.363,4,22,14,1,0,0,0.03,0.004,400000
3068,400,52.556,35,95,45,0,0,1,0.03,0.004,400000
3069,400,43.611,27,62,26,0,0,1,0.03,0.004,400000
3070,400,15.233,12,38,80,0,0,1,0.03,0.004,400000
3071,400,35.117,26,65,69,0,0,1,0.03,0.004,400000
3072,400,31.032,24,64,75,0,0,1,0.03,0.004,400000
3073,93,-2.905,7,18,15,1,0,0,0.03,0.004,400000
3074,353,-2.269,6,20,27,1,0,0,0.03,0.004,400000
3075,400,15.462,11,30,10,0,0,1,0.03,0.004,400000
3076,400,9.81,9,27,66,0,0,1,0.03,0.004,400000
3077,111,-2.205,8,22,19,1,0,0,0.03,0.004,400000
3078,175,11.939,16,42,25,1,0,0,0.03,0.004,400000
3079,27,-9.763,2,10,4,1,0,0,0.03,0.004,400000
3080,370,11.246,14,40,13,1,0,0,0.03,0.004,400000
3081,400,50.884,32,85,42,0,0,1,0.03,0.004,400000
3082,400,14.771,10,31,17,0,0,1,0.03,0.004,400000
3083,17,-8.251,0,6,0,1,0,0,0.03,0.004,400000
3084,113,-0.714,8,19,5,1,0,0,0.03,0.004,400000
3085,400,53.552,35,82,22,0,0,1,0.03,0.004,400000
3086,19,-8.252,1,3,0,1,0,0,0.03,0.004,400000
3087,400,51.487,31,79,17,0,0,1,0.03,0.004,400000
3088,351,0.504,10,30,10,1,0,0,0.03,0.004,400000
3089,139,11.625,12,35,2,1,0,0,0.03,0.004,400000
3090,182,-12.889,0,0,4,1,0,0,0.03,0.004,400000
3091,5,-15.092,0,3,1,1,0,0,0.03,0.004,400000
3092,400,5.897,3,12,7,0,0,1,0.03,0.004,400000
3093,400,33.329,20,47,6,0,0,1,0.03,0.004,400000
3094,400,24.979,9,22,5,0,0,1,0.03,0.004,400000
3095,400,16.4,10,22,9,0,0,1,0.03,0.004,400000
3096,340,46.642,33,86,3,1,0,0,0.03,0.004,400000
3097,127,-8.379,2,9,9,1,0,0,0.03,0.004,400000
3098,400,44.772,23,64,7,0,0,1,0.03,0.004,400000
3099,285,31.238,26,61,14,1,0,0,0.03,0.004,400000
3100,236,16.412,18,37,4,1,0,0,0.03,0.004,400000
3101,71,-8.087,2,8,4,1,0,0,0.03,0.004,400000
3102,375,9.578,3,12,4,1,0,0,0.03,0.004,400000
3103,8,-14.687,0,4,6,1,0,0,0.03,0.004,400000
3104,215,6.135,5,28,4,1,0,0,0.03,0.004,400000
3105,133,12.49,18,41,10,1,0,0,0.03,0.004,400000
3106,101,4.227,11,33,8,1,0,0,0.03,0.004,400000
3107,400,56.342,34,79,7,0,0,1,0.03,0.004,400000
3108,400,45.339,25,60,10,0,0,1,0.03,0.004,400000
3109,9,-15.152,0,2,7,1,0,0,0.03,0.004,400000
3110,7,-15.22,0,4,3,1,0,0,0.03,0.004,400000
3111,354,18.248,18,49,14,1,0,0,0.03,0.004,400000
3112,134,6.466,9,21,4,1,0,0,0.03,0.004,400000
3113,369,14.082,10,30,12,1,0,0,0.03,0.004,400000
3114,400,48.763,30,70,21,0,0,1,0.03,0.004,400000
3115,400,1.707,5,18,115,0,0,1,0.03,0.004,400000
3116,400,28.397,20,45,15,0,0,1,0.03,0.004,400000
3117,7,-14.743,0,3,4,1,0,0,0.03,0.004,400000
3118,12,-14.994,0,3,7,1,0,0,0.03,0.004,400000
3119,7,-14.523,0,4,5,1,0,0,0.03,0.004,400000
3120,398,42.36,33,74,14,1,0,0,0.03,0.004,400000
3121,234,5.179,5,15,5,1,0,0,0.03,0.004,400000
3122,400,35.727,19,48,25,0,0,1,0.03,0.004,400000
3123,19,-7.492,1,6,0,1,0,0,0.03,0.004,400000
3124,400,59.146,35,80,16,0,0,1,0.03,0.004,400000
3125,292,26.912,25,53,24,1,0,0,0.03,0.004,400000
3126,400,22.88,4,15,4,0,0,1,0.03,0.004,400000
3127,400,38.013,18,50,8,0,0,1,0.03,0.004,400000
3128,400,-0.883,1,7,9,0,0,1,0.03,0.004,400000
3129,400,22.662,12,32,1,0,0,1,0.03,0.004,400000
3130,273,-6.27,3,10,8,1,0,0,0.03,0.004,400000
3131,7,-14.858,0,1,3,1,0,0,0.03,0.004,400000
3132,51,-5.802,3,18,4,1,0,0,0.03,0.004,400000
3133,10,-14.826,0,3,5,1,0,0,0.03,0.004,400000
3134,400,55.309,35,84,4,0,0,1,0.03,0.004,400000
3135,15,-14.577,0,2,0,1,0,0,0.03,0.004,400000
3136,71,-4.058,6,16,4,1,0,0,0.03,0.004,400000
3137,331,33.753,29,82,22,1,0,0,0.03,0.004,400000
3138,400,36.32,17,54,21,0,0,1,0.03,0.004,400000
3139,275,34.172,27,73,11,1,0,0,0.03,0.004,400000
3140,400,9.366,7,24,33,0,0,1,0.03,0.004,400000
3141,400,40.903,26,55,4,0,0,1,0.03,0.004,400000
3142,400,5.126,2,8,6,0,0,1,0.03,0.004,400000
3143,18,-10.531,2,7,3,1,0,0,0.03,0.004,400000
3144,79,5.272,8,25,3,1,0,0,0.03,0.004,400000
3145,90,0.363,9,17,13,1,0,0,0.03,0.004,400000
3146,178,1.96,8,32,13,1,0,0,0.03,0.004,400000
3147,119,11.283,15,43,2,1,0,0,0.03,0.004,400000
3148,400,16.653,12,39,37,0,0,1,0.03,0.004,400000
3149,400,-0.201,1,8,4,0,0,1,0.03,0.004,400000
3150,66,-4.927,2,15,5,1,0,0,0.03,0.004,400000
3151,128,18.465,18,45,9,1,0,0,0.03,0.004,400000
3152,55,-3.616,5,17,5,1,0,0,0.03,0.004,400000
3153,223,15.222,17,57,25,1,0,0,0.03,0.004,400000
3154,104,-1.475,8,25,21,1,0,0,0.03,0.004,400000
3155,383,27.102,18,51,13,1,0,0,0.03,0.004,400000
3156,400,34.819,19,52,6,0,0,1,0.03,0.004,400000
3157,400,11.248,8,27,4,0,0,1,0.03,0.004,400000
3158,400,21.918,15,30,2,0,0,1,0.03,0.004,400000
3159,140,8.506,11,31,1,1,0,0,0.03,0.004,400000
3160,400,19.953,13,35,4,0,0,1,0.03,0.004,400000
3161,59,-15.174,0,2,0,1,0,0,0.03,0.004,400000
3162,400,39.885,25,52,7,0,0,1,0.03,0.004,400000
3163,400,-2.164,0,9,12,0,0,1,0.03,0.004,400000
3164,400,53.894,33,75,4,0,0,1,0.03,0.004,400000
3165,166,21.004,21,50,4,1,0,0,0.03,0.004,400000
3166,400,-5.718,0,8,7,0,0,1,0.03,0.004,400000
3167,184,-2.533,4,12,3,1,0,0,0.03,0.004,400000
3168,51,-2.204,7,18,0,1,0,0,0.03,0.004,400000
3169,240,20.223,17,49,4,1,0,0,0.03,0.004,400000
3170,400,18.219,10,30,11,0,0,1,0.03,0.004,400000
3171,400,21.568,14,35,6,0,0,1,0.03,0.004,400000
3172,400,36.601,20,47,7,0,0,1,0.03,0.004,400000
3173,400,-2.667,2,2,3,0,0,1,0.03,0.004,400000
3174,400,45.652,28,73,4,0,0,1,0.03,0.004,400000
3175,131,13.553,17,38,2,1,0,0,0.03,0.004,400000
3176,400,16.523,11,32,1,0,0,1,0.03,0.004,400000
3177,400,20.127,14,27,5,0,0,1,0.03,0.004,400000
3178,25,-10.577,2,9,2,1,0,0,0.03,0.004,400000
3179,400,10.439,5,12,8,0,0,1,0.03,0.004,400000
3180,36,-7.146,3,12,1,1,0,0,0.03,0.004,400000
3181,154,19.544,17,49,3,1,0,0,0.03,0.004,400000
3182,107,-9.209,2,13,1,1,0,0,0.03,0.004,400000
3183,200,-17.303,0,3,2,1,0,0,0.03,0.004,400000
3184,400,52.839,29,79,1,0,0,1,0.03,0.004,400000
3185,164,24.154,24,61,3,1,0,0,0.03,0.004,400000
3186,116,-16.236,0,2,2,1,0,0,0.03,0.004,400000
3187,400,16.314,8,27,9,0,0,1,0.03,0.004,400000
3188,400,3.614,2,7,4,0,0,1,0.03,0.004,400000
3189,86,-4.877,2,11,1,1,0,0,0.03,0.004,400000
3190,194,18.934,19,35,2,1,0,0,0.03,0.004,400000
3191,400,36.989,22,59,11,0,0,1,0.03,0.004,400000
3192,60,-5.491,5,12,2,1,0,0,0.03,0.004,400000
3193,66,-4.182,5,16,2,1,0,0,0.03,0.004,400000
3194,400,8.084,8,17,3,0,0,1,0.03,0.004,400000
3195,400,38.702,20,56,4,0,0,1,0.03,0.004,400000
3196,164,23.053,24,48,2,1,0,0,0.03,0.004,400000
3197,400,9.26,4,14,2,0,0,1,0.03,0.004,400000
3198,84,-15.66,0,2,1,1,0,0,0.03,0.004,400000
3199,400,-4.814,0,3,5,0,0,1,0.03,0.004,400000
3200,400,21.826,14,42,5,0,0,1,0.03,0.004,400000
3201,37,-14.99,0,3,2,1,0,0,0.03,0.004,400000
3202,400,-5.519,0,0,3,0,0,1,0.03,0.004,400000
3203,71,2.95,10,25,1,1,0,0,0.03,0.004,400000
3204,261,-3.595,5,24,1,1,0,0,0.03,0.004,400000
3205,400,-5.84,0,0,6,0,0,1,0.03,0.004,400000
3206,366,9.51,13,29,4,1,0,0,0.03,0.004,400000
3207,231,16.131,16,32,1,1,0,0,0.03,0.004,400000
3208,159,14.841,13,44,1,1,0,0,0.03,0.004,400000
3209,400,32.479,16,27,9,0,0,1,0.03,0.004,400000
3210,5,-14.381,0,2,0,1,0,0,0.03,0.004,400000
3211,400,41.659,24,67,11,0,0,1,0.03,0.004,400000
3212,400,37.986,24,54,5,0,0,1,0.03,0.004,400000
3213,400,38.67,23,57,6,0,0,1,0.03,0.004,400000
3214,400,9.056,5,11,8,0,0,1,0.03,0.004,400000
3215,400,17.677,13,23,7,0,0,1,0.03,0.004,400000
3216,400,40.004,21,48,6,0,0,1,0.03,0.004,400000
3217,24,-6.954,1,7,0,1,0,0,0.03,0.004,400000
3218,110,-10.801,0,3,0,1,0,0,0.03,0.004,400000
3219,400,40.929,25,65,5,0,0,1,0.03,0.004,400000
3220,290,25.58,21,62,3,1,0,0,0.03,0.004,400000
3221,400,23.794,15,43,5,0,0,1,0.03,0.004,400000
3222,241,-4.381,4,16,6,1,0,0,0.03,0.004,400000
3223,400,44.082,24,55,4,0,0,1,0.03,0.004,400000
3224,25,-8.148,3,11,2,1,0,0,0.03,0.004,400000
3225,5,-14.314,0,3,1,1,0,0,0.03,0.004,400000
3226,400,3.825,6,17,7,0,0,1,0.03,0.004,400000
3227,239,34.047,28,68,1,1,0,0,0.03,0.004,400000
3228,400,33.295,20,50,9,0,0,1,0.03,0.004,400000
3229,400,66.765,37,102,3,0,0,1,0.03,0.004,400000
3230,400,30.809,15,40,3,0,0,1,0.03,0.004,400000
3231,400,-3.664,0,6,7,0,0,1,0.03,0.004,400000
3232,264,25.413,21,54,2,1,0,0,0.03,0.004,400000
3233,170,-7.443,2,12,7,1,0,0,0.03,0.004,400000
3234,400,40.252,24,61,7,0,0,1,0.03,0.004,400000
3235,365,16.293,18,51,5,1,0,0,0.03,0.004,400000
3236,56,-0.107,6,17,0,1,0,0,0.03,0.004,400000
3237,5,-15.498,0,1,3,1,0,0,0.03,0.004,400000
3238,400,-0.863,2,6,0,0,0,1,0.03,0.004,400000
3239,400,32.741,20,49,3,0,0,1,0.03,0.004,400000
3240,400,-3.83,0,6,0,0,0,1,0.03,0.004,400000
3241,18,-10.065,1,7,0,1,0,0,0.03,0.004,400000
3242,358,1.559,2,16,7,1,0,0,0.03,0.004,400000
3243,400,18.701,11,25,4,0,0,1,0.03,0.004,400000
3244,400,45.106,22,74,7,0,0,1,0.03,0.004,400000
3245,353,-16.392,1,7,7,1,0,0,0.03,0.004,400000
3246,309,-15.514,2,5,5,1,0,0,0.03,0.004,400000
3247,60,-8.965,3,10,1,1,0,0,0.03,0.004,400000
3248,58,-3.533,7,15,4,1,0,0,0.03,0.004,400000
3249,400,11.322,5,18,4,0,0,1,0.03,0.004,400000
3250,89,-5.747,5,17,1,1,0,0,0.03,0.004,400000
3251,400,0.348,2,10,4,0,0,1,0.03,0.004,400000
3252,319,8.686,15,48,4,1,0,0,0.03,0.004,400000
3253,115,7.073,12,36,3,1,0,0,0.03,0.004,400000
3254,179,15.872,15,38,3,1,0,0,0.03,0.004,400000
3255,400,-4.854,0,3,3,0,0,1,0.03,0.004,400000
3256,400,-2.186,2,7,4,0,0,1,0.03,0.004,400000
3257,84,1.316,7,19,0,1,0,0,0.03,0.004,400000
3258,400,-5.47,0,2,7,0,0,1,0.03,0.004,400000
3259,7,-14.646,0,1,2,1,0,0,0.03,0.004,400000
3260,188,17.987,16,60,0,1,0,0,0.03,0.004,400000
3261,400,52.455,30,87,2,0,0,1,0.03,0.004,400000
3262,400,24.436,16,36,8,0,0,1,0.03,0.004,400000
3263,375,-11.196,2,11,8,1,0,0,0.03,0.004,400000
3264,400,47.295,34,71,5,0,0,1,0.03,0.004,400000
3265,400,26.187,16,51,8,0,0,1,0.03,0.004,400000
3266,400,55.41,34,74,3,0,0,1,0.03,0.004,400000
3267,400,15.978,11,29,2,0,0,1,0.03,0.004,400000
3268,400,51.648,28,63,2,0,0,1,0.03,0.004,400000
3269,400,14.486,11,21,5,0,0,1,0.03,0.004,400000
3270,400,10.51,7,18,5,0,0,1,0.03,0.004,400000
3271,354,-12.571,1,4,6,1,0,0,0.03,0.004,400000
3272,400,33.056,15,43,5,0,0,1,0.03,0.004,400000
3273,400,34.792,19,41,3,0,0,1,0.03,0.004,400000
3274,322,9.513,6,23,1,1,0,0,0.03,0.004,400000
3275,400,25.974,11,32,5,0,0,1,0.03,0.004,400000
3276,400,-1.432,1,8,0,0,0,1,0.03,0.004,400000
3277,95,-7.668,1,2,0,1,0,0,0.03,0.004,400000
3278,6,-9.592,0,2,0,1,0,0,0.03,0.004,400000
3279,400,38.934,19,54,2,0,0,1,0.03,0.004,400000
3280,43,-15.116,0,3,3,1,0,0,0.03,0.004,400000
3281,106,1.22,8,23,0,1,0,0,0.03,0.004,400000
3282,400,18.662,7,18,3,0,0,1,0.03,0.004,400000
3283,400,-5.84,0,0,6,0,0,1,0.03,0.004,400000
3284,45,-6.184,4,14,1,1,0,0,0.03,0.004,400000
3285,170,-1.224,8,29,6,1,0,0,0.03,0.004,400000
3286,220,5.242,13,38,7,1,0,0,0.03,0.004,400000
3287,345,-11.536,1,9,2,1,0,0,0.03,0.004,400000
3288,167,4.656,10,35,6,1,0,0,0.03,0.004,400000
3289,219,-17.594,0,3,4,1,0,0,0.03,0.004,400000
3290,400,39.169,24,54,10,0,0,1,0.03,0.004,400000
3291,400,56.446,31,77,5,0,0,1,0.03,0.004,400000
3292,130,10.529,16,30,3,1,0,0,0.03,0.004,400000
3293,88,-7.263,3,8,4,1,0,0,0.03,0.004,400000
3294,131,-12.073,0,4,4,1,0,0,0.03,0.004,400000
3295,400,27.225,18,43,4,0,0,1,0.03,0.004,400000
3296,400,0.694,3,10,6,0,0,1,0.03,0.004,400000
3297,18,-8.919,2,8,0,1,0,0,0.03,0.004,400000
3298,181,18.833,18,38,1,1,0,0,0.03,0.004,400000
3299,400,20.587,8,19,7,0,0,1,0.03,0.004,400000
3300,400,9.007,10,19,7,0,0,1,0.03,0.004,400000
3301,48,-5.823,6,15,3,1,0,0,0.03,0.004,400000
3302,400,28.388,13,37,7,0,0,1,0.03,0.004,400000
3303,245,-3.498,5,12,3,1,0,0,0.03,0.004,400000
3304,100,7.204,12,28,1,1,0,0,0.03,0.004,400000
3305,76,-1.32,8,17,2,1,0,0,0.03,0.004,400000
3306,229,4.519,10,33,3,1,0,0,0.03,0.004,400000
3307,177,-7.297,5,10,4,1,0,0,0.03,0.004,400000
3308,130,12.955,16,40,3,1,0,0,0.03,0.004,400000
3309,44,-15.28,0,2,4,1,0,0,0.03,0.004,400000
3310,400,41.77,20,64,4,0,0,1,0.03,0.004,400000
3311,114,-0.249,7,13,0,1,0,0,0.03,0.004,400000
3312,375,17.505,13,34,5,1,0,0,0.03,0.004,400000
3313,5,-14.518,0,2,2,1,0,0,0.03,0.004,400000
3314,39,-4.929,3,9,1,1,0,0,0.03,0.004,400000
3315,400,48.922,29,68,4,0,0,1,0.03,0.004,400000
3316,91,-10.63,1,2,3,1,0,0,0.03,0.004,400000
3317,19,-7.192,1,9,0,1,0,0,0.03,0.004,400000
3318,233,22.907,24,51,6,1,0,0,0.03,0.004,400000
3319,14,-10.125,0,5,1,1,0,0,0.03,0.004,400000
3320,400,43.422,26,66,4,0,0,1,0.03,0.004,400000
3321,182,13.522,13,38,1,1,0,0,0.03,0.004,400000
3322,325,16.619,15,38,3,1,0,0,0.03,0.004,400000
3323,259,-19.092,0,1,4,1,0,0,0.03,0.004,400000
3324,400,-4.566,0,5,4,0,0,1,0.03,0.004,400000
3325,227,3.855,7,36,6,1,0,0,0.03,0.004,400000
3326,400,40.403,22,61,4,0,0,1,0.03,0.004,400000
3327,400,35.751,21,55,14,0,0,1,0.03,0.004,400000
3328,9,-15.832,0,2,7,1,0,0,0.03,0.004,400000
3329,400,2.574,4,15,16,0,0,1,0.03,0.004,400000
3330,7,-14.729,0,3,5,1,0,0,0.03,0.004,400000
3331,400,48.358,25,73,5,0,0,1,0.03,0.004,400000
3332,197,26.108,27,52,11,1,0,0,0.03,0.004,400000
3333,396,47.11,38,89,36,1,0,0,0.03,0.004,400000
3334,7,-11.926,0,3,1,1,0,0,0.03,0.004,400000
3335,20,-17.715,0,3,18,1,0,0,0.03,0.004,400000
3336,84,-1.334,8,19,8,1,0,0,0.03,0.004,400000
3337,400,47.418,30,66,41,0,0,1,0.03,0.004,400000
3338,167,1.434,11,33,32,1,0,0,0.03,0.004,400000
3339,400,55.143,33,79,32,0,0,1,0.03,0.004,400000
3340,337,39.067,32,84,38,1,0,0,0.03,0.004,400000
3341,95,1.328,6,30,13,1,0,0,0.03,0.004,400000
3342,400,51.374,34,77,35,0,0,1,0.03,0.004,400000
3343,400,7.308,7,15,31,0,0,1,0.03,0.004,400000
3344,400,30.813,22,58,63,0,0,1,0.03,0.004,400000
3345,78,-5.652,3,10,14,1,0,0,0.03,0.004,400000
3346,127,2.063,10,31,16,1,0,0,0.03,0.004,400000
3347,17,-15.816,0,4,15,1,0,0,0.03,0.004,400000
3348,400,46.284,29,84,29,0,0,1,0.03,0.004,400000
3349,113,9.801,14,36,8,1,0,0,0.03,0.004,400000
3350,400,44.936,32,70,52,0,0,1,0.03,0.004,400000
3351,340,30.49,31,67,43,1,0,0,0.03,0.004,400000
3352,400,46.635,32,77,56,0,0,1,0.03,0.004,400000
3353,400,40.645,27,72,67,0,0,1,0.03,0.004,400000
3354,400,34.199,26,61,73,0,0,1,0.03,0.004,400000
3355,139,-8.09,2,11,8,1,0,0,0.03,0.004,400000
3356,120,0.935,8,29,7,1,0,0,0.03,0.004,400000
3357,104,-0.393,9,19,14,1,0,0,0.03,0.004,400000
3358,400,50.765,36,83,36,0,0,1,0.03,0.004,400000
3359,400,49.787,32,69,32,0,0,1,0.03,0.004,400000
3360,400,42.493,28,64,41,0,0,1,0.03,0.004,400000
3361,400,46.604,32,83,67,0,0,1,0.03,0.004,400000
3362,400,42.581,28,76,51,0,0,1,0.03,0.004,400000
3363,7,-14.579,0,4,5,1,0,0,0.03,0.004,400000
3364,28,-10.15,2,8,4,1,0,0,0.03,0.004,400000
3365,7,-15.453,0,4,6,1,0,0,0.03,0.004,400000
3366,191,-5.292,4,16,21,1,0,0,0.03,0.004,400000
3367,400,38.245,27,53,46,0,0,1,0.03,0.004,400000
3368,400,47.711,31,77,42,0,0,1,0.03,0.004,400000
3369,91,-17.47,0,3,3,1,0,0,0.03,0.004,400000
3370,400,43.463,29,76,59,0,0,1,0.03,0.004,400000
3371,19,-11.041,1,8,3,1,0,0,0.03,0.004,400000
3372,400,29.583,21,60,64,0,0,1,0.03,0.004,400000
3373,27,-7.956,1,7,7,1,0,0,0.03,0.004,400000
3374,293,25.854,26,61,54,1,0,0,0.03,0.004,400000
3375,400,14.221,8,28,12,0,0,1,0.03,0.004,400000
3376,204,21.863,19,52,4,1,0,0,0.03,0.004,400000
3377,400,32.698,22,72,62,0,0,1,0.03,0.004,400000
3378,173,4.474,11,40,24,1,0,0,0.03,0.004,400000
3379,391,26.001,27,65,73,1,0,0,0.03,0.004,400000
3380,151,-1.93,9,30,33,1,0,0,0.03,0.004,400000
3381,400,59.123,39,83,31,0,0,1,0.03,0.004,400000
3382,29,-8.33,3,8,2,1,0,0,0.03,0.004,400000
3383,155,4.582,13,31,35,1,0,0,0.03,0.004,400000
3384,6,-14.589,0,3,4,1,0,0,0.03,0.004,400000
3385,226,16.16,16,48,18,1,0,0,0.03,0.004,400000
3386,400,53.425,36,78,40,0,0,1,0.03,0.004,400000
3387,400,27.857,17,45,30,0,0,1,0.03,0.004,400000
3388,42,-12.253,0,6,3,1,0,0,0.03,0.004,400000
3389,400,34.933,23,60,41,0,0,1,0.03,0.004,400000
3390,400,41.209,28,65,48,0,0,1,0.03,0.004,400000
3391,400,48.022,33,84,64,0,0,1,0.03,0.004,400000
3392,145,3.017,12,33,33,1,0,0,0.03,0.004,400000
3393,59,-1.677,5,17,8,1,0,0,0.03,0.004,400000
3394,400,29.767,23,52,62,0,0,1,0.03,0.004,400000
3395,400,24.665,15,36,20,0,0,1,0.03,0.004,400000
3396,36,-11.644,1,9,5,1,0,0,0.03,0.004,400000
3397,37,-8.884,2,13,3,1,0,0,0.03,0.004,400000
3398,96,-6.082,4,13,11,1,0,0,0.03,0.004,400000
3399,329,4.821,16,45,86,1,0,0,0.03,0.004,400000
3400,277,27.479,23,72,29,1,0,0,0.03,0.004,400000
3401,400,51.126,32,77,23,0,0,1,0.03,0.004,400000
3402,400,32.897,25,64,91,0,0,1,0.03,0.004,400000
3403,213,17.634,18,48,13,1,0,0,0.03,0.004,400000
3404,400,-2.765,3,9,115,0,0,1,0.03,0.004,400000
3405,22,-10.409,1,7,2,1,0,0,0.03,0.004,400000
3406,400,44.176,29,76,54,0,0,1,0.03,0.004,400000
3407,400,14.205,14,34,108,0,0,1,0.03,0.004,400000
3408,400,25.1,19,52,63,0,0,1,0.03,0.004,400000
3409,400,56.143,40,87,68,0,0,1,0.03,0.004,400000
3410,115,-15.966,2,11,47,1,0,0,0.03,0.004,400000
3411,400,40.243,28,65,65,0,0,1,0.03,0.004,400000
3412,400,35.448,27,68,62,0,0,1,0.03,0.004,400000
3413,263,32.261,30,63,30,1,0,0,0.03,0.004,400000
3414,145,1.285,10,29,29,1,0,0,0.03,0.004,400000
3415,67,-5.871,2,16,16,1,0,0,0.03,0.004,400000
3416,400,33.835,25,59,48,0,0,1,0.03,0.004,400000
3417,127,-6.655,5,18,31,1,0,0,0.03,0.004,400000
3418,53,-1.616,6,19,0,1,0,0,0.03,0.004,400000
3419,22,-10.73,1,5,3,1,0,0,0.03,0.004,400000
3420,400,30.446,23,61,46,0,0,1,0.03,0.004,400000
3421,26,-9.885,2,8,2,1,0,0,0.03,0.004,400000
3422,400,28.574,25,59,100,0,0,1,0.03,0.004,400000
3423,297,12.745,18,55,47,1,0,0,0.03,0.004,400000
3424,400,29.314,21,42,24,0,0,1,0.03,0.004,400000
3425,42,-8.807,3,9,6,1,0,0,0.03,0.004,400000
3426,291,25.904,25,68,38,1,0,0,0.03,0.004,400000
3427,400,44.651,31,73,42,0,0,1,0.03,0.004,400000
3428,56,-10.012,2,11,16,1,0,0,0.03,0.004,400000
3429,400,27.06,21,61,64,0,0,1,0.03,0.004,400000
3430,400,43.113,31,71,68,0,0,1,0.03,0.004,400000
3431,400,26.292,20,56,71,0,0,1,0.03,0.004,400000
3432,400,52.922,39,84,63,0,0,1,0.03,0.004,400000
3433,400,19.35,16,51,105,0,0,1,0.03,0.004,400000
3434,62,-6.243,5,17,8,1,0,0,0.03,0.004,400000
3435,140,10.177,16,34,10,1,0,0,0.03,0.004,400000
3436,400,38.14,29,72,69,0,0,1,0.03,0.004,400000
3437,320,35.7,28,84,34,1,0,0,0.03,0.004,400000
3438,400,22.361,15,31,4,0,0,1,0.03,0.004,400000
3439,400,46.465,31,89,70,0,0,1,0.03,0.004,400000
3440,108,-7.169,2,16,29,1,0,0,0.03,0.004,400000
3441,400,17.823,16,41,70,0,0,1,0.03,0.004,400000
3442,33,-9.923,2,6,3,1,0,0,0.03,0.004,400000
3443,253,22.662,22,51,38,1,0,0,0.03,0.004,400000
3444,155,5.938,12,43,21,1,0,0,0.03,0.004,400000
3445,400,61.056,37,96,30,0,0,1,0.03,0.004,400000
3446,53,-6.252,4,19,8,1,0,0,0.03,0.004,400000
3447,282,2.695,14,35,76,1,0,0,0.03,0.004,400000
3448,380,31.319,30,77,47,1,0,0,0.03,0.004,400000
3449,52,-1.979,4,15,2,1,0,0,0.03,0.004,400000
3450,18,-9.055,2,7,0,1,0,0,0.03,0.004,400000
3451,400,26.866,20,54,42,0,0,1,0.03,0.004,400000
3452,223,7.083,12,45,23,1,0,0,0.03,0.004,400000
3453,400,64.131,40,97,17,0,0,1,0.03,0.004,400000
3454,59,-3.634,6,21,3,1,0,0,0.03,0.004,400000
3455,400,45.53,31,78,55,0,0,1,0.03,0.004,400000
3456,400,40.895,27,74,55,0,0,1,0.03,0.004,400000
3457,400,20.073,15,32,39,0,0,1,0.03,0.004,400000
3458,43,-8.307,2,5,12,1,0,0,0.03,0.004,400000
3459,194,16.465,17,44,16,1,0,0,0.03,0.004,400000
3460,168,12.416,17,35,33,1,0,0,0.03,0.004,400000
3461,191,0.42,11,36,39,1,0,0,0.03,0.004,400000
3462,400,32.742,24,63,68,0,0,1,0.03,0.004,400000
3463,400,36.013,29,57,85,0,0,1,0.03,0.004,400000
3464,400,50.225,35,76,54,0,0,1,0.03,0.004,400000
3465,400,59.437,39,90,41,0,0,1,0.03,0.004,400000
3466,400,26.797,22,52,77,0,0,1,0.03,0.004,400000
3467,400,28.185,21,55,45,0,0,1,0.03,0.004,400000
3468,204,16.747,21,43,23,1,0,0,0.03,0.004,400000
3469,400,19.075,13,27,13,0,0,1,0.03,0.004,400000
3470,250,6.454,14,29,49,1,0,0,0.03,0.004,400000
3471,267,17.743,18,53,39,1,0,0,0.03,0.004,400000
3472,81,-5.565,5,17,13,1,0,0,0.03,0.004,400000
3473,50,-7.209,4,16,4,1,0,0,0.03,0.004,400000
3474,400,63.533,41,85,29,0,0,1,0.03,0.004,400000
3475,400,39.22,25,73,59,0,0,1,0.03,0.004,400000
3476,400,42.135,29,68,57,0,0,1,0.03,0.004,400000
3477,215,22.515,19,59,19,1,0,0,0.03,0.004,400000
3478,400,31.053,28,61,106,0,0,1,0.03,0.004,400000
3479,400,58.364,40,82,45,0,0,1,0.03,0.004,400000
3480,160,8.224,11,44,32,1,0,0,0.03,0.004,400000
3481,321,30.936,29,71,42,1,0,0,0.03,0.004,400000
3482,400,22.017,18,42,84,0,0,1,0.03,0.004,400000
3483,58,-11.943,2,7,24,1,0,0,0.03,0.004,400000
3484,376,42.3,38,85,42,1,0,0,0.03,0.004,400000
3485,385,14.459,21,51,63,1,0,0,0.03,0.004,400000
3486,400,52.66,34,81,40,0,0,1,0.03,0.004,400000
3487,334,28.082,25,69,14,1,0,0,0.03,0.004,400000
3488,217,5.929,12,25,31,1,0,0,0.03,0.004,400000
3489,400,40.236,24,81,28,0,0,1,0.03,0.004,400000
3490,400,52.427,32,94,28,0,0,1,0.03,0.004,400000
3491,400,40.788,29,75,52,0,0,1,0.03,0.004,400000
3492,109,0.036,6,25,20,1,0,0,0.03,0.004,400000
3493,400,29.374,21,50,23,0,0,1,0.03,0.004,400000
3494,85,4.761,12,29,3,1,0,0,0.03,0.004,400000
3495,73,-4.259,6,17,11,1,0,0,0.03,0.004,400000
3496,178,2.332,12,38,49,1,0,0,0.03,0.004,400000
3497,400,51.013,30,87,15,0,0,1,0.03,0.004,400000
3498,331,14.277,16,49,14,1,0,0,0.03,0.004,400000
3499,400,34.394,15,50,9,0,0,1,0.03,0.004,400000
3500,270,13.085,13,40,1,1,0,0,0.03,0.004,400000
3501,400,7.43,4,13,9,0,0,1,0.03,0.004,400000
3502,149,4.279,8,34,7,1,0,0,0.03,0.004,400000
3503,58,1.091,7,17,0,1,0,0,0.03,0.004,400000
3504,400,38.556,24,59,19,0,0,1,0.03,0.004,400000
3505,154,7.872,15,36,21,1,0,0,0.03,0.004,400000
3506,400,47.355,31,72,25,0,0,1,0.03,0.004,400000
3507,54,-15.073,0,3,0,1,0,0,0.03,0.004,400000
3508,128,6.648,11,38,7,1,0,0,0.03,0.004,400000
3509,109,-16.047,0,2,2,1,0,0,0.03,0.004,400000
3510,246,4.469,9,36,8,1,0,0,0.03,0.004,400000
3511,400,34.289,24,51,28,0,0,1,0.03,0.004,400000
3512,336,6.987,12,33,46,1,0,0,0.03,0.004,400000
3513,400,52.865,36,82,38,0,0,1,0.03,0.004,400000
3514,400,40.018,26,60,18,0,0,1,0.03,0.004,400000
3515,400,45.33,30,67,20,0,0,1,0.03,0.004,400000
3516,400,16.37,10,29,34,0,0,1,0.03,0.004,400000
3517,400,39.465,24,57,20,0,0,1,0.03,0.004,400000
3518,181,11.921,13,32,1,1,0,0,0.03,0.004,400000
3519,400,25.49,5,34,5,0,0,1,0.03,0.004,400000
3520,400,50.586,29,70,3,0,0,1,0.03,0.004,400000
3521,166,3.912,10,19,4,1,0,0,0.03,0.004,400000
3522,34,-6.576,3,14,1,1,0,0,0.03,0.004,400000
3523,91,11.609,14,27,1,1,0,0,0.03,0.004,400000
3524,122,-1.879,5,14,0,1,0,0,0.03,0.004,400000
3525,400,51.338,33,75,7,0,0,1,0.03,0.004,400000
3526,372,43.433,31,70,2,1,0,0,0.03,0.004,400000
3527,400,27.557,19,39,8,0,0,1,0.03,0.004,400000
3528,400,30.229,16,50,8,0,0,1,0.03,0.004,400000
3529,400,7.933,2,5,9,0,0,1,0.03,0.004,400000
3530,210,6.848,14,31,1,1,0,0,0.03,0.004,400000
3531,224,-15.008,0,7,2,1,0,0,0.03,0.004,400000
3532,26,-10.456,1,6,2,1,0,0,0.03,0.004,400000
3533,400,19.519,11,24,4,0,0,1,0.03,0.004,400000
3534,33,-13.623,0,5,1,1,0,0,0.03,0.004,400000
3535,7,-9.627,0,2,0,1,0,0,0.03,0.004,400000
3536,68,-15.222,0,3,0,1,0,0,0.03,0.004,400000
3537,400,19.731,15,31,8,0,0,1,0.03,0.004,400000
3538,400,14.433,7,19,3,0,0,1,0.03,0.004,400000
3539,400,19.506,9,23,13,0,0,1,0.03,0.004,400000
3540,400,32.698,20,51,7,0,0,1,0.03,0.004,400000
3541,39,-14.939,0,2,0,1,0,0,0.03,0.004,400000
3542,93,-15.809,0,1,0,1,0,0,0.03,0.004,400000
3543,140,7.408,14,31,5,1,0,0,0.03,0.004,400000
3544,400,22.162,13,46,5,0,0,1,0.03,0.004,400000
3545,33,-14.703,0,3,0,1,0,0,0.03,0.004,400000
3546,200,-17.333,0,3,3,1,0,0,0.03,0.004,400000
3547,73,-11.647,1,6,5,1,0,0,0.03,0.004,400000
3548,46,-5.487,5,13,2,1,0,0,0.03,0.004,400000
3549,143,7.011,12,36,12,1,0,0,0.03,0.004,400000
3550,400,38.382,24,72,39,0,0,1,0.03,0.004,400000
3551,400,47.394,29,71,13,0,0,1,0.03,0.004,400000
3552,39,-7.288,4,10,2,1,0,0,0.03,0.004,400000
3553,264,4.177,9,30,5,1,0,0,0.03,0.004,400000
3554,400,41.058,26,63,22,0,0,1,0.03,0.004,400000
3555,45,-14.944,0,3,1,1,0,0,0.03,0.004,400000
3556,400,26.44,20,38,30,0,0,1,0.03,0.004,400000
3557,400,61.49,40,96,16,0,0,1,0.03,0.004,400000
3558,400,36.241,27,70,64,0,0,1,0.03,0.004,400000
3559,400,23.298,16,36,33,0,0,1,0.03,0.004,400000
3560,10,-14.676,0,4,5,1,0,0,0.03,0.004,400000
3561,400,48.826,33,74,46,0,0,1,0.03,0.004,400000
3562,106,-1.756,6,18,21,1,0,0,0.03,0.004,400000
3563,369,13.142,19,65,64,1,0,0,0.03,0.004,400000
3564,400,32.622,24,54,48,0,0,1,0.03,0.004,400000
3565,400,53.977,35,78,13,0,0,1,0.03,0.004,400000
3566,400,21.012,14,52,64,0,0,1,0.03,0.004,400000
3567,400,27.763,18,56,32,0,0,1,0.03,0.004,400000
3568,13,-15.318,0,2,8,1,0,0,0.03,0.004,400000
3569,160,11.491,16,44,24,1,0,0,0.03,0.004,400000
3570,233,18.542,21,51,40,1,0,0,0.03,0.004,400000
3571,7,-14.383,0,4,2,1,0,0,0.03,0.004,400000
3572,144,-7.124,3,15,38,1,0,0,0.03,0.004,400000
3573,380,36.817,32,62,37,1,0,0,0.03,0.004,400000
3574,7,-14.413,0,4,2,1,0,0,0.03,0.004,400000
3575,19,-15.634,0,2,10,1,0,0,0.03,0.004,400000
3576,20,-10.099,2,8,2,1,0,0,0.03,0.004,400000
3577,400,34.557,23,61,49,0,0,1,0.03,0.004,400000
3578,7,-14.483,0,3,2,1,0,0,0.03,0.004,400000
3579,293,19.71,21,70,55,1,0,0,0.03,0.004,400000
3580,400,56.097,34,91,28,0,0,1,0.03,0.004,400000
3581,400,33.078,25,58,47,0,0,1,0.03,0.004,400000
3582,9,-14.711,0,3,4,1,0,0,0.03,0.004,400000
3583,19,-15.524,0,3,11,1,0,0,0.03,0.004,400000
3584,16,-15.371,0,3,8,1,0,0,0.03,0.004,400000
3585,400,11.474,9,20,35,0,0,1,0.03,0.004,400000
3586,7,-14.533,0,3,2,1,0,0,0.03,0.004,400000
3587,18,-15.46,0,3,10,1,0,0,0.03,0.004,400000
3588,174,18.018,18,43,11,1,0,0,0.03,0.004,400000
3589,216,3.712,12,29,39,1,0,0,0.03,0.004,400000
3590,7,-14.333,0,4,2,1,0,0,0.03,0.004,400000
3591,400,47.096,32,75,41,0,0,1,0.03,0.004,400000
3592,400,53.972,35,88,44,0,0,1,0.03,0.004,400000
3593,139,-14.608,2,11,39,1,0,0,0.03,0.004,400000
3594,400,68.315,40,107,20,0,0,1,0.03,0.004,400000
3595,400,50.293,35,74,55,0,0,1,0.03,0.004,400000
3596,105,-1.331,6,24,15,1,0,0,0.03,0.004,400000
3597,400,5.874,6,19,26,0,0,1,0.03,0.004,400000
3598,88,5.224,8,28,1,1,0,0,0.03,0.004,400000
3599,230,-8.122,6,22,68,1,0,0,0.03,0.004,400000
3600,6,-10.027,0,2,1,1,0,0,0.03,0.004,400000
3601,400,48.956,29,77,26,0,0,1,0.03,0.004,400000
3602,213,21.037,20,53,9,1,0,0,0.03,0.004,400000
3603,400,45.224,30,71,43,0,0,1,0.03,0.004,400000
3604,400,57.323,38,87,35,0,0,1,0.03,0.004,400000
3605,400,11.365,12,27,30,0,0,1,0.03,0.004,400000
3606,246,8.028,14,33,37,1,0,0,0.03,0.004,400000
3607,400,48.8,32,90,49,0,0,1,0.03,0.004,400000
3608,31,-12.167,1,3,13,1,0,0,0.03,0.004,400000
3609,284,8.886,15,38,48,1,0,0,0.03,0.004,400000
3610,174,-0.745,8,17,9,1,0,0,0.03,0.004,400000
3611,400,5.271,5,20,18,0,0,1,0.03,0.004,400000
3612,139,6.753,15,32,15,1,0,0,0.03,0.004,400000
3613,142,14.171,18,45,10,1,0,0,0.03,0.004,400000
3614,400,44.18,29,67,19,0,0,1,0.03,0.004,400000
3615,400,33.477,26,62,77,0,0,1,0.03,0.004,400000
3616,400,46.767,32,88,28,0,0,1,0.03,0.004,400000
3617,47,-8.029,2,7,5,1,0,0,0.03,0.004,400000
3618,20,-8.794,1,2,2,1,0,0,0.03,0.004,400000
3619,400,41.154,29,71,72,0,0,1,0.03,0.004,400000
3620,400,13.054,13,27,41,0,0,1,0.03,0.004,400000
3621,341,35.709,35,74,50,1,0,0,0.03,0.004,400000
3622,400,44.726,31,78,51,0,0,1,0.03,0.004,400000
3623,20,-9.791,2,9,2,1,0,0,0.03,0.004,400000
3624,49,-2.118,5,15,4,1,0,0,0.03,0.004,400000
3625,66,6.164,10,26,1,1,0,0,0.03,0.004,400000
3626,400,37.99,26,74,61,0,0,1,0.03,0.004,400000
3627,64,3.878,9,17,1,1,0,0,0.03,0.004,400000
3628,342,33.237,30,78,37,1,0,0,0.03,0.004,400000
3629,139,3.433,11,29,21,1,0,0,0.03,0.004,400000
3630,400,40.933,29,77,67,0,0,1,0.03,0.004,400000
3631,400,29.462,21,41,26,0,0,1,0.03,0.004,400000
3632,400,52.916,35,83,47,0,0,1,0.03,0.004,400000
3633,400,44.666,31,77,63,0,0,1,0.03,0.004,400000
3634,100,-2.027,6,23,15,1,0,0,0.03,0.004,400000
3635,400,12.059,9,25,12,0,0,1,0.03,0.004,400000
3636,35,-5.096,3,9,2,1,0,0,0.03,0.004,400000
3637,400,43.099,29,67,25,0,0,1,0.03,0.004,400000
3638,400,33.007,24,58,50,0,0,1,0.03,0.004,400000
3639,43,-8.926,3,12,9,1,0,0,0.03,0.004,400000
3640,343,21.283,25,53,53,1,0,0,0.03,0.004,400000
3641,213,-4.864,9,21,37,1,0,0,0.03,0.004,400000
3642,400,48.162,30,80,31,0,0,1,0.03,0.004,400000
3643,400,52.401,34,80,23,0,0,1,0.03,0.004,400000
3644,400,48.439,34,66,47,0,0,1,0.03,0.004,400000
3645,400,54.798,36,91,39,0,0,1,0.03,0.004,400000
3646,64,-7.851,2,8,9,1,0,0,0.03,0.004,400000
3647,400,52.765,35,80,34,0,0,1,0.03,0.004,400000
3648,400,50.567,34,85,66,0,0,1,0.03,0.004,400000
3649,235,8.474,15,46,37,1,0,0,0.03,0.004,400000
3650,400,55.603,37,89,31,0,0,1,0.03,0.004,400000
3651,174,12.381,17,47,13,1,0,0,0.03,0.004,400000
3652,400,5.401,6,20,15,0,0,1,0.03,0.004,400000
3653,297,5.925,15,38,42,1,0,0,0.03,0.004,400000
3654,329,30.0,30,60,11,1,0,0,0.03,0.004,400000
3655,400,5.812,6,23,42,0,0,1,0.03,0.004,400000
3656,27,-6.564,2,7,2,1,0,0,0.03,0.004,400000
3657,219,-0.032,11,34,46,1,0,0,0.03,0.004,400000
3658,400,3.125,10,20,65,0,0,1,0.03,0.004,400000
3659,400,38.738,27,61,52,0,0,1,0.03,0.004,400000
3660,227,12.344,18,40,15,1,0,0,0.03,0.004,400000
3661,400,28.373,22,63,67,0,0,1,0.03,0.004,400000
3662,87,0.179,9,22,9,1,0,0,0.03,0.004,400000
3663,400,-8.263,6,25,47,1,0,0,0.03,0.004,400000
3664,400,36.523,28,59,50,0,0,1,0.03,0.004,400000
3665,400,50.529,33,76,45,0,0,1,0.03,0.004,400000
3666,68,-3.946,7,19,10,1,0,0,0.03,0.004,400000
3667,157,13.18,14,44,5,1,0,0,0.03,0.004,400000
3668,400,35.814,28,62,17,0,0,1,0.03,0.004,400000
3669,400,22.647,17,43,10,0,0,1,0.03,0.004,400000
3670,400,32.598,22,62,45,0,0,1,0.03,0.004,400000
3671,400,46.301,34,69,45,0,0,1,0.03,0.004,400000
3672,382,26.927,26,57,55,1,0,0,0.03,0.004,400000
3673,400,42.352,31,79,68,0,0,1,0.03,0.004,400000
3674,278,24.015,24,62,25,1,0,0,0.03,0.004,400000
3675,400,27.885,21,57,67,0,0,1,0.03,0.004,400000
3676,400,23.174,22,62,101,0,0,1,0.03,0.004,400000
3677,49,-6.191,4,15,2,1,0,0,0.03,0.004,400000
3678,400,46.478,32,69,46,0,0,1,0.03,0.004,400000
3679,400,21.518,17,45,52,0,0,1,0.03,0.004,400000
3680,112,-5.616,6,17,23,1,0,0,0.03,0.004,400000
3681,400,16.411,14,40,56,0,0,1,0.03,0.004,400000
3682,400,43.808,34,68,70,0,0,1,0.03,0.004,400000
3683,250,15.831,18,39,6,1,0,0,0.03,0.004,400000
3684,400,55.36,35,94,39,0,0,1,0.03,0.004,400000
3685,105,3.283,11,33,12,1,0,0,0.03,0.004,400000
3686,144,6.251,13,33,16,1,0,0,0.03,0.004,400000
3687,400,46.63,34,68,67,0,0,1,0.03,0.004,400000
3688,400,16.403,13,30,25,0,0,1,0.03,0.004,400000
3689,44,-1.763,5,13,0,1,0,0,0.03,0.004,400000
3690,19,-11.445,2,5,5,1,0,0,0.03,0.004,400000
3691,74,0.484,9,20,1,1,0,0,0.03,0.004,400000
3692,400,50.013,34,76,50,0,0,1,0.03,0.004,400000
3693,400,53.634,34,87,42,0,0,1,0.03,0.004,400000
3694,317,13.203,19,47,71,1,0,0,0.03,0.004,400000
3695,400,50.922,33,76,44,0,0,1,0.03,0.004,400000
3696,400,9.581,8,23,26,0,0,1,0.03,0.004,400000
3697,78,0.518,6,20,5,1,0,0,0.03,0.004,400000
3698,400,36.074,24,64,45,0,0,1,0.03,0.004,400000
3699,323,11.316,15,44,43,1,0,0,0.03,0.004,400000
3700,400,40.545,28,80,60,0,0,1,0.03,0.004,400000
3701,293,44.294,33,81,14,1,0,0,0.03,0.004,400000
3702,55,-6.52,4,16,6,1,0,0,0.03,0.004,400000
3703,296,30.539,27,77,16,1,0,0,0.03,0.004,400000
3704,400,47.996,33,70,51,0,0,1,0.03,0.004,400000
3705,201,2.424,9,21,38,1,0,0,0.03,0.004,400000
3706,400,47.283,29,84,32,0,0,1,0.03,0.004,400000
3707,133,4.934,10,34,5,1,0,0,0.03,0.004,400000
3708,400,50.238,33,74,32,0,0,1,0.03,0.004,400000
3709,400,33.328,25,59,74,0,0,1,0.03,0.004,400000
3710,400,35.986,26,69,83,0,0,1,0.03,0.004,400000
3711,153,-12.181,2,8,44,1,0,0,0.03,0.004,400000
3712,337,16.324,21,60,59,1,0,0,0.03,0.004,400000
3713,361,7.367,13,35,32,1,0,0,0.03,0.004,400000
3714,400,10.092,9,24,42,0,0,1,0.03,0.004,400000
3715,374,36.97,32,88,53,1,0,0,0.03,0.004,400000
3716,400,40.914,29,64,67,0,0,1,0.03,0.004,400000
3717,400,10.349,12,26,52,0,0,1,0.03,0.004,400000
3718,90,-11.504,0,6,18,1,0,0,0.03,0.004,400000
3719,36,-6.124,5,10,1,1,0,0,0.03,0.004,400000
3720,400,20.335,19,47,101,0,0,1,0.03,0.004,400000
3721,400,25.321,20,49,69,0,0,1,0.03,0.004,400000
3722,400,23.378,20,50,85,0,0,1,0.03,0.004,400000
3723,104,-0.207,7,28,12,1,0,0,0.03,0.004,400000
3724,278,22.027,21,62,28,1,0,0,0.03,0.004,400000
3725,400,10.3,13,34,94,0,0,1,0.03,0.004,400000
3726,400,18.788,12,45,26,0,0,1,0.03,0.004,400000
3727,209,9.179,12,50,41,1,0,0,0.03,0.004,400000
3728,400,34.567,25,68,86,0,0,1,0.03,0.004,400000
3729,259,5.843,16,42,65,1,0,0,0.03,0.004,400000
3730,288,-3.513,8,22,81,1,0,0,0.03,0.004,400000
3731,238,0.905,9,42,49,1,0,0,0.03,0.004,400000
3732,137,3.068,11,36,24,1,0,0,0.03,0.004,400000
3733,400,39.097,28,82,82,0,0,1,0.03,0.004,400000
3734,166,-1.611,7,20,37,1,0,0,0.03,0.004,400000
3735,27,-10.563,2,10,4,1,0,0,0.03,0.004,400000
3736,56,-3.302,6,10,9,1,0,0,0.03,0.004,400000
3737,400,34.97,26,67,66,0,0,1,0.03,0.004,400000
3738,400,12.975,10,28,18,0,0,1,0.03,0.004,400000
3739,400,-4.364,2,6,62,0,0,1,0.03,0.004,400000
3740,241,18.168,21,46,18,1,0,0,0.03,0.004,400000
3741,400,40.692,31,64,64,0,0,1,0.03,0.004,400000
3742,400,51.703,32,81,21,0,0,1,0.03,0.004,400000
3743,400,24.844,17,52,44,0,0,1,0.03,0.004,400000
3744,81,-7.136,6,18,22,1,0,0,0.03,0.004,400000
3745,400,12.512,12,44,93,0,0,1,0.03,0.004,400000
3746,400,28.77,20,55,23,0,0,1,0.03,0.004,400000
3747,400,6.96,7,33,86,0,0,1,0.03,0.004,400000
3748,39,-8.795,3,7,11,1,0,0,0.03,0.004,400000
3749,39,-8.158,3,14,6,1,0,0,0.03,0.004,400000
3750,139,-1.38,9,22,31,1,0,0,0.03,0.004,400000
3751,400,15.289,12,36,48,0,0,1,0.03,0.004,400000
3752,400,15.188,14,43,82,0,0,1,0.03,0.004,400000
3753,204,9.109,15,40,28,1,0,0,0.03,0.004,400000
3754,180,16.992,18,40,17,1,0,0,0.03,0.004,400000
3755,400,38.853,29,73,61,0,0,1,0.03,0.004,400000
3756,400,22.445,18,49,67,0,0,1,0.03,0.004,400000
3757,400,31.144,24,72,74,0,0,1,0.03,0.004,400000
3758,400,35.235,23,64,63,0,0,1,0.03,0.004,400000
3759,6,-9.492,0,2,0,1,0,0,0.03,0.004,400000
3760,400,56.729,38,94,35,0,0,1,0.03,0.004,400000
3761,61,-4.552,5,15,6,1,0,0,0.03,0.004,400000
3762,245,15.215,20,50,25,1,0,0,0.03,0.004,400000
3763,113,2.742,10,24,5,1,0,0,0.03,0.004,400000
3764,213,-1.81,9,26,40,1,0,0,0.03,0.004,400000
3765,19,-7.288,1,9,0,1,0,0,0.03,0.004,400000
3766,400,32.384,23,52,50,0,0,1,0.03,0.004,400000
3767,52,-7.199,3,12,1,1,0,0,0.03,0.004,400000
3768,400,31.655,18,59,21,0,0,1,0.03,0.004,400000
3769,136,10.771,15,37,6,1,0,0,0.03,0.004,400000
3770,400,46.177,26,75,6,0,0,1,0.03,0.004,400000
3771,23,-14.751,0,3,2,1,0,0,0.03,0.004,400000
3772,368,34.695,28,65,18,1,0,0,0.03,0.004,400000
3773,62,-3.962,6,15,2,1,0,0,0.03,0.004,400000
3774,18,-10.075,2,6,2,1,0,0,0.03,0.004,400000
3775,140,-4.135,6,14,1,1,0,0,0.03,0.004,400000
3776,400,23.689,7,26,7,0,0,1,0.03,0.004,400000
3777,60,-9.542,2,12,3,1,0,0,0.03,0.004,400000
3778,197,12.476,11,29,2,1,0,0,0.03,0.004,400000
3779,72,-0.003,8,21,1,1,0,0,0.03,0.004,400000
3780,400,34.821,21,61,4,0,0,1,0.03,0.004,400000
3781,400,41.733,27,64,4,0,0,1,0.03,0.004,400000
3782,400,13.329,10,26,7,0,0,1,0.03,0.004,400000
3783,400,24.314,15,37,3,0,0,1,0.03,0.004,400000
3784,400,36.68,19,56,7,0,0,1,0.03,0.004,400000
3785,400,39.872,21,46,3,0,0,1,0.03,0.004,400000
3786,400,51.638,30,74,2,0,0,1,0.03,0.004,400000
3787,400,40.424,20,44,1,0,0,1,0.03,0.004,400000
3788,156,0.634,10,33,4,1,0,0,0.03,0.004,400000
3789,118,-7.791,3,12,5,1,0,0,0.03,0.004,400000
3790,400,52.964,31,77,4,0,0,1,0.03,0.004,400000
3791,14,-8.839,0,6,0,1,0,0,0.03,0.004,400000
3792,400,41.22,21,46,3,0,0,1,0.03,0.004,400000
3793,400,-5.165,0,0,1,0,0,1,0.03,0.004,400000
3794,23,-9.018,0,5,0,1,0,0,0.03,0.004,400000
3795,25,-6.016,2,9,0,1,0,0,0.03,0.004,400000
3796,37,-6.868,4,9,0,1,0,0,0.03,0.004,400000
3797,400,-3.103,2,4,9,0,0,1,0.03,0.004,400000
3798,331,27.712,22,56,5,1,0,0,0.03,0.004,400000
3799,400,32.385,20,49,4,0,0,1,0.03,0.004,400000
3800,56,0.43,7,11,0,1,0,0,0.03,0.004,400000
3801,233,29.515,26,70,3,1,0,0,0.03,0.004,400000
3802,250,-1.604,3,15,9,1,0,0,0.03,0.004,400000
3803,177,20.946,19,51,3,1,0,0,0.03,0.004,400000
3804,300,6.666,12,43,41,1,0,0,0.03,0.004,400000
3805,65,-5.637,5,18,7,1,0,0,0.03,0.004,400000
3806,400,64.957,40,91,19,0,0,1,0.03,0.004,400000
3807,13,-15.304,0,3,9,1,0,0,0.03,0.004,400000
3808,400,39.972,26,59,7,0,0,1,0.03,0.004,400000
3809,400,49.473,27,62,7,0,0,1,0.03,0.004,400000
3810,24,-15.068,0,2,12,1,0,0,0.03,0.004,400000
3811,10,-15.072,0,3,8,1,0,0,0.03,0.004,400000
3812,7,-15.553,0,3,6,1,0,0,0.03,0.004,400000
3813,205,-18.885,2,9,77,1,0,0,0.03,0.004,400000
3814,400,-6.663,1,6,125,0,0,1,0.03,0.004,400000
3815,10,-14.892,0,4,7,1,0,0,0.03,0.004,400000
3816,400,17.747,8,23,6,0,0,1,0.03,0.004,400000
3817,400,11.342,9,26,80,0,0,1,0.03,0.004,400000
3818,13,-16.058,0,4,11,1,0,0,0.03,0.004,400000
3819,267,3.977,9,25,3,1,0,0,0.03,0.004,400000
3820,9,-15.082,0,2,7,1,0,0,0.03,0.004,400000
3821,36,-12.191,0,10,3,1,0,0,0.03,0.004,400000
3822,400,-3.5,1,15,97,0,0,1,0.03,0.004,400000
3823,92,-7.602,3,11,18,1,0,0,0.03,0.004,400000
3824,400,15.979,11,27,14,0,0,1,0.03,0.004,400000
3825,106,-4.095,3,15,9,1,0,0,0.03,0.004,400000
3826,54,-7.147,4,15,4,1,0,0,0.03,0.004,400000
3827,400,1.436,2,12,17,0,0,1,0.03,0.004,400000
3828,400,22.233,11,37,6,0,0,1,0.03,0.004,400000
3829,400,31.332,23,63,43,0,0,1,0.03,0.004,400000
3830,94,-10.463,0,4,0,1,0,0,0.03,0.004,400000
3831,272,-20.273,0,3,30,1,0,0,0.03,0.004,400000
3832,389,14.027,9,25,14,1,0,0,0.03,0.004,400000
3833,35,-7.779,3,9,2,1,0,0,0.03,0.004,400000
3834,400,-1.898,3,8,12,0,0,1,0.03,0.004,400000
3835,225,10.968,12,30,20,1,0,0,0.03,0.004,400000
3836,400,29.257,19,51,12,0,0,1,0.03,0.004,400000
3837,400,53.321,35,86,39,0,0,1,0.03,0.004,400000
3838,253,22.11,21,61,16,1,0,0,0.03,0.004,400000
3839,400,45.357,26,65,10,0,0,1,0.03,0.004,400000
3840,19,-11.291,1,5,2,1,0,0,0.03,0.004,400000
3841,77,-1.737,4,16,3,1,0,0,0.03,0.004,400000
3842,280,1.513,11,30,8,1,0,0,0.03,0.004,400000
3843,101,6.873,12,29,2,1,0,0,0.03,0.004,400000
3844,400,6.399,5,15,9,0,0,1,0.03,0.004,400000
3845,247,21.856,20,55,17,1,0,0,0.03,0.004,400000
3846,57,-15.185,0,3,2,1,0,0,0.03,0.004,400000
3847,400,22.192,11,25,11,0,0,1,0.03,0.004,400000
3848,105,-10.203,0,5,2,1,0,0,0.03,0.004,400000
3849,247,-17.2,0,4,18,1,0,0,0.03,0.004,400000
3850,400,3.255,4,16,43,0,0,1,0.03,0.004,400000
3851,195,-2.874,5,17,3,1,0,0,0.03,0.004,400000
3852,60,1.446,7,16,0,1,0,0,0.03,0.004,400000
3853,134,11.13,13,46,2,1,0,0,0.03,0.004,400000
3854,158,-17.025,0,2,5,1,0,0,0.03,0.004,400000
3855,258,-5.002,3,9,11,1,0,0,0.03,0.004,400000
3856,168,11.982,14,31,3,1,0,0,0.03,0.004,400000
3857,400,42.203,20,44,2,0,0,1,0.03,0.004,400000
3858,395,-12.162,3,13,9,1,0,0,0.03,0.004,400000
3859,87,6.404,12,29,1,1,0,0,0.03,0.004,400000
3860,400,22.736,12,40,7,0,0,1,0.03,0.004,400000
3861,400,45.121,28,69,4,0,0,1,0.03,0.004,400000
3862,400,25.448,17,49,13,0,0,1,0.03,0.004,400000
3863,400,56.169,34,85,11,0,0,1,0.03,0.004,400000
3864,240,-3.694,5,18,0,1,0,0,0.03,0.004,400000
3865,243,1.181,7,16,5,1,0,0,0.03,0.004,400000
3866,400,38.237,22,61,2,0,0,1,0.03,0.004,400000
3867,400,2.916,5,12,6,0,0,1,0.03,0.004,400000
3868,400,53.465,33,85,19,0,0,1,0.03,0.004,400000
3869,400,30.432,21,52,17,0,0,1,0.03,0.004,400000
3870,400,56.928,34,71,3,0,0,1,0.03,0.004,400000
3871,124,5.753,12,38,3,1,0,0,0.03,0.004,400000
3872,400,24.563,10,21,6,0,0,1,0.03,0.004,400000
3873,109,-7.741,4,9,2,1,0,0,0.03,0.004,400000
3874,400,23.372,9,36,3,0,0,1,0.03,0.004,400000
3875,300,31.709,25,53,2,1,0,0,0.03,0.004,400000
3876,400,38.672,25,54,3,0,0,1,0.03,0.004,400000
3877,400,33.808,21,57,10,0,0,1,0.03,0.004,400000
3878,222,-16.103,0,3,4,1,0,0,0.03,0.004,400000
3879,35,-8.746,2,12,1,1,0,0,0.03,0.004,400000
3880,400,42.458,27,61,7,0,0,1,0.03,0.004,400000
3881,158,14.232,18,44,5,1,0,0,0.03,0.004,400000
3882,400,9.415,3,12,5,0,0,1,0.03,0.004,400000
3883,176,0.596,4,18,1,1,0,0,0.03,0.004,400000
3884,304,2.08,12,26,4,1,0,0,0.03,0.004,400000
3885,84,-3.921,4,11,1,1,0,0,0.03,0.004,400000
3886,176,-2.584,5,16,2,1,0,0,0.03,0.004,400000
3887,400,42.725,24,65,9,0,0,1,0.03,0.004,400000
3888,372,-14.072,0,5,10,1,0,0,0.03,0.004,400000
3889,19,-10.64,2,7,3,1,0,0,0.03,0.004,400000
3890,400,61.182,37,84,5,0,0,1,0.03,0.004,400000
3891,166,-6.533,6,26,8,1,0,0,0.03,0.004,400000
3892,149,0.013,7,15,0,1,0,0,0.03,0.004,400000
3893,400,31.989,21,45,5,0,0,1,0.03,0.004,400000
3894,400,43.102,23,60,3,0,0,1,0.03,0.004,400000
3895,16,-14.741,0,1,1,1,0,0,0.03,0.004,400000
3896,400,52.935,29,74,6,0,0,1,0.03,0.004,400000
3897,400,21.141,14,26,5,0,0,1,0.03,0.004,400000
3898,400,35.276,20,46,1,0,0,1,0.03,0.004,400000
3899,370,14.153,17,49,6,1,0,0,0.03,0.004,400000
3900,148,1.366,5,22,1,1,0,0,0.03,0.004,400000
3901,333,12.055,10,28,7,1,0,0,0.03,0.004,400000
3902,400,6.314,7,15,2,0,0,1,0.03,0.004,400000
3903,61,-15.082,0,3,0,1,0,0,0.03,0.004,400000
3904,111,-2.074,5,13,0,1,0,0,0.03,0.004,400000
3905,117,8.311,10,35,2,1,0,0,0.03,0.004,400000
3906,11,-14.42,0,3,0,1,0,0,0.03,0.004,400000
3907,55,-10.745,1,6,1,1,0,0,0.03,0.004,400000
3908,400,28.251,16,50,4,0,0,1,0.03,0.004,400000
3909,400,53.86,31,83,14,0,0,1,0.03,0.004,400000
3910,400,29.323,14,27,2,0,0,1,0.03,0.004,400000
3911,400,-1.367,2,9,4,0,0,1,0.03,0.004,400000
3912,368,-19.808,0,1,1,1,0,0,0.03,0.004,400000
3913,253,23.108,20,49,1,1,0,0,0.03,0.004,400000
3914,400,40.989,24,64,7,0,0,1,0.03,0.004,400000
3915,268,-4.399,6,15,4,1,0,0,0.03,0.004,400000
3916,59,-15.024,0,3,0,1,0,0,0.03,0.004,400000
3917,326,17.128,13,25,6,1,0,0,0.03,0.004,400000
3918,205,7.169,9,16,5,1,0,0,0.03,0.004,400000
3919,26,-6.983,2,10,1,1,0,0,0.03,0.004,400000
3920,20,-11.876,1,8,3,1,0,0,0.03,0.004,400000
3921,177,19.734,20,50,5,1,0,0,0.03,0.004,400000
3922,400,25.505,7,19,4,0,0,1,0.03,0.004,400000
3923,10,-14.426,0,3,1,1,0,0,0.03,0.004,400000
3924,316,23.025,21,43,9,1,0,0,0.03,0.004,400000
3925,400,5.212,4,23,4,0,0,1,0.03,0.004,400000
3926,81,0.052,8,20,1,1,0,0,0.03,0.004,400000
3927,208,22.201,22,53,1,1,0,0,0.03,0.004,400000
3928,400,1.352,1,9,4,0,0,1,0.03,0.004,400000
3929,88,-15.577,0,3,1,1,0,0,0.03,0.004,400000
3930,233,-2.106,6,22,1,1,0,0,0.03,0.004,400000
3931,400,29.262,18,61,5,0,0,1,0.03,0.004,400000
3932,231,-6.397,3,12,1,1,0,0,0.03,0.004,400000
3933,400,37.65,20,51,4,0,0,1,0.03,0.004,400000
3934,36,-9.042,2,7,1,1,0,0,0.03,0.004,400000
3935,183,7.942,10,35,5,1,0,0,0.03,0.004,400000
3936,400,-2.466,0,11,6,0,0,1,0.03,0.004,400000
3937,218,23.723,20,44,3,1,0,0,0.03,0.004,400000
3938,17,-7.589,1,6,0,1,0,0,0.03,0.004,400000
3939,145,13.016,17,43,1,1,0,0,0.03,0.004,400000
3940,400,-5.638,0,2,8,0,0,1,0.03,0.004,400000
3941,400,-5.76,0,0,5,0,0,1,0.03,0.004,400000
3942,134,-1.007,7,21,3,1,0,0,0.03,0.004,400000
3943,400,16.671,9,15,2,0,0,1,0.03,0.004,400000
3944,57,-15.245,0,1,0,1,0,0,0.03,0.004,400000
3945,153,5.887,9,24,1,1,0,0,0.03,0.004,400000
3946,400,1.699,4,10,5,0,0,1,0.03,0.004,400000
3947,163,-4.591,4,11,2,1,0,0,0.03,0.004,400000
3948,14,-14.776,0,1,1,1,0,0,0.03,0.004,400000
3949,400,44.928,28,78,6,0,0,1,0.03,0.004,400000
3950,39,-11.479,2,11,3,1,0,0,0.03,0.004,400000
3951,371,11.873,16,35,3,1,0,0,0.03,0.004,400000
3952,400,56.649,36,87,4,0,0,1,0.03,0.004,400000
3953,400,38.873,24,61,3,0,0,1,0.03,0.004,400000
3954,400,38.157,22,55,13,0,0,1,0.03,0.004,400000
3955,81,-15.606,0,1,0,1,0,0,0.03,0.004,400000
3956,400,13.607,2,16,6,0,0,1,0.03,0.004,400000
3957,400,51.341,29,76,6,0,0,1,0.03,0.004,400000
3958,165,-4.535,2,9,3,1,0,0,0.03,0.004,400000
3959,400,56.51,38,79,10,0,0,1,0.03,0.004,400000
3960,400,49.832,28,77,4,0,0,1,0.03,0.004,400000
3961,400,-5.66,0,0,4,0,0,1,0.03,0.004,400000
3962,400,23.322,15,27,5,0,0,1,0.03,0.004,400000
3963,400,3.749,2,10,4,0,0,1,0.03,0.004,400000
3964,400,45.249,24,59,4,0,0,1,0.03,0.004,400000
3965,54,-4.829,5,19,4,1,0,0,0.03,0.004,400000
3966,400,34.478,19,54,7,0,0,1,0.03,0.004,400000
3967,105,4.645,10,19,1,1,0,0,0.03,0.004,400000
3968,400,10.826,9,19,7,0,0,1,0.03,0.004,400000
3969,400,29.282,10,37,10,0,0,1,0.03,0.004,400000
3970,400,34.558,22,55,7,0,0,1,0.03,0.004,400000
3971,400,13.862,10,28,3,0,0,1,0.03,0.004,400000
3972,400,39.959,24,55,4,0,0,1,0.03,0.004,400000
3973,400,47.007,29,75,8,0,0,1,0.03,0.004,400000
3974,400,18.415,3,8,5,0,0,1,0.03,0.004,400000
3975,53,-9.322,0,6,1,1,0,0,0.03,0.004,400000
3976,217,-9.206,2,7,2,1,0,0,0.03,0.004,400000
3977,162,8.931,13,40,4,1,0,0,0.03,0.004,400000
3978,48,-3.438,7,19,1,1,0,0,0.03,0.004,400000
3979,69,-15.346,0,2,0,1,0,0,0.03,0.004,400000
3980,400,43.697,25,62,7,0,0,1,0.03,0.004,400000
3981,138,12.731,17,37,1,1,0,0,0.03,0.004,400000
3982,400,59.97,33,92,4,0,0,1,0.03,0.004,400000
3983,400,4.939,5,20,5,0,0,1,0.03,0.004,400000
3984,59,-3.198,6,18,0,1,0,0,0.03,0.004,400000
3985,155,-4.918,1,5,4,1,0,0,0.03,0.004,400000
3986,400,65.2,37,105,3,0,0,1,0.03,0.004,400000
3987,179,-7.615,5,19,5,1,0,0,0.03,0.004,400000
3988,153,3.238,8,17,2,1,0,0,0.03,0.004,400000
3989,400,24.309,16,39,4,0,0,1,0.03,0.004,400000
3990,400,5.735,4,18,4,0,0,1,0.03,0.004,400000
3991,400,20.32,10,30,5,0,0,1,0.03,0.004,400000
3992,251,-4.177,4,13,4,1,0,0,0.03,0.004,400000
3993,35,-14.762,0,2,0,1,0,0,0.03,0.004,400000
3994,400,22.518,5,16,5,0,0,1,0.03,0.004,400000
3995,21,-12.663,0,4,1,1,0,0,0.03,0.004,400000
3996,400,37.187,23,48,6,0,0,1,0.03,0.004,400000
3997,128,-7.395,1,6,5,1,0,0,0.03,0.004,400000
3998,316,26.846,24,52,4,1,0,0,0.03,0.004,400000
3999,196,5.577,11,25,6,1,0,0,0.03,0.004,400000
4000,400,43.712,25,46,5,0,0,1,0.03,0.004,400000
4001,43,-9.668,2,7,3,1,0,0,0.03,0.004,400000
4002,134,3.963,10,29,1,1,0,0,0.03,0.004,400000
4003,96,1.962,9,19,3,1,0,0,0.03,0.004,400000
4004,156,6.095,12,27,1,1,0,0,0.03,0.004,400000
4005,249,14.818,16,47,4,1,0,0,0.03,0.004,400000
4006,400,66.425,42,94,2,0,0,1,0.03,0.004,400000
4007,400,57.344,34,88,4,0,0,1,0.03,0.004,400000
4008,168,7.514,11,33,4,1,0,0,0.03,0.004,400000
4009,51,-15.02,0,3,1,1,0,0,0.03,0.004,400000
4010,273,43.283,33,76,2,1,0,0,0.03,0.004,400000
4011,27,-14.678,0,3,1,1,0,0,0.03,0.004,400000
4012,100,0.003,6,27,1,1,0,0,0.03,0.004,400000
4013,400,51.784,32,70,2,0,0,1,0.03,0.004,400000
4014,400,40.694,26,67,4,0,0,1,0.03,0.004,400000
4015,334,-7.34,2,15,6,1,0,0,0.03,0.004,400000
4016,5,-14.495,0,3,2,1,0,0,0.03,0.004,400000
4017,400,33.262,17,43,8,0,0,1,0.03,0.004,400000
4018,5,-14.161,0,4,0,1,0,0,0.03,0.004,400000
4019,296,15.562,14,34,7,1,0,0,0.03,0.004,400000
4020,5,-14.394,0,3,2,1,0,0,0.03,0.004,400000
4021,400,45.647,24,67,3,0,0,1,0.03,0.004,400000
4022,5,-14.394,0,3,2,1,0,0,0.03,0.004,400000
4023,5,-14.341,0,3,1,1,0,0,0.03,0.004,400000
4024,339,35.507,29,68,5,1,0,0,0.03,0.004,400000
4025,102,9.107,15,28,1,1,0,0,0.03,0.004,400000
4026,400,48.464,29,79,5,0,0,1,0.03,0.004,400000
4027,111,-11.892,1,5,1,1,0,0,0.03,0.004,400000
4028,84,0.616,9,22,4,1,0,0,0.03,0.004,400000
4029,41,-1.165,5,16,1,1,0,0,0.03,0.004,400000
4030,7,-9.527,0,3,0,1,0,0,0.03,0.004,400000
4031,337,26.727,19,56,7,1,0,0,0.03,0.004,400000
4032,284,6.994,9,22,4,1,0,0,0.03,0.004,400000
4033,400,54.561,32,80,5,0,0,1,0.03,0.004,400000
4034,50,-6.424,4,11,1,1,0,0,0.03,0.004,400000
4035,5,-14.672,0,2,4,1,0,0,0.03,0.004,400000
4036,400,50.328,32,60,9,0,0,1,0.03,0.004,400000
4037,400,36.009,23,52,5,0,0,1,0.03,0.004,400000
4038,109,-16.327,0,3,6,1,0,0,0.03,0.004,400000
4039,400,56.381,33,90,9,0,0,1,0.03,0.004,400000
4040,400,37.944,22,65,6,0,0,1,0.03,0.004,400000
4041,10,-15.463,0,4,6,1,0,0,0.03,0.004,400000
4042,143,0.785,7,29,13,1,0,0,0.03,0.004,400000
4043,17,-16.566,0,2,13,1,0,0,0.03,0.004,400000
4044,400,60.197,36,97,14,0,0,1,0.03,0.004,400000
4045,271,30.706,27,50,10,1,0,0,0.03,0.004,400000
4046,134,7.324,10,29,6,1,0,0,0.03,0.004,400000
4047,181,14.646,18,47,18,1,0,0,0.03,0.004,400000
4048,7,-14.803,0,3,6,1,0,0,0.03,0.004,400000
4049,400,43.519,28,72,42,0,0,1,0.03,0.004,400000
4050,17,-15.755,0,3,13,1,0,0,0.03,0.004,400000
4051,400,52.906,34,83,29,0,0,1,0.03,0.004,400000
4052,400,55.889,32,82,10,0,0,1,0.03,0.004,400000
4053,9,-14.957,0,3,7,1,0,0,0.03,0.004,400000
4054,11,-15.33,0,2,9,1,0,0,0.03,0.004,400000
4055,13,-15.109,0,4,9,1,0,0,0.03,0.004,400000
4056,118,4.867,11,28,8,1,0,0,0.03,0.004,400000
4057,93,7.898,15,34,6,1,0,0,0.03,0.004,400000
4058,127,9.471,15,34,11,1,0,0,0.03,0.004,400000
4059,81,-4.826,8,12,10,1,0,0,0.03,0.004,400000
4060,103,3.202,7,28,9,1,0,0,0.03,0.004,400000
4061,400,46.177,29,85,43,0,0,1,0.03,0.004,400000
4062,394,25.648,26,65,52,1,0,0,0.03,0.004,400000
4063,72,-0.833,8,21,5,1,0,0,0.03,0.004,400000
4064,7,-14.803,0,3,6,1,0,0,0.03,0.004,400000
4065,337,35.415,32,73,28,1,0,0,0.03,0.004,400000
4066,400,24.772,17,37,26,0,0,1,0.03,0.004,400000
4067,7,-14.629,0,4,5,1,0,0,0.03,0.004,400000
4068,21,-10.588,1,7,4,1,0,0,0.03,0.004,400000
4069,9,-15.676,0,2,6,1,0,0,0.03,0.004,400000
4070,251,16.914,17,47,1,1,0,0,0.03,0.004,400000
4071,144,-14.199,2,7,1,1,0,0,0.03,0.004,400000
4072,400,3.342,7,27,3,0,0,1,0.03,0.004,400000
4073,400,28.234,21,56,4,0,0,1,0.03,0.004,400000
4074,41,-15.827,0,2,2,1,0,0,0.03,0.004,400000
4075,134,-15.967,1,5,2,1,0,0,0.03,0.004,400000
4076,400,-6.273,4,9,6,0,0,1,0.03,0.004,400000
4077,400,30.172,22,64,5,0,0,1,0.03,0.004,400000
4078,400,33.623,22,64,3,0,0,1,0.03,0.004,400000
4079,400,-6.108,3,10,3,0,0,1,0.03,0.004,400000
4080,400,18.17,11,24,5,0,0,1,0.03,0.004,400000
4081,357,6.377,13,34,3,1,0,0,0.03,0.004,400000
4082,186,-20.674,0,3,3,1,0,0,0.03,0.004,400000
4083,6,-15.336,0,3,3,1,0,0,0.03,0.004,400000
4084,149,-11.859,3,8,1,1,0,0,0.03,0.004,400000
4085,400,34.328,25,54,3,0,0,1,0.03,0.004,400000
4086,400,-13.48,0,0,6,0,0,1,0.03,0.004,400000
4087,313,0.995,12,35,2,1,0,0,0.03,0.004,400000
4088,400,-7.708,2,16,2,0,0,1,0.03,0.004,400000
4089,22,-9.004,0,4,0,1,0,0,0.03,0.004,400000
4090,151,14.065,15,34,2,1,0,0,0.03,0.004,400000
4091,313,-3.17,8,25,8,1,0,0,0.03,0.004,400000
4092,400,-4.174,3,14,4,0,0,1,0.03,0.004,400000
4093,400,7.687,8,24,3,0,0,1,0.03,0.004,400000
4094,10,-15.323,0,4,3,1,0,0,0.03,0.004,400000
4095,400,45.531,28,68,5,0,0,1,0.03,0.004,400000
4096,400,-3.222,1,5,3,0,0,1,0.03,0.004,400000
4097,18,-10.181,2,5,1,1,0,0,0.03,0.004,400000
4098,400,0.296,2,11,3,0,0,1,0.03,0.004,400000
4099,79,-1.995,6,22,1,1,0,0,0.03,0.004,400000
4100,31,-14.959,0,2,3,1,0,0,0.03,0.004,400000
4101,400,44.704,26,74,7,0,0,1,0.03,0.004,400000
4102,125,1.871,7,20,2,1,0,0,0.03,0.004,400000
4103,79,-15.399,0,3,2,1,0,0,0.03,0.004,400000
4104,265,26.795,22,63,3,1,0,0,0.03,0.004,400000
4105,222,-6.939,3,7,4,1,0,0,0.03,0.004,400000
4106,96,6.52,9,28,1,1,0,0,0.03,0.004,400000
4107,154,8.029,12,39,2,1,0,0,0.03,0.004,400000
4108,400,27.046,18,49,11,0,0,1,0.03,0.004,400000
4109,225,32.956,27,75,4,1,0,0,0.03,0.004,400000
4110,391,25.933,22,53,7,1,0,0,0.03,0.004,400000
4111,79,-15.649,0,3,4,1,0,0,0.03,0.004,400000
4112,400,20.772,9,28,4,0,0,1,0.03,0.004,400000
4113,400,31.975,20,44,8,0,0,1,0.03,0.004,400000
4114,259,34.802,29,67,4,1,0,0,0.03,0.004,400000
4115,209,-6.725,6,16,2,1,0,0,0.03,0.004,400000
4116,18,-9.352,2,6,1,1,0,0,0.03,0.004,400000
4117,400,42.21,24,53,5,0,0,1,0.03,0.004,400000
4118,400,22.281,14,48,9,0,0,1,0.03,0.004,400000
4119,355,26.212,20,58,3,1,0,0,0.03,0.004,400000
4120,400,23.382,14,33,5,0,0,1,0.03,0.004,400000
4121,400,73.072,44,111,3,0,0,1,0.03,0.004,400000
4122,400,24.142,13,39,8,0,0,1,0.03,0.004,400000
4123,400,-0.942,1,6,3,0,0,1,0.03,0.004,400000
4124,400,49.257,29,74,5,0,0,1,0.03,0.004,400000
4125,200,22.163,19,57,4,1,0,0,0.03,0.004,400000
4126,330,-5.477,1,10,3,1,0,0,0.03,0.004,400000
4127,229,2.58,8,23,6,1,0,0,0.03,0.004,400000
4128,327,43.89,33,72,4,1,0,0,0.03,0.004,400000
4129,303,10.887,9,31,4,1,0,0,0.03,0.004,400000
4130,400,37.241,18,49,3,0,0,1,0.03,0.004,400000
4131,152,8.75,12,35,3,1,0,0,0.03,0.004,400000
4132,89,-6.418,1,9,1,1,0,0,0.03,0.004,400000
4133,267,-18.608,0,1,4,1,0,0,0.03,0.004,400000
4134,400,31.363,20,52,3,0,0,1,0.03,0.004,400000
4135,295,21.516,16,37,4,1,0,0,0.03,0.004,400000
4136,400,56.481,35,82,0,0,0,1,0.03,0.004,400000
4137,375,27.333,25,65,5,1,0,0,0.03,0.004,400000
4138,9,-14.582,0,3,3,1,0,0,0.03,0.004,400000
4139,266,11.574,17,37,2,1,0,0,0.03,0.004,400000
4140,42,-7.895,3,16,3,1,0,0,0.03,0.004,400000
4141,393,-4.483,2,12,9,1,0,0,0.03,0.004,400000
4142,22,-11.171,1,6,1,1,0,0,0.03,0.004,400000
4143,400,29.917,18,51,6,0,0,1,0.03,0.004,400000
4144,25,-9.686,2,9,1,1,0,0,0.03,0.004,400000
4145,234,2.624,7,28,9,1,0,0,0.03,0.004,400000
4146,400,45.354,27,64,8,0,0,1,0.03,0.004,400000
4147,59,-2.979,6,13,2,1,0,0,0.03,0.004,400000
4148,400,32.529,21,50,7,0,0,1,0.03,0.004,400000
4149,400,26.143,15,41,5,0,0,1,0.03,0.004,400000
4150,240,-5.317,6,21,3,1,0,0,0.03,0.004,400000
4151,400,63.687,40,87,5,0,0,1,0.03,0.004,400000
4152,400,21.148,14,35,1,0,0,1,0.03,0.004,400000
4153,400,6.814,2,12,8,0,0,1,0.03,0.004,400000
4154,400,34.014,24,65,10,0,0,1,0.03,0.004,400000
4155,400,8.409,6,20,3,0,0,1,0.03,0.004,400000
4156,136,-2.25,4,11,0,1,0,0,0.03,0.004,400000
4157,400,11.447,5,19,7,0,0,1,0.03,0.004,400000
4158,109,1.879,10,19,2,1,0,0,0.03,0.004,400000
4159,400,18.868,7,22,2,0,0,1,0.03,0.004,400000
4160,38,-8.063,2,13,2,1,0,0,0.03,0.004,400000
4161,400,18.202,9,22,4,0,0,1,0.03,0.004,400000
4162,100,5.375,12,40,3,1,0,0,0.03,0.004,400000
4163,219,4.762,10,23,2,1,0,0,0.03,0.004,400000
4164,200,7.827,11,35,4,1,0,0,0.03,0.004,400000
4165,400,28.659,16,42,6,0,0,1,0.03,0.004,400000
4166,400,50.444,30,69,9,0,0,1,0.03,0.004,400000
4167,400,20.844,4,9,8,0,0,1,0.03,0.004,400000
4168,120,-12.623,1,9,2,1,0,0,0.03,0.004,400000
4169,400,45.188,26,69,11,0,0,1,0.03,0.004,400000
4170,400,45.994,26,58,3,0,0,1,0.03,0.004,400000
4171,66,-15.465,0,2,3,1,0,0,0.03,0.004,400000
4172,57,-2.944,6,22,4,1,0,0,0.03,0.004,400000
4173,400,-4.839,0,2,1,0,0,1,0.03,0.004,400000
4174,46,-6.197,4,12,3,1,0,0,0.03,0.004,400000
4175,237,16.073,18,45,5,1,0,0,0.03,0.004,400000
4176,400,28.037,10,32,4,0,0,1,0.03,0.004,400000
4177,400,-2.824,0,9,3,0,0,1,0.03,0.004,400000
4178,227,2.865,4,14,4,1,0,0,0.03,0.004,400000
4179,241,5.088,8,20,1,1,0,0,0.03,0.004,400000
4180,400,33.646,17,43,4,0,0,1,0.03,0.004,400000
4181,400,40.178,23,41,4,0,0,1,0.03,0.004,400000
4182,17,-14.596,0,3,2,1,0,0,0.03,0.004,400000
4183,400,21.008,13,39,8,0,0,1,0.03,0.004,400000
4184,400,36.684,19,48,8,0,0,1,0.03,0.004,400000
4185,400,40.047,26,67,5,0,0,1,0.03,0.004,400000
4186,400,1.745,2,9,6,0,0,1,0.03,0.004,400000
4187,193,-7.822,3,7,0,1,0,0,0.03,0.004,400000
4188,400,-5.567,0,0,5,0,0,1,0.03,0.004,400000
4189,135,10.679,15,35,2,1,0,0,0.03,0.004,400000
4190,400,31.522,20,49,2,0,0,1,0.03,0.004,400000
4191,134,5.73,9,22,2,1,0,0,0.03,0.004,400000
4192,400,60.596,35,92,3,0,0,1,0.03,0.004,400000
4193,149,17.913,19,51,3,1,0,0,0.03,0.004,400000
4194,400,31.517,20,45,1,0,0,1,0.03,0.004,400000
4195,77,-1.67,6,25,0,1,0,0,0.03,0.004,400000
4196,359,-2.531,6,18,8,1,0,0,0.03,0.004,400000
4197,152,-7.698,0,7,2,1,0,0,0.03,0.004,400000
4198,323,28.13,21,56,7,1,0,0,0.03,0.004,400000
4199,400,65.298,39,85,4,0,0,1,0.03,0.004,400000
4200,400,64.668,39,90,7,0,0,1,0.03,0.004,400000
4201,400,42.715,24,62,5,0,0,1,0.03,0.004,400000
4202,50,-2.851,7,14,1,1,0,0,0.03,0.004,400000
4203,400,24.295,15,39,2,0,0,1,0.03,0.004,400000
4204,82,0.552,8,25,0,1,0,0,0.03,0.004,400000
4205,400,15.32,11,34,4,0,0,1,0.03,0.004,400000
4206,395,51.155,38,92,4,1,0,0,0.03,0.004,400000
4207,108,3.83,10,28,3,1,0,0,0.03,0.004,400000
4208,166,-13.148,1,7,2,1,0,0,0.03,0.004,400000
4209,378,17.516,8,37,8,1,0,0,0.03,0.004,400000
4210,312,9.298,10,22,7,1,0,0,0.03,0.004,400000
4211,83,-3.519,4,24,2,1,0,0,0.03,0.004,400000
4212,400,-5.005,0,2,4,0,0,1,0.03,0.004,400000
4213,400,36.174,19,52,4,0,0,1,0.03,0.004,400000
4214,188,22.545,20,48,1,1,0,0,0.03,0.004,400000
4215,400,20.729,11,28,4,0,0,1,0.03,0.004,400000
4216,400,33.108,21,49,2,0,0,1,0.03,0.004,400000
4217,205,17.802,18,52,1,1,0,0,0.03,0.004,400000
4218,400,27.091,18,51,9,0,0,1,0.03,0.004,400000
4219,400,-0.939,1,12,4,0,0,1,0.03,0.004,400000
4220,123,10.417,14,34,0,1,0,0,0.03,0.004,400000
4221,107,5.446,12,39,2,1,0,0,0.03,0.004,400000
4222,62,-4.724,4,20,3,1,0,0,0.03,0.004,400000
4223,360,19.949,19,45,5,1,0,0,0.03,0.004,400000
4224,18,-10.968,2,6,2,1,0,0,0.03,0.004,400000
4225,400,43.999,25,62,2,0,0,1,0.03,0.004,400000
4226,400,61.936,37,94,6,0,0,1,0.03,0.004,400000
4227,241,16.052,13,48,1,1,0,0,0.03,0.004,400000
4228,326,45.705,34,78,2,1,0,0,0.03,0.004,400000
4229,400,46.079,23,56,2,0,0,1,0.03,0.004,400000
4230,400,35.732,20,58,7,0,0,1,0.03,0.004,400000
4231,171,22.619,23,49,3,1,0,0,0.03,0.004,400000
4232,90,4.213,11,24,0,1,0,0,0.03,0.004,400000
4233,30,-14.951,0,3,3,1,0,0,0.03,0.004,400000
4234,94,-15.943,0,2,3,1,0,0,0.03,0.004,400000
4235,400,0.858,3,10,8,0,0,1,0.03,0.004,400000
4236,101,-2.379,7,15,2,1,0,0,0.03,0.004,400000
4237,19,-7.391,1,8,0,1,0,0,0.03,0.004,400000
4238,172,4.75,10,36,1,1,0,0,0.03,0.004,400000
4239,377,-5.691,4,13,6,1,0,0,0.03,0.004,400000
4240,400,29.568,13,36,11,0,0,1,0.03,0.004,400000
4241,154,12.214,15,45,2,1,0,0,0.03,0.004,400000
4242,106,-2.092,7,30,5,1,0,0,0.03,0.004,400000
4243,111,5.829,11,30,1,1,0,0,0.03,0.004,400000
4244,400,19.122,10,32,4,0,0,1,0.03,0.004,400000
4245,400,47.69,25,60,2,0,0,1,0.03,0.004,400000
4246,38,-8.417,2,13,0,1,0,0,0.03,0.004,400000
4247,400,21.258,5,17,4,0,0,1,0.03,0.004,400000
4248,29,-6.874,4,8,2,1,0,0,0.03,0.004,400000
4249,149,-11.375,0,2,1,1,0,0,0.03,0.004,400000
4250,400,11.037,3,7,2,0,0,1,0.03,0.004,400000
4251,138,7.849,14,36,1,1,0,0,0.03,0.004,400000
4252,247,-1.064,10,27,5,1,0,0,0.03,0.004,400000
4253,32,-7.849,3,11,1,1,0,0,0.03,0.004,400000
4254,400,38.043,19,51,5,0,0,1,0.03,0.004,400000
4255,400,44.955,28,76,7,0,0,1,0.03,0.004,400000
4256,400,14.868,12,24,7,0,0,1,0.03,0.004,400000
4257,285,35.342,29,62,6,1,0,0,0.03,0.004,400000
4258,57,-8.747,2,10,0,1,0,0,0.03,0.004,400000
4259,400,4.107,5,13,4,0,0,1,0.03,0.004,400000
4260,258,25.142,21,41,5,1,0,0,0.03,0.004,400000
4261,206,9.952,10,27,2,1,0,0,0.03,0.004,400000
4262,400,66.843,40,96,4,0,0,1,0.03,0.004,400000
4263,29,-14.966,0,2,3,1,0,0,0.03,0.004,400000
4264,400,35.403,21,50,0,0,0,1,0.03,0.004,400000
4265,400,41.359,22,55,9,0,0,1,0.03,0.004,400000
4266,400,27.283,18,38,9,0,0,1,0.03,0.004,400000
4267,381,-2.163,5,21,5,1,0,0,0.03,0.004,400000
4268,13,-14.76,0,2,3,1,0,0,0.03,0.004,400000
4269,5,-14.468,0,2,2,1,0,0,0.03,0.004,400000
4270,189,21.116,23,42,5,1,0,0,0.03,0.004,400000
4271,400,25.709,14,32,8,0,0,1,0.03,0.004,400000
4272,400,25.913,16,41,3,0,0,1,0.03,0.004,400000
4273,250,5.1,4,14,2,1,0,0,0.03,0.004,400000
4274,108,-6.764,4,10,5,1,0,0,0.03,0.004,400000
4275,112,-0.504,8,23,5,1,0,0,0.03,0.004,400000
4276,132,-11.746,2,9,5,1,0,0,0.03,0.004,400000
4277,400,30.907,18,33,8,0,0,1,0.03,0.004,400000
4278,400,23.675,18,36,9,0,0,1,0.03,0.004,400000
4279,95,2.574,10,32,3,1,0,0,0.03,0.004,400000
4280,400,51.259,28,77,3,0,0,1,0.03,0.004,400000
4281,400,57.366,35,77,3,0,0,1,0.03,0.004,400000
4282,400,38.577,22,57,6,0,0,1,0.03,0.004,400000
4283,290,32.777,28,69,3,1,0,0,0.03,0.004,400000
4284,400,58.668,36,77,9,0,0,1,0.03,0.004,400000
4285,400,13.674,10,24,3,0,0,1,0.03,0.004,400000
4286,400,59.586,34,86,2,0,0,1,0.03,0.004,400000
4287,232,23.476,22,56,3,1,0,0,0.03,0.004,400000
4288,98,0.248,7,23,1,1,0,0,0.03,0.004,400000
4289,400,53.476,31,69,5,0,0,1,0.03,0.004,400000
4290,92,0.285,7,26,2,1,0,0,0.03,0.004,400000
4291,19,-10.85,1,9,1,1,0,0,0.03,0.004,400000
4292,161,13.414,16,45,2,1,0,0,0.03,0.004,400000
4293,39,-14.929,0,3,2,1,0,0,0.03,0.004,400000
4294,78,-15.685,0,2,3,1,0,0,0.03,0.004,400000
4295,106,-5.444,5,25,5,1,0,0,0.03,0.004,400000
4296,48,-9.496,1,13,1,1,0,0,0.03,0.004,400000
4297,400,16.975,12,35,4,0,0,1,0.03,0.004,400000
4298,41,-6.158,4,14,1,1,0,0,0.03,0.004,400000
4299,400,41.302,21,43,6,0,0,1,0.03,0.004,400000
4300,400,38.078,24,64,6,0,0,1,0.03,0.004,400000
4301,400,38.693,22,54,8,0,0,1,0.03,0.004,400000
4302,400,37.736,17,41,3,0,0,1,0.03,0.004,400000
4303,400,29.989,11,31,4,0,0,1,0.03,0.004,400000
4304,5,-14.184,0,4,0,1,0,0,0.03,0.004,400000
4305,247,10.219,10,29,1,1,0,0,0.03,0.004,400000
4306,291,22.137,21,44,6,1,0,0,0.03,0.004,400000
4307,76,-0.971,8,22,0,1,0,0,0.03,0.004,400000
4308,49,-6.073,4,11,1,1,0,0,0.03,0.004,400000
4309,38,-7.959,3,9,1,1,0,0,0.03,0.004,400000
4310,108,5.103,11,36,3,1,0,0,0.03,0.004,400000
4311,103,6.424,9,29,2,1,0,0,0.03,0.004,400000
4312,399,11.205,14,32,6,1,0,0,0.03,0.004,400000
4313,365,19.116,20,53,7,1,0,0,0.03,0.004,400000
4314,46,-4.973,5,16,0,1,0,0,0.03,0.004,400000
4315,400,36.422,19,47,6,0,0,1,0.03,0.004,400000
4316,286,18.689,20,53,5,1,0,0,0.03,0.004,400000
4317,387,-2.164,10,21,5,1,0,0,0.03,0.004,400000
4318,383,39.666,29,74,4,1,0,0,0.03,0.004,400000
4319,400,45.852,26,59,6,0,0,1,0.03,0.004,400000
4320,400,52.516,32,84,6,0,0,1,0.03,0.004,400000
4321,154,-4.613,2,7,1,1,0,0,0.03,0.004,400000
4322,93,5.252,9,21,1,1,0,0,0.03,0.004,400000
4323,117,4.198,7,31,2,1,0,0,0.03,0.004,400000
4324,400,49.833,27,68,4,0,0,1,0.03,0.004,400000
4325,400,40.106,22,50,6,0,0,1,0.03,0.004,400000
4326,372,36.975,27,76,0,1,0,0,0.03,0.004,400000
4327,5,-14.084,0,4,0,1,0,0,0.03,0.004,400000
4328,5,-14.134,0,4,0,1,0,0,0.03,0.004,400000
4329,174,6.957,11,36,5,1,0,0,0.03,0.004,400000
4330,400,33.651,21,53,4,0,0,1,0.03,0.004,400000
4331,5,-14.235,0,3,0,1,0,0,0.03,0.004,400000
4332,80,-1.94,9,19,6,1,0,0,0.03,0.004,400000
4333,44,-6.54,4,15,2,1,0,0,0.03,0.004,400000
4334,5,-14.355,0,3,0,1,0,0,0.03,0.004,400000
4335,104,6.475,14,26,2,1,0,0,0.03,0.004,400000
4336,42,-7.785,3,13,1,1,0,0,0.03,0.004,400000
4337,400,50.34,31,71,12,0,0,1,0.03,0.004,400000
4338,400,13.771,10,20,2,0,0,1,0.03,0.004,400000
4339,7,-9.527,0,3,0,1,0,0,0.03,0.004,400000
4340,5,-15.499,0,1,3,1,0,0,0.03,0.004,400000
4341,52,-3.803,6,19,1,1,0,0,0.03,0.004,400000
4342,37,-6.196,4,11,1,1,0,0,0.03,0.004,400000
4343,241,2.165,7,28,8,1,0,0,0.03,0.004,400000
4344,400,56.427,36,85,24,0,0,1,0.03,0.004,400000
4345,400,54.952,33,84,25,0,0,1,0.03,0.004,400000
4346,139,7.135,12,37,7,1,0,0,0.03,0.004,400000
4347,73,0.42,8,24,1,1,0,0,0.03,0.004,400000
4348,216,-4.132,0,3,6,1,0,0,0.03,0.004,400000
4349,397,26.648,17,41,9,1,0,0,0.03,0.004,400000
4350,400,27.527,13,28,8,0,0,1,0.03,0.004,400000
4351,7,-14.649,0,3,4,1,0,0,0.03,0.004,400000
4352,208,5.966,11,35,18,1,0,0,0.03,0.004,400000
4353,55,-5.219,3,9,7,1,0,0,0.03,0.004,400000
4354,200,2.671,8,29,18,1,0,0,0.03,0.004,400000
4355,336,24.617,22,56,40,1,0,0,0.03,0.004,400000
4356,400,33.526,25,70,73,0,0,1,0.03,0.004,400000
4357,32,-10.462,0,4,9,1,0,0,0.03,0.004,400000
4358,205,1.033,12,26,37,1,0,0,0.03,0.004,400000
4359,37,-6.098,5,9,4,1,0,0,0.03,0.004,400000
4360,400,32.308,25,60,72,0,0,1,0.03,0.004,400000
4361,400,17.972,17,42,101,0,0,1,0.03,0.004,400000
4362,400,25.54,20,61,100,0,0,1,0.03,0.004,400000
4363,142,-5.101,5,21,28,1,0,0,0.03,0.004,400000
4364,6,-14.485,0,4,3,1,0,0,0.03,0.004,400000
4365,127,-5.521,5,18,48,1,0,0,0.03,0.004,400000
4366,61,-3.614,7,15,4,1,0,0,0.03,0.004,400000
4367,30,-17.011,0,2,22,1,0,0,0.03,0.004,400000
4368,209,16.736,18,47,22,1,0,0,0.03,0.004,400000
4369,400,45.224,30,70,47,0,0,1,0.03,0.004,400000
4370,64,-3.52,3,16,8,1,0,0,0.03,0.004,400000
4371,9,-14.951,0,4,7,1,0,0,0.03,0.004,400000
4372,400,10.929,7,25,17,0,0,1,0.03,0.004,400000
4373,113,-4.295,8,25,29,1,0,0,0.03,0.004,400000
4374,7,-14.653,0,4,6,1,0,0,0.03,0.004,400000
4375,10,-15.116,0,3,8,1,0,0,0.03,0.004,400000
4376,317,35.948,31,87,32,1,0,0,0.03,0.004,400000
4377,7,-14.823,0,3,5,1,0,0,0.03,0.004,400000
4378,400,33.528,27,62,90,0,0,1,0.03,0.004,400000
4379,9,-15.002,0,3,7,1,0,0,0.03,0.004,400000
4380,389,31.768,30,72,66,1,0,0,0.03,0.004,400000
4381,9,-15.002,0,3,7,1,0,0,0.03,0.004,400000
4382,7,-14.39,0,4,2,1,0,0,0.03,0.004,400000
4383,400,44.403,30,79,69,0,0,1,0.03,0.004,400000
4384,362,31.892,27,73,21,1,0,0,0.03,0.004,400000
4385,400,18.423,12,33,8,0,0,1,0.03,0.004,400000
4386,400,42.743,29,68,46,0,0,1,0.03,0.004,400000
4387,400,24.738,19,58,27,0,0,1,0.03,0.004,400000
4388,209,3.142,11,29,13,1,0,0,0.03,0.004,400000
4389,266,19.17,22,54,8,1,0,0,0.03,0.004,400000
4390,400,27.287,21,50,13,0,0,1,0.03,0.004,400000
4391,9,-15.129,0,4,1,1,0,0,0.03,0.004,400000
4392,400,24.856,18,41,15,0,0,1,0.03,0.004,400000
4393,400,34.136,23,66,4,0,0,1,0.03,0.004,400000
4394,51,-13.036,0,5,0,1,0,0,0.03,0.004,400000
4395,400,24.009,14,48,8,0,0,1,0.03,0.004,400000
4396,400,19.021,16,41,7,0,0,1,0.03,0.004,400000
4397,400,31.662,20,51,5,0,0,1,0.03,0.004,400000
4398,37,-3.43,4,9,0,1,0,0,0.03,0.004,400000
4399,400,-7.33,0,7,4,0,0,1,0.03,0.004,400000
4400,314,13.881,21,43,5,1,0,0,0.03,0.004,400000
4401,400,3.454,1,10,6,0,0,1,0.03,0.004,400000
4402,349,16.556,14,39,8,1,0,0,0.03,0.004,400000
4403,345,-21.492,0,9,1,1,0,0,0.03,0.004,400000
4404,20,-6.105,2,7,1,1,0,0,0.03,0.004,400000
4405,111,3.622,8,21,1,1,0,0,0.03,0.004,400000
4406,400,46.308,30,76,3,0,0,1,0.03,0.004,400000
4407,72,-15.568,0,1,2,1,0,0,0.03,0.004,400000
4408,75,2.489,8,21,1,1,0,0,0.03,0.004,400000
4409,25,-9.336,2,11,1,1,0,0,0.03,0.004,400000
4410,400,28.635,14,38,9,0,0,1,0.03,0.004,400000
4411,32,-6.107,1,6,0,1,0,0,0.03,0.004,400000
4412,400,-2.106,1,8,2,0,0,1,0.03,0.004,400000
4413,400,54.564,35,80,1,0,0,1,0.03,0.004,400000
4414,181,-2.463,5,19,3,1,0,0,0.03,0.004,400000
4415,254,-4.761,5,13,7,1,0,0,0.03,0.004,400000
4416,391,2.963,6,21,7,1,0,0,0.03,0.004,400000
4417,198,8.207,14,42,5,1,0,0,0.03,0.004,400000
4418,267,20.529,17,39,1,1,0,0,0.03,0.004,400000
4419,400,64.706,38,92,9,0,0,1,0.03,0.004,400000
4420,106,-2.883,7,19,2,1,0,0,0.03,0.004,400000
4421,400,-2.348,2,7,4,0,0,1,0.03,0.004,400000
4422,32,-9.303,3,5,2,1,0,0,0.03,0.004,400000
4423,153,2.141,8,17,5,1,0,0,0.03,0.004,400000
4424,103,4.547,11,25,1,1,0,0,0.03,0.004,400000
4425,108,-1.712,6,18,2,1,0,0,0.03,0.004,400000
4426,386,20.712,21,51,8,1,0,0,0.03,0.004,400000
4427,83,-4.089,7,15,2,1,0,0,0.03,0.004,400000
4428,400,16.121,8,24,6,0,0,1,0.03,0.004,400000
4429,78,-10.246,0,3,1,1,0,0,0.03,0.004,400000
4430,400,43.133,22,66,10,0,0,1,0.03,0.004,400000
4431,29,-8.744,3,12,2,1,0,0,0.03,0.004,400000
4432,400,4.334,3,9,10,0,0,1,0.03,0.004,400000
4433,400,43.456,25,41,4,0,0,1,0.03,0.004,400000
4434,400,54.301,35,82,4,0,0,1,0.03,0.004,400000
4435,400,8.372,3,11,3,0,0,1,0.03,0.004,400000
4436,103,7.665,12,29,3,1,0,0,0.03,0.004,400000
4437,400,27.325,12,31,5,0,0,1,0.03,0.004,400000
4438,400,5.893,6,14,4,0,0,1,0.03,0.004,400000
4439,341,24.124,17,45,5,1,0,0,0.03,0.004,400000
4440,279,-0.877,5,18,9,1,0,0,0.03,0.004,400000
4441,148,11.394,14,26,0,1,0,0,0.03,0.004,400000
4442,289,26.521,25,65,5,1,0,0,0.03,0.004,400000
4443,80,-16.063,0,3,7,1,0,0,0.03,0.004,400000
4444,400,63.237,37,88,2,0,0,1,0.03,0.004,400000
4445,400,9.23,7,22,5,0,0,1,0.03,0.004,400000
4446,181,-1.987,7,21,2,1,0,0,0.03,0.004,400000
4447,252,-3.78,3,10,5,1,0,0,0.03,0.004,400000
4448,400,28.836,20,48,6,0,0,1,0.03,0.004,400000
4449,400,52.246,30,72,8,0,0,1,0.03,0.004,400000
4450,400,27.816,17,36,3,0,0,1,0.03,0.004,400000
4451,192,19.068,19,54,5,1,0,0,0.03,0.004,400000
4452,400,-5.486,0,0,4,0,0,1,0.03,0.004,400000
4453,400,36.905,16,46,3,0,0,1,0.03,0.004,400000
4454,400,62.17,36,81,3,0,0,1,0.03,0.004,400000
4455,25,-9.388,3,9,2,1,0,0,0.03,0.004,400000
4456,400,3.672,3,13,1,0,0,1,0.03,0.004,400000
4457,344,40.859,29,67,6,1,0,0,0.03,0.004,400000
4458,400,4.722,5,11,0,0,0,1,0.03,0.004,400000
4459,400,20.858,10,26,5,0,0,1,0.03,0.004,400000
4460,400,28.284,13,45,11,0,0,1,0.03,0.004,400000
4461,400,31.48,19,46,8,0,0,1,0.03,0.004,400000
4462,165,11.268,14,42,4,1,0,0,0.03,0.004,400000
4463,18,-9.895,2,8,1,1,0,0,0.03,0.004,400000
4464,65,-7.279,3,10,2,1,0,0,0.03,0.004,400000
4465,218,22.492,22,59,6,1,0,0,0.03,0.004,400000
4466,353,-7.906,2,15,7,1,0,0,0.03,0.004,400000
4467,400,30.798,14,38,2,0,0,1,0.03,0.004,400000
4468,37,-8.065,2,11,1,1,0,0,0.03,0.004,400000
4469,400,17.739,3,11,3,0,0,1,0.03,0.004,400000
4470,310,19.875,18,54,4,1,0,0,0.03,0.004,400000
4471,18,-8.949,2,8,0,1,0,0,0.03,0.004,400000
4472,195,3.301,5,11,2,1,0,0,0.03,0.004,400000
4473,400,34.071,19,45,5,0,0,1,0.03,0.004,400000
4474,400,13.391,10,22,5,0,0,1,0.03,0.004,400000
4475,292,19.597,17,45,8,1,0,0,0.03,0.004,400000
4476,400,32.997,22,56,11,0,0,1,0.03,0.004,400000
4477,177,15.017,18,48,4,1,0,0,0.03,0.004,400000
4478,400,53.713,31,62,4,0,0,1,0.03,0.004,400000
4479,122,-15.565,0,6,6,1,0,0,0.03,0.004,400000
4480,64,-0.69,7,24,1,1,0,0,0.03,0.004,400000
4481,226,21.306,23,53,3,1,0,0,0.03,0.004,400000
4482,400,3.442,6,15,3,0,0,1,0.03,0.004,400000
4483,267,-6.968,3,15,3,1,0,0,0.03,0.004,400000
4484,400,45.153,28,74,8,0,0,1,0.03,0.004,400000
4485,286,29.217,21,57,7,1,0,0,0.03,0.004,400000
4486,299,15.581,11,34,2,1,0,0,0.03,0.004,400000
4487,18,-10.931,2,6,2,1,0,0,0.03,0.004,400000
4488,372,44.355,33,90,6,1,0,0,0.03,0.004,400000
4489,33,-15.073,0,2,3,1,0,0,0.03,0.004,400000
4490,181,22.821,23,52,2,1,0,0,0.03,0.004,400000
4491,179,-9.155,3,12,3,1,0,0,0.03,0.004,400000
4492,374,32.046,26,54,5,1,0,0,0.03,0.004,400000
4493,87,-6.623,3,12,3,1,0,0,0.03,0.004,400000
4494,400,36.54,19,48,7,0,0,1,0.03,0.004,400000
4495,400,36.234,19,45,2,0,0,1,0.03,0.004,400000
4496,400,48.968,25,63,4,0,0,1,0.03,0.004,400000
4497,400,35.732,18,44,3,0,0,1,0.03,0.004,400000
4498,400,15.321,11,30,1,0,0,1,0.03,0.004,400000
4499,400,44.146,24,56,4,0,0,1,0.03,0.004,400000
4500,257,-15.12,0,7,4,1,0,0,0.03,0.004,400000
4501,400,-0.798,2,8,8,0,0,1,0.03,0.004,400000
4502,400,-2.478,1,5,1,0,0,1,0.03,0.004,400000
4503,400,-3.935,1,1,3,0,0,1,0.03,0.004,400000
4504,400,42.817,27,66,3,0,0,1,0.03,0.004,400000
4505,153,12.034,16,34,1,1,0,0,0.03,0.004,400000
4506,400,60.007,35,76,1,0,0,1,0.03,0.004,400000
4507,400,-5.652,0,6,5,0,0,1,0.03,0.004,400000
4508,38,-7.933,3,13,2,1,0,0,0.03,0.004,400000
4509,400,-3.228,1,4,2,0,0,1,0.03,0.004,400000
4510,247,-18.175,0,1,4,1,0,0,0.03,0.004,400000
4511,18,-10.081,2,6,1,1,0,0,0.03,0.004,400000
4512,59,-5.717,2,8,3,1,0,0,0.03,0.004,400000
4513,105,4.931,9,19,0,1,0,0,0.03,0.004,400000
4514,49,0.294,5,20,0,1,0,0,0.03,0.004,400000
4515,400,42.195,25,65,6,0,0,1,0.03,0.004,400000
4516,400,4.409,4,11,7,0,0,1,0.03,0.004,400000
4517,400,-1.94,1,9,7,0,0,1,0.03,0.004,400000
4518,400,54.953,33,89,3,0,0,1,0.03,0.004,400000
4519,332,36.905,30,77,5,1,0,0,0.03,0.004,400000
4520,60,-1.625,6,19,1,1,0,0,0.03,0.004,400000
4521,6,-9.492,0,3,0,1,0,0,0.03,0.004,400000
4522,400,17.981,4,13,6,0,0,1,0.03,0.004,400000
4523,400,18.801,4,18,8,0,0,1,0.03,0.004,400000
4524,400,36.263,23,55,8,0,0,1,0.03,0.004,400000
4525,324,47.514,37,90,6,1,0,0,0.03,0.004,400000
4526,341,7.094,6,17,4,1,0,0,0.03,0.004,400000
4527,259,6.238,11,26,0,1,0,0,0.03,0.004,400000
4528,97,3.829,8,18,0,1,0,0,0.03,0.004,400000
4529,113,-10.6,2,7,1,1,0,0,0.03,0.004,400000
4530,400,24.752,15,41,4,0,0,1,0.03,0.004,400000
4531,400,14.722,6,22,6,0,0,1,0.03,0.004,400000
4532,390,9.092,9,21,7,1,0,0,0.03,0.004,400000
4533,175,14.925,13,46,0,1,0,0,0.03,0.004,400000
4534,41,-1.676,4,16,0,1,0,0,0.03,0.004,400000
4535,400,1.633,3,14,5,0,0,1,0.03,0.004,400000
4536,400,0.856,1,6,4,0,0,1,0.03,0.004,400000
4537,165,16.818,19,46,4,1,0,0,0.03,0.004,400000
4538,366,7.057,2,9,6,1,0,0,0.03,0.004,400000
4539,5,-14.495,0,3,2,1,0,0,0.03,0.004,400000
4540,31,-8.832,2,11,1,1,0,0,0.03,0.004,400000
4541,276,2.934,9,25,4,1,0,0,0.03,0.004,400000
4542,400,22.502,14,33,2,0,0,1,0.03,0.004,400000
4543,53,-3.036,6,19,1,1,0,0,0.03,0.004,400000
4544,400,52.314,33,71,7,0,0,1,0.03,0.004,400000
4545,400,51.85,33,72,6,0,0,1,0.03,0.004,400000
4546,400,38.462,26,66,5,0,0,1,0.03,0.004,400000
4547,79,0.138,8,19,0,1,0,0,0.03,0.004,400000
4548,194,22.614,23,54,3,1,0,0,0.03,0.004,400000
4549,400,28.748,18,41,4,0,0,1,0.03,0.004,400000
4550,108,-9.408,3,7,4,1,0,0,0.03,0.004,400000
4551,400,35.579,18,41,3,0,0,1,0.03,0.004,400000
4552,400,39.001,27,66,6,0,0,1,0.03,0.004,400000
4553,41,-8.249,4,8,4,1,0,0,0.03,0.004,400000
4554,388,38.959,31,70,2,1,0,0,0.03,0.004,400000
4555,122,-4.123,4,12,2,1,0,0,0.03,0.004,400000
4556,331,43.614,31,75,3,1,0,0,0.03,0.004,400000
4557,400,21.154,8,14,6,0,0,1,0.03,0.004,400000
4558,346,-6.134,0,4,6,1,0,0,0.03,0.004,400000
4559,153,-11.599,0,2,0,1,0,0,0.03,0.004,400000
4560,400,61.587,37,84,5,0,0,1,0.03,0.004,400000
4561,349,24.928,22,59,10,1,0,0,0.03,0.004,400000
4562,400,20.751,7,15,2,0,0,1,0.03,0.004,400000
4563,269,32.715,27,63,3,1,0,0,0.03,0.004,400000
4564,400,36.121,21,52,2,0,0,1,0.03,0.004,400000
4565,393,28.219,22,48,5,1,0,0,0.03,0.004,400000
4566,16,-13.978,0,1,2,1,0,0,0.03,0.004,400000
4567,400,50.948,28,72,8,0,0,1,0.03,0.004,400000
4568,400,50.76,26,75,4,0,0,1,0.03,0.004,400000
4569,359,14.959,17,36,6,1,0,0,0.03,0.004,400000
4570,400,35.325,23,57,9,0,0,1,0.03,0.004,400000
4571,400,56.292,33,77,10,0,0,1,0.03,0.004,400000
4572,400,14.523,7,19,7,0,0,1,0.03,0.004,400000
4573,400,18.844,13,43,7,0,0,1,0.03,0.004,400000
4574,400,24.323,17,49,6,0,0,1,0.03,0.004,400000
4575,60,-2.102,7,22,5,1,0,0,0.03,0.004,400000
4576,400,35.005,22,49,2,0,0,1,0.03,0.004,400000
4577,122,18.703,18,41,0,1,0,0,0.03,0.004,400000
4578,400,10.477,8,25,4,0,0,1,0.03,0.004,400000
4579,51,-15.06,0,2,0,1,0,0,0.03,0.004,400000
4580,400,59.576,37,82,9,0,0,1,0.03,0.004,400000
4581,51,-15.04,0,2,0,1,0,0,0.03,0.004,400000
4582,400,43.304,26,78,10,0,0,1,0.03,0.004,400000
4583,400,11.46,8,16,7,0,0,1,0.03,0.004,400000
4584,215,13.516,16,45,3,1,0,0,0.03,0.004,400000
4585,20,-10.915,1,7,1,1,0,0,0.03,0.004,400000
4586,33,-14.703,0,3,0,1,0,0,0.03,0.004,400000
4587,400,26.517,11,22,5,0,0,1,0.03,0.004,400000
4588,400,20.939,6,22,4,0,0,1,0.03,0.004,400000
4589,301,-9.975,4,15,6,1,0,0,0.03,0.004,400000
4590,272,18.304,20,48,1,1,0,0,0.03,0.004,400000
4591,35,-4.397,3,11,1,1,0,0,0.03,0.004,400000
4592,400,7.892,9,21,7,0,0,1,0.03,0.004,400000
4593,400,36.286,22,55,6,0,0,1,0.03,0.004,400000
4594,400,31.616,13,26,5,0,0,1,0.03,0.004,400000
4595,18,-8.227,3,5,0,1,0,0,0.03,0.004,400000
4596,400,48.099,27,57,4,0,0,1,0.03,0.004,400000
4597,400,47.536,26,68,5,0,0,1,0.03,0.004,400000
4598,128,-2.303,5,24,2,1,0,0,0.03,0.004,400000
4599,57,-3.895,3,12,1,1,0,0,0.03,0.004,400000
4600,400,-5.367,0,0,3,0,0,1,0.03,0.004,400000
4601,400,61.811,39,95,4,0,0,1,0.03,0.004,400000
4602,400,31.921,18,48,4,0,0,1,0.03,0.004,400000
4603,400,35.131,15,44,5,0,0,1,0.03,0.004,400000
4604,70,-15.331,0,3,1,1,0,0,0.03,0.004,400000
4605,400,40.679,28,64,23,0,0,1,0.03,0.004,400000
4606,400,37.618,21,63,12,0,0,1,0.03,0.004,400000
4607,54,0.186,5,19,1,1,0,0,0.03,0.004,400000
4608,400,54.061,33,72,8,0,0,1,0.03,0.004,400000
4609,165,16.608,17,51,5,1,0,0,0.03,0.004,400000
4610,75,-12.63,0,5,22,1,0,0,0.03,0.004,400000
4611,7,-14.633,0,2,2,1,0,0,0.03,0.004,400000
4612,400,26.028,8,23,3,0,0,1,0.03,0.004,400000
4613,231,5.145,13,36,21,1,0,0,0.03,0.004,400000
4614,400,30.57,22,53,58,0,0,1,0.03,0.004,400000
4615,400,27.82,21,59,62,0,0,1,0.03,0.004,400000
4616,400,34.794,24,64,59,0,0,1,0.03,0.004,400000
4617,166,3.793,11,32,32,1,0,0,0.03,0.004,400000
4618,400,46.072,33,68,57,0,0,1,0.03,0.004,400000
4619,400,40.969,26,76,57,0,0,1,0.03,0.004,400000
4620,255,28.652,30,59,34,1,0,0,0.03,0.004,400000
4621,7,-14.433,0,4,2,1,0,0,0.03,0.004,400000
4622,109,12.233,16,35,2,1,0,0,0.03,0.004,400000
4623,7,-14.433,0,4,2,1,0,0,0.03,0.004,400000
4624,400,9.954,13,43,125,0,0,1,0.03,0.004,400000
4625,49,-4.961,5,16,7,1,0,0,0.03,0.004,400000
4626,116,2.457,10,29,14,1,0,0,0.03,0.004,400000
4627,400,55.921,38,86,50,0,0,1,0.03,0.004,400000
4628,400,34.858,26,63,77,0,0,1,0.03,0.004,400000
4629,285,21.353,20,54,31,1,0,0,0.03,0.004,400000
4630,400,20.242,18,40,73,0,0,1,0.03,0.004,400000
4631,400,19.923,19,39,116,0,0,1,0.03,0.004,400000
4632,400,11.206,14,25,88,0,0,1,0.03,0.004,400000
4633,7,-14.383,0,4,2,1,0,0,0.03,0.004,400000
4634,87,0.495,9,20,8,1,0,0,0.03,0.004,400000
4635,281,-8.593,5,15,93,1,0,0,0.03,0.004,400000
4636,400,18.092,16,49,100,0,0,1,0.03,0.004,400000
4637,7,-14.533,0,3,2,1,0,0,0.03,0.004,400000
4638,7,-14.533,0,3,2,1,0,0,0.03,0.004,400000
4639,400,67.311,44,96,29,0,0,1,0.03,0.004,400000
4640,167,14.059,16,47,16,1,0,0,0.03,0.004,400000
4641,400,40.405,28,74,68,0,0,1,0.03,0.004,400000
4642,400,2.075,4,16,45,0,0,1,0.03,0.004,400000
4643,7,-14.433,0,4,2,1,0,0,0.03,0.004,400000
4644,105,3.535,8,26,14,1,0,0,0.03,0.004,400000
4645,400,23.603,21,53,95,0,0,1,0.03,0.004,400000
4646,284,15.722,21,51,48,1,0,0,0.03,0.004,400000
4647,219,-1.065,9,28,67,1,0,0,0.03,0.004,400000
4648,33,-7.95,3,9,3,1,0,0,0.03,0.004,400000
4649,400,17.614,16,42,98,0,0,1,0.03,0.004,400000
4650,58,-5.36,4,16,5,1,0,0,0.03,0.004,400000
4651,203,-1.654,12,31,46,1,0,0,0.03,0.004,400000
4652,7,-9.187,0,2,0,1,0,0,0.03,0.004,400000
4653,400,34.816,26,60,77,0,0,1,0.03,0.004,400000
4654,400,62.144,42,98,41,0,0,1,0.03,0.004,400000
4655,111,10.721,14,37,1,1,0,0,0.03,0.004,400000
4656,400,58.241,39,87,44,0,0,1,0.03,0.004,400000
4657,100,3.477,9,27,12,1,0,0,0.03,0.004,400000
4658,400,18.553,16,48,113,0,0,1,0.03,0.004,400000
4659,400,64.402,38,97,18,0,0,1,0.03,0.004,400000
4660,53,-4.81,4,15,1,1,0,0,0.03,0.004,400000
4661,400,39.356,29,70,82,0,0,1,0.03,0.004,400000
4662,106,5.946,11,29,3,1,0,0,0.03,0.004,400000
4663,119,2.295,10,32,15,1,0,0,0.03,0.004,400000
4664,230,16.661,19,64,35,1,0,0,0.03,0.004,400000
4665,118,1.755,9,25,29,1,0,0,0.03,0.004,400000
4666,173,17.397,19,58,10,1,0,0,0.03,0.004,400000
4667,400,47.744,32,81,59,0,0,1,0.03,0.004,400000
4668,205,13.292,17,42,23,1,0,0,0.03,0.004,400000
4669,339,-4.677,11,34,114,1,0,0,0.03,0.004,400000
4670,400,42.475,27,78,60,0,0,1,0.03,0.004,400000
4671,65,-2.589,6,25,3,1,0,0,0.03,0.004,400000
4672,400,43.006,28,81,60,0,0,1,0.03,0.004,400000
4673,365,24.796,23,69,47,1,0,0,0.03,0.004,400000
4674,233,27.306,26,56,20,1,0,0,0.03,0.004,400000
4675,400,40.829,29,63,74,0,0,1,0.03,0.004,400000
4676,400,34.521,25,60,62,0,0,1,0.03,0.004,400000
4677,400,8.055,9,38,67,0,0,1,0.03,0.004,400000
4678,400,-2.689,7,15,118,0,0,1,0.03,0.004,400000
4679,400,31.981,27,62,95,0,0,1,0.03,0.004,400000
4680,328,17.711,23,62,53,1,0,0,0.03,0.004,400000
4681,400,36.873,30,77,90,0,0,1,0.03,0.004,400000
4682,164,16.173,20,43,18,1,0,0,0.03,0.004,400000
4683,400,21.277,20,56,117,0,0,1,0.03,0.004,400000
4684,400,20.209,18,45,83,0,0,1,0.03,0.004,400000
4685,14,-10.613,0,5,4,1,0,0,0.03,0.004,400000
4686,400,14.682,13,37,36,0,0,1,0.03,0.004,400000
4687,47,-10.876,3,9,8,1,0,0,0.03,0.004,400000
4688,164,7.71,12,35,14,1,0,0,0.03,0.004,400000
4689,400,29.625,28,71,62,0,0,1,0.03,0.004,400000
4690,400,33.234,27,64,87,0,0,1,0.03,0.004,400000
4691,400,43.271,31,81,73,0,0,1,0.03,0.004,400000
4692,400,34.65,30,81,59,0,0,1,0.03,0.004,400000
4693,400,23.339,22,61,99,0,0,1,0.03,0.004,400000
4694,400,21.443,21,61,110,0,0,1,0.03,0.004,400000
4695,8,-11.401,0,2,3,1,0,0,0.03,0.004,400000
4696,7,-11.387,0,1,2,1,0,0,0.03,0.004,400000
4697,77,-5.274,5,14,16,1,0,0,0.03,0.004,400000
4698,108,-11.632,0,14,28,1,0,0,0.03,0.004,400000
4699,400,44.338,32,77,66,0,0,1,0.03,0.004,400000
4700,400,3.118,6,18,79,0,0,1,0.03,0.004,400000
4701,193,8.692,13,35,32,1,0,0,0.03,0.004,400000
4702,273,21.433,22,56,27,1,0,0,0.03,0.004,400000
4703,400,21.465,19,48,82,0,0,1,0.03,0.004,400000
4704,400,48.109,32,72,56,0,0,1,0.03,0.004,400000
4705,400,49.169,29,67,18,0,0,1,0.03,0.004,400000
4706,400,10.993,9,32,57,0,0,1,0.03,0.004,400000
4707,224,22.291,20,63,17,1,0,0,0.03,0.004,400000
4708,255,28.507,25,71,7,1,0,0,0.03,0.004,400000
4709,242,-19.812,0,3,14,1,0,0,0.03,0.004,400000
4710,159,-1.926,9,20,33,1,0,0,0.03,0.004,400000
4711,400,18.364,13,36,56,0,0,1,0.03,0.004,400000
4712,400,48.368,32,83,49,0,0,1,0.03,0.004,400000
4713,107,-1.574,7,30,14,1,0,0,0.03,0.004,400000
4714,400,41.331,24,61,28,0,0,1,0.03,0.004,400000
4715,400,10.976,7,24,17,0,0,1,0.03,0.004,400000
4716,260,9.107,14,36,23,1,0,0,0.03,0.004,400000
4717,42,-3.338,4,12,3,1,0,0,0.03,0.004,400000
4718,400,41.898,25,67,37,0,0,1,0.03,0.004,400000
4719,400,39.993,27,65,50,0,0,1,0.03,0.004,400000
4720,339,27.749,29,68,50,1,0,0,0.03,0.004,400000
4721,114,-3.037,7,18,19,1,0,0,0.03,0.004,400000
4722,400,43.498,28,76,59,0,0,1,0.03,0.004,400000
4723,400,36.24,26,65,68,0,0,1,0.03,0.004,400000
4724,224,2.566,12,29,42,1,0,0,0.03,0.004,400000
4725,86,5.066,12,31,4,1,0,0,0.03,0.004,400000
4726,51,-4.723,6,20,5,1,0,0,0.03,0.004,400000
4727,400,47.376,32,71,66,0,0,1,0.03,0.004,400000
4728,137,13.83,14,45,5,1,0,0,0.03,0.004,400000
4729,400,58.71,35,88,20,0,0,1,0.03,0.004,400000
4730,165,22.315,21,50,9,1,0,0,0.03,0.004,400000
4731,269,1.136,9,25,37,1,0,0,0.03,0.004,400000
4732,400,12.884,11,24,38,0,0,1,0.03,0.004,400000
4733,400,47.908,32,76,65,0,0,1,0.03,0.004,400000
4734,261,-7.98,4,21,61,1,0,0,0.03,0.004,400000
4735,378,12.005,12,37,37,1,0,0,0.03,0.004,400000
4736,400,49.808,34,80,49,0,0,1,0.03,0.004,400000
4737,197,-2.279,8,23,34,1,0,0,0.03,0.004,400000
4738,65,-8.385,4,10,19,1,0,0,0.03,0.004,400000
4739,359,17.687,22,60,81,1,0,0,0.03,0.004,400000
4740,97,-2.454,5,17,10,1,0,0,0.03,0.004,400000
4741,187,0.59,9,28,43,1,0,0,0.03,0.004,400000
4742,400,63.119,38,89,12,0,0,1,0.03,0.004,400000
4743,400,29.457,21,45,26,0,0,1,0.03,0.004,400000
4744,18,-11.521,1,7,2,1,0,0,0.03,0.004,400000
4745,60,-2.721,5,11,6,1,0,0,0.03,0.004,400000
4746,400,34.166,28,61,77,0,0,1,0.03,0.004,400000
4747,400,42.64,29,85,68,0,0,1,0.03,0.004,400000
4748,8,-15.437,0,4,6,1,0,0,0.03,0.004,400000
4749,400,24.875,20,55,100,0,0,1,0.03,0.004,400000
4750,116,-9.693,2,14,44,1,0,0,0.03,0.004,400000
4751,24,-11.98,1,7,7,1,0,0,0.03,0.004,400000
4752,400,23.716,20,38,75,0,0,1,0.03,0.004,400000
4753,400,46.489,31,76,34,0,0,1,0.03,0.004,400000
4754,400,36.598,27,57,66,0,0,1,0.03,0.004,400000
4755,400,54.072,34,83,44,0,0,1,0.03,0.004,400000
4756,31,-12.406,1,7,13,1,0,0,0.03,0.004,400000
4757,13,-16.606,0,4,9,1,0,0,0.03,0.004,400000
4758,400,58.496,37,91,31,0,0,1,0.03,0.004,400000
4759,400,15.946,14,43,66,0,0,1,0.03,0.004,400000
4760,400,30.338,22,64,73,0,0,1,0.03,0.004,400000
4761,167,4.017,13,38,37,1,0,0,0.03,0.004,400000
4762,72,-11.136,1,13,18,1,0,0,0.03,0.004,400000
4763,379,10.734,17,39,53,1,0,0,0.03,0.004,400000
4764,400,47.885,31,87,36,0,0,1,0.03,0.004,400000
4765,11,-10.061,0,2,5,1,0,0,0.03,0.004,400000
4766,400,53.861,37,84,61,0,0,1,0.03,0.004,400000
4767,400,18.102,14,35,41,0,0,1,0.03,0.004,400000
4768,349,17.892,17,58,49,1,0,0,0.03,0.004,400000
4769,220,-9.193,6,26,63,1,0,0,0.03,0.004,400000
4770,20,-11.019,1,9,3,1,0,0,0.03,0.004,400000
4771,296,14.556,19,57,61,1,0,0,0.03,0.004,400000
4772,400,25.542,23,51,101,0,0,1,0.03,0.004,400000
4773,100,6.965,11,39,6,1,0,0,0.03,0.004,400000
4774,400,45.832,31,73,49,0,0,1,0.03,0.004,400000
4775,400,54.869,37,96,50,0,0,1,0.03,0.004,400000
4776,400,41.26,24,70,46,0,0,1,0.03,0.004,400000
4777,325,34.877,30,74,41,1,0,0,0.03,0.004,400000
4778,400,25.077,21,60,89,0,0,1,0.03,0.004,400000
4779,400,5.659,7,15,35,0,0,1,0.03,0.004,400000
4780,21,-12.085,1,3,6,1,0,0,0.03,0.004,400000
4781,400,12.646,8,26,12,0,0,1,0.03,0.004,400000
4782,400,-3.887,0,6,7,0,0,1,0.03,0.004,400000
4783,119,5.529,11,29,8,1,0,0,0.03,0.004,400000
4784,33,-12.338,1,6,11,1,0,0,0.03,0.004,400000
4785,178,-3.754,9,22,35,1,0,0,0.03,0.004,400000
4786,400,23.433,16,34,13,0,0,1,0.03,0.004,400000
4787,96,9.5,15,32,2,1,0,0,0.03,0.004,400000
4788,400,31.837,17,40,32,0,0,1,0.03,0.004,400000
4789,309,24.087,22,57,26,1,0,0,0.03,0.004,400000
4790,31,-7.014,3,12,1,1,0,0,0.03,0.004,400000
4791,400,48.131,30,81,29,0,0,1,0.03,0.004,400000
4792,155,4.457,10,33,15,1,0,0,0.03,0.004,400000
4793,18,-9.353,2,6,1,1,0,0,0.03,0.004,400000
4794,400,12.921,12,19,14,0,0,1,0.03,0.004,400000
4795,127,2.017,7,20,6,1,0,0,0.03,0.004,400000
4796,313,14.436,16,54,27,1,0,0,0.03,0.004,400000
4797,5,-14.394,0,3,2,1,0,0,0.03,0.004,400000
4798,332,22.202,22,55,27,1,0,0,0.03,0.004,400000
4799,56,-3.758,7,16,7,1,0,0,0.03,0.004,400000
4800,400,35.14,19,52,29,0,0,1,0.03,0.004,400000
4801,400,54.011,30,76,5,0,0,1,0.03,0.004,400000
4802,400,37.151,23,60,4,0,0,1,0.03,0.004,400000
4803,400,19.194,9,33,9,0,0,1,0.03,0.004,400000
4804,400,54.177,32,75,5,0,0,1,0.03,0.004,400000
4805,400,51.373,32,68,18,0,0,1,0.03,0.004,400000
4806,202,16.707,16,57,1,1,0,0,0.03,0.004,400000
4807,400,21.958,5,14,2,0,0,1,0.03,0.004,400000
4808,400,8.246,3,18,5,0,0,1,0.03,0.004,400000
4809,400,-3.364,1,4,5,0,0,1,0.03,0.004,400000
4810,70,-2.233,7,15,2,1,0,0,0.03,0.004,400000
4811,132,17.034,16,40,1,1,0,0,0.03,0.004,400000
4812,246,-1.509,1,5,3,1,0,0,0.03,0.004,400000
4813,400,47.668,27,74,4,0,0,1,0.03,0.004,400000
4814,83,2.247,10,21,1,1,0,0,0.03,0.004,400000
4815,332,16.501,14,48,10,1,0,0,0.03,0.004,400000
4816,400,6.886,7,12,3,0,0,1,0.03,0.004,400000
4817,190,-17.201,0,3,4,1,0,0,0.03,0.004,400000
4818,400,34.104,16,62,4,0,0,1,0.03,0.004,400000
4819,400,-0.599,3,10,11,0,0,1,0.03,0.004,400000
4820,400,19.547,3,15,3,0,0,1,0.03,0.004,400000
4821,134,0.728,4,12,1,1,0,0,0.03,0.004,400000
4822,265,-18.69,0,2,6,1,0,0,0.03,0.004,400000
4823,149,-5.38,3,14,2,1,0,0,0.03,0.004,400000
4824,293,13.927,16,42,3,1,0,0,0.03,0.004,400000
4825,400,49.836,28,67,9,0,0,1,0.03,0.004,400000
4826,400,24.923,17,38,5,0,0,1,0.03,0.004,400000
4827,277,38.8,31,64,2,1,0,0,0.03,0.004,400000
4828,400,21.714,12,37,2,0,0,1,0.03,0.004,400000
4829,65,-3.568,6,23,4,1,0,0,0.03,0.004,400000
4830,82,0.667,8,28,1,1,0,0,0.03,0.004,400000
4831,18,-10.986,1,7,0,1,0,0,0.03,0.004,400000
4832,400,23.92,9,17,6,0,0,1,0.03,0.004,400000
4833,10,-14.972,0,3,8,1,0,0,0.03,0.004,400000
4834,87,-3.213,5,19,2,1,0,0,0.03,0.004,400000
4835,9,-14.957,0,3,7,1,0,0,0.03,0.004,400000
4836,33,-3.923,4,10,0,1,0,0,0.03,0.004,400000
4837,400,53.099,32,62,4,0,0,1,0.03,0.004,400000
4838,400,3.201,2,5,10,0,0,1,0.03,0.004,400000
4839,140,-1.128,9,23,17,1,0,0,0.03,0.004,400000
4840,400,56.448,32,78,2,0,0,1,0.03,0.004,400000
4841,219,-17.554,3,9,71,1,0,0,0.03,0.004,400000
4842,400,45.289,26,66,8,0,0,1,0.03,0.004,400000
4843,400,45.595,24,54,8,0,0,1,0.03,0.004,400000
4844,283,15.411,12,31,8,1,0,0,0.03,0.004,400000
4845,25,-11.636,1,8,8,1,0,0,0.03,0.004,400000
4846,400,16.748,11,31,13,0,0,1,0.03,0.004,400000
4847,400,27.573,14,27,4,0,0,1,0.03,0.004,400000
4848,33,-7.89,4,10,6,1,0,0,0.03,0.004,400000
4849,400,37.642,22,54,7,0,0,1,0.03,0.004,400000
4850,350,35.68,27,72,15,1,0,0,0.03,0.004,400000
4851,400,60.032,36,76,3,0,0,1,0.03,0.004,400000
4852,93,-2.644,5,16,5,1,0,0,0.03,0.004,400000
4853,18,-15.98,0,2,15,1,0,0,0.03,0.004,400000
4854,400,28.125,10,34,9,0,0,1,0.03,0.004,400000
4855,13,-15.508,0,3,11,1,0,0,0.03,0.004,400000
4856,202,17.454,16,46,4,1,0,0,0.03,0.004,400000
4857,400,29.913,18,52,4,0,0,1,0.03,0.004,400000
4858,400,-3.215,1,6,1,0,0,1,0.03,0.004,400000
4859,400,49.517,32,73,10,0,0,1,0.03,0.004,400000
4860,79,-6.046,4,17,3,1,0,0,0.03,0.004,400000
4861,312,4.924,12,28,11,1,0,0,0.03,0.004,400000
4862,253,1.278,1,10,7,1,0,0,0.03,0.004,400000
4863,32,-11.072,2,7,4,1,0,0,0.03,0.004,400000
4864,94,-5.25,4,15,4,1,0,0,0.03,0.004,400000
4865,217,10.409,15,46,5,1,0,0,0.03,0.004,400000
4866,199,-17.609,0,3,6,1,0,0,0.03,0.004,400000
4867,400,43.74,23,51,4,0,0,1,0.03,0.004,400000
4868,289,-1.786,8,13,5,1,0,0,0.03,0.004,400000
4869,5,-14.192,0,4,1,1,0,0,0.03,0.004,400000
4870,358,20.814,19,37,3,1,0,0,0.03,0.004,400000
4871,37,-14.85,0,3,2,1,0,0,0.03,0.004,400000
4872,400,14.469,6,17,3,0,0,1,0.03,0.004,400000
4873,400,44.663,30,66,9,0,0,1,0.03,0.004,400000
4874,400,44.108,28,65,4,0,0,1,0.03,0.004,400000
4875,400,17.285,7,19,5,0,0,1,0.03,0.004,400000
4876,400,62.761,35,100,3,0,0,1,0.03,0.004,400000
4877,400,30.25,17,63,1,0,0,1,0.03,0.004,400000
4878,23,-14.678,0,3,2,1,0,0,0.03,0.004,400000
4879,330,45.222,33,86,3,1,0,0,0.03,0.004,400000
4880,400,51.911,30,83,3,0,0,1,0.03,0.004,400000
4881,400,37.671,20,54,5,0,0,1,0.03,0.004,400000
4882,18,-10.328,2,5,2,1,0,0,0.03,0.004,400000
4883,101,8.524,10,36,0,1,0,0,0.03,0.004,400000
4884,18,-9.878,2,9,2,1,0,0,0.03,0.004,400000
4885,359,55.874,39,98,7,1,0,0,0.03,0.004,400000
4886,74,-3.501,6,13,3,1,0,0,0.03,0.004,400000
4887,400,47.044,25,69,5,0,0,1,0.03,0.004,400000
4888,29,-6.066,1,11,1,1,0,0,0.03,0.004,400000
4889,28,-8.974,2,6,1,1,0,0,0.03,0.004,400000
4890,329,25.905,20,54,3,1,0,0,0.03,0.004,400000
4891,400,4.776,3,9,2,0,0,1,0.03,0.004,400000
4892,400,38.999,22,58,4,0,0,1,0.03,0.004,400000
4893,400,-5.097,0,2,4,0,0,1,0.03,0.004,400000
4894,338,17.137,17,47,7,1,0,0,0.03,0.004,400000
4895,400,41.161,23,59,5,0,0,1,0.03,0.004,400000
4896,400,17.778,9,25,6,0,0,1,0.03,0.004,400000
4897,74,1.002,6,37,5,1,0,0,0.03,0.004,400000
4898,400,13.591,11,28,6,0,0,1,0.03,0.004,400000
4899,400,36.796,23,47,4,0,0,1,0.03,0.004,400000
4900,60,-4.227,3,8,2,1,0,0,0.03,0.004,400000
4901,338,24.44,20,56,4,1,0,0,0.03,0.004,400000
4902,331,43.964,31,77,5,1,0,0,0.03,0.004,400000
4903,17,-10.345,1,7,1,1,0,0,0.03,0.004,400000
4904,400,55.628,33,82,2,0,0,1,0.03,0.004,400000
4905,400,4.894,4,20,6,0,0,1,0.03,0.004,400000
4906,400,-4.78,0,6,7,0,0,1,0.03,0.004,400000
4907,400,31.528,21,53,5,0,0,1,0.03,0.004,400000
4908,221,27.751,24,68,2,1,0,0,0.03,0.004,400000
4909,400,41.505,26,59,1,0,0,1,0.03,0.004,400000
4910,125,12.956,13,38,1,1,0,0,0.03,0.004,400000
4911,173,19.776,21,49,3,1,0,0,0.03,0.004,400000
4912,152,10.531,14,38,6,1,0,0,0.03,0.004,400000
4913,179,-2.384,2,10,2,1,0,0,0.03,0.004,400000
4914,400,30.912,15,48,5,0,0,1,0.03,0.004,400000
4915,359,39.131,30,83,3,1,0,0,0.03,0.004,400000
4916,400,42.886,27,61,3,0,0,1,0.03,0.004,400000
4917,400,38.665,23,69,6,0,0,1,0.03,0.004,400000
4918,330,12.699,10,31,5,1,0,0,0.03,0.004,400000
4919,400,-4.262,0,6,3,0,0,1,0.03,0.004,400000
4920,400,17.766,12,31,4,0,0,1,0.03,0.004,400000
4921,69,-15.806,0,0,2,1,0,0,0.03,0.004,400000
4922,299,12.004,14,41,5,1,0,0,0.03,0.004,400000
4923,38,-9.96,2,8,3,1,0,0,0.03,0.004,400000
4924,400,37.091,21,51,3,0,0,1,0.03,0.004,400000
4925,53,0.326,6,17,1,1,0,0,0.03,0.004,400000
4926,400,20.734,10,31,7,0,0,1,0.03,0.004,400000
4927,400,51.254,27,78,4,0,0,1,0.03,0.004,400000
4928,25,-9.975,1,8,1,1,0,0,0.03,0.004,400000
4929,174,-6.409,1,13,3,1,0,0,0.03,0.004,400000
4930,400,35.97,23,59,2,0,0,1,0.03,0.004,400000
4931,400,20.989,14,38,7,0,0,1,0.03,0.004,400000
4932,400,56.644,37,79,4,0,0,1,0.03,0.004,400000
4933,48,-15.187,0,3,4,1,0,0,0.03,0.004,400000
4934,400,-4.822,0,2,1,0,0,1,0.03,0.004,400000
4935,5,-14.321,0,4,2,1,0,0,0.03,0.004,400000
4936,15,-14.537,0,3,2,1,0,0,0.03,0.004,400000
4937,400,0.725,3,11,8,0,0,1,0.03,0.004,400000
4938,45,-6.893,4,11,2,1,0,0,0.03,0.004,400000
4939,109,4.638,8,29,1,1,0,0,0.03,0.004,400000
4940,8,-9.667,0,2,0,1,0,0,0.03,0.004,400000
4941,17,-10.014,1,7,2,1,0,0,0.03,0.004,400000
4942,199,-1.023,7,14,0,1,0,0,0.03,0.004,400000
4943,141,16.232,16,38,3,1,0,0,0.03,0.004,400000
4944,400,-0.19,5,24,6,1,0,0,0.03,0.004,400000
4945,269,9.66,11,41,5,1,0,0,0.03,0.004,400000
4946,400,54.857,31,80,5,0,0,1,0.03,0.004,400000
4947,298,39.948,30,71,4,1,0,0,0.03,0.004,400000
4948,281,29.973,23,64,2,1,0,0,0.03,0.004,400000
4949,400,68.361,42,97,7,0,0,1,0.03,0.004,400000
4950,400,4.135,3,10,1,0,0,1,0.03,0.004,400000
4951,76,-4.865,4,19,1,1,0,0,0.03,0.004,400000
4952,400,9.772,8,25,1,0,0,1,0.03,0.004,400000
4953,36,-6.571,2,9,2,1,0,0,0.03,0.004,400000
4954,120,5.366,11,35,4,1,0,0,0.03,0.004,400000
4955,387,15.828,13,34,8,1,0,0,0.03,0.004,400000
4956,400,52.302,32,76,4,0,0,1,0.03,0.004,400000
4957,400,45.777,30,66,6,0,0,1,0.03,0.004,400000
4958,400,45.051,27,65,4,0,0,1,0.03,0.004,400000
4959,400,21.69,8,25,9,0,0,1,0.03,0.004,400000
4960,175,12.761,14,50,1,1,0,0,0.03,0.004,400000
4961,400,42.231,26,62,5,0,0,1,0.03,0.004,400000
4962,400,68.686,42,95,5,0,0,1,0.03,0.004,400000
4963,155,20.591,20,41,3,1,0,0,0.03,0.004,400000
4964,85,-5.761,2,16,1,1,0,0,0.03,0.004,400000
4965,400,41.359,25,69,2,0,0,1,0.03,0.004,400000
4966,171,-1.91,3,11,2,1,0,0,0.03,0.004,400000
4967,400,53.318,34,73,3,0,0,1,0.03,0.004,400000
4968,6,-9.665,0,1,0,1,0,0,0.03,0.004,400000
4969,211,3.863,11,31,7,1,0,0,0.03,0.004,400000
4970,400,35.243,19,50,3,0,0,1,0.03,0.004,400000
4971,400,59.994,39,73,3,0,0,1,0.03,0.004,400000
4972,400,13.809,13,26,7,0,0,1,0.03,0.004,400000
4973,322,-2.893,10,20,7,1,0,0,0.03,0.004,400000
4974,283,3.141,9,27,5,1,0,0,0.03,0.004,400000
4975,234,12.128,13,32,4,1,0,0,0.03,0.004,400000
4976,75,-1.998,7,22,3,1,0,0,0.03,0.004,400000
4977,278,21.533,20,61,1,1,0,0,0.03,0.004,400000
4978,213,0.593,4,18,6,1,0,0,0.03,0.004,400000
4979,400,1.25,2,10,4,0,0,1,0.03,0.004,400000
4980,400,54.132,35,76,5,0,0,1,0.03,0.004,400000
4981,32,-8.232,3,11,1,1,0,0,0.03,0.004,400000
4982,400,30.052,20,46,1,0,0,1,0.03,0.004,400000
4983,400,49.557,27,65,3,0,0,1,0.03,0.004,400000
4984,400,29.059,18,46,2,0,0,1,0.03,0.004,400000
4985,61,-1.864,7,21,2,1,0,0,0.03,0.004,400000
4986,284,33.263,28,55,3,1,0,0,0.03,0.004,400000
4987,400,49.154,29,78,2,0,0,1,0.03,0.004,400000
4988,400,-5.724,0,0,7,0,0,1,0.03,0.004,400000
4989,400,-1.752,2,13,5,0,0,1,0.03,0.004,400000
4990,400,17.521,8,19,8,0,0,1,0.03,0.004,400000
4991,400,28.48,16,44,7,0,0,1,0.03,0.004,400000
4992,400,30.63,19,43,6,0,0,1,0.03,0.004,400000
4993,210,30.57,26,58,1,1,0,0,0.03,0.004,400000
4994,275,24.733,19,44,1,1,0,0,0.03,0.004,400000
4995,260,34.053,27,69,3,1,0,0,0.03,0.004,400000
4996,400,-0.205,3,12,6,0,0,1,0.03,0.004,400000
4997,400,18.212,13,48,3,0,0,1,0.03,0.004,400000
4998,400,-1.26,2,9,4,0,0,1,0.03,0.004,400000
4999,385,29.478,22,61,1,1,0,0,0.03,0.004,400000
5000,38,-15.896,0,1,2,1,0,0,0.03,0.004,400000
5001,252,-7.487,3,13,2,1,0,0,0.03,0.004,400000
5002,339,-2.246,6,13,4,1,0,0,0.03,0.004,400000
5003,400,-4.978,2,16,2,0,0,1,0.03,0.004,400000
5004,400,14.882,11,37,5,0,0,1,0.03,0.004,400000
5005,400,32.648,23,54,4,0,0,1,0.03,0.004,400000
5006,400,24.553,16,44,4,0,0,1,0.03,0.004,400000
5007,51,-4.23,6,14,2,1,0,0,0.03,0.004,400000
5008,400,35.402,20,51,4,0,0,1,0.03,0.004,400000
5009,240,24.113,23,48,4,1,0,0,0.03,0.004,400000
5010,289,38.163,30,77,2,1,0,0,0.03,0.004,400000
5011,400,32.312,22,42,4,0,0,1,0.03,0.004,400000
5012,400,0.374,2,15,4,0,0,1,0.03,0.004,400000
5013,400,36.519,22,63,7,0,0,1,0.03,0.004,400000
5014,261,-2.841,2,10,4,1,0,0,0.03,0.004,400000
5015,400,39.446,25,63,4,0,0,1,0.03,0.004,400000
5016,348,10.51,15,44,6,1,0,0,0.03,0.004,400000
5017,400,36.386,22,54,5,0,0,1,0.03,0.004,400000
5018,158,-8.235,1,10,2,1,0,0,0.03,0.004,400000
5019,400,-5.247,0,2,7,0,0,1,0.03,0.004,400000
5020,400,39.626,26,60,4,0,0,1,0.03,0.004,400000
5021,39,-6.9,3,12,1,1,0,0,0.03,0.004,400000
5022,292,-5.809,5,11,4,1,0,0,0.03,0.004,400000
5023,136,7.047,10,17,2,1,0,0,0.03,0.004,400000
5024,29,-15.587,0,3,2,1,0,0,0.03,0.004,400000
5025,385,26.879,21,55,1,1,0,0,0.03,0.004,400000
5026,65,-9.699,2,8,1,1,0,0,0.03,0.004,400000
5027,288,4.199,12,34,6,1,0,0,0.03,0.004,400000
5028,400,66.536,40,98,4,0,0,1,0.03,0.004,400000
5029,159,0.41,6,18,2,1,0,0,0.03,0.004,400000
5030,400,55.929,31,62,5,0,0,1,0.03,0.004,400000
5031,40,-15.813,0,2,2,1,0,0,0.03,0.004,400000
5032,385,31.061,25,54,3,1,0,0,0.03,0.004,400000
5033,400,59.791,39,85,4,0,0,1,0.03,0.004,400000
5034,155,-17.572,0,2,3,1,0,0,0.03,0.004,400000
5035,13,-15.309,0,3,2,1,0,0,0.03,0.004,400000
5036,199,22.767,21,46,2,1,0,0,0.03,0.004,400000
5037,80,1.137,5,25,0,1,0,0,0.03,0.004,400000
5038,400,10.992,3,9,9,0,0,1,0.03,0.004,400000
5039,98,-0.29,6,36,2,1,0,0,0.03,0.004,400000
5040,30,-6.208,2,8,5,1,0,0,0.03,0.004,400000
5041,80,0.176,8,27,5,1,0,0,0.03,0.004,400000
5042,249,-8.376,1,9,2,1,0,0,0.03,0.004,400000
5043,287,18.977,19,54,20,1,0,0,0.03,0.004,400000
5044,400,42.682,32,59,15,0,0,1,0.03,0.004,400000
5045,67,-17.288,0,2,1,1,0,0,0.03,0.004,400000
5046,14,-15.573,0,3,2,1,0,0,0.03,0.004,400000
5047,400,35.238,24,57,59,0,0,1,0.03,0.004,400000
5048,17,-16.335,0,3,12,1,0,0,0.03,0.004,400000
5049,98,5.133,10,31,13,1,0,0,0.03,0.004,400000
5050,400,55.123,37,77,36,0,0,1,0.03,0.004,400000
5051,400,52.715,35,84,46,0,0,1,0.03,0.004,400000
5052,400,47.314,32,71,46,0,0,1,0.03,0.004,400000
5053,271,12.986,18,48,54,1,0,0,0.03,0.004,400000
5054,20,-16.568,0,2,12,1,0,0,0.03,0.004,400000
5055,128,7.982,14,34,10,1,0,0,0.03,0.004,400000
5056,293,15.948,18,54,41,1,0,0,0.03,0.004,400000
5057,400,46.726,32,70,37,0,0,1,0.03,0.004,400000
5058,111,-4.959,5,14,26,1,0,0,0.03,0.004,400000
5059,238,23.193,22,56,23,1,0,0,0.03,0.004,400000
5060,342,23.86,23,63,49,1,0,0,0.03,0.004,400000
5061,134,4.903,12,30,14,1,0,0,0.03,0.004,400000
5062,10,-15.736,0,4,7,1,0,0,0.03,0.004,400000
5063,400,56.552,37,90,31,0,0,1,0.03,0.004,400000
5064,17,-16.456,0,3,13,1,0,0,0.03,0.004,400000
5065,400,31.068,20,45,13,0,0,1,0.03,0.004,400000
5066,400,40.935,29,74,67,0,0,1,0.03,0.004,400000
5067,7,-15.473,0,3,5,1,0,0,0.03,0.004,400000
5068,381,34.632,31,73,46,1,0,0,0.03,0.004,400000
5069,400,59.544,40,86,50,0,0,1,0.03,0.004,400000
5070,46,-6.272,3,17,2,1,0,0,0.03,0.004,400000
5071,51,-7.589,3,13,9,1,0,0,0.03,0.004,400000
5072,400,34.081,27,71,79,0,0,1,0.03,0.004,400000
5073,400,14.281,11,35,40,0,0,1,0.03,0.004,400000
5074,9,-15.701,0,3,7,1,0,0,0.03,0.004,400000
5075,400,30.561,24,66,69,0,0,1,0.03,0.004,400000
5076,400,41.484,31,67,65,0,0,1,0.03,0.004,400000
5077,33,-8.676,2,9,2,1,0,0,0.03,0.004,400000
5078,9,-14.642,0,4,4,1,0,0,0.03,0.004,400000
5079,400,41.524,30,76,70,0,0,1,0.03,0.004,400000
5080,239,12.419,19,47,39,1,0,0,0.03,0.004,400000
5081,47,-4.649,4,24,1,1,0,0,0.03,0.004,400000
5082,7,-14.843,0,2,4,1,0,0,0.03,0.004,400000
5083,164,-5.847,7,17,41,1,0,0,0.03,0.004,400000
5084,400,59.151,37,91,28,0,0,1,0.03,0.004,400000
5085,283,4.246,12,45,63,1,0,0,0.03,0.004,400000
5086,305,31.296,28,75,44,1,0,0,0.03,0.004,400000
5087,112,4.552,8,39,20,1,0,0,0.03,0.004,400000
5088,292,14.927,20,55,54,1,0,0,0.03,0.004,400000
5089,400,39.846,27,68,36,0,0,1,0.03,0.004,400000
5090,329,30.801,28,61,37,1,0,0,0.03,0.004,400000
5091,400,32.763,22,58,29,0,0,1,0.03,0.004,400000
5092,302,17.432,22,57,40,1,0,0,0.03,0.004,400000
5093,97,13.873,15,36,0,1,0,0,0.03,0.004,400000
5094,246,33.017,28,72,15,1,0,0,0.03,0.004,400000
5095,400,61.725,38,98,29,0,0,1,0.03,0.004,400000
5096,400,49.13,32,80,46,0,0,1,0.03,0.004,400000
5097,326,36.015,30,72,17,1,0,0,0.03,0.004,400000
5098,400,38.925,28,59,45,0,0,1,0.03,0.004,400000
5099,388,-4.428,5,13,10,1,0,0,0.03,0.004,400000
5100,400,39.91,29,69,67,0,0,1,0.03,0.004,400000
5101,31,-11.236,1,8,8,1,0,0,0.03,0.004,400000
5102,66,-5.012,4,9,7,1,0,0,0.03,0.004,400000
5103,400,52.734,35,77,21,0,0,1,0.03,0.004,400000
5104,98,-3.335,4,22,4,1,0,0,0.03,0.004,400000
5105,35,-5.377,2,11,1,1,0,0,0.03,0.004,400000
5106,119,0.675,7,21,12,1,0,0,0.03,0.004,400000
5107,300,26.404,24,53,15,1,0,0,0.03,0.004,400000
5108,137,-4.496,5,18,30,1,0,0,0.03,0.004,400000
5109,400,41.193,28,71,31,0,0,1,0.03,0.004,400000
5110,400,39.754,28,66,58,0,0,1,0.03,0.004,400000
5111,400,40.014,27,56,22,0,0,1,0.03,0.004,400000
5112,400,15.471,11,28,28,0,0,1,0.03,0.004,400000
5113,156,16.537,18,42,2,1,0,0,0.03,0.004,400000
5114,400,27.294,19,50,21,0,0,1,0.03,0.004,400000
5115,20,-6.564,2,8,1,1,0,0,0.03,0.004,400000
5116,55,-4.81,6,12,5,1,0,0,0.03,0.004,400000
5117,400,52.186,34,74,22,0,0,1,0.03,0.004,400000
5118,400,38.246,25,63,25,0,0,1,0.03,0.004,400000
5119,107,2.0,8,20,10,1,0,0,0.03,0.004,400000
5120,321,37.422,31,73,21,1,0,0,0.03,0.004,400000
5121,400,44.004,33,65,68,0,0,1,0.03,0.004,400000
5122,193,20.223,23,58,14,1,0,0,0.03,0.004,400000
5123,400,55.788,34,93,32,0,0,1,0.03,0.004,400000
5124,400,47.582,32,76,51,0,0,1,0.03,0.004,400000
5125,126,6.597,13,36,11,1,0,0,0.03,0.004,400000
5126,400,27.51,22,62,66,0,0,1,0.03,0.004,400000
5127,146,-18.131,0,2,3,1,0,0,0.03,0.004,400000
5128,31,-7.72,2,14,2,1,0,0,0.03,0.004,400000
5129,400,28.56,20,48,5,0,0,1,0.03,0.004,400000
5130,181,-2.367,5,15,9,1,0,0,0.03,0.004,400000
5131,153,16.318,20,47,2,1,0,0,0.03,0.004,400000
5132,7,-9.527,0,3,0,1,0,0,0.03,0.004,400000
5133,400,16.365,12,31,29,0,0,1,0.03,0.004,400000
5134,352,17.45,21,50,41,1,0,0,0.03,0.004,400000
5135,400,34.491,23,47,7,0,0,1,0.03,0.004,400000
5136,400,33.227,20,56,48,0,0,1,0.03,0.004,400000
5137,400,42.806,24,57,33,0,0,1,0.03,0.004,400000
5138,261,23.123,24,61,26,1,0,0,0.03,0.004,400000
5139,38,-3.846,7,12,2,1,0,0,0.03,0.004,400000
5140,113,-14.91,0,7,3,1,0,0,0.03,0.004,400000
5141,400,42.654,27,76,42,0,0,1,0.03,0.004,400000
5142,39,-7.016,4,11,1,1,0,0,0.03,0.004,400000
5143,381,30.928,25,60,11,1,0,0,0.03,0.004,400000
5144,120,-0.999,7,21,5,1,0,0,0.03,0.004,400000
5145,400,-0.76,3,7,19,0,0,1,0.03,0.004,400000
5146,275,30.666,26,79,15,1,0,0,0.03,0.004,400000
5147,40,-14.636,0,7,15,1,0,0,0.03,0.004,400000
5148,400,-5.143,0,6,16,0,0,1,0.03,0.004,400000
5149,400,21.542,6,18,7,0,0,1,0.03,0.004,400000
5150,400,52.719,34,87,44,0,0,1,0.03,0.004,400000
5151,400,-0.52,1,8,16,0,0,1,0.03,0.004,400000
5152,400,34.359,17,46,19,0,0,1,0.03,0.004,400000
5153,400,-5.797,0,5,13,0,0,1,0.03,0.004,400000
5154,5,-14.495,0,3,2,1,0,0,0.03,0.004,400000
5155,400,52.913,35,87,40,0,0,1,0.03,0.004,400000
5156,400,50.652,33,77,33,0,0,1,0.03,0.004,400000
5157,400,53.217,32,86,10,0,0,1,0.03,0.004,400000
5158,183,-5.239,3,7,1,1,0,0,0.03,0.004,400000
5159,249,24.016,21,60,24,1,0,0,0.03,0.004,400000
5160,14,-14.73,0,1,10,1,0,0,0.03,0.004,400000
5161,400,18.272,12,31,8,0,0,1,0.03,0.004,400000
5162,400,58.076,34,97,10,0,0,1,0.03,0.004,400000
5163,400,42.847,29,67,28,0,0,1,0.03,0.004,400000
5164,85,-7.772,1,10,14,1,0,0,0.03,0.004,400000
5165,263,37.334,31,71,6,1,0,0,0.03,0.004,400000
5166,163,-8.338,4,12,40,1,0,0,0.03,0.004,400000
5167,400,2.489,6,15,29,0,0,1,0.03,0.004,400000
5168,113,7.773,13,38,10,1,0,0,0.03,0.004,400000
5169,58,-2.893,7,19,4,1,0,0,0.03,0.004,400000
5170,400,53.006,35,85,48,0,0,1,0.03,0.004,400000
5171,400,52.031,33,83,29,0,0,1,0.03,0.004,400000
5172,152,2.431,8,25,10,1,0,0,0.03,0.004,400000
5173,66,-4.435,4,15,14,1,0,0,0.03,0.004,400000
5174,400,21.879,16,40,35,0,0,1,0.03,0.004,400000
5175,400,29.458,17,56,30,0,0,1,0.03,0.004,400000
5176,121,-3.477,6,24,18,1,0,0,0.03,0.004,400000
5177,400,39.675,26,73,44,0,0,1,0.03,0.004,400000
5178,400,48.42,31,78,21,0,0,1,0.03,0.004,400000
5179,400,51.112,34,82,18,0,0,1,0.03,0.004,400000
5180,400,58.413,39,92,41,0,0,1,0.03,0.004,400000
5181,141,13.258,14,39,6,1,0,0,0.03,0.004,400000
5182,105,1.909,10,16,10,1,0,0,0.03,0.004,400000
5183,400,34.52,22,63,22,0,0,1,0.03,0.004,400000
5184,400,31.031,21,50,41,0,0,1,0.03,0.004,400000
5185,37,-10.763,2,8,13,1,0,0,0.03,0.004,400000
5186,400,-5.44,0,0,2,0,0,1,0.03,0.004,400000
5187,55,-15.187,0,3,3,1,0,0,0.03,0.004,400000
5188,311,30.647,25,66,20,1,0,0,0.03,0.004,400000
5189,51,-1.115,6,11,1,1,0,0,0.03,0.004,400000
5190,400,30.346,20,52,6,0,0,1,0.03,0.004,400000
5191,400,28.508,20,45,13,0,0,1,0.03,0.004,400000
5192,46,-2.875,4,16,3,1,0,0,0.03,0.004,400000
5193,400,54.468,37,87,37,0,0,1,0.03,0.004,400000
5194,400,4.883,6,17,25,0,0,1,0.03,0.004,400000
5195,81,-2.009,4,14,1,1,0,0,0.03,0.004,400000
5196,400,52.698,34,83,40,0,0,1,0.03,0.004,400000
5197,400,48.256,33,70,26,0,0,1,0.03,0.004,400000
5198,384,40.764,31,86,31,1,0,0,0.03,0.004,400000
5199,157,15.579,20,49,19,1,0,0,0.03,0.004,400000
5200,400,53.381,33,91,38,0,0,1,0.03,0.004,400000
5201,317,16.067,11,36,8,1,0,0,0.03,0.004,400000
5202,400,52.451,36,78,38,0,0,1,0.03,0.004,400000
5203,257,19.615,19,58,15,1,0,0,0.03,0.004,400000
5204,235,33.049,26,66,6,1,0,0,0.03,0.004,400000
5205,31,-7.96,1,4,5,1,0,0,0.03,0.004,400000
5206,166,15.91,16,33,4,1,0,0,0.03,0.004,400000
5207,400,38.4,28,58,24,0,0,1,0.03,0.004,400000
5208,400,30.26,19,49,22,0,0,1,0.03,0.004,400000
5209,90,-4.462,5,23,13,1,0,0,0.03,0.004,400000
5210,25,-9.58,2,10,2,1,0,0,0.03,0.004,400000
5211,21,-11.012,1,5,3,1,0,0,0.03,0.004,400000
5212,139,9.033,15,35,12,1,0,0,0.03,0.004,400000
5213,311,-7.206,3,12,13,1,0,0,0.03,0.004,400000
5214,400,49.804,31,65,36,0,0,1,0.03,0.004,400000
5215,295,14.182,16,43,34,1,0,0,0.03,0.004,400000
5216,110,-16.071,0,3,3,1,0,0,0.03,0.004,400000
5217,39,-4.138,5,17,2,1,0,0,0.03,0.004,400000
5218,400,54.109,35,86,31,0,0,1,0.03,0.004,400000
5219,400,55.845,34,89,21,0,0,1,0.03,0.004,400000
5220,400,25.461,18,46,23,0,0,1,0.03,0.004,400000
5221,169,9.809,13,46,22,1,0,0,0.03,0.004,400000
5222,374,32.916,30,81,48,1,0,0,0.03,0.004,400000
5223,91,-7.049,3,13,31,1,0,0,0.03,0.004,400000
5224,400,53.632,36,85,40,0,0,1,0.03,0.004,400000
5225,370,37.79,33,78,30,1,0,0,0.03,0.004,400000
5226,400,8.346,8,16,22,0,0,1,0.03,0.004,400000
5227,14,-8.893,0,4,0,1,0,0,0.03,0.004,400000
5228,215,19.341,21,55,15,1,0,0,0.03,0.004,400000
5229,400,64.407,41,104,38,0,0,1,0.03,0.004,400000
5230,50,-3.278,4,13,1,1,0,0,0.03,0.004,400000
5231,79,-7.698,1,9,1,1,0,0,0.03,0.004,400000
5232,400,42.082,27,70,23,0,0,1,0.03,0.004,400000
5233,400,9.183,10,31,53,0,0,1,0.03,0.004,400000
5234,52,-5.384,6,14,3,1,0,0,0.03,0.004,400000
5235,10,-9.997,0,2,4,1,0,0,0.03,0.004,400000
5236,8,-9.719,0,2,2,1,0,0,0.03,0.004,400000
5237,400,44.763,28,76,26,0,0,1,0.03,0.004,400000
5238,26,-11.899,1,6,5,1,0,0,0.03,0.004,400000
5239,230,14.383,16,45,23,1,0,0,0.03,0.004,400000
5240,400,48.474,31,77,31,0,0,1,0.03,0.004,400000
5241,400,15.712,12,31,21,0,0,1,0.03,0.004,400000
5242,113,-3.936,5,22,31,1,0,0,0.03,0.004,400000
5243,400,54.945,35,92,48,0,0,1,0.03,0.004,400000
5244,380,52.854,40,95,13,1,0,0,0.03,0.004,400000
5245,65,-1.853,7,25,3,1,0,0,0.03,0.004,400000
5246,136,2.531,7,26,13,1,0,0,0.03,0.004,400000
5247,400,41.82,25,72,31,0,0,1,0.03,0.004,400000
5248,400,38.713,26,70,46,0,0,1,0.03,0.004,400000
5249,255,22.813,22,57,24,1,0,0,0.03,0.004,400000
5250,92,2.519,9,25,4,1,0,0,0.03,0.004,400000
5251,19,-7.408,1,6,0,1,0,0,0.03,0.004,400000
5252,400,11.745,11,30,50,0,0,1,0.03,0.004,400000
5253,400,60.053,38,97,37,0,0,1,0.03,0.004,400000
5254,400,56.068,34,84,17,0,0,1,0.03,0.004,400000
5255,81,-7.089,2,12,18,1,0,0,0.03,0.004,400000
5256,400,56.426,36,92,35,0,0,1,0.03,0.004,400000
5257,400,52.474,33,81,7,0,0,1,0.03,0.004,400000
5258,128,2.048,7,23,1,1,0,0,0.03,0.004,400000
5259,400,53.263,35,80,23,0,0,1,0.03,0.004,400000
5260,400,-7.832,0,6,40,0,0,1,0.03,0.004,400000
5261,257,6.055,15,39,43,1,0,0,0.03,0.004,400000
5262,48,-8.887,4,7,8,1,0,0,0.03,0.004,400000
5263,400,57.226,36,97,41,0,0,1,0.03,0.004,400000
5264,192,-17.559,0,2,5,1,0,0,0.03,0.004,400000
5265,172,24.054,21,52,1,1,0,0,0.03,0.004,400000
5266,89,1.483,10,28,9,1,0,0,0.03,0.004,400000
5267,400,32.292,21,55,41,0,0,1,0.03,0.004,400000
5268,219,17.949,20,50,13,1,0,0,0.03,0.004,400000
5269,400,6.046,9,26,47,0,0,1,0.03,0.004,400000
5270,36,-9.052,2,7,3,1,0,0,0.03,0.004,400000
5271,400,38.619,24,61,13,0,0,1,0.03,0.004,400000
5272,151,-0.711,7,25,5,1,0,0,0.03,0.004,400000
5273,400,19.919,13,35,15,0,0,1,0.03,0.004,400000
5274,308,33.185,26,78,16,1,0,0,0.03,0.004,400000
5275,158,-5.456,5,25,16,1,0,0,0.03,0.004,400000
5276,127,0.229,7,35,18,1,0,0,0.03,0.004,400000
5277,400,21.013,14,36,7,0,0,1,0.03,0.004,400000
5278,75,-8.759,2,6,15,1,0,0,0.03,0.004,400000
5279,400,41.291,23,61,11,0,0,1,0.03,0.004,400000
5280,400,29.235,20,54,21,0,0,1,0.03,0.004,400000
5281,315,20.079,20,53,26,1,0,0,0.03,0.004,400000
5282,400,13.959,6,16,13,0,0,1,0.03,0.004,400000
5283,400,15.112,12,33,20,0,0,1,0.03,0.004,400000
5284,400,44.225,31,77,55,0,0,1,0.03,0.004,400000
5285,400,48.144,31,73,17,0,0,1,0.03,0.004,400000
5286,236,-0.66,10,25,35,1,0,0,0.03,0.004,400000
5287,11,-15.1,0,3,8,1,0,0,0.03,0.004,400000
5288,400,23.08,18,40,34,0,0,1,0.03,0.004,400000
5289,400,33.687,22,50,59,0,0,1,0.03,0.004,400000
5290,50,-2.809,7,14,4,1,0,0,0.03,0.004,400000
5291,200,12.762,14,41,10,1,0,0,0.03,0.004,400000
5292,17,-15.806,0,3,13,1,0,0,0.03,0.004,400000
5293,224,14.124,16,41,14,1,0,0,0.03,0.004,400000
5294,7,-14.793,0,2,4,1,0,0,0.03,0.004,400000
5295,400,43.476,26,72,17,0,0,1,0.03,0.004,400000
5296,356,40.559,34,84,28,1,0,0,0.03,0.004,400000
5297,382,16.444,21,50,65,1,0,0,0.03,0.004,400000
5298,213,3.573,14,35,57,1,0,0,0.03,0.004,400000
5299,400,20.183,20,65,123,0,0,1,0.03,0.004,400000
5300,330,29.454,31,71,52,1,0,0,0.03,0.004,400000
5301,400,-9.858,3,14,150,0,0,1,0.03,0.004,400000
5302,392,30.716,28,76,51,1,0,0,0.03,0.004,400000
5303,13,-15.248,0,3,9,1,0,0,0.03,0.004,400000
5304,7,-14.593,0,4,4,1,0,0,0.03,0.004,400000
5305,400,42.808,31,82,55,0,0,1,0.03,0.004,400000
5306,400,47.765,33,86,66,0,0,1,0.03,0.004,400000
5307,226,-0.406,9,24,45,1,0,0,0.03,0.004,400000
5308,400,45.009,30,72,29,0,0,1,0.03,0.004,400000
5309,238,16.15,17,63,30,1,0,0,0.03,0.004,400000
5310,400,50.229,34,79,40,0,0,1,0.03,0.004,400000
5311,7,-14.463,0,4,3,1,0,0,0.03,0.004,400000
5312,127,0.848,10,23,19,1,0,0,0.03,0.004,400000
5313,36,-17.336,0,2,25,1,0,0,0.03,0.004,400000
5314,100,-3.577,6,23,14,1,0,0,0.03,0.004,400000
5315,400,50.398,32,74,45,0,0,1,0.03,0.004,400000
5316,400,34.577,26,65,82,0,0,1,0.03,0.004,400000
5317,293,-7.202,8,30,76,1,0,0,0.03,0.004,400000
5318,351,29.482,28,79,48,1,0,0,0.03,0.004,400000
5319,400,31.69,25,55,72,0,0,1,0.03,0.004,400000
5320,7,-14.513,0,4,3,1,0,0,0.03,0.004,400000
5321,400,48.384,34,82,61,0,0,1,0.03,0.004,400000
5322,223,3.845,14,34,47,1,0,0,0.03,0.004,400000
5323,10,-14.956,0,3,6,1,0,0,0.03,0.004,400000
5324,400,21.154,16,47,57,0,0,1,0.03,0.004,400000
5325,400,25.343,19,49,31,0,0,1,0.03,0.004,400000
5326,277,4.526,9,30,32,1,0,0,0.03,0.004,400000
5327,80,-15.753,0,2,3,1,0,0,0.03,0.004,400000
5328,400,34.95,22,53,8,0,0,1,0.03,0.004,400000
5329,49,-7.237,4,10,0,1,0,0,0.03,0.004,400000
5330,400,5.113,3,16,5,0,0,1,0.03,0.004,400000
5331,400,18.699,11,46,2,0,0,1,0.03,0.004,400000
5332,5,-14.285,0,3,0,1,0,0,0.03,0.004,400000
5333,18,-9.584,2,7,1,1,0,0,0.03,0.004,400000
5334,354,34.853,29,73,8,1,0,0,0.03,0.004,400000
5335,400,8.049,10,24,53,0,0,1,0.03,0.004,400000
5336,400,57.656,36,93,32,0,0,1,0.03,0.004,400000
5337,301,32.065,27,79,34,1,0,0,0.03,0.004,400000
5338,400,8.539,9,24,48,0,0,1,0.03,0.004,400000
5339,18,-9.133,3,5,1,1,0,0,0.03,0.004,400000
5340,400,49.827,33,83,55,0,0,1,0.03,0.004,400000
5341,285,18.073,20,53,49,1,0,0,0.03,0.004,400000
5342,400,36.648,24,63,32,0,0,1,0.03,0.004,400000
5343,400,46.96,33,86,51,0,0,1,0.03,0.004,400000
5344,393,33.133,30,79,9,1,0,0,0.03,0.004,400000
5345,400,48.91,29,83,23,0,0,1,0.03,0.004,400000
5346,197,1.594,9,28,44,1,0,0,0.03,0.004,400000
5347,144,10.738,14,29,12,1,0,0,0.03,0.004,400000
5348,260,32.011,25,72,9,1,0,0,0.03,0.004,400000
5349,400,6.38,8,30,47,0,0,1,0.03,0.004,400000
5350,174,12.18,16,38,12,1,0,0,0.03,0.004,400000
5351,190,1.53,11,29,8,1,0,0,0.03,0.004,400000
5352,185,-11.204,2,10,2,1,0,0,0.03,0.004,400000
5353,400,35.856,24,60,17,0,0,1,0.03,0.004,400000
5354,99,0.596,9,20,2,1,0,0,0.03,0.004,400000
5355,136,-10.076,5,15,40,1,0,0,0.03,0.004,400000
5356,196,-8.887,4,13,14,1,0,0,0.03,0.004,400000
5357,400,38.539,24,67,9,0,0,1,0.03,0.004,400000
5358,400,34.084,19,51,12,0,0,1,0.03,0.004,400000
5359,52,-2.369,4,16,0,1,0,0,0.03,0.004,400000
5360,315,18.226,19,55,13,1,0,0,0.03,0.004,400000
5361,400,17.901,14,38,35,0,0,1,0.03,0.004,400000
5362,138,-15.74,0,8,12,1,0,0,0.03,0.004,400000
5363,120,11.487,16,50,5,1,0,0,0.03,0.004,400000
5364,400,30.38,20,47,21,0,0,1,0.03,0.004,400000
5365,326,-20.649,0,3,17,1,0,0,0.03,0.004,400000
5366,242,12.11,15,46,33,1,0,0,0.03,0.004,400000
5367,147,-6.129,6,20,31,1,0,0,0.03,0.004,400000
5368,400,60.183,37,93,18,0,0,1,0.03,0.004,400000
5369,400,4.468,7,24,35,0,0,1,0.03,0.004,400000
5370,272,-4.765,5,9,4,1,0,0,0.03,0.004,400000
5371,400,8.48,8,18,11,0,0,1,0.03,0.004,400000
5372,54,-1.537,4,19,1,1,0,0,0.03,0.004,400000
5373,130,-13.492,1,6,13,1,0,0,0.03,0.004,400000
5374,400,44.906,29,63,21,0,0,1,0.03,0.004,400000
5375,400,58.31,37,86,7,0,0,1,0.03,0.004,400000
5376,400,52.169,32,79,8,0,0,1,0.03,0.004,400000
5377,400,22.655,16,47,12,0,0,1,0.03,0.004,400000
5378,400,-4.538,0,3,3,0,0,1,0.03,0.004,400000
5379,7,-9.137,0,3,0,1,0,0,0.03,0.004,400000
5380,400,-7.055,0,4,7,0,0,1,0.03,0.004,400000
5381,36,-10.83,2,5,5,1,0,0,0.03,0.004,400000
5382,400,22.018,4,16,4,0,0,1,0.03,0.004,400000
5383,400,40.924,25,66,16,0,0,1,0.03,0.004,400000
5384,400,43.849,26,67,13,0,0,1,0.03,0.004,400000
5385,400,33.862,24,55,16,0,0,1,0.03,0.004,400000
5386,86,-10.88,0,2,2,1,0,0,0.03,0.004,400000
5387,400,15.013,10,26,6,0,0,1,0.03,0.004,400000
5388,400,9.976,7,20,4,0,0,1,0.03,0.004,400000
5389,400,5.735,5,12,4,0,0,1,0.03,0.004,400000
5390,110,9.539,15,36,4,1,0,0,0.03,0.004,400000
5391,400,50.252,26,67,8,0,0,1,0.03,0.004,400000
5392,400,6.87,6,20,26,0,0,1,0.03,0.004,400000
5393,400,51.009,33,80,5,0,0,1,0.03,0.004,400000
5394,400,39.194,26,61,4,0,0,1,0.03,0.004,400000
5395,400,28.615,20,44,6,0,0,1,0.03,0.004,400000
5396,400,17.16,13,45,14,0,0,1,0.03,0.004,400000
5397,400,38.023,24,61,5,0,0,1,0.03,0.004,400000
5398,400,16.53,12,35,2,0,0,1,0.03,0.004,400000
5399,400,6.417,7,25,26,0,0,1,0.03,0.004,400000
5400,90,0.654,8,26,2,1,0,0,0.03,0.004,400000
5401,137,9.294,12,25,2,1,0,0,0.03,0.004,400000
5402,377,20.729,16,39,10,1,0,0,0.03,0.004,400000
5403,7,-9.137,0,3,0,1,0,0,0.03,0.004,400000
5404,400,6.674,8,17,3,0,0,1,0.03,0.004,400000
5405,400,31.708,22,53,15,0,0,1,0.03,0.004,400000
5406,400,36.545,29,69,15,0,0,1,0.03,0.004,400000
5407,95,-12.539,0,2,2,1,0,0,0.03,0.004,400000
5408,192,-12.676,2,12,6,1,0,0,0.03,0.004,400000
5409,400,16.046,13,34,6,0,0,1,0.03,0.004,400000
5410,400,22.93,15,35,4,0,0,1,0.03,0.004,400000
5411,400,19.1,13,31,8,0,0,1,0.03,0.004,400000
5412,400,-5.54,0,0,3,0,0,1,0.03,0.004,400000
5413,7,-9.727,0,1,0,1,0,0,0.03,0.004,400000
5414,400,45.434,30,76,12,0,0,1,0.03,0.004,400000
5415,400,5.722,7,18,7,0,0,1,0.03,0.004,400000
5416,60,-11.043,1,4,4,1,0,0,0.03,0.004,400000
5417,121,-9.316,1,4,4,1,0,0,0.03,0.004,400000
5418,400,53.391,37,78,9,0,0,1,0.03,0.004,400000
5419,400,24.683,21,52,19,0,0,1,0.03,0.004,400000
5420,203,9.638,12,45,7,1,0,0,0.03,0.004,400000
5421,203,-0.647,9,27,4,1,0,0,0.03,0.004,400000
5422,400,0.32,2,13,3,0,0,1,0.03,0.004,400000
5423,400,28.066,20,44,6,0,0,1,0.03,0.004,400000
5424,109,10.097,12,41,2,1,0,0,0.03,0.004,400000
5425,126,-6.649,2,8,1,1,0,0,0.03,0.004,400000
5426,400,42.529,27,72,10,0,0,1,0.03,0.004,400000
5427,90,-1.696,8,18,3,1,0,0,0.03,0.004,400000
5428,118,0.57,7,17,0,1,0,0,0.03,0.004,400000
5429,400,41.691,22,55,10,0,0,1,0.03,0.004,400000
5430,161,-11.165,2,12,3,1,0,0,0.03,0.004,400000
5431,400,43.874,31,73,19,0,0,1,0.03,0.004,400000
5432,400,58.962,38,94,11,0,0,1,0.03,0.004,400000
5433,219,5.02,13,33,10,1,0,0,0.03,0.004,400000
5434,400,33.97,23,56,6,0,0,1,0.03,0.004,400000
5435,400,23.602,15,46,15,0,0,1,0.03,0.004,400000
5436,193,12.337,16,38,10,1,0,0,0.03,0.004,400000
5437,400,48.432,35,76,14,0,0,1,0.03,0.004,400000
5438,64,-1.172,6,26,2,1,0,0,0.03,0.004,400000
5439,400,-4.971,0,2,2,0,0,1,0.03,0.004,400000
5440,389,17.581,15,29,5,1,0,0,0.03,0.004,400000
5441,125,-16.372,0,1,2,1,0,0,0.03,0.004,400000
5442,354,22.191,23,70,9,1,0,0,0.03,0.004,400000
5443,400,1.024,8,19,1,0,0,1,0.03,0.004,400000
5444,105,-7.018,3,13,2,1,0,0,0.03,0.004,400000
5445,400,14.313,15,28,7,0,0,1,0.03,0.004,400000
5446,400,39.622,24,55,4,0,0,1,0.03,0.004,400000
5447,400,35.691,24,61,1,0,0,1,0.03,0.004,400000
5448,400,40.659,21,56,2,0,0,1,0.03,0.004,400000
5449,400,-4.94,1,3,5,0,0,1,0.03,0.004,400000
5450,308,6.078,9,29,2,1,0,0,0.03,0.004,400000
5451,400,39.288,25,73,8,0,0,1,0.03,0.004,400000
5452,192,3.045,10,32,4,1,0,0,0.03,0.004,400000
5453,400,0.257,3,17,9,0,0,1,0.03,0.004,400000
5454,400,-4.782,0,1,1,0,0,1,0.03,0.004,400000
5455,400,35.168,24,50,11,0,0,1,0.03,0.004,400000
5456,400,0.148,2,10,3,0,0,1,0.03,0.004,400000
5457,400,58.449,33,89,4,0,0,1,0.03,0.004,400000
5458,101,5.049,12,25,2,1,0,0,0.03,0.004,400000
5459,177,-8.279,4,11,4,1,0,0,0.03,0.004,400000
5460,6,-9.392,0,3,0,1,0,0,0.03,0.004,400000
5461,89,2.778,10,25,1,1,0,0,0.03,0.004,400000
5462,230,14.162,14,42,2,1,0,0,0.03,0.004,400000
5463,400,55.652,34,74,1,0,0,1,0.03,0.004,400000
5464,238,18.968,17,43,2,1,0,0,0.03,0.004,400000
5465,232,-0.992,7,18,3,1,0,0,0.03,0.004,400000
5466,177,16.762,15,46,1,1,0,0,0.03,0.004,400000
5467,400,18.609,9,34,5,0,0,1,0.03,0.004,400000
5468,400,1.252,4,14,2,0,0,1,0.03,0.004,400000
5469,144,15.546,18,44,2,1,0,0,0.03,0.004,400000
5470,19,-14.824,0,2,3,1,0,0,0.03,0.004,400000
5471,400,42.384,28,64,3,0,0,1,0.03,0.004,400000
5472,400,20.279,15,38,8,0,0,1,0.03,0.004,400000
5473,312,7.751,11,34,3,1,0,0,0.03,0.004,400000
5474,70,-6.513,1,13,1,1,0,0,0.03,0.004,400000
5475,164,-1.172,3,13,3,1,0,0,0.03,0.004,400000
5476,400,48.005,31,78,5,0,0,1,0.03,0.004,400000
5477,355,-2.188,7,18,1,1,0,0,0.03,0.004,400000
5478,262,19.442,20,52,6,1,0,0,0.03,0.004,400000
5479,245,-4.821,3,6,6,1,0,0,0.03,0.004,400000
5480,143,10.885,14,46,5,1,0,0,0.03,0.004,400000
5481,18,-10.889,1,7,0,1,0,0,0.03,0.004,400000
5482,104,5.453,9,23,0,1,0,0,0.03,0.004,400000
5483,400,69.144,43,106,6,0,0,1,0.03,0.004,400000
5484,355,17.39,14,42,4,1,0,0,0.03,0.004,400000
5485,142,-4.109,5,14,2,1,0,0,0.03,0.004,400000
5486,145,2.513,7,18,4,1,0,0,0.03,0.004,400000
5487,323,32.105,25,61,5,1,0,0,0.03,0.004,400000
5488,400,3.491,0,10,5,0,0,1,0.03,0.004,400000
5489,400,22.287,5,18,3,0,0,1,0.03,0.004,400000
5490,379,53.257,40,99,4,1,0,0,0.03,0.004,400000
5491,310,-0.923,7,18,7,1,0,0,0.03,0.004,400000
5492,51,-0.806,5,18,1,1,0,0,0.03,0.004,400000
5493,107,8.112,13,28,2,1,0,0,0.03,0.004,400000
5494,192,-14.685,0,2,2,1,0,0,0.03,0.004,400000
5495,400,39.97,25,62,4,0,0,1,0.03,0.004,400000
5496,148,12.366,17,35,5,1,0,0,0.03,0.004,400000
5497,400,66.289,41,87,3,0,0,1,0.03,0.004,400000
5498,353,30.056,23,63,4,1,0,0,0.03,0.004,400000
5499,133,5.63,11,27,3,1,0,0,0.03,0.004,400000
5500,260,-9.263,0,6,3,1,0,0,0.03,0.004,400000
5501,253,15.124,17,48,6,1,0,0,0.03,0.004,400000
5502,254,30.035,23,61,1,1,0,0,0.03,0.004,400000
5503,400,6.53,2,7,2,0,0,1,0.03,0.004,400000
5504,101,-15.913,0,2,2,1,0,0,0.03,0.004,400000
5505,211,-10.918,2,12,6,1,0,0,0.03,0.004,400000
5506,400,60.524,38,88,3,0,0,1,0.03,0.004,400000
5507,242,29.53,26,68,4,1,0,0,0.03,0.004,400000
5508,400,40.818,24,65,7,0,0,1,0.03,0.004,400000
5509,356,45.197,35,83,7,1,0,0,0.03,0.004,400000
5510,400,57.262,36,84,6,0,0,1,0.03,0.004,400000
5511,65,-8.588,1,6,1,1,0,0,0.03,0.004,400000
5512,229,5.571,8,25,9,1,0,0,0.03,0.004,400000
5513,400,37.414,21,46,9,0,0,1,0.03,0.004,400000
5514,371,-0.646,7,21,4,1,0,0,0.03,0.004,400000
5515,400,64.744,42,94,9,0,0,1,0.03,0.004,400000
5516,5,-15.541,0,1,3,1,0,0,0.03,0.004,400000
5517,13,-15.198,0,4,9,1,0,0,0.03,0.004,400000
5518,5,-15.392,0,2,3,1,0,0,0.03,0.004,400000
5519,400,45.577,27,66,7,0,0,1,0.03,0.004,400000
5520,400,24.386,18,47,31,0,0,1,0.03,0.004,400000
5521,13,-15.119,0,4,8,1,0,0,0.03,0.004,400000
5522,400,41.378,29,71,38,0,0,1,0.03,0.004,400000
5523,5,-15.541,0,1,3,1,0,0,0.03,0.004,400000
5524,5,-15.341,0,2,3,1,0,0,0.03,0.004,400000
5525,400,46.689,36,71,59,0,0,1,0.03,0.004,400000
5526,108,0.675,10,24,17,1,0,0,0.03,0.004,400000
5527,400,17.131,14,39,69,0,0,1,0.03,0.004,400000
5528,18,-12.169,0,4,5,1,0,0,0.03,0.004,400000
5529,7,-14.643,0,3,4,1,0,0,0.03,0.004,400000
5530,400,29.284,19,68,64,0,0,1,0.03,0.004,400000
5531,400,18.29,17,45,111,0,0,1,0.03,0.004,400000
5532,38,-13.816,0,8,17,1,0,0,0.03,0.004,400000
5533,20,-10.902,1,7,4,1,0,0,0.03,0.004,400000
5534,400,27.769,20,48,35,0,0,1,0.03,0.004,400000
5535,10,-15.186,0,2,7,1,0,0,0.03,0.004,400000
5536,7,-14.493,0,3,3,1,0,0,0.03,0.004,400000
5537,9,-14.871,0,3,6,1,0,0,0.03,0.004,400000
5538,7,-15.373,0,4,5,1,0,0,0.03,0.004,400000
5539,38,-12.717,1,3,18,1,0,0,0.03,0.004,400000
5540,134,-3.793,7,25,30,1,0,0,0.03,0.004,400000
5541,12,-15.414,0,2,9,1,0,0,0.03,0.004,400000
5542,7,-14.793,0,2,4,1,0,0,0.03,0.004,400000
5543,113,-7.345,5,22,32,1,0,0,0.03,0.004,400000
5544,400,40.728,27,75,32,0,0,1,0.03,0.004,400000
5545,389,26.622,28,71,54,1,0,0,0.03,0.004,400000
5546,400,50.839,34,81,52,0,0,1,0.03,0.004,400000
5547,400,7.517,7,16,32,0,0,1,0.03,0.004,400000
5548,354,17.274,17,50,21,1,0,0,0.03,0.004,400000
5549,400,29.248,25,65,77,0,0,1,0.03,0.004,400000
5550,45,-1.434,4,23,0,1,0,0,0.03,0.004,400000
5551,400,-0.79,7,23,55,0,0,1,0.03,0.004,400000
5552,400,54.35,38,86,9,0,0,1,0.03,0.004,400000
5553,400,1.339,6,23,5,0,0,1,0.03,0.004,400000
5554,203,-10.19,1,7,4,1,0,0,0.03,0.004,400000
5555,54,-10.22,2,5,3,1,0,0,0.03,0.004,400000
5556,275,11.751,17,40,6,1,0,0,0.03,0.004,400000
5557,400,15.094,5,17,17,0,0,1,0.03,0.004,400000
5558,148,-19.328,0,4,4,1,0,0,0.03,0.004,400000
5559,182,21.322,21,56,2,1,0,0,0.03,0.004,400000
5560,400,28.273,19,41,2,0,0,1,0.03,0.004,400000
5561,378,27.141,24,59,6,1,0,0,0.03,0.004,400000
5562,52,-5.324,4,15,1,1,0,0,0.03,0.004,400000
5563,400,25.572,18,40,2,0,0,1,0.03,0.004,400000
5564,400,41.601,28,63,4,0,0,1,0.03,0.004,400000
5565,400,15.481,16,39,3,0,0,1,0.03,0.004,400000
5566,61,-15.303,0,2,1,1,0,0,0.03,0.004,400000
5567,400,55.366,33,79,9,0,0,1,0.03,0.004,400000
5568,400,-4.793,0,3,2,0,0,1,0.03,0.004,400000
5569,400,17.536,12,31,1,0,0,1,0.03,0.004,400000
5570,400,49.496,26,65,3,0,0,1,0.03,0.004,400000
5571,366,-17.01,0,6,3,1,0,0,0.03,0.004,400000
5572,61,-4.538,5,14,0,1,0,0,0.03,0.004,400000
5573,400,16.212,5,11,8,0,0,1,0.03,0.004,400000
5574,400,30.937,15,41,2,0,0,1,0.03,0.004,400000
5575,150,12.791,16,43,4,1,0,0,0.03,0.004,400000
5576,342,19.683,17,39,0,1,0,0,0.03,0.004,400000
5577,304,38.971,28,75,1,1,0,0,0.03,0.004,400000
5578,106,8.655,14,34,5,1,0,0,0.03,0.004,400000
5579,400,63.859,39,89,0,0,0,1,0.03,0.004,400000
5580,400,15.551,9,23,8,0,0,1,0.03,0.004,400000
5581,400,-11.3,0,0,3,0,0,1,0.03,0.004,400000
5582,99,-3.359,3,17,2,1,0,0,0.03,0.004,400000
5583,400,24.721,7,22,5,0,0,1,0.03,0.004,400000
5584,400,34.297,19,48,3,0,0,1,0.03,0.004,400000
5585,400,35.954,21,57,12,0,0,1,0.03,0.004,400000
5586,169,9.531,14,35,3,1,0,0,0.03,0.004,400000
5587,35,-5.965,5,12,1,1,0,0,0.03,0.004,400000
5588,96,-7.31,4,12,1,1,0,0,0.03,0.004,400000
5589,174,18.169,18,43,3,1,0,0,0.03,0.004,400000
5590,117,10.069,13,39,2,1,0,0,0.03,0.004,400000
5591,270,30.611,27,56,3,1,0,0,0.03,0.004,400000
5592,400,48.813,26,61,1,0,0,1,0.03,0.004,400000
5593,82,-10.839,0,5,2,1,0,0,0.03,0.004,400000
5594,400,52.047,32,72,1,0,0,1,0.03,0.004,400000
5595,400,20.265,12,35,8,0,0,1,0.03,0.004,400000
5596,149,-4.753,6,13,2,1,0,0,0.03,0.004,400000
5597,161,-10.041,3,11,2,1,0,0,0.03,0.004,400000
5598,342,1.623,9,24,4,1,0,0,0.03,0.004,400000
5599,400,20.456,14,39,4,0,0,1,0.03,0.004,400000
5600,178,12.251,16,47,4,1,0,0,0.03,0.004,400000
5601,121,-16.218,0,3,3,1,0,0,0.03,0.004,400000
5602,400,52.533,31,77,2,0,0,1,0.03,0.004,400000
5603,400,-5.181,0,2,4,0,0,1,0.03,0.004,400000
5604,400,14.739,3,10,4,0,0,1,0.03,0.004,400000
5605,400,-4.177,1,5,6,0,0,1,0.03,0.004,400000
5606,105,-16.02,0,3,4,1,0,0,0.03,0.004,400000
5607,400,22.008,12,25,2,0,0,1,0.03,0.004,400000
5608,162,18.717,20,49,6,1,0,0,0.03,0.004,400000
5609,140,16.5,21,40,4,1,0,0,0.03,0.004,400000
5610,400,22.508,16,30,4,0,0,1,0.03,0.004,400000
5611,383,-1.341,11,24,2,1,0,0,0.03,0.004,400000
5612,250,31.359,27,66,3,1,0,0,0.03,0.004,400000
5613,149,2.923,6,15,3,1,0,0,0.03,0.004,400000
5614,400,13.729,9,23,3,0,0,1,0.03,0.004,400000
5615,56,-15.351,0,3,4,1,0,0,0.03,0.004,400000
5616,246,-11.175,2,12,1,1,0,0,0.03,0.004,400000
5617,168,-2.974,7,21,3,1,0,0,0.03,0.004,400000
5618,400,30.387,15,29,4,0,0,1,0.03,0.004,400000
5619,400,51.466,30,76,5,0,0,1,0.03,0.004,400000
5620,400,29.257,20,43,4,0,0,1,0.03,0.004,400000
5621,400,47.406,28,62,3,0,0,1,0.03,0.004,400000
5622,25,-9.67,1,10,0,1,0,0,0.03,0.004,400000
5623,400,63.398,38,93,3,0,0,1,0.03,0.004,400000
5624,98,3.179,11,27,7,1,0,0,0.03,0.004,400000
5625,332,-15.433,1,8,1,1,0,0,0.03,0.004,400000
5626,400,54.432,30,84,3,0,0,1,0.03,0.004,400000
5627,328,30.519,28,56,6,1,0,0,0.03,0.004,400000
5628,400,22.945,10,28,4,0,0,1,0.03,0.004,400000
5629,400,-5.155,0,2,5,0,0,1,0.03,0.004,400000
5630,400,65.3,37,102,4,0,0,1,0.03,0.004,400000
5631,121,-11.572,2,8,4,1,0,0,0.03,0.004,400000
5632,100,2.902,11,21,4,1,0,0,0.03,0.004,400000
5633,400,32.721,19,45,1,0,0,1,0.03,0.004,400000
5634,124,7.347,13,32,2,1,0,0,0.03,0.004,400000
5635,41,-8.155,2,10,2,1,0,0,0.03,0.004,400000
5636,162,0.087,9,24,2,1,0,0,0.03,0.004,400000
5637,163,-5.692,3,9,4,1,0,0,0.03,0.004,400000
5638,316,37.956,29,66,2,1,0,0,0.03,0.004,400000
5639,35,-10.989,2,8,3,1,0,0,0.03,0.004,400000
5640,383,-20.331,0,2,6,1,0,0,0.03,0.004,400000
5641,288,-17.03,0,4,6,1,0,0,0.03,0.004,400000
5642,400,21.178,16,41,4,0,0,1,0.03,0.004,400000
5643,400,21.242,8,26,4,0,0,1,0.03,0.004,400000
5644,7,-14.453,0,3,2,1,0,0,0.03,0.004,400000
5645,200,17.883,16,38,0,1,0,0,0.03,0.004,400000
5646,400,30.327,13,33,4,0,0,1,0.03,0.004,400000
5647,118,-9.115,1,3,2,1,0,0,0.03,0.004,400000
5648,400,45.582,25,69,3,0,0,1,0.03,0.004,400000
5649,400,2.431,3,11,5,0,0,1,0.03,0.004,400000
5650,59,-5.66,4,12,1,1,0,0,0.03,0.004,400000
5651,400,14.994,12,26,4,0,0,1,0.03,0.004,400000
5652,268,12.348,15,32,5,1,0,0,0.03,0.004,400000
5653,400,31.472,13,29,4,0,0,1,0.03,0.004,400000
5654,400,61.159,37,80,5,0,0,1,0.03,0.004,400000
5655,400,37.296,23,57,6,0,0,1,0.03,0.004,400000
5656,400,1.941,2,9,9,0,0,1,0.03,0.004,400000
5657,400,-0.234,4,11,7,0,0,1,0.03,0.004,400000
5658,400,-2.399,1,7,2,0,0,1,0.03,0.004,400000
5659,217,24.16,20,55,0,1,0,0,0.03,0.004,400000
5660,400,53.192,30,68,8,0,0,1,0.03,0.004,400000
5661,306,20.622,22,44,6,1,0,0,0.03,0.004,400000
5662,264,5.936,13,31,4,1,0,0,0.03,0.004,400000
5663,385,19.172,16,37,5,1,0,0,0.03,0.004,400000
5664,265,23.145,16,54,2,1,0,0,0.03,0.004,400000
5665,400,4.226,3,18,9,0,0,1,0.03,0.004,400000
5666,400,-4.675,0,3,1,0,0,1,0.03,0.004,400000
5667,244,-11.156,2,8,0,1,0,0,0.03,0.004,400000
5668,82,-15.792,0,2,3,1,0,0,0.03,0.004,400000
5669,400,24.931,13,33,5,0,0,1,0.03,0.004,400000
5670,96,0.024,8,19,1,1,0,0,0.03,0.004,400000
5671,212,15.646,15,55,5,1,0,0,0.03,0.004,400000
5672,385,-4.003,4,14,9,1,0,0,0.03,0.004,400000
5673,268,35.035,27,67,1,1,0,0,0.03,0.004,400000
5674,400,16.614,11,32,3,0,0,1,0.03,0.004,400000
5675,400,32.034,20,52,7,0,0,1,0.03,0.004,400000
5676,55,-4.066,3,12,1,1,0,0,0.03,0.004,400000
5677,31,-14.795,0,3,3,1,0,0,0.03,0.004,400000
5678,400,35.684,24,50,1,0,0,1,0.03,0.004,400000
5679,153,6.717,11,32,1,1,0,0,0.03,0.004,400000
5680,74,-1.715,8,22,5,1,0,0,0.03,0.004,400000
5681,49,-5.32,4,10,0,1,0,0,0.03,0.004,400000
5682,400,21.291,9,25,5,0,0,1,0.03,0.004,400000
5683,400,45.17,28,66,3,0,0,1,0.03,0.004,400000
5684,179,-14.871,1,4,7,1,0,0,0.03,0.004,400000
5685,18,-9.94,1,9,1,1,0,0,0.03,0.004,400000
5686,400,33.503,13,35,1,0,0,1,0.03,0.004,400000
5687,400,35.144,19,39,4,0,0,1,0.03,0.004,400000
5688,100,9.678,12,38,3,1,0,0,0.03,0.004,400000
5689,400,49.014,28,79,8,0,0,1,0.03,0.004,400000
5690,36,-6.608,4,11,1,1,0,0,0.03,0.004,400000
5691,89,-4.627,5,17,1,1,0,0,0.03,0.004,400000
5692,37,-5.316,2,9,0,1,0,0,0.03,0.004,400000
5693,400,54.334,33,71,3,0,0,1,0.03,0.004,400000
5694,400,-5.38,0,0,1,0,0,1,0.03,0.004,400000
5695,400,46.612,26,66,2,0,0,1,0.03,0.004,400000
5696,160,3.001,8,22,3,1,0,0,0.03,0.004,400000
5697,400,8.758,5,21,8,0,0,1,0.03,0.004,400000
5698,400,27.184,9,23,3,0,0,1,0.03,0.004,400000
5699,160,2.587,10,27,3,1,0,0,0.03,0.004,400000
5700,400,27.816,17,42,3,0,0,1,0.03,0.004,400000
5701,279,4.544,13,34,6,1,0,0,0.03,0.004,400000
5702,195,7.086,11,30,6,1,0,0,0.03,0.004,400000
5703,400,37.479,20,54,2,0,0,1,0.03,0.004,400000
5704,376,-9.411,2,18,1,1,0,0,0.03,0.004,400000
5705,46,-5.069,5,16,0,1,0,0,0.03,0.004,400000
5706,95,-8.03,1,7,0,1,0,0,0.03,0.004,400000
5707,196,-3.879,3,9,2,1,0,0,0.03,0.004,400000
5708,400,36.037,17,40,5,0,0,1,0.03,0.004,400000
5709,400,37.147,19,40,2,0,0,1,0.03,0.004,400000
5710,400,54.06,31,68,2,0,0,1,0.03,0.004,400000
5711,41,-10.711,1,10,1,1,0,0,0.03,0.004,400000
5712,52,-6.466,4,11,0,1,0,0,0.03,0.004,400000
5713,400,13.235,8,21,6,0,0,1,0.03,0.004,400000
5714,142,-2.493,3,16,2,1,0,0,0.03,0.004,400000
5715,400,-2.211,2,8,5,0,0,1,0.03,0.004,400000
5716,400,60.892,37,89,6,0,0,1,0.03,0.004,400000
5717,92,-5.335,2,14,3,1,0,0,0.03,0.004,400000
5718,400,28.824,19,50,4,0,0,1,0.03,0.004,400000
5719,400,25.965,16,54,2,0,0,1,0.03,0.004,400000
5720,400,54.929,33,71,2,0,0,1,0.03,0.004,400000
5721,250,0.03,5,14,4,1,0,0,0.03,0.004,400000
5722,246,20.382,17,47,1,1,0,0,0.03,0.004,400000
5723,400,43.933,26,59,6,0,0,1,0.03,0.004,400000
5724,44,-2.82,3,17,0,1,0,0,0.03,0.004,400000
5725,354,24.556,23,55,3,1,0,0,0.03,0.004,400000
5726,400,59.476,37,81,4,0,0,1,0.03,0.004,400000
5727,343,41.025,30,62,3,1,0,0,0.03,0.004,400000
5728,400,11.597,9,16,7,0,0,1,0.03,0.004,400000
5729,80,-15.778,0,2,4,1,0,0,0.03,0.004,400000
5730,348,13.607,10,30,4,1,0,0,0.03,0.004,400000
5731,105,6.131,12,31,2,1,0,0,0.03,0.004,400000
5732,16,-10.42,1,6,2,1,0,0,0.03,0.004,400000
5733,400,10.98,11,25,8,0,0,1,0.03,0.004,400000
5734,400,5.474,5,18,2,0,0,1,0.03,0.004,400000
5735,400,36.821,18,45,4,0,0,1,0.03,0.004,400000
5736,400,-4.505,0,5,5,0,0,1,0.03,0.004,400000
5737,400,28.493,10,21,4,0,0,1,0.03,0.004,400000
5738,314,2.986,7,20,8,1,0,0,0.03,0.004,400000
5739,244,16.525,17,43,5,1,0,0,0.03,0.004,400000
5740,160,14.113,15,32,5,1,0,0,0.03,0.004,400000
5741,314,16.917,21,46,5,1,0,0,0.03,0.004,400000
5742,271,10.145,13,30,6,1,0,0,0.03,0.004,400000
5743,195,-3.769,5,25,3,1,0,0,0.03,0.004,400000
5744,400,55.596,29,72,2,0,0,1,0.03,0.004,400000
5745,400,50.794,31,72,3,0,0,1,0.03,0.004,400000
5746,331,44.836,35,75,3,1,0,0,0.03,0.004,400000
5747,400,41.311,24,61,6,0,0,1,0.03,0.004,400000
5748,138,9.676,13,36,3,1,0,0,0.03,0.004,400000
5749,155,12.35,12,34,1,1,0,0,0.03,0.004,400000
5750,400,40.148,22,67,7,0,0,1,0.03,0.004,400000
5751,89,2.891,7,19,0,1,0,0,0.03,0.004,400000
5752,24,-15.013,0,2,4,1,0,0,0.03,0.004,400000
5753,33,-7.546,4,7,1,1,0,0,0.03,0.004,400000
5754,400,66.021,39,94,2,0,0,1,0.03,0.004,400000
5755,152,18.454,16,51,0,1,0,0,0.03,0.004,400000
5756,261,29.618,28,66,5,1,0,0,0.03,0.004,400000
5757,308,40.218,32,76,2,1,0,0,0.03,0.004,400000
5758,400,1.516,3,12,4,0,0,1,0.03,0.004,400000
5759,400,62.746,39,90,1,0,0,1,0.03,0.004,400000
5760,191,22.522,21,55,2,1,0,0,0.03,0.004,400000
5761,300,21.204,18,44,7,1,0,0,0.03,0.004,400000
5762,202,22.031,21,48,1,1,0,0,0.03,0.004,400000
5763,400,42.464,21,58,0,0,0,1,0.03,0.004,400000
5764,400,63.408,38,84,3,0,0,1,0.03,0.004,400000
5765,400,56.232,35,84,8,0,0,1,0.03,0.004,400000
5766,40,-5.336,3,16,0,1,0,0,0.03,0.004,400000
5767,27,-6.509,1,11,0,1,0,0,0.03,0.004,400000
5768,95,-1.954,7,18,3,1,0,0,0.03,0.004,400000
5769,32,-15.059,0,2,4,1,0,0,0.03,0.004,400000
5770,169,9.499,10,28,1,1,0,0,0.03,0.004,400000
5771,270,-0.76,6,24,7,1,0,0,0.03,0.004,400000
5772,274,10.43,13,37,5,1,0,0,0.03,0.004,400000
5773,400,37.862,24,60,1,0,0,1,0.03,0.004,400000
5774,332,28.635,26,74,7,1,0,0,0.03,0.004,400000
5775,400,44.361,29,75,6,0,0,1,0.03,0.004,400000
5776,400,9.446,2,6,2,0,0,1,0.03,0.004,400000
5777,202,4.83,13,27,6,1,0,0,0.03,0.004,400000
5778,370,5.524,4,18,6,1,0,0,0.03,0.004,400000
5779,393,22.55,22,64,5,1,0,0,0.03,0.004,400000
5780,400,50.256,32,73,2,0,0,1,0.03,0.004,400000
5781,63,-15.351,0,3,3,1,0,0,0.03,0.004,400000
5782,108,-2.379,5,24,1,1,0,0,0.03,0.004,400000
5783,309,-19.426,0,3,8,1,0,0,0.03,0.004,400000
5784,182,8.452,12,33,2,1,0,0,0.03,0.004,400000
5785,177,18.878,20,48,3,1,0,0,0.03,0.004,400000
5786,302,29.89,27,60,4,1,0,0,0.03,0.004,400000
5787,400,18.575,6,24,5,0,0,1,0.03,0.004,400000
5788,400,47.533,30,67,5,0,0,1,0.03,0.004,400000
5789,125,6.818,10,22,1,1,0,0,0.03,0.004,400000
5790,400,6.462,1,12,6,0,0,1,0.03,0.004,400000
5791,400,4.384,6,13,4,0,0,1,0.03,0.004,400000
5792,232,8.614,14,40,6,1,0,0,0.03,0.004,400000
5793,170,0.304,3,13,2,1,0,0,0.03,0.004,400000
5794,317,25.459,19,68,5,1,0,0,0.03,0.004,400000
5795,400,48.519,29,72,5,0,0,1,0.03,0.004,400000
5796,247,19.486,17,49,3,1,0,0,0.03,0.004,400000
5797,400,41.816,29,69,20,0,0,1,0.03,0.004,400000
5798,113,-16.184,0,3,4,1,0,0,0.03,0.004,400000
5799,76,0.595,10,16,3,1,0,0,0.03,0.004,400000
5800,400,68.171,41,99,4,0,0,1,0.03,0.004,400000
5801,400,6.644,5,15,7,0,0,1,0.03,0.004,400000
5802,185,14.735,15,49,3,1,0,0,0.03,0.004,400000
5803,400,59.049,36,92,8,0,0,1,0.03,0.004,400000
5804,400,15.331,6,18,3,0,0,1,0.03,0.004,400000
5805,343,21.303,20,46,6,1,0,0,0.03,0.004,400000
5806,400,38.733,26,63,5,0,0,1,0.03,0.004,400000
5807,400,41.719,24,62,6,0,0,1,0.03,0.004,400000
5808,36,-15.036,0,3,3,1,0,0,0.03,0.004,400000
5809,400,16.98,1,9,4,0,0,1,0.03,0.004,400000
5810,351,10.116,6,18,8,1,0,0,0.03,0.004,400000
5811,400,54.257,35,75,18,0,0,1,0.03,0.004,400000
5812,400,58.309,34,89,12,0,0,1,0.03,0.004,400000
5813,89,-2.855,6,12,13,1,0,0,0.03,0.004,400000
5814,216,21.419,19,46,10,1,0,0,0.03,0.004,400000
5815,400,35.123,22,57,28,0,0,1,0.03,0.004,400000
5816,400,60.379,39,84,21,0,0,1,0.03,0.004,400000
5817,400,6.766,7,24,48,0,0,1,0.03,0.004,400000
5818,400,17.196,15,38,26,0,0,1,0.03,0.004,400000
5819,7,-9.527,0,3,0,1,0,0,0.03,0.004,400000
5820,399,2.586,2,22,14,1,0,0,0.03,0.004,400000
5821,15,-15.543,0,4,13,1,0,0,0.03,0.004,400000
5822,7,-14.953,0,1,5,1,0,0,0.03,0.004,400000
5823,7,-14.953,0,2,6,1,0,0,0.03,0.004,400000
5824,7,-15.33,0,4,5,1,0,0,0.03,0.004,400000
5825,20,-11.294,1,7,4,1,0,0,0.03,0.004,400000
5826,189,13.999,17,37,13,1,0,0,0.03,0.004,400000
5827,171,11.0,16,39,25,1,0,0,0.03,0.004,400000
5828,53,-5.997,4,16,6,1,0,0,0.03,0.004,400000
5829,400,25.004,18,36,15,0,0,1,0.03,0.004,400000
5830,10,-14.941,0,4,7,1,0,0,0.03,0.004,400000
5831,336,29.266,29,72,47,1,0,0,0.03,0.004,400000
5832,24,-9.761,2,7,6,1,0,0,0.03,0.004,400000
5833,400,30.537,23,60,73,0,0,1,0.03,0.004,400000
5834,97,-5.844,6,19,26,1,0,0,0.03,0.004,400000
5835,203,8.588,12,32,18,1,0,0,0.03,0.004,400000
5836,269,-1.806,7,26,38,1,0,0,0.03,0.004,400000
5837,373,25.845,25,61,35,1,0,0,0.03,0.004,400000
5838,400,53.694,34,91,37,0,0,1,0.03,0.004,400000
5839,400,33.244,26,73,74,0,0,1,0.03,0.004,400000
5840,400,46.706,32,75,56,0,0,1,0.03,0.004,400000
5841,400,18.236,18,41,70,0,0,1,0.03,0.004,400000
5842,166,9.983,14,40,12,1,0,0,0.03,0.004,400000
5843,265,24.014,26,63,40,1,0,0,0.03,0.004,400000
5844,400,53.374,36,83,49,0,0,1,0.03,0.004,400000
5845,338,23.342,24,48,42,1,0,0,0.03,0.004,400000
5846,400,27.056,16,47,14,0,0,1,0.03,0.004,400000
5847,41,-11.412,2,9,14,1,0,0,0.03,0.004,400000
5848,400,4.625,6,23,41,0,0,1,0.03,0.004,400000
5849,400,25.062,18,52,40,0,0,1,0.03,0.004,400000
5850,400,31.783,23,57,43,0,0,1,0.03,0.004,400000
5851,225,2.511,10,36,33,1,0,0,0.03,0.004,400000
5852,400,33.048,20,61,28,0,0,1,0.03,0.004,400000
5853,400,9.242,9,27,26,0,0,1,0.03,0.004,400000
5854,248,23.32,20,58,13,1,0,0,0.03,0.004,400000
5855,400,44.733,28,69,33,0,0,1,0.03,0.004,400000
5856,400,24.74,18,48,65,0,0,1,0.03,0.004,400000
5857,232,33.574,27,64,10,1,0,0,0.03,0.004,400000
5858,339,16.196,20,63,54,1,0,0,0.03,0.004,400000
5859,137,-13.523,0,2,21,1,0,0,0.03,0.004,400000
5860,400,42.722,25,70,32,0,0,1,0.03,0.004,400000
5861,400,34.534,24,57,60,0,0,1,0.03,0.004,400000
5862,208,21.596,24,43,27,1,0,0,0.03,0.004,400000
5863,400,49.639,30,74,32,0,0,1,0.03,0.004,400000
5864,400,44.973,28,73,27,0,0,1,0.03,0.004,400000
5865,400,3.712,3,15,10,0,0,1,0.03,0.004,400000
5866,400,41.431,27,76,58,0,0,1,0.03,0.004,400000
5867,400,34.89,23,58,21,0,0,1,0.03,0.004,400000
5868,400,20.416,13,39,1,0,0,1,0.03,0.004,400000
5869,400,18.076,14,39,48,0,0,1,0.03,0.004,400000
5870,400,47.359,25,60,10,0,0,1,0.03,0.004,400000
5871,400,-4.765,0,1,4,0,0,1,0.03,0.004,400000
5872,400,27.598,15,40,13,0,0,1,0.03,0.004,400000
5873,190,13.547,16,38,5,1,0,0,0.03,0.004,400000
5874,23,-14.701,0,3,2,1,0,0,0.03,0.004,400000
5875,400,22.138,6,20,10,0,0,1,0.03,0.004,400000
5876,116,-4.967,5,17,5,1,0,0,0.03,0.004,400000
5877,246,11.839,15,48,6,1,0,0,0.03,0.004,400000
5878,400,-5.575,1,5,12,0,0,1,0.03,0.004,400000
5879,400,25.214,15,46,25,0,0,1,0.03,0.004,400000
5880,400,4.537,8,14,4,0,0,1,0.03,0.004,400000
5881,152,11.625,15,28,9,1,0,0,0.03,0.004,400000
5882,110,-16.791,0,3,3,1,0,0,0.03,0.004,400000
5883,400,14.563,11,33,29,0,0,1,0.03,0.004,400000
5884,300,-3.136,2,15,12,1,0,0,0.03,0.004,400000
5885,400,57.639,39,89,24,0,0,1,0.03,0.004,400000
5886,400,20.531,19,41,21,0,0,1,0.03,0.004,400000
5887,260,3.66,15,40,38,1,0,0,0.03,0.004,400000
5888,390,30.08,28,63,21,1,0,0,0.03,0.004,400000
5889,128,4.341,11,34,14,1,0,0,0.03,0.004,400000
5890,353,18.9,22,63,40,1,0,0,0.03,0.004,400000
5891,400,17.472,16,37,19,0,0,1,0.03,0.004,400000
5892,400,43.894,26,66,5,0,0,1,0.03,0.004,400000
5893,60,-1.259,4,27,8,1,0,0,0.03,0.004,400000
5894,60,-10.454,3,10,22,1,0,0,0.03,0.004,400000
5895,400,27.018,11,36,7,0,0,1,0.03,0.004,400000
5896,400,37.579,26,53,48,0,0,1,0.03,0.004,400000
5897,117,7.902,13,28,2,1,0,0,0.03,0.004,400000
5898,400,-1.041,4,11,34,0,0,1,0.03,0.004,400000
5899,64,-2.283,4,16,0,1,0,0,0.03,0.004,400000
5900,224,9.637,17,42,18,1,0,0,0.03,0.004,400000
5901,182,2.786,11,32,21,1,0,0,0.03,0.004,400000
5902,400,48.38,32,83,51,0,0,1,0.03,0.004,400000
5903,400,46.138,30,80,45,0,0,1,0.03,0.004,400000
5904,28,-10.066,2,8,3,1,0,0,0.03,0.004,400000
5905,400,32.338,30,76,73,0,0,1,0.03,0.004,400000
5906,193,7.28,16,30,46,1,0,0,0.03,0.004,400000
5907,269,20.566,22,58,41,1,0,0,0.03,0.004,400000
5908,400,21.244,16,49,47,0,0,1,0.03,0.004,400000
5909,18,-9.149,2,7,1,1,0,0,0.03,0.004,400000
5910,134,5.397,11,33,15,1,0,0,0.03,0.004,400000
5911,222,2.777,12,34,41,1,0,0,0.03,0.004,400000
5912,400,24.651,10,32,14,0,0,1,0.03,0.004,400000
5913,171,14.996,17,44,13,1,0,0,0.03,0.004,400000
5914,400,55.276,35,86,16,0,0,1,0.03,0.004,400000
5915,22,-11.628,1,7,6,1,0,0,0.03,0.004,400000
5916,400,44.826,33,70,54,0,0,1,0.03,0.004,400000
5917,400,3.379,4,15,6,0,0,1,0.03,0.004,400000
5918,400,22.625,17,37,23,0,0,1,0.03,0.004,400000
5919,18,-15.76,0,3,12,1,0,0,0.03,0.004,400000
5920,18,-11.916,1,6,2,1,0,0,0.03,0.004,400000
5921,400,48.882,35,79,51,0,0,1,0.03,0.004,400000
5922,246,8.211,17,39,56,1,0,0,0.03,0.004,400000
5923,400,38.835,28,68,73,0,0,1,0.03,0.004,400000
5924,214,16.085,19,46,20,1,0,0,0.03,0.004,400000
5925,400,34.993,28,72,104,0,0,1,0.03,0.004,400000
5926,400,8.994,12,28,53,0,0,1,0.03,0.004,400000
5927,171,-4.128,6,28,40,1,0,0,0.03,0.004,400000
5928,400,40.732,29,70,62,0,0,1,0.03,0.004,400000
5929,70,-8.462,1,7,9,1,0,0,0.03,0.004,400000
5930,400,38.933,28,71,70,0,0,1,0.03,0.004,400000
5931,400,56.542,38,92,52,0,0,1,0.03,0.004,400000
5932,240,19.714,19,53,23,1,0,0,0.03,0.004,400000
5933,64,-6.853,3,11,21,1,0,0,0.03,0.004,400000
5934,186,3.582,10,38,28,1,0,0,0.03,0.004,400000
5935,400,12.405,8,24,19,0,0,1,0.03,0.004,400000
5936,353,28.495,28,74,59,1,0,0,0.03,0.004,400000
5937,183,19.585,23,49,13,1,0,0,0.03,0.004,400000
5938,320,17.491,23,53,39,1,0,0,0.03,0.004,400000
5939,335,-6.302,4,12,16,1,0,0,0.03,0.004,400000
5940,118,1.37,11,30,21,1,0,0,0.03,0.004,400000
5941,400,39.545,29,74,74,0,0,1,0.03,0.004,400000
5942,57,-11.097,0,4,4,1,0,0,0.03,0.004,400000
5943,400,39.38,29,70,57,0,0,1,0.03,0.004,400000
5944,400,50.875,36,88,81,0,0,1,0.03,0.004,400000
5945,400,38.001,28,69,68,0,0,1,0.03,0.004,400000
5946,400,15.896,14,36,46,0,0,1,0.03,0.004,400000
5947,88,-5.973,4,17,10,1,0,0,0.03,0.004,400000
5948,38,-9.272,3,8,7,1,0,0,0.03,0.004,400000
5949,400,38.493,27,66,39,0,0,1,0.03,0.004,400000
5950,400,42.833,29,73,48,0,0,1,0.03,0.004,400000
5951,400,35.124,26,67,48,0,0,1,0.03,0.004,400000
5952,181,10.388,15,41,21,1,0,0,0.03,0.004,400000
5953,74,1.659,6,21,0,1,0,0,0.03,0.004,400000
5954,400,34.804,23,66,68,0,0,1,0.03,0.004,400000
5955,26,-9.671,2,7,3,1,0,0,0.03,0.004,400000
5956,400,32.234,21,56,32,0,0,1,0.03,0.004,400000
5957,59,-6.119,4,17,5,1,0,0,0.03,0.004,400000
5958,400,46.694,31,80,56,0,0,1,0.03,0.004,400000
5959,400,46.232,32,76,49,0,0,1,0.03,0.004,400000
5960,247,9.395,16,32,27,1,0,0,0.03,0.004,400000
5961,400,27.343,18,55,44,0,0,1,0.03,0.004,400000
5962,400,22.964,19,58,99,0,0,1,0.03,0.004,400000
5963,400,22.663,16,37,24,0,0,1,0.03,0.004,400000
5964,50,-10.53,3,8,18,1,0,0,0.03,0.004,400000
5965,10,-14.756,0,4,5,1,0,0,0.03,0.004,400000
5966,400,49.488,34,75,55,0,0,1,0.03,0.004,400000
5967,400,-0.776,1,5,11,0,0,1,0.03,0.004,400000
5968,286,16.903,21,41,31,1,0,0,0.03,0.004,400000
5969,62,-6.841,6,10,18,1,0,0,0.03,0.004,400000
5970,400,36.749,27,70,54,0,0,1,0.03,0.004,400000
5971,183,17.385,18,37,9,1,0,0,0.03,0.004,400000
5972,400,49.321,31,79,37,0,0,1,0.03,0.004,400000
5973,7,-14.463,0,3,2,1,0,0,0.03,0.004,400000
5974,400,55.103,38,76,41,0,0,1,0.03,0.004,400000
5975,400,33.92,25,60,41,0,0,1,0.03,0.004,400000
5976,64,-5.676,3,12,14,1,0,0,0.03,0.004,400000
5977,62,-3.694,6,15,3,1,0,0,0.03,0.004,400000
5978,112,3.618,11,28,14,1,0,0,0.03,0.004,400000
5979,400,27.926,22,61,91,0,0,1,0.03,0.004,400000
5980,231,28.517,27,64,16,1,0,0,0.03,0.004,400000
5981,81,-3.893,4,8,10,1,0,0,0.03,0.004,400000
5982,18,-9.881,2,8,2,1,0,0,0.03,0.004,400000
5983,235,11.441,18,51,33,1,0,0,0.03,0.004,400000
5984,39,-6.771,4,16,4,1,0,0,0.03,0.004,400000
5985,325,31.409,29,69,49,1,0,0,0.03,0.004,400000
5986,400,39.808,29,73,58,0,0,1,0.03,0.004,400000
5987,254,21.127,24,48,28,1,0,0,0.03,0.004,400000
5988,89,-20.492,0,3,49,1,0,0,0.03,0.004,400000
5989,400,26.947,19,48,29,0,0,1,0.03,0.004,400000
5990,22,-13.755,0,5,5,1,0,0,0.03,0.004,400000
5991,400,4.66,6,17,23,0,0,1,0.03,0.004,400000
5992,400,65.228,41,109,34,0,0,1,0.03,0.004,400000
5993,353,20.396,16,34,17,1,0,0,0.03,0.004,400000
5994,400,50.627,33,85,35,0,0,1,0.03,0.004,400000
5995,400,37.924,24,69,23,0,0,1,0.03,0.004,400000
5996,104,2.214,9,26,1,1,0,0,0.03,0.004,400000
5997,359,28.987,25,67,12,1,0,0,0.03,0.004,400000
5998,99,-3.613,4,14,5,1,0,0,0.03,0.004,400000
5999,38,-4.281,3,11,1,1,0,0,0.03,0.004,400000
6000,147,-7.321,1,11,2,1,0,0,0.03,0.004,400000
6001,84,0.434,8,22,1,1,0,0,0.03,0.004,400000
6002,30,-13.408,0,5,2,1,0,0,0.03,0.004,400000
6003,53,-8.397,1,6,10,1,0,0,0.03,0.004,400000
6004,173,9.687,15,31,14,1,0,0,0.03,0.004,400000
6005,400,24.784,20,45,66,0,0,1,0.03,0.004,400000
6006,400,18.749,6,14,6,0,0,1,0.03,0.004,400000
6007,400,20.441,10,19,5,0,0,1,0.03,0.004,400000
6008,400,33.962,20,50,29,0,0,1,0.03,0.004,400000
6009,334,-6.344,3,20,16,1,0,0,0.03,0.004,400000
6010,400,-5.744,0,8,10,0,0,1,0.03,0.004,400000
6011,270,10.303,14,42,14,1,0,0,0.03,0.004,400000
6012,100,-2.261,5,15,9,1,0,0,0.03,0.004,400000
6013,400,61.229,38,94,25,0,0,1,0.03,0.004,400000
6014,226,12.556,14,30,1,1,0,0,0.03,0.004,400000
6015,103,2.973,8,32,1,1,0,0,0.03,0.004,400000
6016,400,19.917,10,21,32,0,0,1,0.03,0.004,400000
6017,381,11.384,18,36,7,1,0,0,0.03,0.004,400000
6018,400,54.636,33,77,3,0,0,1,0.03,0.004,400000
6019,400,27.541,16,49,4,0,0,1,0.03,0.004,400000
6020,42,-14.882,0,2,0,1,0,0,0.03,0.004,400000
6021,400,27.686,14,33,23,0,0,1,0.03,0.004,400000
6022,202,-4.369,4,13,1,1,0,0,0.03,0.004,400000
6023,400,37.158,22,62,5,0,0,1,0.03,0.004,400000
6024,400,2.874,4,19,10,0,0,1,0.03,0.004,400000
6025,305,1.649,7,20,2,1,0,0,0.03,0.004,400000
6026,400,38.494,22,48,19,0,0,1,0.03,0.004,400000
6027,88,2.002,8,24,0,1,0,0,0.03,0.004,400000
6028,125,8.422,14,35,9,1,0,0,0.03,0.004,400000
6029,400,40.357,19,60,5,0,0,1,0.03,0.004,400000
6030,214,14.666,17,56,8,1,0,0,0.03,0.004,400000
6031,99,-15.864,0,3,2,1,0,0,0.03,0.004,400000
6032,284,13.323,14,31,6,1,0,0,0.03,0.004,400000
6033,400,22.821,16,36,8,0,0,1,0.03,0.004,400000
6034,400,22.542,10,37,4,0,0,1,0.03,0.004,400000
6035,160,15.862,12,51,0,1,0,0,0.03,0.004,400000
6036,400,52.908,35,77,4,0,0,1,0.03,0.004,400000
6037,36,-7.982,3,9,0,1,0,0,0.03,0.004,400000
6038,257,12.96,16,42,9,1,0,0,0.03,0.004,400000
6039,341,-0.459,6,19,6,1,0,0,0.03,0.004,400000
6040,400,11.48,8,34,19,0,0,1,0.03,0.004,400000
6041,209,-5.011,2,14,0,1,0,0,0.03,0.004,400000
6042,400,9.444,10,18,0,0,0,1,0.03,0.004,400000
6043,400,27.833,15,46,18,0,0,1,0.03,0.004,400000
6044,400,45.09,29,61,30,0,0,1,0.03,0.004,400000
6045,148,12.763,14,43,1,1,0,0,0.03,0.004,400000
6046,152,16.61,15,41,1,1,0,0,0.03,0.004,400000
6047,282,13.317,12,45,0,1,0,0,0.03,0.004,400000
6048,300,-16.163,0,10,6,1,0,0,0.03,0.004,400000
6049,34,-10.072,2,8,1,1,0,0,0.03,0.004,400000
6050,400,10.15,8,22,2,0,0,1,0.03,0.004,400000
6051,211,-17.46,0,1,0,1,0,0,0.03,0.004,400000
6052,237,22.206,19,40,6,1,0,0,0.03,0.004,400000
6053,400,42.757,27,73,49,0,0,1,0.03,0.004,400000
6054,400,18.122,10,33,19,0,0,1,0.03,0.004,400000
6055,372,28.973,28,75,48,1,0,0,0.03,0.004,400000
6056,374,7.446,12,36,11,1,0,0,0.03,0.004,400000
6057,201,-2.271,9,23,3,1,0,0,0.03,0.004,400000
6058,400,55.905,37,81,33,0,0,1,0.03,0.004,400000
6059,400,60.62,38,89,17,0,0,1,0.03,0.004,400000
6060,15,-14.527,0,2,0,1,0,0,0.03,0.004,400000
6061,386,-3.276,7,24,30,1,0,0,0.03,0.004,400000
6062,37,-7.983,3,9,1,1,0,0,0.03,0.004,400000
6063,400,48.074,32,67,22,0,0,1,0.03,0.004,400000
6064,70,-7.098,5,14,20,1,0,0,0.03,0.004,400000
6065,58,-5.839,5,15,8,1,0,0,0.03,0.004,400000
6066,400,25.259,17,41,22,0,0,1,0.03,0.004,400000
6067,105,2.882,10,26,10,1,0,0,0.03,0.004,400000
6068,201,8.132,12,33,26,1,0,0,0.03,0.004,400000
6069,91,3.236,10,29,0,1,0,0,0.03,0.004,400000
6070,284,24.689,26,68,31,1,0,0,0.03,0.004,400000
6071,145,-7.814,4,13,3,1,0,0,0.03,0.004,400000
6072,280,30.667,30,60,27,1,0,0,0.03,0.004,400000
6073,192,10.822,15,54,28,1,0,0,0.03,0.004,400000
6074,400,54.575,37,90,41,0,0,1,0.03,0.004,400000
6075,400,12.073,10,41,64,0,0,1,0.03,0.004,400000
6076,257,-12.778,2,9,36,1,0,0,0.03,0.004,400000
6077,104,4.96,11,26,3,1,0,0,0.03,0.004,400000
6078,192,6.911,10,23,2,1,0,0,0.03,0.004,400000
6079,400,38.089,22,74,17,0,0,1,0.03,0.004,400000
6080,400,43.989,27,54,12,0,0,1,0.03,0.004,400000
6081,276,-4.476,4,11,2,1,0,0,0.03,0.004,400000
6082,383,11.144,14,36,26,1,0,0,0.03,0.004,400000
6083,400,46.046,31,66,35,0,0,1,0.03,0.004,400000
6084,23,-8.384,1,7,5,1,0,0,0.03,0.004,400000
6085,400,33.51,17,50,28,0,0,1,0.03,0.004,400000
6086,170,-16.956,0,2,2,1,0,0,0.03,0.004,400000
6087,21,-10.541,2,9,4,1,0,0,0.03,0.004,400000
6088,400,15.682,10,35,28,0,0,1,0.03,0.004,400000
6089,352,-10.189,1,10,12,1,0,0,0.03,0.004,400000
6090,167,24.364,24,43,9,1,0,0,0.03,0.004,400000
6091,400,14.93,14,44,88,0,0,1,0.03,0.004,400000
6092,400,14.923,11,35,37,0,0,1,0.03,0.004,400000
6093,400,33.404,21,56,50,0,0,1,0.03,0.004,400000
6094,226,-3.637,6,22,6,1,0,0,0.03,0.004,400000
6095,400,41.787,26,66,31,0,0,1,0.03,0.004,400000
6096,168,2.384,10,28,14,1,0,0,0.03,0.004,400000
6097,18,-10.734,1,8,1,1,0,0,0.03,0.004,400000
6098,115,-5.483,6,19,24,1,0,0,0.03,0.004,400000
6099,400,-2.949,1,8,14,0,0,1,0.03,0.004,400000
6100,119,4.751,13,29,20,1,0,0,0.03,0.004,400000
6101,74,-1.983,6,24,3,1,0,0,0.03,0.004,400000
6102,112,-6.72,6,19,29,1,0,0,0.03,0.004,400000
6103,54,-9.647,0,5,7,1,0,0,0.03,0.004,400000
6104,400,35.095,25,66,44,0,0,1,0.03,0.004,400000
6105,80,2.45,9,19,13,1,0,0,0.03,0.004,400000
6106,372,-8.783,2,10,25,1,0,0,0.03,0.004,400000
6107,400,28.422,21,60,79,0,0,1,0.03,0.004,400000
6108,400,36.299,24,65,55,0,0,1,0.03,0.004,400000
6109,343,32.014,29,70,18,1,0,0,0.03,0.004,400000
6110,279,14.124,17,37,42,1,0,0,0.03,0.004,400000
6111,400,27.359,17,46,44,0,0,1,0.03,0.004,400000
6112,336,38.113,32,79,35,1,0,0,0.03,0.004,400000
6113,400,39.749,25,66,34,0,0,1,0.03,0.004,400000
6114,6,-9.442,0,3,0,1,0,0,0.03,0.004,400000
6115,125,4.584,10,37,5,1,0,0,0.03,0.004,400000
6116,400,27.649,19,49,12,0,0,1,0.03,0.004,400000
6117,400,30.319,22,52,46,0,0,1,0.03,0.004,400000
6118,400,59.078,39,84,31,0,0,1,0.03,0.004,400000
6119,85,-7.904,4,14,4,1,0,0,0.03,0.004,400000
6120,40,-7.949,1,7,6,1,0,0,0.03,0.004,400000
6121,400,56.391,36,79,23,0,0,1,0.03,0.004,400000
6122,7,-14.29,0,4,2,1,0,0,0.03,0.004,400000
6123,56,-1.107,7,20,0,1,0,0,0.03,0.004,400000
6124,22,-11.063,2,6,5,1,0,0,0.03,0.004,400000
6125,13,-16.15,0,2,9,1,0,0,0.03,0.004,400000
6126,400,25.954,17,49,55,0,0,1,0.03,0.004,400000
6127,10,-15.086,0,2,7,1,0,0,0.03,0.004,400000
6128,54,-7.717,3,12,4,1,0,0,0.03,0.004,400000
6129,112,0.729,9,22,17,1,0,0,0.03,0.004,400000
6130,400,29.587,19,39,27,0,0,1,0.03,0.004,400000
6131,10,-14.856,0,4,6,1,0,0,0.03,0.004,400000
6132,189,18.111,18,56,10,1,0,0,0.03,0.004,400000
6133,204,14.121,18,57,26,1,0,0,0.03,0.004,400000
6134,383,-3.911,4,16,5,1,0,0,0.03,0.004,400000
6135,82,-4.382,6,19,10,1,0,0,0.03,0.004,400000
6136,400,46.453,34,69,42,0,0,1,0.03,0.004,400000
6137,400,49.936,33,86,51,0,0,1,0.03,0.004,400000
6138,73,-7.555,5,12,24,1,0,0,0.03,0.004,400000
6139,369,27.054,23,58,21,1,0,0,0.03,0.004,400000
6140,18,-8.157,3,7,1,1,0,0,0.03,0.004,400000
6141,50,-4.731,6,15,5,1,0,0,0.03,0.004,400000
6142,347,4.513,12,32,27,1,0,0,0.03,0.004,400000
6143,400,22.242,13,50,59,0,0,1,0.03,0.004,400000
6144,84,-15.54,0,3,2,1,0,0,0.03,0.004,400000
6145,160,8.32,13,43,15,1,0,0,0.03,0.004,400000
6146,61,-6.021,6,12,9,1,0,0,0.03,0.004,400000
6147,400,48.339,32,71,37,0,0,1,0.03,0.004,400000
6148,387,18.802,16,53,6,1,0,0,0.03,0.004,400000
6149,400,54.837,37,82,33,0,0,1,0.03,0.004,400000
6150,67,-5.913,5,14,7,1,0,0,0.03,0.004,400000
6151,400,8.097,4,23,5,0,0,1,0.03,0.004,400000
6152,400,17.086,17,41,10,0,0,1,0.03,0.004,400000
6153,400,20.818,13,42,29,0,0,1,0.03,0.004,400000
6154,191,12.918,14,38,8,1,0,0,0.03,0.004,400000
6155,400,35.916,24,59,33,0,0,1,0.03,0.004,400000
6156,383,22.614,25,75,28,1,0,0,0.03,0.004,400000
6157,400,33.603,15,33,8,0,0,1,0.03,0.004,400000
6158,76,-2.817,4,12,9,1,0,0,0.03,0.004,400000
6159,51,-9.874,2,12,10,1,0,0,0.03,0.004,400000
6160,283,15.058,20,58,48,1,0,0,0.03,0.004,400000
6161,112,-9.939,2,11,1,1,0,0,0.03,0.004,400000
6162,25,-9.629,2,10,2,1,0,0,0.03,0.004,400000
6163,316,0.529,11,31,44,1,0,0,0.03,0.004,400000
6164,400,44.344,28,74,19,0,0,1,0.03,0.004,400000
6165,400,52.651,32,76,22,0,0,1,0.03,0.004,400000
6166,400,20.575,12,36,12,0,0,1,0.03,0.004,400000
6167,400,21.103,16,47,45,0,0,1,0.03,0.004,400000
6168,160,12.96,13,35,1,1,0,0,0.03,0.004,400000
6169,156,5.847,10,30,3,1,0,0,0.03,0.004,400000
6170,146,11.694,17,38,9,1,0,0,0.03,0.004,400000
6171,134,3.08,10,27,5,1,0,0,0.03,0.004,400000
6172,400,51.645,32,72,12,0,0,1,0.03,0.004,400000
6173,260,23.822,23,46,23,1,0,0,0.03,0.004,400000
6174,400,36.39,25,65,58,0,0,1,0.03,0.004,400000
6175,400,41.967,27,75,46,0,0,1,0.03,0.004,400000
6176,400,33.383,22,67,34,0,0,1,0.03,0.004,400000
6177,400,52.574,32,89,9,0,0,1,0.03,0.004,400000
6178,300,42.06,32,80,4,1,0,0,0.03,0.004,400000
6179,400,36.682,22,50,19,0,0,1,0.03,0.004,400000
6180,180,17.671,20,49,5,1,0,0,0.03,0.004,400000
6181,199,14.808,18,35,3,1,0,0,0.03,0.004,400000
6182,400,35.296,24,59,14,0,0,1,0.03,0.004,400000
6183,400,27.889,11,37,4,0,0,1,0.03,0.004,400000
6184,208,11.629,16,39,11,1,0,0,0.03,0.004,400000
6185,88,-6.271,2,15,8,1,0,0,0.03,0.004,400000
6186,204,-11.83,2,8,3,1,0,0,0.03,0.004,400000
6187,150,4.695,10,34,4,1,0,0,0.03,0.004,400000
6188,318,21.629,19,55,7,1,0,0,0.03,0.004,400000
6189,122,-6.641,5,20,29,1,0,0,0.03,0.004,400000
6190,81,-8.276,1,6,0,1,0,0,0.03,0.004,400000
6191,400,25.113,6,17,5,0,0,1,0.03,0.004,400000
6192,400,16.647,11,29,14,0,0,1,0.03,0.004,400000
6193,400,44.902,32,61,25,0,0,1,0.03,0.004,400000
6194,86,2.371,6,26,2,1,0,0,0.03,0.004,400000
6195,88,1.422,7,16,3,1,0,0,0.03,0.004,400000
6196,16,-9.367,0,6,7,1,0,0,0.03,0.004,400000
6197,203,23.443,22,41,2,1,0,0,0.03,0.004,400000
6198,278,1.979,9,22,25,1,0,0,0.03,0.004,400000
6199,400,16.825,12,24,15,0,0,1,0.03,0.004,400000
6200,400,29.44,22,49,48,0,0,1,0.03,0.004,400000
6201,329,29.845,26,56,25,1,0,0,0.03,0.004,400000
6202,400,17.419,12,34,43,0,0,1,0.03,0.004,400000
6203,42,-4.009,3,11,0,1,0,0,0.03,0.004,400000
6204,400,52.056,32,71,23,0,0,1,0.03,0.004,400000
6205,18,-8.902,3,7,1,1,0,0,0.03,0.004,400000
6206,400,44.072,23,67,19,0,0,1,0.03,0.004,400000
6207,49,-7.062,5,12,5,1,0,0,0.03,0.004,400000
6208,400,48.54,33,73,46,0,0,1,0.03,0.004,400000
6209,19,-10.409,1,7,2,1,0,0,0.03,0.004,400000
6210,400,25.607,16,49,44,0,0,1,0.03,0.004,400000
6211,400,3.676,7,23,37,0,0,1,0.03,0.004,400000
6212,286,19.343,22,65,44,1,0,0,0.03,0.004,400000
6213,400,52.831,36,79,39,0,0,1,0.03,0.004,400000
6214,37,-7.281,2,9,10,1,0,0,0.03,0.004,400000
6215,255,29.718,27,72,29,1,0,0,0.03,0.004,400000
6216,117,1.597,7,29,15,1,0,0,0.03,0.004,400000
6217,400,8.472,7,25,17,0,0,1,0.03,0.004,400000
6218,118,5.514,13,34,10,1,0,0,0.03,0.004,400000
6219,304,23.559,24,77,53,1,0,0,0.03,0.004,400000
6220,400,17.654,14,29,22,0,0,1,0.03,0.004,400000
6221,272,31.372,26,68,19,1,0,0,0.03,0.004,400000
6222,228,33.301,32,65,10,1,0,0,0.03,0.004,400000
6223,82,-6.645,4,26,11,1,0,0,0.03,0.004,400000
6224,330,22.957,23,68,44,1,0,0,0.03,0.004,400000
6225,400,59.065,38,86,26,0,0,1,0.03,0.004,400000
6226,21,-11.759,1,7,4,1,0,0,0.03,0.004,400000
6227,400,28.907,20,57,35,0,0,1,0.03,0.004,400000
6228,400,9.777,8,24,45,0,0,1,0.03,0.004,400000
6229,211,5.911,13,32,53,1,0,0,0.03,0.004,400000
6230,132,1.955,10,24,25,1,0,0,0.03,0.004,400000
6231,175,10.816,14,46,28,1,0,0,0.03,0.004,400000
6232,63,-0.957,5,28,1,1,0,0,0.03,0.004,400000
6233,117,4.408,10,31,2,1,0,0,0.03,0.004,400000
6234,124,-2.859,7,17,24,1,0,0,0.03,0.004,400000
6235,42,-10.416,2,10,9,1,0,0,0.03,0.004,400000
6236,381,33.345,30,68,52,1,0,0,0.03,0.004,400000
6237,173,5.203,13,39,32,1,0,0,0.03,0.004,400000
6238,400,49.234,34,78,30,0,0,1,0.03,0.004,400000
6239,95,-8.41,4,17,23,1,0,0,0.03,0.004,400000
6240,400,55.489,36,89,48,0,0,1,0.03,0.004,400000
6241,400,41.287,26,78,39,0,0,1,0.03,0.004,400000
6242,400,47.58,32,79,48,0,0,1,0.03,0.004,400000
6243,7,-14.873,0,2,5,1,0,0,0.03,0.004,400000
6244,400,20.511,15,41,46,0,0,1,0.03,0.004,400000
6245,33,-7.467,4,10,3,1,0,0,0.03,0.004,400000
6246,73,-1.036,8,28,8,1,0,0,0.03,0.004,400000
6247,400,53.16,36,84,32,0,0,1,0.03,0.004,400000
6248,349,18.925,20,50,40,1,0,0,0.03,0.004,400000
6249,400,43.051,30,62,48,0,0,1,0.03,0.004,400000
6250,271,25.98,25,50,31,1,0,0,0.03,0.004,400000
6251,400,41.121,30,65,59,0,0,1,0.03,0.004,400000
6252,186,19.794,21,52,11,1,0,0,0.03,0.004,400000
6253,151,3.772,11,31,17,1,0,0,0.03,0.004,400000
6254,400,9.258,10,31,59,0,0,1,0.03,0.004,400000
6255,68,2.146,7,24,3,1,0,0,0.03,0.004,400000
6256,400,44.675,31,69,35,0,0,1,0.03,0.004,400000
6257,241,17.585,22,54,35,1,0,0,0.03,0.004,400000
6258,400,18.518,12,32,7,0,0,1,0.03,0.004,400000
6259,254,7.47,10,30,17,1,0,0,0.03,0.004,400000
6260,400,21.461,15,41,31,0,0,1,0.03,0.004,400000
6261,400,40.584,25,67,22,0,0,1,0.03,0.004,400000
6262,62,4.397,9,20,0,1,0,0,0.03,0.004,400000
6263,255,33.898,30,67,15,1,0,0,0.03,0.004,400000
6264,400,39.233,24,48,11,0,0,1,0.03,0.004,400000
6265,400,61.194,36,85,4,0,0,1,0.03,0.004,400000
6266,170,13.063,16,51,17,1,0,0,0.03,0.004,400000
6267,400,-1.19,1,14,27,0,0,1,0.03,0.004,400000
6268,176,14.814,20,46,28,1,0,0,0.03,0.004,400000
6269,294,7.969,9,21,28,1,0,0,0.03,0.004,400000
6270,20,-11.835,1,8,2,1,0,0,0.03,0.004,400000
6271,148,-3.732,7,30,10,1,0,0,0.03,0.004,400000
6272,15,-15.284,0,4,11,1,0,0,0.03,0.004,400000
6273,7,-14.853,0,1,4,1,0,0,0.03,0.004,400000
6274,190,3.801,9,29,20,1,0,0,0.03,0.004,400000
6275,125,1.108,8,24,9,1,0,0,0.03,0.004,400000
6276,7,-14.629,0,4,5,1,0,0,0.03,0.004,400000
6277,400,57.668,35,77,12,0,0,1,0.03,0.004,400000
6278,400,46.903,30,85,28,0,0,1,0.03,0.004,400000
6279,265,-1.402,9,23,23,1,0,0,0.03,0.004,400000
6280,158,0.665,7,25,1,1,0,0,0.03,0.004,400000
6281,400,45.936,29,87,39,0,0,1,0.03,0.004,400000
6282,30,-10.26,1,8,1,1,0,0,0.03,0.004,400000
6283,350,22.514,22,63,16,1,0,0,0.03,0.004,400000
6284,6,-9.926,0,3,1,1,0,0,0.03,0.004,400000
6285,147,13.2,15,49,8,1,0,0,0.03,0.004,400000
6286,188,-17.166,1,6,47,1,0,0,0.03,0.004,400000
6287,250,4.379,13,44,49,1,0,0,0.03,0.004,400000
6288,139,5.722,10,30,18,1,0,0,0.03,0.004,400000
6289,400,41.987,27,73,49,0,0,1,0.03,0.004,400000
6290,18,-9.055,2,7,0,1,0,0,0.03,0.004,400000
6291,400,44.526,29,73,13,0,0,1,0.03,0.004,400000
6292,400,19.964,13,46,8,0,0,1,0.03,0.004,400000
6293,115,-2.134,8,19,24,1,0,0,0.03,0.004,400000
6294,400,15.632,11,26,14,0,0,1,0.03,0.004,400000
6295,198,17.146,20,50,20,1,0,0,0.03,0.004,400000
6296,400,64.404,37,95,9,0,0,1,0.03,0.004,400000
6297,259,30.351,25,80,5,1,0,0,0.03,0.004,400000
6298,400,30.115,19,61,7,0,0,1,0.03,0.004,400000
6299,39,-7.985,3,12,1,1,0,0,0.03,0.004,400000
6300,291,3.123,6,19,3,1,0,0,0.03,0.004,400000
6301,158,-7.326,3,25,24,1,0,0,0.03,0.004,400000
6302,312,31.084,26,66,21,1,0,0,0.03,0.004,400000
6303,400,57.884,37,91,11,0,0,1,0.03,0.004,400000
6304,46,-14.979,0,3,2,1,0,0,0.03,0.004,400000
6305,356,38.282,31,76,13,1,0,0,0.03,0.004,400000
6306,400,47.858,26,66,3,0,0,1,0.03,0.004,400000
6307,46,-3.484,4,9,2,1,0,0,0.03,0.004,400000
6308,192,-9.926,3,9,2,1,0,0,0.03,0.004,400000
6309,87,3.646,10,27,1,1,0,0,0.03,0.004,400000
6310,400,46.451,29,74,4,0,0,1,0.03,0.004,400000
6311,400,0.336,3,10,3,0,0,1,0.03,0.004,400000
6312,400,49.139,32,70,6,0,0,1,0.03,0.004,400000
6313,400,23.59,8,18,5,0,0,1,0.03,0.004,400000
6314,400,26.535,16,42,3,0,0,1,0.03,0.004,400000
6315,400,14.657,11,23,9,0,0,1,0.03,0.004,400000
6316,400,47.261,29,74,8,0,0,1,0.03,0.004,400000
6317,400,42.705,22,65,5,0,0,1,0.03,0.004,400000
6318,400,40.952,24,63,28,0,0,1,0.03,0.004,400000
6319,370,-1.674,5,13,8,1,0,0,0.03,0.004,400000
6320,133,6.238,9,34,1,1,0,0,0.03,0.004,400000
6321,18,-9.199,2,7,0,1,0,0,0.03,0.004,400000
6322,400,-5.568,0,3,7,0,0,1,0.03,0.004,400000
6323,23,-14.751,0,3,2,1,0,0,0.03,0.004,400000
6324,400,-5.44,0,0,2,0,0,1,0.03,0.004,400000
6325,226,16.99,16,45,1,1,0,0,0.03,0.004,400000
6326,54,-6.653,3,15,1,1,0,0,0.03,0.004,400000
6327,238,-8.005,3,9,3,1,0,0,0.03,0.004,400000
6328,400,-1.838,1,4,7,0,0,1,0.03,0.004,400000
6329,262,-5.161,6,22,2,1,0,0,0.03,0.004,400000
6330,122,-4.28,6,14,2,1,0,0,0.03,0.004,400000
6331,400,7.194,7,15,2,0,0,1,0.03,0.004,400000
6332,368,-10.137,2,9,4,1,0,0,0.03,0.004,400000
6333,359,44.402,34,79,3,1,0,0,0.03,0.004,400000
6334,202,1.456,10,32,8,1,0,0,0.03,0.004,400000
6335,73,3.407,7,26,1,1,0,0,0.03,0.004,400000
6336,61,0.471,5,21,0,1,0,0,0.03,0.004,400000
6337,400,27.652,18,58,7,0,0,1,0.03,0.004,400000
6338,400,7.441,8,21,3,0,0,1,0.03,0.004,400000
6339,388,50.734,37,81,7,1,0,0,0.03,0.004,400000
6340,7,-9.727,0,1,0,1,0,0,0.03,0.004,400000
6341,18,-8.955,2,9,1,1,0,0,0.03,0.004,400000
6342,400,15.174,11,34,8,0,0,1,0.03,0.004,400000
6343,400,48.002,32,67,10,0,0,1,0.03,0.004,400000
6344,400,49.454,32,84,7,0,0,1,0.03,0.004,400000
6345,25,-9.37,2,8,0,1,0,0,0.03,0.004,400000
6346,7,-9.527,0,3,0,1,0,0,0.03,0.004,400000
6347,380,-10.097,4,15,3,1,0,0,0.03,0.004,400000
6348,400,10.47,10,21,6,0,0,1,0.03,0.004,400000
6349,139,-16.374,0,3,3,1,0,0,0.03,0.004,400000
6350,400,38.826,24,57,7,0,0,1,0.03,0.004,400000
6351,400,60.259,39,87,9,0,0,1,0.03,0.004,400000
6352,400,18.128,12,37,4,0,0,1,0.03,0.004,400000
6353,68,-15.258,0,3,1,1,0,0,0.03,0.004,400000
6354,400,45.61,29,71,7,0,0,1,0.03,0.004,400000
6355,400,13.015,6,17,11,0,0,1,0.03,0.004,400000
6356,400,-2.89,1,8,2,0,0,1,0.03,0.004,400000
6357,179,12.092,14,33,5,1,0,0,0.03,0.004,400000
6358,11,-14.8,0,2,3,1,0,0,0.03,0.004,400000
6359,37,-11.484,1,5,8,1,0,0,0.03,0.004,400000
6360,9,-14.871,0,3,5,1,0,0,0.03,0.004,400000
6361,309,13.596,19,49,9,1,0,0,0.03,0.004,400000
6362,14,-15.063,0,3,7,1,0,0,0.03,0.004,400000
6363,400,58.711,32,92,7,0,0,1,0.03,0.004,400000
6364,400,45.119,28,68,5,0,0,1,0.03,0.004,400000
6365,400,6.592,6,22,25,0,0,1,0.03,0.004,400000
6366,334,38.713,28,75,10,1,0,0,0.03,0.004,400000
6367,193,-3.529,6,21,2,1,0,0,0.03,0.004,400000
6368,400,27.967,11,31,11,0,0,1,0.03,0.004,400000
6369,238,-8.907,2,9,6,1,0,0,0.03,0.004,400000
6370,107,-8.488,3,11,2,1,0,0,0.03,0.004,400000
6371,400,-0.476,3,8,10,0,0,1,0.03,0.004,400000
6372,271,8.158,5,22,3,1,0,0,0.03,0.004,400000
6373,118,-16.525,0,3,7,1,0,0,0.03,0.004,400000
6374,400,26.995,17,40,8,0,0,1,0.03,0.004,400000
6375,150,-16.671,0,2,2,1,0,0,0.03,0.004,400000
6376,10,-14.601,0,4,4,1,0,0,0.03,0.004,400000
6377,400,49.681,33,85,33,0,0,1,0.03,0.004,400000
6378,113,8.234,13,31,2,1,0,0,0.03,0.004,400000
6379,400,20.974,15,36,3,0,0,1,0.03,0.004,400000
6380,400,50.544,31,84,9,0,0,1,0.03,0.004,400000
6381,400,40.634,23,71,3,0,0,1,0.03,0.004,400000
6382,259,17.438,16,36,10,1,0,0,0.03,0.004,400000
6383,270,23.064,22,44,3,1,0,0,0.03,0.004,400000
6384,400,27.038,16,51,27,0,0,1,0.03,0.004,400000
6385,400,-1.871,2,9,3,0,0,1,0.03,0.004,400000
6386,180,11.781,13,38,3,1,0,0,0.03,0.004,400000
6387,32,-14.749,0,3,2,1,0,0,0.03,0.004,400000
6388,400,43.189,29,68,13,0,0,1,0.03,0.004,400000
6389,18,-10.204,2,6,3,1,0,0,0.03,0.004,400000
6390,400,-5.42,0,0,2,0,0,1,0.03,0.004,400000
6391,140,1.92,6,12,1,1,0,0,0.03,0.004,400000
6392,153,12.688,14,38,13,1,0,0,0.03,0.004,400000
6393,400,39.226,25,55,4,0,0,1,0.03,0.004,400000
6394,131,17.212,18,47,1,1,0,0,0.03,0.004,400000
6395,400,39.914,24,68,3,0,0,1,0.03,0.004,400000
6396,400,67.356,40,103,5,0,0,1,0.03,0.004,400000
6397,400,6.063,6,21,11,0,0,1,0.03,0.004,400000
6398,400,33.92,23,53,3,0,0,1,0.03,0.004,400000
6399,18,-14.55,0,3,1,1,0,0,0.03,0.004,400000
6400,38,-12.175,0,9,0,1,0,0,0.03,0.004,400000
6401,315,16.32,20,61,5,1,0,0,0.03,0.004,400000
6402,400,38.181,26,61,5,0,0,1,0.03,0.004,400000
6403,400,17.284,13,35,3,0,0,1,0.03,0.004,400000
6404,362,-14.085,2,8,4,1,0,0,0.03,0.004,400000
6405,400,9.15,5,9,11,0,0,1,0.03,0.004,400000
6406,400,16.112,12,35,7,0,0,1,0.03,0.004,400000
6407,400,26.67,20,47,4,0,0,1,0.03,0.004,400000
6408,130,-18.622,0,3,1,1,0,0,0.03,0.004,400000
6409,160,-5.45,8,16,1,1,0,0,0.03,0.004,400000
6410,400,44.847,25,85,3,0,0,1,0.03,0.004,400000
6411,400,39.054,23,58,3,0,0,1,0.03,0.004,400000
6412,239,-1.755,7,23,6,1,0,0,0.03,0.004,400000
6413,7,-9.527,0,3,0,1,0,0,0.03,0.004,400000
6414,364,33.676,28,67,2,1,0,0,0.03,0.004,400000
6415,400,54.562,36,79,3,0,0,1,0.03,0.004,400000
6416,400,36.686,26,59,2,0,0,1,0.03,0.004,400000
6417,400,45.966,28,66,2,0,0,1,0.03,0.004,400000
6418,397,40.979,32,80,8,1,0,0,0.03,0.004,400000
6419,87,-2.05,4,10,1,1,0,0,0.03,0.004,400000
6420,63,-2.994,6,20,1,1,0,0,0.03,0.004,400000
6421,96,7.314,13,34,2,1,0,0,0.03,0.004,400000
6422,392,7.301,13,44,4,1,0,0,0.03,0.004,400000
6423,184,11.929,15,39,3,1,0,0,0.03,0.004,400000
6424,12,-14.584,0,2,2,1,0,0,0.03,0.004,400000
6425,400,43.669,23,58,7,0,0,1,0.03,0.004,400000
6426,184,-17.495,0,2,3,1,0,0,0.03,0.004,400000
6427,400,14.35,7,31,5,0,0,1,0.03,0.004,400000
6428,168,-1.259,8,21,1,1,0,0,0.03,0.004,400000
6429,129,10.108,14,25,1,1,0,0,0.03,0.004,400000
6430,400,-5.151,0,2,6,0,0,1,0.03,0.004,400000
6431,400,27.193,18,37,7,0,0,1,0.03,0.004,400000
6432,55,-1.389,4,15,1,1,0,0,0.03,0.004,400000
6433,286,7.324,9,26,10,1,0,0,0.03,0.004,400000
6434,400,6.727,8,18,4,0,0,1,0.03,0.004,400000
6435,39,-7.53,3,14,2,1,0,0,0.03,0.004,400000
6436,38,-5.638,6,11,1,1,0,0,0.03,0.004,400000
6437,186,-17.184,0,2,2,1,0,0,0.03,0.004,400000
6438,400,22.564,17,43,6,0,0,1,0.03,0.004,400000
6439,32,-14.719,0,3,1,1,0,0,0.03,0.004,400000
6440,400,26.726,19,45,5,0,0,1,0.03,0.004,400000
6441,356,16.484,13,37,6,1,0,0,0.03,0.004,400000
6442,64,-9.77,2,7,0,1,0,0,0.03,0.004,400000
6443,64,-3.125,6,14,1,1,0,0,0.03,0.004,400000
6444,303,-6.303,6,15,4,1,0,0,0.03,0.004,400000
6445,400,29.069,18,46,3,0,0,1,0.03,0.004,400000
6446,58,-1.016,7,19,2,1,0,0,0.03,0.004,400000
6447,400,9.108,6,23,5,0,0,1,0.03,0.004,400000
6448,400,40.005,26,66,1,0,0,1,0.03,0.004,400000
6449,400,55.949,36,83,4,0,0,1,0.03,0.004,400000
6450,400,42.204,22,61,4,0,0,1,0.03,0.004,400000
6451,284,-17.229,0,4,5,1,0,0,0.03,0.004,400000
6452,400,22.913,16,39,3,0,0,1,0.03,0.004,400000
6453,216,-8.038,3,9,3,1,0,0,0.03,0.004,400000
6454,400,48.943,29,65,2,0,0,1,0.03,0.004,400000
6455,337,18.546,18,41,5,1,0,0,0.03,0.004,400000
6456,18,-10.53,2,8,1,1,0,0,0.03,0.004,400000
6457,7,-9.337,0,1,0,1,0,0,0.03,0.004,400000
6458,400,48.086,32,74,6,0,0,1,0.03,0.004,400000
6459,400,28.74,19,44,2,0,0,1,0.03,0.004,400000
6460,50,-9.377,2,9,0,1,0,0,0.03,0.004,400000
6461,400,40.277,21,38,5,0,0,1,0.03,0.004,400000
6462,400,31.35,18,31,6,0,0,1,0.03,0.004,400000
6463,400,5.595,7,15,2,0,0,1,0.03,0.004,400000
6464,149,13.942,16,33,1,1,0,0,0.03,0.004,400000
6465,228,21.867,21,48,6,1,0,0,0.03,0.004,400000
6466,400,9.338,8,19,4,0,0,1,0.03,0.004,400000
6467,76,-0.568,6,24,1,1,0,0,0.03,0.004,400000
6468,48,-14.957,0,3,0,1,0,0,0.03,0.004,400000
6469,38,-7.899,3,15,1,1,0,0,0.03,0.004,400000
6470,148,11.347,15,41,5,1,0,0,0.03,0.004,400000
6471,42,-14.942,0,3,2,1,0,0,0.03,0.004,400000
6472,400,20.622,6,18,5,0,0,1,0.03,0.004,400000
6473,400,-9.617,1,10,5,0,0,1,0.03,0.004,400000
6474,400,43.677,28,72,5,0,0,1,0.03,0.004,400000
6475,269,35.911,27,68,2,1,0,0,0.03,0.004,400000
6476,400,37.495,22,63,5,0,0,1,0.03,0.004,400000
6477,184,0.108,8,23,5,1,0,0,0.03,0.004,400000
6478,191,21.885,21,47,2,1,0,0,0.03,0.004,400000
6479,400,30.653,18,45,1,0,0,1,0.03,0.004,400000
6480,400,-3.322,1,9,4,0,0,1,0.03,0.004,400000
6481,275,5.307,7,22,7,1,0,0,0.03,0.004,400000
6482,251,-21.442,0,1,2,1,0,0,0.03,0.004,400000
6483,400,-5.796,0,2,6,0,0,1,0.03,0.004,400000
6484,400,-4.52,0,6,6,0,0,1,0.03,0.004,400000
6485,27,-12.645,0,5,1,1,0,0,0.03,0.004,400000
6486,400,46.872,28,70,6,0,0,1,0.03,0.004,400000
6487,400,45.826,25,62,10,0,0,1,0.03,0.004,400000
6488,400,-8.552,0,4,7,0,0,1,0.03,0.004,400000
6489,400,57.379,36,80,9,0,0,1,0.03,0.004,400000
6490,400,39.723,26,66,11,0,0,1,0.03,0.004,400000
6491,268,32.987,29,71,5,1,0,0,0.03,0.004,400000
6492,400,32.51,15,42,4,0,0,1,0.03,0.004,400000
6493,400,9.135,6,18,9,0,0,1,0.03,0.004,400000
6494,79,-5.417,7,24,12,1,0,0,0.03,0.004,400000
6495,381,0.779,8,18,8,1,0,0,0.03,0.004,400000
6496,400,20.013,8,16,6,0,0,1,0.03,0.004,400000
6497,400,13.168,8,22,7,0,0,1,0.03,0.004,400000
6498,7,-9.627,0,2,0,1,0,0,0.03,0.004,400000
6499,139,-9.346,2,9,5,1,0,0,0.03,0.004,400000
6500,5,-14.587,0,1,1,1,0,0,0.03,0.004,400000
6501,73,-14.425,2,4,6,1,0,0,0.03,0.004,400000
6502,238,5.508,9,16,4,1,0,0,0.03,0.004,400000
6503,207,9.531,13,26,5,1,0,0,0.03,0.004,400000
6504,400,20.725,12,28,3,0,0,1,0.03,0.004,400000
6505,35,-7.064,4,8,1,1,0,0,0.03,0.004,400000
6506,301,11.751,12,37,4,1,0,0,0.03,0.004,400000
6507,400,-4.326,0,6,2,0,0,1,0.03,0.004,400000
6508,400,13.839,9,37,1,0,0,1,0.03,0.004,400000
6509,15,-14.837,0,2,4,1,0,0,0.03,0.004,400000
6510,77,1.029,7,25,1,1,0,0,0.03,0.004,400000
6511,137,-16.296,0,2,1,1,0,0,0.03,0.004,400000
6512,62,-4.035,6,13,0,1,0,0,0.03,0.004,400000
6513,295,-9.001,5,13,2,1,0,0,0.03,0.004,400000
6514,400,14.965,4,16,5,0,0,1,0.03,0.004,400000
6515,400,59.542,37,90,7,0,0,1,0.03,0.004,400000
6516,46,-8.522,3,10,0,1,0,0,0.03,0.004,400000
6517,400,60.784,38,94,7,0,0,1,0.03,0.004,400000
6518,233,10.415,18,45,25,1,0,0,0.03,0.004,400000
6519,400,41.061,26,53,4,0,0,1,0.03,0.004,400000
6520,115,8.512,16,35,3,1,0,0,0.03,0.004,400000
6521,396,18.394,13,31,7,1,0,0,0.03,0.004,400000
6522,17,-14.511,0,3,1,1,0,0,0.03,0.004,400000
6523,400,4.536,8,22,2,0,0,1,0.03,0.004,400000
6524,400,6.971,8,23,3,0,0,1,0.03,0.004,400000
6525,51,-16.127,0,3,3,1,0,0,0.03,0.004,400000
6526,400,28.925,20,60,9,0,0,1,0.03,0.004,400000
6527,169,-17.537,0,2,1,1,0,0,0.03,0.004,400000
6528,400,-9.131,1,6,3,0,0,1,0.03,0.004,400000
6529,400,-6.965,0,5,5,0,0,1,0.03,0.004,400000
6530,400,60.506,39,91,6,0,0,1,0.03,0.004,400000
6531,57,-15.162,0,3,2,1,0,0,0.03,0.004,400000
6532,274,42.342,33,76,9,1,0,0,0.03,0.004,400000
6533,400,47.446,27,67,4,0,0,1,0.03,0.004,400000
6534,360,23.507,18,40,5,1,0,0,0.03,0.004,400000
6535,23,-15.037,0,3,2,1,0,0,0.03,0.004,400000
6536,18,-14.766,0,3,2,1,0,0,0.03,0.004,400000
6537,222,14.569,17,49,4,1,0,0,0.03,0.004,400000
6538,223,-4.375,9,18,4,1,0,0,0.03,0.004,400000
6539,400,59.544,36,75,3,0,0,1,0.03,0.004,400000
6540,400,46.097,30,70,10,0,0,1,0.03,0.004,400000
6541,173,-7.634,3,7,5,1,0,0,0.03,0.004,400000
6542,400,52.582,33,77,8,0,0,1,0.03,0.004,400000
6543,57,-6.952,1,8,1,1,0,0,0.03,0.004,400000
6544,41,-15.008,0,3,2,1,0,0,0.03,0.004,400000
6545,18,-9.981,2,7,1,1,0,0,0.03,0.004,400000
6546,400,8.633,6,17,5,0,0,1,0.03,0.004,400000
6547,18,-9.199,2,7,1,1,0,0,0.03,0.004,400000
6548,31,-6.806,3,16,1,1,0,0,0.03,0.004,400000
6549,400,42.595,18,64,6,0,0,1,0.03,0.004,400000
6550,257,10.504,15,26,5,1,0,0,0.03,0.004,400000
6551,400,22.007,13,29,5,0,0,1,0.03,0.004,400000
6552,400,49.557,27,64,5,0,0,1,0.03,0.004,400000
6553,308,-11.262,1,6,3,1,0,0,0.03,0.004,400000
6554,400,14.803,9,26,3,0,0,1,0.03,0.004,400000
6555,389,-10.826,4,15,3,1,0,0,0.03,0.004,400000
6556,21,-9.29,0,3,0,1,0,0,0.03,0.004,400000
6557,400,44.908,26,74,4,0,0,1,0.03,0.004,400000
6558,43,-10.776,1,7,3,1,0,0,0.03,0.004,400000
6559,400,34.664,16,51,4,0,0,1,0.03,0.004,400000
6560,400,47.102,29,78,28,0,0,1,0.03,0.004,400000
6561,400,15.883,7,26,9,0,0,1,0.03,0.004,400000
6562,171,-12.329,2,8,5,1,0,0,0.03,0.004,400000
6563,400,47.853,27,62,9,0,0,1,0.03,0.004,400000
6564,319,31.23,26,53,5,1,0,0,0.03,0.004,400000
6565,7,-14.853,0,3,6,1,0,0,0.03,0.004,400000
6566,95,-4.663,3,9,2,1,0,0,0.03,0.004,400000
6567,400,42.197,20,56,6,0,0,1,0.03,0.004,400000
6568,10,-15.916,0,3,8,1,0,0,0.03,0.004,400000
6569,9,-15.882,0,2,8,1,0,0,0.03,0.004,400000
6570,400,26.577,13,48,11,0,0,1,0.03,0.004,400000
6571,400,60.456,36,80,3,0,0,1,0.03,0.004,400000
6572,14,-15.473,0,2,10,1,0,0,0.03,0.004,400000
6573,134,15.86,16,40,3,1,0,0,0.03,0.004,400000
6574,400,11.284,7,24,17,0,0,1,0.03,0.004,400000
6575,283,39.79,31,72,3,1,0,0,0.03,0.004,400000
6576,47,-4.175,3,12,1,1,0,0,0.03,0.004,400000
6577,400,8.336,5,13,7,0,0,1,0.03,0.004,400000
6578,51,-6.256,5,10,9,1,0,0,0.03,0.004,400000
6579,400,4.468,4,11,2,0,0,1,0.03,0.004,400000
6580,400,29.312,15,44,19,0,0,1,0.03,0.004,400000
6581,400,20.538,6,13,5,0,0,1,0.03,0.004,400000
6582,400,33.317,22,58,14,0,0,1,0.03,0.004,400000
6583,220,6.426,8,31,4,1,0,0,0.03,0.004,400000
6584,20,-7.412,1,8,2,1,0,0,0.03,0.004,400000
6585,400,25.049,15,49,3,0,0,1,0.03,0.004,400000
6586,400,49.145,28,73,15,0,0,1,0.03,0.004,400000
6587,400,-5.363,0,5,12,0,0,1,0.03,0.004,400000
6588,400,32.278,15,39,4,0,0,1,0.03,0.004,400000
6589,400,59.647,35,92,5,0,0,1,0.03,0.004,400000
6590,400,34.334,18,47,11,0,0,1,0.03,0.004,400000
6591,172,4.174,8,30,11,1,0,0,0.03,0.004,400000
6592,22,-16.303,0,2,17,1,0,0,0.03,0.004,400000
6593,13,-14.808,0,1,2,1,0,0,0.03,0.004,400000
6594,100,1.423,9,18,2,1,0,0,0.03,0.004,400000
6595,31,-16.94,0,2,23,1,0,0,0.03,0.004,400000
6596,400,30.216,15,44,11,0,0,1,0.03,0.004,400000
6597,400,47.471,28,60,6,0,0,1,0.03,0.004,400000
6598,154,20.621,19,42,1,1,0,0,0.03,0.004,400000
6599,97,11.514,16,34,0,1,0,0,0.03,0.004,400000
6600,400,63.227,38,88,1,0,0,1,0.03,0.004,400000
6601,275,30.497,25,65,22,1,0,0,0.03,0.004,400000
6602,400,64.274,41,96,27,0,0,1,0.03,0.004,400000
6603,192,-7.943,3,12,9,1,0,0,0.03,0.004,400000
6604,118,0.198,9,21,1,1,0,0,0.03,0.004,400000
6605,251,30.121,27,68,3,1,0,0,0.03,0.004,400000
6606,400,23.784,7,15,2,0,0,1,0.03,0.004,400000
6607,400,40.617,23,55,5,0,0,1,0.03,0.004,400000
6608,94,-15.943,0,3,4,1,0,0,0.03,0.004,400000
6609,6,-9.442,0,3,0,1,0,0,0.03,0.004,400000
6610,232,10.875,11,32,2,1,0,0,0.03,0.004,400000
6611,241,18.484,15,47,5,1,0,0,0.03,0.004,400000
6612,400,12.213,7,21,5,0,0,1,0.03,0.004,400000
6613,400,42.027,20,61,3,0,0,1,0.03,0.004,400000
6614,391,38.737,27,71,2,1,0,0,0.03,0.004,400000
6615,230,5.76,11,28,2,1,0,0,0.03,0.004,400000
6616,400,-0.666,1,10,11,0,0,1,0.03,0.004,400000
6617,391,-8.889,3,5,6,1,0,0,0.03,0.004,400000
6618,183,-17.581,0,3,8,1,0,0,0.03,0.004,400000
6619,265,11.63,9,20,2,1,0,0,0.03,0.004,400000
6620,126,5.144,12,31,6,1,0,0,0.03,0.004,400000
6621,251,12.951,13,38,2,1,0,0,0.03,0.004,400000
6622,400,28.367,18,47,3,0,0,1,0.03,0.004,400000
6623,310,36.831,28,68,5,1,0,0,0.03,0.004,400000
6624,263,-2.812,5,12,4,1,0,0,0.03,0.004,400000
6625,242,7.853,7,27,3,1,0,0,0.03,0.004,400000
6626,275,-10.632,4,10,2,1,0,0,0.03,0.004,400000
6627,400,49.318,26,75,3,0,0,1,0.03,0.004,400000
6628,64,-9.972,0,2,0,1,0,0,0.03,0.004,400000
6629,400,51.631,30,80,3,0,0,1,0.03,0.004,400000
6630,39,-5.58,2,18,1,1,0,0,0.03,0.004,400000
6631,48,-8.416,3,9,1,1,0,0,0.03,0.004,400000
6632,301,1.436,4,8,2,1,0,0,0.03,0.004,400000
6633,160,11.884,18,46,6,1,0,0,0.03,0.004,400000
6634,400,38.08,23,52,3,0,0,1,0.03,0.004,400000
6635,95,-3.376,2,9,1,1,0,0,0.03,0.004,400000
6636,281,2.432,2,9,2,1,0,0,0.03,0.004,400000
6637,220,23.357,25,59,6,1,0,0,0.03,0.004,400000
6638,400,52.778,31,72,0,0,0,1,0.03,0.004,400000
6639,188,1.61,7,33,3,1,0,0,0.03,0.004,400000
6640,331,-5.621,2,8,4,1,0,0,0.03,0.004,400000
6641,21,-14.843,0,3,3,1,0,0,0.03,0.004,400000
6642,76,0.472,9,20,3,1,0,0,0.03,0.004,400000
6643,400,12.876,9,21,7,0,0,1,0.03,0.004,400000
6644,400,9.384,6,22,5,0,0,1,0.03,0.004,400000
6645,400,38.202,24,61,2,0,0,1,0.03,0.004,400000
6646,236,17.005,16,35,0,1,0,0,0.03,0.004,400000
6647,400,21.629,12,33,5,0,0,1,0.03,0.004,400000
6648,400,40.354,27,60,5,0,0,1,0.03,0.004,400000
6649,67,-15.63,0,2,4,1,0,0,0.03,0.004,400000
6650,373,2.68,10,27,7,1,0,0,0.03,0.004,400000
6651,400,17.899,3,20,3,0,0,1,0.03,0.004,400000
6652,236,27.09,25,65,2,1,0,0,0.03,0.004,400000
6653,107,-7.089,4,9,2,1,0,0,0.03,0.004,400000
6654,400,55.533,36,74,6,0,0,1,0.03,0.004,400000
6655,400,19.959,12,35,5,0,0,1,0.03,0.004,400000
6656,400,40.703,25,66,8,0,0,1,0.03,0.004,400000
6657,85,1.484,8,31,0,1,0,0,0.03,0.004,400000
6658,400,23.712,5,16,1,0,0,1,0.03,0.004,400000
6659,76,5.504,12,25,1,1,0,0,0.03,0.004,400000
6660,306,14.21,11,22,2,1,0,0,0.03,0.004,400000
6661,28,-9.078,2,5,1,1,0,0,0.03,0.004,400000
6662,25,-9.485,2,10,1,1,0,0,0.03,0.004,400000
6663,178,-3.486,3,8,2,1,0,0,0.03,0.004,400000
6664,25,-9.733,2,9,1,1,0,0,0.03,0.004,400000
6665,18,-9.928,2,8,2,1,0,0,0.03,0.004,400000
6666,30,-15.058,0,2,4,1,0,0,0.03,0.004,400000
6667,400,38.773,20,44,6,0,0,1,0.03,0.004,400000
6668,400,21.268,11,34,3,0,0,1,0.03,0.004,400000
6669,400,27.968,11,25,3,0,0,1,0.03,0.004,400000
6670,53,-4.731,5,19,3,1,0,0,0.03,0.004,400000
6671,122,-11.524,1,7,4,1,0,0,0.03,0.004,400000
6672,332,39.385,30,77,2,1,0,0,0.03,0.004,400000
6673,400,-0.037,3,19,6,0,0,1,0.03,0.004,400000
6674,7,-14.553,0,3,3,1,0,0,0.03,0.004,400000
6675,136,-6.38,3,9,1,1,0,0,0.03,0.004,400000
6676,400,35.177,16,42,7,0,0,1,0.03,0.004,400000
6677,400,53.073,30,84,5,0,0,1,0.03,0.004,400000
6678,400,37.238,18,49,9,0,0,1,0.03,0.004,400000
6679,400,-5.807,0,0,7,0,0,1,0.03,0.004,400000
6680,86,-0.721,4,19,1,1,0,0,0.03,0.004,400000
6681,400,9.075,0,7,2,0,0,1,0.03,0.004,400000
6682,400,52.72,31,69,4,0,0,1,0.03,0.004,400000
6683,232,-12.052,2,11,3,1,0,0,0.03,0.004,400000
6684,141,-10.967,0,6,1,1,0,0,0.03,0.004,400000
6685,400,12.254,10,34,12,1,0,0,0.03,0.004,400000
6686,400,51.845,33,73,4,0,0,1,0.03,0.004,400000
6687,400,45.914,24,60,2,0,0,1,0.03,0.004,400000
6688,268,11.327,14,35,9,1,0,0,0.03,0.004,400000
6689,221,11.923,15,32,1,1,0,0,0.03,0.004,400000
6690,400,53.987,34,79,6,0,0,1,0.03,0.004,400000
6691,166,3.227,6,23,3,1,0,0,0.03,0.004,400000
6692,400,-1.906,2,8,5,0,0,1,0.03,0.004,400000
6693,102,2.359,9,28,1,1,0,0,0.03,0.004,400000
6694,238,-10.474,1,8,2,1,0,0,0.03,0.004,400000
6695,206,5.128,11,21,1,1,0,0,0.03,0.004,400000
6696,400,35.474,23,52,5,0,0,1,0.03,0.004,400000
6697,54,-6.071,4,14,2,1,0,0,0.03,0.004,400000
6698,400,56.759,33,83,5,0,0,1,0.03,0.004,400000
6699,79,-0.119,5,19,1,1,0,0,0.03,0.004,400000
6700,319,-0.345,1,8,8,1,0,0,0.03,0.004,400000
6701,70,-0.66,8,23,4,1,0,0,0.03,0.004,400000
6702,91,-9.872,2,12,6,1,0,0,0.03,0.004,400000
6703,400,3.016,5,15,4,0,0,1,0.03,0.004,400000
6704,112,8.649,10,35,0,1,0,0,0.03,0.004,400000
6705,400,31.851,20,49,6,0,0,1,0.03,0.004,400000
6706,400,60.097,38,88,5,0,0,1,0.03,0.004,400000
6707,33,-15.023,0,2,3,1,0,0,0.03,0.004,400000
6708,288,37.825,32,77,5,1,0,0,0.03,0.004,400000
6709,5,-14.549,0,2,3,1,0,0,0.03,0.004,400000
6710,147,3.037,9,23,3,1,0,0,0.03,0.004,400000
6711,263,18.507,18,47,5,1,0,0,0.03,0.004,400000
6712,400,34.395,20,59,3,0,0,1,0.03,0.004,400000
6713,400,8.274,7,21,5,0,0,1,0.03,0.004,400000
6714,400,-0.214,2,11,8,0,0,1,0.03,0.004,400000
6715,400,59.022,33,94,6,0,0,1,0.03,0.004,400000
6716,400,56.241,34,78,3,0,0,1,0.03,0.004,400000
6717,252,21.481,21,54,6,1,0,0,0.03,0.004,400000
6718,89,-6.333,4,13,3,1,0,0,0.03,0.004,400000
6719,35,-6.771,3,11,1,1,0,0,0.03,0.004,400000
6720,400,21.636,9,24,1,0,0,1,0.03,0.004,400000
6721,89,-1.649,7,28,4,1,0,0,0.03,0.004,400000
6722,400,39.652,21,46,6,0,0,1,0.03,0.004,400000
6723,47,-7.066,3,14,1,1,0,0,0.03,0.004,400000
6724,201,-5.336,7,12,2,1,0,0,0.03,0.004,400000
6725,86,-2.364,7,16,2,1,0,0,0.03,0.004,400000
6726,214,6.291,6,21,3,1,0,0,0.03,0.004,400000
6727,69,-3.909,5,19,1,1,0,0,0.03,0.004,400000
6728,173,12.909,12,32,1,1,0,0,0.03,0.004,400000
6729,400,52.546,33,77,24,0,0,1,0.03,0.004,400000
6730,143,-2.179,7,15,4,1,0,0,0.03,0.004,400000
6731,384,25.81,20,47,4,1,0,0,0.03,0.004,400000
6732,73,-13.89,0,2,2,1,0,0,0.03,0.004,400000
6733,228,26.402,23,63,1,1,0,0,0.03,0.004,400000
6734,77,-6.734,3,14,1,1,0,0,0.03,0.004,400000
6735,392,33.114,29,74,10,1,0,0,0.03,0.004,400000
6736,177,-4.834,7,15,4,1,0,0,0.03,0.004,400000
6737,176,9.599,13,43,3,1,0,0,0.03,0.004,400000
6738,175,-4.264,3,10,1,1,0,0,0.03,0.004,400000
6739,238,1.725,5,8,4,1,0,0,0.03,0.004,400000
6740,400,29.409,18,44,6,0,0,1,0.03,0.004,400000
6741,117,-15.971,0,3,2,1,0,0,0.03,0.004,400000
6742,6,-9.392,0,3,0,1,0,0,0.03,0.004,400000
6743,400,13.15,11,20,7,0,0,1,0.03,0.004,400000
6744,249,-2.866,4,6,6,1,0,0,0.03,0.004,400000
6745,360,-16.931,1,3,5,1,0,0,0.03,0.004,400000
6746,400,23.021,15,36,3,0,0,1,0.03,0.004,400000
6747,398,-20.765,0,2,8,1,0,0,0.03,0.004,400000
6748,177,12.247,15,35,2,1,0,0,0.03,0.004,400000
6749,400,54.484,33,81,4,0,0,1,0.03,0.004,400000
6750,234,15.197,15,38,4,1,0,0,0.03,0.004,400000
6751,400,32.904,23,54,4,0,0,1,0.03,0.004,400000
6752,104,-12.517,1,9,3,1,0,0,0.03,0.004,400000
6753,190,20.658,21,51,5,1,0,0,0.03,0.004,400000
6754,354,-5.836,5,14,5,1,0,0,0.03,0.004,400000
6755,400,54.208,36,73,9,0,0,1,0.03,0.004,400000
6756,38,-11.008,2,7,1,1,0,0,0.03,0.004,400000
6757,400,41.282,23,55,4,0,0,1,0.03,0.004,400000
6758,18,-10.03,2,7,1,1,0,0,0.03,0.004,400000
6759,361,12.027,18,40,5,1,0,0,0.03,0.004,400000
6760,60,-9.068,1,4,3,1,0,0,0.03,0.004,400000
6761,197,18.483,20,51,6,1,0,0,0.03,0.004,400000
6762,201,-9.2,2,8,5,1,0,0,0.03,0.004,400000
6763,5,-15.398,0,2,3,1,0,0,0.03,0.004,400000
6764,162,4.043,6,15,3,1,0,0,0.03,0.004,400000
6765,400,34.908,22,51,2,0,0,1,0.03,0.004,400000
6766,147,-2.83,6,11,3,1,0,0,0.03,0.004,400000
6767,400,34.803,17,39,4,0,0,1,0.03,0.004,400000
6768,400,17.617,12,26,2,0,0,1,0.03,0.004,400000
6769,400,6.682,5,16,1,0,0,1,0.03,0.004,400000
6770,400,49.931,28,67,2,0,0,1,0.03,0.004,400000
6771,94,-3.952,5,14,2,1,0,0,0.03,0.004,400000
6772,196,1.669,10,26,2,1,0,0,0.03,0.004,400000
6773,217,-16.233,0,10,6,1,0,0,0.03,0.004,400000
6774,400,54.074,35,72,4,0,0,1,0.03,0.004,400000
6775,400,-5.72,0,0,5,0,0,1,0.03,0.004,400000
6776,400,55.201,34,76,5,0,0,1,0.03,0.004,400000
6777,400,40.807,20,45,5,0,0,1,0.03,0.004,400000
6778,400,49.613,31,74,2,0,0,1,0.03,0.004,400000
6779,316,6.495,9,22,5,1,0,0,0.03,0.004,400000
6780,400,34.423,20,45,5,0,0,1,0.03,0.004,400000
6781,28,-14.922,0,3,3,1,0,0,0.03,0.004,400000
6782,5,-14.495,0,3,2,1,0,0,0.03,0.004,400000
6783,98,1.682,10,27,5,1,0,0,0.03,0.004,400000
6784,171,-3.77,5,27,3,1,0,0,0.03,0.004,400000
6785,337,20.239,16,35,2,1,0,0,0.03,0.004,400000
6786,60,0.53,5,23,0,1,0,0,0.03,0.004,400000
6787,400,23.444,6,15,1,0,0,1,0.03,0.004,400000
6788,291,32.192,27,68,6,1,0,0,0.03,0.004,400000
6789,400,15.882,6,21,3,0,0,1,0.03,0.004,400000
6790,174,5.803,8,20,1,1,0,0,0.03,0.004,400000
6791,400,29.919,13,27,3,0,0,1,0.03,0.004,400000
6792,400,-6.04,0,0,8,0,0,1,0.03,0.004,400000
6793,269,15.318,12,29,2,1,0,0,0.03,0.004,400000
6794,400,20.497,4,17,3,0,0,1,0.03,0.004,400000
6795,400,21.301,14,31,7,0,0,1,0.03,0.004,400000
6796,400,46.366,30,66,4,0,0,1,0.03,0.004,400000
6797,95,-5.966,4,9,1,1,0,0,0.03,0.004,400000
6798,30,-7.56,3,8,2,1,0,0,0.03,0.004,400000
6799,104,5.614,14,28,5,1,0,0,0.03,0.004,400000
6800,119,5.595,11,30,3,1,0,0,0.03,0.004,400000
6801,177,24.464,23,45,1,1,0,0,0.03,0.004,400000
6802,341,13.985,16,45,6,1,0,0,0.03,0.004,400000
6803,400,26.271,15,46,0,0,0,1,0.03,0.004,400000
6804,400,17.117,6,16,3,0,0,1,0.03,0.004,400000
6805,51,-14.97,0,3,1,1,0,0,0.03,0.004,400000
6806,352,30.012,26,57,5,1,0,0,0.03,0.004,400000
6807,239,38.725,30,67,2,1,0,0,0.03,0.004,400000
6808,400,19.96,7,23,4,0,0,1,0.03,0.004,400000
6809,400,22.902,11,32,3,0,0,1,0.03,0.004,400000
6810,5,-14.537,0,1,1,1,0,0,0.03,0.004,400000
6811,400,21.452,16,31,7,0,0,1,0.03,0.004,400000
6812,282,37.64,32,71,3,1,0,0,0.03,0.004,400000
6813,151,-12.734,2,8,5,1,0,0,0.03,0.004,400000
6814,126,1.47,9,29,4,1,0,0,0.03,0.004,400000
6815,400,39.757,23,61,0,0,0,1,0.03,0.004,400000
6816,400,40.373,20,50,4,0,0,1,0.03,0.004,400000
6817,273,28.202,25,51,4,1,0,0,0.03,0.004,400000
6818,115,2.567,8,21,5,1,0,0,0.03,0.004,400000
6819,5,-14.487,0,2,1,1,0,0,0.03,0.004,400000
6820,29,-12.162,1,8,2,1,0,0,0.03,0.004,400000
6821,400,14.232,6,18,9,0,0,1,0.03,0.004,400000
6822,29,-14.82,0,2,1,1,0,0,0.03,0.004,400000
6823,157,7.911,13,33,4,1,0,0,0.03,0.004,400000
6824,387,-2.316,6,25,9,1,0,0,0.03,0.004,400000
6825,400,18.206,10,31,3,0,0,1,0.03,0.004,400000
6826,388,20.478,17,49,5,1,0,0,0.03,0.004,400000
6827,302,26.147,21,56,7,1,0,0,0.03,0.004,400000
6828,311,31.02,24,62,9,1,0,0,0.03,0.004,400000
6829,400,21.975,13,38,4,0,0,1,0.03,0.004,400000
6830,109,-16.517,0,1,5,1,0,0,0.03,0.004,400000
6831,400,5.112,5,19,7,0,0,1,0.03,0.004,400000
6832,105,10.321,12,33,0,1,0,0,0.03,0.004,400000
6833,62,-0.967,8,21,2,1,0,0,0.03,0.004,400000
6834,296,24.834,20,55,1,1,0,0,0.03,0.004,400000
6835,5,-14.532,0,1,0,1,0,0,0.03,0.004,400000
6836,400,27.596,11,24,2,0,0,1,0.03,0.004,400000
6837,98,10.635,13,34,3,1,0,0,0.03,0.004,400000
6838,92,2.98,8,27,3,1,0,0,0.03,0.004,400000
6839,183,11.444,16,37,3,1,0,0,0.03,0.004,400000
6840,20,-10.25,1,7,1,1,0,0,0.03,0.004,400000
6841,301,-10.724,2,4,8,1,0,0,0.03,0.004,400000
6842,400,52.597,29,63,6,0,0,1,0.03,0.004,400000
6843,24,-9.378,2,9,4,1,0,0,0.03,0.004,400000
6844,400,-1.317,1,7,32,0,0,1,0.03,0.004,400000
6845,400,9.043,3,9,4,0,0,1,0.03,0.004,400000
6846,255,12.988,13,36,2,1,0,0,0.03,0.004,400000
6847,400,9.026,6,26,9,0,0,1,0.03,0.004,400000
6848,132,11.893,15,41,1,1,0,0,0.03,0.004,400000
6849,136,1.631,9,21,9,1,0,0,0.03,0.004,400000
6850,7,-14.463,0,3,2,1,0,0,0.03,0.004,400000
6851,400,39.592,26,66,12,0,0,1,0.03,0.004,400000
6852,242,1.304,1,9,3,1,0,0,0.03,0.004,400000
6853,27,-13.737,0,4,11,1,0,0,0.03,0.004,400000
6854,172,15.085,17,39,5,1,0,0,0.03,0.004,400000
6855,172,5.507,9,27,4,1,0,0,0.03,0.004,400000
6856,400,18.232,12,33,29,0,0,1,0.03,0.004,400000
6857,120,6.933,13,31,8,1,0,0,0.03,0.004,400000
6858,160,12.147,15,43,3,1,0,0,0.03,0.004,400000
6859,387,25.652,22,58,36,1,0,0,0.03,0.004,400000
6860,8,-14.523,0,3,2,1,0,0,0.03,0.004,400000
6861,71,-17.97,0,1,42,1,0,0,0.03,0.004,400000
6862,400,28.27,13,36,19,0,0,1,0.03,0.004,400000
6863,227,20.414,20,51,3,1,0,0,0.03,0.004,400000
6864,400,5.305,5,17,16,0,0,1,0.03,0.004,400000
6865,92,-1.925,6,25,15,1,0,0,0.03,0.004,400000
6866,400,-13.01,3,10,142,0,0,1,0.03,0.004,400000
6867,53,-16.557,0,2,15,1,0,0,0.03,0.004,400000
6868,246,-19.507,0,6,95,1,0,0,0.03,0.004,400000
6869,182,-12.903,0,2,55,1,0,0,0.03,0.004,400000
6870,10,-15.006,0,3,6,1,0,0,0.03,0.004,400000
6871,400,28.88,17,41,29,0,0,1,0.03,0.004,400000
6872,243,-1.831,9,24,14,1,0,0,0.03,0.004,400000
6873,400,18.631,3,10,9,0,0,1,0.03,0.004,400000
6874,9,-15.021,0,2,6,1,0,0,0.03,0.004,400000
6875,400,35.681,16,43,8,0,0,1,0.03,0.004,400000
6876,67,-15.839,0,2,6,1,0,0,0.03,0.004,400000
6877,400,56.844,34,83,19,0,0,1,0.03,0.004,400000
6878,152,5.11,11,27,14,1,0,0,0.03,0.004,400000
6879,42,-11.906,1,4,10,1,0,0,0.03,0.004,400000
6880,85,-15.91,0,1,3,1,0,0,0.03,0.004,400000
6881,92,5.524,12,30,2,1,0,0,0.03,0.004,400000
6882,14,-15.443,0,2,9,1,0,0,0.03,0.004,400000
6883,400,28.416,12,32,5,0,0,1,0.03,0.004,400000
6884,400,26.413,14,37,13,0,0,1,0.03,0.004,400000
6885,157,-10.813,1,8,10,1,0,0,0.03,0.004,400000
6886,24,-10.028,1,6,1,1,0,0,0.03,0.004,400000
6887,400,24.158,17,33,7,0,0,1,0.03,0.004,400000
6888,365,1.043,4,12,9,1,0,0,0.03,0.004,400000
6889,104,-7.153,1,9,2,1,0,0,0.03,0.004,400000
6890,312,-9.896,0,7,8,1,0,0,0.03,0.004,400000
6891,125,8.012,12,23,0,1,0,0,0.03,0.004,400000
6892,31,-7.045,4,12,0,1,0,0,0.03,0.004,400000
6893,136,3.358,7,20,0,1,0,0,0.03,0.004,400000
6894,84,-3.373,5,22,3,1,0,0,0.03,0.004,400000
6895,400,5.263,5,21,5,0,0,1,0.03,0.004,400000
6896,321,3.186,9,22,5,1,0,0,0.03,0.004,400000
6897,400,-4.493,0,3,4,0,0,1,0.03,0.004,400000
6898,400,34.402,21,62,4,0,0,1,0.03,0.004,400000
6899,160,19.127,20,53,4,1,0,0,0.03,0.004,400000
6900,400,12.473,7,40,4,0,0,1,0.03,0.004,400000
6901,400,19.198,7,14,6,0,0,1,0.03,0.004,400000
6902,366,15.133,15,25,8,1,0,0,0.03,0.004,400000
6903,400,4.123,6,14,6,0,0,1,0.03,0.004,400000
6904,361,22.147,20,49,4,1,0,0,0.03,0.004,400000
6905,199,9.535,14,36,2,1,0,0,0.03,0.004,400000
6906,400,20.863,8,26,4,0,0,1,0.03,0.004,400000
6907,18,-11.07,1,7,1,1,0,0,0.03,0.004,400000
6908,212,17.858,19,58,3,1,0,0,0.03,0.004,400000
6909,180,-17.135,0,2,3,1,0,0,0.03,0.004,400000
6910,400,19.58,15,31,9,0,0,1,0.03,0.004,400000
6911,400,14.431,5,11,3,0,0,1,0.03,0.004,400000
6912,259,7.966,12,29,4,1,0,0,0.03,0.004,400000
6913,400,36.721,23,55,3,0,0,1,0.03,0.004,400000
6914,26,-9.685,2,10,2,1,0,0,0.03,0.004,400000
6915,400,29.962,13,35,2,0,0,1,0.03,0.004,400000
6916,247,-1.386,8,19,4,1,0,0,0.03,0.004,400000
6917,400,14.49,7,24,7,0,0,1,0.03,0.004,400000
6918,400,44.083,27,78,3,0,0,1,0.03,0.004,400000
6919,400,35.776,17,53,7,0,0,1,0.03,0.004,400000
6920,235,-9.984,3,12,4,1,0,0,0.03,0.004,400000
6921,400,44.613,27,67,4,0,0,1,0.03,0.004,400000
6922,68,-6.305,4,14,0,1,0,0,0.03,0.004,400000
6923,32,-7.386,4,9,1,1,0,0,0.03,0.004,400000
6924,400,14.406,2,12,6,0,0,1,0.03,0.004,400000
6925,400,37.344,23,53,8,0,0,1,0.03,0.004,400000
6926,400,34.682,21,41,6,0,0,1,0.03,0.004,400000
6927,176,14.98,14,45,1,1,0,0,0.03,0.004,400000
6928,357,-3.791,1,7,3,1,0,0,0.03,0.004,400000
6929,365,12.724,10,18,9,1,0,0,0.03,0.004,400000
6930,153,-7.017,1,16,2,1,0,0,0.03,0.004,400000
6931,79,-12.58,1,5,3,1,0,0,0.03,0.004,400000
6932,400,64.731,41,97,2,0,0,1,0.03,0.004,400000
6933,100,2.765,11,23,1,1,0,0,0.03,0.004,400000
6934,400,35.727,21,53,6,0,0,1,0.03,0.004,400000
6935,400,17.243,9,24,3,0,0,1,0.03,0.004,400000
6936,367,7.3,10,32,3,1,0,0,0.03,0.004,400000
6937,335,7.466,11,25,2,1,0,0,0.03,0.004,400000
6938,364,9.075,5,22,9,1,0,0,0.03,0.004,400000
6939,400,12.332,8,22,3,0,0,1,0.03,0.004,400000
6940,400,1.407,3,8,6,0,0,1,0.03,0.004,400000
6941,400,20.795,14,36,6,0,0,1,0.03,0.004,400000
6942,71,-0.548,5,16,0,1,0,0,0.03,0.004,400000
6943,400,5.019,6,15,6,0,0,1,0.03,0.004,400000
6944,400,28.747,13,39,5,0,0,1,0.03,0.004,400000
6945,300,-18.868,0,3,4,1,0,0,0.03,0.004,400000
6946,390,10.047,16,47,5,1,0,0,0.03,0.004,400000
6947,41,-8.953,2,11,1,1,0,0,0.03,0.004,400000
6948,400,6.936,4,13,3,0,0,1,0.03,0.004,400000
6949,400,18.64,6,16,6,0,0,1,0.03,0.004,400000
6950,330,-6.867,3,10,5,1,0,0,0.03,0.004,400000
6951,198,2.706,9,23,1,1,0,0,0.03,0.004,400000
6952,400,20.927,13,38,0,0,0,1,0.03,0.004,400000
6953,170,-17.066,0,3,4,1,0,0,0.03,0.004,400000
6954,145,4.295,8,29,1,1,0,0,0.03,0.004,400000
6955,400,26.37,15,42,4,0,0,1,0.03,0.004,400000
6956,400,49.319,30,70,4,0,0,1,0.03,0.004,400000
6957,331,28.507,23,54,3,1,0,0,0.03,0.004,400000
6958,16,-7.705,1,4,0,1,0,0,0.03,0.004,400000
6959,324,16.397,16,40,2,1,0,0,0.03,0.004,400000
6960,400,-0.558,4,11,7,0,0,1,0.03,0.004,400000
6961,400,37.568,18,46,7,0,0,1,0.03,0.004,400000
6962,251,-5.372,5,18,3,1,0,0,0.03,0.004,400000
6963,18,-10.966,1,7,1,1,0,0,0.03,0.004,400000
6964,400,-2.074,1,6,5,0,0,1,0.03,0.004,400000
6965,252,-18.336,0,2,5,1,0,0,0.03,0.004,400000
6966,319,27.969,21,52,2,1,0,0,0.03,0.004,400000
6967,222,28.875,26,62,2,1,0,0,0.03,0.004,400000
6968,254,26.461,24,60,6,1,0,0,0.03,0.004,400000
6969,282,-15.17,1,13,5,1,0,0,0.03,0.004,400000
6970,84,-5.678,3,12,2,1,0,0,0.03,0.004,400000
6971,400,46.737,25,60,6,0,0,1,0.03,0.004,400000
6972,196,22.116,19,50,7,1,0,0,0.03,0.004,400000
6973,400,65.354,41,93,2,0,0,1,0.03,0.004,400000
6974,79,-10.007,2,7,0,1,0,0,0.03,0.004,400000
6975,400,22.97,10,23,3,0,0,1,0.03,0.004,400000
6976,254,-18.413,0,3,6,1,0,0,0.03,0.004,400000
6977,400,0.669,3,10,5,0,0,1,0.03,0.004,400000
6978,400,47.83,26,66,6,0,0,1,0.03,0.004,400000
6979,400,18.001,9,24,4,0,0,1,0.03,0.004,400000
6980,93,2.039,10,25,1,1,0,0,0.03,0.004,400000
6981,110,-1.971,7,22,3,1,0,0,0.03,0.004,400000
6982,400,48.162,26,67,5,0,0,1,0.03,0.004,400000
6983,121,-8.661,1,2,1,1,0,0,0.03,0.004,400000
6984,40,-9.537,2,14,3,1,0,0,0.03,0.004,400000
6985,257,35.648,29,58,2,1,0,0,0.03,0.004,400000
6986,85,-7.644,3,11,3,1,0,0,0.03,0.004,400000
6987,400,36.587,23,59,2,0,0,1,0.03,0.004,400000
6988,400,2.121,3,7,0,0,0,1,0.03,0.004,400000
6989,397,18.378,11,29,5,1,0,0,0.03,0.004,400000
6990,181,-8.242,4,10,2,1,0,0,0.03,0.004,400000
6991,400,57.612,35,80,7,0,0,1,0.03,0.004,400000
6992,136,-16.591,0,2,3,1,0,0,0.03,0.004,400000
6993,400,45.621,31,67,7,0,0,1,0.03,0.004,400000
6994,400,14.154,7,19,5,0,0,1,0.03,0.004,400000
6995,400,-4.655,0,4,3,0,0,1,0.03,0.004,400000
6996,323,-1.626,7,27,4,1,0,0,0.03,0.004,400000
6997,400,4.827,4,20,4,0,0,1,0.03,0.004,400000
6998,5,-14.575,0,3,3,1,0,0,0.03,0.004,400000
6999,104,5.883,9,22,2,1,0,0,0.03,0.004,400000
7000,143,-0.702,8,23,3,1,0,0,0.03,0.004,400000
7001,400,0.393,3,9,3,0,0,1,0.03,0.004,400000
7002,237,4.184,4,12,2,1,0,0,0.03,0.004,400000
7003,33,-7.021,4,12,1,1,0,0,0.03,0.004,400000
7004,207,22.219,18,48,0,1,0,0,0.03,0.004,400000
7005,400,11.017,3,8,10,0,0,1,0.03,0.004,400000
7006,89,4.527,11,33,1,1,0,0,0.03,0.004,400000
7007,400,42.458,26,64,7,0,0,1,0.03,0.004,400000
7008,400,19.153,3,10,4,0,0,1,0.03,0.004,400000
7009,337,-8.138,1,6,5,1,0,0,0.03,0.004,400000
7010,400,5.014,6,15,2,0,0,1,0.03,0.004,400000
7011,18,-10.825,2,7,2,1,0,0,0.03,0.004,400000
7012,212,13.676,15,38,4,1,0,0,0.03,0.004,400000
7013,397,-1.562,6,20,9,1,0,0,0.03,0.004,400000
7014,182,15.704,19,39,1,1,0,0,0.03,0.004,400000
7015,400,31.778,18,42,3,0,0,1,0.03,0.004,400000
7016,400,7.386,4,9,4,0,0,1,0.03,0.004,400000
7017,400,44.696,22,53,3,0,0,1,0.03,0.004,400000
7018,400,39.384,21,51,4,0,0,1,0.03,0.004,400000
7019,268,-7.006,6,15,5,1,0,0,0.03,0.004,400000
7020,400,14.982,10,34,6,0,0,1,0.03,0.004,400000
7021,367,-13.88,0,4,3,1,0,0,0.03,0.004,400000
7022,400,29.222,18,60,4,0,0,1,0.03,0.004,400000
7023,400,25.78,14,39,6,0,0,1,0.03,0.004,400000
7024,400,12.776,0,8,4,0,0,1,0.03,0.004,400000
7025,63,3.216,8,19,1,1,0,0,0.03,0.004,400000
7026,253,24.318,22,58,3,1,0,0,0.03,0.004,400000
7027,400,41.72,22,50,6,0,0,1,0.03,0.004,400000
7028,56,-2.427,7,22,5,1,0,0,0.03,0.004,400000
7029,241,-4.606,3,10,4,1,0,0,0.03,0.004,400000
7030,400,24.612,6,21,3,0,0,1,0.03,0.004,400000
7031,400,18.848,14,37,6,0,0,1,0.03,0.004,400000
7032,277,28.277,21,65,4,1,0,0,0.03,0.004,400000
7033,36,-7.537,4,11,2,1,0,0,0.03,0.004,400000
7034,256,34.309,28,79,5,1,0,0,0.03,0.004,400000
7035,400,-0.522,1,9,2,0,0,1,0.03,0.004,400000
7036,400,39.803,25,62,3,0,0,1,0.03,0.004,400000
7037,55,-16.237,0,2,5,1,0,0,0.03,0.004,400000
7038,400,61.122,35,76,3,0,0,1,0.03,0.004,400000
7039,400,31.179,13,35,2,0,0,1,0.03,0.004,400000
7040,400,-3.241,0,6,5,0,0,1,0.03,0.004,400000
7041,276,6.661,10,37,3,1,0,0,0.03,0.004,400000
7042,400,0.29,3,9,4,0,0,1,0.03,0.004,400000
7043,334,22.032,23,57,7,1,0,0,0.03,0.004,400000
7044,29,-15.066,0,1,3,1,0,0,0.03,0.004,400000
7045,325,2.724,9,25,8,1,0,0,0.03,0.004,400000
7046,23,-14.781,0,3,3,1,0,0,0.03,0.004,400000
7047,136,0.163,6,19,1,1,0,0,0.03,0.004,400000
7048,400,13.505,10,26,8,0,0,1,0.03,0.004,400000
7049,152,9.682,11,34,2,1,0,0,0.03,0.004,400000
7050,400,7.513,4,15,2,0,0,1,0.03,0.004,400000
7051,400,34.736,19,52,11,0,0,1,0.03,0.004,400000
7052,400,35.662,24,55,8,0,0,1,0.03,0.004,400000
7053,400,38.515,19,57,3,0,0,1,0.03,0.004,400000
7054,400,13.657,11,23,6,0,0,1,0.03,0.004,400000
7055,400,48.884,27,78,3,0,0,1,0.03,0.004,400000
7056,159,-9.881,1,7,3,1,0,0,0.03,0.004,400000
7057,257,21.758,18,37,4,1,0,0,0.03,0.004,400000
7058,400,23.481,8,27,5,0,0,1,0.03,0.004,400000
7059,400,2.414,2,13,3,0,0,1,0.03,0.004,400000
7060,249,-8.605,3,19,1,1,0,0,0.03,0.004,400000
7061,150,-6.389,5,18,1,1,0,0,0.03,0.004,400000
7062,400,-5.46,0,0,2,0,0,1,0.03,0.004,400000
7063,400,44.695,25,65,6,0,0,1,0.03,0.004,400000
7064,400,24.636,16,49,2,0,0,1,0.03,0.004,400000
7065,400,45.605,27,66,4,0,0,1,0.03,0.004,400000
7066,374,-0.744,7,21,7,1,0,0,0.03,0.004,400000
7067,110,3.218,10,28,5,1,0,0,0.03,0.004,400000
7068,400,20.861,16,30,7,0,0,1,0.03,0.004,400000
7069,35,-7.109,4,7,1,1,0,0,0.03,0.004,400000
7070,93,-5.993,5,14,3,1,0,0,0.03,0.004,400000
7071,46,-4.546,6,13,2,1,0,0,0.03,0.004,400000
7072,400,43.053,27,62,5,0,0,1,0.03,0.004,400000
7073,215,18.224,18,44,2,1,0,0,0.03,0.004,400000
7074,400,35.917,24,58,5,0,0,1,0.03,0.004,400000
7075,57,-6.466,4,13,3,1,0,0,0.03,0.004,400000
7076,18,-10.145,1,8,1,1,0,0,0.03,0.004,400000
7077,262,-9.489,3,14,6,1,0,0,0.03,0.004,400000
7078,41,-15.838,0,2,3,1,0,0,0.03,0.004,400000
7079,400,0.694,4,12,4,0,0,1,0.03,0.004,400000
7080,362,11.412,13,37,11,1,0,0,0.03,0.004,400000
7081,31,-15.595,0,3,3,1,0,0,0.03,0.004,400000
7082,400,-3.114,0,2,4,0,0,1,0.03,0.004,400000
7083,400,21.137,17,42,6,0,0,1,0.03,0.004,400000
7084,281,25.555,23,60,13,1,0,0,0.03,0.004,400000
7085,6,-9.492,0,2,0,1,0,0,0.03,0.004,400000
7086,400,26.323,16,46,3,0,0,1,0.03,0.004,400000
7087,170,17.129,20,51,5,1,0,0,0.03,0.004,400000
7088,400,32.902,21,47,11,0,0,1,0.03,0.004,400000
7089,193,16.632,16,29,2,1,0,0,0.03,0.004,400000
7090,5,-15.274,0,3,3,1,0,0,0.03,0.004,400000
7091,379,9.105,16,44,10,1,0,0,0.03,0.004,400000
7092,18,-10.095,2,6,1,1,0,0,0.03,0.004,400000
7093,400,-5.445,0,0,4,0,0,1,0.03,0.004,400000
7094,261,22.398,21,41,2,1,0,0,0.03,0.004,400000
7095,400,27.982,17,36,6,0,0,1,0.03,0.004,400000
7096,400,18.659,4,12,0,0,0,1,0.03,0.004,400000
7097,129,7.24,12,43,3,1,0,0,0.03,0.004,400000
7098,264,29.654,24,69,2,1,0,0,0.03,0.004,400000
7099,172,20.021,18,44,1,1,0,0,0.03,0.004,400000
7100,200,11.919,11,33,1,1,0,0,0.03,0.004,400000
7101,400,-1.145,1,7,5,0,0,1,0.03,0.004,400000
7102,400,14.74,12,23,6,0,0,1,0.03,0.004,400000
7103,400,43.224,26,69,9,0,0,1,0.03,0.004,400000
7104,269,35.55,29,78,5,1,0,0,0.03,0.004,400000
7105,400,5.547,7,15,4,0,0,1,0.03,0.004,400000
7106,400,64.813,38,91,4,0,0,1,0.03,0.004,400000
7107,167,19.896,21,48,2,1,0,0,0.03,0.004,400000
7108,183,10.739,13,54,3,1,0,0,0.03,0.004,400000
7109,400,19.051,10,21,5,0,0,1,0.03,0.004,400000
7110,400,19.863,15,38,12,0,0,1,0.03,0.004,400000
7111,240,-8.77,4,13,4,1,0,0,0.03,0.004,400000
7112,29,-9.362,2,7,1,1,0,0,0.03,0.004,400000
7113,400,57.525,35,81,3,0,0,1,0.03,0.004,400000
7114,22,-15.457,0,3,2,1,0,0,0.03,0.004,400000
7115,192,15.132,16,54,6,1,0,0,0.03,0.004,400000
7116,400,50.615,31,66,4,0,0,1,0.03,0.004,400000
7117,400,14.012,8,22,4,0,0,1,0.03,0.004,400000
7118,400,40.842,21,56,7,0,0,1,0.03,0.004,400000
7119,6,-9.342,0,3,0,1,0,0,0.03,0.004,400000
7120,181,-2.422,5,14,5,1,0,0,0.03,0.004,400000
7121,21,-15.42,0,2,1,1,0,0,0.03,0.004,400000
7122,158,-17.915,0,3,7,1,0,0,0.03,0.004,400000
7123,400,-1.244,2,5,7,0,0,1,0.03,0.004,400000
7124,400,4.225,4,7,0,0,0,1,0.03,0.004,400000
7125,25,-10.711,1,9,0,1,0,0,0.03,0.004,400000
7126,144,-3.219,7,17,2,1,0,0,0.03,0.004,400000
7127,5,-14.334,0,3,0,1,0,0,0.03,0.004,400000
7128,279,3.608,4,13,2,1,0,0,0.03,0.004,400000
7129,400,29.184,15,37,1,0,0,1,0.03,0.004,400000
7130,333,12.188,10,30,4,1,0,0,0.03,0.004,400000
7131,290,9.108,11,32,5,1,0,0,0.03,0.004,400000
7132,357,25.719,24,59,4,1,0,0,0.03,0.004,400000
7133,58,-4.895,5,19,2,1,0,0,0.03,0.004,400000
7134,400,-3.695,0,6,2,0,0,1,0.03,0.004,400000
7135,400,30.865,13,38,8,0,0,1,0.03,0.004,400000
7136,400,42.499,24,61,7,0,0,1,0.03,0.004,400000
7137,400,42.741,26,63,4,0,0,1,0.03,0.004,400000
7138,400,8.585,6,14,3,0,0,1,0.03,0.004,400000
7139,400,35.993,23,52,3,0,0,1,0.03,0.004,400000
7140,400,28.633,12,24,5,0,0,1,0.03,0.004,400000
7141,400,42.875,28,72,5,0,0,1,0.03,0.004,400000
7142,100,-15.177,0,5,15,1,0,0,0.03,0.004,400000
7143,400,50.105,27,58,6,0,0,1,0.03,0.004,400000
7144,291,6.945,12,23,1,1,0,0,0.03,0.004,400000
7145,400,20.925,7,16,1,0,0,1,0.03,0.004,400000
7146,265,7.758,10,35,8,1,0,0,0.03,0.004,400000
7147,400,23.701,12,38,19,0,0,1,0.03,0.004,400000
7148,35,-5.082,5,11,0,1,0,0,0.03,0.004,400000
7149,306,11.859,10,32,15,1,0,0,0.03,0.004,400000
7150,350,-15.841,1,6,7,1,0,0,0.03,0.004,400000
7151,21,-12.149,1,6,3,1,0,0,0.03,0.004,400000
7152,400,63.643,39,86,6,0,0,1,0.03,0.004,400000
7153,224,-10.191,1,5,6,1,0,0,0.03,0.004,400000
7154,76,-15.676,0,3,4,1,0,0,0.03,0.004,400000
7155,400,-7.186,1,6,114,0,0,1,0.03,0.004,400000
7156,20,-11.044,1,8,4,1,0,0,0.03,0.004,400000
7157,7,-14.593,0,3,4,1,0,0,0.03,0.004,400000
7158,12,-15.034,0,4,8,1,0,0,0.03,0.004,400000
7159,8,-14.907,0,2,5,1,0,0,0.03,0.004,400000
7160,400,48.069,30,72,26,0,0,1,0.03,0.004,400000
7161,30,-7.252,1,6,2,1,0,0,0.03,0.004,400000
7162,400,54.944,34,80,9,0,0,1,0.03,0.004,400000
7163,7,-14.543,0,4,4,1,0,0,0.03,0.004,400000
7164,71,-6.864,3,16,7,1,0,0,0.03,0.004,400000
7165,10,-14.906,0,3,6,1,0,0,0.03,0.004,400000
7166,60,-2.337,4,18,6,1,0,0,0.03,0.004,400000
7167,133,7.786,13,39,3,1,0,0,0.03,0.004,400000
7168,400,0.123,2,9,3,0,0,1,0.03,0.004,400000
7169,7,-9.037,0,3,0,1,0,0,0.03,0.004,400000
7170,140,-3.116,5,22,1,1,0,0,0.03,0.004,400000
7171,400,34.503,28,68,56,0,0,1,0.03,0.004,400000
7172,47,-5.37,5,12,2,1,0,0,0.03,0.004,400000
7173,400,13.978,5,15,6,0,0,1,0.03,0.004,400000
7174,400,47.955,30,74,19,0,0,1,0.03,0.004,400000
7175,400,18.691,5,13,2,0,0,1,0.03,0.004,400000
7176,145,18.285,16,48,2,1,0,0,0.03,0.004,400000
7177,400,23.658,13,38,5,0,0,1,0.03,0.004,400000
7178,400,60.364,37,92,6,0,0,1,0.03,0.004,400000
7179,373,41.191,31,73,9,1,0,0,0.03,0.004,400000
7180,169,19.171,21,47,2,1,0,0,0.03,0.004,400000
7181,400,10.698,4,19,10,0,0,1,0.03,0.004,400000
7182,231,-1.402,7,21,1,1,0,0,0.03,0.004,400000
7183,400,37.352,18,40,6,0,0,1,0.03,0.004,400000
7184,247,3.343,10,29,3,1,0,0,0.03,0.004,400000
7185,13,-9.172,0,5,0,1,0,0,0.03,0.004,400000
7186,400,0.26,4,9,8,0,0,1,0.03,0.004,400000
7187,85,0.679,8,35,3,1,0,0,0.03,0.004,400000
7188,249,27.021,22,62,4,1,0,0,0.03,0.004,400000
7189,400,39.952,24,60,3,0,0,1,0.03,0.004,400000
7190,207,15.642,18,48,3,1,0,0,0.03,0.004,400000
7191,400,39.932,20,49,5,0,0,1,0.03,0.004,400000
7192,33,-14.926,0,1,1,1,0,0,0.03,0.004,400000
7193,400,42.407,24,66,2,0,0,1,0.03,0.004,400000
7194,137,10.61,13,32,1,1,0,0,0.03,0.004,400000
7195,400,2.163,3,6,8,0,0,1,0.03,0.004,400000
7196,400,47.517,30,67,3,0,0,1,0.03,0.004,400000
7197,208,29.84,27,62,1,1,0,0,0.03,0.004,400000
7198,400,-2.952,1,6,6,0,0,1,0.03,0.004,400000
7199,400,4.248,6,10,1,0,0,1,0.03,0.004,400000
7200,188,-6.41,6,12,4,1,0,0,0.03,0.004,400000
7201,292,20.224,19,45,1,1,0,0,0.03,0.004,400000
7202,38,-6.813,4,10,2,1,0,0,0.03,0.004,400000
7203,168,-17.207,0,2,5,1,0,0,0.03,0.004,400000
7204,9,-14.371,0,3,1,1,0,0,0.03,0.004,400000
7205,332,34.116,24,57,4,1,0,0,0.03,0.004,400000
7206,400,63.873,36,94,3,0,0,1,0.03,0.004,400000
7207,400,40.446,19,56,3,0,0,1,0.03,0.004,400000
7208,296,-3.275,8,25,1,1,0,0,0.03,0.004,400000
7209,108,0.976,9,29,4,1,0,0,0.03,0.004,400000
7210,211,16.735,15,47,0,1,0,0,0.03,0.004,400000
7211,32,-9.916,2,12,5,1,0,0,0.03,0.004,400000
7212,249,22.308,19,53,5,1,0,0,0.03,0.004,400000
7213,90,-0.969,6,19,0,1,0,0,0.03,0.004,400000
7214,304,17.983,18,48,5,1,0,0,0.03,0.004,400000
7215,400,-4.577,0,6,6,0,0,1,0.03,0.004,400000
7216,317,33.893,28,67,5,1,0,0,0.03,0.004,400000
7217,400,39.332,24,66,3,0,0,1,0.03,0.004,400000
7218,400,27.531,16,42,3,0,0,1,0.03,0.004,400000
7219,190,13.703,15,41,3,1,0,0,0.03,0.004,400000
7220,241,-18.218,0,3,5,1,0,0,0.03,0.004,400000
7221,400,13.136,10,23,4,0,0,1,0.03,0.004,400000
7222,400,30.718,14,26,4,0,0,1,0.03,0.004,400000
7223,357,-4.308,8,21,4,1,0,0,0.03,0.004,400000
7224,52,-10.26,3,14,4,1,0,0,0.03,0.004,400000
7225,86,-8.688,2,13,1,1,0,0,0.03,0.004,400000
7226,400,28.579,18,46,3,0,0,1,0.03,0.004,400000
7227,112,1.153,7,34,3,1,0,0,0.03,0.004,400000
7228,400,57.476,35,85,9,0,0,1,0.03,0.004,400000
7229,400,7.016,8,19,6,0,0,1,0.03,0.004,400000
7230,7,-9.527,0,3,0,1,0,0,0.03,0.004,400000
7231,400,59.825,38,80,8,0,0,1,0.03,0.004,400000
7232,391,28.92,27,59,32,1,0,0,0.03,0.004,400000
7233,400,1.479,4,12,10,0,0,1,0.03,0.004,400000
7234,18,-10.915,1,7,1,1,0,0,0.03,0.004,400000
7235,14,-8.942,0,4,0,1,0,0,0.03,0.004,400000
7236,178,20.808,19,45,1,1,0,0,0.03,0.004,400000
7237,260,10.374,12,34,3,1,0,0,0.03,0.004,400000
7238,397,26.584,22,60,12,1,0,0,0.03,0.004,400000
7239,119,3.285,9,19,2,1,0,0,0.03,0.004,400000
7240,400,18.053,3,10,6,0,0,1,0.03,0.004,400000
7241,400,41.296,23,60,5,0,0,1,0.03,0.004,400000
7242,187,0.899,7,20,2,1,0,0,0.03,0.004,400000
7243,400,56.831,35,87,7,0,0,1,0.03,0.004,400000
7244,297,37.206,31,73,5,1,0,0,0.03,0.004,400000
7245,18,-9.149,2,7,1,1,0,0,0.03,0.004,400000
7246,197,17.339,17,33,2,1,0,0,0.03,0.004,400000
7247,355,5.929,5,18,6,1,0,0,0.03,0.004,400000
7248,372,6.803,11,34,10,1,0,0,0.03,0.004,400000
7249,135,7.916,11,42,4,1,0,0,0.03,0.004,400000
7250,400,-3.261,1,4,2,0,0,1,0.03,0.004,400000
7251,280,8.892,11,26,3,1,0,0,0.03,0.004,400000
7252,371,45.247,31,82,4,1,0,0,0.03,0.004,400000
7253,138,9.674,10,38,2,1,0,0,0.03,0.004,400000
7254,157,9.95,13,39,0,1,0,0,0.03,0.004,400000
7255,93,2.161,8,29,1,1,0,0,0.03,0.004,400000
7256,6,-9.492,0,3,0,1,0,0,0.03,0.004,400000
7257,400,66.072,40,100,2,0,0,1,0.03,0.004,400000
7258,146,11.819,14,27,2,1,0,0,0.03,0.004,400000
7259,75,3.391,12,22,0,1,0,0,0.03,0.004,400000
7260,400,33.212,18,49,9,0,0,1,0.03,0.004,400000
7261,9,-14.472,0,3,1,1,0,0,0.03,0.004,400000
7262,48,-2.707,4,12,1,1,0,0,0.03,0.004,400000
7263,357,20.851,21,60,4,1,0,0,0.03,0.004,400000
7264,400,29.339,12,33,10,0,0,1,0.03,0.004,400000
7265,400,21.803,14,36,4,0,0,1,0.03,0.004,400000
7266,219,20.41,18,38,1,1,0,0,0.03,0.004,400000
7267,400,50.546,28,71,5,0,0,1,0.03,0.004,400000
7268,157,-0.674,8,17,4,1,0,0,0.03,0.004,400000
7269,154,7.559,11,43,5,1,0,0,0.03,0.004,400000
7270,197,-17.351,0,3,3,1,0,0,0.03,0.004,400000
7271,156,-11.604,2,7,3,1,0,0,0.03,0.004,400000
7272,400,50.671,32,67,5,0,0,1,0.03,0.004,400000
7273,40,-4.302,2,14,0,1,0,0,0.03,0.004,400000
7274,78,-10.949,1,7,1,1,0,0,0.03,0.004,400000
7275,263,42.813,32,82,1,1,0,0,0.03,0.004,400000
7276,362,17.855,13,44,3,1,0,0,0.03,0.004,400000
7277,253,7.746,13,32,3,1,0,0,0.03,0.004,400000
7278,137,-16.526,0,3,4,1,0,0,0.03,0.004,400000
7279,400,51.67,31,65,5,0,0,1,0.03,0.004,400000
7280,18,-9.911,2,8,2,1,0,0,0.03,0.004,400000
7281,400,23.488,16,42,2,0,0,1,0.03,0.004,400000
7282,16,-7.655,1,5,0,1,0,0,0.03,0.004,400000
7283,125,-2.222,5,10,3,1,0,0,0.03,0.004,400000
7284,325,32.77,24,54,5,1,0,0,0.03,0.004,400000
7285,400,39.196,22,58,6,0,0,1,0.03,0.004,400000
7286,306,14.079,10,28,2,1,0,0,0.03,0.004,400000
7287,257,-18.236,0,3,4,1,0,0,0.03,0.004,400000
7288,383,21.69,16,43,10,1,0,0,0.03,0.004,400000
7289,400,66.493,40,103,8,0,0,1,0.03,0.004,400000
7290,400,21.813,14,35,5,0,0,1,0.03,0.004,400000
7291,400,40.844,27,61,6,0,0,1,0.03,0.004,400000
7292,11,-14.601,0,2,2,1,0,0,0.03,0.004,400000
7293,400,44.791,26,72,3,0,0,1,0.03,0.004,400000
7294,201,4.983,9,23,2,1,0,0,0.03,0.004,400000
7295,400,64.433,40,92,7,0,0,1,0.03,0.004,400000
7296,400,24.766,8,26,6,0,0,1,0.03,0.004,400000
7297,400,66.826,39,107,6,0,0,1,0.03,0.004,400000
7298,158,19.841,17,51,1,1,0,0,0.03,0.004,400000
7299,400,40.25,23,56,4,0,0,1,0.03,0.004,400000
7300,144,-6.137,2,10,6,1,0,0,0.03,0.004,400000
7301,400,34.875,17,47,5,0,0,1,0.03,0.004,400000
7302,75,3.714,8,21,1,1,0,0,0.03,0.004,400000
7303,400,65.155,38,105,5,0,0,1,0.03,0.004,400000
7304,400,56.172,35,80,1,0,0,1,0.03,0.004,400000
7305,400,25.197,19,35,4,0,0,1,0.03,0.004,400000
7306,400,25.056,7,27,6,0,0,1,0.03,0.004,400000
7307,148,15.886,17,33,2,1,0,0,0.03,0.004,400000
7308,400,44.383,24,60,9,0,0,1,0.03,0.004,400000
7309,7,-9.527,0,3,0,1,0,0,0.03,0.004,400000
7310,134,-7.426,1,11,1,1,0,0,0.03,0.004,400000
7311,301,1.645,4,22,1,1,0,0,0.03,0.004,400000
7312,64,-1.041,5,15,0,1,0,0,0.03,0.004,400000
7313,400,8.54,4,17,7,0,0,1,0.03,0.004,400000
7314,400,25.33,17,50,2,0,0,1,0.03,0.004,400000
7315,358,-5.376,4,11,7,1,0,0,0.03,0.004,400000
7316,62,-8.853,3,10,4,1,0,0,0.03,0.004,400000
7317,400,46.85,23,77,7,0,0,1,0.03,0.004,400000
7318,400,19.049,13,34,2,0,0,1,0.03,0.004,400000
7319,400,43.714,28,70,2,0,0,1,0.03,0.004,400000
7320,400,46.048,27,70,7,0,0,1,0.03,0.004,400000
7321,400,49.61,33,73,5,0,0,1,0.03,0.004,400000
7322,155,14.024,14,44,2,1,0,0,0.03,0.004,400000
7323,400,59.723,37,84,5,0,0,1,0.03,0.004,400000
7324,201,19.805,19,57,6,1,0,0,0.03,0.004,400000
7325,106,-1.893,8,17,7,1,0,0,0.03,0.004,400000
7326,400,21.619,12,31,2,0,0,1,0.03,0.004,400000
7327,23,-14.951,0,1,2,1,0,0,0.03,0.004,400000
7328,400,30.675,20,48,4,0,0,1,0.03,0.004,400000
7329,83,-1.646,7,18,1,1,0,0,0.03,0.004,400000
7330,7,-9.657,0,2,1,1,0,0,0.03,0.004,400000
7331,386,12.065,17,42,5,1,0,0,0.03,0.004,400000
7332,279,39.202,31,74,5,1,0,0,0.03,0.004,400000
7333,400,42.853,29,57,2,0,0,1,0.03,0.004,400000
7334,184,2.581,8,22,3,1,0,0,0.03,0.004,400000
7335,92,4.555,10,32,0,1,0,0,0.03,0.004,400000
7336,400,66.501,42,94,4,0,0,1,0.03,0.004,400000
7337,400,18.493,7,22,3,0,0,1,0.03,0.004,400000
7338,400,-3.735,0,8,5,0,0,1,0.03,0.004,400000
7339,400,56.726,37,79,4,0,0,1,0.03,0.004,400000
7340,400,9.67,8,23,5,0,0,1,0.03,0.004,400000
7341,400,55.816,35,77,6,0,0,1,0.03,0.004,400000
7342,103,0.098,8,20,3,1,0,0,0.03,0.004,400000
7343,400,43.463,25,58,4,0,0,1,0.03,0.004,400000
7344,400,63.441,36,96,4,0,0,1,0.03,0.004,400000
7345,18,-10.635,1,9,0,1,0,0,0.03,0.004,400000
7346,91,3.642,11,32,5,1,0,0,0.03,0.004,400000
7347,400,72.748,45,100,5,0,0,1,0.03,0.004,400000
7348,400,-0.322,0,8,8,0,0,1,0.03,0.004,400000
7349,262,6.304,9,26,5,1,0,0,0.03,0.004,400000
7350,400,-2.445,2,2,1,0,0,1,0.03,0.004,400000
7351,400,31.409,13,29,5,0,0,1,0.03,0.004,400000
7352,400,51.65,32,83,5,0,0,1,0.03,0.004,400000
7353,85,-15.531,0,3,1,1,0,0,0.03,0.004,400000
7354,9,-14.502,0,3,2,1,0,0,0.03,0.004,400000
7355,73,-0.359,7,26,2,1,0,0,0.03,0.004,400000
7356,400,3.239,3,13,11,0,0,1,0.03,0.004,400000
7357,400,43.899,27,67,7,0,0,1,0.03,0.004,400000
7358,400,51.491,29,65,2,0,0,1,0.03,0.004,400000
7359,400,-0.257,2,9,4,0,0,1,0.03,0.004,400000
7360,400,55.979,34,88,5,0,0,1,0.03,0.004,400000
7361,283,21.329,21,45,15,1,0,0,0.03,0.004,400000
7362,33,-9.807,2,6,2,1,0,0,0.03,0.004,400000
7363,21,-14.973,0,3,6,1,0,0,0.03,0.004,400000
7364,182,21.974,21,51,2,1,0,0,0.03,0.004,400000
7365,78,-0.754,8,24,6,1,0,0,0.03,0.004,400000
7366,115,0.242,6,19,6,1,0,0,0.03,0.004,400000
7367,230,22.5,19,48,2,1,0,0,0.03,0.004,400000
7368,400,27.709,13,32,7,0,0,1,0.03,0.004,400000
7369,309,10.033,13,31,6,1,0,0,0.03,0.004,400000
7370,7,-14.773,0,3,5,1,0,0,0.03,0.004,400000
7371,18,-11.019,1,7,1,1,0,0,0.03,0.004,400000
7372,258,-18.39,0,1,3,1,0,0,0.03,0.004,400000
7373,400,24.966,12,33,5,0,0,1,0.03,0.004,400000
7374,33,-17.127,0,1,22,1,0,0,0.03,0.004,400000
7375,37,-15.23,0,1,3,1,0,0,0.03,0.004,400000
7376,25,-16.59,0,3,20,1,0,0,0.03,0.004,400000
7377,151,-1.493,6,21,9,1,0,0,0.03,0.004,400000
7378,21,-16.042,0,3,16,1,0,0,0.03,0.004,400000
7379,60,-8.038,3,11,3,1,0,0,0.03,0.004,400000
7380,400,61.793,39,90,3,0,0,1,0.03,0.004,400000
7381,400,39.956,24,60,23,0,0,1,0.03,0.004,400000
7382,13,-16.056,0,2,9,1,0,0,0.03,0.004,400000
7383,24,-11.648,1,7,6,1,0,0,0.03,0.004,400000
7384,400,41.279,26,64,17,0,0,1,0.03,0.004,400000
7385,120,-3.808,9,21,39,1,0,0,0.03,0.004,400000
7386,94,3.655,6,37,11,1,0,0,0.03,0.004,400000
7387,400,49.892,31,69,22,0,0,1,0.03,0.004,400000
7388,400,38.983,26,63,32,0,0,1,0.03,0.004,400000
7389,7,-15.3,0,4,4,1,0,0,0.03,0.004,400000
7390,118,-16.009,1,6,28,1,0,0,0.03,0.004,400000
7391,400,58.141,32,110,12,0,0,1,0.03,0.004,400000
7392,5,-15.151,0,4,3,1,0,0,0.03,0.004,400000
7393,7,-14.823,0,3,5,1,0,0,0.03,0.004,400000
7394,400,50.682,35,76,27,0,0,1,0.03,0.004,400000
7395,6,-9.392,0,3,0,1,0,0,0.03,0.004,400000
7396,315,13.216,15,38,15,1,0,0,0.03,0.004,400000
7397,400,13.939,9,36,25,0,0,1,0.03,0.004,400000
7398,157,-9.362,3,17,38,1,0,0,0.03,0.004,400000
7399,48,0.455,6,18,0,1,0,0,0.03,0.004,400000
7400,228,0.252,8,22,34,1,0,0,0.03,0.004,400000
7401,400,39.8,23,63,16,0,0,1,0.03,0.004,400000
7402,400,52.868,35,69,20,0,0,1,0.03,0.004,400000
7403,168,-1.186,5,19,0,1,0,0,0.03,0.004,400000
7404,400,69.294,43,104,4,0,0,1,0.03,0.004,400000
7405,7,-14.923,0,2,5,1,0,0,0.03,0.004,400000
7406,178,16.736,16,42,4,1,0,0,0.03,0.004,400000
7407,7,-14.923,0,2,5,1,0,0,0.03,0.004,400000
7408,400,24.312,17,39,4,0,0,1,0.03,0.004,400000
7409,158,-16.715,0,3,3,1,0,0,0.03,0.004,400000
7410,225,23.907,18,60,3,1,0,0,0.03,0.004,400000
7411,90,0.428,6,10,0,1,0,0,0.03,0.004,400000
7412,400,10.779,4,13,8,0,0,1,0.03,0.004,400000
7413,400,46.024,27,64,7,0,0,1,0.03,0.004,400000
7414,82,1.538,6,27,1,1,0,0,0.03,0.004,400000
7415,400,32.036,21,55,3,0,0,1,0.03,0.004,400000
7416,167,20.669,21,54,2,1,0,0,0.03,0.004,400000
7417,400,21.18,4,17,6,0,0,1,0.03,0.004,400000
7418,400,44.324,23,64,3,0,0,1,0.03,0.004,400000
7419,400,11.371,9,19,4,0,0,1,0.03,0.004,400000
7420,400,27.17,15,47,2,0,0,1,0.03,0.004,400000
7421,184,18.418,18,46,5,1,0,0,0.03,0.004,400000
7422,34,-5.089,3,8,1,1,0,0,0.03,0.004,400000
7423,271,19.79,16,41,5,1,0,0,0.03,0.004,400000
7424,163,6.602,7,31,1,1,0,0,0.03,0.004,400000
7425,330,45.54,37,89,4,1,0,0,0.03,0.004,400000
7426,400,71.913,44,104,5,0,0,1,0.03,0.004,400000
7427,114,-16.048,0,3,3,1,0,0,0.03,0.004,400000
7428,123,7.492,13,38,3,1,0,0,0.03,0.004,400000
7429,400,64.67,39,95,3,0,0,1,0.03,0.004,400000
7430,357,31.824,30,59,5,1,0,0,0.03,0.004,400000
7431,400,64.893,40,88,1,0,0,1,0.03,0.004,400000
7432,18,-10.675,2,7,1,1,0,0,0.03,0.004,400000
7433,400,35.758,22,50,4,0,0,1,0.03,0.004,400000
7434,400,26.306,15,46,4,0,0,1,0.03,0.004,400000
7435,117,-7.151,2,9,0,1,0,0,0.03,0.004,400000
7436,261,25.789,25,63,4,1,0,0,0.03,0.004,400000
7437,30,-6.834,3,13,1,1,0,0,0.03,0.004,400000
7438,102,5.212,9,24,1,1,0,0,0.03,0.004,400000
7439,296,14.653,14,37,2,1,0,0,0.03,0.004,400000
7440,116,-8.144,2,6,1,1,0,0,0.03,0.004,400000
7441,400,45.078,27,62,6,0,0,1,0.03,0.004,400000
7442,218,3.943,12,28,5,1,0,0,0.03,0.004,400000
7443,400,35.611,23,73,3,0,0,1,0.03,0.004,400000
7444,400,46.86,29,70,5,0,0,1,0.03,0.004,400000
7445,400,65.079,39,102,7,0,0,1,0.03,0.004,400000
7446,400,31.062,20,48,7,0,0,1,0.03,0.004,400000
7447,20,-8.947,3,8,2,1,0,0,0.03,0.004,400000
7448,400,-1.179,1,7,6,0,0,1,0.03,0.004,400000
7449,400,51.724,26,65,4,0,0,1,0.03,0.004,400000
7450,400,12.627,8,22,6,0,0,1,0.03,0.004,400000
7451,207,18.447,19,40,1,1,0,0,0.03,0.004,400000
7452,400,67.024,40,89,4,0,0,1,0.03,0.004,400000
7453,158,1.504,10,24,2,1,0,0,0.03,0.004,400000
7454,178,10.82,14,32,1,1,0,0,0.03,0.004,400000
7455,152,-3.239,6,22,1,1,0,0,0.03,0.004,400000
7456,33,-9.527,3,10,3,1,0,0,0.03,0.004,400000
7457,50,-5.813,4,11,0,1,0,0,0.03,0.004,400000
7458,169,7.853,14,31,4,1,0,0,0.03,0.004,400000
7459,43,-6.823,4,10,2,1,0,0,0.03,0.004,400000
7460,161,-5.508,2,10,1,1,0,0,0.03,0.004,400000
7461,400,50.053,32,73,7,0,0,1,0.03,0.004,400000
7462,253,13.247,13,55,3,1,0,0,0.03,0.004,400000
7463,400,12.436,10,30,3,0,0,1,0.03,0.004,400000
7464,32,-6.275,4,15,0,1,0,0,0.03,0.004,400000
7465,400,23.932,16,44,4,0,0,1,0.03,0.004,400000
7466,400,25.731,15,38,3,0,0,1,0.03,0.004,400000
7467,400,27.537,14,26,4,0,0,1,0.03,0.004,400000
7468,400,55.645,31,78,3,0,0,1,0.03,0.004,400000
7469,400,56.841,36,90,3,0,0,1,0.03,0.004,400000
7470,326,-0.115,7,20,4,1,0,0,0.03,0.004,400000
7471,55,-12.339,1,4,3,1,0,0,0.03,0.004,400000
7472,313,-14.491,0,4,4,1,0,0,0.03,0.004,400000
7473,42,-5.315,5,11,1,1,0,0,0.03,0.004,400000
7474,400,3.183,2,9,3,0,0,1,0.03,0.004,400000
7475,400,27.113,17,50,6,0,0,1,0.03,0.004,400000
7476,400,6.111,6,20,3,0,0,1,0.03,0.004,400000
7477,400,2.94,3,11,4,0,0,1,0.03,0.004,400000
7478,33,-4.671,6,10,0,1,0,0,0.03,0.004,400000
7479,400,-1.194,3,10,4,0,0,1,0.03,0.004,400000
7480,81,-0.457,8,22,2,1,0,0,0.03,0.004,400000
7481,400,14.077,4,11,3,0,0,1,0.03,0.004,400000
7482,156,-5.49,3,12,4,1,0,0,0.03,0.004,400000
7483,400,52.335,28,72,7,0,0,1,0.03,0.004,400000
7484,67,-2.216,7,16,2,1,0,0,0.03,0.004,400000
7485,290,14.622,13,46,6,1,0,0,0.03,0.004,400000
7486,400,40.19,21,52,1,0,0,1,0.03,0.004,400000
7487,85,5.018,8,27,1,1,0,0,0.03,0.004,400000
7488,400,4.778,6,17,3,0,0,1,0.03,0.004,400000
7489,400,7.648,2,8,6,0,0,1,0.03,0.004,400000
7490,400,39.43,23,58,2,0,0,1,0.03,0.004,400000
7491,400,48.032,25,68,1,0,0,1,0.03,0.004,400000
7492,103,-7.146,4,14,0,1,0,0,0.03,0.004,400000
7493,400,34.998,21,50,3,0,0,1,0.03,0.004,400000
7494,18,-9.002,2,8,0,1,0,0,0.03,0.004,400000
7495,400,61.099,38,89,6,0,0,1,0.03,0.004,400000
7496,97,2.901,7,20,0,1,0,0,0.03,0.004,400000
7497,162,-6.287,1,3,3,1,0,0,0.03,0.004,400000
7498,400,6.579,6,16,4,0,0,1,0.03,0.004,400000
7499,130,9.95,12,29,3,1,0,0,0.03,0.004,400000
7500,400,59.903,36,85,8,0,0,1,0.03,0.004,400000
7501,400,-8.312,0,0,7,0,0,1,0.03,0.004,400000
7502,51,-3.624,6,12,1,1,0,0,0.03,0.004,400000
7503,400,29.426,20,44,5,0,0,1,0.03,0.004,400000
7504,400,15.948,12,34,5,0,0,1,0.03,0.004,400000
7505,80,-6.051,5,11,4,1,0,0,0.03,0.004,400000
7506,400,24.052,17,37,7,0,0,1,0.03,0.004,400000
7507,121,-0.219,6,24,4,1,0,0,0.03,0.004,400000
7508,25,-9.886,2,7,1,1,0,0,0.03,0.004,400000
7509,400,47.932,27,59,6,0,0,1,0.03,0.004,400000
7510,400,48.653,27,82,4,0,0,1,0.03,0.004,400000
7511,44,-0.943,5,16,0,1,0,0,0.03,0.004,400000
7512,118,9.014,13,46,3,1,0,0,0.03,0.004,400000
7513,308,23.413,16,46,3,1,0,0,0.03,0.004,400000
7514,400,-2.017,2,3,2,0,0,1,0.03,0.004,400000
7515,51,-15.18,0,3,3,1,0,0,0.03,0.004,400000
7516,86,-3.953,4,11,0,1,0,0,0.03,0.004,400000
7517,400,48.375,32,62,5,0,0,1,0.03,0.004,400000
7518,400,3.375,4,9,7,0,0,1,0.03,0.004,400000
7519,400,-2.699,1,5,0,0,0,1,0.03,0.004,400000
7520,297,23.04,20,54,9,1,0,0,0.03,0.004,400000
7521,228,15.873,15,50,2,1,0,0,0.03,0.004,400000
7522,91,-1.74,6,20,2,1,0,0,0.03,0.004,400000
7523,101,-11.697,2,10,4,1,0,0,0.03,0.004,400000
7524,18,-9.881,2,7,1,1,0,0,0.03,0.004,400000
7525,160,-16.91,0,1,3,1,0,0,0.03,0.004,400000
7526,44,-15.148,0,2,2,1,0,0,0.03,0.004,400000
7527,400,18.22,11,25,1,0,0,1,0.03,0.004,400000
7528,400,13.897,11,28,1,0,0,1,0.03,0.004,400000
7529,51,-11.784,1,5,2,1,0,0,0.03,0.004,400000
7530,400,7.022,3,13,4,0,0,1,0.03,0.004,400000
7531,400,45.61,27,69,3,0,0,1,0.03,0.004,400000
7532,182,-16.831,0,3,5,1,0,0,0.03,0.004,400000
7533,241,-18.088,0,3,5,1,0,0,0.03,0.004,400000
7534,247,4.252,12,30,6,1,0,0,0.03,0.004,400000
7535,173,-16.789,0,3,2,1,0,0,0.03,0.004,400000
7536,400,45.942,29,78,4,0,0,1,0.03,0.004,400000
7537,400,44.9,23,51,5,0,0,1,0.03,0.004,400000
7538,400,33.908,21,54,5,0,0,1,0.03,0.004,400000
7539,400,15.893,11,33,4,0,0,1,0.03,0.004,400000
7540,385,22.486,20,70,4,1,0,0,0.03,0.004,400000
7541,214,-17.773,0,3,5,1,0,0,0.03,0.004,400000
7542,400,57.132,34,87,3,0,0,1,0.03,0.004,400000
7543,400,34.994,23,53,6,0,0,1,0.03,0.004,400000
7544,400,2.753,4,10,5,0,0,1,0.03,0.004,400000
7545,379,-12.592,1,8,6,1,0,0,0.03,0.004,400000
7546,400,40.966,19,58,6,0,0,1,0.03,0.004,400000
7547,338,3.852,12,36,6,1,0,0,0.03,0.004,400000
7548,91,5.31,10,23,0,1,0,0,0.03,0.004,400000
7549,400,-5.226,0,1,5,0,0,1,0.03,0.004,400000
7550,400,39.781,25,61,2,0,0,1,0.03,0.004,400000
7551,14,-9.256,0,5,0,1,0,0,0.03,0.004,400000
7552,299,14.828,14,47,1,1,0,0,0.03,0.004,400000
7553,377,45.652,33,88,5,1,0,0,0.03,0.004,400000
7554,302,18.672,19,58,6,1,0,0,0.03,0.004,400000
7555,358,6.238,5,20,7,1,0,0,0.03,0.004,400000
7556,101,-3.917,3,8,1,1,0,0,0.03,0.004,400000
7557,400,4.744,5,12,10,0,0,1,0.03,0.004,400000
7558,400,-2.448,2,10,3,0,0,1,0.03,0.004,400000
7559,311,1.729,4,9,3,1,0,0,0.03,0.004,400000
7560,400,47.311,29,67,6,0,0,1,0.03,0.004,400000
7561,83,0.934,9,25,2,1,0,0,0.03,0.004,400000
7562,400,2.846,2,7,4,0,0,1,0.03,0.004,400000
7563,400,15.892,7,23,3,0,0,1,0.03,0.004,400000
7564,400,31.728,21,49,7,0,0,1,0.03,0.004,400000
7565,400,32.48,21,46,4,0,0,1,0.03,0.004,400000
7566,83,-0.996,6,21,2,1,0,0,0.03,0.004,400000
7567,87,5.117,11,24,1,1,0,0,0.03,0.004,400000
7568,25,-10.691,1,8,0,1,0,0,0.03,0.004,400000
7569,305,20.707,19,55,2,1,0,0,0.03,0.004,400000
7570,177,-17.196,0,2,4,1,0,0,0.03,0.004,400000
7571,215,4.008,6,16,2,1,0,0,0.03,0.004,400000
7572,297,13.738,14,32,0,1,0,0,0.03,0.004,400000
7573,400,19.39,8,27,5,0,0,1,0.03,0.004,400000
7574,400,59.941,37,87,7,0,0,1,0.03,0.004,400000
7575,400,51.871,31,72,7,0,0,1,0.03,0.004,400000
7576,158,2.082,7,18,3,1,0,0,0.03,0.004,400000
7577,400,26.805,16,53,13,0,0,1,0.03,0.004,400000
7578,400,-1.198,1,9,3,0,0,1,0.03,0.004,400000
7579,49,-6.656,4,12,3,1,0,0,0.03,0.004,400000
7580,400,26.166,8,26,4,0,0,1,0.03,0.004,400000
7581,57,-4.534,5,18,2,1,0,0,0.03,0.004,400000
7582,234,29.514,23,58,3,1,0,0,0.03,0.004,400000
7583,400,60.492,40,89,7,0,0,1,0.03,0.004,400000
7584,250,28.646,27,66,4,1,0,0,0.03,0.004,400000
7585,400,47.254,30,68,2,0,0,1,0.03,0.004,400000
7586,400,40.79,26,50,2,0,0,1,0.03,0.004,400000
7587,167,23.581,21,46,2,1,0,0,0.03,0.004,400000
7588,197,20.537,21,43,4,1,0,0,0.03,0.004,400000
7589,400,-4.683,2,7,5,0,0,1,0.03,0.004,400000
7590,400,5.708,5,21,3,0,0,1,0.03,0.004,400000
7591,26,-6.143,1,11,0,1,0,0,0.03,0.004,400000
7592,50,-16.116,0,2,4,1,0,0,0.03,0.004,400000
7593,400,32.909,14,34,6,0,0,1,0.03,0.004,400000
7594,119,-6.637,2,7,0,1,0,0,0.03,0.004,400000
7595,174,8.426,12,51,6,1,0,0,0.03,0.004,400000
7596,400,40.699,24,62,7,0,0,1,0.03,0.004,400000
7597,344,33.562,24,53,2,1,0,0,0.03,0.004,400000
7598,400,50.643,29,71,6,0,0,1,0.03,0.004,400000
7599,297,-11.387,1,5,5,1,0,0,0.03,0.004,400000
7600,140,-11.877,2,9,2,1,0,0,0.03,0.004,400000
7601,400,12.899,10,28,8,0,0,1,0.03,0.004,400000
7602,400,49.985,34,72,7,0,0,1,0.03,0.004,400000
7603,143,7.385,12,36,0,1,0,0,0.03,0.004,400000
7604,400,-5.84,0,0,6,0,0,1,0.03,0.004,400000
7605,230,14.009,15,38,2,1,0,0,0.03,0.004,400000
7606,174,-3.213,3,16,2,1,0,0,0.03,0.004,400000
7607,31,-14.995,0,2,3,1,0,0,0.03,0.004,400000
7608,289,-0.052,6,14,5,1,0,0,0.03,0.004,400000
7609,190,13.977,17,30,4,1,0,0,0.03,0.004,400000
7610,400,28.186,14,34,10,0,0,1,0.03,0.004,400000
7611,61,-16.392,0,3,6,1,0,0,0.03,0.004,400000
7612,400,50.83,28,76,4,0,0,1,0.03,0.004,400000
7613,74,1.196,9,25,1,1,0,0,0.03,0.004,400000
7614,400,47.286,31,77,6,0,0,1,0.03,0.004,400000
7615,383,19.222,17,44,6,1,0,0,0.03,0.004,400000
7616,25,-8.559,2,11,0,1,0,0,0.03,0.004,400000
7617,400,7.035,2,7,3,0,0,1,0.03,0.004,400000
7618,18,-10.048,2,7,0,1,0,0,0.03,0.004,400000
7619,400,21.425,15,41,2,0,0,1,0.03,0.004,400000
7620,134,7.174,12,32,1,1,0,0,0.03,0.004,400000
7621,253,28.76,23,58,1,1,0,0,0.03,0.004,400000
7622,400,35.799,19,50,6,0,0,1,0.03,0.004,400000
7623,236,5.885,9,21,2,1,0,0,0.03,0.004,400000
7624,400,21.421,14,37,7,0,0,1,0.03,0.004,400000
7625,347,12.998,12,35,6,1,0,0,0.03,0.004,400000
7626,5,-15.898,0,0,3,1,0,0,0.03,0.004,400000
7627,306,34.824,27,56,5,1,0,0,0.03,0.004,400000
7628,205,18.043,18,46,3,1,0,0,0.03,0.004,400000
7629,400,16.606,7,19,8,0,0,1,0.03,0.004,400000
7630,400,-0.231,1,8,6,0,0,1,0.03,0.004,400000
7631,400,43.887,25,64,6,0,0,1,0.03,0.004,400000
7632,292,0.881,4,19,1,1,0,0,0.03,0.004,400000
7633,400,34.495,20,43,4,0,0,1,0.03,0.004,400000
7634,114,-2.876,4,12,2,1,0,0,0.03,0.004,400000
7635,75,-16.442,0,2,4,1,0,0,0.03,0.004,400000
7636,46,-5.237,4,16,0,1,0,0,0.03,0.004,400000
7637,400,41.052,25,61,7,0,0,1,0.03,0.004,400000
7638,142,-5.603,5,14,4,1,0,0,0.03,0.004,400000
7639,246,28.806,24,68,8,1,0,0,0.03,0.004,400000
7640,354,9.438,14,36,11,1,0,0,0.03,0.004,400000
7641,101,-4.492,4,12,0,1,0,0,0.03,0.004,400000
7642,400,21.588,15,39,3,0,0,1,0.03,0.004,400000
7643,400,33.734,20,47,4,0,0,1,0.03,0.004,400000
7644,400,22.61,16,28,3,0,0,1,0.03,0.004,400000
7645,400,45.087,24,65,8,0,0,1,0.03,0.004,400000
7646,234,8.804,11,30,1,1,0,0,0.03,0.004,400000
7647,400,64.467,39,93,4,0,0,1,0.03,0.004,400000
7648,400,47.217,26,59,3,0,0,1,0.03,0.004,400000
7649,400,24.21,10,25,7,0,0,1,0.03,0.004,400000
7650,400,39.611,19,50,3,0,0,1,0.03,0.004,400000
7651,77,-4.101,4,17,1,1,0,0,0.03,0.004,400000
7652,346,43.806,32,92,9,1,0,0,0.03,0.004,400000
7653,19,-9.388,2,5,0,1,0,0,0.03,0.004,400000
7654,240,18.78,19,51,9,1,0,0,0.03,0.004,400000
7655,41,-12.342,1,7,5,1,0,0,0.03,0.004,400000
7656,400,24.167,10,31,13,0,0,1,0.03,0.004,400000
7657,293,-8.254,2,10,30,1,0,0,0.03,0.004,400000
7658,400,57.006,36,84,9,0,0,1,0.03,0.004,400000
7659,15,-16.367,0,4,14,1,0,0,0.03,0.004,400000
7660,82,1.532,8,23,3,1,0,0,0.03,0.004,400000
7661,10,-15.722,0,3,8,1,0,0,0.03,0.004,400000
7662,208,13.793,16,41,5,1,0,0,0.03,0.004,400000
7663,400,24.862,18,44,31,0,0,1,0.03,0.004,400000
7664,286,26.476,25,64,23,1,0,0,0.03,0.004,400000
7665,7,-15.529,0,3,5,1,0,0,0.03,0.004,400000
7666,105,-11.166,0,2,1,1,0,0,0.03,0.004,400000
7667,235,2.086,7,18,1,1,0,0,0.03,0.004,400000
7668,143,1.059,5,15,3,1,0,0,0.03,0.004,400000
7669,77,-6.463,4,15,3,1,0,0,0.03,0.004,400000
7670,27,-15.538,0,3,3,1,0,0,0.03,0.004,400000
7671,400,28.372,15,36,10,0,0,1,0.03,0.004,400000
7672,9,-15.951,0,1,7,1,0,0,0.03,0.004,400000
7673,63,-16.251,0,3,4,1,0,0,0.03,0.004,400000
7674,36,-18.006,0,3,25,1,0,0,0.03,0.004,400000
7675,7,-15.523,0,3,5,1,0,0,0.03,0.004,400000
7676,170,8.092,11,31,2,1,0,0,0.03,0.004,400000
7677,400,33.437,23,67,57,0,0,1,0.03,0.004,400000
7678,400,25.981,9,31,3,0,0,1,0.03,0.004,400000
7679,296,13.581,18,47,42,1,0,0,0.03,0.004,400000
7680,400,30.711,20,47,1,0,0,1,0.03,0.004,400000
7681,400,36.648,22,58,6,0,0,1,0.03,0.004,400000
7682,267,16.483,16,40,13,1,0,0,0.03,0.004,400000
7683,126,-16.259,0,3,3,1,0,0,0.03,0.004,400000
7684,400,38.699,19,48,3,0,0,1,0.03,0.004,400000
7685,303,-12.174,3,8,3,1,0,0,0.03,0.004,400000
7686,400,0.465,5,24,5,0,0,1,0.03,0.004,400000
7687,400,22.909,17,40,5,0,0,1,0.03,0.004,400000
7688,400,-8.151,2,7,5,0,0,1,0.03,0.004,400000
7689,400,41.263,23,44,2,0,0,1,0.03,0.004,400000
7690,74,-6.5,1,7,0,1,0,0,0.03,0.004,400000
7691,400,18.642,15,35,3,0,0,1,0.03,0.004,400000
7692,128,-18.962,0,0,5,1,0,0,0.03,0.004,400000
7693,400,14.758,7,30,9,0,0,1,0.03,0.004,400000
7694,400,-5.301,2,15,7,0,0,1,0.03,0.004,400000
7695,400,-5.8,2,3,5,0,0,1,0.03,0.004,400000
7696,199,-3.144,4,17,4,1,0,0,0.03,0.004,400000
7697,210,-2.11,7,23,4,1,0,0,0.03,0.004,400000
7698,400,-11.296,0,5,3,0,0,1,0.03,0.004,400000
7699,400,-5.468,1,9,6,0,0,1,0.03,0.004,400000
7700,400,41.029,27,71,5,0,0,1,0.03,0.004,400000
7701,400,-5.883,0,5,5,0,0,1,0.03,0.004,400000
7702,400,56.579,36,87,6,0,0,1,0.03,0.004,400000
7703,188,3.879,12,35,4,1,0,0,0.03,0.004,400000
7704,38,-11.469,1,10,3,1,0,0,0.03,0.004,400000
7705,39,-6.493,1,10,0,1,0,0,0.03,0.004,400000
7706,400,25.221,12,25,1,0,0,1,0.03,0.004,400000
7707,230,22.515,20,50,2,1,0,0,0.03,0.004,400000
7708,204,-18.517,0,1,5,1,0,0,0.03,0.004,400000
7709,400,38.856,19,43,6,0,0,1,0.03,0.004,400000
7710,62,0.34,5,18,0,1,0,0,0.03,0.004,400000
7711,400,34.351,27,53,4,0,0,1,0.03,0.004,400000
7712,325,-6.045,4,14,2,1,0,0,0.03,0.004,400000
7713,400,35.622,19,42,3,0,0,1,0.03,0.004,400000
7714,123,-16.424,0,1,3,1,0,0,0.03,0.004,400000
7715,400,49.435,30,73,8,0,0,1,0.03,0.004,400000
7716,56,-1.197,8,14,1,1,0,0,0.03,0.004,400000
7717,115,9.078,14,33,1,1,0,0,0.03,0.004,400000
7718,400,30.327,14,36,4,0,0,1,0.03,0.004,400000
7719,400,-1.877,1,6,5,0,0,1,0.03,0.004,400000
7720,400,27.68,16,36,7,0,0,1,0.03,0.004,400000
7721,400,18.407,13,27,3,0,0,1,0.03,0.004,400000
7722,124,2.259,10,30,2,1,0,0,0.03,0.004,400000
7723,131,3.822,8,25,2,1,0,0,0.03,0.004,400000
7724,301,10.637,10,21,3,1,0,0,0.03,0.004,400000
7725,304,18.165,18,47,2,1,0,0,0.03,0.004,400000
7726,275,22.033,17,35,3,1,0,0,0.03,0.004,400000
7727,400,20.395,12,49,5,0,0,1,0.03,0.004,400000
7728,44,-15.078,0,2,2,1,0,0,0.03,0.004,400000
7729,400,32.474,22,65,8,0,0,1,0.03,0.004,400000
7730,400,40.446,23,60,5,0,0,1,0.03,0.004,400000
7731,373,36.809,29,71,6,1,0,0,0.03,0.004,400000
7732,400,42.75,28,56,4,0,0,1,0.03,0.004,400000
7733,400,39.459,21,67,5,0,0,1,0.03,0.004,400000
7734,307,10.055,12,22,5,1,0,0,0.03,0.004,400000
7735,400,38.627,20,46,5,0,0,1,0.03,0.004,400000
7736,70,-10.627,0,3,2,1,0,0,0.03,0.004,400000
7737,121,-16.168,0,2,1,1,0,0,0.03,0.004,400000
7738,400,49.527,30,64,4,0,0,1,0.03,0.004,400000
7739,220,22.177,20,47,4,1,0,0,0.03,0.004,400000
7740,116,3.819,10,29,1,1,0,0,0.03,0.004,400000
7741,77,-15.441,0,2,1,1,0,0,0.03,0.004,400000
7742,393,-18.231,1,7,11,1,0,0,0.03,0.004,400000
7743,276,30.921,27,53,1,1,0,0,0.03,0.004,400000
7744,55,-2.258,8,17,3,1,0,0,0.03,0.004,400000
7745,400,35.599,21,50,1,0,0,1,0.03,0.004,400000
7746,400,64.654,38,90,2,0,0,1,0.03,0.004,400000
7747,400,22.566,16,38,9,0,0,1,0.03,0.004,400000
7748,400,32.954,21,48,10,0,0,1,0.03,0.004,400000
7749,400,31.415,15,48,3,0,0,1,0.03,0.004,400000
7750,400,50.147,30,70,7,0,0,1,0.03,0.004,400000
7751,367,12.158,8,22,5,1,0,0,0.03,0.004,400000
7752,400,56.406,32,81,6,0,0,1,0.03,0.004,400000
7753,400,-5.404,0,0,3,0,0,1,0.03,0.004,400000
7754,67,-8.678,3,14,3,1,0,0,0.03,0.004,400000
7755,400,32.855,16,32,2,0,0,1,0.03,0.004,400000
7756,31,-9.174,3,6,2,1,0,0,0.03,0.004,400000
7757,400,0.318,1,8,5,0,0,1,0.03,0.004,400000
7758,400,47.593,28,70,6,0,0,1,0.03,0.004,400000
7759,400,15.465,6,28,4,0,0,1,0.03,0.004,400000
7760,400,27.08,11,39,9,0,0,1,0.03,0.004,400000
7761,202,-10.662,1,3,2,1,0,0,0.03,0.004,400000
7762,400,30.1,13,34,4,0,0,1,0.03,0.004,400000
7763,400,0.238,1,10,6,0,0,1,0.03,0.004,400000
7764,310,10.262,15,45,2,1,0,0,0.03,0.004,400000
7765,209,23.698,21,67,3,1,0,0,0.03,0.004,400000
7766,233,-17.734,0,3,2,1,0,0,0.03,0.004,400000
7767,259,31.022,26,63,4,1,0,0,0.03,0.004,400000
7768,400,-3.072,2,7,4,0,0,1,0.03,0.004,400000
7769,331,38.216,30,66,8,1,0,0,0.03,0.004,400000
7770,250,-9.086,1,15,9,1,0,0,0.03,0.004,400000
7771,400,14.813,10,37,1,0,0,1,0.03,0.004,400000
7772,48,-2.151,8,19,2,1,0,0,0.03,0.004,400000
7773,400,28.538,17,50,9,0,0,1,0.03,0.004,400000
7774,373,4.8,12,34,5,1,0,0,0.03,0.004,400000
7775,117,-16.061,0,2,1,1,0,0,0.03,0.004,400000
7776,400,43.624,27,58,4,0,0,1,0.03,0.004,400000
7777,248,29.159,27,57,4,1,0,0,0.03,0.004,400000
7778,162,15.131,15,38,1,1,0,0,0.03,0.004,400000
7779,311,-2.147,1,14,4,1,0,0,0.03,0.004,400000
7780,332,0.89,6,13,7,1,0,0,0.03,0.004,400000
7781,400,28.902,15,49,7,0,0,1,0.03,0.004,400000
7782,400,-5.44,0,0,2,0,0,1,0.03,0.004,400000
7783,171,4.615,12,29,3,1,0,0,0.03,0.004,400000
7784,137,-16.296,0,3,1,1,0,0,0.03,0.004,400000
7785,64,-1.023,8,20,3,1,0,0,0.03,0.004,400000
7786,400,26.034,16,45,6,0,0,1,0.03,0.004,400000
7787,54,-15.212,0,2,1,1,0,0,0.03,0.004,400000
7788,342,20.312,21,49,5,1,0,0,0.03,0.004,400000
7789,132,8.807,11,28,2,1,0,0,0.03,0.004,400000
7790,400,26.349,16,49,5,0,0,1,0.03,0.004,400000
7791,400,41.011,20,51,5,0,0,1,0.03,0.004,400000
7792,45,-14.854,0,3,0,1,0,0,0.03,0.004,400000
7793,19,-9.415,2,7,2,1,0,0,0.03,0.004,400000
7794,166,-16.959,0,3,4,1,0,0,0.03,0.004,400000
7795,149,-8.821,4,11,4,1,0,0,0.03,0.004,400000
7796,164,-13.917,0,9,1,1,0,0,0.03,0.004,400000
7797,108,6.923,13,24,0,1,0,0,0.03,0.004,400000
7798,34,-7.203,3,11,0,1,0,0,0.03,0.004,400000
7799,18,-9.801,2,8,1,1,0,0,0.03,0.004,400000
7800,270,-19.596,0,2,3,1,0,0,0.03,0.004,400000
7801,285,-6.142,3,11,1,1,0,0,0.03,0.004,400000
7802,293,20.659,20,47,16,1,0,0,0.03,0.004,400000
7803,400,47.598,26,65,2,0,0,1,0.03,0.004,400000
7804,26,-10.524,2,10,3,1,0,0,0.03,0.004,400000
7805,20,-9.248,2,8,2,1,0,0,0.03,0.004,400000
7806,400,-0.675,1,8,5,0,0,1,0.03,0.004,400000
7807,242,-17.932,0,3,2,1,0,0,0.03,0.004,400000
7808,400,42.654,26,58,9,0,0,1,0.03,0.004,400000
7809,400,47.934,31,69,3,0,0,1,0.03,0.004,400000
7810,50,-9.216,3,13,2,1,0,0,0.03,0.004,400000
7811,400,61.209,36,96,6,0,0,1,0.03,0.004,400000
7812,400,25.777,8,22,5,0,0,1,0.03,0.004,400000
7813,400,46.316,27,75,5,0,0,1,0.03,0.004,400000
7814,400,34.198,21,51,8,0,0,1,0.03,0.004,400000
7815,400,-5.007,0,3,3,0,0,1,0.03,0.004,400000
7816,400,51.934,30,72,6,0,0,1,0.03,0.004,400000
7817,400,61.704,38,87,4,0,0,1,0.03,0.004,400000
7818,169,3.847,9,34,0,1,0,0,0.03,0.004,400000
7819,159,-9.465,3,9,4,1,0,0,0.03,0.004,400000
7820,400,-6.662,0,6,4,0,0,1,0.03,0.004,400000
7821,81,3.628,8,26,1,1,0,0,0.03,0.004,400000
7822,96,-0.503,8,20,2,1,0,0,0.03,0.004,400000
7823,176,-15.875,0,4,4,1,0,0,0.03,0.004,400000
7824,400,-5.428,0,2,7,0,0,1,0.03,0.004,400000
7825,400,54.84,35,81,5,0,0,1,0.03,0.004,400000
7826,22,-14.837,0,3,3,1,0,0,0.03,0.004,400000
7827,400,13.013,8,21,3,0,0,1,0.03,0.004,400000
7828,381,42.988,35,83,9,1,0,0,0.03,0.004,400000
7829,41,-9.138,3,7,1,1,0,0,0.03,0.004,400000
7830,400,20.364,14,34,6,0,0,1,0.03,0.004,400000
7831,400,13.831,8,22,9,0,0,1,0.03,0.004,400000
7832,400,55.737,35,83,5,0,0,1,0.03,0.004,400000
7833,238,-6.546,1,6,5,1,0,0,0.03,0.004,400000
7834,38,-9.861,2,7,3,1,0,0,0.03,0.004,400000
7835,400,18.211,14,31,3,0,0,1,0.03,0.004,400000
7836,255,26.736,23,54,0,1,0,0,0.03,0.004,400000
7837,19,-5.354,3,7,0,1,0,0,0.03,0.004,400000
7838,92,-2.819,5,24,2,1,0,0,0.03,0.004,400000
7839,400,-2.994,0,6,6,0,0,1,0.03,0.004,400000
7840,333,22.145,20,46,4,1,0,0,0.03,0.004,400000
7841,322,-10.428,3,9,6,1,0,0,0.03,0.004,400000
7842,257,0.821,4,17,4,1,0,0,0.03,0.004,400000
7843,105,-5.112,5,19,0,1,0,0,0.03,0.004,400000
7844,400,17.057,9,25,6,0,0,1,0.03,0.004,400000
7845,400,32.995,21,49,3,0,0,1,0.03,0.004,400000
7846,63,-4.555,5,17,3,1,0,0,0.03,0.004,400000
7847,400,35.998,18,42,7,0,0,1,0.03,0.004,400000
7848,400,46.246,26,60,5,0,0,1,0.03,0.004,400000
7849,400,50.145,32,76,3,0,0,1,0.03,0.004,400000
7850,400,35.541,24,58,5,0,0,1,0.03,0.004,400000
7851,307,8.379,11,31,4,1,0,0,0.03,0.004,400000
7852,258,24.117,19,53,2,1,0,0,0.03,0.004,400000
7853,331,-1.814,5,7,3,1,0,0,0.03,0.004,400000
7854,400,6.937,0,7,2,0,0,1,0.03,0.004,400000
7855,259,33.011,30,66,4,1,0,0,0.03,0.004,400000
7856,400,11.152,5,24,5,0,0,1,0.03,0.004,400000
7857,246,8.205,11,38,5,1,0,0,0.03,0.004,400000
7858,400,13.336,10,23,3,0,0,1,0.03,0.004,400000
7859,194,7.366,13,24,1,1,0,0,0.03,0.004,400000
7860,13,-14.529,0,2,1,1,0,0,0.03,0.004,400000
7861,35,-6.028,4,12,4,1,0,0,0.03,0.004,400000
7862,400,68.863,41,103,1,0,0,1,0.03,0.004,400000
7863,84,1.246,6,15,0,1,0,0,0.03,0.004,400000
7864,400,-2.169,1,8,6,0,0,1,0.03,0.004,400000
7865,400,11.844,6,14,5,0,0,1,0.03,0.004,400000
7866,400,45.036,27,60,5,0,0,1,0.03,0.004,400000
7867,265,-0.706,5,11,4,1,0,0,0.03,0.004,400000
7868,286,-6.335,3,13,8,1,0,0,0.03,0.004,400000
7869,400,23.693,7,30,4,0,0,1,0.03,0.004,400000
7870,246,22.422,22,43,3,1,0,0,0.03,0.004,400000
7871,16,-7.603,1,5,0,1,0,0,0.03,0.004,400000
7872,400,10.46,6,23,5,0,0,1,0.03,0.004,400000
7873,400,36.735,24,60,6,0,0,1,0.03,0.004,400000
7874,168,15.417,18,44,2,1,0,0,0.03,0.004,400000
7875,288,0.726,5,20,3,1,0,0,0.03,0.004,400000
7876,400,10.479,6,12,3,0,0,1,0.03,0.004,400000
7877,400,52.43,27,75,3,0,0,1,0.03,0.004,400000
7878,400,2.546,4,10,5,0,0,1,0.03,0.004,400000
7879,400,-2.309,1,8,3,0,0,1,0.03,0.004,400000
7880,400,27.983,18,40,7,0,0,1,0.03,0.004,400000
7881,400,0.249,6,13,10,0,0,1,0.03,0.004,400000
7882,83,-4.554,6,17,1,1,0,0,0.03,0.004,400000
7883,400,39.565,24,69,4,0,0,1,0.03,0.004,400000
7884,400,26.278,15,39,7,0,0,1,0.03,0.004,400000
7885,111,10.985,13,33,0,1,0,0,0.03,0.004,400000
7886,99,-4.514,4,18,3,1,0,0,0.03,0.004,400000
7887,5,-14.749,0,1,3,1,0,0,0.03,0.004,400000
7888,400,39.112,18,53,1,0,0,1,0.03,0.004,400000
7889,95,-11.541,1,6,1,1,0,0,0.03,0.004,400000
7890,360,31.837,27,68,5,1,0,0,0.03,0.004,400000
7891,101,4.487,12,30,4,1,0,0,0.03,0.004,400000
7892,332,43.648,35,76,6,1,0,0,0.03,0.004,400000
7893,151,-16.845,0,3,5,1,0,0,0.03,0.004,400000
7894,5,-14.749,0,1,3,1,0,0,0.03,0.004,400000
7895,400,28.889,13,29,2,0,0,1,0.03,0.004,400000
7896,18,-11.016,1,8,2,1,0,0,0.03,0.004,400000
7897,27,-14.874,0,2,2,1,0,0,0.03,0.004,400000
7898,392,45.071,33,77,4,1,0,0,0.03,0.004,400000
7899,86,1.86,10,19,0,1,0,0,0.03,0.004,400000
7900,400,28.557,13,37,6,0,0,1,0.03,0.004,400000
7901,5,-14.549,0,2,3,1,0,0,0.03,0.004,400000
7902,168,13.519,17,49,4,1,0,0,0.03,0.004,400000
7903,400,37.876,22,57,3,0,0,1,0.03,0.004,400000
7904,67,-6.945,3,7,1,1,0,0,0.03,0.004,400000
7905,400,49.817,31,67,6,0,0,1,0.03,0.004,400000
7906,204,-9.362,3,10,2,1,0,0,0.03,0.004,400000
7907,205,-0.272,9,26,3,1,0,0,0.03,0.004,400000
7908,400,47.3,28,74,1,0,0,1,0.03,0.004,400000
7909,18,-9.033,3,7,2,1,0,0,0.03,0.004,400000
7910,400,-4.257,0,0,5,0,0,1,0.03,0.004,400000
7911,284,-1.698,8,22,3,1,0,0,0.03,0.004,400000
7912,302,-3.477,5,24,4,1,0,0,0.03,0.004,400000
7913,400,23.85,11,29,7,0,0,1,0.03,0.004,400000
7914,400,55.781,34,84,4,0,0,1,0.03,0.004,400000
7915,400,44.924,24,59,8,0,0,1,0.03,0.004,400000
7916,305,21.522,18,47,5,1,0,0,0.03,0.004,400000
7917,329,23.033,22,51,5,1,0,0,0.03,0.004,400000
7918,398,28.963,23,52,2,1,0,0,0.03,0.004,400000
7919,45,-3.665,3,12,2,1,0,0,0.03,0.004,400000
7920,400,14.34,5,16,7,0,0,1,0.03,0.004,400000
7921,400,29.298,17,41,4,0,0,1,0.03,0.004,400000
7922,400,0.593,1,8,8,0,0,1,0.03,0.004,400000
7923,20,-15.688,0,3,13,1,0,0,0.03,0.004,400000
7924,32,-10.891,1,9,6,1,0,0,0.03,0.004,400000
7925,204,2.688,11,31,3,1,0,0,0.03,0.004,400000
7926,342,42.802,32,71,4,1,0,0,0.03,0.004,400000
7927,52,-15.711,0,3,3,1,0,0,0.03,0.004,400000
7928,400,56.626,34,80,7,0,0,1,0.03,0.004,400000
7929,11,-15.46,0,2,10,1,0,0,0.03,0.004,400000
7930,254,24.689,19,58,2,1,0,0,0.03,0.004,400000
7931,180,6.13,8,24,4,1,0,0,0.03,0.004,400000
7932,400,22.881,8,23,11,0,0,1,0.03,0.004,400000
7933,400,21.828,6,17,17,0,0,1,0.03,0.004,400000
7934,270,4.069,8,29,1,1,0,0,0.03,0.004,400000
7935,400,48.61,30,74,12,0,0,1,0.03,0.004,400000
7936,10,-15.116,0,2,7,1,0,0,0.03,0.004,400000
7937,400,19.035,12,35,26,0,0,1,0.03,0.004,400000
7938,152,13.967,14,41,7,1,0,0,0.03,0.004,400000
7939,306,18.773,21,51,34,1,0,0,0.03,0.004,400000
7940,224,10.449,11,41,18,1,0,0,0.03,0.004,400000
7941,400,-1.875,1,4,4,0,0,1,0.03,0.004,400000
7942,29,-10.782,2,6,3,1,0,0,0.03,0.004,400000
7943,10,-15.016,0,3,7,1,0,0,0.03,0.004,400000
7944,400,34.0,22,54,2,0,0,1,0.03,0.004,400000
7945,400,30.078,13,36,19,0,0,1,0.03,0.004,400000
7946,164,18.593,19,43,16,1,0,0,0.03,0.004,400000
7947,96,-7.34,3,12,7,1,0,0,0.03,0.004,400000
7948,400,27.167,8,20,1,0,0,1,0.03,0.004,400000
7949,400,47.928,28,64,3,0,0,1,0.03,0.004,400000
7950,400,52.014,33,67,12,0,0,1,0.03,0.004,400000
7951,45,-6.947,4,9,2,1,0,0,0.03,0.004,400000
7952,400,56.094,33,78,7,0,0,1,0.03,0.004,400000
7953,293,22.274,23,55,9,1,0,0,0.03,0.004,400000
7954,206,-14.46,0,5,0,1,0,0,0.03,0.004,400000
7955,140,-14.854,0,6,2,1,0,0,0.03,0.004,400000
7956,400,48.806,27,72,5,0,0,1,0.03,0.004,400000
7957,37,-7.645,3,13,2,1,0,0,0.03,0.004,400000
7958,154,8.237,12,29,5,1,0,0,0.03,0.004,400000
7959,400,17.295,11,21,7,0,0,1,0.03,0.004,400000
7960,184,1.113,7,25,4,1,0,0,0.03,0.004,400000
7961,64,-5.312,4,19,1,1,0,0,0.03,0.004,400000
7962,366,20.058,19,54,5,1,0,0,0.03,0.004,400000
7963,400,36.961,23,53,7,0,0,1,0.03,0.004,400000
7964,400,12.368,6,15,5,0,0,1,0.03,0.004,400000
7965,93,0.888,7,28,0,1,0,0,0.03,0.004,400000
7966,400,19.082,13,37,1,0,0,1,0.03,0.004,400000
7967,47,-3.99,3,10,0,1,0,0,0.03,0.004,400000
7968,400,-1.057,1,4,1,0,0,1,0.03,0.004,400000
7969,7,-9.237,0,2,0,1,0,0,0.03,0.004,400000
7970,400,-1.495,2,8,6,0,0,1,0.03,0.004,400000
7971,400,32.045,13,37,2,0,0,1,0.03,0.004,400000
7972,400,31.624,17,61,5,0,0,1,0.03,0.004,400000
7973,400,15.803,11,28,3,0,0,1,0.03,0.004,400000
7974,100,3.115,7,39,2,1,0,0,0.03,0.004,400000
7975,400,33.637,20,44,10,0,0,1,0.03,0.004,400000
7976,101,-7.969,0,7,1,1,0,0,0.03,0.004,400000
7977,400,-5.72,0,0,5,0,0,1,0.03,0.004,400000
7978,351,0.681,4,11,4,1,0,0,0.03,0.004,400000
7979,400,-1.419,4,12,11,0,0,1,0.03,0.004,400000
7980,120,13.137,14,37,0,1,0,0,0.03,0.004,400000
7981,400,48.913,30,72,4,0,0,1,0.03,0.004,400000
7982,108,-4.728,6,12,3,1,0,0,0.03,0.004,400000
7983,17,-14.866,0,1,2,1,0,0,0.03,0.004,400000
7984,197,8.574,12,37,3,1,0,0,0.03,0.004,400000
7985,400,15.0,4,13,5,0,0,1,0.03,0.004,400000
7986,82,-3.417,7,13,4,1,0,0,0.03,0.004,400000
7987,79,-15.629,0,2,2,1,0,0,0.03,0.004,400000
7988,158,8.922,12,22,3,1,0,0,0.03,0.004,400000
7989,400,52.906,33,73,9,0,0,1,0.03,0.004,400000
7990,243,17.442,19,50,4,1,0,0,0.03,0.004,400000
7991,329,11.371,9,21,5,1,0,0,0.03,0.004,400000
7992,74,-4.188,4,20,4,1,0,0,0.03,0.004,400000
7993,284,33.527,25,69,2,1,0,0,0.03,0.004,400000
7994,397,14.491,18,42,36,1,0,0,0.03,0.004,400000
7995,10,-14.746,0,3,4,1,0,0,0.03,0.004,400000
7996,400,1.129,3,18,1,0,0,1,0.03,0.004,400000
7997,400,63.436,36,96,5,0,0,1,0.03,0.004,400000
7998,98,-16.05,0,2,4,1,0,0,0.03,0.004,400000
7999,400,60.01,36,84,3,0,0,1,0.03,0.004,400000
8000,119,-5.673,0,2,0,1,0,0,0.03,0.004,400000
