episode,steps,total_reward,coins,crates,invalid,killed_self,killed_opponents,survived,epsilon,alpha,buffer
1,9,-14.502,0,3,7,1,0,0,1.0,0.02,9
2,9,-13.217,0,2,4,1,0,0,0.999,0.02,18
3,9,-12.882,0,3,3,1,0,0,0.999,0.02,27
4,11,-12.936,0,2,7,1,0,0,0.998,0.02,38
5,31,-13.604,0,6,18,1,0,0,0.997,0.02,69
6,8,-12.987,0,3,3,1,0,0,0.997,0.0199,77
7,7,-12.676,0,3,3,1,0,0,0.996,0.0199,84
8,19,-14.397,0,4,12,1,0,0,0.995,0.0199,103
9,40,-14.649,0,6,19,1,0,0,0.995,0.0199,143
10,7,-13.232,0,1,5,1,0,0,0.994,0.0199,150
11,10,-13.196,0,3,5,1,0,0,0.994,0.0199,160
12,11,-12.308,0,6,6,1,0,0,0.993,0.0199,171
13,6,-13.515,0,4,4,1,0,0,0.992,0.0199,177
14,8,-9.694,0,2,1,1,0,0,0.992,0.0199,185
15,6,-12.542,0,1,3,1,0,0,0.991,0.0199,191
16,6,-13.215,0,4,4,1,0,0,0.99,0.0198,197
17,8,-12.947,0,3,5,1,0,0,0.99,0.0198,205
18,10,-13.739,0,1,9,1,0,0,0.989,0.0198,215
19,11,-13.043,0,3,4,1,0,0,0.988,0.0198,226
20,8,-13.704,0,3,3,1,0,0,0.988,0.0198,234
21,10,-13.493,0,4,5,1,0,0,0.987,0.0198,244
22,8,-12.996,0,4,5,1,0,0,0.986,0.0198,252
23,13,-14.449,0,3,6,1,0,0,0.986,0.0198,265
24,7,-12.852,0,3,4,1,0,0,0.985,0.0198,272
25,14,-13.654,0,2,9,1,0,0,0.984,0.0197,286
26,7,-13.133,0,3,5,1,0,0,0.984,0.0197,293
27,53,-16.146,0,5,30,1,0,0,0.983,0.0197,346
28,6,-13.366,0,3,4,1,0,0,0.983,0.0197,352
29,12,-13.1,0,3,6,1,0,0,0.982,0.0197,364
30,5,-13.175,0,3,2,1,0,0,0.981,0.0197,369
31,14,-13.629,0,3,4,1,0,0,0.981,0.0197,383
32,25,-13.591,0,5,12,1,0,0,0.98,0.0197,408
33,10,-13.445,0,2,7,1,0,0,0.979,0.0197,418
34,6,-13.085,0,4,3,1,0,0,0.979,0.0196,424
35,12,-13.576,0,1,7,1,0,0,0.978,0.0196,436
36,5,-13.415,0,3,1,1,0,0,0.977,0.0196,441
37,15,-12.929,0,5,5,1,0,0,0.977,0.0196,456
38,16,-10.705,0,2,7,1,0,0,0.976,0.0196,472
39,5,-13.154,0,2,0,1,0,0,0.975,0.0196,477
40,13,-13.146,0,3,10,1,0,0,0.975,0.0196,490
41,6,-13.584,0,3,3,1,0,0,0.974,0.0196,496
42,24,-14.424,0,3,16,1,0,0,0.973,0.0196,520
43,7,-13.201,0,3,2,1,0,0,0.973,0.0196,527
44,11,-13.279,0,2,5,1,0,0,0.972,0.0195,538
45,7,-13.48,0,3,5,1,0,0,0.972,0.0195,545
46,8,-13.884,0,3,2,1,0,0,0.971,0.0195,553
47,9,-13.48,0,3,4,1,0,0,0.97,0.0195,562
48,26,-13.741,0,4,13,1,0,0,0.97,0.0195,588
49,19,-14.857,0,4,10,1,0,0,0.969,0.0195,607
50,6,-13.539,0,2,4,1,0,0,0.968,0.0195,613
51,5,-13.302,0,2,3,1,0,0,0.968,0.0195,618
52,9,-13.608,0,4,7,1,0,0,0.967,0.0195,627
53,9,-13.921,0,3,5,1,0,0,0.966,0.0194,636
54,10,-14.393,0,2,5,1,0,0,0.966,0.0194,646
55,35,-14.683,0,5,19,1,0,0,0.965,0.0194,681
56,6,-11.685,0,3,2,1,0,0,0.964,0.0194,687
57,17,-13.421,0,5,9,1,0,0,0.964,0.0194,704
58,8,-12.709,0,3,3,1,0,0,0.963,0.0194,712
59,9,-13.202,0,2,5,1,0,0,0.962,0.0194,721
60,9,-13.261,0,2,5,1,0,0,0.962,0.0194,730
61,5,-13.544,0,4,3,1,0,0,0.961,0.0194,735
62,12,-13.988,0,4,6,1,0,0,0.961,0.0193,747
63,7,-13.032,0,3,5,1,0,0,0.96,0.0193,754
64,11,-14.05,0,2,5,1,0,0,0.959,0.0193,765
65,10,-13.319,0,1,4,1,0,0,0.959,0.0193,775
66,5,-13.072,0,4,2,1,0,0,0.958,0.0193,780
67,16,-12.974,0,3,9,1,0,0,0.957,0.0193,796
68,11,-13.529,0,3,5,1,0,0,0.957,0.0193,807
69,7,-13.025,0,0,4,1,0,0,0.956,0.0193,814
70,10,-13.024,0,5,7,1,0,0,0.955,0.0193,824
71,10,-12.366,0,3,3,1,0,0,0.955,0.0193,834
72,6,-12.938,0,3,3,1,0,0,0.954,0.0192,840
73,11,-13.522,0,0,5,1,0,0,0.953,0.0192,851
74,5,-13.071,0,4,2,1,0,0,0.953,0.0192,856
75,5,-13.301,0,3,3,1,0,0,0.952,0.0192,861
76,11,-9.911,0,2,6,1,0,0,0.952,0.0192,872
77,22,-11.892,1,3,9,1,0,0,0.951,0.0192,894
78,7,-13.38,0,4,5,1,0,0,0.95,0.0192,901
79,5,-13.175,0,3,3,1,0,0,0.95,0.0192,906
80,5,-13.251,0,3,3,1,0,0,0.949,0.0192,911
81,12,-13.693,0,3,6,1,0,0,0.948,0.0191,923
82,8,-13.405,0,3,3,1,0,0,0.948,0.0191,931
83,14,-13.853,0,4,9,1,0,0,0.947,0.0191,945
84,9,-13.197,0,2,4,1,0,0,0.946,0.0191,954
85,9,-13.202,0,2,5,1,0,0,0.946,0.0191,963
86,13,-12.933,0,3,4,1,0,0,0.945,0.0191,976
87,5,-12.971,0,4,2,1,0,0,0.944,0.0191,981
88,12,-13.014,0,4,5,1,0,0,0.944,0.0191,993
89,7,-12.476,0,2,3,1,0,0,0.943,0.0191,1000
90,5,-13.072,0,4,2,1,0,0,0.942,0.0191,1005
91,5,-13.702,0,2,3,1,0,0,0.942,0.019,1010
92,5,-13.072,0,4,2,1,0,0,0.941,0.019,1015
93,35,-15.059,0,3,18,1,0,0,0.941,0.019,1050
94,7,-13.273,0,2,4,1,0,0,0.94,0.019,1057
95,8,-12.23,0,3,2,1,0,0,0.939,0.019,1065
96,15,-14.263,0,2,10,1,0,0,0.939,0.019,1080
97,9,-13.12,0,2,4,1,0,0,0.938,0.019,1089
98,17,-13.005,0,6,8,1,0,0,0.937,0.019,1106
99,6,-12.379,0,2,2,1,0,0,0.937,0.019,1112
100,13,-10.22,0,2,4,1,0,0,0.936,0.0189,1125
101,6,-13.166,0,4,4,1,0,0,0.935,0.0189,1131
102,9,-12.625,0,2,4,1,0,0,0.935,0.0189,1140
103,6,-13.536,0,4,3,1,0,0,0.934,0.0189,1146
104,6,-13.556,0,3,2,1,0,0,0.933,0.0189,1152
105,16,-13.474,0,2,7,1,0,0,0.933,0.0189,1168
106,8,-13.097,0,3,6,1,0,0,0.932,0.0189,1176
107,6,-13.739,0,3,4,1,0,0,0.931,0.0189,1182
108,10,-12.319,0,6,5,1,0,0,0.931,0.0189,1192
109,13,-12.895,0,3,8,1,0,0,0.93,0.0188,1205
110,5,-13.619,0,2,2,1,0,0,0.93,0.0188,1210
111,5,-13.7,0,2,3,1,0,0,0.929,0.0188,1215
112,12,-13.316,0,3,7,1,0,0,0.928,0.0188,1227
113,11,-13.162,0,3,6,1,0,0,0.928,0.0188,1238
114,5,-13.194,0,3,2,1,0,0,0.927,0.0188,1243
115,8,-13.147,0,3,6,1,0,0,0.926,0.0188,1251
116,38,-15.354,0,4,17,1,0,0,0.926,0.0188,1289
117,6,-12.808,0,3,2,1,0,0,0.925,0.0188,1295
118,27,-13.554,0,4,14,1,0,0,0.924,0.0188,1322
119,7,-12.407,0,3,4,1,0,0,0.924,0.0187,1329
120,8,-13.784,0,2,4,1,0,0,0.923,0.0187,1337
121,18,-13.276,0,6,10,1,0,0,0.922,0.0187,1355
122,18,-13.326,0,3,8,1,0,0,0.922,0.0187,1373
123,7,-9.352,0,3,2,1,0,0,0.921,0.0187,1380
124,12,-13.795,0,3,7,1,0,0,0.92,0.0187,1392
125,10,-13.775,0,2,4,1,0,0,0.92,0.0187,1402
126,38,-14.582,0,3,14,1,0,0,0.919,0.0187,1440
127,20,-13.655,0,4,10,1,0,0,0.919,0.0187,1460
128,11,-13.45,0,1,6,1,0,0,0.918,0.0186,1471
129,6,-12.678,0,3,1,1,0,0,0.917,0.0186,1477
130,9,-13.082,0,2,4,1,0,0,0.917,0.0186,1486
131,5,-13.324,0,3,4,1,0,0,0.916,0.0186,1491
132,13,-13.067,0,5,6,1,0,0,0.915,0.0186,1504
133,19,-14.581,0,3,10,1,0,0,0.915,0.0186,1523
134,6,-13.266,0,4,4,1,0,0,0.914,0.0186,1529
135,10,-13.247,0,3,7,1,0,0,0.913,0.0186,1539
136,9,-13.191,0,2,4,1,0,0,0.913,0.0186,1548
137,9,-12.954,0,3,5,1,0,0,0.912,0.0185,1557
138,7,-12.361,0,1,0,1,0,0,0.911,0.0185,1564
139,18,-13.686,0,5,11,1,0,0,0.911,0.0185,1582
140,13,-12.705,0,3,5,1,0,0,0.91,0.0185,1595
141,18,-14.549,0,3,10,1,0,0,0.909,0.0185,1613
142,11,-13.271,0,3,2,1,0,0,0.909,0.0185,1624
143,39,-14.742,0,2,14,1,0,0,0.908,0.0185,1663
144,17,-13.11,0,5,8,1,0,0,0.908,0.0185,1680
145,11,-13.582,0,1,7,1,0,0,0.907,0.0185,1691
146,12,-13.563,0,2,7,1,0,0,0.906,0.0185,1703
147,5,-13.352,0,4,3,1,0,0,0.906,0.0184,1708
148,5,-11.521,0,3,0,1,0,0,0.905,0.0184,1713
149,11,-13.303,0,3,6,1,0,0,0.904,0.0184,1724
150,8,-9.329,0,3,2,1,0,0,0.904,0.0184,1732
151,8,-13.335,0,4,4,1,0,0,0.903,0.0184,1740
152,29,-13.878,0,4,16,1,0,0,0.902,0.0184,1769
153,6,-12.887,0,3,3,1,0,0,0.902,0.0184,1775
154,14,-13.563,0,4,6,1,0,0,0.901,0.0184,1789
155,7,-13.743,0,3,4,1,0,0,0.9,0.0184,1796
156,6,-13.961,0,1,4,1,0,0,0.9,0.0183,1802
157,24,-13.649,0,5,12,1,0,0,0.899,0.0183,1826
158,10,-13.286,0,2,5,1,0,0,0.898,0.0183,1836
159,14,-13.72,0,2,9,1,0,0,0.898,0.0183,1850
160,23,-14.522,0,4,14,1,0,0,0.897,0.0183,1873
161,14,-10.309,0,2,6,1,0,0,0.897,0.0183,1887
162,14,-12.981,0,3,8,1,0,0,0.896,0.0183,1901
163,12,-12.792,0,3,6,1,0,0,0.895,0.0183,1913
164,6,-12.289,0,2,3,1,0,0,0.895,0.0183,1919
165,10,-13.068,0,1,4,1,0,0,0.894,0.0183,1929
166,18,-13.728,0,3,6,1,0,0,0.893,0.0182,1947
167,7,-13.169,0,2,5,1,0,0,0.893,0.0182,1954
168,6,-13.429,0,4,2,1,0,0,0.892,0.0182,1960
169,26,-13.004,0,5,11,1,0,0,0.891,0.0182,1986
170,15,-13.234,0,2,5,1,0,0,0.891,0.0182,2001
171,14,-14.425,0,2,8,1,0,0,0.89,0.0182,2015
172,9,-13.031,0,2,2,1,0,0,0.889,0.0182,2024
173,7,-13.151,0,3,2,1,0,0,0.889,0.0182,2031
174,18,-14.056,0,2,11,1,0,0,0.888,0.0182,2049
175,39,-16.041,0,4,19,1,0,0,0.887,0.0181,2088
176,8,-12.592,0,2,4,1,0,0,0.887,0.0181,2096
177,5,-13.245,0,3,2,1,0,0,0.886,0.0181,2101
178,6,-13.159,0,4,3,1,0,0,0.886,0.0181,2107
179,10,-13.356,0,2,5,1,0,0,0.885,0.0181,2117
180,7,-13.5,0,2,4,1,0,0,0.884,0.0181,2124
181,5,-13.202,0,4,3,1,0,0,0.884,0.0181,2129
182,35,-15.419,0,4,17,1,0,0,0.883,0.0181,2164
183,17,-13.81,0,2,9,1,0,0,0.882,0.0181,2181
184,21,-13.102,0,4,10,1,0,0,0.882,0.018,2202
185,12,-12.649,0,3,6,1,0,0,0.881,0.018,2214
186,11,-13.159,0,1,4,1,0,0,0.88,0.018,2225
187,9,-13.329,0,4,4,1,0,0,0.88,0.018,2234
188,24,-13.99,0,3,12,1,0,0,0.879,0.018,2258
189,6,-12.968,0,3,4,1,0,0,0.878,0.018,2264
190,10,-12.619,0,3,6,1,0,0,0.878,0.018,2274
191,31,-13.299,0,6,16,1,0,0,0.877,0.018,2305
192,20,-14.116,0,4,14,1,0,0,0.876,0.018,2325
193,5,-12.744,0,2,2,1,0,0,0.876,0.018,2330
194,20,-14.142,0,2,13,1,0,0,0.875,0.0179,2350
195,11,-13.541,0,2,3,1,0,0,0.875,0.0179,2361
196,8,-12.512,0,2,3,1,0,0,0.874,0.0179,2369
197,11,-9.97,0,2,3,1,0,0,0.873,0.0179,2380
198,6,-12.361,0,2,2,1,0,0,0.873,0.0179,2386
199,5,-13.194,0,3,2,1,0,0,0.872,0.0179,2391
200,7,-12.294,0,3,2,1,0,0,0.871,0.0179,2398
201,6,-13.184,0,2,1,1,0,0,0.871,0.0179,2404
202,38,-13.336,1,7,11,1,0,0,0.87,0.0179,2442
203,6,-13.716,0,3,4,1,0,0,0.869,0.0178,2448
204,13,-13.646,0,3,5,1,0,0,0.869,0.0178,2461
205,26,-14.578,0,3,16,1,0,0,0.868,0.0178,2487
206,14,-13.6,0,0,4,1,0,0,0.867,0.0178,2501
207,6,-13.009,0,1,2,1,0,0,0.867,0.0178,2507
208,24,-13.396,0,3,10,1,0,0,0.866,0.0178,2531
209,26,-13.276,0,5,11,1,0,0,0.865,0.0178,2557
210,10,-13.525,0,1,8,1,0,0,0.865,0.0178,2567
211,10,-12.789,0,2,5,1,0,0,0.864,0.0178,2577
212,6,-13.659,0,4,4,1,0,0,0.864,0.0177,2583
213,9,-12.782,0,2,6,1,0,0,0.863,0.0177,2592
214,22,-13.325,0,2,11,1,0,0,0.862,0.0177,2614
215,5,-13.444,0,3,2,1,0,0,0.862,0.0177,2619
216,7,-13.681,0,2,3,1,0,0,0.861,0.0177,2626
217,5,-13.392,0,3,1,1,0,0,0.86,0.0177,2631
218,5,-13.924,0,3,3,1,0,0,0.86,0.0177,2636
219,13,-12.886,0,3,8,1,0,0,0.859,0.0177,2649
220,5,-13.071,0,3,2,1,0,0,0.858,0.0177,2654
221,10,-12.766,0,3,2,1,0,0,0.858,0.0177,2664
222,16,-12.875,0,4,9,1,0,0,0.857,0.0176,2680
223,7,-13.213,0,4,3,1,0,0,0.856,0.0176,2687
224,6,-13.556,0,3,2,1,0,0,0.856,0.0176,2693
225,26,-13.055,0,5,11,1,0,0,0.855,0.0176,2719
226,7,-13.673,0,3,4,1,0,0,0.855,0.0176,2726
227,14,-12.567,0,5,7,1,0,0,0.854,0.0176,2740
228,5,-13.552,0,3,3,1,0,0,0.853,0.0176,2745
229,9,-13.891,0,3,5,1,0,0,0.853,0.0176,2754
230,35,-14.943,0,4,15,1,0,0,0.852,0.0176,2789
231,13,-12.022,0,3,4,1,0,0,0.851,0.0175,2802
232,10,-13.327,0,3,8,1,0,0,0.851,0.0175,2812
233,6,-13.715,0,3,4,1,0,0,0.85,0.0175,2818
234,15,-13.851,0,2,11,1,0,0,0.849,0.0175,2833
235,5,-13.049,0,1,3,1,0,0,0.849,0.0175,2838
236,17,-12.879,0,4,8,1,0,0,0.848,0.0175,2855
237,15,-13.139,0,6,9,1,0,0,0.847,0.0175,2870
238,5,-13.301,0,3,3,1,0,0,0.847,0.0175,2875
239,12,-14.426,0,2,8,1,0,0,0.846,0.0175,2887
240,9,-13.332,0,2,6,1,0,0,0.845,0.0175,2896
241,7,-13.203,0,1,4,1,0,0,0.845,0.0174,2903
242,34,-13.457,1,4,17,1,0,0,0.844,0.0174,2937
243,24,-14.929,0,4,14,1,0,0,0.844,0.0174,2961
244,6,-13.486,0,4,3,1,0,0,0.843,0.0174,2967
245,11,-13.462,0,3,8,1,0,0,0.842,0.0174,2978
246,5,-13.165,0,3,2,1,0,0,0.842,0.0174,2983
247,8,-13.765,0,2,3,1,0,0,0.841,0.0174,2991
248,12,-13.794,0,4,6,1,0,0,0.84,0.0174,3003
249,21,-13.838,0,2,8,1,0,0,0.84,0.0174,3024
250,15,-13.131,0,5,6,1,0,0,0.839,0.0173,3039
251,17,-13.889,0,3,12,1,0,0,0.838,0.0173,3056
252,8,-12.59,0,2,4,1,0,0,0.838,0.0173,3064
253,31,-14.369,0,5,18,1,0,0,0.837,0.0173,3095
254,9,-12.505,0,2,3,1,0,0,0.836,0.0173,3104
255,7,-12.873,0,0,3,1,0,0,0.836,0.0173,3111
256,18,-10.511,0,2,6,1,0,0,0.835,0.0173,3129
257,5,-13.314,0,4,1,1,0,0,0.834,0.0173,3134
258,9,-9.655,0,3,2,1,0,0,0.834,0.0173,3143
259,39,-15.002,0,5,23,1,0,0,0.833,0.0172,3182
260,20,-13.968,0,3,11,1,0,0,0.833,0.0172,3202
261,5,-13.122,0,3,2,1,0,0,0.832,0.0172,3207
262,13,-12.749,0,2,5,1,0,0,0.831,0.0172,3220
263,6,-12.829,0,2,1,1,0,0,0.831,0.0172,3226
264,22,-13.481,0,4,9,1,0,0,0.83,0.0172,3248
265,6,-13.259,0,3,3,1,0,0,0.829,0.0172,3254
266,31,-8.788,2,6,12,1,0,0,0.829,0.0172,3285
267,14,-13.633,0,2,4,1,0,0,0.828,0.0172,3299
268,6,-13.915,0,4,4,1,0,0,0.827,0.0172,3305
269,15,-11.529,0,5,5,1,0,0,0.827,0.0171,3320
270,24,-13.553,0,5,14,1,0,0,0.826,0.0171,3344
271,11,-12.654,0,2,3,1,0,0,0.825,0.0171,3355
272,8,-13.143,0,2,5,1,0,0,0.825,0.0171,3363
273,5,-13.072,0,4,2,1,0,0,0.824,0.0171,3368
274,29,-13.331,0,7,14,1,0,0,0.823,0.0171,3397
275,10,-13.398,0,2,7,1,0,0,0.823,0.0171,3407
276,13,-12.687,0,2,5,1,0,0,0.822,0.0171,3420
277,9,-14.053,0,3,4,1,0,0,0.822,0.0171,3429
278,15,-14.492,0,4,11,1,0,0,0.821,0.017,3444
279,5,-13.572,0,3,2,1,0,0,0.82,0.017,3449
280,8,-13.268,0,2,5,1,0,0,0.82,0.017,3457
281,15,-10.105,0,3,6,1,0,0,0.819,0.017,3472
282,6,-12.968,0,2,4,1,0,0,0.818,0.017,3478
283,6,-13.586,0,4,3,1,0,0,0.818,0.017,3484
284,22,-13.898,0,7,9,1,0,0,0.817,0.017,3506
285,21,-12.636,0,5,10,1,0,0,0.816,0.017,3527
286,15,-14.304,0,4,8,1,0,0,0.816,0.017,3542
287,37,-14.945,0,3,18,1,0,0,0.815,0.0169,3579
288,29,-13.716,0,3,15,1,0,0,0.814,0.0169,3608
289,6,-9.577,0,3,1,1,0,0,0.814,0.0169,3614
290,5,-13.152,0,4,3,1,0,0,0.813,0.0169,3619
291,6,-9.727,0,2,1,1,0,0,0.812,0.0169,3625
292,9,-12.655,0,2,5,1,0,0,0.812,0.0169,3634
293,22,-13.267,0,5,11,1,0,0,0.811,0.0169,3656
294,24,-14.32,0,4,12,1,0,0,0.811,0.0169,3680
295,7,-13.369,0,3,3,1,0,0,0.81,0.0169,3687
296,17,-13.595,0,5,8,1,0,0,0.809,0.0169,3704
297,24,-13.44,0,5,14,1,0,0,0.809,0.0168,3728
298,36,-14.261,0,5,13,1,0,0,0.808,0.0168,3764
299,13,-9.037,0,6,3,1,0,0,0.807,0.0168,3777
300,8,-13.364,0,3,3,1,0,0,0.807,0.0168,3785
301,10,-13.367,0,2,6,1,0,0,0.806,0.0168,3795
302,17,-13.334,0,1,10,1,0,0,0.805,0.0168,3812
303,18,-12.497,0,6,6,1,0,0,0.805,0.0168,3830
304,5,-12.925,0,3,4,1,0,0,0.804,0.0168,3835
305,8,-13.184,0,1,3,1,0,0,0.803,0.0168,3843
306,7,-13.896,0,2,4,1,0,0,0.803,0.0167,3850
307,13,-12.274,0,5,4,1,0,0,0.802,0.0167,3863
308,18,-13.66,0,2,13,1,0,0,0.801,0.0167,3881
309,17,-13.55,0,3,8,1,0,0,0.801,0.0167,3898
310,28,-14.406,0,2,19,1,0,0,0.8,0.0167,3926
311,22,-13.99,0,2,11,1,0,0,0.8,0.0167,3948
312,16,-13.124,0,4,5,1,0,0,0.799,0.0167,3964
313,6,-12.915,0,3,4,1,0,0,0.798,0.0167,3970
314,5,-13.601,0,3,3,1,0,0,0.798,0.0167,3975
315,7,-13.2,0,3,2,1,0,0,0.797,0.0167,3982
316,7,-13.053,0,3,6,1,0,0,0.796,0.0166,3989
317,6,-12.837,0,3,3,1,0,0,0.796,0.0166,3995
318,14,-12.415,0,4,3,1,0,0,0.795,0.0166,4009
319,25,-14.198,0,6,15,1,0,0,0.794,0.0166,4034
320,16,-12.446,0,6,7,1,0,0,0.794,0.0166,4050
321,10,-12.453,0,2,2,1,0,0,0.793,0.0166,4060
322,20,-14.278,0,3,10,1,0,0,0.792,0.0166,4080
323,7,-13.599,0,3,3,1,0,0,0.792,0.0166,4087
324,8,-13.614,0,3,3,1,0,0,0.791,0.0166,4095
325,7,-12.773,0,3,2,1,0,0,0.79,0.0165,4102
326,10,-13.075,0,3,3,1,0,0,0.79,0.0165,4112
327,19,-13.981,0,3,12,1,0,0,0.789,0.0165,4131
328,25,-14.293,0,3,14,1,0,0,0.789,0.0165,4156
329,13,-13.289,0,2,4,1,0,0,0.788,0.0165,4169
330,13,-10.502,0,2,7,1,0,0,0.787,0.0165,4182
331,31,-13.992,0,6,23,1,0,0,0.787,0.0165,4213
332,6,-13.436,0,2,3,1,0,0,0.786,0.0165,4219
333,25,-11.929,1,7,11,1,0,0,0.785,0.0165,4244
334,17,-13.181,0,6,11,1,0,0,0.785,0.0164,4261
335,5,-13.501,0,4,3,1,0,0,0.784,0.0164,4266
336,5,-13.114,0,3,1,1,0,0,0.783,0.0164,4271
337,17,-13.015,0,4,7,1,0,0,0.783,0.0164,4288
338,11,-9.97,0,2,3,1,0,0,0.782,0.0164,4299
339,6,-12.814,0,3,4,1,0,0,0.781,0.0164,4305
340,25,-14.157,0,6,17,1,0,0,0.781,0.0164,4330
341,8,-13.107,0,2,3,1,0,0,0.78,0.0164,4338
342,47,-15.989,0,3,29,1,0,0,0.779,0.0164,4385
343,5,-13.672,0,2,2,1,0,0,0.779,0.0164,4390
344,42,-14.98,0,5,18,1,0,0,0.778,0.0163,4432
345,25,-14.444,0,4,12,1,0,0,0.778,0.0163,4457
346,29,-10.169,0,8,12,1,0,0,0.777,0.0163,4486
347,10,-12.739,0,2,5,1,0,0,0.776,0.0163,4496
348,34,-14.043,0,4,20,1,0,0,0.776,0.0163,4530
349,5,-13.724,0,3,4,1,0,0,0.775,0.0163,4535
350,14,-13.704,0,1,9,1,0,0,0.774,0.0163,4549
351,10,-10.526,0,1,5,1,0,0,0.774,0.0163,4559
352,6,-12.39,0,3,3,1,0,0,0.773,0.0163,4565
353,5,-13.401,0,4,3,1,0,0,0.772,0.0162,4570
354,20,-14.005,0,2,11,1,0,0,0.772,0.0162,4590
355,14,-13.673,0,5,8,1,0,0,0.771,0.0162,4604
356,5,-13.401,0,4,3,1,0,0,0.77,0.0162,4609
357,7,-13.053,0,2,4,1,0,0,0.77,0.0162,4616
358,5,-13.2,0,4,3,1,0,0,0.769,0.0162,4621
359,17,-13.366,0,3,11,1,0,0,0.768,0.0162,4638
360,8,-13.197,0,3,6,1,0,0,0.768,0.0162,4646
361,15,-13.759,0,3,7,1,0,0,0.767,0.0162,4661
362,5,-13.044,0,4,2,1,0,0,0.767,0.0161,4666
363,6,-13.586,0,3,3,1,0,0,0.766,0.0161,4672
364,5,-13.251,0,3,3,1,0,0,0.765,0.0161,4677
365,7,-13.055,0,1,4,1,0,0,0.765,0.0161,4684
366,8,-12.489,0,3,4,1,0,0,0.764,0.0161,4692
367,10,-13.117,0,2,3,1,0,0,0.763,0.0161,4702
368,10,-13.185,0,3,5,1,0,0,0.763,0.0161,4712
369,12,-12.78,0,2,4,1,0,0,0.762,0.0161,4724
370,6,-11.628,0,2,1,1,0,0,0.761,0.0161,4730
371,5,-13.221,0,3,2,1,0,0,0.761,0.0161,4735
372,23,-12.393,1,6,12,1,0,0,0.76,0.016,4758
373,9,-12.851,0,5,4,1,0,0,0.759,0.016,4767
374,11,-14.039,0,4,7,1,0,0,0.759,0.016,4778
375,10,-13.166,0,2,6,1,0,0,0.758,0.016,4788
376,51,-15.159,0,6,27,1,0,0,0.758,0.016,4839
377,16,-12.888,0,3,6,1,0,0,0.757,0.016,4855
378,16,-13.625,0,3,9,1,0,0,0.756,0.016,4871
379,61,-16.5,0,4,33,1,0,0,0.756,0.016,4932
380,13,-14.157,0,3,7,1,0,0,0.755,0.016,4945
381,6,-13.386,0,2,3,1,0,0,0.754,0.0159,4951
382,40,-11.947,1,7,14,1,0,0,0.754,0.0159,4991
383,23,-12.423,0,6,12,1,0,0,0.753,0.0159,5014
384,6,-13.486,0,4,3,1,0,0,0.752,0.0159,5020
385,5,-13.744,0,2,3,1,0,0,0.752,0.0159,5025
386,5,-13.622,0,2,2,1,0,0,0.751,0.0159,5030
387,17,-12.676,0,6,8,1,0,0,0.75,0.0159,5047
388,7,-9.837,0,2,2,1,0,0,0.75,0.0159,5054
389,22,-13.075,0,3,11,1,0,0,0.749,0.0159,5076
390,13,-13.38,0,1,5,1,0,0,0.748,0.0159,5089
391,10,-12.74,0,2,5,1,0,0,0.748,0.0158,5099
392,10,-10.83,0,1,5,1,0,0,0.747,0.0158,5109
393,12,-13.247,0,3,6,1,0,0,0.747,0.0158,5121
394,14,-13.267,0,2,6,1,0,0,0.746,0.0158,5135
395,5,-13.092,0,3,1,1,0,0,0.745,0.0158,5140
396,28,-14.056,0,2,11,1,0,0,0.745,0.0158,5168
397,5,-13.294,0,3,3,1,0,0,0.744,0.0158,5173
398,6,-13.11,0,2,2,1,0,0,0.743,0.0158,5179
399,8,-9.564,0,3,1,1,0,0,0.743,0.0158,5187
400,8,-13.316,0,3,3,1,0,0,0.742,0.0157,5195
401,41,-13.512,1,4,24,1,0,0,0.741,0.0157,5236
402,9,-13.412,0,2,7,1,0,0,0.741,0.0157,5245
403,9,-13.482,0,1,6,1,0,0,0.74,0.0157,5254
404,16,-12.029,0,6,7,1,0,0,0.739,0.0157,5270
405,28,-15.093,0,4,15,1,0,0,0.739,0.0157,5298
406,18,-13.519,0,2,8,1,0,0,0.738,0.0157,5316
407,9,-13.413,0,2,7,1,0,0,0.737,0.0157,5325
408,17,-13.809,0,2,9,1,0,0,0.737,0.0157,5342
409,43,-13.542,0,6,28,1,0,0,0.736,0.0156,5385
410,8,-12.24,0,4,3,1,0,0,0.736,0.0156,5393
411,24,-14.189,0,5,14,1,0,0,0.735,0.0156,5417
412,23,-14.696,0,2,11,1,0,0,0.734,0.0156,5440
413,23,-11.012,0,2,10,1,0,0,0.734,0.0156,5463
414,29,-14.93,0,3,20,1,0,0,0.733,0.0156,5492
415,30,-14.231,0,4,13,1,0,0,0.732,0.0156,5522
416,55,-16.432,1,6,36,1,0,0,0.732,0.0156,5577
417,10,-12.461,0,3,4,1,0,0,0.731,0.0156,5587
418,9,-13.129,0,1,3,1,0,0,0.73,0.0156,5596
419,31,-12.032,0,10,10,1,0,0,0.73,0.0155,5627
420,12,-12.83,0,3,7,1,0,0,0.729,0.0155,5639
421,37,-14.735,0,5,22,1,0,0,0.728,0.0155,5676
422,5,-13.514,0,2,1,1,0,0,0.728,0.0155,5681
423,5,-12.497,0,2,3,1,0,0,0.727,0.0155,5686
424,7,-14.05,0,4,4,1,0,0,0.726,0.0155,5693
425,30,-14.772,0,3,14,1,0,0,0.726,0.0155,5723
426,6,-12.359,0,2,2,1,0,0,0.725,0.0155,5729
427,68,-17.231,0,4,35,1,0,0,0.725,0.0155,5797
428,17,-13.931,0,2,11,1,0,0,0.724,0.0154,5814
429,5,-13.102,0,4,3,1,0,0,0.723,0.0154,5819
430,27,-10.63,0,3,8,1,0,0,0.723,0.0154,5846
431,12,-9.861,0,3,5,1,0,0,0.722,0.0154,5858
432,30,-14.432,0,2,13,1,0,0,0.721,0.0154,5888
433,5,-13.152,0,4,3,1,0,0,0.721,0.0154,5893
434,5,-12.317,0,2,2,1,0,0,0.72,0.0154,5898
435,6,-12.918,0,3,4,1,0,0,0.719,0.0154,5904
436,53,-16.393,0,1,32,1,0,0,0.719,0.0154,5957
437,17,-13.779,0,2,9,1,0,0,0.718,0.0153,5974
438,8,-12.579,0,2,4,1,0,0,0.717,0.0153,5982
439,5,-13.422,0,4,2,1,0,0,0.717,0.0153,5987
440,24,-12.903,0,4,10,1,0,0,0.716,0.0153,6011
441,11,-9.876,0,2,5,1,0,0,0.715,0.0153,6022
442,26,-12.203,0,7,11,1,0,0,0.715,0.0153,6048
443,24,-13.678,0,3,13,1,0,0,0.714,0.0153,6072
444,12,-14.074,0,3,7,1,0,0,0.714,0.0153,6084
445,12,-14.043,0,3,6,1,0,0,0.713,0.0153,6096
446,23,-12.139,0,8,10,1,0,0,0.712,0.0153,6119
447,54,-16.022,0,1,32,1,0,0,0.712,0.0152,6173
448,43,-15.866,0,4,21,1,0,0,0.711,0.0152,6216
449,12,-14.225,0,2,7,1,0,0,0.71,0.0152,6228
450,33,-14.154,1,4,17,1,0,0,0.71,0.0152,6261
451,27,-14.28,0,1,16,1,0,0,0.709,0.0152,6288
452,8,-12.967,0,3,5,1,0,0,0.708,0.0152,6296
453,5,-13.291,0,4,1,1,0,0,0.708,0.0152,6301
454,18,-13.269,0,3,11,1,0,0,0.707,0.0152,6319
455,5,-13.602,0,3,3,1,0,0,0.706,0.0152,6324
456,23,-12.131,1,5,10,1,0,0,0.706,0.0151,6347
457,24,-14.026,0,4,13,1,0,0,0.705,0.0151,6371
458,54,-16.501,0,4,37,1,0,0,0.704,0.0151,6425
459,10,-13.188,0,3,5,1,0,0,0.704,0.0151,6435
460,25,-14.258,0,2,13,1,0,0,0.703,0.0151,6460
461,7,-12.742,0,3,2,1,0,0,0.703,0.0151,6467
462,12,-13.366,0,4,5,1,0,0,0.702,0.0151,6479
463,5,-12.245,0,3,2,1,0,0,0.701,0.0151,6484
464,53,-15.772,0,5,27,1,0,0,0.701,0.0151,6537
465,11,-12.415,0,3,3,1,0,0,0.7,0.0151,6548
466,5,-12.901,0,3,3,1,0,0,0.699,0.015,6553
467,13,-12.728,0,6,5,1,0,0,0.699,0.015,6566
468,14,-12.899,0,3,7,1,0,0,0.698,0.015,6580
469,22,-14.003,0,5,13,1,0,0,0.697,0.015,6602
470,7,-12.953,0,3,4,1,0,0,0.697,0.015,6609
471,6,-13.175,0,3,1,1,0,0,0.696,0.015,6615
472,20,-13.54,0,1,10,1,0,0,0.695,0.015,6635
473,5,-13.798,0,1,3,1,0,0,0.695,0.015,6640
474,25,-15.261,0,4,18,1,0,0,0.694,0.015,6665
475,44,-11.979,1,5,16,1,0,0,0.693,0.0149,6709
476,10,-13.248,0,2,5,1,0,0,0.693,0.0149,6719
477,31,-14.253,0,0,15,1,0,0,0.692,0.0149,6750
478,21,-13.282,0,3,9,1,0,0,0.692,0.0149,6771
479,26,-14.509,0,3,10,1,0,0,0.691,0.0149,6797
480,14,-12.543,0,5,5,1,0,0,0.69,0.0149,6811
481,6,-13.536,0,4,3,1,0,0,0.69,0.0149,6817
482,69,-15.739,0,5,38,1,0,0,0.689,0.0149,6886
483,11,-12.252,0,5,3,1,0,0,0.688,0.0149,6897
484,11,-13.86,0,4,6,1,0,0,0.688,0.0148,6908
485,9,-12.705,0,2,5,1,0,0,0.687,0.0148,6917
486,5,-13.451,0,4,3,1,0,0,0.686,0.0148,6922
487,5,-13.292,0,4,1,1,0,0,0.686,0.0148,6927
488,11,-13.654,0,3,5,1,0,0,0.685,0.0148,6938
489,37,-14.039,0,5,16,1,0,0,0.684,0.0148,6975
490,7,-13.183,0,2,5,1,0,0,0.684,0.0148,6982
491,51,-16.975,0,1,32,1,0,0,0.683,0.0148,7033
492,11,-13.513,0,2,8,1,0,0,0.682,0.0148,7044
493,21,-10.514,0,3,11,1,0,0,0.682,0.0148,7065
494,31,-12.87,0,6,16,1,0,0,0.681,0.0147,7096
495,106,-16.313,3,7,59,1,0,0,0.681,0.0147,7202
496,57,-16.122,0,5,31,1,0,0,0.68,0.0147,7259
497,34,-13.741,0,6,15,1,0,0,0.679,0.0147,7293
498,7,-9.317,0,1,1,1,0,0,0.679,0.0147,7300
499,60,-16.866,0,5,41,1,0,0,0.678,0.0147,7360
500,21,-12.007,0,6,11,1,0,0,0.677,0.0147,7381
501,5,-13.074,0,4,3,1,0,0,0.677,0.0147,7386
502,5,-13.692,0,1,1,1,0,0,0.676,0.0147,7391
503,5,-12.924,0,1,3,1,0,0,0.675,0.0146,7396
504,30,-14.597,0,2,16,1,0,0,0.675,0.0146,7426
505,17,-12.973,0,2,6,1,0,0,0.674,0.0146,7443
506,5,-12.114,0,3,1,1,0,0,0.673,0.0146,7448
507,5,-13.17,0,3,2,1,0,0,0.673,0.0146,7453
508,6,-13.879,0,3,2,1,0,0,0.672,0.0146,7459
509,8,-13.07,0,2,5,1,0,0,0.671,0.0146,7467
510,27,-10.807,0,6,14,1,0,0,0.671,0.0146,7494
511,16,-14.535,0,4,9,1,0,0,0.67,0.0146,7510
512,21,-12.855,0,3,11,1,0,0,0.67,0.0145,7531
513,15,-14.837,0,3,10,1,0,0,0.669,0.0145,7546
514,27,-14.147,0,3,10,1,0,0,0.668,0.0145,7573
515,42,-14.397,0,6,22,1,0,0,0.668,0.0145,7615
516,58,-11.731,1,14,15,1,0,0,0.667,0.0145,7673
517,10,-12.74,0,2,5,1,0,0,0.666,0.0145,7683
518,6,-12.36,0,2,2,1,0,0,0.666,0.0145,7689
519,8,-13.188,0,1,4,1,0,0,0.665,0.0145,7697
520,11,-13.052,0,3,4,1,0,0,0.664,0.0145,7708
521,37,-14.178,0,4,16,1,0,0,0.664,0.0145,7745
522,5,-13.652,0,3,3,1,0,0,0.663,0.0144,7750
523,11,-14.08,0,3,3,1,0,0,0.662,0.0144,7761
524,10,-13.417,0,2,6,1,0,0,0.662,0.0144,7771
525,13,-12.747,0,3,5,1,0,0,0.661,0.0144,7784
526,15,-12.775,0,3,5,1,0,0,0.66,0.0144,7799
527,16,-13.947,0,2,10,1,0,0,0.66,0.0144,7815
528,24,-13.015,0,4,11,1,0,0,0.659,0.0144,7839
529,5,-13.394,0,2,3,1,0,0,0.659,0.0144,7844
530,17,-9.995,0,2,2,1,0,0,0.658,0.0144,7861
531,60,-15.839,0,6,33,1,0,0,0.657,0.0143,7921
532,29,-13.49,0,7,16,1,0,0,0.657,0.0143,7950
533,34,-11.266,1,7,12,1,0,0,0.656,0.0143,7984
534,8,-13.596,0,4,4,1,0,0,0.655,0.0143,7992
535,36,-13.552,0,5,9,1,0,0,0.655,0.0143,8028
536,63,-17.503,0,6,44,1,0,0,0.654,0.0143,8091
537,30,-15.071,0,3,17,1,0,0,0.653,0.0143,8121
538,35,-9.729,0,6,12,1,0,0,0.653,0.0143,8156
539,5,-13.091,0,3,1,1,0,0,0.652,0.0143,8161
540,55,-15.785,0,5,23,1,0,0,0.651,0.0143,8216
541,8,-9.706,0,3,3,1,0,0,0.651,0.0142,8224
542,34,-13.463,0,9,18,1,0,0,0.65,0.0142,8258
543,13,-14.161,0,3,7,1,0,0,0.65,0.0142,8271
544,60,-16.526,0,5,27,1,0,0,0.649,0.0142,8331
545,11,-13.401,0,3,3,1,0,0,0.648,0.0142,8342
546,11,-9.93,0,3,2,1,0,0,0.648,0.0142,8353
547,5,-13.12,0,3,2,1,0,0,0.647,0.0142,8358
548,41,-13.349,1,7,18,1,0,0,0.646,0.0142,8399
549,21,-12.562,0,8,10,1,0,0,0.646,0.0142,8420
550,35,-12.866,0,7,18,1,0,0,0.645,0.0141,8455
551,10,-12.861,0,3,4,1,0,0,0.644,0.0141,8465
552,44,-15.212,0,5,25,1,0,0,0.644,0.0141,8509
553,20,-10.806,0,3,9,1,0,0,0.643,0.0141,8529
554,10,-9.854,0,2,3,1,0,0,0.642,0.0141,8539
555,14,-12.721,0,5,7,1,0,0,0.642,0.0141,8553
556,26,-12.251,0,7,13,1,0,0,0.641,0.0141,8579
557,21,-9.897,0,6,10,1,0,0,0.64,0.0141,8600
558,44,-12.28,2,7,19,1,0,0,0.64,0.0141,8644
559,9,-9.911,0,2,2,1,0,0,0.639,0.014,8653
560,18,-13.457,0,3,9,1,0,0,0.639,0.014,8671
561,83,-18.408,0,7,46,1,0,0,0.638,0.014,8754
562,10,-13.305,0,3,2,1,0,0,0.637,0.014,8764
563,7,-13.269,0,3,3,1,0,0,0.637,0.014,8771
564,20,-10.924,0,2,12,1,0,0,0.636,0.014,8791
565,18,-13.385,0,4,2,1,0,0,0.635,0.014,8809
566,18,-12.213,0,5,10,1,0,0,0.635,0.014,8827
567,6,-13.586,0,3,3,1,0,0,0.634,0.014,8833
568,10,-13.297,0,3,7,1,0,0,0.633,0.014,8843
569,30,-14.694,0,2,14,1,0,0,0.633,0.0139,8873
570,8,-13.995,0,4,4,1,0,0,0.632,0.0139,8881
571,30,-10.535,2,4,12,1,0,0,0.631,0.0139,8911
572,7,-13.18,0,4,3,1,0,0,0.631,0.0139,8918
573,31,-14.709,0,3,17,1,0,0,0.63,0.0139,8949
574,30,-13.267,0,5,16,1,0,0,0.629,0.0139,8979
575,49,-14.969,0,7,25,1,0,0,0.629,0.0139,9028
576,15,-10.795,0,1,8,1,0,0,0.628,0.0139,9043
577,6,-12.276,0,2,1,1,0,0,0.628,0.0139,9049
578,14,-13.506,0,2,6,1,0,0,0.627,0.0138,9063
579,14,-13.231,0,2,10,1,0,0,0.626,0.0138,9077
580,22,-13.823,0,3,10,1,0,0,0.626,0.0138,9099
581,25,-12.165,0,6,13,1,0,0,0.625,0.0138,9124
582,15,-13.45,0,1,4,1,0,0,0.624,0.0138,9139
583,5,-13.071,0,4,2,1,0,0,0.624,0.0138,9144
584,25,-15.79,0,2,17,1,0,0,0.623,0.0138,9169
585,5,-13.672,0,4,2,1,0,0,0.622,0.0138,9174
586,7,-13.139,0,4,2,1,0,0,0.622,0.0138,9181
587,34,-14.668,0,4,21,1,0,0,0.621,0.0137,9215
588,6,-12.968,0,2,4,1,0,0,0.62,0.0137,9221
589,13,-13.164,0,3,7,1,0,0,0.62,0.0137,9234
590,23,-13.367,0,5,8,1,0,0,0.619,0.0137,9257
591,53,-16.231,0,5,34,1,0,0,0.618,0.0137,9310
592,8,-13.367,0,2,3,1,0,0,0.618,0.0137,9318
593,70,-13.366,0,5,24,1,0,0,0.617,0.0137,9388
594,7,-13.75,0,3,4,1,0,0,0.617,0.0137,9395
595,6,-13.235,0,3,3,1,0,0,0.616,0.0137,9401
596,5,-13.172,0,3,2,1,0,0,0.615,0.0137,9406
597,62,-13.398,2,10,27,1,0,0,0.615,0.0136,9468
598,18,-12.767,0,5,8,1,0,0,0.614,0.0136,9486
599,62,-15.524,0,5,24,1,0,0,0.613,0.0136,9548
600,40,-12.273,0,14,18,1,0,0,0.613,0.0136,9588
601,37,-12.932,1,6,12,1,0,0,0.612,0.0136,9625
602,7,-13.032,0,3,5,1,0,0,0.611,0.0136,9632
603,5,-13.522,0,3,2,1,0,0,0.611,0.0136,9637
604,5,-13.802,0,4,3,1,0,0,0.61,0.0136,9642
605,5,-12.871,0,2,2,1,0,0,0.609,0.0136,9647
606,33,-14.495,0,3,15,1,0,0,0.609,0.0135,9680
607,39,-12.56,1,4,19,1,0,0,0.608,0.0135,9719
608,27,-14.172,0,5,14,1,0,0,0.607,0.0135,9746
609,46,-14.64,1,9,29,1,0,0,0.607,0.0135,9792
610,54,-14.233,0,5,19,1,0,0,0.606,0.0135,9846
611,18,-13.118,0,3,8,1,0,0,0.606,0.0135,9864
612,20,-11.396,0,3,14,1,0,0,0.605,0.0135,9884
613,22,-12.074,0,8,5,1,0,0,0.604,0.0135,9906
614,15,-13.312,0,3,5,1,0,0,0.604,0.0135,9921
615,6,-12.938,0,2,3,1,0,0,0.603,0.0135,9927
616,23,-13.555,0,3,15,1,0,0,0.602,0.0134,9950
617,58,-15.349,1,7,25,1,0,0,0.602,0.0134,10008
618,6,-12.281,0,2,1,1,0,0,0.601,0.0134,10014
619,91,-19.717,0,2,62,1,0,0,0.6,0.0134,10105
620,34,-12.139,0,6,17,1,0,0,0.6,0.0134,10139
621,31,-12.562,0,8,7,1,0,0,0.599,0.0134,10170
622,15,-13.909,0,3,8,1,0,0,0.598,0.0134,10185
623,38,-16.049,0,4,23,1,0,0,0.598,0.0134,10223
624,82,-18.986,0,6,44,1,0,0,0.597,0.0134,10305
625,39,-14.01,1,8,14,1,0,0,0.596,0.0133,10344
626,8,-10.066,0,2,2,1,0,0,0.596,0.0133,10352
627,5,-13.42,0,4,2,1,0,0,0.595,0.0133,10357
628,9,-11.791,0,2,1,1,0,0,0.595,0.0133,10366
629,14,-13.385,0,2,9,1,0,0,0.594,0.0133,10380
630,15,-13.238,0,1,9,1,0,0,0.593,0.0133,10395
631,37,-12.75,1,8,20,1,0,0,0.593,0.0133,10432
632,8,-9.957,0,2,3,1,0,0,0.592,0.0133,10440
633,27,-13.047,0,4,8,1,0,0,0.591,0.0133,10467
634,14,-13.187,0,3,5,1,0,0,0.591,0.0132,10481
635,12,-13.478,0,3,9,1,0,0,0.59,0.0132,10493
636,55,-11.026,0,8,20,1,0,0,0.589,0.0132,10548
637,56,-11.459,0,7,24,1,0,0,0.589,0.0132,10604
638,27,-15.142,0,4,19,1,0,0,0.588,0.0132,10631
639,10,-13.795,0,4,5,1,0,0,0.587,0.0132,10641
640,40,-11.473,1,12,15,1,0,0,0.587,0.0132,10681
641,26,-13.34,0,5,10,1,0,0,0.586,0.0132,10707
642,24,-12.62,0,7,11,1,0,0,0.585,0.0132,10731
643,31,-11.728,1,4,11,1,0,0,0.585,0.0132,10762
644,28,-14.745,0,5,20,1,0,0,0.584,0.0131,10790
645,23,-14.762,0,1,17,1,0,0,0.584,0.0131,10813
646,17,-13.86,0,4,7,1,0,0,0.583,0.0131,10830
647,5,-13.725,0,2,3,1,0,0,0.582,0.0131,10835
648,46,-15.609,0,6,27,1,0,0,0.582,0.0131,10881
649,23,-12.409,0,6,11,1,0,0,0.581,0.0131,10904
650,28,-12.542,0,6,9,1,0,0,0.58,0.0131,10932
651,24,-14.297,0,3,14,1,0,0,0.58,0.0131,10956
652,9,-12.973,0,3,4,1,0,0,0.579,0.0131,10965
653,88,-16.86,2,5,52,1,0,0,0.578,0.013,11053
654,6,-14.212,0,0,4,1,0,0,0.578,0.013,11059
655,38,-11.851,0,3,21,1,0,0,0.577,0.013,11097
656,77,-14.904,0,16,37,1,0,0,0.576,0.013,11174
657,39,-13.761,0,6,21,1,0,0,0.576,0.013,11213
658,53,-16.97,0,4,32,1,0,0,0.575,0.013,11266
659,39,-11.65,0,4,13,1,0,0,0.574,0.013,11305
660,42,-12.721,0,6,12,1,0,0,0.574,0.013,11347
661,8,-10.026,0,1,2,1,0,0,0.573,0.013,11355
662,128,-19.332,1,10,71,1,0,0,0.573,0.0129,11483
663,30,-12.035,1,3,12,1,0,0,0.572,0.0129,11513
664,5,-13.264,0,3,2,1,0,0,0.571,0.0129,11518
665,17,-9.788,0,6,6,1,0,0,0.571,0.0129,11535
666,9,-10.021,0,0,1,1,0,0,0.57,0.0129,11544
667,5,-13.322,0,4,2,1,0,0,0.569,0.0129,11549
668,41,-13.773,1,5,12,1,0,0,0.569,0.0129,11590
669,17,-14.689,0,3,12,1,0,0,0.568,0.0129,11607
670,6,-12.51,0,3,2,1,0,0,0.567,0.0129,11613
671,77,-16.77,0,9,43,1,0,0,0.567,0.0129,11690
672,40,-16.396,0,3,25,1,0,0,0.566,0.0128,11730
673,26,-15.158,0,2,22,1,0,0,0.565,0.0128,11756
674,21,-12.801,0,5,12,1,0,0,0.565,0.0128,11777
675,14,-14.172,0,4,8,1,0,0,0.564,0.0128,11791
676,54,-12.862,0,3,26,1,0,0,0.564,0.0128,11845
677,39,-15.039,0,5,25,1,0,0,0.563,0.0128,11884
678,5,-13.294,0,2,2,1,0,0,0.562,0.0128,11889
679,34,-13.78,0,4,17,1,0,0,0.562,0.0128,11923
680,8,-9.642,0,2,1,1,0,0,0.561,0.0128,11931
681,6,-11.735,0,3,1,1,0,0,0.56,0.0127,11937
682,10,-13.394,0,4,5,1,0,0,0.56,0.0127,11947
683,11,-13.402,0,2,6,1,0,0,0.559,0.0127,11958
684,20,-13.491,0,2,10,1,0,0,0.558,0.0127,11978
685,6,-9.724,0,2,1,1,0,0,0.558,0.0127,11984
686,6,-13.506,0,4,2,1,0,0,0.557,0.0127,11990
687,13,-13.393,0,2,5,1,0,0,0.556,0.0127,12003
688,12,-12.952,0,3,3,1,0,0,0.556,0.0127,12015
689,45,-14.551,0,4,14,1,0,0,0.555,0.0127,12060
690,27,-15.82,0,3,21,1,0,0,0.554,0.0127,12087
691,80,-15.196,1,12,39,1,0,0,0.554,0.0126,12167
692,6,-12.867,0,3,3,1,0,0,0.553,0.0126,12173
693,104,-19.482,0,6,62,1,0,0,0.553,0.0126,12277
694,24,-14.864,0,3,12,1,0,0,0.552,0.0126,12301
695,87,-14.552,1,9,38,1,0,0,0.551,0.0126,12388
696,21,-10.82,0,2,11,1,0,0,0.551,0.0126,12409
697,21,-12.434,0,4,12,1,0,0,0.55,0.0126,12430
698,39,-14.127,0,5,9,1,0,0,0.549,0.0126,12469
699,9,-9.756,0,2,2,1,0,0,0.549,0.0126,12478
700,10,-14.062,0,3,6,1,0,0,0.548,0.0125,12488
701,5,-13.251,0,3,3,1,0,0,0.547,0.0125,12493
702,56,-16.443,1,7,36,1,0,0,0.547,0.0125,12549
703,5,-13.122,0,3,2,1,0,0,0.546,0.0125,12554
704,30,-14.212,0,4,18,1,0,0,0.545,0.0125,12584
705,45,-14.673,0,2,11,1,0,0,0.545,0.0125,12629
706,15,-13.469,0,3,3,1,0,0,0.544,0.0125,12644
707,29,-13.451,0,4,6,1,0,0,0.543,0.0125,12673
708,7,-12.922,0,3,3,1,0,0,0.543,0.0125,12680
709,52,-15.957,0,5,31,1,0,0,0.542,0.0124,12732
710,22,-14.842,0,2,12,1,0,0,0.542,0.0124,12754
711,12,-14.235,0,3,4,1,0,0,0.541,0.0124,12766
712,55,-15.913,0,3,18,1,0,0,0.54,0.0124,12821
713,8,-13.067,0,3,5,1,0,0,0.54,0.0124,12829
714,24,-13.048,0,4,9,1,0,0,0.539,0.0124,12853
715,47,-14.56,1,6,27,1,0,0,0.538,0.0124,12900
716,32,-13.78,0,5,19,1,0,0,0.538,0.0124,12932
717,63,-12.779,0,7,32,1,0,0,0.537,0.0124,12995
718,57,-16.155,0,5,37,1,0,0,0.536,0.0124,13052
719,5,-13.902,0,3,3,1,0,0,0.536,0.0123,13057
720,43,-11.455,2,7,18,1,0,0,0.535,0.0123,13100
721,45,-14.102,1,9,21,1,0,0,0.534,0.0123,13145
722,12,-13.674,0,3,7,1,0,0,0.534,0.0123,13157
723,7,-13.323,0,4,4,1,0,0,0.533,0.0123,13164
724,5,-12.884,0,4,0,1,0,0,0.532,0.0123,13169
725,13,-9.386,0,2,1,1,0,0,0.532,0.0123,13182
726,29,-11.814,0,2,20,1,0,0,0.531,0.0123,13211
727,10,-12.44,0,3,3,1,0,0,0.531,0.0123,13221
728,23,-11.63,0,9,7,1,0,0,0.53,0.0122,13244
729,34,-15.567,0,6,22,1,0,0,0.529,0.0122,13278
730,5,-12.89,0,4,1,1,0,0,0.529,0.0122,13283
731,36,-13.346,0,4,11,1,0,0,0.528,0.0122,13319
732,9,-13.52,0,4,2,1,0,0,0.527,0.0122,13328
733,8,-11.544,0,5,2,1,0,0,0.527,0.0122,13336
734,102,-12.331,1,15,46,1,0,0,0.526,0.0122,13438
735,6,-13.579,0,3,2,1,0,0,0.525,0.0122,13444
736,98,-14.903,0,6,42,1,0,0,0.525,0.0122,13542
737,19,-13.232,0,5,10,1,0,0,0.524,0.0121,13561
738,17,-10.56,0,2,7,1,0,0,0.523,0.0121,13578
739,27,-10.424,0,3,5,1,0,0,0.523,0.0121,13605
740,33,-14.422,0,3,15,1,0,0,0.522,0.0121,13638
741,5,-13.952,0,3,3,1,0,0,0.521,0.0121,13643
742,5,-13.321,0,4,2,1,0,0,0.521,0.0121,13648
743,6,-13.936,0,3,3,1,0,0,0.52,0.0121,13654
744,34,-13.233,0,7,16,1,0,0,0.52,0.0121,13688
745,20,-9.546,0,6,4,1,0,0,0.519,0.0121,13708
746,21,-12.974,0,7,9,1,0,0,0.518,0.0121,13729
747,14,-14.127,0,2,9,1,0,0,0.518,0.012,13743
748,22,-10.604,0,2,8,1,0,0,0.517,0.012,13765
749,7,-12.575,0,1,3,1,0,0,0.516,0.012,13772
750,56,-12.949,0,8,31,1,0,0,0.516,0.012,13828
751,25,-14.455,0,3,12,1,0,0,0.515,0.012,13853
752,6,-11.787,0,2,2,1,0,0,0.514,0.012,13859
753,72,-18.166,0,3,46,1,0,0,0.514,0.012,13931
754,30,-14.769,0,1,17,1,0,0,0.513,0.012,13961
755,30,-14.381,0,3,19,1,0,0,0.512,0.012,13991
756,7,-10.059,0,2,2,1,0,0,0.512,0.0119,13998
757,6,-12.211,0,3,2,1,0,0,0.511,0.0119,14004
758,52,-17.27,0,2,32,1,0,0,0.51,0.0119,14056
759,5,-13.122,0,3,2,1,0,0,0.51,0.0119,14061
760,29,-13.659,0,5,12,1,0,0,0.509,0.0119,14090
761,6,-13.635,0,3,3,1,0,0,0.509,0.0119,14096
762,109,-18.915,0,2,45,1,0,0,0.508,0.0119,14205
763,22,-12.377,0,7,7,1,0,0,0.507,0.0119,14227
764,6,-12.379,0,1,1,1,0,0,0.507,0.0119,14233
765,65,-16.451,0,8,40,1,0,0,0.506,0.0119,14298
766,6,-13.385,0,2,3,1,0,0,0.505,0.0118,14304
767,5,-13.57,0,2,1,1,0,0,0.505,0.0118,14309
768,10,-13.264,0,4,4,1,0,0,0.504,0.0118,14319
769,17,-13.276,0,3,11,1,0,0,0.503,0.0118,14336
770,16,-8.653,0,7,5,1,0,0,0.503,0.0118,14352
771,12,-14.494,0,3,10,1,0,0,0.502,0.0118,14364
772,16,-13.844,0,4,8,1,0,0,0.501,0.0118,14380
773,35,-15.917,0,4,19,1,0,0,0.501,0.0118,14415
774,83,-13.731,2,13,37,1,0,0,0.5,0.0118,14498
775,77,-15.995,1,5,29,1,0,0,0.499,0.0117,14575
776,71,-17.642,0,4,43,1,0,0,0.499,0.0117,14646
777,60,-14.064,0,4,41,1,0,0,0.498,0.0117,14706
778,23,-13.053,0,4,11,1,0,0,0.498,0.0117,14729
779,12,-12.966,0,2,7,1,0,0,0.497,0.0117,14741
780,6,-13.106,0,4,2,1,0,0,0.496,0.0117,14747
781,30,-14.281,0,2,16,1,0,0,0.496,0.0117,14777
782,7,-13.49,0,4,2,1,0,0,0.495,0.0117,14784
783,10,-13.337,0,2,5,1,0,0,0.494,0.0117,14794
784,40,-14.966,0,4,24,1,0,0,0.494,0.0116,14834
785,19,-13.784,0,2,14,1,0,0,0.493,0.0116,14853
786,131,-18.236,0,13,48,1,0,0,0.492,0.0116,14984
787,62,-15.705,1,4,37,1,0,0,0.492,0.0116,15046
788,17,-12.241,0,4,6,1,0,0,0.491,0.0116,15063
789,27,-11.359,0,9,11,1,0,0,0.49,0.0116,15090
790,9,-13.41,0,4,5,1,0,0,0.49,0.0116,15099
791,16,-13.862,0,3,12,1,0,0,0.489,0.0116,15115
792,42,-12.895,1,5,18,1,0,0,0.488,0.0116,15157
793,25,-14.575,0,2,15,1,0,0,0.488,0.0116,15182
794,28,-14.253,0,5,18,1,0,0,0.487,0.0115,15210
795,29,-14.803,0,2,17,1,0,0,0.487,0.0115,15239
796,66,-11.287,1,6,31,1,0,0,0.486,0.0115,15305
797,5,-13.622,0,2,2,1,0,0,0.485,0.0115,15310
798,7,-12.971,0,4,1,1,0,0,0.485,0.0115,15317
799,64,-15.356,0,6,20,1,0,0,0.484,0.0115,15381
800,26,-14.244,0,4,14,1,0,0,0.483,0.0115,15407
801,28,-13.407,1,5,14,1,0,0,0.483,0.0115,15435
802,36,-11.756,0,4,14,1,0,0,0.482,0.0115,15471
803,51,-17.296,0,5,36,1,0,0,0.481,0.0114,15522
804,10,-13.167,0,3,6,1,0,0,0.481,0.0114,15532
805,113,-16.638,2,11,54,1,0,0,0.48,0.0114,15645
806,84,-15.396,0,9,28,1,0,0,0.479,0.0114,15729
807,42,-11.328,0,4,17,1,0,0,0.479,0.0114,15771
808,17,-10.84,1,3,7,1,0,0,0.478,0.0114,15788
809,181,-20.547,2,16,92,1,0,0,0.477,0.0114,15969
810,25,-13.735,0,3,11,1,0,0,0.477,0.0114,15994
811,27,-14.733,0,2,18,1,0,0,0.476,0.0114,16021
812,5,-13.651,0,3,3,1,0,0,0.476,0.0113,16026
813,17,-12.955,0,2,4,1,0,0,0.475,0.0113,16043
814,116,-16.826,2,11,49,1,0,0,0.474,0.0113,16159
815,56,-10.922,2,10,14,1,0,0,0.474,0.0113,16215
816,61,-13.846,2,6,31,1,0,0,0.473,0.0113,16276
817,7,-13.189,0,3,2,1,0,0,0.472,0.0113,16283
818,65,-14.992,1,6,32,1,0,0,0.472,0.0113,16348
819,34,-13.131,1,9,17,1,0,0,0.471,0.0113,16382
820,94,-16.405,2,11,54,1,0,0,0.47,0.0113,16476
821,8,-13.746,0,3,4,1,0,0,0.47,0.0113,16484
822,53,-17.558,0,4,40,1,0,0,0.469,0.0112,16537
823,12,-13.367,0,3,7,1,0,0,0.468,0.0112,16549
824,61,-15.503,0,9,39,1,0,0,0.468,0.0112,16610
825,13,-13.46,0,2,7,1,0,0,0.467,0.0112,16623
826,75,-13.943,1,8,29,1,0,0,0.466,0.0112,16698
827,32,-12.114,0,4,19,1,0,0,0.466,0.0112,16730
828,10,-12.218,0,4,4,1,0,0,0.465,0.0112,16740
829,8,-12.54,0,3,4,1,0,0,0.465,0.0112,16748
830,49,-14.275,0,5,13,1,0,0,0.464,0.0112,16797
831,11,-13.149,0,4,2,1,0,0,0.463,0.0111,16808
832,5,-13.502,0,4,3,1,0,0,0.463,0.0111,16813
833,10,-11.735,0,3,1,1,0,0,0.462,0.0111,16823
834,166,-21.394,1,6,82,1,0,0,0.461,0.0111,16989
835,79,-16.63,0,8,35,1,0,0,0.461,0.0111,17068
836,141,-20.562,1,13,79,1,0,0,0.46,0.0111,17209
837,52,-15.612,0,5,25,1,0,0,0.459,0.0111,17261
838,13,-10.852,0,2,7,1,0,0,0.459,0.0111,17274
839,56,-15.985,0,2,19,1,0,0,0.458,0.0111,17330
840,33,-12.541,0,4,5,1,0,0,0.457,0.0111,17363
841,49,-11.72,1,8,15,1,0,0,0.457,0.011,17412
842,20,-14.825,0,4,14,1,0,0,0.456,0.011,17432
843,12,-11.896,0,5,6,1,0,0,0.456,0.011,17444
844,40,-11.257,0,5,14,1,0,0,0.455,0.011,17484
845,73,-15.148,0,7,27,1,0,0,0.454,0.011,17557
846,11,-10.069,0,2,3,1,0,0,0.454,0.011,17568
847,91,-17.584,0,7,47,1,0,0,0.453,0.011,17659
848,41,-11.664,0,3,12,1,0,0,0.452,0.011,17700
849,7,-13.6,0,4,4,1,0,0,0.452,0.011,17707
850,53,-14.94,0,8,29,1,0,0,0.451,0.0109,17760
851,15,-13.606,0,2,7,1,0,0,0.45,0.0109,17775
852,53,-15.035,0,7,29,1,0,0,0.45,0.0109,17828
853,17,-13.889,0,1,9,1,0,0,0.449,0.0109,17845
854,11,-11.883,0,5,5,1,0,0,0.448,0.0109,17856
855,167,-20.863,1,13,60,1,0,0,0.448,0.0109,18023
856,57,-10.719,0,5,8,1,0,0,0.447,0.0109,18080
857,18,-10.631,0,3,7,1,0,0,0.446,0.0109,18098
858,11,-12.82,0,1,5,1,0,0,0.446,0.0109,18109
859,113,-13.545,3,14,58,1,0,0,0.445,0.0108,18222
860,123,-14.658,0,6,30,1,0,0,0.445,0.0108,18345
861,17,-12.892,0,3,7,1,0,0,0.444,0.0108,18362
862,163,-14.46,5,16,52,1,0,0,0.443,0.0108,18525
863,27,-12.996,0,4,13,1,0,0,0.443,0.0108,18552
864,50,-14.527,0,5,21,1,0,0,0.442,0.0108,18602
865,92,-14.236,1,16,39,1,0,0,0.441,0.0108,18694
866,65,-12.236,1,7,26,1,0,0,0.441,0.0108,18759
867,18,-13.725,0,4,5,1,0,0,0.44,0.0108,18777
868,10,-13.121,0,2,6,1,0,0,0.439,0.0108,18787
869,36,-15.073,0,3,20,1,0,0,0.439,0.0107,18823
870,17,-10.186,0,2,8,1,0,0,0.438,0.0107,18840
871,5,-13.374,0,3,4,1,0,0,0.437,0.0107,18845
872,81,-12.125,2,9,28,1,0,0,0.437,0.0107,18926
873,32,-11.351,1,6,6,1,0,0,0.436,0.0107,18958
874,12,-13.146,0,5,6,1,0,0,0.435,0.0107,18970
875,6,-13.076,0,3,1,1,0,0,0.435,0.0107,18976
876,35,-15.853,0,3,28,1,0,0,0.434,0.0107,19011
877,11,-13.172,0,3,5,1,0,0,0.434,0.0107,19022
878,29,-13.208,1,6,10,1,0,0,0.433,0.0106,19051
879,132,-21.013,1,5,76,1,0,0,0.432,0.0106,19183
880,15,-9.663,0,5,3,1,0,0,0.432,0.0106,19198
881,26,-14.691,0,2,17,1,0,0,0.431,0.0106,19224
882,5,-13.625,0,2,2,1,0,0,0.43,0.0106,19229
883,12,-13.435,0,4,4,1,0,0,0.43,0.0106,19241
884,76,-13.957,2,5,36,1,0,0,0.429,0.0106,19317
885,14,-14.204,0,3,7,1,0,0,0.428,0.0106,19331
886,66,-16.853,0,3,30,1,0,0,0.428,0.0106,19397
887,5,-13.022,0,4,2,1,0,0,0.427,0.0105,19402
888,10,-9.543,0,2,0,1,0,0,0.426,0.0105,19412
889,132,-16.183,1,20,76,1,0,0,0.426,0.0105,19544
890,5,-13.322,0,2,2,1,0,0,0.425,0.0105,19549
891,18,-10.736,0,1,7,1,0,0,0.424,0.0105,19567
892,59,-12.804,0,5,22,1,0,0,0.424,0.0105,19626
893,123,-20.903,2,7,76,1,0,0,0.423,0.0105,19749
894,91,-14.601,1,7,27,1,0,0,0.423,0.0105,19840
895,53,-10.379,1,14,18,1,0,0,0.422,0.0105,19893
896,5,-13.322,0,2,2,1,0,0,0.421,0.0105,19898
897,63,-16.947,0,6,41,1,0,0,0.421,0.0104,19961
898,200,-21.311,2,10,88,1,0,0,0.42,0.0104,20161
899,23,-13.86,0,4,5,1,0,0,0.419,0.0104,20184
900,43,-11.728,0,4,13,1,0,0,0.419,0.0104,20227
901,8,-12.54,0,2,4,1,0,0,0.418,0.0104,20235
902,20,-10.456,0,3,8,1,0,0,0.417,0.0104,20255
903,67,-13.936,0,5,28,1,0,0,0.417,0.0104,20322
904,9,-12.397,0,3,3,1,0,0,0.416,0.0104,20331
905,42,-10.466,1,8,5,1,0,0,0.415,0.0104,20373
906,32,-15.281,0,5,19,1,0,0,0.415,0.0103,20405
907,50,-15.044,0,3,21,1,0,0,0.414,0.0103,20455
908,38,-14.746,0,5,24,1,0,0,0.413,0.0103,20493
909,92,-17.577,0,4,33,1,0,0,0.413,0.0103,20585
910,82,-16.25,0,9,35,1,0,0,0.412,0.0103,20667
911,71,-14.78,0,7,23,1,0,0,0.412,0.0103,20738
912,78,-13.332,0,5,37,1,0,0,0.411,0.0103,20816
913,13,-10.141,0,3,5,1,0,0,0.41,0.0103,20829
914,38,-14.771,0,5,19,1,0,0,0.41,0.0103,20867
915,48,-7.19,2,11,14,1,0,0,0.409,0.0103,20915
916,113,-17.108,0,8,58,1,0,0,0.408,0.0102,21028
917,14,-9.947,0,3,7,1,0,0,0.408,0.0102,21042
918,5,-13.012,0,3,0,1,0,0,0.407,0.0102,21047
919,91,-19.363,0,5,36,1,0,0,0.406,0.0102,21138
920,16,-13.032,0,2,6,1,0,0,0.406,0.0102,21154
921,179,-17.416,4,18,69,1,0,0,0.405,0.0102,21333
922,29,-10.759,0,3,6,1,0,0,0.404,0.0102,21362
923,31,-12.327,1,5,17,1,0,0,0.404,0.0102,21393
924,43,-11.892,1,7,14,1,0,0,0.403,0.0102,21436
925,178,-19.996,1,8,76,1,0,0,0.402,0.0101,21614
926,6,-9.922,0,2,1,1,0,0,0.402,0.0101,21620
927,35,-13.916,0,6,23,1,0,0,0.401,0.0101,21655
928,154,-15.052,3,10,43,1,0,0,0.401,0.0101,21809
929,59,-14.238,0,2,40,1,0,0,0.4,0.0101,21868
930,113,-15.882,2,12,47,1,0,0,0.399,0.0101,21981
931,19,-15.281,0,3,14,1,0,0,0.399,0.0101,22000
932,53,-14.893,0,4,13,1,0,0,0.398,0.0101,22053
933,26,-15.315,0,3,17,1,0,0,0.397,0.0101,22079
934,24,-9.479,0,6,7,1,0,0,0.397,0.01,22103
935,19,-14.06,0,4,5,1,0,0,0.396,0.01,22122
936,93,-17.577,1,9,42,1,0,0,0.395,0.01,22215
937,64,-12.133,2,13,17,1,0,0,0.395,0.01,22279
938,29,-12.303,0,8,9,1,0,0,0.394,0.01,22308
939,76,-16.582,1,7,29,1,0,0,0.393,0.01,22384
940,20,-13.302,0,1,8,1,0,0,0.393,0.01,22404
941,55,-14.717,0,7,33,1,0,0,0.392,0.01,22459
942,95,-16.43,0,6,40,1,0,0,0.391,0.01,22554
943,47,-13.458,0,5,12,1,0,0,0.391,0.01,22601
944,40,-9.832,1,5,16,1,0,0,0.39,0.0099,22641
945,84,-10.796,2,8,28,1,0,0,0.39,0.0099,22725
946,13,-10.45,0,2,4,1,0,0,0.389,0.0099,22738
947,5,-12.942,0,4,1,1,0,0,0.388,0.0099,22743
948,178,-22.84,1,13,90,1,0,0,0.388,0.0099,22921
949,18,-14.6,0,2,13,1,0,0,0.387,0.0099,22939
950,17,-14.253,0,3,11,1,0,0,0.386,0.0099,22956
951,108,-10.928,3,15,24,1,0,0,0.386,0.0099,23064
952,199,-20.895,1,15,108,1,0,0,0.385,0.0099,23263
953,24,-14.486,0,3,15,1,0,0,0.384,0.0098,23287
954,95,-18.121,0,4,48,1,0,0,0.384,0.0098,23382
955,29,-11.477,1,4,13,1,0,0,0.383,0.0098,23411
956,26,-14.563,0,3,17,1,0,0,0.382,0.0098,23437
957,70,-12.277,1,11,21,1,0,0,0.382,0.0098,23507
958,48,-14.644,0,5,23,1,0,0,0.381,0.0098,23555
959,59,-12.524,1,7,18,1,0,0,0.38,0.0098,23614
960,11,-13.402,0,2,6,1,0,0,0.38,0.0098,23625
961,28,-13.988,0,3,14,1,0,0,0.379,0.0098,23653
962,53,-16.509,0,3,35,1,0,0,0.379,0.0097,23706
963,20,-14.738,0,3,12,1,0,0,0.378,0.0097,23726
964,51,-11.554,2,8,19,1,0,0,0.377,0.0097,23777
965,32,-14.624,0,4,10,1,0,0,0.377,0.0097,23809
966,46,-10.86,0,7,14,1,0,0,0.376,0.0097,23855
967,5,-13.112,0,2,0,1,0,0,0.375,0.0097,23860
968,171,-18.4,3,11,82,1,0,0,0.375,0.0097,24031
969,9,-9.991,0,2,3,1,0,0,0.374,0.0097,24040
970,67,-15.714,0,9,26,1,0,0,0.373,0.0097,24107
971,65,-16.697,0,3,21,1,0,0,0.373,0.0097,24172
972,38,-13.276,1,5,10,1,0,0,0.372,0.0096,24210
973,71,-13.248,0,8,36,1,0,0,0.371,0.0096,24281
974,55,-13.773,0,5,8,1,0,0,0.371,0.0096,24336
975,90,-15.952,1,11,51,1,0,0,0.37,0.0096,24426
976,83,-15.072,0,4,26,1,0,0,0.369,0.0096,24509
977,169,-19.761,1,9,73,1,0,0,0.369,0.0096,24678
978,51,-16.069,0,4,35,1,0,0,0.368,0.0096,24729
979,48,-12.255,0,2,12,1,0,0,0.368,0.0096,24777
980,89,-16.678,2,10,49,1,0,0,0.367,0.0096,24866
981,43,-13.482,0,4,11,1,0,0,0.366,0.0095,24909
982,29,-13.56,0,6,14,1,0,0,0.366,0.0095,24938
983,89,-15.924,0,3,57,1,0,0,0.365,0.0095,25027
984,6,-13.156,0,4,2,1,0,0,0.364,0.0095,25033
985,5,-13.322,0,4,2,1,0,0,0.364,0.0095,25038
986,88,-15.172,1,8,35,1,0,0,0.363,0.0095,25126
987,115,-17.417,0,14,60,1,0,0,0.362,0.0095,25241
988,77,-11.383,2,7,22,1,0,0,0.362,0.0095,25318
989,8,-9.725,0,3,3,1,0,0,0.361,0.0095,25326
990,7,-9.377,0,3,0,1,0,0,0.36,0.0095,25333
991,38,-11.492,0,5,13,1,0,0,0.36,0.0094,25371
992,46,-15.699,0,6,19,1,0,0,0.359,0.0094,25417
993,31,-13.985,0,2,7,1,0,0,0.359,0.0094,25448
994,5,-13.342,0,4,1,1,0,0,0.358,0.0094,25453
995,100,-15.91,1,5,27,1,0,0,0.357,0.0094,25553
996,17,-10.209,0,2,5,1,0,0,0.357,0.0094,25570
997,23,-10.52,1,7,6,1,0,0,0.356,0.0094,25593
998,49,-13.925,0,8,18,1,0,0,0.355,0.0094,25642
999,63,-10.764,0,9,18,1,0,0,0.355,0.0094,25705
1000,76,-18.442,0,7,58,1,0,0,0.354,0.0093,25781
1001,33,-14.228,0,3,22,1,0,0,0.353,0.0093,25814
1002,7,-12.873,0,3,3,1,0,0,0.353,0.0093,25821
1003,50,-10.774,0,5,6,1,0,0,0.352,0.0093,25871
1004,5,-11.649,0,1,1,1,0,0,0.351,0.0093,25876
1005,15,-9.798,0,2,1,1,0,0,0.351,0.0093,25891
1006,226,-28.474,3,6,122,1,0,0,0.35,0.0093,26117
1007,89,-18.849,0,7,51,1,0,0,0.349,0.0093,26206
1008,11,-13.59,0,4,2,1,0,0,0.349,0.0093,26217
1009,9,-9.184,0,3,1,1,0,0,0.348,0.0092,26226
1010,73,-15.036,1,12,37,1,0,0,0.348,0.0092,26299
1011,14,-13.554,0,3,9,1,0,0,0.347,0.0092,26313
1012,62,-13.027,1,12,19,1,0,0,0.346,0.0092,26375
1013,195,-21.203,2,9,100,1,0,0,0.346,0.0092,26570
1014,46,-11.636,0,5,10,1,0,0,0.345,0.0092,26616
1015,5,-12.934,0,3,0,1,0,0,0.344,0.0092,26621
1016,29,-13.774,0,3,7,1,0,0,0.344,0.0092,26650
1017,15,-9.809,0,3,1,1,0,0,0.343,0.0092,26665
1018,32,-13.356,0,5,6,1,0,0,0.342,0.0092,26697
1019,104,-19.553,0,8,62,1,0,0,0.342,0.0091,26801
1020,65,-11.406,0,8,25,1,0,0,0.341,0.0091,26866
1021,107,-19.48,0,5,62,1,0,0,0.34,0.0091,26973
1022,177,-17.797,2,12,66,1,0,0,0.34,0.0091,27150
1023,127,-17.282,1,16,47,1,0,0,0.339,0.0091,27277
1024,40,-15.846,0,1,18,1,0,0,0.338,0.0091,27317
1025,43,-13.799,1,7,18,1,0,0,0.338,0.0091,27360
1026,94,-16.639,1,3,44,1,0,0,0.337,0.0091,27454
1027,62,-13.999,0,5,33,1,0,0,0.337,0.0091,27516
1028,207,-26.965,2,17,113,1,0,0,0.336,0.009,27723
1029,36,-10.641,0,6,9,1,0,0,0.335,0.009,27759
1030,19,-10.083,0,6,8,1,0,0,0.335,0.009,27778
1031,30,-12.308,0,9,6,1,0,0,0.334,0.009,27808
1032,42,-11.355,0,6,19,1,0,0,0.333,0.009,27850
1033,5,-13.192,0,2,1,1,0,0,0.333,0.009,27855
1034,105,-16.797,1,5,69,1,0,0,0.332,0.009,27960
1035,128,-21.692,0,10,75,1,0,0,0.331,0.009,28088
1036,103,-13.861,3,14,35,1,0,0,0.331,0.009,28191
1037,34,-9.055,1,6,5,1,0,0,0.33,0.0089,28225
1038,123,-19.532,1,9,64,1,0,0,0.329,0.0089,28348
1039,49,-11.226,1,7,6,1,0,0,0.329,0.0089,28397
1040,77,-8.812,2,14,19,1,0,0,0.328,0.0089,28474
1041,143,-21.759,1,9,80,1,0,0,0.327,0.0089,28617
1042,73,-16.614,0,7,26,1,0,0,0.327,0.0089,28690
1043,88,-16.866,1,8,35,1,0,0,0.326,0.0089,28778
1044,132,-16.045,0,4,37,1,0,0,0.326,0.0089,28910
1045,122,-16.578,0,6,39,1,0,0,0.325,0.0089,29032
1046,43,-10.535,0,2,5,1,0,0,0.324,0.0089,29075
1047,38,-12.352,1,4,14,1,0,0,0.324,0.0088,29113
1048,101,-18.045,0,12,51,1,0,0,0.323,0.0088,29214
1049,29,-10.249,0,6,6,1,0,0,0.322,0.0088,29243
1050,115,-17.742,1,7,51,1,0,0,0.322,0.0088,29358
1051,52,-15.71,0,5,24,1,0,0,0.321,0.0088,29410
1052,66,-15.372,0,7,25,1,0,0,0.32,0.0088,29476
1053,10,-11.812,0,2,2,1,0,0,0.32,0.0088,29486
1054,50,-14.128,0,2,8,1,0,0,0.319,0.0088,29536
1055,95,-10.239,2,10,24,1,0,0,0.318,0.0088,29631
1056,50,-14.485,0,4,19,1,0,0,0.318,0.0087,29681
1057,170,-22.48,0,9,76,1,0,0,0.317,0.0087,29851
1058,180,-22.934,1,14,90,1,0,0,0.316,0.0087,30031
1059,108,-17.034,0,5,61,1,0,0,0.316,0.0087,30139
1060,151,-20.05,1,7,62,1,0,0,0.315,0.0087,30290
1061,64,-15.623,0,4,9,1,0,0,0.315,0.0087,30354
1062,181,-16.405,1,9,35,1,0,0,0.314,0.0087,30535
1063,146,-15.166,2,8,41,1,0,0,0.313,0.0087,30681
1064,147,-21.442,0,8,83,1,0,0,0.313,0.0087,30828
1065,43,-12.077,0,8,10,1,0,0,0.312,0.0087,30871
1066,146,-18.348,1,14,53,1,0,0,0.311,0.0086,31017
1067,5,-12.891,0,4,1,1,0,0,0.311,0.0086,31022
1068,400,-14.172,8,32,162,0,0,1,0.31,0.0086,31422
1069,91,-14.762,1,12,32,1,0,0,0.309,0.0086,31513
1070,130,-20.221,1,6,64,1,0,0,0.309,0.0086,31643
1071,241,-24.384,0,16,79,1,0,0,0.308,0.0086,31884
1072,59,-16.444,0,5,35,1,0,0,0.307,0.0086,31943
1073,21,-10.151,0,4,7,1,0,0,0.307,0.0086,31964
1074,61,-15.907,0,4,32,1,0,0,0.306,0.0086,32025
1075,202,-20.16,3,18,93,1,0,0,0.305,0.0085,32227
1076,27,-14.347,0,4,5,1,0,0,0.305,0.0085,32254
1077,211,-18.287,2,13,72,1,0,0,0.304,0.0085,32465
1078,57,-18.5,0,2,46,1,0,0,0.304,0.0085,32522
1079,116,-15.986,0,7,38,1,0,0,0.303,0.0085,32638
1080,307,-31.44,1,10,147,1,0,0,0.302,0.0085,32945
1081,43,-11.002,0,4,8,1,0,0,0.302,0.0085,32988
1082,69,-12.606,0,6,18,1,0,0,0.301,0.0085,33057
1083,96,-15.358,0,6,13,1,0,0,0.3,0.0085,33153
1084,80,-12.008,0,7,22,1,0,0,0.3,0.0084,33233
1085,292,-25.304,5,17,130,1,0,0,0.299,0.0084,33525
1086,126,-13.966,2,10,31,1,0,0,0.298,0.0084,33651
1087,20,-14.908,0,3,18,1,0,0,0.298,0.0084,33671
1088,150,-15.162,2,11,63,1,0,0,0.297,0.0084,33821
1089,201,-20.956,1,11,81,1,0,0,0.296,0.0084,34022
1090,242,-28.971,2,5,133,1,0,0,0.296,0.0084,34264
1091,81,-16.836,0,4,27,1,0,0,0.295,0.0084,34345
1092,166,-19.116,0,11,64,1,0,0,0.294,0.0084,34511
1093,105,-19.096,1,5,51,1,0,0,0.294,0.0084,34616
1094,82,-12.811,0,4,19,1,0,0,0.293,0.0083,34698
1095,30,-13.802,0,3,15,1,0,0,0.293,0.0083,34728
1096,70,-13.542,1,6,10,1,0,0,0.292,0.0083,34798
1097,152,-20.166,2,13,74,1,0,0,0.291,0.0083,34950
1098,26,-14.735,0,2,11,1,0,0,0.291,0.0083,34976
1099,133,-16.501,1,7,61,1,0,0,0.29,0.0083,35109
1100,5,-13.514,0,3,2,1,0,0,0.289,0.0083,35114
1101,183,-20.171,1,19,89,1,0,0,0.289,0.0083,35297
1102,66,-15.168,0,3,11,1,0,0,0.288,0.0083,35363
1103,124,-16.347,0,7,41,1,0,0,0.287,0.0082,35487
1104,135,-17.982,1,5,41,1,0,0,0.287,0.0082,35622
1105,34,-12.772,0,7,11,1,0,0,0.286,0.0082,35656
1106,29,-13.826,0,5,7,1,0,0,0.285,0.0082,35685
1107,128,-16.034,1,8,36,1,0,0,0.285,0.0082,35813
1108,39,-10.501,0,4,11,1,0,0,0.284,0.0082,35852
1109,73,-15.598,0,4,29,1,0,0,0.283,0.0082,35925
1110,300,-26.661,4,16,143,1,0,0,0.283,0.0082,36225
1111,32,-13.569,0,3,8,1,0,0,0.282,0.0082,36257
1112,89,-16.813,0,4,32,1,0,0,0.282,0.0081,36346
1113,5,-13.291,0,4,1,1,0,0,0.281,0.0081,36351
1114,69,-16.269,0,3,31,1,0,0,0.28,0.0081,36420
1115,5,-13.291,0,4,1,1,0,0,0.28,0.0081,36425
1116,5,-13.314,0,2,2,1,0,0,0.279,0.0081,36430
1117,20,-10.5,0,8,3,1,0,0,0.278,0.0081,36450
1118,55,-11.92,0,3,13,1,0,0,0.278,0.0081,36505
1119,169,-20.14,1,8,54,1,0,0,0.277,0.0081,36674
1120,42,-15.359,0,3,25,1,0,0,0.276,0.0081,36716
1121,56,-13.414,0,4,9,1,0,0,0.276,0.0081,36772
1122,400,-22.1,6,11,216,0,0,1,0.275,0.008,37172
1123,90,-13.41,0,3,14,1,0,0,0.274,0.008,37262
1124,54,-13.172,0,8,12,1,0,0,0.274,0.008,37316
1125,12,-9.591,0,3,2,1,0,0,0.273,0.008,37328
1126,115,-14.799,2,13,50,1,0,0,0.272,0.008,37443
1127,315,-31.765,2,21,176,1,0,0,0.272,0.008,37758
1128,5,-12.912,0,3,0,1,0,0,0.271,0.008,37763
1129,63,-11.692,0,6,18,1,0,0,0.271,0.008,37826
1130,161,-17.959,1,5,32,1,0,0,0.27,0.008,37987
1131,105,-14.726,0,8,32,1,0,0,0.269,0.0079,38092
1132,387,-28.608,3,16,172,1,0,0,0.269,0.0079,38479
1133,116,-11.795,1,6,10,1,0,0,0.268,0.0079,38595
1134,39,-10.917,0,2,4,1,0,0,0.267,0.0079,38634
1135,35,-12.521,1,5,19,1,0,0,0.267,0.0079,38669
1136,43,-14.444,0,2,8,1,0,0,0.266,0.0079,38712
1137,61,-14.022,0,7,14,1,0,0,0.265,0.0079,38773
1138,85,-13.523,0,6,34,1,0,0,0.265,0.0079,38858
1139,238,-24.293,1,9,72,1,0,0,0.264,0.0079,39096
1140,47,-12.569,0,4,32,1,0,0,0.263,0.0079,39143
1141,56,-11.302,0,2,4,1,0,0,0.263,0.0078,39199
1142,15,-9.702,0,2,1,1,0,0,0.262,0.0078,39214
1143,30,-11.979,1,5,5,1,0,0,0.262,0.0078,39244
1144,386,-28.151,4,22,149,1,0,0,0.261,0.0078,39630
1145,400,-18.156,4,33,178,0,0,1,0.26,0.0078,40030
1146,154,-20.055,0,6,78,1,0,0,0.26,0.0078,40184
1147,352,-32.727,2,18,174,1,0,0,0.259,0.0078,40536
1148,58,-14.873,0,7,26,1,0,0,0.258,0.0078,40594
1149,64,-14.731,0,7,16,1,0,0,0.258,0.0078,40658
1150,11,-13.095,0,2,4,1,0,0,0.257,0.0077,40669
1151,50,-14.672,0,9,30,1,0,0,0.256,0.0077,40719
1152,216,-17.419,2,18,79,1,0,0,0.256,0.0077,40935
1153,400,-19.179,3,26,167,0,0,1,0.255,0.0077,41335
1154,49,-14.753,0,9,20,1,0,0,0.254,0.0077,41384
1155,32,-14.813,0,3,8,1,0,0,0.254,0.0077,41416
1156,157,-18.003,3,8,49,1,0,0,0.253,0.0077,41573
1157,69,-13.758,0,10,15,1,0,0,0.252,0.0077,41642
1158,134,-13.625,2,6,38,1,0,0,0.252,0.0077,41776
1159,132,-10.453,3,12,24,1,0,0,0.251,0.0076,41908
1160,5,-12.812,0,4,0,1,0,0,0.251,0.0076,41913
1161,297,-30.632,2,11,149,1,0,0,0.25,0.0076,42210
1162,262,-22.779,1,13,97,1,0,0,0.249,0.0076,42472
1163,251,-27.275,0,6,94,1,0,0,0.249,0.0076,42723
1164,61,-14.896,0,4,46,1,0,0,0.248,0.0076,42784
1165,25,-10.498,0,5,9,1,0,0,0.247,0.0076,42809
1166,44,-14.362,0,9,19,1,0,0,0.247,0.0076,42853
1167,58,-11.009,0,3,4,1,0,0,0.246,0.0076,42911
1168,46,-14.162,0,2,7,1,0,0,0.245,0.0076,42957
1169,137,-17.907,1,5,29,1,0,0,0.245,0.0075,43094
1170,150,-20.856,0,6,74,1,0,0,0.244,0.0075,43244
1171,145,-23.672,0,4,77,1,0,0,0.243,0.0075,43389
1172,341,-27.7,4,19,175,1,0,0,0.243,0.0075,43730
1173,122,-18.882,0,9,41,1,0,0,0.242,0.0075,43852
1174,114,-18.69,0,4,49,1,0,0,0.241,0.0075,43966
1175,223,-25.542,1,5,80,1,0,0,0.241,0.0075,44189
1176,150,-16.763,2,11,40,1,0,0,0.24,0.0075,44339
1177,134,-16.366,2,9,35,1,0,0,0.24,0.0075,44473
1178,42,-12.826,0,5,4,1,0,0,0.239,0.0074,44515
1179,24,-10.12,0,2,1,1,0,0,0.238,0.0074,44539
1180,120,-17.436,1,8,37,1,0,0,0.238,0.0074,44659
1181,76,-16.586,0,4,31,1,0,0,0.237,0.0074,44735
1182,400,-17.866,2,21,149,0,0,1,0.236,0.0074,45135
1183,97,-14.611,1,8,15,1,0,0,0.236,0.0074,45232
1184,210,-17.152,3,12,70,1,0,0,0.235,0.0074,45442
1185,153,-20.889,0,8,42,1,0,0,0.234,0.0074,45595
1186,201,-22.336,1,7,56,1,0,0,0.234,0.0074,45796
1187,52,-9.911,0,8,9,1,0,0,0.233,0.0073,45848
1188,107,-14.96,1,11,28,1,0,0,0.232,0.0073,45955
1189,106,-18.384,0,4,45,1,0,0,0.232,0.0073,46061
1190,11,-13.16,0,4,1,1,0,0,0.231,0.0073,46072
1191,400,-25.16,0,15,196,0,0,1,0.23,0.0073,46472
1192,400,-20.844,2,14,130,0,0,1,0.23,0.0073,46872
1193,38,-10.837,0,6,5,1,0,0,0.229,0.0073,46910
1194,400,-28.475,3,14,263,0,0,1,0.229,0.0073,47310
1195,236,-27.91,1,7,114,1,0,0,0.228,0.0073,47546
1196,400,-15.47,4,20,127,0,0,1,0.227,0.0073,47946
1197,361,-32.508,2,10,152,1,0,0,0.227,0.0072,48307
1198,106,-13.876,1,17,30,1,0,0,0.226,0.0072,48413
1199,307,-29.889,4,11,148,1,0,0,0.225,0.0072,48720
1200,230,-23.664,1,15,111,1,0,0,0.225,0.0072,48950
1201,400,-14.236,4,27,131,0,0,1,0.224,0.0072,49350
1202,109,-13.272,0,6,13,1,0,0,0.223,0.0072,49459
1203,33,-10.396,0,3,5,1,0,0,0.223,0.0072,49492
1204,283,-29.184,1,17,147,1,0,0,0.222,0.0072,49775
1205,70,-15.324,0,4,4,1,0,0,0.221,0.0072,49845
1206,189,-19.859,0,10,29,1,0,0,0.221,0.0071,50034
1207,208,-20.315,1,14,65,1,0,0,0.22,0.0071,50242
1208,152,-18.99,0,8,49,1,0,0,0.219,0.0071,50394
1209,220,-18.661,0,13,63,1,0,0,0.219,0.0071,50614
1210,82,-16.714,1,4,36,1,0,0,0.218,0.0071,50696
1211,5,-13.092,0,3,1,1,0,0,0.218,0.0071,50701
1212,25,-10.319,0,3,3,1,0,0,0.217,0.0071,50726
1213,167,-18.181,2,12,43,1,0,0,0.216,0.0071,50893
1214,6,-13.026,0,4,1,1,0,0,0.216,0.0071,50899
1215,139,-23.653,0,5,102,1,0,0,0.215,0.0071,51038
1216,20,-10.078,0,3,12,1,0,0,0.214,0.007,51058
1217,400,-27.408,1,9,194,0,0,1,0.214,0.007,51458
1218,400,-25.124,2,14,208,0,0,1,0.213,0.007,51858
1219,100,-10.807,2,6,13,1,0,0,0.212,0.007,51958
1220,377,-24.148,5,26,157,1,0,0,0.212,0.007,52335
1221,99,-15.154,0,9,16,1,0,0,0.211,0.007,52434
1222,196,-24.939,0,4,115,1,0,0,0.21,0.007,52630
1223,66,-12.996,1,6,17,1,0,0,0.21,0.007,52696
1224,253,-20.353,2,18,66,1,0,0,0.209,0.007,52949
1225,157,-18.953,3,9,63,1,0,0,0.208,0.0069,53106
1226,400,-22.932,1,9,196,0,0,1,0.208,0.0069,53506
1227,12,-9.359,0,2,0,1,0,0,0.207,0.0069,53518
1228,349,-24.397,3,27,115,1,0,0,0.207,0.0069,53867
1229,12,-9.704,0,3,1,1,0,0,0.206,0.0069,53879
1230,92,-18.154,0,8,56,1,0,0,0.205,0.0069,53971
1231,392,-28.618,3,16,98,1,0,0,0.205,0.0069,54363
1232,354,-27.161,0,12,39,1,0,0,0.204,0.0069,54717
1233,400,-14.8,3,21,107,0,0,1,0.203,0.0069,55117
1234,135,-14.016,1,17,19,1,0,0,0.203,0.0068,55252
1235,212,-22.063,2,15,93,1,0,0,0.202,0.0068,55464
1236,271,-26.822,2,11,123,1,0,0,0.201,0.0068,55735
1237,220,-24.465,1,5,114,1,0,0,0.201,0.0068,55955
1238,257,-27.619,1,9,117,1,0,0,0.2,0.0068,56212
1239,328,-25.818,3,15,90,1,0,0,0.199,0.0068,56540
1240,217,-30.517,0,2,119,1,0,0,0.199,0.0068,56757
1241,32,-11.169,0,1,6,1,0,0,0.198,0.0068,56789
1242,113,-14.323,1,7,10,1,0,0,0.197,0.0068,56902
1243,293,-25.859,2,13,148,1,0,0,0.197,0.0068,57195
1244,134,-12.756,3,12,25,1,0,0,0.196,0.0067,57329
1245,261,-27.461,2,5,138,1,0,0,0.196,0.0067,57590
1246,382,-37.766,1,12,176,1,0,0,0.195,0.0067,57972
1247,296,-34.73,1,5,167,1,0,0,0.194,0.0067,58268
1248,129,-16.749,1,4,28,1,0,0,0.194,0.0067,58397
1249,123,-17.151,0,7,21,1,0,0,0.193,0.0067,58520
1250,213,-24.841,0,14,100,1,0,0,0.192,0.0067,58733
1251,58,-14.319,0,7,11,1,0,0,0.192,0.0067,58791
1252,196,-19.304,1,9,30,1,0,0,0.191,0.0067,58987
1253,47,-9.879,0,7,4,1,0,0,0.19,0.0066,59034
1254,21,-10.466,0,3,4,1,0,0,0.19,0.0066,59055
1255,247,-21.711,4,10,77,1,0,0,0.189,0.0066,59302
1256,53,-13.88,0,4,12,1,0,0,0.188,0.0066,59355
1257,372,-31.756,1,20,153,1,0,0,0.188,0.0066,59727
1258,43,-11.025,0,3,6,1,0,0,0.187,0.0066,59770
1259,400,-25.326,0,6,186,0,0,1,0.186,0.0066,60170
1260,188,-19.084,0,6,46,1,0,0,0.186,0.0066,60358
1261,400,-13.021,6,25,129,0,0,1,0.185,0.0066,60758
1262,295,-22.46,1,22,108,1,0,0,0.185,0.0065,61053
1263,329,-24.648,4,11,85,1,0,0,0.184,0.0065,61382
1264,256,-20.842,3,18,99,1,0,0,0.183,0.0065,61638
1265,85,-15.073,0,3,43,1,0,0,0.183,0.0065,61723
1266,227,-17.282,0,23,59,1,0,0,0.182,0.0065,61950
1267,400,-18.147,2,10,105,0,0,1,0.181,0.0065,62350
1268,400,-14.053,2,13,85,0,0,1,0.181,0.0065,62750
1269,81,-12.91,1,8,34,1,0,0,0.18,0.0065,62831
1270,400,-16.705,3,28,138,0,0,1,0.179,0.0065,63231
1271,188,-22.221,0,8,99,1,0,0,0.179,0.0065,63419
1272,137,-9.864,3,15,48,1,0,0,0.178,0.0064,63556
1273,400,-6.816,6,37,83,0,0,1,0.177,0.0064,63956
1274,88,-16.887,0,6,43,1,0,0,0.177,0.0064,64044
1275,16,-13.435,0,3,1,1,0,0,0.176,0.0064,64060
1276,325,-19.802,6,30,62,1,0,0,0.176,0.0064,64385
1277,187,-21.809,0,7,66,1,0,0,0.175,0.0064,64572
1278,400,-17.536,0,11,59,0,0,1,0.174,0.0064,64972
1279,104,-13.944,1,11,13,1,0,0,0.174,0.0064,65076
1280,400,-26.622,1,16,213,0,0,1,0.173,0.0064,65476
1281,94,-12.874,1,7,29,1,0,0,0.172,0.0063,65570
1282,200,-20.902,1,7,96,1,0,0,0.172,0.0063,65770
1283,220,-18.99,1,13,60,1,0,0,0.171,0.0063,65990
1284,171,-19.478,0,4,12,1,0,0,0.17,0.0063,66161
1285,44,-10.72,0,3,6,1,0,0,0.17,0.0063,66205
1286,132,-17.879,1,14,52,1,0,0,0.169,0.0063,66337
1287,213,-17.773,0,4,28,1,0,0,0.168,0.0063,66550
1288,400,-16.434,5,16,126,0,0,1,0.168,0.0063,66950
1289,400,-18.671,5,19,201,0,0,1,0.167,0.0063,67350
1290,29,-12.283,0,2,1,1,0,0,0.166,0.0063,67379
1291,400,-25.52,1,16,220,0,0,1,0.166,0.0062,67779
1292,86,-11.817,0,8,14,1,0,0,0.165,0.0062,67865
1293,400,-16.547,1,7,73,0,0,1,0.165,0.0062,68265
1294,400,-20.627,2,18,171,0,0,1,0.164,0.0062,68665
1295,400,-19.711,3,18,165,0,0,1,0.163,0.0062,69065
1296,400,-26.748,0,9,230,0,0,1,0.163,0.0062,69465
1297,400,-13.502,5,19,108,0,0,1,0.162,0.0062,69865
1298,103,-17.709,0,1,11,1,0,0,0.161,0.0062,69968
1299,170,-16.199,1,11,28,1,0,0,0.161,0.0062,70138
1300,38,-12.944,0,4,3,1,0,0,0.16,0.0061,70176
1301,222,-19.81,2,11,37,1,0,0,0.159,0.0061,70398
1302,108,-17.443,0,8,33,1,0,0,0.159,0.0061,70506
1303,400,-20.286,2,15,155,0,0,1,0.158,0.0061,70906
1304,15,-9.526,0,2,2,1,0,0,0.157,0.0061,70921
1305,400,-18.638,2,17,128,0,0,1,0.157,0.0061,71321
1306,400,-18.516,2,18,117,0,0,1,0.156,0.0061,71721
1307,282,-35.912,0,6,175,1,0,0,0.155,0.0061,72003
1308,268,-21.78,2,10,34,1,0,0,0.155,0.0061,72271
1309,400,-8.027,4,18,44,0,0,1,0.154,0.006,72671
1310,400,-16.473,3,29,142,0,0,1,0.154,0.006,73071
1311,256,-20.848,1,9,82,1,0,0,0.153,0.006,73327
1312,246,-17.259,1,8,44,1,0,0,0.152,0.006,73573
1313,400,-25.938,2,8,193,0,0,1,0.152,0.006,73973
1314,79,-14.079,0,3,6,1,0,0,0.151,0.006,74052
1315,202,-16.495,3,16,34,1,0,0,0.15,0.006,74254
1316,400,-27.935,2,11,215,0,0,1,0.15,0.006,74654
1317,133,-11.665,2,7,7,1,0,0,0.149,0.006,74787
1318,400,-25.621,0,12,166,0,0,1,0.148,0.006,75187
1319,400,-14.127,2,12,55,0,0,1,0.148,0.0059,75587
1320,400,-21.158,1,8,106,0,0,1,0.147,0.0059,75987
1321,400,-16.514,5,25,161,0,0,1,0.146,0.0059,76387
1322,399,-16.273,4,38,42,1,0,0,0.146,0.0059,76786
1323,249,-16.704,2,8,21,1,0,0,0.145,0.0059,77035
1324,83,-16.877,1,5,36,1,0,0,0.144,0.0059,77118
1325,155,-17.91,0,7,21,1,0,0,0.144,0.0059,77273
1326,400,-21.081,0,10,129,0,0,1,0.143,0.0059,77673
1327,270,-13.118,6,29,43,1,0,0,0.143,0.0059,77943
1328,400,-22.936,1,9,152,0,0,1,0.142,0.0058,78343
1329,400,-18.784,3,19,58,1,0,0,0.141,0.0058,78743
1330,400,-25.088,0,8,195,0,0,1,0.141,0.0058,79143
1331,400,-12.232,3,9,48,0,0,1,0.14,0.0058,79543
1332,128,-16.675,0,4,10,1,0,0,0.139,0.0058,79671
1333,400,-7.14,4,16,19,0,0,1,0.139,0.0058,80071
1334,284,-24.74,2,10,76,1,0,0,0.138,0.0058,80355
1335,258,-22.581,0,3,14,1,0,0,0.137,0.0058,80613
1336,76,-15.605,0,5,23,1,0,0,0.137,0.0058,80689
1337,165,-18.6,0,5,59,1,0,0,0.136,0.0057,80854
1338,154,-15.729,0,4,11,1,0,0,0.135,0.0057,81008
1339,244,-19.279,2,13,47,1,0,0,0.135,0.0057,81252
1340,400,-24.152,1,2,128,0,0,1,0.134,0.0057,81652
1341,400,-13.745,4,9,59,0,0,1,0.133,0.0057,82052
1342,52,-11.19,0,3,4,1,0,0,0.133,0.0057,82104
1343,400,-20.791,1,5,133,0,0,1,0.132,0.0057,82504
1344,400,-10.301,5,21,78,0,0,1,0.132,0.0057,82904
1345,400,-4.823,5,26,35,0,0,1,0.131,0.0057,83304
1346,400,-13.162,3,24,83,0,0,1,0.13,0.0057,83704
1347,400,-9.265,3,28,80,0,0,1,0.13,0.0056,84104
1348,400,-20.153,2,9,112,0,0,1,0.129,0.0056,84504
1349,400,-8.067,2,27,27,0,0,1,0.128,0.0056,84904
1350,283,-19.327,2,14,30,1,0,0,0.128,0.0056,85187
1351,400,-9.911,3,18,29,0,0,1,0.127,0.0056,85587
1352,400,-20.368,1,8,109,0,0,1,0.126,0.0056,85987
1353,221,-16.122,1,16,11,1,0,0,0.126,0.0056,86208
1354,400,-27.441,1,12,196,0,0,1,0.125,0.0056,86608
1355,18,-11.398,0,8,2,1,0,0,0.124,0.0056,86626
1356,400,-8.279,4,14,18,0,0,1,0.124,0.0055,87026
1357,351,-24.493,3,14,92,1,0,0,0.123,0.0055,87377
1358,226,-21.664,3,16,103,1,0,0,0.122,0.0055,87603
1359,11,-9.412,0,3,1,1,0,0,0.122,0.0055,87614
1360,399,-18.023,4,13,18,1,0,0,0.121,0.0055,88013
1361,151,-16.406,0,6,5,1,0,0,0.121,0.0055,88164
1362,109,-16.142,0,5,8,1,0,0,0.12,0.0055,88273
1363,400,-10.863,4,9,23,0,0,1,0.119,0.0055,88673
1364,227,-18.03,2,13,30,1,0,0,0.119,0.0055,88900
1365,400,-9.801,3,20,48,0,0,1,0.118,0.0055,89300
1366,400,-17.931,0,9,42,0,0,1,0.117,0.0054,89700
1367,400,-14.615,2,4,21,0,0,1,0.117,0.0054,90100
1368,5,-12.96,0,3,0,1,0,0,0.116,0.0054,90105
1369,400,-22.076,1,13,160,0,0,1,0.115,0.0054,90505
1370,334,-26.461,1,14,73,1,0,0,0.115,0.0054,90839
1371,400,-26.006,0,5,204,0,0,1,0.114,0.0054,91239
1372,400,-8.797,5,19,60,0,0,1,0.113,0.0054,91639
1373,400,-12.853,3,12,24,0,0,1,0.113,0.0054,92039
1374,188,-15.721,2,21,18,1,0,0,0.112,0.0054,92227
1375,142,-15.506,1,7,10,1,0,0,0.111,0.0053,92369
1376,400,-20.501,2,16,168,0,0,1,0.111,0.0053,92769
1377,262,-18.259,2,10,13,1,0,0,0.11,0.0053,93031
1378,115,-15.341,0,8,21,1,0,0,0.11,0.0053,93146
1379,400,-14.507,3,8,59,0,0,1,0.109,0.0053,93546
1380,400,-12.612,4,17,93,0,0,1,0.108,0.0053,93946
1381,400,-24.261,0,10,158,0,0,1,0.108,0.0053,94346
1382,400,-10.531,2,23,43,0,0,1,0.107,0.0053,94746
1383,400,-25.659,0,17,194,0,0,1,0.106,0.0053,95146
1384,337,-17.158,3,19,16,1,0,0,0.106,0.0052,95483
1385,400,-26.974,0,10,221,0,0,1,0.105,0.0052,95883
1386,400,-15.925,1,7,34,0,0,1,0.104,0.0052,96283
1387,400,-15.574,0,4,7,0,0,1,0.104,0.0052,96683
1388,400,-8.7,4,23,45,0,0,1,0.103,0.0052,97083
1389,400,-16.359,0,5,16,0,0,1,0.102,0.0052,97483
1390,268,-17.311,3,27,45,1,0,0,0.102,0.0052,97751
1391,400,-16.746,0,9,71,0,0,1,0.101,0.0052,98151
1392,400,-12.868,1,16,45,0,0,1,0.1,0.0052,98551
1393,195,-17.401,0,8,39,1,0,0,0.1,0.0052,98746
1394,256,-20.002,2,10,14,1,0,0,0.099,0.0051,99002
1395,342,-22.2,2,23,94,1,0,0,0.099,0.0051,99344
1396,400,-13.924,0,5,18,0,0,1,0.098,0.0051,99744
1397,400,-10.569,4,16,27,0,0,1,0.097,0.0051,100144
1398,400,-12.491,3,17,65,0,0,1,0.097,0.0051,100544
1399,163,-13.227,1,15,4,1,0,0,0.096,0.0051,100707
1400,400,-26.82,1,7,201,0,0,1,0.095,0.0051,101107
1401,316,-22.975,0,8,10,1,0,0,0.095,0.0051,101423
1402,20,-10.184,0,1,1,1,0,0,0.094,0.0051,101443
1403,400,-14.571,0,0,17,0,0,1,0.093,0.005,101843
1404,18,-9.892,0,3,1,1,0,0,0.093,0.005,101861
1405,206,-26.689,0,7,154,1,0,0,0.092,0.005,102067
1406,400,-12.361,3,10,42,0,0,1,0.091,0.005,102467
1407,400,-14.396,0,7,17,0,0,1,0.091,0.005,102867
1408,129,-16.239,1,5,9,1,0,0,0.09,0.005,102996
1409,400,-17.743,2,13,86,0,0,1,0.089,0.005,103396
1410,400,-17.616,1,11,72,0,0,1,0.089,0.005,103796
1411,400,-13.621,2,7,21,0,0,1,0.088,0.005,104196
1412,400,-26.103,1,7,181,0,0,1,0.088,0.0049,104596
1413,400,-9.421,5,18,55,0,0,1,0.087,0.0049,104996
1414,178,-15.507,1,10,8,1,0,0,0.086,0.0049,105174
1415,394,-26.204,1,9,15,1,0,0,0.086,0.0049,105568
1416,400,-14.983,1,14,58,0,0,1,0.085,0.0049,105968
1417,400,-14.318,0,3,18,0,0,1,0.084,0.0049,106368
1418,373,-22.221,2,14,20,1,0,0,0.084,0.0049,106741
1419,23,-9.987,0,3,0,1,0,0,0.083,0.0049,106764
1420,261,-14.92,1,14,7,1,0,0,0.082,0.0049,107025
1421,400,-28.302,0,10,216,0,0,1,0.082,0.0049,107425
1422,400,-5.8,5,25,40,0,0,1,0.081,0.0048,107825
1423,400,-22.257,2,10,151,0,0,1,0.08,0.0048,108225
1424,364,-22.256,2,14,15,1,0,0,0.08,0.0048,108589
1425,400,-13.249,1,8,18,0,0,1,0.079,0.0048,108989
1426,400,-27.33,0,8,202,0,0,1,0.079,0.0048,109389
1427,400,-12.176,1,17,38,0,0,1,0.078,0.0048,109789
1428,400,-28.548,0,8,198,0,0,1,0.077,0.0048,110189
1429,400,-14.171,0,0,12,0,0,1,0.077,0.0048,110589
1430,400,-19.204,0,11,88,0,0,1,0.076,0.0048,110989
1431,400,-12.898,1,10,17,0,0,1,0.075,0.0047,111389
1432,400,-16.13,1,8,49,0,0,1,0.075,0.0047,111789
1433,400,-27.278,0,4,171,0,0,1,0.074,0.0047,112189
1434,294,-19.613,0,6,14,1,0,0,0.073,0.0047,112483
1435,400,-17.107,4,14,110,0,0,1,0.073,0.0047,112883
1436,400,-16.416,1,9,55,0,0,1,0.072,0.0047,113283
1437,400,-8.321,4,16,32,0,0,1,0.071,0.0047,113683
1438,400,-10.003,3,16,12,0,0,1,0.071,0.0047,114083
1439,400,-12.363,0,14,35,0,0,1,0.07,0.0047,114483
1440,400,-12.142,1,13,12,0,0,1,0.069,0.0047,114883
1441,400,-11.444,1,11,40,0,0,1,0.069,0.0046,115283
1442,400,-13.363,1,8,13,0,0,1,0.068,0.0046,115683
1443,400,-17.413,0,4,69,0,0,1,0.068,0.0046,116083
1444,400,-7.782,4,16,12,0,0,1,0.067,0.0046,116483
1445,400,-10.559,2,13,8,0,0,1,0.066,0.0046,116883
1446,400,-13.088,1,13,34,0,0,1,0.066,0.0046,117283
1447,400,-14.331,0,0,14,0,0,1,0.065,0.0046,117683
1448,37,-11.537,0,6,0,1,0,0,0.064,0.0046,117720
1449,400,-11.397,1,10,9,0,0,1,0.064,0.0046,118120
1450,400,-12.873,4,13,59,0,0,1,0.063,0.0045,118520
1451,400,-34.145,0,5,239,0,0,1,0.062,0.0045,118920
1452,400,-13.431,0,3,13,0,0,1,0.062,0.0045,119320
1453,400,-12.519,2,7,9,0,0,1,0.061,0.0045,119720
1454,400,-13.803,0,2,10,0,0,1,0.06,0.0045,120120
1455,173,-13.512,2,7,9,1,0,0,0.06,0.0045,120293
1456,400,-16.164,1,10,51,0,0,1,0.059,0.0045,120693
1457,400,-13.376,2,10,28,0,0,1,0.058,0.0045,121093
1458,400,-12.893,1,8,7,0,0,1,0.058,0.0045,121493
1459,400,-18.145,0,6,73,0,0,1,0.057,0.0044,121893
1460,400,-12.742,1,5,10,0,0,1,0.057,0.0044,122293
1461,400,-12.819,0,5,9,0,0,1,0.056,0.0044,122693
1462,400,-10.748,1,11,6,0,0,1,0.055,0.0044,123093
1463,400,-11.664,3,8,9,0,0,1,0.055,0.0044,123493
1464,400,-15.842,2,4,16,0,0,1,0.054,0.0044,123893
1465,400,-12.708,3,13,41,0,0,1,0.053,0.0044,124293
1466,400,-12.635,3,6,22,0,0,1,0.053,0.0044,124693
1467,400,-13.31,1,8,22,0,0,1,0.052,0.0044,125093
1468,400,-10.97,4,8,21,0,0,1,0.051,0.0044,125493
1469,400,-7.734,3,12,6,0,0,1,0.051,0.0043,125893
1470,400,-12.899,0,10,6,0,0,1,0.05,0.0043,126293
1471,400,-14.172,0,5,11,0,0,1,0.049,0.0043,126693
1472,385,-20.165,0,13,11,1,0,0,0.049,0.0043,127078
1473,400,-14.195,4,11,65,0,0,1,0.048,0.0043,127478
1474,400,-10.644,1,14,6,0,0,1,0.047,0.0043,127878
1475,400,-16.821,0,2,8,0,0,1,0.047,0.0043,128278
1476,400,-14.864,1,9,39,0,0,1,0.046,0.0043,128678
1477,400,-21.977,1,7,139,0,0,1,0.046,0.0043,129078
1478,400,-20.926,1,7,90,0,0,1,0.045,0.0042,129478
1479,400,-11.039,3,8,10,0,0,1,0.044,0.0042,129878
1480,400,-14.303,2,9,44,0,0,1,0.044,0.0042,130278
1481,273,-20.525,1,4,8,1,0,0,0.043,0.0042,130551
1482,400,-14.814,0,6,6,0,0,1,0.042,0.0042,130951
1483,400,-12.135,5,17,78,0,0,1,0.042,0.0042,131351
1484,400,-14.336,0,3,9,0,0,1,0.041,0.0042,131751
1485,400,-13.129,1,9,7,0,0,1,0.04,0.0042,132151
1486,400,-17.347,0,5,73,0,0,1,0.04,0.0042,132551
1487,400,-10.0,2,10,2,0,0,1,0.039,0.0041,132951
1488,400,-22.225,0,4,129,0,0,1,0.038,0.0041,133351
1489,227,-22.439,1,4,67,1,0,0,0.038,0.0041,133578
1490,400,-12.24,1,14,10,0,0,1,0.037,0.0041,133978
1491,400,-18.023,1,10,86,0,0,1,0.036,0.0041,134378
1492,400,-18.077,0,6,85,0,0,1,0.036,0.0041,134778
1493,400,-14.493,0,3,7,0,0,1,0.035,0.0041,135178
1494,400,-12.486,0,5,7,0,0,1,0.035,0.0041,135578
1495,400,-30.128,0,3,221,0,0,1,0.034,0.0041,135978
1496,400,-13.977,0,5,0,0,0,1,0.033,0.0041,136378
1497,400,-12.132,0,8,7,0,0,1,0.033,0.004,136778
1498,400,-12.206,1,5,5,0,0,1,0.032,0.004,137178
1499,400,-13.316,0,3,8,0,0,1,0.031,0.004,137578
1500,400,-14.299,1,4,7,0,0,1,0.031,0.004,137978
1501,400,-13.973,0,0,8,0,0,1,0.03,0.004,138378
1502,400,-32.043,0,2,245,0,0,1,0.03,0.004,138778
1503,400,-10.918,3,5,8,0,0,1,0.03,0.004,139178
1504,400,-13.213,0,2,7,0,0,1,0.03,0.004,139578
1505,400,-13.833,1,6,5,0,0,1,0.03,0.004,139978
1506,400,-14.453,2,10,48,0,0,1,0.03,0.004,140378
1507,400,-13.248,0,2,7,0,0,1,0.03,0.004,140778
1508,400,-13.282,0,6,4,0,0,1,0.03,0.004,141178
1509,400,-13.855,0,0,5,0,0,1,0.03,0.004,141578
1510,400,-11.088,1,8,6,0,0,1,0.03,0.004,141978
1511,400,-13.176,0,2,5,0,0,1,0.03,0.004,142378
1512,400,-12.148,0,5,2,0,0,1,0.03,0.004,142778
1513,400,-12.567,0,3,7,0,0,1,0.03,0.004,143178
1514,400,-12.616,0,6,5,0,0,1,0.03,0.004,143578
1515,400,-13.934,0,0,7,0,0,1,0.03,0.004,143978
1516,400,-33.258,0,10,281,0,0,1,0.03,0.004,144378
1517,400,-10.392,2,13,3,0,0,1,0.03,0.004,144778
1518,400,-21.998,0,2,118,0,0,1,0.03,0.004,145178
1519,400,-13.931,0,0,8,0,0,1,0.03,0.004,145578
1520,400,-15.413,0,3,1,0,0,1,0.03,0.004,145978
1521,400,-14.299,0,2,4,0,0,1,0.03,0.004,146378
1522,400,-13.694,0,0,4,0,0,1,0.03,0.004,146778
1523,400,-13.772,0,0,6,0,0,1,0.03,0.004,147178
1524,400,-16.391,0,4,44,0,0,1,0.03,0.004,147578
1525,400,-13.621,0,5,9,0,0,1,0.03,0.004,147978
1526,400,-13.654,0,0,3,0,0,1,0.03,0.004,148378
1527,400,-12.949,0,10,7,0,0,1,0.03,0.004,148778
1528,400,-13.029,1,5,3,0,0,1,0.03,0.004,149178
1529,400,-15.247,0,3,1,0,0,1,0.03,0.004,149578
1530,400,-29.498,0,0,203,0,0,1,0.03,0.004,149978
1531,400,-14.113,0,2,6,0,0,1,0.03,0.004,150378
1532,400,-16.329,0,6,53,0,0,1,0.03,0.004,150778
1533,400,-12.523,0,6,3,0,0,1,0.03,0.004,151178
1534,400,-13.974,0,0,7,0,0,1,0.03,0.004,151578
1535,400,-14.099,1,8,5,0,0,1,0.03,0.004,151978
1536,400,-12.673,1,8,3,0,0,1,0.03,0.004,152378
1537,400,-15.268,1,6,7,0,0,1,0.03,0.004,152778
1538,400,-12.399,1,10,4,0,0,1,0.03,0.004,153178
1539,400,-11.841,1,9,16,0,0,1,0.03,0.004,153578
1540,400,-13.157,1,7,2,0,0,1,0.03,0.004,153978
1541,400,-16.735,0,1,10,0,0,1,0.03,0.004,154378
1542,400,-13.374,0,2,9,0,0,1,0.03,0.004,154778
1543,400,-13.774,0,0,5,0,0,1,0.03,0.004,155178
1544,400,-13.234,0,1,6,0,0,1,0.03,0.004,155578
1545,400,-13.961,0,2,12,0,0,1,0.03,0.004,155978
1546,400,-9.849,2,14,7,0,0,1,0.03,0.004,156378
1547,400,-11.69,1,14,9,0,0,1,0.03,0.004,156778
1548,400,-12.991,0,2,4,0,0,1,0.03,0.004,157178
1549,400,-11.099,1,6,7,0,0,1,0.03,0.004,157578
1550,400,-13.615,0,2,11,0,0,1,0.03,0.004,157978
1551,400,-13.816,0,0,6,0,0,1,0.03,0.004,158378
1552,400,-12.563,1,8,5,0,0,1,0.03,0.004,158778
1553,400,-13.416,0,2,8,0,0,1,0.03,0.004,159178
1554,400,-14.178,0,0,10,0,0,1,0.03,0.004,159578
1555,400,-13.772,0,0,6,0,0,1,0.03,0.004,159978
1556,400,-12.697,1,7,10,0,0,1,0.03,0.004,160378
1557,400,-15.345,0,2,6,0,0,1,0.03,0.004,160778
1558,400,-13.614,0,3,3,0,0,1,0.03,0.004,161178
1559,400,-13.904,1,5,11,0,0,1,0.03,0.004,161578
1560,400,-13.496,0,2,9,0,0,1,0.03,0.004,161978
1561,400,-11.377,2,12,4,0,0,1,0.03,0.004,162378
1562,400,-19.288,0,5,55,0,0,1,0.03,0.004,162778
1563,400,-15.974,0,6,17,0,0,1,0.03,0.004,163178
1564,400,-19.278,2,11,113,0,0,1,0.03,0.004,163578
1565,400,-14.171,1,5,6,0,0,1,0.03,0.004,163978
1566,400,-12.147,1,8,3,0,0,1,0.03,0.004,164378
1567,400,-13.894,0,0,6,0,0,1,0.03,0.004,164778
1568,400,-12.24,1,6,13,0,0,1,0.03,0.004,165178
1569,400,-13.935,0,0,6,0,0,1,0.03,0.004,165578
1570,400,-14.269,0,2,6,0,0,1,0.03,0.004,165978
1571,400,-12.3,0,4,4,0,0,1,0.03,0.004,166378
1572,400,-11.809,2,4,8,0,0,1,0.03,0.004,166778
1573,400,-13.139,1,9,3,0,0,1,0.03,0.004,167178
1574,400,-11.807,0,6,3,0,0,1,0.03,0.004,167578
1575,400,-13.651,0,5,8,0,0,1,0.03,0.004,167978
1576,400,-9.36,2,9,4,0,0,1,0.03,0.004,168378
1577,400,-24.661,0,6,130,0,0,1,0.03,0.004,168778
1578,400,-9.798,1,10,4,0,0,1,0.03,0.004,169178
1579,400,-13.739,0,3,5,0,0,1,0.03,0.004,169578
1580,400,-12.72,1,5,3,0,0,1,0.03,0.004,169978
1581,400,-13.573,0,0,3,0,0,1,0.03,0.004,170378
1582,400,-15.083,3,17,83,0,0,1,0.03,0.004,170778
1583,400,-13.971,0,0,9,0,0,1,0.03,0.004,171178
1584,400,-12.39,0,5,5,0,0,1,0.03,0.004,171578
1585,400,-14.236,0,3,9,0,0,1,0.03,0.004,171978
1586,400,-16.074,0,3,10,0,0,1,0.03,0.004,172378
1587,400,-13.775,0,0,4,0,0,1,0.03,0.004,172778
1588,400,-13.437,0,3,9,0,0,1,0.03,0.004,173178
1589,400,-16.584,0,3,9,0,0,1,0.03,0.004,173578
1590,400,-16.384,0,3,10,0,0,1,0.03,0.004,173978
1591,400,-13.94,1,3,4,0,0,1,0.03,0.004,174378
1592,400,-13.692,0,0,5,0,0,1,0.03,0.004,174778
1593,400,-9.604,4,19,40,0,0,1,0.03,0.004,175178
1594,400,-15.255,0,0,7,0,0,1,0.03,0.004,175578
1595,400,-15.621,0,3,5,0,0,1,0.03,0.004,175978
1596,400,-14.374,0,0,12,0,0,1,0.03,0.004,176378
1597,400,-13.863,0,4,7,0,0,1,0.03,0.004,176778
1598,400,-14.202,1,5,6,0,0,1,0.03,0.004,177178
1599,400,-14.401,0,8,5,0,0,1,0.03,0.004,177578
1600,400,-13.267,0,1,6,0,0,1,0.03,0.004,177978
1601,400,-13.734,0,0,4,0,0,1,0.03,0.004,178378
1602,5,-13.005,0,4,0,1,0,0,0.03,0.004,178383
1603,400,-13.638,0,3,8,0,0,1,0.03,0.004,178783
1604,400,-16.095,0,6,26,0,0,1,0.03,0.004,179183
1605,400,-14.519,0,2,10,0,0,1,0.03,0.004,179583
1606,400,-16.039,3,11,71,0,0,1,0.03,0.004,179983
1607,400,-14.199,0,2,5,0,0,1,0.03,0.004,180383
1608,400,-11.432,2,6,5,0,0,1,0.03,0.004,180783
1609,400,-13.854,0,0,5,0,0,1,0.03,0.004,181183
1610,11,-9.69,0,2,0,1,0,0,0.03,0.004,181194
1611,400,-38.561,0,2,323,0,0,1,0.03,0.004,181594
1612,400,-16.131,0,3,6,0,0,1,0.03,0.004,181994
1613,400,-13.186,2,7,4,0,0,1,0.03,0.004,182394
1614,400,-11.529,1,8,3,0,0,1,0.03,0.004,182794
1615,400,-15.257,0,3,5,0,0,1,0.03,0.004,183194
1616,400,-15.593,0,2,36,0,0,1,0.03,0.004,183594
1617,400,-14.232,0,3,5,0,0,1,0.03,0.004,183994
1618,400,-12.892,0,3,3,0,0,1,0.03,0.004,184394
1619,400,-11.159,2,8,5,0,0,1,0.03,0.004,184794
1620,166,-13.267,0,8,0,1,0,0,0.03,0.004,184960
1621,400,-13.227,1,5,8,0,0,1,0.03,0.004,185360
1622,400,-12.43,2,16,43,0,0,1,0.03,0.004,185760
1623,232,-15.48,0,8,1,1,0,0,0.03,0.004,185992
1624,400,-14.762,0,7,25,0,0,1,0.03,0.004,186392
1625,400,-14.84,0,3,15,0,0,1,0.03,0.004,186792
1626,400,-11.001,2,9,2,0,0,1,0.03,0.004,187192
1627,400,-13.455,0,2,9,0,0,1,0.03,0.004,187592
1628,400,-13.363,0,3,4,0,0,1,0.03,0.004,187992
1629,400,-13.854,0,0,6,0,0,1,0.03,0.004,188392
1630,358,-22.62,0,6,8,1,0,0,0.03,0.004,188750
1631,400,-13.242,1,8,4,0,0,1,0.03,0.004,189150
1632,400,-12.895,0,3,4,0,0,1,0.03,0.004,189550
1633,400,-14.878,0,5,3,0,0,1,0.03,0.004,189950
1634,400,-14.798,1,5,7,0,0,1,0.03,0.004,190350
1635,400,-12.931,0,6,8,0,0,1,0.03,0.004,190750
1636,400,-12.721,0,5,6,0,0,1,0.03,0.004,191150
1637,400,-13.113,0,1,5,0,0,1,0.03,0.004,191550
1638,400,-11.148,2,9,5,0,0,1,0.03,0.004,191950
1639,400,-11.717,1,7,5,0,0,1,0.03,0.004,192350
1640,400,-8.163,3,12,4,0,0,1,0.03,0.004,192750
1641,400,-14.801,0,4,19,0,0,1,0.03,0.004,193150
1642,400,-10.989,1,7,2,0,0,1,0.03,0.004,193550
1643,400,-13.193,0,1,6,0,0,1,0.03,0.004,193950
1644,400,-12.852,0,3,3,0,0,1,0.03,0.004,194350
1645,10,-9.505,0,3,0,1,0,0,0.03,0.004,194360
1646,400,-11.687,2,9,5,0,0,1,0.03,0.004,194760
1647,400,-9.939,1,8,4,0,0,1,0.03,0.004,195160
1648,400,-14.014,0,0,8,0,0,1,0.03,0.004,195560
1649,400,-15.51,0,3,6,0,0,1,0.03,0.004,195960
1650,400,-4.667,5,19,6,0,0,1,0.03,0.004,196360
1651,5,-13.105,0,2,0,1,0,0,0.03,0.004,196365
1652,400,-13.772,0,0,6,0,0,1,0.03,0.004,196765
1653,400,-14.214,0,0,10,0,0,1,0.03,0.004,197165
1654,400,-15.996,0,4,10,0,0,1,0.03,0.004,197565
1655,400,-11.87,3,18,40,0,0,1,0.03,0.004,197965
1656,200,-25.551,0,5,137,1,0,0,0.03,0.004,198165
1657,400,-10.896,3,15,40,0,0,1,0.03,0.004,198565
1658,400,-11.291,1,10,7,0,0,1,0.03,0.004,198965
1659,400,-14.092,0,0,10,0,0,1,0.03,0.004,199365
1660,400,-10.312,0,9,3,0,0,1,0.03,0.004,199765
1661,400,-14.847,0,2,6,0,0,1,0.03,0.004,200000
1662,400,-12.9,2,8,7,0,0,1,0.03,0.004,200000
1663,400,-14.856,0,8,9,0,0,1,0.03,0.004,200000
1664,400,-9.309,3,8,4,0,0,1,0.03,0.004,200000
1665,400,-10.639,1,10,10,0,0,1,0.03,0.004,200000
1666,400,-11.579,1,5,7,0,0,1,0.03,0.004,200000
1667,400,-14.166,1,10,39,0,0,1,0.03,0.004,200000
1668,211,-19.202,0,4,3,1,0,0,0.03,0.004,200000
1669,400,-11.056,1,10,6,0,0,1,0.03,0.004,200000
1670,400,-16.838,0,3,9,0,0,1,0.03,0.004,200000
1671,400,-11.399,1,5,2,0,0,1,0.03,0.004,200000
1672,400,-10.187,3,11,9,0,0,1,0.03,0.004,200000
1673,400,-17.422,2,10,70,0,0,1,0.03,0.004,200000
1674,400,-13.792,1,4,5,0,0,1,0.03,0.004,200000
1675,400,-17.217,0,8,70,0,0,1,0.03,0.004,200000
1676,400,-12.95,0,3,6,0,0,1,0.03,0.004,200000
1677,400,-13.935,0,0,6,0,0,1,0.03,0.004,200000
1678,400,-17.309,1,4,74,0,0,1,0.03,0.004,200000
1679,400,-29.127,1,6,228,0,0,1,0.03,0.004,200000
1680,400,-10.378,2,9,5,0,0,1,0.03,0.004,200000
1681,400,-13.573,0,0,3,0,0,1,0.03,0.004,200000
1682,400,-14.717,0,3,7,0,0,1,0.03,0.004,200000
1683,400,-25.34,0,3,159,0,0,1,0.03,0.004,200000
1684,400,-13.015,0,10,2,0,0,1,0.03,0.004,200000
1685,400,-13.838,0,2,4,0,0,1,0.03,0.004,200000
1686,400,-16.171,0,0,17,0,0,1,0.03,0.004,200000
1687,400,-11.621,0,10,3,0,0,1,0.03,0.004,200000
1688,400,-12.727,0,2,4,0,0,1,0.03,0.004,200000
1689,400,-13.612,0,0,4,0,0,1,0.03,0.004,200000
1690,400,-20.104,0,5,94,0,0,1,0.03,0.004,200000
1691,400,-13.217,0,2,5,0,0,1,0.03,0.004,200000
1692,400,-13.669,0,3,5,0,0,1,0.03,0.004,200000
1693,400,-9.701,1,14,4,0,0,1,0.03,0.004,200000
1694,400,-16.304,0,2,2,0,0,1,0.03,0.004,200000
1695,400,-13.894,0,0,6,0,0,1,0.03,0.004,200000
1696,400,-11.411,2,7,5,0,0,1,0.03,0.004,200000
1697,400,-12.563,0,4,6,0,0,1,0.03,0.004,200000
1698,400,-12.084,2,11,2,0,0,1,0.03,0.004,200000
1699,400,-13.355,0,1,7,0,0,1,0.03,0.004,200000
1700,400,-11.142,1,13,8,0,0,1,0.03,0.004,200000
1701,400,-12.792,1,5,2,0,0,1,0.03,0.004,200000
1702,189,-15.936,0,3,6,1,0,0,0.03,0.004,200000
1703,400,-13.431,0,2,9,0,0,1,0.03,0.004,200000
1704,400,-13.719,1,6,3,0,0,1,0.03,0.004,200000
1705,400,-12.37,0,5,3,0,0,1,0.03,0.004,200000
1706,400,-7.633,4,9,2,0,0,1,0.03,0.004,200000
1707,400,-13.135,0,2,5,0,0,1,0.03,0.004,200000
1708,400,-13.614,0,0,3,0,0,1,0.03,0.004,200000
1709,400,-12.825,1,9,5,0,0,1,0.03,0.004,200000
1710,400,-14.403,0,3,3,0,0,1,0.03,0.004,200000
1711,400,-10.251,3,10,7,0,0,1,0.03,0.004,200000
1712,400,-18.421,2,4,96,0,0,1,0.03,0.004,200000
1713,400,-14.441,0,5,6,0,0,1,0.03,0.004,200000
1714,400,-14.34,0,6,3,0,0,1,0.03,0.004,200000
1715,400,-12.971,0,3,5,0,0,1,0.03,0.004,200000
1716,400,-11.604,2,8,4,0,0,1,0.03,0.004,200000
1717,400,-14.327,0,5,5,0,0,1,0.03,0.004,200000
1718,400,-10.274,3,11,3,0,0,1,0.03,0.004,200000
1719,400,-9.217,3,14,4,0,0,1,0.03,0.004,200000
1720,400,-15.888,0,3,6,0,0,1,0.03,0.004,200000
1721,400,-14.446,0,4,5,0,0,1,0.03,0.004,200000
1722,400,-12.801,1,9,33,0,0,1,0.03,0.004,200000
1723,400,-11.724,1,13,8,0,0,1,0.03,0.004,200000
1724,400,-15.374,0,5,1,0,0,1,0.03,0.004,200000
1725,400,-12.528,0,4,5,0,0,1,0.03,0.004,200000
1726,400,-13.855,1,4,8,0,0,1,0.03,0.004,200000
1727,400,-10.015,1,15,11,0,0,1,0.03,0.004,200000
1728,308,-22.302,1,12,8,1,0,0,0.03,0.004,200000
1729,400,-14.367,0,2,6,0,0,1,0.03,0.004,200000
1730,400,-13.934,0,0,7,0,0,1,0.03,0.004,200000
1731,400,-11.274,2,7,6,0,0,1,0.03,0.004,200000
1732,400,-14.06,2,6,27,0,0,1,0.03,0.004,200000
1733,400,-17.912,0,2,65,0,0,1,0.03,0.004,200000
1734,400,-14.369,0,3,5,0,0,1,0.03,0.004,200000
1735,400,-12.714,2,9,2,0,0,1,0.03,0.004,200000
1736,400,-20.354,0,5,88,0,0,1,0.03,0.004,200000
1737,400,-3.727,5,15,2,0,0,1,0.03,0.004,200000
1738,400,-12.141,1,12,9,0,0,1,0.03,0.004,200000
1739,400,-14.141,0,5,3,0,0,1,0.03,0.004,200000
1740,400,-8.53,3,10,4,0,0,1,0.03,0.004,200000
1741,400,-11.653,1,10,6,0,0,1,0.03,0.004,200000
1742,116,-12.454,1,10,1,1,0,0,0.03,0.004,200000
1743,400,0.792,1,12,5,0,0,1,0.03,0.004,200000
1744,397,-27.48,0,3,6,1,0,0,0.03,0.004,200000
1745,400,-13.396,0,3,9,0,0,1,0.03,0.004,200000
1746,400,-14.259,2,11,67,0,0,1,0.03,0.004,200000
1747,400,-15.301,0,3,6,0,0,1,0.03,0.004,200000
1748,400,-20.853,1,9,129,0,0,1,0.03,0.004,200000
1749,400,-9.123,3,11,3,0,0,1,0.03,0.004,200000
1750,400,-12.163,1,6,6,0,0,1,0.03,0.004,200000
1751,400,-5.219,4,19,6,0,0,1,0.03,0.004,200000
1752,400,-25.472,0,8,165,0,0,1,0.03,0.004,200000
1753,218,-25.298,0,10,129,1,0,0,0.03,0.004,200000
1754,400,-19.772,0,14,87,0,0,1,0.03,0.004,200000
1755,400,-13.97,0,5,4,0,0,1,0.03,0.004,200000
1756,400,-31.302,1,4,254,0,0,1,0.03,0.004,200000
1757,400,-16.881,0,2,7,0,0,1,0.03,0.004,200000
1758,400,-2.954,3,22,4,0,0,1,0.03,0.004,200000
1759,400,-13.035,0,8,4,0,0,1,0.03,0.004,200000
1760,400,-11.909,1,8,3,0,0,1,0.03,0.004,200000
1761,400,-44.767,0,0,393,0,0,1,0.03,0.004,200000
1762,400,-10.23,0,4,6,0,0,1,0.03,0.004,200000
1763,188,-11.977,4,18,5,1,0,0,0.03,0.004,200000
1764,400,-10.88,0,5,3,0,0,1,0.03,0.004,200000
1765,400,-17.484,1,12,85,0,0,1,0.03,0.004,200000
1766,400,-13.596,0,4,5,0,0,1,0.03,0.004,200000
1767,400,-4.731,5,15,7,0,0,1,0.03,0.004,200000
1768,400,-9.672,1,8,5,0,0,1,0.03,0.004,200000
1769,400,-9.736,2,10,9,0,0,1,0.03,0.004,200000
1770,400,-12.16,6,20,146,0,0,1,0.03,0.004,200000
1771,400,-1.965,5,19,3,0,0,1,0.03,0.004,200000
1772,400,-13.046,3,11,38,0,0,1,0.03,0.004,200000
1773,400,-13.825,0,2,5,0,0,1,0.03,0.004,200000
1774,400,-9.844,3,7,8,0,0,1,0.03,0.004,200000
1775,400,-8.888,2,14,6,0,0,1,0.03,0.004,200000
1776,400,-13.419,1,5,2,0,0,1,0.03,0.004,200000
1777,400,-14.109,0,3,4,0,0,1,0.03,0.004,200000
1778,400,-8.859,2,12,4,0,0,1,0.03,0.004,200000
1779,400,-13.04,1,5,3,0,0,1,0.03,0.004,200000
1780,400,-13.236,0,3,7,0,0,1,0.03,0.004,200000
1781,400,-16.414,1,9,75,0,0,1,0.03,0.004,200000
1782,400,-30.29,1,6,245,0,0,1,0.03,0.004,200000
1783,86,-8.174,1,7,5,1,0,0,0.03,0.004,200000
1784,400,-9.754,2,13,5,0,0,1,0.03,0.004,200000
1785,400,-1.45,3,22,6,0,0,1,0.03,0.004,200000
1786,400,-10.163,5,18,73,0,0,1,0.03,0.004,200000
1787,400,-8.375,1,13,4,0,0,1,0.03,0.004,200000
1788,400,-13.724,0,6,3,0,0,1,0.03,0.004,200000
1789,400,-11.6,0,2,4,0,0,1,0.03,0.004,200000
1790,400,-9.222,3,16,4,0,0,1,0.03,0.004,200000
1791,400,-7.192,0,17,11,0,0,1,0.03,0.004,200000
1792,400,-11.205,1,7,3,0,0,1,0.03,0.004,200000
1793,400,-1.029,7,18,5,0,0,1,0.03,0.004,200000
1794,400,-13.614,0,0,3,0,0,1,0.03,0.004,200000
1795,400,-4.671,3,11,4,0,0,1,0.03,0.004,200000
1796,400,-13.446,5,21,122,0,0,1,0.03,0.004,200000
1797,400,-12.912,0,6,3,0,0,1,0.03,0.004,200000
1798,400,-8.685,2,10,5,0,0,1,0.03,0.004,200000
1799,167,-17.016,0,6,36,1,0,0,0.03,0.004,200000
1800,400,-3.883,4,22,8,0,0,1,0.03,0.004,200000
1801,400,-8.469,5,24,104,0,0,1,0.03,0.004,200000
1802,400,-11.294,2,12,4,0,0,1,0.03,0.004,200000
1803,400,-7.923,0,6,1,0,0,1,0.03,0.004,200000
1804,400,-6.696,2,9,7,0,0,1,0.03,0.004,200000
1805,400,-9.729,2,13,4,0,0,1,0.03,0.004,200000
1806,400,-9.646,1,6,8,0,0,1,0.03,0.004,200000
1807,50,-9.836,0,5,0,1,0,0,0.03,0.004,200000
1808,400,-9.552,2,9,5,0,0,1,0.03,0.004,200000
1809,400,-10.113,2,8,4,0,0,1,0.03,0.004,200000
1810,400,-8.168,3,6,2,0,0,1,0.03,0.004,200000
1811,373,-22.683,0,4,5,1,0,0,0.03,0.004,200000
1812,400,4.592,6,19,5,0,0,1,0.03,0.004,200000
1813,400,-5.672,1,10,5,0,0,1,0.03,0.004,200000
1814,400,-10.811,1,3,8,0,0,1,0.03,0.004,200000
1815,400,-8.926,1,7,4,0,0,1,0.03,0.004,200000
1816,360,-15.33,3,17,4,1,0,0,0.03,0.004,200000
1817,400,-4.615,2,14,2,0,0,1,0.03,0.004,200000
1818,400,-11.604,0,2,2,0,0,1,0.03,0.004,200000
1819,400,-43.293,0,0,374,0,0,1,0.03,0.004,200000
1820,400,13.874,14,48,3,0,0,1,0.03,0.004,200000
1821,400,-2.108,6,14,7,0,0,1,0.03,0.004,200000
1822,400,-0.33,5,26,4,0,0,1,0.03,0.004,200000
1823,400,7.147,11,25,5,0,0,1,0.03,0.004,200000
1824,400,2.503,7,22,1,0,0,1,0.03,0.004,200000
1825,400,-13.421,0,6,2,0,0,1,0.03,0.004,200000
1826,400,-13.813,0,0,6,0,0,1,0.03,0.004,200000
1827,400,-2.717,5,21,5,0,0,1,0.03,0.004,200000
1828,400,-11.503,1,11,45,0,0,1,0.03,0.004,200000
1829,400,-2.801,4,15,3,0,0,1,0.03,0.004,200000
1830,211,-8.438,1,9,3,1,0,0,0.03,0.004,200000
1831,400,-0.096,7,15,1,0,0,1,0.03,0.004,200000
1832,29,-7.694,0,9,1,1,0,0,0.03,0.004,200000
1833,400,-12.966,0,4,4,0,0,1,0.03,0.004,200000
1834,400,-6.565,6,18,41,0,0,1,0.03,0.004,200000
1835,400,2.366,6,44,33,0,0,1,0.03,0.004,200000
1836,400,-8.16,3,28,67,0,0,1,0.03,0.004,200000
1837,400,-6.869,2,11,31,0,0,1,0.03,0.004,200000
1838,400,-8.968,0,9,52,0,0,1,0.03,0.004,200000
1839,400,-8.63,0,14,3,0,0,1,0.03,0.004,200000
1840,400,-13.076,0,3,5,0,0,1,0.03,0.004,200000
1841,400,2.284,7,19,6,0,0,1,0.03,0.004,200000
1842,400,-13.718,6,20,162,0,0,1,0.03,0.004,200000
1843,400,-14.764,5,21,182,0,0,1,0.03,0.004,200000
1844,400,-13.654,0,0,3,0,0,1,0.03,0.004,200000
1845,21,-7.862,0,8,0,1,0,0,0.03,0.004,200000
1846,400,-5.095,1,7,9,0,0,1,0.03,0.004,200000
1847,400,-10.085,0,6,7,0,0,1,0.03,0.004,200000
1848,400,-0.686,8,26,52,0,0,1,0.03,0.004,200000
1849,361,-14.682,4,11,32,1,0,0,0.03,0.004,200000
1850,400,-0.739,5,17,16,0,0,1,0.03,0.004,200000
1851,400,-13.855,0,0,5,0,0,1,0.03,0.004,200000
1852,400,-8.187,1,4,5,0,0,1,0.03,0.004,200000
1853,400,-10.876,0,5,4,0,0,1,0.03,0.004,200000
1854,400,-12.417,8,40,217,0,0,1,0.03,0.004,200000
1855,328,-22.372,6,36,186,1,0,0,0.03,0.004,200000
1856,400,1.085,8,36,78,0,0,1,0.03,0.004,200000
1857,400,-9.73,1,6,3,0,0,1,0.03,0.004,200000
1858,400,-2.616,1,12,2,0,0,1,0.03,0.004,200000
1859,400,-19.492,4,17,218,0,0,1,0.03,0.004,200000
1860,400,-8.244,4,14,7,0,0,1,0.03,0.004,200000
1861,400,-4.933,3,26,47,0,0,1,0.03,0.004,200000
1862,400,-2.702,1,7,5,0,0,1,0.03,0.004,200000
1863,400,-1.36,4,27,3,0,0,1,0.03,0.004,200000
1864,400,-6.337,2,7,5,0,0,1,0.03,0.004,200000
1865,400,-3.446,6,16,5,0,0,1,0.03,0.004,200000
1866,400,0.287,11,31,85,0,0,1,0.03,0.004,200000
1867,21,-10.205,0,9,1,1,0,0,0.03,0.004,200000
1868,400,-12.133,0,10,75,0,0,1,0.03,0.004,200000
1869,400,-25.138,1,9,176,0,0,1,0.03,0.004,200000
1870,400,-13.602,1,9,17,0,0,1,0.03,0.004,200000
1871,400,-32.704,0,3,238,0,0,1,0.03,0.004,200000
1872,400,-10.248,0,3,47,0,0,1,0.03,0.004,200000
1873,400,-1.637,7,22,4,0,0,1,0.03,0.004,200000
1874,400,-10.839,2,8,5,0,0,1,0.03,0.004,200000
1875,400,7.884,10,22,5,0,0,1,0.03,0.004,200000
1876,400,-1.444,4,20,3,0,0,1,0.03,0.004,200000
1877,77,0.321,5,23,1,1,0,0,0.03,0.004,200000
1878,106,-4.304,3,16,0,1,0,0,0.03,0.004,200000
1879,400,-10.786,2,13,3,0,0,1,0.03,0.004,200000
1880,400,3.952,11,35,121,0,0,1,0.03,0.004,200000
1881,400,-9.639,1,8,3,0,0,1,0.03,0.004,200000
1882,400,-8.61,2,13,6,0,0,1,0.03,0.004,200000
1883,400,-9.359,1,7,7,0,0,1,0.03,0.004,200000
1884,400,-11.144,11,28,209,0,0,1,0.03,0.004,200000
1885,400,-3.236,3,13,4,0,0,1,0.03,0.004,200000
1886,400,0.792,2,15,3,0,0,1,0.03,0.004,200000
1887,119,-11.39,2,13,4,1,0,0,0.03,0.004,200000
1888,400,-8.35,3,9,2,0,0,1,0.03,0.004,200000
1889,400,-1.768,2,10,6,0,0,1,0.03,0.004,200000
1890,263,-12.583,2,12,2,1,0,0,0.03,0.004,200000
1891,400,24.708,17,67,3,0,0,1,0.03,0.004,200000
1892,400,15.167,1,6,9,0,0,1,0.03,0.004,200000
1893,176,-0.629,3,13,0,1,0,0,0.03,0.004,200000
1894,191,-29.832,0,4,183,1,0,0,0.03,0.004,200000
1895,400,16.044,11,57,19,0,0,1,0.03,0.004,200000
1896,36,-3.864,2,17,0,1,0,0,0.03,0.004,200000
1897,400,-16.204,2,12,112,0,0,1,0.03,0.004,200000
1898,400,-14.333,3,18,157,0,0,1,0.03,0.004,200000
1899,400,-5.779,0,0,4,0,0,1,0.03,0.004,200000
1900,400,-28.22,0,4,221,0,0,1,0.03,0.004,200000
1901,400,1.875,7,25,1,0,0,1,0.03,0.004,200000
1902,119,5.231,8,31,1,1,0,0,0.03,0.004,200000
1903,400,-12.225,9,30,211,0,0,1,0.03,0.004,200000
1904,400,-2.93,1,8,9,0,0,1,0.03,0.004,200000
1905,400,0.804,4,34,6,0,0,1,0.03,0.004,200000
1906,400,-11.336,2,8,4,0,0,1,0.03,0.004,200000
1907,400,-25.249,5,17,294,0,0,1,0.03,0.004,200000
1908,400,-14.186,0,5,4,0,0,1,0.03,0.004,200000
1909,400,-8.976,1,6,7,0,0,1,0.03,0.004,200000
1910,149,-10.711,0,9,2,1,0,0,0.03,0.004,200000
1911,400,7.304,6,27,1,0,0,1,0.03,0.004,200000
1912,400,5.781,8,34,3,0,0,1,0.03,0.004,200000
1913,400,-8.095,1,9,3,0,0,1,0.03,0.004,200000
1914,400,3.491,3,15,6,0,0,1,0.03,0.004,200000
1915,400,-1.118,2,16,8,0,0,1,0.03,0.004,200000
1916,400,2.894,5,18,2,0,0,1,0.03,0.004,200000
1917,24,-9.789,1,8,1,1,0,0,0.03,0.004,200000
1918,400,-6.141,2,7,2,0,0,1,0.03,0.004,200000
1919,400,5.178,7,32,7,0,0,1,0.03,0.004,200000
1920,400,-3.58,1,12,5,0,0,1,0.03,0.004,200000
1921,400,-7.231,0,5,7,0,0,1,0.03,0.004,200000
1922,400,-9.623,1,8,6,0,0,1,0.03,0.004,200000
1923,400,-2.765,2,14,3,0,0,1,0.03,0.004,200000
1924,15,-11.121,0,4,0,1,0,0,0.03,0.004,200000
1925,400,-3.432,0,8,3,0,0,1,0.03,0.004,200000
1926,400,1.925,5,9,2,0,0,1,0.03,0.004,200000
1927,400,-2.553,6,16,5,0,0,1,0.03,0.004,200000
1928,57,-12.112,0,7,2,1,0,0,0.03,0.004,200000
1929,400,9.638,9,37,4,0,0,1,0.03,0.004,200000
1930,400,1.081,5,26,2,0,0,1,0.03,0.004,200000
1931,400,-1.489,2,18,5,0,0,1,0.03,0.004,200000
1932,400,10.493,11,41,3,0,0,1,0.03,0.004,200000
1933,400,1.956,9,35,112,0,0,1,0.03,0.004,200000
1934,400,-11.277,1,11,6,0,0,1,0.03,0.004,200000
1935,400,-0.625,3,32,6,0,0,1,0.03,0.004,200000
1936,400,-11.949,0,6,7,0,0,1,0.03,0.004,200000
1937,400,-6.269,1,16,3,0,0,1,0.03,0.004,200000
1938,400,1.47,5,22,2,0,0,1,0.03,0.004,200000
1939,400,-3.99,2,13,3,0,0,1,0.03,0.004,200000
1940,400,4.034,6,33,27,0,0,1,0.03,0.004,200000
1941,400,-6.73,1,18,91,0,0,1,0.03,0.004,200000
1942,400,-1.444,1,19,3,0,0,1,0.03,0.004,200000
1943,400,-5.626,1,9,1,0,0,1,0.03,0.004,200000
1944,400,2.243,3,15,7,0,0,1,0.03,0.004,200000
1945,400,-0.173,1,10,4,0,0,1,0.03,0.004,200000
1946,400,-5.645,2,13,5,0,0,1,0.03,0.004,200000
1947,400,-5.163,0,2,3,0,0,1,0.03,0.004,200000
1948,128,-10.582,0,5,3,1,0,0,0.03,0.004,200000
1949,400,-4.318,3,10,3,0,0,1,0.03,0.004,200000
1950,20,-7.635,0,9,0,1,0,0,0.03,0.004,200000
1951,400,11.411,9,26,2,0,0,1,0.03,0.004,200000
1952,400,-6.644,2,9,7,0,0,1,0.03,0.004,200000
1953,400,4.651,3,21,4,0,0,1,0.03,0.004,200000
1954,328,-5.189,2,14,4,1,0,0,0.03,0.004,200000
1955,400,8.205,10,20,5,0,0,1,0.03,0.004,200000
1956,400,14.479,11,38,2,0,0,1,0.03,0.004,200000
1957,347,-10.701,3,18,8,1,0,0,0.03,0.004,200000
1958,39,-8.416,1,11,0,1,0,0,0.03,0.004,200000
1959,135,-12.516,1,8,4,1,0,0,0.03,0.004,200000
1960,35,-6.839,1,8,0,1,0,0,0.03,0.004,200000
1961,231,-6.552,2,13,5,1,0,0,0.03,0.004,200000
1962,400,2.887,3,15,6,0,0,1,0.03,0.004,200000
1963,98,-3.972,3,10,0,1,0,0,0.03,0.004,200000
1964,400,-3.907,4,13,1,0,0,1,0.03,0.004,200000
1965,400,-11.633,8,19,167,0,0,1,0.03,0.004,200000
1966,5,-14.421,0,2,3,1,0,0,0.03,0.004,200000
1967,400,4.052,6,19,1,0,0,1,0.03,0.004,200000
1968,43,-5.54,1,13,0,1,0,0,0.03,0.004,200000
1969,14,-8.842,0,3,0,1,0,0,0.03,0.004,200000
1970,34,-7.506,1,6,1,1,0,0,0.03,0.004,200000
1971,249,-12.908,3,16,1,1,0,0,0.03,0.004,200000
1972,400,1.58,2,10,2,0,0,1,0.03,0.004,200000
1973,400,-4.028,1,13,12,0,0,1,0.03,0.004,200000
1974,400,0.473,5,18,4,0,0,1,0.03,0.004,200000
1975,400,-0.863,2,20,19,0,0,1,0.03,0.004,200000
1976,18,-8.51,3,9,2,1,0,0,0.03,0.004,200000
1977,216,-8.547,0,5,6,1,0,0,0.03,0.004,200000
1978,400,0.021,4,14,3,0,0,1,0.03,0.004,200000
1979,206,-9.384,2,11,4,1,0,0,0.03,0.004,200000
1980,400,1.912,2,12,3,0,0,1,0.03,0.004,200000
1981,400,-10.6,0,5,6,0,0,1,0.03,0.004,200000
1982,400,2.111,3,6,3,0,0,1,0.03,0.004,200000
1983,400,1.818,4,14,21,0,0,1,0.03,0.004,200000
1984,400,0.754,3,10,5,0,0,1,0.03,0.004,200000
1985,271,-9.407,1,10,0,1,0,0,0.03,0.004,200000
1986,400,-19.588,2,13,189,0,0,1,0.03,0.004,200000
1987,400,-2.587,1,12,3,0,0,1,0.03,0.004,200000
1988,400,11.844,8,28,6,0,0,1,0.03,0.004,200000
1989,400,6.492,6,19,2,0,0,1,0.03,0.004,200000
1990,400,-3.198,4,12,2,0,0,1,0.03,0.004,200000
1991,400,5.959,10,16,1,0,0,1,0.03,0.004,200000
1992,400,-0.535,5,16,9,0,0,1,0.03,0.004,200000
1993,48,-1.182,5,12,0,1,0,0,0.03,0.004,200000
1994,388,-41.908,1,10,280,1,0,0,0.03,0.004,200000
1995,400,2.571,4,12,6,0,0,1,0.03,0.004,200000
1996,400,1.643,3,14,2,0,0,1,0.03,0.004,200000
1997,8,-8.408,0,6,0,1,0,0,0.03,0.004,200000
1998,400,-4.981,1,12,4,0,0,1,0.03,0.004,200000
1999,400,-4.777,5,10,90,0,0,1,0.03,0.004,200000
2000,400,26.286,19,43,5,0,0,1,0.03,0.004,200000
2001,400,1.104,8,16,4,0,0,1,0.03,0.004,200000
2002,400,12.677,11,33,5,0,0,1,0.03,0.004,200000
2003,400,3.273,7,20,0,0,0,1,0.03,0.004,200000
2004,400,4.231,5,16,5,0,0,1,0.03,0.004,200000
2005,400,4.941,5,22,2,0,0,1,0.03,0.004,200000
2006,400,16.237,14,35,3,0,0,1,0.03,0.004,200000
2007,400,0.49,4,11,1,0,0,1,0.03,0.004,200000
2008,56,-4.218,5,17,1,1,0,0,0.03,0.004,200000
2009,400,-5.219,0,2,4,0,0,1,0.03,0.004,200000
2010,400,12.839,12,28,4,0,0,1,0.03,0.004,200000
2011,400,-0.334,4,19,6,0,0,1,0.03,0.004,200000
2012,400,5.36,6,16,4,0,0,1,0.03,0.004,200000
2013,311,-21.589,0,3,6,1,0,0,0.03,0.004,200000
2014,400,8.223,9,22,6,0,0,1,0.03,0.004,200000
2015,400,2.861,7,13,7,0,0,1,0.03,0.004,200000
2016,400,6.585,11,28,8,0,0,1,0.03,0.004,200000
2017,400,-0.27,6,20,7,0,0,1,0.03,0.004,200000
2018,400,-9.73,3,6,94,0,0,1,0.03,0.004,200000
2019,400,-0.884,5,19,43,0,0,1,0.03,0.004,200000
2020,400,-0.278,7,16,1,0,0,1,0.03,0.004,200000
2021,400,4.119,5,17,7,0,0,1,0.03,0.004,200000
2022,400,-1.746,1,9,6,0,0,1,0.03,0.004,200000
2023,400,2.055,3,16,2,0,0,1,0.03,0.004,200000
2024,400,-9.141,1,4,4,0,0,1,0.03,0.004,200000
2025,400,11.483,11,24,3,0,0,1,0.03,0.004,200000
2026,400,5.345,6,12,3,0,0,1,0.03,0.004,200000
2027,400,-0.322,4,11,3,0,0,1,0.03,0.004,200000
2028,400,-1.282,2,6,4,0,0,1,0.03,0.004,200000
2029,400,-1.186,5,18,2,0,0,1,0.03,0.004,200000
2030,400,1.588,5,18,5,0,0,1,0.03,0.004,200000
2031,400,-5.395,0,3,6,0,0,1,0.03,0.004,200000
2032,400,9.377,8,24,7,0,0,1,0.03,0.004,200000
2033,400,7.26,7,18,4,0,0,1,0.03,0.004,200000
2034,400,13.63,11,22,3,0,0,1,0.03,0.004,200000
2035,353,7.818,14,28,5,1,0,0,0.03,0.004,200000
2036,400,28.47,21,46,5,0,0,1,0.03,0.004,200000
2037,43,-6.435,1,10,0,1,0,0,0.03,0.004,200000
2038,400,-1.063,7,17,2,0,0,1,0.03,0.004,200000
2039,400,-16.084,2,9,170,0,0,1,0.03,0.004,200000
2040,400,-19.982,7,18,288,0,0,1,0.03,0.004,200000
2041,400,-14.016,3,12,149,0,0,1,0.03,0.004,200000
2042,400,1.696,3,7,5,0,0,1,0.03,0.004,200000
2043,400,8.016,8,20,4,0,0,1,0.03,0.004,200000
2044,13,-8.42,0,6,0,1,0,0,0.03,0.004,200000
2045,400,-1.914,1,7,5,0,0,1,0.03,0.004,200000
2046,400,5.453,6,15,6,0,0,1,0.03,0.004,200000
2047,400,-7.155,3,5,4,0,0,1,0.03,0.004,200000
2048,14,-8.659,0,5,1,1,0,0,0.03,0.004,200000
2049,400,13.026,10,34,1,0,0,1,0.03,0.004,200000
2050,400,3.805,5,11,3,0,0,1,0.03,0.004,200000
2051,400,14.383,10,31,3,0,0,1,0.03,0.004,200000
2052,400,1.734,6,21,4,0,0,1,0.03,0.004,200000
2053,400,8.169,7,17,4,0,0,1,0.03,0.004,200000
2054,400,-5.194,4,11,4,0,0,1,0.03,0.004,200000
2055,400,-10.787,7,18,192,0,0,1,0.03,0.004,200000
2056,400,-0.976,2,15,8,0,0,1,0.03,0.004,200000
2057,400,3.703,6,18,3,0,0,1,0.03,0.004,200000
2058,8,-12.221,0,2,2,1,0,0,0.03,0.004,200000
2059,39,-6.586,3,15,3,1,0,0,0.03,0.004,200000
2060,400,-25.064,4,13,259,0,0,1,0.03,0.004,200000
2061,400,-13.814,0,0,5,0,0,1,0.03,0.004,200000
2062,400,8.815,8,21,4,0,0,1,0.03,0.004,200000
2063,400,0.549,4,9,6,0,0,1,0.03,0.004,200000
2064,23,-9.913,1,10,2,1,0,0,0.03,0.004,200000
2065,400,4.605,7,25,5,0,0,1,0.03,0.004,200000
2066,400,5.744,8,22,5,0,0,1,0.03,0.004,200000
2067,400,6.23,6,17,4,0,0,1,0.03,0.004,200000
2068,400,-0.589,3,9,2,0,0,1,0.03,0.004,200000
2069,400,17.102,15,38,3,0,0,1,0.03,0.004,200000
2070,400,-5.879,0,1,5,0,0,1,0.03,0.004,200000
2071,400,10.542,12,30,2,0,0,1,0.03,0.004,200000
2072,400,14.557,13,28,4,0,0,1,0.03,0.004,200000
2073,176,-5.189,3,16,3,1,0,0,0.03,0.004,200000
2074,400,19.354,13,41,5,0,0,1,0.03,0.004,200000
2075,400,10.014,8,24,4,0,0,1,0.03,0.004,200000
2076,400,0.711,2,13,3,0,0,1,0.03,0.004,200000
2077,400,0.708,6,18,6,0,0,1,0.03,0.004,200000
2078,400,8.948,8,21,3,0,0,1,0.03,0.004,200000
2079,400,19.227,15,37,2,0,0,1,0.03,0.004,200000
2080,400,-29.462,3,11,309,0,0,1,0.03,0.004,200000
2081,253,3.92,11,34,27,1,0,0,0.03,0.004,200000
2082,400,-11.416,3,21,108,0,0,1,0.03,0.004,200000
2083,400,16.215,11,36,4,0,0,1,0.03,0.004,200000
2084,400,21.352,14,48,4,0,0,1,0.03,0.004,200000
2085,359,7.251,11,24,2,1,0,0,0.03,0.004,200000
2086,400,3.374,4,21,20,0,0,1,0.03,0.004,200000
2087,400,17.832,14,37,3,0,0,1,0.03,0.004,200000
2088,400,-22.376,2,9,219,0,0,1,0.03,0.004,200000
2089,400,5.061,11,24,62,0,0,1,0.03,0.004,200000
2090,400,14.345,10,29,4,0,0,1,0.03,0.004,200000
2091,305,11.663,15,39,2,1,0,0,0.03,0.004,200000
2092,400,6.956,7,17,7,0,0,1,0.03,0.004,200000
2093,400,14.685,12,46,4,0,0,1,0.03,0.004,200000
2094,400,4.787,5,15,6,0,0,1,0.03,0.004,200000
2095,400,-1.56,4,10,4,0,0,1,0.03,0.004,200000
2096,400,25.798,18,37,2,0,0,1,0.03,0.004,200000
2097,400,11.813,11,25,2,0,0,1,0.03,0.004,200000
2098,400,21.323,13,52,2,0,0,1,0.03,0.004,200000
2099,400,0.989,4,19,9,0,0,1,0.03,0.004,200000
2100,400,3.243,5,10,4,0,0,1,0.03,0.004,200000
2101,400,14.902,12,36,4,0,0,1,0.03,0.004,200000
2102,400,-1.689,1,7,1,0,0,1,0.03,0.004,200000
2103,400,-2.411,0,10,2,0,0,1,0.03,0.004,200000
2104,400,9.157,7,26,4,0,0,1,0.03,0.004,200000
2105,400,1.901,4,22,4,0,0,1,0.03,0.004,200000
2106,400,5.277,4,20,8,0,0,1,0.03,0.004,200000
2107,400,17.265,14,29,2,0,0,1,0.03,0.004,200000
2108,89,-3.181,4,21,1,1,0,0,0.03,0.004,200000
2109,38,-7.246,2,12,1,1,0,0,0.03,0.004,200000
2110,400,1.396,3,10,1,0,0,1,0.03,0.004,200000
2111,400,7.616,5,21,5,0,0,1,0.03,0.004,200000
2112,311,-9.162,2,13,6,1,0,0,0.03,0.004,200000
2113,400,2.566,5,21,21,0,0,1,0.03,0.004,200000
2114,400,21.693,15,44,5,0,0,1,0.03,0.004,200000
2115,400,7.031,6,31,3,0,0,1,0.03,0.004,200000
2116,400,18.643,14,32,7,0,0,1,0.03,0.004,200000
2117,400,6.713,8,28,2,0,0,1,0.03,0.004,200000
2118,400,3.742,4,23,4,0,0,1,0.03,0.004,200000
2119,400,-2.104,8,32,142,0,0,1,0.03,0.004,200000
2120,400,16.335,15,35,5,0,0,1,0.03,0.004,200000
2121,400,9.021,11,30,3,0,0,1,0.03,0.004,200000
2122,400,23.77,18,36,5,0,0,1,0.03,0.004,200000
2123,400,33.817,24,57,8,0,0,1,0.03,0.004,200000
2124,400,36.116,23,55,4,0,0,1,0.03,0.004,200000
2125,400,19.63,14,28,3,0,0,1,0.03,0.004,200000
2126,400,22.25,17,47,3,0,0,1,0.03,0.004,200000
2127,400,3.589,8,16,42,0,0,1,0.03,0.004,200000
2128,107,9.831,10,37,1,1,0,0,0.03,0.004,200000
2129,273,-9.517,4,14,6,1,0,0,0.03,0.004,200000
2130,400,1.447,5,17,44,0,0,1,0.03,0.004,200000
2131,400,17.59,14,43,6,0,0,1,0.03,0.004,200000
2132,400,-12.595,9,33,264,0,0,1,0.03,0.004,200000
2133,400,30.6,25,60,53,0,0,1,0.03,0.004,200000
2134,195,13.923,11,67,3,1,0,0,0.03,0.004,200000
2135,399,11.639,18,42,3,1,0,0,0.03,0.004,200000
2136,163,-4.334,5,21,2,1,0,0,0.03,0.004,200000
2137,400,22.868,14,36,5,0,0,1,0.03,0.004,200000
2138,400,42.068,27,68,7,0,0,1,0.03,0.004,200000
2139,65,-2.828,6,16,2,1,0,0,0.03,0.004,200000
2140,400,14.169,11,31,5,0,0,1,0.03,0.004,200000
2141,400,-2.094,2,5,3,0,0,1,0.03,0.004,200000
2142,400,7.791,7,19,1,0,0,1,0.03,0.004,200000
2143,400,8.8,7,24,4,0,0,1,0.03,0.004,200000
2144,400,22.393,16,39,1,0,0,1,0.03,0.004,200000
2145,400,7.901,10,28,6,0,0,1,0.03,0.004,200000
2146,400,22.448,15,38,3,0,0,1,0.03,0.004,200000
2147,400,12.681,8,33,4,0,0,1,0.03,0.004,200000
2148,400,18.436,13,33,3,0,0,1,0.03,0.004,200000
2149,400,19.158,14,34,3,0,0,1,0.03,0.004,200000
2150,369,7.773,15,37,4,1,0,0,0.03,0.004,200000
2151,8,-11.62,0,2,1,1,0,0,0.03,0.004,200000
2152,400,26.7,19,44,4,0,0,1,0.03,0.004,200000
2153,400,33.487,21,52,2,0,0,1,0.03,0.004,200000
2154,354,-2.14,8,25,3,1,0,0,0.03,0.004,200000
2155,400,58.712,37,84,6,0,0,1,0.03,0.004,200000
2156,400,-1.738,1,8,3,0,0,1,0.03,0.004,200000
2157,400,24.776,18,39,6,0,0,1,0.03,0.004,200000
2158,400,26.157,18,43,3,0,0,1,0.03,0.004,200000
2159,400,29.786,20,47,1,0,0,1,0.03,0.004,200000
2160,400,48.308,34,67,4,0,0,1,0.03,0.004,200000
2161,320,18.968,17,56,4,1,0,0,0.03,0.004,200000
2162,307,21.256,20,47,4,1,0,0,0.03,0.004,200000
2163,309,-9.689,3,15,3,1,0,0,0.03,0.004,200000
2164,400,33.245,21,56,1,0,0,1,0.03,0.004,200000
2165,101,-17.348,0,4,5,1,0,0,0.03,0.004,200000
2166,5,-14.225,0,3,3,1,0,0,0.03,0.004,200000
2167,272,-4.394,6,22,5,1,0,0,0.03,0.004,200000
2168,53,-0.272,6,16,1,1,0,0,0.03,0.004,200000
2169,400,4.868,3,8,6,0,0,1,0.03,0.004,200000
2170,400,27.512,17,50,5,0,0,1,0.03,0.004,200000
2171,400,21.934,15,49,3,0,0,1,0.03,0.004,200000
2172,400,8.126,9,18,40,0,0,1,0.03,0.004,200000
2173,400,-2.218,1,9,2,0,0,1,0.03,0.004,200000
2174,156,10.475,12,40,3,1,0,0,0.03,0.004,200000
2175,400,4.725,6,13,4,0,0,1,0.03,0.004,200000
2176,400,8.489,9,23,4,0,0,1,0.03,0.004,200000
2177,49,-6.574,3,16,3,1,0,0,0.03,0.004,200000
2178,400,6.321,5,17,0,0,0,1,0.03,0.004,200000
2179,191,-9.12,1,9,1,1,0,0,0.03,0.004,200000
2180,400,27.666,21,54,36,0,0,1,0.03,0.004,200000
2181,400,1.595,1,7,8,0,0,1,0.03,0.004,200000
2182,7,-9.186,0,2,0,1,0,0,0.03,0.004,200000
2183,400,50.632,34,81,7,0,0,1,0.03,0.004,200000
2184,5,-14.125,0,3,4,1,0,0,0.03,0.004,200000
2185,400,3.053,5,15,3,0,0,1,0.03,0.004,200000
2186,400,27.878,22,47,34,0,0,1,0.03,0.004,200000
2187,400,5.574,7,15,5,0,0,1,0.03,0.004,200000
2188,225,9.921,17,34,10,1,0,0,0.03,0.004,200000
2189,400,24.56,19,54,8,0,0,1,0.03,0.004,200000
2190,95,-0.401,7,18,2,1,0,0,0.03,0.004,200000
2191,400,43.495,30,73,7,0,0,1,0.03,0.004,200000
2192,400,33.385,23,45,3,0,0,1,0.03,0.004,200000
2193,17,-14.511,0,2,3,1,0,0,0.03,0.004,200000
2194,32,-5.066,3,10,0,1,0,0,0.03,0.004,200000
2195,400,20.515,15,41,7,0,0,1,0.03,0.004,200000
2196,135,8.909,10,33,0,1,0,0,0.03,0.004,200000
2197,31,-6.493,3,9,1,1,0,0,0.03,0.004,200000
2198,400,18.279,11,35,2,0,0,1,0.03,0.004,200000
2199,131,8.655,10,36,1,1,0,0,0.03,0.004,200000
2200,400,2.783,7,14,4,0,0,1,0.03,0.004,200000
2201,22,-6.721,1,8,0,1,0,0,0.03,0.004,200000
2202,400,-7.963,4,8,37,0,0,1,0.03,0.004,200000
2203,400,32.616,22,56,7,0,0,1,0.03,0.004,200000
2204,400,21.334,16,40,1,0,0,1,0.03,0.004,200000
2205,400,5.291,5,21,3,0,0,1,0.03,0.004,200000
2206,123,2.521,9,26,1,1,0,0,0.03,0.004,200000
2207,400,30.417,21,59,29,0,0,1,0.03,0.004,200000
2208,400,-5.553,8,22,171,0,0,1,0.03,0.004,200000
2209,80,-2.858,3,15,1,1,0,0,0.03,0.004,200000
2210,400,30.436,27,62,111,0,0,1,0.03,0.004,200000
2211,400,25.988,19,38,7,0,0,1,0.03,0.004,200000
2212,400,28.256,20,43,2,0,0,1,0.03,0.004,200000
2213,400,18.357,14,38,9,0,0,1,0.03,0.004,200000
2214,400,40.417,25,70,2,0,0,1,0.03,0.004,200000
2215,85,2.688,9,30,1,1,0,0,0.03,0.004,200000
2216,396,19.753,22,54,7,1,0,0,0.03,0.004,200000
2217,380,26.881,25,64,6,1,0,0,0.03,0.004,200000
2218,400,35.614,24,57,2,0,0,1,0.03,0.004,200000
2219,400,32.806,21,51,3,0,0,1,0.03,0.004,200000
2220,400,17.694,13,39,6,0,0,1,0.03,0.004,200000
2221,400,25.149,17,43,4,0,0,1,0.03,0.004,200000
2222,400,4.971,6,15,3,0,0,1,0.03,0.004,200000
2223,9,-13.881,0,3,2,1,0,0,0.03,0.004,200000
2224,184,23.377,23,55,3,1,0,0,0.03,0.004,200000
2225,400,44.074,30,54,5,0,0,1,0.03,0.004,200000
2226,400,21.52,16,39,7,0,0,1,0.03,0.004,200000
2227,400,47.064,32,67,8,0,0,1,0.03,0.004,200000
2228,400,14.121,11,23,4,0,0,1,0.03,0.004,200000
2229,400,3.951,5,11,1,0,0,1,0.03,0.004,200000
2230,400,34.45,22,63,3,0,0,1,0.03,0.004,200000
2231,37,-9.58,1,8,1,1,0,0,0.03,0.004,200000
2232,400,47.35,30,67,6,0,0,1,0.03,0.004,200000
2233,234,-3.044,7,20,3,1,0,0,0.03,0.004,200000
2234,400,42.142,28,64,1,0,0,1,0.03,0.004,200000
2235,400,4.67,5,21,4,0,0,1,0.03,0.004,200000
2236,400,14.643,12,22,4,0,0,1,0.03,0.004,200000
2237,400,-0.479,2,8,1,0,0,1,0.03,0.004,200000
2238,400,7.704,7,25,5,0,0,1,0.03,0.004,200000
2239,400,28.121,19,45,3,0,0,1,0.03,0.004,200000
2240,233,7.053,9,34,2,1,0,0,0.03,0.004,200000
2241,400,18.024,11,32,1,0,0,1,0.03,0.004,200000
2242,24,-5.911,2,8,0,1,0,0,0.03,0.004,200000
2243,400,14.217,11,32,5,0,0,1,0.03,0.004,200000
2244,400,15.017,12,24,2,0,0,1,0.03,0.004,200000
2245,400,35.797,22,70,5,0,0,1,0.03,0.004,200000
2246,400,17.925,13,28,2,0,0,1,0.03,0.004,200000
2247,61,-2.991,3,15,1,1,0,0,0.03,0.004,200000
2248,400,35.281,25,49,1,0,0,1,0.03,0.004,200000
2249,400,-0.589,3,8,7,0,0,1,0.03,0.004,200000
2250,400,47.672,29,74,1,0,0,1,0.03,0.004,200000
2251,400,2.668,4,14,5,0,0,1,0.03,0.004,200000
2252,400,27.553,19,46,2,0,0,1,0.03,0.004,200000
2253,234,9.619,15,27,4,1,0,0,0.03,0.004,200000
2254,400,41.861,27,76,5,0,0,1,0.03,0.004,200000
2255,400,56.742,35,86,5,0,0,1,0.03,0.004,200000
2256,400,-0.327,2,11,4,0,0,1,0.03,0.004,200000
2257,400,22.297,17,34,3,0,0,1,0.03,0.004,200000
2258,400,37.429,24,59,3,0,0,1,0.03,0.004,200000
2259,400,-4.242,3,13,3,0,0,1,0.03,0.004,200000
2260,400,13.194,10,35,3,0,0,1,0.03,0.004,200000
2261,400,-1.243,3,14,1,0,0,1,0.03,0.004,200000
2262,400,18.988,1,5,4,0,0,1,0.03,0.004,200000
2263,194,17.683,17,45,0,1,0,0,0.03,0.004,200000
2264,46,-3.792,5,14,2,1,0,0,0.03,0.004,200000
2265,400,0.582,5,16,1,0,0,1,0.03,0.004,200000
2266,153,0.23,8,13,2,1,0,0,0.03,0.004,200000
2267,400,8.558,9,27,4,0,0,1,0.03,0.004,200000
2268,400,36.781,22,62,1,0,0,1,0.03,0.004,200000
2269,400,4.628,5,20,3,0,0,1,0.03,0.004,200000
2270,166,-2.899,7,22,0,1,0,0,0.03,0.004,200000
2271,53,-4.519,2,10,1,1,0,0,0.03,0.004,200000
2272,5,-14.345,0,3,3,1,0,0,0.03,0.004,200000
2273,299,6.426,14,30,16,1,0,0,0.03,0.004,200000
2274,94,-2.667,5,17,4,1,0,0,0.03,0.004,200000
2275,400,23.299,16,40,19,0,0,1,0.03,0.004,200000
2276,400,18.715,12,44,2,0,0,1,0.03,0.004,200000
2277,400,19.48,14,40,4,0,0,1,0.03,0.004,200000
2278,400,24.896,17,39,9,0,0,1,0.03,0.004,200000
2279,188,21.269,20,44,3,1,0,0,0.03,0.004,200000
2280,400,31.102,22,45,4,0,0,1,0.03,0.004,200000
2281,312,17.164,19,54,6,1,0,0,0.03,0.004,200000
2282,400,37.683,24,62,3,0,0,1,0.03,0.004,200000
2283,400,17.702,16,30,29,0,0,1,0.03,0.004,200000
2284,400,22.378,15,42,6,0,0,1,0.03,0.004,200000
2285,18,-8.551,2,7,1,1,0,0,0.03,0.004,200000
2286,352,17.505,17,51,6,1,0,0,0.03,0.004,200000
2287,36,-6.918,1,13,1,1,0,0,0.03,0.004,200000
2288,23,-7.187,3,11,3,1,0,0,0.03,0.004,200000
2289,400,7.409,6,22,15,0,0,1,0.03,0.004,200000
2290,5,-13.965,0,3,2,1,0,0,0.03,0.004,200000
2291,400,25.908,18,43,2,0,0,1,0.03,0.004,200000
2292,298,4.401,10,28,5,1,0,0,0.03,0.004,200000
2293,400,49.015,31,77,3,0,0,1,0.03,0.004,200000
2294,400,50.148,31,75,8,0,0,1,0.03,0.004,200000
2295,236,28.608,25,61,1,1,0,0,0.03,0.004,200000
2296,400,39.169,26,58,5,0,0,1,0.03,0.004,200000
2297,22,-8.116,0,9,0,1,0,0,0.03,0.004,200000
2298,230,33.283,27,63,3,1,0,0,0.03,0.004,200000
2299,226,-18.83,6,26,153,1,0,0,0.03,0.004,200000
2300,400,53.752,35,86,5,0,0,1,0.03,0.004,200000
2301,400,22.75,20,47,93,0,0,1,0.03,0.004,200000
2302,5,-14.075,0,3,4,1,0,0,0.03,0.004,200000
2303,400,52.851,33,73,5,0,0,1,0.03,0.004,200000
2304,400,30.148,19,44,4,0,0,1,0.03,0.004,200000
2305,400,60.409,35,102,4,0,0,1,0.03,0.004,200000
2306,400,39.87,24,70,5,0,0,1,0.03,0.004,200000
2307,400,26.407,16,34,5,0,0,1,0.03,0.004,200000
2308,400,24.684,16,49,3,0,0,1,0.03,0.004,200000
2309,400,16.495,13,30,5,0,0,1,0.03,0.004,200000
2310,400,40.48,26,68,4,0,0,1,0.03,0.004,200000
2311,381,26.603,25,56,2,1,0,0,0.03,0.004,200000
2312,400,33.34,22,53,6,0,0,1,0.03,0.004,200000
2313,5,-13.924,0,4,4,1,0,0,0.03,0.004,200000
2314,104,5.64,11,26,4,1,0,0,0.03,0.004,200000
2315,400,65.354,41,95,5,0,0,1,0.03,0.004,200000
2316,40,-2.719,6,14,1,1,0,0,0.03,0.004,200000
2317,400,55.064,35,86,5,0,0,1,0.03,0.004,200000
2318,400,29.265,22,43,7,0,0,1,0.03,0.004,200000
2319,15,-8.203,0,6,0,1,0,0,0.03,0.004,200000
2320,400,37.097,24,56,5,0,0,1,0.03,0.004,200000
2321,400,20.629,14,39,4,0,0,1,0.03,0.004,200000
2322,400,33.033,19,64,4,0,0,1,0.03,0.004,200000
2323,23,-9.043,2,9,2,1,0,0,0.03,0.004,200000
2324,400,26.57,17,35,8,0,0,1,0.03,0.004,200000
2325,151,-0.344,5,20,1,1,0,0,0.03,0.004,200000
2326,32,-5.056,2,9,1,1,0,0,0.03,0.004,200000
2327,400,42.553,28,65,7,0,0,1,0.03,0.004,200000
2328,137,11.649,12,39,3,1,0,0,0.03,0.004,200000
2329,42,-10.011,1,10,3,1,0,0,0.03,0.004,200000
2330,400,12.747,12,21,4,0,0,1,0.03,0.004,200000
2331,15,-8.315,0,5,0,1,0,0,0.03,0.004,200000
2332,400,15.601,9,25,6,0,0,1,0.03,0.004,200000
2333,400,45.576,27,83,6,0,0,1,0.03,0.004,200000
2334,298,34.295,27,74,2,1,0,0,0.03,0.004,200000
2335,400,11.381,10,22,0,0,0,1,0.03,0.004,200000
2336,400,36.389,23,50,9,0,0,1,0.03,0.004,200000
2337,400,60.48,36,88,4,0,0,1,0.03,0.004,200000
2338,400,1.893,3,12,3,0,0,1,0.03,0.004,200000
2339,31,-2.536,4,13,0,1,0,0,0.03,0.004,200000
2340,400,44.191,26,65,3,0,0,1,0.03,0.004,200000
2341,400,35.579,24,61,4,0,0,1,0.03,0.004,200000
2342,400,6.364,5,19,7,0,0,1,0.03,0.004,200000
2343,400,33.078,22,49,7,0,0,1,0.03,0.004,200000
2344,54,-6.159,1,4,1,1,0,0,0.03,0.004,200000
2345,400,50.056,28,93,3,0,0,1,0.03,0.004,200000
2346,43,-6.399,3,14,3,1,0,0,0.03,0.004,200000
2347,400,1.913,1,7,10,0,0,1,0.03,0.004,200000
2348,400,22.366,13,41,2,0,0,1,0.03,0.004,200000
2349,400,30.324,18,45,4,0,0,1,0.03,0.004,200000
2350,400,24.825,16,42,6,0,0,1,0.03,0.004,200000
2351,64,3.586,8,21,1,1,0,0,0.03,0.004,200000
2352,400,16.958,14,24,1,0,0,1,0.03,0.004,200000
2353,375,55.127,42,89,6,1,0,0,0.03,0.004,200000
2354,400,50.43,30,77,5,0,0,1,0.03,0.004,200000
2355,400,35.811,23,50,2,0,0,1,0.03,0.004,200000
2356,7,-9.527,0,2,0,1,0,0,0.03,0.004,200000
2357,400,41.737,27,60,4,0,0,1,0.03,0.004,200000
2358,400,35.475,20,49,1,0,0,1,0.03,0.004,200000
2359,400,37.326,22,55,7,0,0,1,0.03,0.004,200000
2360,400,66.538,41,99,2,0,0,1,0.03,0.004,200000
2361,400,46.842,28,70,4,0,0,1,0.03,0.004,200000
2362,400,41.505,25,56,5,0,0,1,0.03,0.004,200000
2363,400,42.77,26,72,7,0,0,1,0.03,0.004,200000
2364,400,34.478,24,59,27,0,0,1,0.03,0.004,200000
2365,400,7.776,4,13,5,0,0,1,0.03,0.004,200000
2366,400,7.497,6,16,5,0,0,1,0.03,0.004,200000
2367,400,-5.674,14,29,243,0,0,1,0.03,0.004,200000
2368,400,19.999,2,9,8,0,0,1,0.03,0.004,200000
2369,76,-3.819,2,9,1,1,0,0,0.03,0.004,200000
2370,400,21.719,15,34,3,0,0,1,0.03,0.004,200000
2371,59,-2.657,7,13,2,1,0,0,0.03,0.004,200000
2372,199,6.547,12,33,6,1,0,0,0.03,0.004,200000
2373,126,18.337,19,37,0,1,0,0,0.03,0.004,200000
2374,400,21.737,12,36,1,0,0,1,0.03,0.004,200000
2375,25,-9.579,1,11,1,1,0,0,0.03,0.004,200000
2376,124,5.246,10,29,0,1,0,0,0.03,0.004,200000
2377,400,27.665,17,44,7,0,0,1,0.03,0.004,200000
2378,400,38.861,27,55,3,0,0,1,0.03,0.004,200000
2379,24,-8.456,0,7,0,1,0,0,0.03,0.004,200000
2380,400,21.013,13,31,5,0,0,1,0.03,0.004,200000
2381,400,24.868,8,20,4,0,0,1,0.03,0.004,200000
2382,28,-10.367,1,10,5,1,0,0,0.03,0.004,200000
2383,400,5.531,4,21,2,0,0,1,0.03,0.004,200000
2384,400,53.984,33,82,8,0,0,1,0.03,0.004,200000
2385,30,-6.526,1,9,1,1,0,0,0.03,0.004,200000
2386,35,-14.492,0,2,2,1,0,0,0.03,0.004,200000
2387,234,-2.872,4,10,1,1,0,0,0.03,0.004,200000
2388,27,-8.373,2,12,0,1,0,0,0.03,0.004,200000
2389,400,44.17,29,64,9,0,0,1,0.03,0.004,200000
2390,400,36.543,22,52,2,0,0,1,0.03,0.004,200000
2391,400,31.112,19,47,0,0,0,1,0.03,0.004,200000
2392,400,31.013,19,48,5,0,0,1,0.03,0.004,200000
2393,400,25.043,17,39,4,0,0,1,0.03,0.004,200000
2394,400,20.382,14,41,4,0,0,1,0.03,0.004,200000
2395,400,11.904,5,24,7,0,0,1,0.03,0.004,200000
2396,400,18.875,10,33,4,0,0,1,0.03,0.004,200000
2397,116,6.71,9,30,2,1,0,0,0.03,0.004,200000
2398,400,43.079,28,57,4,0,0,1,0.03,0.004,200000
2399,400,48.785,30,71,2,0,0,1,0.03,0.004,200000
2400,14,-12.955,0,4,2,1,0,0,0.03,0.004,200000
2401,17,-10.123,0,11,0,1,0,0,0.03,0.004,200000
2402,5,-13.962,0,2,2,1,0,0,0.03,0.004,200000
2403,400,23.818,14,36,4,0,0,1,0.03,0.004,200000
2404,400,44.264,27,68,2,0,0,1,0.03,0.004,200000
2405,400,30.157,19,44,10,0,0,1,0.03,0.004,200000
2406,101,7.501,10,28,1,1,0,0,0.03,0.004,200000
2407,5,-13.334,0,4,1,1,0,0,0.03,0.004,200000
2408,400,52.512,31,83,6,0,0,1,0.03,0.004,200000
2409,400,22.718,15,29,6,0,0,1,0.03,0.004,200000
2410,400,43.821,28,63,3,0,0,1,0.03,0.004,200000
2411,237,27.016,22,56,6,1,0,0,0.03,0.004,200000
2412,6,-9.392,0,3,0,1,0,0,0.03,0.004,200000
2413,400,62.985,38,96,3,0,0,1,0.03,0.004,200000
2414,400,58.041,36,82,5,0,0,1,0.03,0.004,200000
2415,400,23.116,4,11,5,0,0,1,0.03,0.004,200000
2416,400,40.213,24,57,4,0,0,1,0.03,0.004,200000
2417,400,54.958,34,85,7,0,0,1,0.03,0.004,200000
2418,167,17.32,15,40,1,1,0,0,0.03,0.004,200000
2419,89,2.094,8,26,3,1,0,0,0.03,0.004,200000
2420,400,38.372,23,59,2,0,0,1,0.03,0.004,200000
2421,400,43.561,26,70,4,0,0,1,0.03,0.004,200000
2422,400,44.973,28,69,5,0,0,1,0.03,0.004,200000
2423,242,21.143,19,45,2,1,0,0,0.03,0.004,200000
2424,103,1.291,8,25,0,1,0,0,0.03,0.004,200000
2425,75,2.257,9,25,1,1,0,0,0.03,0.004,200000
2426,54,-8.137,0,9,1,1,0,0,0.03,0.004,200000
2427,400,43.801,28,58,3,0,0,1,0.03,0.004,200000
2428,32,-4.921,5,11,1,1,0,0,0.03,0.004,200000
2429,13,-8.413,0,4,1,1,0,0,0.03,0.004,200000
2430,50,-4.372,4,14,0,1,0,0,0.03,0.004,200000
2431,29,-8.33,1,11,1,1,0,0,0.03,0.004,200000
2432,400,31.274,21,42,1,0,0,1,0.03,0.004,200000
2433,175,-2.012,7,22,39,1,0,0,0.03,0.004,200000
2434,31,-10.509,0,5,17,1,0,0,0.03,0.004,200000
2435,400,46.304,28,69,3,0,0,1,0.03,0.004,200000
2436,83,-5.048,4,20,30,1,0,0,0.03,0.004,200000
2437,400,45.394,31,78,61,0,0,1,0.03,0.004,200000
2438,27,-15.998,0,3,23,1,0,0,0.03,0.004,200000
2439,400,28.231,22,46,72,0,0,1,0.03,0.004,200000
2440,145,13.629,14,37,3,1,0,0,0.03,0.004,200000
2441,86,1.194,6,27,1,1,0,0,0.03,0.004,200000
2442,235,27.482,22,55,4,1,0,0,0.03,0.004,200000
2443,400,27.828,16,34,2,0,0,1,0.03,0.004,200000
2444,400,31.407,19,44,2,0,0,1,0.03,0.004,200000
2445,29,-5.998,2,6,0,1,0,0,0.03,0.004,200000
2446,400,43.606,24,74,5,0,0,1,0.03,0.004,200000
2447,183,22.202,22,52,3,1,0,0,0.03,0.004,200000
2448,368,36.966,28,73,6,1,0,0,0.03,0.004,200000
2449,21,-11.317,1,7,2,1,0,0,0.03,0.004,200000
2450,400,5.102,12,40,157,0,0,1,0.03,0.004,200000
2451,400,49.541,31,79,6,0,0,1,0.03,0.004,200000
2452,115,-2.651,5,16,6,1,0,0,0.03,0.004,200000
2453,166,-17.968,3,11,127,1,0,0,0.03,0.004,200000
2454,8,-8.784,0,2,0,1,0,0,0.03,0.004,200000
2455,400,11.07,19,46,174,0,0,1,0.03,0.004,200000
2456,236,35.115,28,84,4,1,0,0,0.03,0.004,200000
2457,400,70.417,42,101,4,0,0,1,0.03,0.004,200000
2458,400,54.099,34,76,3,0,0,1,0.03,0.004,200000
2459,119,2.521,7,37,5,1,0,0,0.03,0.004,200000
2460,400,50.198,30,78,4,0,0,1,0.03,0.004,200000
2461,63,0.948,6,20,0,1,0,0,0.03,0.004,200000
2462,400,56.53,37,86,6,0,0,1,0.03,0.004,200000
2463,34,-5.341,4,15,0,1,0,0,0.03,0.004,200000
2464,101,3.621,9,30,3,1,0,0,0.03,0.004,200000
2465,43,-7.635,1,11,1,1,0,0,0.03,0.004,200000
2466,226,23.073,18,54,1,1,0,0,0.03,0.004,200000
2467,400,62.525,37,98,5,0,0,1,0.03,0.004,200000
2468,354,15.775,14,49,5,1,0,0,0.03,0.004,200000
2469,400,56.687,35,77,4,0,0,1,0.03,0.004,200000
2470,400,71.675,41,112,5,0,0,1,0.03,0.004,200000
2471,400,54.312,33,86,3,0,0,1,0.03,0.004,200000
2472,400,61.741,35,99,5,0,0,1,0.03,0.004,200000
2473,400,51.835,33,83,1,0,0,1,0.03,0.004,200000
2474,400,40.716,26,70,2,0,0,1,0.03,0.004,200000
2475,155,16.63,15,38,2,1,0,0,0.03,0.004,200000
2476,305,0.514,0,6,8,1,0,0,0.03,0.004,200000
2477,62,-3.351,4,23,1,1,0,0,0.03,0.004,200000
2478,400,35.407,24,51,6,0,0,1,0.03,0.004,200000
2479,400,39.686,25,66,6,0,0,1,0.03,0.004,200000
2480,400,70.304,42,104,9,0,0,1,0.03,0.004,200000
2481,42,-6.147,2,15,1,1,0,0,0.03,0.004,200000
2482,400,21.577,2,10,5,0,0,1,0.03,0.004,200000
2483,5,-13.415,0,4,2,1,0,0,0.03,0.004,200000
2484,400,56.437,34,87,4,0,0,1,0.03,0.004,200000
2485,400,52.378,31,79,9,0,0,1,0.03,0.004,200000
2486,172,18.075,19,42,1,1,0,0,0.03,0.004,200000
2487,400,58.599,39,84,6,0,0,1,0.03,0.004,200000
2488,400,53.112,32,81,5,0,0,1,0.03,0.004,200000
2489,400,21.665,15,39,2,0,0,1,0.03,0.004,200000
2490,400,55.973,34,88,7,0,0,1,0.03,0.004,200000
2491,144,13.626,13,43,4,1,0,0,0.03,0.004,200000
2492,400,49.235,32,75,4,0,0,1,0.03,0.004,200000
2493,400,57.858,34,86,4,0,0,1,0.03,0.004,200000
2494,112,4.027,8,33,3,1,0,0,0.03,0.004,200000
2495,400,50.467,29,76,1,0,0,1,0.03,0.004,200000
2496,400,65.217,40,87,2,0,0,1,0.03,0.004,200000
2497,107,10.697,12,35,2,1,0,0,0.03,0.004,200000
2498,263,28.737,24,66,2,1,0,0,0.03,0.004,200000
2499,31,-7.228,2,12,1,1,0,0,0.03,0.004,200000
2500,160,-7.385,4,14,2,1,0,0,0.03,0.004,200000
2501,313,37.15,29,66,3,1,0,0,0.03,0.004,200000
2502,400,65.633,39,95,5,0,0,1,0.03,0.004,200000
2503,28,-7.27,2,11,1,1,0,0,0.03,0.004,200000
2504,177,18.762,18,49,2,1,0,0,0.03,0.004,200000
2505,400,50.943,29,81,7,0,0,1,0.03,0.004,200000
2506,97,3.488,9,20,4,1,0,0,0.03,0.004,200000
2507,400,48.429,26,83,3,0,0,1,0.03,0.004,200000
2508,400,40.667,23,50,6,0,0,1,0.03,0.004,200000
2509,95,6.083,11,30,2,1,0,0,0.03,0.004,200000
2510,400,67.153,40,96,4,0,0,1,0.03,0.004,200000
2511,7,-12.066,0,3,0,1,0,0,0.03,0.004,200000
2512,153,18.38,18,51,2,1,0,0,0.03,0.004,200000
2513,93,3.149,6,39,2,1,0,0,0.03,0.004,200000
2514,400,59.629,34,91,5,0,0,1,0.03,0.004,200000
2515,189,21.323,19,52,1,1,0,0,0.03,0.004,200000
2516,5,-13.434,0,3,1,1,0,0,0.03,0.004,200000
2517,5,-13.334,0,4,1,1,0,0,0.03,0.004,200000
2518,400,61.677,36,99,5,0,0,1,0.03,0.004,200000
2519,285,37.838,30,85,6,1,0,0,0.03,0.004,200000
2520,114,5.052,10,29,1,1,0,0,0.03,0.004,200000
2521,246,20.532,16,54,2,1,0,0,0.03,0.004,200000
2522,400,48.337,29,79,7,0,0,1,0.03,0.004,200000
2523,221,28.898,24,65,1,1,0,0,0.03,0.004,200000
2524,320,42.507,32,70,0,1,0,0,0.03,0.004,200000
2525,400,39.406,22,57,6,0,0,1,0.03,0.004,200000
2526,24,-6.526,1,9,0,1,0,0,0.03,0.004,200000
2527,400,55.082,31,78,3,0,0,1,0.03,0.004,200000
2528,400,71.971,43,98,2,0,0,1,0.03,0.004,200000
2529,400,41.72,24,62,4,0,0,1,0.03,0.004,200000
2530,36,-4.116,3,10,1,1,0,0,0.03,0.004,200000
2531,127,14.124,14,33,1,1,0,0,0.03,0.004,200000
2532,400,18.836,16,50,92,0,0,1,0.03,0.004,200000
2533,400,57.166,34,86,4,0,0,1,0.03,0.004,200000
2534,400,69.981,41,103,3,0,0,1,0.03,0.004,200000
2535,400,70.816,41,109,7,0,0,1,0.03,0.004,200000
2536,400,31.137,19,49,5,0,0,1,0.03,0.004,200000
2537,5,-13.732,0,1,1,1,0,0,0.03,0.004,200000
2538,34,-6.718,3,11,2,1,0,0,0.03,0.004,200000
2539,400,39.951,24,60,4,0,0,1,0.03,0.004,200000
2540,171,2.907,8,19,5,1,0,0,0.03,0.004,200000
2541,310,44.354,35,88,8,1,0,0,0.03,0.004,200000
2542,6,-9.492,0,2,0,1,0,0,0.03,0.004,200000
2543,400,61.545,37,89,8,0,0,1,0.03,0.004,200000
2544,184,30.09,26,68,4,1,0,0,0.03,0.004,200000
2545,400,47.595,28,72,5,0,0,1,0.03,0.004,200000
2546,400,68.571,40,102,8,0,0,1,0.03,0.004,200000
2547,400,27.641,26,69,151,0,0,1,0.03,0.004,200000
2548,145,16.127,15,55,1,1,0,0,0.03,0.004,200000
2549,183,25.598,22,51,2,1,0,0,0.03,0.004,200000
2550,400,-35.345,1,8,346,0,0,1,0.03,0.004,200000
2551,79,2.471,9,26,2,1,0,0,0.03,0.004,200000
2552,155,-1.753,6,25,5,1,0,0,0.03,0.004,200000
2553,368,28.18,21,60,3,1,0,0,0.03,0.004,200000
2554,400,45.579,26,67,5,0,0,1,0.03,0.004,200000
2555,400,65.96,40,106,5,0,0,1,0.03,0.004,200000
2556,391,55.824,37,103,1,1,0,0,0.03,0.004,200000
2557,134,15.976,18,43,2,1,0,0,0.03,0.004,200000
2558,85,5.933,12,29,2,1,0,0,0.03,0.004,200000
2559,400,57.538,34,84,4,0,0,1,0.03,0.004,200000
2560,400,65.653,39,100,6,0,0,1,0.03,0.004,200000
2561,400,71.293,41,111,5,0,0,1,0.03,0.004,200000
2562,160,16.592,17,47,2,1,0,0,0.03,0.004,200000
2563,272,31.485,26,67,6,1,0,0,0.03,0.004,200000
2564,400,71.981,43,109,4,0,0,1,0.03,0.004,200000
2565,289,40.615,33,69,3,1,0,0,0.03,0.004,200000
2566,400,79.673,48,115,5,0,0,1,0.03,0.004,200000
2567,36,-4.752,2,14,0,1,0,0,0.03,0.004,200000
2568,400,72.024,42,105,2,0,0,1,0.03,0.004,200000
2569,104,10.782,12,32,4,1,0,0,0.03,0.004,200000
2570,400,70.879,41,110,2,0,0,1,0.03,0.004,200000
2571,400,70.331,44,96,4,0,0,1,0.03,0.004,200000
2572,400,70.906,43,107,8,0,0,1,0.03,0.004,200000
2573,400,55.42,31,78,4,0,0,1,0.03,0.004,200000
2574,400,64.024,38,93,3,0,0,1,0.03,0.004,200000
2575,227,21.279,15,51,2,1,0,0,0.03,0.004,200000
2576,92,7.202,10,25,0,1,0,0,0.03,0.004,200000
2577,195,24.428,20,63,3,1,0,0,0.03,0.004,200000
2578,161,18.661,19,46,2,1,0,0,0.03,0.004,200000
2579,25,-8.899,2,11,1,1,0,0,0.03,0.004,200000
2580,116,7.843,12,35,3,1,0,0,0.03,0.004,200000
2581,18,-9.984,1,9,1,1,0,0,0.03,0.004,200000
2582,97,4.063,8,44,6,1,0,0,0.03,0.004,200000
2583,400,71.861,42,100,3,0,0,1,0.03,0.004,200000
2584,23,-5.789,2,9,0,1,0,0,0.03,0.004,200000
2585,239,31.607,25,67,7,1,0,0,0.03,0.004,200000
2586,400,69.123,41,102,6,0,0,1,0.03,0.004,200000
2587,340,40.625,29,80,17,1,0,0,0.03,0.004,200000
2588,54,-2.842,4,23,1,1,0,0,0.03,0.004,200000
2589,400,58.95,35,88,6,0,0,1,0.03,0.004,200000
2590,400,65.94,38,98,3,0,0,1,0.03,0.004,200000
2591,400,72.149,43,105,21,0,0,1,0.03,0.004,200000
2592,400,14.971,9,35,7,0,0,1,0.03,0.004,200000
2593,400,62.027,36,92,4,0,0,1,0.03,0.004,200000
2594,400,72.617,42,97,2,0,0,1,0.03,0.004,200000
2595,400,54.813,30,79,2,0,0,1,0.03,0.004,200000
2596,174,19.992,21,63,25,1,0,0,0.03,0.004,200000
2597,400,63.928,39,90,3,0,0,1,0.03,0.004,200000
2598,400,59.955,37,98,38,0,0,1,0.03,0.004,200000
2599,400,29.309,19,56,55,0,0,1,0.03,0.004,200000
2600,168,18.453,17,45,2,1,0,0,0.03,0.004,200000
2601,263,26.909,22,65,2,1,0,0,0.03,0.004,200000
2602,23,-8.086,2,9,0,1,0,0,0.03,0.004,200000
2603,400,14.111,8,23,7,0,0,1,0.03,0.004,200000
2604,188,19.994,18,54,16,1,0,0,0.03,0.004,200000
2605,400,57.411,33,86,6,0,0,1,0.03,0.004,200000
2606,400,59.312,35,86,4,0,0,1,0.03,0.004,200000
2607,5,-13.005,0,3,0,1,0,0,0.03,0.004,200000
2608,400,55.999,33,83,4,0,0,1,0.03,0.004,200000
2609,149,-29.277,0,4,143,1,0,0,0.03,0.004,200000
2610,373,10.738,15,52,4,1,0,0,0.03,0.004,200000
2611,400,53.362,32,80,2,0,0,1,0.03,0.004,200000
2612,120,-12.422,2,19,48,1,0,0,0.03,0.004,200000
2613,400,51.594,32,73,6,0,0,1,0.03,0.004,200000
2614,400,64.636,37,94,5,0,0,1,0.03,0.004,200000
2615,400,58.165,34,86,4,0,0,1,0.03,0.004,200000
2616,171,20.311,18,44,2,1,0,0,0.03,0.004,200000
2617,176,18.019,18,49,2,1,0,0,0.03,0.004,200000
2618,268,32.455,24,68,4,1,0,0,0.03,0.004,200000
2619,387,51.03,38,92,5,1,0,0,0.03,0.004,200000
2620,400,71.025,42,98,1,0,0,1,0.03,0.004,200000
2621,27,-7.202,3,8,0,1,0,0,0.03,0.004,200000
2622,400,75.534,43,112,3,0,0,1,0.03,0.004,200000
2623,224,28.054,25,57,4,1,0,0,0.03,0.004,200000
2624,351,36.154,28,64,4,1,0,0,0.03,0.004,200000
2625,36,-4.534,5,11,0,1,0,0,0.03,0.004,200000
2626,400,52.484,31,73,5,0,0,1,0.03,0.004,200000
2627,400,41.262,23,74,3,0,0,1,0.03,0.004,200000
2628,300,40.784,33,68,26,1,0,0,0.03,0.004,200000
2629,400,64.548,38,93,3,0,0,1,0.03,0.004,200000
2630,104,1.633,9,22,4,1,0,0,0.03,0.004,200000
2631,45,-10.89,2,10,21,1,0,0,0.03,0.004,200000
2632,400,64.684,39,94,5,0,0,1,0.03,0.004,200000
2633,400,0.315,3,8,3,0,0,1,0.03,0.004,200000
2634,400,73.525,45,103,4,0,0,1,0.03,0.004,200000
2635,35,-7.093,3,8,0,1,0,0,0.03,0.004,200000
2636,25,-7.847,2,10,0,1,0,0,0.03,0.004,200000
2637,400,51.962,30,76,9,0,0,1,0.03,0.004,200000
2638,33,-8.028,2,13,2,1,0,0,0.03,0.004,200000
2639,400,72.495,43,107,5,0,0,1,0.03,0.004,200000
2640,400,55.316,31,92,7,0,0,1,0.03,0.004,200000
2641,107,6.885,11,31,4,1,0,0,0.03,0.004,200000
2642,400,62.369,38,95,4,0,0,1,0.03,0.004,200000
2643,56,0.406,8,19,0,1,0,0,0.03,0.004,200000
2644,324,43.141,31,82,2,1,0,0,0.03,0.004,200000
2645,400,59.107,36,84,4,0,0,1,0.03,0.004,200000
2646,79,6.068,9,27,0,1,0,0,0.03,0.004,200000
2647,400,71.361,41,107,6,0,0,1,0.03,0.004,200000
2648,5,-13.285,0,2,1,1,0,0,0.03,0.004,200000
2649,205,26.521,23,65,4,1,0,0,0.03,0.004,200000
2650,400,44.607,28,61,7,0,0,1,0.03,0.004,200000
2651,400,63.928,38,97,6,0,0,1,0.03,0.004,200000
2652,54,0.761,6,19,1,1,0,0,0.03,0.004,200000
2653,400,58.657,35,79,2,0,0,1,0.03,0.004,200000
2654,400,55.002,32,76,4,0,0,1,0.03,0.004,200000
2655,400,40.669,26,61,2,0,0,1,0.03,0.004,200000
2656,300,42.82,33,80,1,1,0,0,0.03,0.004,200000
2657,400,22.55,15,34,4,0,0,1,0.03,0.004,200000
2658,150,19.081,17,38,2,1,0,0,0.03,0.004,200000
2659,400,52.942,32,81,3,0,0,1,0.03,0.004,200000
2660,400,41.085,25,61,3,0,0,1,0.03,0.004,200000
2661,400,8.101,5,12,6,0,0,1,0.03,0.004,200000
2662,241,7.649,11,31,7,1,0,0,0.03,0.004,200000
2663,5,-12.812,0,4,0,1,0,0,0.03,0.004,200000
2664,128,13.744,17,34,1,1,0,0,0.03,0.004,200000
2665,400,25.995,16,49,5,0,0,1,0.03,0.004,200000
2666,258,36.996,28,69,3,1,0,0,0.03,0.004,200000
2667,58,-0.135,8,19,2,1,0,0,0.03,0.004,200000
2668,400,66.678,40,104,7,0,0,1,0.03,0.004,200000
2669,400,9.838,12,30,107,0,0,1,0.03,0.004,200000
2670,400,49.43,29,73,18,0,0,1,0.03,0.004,200000
2671,400,47.888,29,70,3,0,0,1,0.03,0.004,200000
2672,400,4.626,4,17,12,0,0,1,0.03,0.004,200000
2673,400,63.141,38,97,13,0,0,1,0.03,0.004,200000
2674,90,3.736,9,27,2,1,0,0,0.03,0.004,200000
2675,386,36.751,28,72,2,1,0,0,0.03,0.004,200000
2676,400,-0.963,15,35,228,0,0,1,0.03,0.004,200000
2677,400,34.84,23,63,46,0,0,1,0.03,0.004,200000
2678,400,28.238,19,53,16,0,0,1,0.03,0.004,200000
2679,23,-14.968,0,4,18,1,0,0,0.03,0.004,200000
2680,17,-7.757,1,6,0,1,0,0,0.03,0.004,200000
2681,400,54.185,34,76,4,0,0,1,0.03,0.004,200000
2682,5,-13.134,0,3,1,1,0,0,0.03,0.004,200000
2683,45,-17.755,0,2,41,1,0,0,0.03,0.004,200000
2684,320,-11.112,1,13,22,1,0,0,0.03,0.004,200000
2685,231,22.951,21,56,3,1,0,0,0.03,0.004,200000
2686,400,48.844,31,70,3,0,0,1,0.03,0.004,200000
2687,400,69.787,43,102,8,0,0,1,0.03,0.004,200000
2688,400,55.289,35,84,6,0,0,1,0.03,0.004,200000
2689,59,-1.611,4,17,1,1,0,0,0.03,0.004,200000
2690,400,36.718,22,65,0,0,0,1,0.03,0.004,200000
2691,340,39.214,36,82,60,1,0,0,0.03,0.004,200000
2692,83,3.763,11,26,15,1,0,0,0.03,0.004,200000
2693,25,-15.521,0,1,20,1,0,0,0.03,0.004,200000
2694,236,-7.984,9,29,112,1,0,0,0.03,0.004,200000
2695,400,58.145,40,94,70,0,0,1,0.03,0.004,200000
2696,400,43.691,24,65,3,0,0,1,0.03,0.004,200000
2697,400,59.798,35,92,2,0,0,1,0.03,0.004,200000
2698,400,60.692,34,98,0,0,0,1,0.03,0.004,200000
2699,400,65.692,38,97,2,0,0,1,0.03,0.004,200000
2700,131,1.958,8,35,4,1,0,0,0.03,0.004,200000
2701,400,68.44,41,98,6,0,0,1,0.03,0.004,200000
2702,149,17.836,15,50,2,1,0,0,0.03,0.004,200000
2703,400,71.585,42,98,3,0,0,1,0.03,0.004,200000
2704,69,-20.497,0,3,65,1,0,0,0.03,0.004,200000
2705,400,41.772,30,62,72,0,0,1,0.03,0.004,200000
2706,400,23.98,15,32,4,0,0,1,0.03,0.004,200000
2707,93,-23.089,0,4,89,1,0,0,0.03,0.004,200000
2708,400,58.421,36,89,5,0,0,1,0.03,0.004,200000
2709,400,49.511,35,85,85,0,0,1,0.03,0.004,200000
2710,400,45.225,27,60,3,0,0,1,0.03,0.004,200000
2711,5,-13.055,0,3,0,1,0,0,0.03,0.004,200000
2712,5,-12.954,0,3,0,1,0,0,0.03,0.004,200000
2713,5,-12.904,0,4,0,1,0,0,0.03,0.004,200000
2714,46,-3.942,2,14,1,1,0,0,0.03,0.004,200000
2715,101,11.365,16,28,1,1,0,0,0.03,0.004,200000
2716,5,-13.235,0,2,1,1,0,0,0.03,0.004,200000
2717,5,-13.005,0,3,0,1,0,0,0.03,0.004,200000
2718,145,12.574,15,38,4,1,0,0,0.03,0.004,200000
2719,5,-13.105,0,3,0,1,0,0,0.03,0.004,200000
2720,400,68.584,39,106,2,0,0,1,0.03,0.004,200000
2721,400,65.77,38,93,5,0,0,1,0.03,0.004,200000
2722,400,55.116,34,79,3,0,0,1,0.03,0.004,200000
2723,13,-9.072,0,4,0,1,0,0,0.03,0.004,200000
2724,400,37.677,22,55,7,0,0,1,0.03,0.004,200000
2725,400,59.607,35,94,4,0,0,1,0.03,0.004,200000
2726,400,35.062,19,62,3,0,0,1,0.03,0.004,200000
2727,21,-12.015,0,7,3,1,0,0,0.03,0.004,200000
2728,172,22.475,19,52,3,1,0,0,0.03,0.004,200000
2729,65,-1.43,4,20,1,1,0,0,0.03,0.004,200000
2730,400,41.07,22,50,3,0,0,1,0.03,0.004,200000
2731,400,43.785,29,62,7,0,0,1,0.03,0.004,200000
2732,95,8.141,10,28,2,1,0,0,0.03,0.004,200000
2733,262,38.122,31,74,5,1,0,0,0.03,0.004,200000
2734,366,39.722,30,78,3,1,0,0,0.03,0.004,200000
2735,5,-12.954,0,4,0,1,0,0,0.03,0.004,200000
2736,206,29.112,23,57,3,1,0,0,0.03,0.004,200000
2737,227,-5.326,7,21,74,1,0,0,0.03,0.004,200000
2738,400,65.633,39,91,1,0,0,1,0.03,0.004,200000
2739,25,-15.289,0,4,20,1,0,0,0.03,0.004,200000
2740,321,16.947,23,69,109,1,0,0,0.03,0.004,200000
2741,168,19.022,18,52,2,1,0,0,0.03,0.004,200000
2742,122,10.938,12,36,2,1,0,0,0.03,0.004,200000
2743,94,-22.984,0,2,87,1,0,0,0.03,0.004,200000
2744,108,10.939,12,30,1,1,0,0,0.03,0.004,200000
2745,400,69.157,41,95,3,0,0,1,0.03,0.004,200000
2746,272,40.216,29,86,4,1,0,0,0.03,0.004,200000
2747,400,69.039,41,99,3,0,0,1,0.03,0.004,200000
2748,317,6.858,10,29,25,1,0,0,0.03,0.004,200000
2749,400,66.725,42,92,6,0,0,1,0.03,0.004,200000
2750,400,33.838,19,52,6,0,0,1,0.03,0.004,200000
2751,400,68.054,40,93,0,0,0,1,0.03,0.004,200000
2752,400,59.533,36,82,0,0,0,1,0.03,0.004,200000
2753,180,19.882,19,40,4,1,0,0,0.03,0.004,200000
2754,400,36.474,23,67,58,0,0,1,0.03,0.004,200000
2755,81,-9.69,2,12,45,1,0,0,0.03,0.004,200000
2756,123,4.806,9,36,6,1,0,0,0.03,0.004,200000
2757,373,2.441,10,27,4,1,0,0,0.03,0.004,200000
2758,400,72.289,44,101,1,0,0,1,0.03,0.004,200000
2759,5,-13.282,0,1,0,1,0,0,0.03,0.004,200000
2760,400,3.0,1,12,7,0,0,1,0.03,0.004,200000
2761,176,21.789,21,49,3,1,0,0,0.03,0.004,200000
2762,400,56.927,36,76,1,0,0,1,0.03,0.004,200000
2763,107,12.063,13,32,2,1,0,0,0.03,0.004,200000
2764,400,13.795,9,33,5,0,0,1,0.03,0.004,200000
2765,286,49.814,38,95,1,1,0,0,0.03,0.004,200000
2766,99,7.352,13,27,4,1,0,0,0.03,0.004,200000
2767,33,-8.791,2,13,3,1,0,0,0.03,0.004,200000
2768,400,64.693,38,103,6,0,0,1,0.03,0.004,200000
2769,164,26.776,23,55,1,1,0,0,0.03,0.004,200000
2770,180,26.171,22,65,2,1,0,0,0.03,0.004,200000
2771,82,-1.452,6,21,3,1,0,0,0.03,0.004,200000
2772,400,65.846,41,92,9,0,0,1,0.03,0.004,200000
2773,400,66.481,37,99,5,0,0,1,0.03,0.004,200000
2774,361,39.418,30,94,4,1,0,0,0.03,0.004,200000
2775,400,-6.818,7,19,150,0,0,1,0.03,0.004,200000
2776,120,14.319,14,43,1,1,0,0,0.03,0.004,200000
2777,400,58.903,35,92,2,0,0,1,0.03,0.004,200000
2778,261,22.228,21,52,3,1,0,0,0.03,0.004,200000
2779,400,63.096,40,94,3,0,0,1,0.03,0.004,200000
2780,400,58.254,35,91,6,0,0,1,0.03,0.004,200000
2781,400,40.919,24,63,4,0,0,1,0.03,0.004,200000
2782,230,1.736,9,27,2,1,0,0,0.03,0.004,200000
2783,400,40.895,25,64,0,0,0,1,0.03,0.004,200000
2784,400,67.816,41,101,5,0,0,1,0.03,0.004,200000
2785,400,62.655,36,92,2,0,0,1,0.03,0.004,200000
2786,130,-7.762,2,14,3,1,0,0,0.03,0.004,200000
2787,118,7.898,12,33,2,1,0,0,0.03,0.004,200000
2788,400,68.339,41,92,3,0,0,1,0.03,0.004,200000
2789,400,34.62,21,62,5,0,0,1,0.03,0.004,200000
2790,400,68.752,41,98,6,0,0,1,0.03,0.004,200000
2791,400,72.778,44,96,3,0,0,1,0.03,0.004,200000
2792,400,64.042,38,95,7,0,0,1,0.03,0.004,200000
2793,377,36.093,28,75,19,1,0,0,0.03,0.004,200000
2794,91,-23.31,0,2,86,1,0,0,0.03,0.004,200000
2795,249,30.097,26,71,21,1,0,0,0.03,0.004,200000
2796,375,48.445,36,89,26,1,0,0,0.03,0.004,200000
2797,400,63.566,37,99,4,0,0,1,0.03,0.004,200000
2798,400,-3.9,5,11,121,0,0,1,0.03,0.004,200000
2799,266,32.798,26,83,8,1,0,0,0.03,0.004,200000
2800,104,-24.775,0,4,101,1,0,0,0.03,0.004,200000
2801,164,5.459,11,42,43,1,0,0,0.03,0.004,200000
2802,27,-6.959,0,10,0,1,0,0,0.03,0.004,200000
2803,400,78.173,46,118,2,0,0,1,0.03,0.004,200000
2804,400,64.324,39,98,4,0,0,1,0.03,0.004,200000
2805,30,-8.777,2,11,2,1,0,0,0.03,0.004,200000
2806,400,74.012,42,112,4,0,0,1,0.03,0.004,200000
2807,100,5.408,8,27,1,1,0,0,0.03,0.004,200000
2808,69,-14.493,1,9,47,1,0,0,0.03,0.004,200000
2809,49,-4.735,3,17,1,1,0,0,0.03,0.004,200000
2810,400,53.009,32,83,6,0,0,1,0.03,0.004,200000
2811,400,64.739,38,98,19,0,0,1,0.03,0.004,200000
2812,77,-21.461,0,2,73,1,0,0,0.03,0.004,200000
2813,7,-13.463,0,2,3,1,0,0,0.03,0.004,200000
2814,56,-8.744,1,10,22,1,0,0,0.03,0.004,200000
2815,295,40.385,34,76,6,1,0,0,0.03,0.004,200000
2816,400,70.36,40,105,2,0,0,1,0.03,0.004,200000
2817,400,68.816,38,102,4,0,0,1,0.03,0.004,200000
2818,42,-1.796,5,14,1,1,0,0,0.03,0.004,200000
2819,400,33.563,19,61,4,0,0,1,0.03,0.004,200000
2820,220,27.788,22,68,1,1,0,0,0.03,0.004,200000
2821,400,46.104,28,69,5,0,0,1,0.03,0.004,200000
2822,137,-28.846,0,1,134,1,0,0,0.03,0.004,200000
2823,15,-11.954,0,7,5,1,0,0,0.03,0.004,200000
2824,400,70.662,44,100,5,0,0,1,0.03,0.004,200000
2825,400,73.831,42,114,3,0,0,1,0.03,0.004,200000
2826,400,70.371,41,102,6,0,0,1,0.03,0.004,200000
2827,400,70.986,42,112,2,0,0,1,0.03,0.004,200000
2828,400,53.993,32,79,4,0,0,1,0.03,0.004,200000
2829,287,48.335,34,84,2,1,0,0,0.03,0.004,200000
2830,400,67.31,41,99,3,0,0,1,0.03,0.004,200000
2831,220,25.561,20,65,3,1,0,0,0.03,0.004,200000
2832,94,4.534,8,37,2,1,0,0,0.03,0.004,200000
2833,400,48.467,35,82,94,0,0,1,0.03,0.004,200000
2834,400,37.196,32,81,144,0,0,1,0.03,0.004,200000
2835,134,9.883,12,39,1,1,0,0,0.03,0.004,200000
2836,400,72.964,43,98,8,0,0,1,0.03,0.004,200000
2837,400,60.519,31,90,0,0,0,1,0.03,0.004,200000
2838,400,60.226,35,86,5,0,0,1,0.03,0.004,200000
2839,400,62.636,38,101,4,0,0,1,0.03,0.004,200000
2840,400,35.263,23,52,5,0,0,1,0.03,0.004,200000
2841,124,9.981,11,56,4,1,0,0,0.03,0.004,200000
2842,400,29.246,17,52,1,0,0,1,0.03,0.004,200000
2843,269,5.021,9,40,2,1,0,0,0.03,0.004,200000
2844,400,72.721,43,113,7,0,0,1,0.03,0.004,200000
2845,400,45.238,27,69,2,0,0,1,0.03,0.004,200000
2846,30,-6.857,0,11,0,1,0,0,0.03,0.004,200000
2847,37,-8.257,3,11,3,1,0,0,0.03,0.004,200000
2848,257,35.838,27,80,3,1,0,0,0.03,0.004,200000
2849,400,64.146,38,98,3,0,0,1,0.03,0.004,200000
2850,400,52.971,32,78,6,0,0,1,0.03,0.004,200000
2851,400,63.397,39,110,45,0,0,1,0.03,0.004,200000
2852,400,-2.997,1,8,1,0,0,1,0.03,0.004,200000
2853,17,-7.196,1,5,0,1,0,0,0.03,0.004,200000
2854,400,47.218,28,75,0,0,0,1,0.03,0.004,200000
2855,31,-7.575,2,12,0,1,0,0,0.03,0.004,200000
2856,400,77.512,47,105,3,0,0,1,0.03,0.004,200000
2857,400,63.559,36,98,2,0,0,1,0.03,0.004,200000
2858,400,69.074,40,100,8,0,0,1,0.03,0.004,200000
2859,400,60.022,35,77,2,0,0,1,0.03,0.004,200000
2860,400,61.17,37,85,5,0,0,1,0.03,0.004,200000
2861,400,75.992,45,104,3,0,0,1,0.03,0.004,200000
2862,186,26.252,25,53,3,1,0,0,0.03,0.004,200000
2863,136,19.119,19,52,1,1,0,0,0.03,0.004,200000
2864,400,74.114,43,112,5,0,0,1,0.03,0.004,200000
2865,400,73.741,44,104,6,0,0,1,0.03,0.004,200000
2866,193,23.302,21,62,3,1,0,0,0.03,0.004,200000
2867,160,17.921,15,60,3,1,0,0,0.03,0.004,200000
2868,266,39.378,27,86,2,1,0,0,0.03,0.004,200000
2869,71,-10.026,1,9,3,1,0,0,0.03,0.004,200000
2870,400,79.157,46,116,6,0,0,1,0.03,0.004,200000
2871,400,33.484,23,49,33,0,0,1,0.03,0.004,200000
2872,400,22.458,13,43,6,0,0,1,0.03,0.004,200000
2873,400,72.201,45,102,9,0,0,1,0.03,0.004,200000
2874,400,76.022,43,114,4,0,0,1,0.03,0.004,200000
2875,161,23.109,18,65,5,1,0,0,0.03,0.004,200000
2876,400,69.401,40,105,1,0,0,1,0.03,0.004,200000
2877,400,70.72,43,99,3,0,0,1,0.03,0.004,200000
2878,211,26.721,21,64,4,1,0,0,0.03,0.004,200000
2879,400,67.944,40,99,4,0,0,1,0.03,0.004,200000
2880,400,59.406,37,93,5,0,0,1,0.03,0.004,200000
2881,400,63.877,38,94,6,0,0,1,0.03,0.004,200000
2882,113,10.269,13,46,3,1,0,0,0.03,0.004,200000
2883,400,51.449,33,72,6,0,0,1,0.03,0.004,200000
2884,400,52.292,30,82,3,0,0,1,0.03,0.004,200000
2885,400,67.704,39,99,6,0,0,1,0.03,0.004,200000
2886,48,-18.197,0,2,44,1,0,0,0.03,0.004,200000
2887,41,-8.087,2,13,1,1,0,0,0.03,0.004,200000
2888,171,0.889,7,20,1,1,0,0,0.03,0.004,200000
2889,400,59.62,35,99,2,0,0,1,0.03,0.004,200000
2890,400,17.826,24,61,192,0,0,1,0.03,0.004,200000
2891,400,75.458,47,112,5,0,0,1,0.03,0.004,200000
2892,400,11.241,18,45,163,0,0,1,0.03,0.004,200000
2893,400,36.167,22,59,5,0,0,1,0.03,0.004,200000
2894,97,6.675,9,29,2,1,0,0,0.03,0.004,200000
2895,77,-2.626,5,18,4,1,0,0,0.03,0.004,200000
2896,400,74.219,43,99,2,0,0,1,0.03,0.004,200000
2897,234,33.52,26,75,3,1,0,0,0.03,0.004,200000
2898,400,61.148,36,90,4,0,0,1,0.03,0.004,200000
2899,212,19.799,19,47,6,1,0,0,0.03,0.004,200000
2900,400,69.944,39,105,5,0,0,1,0.03,0.004,200000
2901,400,76.29,45,112,4,0,0,1,0.03,0.004,200000
2902,96,5.686,8,32,3,1,0,0,0.03,0.004,200000
2903,400,48.82,28,71,6,0,0,1,0.03,0.004,200000
2904,62,2.38,9,23,1,1,0,0,0.03,0.004,200000
2905,25,-8.403,1,12,1,1,0,0,0.03,0.004,200000
2906,400,68.992,40,104,6,0,0,1,0.03,0.004,200000
2907,400,53.807,31,87,3,0,0,1,0.03,0.004,200000
2908,242,33.524,24,85,1,1,0,0,0.03,0.004,200000
2909,46,-0.107,5,18,0,1,0,0,0.03,0.004,200000
2910,149,18.633,17,42,2,1,0,0,0.03,0.004,200000
2911,400,72.156,42,104,5,0,0,1,0.03,0.004,200000
2912,400,64.035,39,90,6,0,0,1,0.03,0.004,200000
2913,376,62.462,42,108,5,1,0,0,0.03,0.004,200000
2914,43,-6.159,2,15,1,1,0,0,0.03,0.004,200000
2915,400,52.221,29,79,5,0,0,1,0.03,0.004,200000
2916,400,71.186,41,107,4,0,0,1,0.03,0.004,200000
2917,392,53.949,40,106,8,1,0,0,0.03,0.004,200000
2918,400,59.851,36,91,5,0,0,1,0.03,0.004,200000
2919,154,21.532,17,64,3,1,0,0,0.03,0.004,200000
2920,400,73.191,44,104,7,0,0,1,0.03,0.004,200000
2921,400,75.561,45,105,6,0,0,1,0.03,0.004,200000
2922,72,-0.374,4,16,0,1,0,0,0.03,0.004,200000
2923,400,41.667,24,70,2,0,0,1,0.03,0.004,200000
2924,400,67.999,38,100,2,0,0,1,0.03,0.004,200000
2925,7,-9.427,0,3,0,1,0,0,0.03,0.004,200000
2926,108,4.177,6,32,2,1,0,0,0.03,0.004,200000
2927,400,74.904,45,107,5,0,0,1,0.03,0.004,200000
2928,400,65.005,36,96,5,0,0,1,0.03,0.004,200000
2929,400,56.849,29,81,3,0,0,1,0.03,0.004,200000
2930,400,67.218,40,101,9,0,0,1,0.03,0.004,200000
2931,400,74.019,41,110,3,0,0,1,0.03,0.004,200000
2932,72,0.292,7,18,2,1,0,0,0.03,0.004,200000
2933,400,59.092,34,90,4,0,0,1,0.03,0.004,200000
2934,335,-14.105,0,9,2,1,0,0,0.03,0.004,200000
2935,400,53.107,32,85,6,0,0,1,0.03,0.004,200000
2936,86,9.025,12,36,0,1,0,0,0.03,0.004,200000
2937,400,74.393,42,111,4,0,0,1,0.03,0.004,200000
2938,144,13.03,14,46,2,1,0,0,0.03,0.004,200000
2939,400,68.569,41,94,3,0,0,1,0.03,0.004,200000
2940,322,49.071,32,107,5,1,0,0,0.03,0.004,200000
2941,52,1.913,7,18,1,1,0,0,0.03,0.004,200000
2942,400,49.981,27,86,4,0,0,1,0.03,0.004,200000
2943,244,39.189,31,79,1,1,0,0,0.03,0.004,200000
2944,400,74.957,44,106,0,0,0,1,0.03,0.004,200000
2945,29,-4.857,2,11,0,1,0,0,0.03,0.004,200000
2946,102,8.161,9,34,0,1,0,0,0.03,0.004,200000
2947,157,16.978,15,60,4,1,0,0,0.03,0.004,200000
2948,44,-2.611,4,16,2,1,0,0,0.03,0.004,200000
2949,158,22.926,20,63,3,1,0,0,0.03,0.004,200000
2950,400,73.686,43,115,5,0,0,1,0.03,0.004,200000
2951,400,12.618,3,16,6,0,0,1,0.03,0.004,200000
2952,400,62.363,35,106,4,0,0,1,0.03,0.004,200000
2953,28,-10.127,0,10,0,1,0,0,0.03,0.004,200000
2954,400,79.625,47,117,4,0,0,1,0.03,0.004,200000
2955,400,67.257,39,100,3,0,0,1,0.03,0.004,200000
2956,400,58.791,37,86,3,0,0,1,0.03,0.004,200000
2957,400,38.713,25,64,5,0,0,1,0.03,0.004,200000
2958,237,28.594,25,63,5,1,0,0,0.03,0.004,200000
2959,346,49.237,34,97,1,1,0,0,0.03,0.004,200000
2960,400,-0.793,2,8,2,0,0,1,0.03,0.004,200000
2961,400,70.462,41,111,8,0,0,1,0.03,0.004,200000
2962,400,64.294,41,97,5,0,0,1,0.03,0.004,200000
2963,400,50.25,31,76,5,0,0,1,0.03,0.004,200000
2964,172,22.9,19,51,2,1,0,0,0.03,0.004,200000
2965,387,53.495,36,97,6,1,0,0,0.03,0.004,200000
2966,400,47.047,28,61,4,0,0,1,0.03,0.004,200000
2967,400,75.904,43,117,5,0,0,1,0.03,0.004,200000
2968,400,54.54,30,93,7,0,0,1,0.03,0.004,200000
2969,400,68.272,40,89,2,0,0,1,0.03,0.004,200000
2970,400,65.114,39,89,9,0,0,1,0.03,0.004,200000
2971,386,61.05,43,103,8,1,0,0,0.03,0.004,200000
2972,400,2.048,6,21,5,0,0,1,0.03,0.004,200000
2973,15,-8.153,0,6,0,1,0,0,0.03,0.004,200000
2974,400,69.822,40,106,5,0,0,1,0.03,0.004,200000
2975,400,45.147,28,73,3,0,0,1,0.03,0.004,200000
2976,75,-3.024,3,24,2,1,0,0,0.03,0.004,200000
2977,53,-3.024,6,17,4,1,0,0,0.03,0.004,200000
2978,208,32.196,26,59,3,1,0,0,0.03,0.004,200000
2979,265,7.43,11,28,0,1,0,0,0.03,0.004,200000
2980,5,-13.441,0,3,1,1,0,0,0.03,0.004,200000
2981,7,-9.466,0,3,1,1,0,0,0.03,0.004,200000
2982,383,50.622,39,83,3,1,0,0,0.03,0.004,200000
2983,400,48.561,28,81,5,0,0,1,0.03,0.004,200000
2984,21,-10.709,0,10,3,1,0,0,0.03,0.004,200000
2985,172,19.795,18,56,4,1,0,0,0.03,0.004,200000
2986,322,27.907,24,67,9,1,0,0,0.03,0.004,200000
2987,400,67.454,41,93,5,0,0,1,0.03,0.004,200000
2988,400,61.148,36,101,3,0,0,1,0.03,0.004,200000
2989,400,45.954,28,74,6,0,0,1,0.03,0.004,200000
2990,163,23.184,20,52,2,1,0,0,0.03,0.004,200000
2991,236,38.314,28,71,2,1,0,0,0.03,0.004,200000
2992,163,20.482,16,58,2,1,0,0,0.03,0.004,200000
2993,400,75.023,45,114,5,0,0,1,0.03,0.004,200000
2994,400,-8.508,0,4,4,0,0,1,0.03,0.004,200000
2995,400,76.821,46,122,9,0,0,1,0.03,0.004,200000
2996,80,-0.309,7,20,2,1,0,0,0.03,0.004,200000
2997,400,64.168,37,92,5,0,0,1,0.03,0.004,200000
2998,400,70.477,41,95,6,0,0,1,0.03,0.004,200000
2999,400,64.589,36,101,3,0,0,1,0.03,0.004,200000
3000,400,35.185,25,49,5,0,0,1,0.03,0.004,200000
