episode,steps,total_reward,coins,crates,invalid,killed_self,killed_opponents,survived,epsilon,alpha,buffer
1,9,-12.425,0,3,4,1,0,0,1.0,0.02,9
2,10,-13.646,0,3,5,1,0,0,0.999,0.02,19
3,22,-13.349,0,5,7,1,0,0,0.999,0.02,41
4,7,-13.37,0,4,3,1,0,0,0.998,0.02,48
5,7,-13.45,0,4,4,1,0,0,0.997,0.02,55
6,17,-12.915,0,6,10,1,0,0,0.997,0.0199,72
7,6,-12.44,0,2,3,1,0,0,0.996,0.0199,78
8,7,-14.003,0,4,5,1,0,0,0.995,0.0199,85
9,7,-13.779,0,4,3,1,0,0,0.995,0.0199,92
10,7,-13.954,0,3,3,1,0,0,0.994,0.0199,99
11,8,-12.857,0,3,3,1,0,0,0.994,0.0199,107
12,5,-13.284,0,3,1,1,0,0,0.993,0.0199,112
13,12,-13.714,0,3,5,1,0,0,0.992,0.0199,124
14,12,-13.343,0,2,5,1,0,0,0.992,0.0199,136
15,6,-12.938,0,2,3,1,0,0,0.991,0.0199,142
16,5,-13.595,0,2,3,1,0,0,0.99,0.0198,147
17,32,-13.93,0,7,14,1,0,0,0.99,0.0198,179
18,7,-14.231,0,4,3,1,0,0,0.989,0.0198,186
19,10,-12.606,0,3,5,1,0,0,0.988,0.0198,196
20,13,-13.932,0,3,7,1,0,0,0.988,0.0198,209
21,10,-13.127,0,3,6,1,0,0,0.987,0.0198,219
22,7,-12.782,0,4,4,1,0,0,0.986,0.0198,226
23,11,-12.803,0,5,4,1,0,0,0.986,0.0198,237
24,8,-13.938,0,3,3,1,0,0,0.985,0.0198,245
25,10,-13.378,0,3,8,1,0,0,0.984,0.0197,255
26,6,-13.066,0,2,4,1,0,0,0.984,0.0197,261
27,5,-12.264,0,2,1,1,0,0,0.983,0.0197,266
28,13,-13.56,0,3,9,1,0,0,0.983,0.0197,279
29,32,-14.849,0,6,17,1,0,0,0.982,0.0197,311
30,29,-14.209,0,4,19,1,0,0,0.981,0.0197,340
31,6,-13.465,0,3,3,1,0,0,0.981,0.0197,346
32,25,-15.386,0,4,10,1,0,0,0.98,0.0197,371
33,11,-12.915,0,3,8,1,0,0,0.979,0.0197,382
34,10,-13.217,0,2,5,1,0,0,0.979,0.0196,392
35,13,-13.353,0,2,5,1,0,0,0.978,0.0196,405
36,8,-11.933,0,2,2,1,0,0,0.977,0.0196,413
37,8,-13.595,0,4,6,1,0,0,0.977,0.0196,421
38,9,-12.991,0,3,3,1,0,0,0.976,0.0196,430
39,8,-13.268,0,2,5,1,0,0,0.975,0.0196,438
40,5,-13.624,0,2,4,1,0,0,0.975,0.0196,443
41,8,-12.908,0,3,3,1,0,0,0.974,0.0196,451
42,5,-13.222,0,4,2,1,0,0,0.973,0.0196,456
43,15,-13.771,0,2,10,1,0,0,0.973,0.0196,471
44,6,-12.439,0,2,3,1,0,0,0.972,0.0195,477
45,8,-13.645,0,2,4,1,0,0,0.972,0.0195,485
46,9,-13.217,0,1,3,1,0,0,0.971,0.0195,494
47,8,-9.706,0,3,3,1,0,0,0.97,0.0195,502
48,5,-13.864,0,3,2,1,0,0,0.97,0.0195,507
49,7,-13.103,0,2,5,1,0,0,0.969,0.0195,514
50,7,-13.284,0,3,0,1,0,0,0.968,0.0195,521
51,22,-13.088,0,9,9,1,0,0,0.968,0.0195,543
52,5,-13.352,0,3,3,1,0,0,0.967,0.0195,548
53,18,-14.303,0,3,9,1,0,0,0.966,0.0194,566
54,25,-14.39,0,2,13,1,0,0,0.966,0.0194,591
55,15,-13.422,0,3,6,1,0,0,0.965,0.0194,606
56,5,-13.451,0,3,3,1,0,0,0.964,0.0194,611
57,5,-13.752,0,4,3,1,0,0,0.964,0.0194,616
58,6,-12.909,0,3,3,1,0,0,0.963,0.0194,622
59,10,-12.69,0,2,5,1,0,0,0.962,0.0194,632
60,7,-14.069,0,2,3,1,0,0,0.962,0.0194,639
61,5,-13.374,0,3,3,1,0,0,0.961,0.0194,644
62,12,-13.845,0,3,6,1,0,0,0.961,0.0193,656
63,10,-13.286,0,2,5,1,0,0,0.96,0.0193,666
64,7,-13.219,0,3,1,1,0,0,0.959,0.0193,673
65,8,-12.917,0,3,3,1,0,0,0.959,0.0193,681
66,16,-13.832,0,4,7,1,0,0,0.958,0.0193,697
67,12,-13.396,0,2,6,1,0,0,0.957,0.0193,709
68,7,-13.152,0,2,4,1,0,0,0.957,0.0193,716
69,6,-13.436,0,3,3,1,0,0,0.956,0.0193,722
70,10,-13.137,0,3,5,1,0,0,0.955,0.0193,732
71,5,-13.402,0,3,3,1,0,0,0.955,0.0193,737
72,12,-13.286,0,2,4,1,0,0,0.954,0.0192,749
73,7,-13.319,0,4,3,1,0,0,0.953,0.0192,756
74,14,-14.154,0,3,9,1,0,0,0.953,0.0192,770
75,23,-12.237,0,6,8,1,0,0,0.952,0.0192,793
76,5,-13.294,0,2,1,1,0,0,0.952,0.0192,798
77,7,-13.123,0,1,3,1,0,0,0.951,0.0192,805
78,18,-13.985,0,3,12,1,0,0,0.95,0.0192,823
79,9,-13.162,0,3,6,1,0,0,0.95,0.0192,832
80,6,-13.959,0,3,3,1,0,0,0.949,0.0192,838
81,18,-13.98,0,2,11,1,0,0,0.948,0.0191,856
82,15,-12.78,0,5,8,1,0,0,0.948,0.0191,871
83,8,-14.045,0,3,4,1,0,0,0.947,0.0191,879
84,12,-12.477,0,3,2,1,0,0,0.946,0.0191,891
85,25,-13.144,0,7,11,1,0,0,0.946,0.0191,916
86,5,-13.444,0,3,3,1,0,0,0.945,0.0191,921
87,6,-13.067,0,2,4,1,0,0,0.944,0.0191,927
88,9,-13.252,0,2,5,1,0,0,0.944,0.0191,936
89,9,-12.577,0,2,4,1,0,0,0.943,0.0191,945
90,7,-13.055,0,2,4,1,0,0,0.942,0.0191,952
91,8,-12.412,0,3,3,1,0,0,0.942,0.019,960
92,5,-13.822,0,3,2,1,0,0,0.941,0.019,965
93,23,-14.674,0,5,10,1,0,0,0.941,0.019,988
94,6,-13.429,0,3,3,1,0,0,0.94,0.019,994
95,5,-13.694,0,4,2,1,0,0,0.939,0.019,999
96,8,-13.22,0,2,5,1,0,0,0.939,0.019,1007
97,7,-13.253,0,1,5,1,0,0,0.938,0.019,1014
98,8,-12.542,0,3,4,1,0,0,0.937,0.019,1022
99,10,-13.477,0,2,8,1,0,0,0.937,0.019,1032
100,6,-12.391,0,2,3,1,0,0,0.936,0.0189,1038
101,23,-14.909,0,4,10,1,0,0,0.935,0.0189,1061
102,9,-14.935,0,1,5,1,0,0,0.935,0.0189,1070
103,12,-14.365,0,3,6,1,0,0,0.934,0.0189,1082
104,11,-13.391,0,2,6,1,0,0,0.933,0.0189,1093
105,20,-13.885,0,3,11,1,0,0,0.933,0.0189,1113
106,6,-12.968,0,2,3,1,0,0,0.932,0.0189,1119
107,6,-13.139,0,2,4,1,0,0,0.931,0.0189,1125
108,9,-12.575,0,3,4,1,0,0,0.931,0.0189,1134
109,10,-13.297,0,3,7,1,0,0,0.93,0.0188,1144
110,7,-13.132,0,2,5,1,0,0,0.93,0.0188,1151
111,6,-14.085,0,2,3,1,0,0,0.929,0.0188,1157
112,8,-14.016,0,3,3,1,0,0,0.928,0.0188,1165
113,10,-13.693,0,4,7,1,0,0,0.928,0.0188,1175
114,10,-13.087,0,3,5,1,0,0,0.927,0.0188,1185
115,8,-13.087,0,2,4,1,0,0,0.926,0.0188,1193
116,6,-13.285,0,4,3,1,0,0,0.926,0.0188,1199
117,6,-13.117,0,2,4,1,0,0,0.925,0.0188,1205
118,7,-13.513,0,3,3,1,0,0,0.924,0.0188,1212
119,8,-13.407,0,3,2,1,0,0,0.924,0.0187,1220
120,17,-12.659,0,6,7,1,0,0,0.923,0.0187,1237
121,10,-13.594,0,4,5,1,0,0,0.922,0.0187,1247
122,5,-14.35,0,4,3,1,0,0,0.922,0.0187,1252
123,10,-13.582,0,4,5,1,0,0,0.921,0.0187,1262
124,18,-11.255,0,9,6,1,0,0,0.92,0.0187,1280
125,14,-13.645,0,2,9,1,0,0,0.92,0.0187,1294
126,5,-13.995,0,2,2,1,0,0,0.919,0.0187,1299
127,19,-13.542,0,3,7,1,0,0,0.919,0.0187,1318
128,10,-12.849,0,3,7,1,0,0,0.918,0.0186,1328
129,17,-15.069,0,1,5,1,0,0,0.917,0.0186,1345
130,9,-14.052,0,3,4,1,0,0,0.917,0.0186,1354
131,11,-13.5,0,2,7,1,0,0,0.916,0.0186,1365
132,8,-13.067,0,3,5,1,0,0,0.915,0.0186,1373
133,18,-13.596,0,3,8,1,0,0,0.915,0.0186,1391
134,11,-13.54,0,2,9,1,0,0,0.914,0.0186,1402
135,30,-14.343,0,5,16,1,0,0,0.913,0.0186,1432
136,16,-12.839,0,3,6,1,0,0,0.913,0.0186,1448
137,21,-14.082,0,4,8,1,0,0,0.912,0.0185,1469
138,10,-13.3,0,3,7,1,0,0,0.911,0.0185,1479
139,5,-13.495,0,2,2,1,0,0,0.911,0.0185,1484
140,51,-14.556,0,5,19,1,0,0,0.91,0.0185,1535
141,9,-13.498,0,3,3,1,0,0,0.909,0.0185,1544
142,5,-13.752,0,4,3,1,0,0,0.909,0.0185,1549
143,20,-13.053,0,3,8,1,0,0,0.908,0.0185,1569
144,6,-12.837,0,3,3,1,0,0,0.908,0.0185,1575
145,11,-12.793,0,3,1,1,0,0,0.907,0.0185,1586
146,14,-12.827,0,3,6,1,0,0,0.906,0.0185,1600
147,14,-13.744,0,3,5,1,0,0,0.906,0.0184,1614
148,27,-13.779,0,3,14,1,0,0,0.905,0.0184,1641
149,5,-13.345,0,3,2,1,0,0,0.904,0.0184,1646
150,11,-13.529,0,3,3,1,0,0,0.904,0.0184,1657
151,5,-14.075,0,2,3,1,0,0,0.903,0.0184,1662
152,9,-12.474,0,3,4,1,0,0,0.902,0.0184,1671
153,7,-12.974,0,2,3,1,0,0,0.902,0.0184,1678
154,49,-11.859,0,3,17,1,0,0,0.901,0.0184,1727
155,21,-13.808,0,3,10,1,0,0,0.9,0.0184,1748
156,6,-13.464,0,4,4,1,0,0,0.9,0.0183,1754
157,6,-12.888,0,2,3,1,0,0,0.899,0.0183,1760
158,5,-13.802,0,4,3,1,0,0,0.898,0.0183,1765
159,31,-14.728,0,3,11,1,0,0,0.898,0.0183,1796
160,12,-13.036,0,3,4,1,0,0,0.897,0.0183,1808
161,12,-10.494,0,3,6,1,0,0,0.897,0.0183,1820
162,18,-15.311,0,3,11,1,0,0,0.896,0.0183,1838
163,35,-15.763,0,3,21,1,0,0,0.895,0.0183,1873
164,17,-11.075,1,3,5,1,0,0,0.895,0.0183,1890
165,5,-13.402,0,3,3,1,0,0,0.894,0.0183,1895
166,22,-13.437,0,2,10,1,0,0,0.893,0.0182,1917
167,6,-13.409,0,4,4,1,0,0,0.893,0.0182,1923
168,14,-14.668,0,3,8,1,0,0,0.892,0.0182,1937
169,16,-14.025,0,3,6,1,0,0,0.891,0.0182,1953
170,6,-13.629,0,2,3,1,0,0,0.891,0.0182,1959
171,6,-13.386,0,4,3,1,0,0,0.89,0.0182,1965
172,5,-13.301,0,3,3,1,0,0,0.889,0.0182,1970
173,13,-12.324,0,4,6,1,0,0,0.889,0.0182,1983
174,14,-13.069,0,3,8,1,0,0,0.888,0.0182,1997
175,21,-14.294,0,2,14,1,0,0,0.887,0.0181,2018
176,5,-13.874,0,3,3,1,0,0,0.887,0.0181,2023
177,9,-13.449,0,3,3,1,0,0,0.886,0.0181,2032
178,7,-12.556,0,2,4,1,0,0,0.886,0.0181,2039
179,28,-14.651,0,3,17,1,0,0,0.885,0.0181,2067
180,5,-13.772,0,3,2,1,0,0,0.884,0.0181,2072
181,5,-14.675,0,2,4,1,0,0,0.884,0.0181,2077
182,7,-12.999,0,2,3,1,0,0,0.883,0.0181,2084
183,7,-13.74,0,4,2,1,0,0,0.882,0.0181,2091
184,8,-12.409,0,3,3,1,0,0,0.882,0.018,2099
185,16,-14.717,0,1,7,1,0,0,0.881,0.018,2115
186,11,-13.402,0,2,6,1,0,0,0.88,0.018,2126
187,45,-15.691,0,2,23,1,0,0,0.88,0.018,2171
188,5,-13.951,0,3,3,1,0,0,0.879,0.018,2176
189,9,-12.607,0,3,5,1,0,0,0.878,0.018,2185
190,8,-12.441,0,3,4,1,0,0,0.878,0.018,2193
191,48,-13.992,1,5,20,1,0,0,0.877,0.018,2241
192,8,-12.907,0,3,3,1,0,0,0.876,0.018,2249
193,15,-13.459,0,2,6,1,0,0,0.876,0.018,2264
194,17,-13.489,0,3,8,1,0,0,0.875,0.0179,2281
195,9,-12.98,0,3,4,1,0,0,0.875,0.0179,2290
196,8,-13.017,0,3,4,1,0,0,0.874,0.0179,2298
197,5,-13.951,0,3,3,1,0,0,0.873,0.0179,2303
198,5,-12.764,0,3,2,1,0,0,0.873,0.0179,2308
199,7,-12.503,0,2,4,1,0,0,0.872,0.0179,2315
200,19,-12.987,0,5,11,1,0,0,0.871,0.0179,2334
201,10,-14.223,0,4,6,1,0,0,0.871,0.0179,2344
202,5,-13.29,0,3,1,1,0,0,0.87,0.0179,2349
203,5,-13.752,0,4,3,1,0,0,0.869,0.0178,2354
204,9,-9.79,0,3,1,1,0,0,0.869,0.0178,2363
205,8,-9.9,0,2,2,1,0,0,0.868,0.0178,2371
206,8,-12.521,0,3,5,1,0,0,0.867,0.0178,2379
207,10,-13.541,0,0,4,1,0,0,0.867,0.0178,2389
208,6,-13.979,0,3,3,1,0,0,0.866,0.0178,2395
209,7,-13.182,0,4,3,1,0,0,0.865,0.0178,2402
210,5,-13.22,0,3,2,1,0,0,0.865,0.0178,2407
211,5,-14.124,0,2,4,1,0,0,0.864,0.0178,2412
212,5,-12.941,0,2,3,1,0,0,0.864,0.0177,2417
213,13,-14.513,0,1,4,1,0,0,0.863,0.0177,2430
214,8,-13.067,0,3,5,1,0,0,0.862,0.0177,2438
215,15,-12.5,0,4,4,1,0,0,0.862,0.0177,2453
216,25,-13.462,0,4,14,1,0,0,0.861,0.0177,2478
217,7,-13.579,0,3,5,1,0,0,0.86,0.0177,2485
218,5,-13.845,0,3,2,1,0,0,0.86,0.0177,2490
219,5,-13.272,0,3,2,1,0,0,0.859,0.0177,2495
220,6,-13.459,0,3,3,1,0,0,0.858,0.0177,2501
221,28,-14.718,0,4,15,1,0,0,0.858,0.0177,2529
222,6,-12.382,0,2,3,1,0,0,0.857,0.0176,2535
223,14,-13.029,0,2,8,1,0,0,0.856,0.0176,2549
224,10,-13.693,0,3,5,1,0,0,0.856,0.0176,2559
225,5,-13.24,0,3,1,1,0,0,0.855,0.0176,2564
226,9,-13.46,0,4,5,1,0,0,0.855,0.0176,2573
227,5,-13.2,0,4,3,1,0,0,0.854,0.0176,2578
228,14,-13.194,0,3,5,1,0,0,0.853,0.0176,2592
229,14,-13.676,0,2,8,1,0,0,0.853,0.0176,2606
230,12,-10.294,0,2,3,1,0,0,0.852,0.0176,2618
231,9,-13.919,0,3,2,1,0,0,0.851,0.0175,2627
232,15,-12.157,0,3,5,1,0,0,0.851,0.0175,2642
233,5,-13.741,0,3,1,1,0,0,0.85,0.0175,2647
234,7,-14.03,0,3,5,1,0,0,0.849,0.0175,2654
235,9,-12.901,0,3,3,1,0,0,0.849,0.0175,2663
236,10,-13.718,0,3,5,1,0,0,0.848,0.0175,2673
237,9,-13.217,0,1,3,1,0,0,0.847,0.0175,2682
238,9,-13.448,0,4,3,1,0,0,0.847,0.0175,2691
239,7,-13.323,0,1,5,1,0,0,0.846,0.0175,2698
240,6,-14.016,0,3,4,1,0,0,0.845,0.0175,2704
241,9,-13.277,0,2,5,1,0,0,0.845,0.0174,2713
242,13,-12.673,0,2,4,1,0,0,0.844,0.0174,2726
243,10,-13.216,0,3,6,1,0,0,0.844,0.0174,2736
244,6,-12.361,0,2,2,1,0,0,0.843,0.0174,2742
245,32,-13.85,0,4,12,1,0,0,0.842,0.0174,2774
246,36,-12.692,1,6,14,1,0,0,0.842,0.0174,2810
247,6,-13.164,0,1,4,1,0,0,0.841,0.0174,2816
248,13,-13.289,0,3,6,1,0,0,0.84,0.0174,2829
249,16,-12.572,0,2,7,1,0,0,0.84,0.0174,2845
250,18,-14.376,0,3,10,1,0,0,0.839,0.0173,2863
251,8,-13.707,0,2,4,1,0,0,0.838,0.0173,2871
252,6,-12.132,0,3,1,1,0,0,0.838,0.0173,2877
253,11,-9.912,0,1,3,1,0,0,0.837,0.0173,2888
254,5,-13.161,0,3,0,1,0,0,0.836,0.0173,2893
255,13,-14.889,0,4,8,1,0,0,0.836,0.0173,2906
256,6,-13.355,0,3,2,1,0,0,0.835,0.0173,2912
257,8,-10.921,0,0,2,1,0,0,0.834,0.0173,2920
258,6,-13.886,0,4,3,1,0,0,0.834,0.0173,2926
259,5,-13.925,0,3,3,1,0,0,0.833,0.0172,2931
260,12,-12.57,0,3,5,1,0,0,0.833,0.0172,2943
261,9,-10.236,0,3,3,1,0,0,0.832,0.0172,2952
262,7,-13.92,0,3,3,1,0,0,0.831,0.0172,2959
263,6,-12.459,0,2,3,1,0,0,0.831,0.0172,2965
264,6,-14.386,0,3,3,1,0,0,0.83,0.0172,2971
265,12,-13.742,0,4,6,1,0,0,0.829,0.0172,2983
266,9,-13.504,0,3,5,1,0,0,0.829,0.0172,2992
267,6,-13.989,0,2,3,1,0,0,0.828,0.0172,2998
268,17,-13.591,0,3,8,1,0,0,0.827,0.0172,3015
269,11,-13.921,0,2,5,1,0,0,0.827,0.0171,3026
270,27,-13.444,0,2,11,1,0,0,0.826,0.0171,3053
271,30,-14.342,0,3,13,1,0,0,0.825,0.0171,3083
272,21,-13.588,0,3,8,1,0,0,0.825,0.0171,3104
273,5,-14.124,0,2,4,1,0,0,0.824,0.0171,3109
274,5,-13.101,0,1,3,1,0,0,0.823,0.0171,3114
275,18,-14.107,0,3,13,1,0,0,0.823,0.0171,3132
276,22,-14.123,0,3,15,1,0,0,0.822,0.0171,3154
277,40,-15.346,0,5,28,1,0,0,0.822,0.0171,3194
278,11,-13.94,0,3,2,1,0,0,0.821,0.017,3205
279,18,-13.643,0,2,7,1,0,0,0.82,0.017,3223
280,10,-13.214,0,1,4,1,0,0,0.82,0.017,3233
281,5,-13.191,0,3,1,1,0,0,0.819,0.017,3238
282,6,-13.039,0,2,4,1,0,0,0.818,0.017,3244
283,5,-13.974,0,3,4,1,0,0,0.818,0.017,3249
284,8,-12.492,0,2,4,1,0,0,0.817,0.017,3257
285,10,-13.527,0,2,8,1,0,0,0.816,0.017,3267
286,7,-13.531,0,2,3,1,0,0,0.816,0.017,3274
287,13,-13.241,0,3,6,1,0,0,0.815,0.0169,3287
288,23,-12.735,0,4,10,1,0,0,0.814,0.0169,3310
289,29,-13.357,0,3,13,1,0,0,0.814,0.0169,3339
290,10,-12.36,0,3,2,1,0,0,0.813,0.0169,3349
291,39,-14.477,0,5,15,1,0,0,0.812,0.0169,3388
292,5,-13.472,0,2,2,1,0,0,0.812,0.0169,3393
293,5,-13.444,0,3,3,1,0,0,0.811,0.0169,3398
294,5,-13.251,0,4,3,1,0,0,0.811,0.0169,3403
295,13,-13.822,0,2,11,1,0,0,0.81,0.0169,3416
296,5,-12.274,0,3,3,1,0,0,0.809,0.0169,3421
297,19,-13.071,0,3,8,1,0,0,0.809,0.0168,3440
298,6,-13.068,0,2,4,1,0,0,0.808,0.0168,3446
299,6,-13.815,0,4,4,1,0,0,0.807,0.0168,3452
300,7,-14.143,0,3,4,1,0,0,0.807,0.0168,3459
301,8,-13.017,0,3,5,1,0,0,0.806,0.0168,3467
302,6,-13.916,0,4,4,1,0,0,0.805,0.0168,3473
303,9,-9.885,0,3,2,1,0,0,0.805,0.0168,3482
304,24,-12.574,0,5,10,1,0,0,0.804,0.0168,3506
305,11,-13.134,0,3,5,1,0,0,0.803,0.0168,3517
306,7,-12.822,0,3,3,1,0,0,0.803,0.0167,3524
307,31,-15.391,0,3,17,1,0,0,0.802,0.0167,3555
308,6,-13.429,0,3,3,1,0,0,0.801,0.0167,3561
309,12,-12.669,0,3,5,1,0,0,0.801,0.0167,3573
310,5,-13.345,0,3,2,1,0,0,0.8,0.0167,3578
311,20,-13.201,0,3,10,1,0,0,0.8,0.0167,3598
312,5,-13.552,0,2,3,1,0,0,0.799,0.0167,3603
313,18,-13.171,0,2,8,1,0,0,0.798,0.0167,3621
314,33,-14.787,0,2,16,1,0,0,0.798,0.0167,3654
315,7,-13.993,0,3,3,1,0,0,0.797,0.0167,3661
316,13,-13.18,0,2,3,1,0,0,0.796,0.0166,3674
317,42,-13.411,2,9,18,1,0,0,0.796,0.0166,3716
318,9,-12.882,0,3,4,1,0,0,0.795,0.0166,3725
319,5,-14.021,0,2,3,1,0,0,0.794,0.0166,3730
320,42,-15.476,0,3,24,1,0,0,0.794,0.0166,3772
321,14,-13.452,0,2,6,1,0,0,0.793,0.0166,3786
322,21,-14.172,0,3,13,1,0,0,0.792,0.0166,3807
323,7,-13.455,0,3,4,1,0,0,0.792,0.0166,3814
324,23,-13.673,0,2,12,1,0,0,0.791,0.0166,3837
325,18,-13.518,0,5,8,1,0,0,0.79,0.0165,3855
326,19,-11.477,0,2,9,1,0,0,0.79,0.0165,3874
327,6,-13.466,0,3,4,1,0,0,0.789,0.0165,3880
328,15,-13.703,0,2,8,1,0,0,0.789,0.0165,3895
329,35,-13.517,0,9,16,1,0,0,0.788,0.0165,3930
330,8,-13.965,0,3,3,1,0,0,0.787,0.0165,3938
331,18,-13.913,0,3,11,1,0,0,0.787,0.0165,3956
332,9,-14.381,0,4,4,1,0,0,0.786,0.0165,3965
333,6,-12.261,0,3,2,1,0,0,0.785,0.0165,3971
334,7,-13.819,0,4,3,1,0,0,0.785,0.0164,3978
335,9,-13.152,0,3,5,1,0,0,0.784,0.0164,3987
336,6,-13.038,0,2,3,1,0,0,0.783,0.0164,3993
337,25,-14.411,0,2,13,1,0,0,0.783,0.0164,4018
338,5,-13.201,0,4,3,1,0,0,0.782,0.0164,4023
339,5,-14.252,0,4,3,1,0,0,0.781,0.0164,4028
340,8,-11.99,0,6,3,1,0,0,0.781,0.0164,4036
341,12,-12.519,0,5,6,1,0,0,0.78,0.0164,4048
342,34,-13.231,0,4,15,1,0,0,0.779,0.0164,4082
343,10,-13.297,0,3,7,1,0,0,0.779,0.0164,4092
344,6,-12.135,0,3,1,1,0,0,0.778,0.0163,4098
345,14,-14.132,0,3,4,1,0,0,0.778,0.0163,4112
346,17,-12.612,0,6,5,1,0,0,0.777,0.0163,4129
347,27,-14.292,0,1,6,1,0,0,0.776,0.0163,4156
348,9,-9.659,0,3,2,1,0,0,0.776,0.0163,4165
349,14,-10.256,0,3,6,1,0,0,0.775,0.0163,4179
350,14,-13.332,0,5,5,1,0,0,0.774,0.0163,4193
351,25,-13.408,0,6,10,1,0,0,0.774,0.0163,4218
352,19,-14.002,0,1,11,1,0,0,0.773,0.0163,4237
353,15,-13.992,0,2,11,1,0,0,0.772,0.0162,4252
354,12,-14.095,0,3,4,1,0,0,0.772,0.0162,4264
355,10,-13.544,0,4,5,1,0,0,0.771,0.0162,4274
356,55,-14.769,1,4,29,1,0,0,0.77,0.0162,4329
357,21,-13.331,0,2,9,1,0,0,0.77,0.0162,4350
358,17,-9.715,1,6,3,1,0,0,0.769,0.0162,4367
359,5,-13.825,0,4,4,1,0,0,0.768,0.0162,4372
360,10,-13.638,0,3,4,1,0,0,0.768,0.0162,4382
361,12,-12.877,0,3,7,1,0,0,0.767,0.0162,4394
362,5,-13.85,0,2,2,1,0,0,0.767,0.0161,4399
363,26,-10.469,0,4,11,1,0,0,0.766,0.0161,4425
364,8,-12.41,0,3,3,1,0,0,0.765,0.0161,4433
365,42,-15.998,0,2,27,1,0,0,0.765,0.0161,4475
366,6,-14.016,0,3,4,1,0,0,0.764,0.0161,4481
367,6,-14.366,0,4,4,1,0,0,0.763,0.0161,4487
368,5,-14.675,0,2,4,1,0,0,0.763,0.0161,4492
369,6,-13.299,0,3,1,1,0,0,0.762,0.0161,4498
370,50,-11.625,1,5,20,1,0,0,0.761,0.0161,4548
371,16,-10.284,0,3,6,1,0,0,0.761,0.0161,4564
372,13,-11.964,0,4,5,1,0,0,0.76,0.016,4577
373,31,-14.219,0,3,13,1,0,0,0.759,0.016,4608
374,10,-13.134,0,3,5,1,0,0,0.759,0.016,4618
375,13,-13.199,0,3,5,1,0,0,0.758,0.016,4631
376,14,-12.899,0,3,7,1,0,0,0.758,0.016,4645
377,32,-13.944,0,7,13,1,0,0,0.757,0.016,4677
378,16,-13.855,0,2,10,1,0,0,0.756,0.016,4693
379,19,-10.434,0,3,9,1,0,0,0.756,0.016,4712
380,15,-14.879,0,5,7,1,0,0,0.755,0.016,4727
381,9,-12.535,0,2,4,1,0,0,0.754,0.0159,4736
382,5,-13.322,0,3,2,1,0,0,0.754,0.0159,4741
383,17,-13.488,0,2,6,1,0,0,0.753,0.0159,4758
384,5,-13.391,0,2,1,1,0,0,0.752,0.0159,4763
385,13,-13.036,0,2,8,1,0,0,0.752,0.0159,4776
386,6,-12.929,0,3,3,1,0,0,0.751,0.0159,4782
387,6,-12.209,0,3,3,1,0,0,0.75,0.0159,4788
388,8,-13.248,0,2,6,1,0,0,0.75,0.0159,4796
389,15,-12.595,0,4,6,1,0,0,0.749,0.0159,4811
390,18,-12.897,0,6,10,1,0,0,0.748,0.0159,4829
391,26,-11.968,1,5,11,1,0,0,0.748,0.0158,4855
392,28,-14.998,0,4,11,1,0,0,0.747,0.0158,4883
393,17,-14.995,0,3,12,1,0,0,0.747,0.0158,4900
394,21,-14.466,0,3,11,1,0,0,0.746,0.0158,4921
395,25,-13.266,0,1,6,1,0,0,0.745,0.0158,4946
396,23,-10.388,0,2,9,1,0,0,0.745,0.0158,4969
397,6,-13.815,0,4,4,1,0,0,0.744,0.0158,4975
398,36,-14.685,0,3,22,1,0,0,0.743,0.0158,5011
399,8,-13.038,0,3,4,1,0,0,0.743,0.0158,5019
400,10,-13.005,0,3,4,1,0,0,0.742,0.0157,5029
401,5,-12.895,0,3,3,1,0,0,0.741,0.0157,5034
402,38,-12.536,1,4,17,1,0,0,0.741,0.0157,5072
403,8,-13.047,0,3,6,1,0,0,0.74,0.0157,5080
404,12,-14.273,0,4,7,1,0,0,0.739,0.0157,5092
405,20,-13.354,0,1,8,1,0,0,0.739,0.0157,5112
406,8,-12.361,0,3,3,1,0,0,0.738,0.0157,5120
407,5,-12.274,0,3,3,1,0,0,0.737,0.0157,5125
408,20,-13.53,0,4,8,1,0,0,0.737,0.0157,5145
409,21,-12.69,0,4,10,1,0,0,0.736,0.0156,5166
410,33,-12.543,0,8,11,1,0,0,0.736,0.0156,5199
411,34,-15.17,0,5,13,1,0,0,0.735,0.0156,5233
412,15,-13.212,0,5,8,1,0,0,0.734,0.0156,5248
413,6,-14.039,0,3,4,1,0,0,0.734,0.0156,5254
414,25,-13.774,0,3,9,1,0,0,0.733,0.0156,5279
415,8,-12.59,0,2,4,1,0,0,0.732,0.0156,5287
416,13,-12.662,0,3,6,1,0,0,0.732,0.0156,5300
417,6,-13.249,0,3,1,1,0,0,0.731,0.0156,5306
418,10,-13.115,0,3,6,1,0,0,0.73,0.0156,5316
419,23,-14.565,0,3,17,1,0,0,0.73,0.0155,5339
420,32,-14.095,0,4,17,1,0,0,0.729,0.0155,5371
421,18,-14.324,0,4,10,1,0,0,0.728,0.0155,5389
422,27,-12.125,0,8,10,1,0,0,0.728,0.0155,5416
423,55,-14.736,0,4,23,1,0,0,0.727,0.0155,5471
424,8,-13.297,0,2,6,1,0,0,0.726,0.0155,5479
425,31,-13.783,0,3,8,1,0,0,0.726,0.0155,5510
426,27,-13.848,0,1,12,1,0,0,0.725,0.0155,5537
427,7,-13.206,0,1,4,1,0,0,0.725,0.0155,5544
428,11,-14.257,0,3,6,1,0,0,0.724,0.0154,5555
429,6,-13.089,0,1,3,1,0,0,0.723,0.0154,5561
430,28,-13.933,0,4,15,1,0,0,0.723,0.0154,5589
431,24,-10.868,0,4,10,1,0,0,0.722,0.0154,5613
432,10,-13.826,0,2,4,1,0,0,0.721,0.0154,5623
433,21,-13.541,0,2,5,1,0,0,0.721,0.0154,5644
434,5,-13.95,0,3,3,1,0,0,0.72,0.0154,5649
435,5,-14.401,0,3,3,1,0,0,0.719,0.0154,5654
436,8,-12.62,0,3,5,1,0,0,0.719,0.0154,5662
437,9,-13.283,0,2,6,1,0,0,0.718,0.0153,5671
438,10,-13.471,0,2,8,1,0,0,0.717,0.0153,5681
439,16,-13.18,0,3,9,1,0,0,0.717,0.0153,5697
440,5,-13.091,0,4,1,1,0,0,0.716,0.0153,5702
441,12,-13.561,0,2,2,1,0,0,0.715,0.0153,5714
442,8,-12.411,0,3,3,1,0,0,0.715,0.0153,5722
443,17,-14.009,0,3,6,1,0,0,0.714,0.0153,5739
444,32,-14.774,0,4,17,1,0,0,0.714,0.0153,5771
445,6,-13.736,0,4,3,1,0,0,0.713,0.0153,5777
446,11,-13.839,0,2,6,1,0,0,0.712,0.0153,5788
447,15,-13.56,0,3,8,1,0,0,0.712,0.0152,5803
448,27,-13.723,0,4,14,1,0,0,0.711,0.0152,5830
449,8,-11.984,0,2,2,1,0,0,0.71,0.0152,5838
450,7,-9.691,0,2,2,1,0,0,0.71,0.0152,5845
451,8,-10.771,0,0,2,1,0,0,0.709,0.0152,5853
452,7,-12.707,0,1,4,1,0,0,0.708,0.0152,5860
453,10,-13.447,0,2,7,1,0,0,0.708,0.0152,5870
454,16,-13.815,0,3,4,1,0,0,0.707,0.0152,5886
455,24,-14.17,0,4,12,1,0,0,0.706,0.0152,5910
456,18,-13.048,0,5,8,1,0,0,0.706,0.0151,5928
457,25,-13.855,0,5,11,1,0,0,0.705,0.0151,5953
458,5,-13.87,0,3,2,1,0,0,0.704,0.0151,5958
459,6,-12.986,0,1,2,1,0,0,0.704,0.0151,5964
460,12,-13.447,0,2,6,1,0,0,0.703,0.0151,5976
461,5,-13.499,0,2,3,1,0,0,0.703,0.0151,5981
462,10,-13.665,0,3,4,1,0,0,0.702,0.0151,5991
463,12,-10.12,0,3,5,1,0,0,0.701,0.0151,6003
464,14,-13.668,0,2,8,1,0,0,0.701,0.0151,6017
465,21,-14.499,0,3,12,1,0,0,0.7,0.0151,6038
466,8,-13.278,0,1,4,1,0,0,0.699,0.015,6046
467,8,-13.329,0,4,2,1,0,0,0.699,0.015,6054
468,45,-10.575,0,6,12,1,0,0,0.698,0.015,6099
469,29,-14.836,0,3,13,1,0,0,0.697,0.015,6128
470,9,-9.519,0,3,2,1,0,0,0.697,0.015,6137
471,10,-12.611,0,2,4,1,0,0,0.696,0.015,6147
472,19,-12.459,0,3,6,1,0,0,0.695,0.015,6166
473,13,-14.37,0,3,7,1,0,0,0.695,0.015,6179
474,29,-13.254,0,4,8,1,0,0,0.694,0.015,6208
475,7,-13.893,0,4,3,1,0,0,0.693,0.0149,6215
476,11,-12.835,0,3,7,1,0,0,0.693,0.0149,6226
477,6,-12.988,0,2,3,1,0,0,0.692,0.0149,6232
478,56,-15.443,0,4,19,1,0,0,0.692,0.0149,6288
479,57,-16.771,1,6,26,1,0,0,0.691,0.0149,6345
480,12,-13.177,0,3,4,1,0,0,0.69,0.0149,6357
481,11,-13.433,0,3,7,1,0,0,0.69,0.0149,6368
482,5,-11.624,0,2,1,1,0,0,0.689,0.0149,6373
483,11,-9.788,0,3,2,1,0,0,0.688,0.0149,6384
484,14,-9.982,0,3,3,1,0,0,0.688,0.0148,6398
485,32,-14.457,0,4,16,1,0,0,0.687,0.0148,6430
486,6,-12.941,0,2,3,1,0,0,0.686,0.0148,6436
487,61,-16.976,0,5,32,1,0,0,0.686,0.0148,6497
488,11,-13.69,0,3,5,1,0,0,0.685,0.0148,6508
489,6,-12.918,0,3,4,1,0,0,0.684,0.0148,6514
490,12,-14.523,0,2,7,1,0,0,0.684,0.0148,6526
491,6,-12.938,0,2,3,1,0,0,0.683,0.0148,6532
492,24,-13.073,0,3,8,1,0,0,0.682,0.0148,6556
493,46,-15.988,0,3,16,1,0,0,0.682,0.0148,6602
494,13,-12.465,0,3,3,1,0,0,0.681,0.0147,6615
495,8,-14.396,0,4,4,1,0,0,0.681,0.0147,6623
496,9,-14.304,0,2,5,1,0,0,0.68,0.0147,6632
497,10,-13.387,0,4,3,1,0,0,0.679,0.0147,6642
498,21,-14.399,0,4,5,1,0,0,0.679,0.0147,6663
499,40,-14.909,0,4,25,1,0,0,0.678,0.0147,6703
500,8,-13.117,0,2,5,1,0,0,0.677,0.0147,6711
501,23,-10.531,0,4,9,1,0,0,0.677,0.0147,6734
502,10,-12.58,0,2,3,1,0,0,0.676,0.0147,6744
503,16,-13.502,0,1,5,1,0,0,0.675,0.0146,6760
504,12,-13.067,0,3,5,1,0,0,0.675,0.0146,6772
505,10,-14.095,0,4,5,1,0,0,0.674,0.0146,6782
506,18,-10.112,0,3,6,1,0,0,0.673,0.0146,6800
507,5,-14.325,0,3,3,1,0,0,0.673,0.0146,6805
508,8,-13.088,0,2,4,1,0,0,0.672,0.0146,6813
509,5,-13.451,0,2,3,1,0,0,0.671,0.0146,6818
510,29,-11.043,0,2,9,1,0,0,0.671,0.0146,6847
511,5,-13.242,0,3,1,1,0,0,0.67,0.0146,6852
512,42,-15.081,0,4,21,1,0,0,0.67,0.0145,6894
513,25,-13.481,0,4,16,1,0,0,0.669,0.0145,6919
514,28,-12.969,0,5,7,1,0,0,0.668,0.0145,6947
515,35,-12.524,1,4,10,1,0,0,0.668,0.0145,6982
516,9,-12.485,0,1,1,1,0,0,0.667,0.0145,6991
517,11,-13.478,0,2,1,1,0,0,0.666,0.0145,7002
518,24,-14.055,0,5,14,1,0,0,0.666,0.0145,7026
519,80,-14.485,0,10,30,1,0,0,0.665,0.0145,7106
520,24,-12.904,0,2,7,1,0,0,0.664,0.0145,7130
521,30,-14.494,0,2,13,1,0,0,0.664,0.0145,7160
522,26,-16.002,0,2,14,1,0,0,0.663,0.0144,7186
523,16,-14.585,0,2,6,1,0,0,0.662,0.0144,7202
524,5,-13.364,0,3,2,1,0,0,0.662,0.0144,7207
525,6,-13.749,0,4,2,1,0,0,0.661,0.0144,7213
526,5,-13.172,0,4,2,1,0,0,0.66,0.0144,7218
527,5,-13.21,0,2,0,1,0,0,0.66,0.0144,7223
528,17,-14.167,0,3,9,1,0,0,0.659,0.0144,7240
529,14,-9.726,0,3,3,1,0,0,0.659,0.0144,7254
530,11,-11.632,0,6,5,1,0,0,0.658,0.0144,7265
531,5,-13.852,0,3,3,1,0,0,0.657,0.0143,7270
532,53,-17.243,1,7,26,1,0,0,0.657,0.0143,7323
533,27,-14.466,0,4,13,1,0,0,0.656,0.0143,7350
534,6,-12.31,0,3,2,1,0,0,0.655,0.0143,7356
535,15,-13.288,0,3,5,1,0,0,0.655,0.0143,7371
536,36,-14.832,0,3,18,1,0,0,0.654,0.0143,7407
537,16,-10.149,0,3,4,1,0,0,0.653,0.0143,7423
538,7,-13.949,0,4,4,1,0,0,0.653,0.0143,7430
539,51,-16.23,0,6,29,1,0,0,0.652,0.0143,7481
540,8,-9.803,0,3,3,1,0,0,0.651,0.0143,7489
541,11,-12.766,0,1,3,1,0,0,0.651,0.0142,7500
542,17,-13.458,0,3,8,1,0,0,0.65,0.0142,7517
543,18,-12.856,0,1,5,1,0,0,0.65,0.0142,7535
544,5,-13.371,0,3,2,1,0,0,0.649,0.0142,7540
545,17,-14.431,0,4,7,1,0,0,0.648,0.0142,7557
546,5,-11.624,0,2,1,1,0,0,0.648,0.0142,7562
547,12,-13.815,0,3,6,1,0,0,0.647,0.0142,7574
548,41,-11.848,1,6,17,1,0,0,0.646,0.0142,7615
549,23,-9.973,0,5,4,1,0,0,0.646,0.0142,7638
550,5,-13.902,0,3,3,1,0,0,0.645,0.0141,7643
551,38,-11.162,2,10,17,1,0,0,0.644,0.0141,7681
552,9,-13.611,0,3,5,1,0,0,0.644,0.0141,7690
553,12,-13.237,0,2,4,1,0,0,0.643,0.0141,7702
554,6,-14.016,0,3,4,1,0,0,0.642,0.0141,7708
555,12,-14.291,0,3,6,1,0,0,0.642,0.0141,7720
556,48,-14.011,1,9,24,1,0,0,0.641,0.0141,7768
557,22,-14.762,0,3,8,1,0,0,0.64,0.0141,7790
558,10,-12.582,0,2,3,1,0,0,0.64,0.0141,7800
559,9,-13.283,0,2,6,1,0,0,0.639,0.014,7809
560,32,-11.639,0,7,7,1,0,0,0.639,0.014,7841
561,5,-13.242,0,3,1,1,0,0,0.638,0.014,7846
562,56,-15.741,0,6,24,1,0,0,0.637,0.014,7902
563,15,-10.572,0,7,3,1,0,0,0.637,0.014,7917
564,31,-10.714,0,7,13,1,0,0,0.636,0.014,7948
565,6,-14.015,0,3,4,1,0,0,0.635,0.014,7954
566,22,-14.989,0,4,8,1,0,0,0.635,0.014,7976
567,8,-9.592,0,2,1,1,0,0,0.634,0.014,7984
568,14,-12.729,0,3,6,1,0,0,0.633,0.014,7998
569,36,-13.4,0,6,14,1,0,0,0.633,0.0139,8034
570,28,-15.064,0,2,14,1,0,0,0.632,0.0139,8062
571,9,-12.445,0,3,3,1,0,0,0.631,0.0139,8071
572,59,-16.191,0,9,29,1,0,0,0.631,0.0139,8130
573,13,-12.666,0,3,4,1,0,0,0.63,0.0139,8143
574,15,-12.677,0,4,9,1,0,0,0.629,0.0139,8158
575,15,-13.47,0,3,7,1,0,0,0.629,0.0139,8173
576,18,-13.62,0,2,13,1,0,0,0.628,0.0139,8191
577,30,-13.198,0,4,12,1,0,0,0.628,0.0139,8221
578,39,-14.917,0,6,23,1,0,0,0.627,0.0138,8260
579,5,-13.092,0,4,1,1,0,0,0.626,0.0138,8265
580,20,-13.794,0,3,11,1,0,0,0.626,0.0138,8285
581,6,-12.43,0,1,1,1,0,0,0.625,0.0138,8291
582,46,-15.607,0,4,25,1,0,0,0.624,0.0138,8337
583,6,-12.131,0,3,1,1,0,0,0.624,0.0138,8343
584,26,-13.739,0,5,16,1,0,0,0.623,0.0138,8369
585,6,-13.386,0,3,3,1,0,0,0.622,0.0138,8375
586,51,-13.769,1,11,25,1,0,0,0.622,0.0138,8426
587,24,-12.736,0,4,7,1,0,0,0.621,0.0137,8450
588,34,-10.543,2,7,10,1,0,0,0.62,0.0137,8484
589,13,-13.195,0,6,10,1,0,0,0.62,0.0137,8497
590,26,-9.095,1,7,11,1,0,0,0.619,0.0137,8523
591,23,-13.675,0,4,11,1,0,0,0.618,0.0137,8546
592,24,-14.293,0,4,8,1,0,0,0.618,0.0137,8570
593,29,-10.383,0,6,11,1,0,0,0.617,0.0137,8599
594,17,-12.541,0,3,7,1,0,0,0.617,0.0137,8616
595,9,-9.599,0,3,0,1,0,0,0.616,0.0137,8625
596,51,-13.721,0,10,19,1,0,0,0.615,0.0137,8676
597,14,-15.004,0,3,7,1,0,0,0.615,0.0136,8690
598,14,-12.629,0,3,4,1,0,0,0.614,0.0136,8704
599,8,-12.329,0,3,2,1,0,0,0.613,0.0136,8712
600,47,-14.409,0,1,11,1,0,0,0.613,0.0136,8759
601,15,-12.652,0,5,6,1,0,0,0.612,0.0136,8774
602,23,-13.999,0,2,10,1,0,0,0.611,0.0136,8797
603,50,-14.515,0,9,26,1,0,0,0.611,0.0136,8847
604,27,-14.086,0,5,17,1,0,0,0.61,0.0136,8874
605,20,-12.168,0,5,9,1,0,0,0.609,0.0136,8894
606,33,-14.44,0,8,14,1,0,0,0.609,0.0135,8927
607,7,-12.346,0,3,2,1,0,0,0.608,0.0135,8934
608,6,-13.859,0,4,4,1,0,0,0.607,0.0135,8940
609,9,-13.711,0,3,5,1,0,0,0.607,0.0135,8949
610,28,-12.963,0,5,13,1,0,0,0.606,0.0135,8977
611,6,-9.422,0,3,1,1,0,0,0.606,0.0135,8983
612,5,-13.622,0,4,2,1,0,0,0.605,0.0135,8988
613,29,-12.852,1,5,11,1,0,0,0.604,0.0135,9017
614,5,-13.802,0,3,3,1,0,0,0.604,0.0135,9022
615,8,-12.47,0,3,5,1,0,0,0.603,0.0135,9030
616,19,-9.95,0,5,6,1,0,0,0.602,0.0134,9049
617,12,-12.216,0,2,5,1,0,0,0.602,0.0134,9061
618,20,-13.916,0,2,9,1,0,0,0.601,0.0134,9081
619,5,-14.471,0,2,2,1,0,0,0.6,0.0134,9086
620,7,-9.766,0,2,2,1,0,0,0.6,0.0134,9093
621,56,-14.414,0,6,16,1,0,0,0.599,0.0134,9149
622,7,-13.781,0,4,3,1,0,0,0.598,0.0134,9156
623,5,-14.252,0,4,3,1,0,0,0.598,0.0134,9161
624,19,-13.267,0,4,8,1,0,0,0.597,0.0134,9180
625,7,-13.48,0,3,3,1,0,0,0.596,0.0133,9187
626,42,-13.736,0,9,16,1,0,0,0.596,0.0133,9229
627,18,-12.896,0,2,5,1,0,0,0.595,0.0133,9247
628,6,-13.435,0,3,3,1,0,0,0.595,0.0133,9253
629,7,-14.4,0,4,4,1,0,0,0.594,0.0133,9260
630,7,-12.425,0,3,3,1,0,0,0.593,0.0133,9267
631,56,-15.092,0,5,24,1,0,0,0.593,0.0133,9323
632,40,-14.607,0,3,20,1,0,0,0.592,0.0133,9363
633,45,-15.61,0,4,24,1,0,0,0.591,0.0133,9408
634,15,-10.241,0,2,4,1,0,0,0.591,0.0132,9423
635,7,-12.527,0,2,3,1,0,0,0.59,0.0132,9430
636,23,-14.116,0,4,13,1,0,0,0.589,0.0132,9453
637,9,-13.093,0,2,3,1,0,0,0.589,0.0132,9462
638,9,-13.086,0,3,6,1,0,0,0.588,0.0132,9471
639,22,-12.615,0,4,5,1,0,0,0.587,0.0132,9493
640,8,-12.431,0,2,2,1,0,0,0.587,0.0132,9501
641,12,-13.444,0,4,4,1,0,0,0.586,0.0132,9513
642,18,-11.967,0,5,6,1,0,0,0.585,0.0132,9531
643,11,-12.965,0,3,4,1,0,0,0.585,0.0132,9542
644,8,-9.849,0,2,2,1,0,0,0.584,0.0131,9550
645,15,-14.061,0,2,6,1,0,0,0.584,0.0131,9565
646,29,-14.837,0,4,9,1,0,0,0.583,0.0131,9594
647,5,-14.472,0,2,2,1,0,0,0.582,0.0131,9599
648,16,-12.589,0,3,4,1,0,0,0.582,0.0131,9615
649,9,-13.55,0,3,3,1,0,0,0.581,0.0131,9624
650,18,-13.262,0,3,8,1,0,0,0.58,0.0131,9642
651,135,-18.895,1,9,57,1,0,0,0.58,0.0131,9777
652,9,-13.231,0,3,6,1,0,0,0.579,0.0131,9786
653,28,-13.176,0,4,10,1,0,0,0.578,0.013,9814
654,5,-14.452,0,3,3,1,0,0,0.578,0.013,9819
655,12,-13.714,0,1,8,1,0,0,0.577,0.013,9831
656,8,-13.088,0,2,4,1,0,0,0.576,0.013,9839
657,5,-14.172,0,4,2,1,0,0,0.576,0.013,9844
658,89,-15.302,1,7,34,1,0,0,0.575,0.013,9933
659,10,-14.486,0,4,3,1,0,0,0.574,0.013,9943
660,5,-13.425,0,3,3,1,0,0,0.574,0.013,9948
661,57,-14.904,0,10,29,1,0,0,0.573,0.013,10005
662,9,-13.742,0,3,5,1,0,0,0.573,0.0129,10014
663,47,-14.213,0,5,19,1,0,0,0.572,0.0129,10061
664,6,-13.865,0,4,4,1,0,0,0.571,0.0129,10067
665,21,-13.814,0,4,11,1,0,0,0.571,0.0129,10088
666,29,-9.007,0,7,7,1,0,0,0.57,0.0129,10117
667,48,-14.932,0,8,29,1,0,0,0.569,0.0129,10165
668,14,-13.546,0,2,7,1,0,0,0.569,0.0129,10179
669,12,-13.564,0,3,3,1,0,0,0.568,0.0129,10191
670,87,-19.067,0,7,46,1,0,0,0.567,0.0129,10278
671,11,-10.0,0,3,4,1,0,0,0.567,0.0129,10289
672,34,-10.115,0,4,7,1,0,0,0.566,0.0128,10323
673,11,-12.732,0,6,5,1,0,0,0.565,0.0128,10334
674,5,-13.514,0,2,2,1,0,0,0.565,0.0128,10339
675,5,-13.4,0,2,2,1,0,0,0.564,0.0128,10344
676,16,-10.762,0,3,4,1,0,0,0.564,0.0128,10360
677,32,-13.498,0,5,13,1,0,0,0.563,0.0128,10392
678,43,-14.122,1,7,23,1,0,0,0.562,0.0128,10435
679,5,-13.302,0,4,3,1,0,0,0.562,0.0128,10440
680,35,-16.154,0,2,19,1,0,0,0.561,0.0128,10475
681,11,-13.804,0,3,5,1,0,0,0.56,0.0127,10486
682,5,-13.72,0,4,2,1,0,0,0.56,0.0127,10491
683,13,-13.448,0,5,6,1,0,0,0.559,0.0127,10504
684,34,-13.398,0,8,9,1,0,0,0.558,0.0127,10538
685,19,-13.749,0,4,4,1,0,0,0.558,0.0127,10557
686,25,-9.944,0,3,5,1,0,0,0.557,0.0127,10582
687,17,-13.347,0,3,6,1,0,0,0.556,0.0127,10599
688,7,-12.607,0,2,4,1,0,0,0.556,0.0127,10606
689,5,-13.894,0,3,3,1,0,0,0.555,0.0127,10611
690,48,-9.423,1,12,17,1,0,0,0.554,0.0127,10659
691,20,-13.73,0,5,10,1,0,0,0.554,0.0126,10679
692,55,-13.309,0,11,19,1,0,0,0.553,0.0126,10734
693,44,-12.163,1,8,17,1,0,0,0.553,0.0126,10778
694,24,-11.753,0,7,7,1,0,0,0.552,0.0126,10802
695,23,-12.242,0,6,7,1,0,0,0.551,0.0126,10825
696,81,-13.703,1,7,28,1,0,0,0.551,0.0126,10906
697,59,-13.732,1,11,27,1,0,0,0.55,0.0126,10965
698,25,-14.298,0,2,12,1,0,0,0.549,0.0126,10990
699,8,-9.807,0,3,3,1,0,0,0.549,0.0126,10998
700,55,-11.674,1,3,24,1,0,0,0.548,0.0125,11053
701,27,-11.214,0,5,12,1,0,0,0.547,0.0125,11080
702,23,-13.143,0,2,6,1,0,0,0.547,0.0125,11103
703,93,-16.126,1,8,36,1,0,0,0.546,0.0125,11196
704,41,-14.979,0,5,22,1,0,0,0.545,0.0125,11237
705,62,-15.204,0,4,24,1,0,0,0.545,0.0125,11299
706,6,-13.306,0,4,2,1,0,0,0.544,0.0125,11305
707,9,-12.314,0,3,2,1,0,0,0.543,0.0125,11314
708,87,-16.96,2,7,46,1,0,0,0.543,0.0125,11401
709,5,-13.902,0,3,3,1,0,0,0.542,0.0124,11406
710,27,-12.37,0,4,12,1,0,0,0.542,0.0124,11433
711,9,-12.525,0,3,4,1,0,0,0.541,0.0124,11442
712,5,-13.614,0,4,1,1,0,0,0.54,0.0124,11447
713,6,-9.677,0,2,1,1,0,0,0.54,0.0124,11453
714,13,-12.915,0,2,7,1,0,0,0.539,0.0124,11466
715,53,-16.354,0,1,28,1,0,0,0.538,0.0124,11519
716,6,-14.486,0,3,3,1,0,0,0.538,0.0124,11525
717,37,-12.652,1,6,17,1,0,0,0.537,0.0124,11562
718,77,-17.945,0,6,32,1,0,0,0.536,0.0124,11639
719,9,-11.723,0,2,1,1,0,0,0.536,0.0123,11648
720,61,-16.635,0,6,29,1,0,0,0.535,0.0123,11709
721,16,-13.618,0,2,7,1,0,0,0.534,0.0123,11725
722,8,-13.329,0,4,2,1,0,0,0.534,0.0123,11733
723,21,-13.152,0,1,9,1,0,0,0.533,0.0123,11754
724,11,-12.363,0,4,4,1,0,0,0.532,0.0123,11765
725,53,-14.548,1,8,25,1,0,0,0.532,0.0123,11818
726,6,-12.39,0,3,3,1,0,0,0.531,0.0123,11824
727,44,-14.344,1,7,25,1,0,0,0.531,0.0123,11868
728,35,-12.511,1,4,9,1,0,0,0.53,0.0122,11903
729,10,-13.107,0,3,4,1,0,0,0.529,0.0122,11913
730,26,-13.299,0,7,15,1,0,0,0.529,0.0122,11939
731,25,-12.797,0,4,7,1,0,0,0.528,0.0122,11964
732,6,-12.539,0,1,3,1,0,0,0.527,0.0122,11970
733,13,-13.513,0,3,8,1,0,0,0.527,0.0122,11983
734,5,-13.702,0,4,3,1,0,0,0.526,0.0122,11988
735,21,-9.611,0,2,3,1,0,0,0.525,0.0122,12009
736,77,-16.531,0,6,50,1,0,0,0.525,0.0122,12086
737,11,-12.287,0,5,5,1,0,0,0.524,0.0121,12097
738,20,-13.231,0,4,8,1,0,0,0.523,0.0121,12117
739,9,-9.941,0,3,3,1,0,0,0.523,0.0121,12126
740,15,-14.403,0,3,6,1,0,0,0.522,0.0121,12141
741,9,-10.147,0,2,2,1,0,0,0.521,0.0121,12150
742,15,-13.573,0,3,7,1,0,0,0.521,0.0121,12165
743,47,-10.414,1,7,14,1,0,0,0.52,0.0121,12212
744,67,-12.75,1,15,27,1,0,0,0.52,0.0121,12279
745,58,-16.472,0,4,22,1,0,0,0.519,0.0121,12337
746,14,-10.542,0,3,4,1,0,0,0.518,0.0121,12351
747,16,-10.187,0,3,9,1,0,0,0.518,0.012,12367
748,55,-14.464,0,8,23,1,0,0,0.517,0.012,12422
749,6,-14.666,0,2,4,1,0,0,0.516,0.012,12428
750,23,-13.702,0,3,13,1,0,0,0.516,0.012,12451
751,7,-13.481,0,2,3,1,0,0,0.515,0.012,12458
752,30,-12.972,1,6,12,1,0,0,0.514,0.012,12488
753,33,-13.53,0,7,17,1,0,0,0.514,0.012,12521
754,6,-14.216,0,1,4,1,0,0,0.513,0.012,12527
755,18,-13.61,0,2,13,1,0,0,0.512,0.012,12545
756,57,-14.731,0,6,16,1,0,0,0.512,0.0119,12602
757,5,-14.302,0,4,3,1,0,0,0.511,0.0119,12607
758,11,-12.96,0,4,4,1,0,0,0.51,0.0119,12618
759,93,-14.469,2,10,42,1,0,0,0.51,0.0119,12711
760,28,-9.998,0,3,7,1,0,0,0.509,0.0119,12739
761,8,-13.037,0,3,4,1,0,0,0.509,0.0119,12747
762,37,-9.732,1,5,12,1,0,0,0.508,0.0119,12784
763,40,-14.556,0,5,20,1,0,0,0.507,0.0119,12824
764,26,-13.553,0,5,13,1,0,0,0.507,0.0119,12850
765,8,-13.995,0,3,4,1,0,0,0.506,0.0119,12858
766,21,-14.05,0,4,7,1,0,0,0.505,0.0118,12879
767,19,-10.549,0,3,8,1,0,0,0.505,0.0118,12898
768,7,-14.08,0,2,3,1,0,0,0.504,0.0118,12905
769,6,-13.899,0,3,2,1,0,0,0.503,0.0118,12911
770,8,-13.221,0,2,5,1,0,0,0.503,0.0118,12919
771,42,-12.319,1,9,15,1,0,0,0.502,0.0118,12961
772,21,-11.646,0,6,7,1,0,0,0.501,0.0118,12982
773,33,-13.678,0,4,14,1,0,0,0.501,0.0118,13015
774,17,-10.177,0,3,5,1,0,0,0.5,0.0118,13032
775,5,-14.111,0,1,2,1,0,0,0.499,0.0117,13037
776,6,-14.115,0,2,4,1,0,0,0.499,0.0117,13043
777,41,-10.76,0,9,18,1,0,0,0.498,0.0117,13084
778,31,-12.997,1,8,17,1,0,0,0.498,0.0117,13115
779,61,-14.337,0,8,31,1,0,0,0.497,0.0117,13176
780,98,-17.132,1,6,36,1,0,0,0.496,0.0117,13274
781,44,-10.099,0,6,9,1,0,0,0.496,0.0117,13318
782,74,-17.409,0,6,31,1,0,0,0.495,0.0117,13392
783,71,-17.801,0,5,29,1,0,0,0.494,0.0117,13463
784,20,-13.507,0,2,12,1,0,0,0.494,0.0116,13483
785,123,-16.111,1,16,53,1,0,0,0.493,0.0116,13606
786,49,-13.218,2,9,18,1,0,0,0.492,0.0116,13655
787,56,-13.804,0,5,20,1,0,0,0.492,0.0116,13711
788,14,-12.988,0,4,5,1,0,0,0.491,0.0116,13725
789,32,-12.401,0,7,14,1,0,0,0.49,0.0116,13757
790,6,-13.455,0,2,2,1,0,0,0.49,0.0116,13763
791,142,-12.294,2,16,47,1,0,0,0.489,0.0116,13905
792,30,-12.801,0,3,7,1,0,0,0.488,0.0116,13935
793,35,-12.883,0,10,8,1,0,0,0.488,0.0116,13970
794,29,-13.921,0,6,17,1,0,0,0.487,0.0115,13999
795,125,-11.374,5,18,45,1,0,0,0.487,0.0115,14124
796,40,-10.567,0,7,14,1,0,0,0.486,0.0115,14164
797,138,-16.874,0,8,38,1,0,0,0.485,0.0115,14302
798,60,-12.801,0,4,31,1,0,0,0.485,0.0115,14362
799,9,-13.32,0,4,2,1,0,0,0.484,0.0115,14371
800,71,-17.914,0,6,38,1,0,0,0.483,0.0115,14442
801,7,-13.479,0,4,5,1,0,0,0.483,0.0115,14449
802,7,-13.629,0,3,5,1,0,0,0.482,0.0115,14456
803,20,-14.244,0,4,11,1,0,0,0.481,0.0114,14476
804,39,-14.239,0,6,18,1,0,0,0.481,0.0114,14515
805,27,-9.578,0,6,12,1,0,0,0.48,0.0114,14542
806,42,-15.527,0,4,17,1,0,0,0.479,0.0114,14584
807,21,-14.988,0,4,11,1,0,0,0.479,0.0114,14605
808,53,-13.842,0,4,19,1,0,0,0.478,0.0114,14658
809,31,-11.247,1,6,10,1,0,0,0.477,0.0114,14689
810,5,-13.29,0,3,1,1,0,0,0.477,0.0114,14694
811,41,-14.013,0,6,11,1,0,0,0.476,0.0114,14735
812,39,-12.143,0,6,21,1,0,0,0.476,0.0113,14774
813,48,-14.703,0,3,11,1,0,0,0.475,0.0113,14822
814,26,-13.157,0,3,9,1,0,0,0.474,0.0113,14848
815,10,-12.712,0,2,4,1,0,0,0.474,0.0113,14858
816,9,-9.921,0,3,2,1,0,0,0.473,0.0113,14867
817,13,-10.102,0,1,2,1,0,0,0.472,0.0113,14880
818,40,-15.852,0,3,13,1,0,0,0.472,0.0113,14920
819,15,-12.985,0,1,4,1,0,0,0.471,0.0113,14935
820,40,-13.258,0,6,20,1,0,0,0.47,0.0113,14975
821,20,-14.37,0,1,13,1,0,0,0.47,0.0113,14995
822,48,-10.294,1,7,22,1,0,0,0.469,0.0112,15043
823,30,-13.447,0,6,12,1,0,0,0.468,0.0112,15073
824,33,-13.37,0,2,9,1,0,0,0.468,0.0112,15106
825,67,-15.619,0,9,29,1,0,0,0.467,0.0112,15173
826,85,-18.853,0,5,38,1,0,0,0.466,0.0112,15258
827,57,-15.945,0,4,29,1,0,0,0.466,0.0112,15315
828,35,-13.68,0,4,13,1,0,0,0.465,0.0112,15350
829,10,-10.452,0,2,4,1,0,0,0.465,0.0112,15360
830,100,-13.264,2,9,31,1,0,0,0.464,0.0112,15460
831,26,-13.954,0,3,10,1,0,0,0.463,0.0111,15486
832,5,-13.802,0,4,3,1,0,0,0.463,0.0111,15491
833,44,-14.551,1,2,23,1,0,0,0.462,0.0111,15535
834,52,-16.203,0,5,30,1,0,0,0.461,0.0111,15587
835,9,-11.633,0,4,3,1,0,0,0.461,0.0111,15596
836,20,-8.954,0,5,2,1,0,0,0.46,0.0111,15616
837,25,-11.586,1,6,9,1,0,0,0.459,0.0111,15641
838,10,-13.197,0,3,7,1,0,0,0.459,0.0111,15651
839,9,-12.975,0,2,6,1,0,0,0.458,0.0111,15660
840,10,-9.43,0,3,3,1,0,0,0.457,0.0111,15670
841,5,-13.314,0,3,2,1,0,0,0.457,0.011,15675
842,9,-13.451,0,3,3,1,0,0,0.456,0.011,15684
843,33,-10.334,0,6,9,1,0,0,0.456,0.011,15717
844,7,-12.955,0,3,4,1,0,0,0.455,0.011,15724
845,16,-13.22,0,3,9,1,0,0,0.454,0.011,15740
846,25,-10.827,0,2,7,1,0,0,0.454,0.011,15765
847,62,-16.35,0,2,16,1,0,0,0.453,0.011,15827
848,72,-17.125,0,7,30,1,0,0,0.452,0.011,15899
849,63,-15.256,0,7,33,1,0,0,0.452,0.011,15962
850,24,-14.117,0,4,6,1,0,0,0.451,0.0109,15986
851,29,-10.519,0,2,3,1,0,0,0.45,0.0109,16015
852,17,-9.547,0,3,2,1,0,0,0.45,0.0109,16032
853,55,-12.088,0,6,24,1,0,0,0.449,0.0109,16087
854,68,-10.15,0,12,16,1,0,0,0.448,0.0109,16155
855,6,-13.176,0,4,1,1,0,0,0.448,0.0109,16161
856,62,-13.901,0,14,20,1,0,0,0.447,0.0109,16223
857,116,-15.435,3,10,45,1,0,0,0.446,0.0109,16339
858,24,-11.176,1,6,9,1,0,0,0.446,0.0109,16363
859,85,-12.074,0,11,37,1,0,0,0.445,0.0108,16448
860,8,-13.661,0,1,3,1,0,0,0.445,0.0108,16456
861,26,-13.018,0,6,12,1,0,0,0.444,0.0108,16482
862,15,-13.394,0,2,6,1,0,0,0.443,0.0108,16497
863,22,-9.594,0,9,7,1,0,0,0.443,0.0108,16519
864,5,-13.092,0,4,1,1,0,0,0.442,0.0108,16524
865,5,-13.571,0,4,2,1,0,0,0.441,0.0108,16529
866,120,-19.558,1,11,53,1,0,0,0.441,0.0108,16649
867,11,-10.246,0,1,4,1,0,0,0.44,0.0108,16660
868,5,-13.547,0,1,3,1,0,0,0.439,0.0108,16665
869,47,-11.639,1,9,14,1,0,0,0.439,0.0107,16712
870,64,-11.518,1,8,21,1,0,0,0.438,0.0107,16776
871,5,-13.225,0,3,1,1,0,0,0.437,0.0107,16781
872,65,-13.352,2,12,33,1,0,0,0.437,0.0107,16846
873,56,-11.272,2,9,29,1,0,0,0.436,0.0107,16902
874,178,-22.771,1,14,81,1,0,0,0.435,0.0107,17080
875,25,-10.201,0,5,5,1,0,0,0.435,0.0107,17105
876,84,-16.115,0,6,41,1,0,0,0.434,0.0107,17189
877,16,-9.875,0,3,2,1,0,0,0.434,0.0107,17205
878,145,-13.282,4,18,62,1,0,0,0.433,0.0106,17350
879,64,-16.624,1,3,32,1,0,0,0.432,0.0106,17414
880,74,-13.096,2,10,25,1,0,0,0.432,0.0106,17488
881,87,-12.947,2,9,25,1,0,0,0.431,0.0106,17575
882,18,-9.629,0,3,3,1,0,0,0.43,0.0106,17593
883,17,-12.825,0,2,3,1,0,0,0.43,0.0106,17610
884,8,-13.667,0,2,4,1,0,0,0.429,0.0106,17618
885,86,-15.154,1,8,41,1,0,0,0.428,0.0106,17704
886,13,-12.555,0,3,2,1,0,0,0.428,0.0106,17717
887,10,-9.745,0,3,3,1,0,0,0.427,0.0105,17727
888,7,-12.475,0,2,3,1,0,0,0.426,0.0105,17734
889,22,-12.79,0,3,6,1,0,0,0.426,0.0105,17756
890,90,-16.925,0,9,40,1,0,0,0.425,0.0105,17846
891,37,-12.515,1,4,13,1,0,0,0.424,0.0105,17883
892,43,-13.112,0,8,12,1,0,0,0.424,0.0105,17926
893,50,-14.552,1,2,32,1,0,0,0.423,0.0105,17976
894,50,-15.076,0,5,14,1,0,0,0.423,0.0105,18026
895,9,-9.861,0,3,2,1,0,0,0.422,0.0105,18035
896,92,-14.281,1,12,37,1,0,0,0.421,0.0105,18127
897,5,-13.294,0,3,2,1,0,0,0.421,0.0104,18132
898,63,-15.055,1,7,31,1,0,0,0.42,0.0104,18195
899,39,-14.89,0,5,31,1,0,0,0.419,0.0104,18234
900,46,-14.794,0,3,17,1,0,0,0.419,0.0104,18280
901,6,-13.306,0,4,2,1,0,0,0.418,0.0104,18286
902,18,-13.596,0,4,8,1,0,0,0.417,0.0104,18304
903,102,-18.538,0,3,41,1,0,0,0.417,0.0104,18406
904,43,-12.973,1,5,18,1,0,0,0.416,0.0104,18449
905,43,-10.959,0,2,6,1,0,0,0.415,0.0104,18492
906,59,-11.937,1,10,19,1,0,0,0.415,0.0103,18551
907,80,-14.472,1,7,24,1,0,0,0.414,0.0103,18631
908,128,-15.872,0,9,47,1,0,0,0.413,0.0103,18759
909,60,-14.57,0,8,23,1,0,0,0.413,0.0103,18819
910,157,-17.834,1,10,60,1,0,0,0.412,0.0103,18976
911,5,-13.172,0,4,2,1,0,0,0.412,0.0103,18981
912,45,-14.475,0,3,11,1,0,0,0.411,0.0103,19026
913,125,-14.868,0,10,40,1,0,0,0.41,0.0103,19151
914,67,-14.898,1,7,30,1,0,0,0.41,0.0103,19218
915,31,-13.75,0,6,14,1,0,0,0.409,0.0103,19249
916,24,-13.573,0,4,6,1,0,0,0.408,0.0102,19273
917,32,-14.195,0,2,8,1,0,0,0.408,0.0102,19305
918,39,-12.784,0,5,7,1,0,0,0.407,0.0102,19344
919,78,-11.968,1,6,21,1,0,0,0.406,0.0102,19422
920,39,-15.014,0,3,10,1,0,0,0.406,0.0102,19461
921,147,-16.579,2,20,62,1,0,0,0.405,0.0102,19608
922,12,-13.086,0,3,4,1,0,0,0.404,0.0102,19620
923,7,-13.57,0,2,3,1,0,0,0.404,0.0102,19627
924,37,-12.478,0,10,11,1,0,0,0.403,0.0102,19664
925,19,-12.669,0,3,7,1,0,0,0.402,0.0101,19683
926,5,-13.772,0,3,2,1,0,0,0.402,0.0101,19688
927,127,-18.298,0,8,40,1,0,0,0.401,0.0101,19815
928,38,-14.49,0,4,11,1,0,0,0.401,0.0101,19853
929,100,-16.49,1,9,45,1,0,0,0.4,0.0101,19953
930,47,-13.937,0,3,11,1,0,0,0.399,0.0101,20000
931,12,-13.721,0,1,8,1,0,0,0.399,0.0101,20012
932,74,-15.733,0,8,33,1,0,0,0.398,0.0101,20086
933,36,-12.506,1,9,14,1,0,0,0.397,0.0101,20122
934,37,-13.872,0,3,9,1,0,0,0.397,0.01,20159
935,9,-12.446,0,3,3,1,0,0,0.396,0.01,20168
936,97,-14.402,4,20,42,1,0,0,0.395,0.01,20265
937,23,-14.189,0,3,6,1,0,0,0.395,0.01,20288
938,69,-11.825,0,9,17,1,0,0,0.394,0.01,20357
939,72,-16.505,0,4,36,1,0,0,0.393,0.01,20429
940,26,-11.162,1,5,2,1,0,0,0.393,0.01,20455
941,69,-16.259,1,3,36,1,0,0,0.392,0.01,20524
942,34,-15.261,0,2,7,1,0,0,0.391,0.01,20558
943,61,-12.3,0,4,15,1,0,0,0.391,0.01,20619
944,6,-13.255,0,4,2,1,0,0,0.39,0.0099,20625
945,47,-14.419,0,5,12,1,0,0,0.39,0.0099,20672
946,22,-10.561,0,3,7,1,0,0,0.389,0.0099,20694
947,9,-13.111,0,4,0,1,0,0,0.388,0.0099,20703
948,23,-10.474,0,3,4,1,0,0,0.388,0.0099,20726
949,10,-13.341,0,2,7,1,0,0,0.387,0.0099,20736
950,44,-12.401,1,5,12,1,0,0,0.386,0.0099,20780
951,41,-13.172,1,4,17,1,0,0,0.386,0.0099,20821
952,68,-12.763,0,16,18,1,0,0,0.385,0.0099,20889
953,54,-14.059,0,4,13,1,0,0,0.384,0.0098,20943
954,5,-13.204,0,3,0,1,0,0,0.384,0.0098,20948
955,21,-13.01,0,2,5,1,0,0,0.383,0.0098,20969
956,5,-13.192,0,4,1,1,0,0,0.382,0.0098,20974
957,115,-18.026,1,6,44,1,0,0,0.382,0.0098,21089
958,24,-14.534,0,3,10,1,0,0,0.381,0.0098,21113
959,96,-15.1,2,10,32,1,0,0,0.38,0.0098,21209
960,5,-13.401,0,3,3,1,0,0,0.38,0.0098,21214
961,16,-10.095,0,3,3,1,0,0,0.379,0.0098,21230
962,24,-11.907,0,4,7,1,0,0,0.379,0.0097,21254
963,61,-11.459,0,9,16,1,0,0,0.378,0.0097,21315
964,23,-14.409,0,6,12,1,0,0,0.377,0.0097,21338
965,114,-15.121,1,10,29,1,0,0,0.377,0.0097,21452
966,33,-13.91,0,6,13,1,0,0,0.376,0.0097,21485
967,58,-11.407,0,4,21,1,0,0,0.375,0.0097,21543
968,23,-11.207,0,0,10,1,0,0,0.375,0.0097,21566
969,54,-12.133,0,2,11,1,0,0,0.374,0.0097,21620
970,13,-9.667,0,3,1,1,0,0,0.373,0.0097,21633
971,53,-13.303,0,6,17,1,0,0,0.373,0.0097,21686
972,12,-9.731,0,2,1,1,0,0,0.372,0.0096,21698
973,71,-8.671,2,11,19,1,0,0,0.371,0.0096,21769
974,18,-12.992,0,2,4,1,0,0,0.371,0.0096,21787
975,63,-13.501,0,1,21,1,0,0,0.37,0.0096,21850
976,59,-12.293,0,4,21,1,0,0,0.369,0.0096,21909
977,34,-13.314,0,7,13,1,0,0,0.369,0.0096,21943
978,258,-15.38,5,19,94,1,0,0,0.368,0.0096,22201
979,118,-14.623,2,12,29,1,0,0,0.368,0.0096,22319
980,26,-11.071,0,3,7,1,0,0,0.367,0.0096,22345
981,335,-27.843,5,15,130,1,0,0,0.366,0.0095,22680
982,45,-10.465,0,7,14,1,0,0,0.366,0.0095,22725
983,8,-12.771,0,1,5,1,0,0,0.365,0.0095,22733
984,115,-13.647,1,10,43,1,0,0,0.364,0.0095,22848
985,11,-9.697,0,2,1,1,0,0,0.364,0.0095,22859
986,12,-9.947,0,3,3,1,0,0,0.363,0.0095,22871
987,29,-10.445,2,5,8,1,0,0,0.362,0.0095,22900
988,57,-15.218,0,5,17,1,0,0,0.362,0.0095,22957
989,146,-16.207,1,20,51,1,0,0,0.361,0.0095,23103
990,157,-17.709,2,14,67,1,0,0,0.36,0.0095,23260
991,8,-12.747,0,3,1,1,0,0,0.36,0.0094,23268
992,134,-12.213,5,11,40,1,0,0,0.359,0.0094,23402
993,144,-17.896,1,8,47,1,0,0,0.359,0.0094,23546
994,94,-9.455,1,14,18,1,0,0,0.358,0.0094,23640
995,67,-15.267,0,9,23,1,0,0,0.357,0.0094,23707
996,83,-16.687,1,7,39,1,0,0,0.357,0.0094,23790
997,48,-8.788,1,9,9,1,0,0,0.356,0.0094,23838
998,90,-15.347,0,12,32,1,0,0,0.355,0.0094,23928
999,24,-14.052,0,4,5,1,0,0,0.355,0.0094,23952
1000,9,-10.865,0,1,4,1,0,0,0.354,0.0093,23961
1001,71,-11.006,1,6,17,1,0,0,0.353,0.0093,24032
1002,28,-12.015,0,8,8,1,0,0,0.353,0.0093,24060
1003,21,-13.828,0,2,8,1,0,0,0.352,0.0093,24081
1004,70,-12.688,1,8,14,1,0,0,0.351,0.0093,24151
1005,69,-12.576,1,9,14,1,0,0,0.351,0.0093,24220
1006,16,-11.88,0,2,2,1,0,0,0.35,0.0093,24236
1007,5,-13.42,0,2,2,1,0,0,0.349,0.0093,24241
1008,112,-14.225,1,8,18,1,0,0,0.349,0.0093,24353
1009,5,-13.141,0,4,1,1,0,0,0.348,0.0092,24358
1010,65,-11.045,2,14,21,1,0,0,0.348,0.0092,24423
1011,45,-12.34,0,4,17,1,0,0,0.347,0.0092,24468
1012,58,-12.704,1,10,18,1,0,0,0.346,0.0092,24526
1013,54,-12.054,0,6,11,1,0,0,0.346,0.0092,24580
1014,142,-17.175,2,9,43,1,0,0,0.345,0.0092,24722
1015,64,-15.284,1,8,24,1,0,0,0.344,0.0092,24786
1016,44,-13.566,0,3,8,1,0,0,0.344,0.0092,24830
1017,11,-9.586,0,3,2,1,0,0,0.343,0.0092,24841
1018,54,-15.764,0,4,16,1,0,0,0.342,0.0092,24895
1019,254,-19.375,2,18,60,1,0,0,0.342,0.0091,25149
1020,194,-18.363,2,16,71,1,0,0,0.341,0.0091,25343
1021,260,-21.348,6,20,109,1,0,0,0.34,0.0091,25603
1022,61,-12.593,0,5,12,1,0,0,0.34,0.0091,25664
1023,53,-14.368,0,4,12,1,0,0,0.339,0.0091,25717
1024,29,-10.155,0,6,7,1,0,0,0.338,0.0091,25746
1025,35,-14.59,0,3,7,1,0,0,0.338,0.0091,25781
1026,114,-13.972,1,6,46,1,0,0,0.337,0.0091,25895
1027,88,-10.29,2,6,30,1,0,0,0.337,0.0091,25983
1028,114,-17.677,1,13,38,1,0,0,0.336,0.009,26097
1029,5,-13.054,0,4,0,1,0,0,0.335,0.009,26102
1030,53,-11.099,0,3,11,1,0,0,0.335,0.009,26155
1031,73,-15.304,0,3,15,1,0,0,0.334,0.009,26228
1032,90,-15.401,0,2,18,1,0,0,0.333,0.009,26318
1033,135,-14.105,1,13,51,1,0,0,0.333,0.009,26453
1034,44,-11.698,0,4,5,1,0,0,0.332,0.009,26497
1035,34,-11.464,1,10,15,1,0,0,0.331,0.009,26531
1036,51,-13.241,1,7,20,1,0,0,0.331,0.009,26582
1037,108,-16.228,1,9,44,1,0,0,0.33,0.0089,26690
1038,59,-14.224,0,6,23,1,0,0,0.329,0.0089,26749
1039,259,-18.224,4,20,84,1,0,0,0.329,0.0089,27008
1040,24,-12.429,0,8,8,1,0,0,0.328,0.0089,27032
1041,26,-14.214,0,3,5,1,0,0,0.327,0.0089,27058
1042,72,-15.555,0,4,14,1,0,0,0.327,0.0089,27130
1043,5,-13.062,0,3,0,1,0,0,0.326,0.0089,27135
1044,85,-11.293,0,10,18,1,0,0,0.326,0.0089,27220
1045,118,-13.757,1,5,22,1,0,0,0.325,0.0089,27338
1046,32,-10.572,0,2,7,1,0,0,0.324,0.0089,27370
1047,68,-14.05,0,2,22,1,0,0,0.324,0.0088,27438
1048,83,-11.754,1,4,17,1,0,0,0.323,0.0088,27521
1049,7,-13.333,0,4,2,1,0,0,0.322,0.0088,27528
1050,23,-13.365,0,2,7,1,0,0,0.322,0.0088,27551
1051,38,-14.006,0,6,12,1,0,0,0.321,0.0088,27589
1052,6,-13.096,0,4,0,1,0,0,0.32,0.0088,27595
1053,203,-20.775,1,10,83,1,0,0,0.32,0.0088,27798
1054,71,-16.596,0,7,19,1,0,0,0.319,0.0088,27869
1055,131,-18.224,1,10,45,1,0,0,0.318,0.0088,28000
1056,84,-13.414,1,14,21,1,0,0,0.318,0.0087,28084
1057,205,-16.171,4,22,56,1,0,0,0.317,0.0087,28289
1058,9,-12.73,0,2,6,1,0,0,0.316,0.0087,28298
1059,24,-10.706,0,5,8,1,0,0,0.316,0.0087,28322
1060,57,-12.437,0,2,21,1,0,0,0.315,0.0087,28379
1061,70,-14.762,0,11,18,1,0,0,0.315,0.0087,28449
1062,14,-9.654,0,3,0,1,0,0,0.314,0.0087,28463
1063,43,-13.402,0,4,13,1,0,0,0.313,0.0087,28506
1064,38,-13.615,0,5,11,1,0,0,0.313,0.0087,28544
1065,226,-21.944,0,15,60,1,0,0,0.312,0.0087,28770
1066,232,-14.682,3,21,83,1,0,0,0.311,0.0086,29002
1067,152,-18.272,1,10,48,1,0,0,0.311,0.0086,29154
1068,7,-13.07,0,1,2,1,0,0,0.31,0.0086,29161
1069,80,-11.891,0,6,16,1,0,0,0.309,0.0086,29241
1070,42,-14.177,0,3,14,1,0,0,0.309,0.0086,29283
1071,149,-18.059,0,5,51,1,0,0,0.308,0.0086,29432
1072,25,-14.021,0,4,5,1,0,0,0.307,0.0086,29457
1073,91,-15.523,0,8,14,1,0,0,0.307,0.0086,29548
1074,59,-15.029,0,5,16,1,0,0,0.306,0.0086,29607
1075,264,-18.184,3,22,85,1,0,0,0.305,0.0085,29871
1076,77,-10.535,1,9,17,1,0,0,0.305,0.0085,29948
1077,153,-17.107,0,8,41,1,0,0,0.304,0.0085,30101
1078,269,-17.43,5,26,76,1,0,0,0.304,0.0085,30370
1079,51,-13.414,0,6,13,1,0,0,0.303,0.0085,30421
1080,23,-12.755,0,4,7,1,0,0,0.302,0.0085,30444
1081,26,-12.836,0,7,8,1,0,0,0.302,0.0085,30470
1082,13,-10.21,0,2,4,1,0,0,0.301,0.0085,30483
1083,42,-9.18,1,6,9,1,0,0,0.3,0.0085,30525
1084,79,-11.237,4,8,22,1,0,0,0.3,0.0084,30604
1085,335,-29.819,2,19,126,1,0,0,0.299,0.0084,30939
1086,9,-13.211,0,4,0,1,0,0,0.298,0.0084,30948
1087,7,-13.85,0,3,2,1,0,0,0.298,0.0084,30955
1088,21,-10.657,0,3,9,1,0,0,0.297,0.0084,30976
1089,229,-14.162,4,15,38,1,0,0,0.296,0.0084,31205
1090,105,-16.109,1,7,23,1,0,0,0.296,0.0084,31310
1091,100,-16.176,0,7,33,1,0,0,0.295,0.0084,31410
1092,5,-13.575,0,2,3,1,0,0,0.294,0.0084,31415
1093,272,-23.73,1,19,72,1,0,0,0.294,0.0084,31687
1094,172,-19.682,0,5,55,1,0,0,0.293,0.0083,31859
1095,5,-13.142,0,3,1,1,0,0,0.293,0.0083,31864
1096,33,-10.76,0,1,3,1,0,0,0.292,0.0083,31897
1097,25,-13.973,0,2,7,1,0,0,0.291,0.0083,31922
1098,270,-30.4,2,4,134,1,0,0,0.291,0.0083,32192
1099,115,-15.775,0,7,20,1,0,0,0.29,0.0083,32307
1100,5,-13.291,0,3,1,1,0,0,0.289,0.0083,32312
1101,236,-14.697,4,20,72,1,0,0,0.289,0.0083,32548
1102,300,-28.699,2,19,83,1,0,0,0.288,0.0083,32848
1103,95,-9.63,4,11,17,1,0,0,0.287,0.0082,32943
1104,41,-11.326,0,2,8,1,0,0,0.287,0.0082,32984
1105,7,-13.523,0,4,5,1,0,0,0.286,0.0082,32991
1106,57,-12.073,2,6,14,1,0,0,0.285,0.0082,33048
1107,123,-14.066,2,11,29,1,0,0,0.285,0.0082,33171
1108,152,-16.58,0,6,45,1,0,0,0.284,0.0082,33323
1109,48,-13.861,0,4,14,1,0,0,0.283,0.0082,33371
1110,9,-9.056,0,3,0,1,0,0,0.283,0.0082,33380
1111,14,-14.549,0,4,9,1,0,0,0.282,0.0082,33394
1112,82,-12.155,0,4,15,1,0,0,0.282,0.0081,33476
1113,400,-15.53,6,12,169,0,0,1,0.281,0.0081,33876
1114,24,-10.391,0,2,4,1,0,0,0.28,0.0081,33900
1115,108,-12.784,1,10,42,1,0,0,0.28,0.0081,34008
1116,171,-15.07,2,20,39,1,0,0,0.279,0.0081,34179
1117,261,-16.617,3,18,60,1,0,0,0.278,0.0081,34440
1118,50,-12.608,1,12,13,1,0,0,0.278,0.0081,34490
1119,5,-13.364,0,3,2,1,0,0,0.277,0.0081,34495
1120,30,-11.306,0,2,4,1,0,0,0.276,0.0081,34525
1121,59,-9.294,3,13,16,1,0,0,0.276,0.0081,34584
1122,92,-16.816,0,6,28,1,0,0,0.275,0.008,34676
1123,38,-13.102,0,4,5,1,0,0,0.274,0.008,34714
1124,123,-14.752,0,8,16,1,0,0,0.274,0.008,34837
1125,42,-11.383,0,3,8,1,0,0,0.273,0.008,34879
1126,20,-9.871,0,3,2,1,0,0,0.272,0.008,34899
1127,125,-14.699,1,9,20,1,0,0,0.272,0.008,35024
1128,56,-15.96,0,4,9,1,0,0,0.271,0.008,35080
1129,70,-11.816,0,6,19,1,0,0,0.271,0.008,35150
1130,50,-14.517,1,2,17,1,0,0,0.27,0.008,35200
1131,217,-16.843,2,14,44,1,0,0,0.269,0.0079,35417
1132,13,-9.742,0,2,0,1,0,0,0.269,0.0079,35430
1133,53,-14.404,0,5,20,1,0,0,0.268,0.0079,35483
1134,89,-16.756,1,6,23,1,0,0,0.267,0.0079,35572
1135,5,-13.475,0,3,3,1,0,0,0.267,0.0079,35577
1136,230,-18.893,2,16,49,1,0,0,0.266,0.0079,35807
1137,210,-20.498,3,18,81,1,0,0,0.265,0.0079,36017
1138,52,-13.791,1,5,7,1,0,0,0.265,0.0079,36069
1139,95,-15.49,0,9,16,1,0,0,0.264,0.0079,36164
1140,226,-19.11,1,16,72,1,0,0,0.263,0.0079,36390
1141,50,-11.46,0,7,20,1,0,0,0.263,0.0078,36440
1142,196,-21.409,1,7,53,1,0,0,0.262,0.0078,36636
1143,308,-19.664,3,19,105,1,0,0,0.262,0.0078,36944
1144,60,-15.254,0,4,14,1,0,0,0.261,0.0078,37004
1145,145,-18.425,1,12,44,1,0,0,0.26,0.0078,37149
1146,130,-16.542,1,6,46,1,0,0,0.26,0.0078,37279
1147,85,-13.962,1,10,25,1,0,0,0.259,0.0078,37364
1148,223,-24.075,1,6,86,1,0,0,0.258,0.0078,37587
1149,100,-14.169,0,3,19,1,0,0,0.258,0.0078,37687
1150,8,-12.985,0,2,3,1,0,0,0.257,0.0077,37695
1151,38,-12.919,0,5,8,1,0,0,0.256,0.0077,37733
1152,150,-15.487,1,15,32,1,0,0,0.256,0.0077,37883
1153,107,-12.629,2,13,35,1,0,0,0.255,0.0077,37990
1154,203,-17.991,1,18,49,1,0,0,0.254,0.0077,38193
1155,396,-18.266,6,28,98,1,0,0,0.254,0.0077,38589
1156,116,-12.996,1,14,39,1,0,0,0.253,0.0077,38705
1157,53,-15.329,0,6,10,1,0,0,0.252,0.0077,38758
1158,60,-16.451,0,3,33,1,0,0,0.252,0.0077,38818
1159,120,-14.708,2,12,28,1,0,0,0.251,0.0076,38938
1160,222,-19.911,2,15,72,1,0,0,0.251,0.0076,39160
1161,400,-14.064,3,16,109,0,0,1,0.25,0.0076,39560
1162,332,-22.89,4,16,90,1,0,0,0.249,0.0076,39892
1163,54,-13.659,0,5,10,1,0,0,0.249,0.0076,39946
1164,154,-17.078,0,4,14,1,0,0,0.248,0.0076,40100
1165,142,-16.772,1,11,38,1,0,0,0.247,0.0076,40242
1166,52,-15.23,0,1,25,1,0,0,0.247,0.0076,40294
1167,205,-21.1,0,11,78,1,0,0,0.246,0.0076,40499
1168,88,-11.352,1,8,14,1,0,0,0.245,0.0076,40587
1169,398,-19.959,3,22,65,1,0,0,0.245,0.0075,40985
1170,192,-19.283,1,14,46,1,0,0,0.244,0.0075,41177
1171,400,-17.433,3,13,120,0,0,1,0.243,0.0075,41577
1172,54,-13.735,0,5,7,1,0,0,0.243,0.0075,41631
1173,95,-13.293,0,6,19,1,0,0,0.242,0.0075,41726
1174,104,-17.011,0,9,38,1,0,0,0.241,0.0075,41830
1175,23,-13.325,0,3,4,1,0,0,0.241,0.0075,41853
1176,115,-18.394,0,5,37,1,0,0,0.24,0.0075,41968
1177,139,-14.537,2,13,41,1,0,0,0.24,0.0075,42107
1178,240,-16.85,5,19,89,1,0,0,0.239,0.0074,42347
1179,67,-14.171,0,4,40,1,0,0,0.238,0.0074,42414
1180,128,-15.494,1,7,46,1,0,0,0.238,0.0074,42542
1181,139,-15.951,1,8,16,1,0,0,0.237,0.0074,42681
1182,168,-15.797,2,9,22,1,0,0,0.236,0.0074,42849
1183,248,-15.597,4,18,64,1,0,0,0.236,0.0074,43097
1184,400,-7.173,7,36,110,0,0,1,0.235,0.0074,43497
1185,7,-9.872,0,2,1,1,0,0,0.234,0.0074,43504
1186,39,-13.298,0,4,12,1,0,0,0.234,0.0074,43543
1187,83,-12.695,0,2,8,1,0,0,0.233,0.0073,43626
1188,44,-14.926,0,3,6,1,0,0,0.232,0.0073,43670
1189,344,-25.333,2,17,114,1,0,0,0.232,0.0073,44014
1190,311,-12.697,7,25,63,1,0,0,0.231,0.0073,44325
1191,400,-7.544,5,22,72,0,0,1,0.23,0.0073,44725
1192,43,-10.161,0,6,7,1,0,0,0.23,0.0073,44768
1193,127,-11.751,2,10,44,1,0,0,0.229,0.0073,44895
1194,25,-12.537,0,6,7,1,0,0,0.229,0.0073,44920
1195,400,-14.574,4,21,143,0,0,1,0.228,0.0073,45320
1196,18,-13.462,0,4,0,1,0,0,0.227,0.0073,45338
1197,228,-19.014,1,16,70,1,0,0,0.227,0.0072,45566
1198,230,-11.929,4,22,49,1,0,0,0.226,0.0072,45796
1199,56,-13.382,1,7,17,1,0,0,0.225,0.0072,45852
1200,5,-13.792,0,3,1,1,0,0,0.225,0.0072,45857
1201,219,-23.88,0,3,68,1,0,0,0.224,0.0072,46076
1202,107,-12.12,2,12,32,1,0,0,0.223,0.0072,46183
1203,400,-12.234,7,29,122,0,0,1,0.223,0.0072,46583
1204,131,-15.496,1,10,12,1,0,0,0.222,0.0072,46714
1205,53,-13.429,0,5,15,1,0,0,0.221,0.0072,46767
1206,212,-21.725,2,12,80,1,0,0,0.221,0.0071,46979
1207,110,-12.744,2,10,27,1,0,0,0.22,0.0071,47089
1208,7,-13.65,0,2,4,1,0,0,0.219,0.0071,47096
1209,39,-14.242,0,3,6,1,0,0,0.219,0.0071,47135
1210,160,-14.926,1,12,56,1,0,0,0.218,0.0071,47295
1211,27,-11.742,0,9,9,1,0,0,0.218,0.0071,47322
1212,322,-19.849,2,17,61,1,0,0,0.217,0.0071,47644
1213,60,-10.203,0,9,10,1,0,0,0.216,0.0071,47704
1214,331,-12.568,5,23,50,1,0,0,0.216,0.0071,48035
1215,40,-10.46,0,2,2,1,0,0,0.215,0.0071,48075
1216,13,-13.761,0,1,2,1,0,0,0.214,0.007,48088
1217,139,-12.842,1,6,12,1,0,0,0.214,0.007,48227
1218,315,-22.288,6,32,105,1,0,0,0.213,0.007,48542
1219,10,-13.376,0,3,1,1,0,0,0.212,0.007,48552
1220,230,-24.112,1,8,82,1,0,0,0.212,0.007,48782
1221,27,-12.8,0,3,6,1,0,0,0.211,0.007,48809
1222,54,-14.591,0,3,17,1,0,0,0.21,0.007,48863
1223,106,-17.771,0,3,22,1,0,0,0.21,0.007,48969
1224,10,-14.179,0,2,2,1,0,0,0.209,0.007,48979
1225,10,-13.306,0,4,1,1,0,0,0.208,0.0069,48989
1226,66,-16.156,0,4,15,1,0,0,0.208,0.0069,49055
1227,176,-18.501,1,10,37,1,0,0,0.207,0.0069,49231
1228,30,-7.922,1,8,7,1,0,0,0.207,0.0069,49261
1229,5,-13.42,0,2,2,1,0,0,0.206,0.0069,49266
1230,5,-13.112,0,3,0,1,0,0,0.205,0.0069,49271
1231,113,-15.524,0,5,14,1,0,0,0.205,0.0069,49384
1232,14,-13.836,0,4,7,1,0,0,0.204,0.0069,49398
1233,294,-17.984,5,23,79,1,0,0,0.203,0.0069,49692
1234,19,-14.192,0,3,7,1,0,0,0.203,0.0068,49711
1235,97,-17.341,0,3,6,1,0,0,0.202,0.0068,49808
1236,57,-16.1,0,2,30,1,0,0,0.201,0.0068,49865
1237,113,-16.355,1,10,51,1,0,0,0.201,0.0068,49978
1238,242,-20.103,0,12,33,1,0,0,0.2,0.0068,50220
1239,80,-14.791,1,4,11,1,0,0,0.199,0.0068,50300
1240,15,-10.379,0,1,6,1,0,0,0.199,0.0068,50315
1241,400,-16.297,2,9,121,0,0,1,0.198,0.0068,50715
1242,330,-14.927,5,26,63,1,0,0,0.197,0.0068,51045
1243,400,-4.88,6,35,112,0,0,1,0.197,0.0068,51445
1244,55,-14.729,0,6,25,1,0,0,0.196,0.0067,51500
1245,145,-8.354,2,15,21,1,0,0,0.196,0.0067,51645
1246,169,-15.906,2,14,46,1,0,0,0.195,0.0067,51814
1247,189,-14.637,2,19,31,1,0,0,0.194,0.0067,52003
1248,22,-15.107,0,3,17,1,0,0,0.194,0.0067,52025
1249,268,-13.831,5,21,68,1,0,0,0.193,0.0067,52293
1250,57,-15.241,0,4,11,1,0,0,0.192,0.0067,52350
1251,188,-12.268,3,10,37,1,0,0,0.192,0.0067,52538
1252,303,-18.65,4,17,48,1,0,0,0.191,0.0067,52841
1253,210,-7.34,9,40,42,1,0,0,0.19,0.0066,53051
1254,260,-20.31,1,9,54,1,0,0,0.19,0.0066,53311
1255,321,-19.114,5,20,80,1,0,0,0.189,0.0066,53632
1256,284,-18.472,2,16,76,1,0,0,0.188,0.0066,53916
1257,218,-19.481,0,11,50,1,0,0,0.188,0.0066,54134
1258,259,-17.633,2,14,59,1,0,0,0.187,0.0066,54393
1259,5,-13.162,0,3,0,1,0,0,0.186,0.0066,54398
1260,48,-13.574,0,2,18,1,0,0,0.186,0.0066,54446
1261,20,-9.442,0,3,0,1,0,0,0.185,0.0066,54466
1262,88,-12.453,0,2,3,1,0,0,0.185,0.0065,54554
1263,55,-11.447,0,2,3,1,0,0,0.184,0.0065,54609
1264,400,-6.767,3,26,76,0,0,1,0.183,0.0065,55009
1265,381,-18.201,4,26,65,1,0,0,0.183,0.0065,55390
1266,400,-11.573,4,20,73,0,0,1,0.182,0.0065,55790
1267,98,-8.979,3,14,11,1,0,0,0.181,0.0065,55888
1268,126,-13.314,3,12,36,1,0,0,0.181,0.0065,56014
1269,116,-13.202,1,16,25,1,0,0,0.18,0.0065,56130
1270,5,-13.391,0,2,1,1,0,0,0.179,0.0065,56135
1271,18,-10.326,0,3,3,1,0,0,0.179,0.0065,56153
1272,271,-15.773,6,21,48,1,0,0,0.178,0.0064,56424
1273,106,-10.781,2,21,24,1,0,0,0.177,0.0064,56530
1274,186,-17.566,2,6,36,1,0,0,0.177,0.0064,56716
1275,400,-6.137,6,24,45,0,0,1,0.176,0.0064,57116
1276,225,-19.639,0,15,43,1,0,0,0.176,0.0064,57341
1277,363,-20.238,5,17,83,1,0,0,0.175,0.0064,57704
1278,148,-12.709,3,13,10,1,0,0,0.174,0.0064,57852
1279,153,-13.054,2,10,48,1,0,0,0.174,0.0064,58005
1280,177,-17.175,2,11,48,1,0,0,0.173,0.0064,58182
1281,154,-20.406,0,5,62,1,0,0,0.172,0.0063,58336
1282,143,-16.621,0,8,60,1,0,0,0.172,0.0063,58479
1283,104,-13.046,0,7,24,1,0,0,0.171,0.0063,58583
1284,9,-13.584,0,1,1,1,0,0,0.17,0.0063,58592
1285,7,-13.693,0,2,4,1,0,0,0.17,0.0063,58599
1286,11,-13.598,0,3,4,1,0,0,0.169,0.0063,58610
1287,6,-13.329,0,4,3,1,0,0,0.168,0.0063,58616
1288,35,-14.681,0,4,7,1,0,0,0.168,0.0063,58651
1289,198,-11.134,3,12,22,1,0,0,0.167,0.0063,58849
1290,7,-13.383,0,3,2,1,0,0,0.166,0.0063,58856
1291,9,-13.354,0,1,5,1,0,0,0.166,0.0062,58865
1292,41,-12.711,0,4,5,1,0,0,0.165,0.0062,58906
1293,231,-19.57,0,10,24,1,0,0,0.165,0.0062,59137
1294,330,-20.627,4,14,58,1,0,0,0.164,0.0062,59467
1295,57,-13.767,0,4,9,1,0,0,0.163,0.0062,59524
1296,166,-12.914,3,12,25,1,0,0,0.163,0.0062,59690
1297,99,-10.293,2,7,8,1,0,0,0.162,0.0062,59789
1298,234,-18.79,2,15,47,1,0,0,0.161,0.0062,60023
1299,400,-9.851,7,18,108,0,0,1,0.161,0.0062,60423
1300,146,-20.929,0,8,43,1,0,0,0.16,0.0061,60569
1301,303,-8.779,7,32,54,1,0,0,0.159,0.0061,60872
1302,79,-14.319,2,5,25,1,0,0,0.159,0.0061,60951
1303,74,-14.991,0,7,21,1,0,0,0.158,0.0061,61025
1304,400,-9.461,5,18,59,0,0,1,0.157,0.0061,61425
1305,132,-16.157,1,10,48,1,0,0,0.157,0.0061,61557
1306,114,-16.207,0,5,27,1,0,0,0.156,0.0061,61671
1307,381,-19.347,2,17,25,1,0,0,0.155,0.0061,62052
1308,400,-18.501,1,10,70,0,0,1,0.155,0.0061,62452
1309,156,-19.108,0,5,30,1,0,0,0.154,0.006,62608
1310,82,-17.119,0,2,23,1,0,0,0.154,0.006,62690
1311,86,-11.339,0,9,13,1,0,0,0.153,0.006,62776
1312,38,-11.645,2,4,8,1,0,0,0.152,0.006,62814
1313,179,-15.775,3,9,27,1,0,0,0.152,0.006,62993
1314,192,-17.087,1,12,17,1,0,0,0.151,0.006,63185
1315,284,-16.562,3,18,74,1,0,0,0.15,0.006,63469
1316,79,-12.655,1,11,23,1,0,0,0.15,0.006,63548
1317,360,-19.729,4,19,66,1,0,0,0.149,0.006,63908
1318,115,-12.769,2,7,13,1,0,0,0.148,0.006,64023
1319,360,-18.049,5,18,90,1,0,0,0.148,0.0059,64383
1320,42,-10.626,0,5,16,1,0,0,0.147,0.0059,64425
1321,136,-12.47,2,14,24,1,0,0,0.146,0.0059,64561
1322,135,-11.557,1,12,15,1,0,0,0.146,0.0059,64696
1323,400,-12.733,3,19,115,0,0,1,0.145,0.0059,65096
1324,400,-11.343,3,25,78,0,0,1,0.144,0.0059,65496
1325,101,-12.791,1,9,11,1,0,0,0.144,0.0059,65597
1326,275,-12.338,7,25,40,1,0,0,0.143,0.0059,65872
1327,5,-13.161,0,3,0,1,0,0,0.143,0.0059,65877
1328,58,-12.283,0,8,8,1,0,0,0.142,0.0058,65935
1329,109,-16.12,0,6,21,1,0,0,0.141,0.0058,66044
1330,252,-14.527,2,14,33,1,0,0,0.141,0.0058,66296
1331,213,-12.412,4,12,39,1,0,0,0.14,0.0058,66509
1332,31,-9.466,0,6,5,1,0,0,0.139,0.0058,66540
1333,400,-13.363,1,16,55,0,0,1,0.139,0.0058,66940
1334,400,-4.671,6,28,76,0,0,1,0.138,0.0058,67340
1335,172,-19.866,0,5,33,1,0,0,0.137,0.0058,67512
1336,395,-30.014,1,3,61,1,0,0,0.137,0.0058,67907
1337,23,-10.951,1,4,3,1,0,0,0.136,0.0057,67930
1338,33,-10.176,0,2,1,1,0,0,0.135,0.0057,67963
1339,103,-13.18,1,8,10,1,0,0,0.135,0.0057,68066
1340,400,-4.36,6,44,91,0,0,1,0.134,0.0057,68466
1341,354,-26.856,1,13,82,1,0,0,0.133,0.0057,68820
1342,400,-16.36,1,7,73,0,0,1,0.133,0.0057,69220
1343,400,-0.863,7,35,43,0,0,1,0.132,0.0057,69620
1344,400,-9.271,3,17,52,0,0,1,0.132,0.0057,70020
1345,243,-18.952,0,9,13,1,0,0,0.131,0.0057,70263
1346,400,-4.274,7,22,53,0,0,1,0.13,0.0057,70663
1347,400,-5.489,7,22,66,0,0,1,0.13,0.0056,71063
1348,370,-19.101,5,18,53,1,0,0,0.129,0.0056,71433
1349,400,-7.375,5,31,72,0,0,1,0.128,0.0056,71833
1350,5,-13.142,0,4,1,1,0,0,0.128,0.0056,71838
1351,23,-13.961,0,3,2,1,0,0,0.127,0.0056,71861
1352,9,-13.327,0,3,1,1,0,0,0.126,0.0056,71870
1353,400,-11.69,2,13,55,0,0,1,0.126,0.0056,72270
1354,60,-4.616,4,11,15,1,0,0,0.125,0.0056,72330
1355,400,-4.827,6,31,80,0,0,1,0.124,0.0056,72730
1356,166,-13.354,2,5,21,1,0,0,0.124,0.0055,72896
1357,354,-14.828,4,25,71,1,0,0,0.123,0.0055,73250
1358,21,-13.782,0,4,2,1,0,0,0.122,0.0055,73271
1359,128,-11.36,3,18,23,1,0,0,0.122,0.0055,73399
1360,78,-14.403,1,4,12,1,0,0,0.121,0.0055,73477
1361,166,-17.153,2,9,44,1,0,0,0.121,0.0055,73643
1362,138,-14.291,2,11,15,1,0,0,0.12,0.0055,73781
1363,400,-7.173,4,20,59,0,0,1,0.119,0.0055,74181
1364,89,-15.329,0,3,9,1,0,0,0.119,0.0055,74270
1365,400,-10.899,1,11,25,0,0,1,0.118,0.0055,74670
1366,272,-12.952,4,17,21,1,0,0,0.117,0.0054,74942
1367,400,-7.898,4,21,50,0,0,1,0.117,0.0054,75342
1368,400,-0.212,7,37,38,0,0,1,0.116,0.0054,75742
1369,400,-1.986,5,34,42,0,0,1,0.115,0.0054,76142
1370,368,-25.733,0,8,35,1,0,0,0.115,0.0054,76510
1371,124,-11.899,1,10,20,1,0,0,0.114,0.0054,76634
1372,400,3.233,8,39,53,0,0,1,0.113,0.0054,77034
1373,400,-11.012,4,11,55,0,0,1,0.113,0.0054,77434
1374,44,-14.475,0,4,1,1,0,0,0.112,0.0054,77478
1375,400,-13.514,1,13,33,0,0,1,0.111,0.0053,77878
1376,66,-12.428,0,8,2,1,0,0,0.111,0.0053,77944
1377,400,-10.051,4,19,129,0,0,1,0.11,0.0053,78344
1378,206,-18.862,0,5,12,1,0,0,0.11,0.0053,78550
1379,400,-15.167,2,17,132,0,0,1,0.109,0.0053,78950
1380,344,-25.974,1,12,59,1,0,0,0.108,0.0053,79294
1381,400,-0.742,7,41,51,0,0,1,0.108,0.0053,79694
1382,400,-0.055,8,37,48,0,0,1,0.107,0.0053,80094
1383,400,3.578,9,36,22,0,0,1,0.106,0.0053,80494
1384,400,-12.201,4,10,64,0,0,1,0.106,0.0052,80894
1385,333,-18.574,2,12,31,1,0,0,0.105,0.0052,81227
1386,400,-10.797,3,10,28,0,0,1,0.104,0.0052,81627
1387,87,-14.811,0,3,4,1,0,0,0.104,0.0052,81714
1388,400,-10.706,4,16,43,0,0,1,0.103,0.0052,82114
1389,239,-16.274,1,7,12,1,0,0,0.102,0.0052,82353
1390,5,-13.104,0,4,0,1,0,0,0.102,0.0052,82358
1391,336,-13.693,7,21,55,1,0,0,0.101,0.0052,82694
1392,400,-14.408,0,0,16,0,0,1,0.1,0.0052,83094
1393,400,-17.768,1,8,83,0,0,1,0.1,0.0052,83494
1394,400,-14.89,0,9,56,0,0,1,0.099,0.0051,83894
1395,400,-9.455,5,15,59,0,0,1,0.099,0.0051,84294
1396,118,-9.181,1,13,6,1,0,0,0.098,0.0051,84412
1397,400,-1.52,8,23,25,0,0,1,0.097,0.0051,84812
1398,136,-16.713,0,6,51,1,0,0,0.097,0.0051,84948
1399,174,-11.64,2,14,25,1,0,0,0.096,0.0051,85122
1400,400,-8.272,5,17,21,0,0,1,0.095,0.0051,85522
1401,400,-12.223,2,13,55,0,0,1,0.095,0.0051,85922
1402,400,-11.583,3,16,77,0,0,1,0.094,0.0051,86322
1403,287,-20.982,1,11,46,1,0,0,0.093,0.005,86609
1404,400,-1.645,8,30,43,0,0,1,0.093,0.005,87009
1405,276,-16.161,3,11,18,1,0,0,0.092,0.005,87285
1406,376,-20.332,4,16,29,1,0,0,0.091,0.005,87661
1407,400,-5.441,6,29,65,0,0,1,0.091,0.005,88061
1408,400,-13.584,1,5,27,0,0,1,0.09,0.005,88461
1409,400,-15.069,0,3,19,0,0,1,0.089,0.005,88861
1410,400,-10.726,2,12,44,0,0,1,0.089,0.005,89261
1411,400,2.04,9,31,32,0,0,1,0.088,0.005,89661
1412,400,-9.242,3,15,24,0,0,1,0.088,0.0049,90061
1413,239,-18.907,1,11,28,1,0,0,0.087,0.0049,90300
1414,400,-10.447,1,17,32,0,0,1,0.086,0.0049,90700
1415,400,-1.566,6,24,34,0,0,1,0.086,0.0049,91100
1416,39,-10.869,0,2,3,1,0,0,0.085,0.0049,91139
1417,77,-9.966,1,6,5,1,0,0,0.084,0.0049,91216
1418,400,2.108,10,36,35,0,0,1,0.084,0.0049,91616
1419,400,4.314,9,47,43,0,0,1,0.083,0.0049,92016
1420,400,-5.801,6,29,61,0,0,1,0.082,0.0049,92416
1421,400,-8.929,4,13,46,0,0,1,0.082,0.0049,92816
1422,400,-10.606,4,18,66,0,0,1,0.081,0.0048,93216
1423,84,-11.309,0,6,3,1,0,0,0.08,0.0048,93300
1424,85,-15.982,0,5,9,1,0,0,0.08,0.0048,93385
1425,400,-7.857,2,20,36,0,0,1,0.079,0.0048,93785
1426,400,-8.631,5,22,73,0,0,1,0.079,0.0048,94185
1427,400,-7.156,6,27,97,0,0,1,0.078,0.0048,94585
1428,400,-14.453,1,7,53,0,0,1,0.077,0.0048,94985
1429,400,-11.704,1,14,31,0,0,1,0.077,0.0048,95385
1430,400,-8.904,3,11,23,0,0,1,0.076,0.0048,95785
1431,400,-5.853,6,24,60,0,0,1,0.075,0.0047,96185
1432,42,-9.406,0,6,0,1,0,0,0.075,0.0047,96227
1433,218,-18.309,0,14,49,1,0,0,0.074,0.0047,96445
1434,400,-9.477,3,14,43,0,0,1,0.073,0.0047,96845
1435,400,-9.273,3,25,60,0,0,1,0.073,0.0047,97245
1436,287,-11.316,6,28,35,1,0,0,0.072,0.0047,97532
1437,118,-12.521,2,11,11,1,0,0,0.071,0.0047,97650
1438,400,-7.083,5,23,60,0,0,1,0.071,0.0047,98050
1439,400,-11.523,1,26,69,0,0,1,0.07,0.0047,98450
1440,400,-14.295,0,11,44,0,0,1,0.069,0.0047,98850
1441,400,-12.195,3,16,70,0,0,1,0.069,0.0046,99250
1442,400,-14.991,0,4,17,0,0,1,0.068,0.0046,99650
1443,400,3.242,8,43,15,0,0,1,0.068,0.0046,100050
1444,264,-18.693,0,5,11,1,0,0,0.067,0.0046,100314
1445,400,-11.559,4,12,76,0,0,1,0.066,0.0046,100714
1446,98,-11.906,0,5,5,1,0,0,0.066,0.0046,100812
1447,400,-2.958,7,21,53,0,0,1,0.065,0.0046,101212
1448,379,-22.02,4,17,54,1,0,0,0.064,0.0046,101591
1449,400,-12.396,1,7,30,0,0,1,0.064,0.0046,101991
1450,243,-20.325,0,10,9,1,0,0,0.063,0.0045,102234
1451,307,-20.849,0,5,33,1,0,0,0.062,0.0045,102541
1452,330,-16.483,3,17,24,1,0,0,0.062,0.0045,102871
1453,376,-21.669,2,12,21,1,0,0,0.061,0.0045,103247
1454,400,-10.808,1,13,79,0,0,1,0.06,0.0045,103647
1455,400,-11.887,1,6,14,0,0,1,0.06,0.0045,104047
1456,400,-6.776,4,13,10,0,0,1,0.059,0.0045,104447
1457,400,-7.465,4,20,35,0,0,1,0.058,0.0045,104847
1458,400,-13.045,2,15,85,0,0,1,0.058,0.0045,105247
1459,400,-13.393,0,3,11,0,0,1,0.057,0.0044,105647
1460,400,-4.74,5,22,33,0,0,1,0.057,0.0044,106047
1461,400,-11.305,2,9,28,0,0,1,0.056,0.0044,106447
1462,144,-12.786,0,9,15,1,0,0,0.055,0.0044,106591
1463,203,-13.634,3,16,25,1,0,0,0.055,0.0044,106794
1464,199,-15.367,0,4,7,1,0,0,0.054,0.0044,106993
1465,400,-11.438,1,5,15,0,0,1,0.053,0.0044,107393
1466,400,-14.076,1,6,32,0,0,1,0.053,0.0044,107793
1467,400,-7.044,5,21,35,0,0,1,0.052,0.0044,108193
1468,400,-15.395,0,3,15,0,0,1,0.051,0.0044,108593
1469,115,-11.57,0,9,3,1,0,0,0.051,0.0043,108708
1470,400,-6.948,4,22,8,0,0,1,0.05,0.0043,109108
1471,159,-6.199,5,24,6,1,0,0,0.049,0.0043,109267
1472,5,-13.104,0,4,0,1,0,0,0.049,0.0043,109272
1473,400,-10.367,1,14,23,0,0,1,0.048,0.0043,109672
1474,400,-9.304,2,11,11,0,0,1,0.047,0.0043,110072
1475,201,-15.329,2,7,7,1,0,0,0.047,0.0043,110273
1476,310,-12.077,5,34,7,1,0,0,0.046,0.0043,110583
1477,10,-13.326,0,4,0,1,0,0,0.046,0.0043,110593
1478,400,-12.176,2,12,10,0,0,1,0.045,0.0042,110993
1479,400,-10.53,3,11,32,0,0,1,0.044,0.0042,111393
1480,227,-9.192,4,19,16,1,0,0,0.044,0.0042,111620
1481,400,-8.492,2,17,11,0,0,1,0.043,0.0042,112020
1482,400,-8.508,3,12,50,0,0,1,0.042,0.0042,112420
1483,400,-11.876,1,9,13,0,0,1,0.042,0.0042,112820
1484,257,-22.223,0,4,6,1,0,0,0.041,0.0042,113077
1485,400,-14.133,0,0,10,0,0,1,0.04,0.0042,113477
1486,123,-17.843,0,4,22,1,0,0,0.04,0.0042,113600
1487,400,-14.025,1,6,14,0,0,1,0.039,0.0041,114000
1488,400,-9.59,3,15,40,0,0,1,0.038,0.0041,114400
1489,133,-18.51,0,3,13,1,0,0,0.038,0.0041,114533
1490,400,-13.965,0,0,9,0,0,1,0.037,0.0041,114933
1491,400,-13.455,0,2,9,0,0,1,0.036,0.0041,115333
1492,400,-11.471,1,7,16,0,0,1,0.036,0.0041,115733
1493,314,-19.392,3,15,30,1,0,0,0.035,0.0041,116047
1494,400,-14.534,0,0,14,0,0,1,0.035,0.0041,116447
1495,400,-13.803,0,0,6,0,0,1,0.034,0.0041,116847
1496,400,-3.202,6,17,19,0,0,1,0.033,0.0041,117247
1497,400,-11.767,1,7,6,0,0,1,0.033,0.004,117647
1498,400,-15.082,1,5,50,0,0,1,0.032,0.004,118047
1499,137,-17.726,0,3,0,1,0,0,0.031,0.004,118184
1500,400,-10.299,1,18,29,0,0,1,0.031,0.004,118584
1501,400,-12.772,0,3,3,0,0,1,0.03,0.004,118984
1502,400,-14.293,0,2,8,0,0,1,0.03,0.004,119384
1503,400,-14.0,1,2,12,0,0,1,0.03,0.004,119784
1504,400,-14.179,1,8,47,0,0,1,0.03,0.004,120184
1505,400,-15.126,2,6,27,0,0,1,0.03,0.004,120584
1506,400,-10.838,2,7,7,0,0,1,0.03,0.004,120984
1507,400,-13.198,0,2,5,0,0,1,0.03,0.004,121384
1508,400,-13.387,1,2,26,0,0,1,0.03,0.004,121784
1509,400,-9.811,1,12,4,0,0,1,0.03,0.004,122184
1510,400,-14.008,1,9,14,0,0,1,0.03,0.004,122584
1511,400,-5.065,4,14,12,0,0,1,0.03,0.004,122984
1512,368,-23.946,1,12,12,1,0,0,0.03,0.004,123352
1513,400,-13.036,1,2,18,0,0,1,0.03,0.004,123752
1514,400,-1.338,7,37,35,0,0,1,0.03,0.004,124152
1515,400,-11.645,0,6,5,0,0,1,0.03,0.004,124552
1516,400,-13.381,0,3,14,0,0,1,0.03,0.004,124952
1517,400,-1.985,6,22,21,0,0,1,0.03,0.004,125352
1518,400,-15.944,0,2,10,0,0,1,0.03,0.004,125752
1519,29,-13.927,0,4,0,1,0,0,0.03,0.004,125781
1520,400,-13.1,0,2,5,0,0,1,0.03,0.004,126181
1521,7,-13.073,0,4,0,1,0,0,0.03,0.004,126188
1522,396,-23.124,0,3,3,1,0,0,0.03,0.004,126584
1523,400,-13.673,0,0,4,0,0,1,0.03,0.004,126984
1524,400,-15.129,1,4,36,0,0,1,0.03,0.004,127384
1525,400,-14.376,2,6,52,0,0,1,0.03,0.004,127784
1526,400,-11.856,1,5,6,0,0,1,0.03,0.004,128184
1527,400,-11.775,2,16,64,0,0,1,0.03,0.004,128584
1528,400,-14.51,0,0,15,0,0,1,0.03,0.004,128984
1529,400,-5.639,6,17,46,0,0,1,0.03,0.004,129384
1530,400,-11.519,1,13,14,0,0,1,0.03,0.004,129784
1531,400,-15.548,0,7,61,0,0,1,0.03,0.004,130184
1532,400,-12.432,1,5,23,0,0,1,0.03,0.004,130584
1533,400,-14.964,0,0,23,0,0,1,0.03,0.004,130984
1534,400,-10.505,1,8,9,0,0,1,0.03,0.004,131384
1535,400,-13.086,1,3,50,0,0,1,0.03,0.004,131784
1536,5,-13.284,0,3,1,1,0,0,0.03,0.004,131789
1537,400,-9.66,2,17,10,0,0,1,0.03,0.004,132189
1538,400,-13.098,2,6,5,0,0,1,0.03,0.004,132589
1539,400,-11.903,3,13,33,0,0,1,0.03,0.004,132989
1540,400,-13.736,0,8,15,0,0,1,0.03,0.004,133389
1541,400,-11.996,3,7,44,0,0,1,0.03,0.004,133789
1542,400,-13.505,0,2,5,0,0,1,0.03,0.004,134189
1543,400,-12.84,0,8,23,0,0,1,0.03,0.004,134589
1544,400,-13.614,0,0,3,0,0,1,0.03,0.004,134989
1545,400,-13.881,0,0,7,0,0,1,0.03,0.004,135389
1546,400,-13.057,0,2,3,0,0,1,0.03,0.004,135789
1547,400,-10.518,1,14,22,0,0,1,0.03,0.004,136189
1548,400,-5.733,6,16,32,0,0,1,0.03,0.004,136589
1549,400,-13.185,0,2,6,0,0,1,0.03,0.004,136989
1550,400,-10.418,2,8,2,0,0,1,0.03,0.004,137389
1551,400,-4.029,6,19,40,0,0,1,0.03,0.004,137789
1552,400,-13.282,0,3,4,0,0,1,0.03,0.004,138189
1553,400,-14.801,0,3,8,0,0,1,0.03,0.004,138589
1554,400,-2.391,7,17,27,0,0,1,0.03,0.004,138989
1555,400,-11.875,1,8,7,0,0,1,0.03,0.004,139389
1556,400,-13.925,0,0,7,0,0,1,0.03,0.004,139789
1557,400,-13.723,0,0,5,0,0,1,0.03,0.004,140189
1558,400,-7.916,2,29,39,0,0,1,0.03,0.004,140589
1559,400,-9.468,3,13,34,0,0,1,0.03,0.004,140989
1560,400,-14.412,0,4,27,0,0,1,0.03,0.004,141389
1561,400,-12.958,0,6,6,0,0,1,0.03,0.004,141789
1562,400,-5.826,5,16,27,0,0,1,0.03,0.004,142189
1563,400,-11.089,1,6,2,0,0,1,0.03,0.004,142589
1564,400,-13.306,0,3,9,0,0,1,0.03,0.004,142989
1565,400,-12.253,2,5,29,0,0,1,0.03,0.004,143389
1566,400,-11.675,1,5,11,0,0,1,0.03,0.004,143789
1567,400,-12.497,1,9,13,0,0,1,0.03,0.004,144189
1568,400,-9.539,2,9,11,0,0,1,0.03,0.004,144589
1569,400,-6.881,5,18,11,0,0,1,0.03,0.004,144989
1570,141,-14.023,1,10,4,1,0,0,0.03,0.004,145130
1571,400,-13.756,0,0,4,0,0,1,0.03,0.004,145530
1572,400,-8.27,3,12,19,0,0,1,0.03,0.004,145930
1573,400,-10.854,2,6,9,0,0,1,0.03,0.004,146330
1574,400,-12.916,0,3,6,0,0,1,0.03,0.004,146730
1575,400,-13.794,0,0,5,0,0,1,0.03,0.004,147130
1576,400,-17.041,2,6,64,0,0,1,0.03,0.004,147530
1577,400,-12.441,2,9,31,0,0,1,0.03,0.004,147930
1578,400,-13.209,0,4,9,0,0,1,0.03,0.004,148330
1579,400,-9.969,3,17,85,0,0,1,0.03,0.004,148730
1580,400,-11.726,1,4,15,0,0,1,0.03,0.004,149130
1581,400,-2.454,6,21,8,0,0,1,0.03,0.004,149530
1582,116,-16.942,0,4,1,1,0,0,0.03,0.004,149646
1583,400,-12.154,1,14,14,0,0,1,0.03,0.004,150046
1584,400,-15.896,0,3,24,0,0,1,0.03,0.004,150446
1585,400,-5.399,5,17,13,0,0,1,0.03,0.004,150846
1586,400,-7.569,2,16,5,0,0,1,0.03,0.004,151246
1587,400,-13.556,2,13,48,0,0,1,0.03,0.004,151646
1588,400,-13.418,0,4,17,0,0,1,0.03,0.004,152046
1589,400,-14.347,0,3,27,0,0,1,0.03,0.004,152446
1590,400,-13.447,0,0,3,0,0,1,0.03,0.004,152846
1591,400,-13.762,0,0,4,0,0,1,0.03,0.004,153246
1592,400,-11.481,1,3,7,0,0,1,0.03,0.004,153646
1593,400,-9.464,2,11,26,0,0,1,0.03,0.004,154046
1594,400,-11.001,1,8,16,0,0,1,0.03,0.004,154446
1595,58,-14.92,0,4,0,1,0,0,0.03,0.004,154504
1596,400,-14.005,0,0,8,0,0,1,0.03,0.004,154904
1597,400,-11.252,1,5,5,0,0,1,0.03,0.004,155304
1598,126,-15.383,0,9,2,1,0,0,0.03,0.004,155430
1599,400,-13.463,0,2,10,0,0,1,0.03,0.004,155830
1600,400,-13.189,0,3,6,0,0,1,0.03,0.004,156230
1601,18,-13.8,0,2,0,1,0,0,0.03,0.004,156248
1602,400,-12.576,2,6,25,0,0,1,0.03,0.004,156648
1603,400,-11.812,1,6,17,0,0,1,0.03,0.004,157048
1604,400,-13.551,0,2,2,0,0,1,0.03,0.004,157448
1605,400,-11.531,2,9,21,0,0,1,0.03,0.004,157848
1606,400,-13.035,0,2,4,0,0,1,0.03,0.004,158248
1607,400,-12.6,0,3,6,0,0,1,0.03,0.004,158648
1608,400,-12.614,0,3,8,0,0,1,0.03,0.004,159048
1609,400,-13.429,3,9,31,0,0,1,0.03,0.004,159448
1610,400,-12.299,1,8,14,0,0,1,0.03,0.004,159848
1611,400,-13.002,0,3,4,0,0,1,0.03,0.004,160248
1612,400,-12.618,1,5,7,0,0,1,0.03,0.004,160648
1613,400,-10.269,2,6,5,0,0,1,0.03,0.004,161048
1614,400,-13.229,0,0,0,0,0,1,0.03,0.004,161448
1615,205,-20.133,0,4,3,1,0,0,0.03,0.004,161653
1616,5,-13.172,0,4,2,1,0,0,0.03,0.004,161658
1617,400,-13.803,0,3,15,0,0,1,0.03,0.004,162058
1618,400,-9.043,5,15,63,0,0,1,0.03,0.004,162458
1619,400,-12.738,0,6,8,0,0,1,0.03,0.004,162858
1620,69,-15.506,0,3,2,1,0,0,0.03,0.004,162927
1621,400,-12.931,0,5,11,0,0,1,0.03,0.004,163327
1622,90,-16.246,0,2,1,1,0,0,0.03,0.004,163417
1623,321,-15.969,3,8,26,1,0,0,0.03,0.004,163738
1624,400,-10.236,3,4,20,0,0,1,0.03,0.004,164138
1625,6,-13.319,0,3,1,1,0,0,0.03,0.004,164144
1626,400,-15.834,1,3,22,0,0,1,0.03,0.004,164544
1627,23,-13.671,0,4,0,1,0,0,0.03,0.004,164567
1628,400,-7.634,5,20,54,0,0,1,0.03,0.004,164967
1629,400,-12.722,2,5,7,0,0,1,0.03,0.004,165367
1630,7,-13.173,0,4,0,1,0,0,0.03,0.004,165374
1631,85,-15.974,0,3,1,1,0,0,0.03,0.004,165459
1632,400,-14.72,0,2,0,0,0,1,0.03,0.004,165859
1633,400,-13.811,0,0,7,0,0,1,0.03,0.004,166259
1634,101,-16.613,0,3,2,1,0,0,0.03,0.004,166360
1635,400,-14.526,3,13,80,0,0,1,0.03,0.004,166760
1636,400,-13.778,0,2,19,0,0,1,0.03,0.004,167160
1637,107,-16.905,0,2,1,1,0,0,0.03,0.004,167267
1638,400,-14.015,0,0,7,0,0,1,0.03,0.004,167667
1639,400,-14.384,0,2,6,0,0,1,0.03,0.004,168067
1640,400,-15.023,0,5,17,0,0,1,0.03,0.004,168467
1641,400,-14.474,0,4,33,0,0,1,0.03,0.004,168867
1642,44,-14.34,0,4,0,1,0,0,0.03,0.004,168911
1643,400,-2.15,5,30,15,0,0,1,0.03,0.004,169311
1644,51,-14.63,0,4,0,1,0,0,0.03,0.004,169362
1645,400,-13.694,0,0,4,0,0,1,0.03,0.004,169762
1646,270,-17.846,0,4,5,1,0,0,0.03,0.004,170032
1647,400,-14.094,0,0,9,0,0,1,0.03,0.004,170432
1648,400,-12.125,1,5,7,0,0,1,0.03,0.004,170832
1649,400,-10.089,2,9,30,0,0,1,0.03,0.004,171232
1650,400,-14.56,0,7,12,0,0,1,0.03,0.004,171632
1651,400,-13.442,0,5,23,0,0,1,0.03,0.004,172032
1652,400,-8.47,4,12,27,0,0,1,0.03,0.004,172432
1653,400,-13.774,0,0,5,0,0,1,0.03,0.004,172832
1654,400,-11.07,0,10,5,0,0,1,0.03,0.004,173232
1655,400,-14.252,0,0,13,0,0,1,0.03,0.004,173632
1656,400,-12.206,1,4,9,0,0,1,0.03,0.004,174032
1657,400,-13.001,0,2,3,0,0,1,0.03,0.004,174432
1658,157,-14.019,0,4,2,1,0,0,0.03,0.004,174589
1659,159,-18.689,0,3,2,1,0,0,0.03,0.004,174748
1660,15,-13.347,0,4,0,1,0,0,0.03,0.004,174763
1661,263,-23.612,0,4,22,1,0,0,0.03,0.004,175026
1662,400,-13.854,0,0,6,0,0,1,0.03,0.004,175426
1663,400,-13.894,0,0,6,0,0,1,0.03,0.004,175826
1664,400,-0.334,10,30,77,0,0,1,0.03,0.004,176226
1665,400,-13.733,0,10,34,0,0,1,0.03,0.004,176626
1666,400,-1.521,4,28,7,0,0,1,0.03,0.004,177026
1667,400,-0.018,9,35,41,0,0,1,0.03,0.004,177426
1668,400,-11.19,2,6,9,0,0,1,0.03,0.004,177826
1669,400,-8.104,3,19,25,0,0,1,0.03,0.004,178226
1670,400,-11.029,2,16,63,0,0,1,0.03,0.004,178626
1671,400,-8.601,3,9,8,0,0,1,0.03,0.004,179026
1672,400,-10.774,2,7,13,0,0,1,0.03,0.004,179426
1673,400,-13.654,0,0,5,0,0,1,0.03,0.004,179826
1674,400,-11.499,1,8,6,0,0,1,0.03,0.004,180226
1675,400,-14.39,1,1,20,0,0,1,0.03,0.004,180626
1676,400,-13.956,0,0,7,0,0,1,0.03,0.004,181026
1677,400,-11.749,1,5,9,0,0,1,0.03,0.004,181426
1678,246,-21.717,0,3,2,1,0,0,0.03,0.004,181672
1679,400,-13.854,0,0,6,0,0,1,0.03,0.004,182072
1680,400,-8.811,1,13,9,0,0,1,0.03,0.004,182472
1681,26,-13.874,0,3,0,1,0,0,0.03,0.004,182498
1682,284,-23.264,0,4,7,1,0,0,0.03,0.004,182782
1683,25,-13.839,0,3,0,1,0,0,0.03,0.004,182807
1684,400,-6.828,3,13,19,0,0,1,0.03,0.004,183207
1685,400,-8.081,3,10,14,0,0,1,0.03,0.004,183607
1686,400,-13.692,0,0,5,0,0,1,0.03,0.004,184007
1687,400,-14.222,0,0,11,0,0,1,0.03,0.004,184407
1688,400,-13.048,0,2,5,0,0,1,0.03,0.004,184807
1689,400,-7.063,3,15,18,0,0,1,0.03,0.004,185207
1690,400,-13.236,0,3,7,0,0,1,0.03,0.004,185607
1691,346,-18.094,2,16,18,1,0,0,0.03,0.004,185953
1692,400,-10.283,3,12,58,0,0,1,0.03,0.004,186353
1693,400,-10.844,1,11,27,0,0,1,0.03,0.004,186753
1694,400,-14.014,0,0,8,0,0,1,0.03,0.004,187153
1695,400,-9.091,4,12,45,0,0,1,0.03,0.004,187553
1696,39,-14.399,0,3,1,1,0,0,0.03,0.004,187592
1697,400,-13.935,0,0,6,0,0,1,0.03,0.004,187992
1698,400,-9.459,2,10,19,0,0,1,0.03,0.004,188392
1699,400,-11.029,1,6,2,0,0,1,0.03,0.004,188792
1700,400,-12.529,2,8,69,0,0,1,0.03,0.004,189192
1701,400,-7.472,4,18,35,0,0,1,0.03,0.004,189592
1702,400,-13.645,0,0,5,0,0,1,0.03,0.004,189992
1703,400,-8.652,4,13,38,0,0,1,0.03,0.004,190392
1704,400,-10.708,2,9,24,0,0,1,0.03,0.004,190792
1705,400,-5.646,6,33,46,0,0,1,0.03,0.004,191192
1706,400,-11.552,1,8,5,0,0,1,0.03,0.004,191592
1707,400,-8.898,4,11,26,0,0,1,0.03,0.004,191992
1708,257,-14.495,1,9,8,1,0,0,0.03,0.004,192249
1709,400,-8.836,3,11,35,0,0,1,0.03,0.004,192649
1710,400,-3.272,6,17,30,0,0,1,0.03,0.004,193049
1711,400,-12.621,1,13,8,0,0,1,0.03,0.004,193449
1712,47,-14.623,0,4,1,1,0,0,0.03,0.004,193496
1713,400,-5.768,4,10,5,0,0,1,0.03,0.004,193896
1714,400,-13.935,0,0,6,0,0,1,0.03,0.004,194296
1715,400,-8.854,2,17,35,0,0,1,0.03,0.004,194696
1716,383,-26.333,0,3,2,1,0,0,0.03,0.004,195079
1717,400,-13.32,0,0,2,0,0,1,0.03,0.004,195479
1718,400,-13.893,0,0,7,0,0,1,0.03,0.004,195879
1719,340,-12.3,5,28,52,1,0,0,0.03,0.004,196219
1720,400,-11.368,1,6,9,0,0,1,0.03,0.004,196619
1721,400,1.927,9,24,26,0,0,1,0.03,0.004,197019
1722,400,-14.204,1,11,82,0,0,1,0.03,0.004,197419
1723,100,-16.338,0,4,1,1,0,0,0.03,0.004,197519
1724,158,-13.744,0,6,2,1,0,0,0.03,0.004,197677
1725,400,-5.037,4,17,27,0,0,1,0.03,0.004,198077
1726,400,-12.058,3,12,60,0,0,1,0.03,0.004,198477
1727,154,-18.385,0,3,1,1,0,0,0.03,0.004,198631
1728,400,-13.203,0,0,2,0,0,1,0.03,0.004,199031
1729,400,-13.659,0,0,4,0,0,1,0.03,0.004,199431
1730,400,-7.904,2,18,34,0,0,1,0.03,0.004,199831
1731,400,-5.966,5,11,22,0,0,1,0.03,0.004,200000
1732,400,-14.144,0,5,17,0,0,1,0.03,0.004,200000
1733,400,-9.215,1,15,23,0,0,1,0.03,0.004,200000
1734,264,-15.849,3,15,9,1,0,0,0.03,0.004,200000
1735,400,-8.316,2,9,5,0,0,1,0.03,0.004,200000
1736,400,-3.47,6,16,18,0,0,1,0.03,0.004,200000
1737,400,-14.562,0,0,16,0,0,1,0.03,0.004,200000
1738,400,1.252,8,24,60,0,0,1,0.03,0.004,200000
1739,400,-8.542,4,10,26,0,0,1,0.03,0.004,200000
1740,400,0.248,8,28,83,0,0,1,0.03,0.004,200000
1741,400,-8.54,3,20,50,0,0,1,0.03,0.004,200000
1742,400,-3.48,8,27,97,0,0,1,0.03,0.004,200000
1743,400,5.177,11,49,93,0,0,1,0.03,0.004,200000
1744,400,-6.6,5,17,48,0,0,1,0.03,0.004,200000
1745,400,-13.416,0,2,8,0,0,1,0.03,0.004,200000
1746,400,-11.258,0,9,2,0,0,1,0.03,0.004,200000
1747,400,-14.094,0,0,9,0,0,1,0.03,0.004,200000
1748,400,-13.733,0,0,5,0,0,1,0.03,0.004,200000
1749,373,-16.733,4,19,53,1,0,0,0.03,0.004,200000
1750,400,-13.336,0,2,7,0,0,1,0.03,0.004,200000
1751,400,-10.332,3,12,21,0,0,1,0.03,0.004,200000
1752,400,-9.918,4,11,65,0,0,1,0.03,0.004,200000
1753,400,-10.548,0,10,1,0,0,1,0.03,0.004,200000
1754,400,-10.463,2,10,17,0,0,1,0.03,0.004,200000
1755,400,-5.143,5,18,36,0,0,1,0.03,0.004,200000
1756,400,-13.552,0,3,13,0,0,1,0.03,0.004,200000
1757,400,-13.893,0,0,7,0,0,1,0.03,0.004,200000
1758,400,-4.616,6,25,29,0,0,1,0.03,0.004,200000
1759,400,-9.007,2,11,15,0,0,1,0.03,0.004,200000
1760,400,-2.69,6,14,18,0,0,1,0.03,0.004,200000
1761,400,-4.739,4,27,13,0,0,1,0.03,0.004,200000
1762,400,-4.144,3,42,37,0,0,1,0.03,0.004,200000
1763,400,0.558,8,34,53,0,0,1,0.03,0.004,200000
1764,269,0.24,11,42,35,1,0,0,0.03,0.004,200000
1765,400,3.175,9,30,16,0,0,1,0.03,0.004,200000
1766,400,-13.854,0,0,6,0,0,1,0.03,0.004,200000
1767,400,-11.718,2,12,36,0,0,1,0.03,0.004,200000
1768,400,-5.367,4,13,12,0,0,1,0.03,0.004,200000
1769,9,-14.472,0,2,6,1,0,0,0.03,0.004,200000
1770,400,-6.135,4,17,12,0,0,1,0.03,0.004,200000
1771,400,-12.069,0,9,2,0,0,1,0.03,0.004,200000
1772,400,-10.875,2,8,5,0,0,1,0.03,0.004,200000
1773,89,-12.617,1,6,2,1,0,0,0.03,0.004,200000
1774,400,-7.352,4,16,8,0,0,1,0.03,0.004,200000
1775,400,-6.55,4,21,28,0,0,1,0.03,0.004,200000
1776,400,-9.98,3,13,16,0,0,1,0.03,0.004,200000
1777,400,-3.55,5,15,11,0,0,1,0.03,0.004,200000
1778,400,-13.819,0,3,6,0,0,1,0.03,0.004,200000
1779,400,-13.935,0,0,6,0,0,1,0.03,0.004,200000
1780,313,-18.236,2,16,8,1,0,0,0.03,0.004,200000
1781,347,-17.293,3,20,11,1,0,0,0.03,0.004,200000
1782,400,-13.614,0,0,3,0,0,1,0.03,0.004,200000
1783,400,-13.005,1,5,5,0,0,1,0.03,0.004,200000
1784,400,-8.419,2,12,12,0,0,1,0.03,0.004,200000
1785,400,-4.307,3,12,3,0,0,1,0.03,0.004,200000
1786,400,-13.893,0,6,6,0,0,1,0.03,0.004,200000
1787,400,-13.345,0,3,4,0,0,1,0.03,0.004,200000
1788,337,-19.513,1,10,18,1,0,0,0.03,0.004,200000
1789,400,-13.374,0,3,8,0,0,1,0.03,0.004,200000
1790,400,-13.854,0,0,6,0,0,1,0.03,0.004,200000
1791,400,-8.426,3,17,42,0,0,1,0.03,0.004,200000
1792,74,-9.321,0,8,0,1,0,0,0.03,0.004,200000
1793,400,-13.854,0,0,6,0,0,1,0.03,0.004,200000
1794,400,-6.01,4,18,29,0,0,1,0.03,0.004,200000
1795,16,-14.3,0,2,9,1,0,0,0.03,0.004,200000
1796,400,-10.362,2,11,16,0,0,1,0.03,0.004,200000
1797,400,-13.244,2,9,26,0,0,1,0.03,0.004,200000
1798,400,-0.129,8,27,76,0,0,1,0.03,0.004,200000
1799,400,-6.993,3,24,11,0,0,1,0.03,0.004,200000
1800,303,-9.161,7,22,42,1,0,0,0.03,0.004,200000
1801,400,3.78,10,24,31,0,0,1,0.03,0.004,200000
1802,156,-19.692,0,3,17,1,0,0,0.03,0.004,200000
1803,400,-6.964,3,12,23,0,0,1,0.03,0.004,200000
1804,400,-13.694,0,0,4,0,0,1,0.03,0.004,200000
1805,400,-5.481,4,9,3,0,0,1,0.03,0.004,200000
1806,37,-17.517,0,3,28,1,0,0,0.03,0.004,200000
1807,13,-14.295,0,4,7,1,0,0,0.03,0.004,200000
1808,400,-3.108,6,15,14,0,0,1,0.03,0.004,200000
1809,400,-6.718,5,18,32,0,0,1,0.03,0.004,200000
1810,400,0.069,7,27,104,0,0,1,0.03,0.004,200000
1811,400,-13.432,0,3,10,0,0,1,0.03,0.004,200000
1812,12,-14.461,0,3,7,1,0,0,0.03,0.004,200000
1813,205,-20.429,0,4,22,1,0,0,0.03,0.004,200000
1814,400,-6.59,2,17,14,0,0,1,0.03,0.004,200000
1815,214,-17.414,3,13,60,1,0,0,0.03,0.004,200000
1816,16,-15.001,0,2,11,1,0,0,0.03,0.004,200000
1817,32,-16.484,0,3,24,1,0,0,0.03,0.004,200000
1818,400,-5.903,6,15,35,0,0,1,0.03,0.004,200000
1819,400,-0.156,7,24,9,0,0,1,0.03,0.004,200000
1820,400,-9.486,5,15,69,0,0,1,0.03,0.004,200000
1821,13,-14.495,0,3,7,1,0,0,0.03,0.004,200000
1822,400,-0.916,7,25,17,0,0,1,0.03,0.004,200000
1823,400,-0.122,6,23,39,0,0,1,0.03,0.004,200000
1824,400,0.193,6,24,29,0,0,1,0.03,0.004,200000
1825,400,-10.31,1,6,6,0,0,1,0.03,0.004,200000
1826,23,-15.623,0,2,16,1,0,0,0.03,0.004,200000
1827,10,-14.462,0,2,6,1,0,0,0.03,0.004,200000
1828,400,-5.478,5,12,7,0,0,1,0.03,0.004,200000
1829,400,-8.082,4,11,2,0,0,1,0.03,0.004,200000
1830,400,-6.578,4,17,44,0,0,1,0.03,0.004,200000
1831,400,-11.523,2,3,9,0,0,1,0.03,0.004,200000
1832,400,-3.139,5,20,3,0,0,1,0.03,0.004,200000
1833,400,-14.174,0,0,10,0,0,1,0.03,0.004,200000
1834,400,-13.894,0,0,6,0,0,1,0.03,0.004,200000
1835,400,-11.594,2,8,15,0,0,1,0.03,0.004,200000
1836,400,-9.062,2,11,23,0,0,1,0.03,0.004,200000
1837,400,-13.035,0,3,5,0,0,1,0.03,0.004,200000
1838,400,-12.74,1,5,27,0,0,1,0.03,0.004,200000
1839,400,-6.96,4,23,50,0,0,1,0.03,0.004,200000
1840,400,-11.185,1,9,5,0,0,1,0.03,0.004,200000
1841,400,-8.069,3,14,10,0,0,1,0.03,0.004,200000
1842,400,-11.774,1,8,24,0,0,1,0.03,0.004,200000
1843,400,-13.096,0,2,4,0,0,1,0.03,0.004,200000
1844,400,4.363,8,25,6,0,0,1,0.03,0.004,200000
1845,400,-13.366,0,5,24,0,0,1,0.03,0.004,200000
1846,400,2.121,11,29,123,0,0,1,0.03,0.004,200000
1847,76,-9.162,3,14,2,1,0,0,0.03,0.004,200000
1848,400,2.897,9,16,10,0,0,1,0.03,0.004,200000
1849,400,4.029,9,28,22,0,0,1,0.03,0.004,200000
1850,400,1.619,10,35,57,0,0,1,0.03,0.004,200000
1851,67,-6.801,3,18,13,1,0,0,0.03,0.004,200000
1852,400,-4.089,9,23,133,0,0,1,0.03,0.004,200000
1853,400,9.849,14,28,43,0,0,1,0.03,0.004,200000
1854,400,-0.177,4,18,10,0,0,1,0.03,0.004,200000
1855,400,-1.043,5,28,35,0,0,1,0.03,0.004,200000
1856,400,-10.327,1,8,21,0,0,1,0.03,0.004,200000
1857,400,-1.516,9,21,75,0,0,1,0.03,0.004,200000
1858,400,-8.729,3,12,40,0,0,1,0.03,0.004,200000
1859,400,7.679,9,45,24,0,0,1,0.03,0.004,200000
1860,400,-0.685,8,21,75,0,0,1,0.03,0.004,200000
1861,400,-6.118,5,10,30,0,0,1,0.03,0.004,200000
1862,400,-5.929,4,14,15,0,0,1,0.03,0.004,200000
1863,400,-2.913,8,11,38,0,0,1,0.03,0.004,200000
1864,400,-10.265,2,6,21,0,0,1,0.03,0.004,200000
1865,400,-15.039,0,3,34,0,0,1,0.03,0.004,200000
1866,400,4.811,1,6,4,0,0,1,0.03,0.004,200000
1867,7,-13.479,0,4,5,1,0,0,0.03,0.004,200000
1868,400,13.18,11,46,20,0,0,1,0.03,0.004,200000
1869,26,-15.067,0,4,16,1,0,0,0.03,0.004,200000
1870,400,-2.171,6,23,54,0,0,1,0.03,0.004,200000
1871,400,-1.37,7,14,21,0,0,1,0.03,0.004,200000
1872,400,-3.291,6,16,40,0,0,1,0.03,0.004,200000
1873,400,1.803,8,24,37,0,0,1,0.03,0.004,200000
1874,400,-10.56,3,8,46,0,0,1,0.03,0.004,200000
1875,400,-2.796,6,11,6,0,0,1,0.03,0.004,200000
1876,400,-3.887,7,16,59,0,0,1,0.03,0.004,200000
1877,136,-12.87,2,13,28,1,0,0,0.03,0.004,200000
1878,189,-12.248,4,10,10,1,0,0,0.03,0.004,200000
1879,322,-9.211,8,32,42,1,0,0,0.03,0.004,200000
1880,294,-15.555,4,21,20,1,0,0,0.03,0.004,200000
1881,400,-6.059,4,7,4,0,0,1,0.03,0.004,200000
1882,400,-11.55,3,4,50,0,0,1,0.03,0.004,200000
1883,400,-12.27,4,13,123,0,0,1,0.03,0.004,200000
1884,400,-13.653,0,0,4,0,0,1,0.03,0.004,200000
1885,400,17.553,17,48,33,0,0,1,0.03,0.004,200000
1886,31,-7.953,0,7,0,1,0,0,0.03,0.004,200000
1887,400,-2.296,8,20,74,0,0,1,0.03,0.004,200000
1888,400,-4.454,6,18,58,0,0,1,0.03,0.004,200000
1889,400,-6.377,3,19,12,0,0,1,0.03,0.004,200000
1890,400,-3.452,5,16,15,0,0,1,0.03,0.004,200000
1891,400,-7.853,3,10,11,0,0,1,0.03,0.004,200000
1892,400,13.099,13,31,10,0,0,1,0.03,0.004,200000
1893,400,-13.813,0,0,6,0,0,1,0.03,0.004,200000
1894,268,-19.262,3,11,56,1,0,0,0.03,0.004,200000
1895,216,-10.587,2,15,8,1,0,0,0.03,0.004,200000
1896,400,-14.055,1,3,45,0,0,1,0.03,0.004,200000
1897,400,15.97,15,49,2,0,0,1,0.03,0.004,200000
1898,400,-5.085,7,17,67,0,0,1,0.03,0.004,200000
1899,400,6.999,11,29,34,0,0,1,0.03,0.004,200000
1900,400,4.223,9,33,61,0,0,1,0.03,0.004,200000
1901,400,5.386,11,23,2,0,0,1,0.03,0.004,200000
1902,400,7.454,10,30,7,0,0,1,0.03,0.004,200000
1903,400,1.691,8,28,27,0,0,1,0.03,0.004,200000
1904,400,-1.507,7,24,45,0,0,1,0.03,0.004,200000
1905,400,-4.012,6,13,27,0,0,1,0.03,0.004,200000
1906,400,-3.311,9,21,71,0,0,1,0.03,0.004,200000
1907,400,-11.075,1,5,4,0,0,1,0.03,0.004,200000
1908,400,-9.958,1,8,2,0,0,1,0.03,0.004,200000
1909,400,-13.692,0,0,5,0,0,1,0.03,0.004,200000
1910,303,-15.395,3,8,6,1,0,0,0.03,0.004,200000
1911,400,-3.281,5,16,5,0,0,1,0.03,0.004,200000
1912,400,-6.764,3,12,6,0,0,1,0.03,0.004,200000
1913,400,-6.623,3,9,8,0,0,1,0.03,0.004,200000
1914,400,6.499,10,34,5,0,0,1,0.03,0.004,200000
1915,400,5.681,11,20,20,0,0,1,0.03,0.004,200000
1916,87,-13.509,1,12,36,1,0,0,0.03,0.004,200000
1917,400,-6.964,3,9,3,0,0,1,0.03,0.004,200000
1918,400,-4.431,2,7,34,0,0,1,0.03,0.004,200000
1919,27,-9.114,0,5,1,1,0,0,0.03,0.004,200000
1920,400,-3.241,2,7,16,0,0,1,0.03,0.004,200000
1921,185,-12.379,3,10,16,1,0,0,0.03,0.004,200000
1922,400,-6.705,0,1,21,0,0,1,0.03,0.004,200000
1923,400,-7.839,4,15,16,0,0,1,0.03,0.004,200000
1924,400,0.972,7,26,6,0,0,1,0.03,0.004,200000
1925,400,7.692,8,26,3,0,0,1,0.03,0.004,200000
1926,400,-9.655,1,5,34,0,0,1,0.03,0.004,200000
1927,400,-13.175,0,2,6,0,0,1,0.03,0.004,200000
1928,400,-11.36,1,4,1,0,0,1,0.03,0.004,200000
1929,400,8.844,11,21,21,0,0,1,0.03,0.004,200000
1930,400,9.682,12,29,84,0,0,1,0.03,0.004,200000
1931,400,0.203,4,11,10,0,0,1,0.03,0.004,200000
1932,400,3.714,9,26,12,0,0,1,0.03,0.004,200000
1933,400,-5.001,0,3,12,0,0,1,0.03,0.004,200000
1934,400,-11.637,1,8,60,0,0,1,0.03,0.004,200000
1935,21,-10.573,1,7,3,1,0,0,0.03,0.004,200000
1936,400,2.748,5,24,57,0,0,1,0.03,0.004,200000
1937,265,-19.145,1,7,29,1,0,0,0.03,0.004,200000
1938,400,20.707,19,31,49,0,0,1,0.03,0.004,200000
1939,201,-12.921,7,23,103,1,0,0,0.03,0.004,200000
1940,400,-2.25,8,22,118,0,0,1,0.03,0.004,200000
1941,195,-11.559,3,13,1,1,0,0,0.03,0.004,200000
1942,400,-5.627,4,13,10,0,0,1,0.03,0.004,200000
1943,13,-8.659,0,5,0,1,0,0,0.03,0.004,200000
1944,400,-2.095,2,7,9,0,0,1,0.03,0.004,200000
1945,5,-13.65,0,3,1,1,0,0,0.03,0.004,200000
1946,5,-13.874,0,3,3,1,0,0,0.03,0.004,200000
1947,400,-3.814,5,13,12,0,0,1,0.03,0.004,200000
1948,400,-4.922,4,11,5,0,0,1,0.03,0.004,200000
1949,400,-5.047,4,13,5,0,0,1,0.03,0.004,200000
1950,17,-13.846,0,4,2,1,0,0,0.03,0.004,200000
1951,305,2.817,12,37,9,1,0,0,0.03,0.004,200000
1952,400,-13.855,0,0,5,0,0,1,0.03,0.004,200000
1953,400,17.465,15,38,38,0,0,1,0.03,0.004,200000
1954,119,-14.322,1,6,11,1,0,0,0.03,0.004,200000
1955,400,25.975,22,43,14,0,0,1,0.03,0.004,200000
1956,400,-13.831,0,0,6,0,0,1,0.03,0.004,200000
1957,400,-2.089,5,22,48,0,0,1,0.03,0.004,200000
1958,400,2.332,10,24,44,0,0,1,0.03,0.004,200000
1959,400,-1.058,5,21,4,0,0,1,0.03,0.004,200000
1960,400,3.311,5,17,16,0,0,1,0.03,0.004,200000
1961,400,9.675,12,20,20,0,0,1,0.03,0.004,200000
1962,400,-1.695,3,10,3,0,0,1,0.03,0.004,200000
1963,400,12.218,13,44,34,0,0,1,0.03,0.004,200000
1964,400,-8.281,2,10,8,0,0,1,0.03,0.004,200000
1965,400,-10.651,2,3,5,0,0,1,0.03,0.004,200000
1966,400,19.199,17,46,16,0,0,1,0.03,0.004,200000
1967,400,6.767,11,24,7,0,0,1,0.03,0.004,200000
1968,400,-11.012,1,8,12,0,0,1,0.03,0.004,200000
1969,254,0.168,8,22,14,1,0,0,0.03,0.004,200000
1970,400,10.15,12,21,29,0,0,1,0.03,0.004,200000
1971,400,15.642,14,28,40,0,0,1,0.03,0.004,200000
1972,400,23.93,19,35,26,0,0,1,0.03,0.004,200000
1973,400,-1.472,4,23,77,0,0,1,0.03,0.004,200000
1974,105,-7.469,4,16,12,1,0,0,0.03,0.004,200000
1975,400,-10.62,1,9,105,0,0,1,0.03,0.004,200000
1976,400,-13.537,1,2,26,0,0,1,0.03,0.004,200000
1977,400,-5.856,4,14,24,0,0,1,0.03,0.004,200000
1978,400,-9.413,2,10,21,0,0,1,0.03,0.004,200000
1979,400,-8.032,2,14,7,0,0,1,0.03,0.004,200000
1980,400,6.887,11,23,10,0,0,1,0.03,0.004,200000
1981,400,-11.158,1,9,24,0,0,1,0.03,0.004,200000
1982,400,3.681,7,19,24,0,0,1,0.03,0.004,200000
1983,400,7.687,13,25,20,0,0,1,0.03,0.004,200000
1984,184,-14.877,1,8,3,1,0,0,0.03,0.004,200000
1985,400,2.736,8,25,27,0,0,1,0.03,0.004,200000
1986,400,-13.774,0,0,5,0,0,1,0.03,0.004,200000
1987,400,2.521,8,22,4,0,0,1,0.03,0.004,200000
1988,400,-6.27,4,8,8,0,0,1,0.03,0.004,200000
1989,400,-1.083,2,7,2,0,0,1,0.03,0.004,200000
1990,232,-9.32,6,18,4,1,0,0,0.03,0.004,200000
1991,400,20.499,19,40,41,0,0,1,0.03,0.004,200000
1992,365,-15.266,3,15,21,1,0,0,0.03,0.004,200000
1993,143,0.991,8,19,3,1,0,0,0.03,0.004,200000
1994,43,-9.8,0,6,0,1,0,0,0.03,0.004,200000
1995,400,9.608,9,21,4,0,0,1,0.03,0.004,200000
1996,400,-10.964,1,5,8,0,0,1,0.03,0.004,200000
1997,400,-13.047,0,0,3,0,0,1,0.03,0.004,200000
1998,400,-8.142,1,3,11,0,0,1,0.03,0.004,200000
1999,400,14.766,15,41,4,0,0,1,0.03,0.004,200000
2000,400,-5.264,0,3,3,0,0,1,0.03,0.004,200000
2001,400,14.41,13,35,9,0,0,1,0.03,0.004,200000
2002,400,13.501,10,26,8,0,0,1,0.03,0.004,200000
2003,78,-10.693,2,9,4,1,0,0,0.03,0.004,200000
2004,327,-13.789,3,25,5,1,0,0,0.03,0.004,200000
2005,400,-10.752,2,8,11,0,0,1,0.03,0.004,200000
2006,400,2.362,4,19,11,0,0,1,0.03,0.004,200000
2007,400,-1.241,3,12,64,0,0,1,0.03,0.004,200000
2008,400,5.365,8,29,10,0,0,1,0.03,0.004,200000
2009,400,7.407,7,16,3,0,0,1,0.03,0.004,200000
2010,400,-9.036,0,3,7,0,0,1,0.03,0.004,200000
2011,28,-9.959,0,2,1,1,0,0,0.03,0.004,200000
2012,400,-2.909,5,18,10,0,0,1,0.03,0.004,200000
2013,400,15.151,14,45,52,0,0,1,0.03,0.004,200000
2014,400,1.335,3,10,4,0,0,1,0.03,0.004,200000
2015,400,-13.854,0,0,6,0,0,1,0.03,0.004,200000
2016,400,-3.056,2,6,9,0,0,1,0.03,0.004,200000
2017,400,4.019,5,10,5,0,0,1,0.03,0.004,200000
2018,400,1.12,5,12,5,0,0,1,0.03,0.004,200000
2019,400,7.652,11,27,4,0,0,1,0.03,0.004,200000
2020,400,-3.786,2,11,7,0,0,1,0.03,0.004,200000
2021,400,-7.429,3,11,72,0,0,1,0.03,0.004,200000
2022,14,-15.273,0,3,11,1,0,0,0.03,0.004,200000
2023,400,13.523,12,35,2,0,0,1,0.03,0.004,200000
2024,400,-0.199,3,8,14,0,0,1,0.03,0.004,200000
2025,400,-2.889,4,16,6,0,0,1,0.03,0.004,200000
2026,400,-3.072,0,7,2,0,0,1,0.03,0.004,200000
2027,400,-0.193,6,15,21,0,0,1,0.03,0.004,200000
2028,400,28.584,22,37,7,0,0,1,0.03,0.004,200000
2029,400,31.176,26,57,43,0,0,1,0.03,0.004,200000
2030,400,61.693,38,91,5,0,0,1,0.03,0.004,200000
2031,400,51.362,31,90,19,0,0,1,0.03,0.004,200000
2032,400,31.134,23,47,6,0,0,1,0.03,0.004,200000
2033,400,5.832,6,16,2,0,0,1,0.03,0.004,200000
2034,7,-9.234,0,2,0,1,0,0,0.03,0.004,200000
2035,192,-12.544,1,9,2,1,0,0,0.03,0.004,200000
2036,400,0.438,3,7,2,0,0,1,0.03,0.004,200000
2037,17,-8.235,0,5,0,1,0,0,0.03,0.004,200000
2038,400,-0.616,4,6,11,0,0,1,0.03,0.004,200000
2039,400,15.968,15,28,3,0,0,1,0.03,0.004,200000
2040,400,1.762,5,9,8,0,0,1,0.03,0.004,200000
2041,400,8.94,8,23,5,0,0,1,0.03,0.004,200000
2042,400,-5.529,0,0,4,0,0,1,0.03,0.004,200000
2043,5,-13.82,0,3,2,1,0,0,0.03,0.004,200000
2044,400,6.047,6,21,4,0,0,1,0.03,0.004,200000
2045,165,1.941,9,27,7,1,0,0,0.03,0.004,200000
2046,400,33.665,23,50,7,0,0,1,0.03,0.004,200000
2047,400,12.33,10,24,1,0,0,1,0.03,0.004,200000
2048,400,8.481,12,29,7,0,0,1,0.03,0.004,200000
2049,400,28.416,22,43,2,0,0,1,0.03,0.004,200000
2050,400,35.187,23,62,9,0,0,1,0.03,0.004,200000
2051,400,-3.181,1,11,23,0,0,1,0.03,0.004,200000
2052,106,-12.105,2,8,2,1,0,0,0.03,0.004,200000
2053,400,11.711,11,23,4,0,0,1,0.03,0.004,200000
2054,91,6.453,9,32,0,1,0,0,0.03,0.004,200000
2055,400,2.208,8,20,6,0,0,1,0.03,0.004,200000
2056,400,-2.723,5,13,6,0,0,1,0.03,0.004,200000
2057,400,22.022,16,44,3,0,0,1,0.03,0.004,200000
2058,400,52.463,33,83,15,0,0,1,0.03,0.004,200000
2059,400,31.27,20,55,1,0,0,1,0.03,0.004,200000
2060,400,7.48,7,22,4,0,0,1,0.03,0.004,200000
2061,400,-0.257,2,10,4,0,0,1,0.03,0.004,200000
2062,400,32.541,22,60,4,0,0,1,0.03,0.004,200000
2063,400,28.878,22,37,5,0,0,1,0.03,0.004,200000
2064,400,27.388,19,43,2,0,0,1,0.03,0.004,200000
2065,400,15.692,16,34,9,0,0,1,0.03,0.004,200000
2066,400,7.753,8,16,1,0,0,1,0.03,0.004,200000
2067,400,9.28,11,26,3,0,0,1,0.03,0.004,200000
2068,215,3.511,9,24,1,1,0,0,0.03,0.004,200000
2069,400,-5.79,0,0,4,0,0,1,0.03,0.004,200000
2070,400,20.188,16,37,6,0,0,1,0.03,0.004,200000
2071,400,3.602,8,15,5,0,0,1,0.03,0.004,200000
2072,205,-5.529,5,14,3,1,0,0,0.03,0.004,200000
2073,400,36.832,24,65,8,0,0,1,0.03,0.004,200000
2074,400,50.77,33,83,12,0,0,1,0.03,0.004,200000
2075,400,-3.247,1,5,0,0,0,1,0.03,0.004,200000
2076,400,6.219,8,16,19,0,0,1,0.03,0.004,200000
2077,400,31.595,22,53,12,0,0,1,0.03,0.004,200000
2078,379,20.313,19,58,7,1,0,0,0.03,0.004,200000
2079,400,2.186,4,7,4,0,0,1,0.03,0.004,200000
2080,400,51.315,34,73,22,0,0,1,0.03,0.004,200000
2081,39,-6.394,1,13,0,1,0,0,0.03,0.004,200000
2082,400,33.165,20,57,11,0,0,1,0.03,0.004,200000
2083,400,21.213,16,42,11,0,0,1,0.03,0.004,200000
2084,392,3.987,10,41,6,1,0,0,0.03,0.004,200000
2085,400,27.773,21,56,38,0,0,1,0.03,0.004,200000
2086,400,2.919,4,18,16,0,0,1,0.03,0.004,200000
2087,400,40.651,28,63,8,0,0,1,0.03,0.004,200000
2088,41,-5.466,4,19,3,1,0,0,0.03,0.004,200000
2089,400,14.707,11,29,3,0,0,1,0.03,0.004,200000
2090,400,12.394,10,29,3,0,0,1,0.03,0.004,200000
2091,400,47.458,32,79,7,0,0,1,0.03,0.004,200000
2092,400,5.262,6,12,2,0,0,1,0.03,0.004,200000
2093,104,7.224,12,30,3,1,0,0,0.03,0.004,200000
2094,228,22.531,22,54,16,1,0,0,0.03,0.004,200000
2095,400,3.073,3,17,4,0,0,1,0.03,0.004,200000
2096,400,13.7,10,29,4,0,0,1,0.03,0.004,200000
2097,400,24.891,17,34,2,0,0,1,0.03,0.004,200000
2098,400,9.122,6,19,9,0,0,1,0.03,0.004,200000
2099,400,50.208,32,81,1,0,0,1,0.03,0.004,200000
2100,400,13.589,9,25,0,0,0,1,0.03,0.004,200000
2101,103,-4.213,4,21,2,1,0,0,0.03,0.004,200000
2102,400,15.739,12,27,6,0,0,1,0.03,0.004,200000
2103,142,10.977,14,39,1,1,0,0,0.03,0.004,200000
2104,400,18.602,12,37,5,0,0,1,0.03,0.004,200000
2105,400,45.475,30,73,13,0,0,1,0.03,0.004,200000
2106,400,29.161,21,49,7,0,0,1,0.03,0.004,200000
2107,400,5.409,6,18,3,0,0,1,0.03,0.004,200000
2108,117,1.706,8,24,10,1,0,0,0.03,0.004,200000
2109,400,55.668,35,85,2,0,0,1,0.03,0.004,200000
2110,400,1.065,3,9,4,0,0,1,0.03,0.004,200000
2111,400,39.492,27,62,5,0,0,1,0.03,0.004,200000
2112,75,6.691,12,29,1,1,0,0,0.03,0.004,200000
2113,400,-1.468,3,5,11,0,0,1,0.03,0.004,200000
2114,400,22.122,18,31,6,0,0,1,0.03,0.004,200000
2115,400,7.832,4,21,6,0,0,1,0.03,0.004,200000
2116,400,4.581,5,19,3,0,0,1,0.03,0.004,200000
2117,400,-5.484,0,0,1,0,0,1,0.03,0.004,200000
2118,42,-8.168,1,13,1,1,0,0,0.03,0.004,200000
2119,94,7.306,12,37,3,1,0,0,0.03,0.004,200000
2120,109,-2.702,3,20,4,1,0,0,0.03,0.004,200000
2121,400,48.909,33,75,23,0,0,1,0.03,0.004,200000
2122,400,34.024,22,63,6,0,0,1,0.03,0.004,200000
2123,400,13.19,9,25,2,0,0,1,0.03,0.004,200000
2124,400,49.068,32,82,5,0,0,1,0.03,0.004,200000
2125,400,0.584,7,22,128,0,0,1,0.03,0.004,200000
2126,400,2.569,4,16,5,0,0,1,0.03,0.004,200000
2127,400,30.453,22,55,12,0,0,1,0.03,0.004,200000
2128,130,0.642,8,22,3,1,0,0,0.03,0.004,200000
2129,400,13.651,10,29,3,0,0,1,0.03,0.004,200000
2130,400,2.966,5,21,24,0,0,1,0.03,0.004,200000
2131,400,26.894,16,48,19,0,0,1,0.03,0.004,200000
2132,400,21.843,16,39,5,0,0,1,0.03,0.004,200000
2133,400,-2.994,4,6,56,0,0,1,0.03,0.004,200000
2134,400,47.375,30,77,11,0,0,1,0.03,0.004,200000
2135,400,19.915,12,35,32,0,0,1,0.03,0.004,200000
2136,400,-4.053,1,2,5,0,0,1,0.03,0.004,200000
2137,400,8.667,7,20,1,0,0,1,0.03,0.004,200000
2138,400,44.824,31,85,69,0,0,1,0.03,0.004,200000
2139,400,38.467,23,59,25,0,0,1,0.03,0.004,200000
2140,400,34.979,23,72,41,0,0,1,0.03,0.004,200000
2141,7,-9.086,0,3,0,1,0,0,0.03,0.004,200000
2142,400,47.637,33,77,54,0,0,1,0.03,0.004,200000
2143,400,19.565,14,37,27,0,0,1,0.03,0.004,200000
2144,400,11.479,10,23,12,0,0,1,0.03,0.004,200000
2145,72,-3.161,6,18,3,1,0,0,0.03,0.004,200000
2146,400,39.572,29,75,57,0,0,1,0.03,0.004,200000
2147,336,0.702,13,40,90,1,0,0,0.03,0.004,200000
2148,400,30.276,19,52,8,0,0,1,0.03,0.004,200000
2149,400,33.076,18,55,5,0,0,1,0.03,0.004,200000
2150,400,19.608,15,34,17,0,0,1,0.03,0.004,200000
2151,340,31.237,28,74,47,1,0,0,0.03,0.004,200000
2152,400,30.918,23,45,14,0,0,1,0.03,0.004,200000
2153,400,36.598,26,67,38,0,0,1,0.03,0.004,200000
2154,400,23.986,19,42,44,0,0,1,0.03,0.004,200000
2155,400,55.326,34,85,2,0,0,1,0.03,0.004,200000
2156,57,3.217,7,25,1,1,0,0,0.03,0.004,200000
2157,72,-3.536,6,16,7,1,0,0,0.03,0.004,200000
2158,144,13.713,13,41,4,1,0,0,0.03,0.004,200000
2159,56,-0.444,8,18,2,1,0,0,0.03,0.004,200000
2160,400,27.556,15,44,2,0,0,1,0.03,0.004,200000
2161,400,9.884,8,30,32,0,0,1,0.03,0.004,200000
2162,400,56.008,32,99,4,0,0,1,0.03,0.004,200000
2163,400,41.381,27,65,7,0,0,1,0.03,0.004,200000
2164,400,4.146,7,19,32,0,0,1,0.03,0.004,200000
2165,400,37.978,25,69,3,0,0,1,0.03,0.004,200000
2166,400,8.886,8,21,16,0,0,1,0.03,0.004,200000
2167,400,32.042,22,49,6,0,0,1,0.03,0.004,200000
2168,142,12.517,12,40,1,1,0,0,0.03,0.004,200000
2169,35,-1.288,5,14,0,1,0,0,0.03,0.004,200000
2170,400,29.934,19,47,2,0,0,1,0.03,0.004,200000
2171,400,58.052,37,90,13,0,0,1,0.03,0.004,200000
2172,400,32.599,19,53,2,0,0,1,0.03,0.004,200000
2173,149,20.642,19,55,1,1,0,0,0.03,0.004,200000
2174,74,-1.358,6,18,4,1,0,0,0.03,0.004,200000
2175,400,10.793,8,26,31,0,0,1,0.03,0.004,200000
2176,400,41.813,27,76,26,0,0,1,0.03,0.004,200000
2177,400,33.37,22,56,2,0,0,1,0.03,0.004,200000
2178,400,19.766,15,39,34,0,0,1,0.03,0.004,200000
2179,400,7.388,8,16,9,0,0,1,0.03,0.004,200000
2180,400,34.509,23,50,2,0,0,1,0.03,0.004,200000
2181,400,23.501,17,36,5,0,0,1,0.03,0.004,200000
2182,126,11.113,11,33,0,1,0,0,0.03,0.004,200000
2183,112,12.237,13,44,3,1,0,0,0.03,0.004,200000
2184,400,30.534,20,47,3,0,0,1,0.03,0.004,200000
2185,400,21.722,14,34,1,0,0,1,0.03,0.004,200000
2186,400,38.7,25,58,3,0,0,1,0.03,0.004,200000
2187,400,67.25,43,97,5,0,0,1,0.03,0.004,200000
2188,400,51.774,32,85,7,0,0,1,0.03,0.004,200000
2189,250,35.484,28,80,0,1,0,0,0.03,0.004,200000
2190,6,-9.442,0,2,0,1,0,0,0.03,0.004,200000
2191,400,54.955,33,85,6,0,0,1,0.03,0.004,200000
2192,400,51.032,31,85,8,0,0,1,0.03,0.004,200000
2193,122,9.091,10,30,1,1,0,0,0.03,0.004,200000
2194,400,39.469,28,70,56,0,0,1,0.03,0.004,200000
2195,9,-14.831,0,4,8,1,0,0,0.03,0.004,200000
2196,400,36.445,21,63,7,0,0,1,0.03,0.004,200000
2197,400,52.915,32,84,3,0,0,1,0.03,0.004,200000
2198,400,39.972,26,57,2,0,0,1,0.03,0.004,200000
2199,400,47.726,29,85,31,0,0,1,0.03,0.004,200000
2200,400,33.579,20,50,7,0,0,1,0.03,0.004,200000
2201,135,1.526,8,17,5,1,0,0,0.03,0.004,200000
2202,152,16.927,15,45,2,1,0,0,0.03,0.004,200000
2203,400,42.197,28,65,2,0,0,1,0.03,0.004,200000
2204,400,64.971,40,104,6,0,0,1,0.03,0.004,200000
2205,400,40.928,26,61,5,0,0,1,0.03,0.004,200000
2206,400,52.463,35,86,47,0,0,1,0.03,0.004,200000
2207,400,28.34,19,49,25,0,0,1,0.03,0.004,200000
2208,287,44.91,32,94,4,1,0,0,0.03,0.004,200000
2209,400,5.951,7,27,90,0,0,1,0.03,0.004,200000
2210,129,9.224,11,40,2,1,0,0,0.03,0.004,200000
2211,286,46.449,34,86,3,1,0,0,0.03,0.004,200000
2212,368,53.174,40,98,10,1,0,0,0.03,0.004,200000
2213,42,-6.639,3,15,3,1,0,0,0.03,0.004,200000
2214,317,28.912,23,65,0,1,0,0,0.03,0.004,200000
2215,400,38.098,26,65,23,0,0,1,0.03,0.004,200000
2216,79,5.391,10,31,2,1,0,0,0.03,0.004,200000
2217,400,61.747,39,93,5,0,0,1,0.03,0.004,200000
2218,120,10.754,10,53,5,1,0,0,0.03,0.004,200000
2219,400,50.527,33,84,30,0,0,1,0.03,0.004,200000
2220,400,62.882,39,94,15,0,0,1,0.03,0.004,200000
2221,400,52.632,33,80,7,0,0,1,0.03,0.004,200000
2222,336,36.94,28,87,4,1,0,0,0.03,0.004,200000
2223,96,8.582,10,30,0,1,0,0,0.03,0.004,200000
2224,400,65.225,41,100,20,0,0,1,0.03,0.004,200000
2225,139,11.444,13,35,3,1,0,0,0.03,0.004,200000
2226,138,18.067,16,46,0,1,0,0,0.03,0.004,200000
2227,400,46.08,28,72,5,0,0,1,0.03,0.004,200000
2228,400,71.306,44,105,6,0,0,1,0.03,0.004,200000
2229,400,18.135,14,29,28,0,0,1,0.03,0.004,200000
2230,281,32.079,30,68,25,1,0,0,0.03,0.004,200000
2231,400,64.598,38,93,5,0,0,1,0.03,0.004,200000
2232,7,-14.603,0,4,6,1,0,0,0.03,0.004,200000
2233,161,5.698,11,38,21,1,0,0,0.03,0.004,200000
2234,51,0.129,6,17,0,1,0,0,0.03,0.004,200000
2235,82,2.626,7,37,2,1,0,0,0.03,0.004,200000
2236,400,67.202,41,102,23,0,0,1,0.03,0.004,200000
2237,287,15.69,15,37,10,1,0,0,0.03,0.004,200000
2238,151,20.743,17,50,2,1,0,0,0.03,0.004,200000
2239,400,31.55,15,43,14,0,0,1,0.03,0.004,200000
2240,400,63.791,38,107,29,0,0,1,0.03,0.004,200000
2241,400,67.968,42,102,8,0,0,1,0.03,0.004,200000
2242,400,59.443,38,93,34,0,0,1,0.03,0.004,200000
2243,211,26.131,20,64,4,1,0,0,0.03,0.004,200000
2244,195,20.825,19,50,2,1,0,0,0.03,0.004,200000
2245,400,67.048,41,106,19,0,0,1,0.03,0.004,200000
2246,92,4.848,8,28,2,1,0,0,0.03,0.004,200000
2247,400,67.992,41,101,12,0,0,1,0.03,0.004,200000
2248,247,35.124,29,71,2,1,0,0,0.03,0.004,200000
2249,10,-14.436,0,3,7,1,0,0,0.03,0.004,200000
2250,400,60.634,37,92,24,0,0,1,0.03,0.004,200000
2251,400,69.976,43,98,18,0,0,1,0.03,0.004,200000
2252,400,57.077,33,86,8,0,0,1,0.03,0.004,200000
2253,400,70.819,45,111,28,0,0,1,0.03,0.004,200000
2254,400,64.023,39,92,13,0,0,1,0.03,0.004,200000
2255,400,60.531,35,91,9,0,0,1,0.03,0.004,200000
2256,260,33.553,28,81,14,1,0,0,0.03,0.004,200000
2257,5,-14.124,0,2,4,1,0,0,0.03,0.004,200000
2258,400,70.875,41,111,5,0,0,1,0.03,0.004,200000
2259,343,38.889,28,83,30,1,0,0,0.03,0.004,200000
2260,400,69.927,43,101,8,0,0,1,0.03,0.004,200000
2261,77,-11.393,2,12,29,1,0,0,0.03,0.004,200000
2262,400,65.828,40,99,4,0,0,1,0.03,0.004,200000
2263,10,-14.586,0,2,7,1,0,0,0.03,0.004,200000
2264,400,54.194,31,87,4,0,0,1,0.03,0.004,200000
2265,400,73.003,43,109,9,0,0,1,0.03,0.004,200000
2266,76,3.694,7,25,0,1,0,0,0.03,0.004,200000
2267,145,9.782,10,40,13,1,0,0,0.03,0.004,200000
2268,71,3.909,7,24,1,1,0,0,0.03,0.004,200000
2269,400,67.909,41,96,9,0,0,1,0.03,0.004,200000
2270,7,-14.38,0,4,5,1,0,0,0.03,0.004,200000
2271,224,31.188,25,55,0,1,0,0,0.03,0.004,200000
2272,400,76.252,46,107,2,0,0,1,0.03,0.004,200000
2273,400,74.978,46,108,6,0,0,1,0.03,0.004,200000
2274,400,66.081,37,104,8,0,0,1,0.03,0.004,200000
2275,400,73.06,42,112,8,0,0,1,0.03,0.004,200000
2276,16,-13.614,0,6,6,1,0,0,0.03,0.004,200000
2277,400,59.882,36,93,2,0,0,1,0.03,0.004,200000
2278,400,61.567,37,95,5,0,0,1,0.03,0.004,200000
2279,323,44.979,32,87,3,1,0,0,0.03,0.004,200000
2280,400,70.994,42,100,2,0,0,1,0.03,0.004,200000
2281,400,33.724,21,44,11,0,0,1,0.03,0.004,200000
2282,400,67.477,40,92,7,0,0,1,0.03,0.004,200000
2283,400,73.652,44,115,3,0,0,1,0.03,0.004,200000
2284,250,34.696,25,76,3,1,0,0,0.03,0.004,200000
2285,178,20.131,16,61,3,1,0,0,0.03,0.004,200000
2286,356,23.455,16,50,7,1,0,0,0.03,0.004,200000
2287,400,76.224,46,109,11,0,0,1,0.03,0.004,200000
2288,400,63.634,38,98,13,0,0,1,0.03,0.004,200000
2289,176,23.288,19,51,1,1,0,0,0.03,0.004,200000
2290,7,-9.504,0,3,1,1,0,0,0.03,0.004,200000
2291,400,68.103,41,98,3,0,0,1,0.03,0.004,200000
2292,55,-3.649,4,15,12,1,0,0,0.03,0.004,200000
2293,400,72.372,42,106,6,0,0,1,0.03,0.004,200000
2294,400,69.297,40,98,10,0,0,1,0.03,0.004,200000
2295,146,13.538,14,38,10,1,0,0,0.03,0.004,200000
2296,19,-7.226,1,6,2,1,0,0,0.03,0.004,200000
2297,7,-9.507,0,3,1,1,0,0,0.03,0.004,200000
2298,162,23.513,20,50,2,1,0,0,0.03,0.004,200000
2299,400,71.937,42,106,5,0,0,1,0.03,0.004,200000
2300,147,17.593,15,47,1,1,0,0,0.03,0.004,200000
2301,147,17.982,14,55,1,1,0,0,0.03,0.004,200000
2302,400,66.846,42,105,32,0,0,1,0.03,0.004,200000
2303,28,-8.167,1,11,0,1,0,0,0.03,0.004,200000
2304,400,68.295,40,98,4,0,0,1,0.03,0.004,200000
2305,400,63.628,41,89,22,0,0,1,0.03,0.004,200000
2306,400,73.724,42,115,7,0,0,1,0.03,0.004,200000
2307,65,-2.063,6,30,4,1,0,0,0.03,0.004,200000
2308,10,-14.966,0,3,8,1,0,0,0.03,0.004,200000
2309,116,13.481,14,40,3,1,0,0,0.03,0.004,200000
2310,400,72.504,44,115,6,0,0,1,0.03,0.004,200000
2311,181,28.15,23,61,5,1,0,0,0.03,0.004,200000
2312,400,76.051,45,112,9,0,0,1,0.03,0.004,200000
2313,400,72.533,43,105,3,0,0,1,0.03,0.004,200000
2314,75,2.419,6,25,2,1,0,0,0.03,0.004,200000
2315,241,34.337,25,73,2,1,0,0,0.03,0.004,200000
2316,113,2.673,7,26,20,1,0,0,0.03,0.004,200000
2317,37,-8.584,3,12,9,1,0,0,0.03,0.004,200000
2318,400,77.983,46,116,2,0,0,1,0.03,0.004,200000
2319,193,4.196,9,38,15,1,0,0,0.03,0.004,200000
2320,266,35.632,26,82,3,1,0,0,0.03,0.004,200000
2321,400,65.324,37,108,7,0,0,1,0.03,0.004,200000
2322,400,68.946,41,103,4,0,0,1,0.03,0.004,200000
2323,400,53.924,34,74,29,0,0,1,0.03,0.004,200000
2324,400,72.523,45,112,18,0,0,1,0.03,0.004,200000
2325,400,77.593,47,110,7,0,0,1,0.03,0.004,200000
2326,400,70.327,43,102,17,0,0,1,0.03,0.004,200000
2327,400,74.915,43,110,4,0,0,1,0.03,0.004,200000
2328,400,64.177,38,92,8,0,0,1,0.03,0.004,200000
2329,400,31.494,24,68,91,0,0,1,0.03,0.004,200000
2330,400,73.933,44,116,10,0,0,1,0.03,0.004,200000
2331,13,-15.258,0,3,10,1,0,0,0.03,0.004,200000
2332,44,-4.596,3,10,6,1,0,0,0.03,0.004,200000
2333,400,70.411,41,105,8,0,0,1,0.03,0.004,200000
2334,23,-10.802,0,3,14,1,0,0,0.03,0.004,200000
2335,400,59.206,35,93,30,0,0,1,0.03,0.004,200000
2336,340,54.332,42,101,6,1,0,0,0.03,0.004,200000
2337,400,44.11,27,71,19,0,0,1,0.03,0.004,200000
2338,270,13.94,11,54,13,1,0,0,0.03,0.004,200000
2339,9,-14.982,0,3,8,1,0,0,0.03,0.004,200000
2340,400,61.231,36,87,8,0,0,1,0.03,0.004,200000
2341,111,4.873,10,33,9,1,0,0,0.03,0.004,200000
2342,400,58.548,32,95,10,0,0,1,0.03,0.004,200000
2343,9,-14.601,0,1,7,1,0,0,0.03,0.004,200000
2344,209,30.162,26,51,11,1,0,0,0.03,0.004,200000
2345,17,-15.895,0,3,16,1,0,0,0.03,0.004,200000
2346,400,58.703,33,85,8,0,0,1,0.03,0.004,200000
2347,10,-14.516,0,2,7,1,0,0,0.03,0.004,200000
2348,400,64.232,37,101,21,0,0,1,0.03,0.004,200000
2349,400,71.502,42,107,15,0,0,1,0.03,0.004,200000
2350,70,-1.244,6,25,4,1,0,0,0.03,0.004,200000
2351,12,-14.824,0,3,11,1,0,0,0.03,0.004,200000
2352,104,12.065,14,44,6,1,0,0,0.03,0.004,200000
2353,400,62.352,39,92,30,0,0,1,0.03,0.004,200000
2354,400,75.614,43,118,7,0,0,1,0.03,0.004,200000
2355,400,66.797,40,97,5,0,0,1,0.03,0.004,200000
2356,181,12.061,12,46,25,1,0,0,0.03,0.004,200000
2357,400,73.016,44,106,9,0,0,1,0.03,0.004,200000
2358,78,2.608,7,30,0,1,0,0,0.03,0.004,200000
2359,400,74.951,43,116,4,0,0,1,0.03,0.004,200000
2360,400,68.934,41,94,1,0,0,1,0.03,0.004,200000
2361,100,4.056,9,35,5,1,0,0,0.03,0.004,200000
2362,7,-14.103,0,4,6,1,0,0,0.03,0.004,200000
2363,400,66.949,40,105,12,0,0,1,0.03,0.004,200000
2364,400,73.941,44,106,4,0,0,1,0.03,0.004,200000
2365,400,75.87,47,109,8,0,0,1,0.03,0.004,200000
2366,32,-7.71,3,11,2,1,0,0,0.03,0.004,200000
2367,112,9.775,10,35,0,1,0,0,0.03,0.004,200000
2368,151,17.504,14,56,1,1,0,0,0.03,0.004,200000
2369,134,11.299,11,40,5,1,0,0,0.03,0.004,200000
2370,400,76.261,47,106,10,0,0,1,0.03,0.004,200000
2371,400,72.542,41,110,2,0,0,1,0.03,0.004,200000
2372,400,72.816,45,100,13,0,0,1,0.03,0.004,200000
2373,400,72.216,43,100,6,0,0,1,0.03,0.004,200000
2374,7,-14.103,0,4,5,1,0,0,0.03,0.004,200000
2375,400,61.893,38,98,28,0,0,1,0.03,0.004,200000
2376,400,77.625,46,118,3,0,0,1,0.03,0.004,200000
2377,400,76.644,45,114,7,0,0,1,0.03,0.004,200000
2378,400,64.786,37,107,11,0,0,1,0.03,0.004,200000
2379,400,72.211,42,106,5,0,0,1,0.03,0.004,200000
2380,400,55.921,34,81,21,0,0,1,0.03,0.004,200000
2381,230,32.441,21,84,7,1,0,0,0.03,0.004,200000
2382,400,73.418,44,96,7,0,0,1,0.03,0.004,200000
2383,207,29.99,24,66,9,1,0,0,0.03,0.004,200000
2384,400,74.341,45,114,6,0,0,1,0.03,0.004,200000
2385,400,74.806,45,112,3,0,0,1,0.03,0.004,200000
2386,210,31.486,26,70,5,1,0,0,0.03,0.004,200000
2387,400,70.696,44,107,14,0,0,1,0.03,0.004,200000
2388,12,-14.744,0,2,9,1,0,0,0.03,0.004,200000
2389,400,71.247,42,113,13,0,0,1,0.03,0.004,200000
2390,115,18.185,17,42,0,1,0,0,0.03,0.004,200000
2391,219,37.656,28,79,5,1,0,0,0.03,0.004,200000
2392,400,70.045,42,108,10,0,0,1,0.03,0.004,200000
2393,400,74.806,45,115,12,0,0,1,0.03,0.004,200000
2394,219,27.138,22,61,11,1,0,0,0.03,0.004,200000
2395,242,38.411,28,79,2,1,0,0,0.03,0.004,200000
2396,400,71.134,42,111,12,0,0,1,0.03,0.004,200000
2397,240,23.036,18,65,8,1,0,0,0.03,0.004,200000
2398,40,-7.812,3,11,11,1,0,0,0.03,0.004,200000
2399,18,-15.18,0,4,15,1,0,0,0.03,0.004,200000
2400,186,22.311,22,52,3,1,0,0,0.03,0.004,200000
2401,98,7.11,9,28,0,1,0,0,0.03,0.004,200000
2402,400,75.882,47,110,4,0,0,1,0.03,0.004,200000
2403,400,52.778,27,73,5,0,0,1,0.03,0.004,200000
2404,266,36.876,28,75,11,1,0,0,0.03,0.004,200000
2405,400,66.113,40,102,4,0,0,1,0.03,0.004,200000
2406,120,10.087,10,36,1,1,0,0,0.03,0.004,200000
2407,297,36.409,28,76,13,1,0,0,0.03,0.004,200000
2408,400,76.094,43,110,4,0,0,1,0.03,0.004,200000
2409,377,55.503,40,88,15,1,0,0,0.03,0.004,200000
2410,9,-14.351,0,3,7,1,0,0,0.03,0.004,200000
2411,400,60.414,35,90,10,0,0,1,0.03,0.004,200000
2412,349,59.5,41,99,5,1,0,0,0.03,0.004,200000
2413,400,71.392,42,103,6,0,0,1,0.03,0.004,200000
2414,400,72.524,42,112,5,0,0,1,0.03,0.004,200000
2415,152,14.232,13,56,3,1,0,0,0.03,0.004,200000
2416,400,61.836,36,92,11,0,0,1,0.03,0.004,200000
2417,400,51.218,26,95,0,0,0,1,0.03,0.004,200000
2418,386,60.358,44,103,5,1,0,0,0.03,0.004,200000
2419,400,75.333,44,107,5,0,0,1,0.03,0.004,200000
2420,400,71.76,41,109,4,0,0,1,0.03,0.004,200000
2421,8,-9.52,0,3,2,1,0,0,0.03,0.004,200000
2422,36,-3.368,3,13,0,1,0,0,0.03,0.004,200000
2423,7,-14.103,0,3,5,1,0,0,0.03,0.004,200000
2424,7,-14.753,0,3,6,1,0,0,0.03,0.004,200000
2425,255,43.757,31,89,1,1,0,0,0.03,0.004,200000
2426,10,-14.466,0,3,8,1,0,0,0.03,0.004,200000
2427,145,17.908,18,49,5,1,0,0,0.03,0.004,200000
2428,400,68.339,39,105,11,0,0,1,0.03,0.004,200000
2429,400,69.479,40,97,5,0,0,1,0.03,0.004,200000
2430,273,42.39,30,83,3,1,0,0,0.03,0.004,200000
2431,351,58.094,44,104,7,1,0,0,0.03,0.004,200000
2432,80,0.455,6,24,1,1,0,0,0.03,0.004,200000
2433,181,16.615,16,51,4,1,0,0,0.03,0.004,200000
2434,400,55.368,36,88,54,0,0,1,0.03,0.004,200000
2435,24,-11.582,1,7,11,1,0,0,0.03,0.004,200000
2436,9,-14.728,0,3,6,1,0,0,0.03,0.004,200000
2437,12,-14.44,0,4,8,1,0,0,0.03,0.004,200000
2438,400,79.448,47,113,6,0,0,1,0.03,0.004,200000
2439,400,65.073,37,99,11,0,0,1,0.03,0.004,200000
2440,27,-7.242,1,6,3,1,0,0,0.03,0.004,200000
2441,9,-14.778,0,3,6,1,0,0,0.03,0.004,200000
2442,7,-14.303,0,2,6,1,0,0,0.03,0.004,200000
2443,94,7.55,9,36,0,1,0,0,0.03,0.004,200000
2444,13,-15.348,0,2,9,1,0,0,0.03,0.004,200000
2445,122,8.832,12,35,5,1,0,0,0.03,0.004,200000
2446,400,28.415,19,63,91,0,0,1,0.03,0.004,200000
2447,13,-9.16,0,4,1,1,0,0,0.03,0.004,200000
2448,348,56.444,40,93,3,1,0,0,0.03,0.004,200000
2449,400,69.449,42,101,16,0,0,1,0.03,0.004,200000
2450,13,-14.554,0,4,9,1,0,0,0.03,0.004,200000
2451,150,8.63,9,40,12,1,0,0,0.03,0.004,200000
2452,400,68.452,41,105,22,0,0,1,0.03,0.004,200000
2453,18,-15.33,0,3,15,1,0,0,0.03,0.004,200000
2454,294,41.31,33,84,15,1,0,0,0.03,0.004,200000
2455,400,72.952,45,112,6,0,0,1,0.03,0.004,200000
2456,400,55.577,32,86,17,0,0,1,0.03,0.004,200000
2457,7,-13.87,0,4,3,1,0,0,0.03,0.004,200000
2458,400,72.928,46,103,24,0,0,1,0.03,0.004,200000
2459,400,50.65,31,83,45,0,0,1,0.03,0.004,200000
2460,161,19.972,18,50,8,1,0,0,0.03,0.004,200000
2461,13,-10.258,0,2,6,1,0,0,0.03,0.004,200000
2462,15,-14.653,0,4,10,1,0,0,0.03,0.004,200000
2463,400,72.718,44,112,17,0,0,1,0.03,0.004,200000
2464,400,59.004,33,101,31,0,0,1,0.03,0.004,200000
2465,109,7.98,10,30,8,1,0,0,0.03,0.004,200000
2466,236,30.191,23,79,2,1,0,0,0.03,0.004,200000
2467,400,72.261,43,108,13,0,0,1,0.03,0.004,200000
2468,400,71.287,42,106,11,0,0,1,0.03,0.004,200000
2469,400,51.401,31,66,13,0,0,1,0.03,0.004,200000
2470,7,-14.05,0,3,4,1,0,0,0.03,0.004,200000
2471,400,68.529,41,107,15,0,0,1,0.03,0.004,200000
2472,232,32.682,27,68,7,1,0,0,0.03,0.004,200000
2473,400,68.349,40,102,14,0,0,1,0.03,0.004,200000
2474,400,51.842,31,83,4,0,0,1,0.03,0.004,200000
2475,400,76.691,46,112,7,0,0,1,0.03,0.004,200000
2476,7,-13.899,0,4,4,1,0,0,0.03,0.004,200000
2477,144,18.019,14,67,1,1,0,0,0.03,0.004,200000
2478,400,72.388,40,113,9,0,0,1,0.03,0.004,200000
2479,346,49.559,36,79,14,1,0,0,0.03,0.004,200000
2480,400,78.608,47,109,7,0,0,1,0.03,0.004,200000
2481,166,20.3,17,63,2,1,0,0,0.03,0.004,200000
2482,400,70.989,44,106,10,0,0,1,0.03,0.004,200000
2483,117,9.539,10,35,0,1,0,0,0.03,0.004,200000
2484,400,76.936,46,105,6,0,0,1,0.03,0.004,200000
2485,400,66.051,38,95,11,0,0,1,0.03,0.004,200000
2486,400,67.624,39,104,6,0,0,1,0.03,0.004,200000
2487,7,-14.093,0,2,3,1,0,0,0.03,0.004,200000
2488,286,52.276,40,78,6,1,0,0,0.03,0.004,200000
2489,7,-14.063,0,3,3,1,0,0,0.03,0.004,200000
2490,400,69.444,43,99,11,0,0,1,0.03,0.004,200000
2491,242,34.326,26,73,6,1,0,0,0.03,0.004,200000
2492,13,-9.354,0,3,5,1,0,0,0.03,0.004,200000
2493,12,-14.471,0,4,9,1,0,0,0.03,0.004,200000
2494,400,74.078,44,112,13,0,0,1,0.03,0.004,200000
2495,400,69.012,43,104,21,0,0,1,0.03,0.004,200000
2496,400,69.223,39,101,8,0,0,1,0.03,0.004,200000
2497,400,78.039,45,121,8,0,0,1,0.03,0.004,200000
2498,400,67.524,42,106,10,0,0,1,0.03,0.004,200000
2499,400,73.484,44,114,10,0,0,1,0.03,0.004,200000
2500,250,37.292,27,75,8,1,0,0,0.03,0.004,200000
2501,400,57.23,34,85,29,0,0,1,0.03,0.004,200000
2502,400,69.992,39,110,8,0,0,1,0.03,0.004,200000
2503,129,14.273,13,44,1,1,0,0,0.03,0.004,200000
2504,400,64.597,39,99,13,0,0,1,0.03,0.004,200000
2505,7,-14.258,0,1,3,1,0,0,0.03,0.004,200000
2506,400,76.177,46,105,7,0,0,1,0.03,0.004,200000
2507,7,-14.013,0,3,3,1,0,0,0.03,0.004,200000
2508,5,-13.684,0,4,1,1,0,0,0.03,0.004,200000
2509,236,31.199,24,84,10,1,0,0,0.03,0.004,200000
2510,400,69.678,41,101,15,0,0,1,0.03,0.004,200000
2511,400,76.62,46,115,9,0,0,1,0.03,0.004,200000
2512,13,-14.768,0,2,8,1,0,0,0.03,0.004,200000
2513,58,-1.375,4,20,4,1,0,0,0.03,0.004,200000
2514,8,-9.181,0,1,2,1,0,0,0.03,0.004,200000
2515,115,4.724,11,35,14,1,0,0,0.03,0.004,200000
2516,10,-14.356,0,3,6,1,0,0,0.03,0.004,200000
2517,13,-14.698,0,3,9,1,0,0,0.03,0.004,200000
2518,400,60.656,37,81,10,0,0,1,0.03,0.004,200000
2519,10,-14.156,0,4,6,1,0,0,0.03,0.004,200000
2520,127,17.078,17,38,3,1,0,0,0.03,0.004,200000
2521,7,-13.963,0,3,3,1,0,0,0.03,0.004,200000
2522,400,65.561,38,97,14,0,0,1,0.03,0.004,200000
2523,400,13.877,9,42,27,0,0,1,0.03,0.004,200000
2524,400,57.127,35,95,5,0,0,1,0.03,0.004,200000
2525,400,76.029,44,113,6,0,0,1,0.03,0.004,200000
2526,400,68.066,38,99,5,0,0,1,0.03,0.004,200000
2527,400,57.275,35,85,23,0,0,1,0.03,0.004,200000
2528,12,-14.384,0,4,8,1,0,0,0.03,0.004,200000
2529,54,-9.105,1,12,13,1,0,0,0.03,0.004,200000
2530,400,31.973,21,76,4,0,0,1,0.03,0.004,200000
2531,5,-13.585,0,4,1,1,0,0,0.03,0.004,200000
2532,252,34.984,27,81,5,1,0,0,0.03,0.004,200000
2533,209,26.674,19,69,5,1,0,0,0.03,0.004,200000
2534,272,31.335,27,61,2,1,0,0,0.03,0.004,200000
2535,400,79.548,48,112,6,0,0,1,0.03,0.004,200000
2536,400,73.753,44,102,5,0,0,1,0.03,0.004,200000
2537,400,67.022,38,103,7,0,0,1,0.03,0.004,200000
2538,7,-13.913,0,4,3,1,0,0,0.03,0.004,200000
2539,400,75.307,45,118,7,0,0,1,0.03,0.004,200000
2540,7,-13.969,0,3,3,1,0,0,0.03,0.004,200000
2541,400,47.827,28,69,10,0,0,1,0.03,0.004,200000
2542,400,73.099,45,105,11,0,0,1,0.03,0.004,200000
2543,33,-7.705,0,11,4,1,0,0,0.03,0.004,200000
2544,155,21.594,16,62,3,1,0,0,0.03,0.004,200000
2545,88,8.353,10,35,5,1,0,0,0.03,0.004,200000
2546,9,-14.142,0,4,5,1,0,0,0.03,0.004,200000
2547,400,52.019,33,75,14,0,0,1,0.03,0.004,200000
2548,117,12.09,11,47,0,1,0,0,0.03,0.004,200000
2549,289,31.804,20,77,10,1,0,0,0.03,0.004,200000
2550,400,73.174,45,109,3,0,0,1,0.03,0.004,200000
2551,400,74.301,43,112,8,0,0,1,0.03,0.004,200000
2552,392,31.885,26,71,5,1,0,0,0.03,0.004,200000
2553,127,10.118,11,35,4,1,0,0,0.03,0.004,200000
2554,52,-4.516,4,17,7,1,0,0,0.03,0.004,200000
2555,367,59.614,41,114,19,1,0,0,0.03,0.004,200000
2556,15,-14.747,0,4,10,1,0,0,0.03,0.004,200000
2557,400,68.201,40,106,15,0,0,1,0.03,0.004,200000
2558,23,-15.531,0,4,17,1,0,0,0.03,0.004,200000
2559,322,49.399,37,105,12,1,0,0,0.03,0.004,200000
2560,400,71.028,42,116,19,0,0,1,0.03,0.004,200000
2561,127,12.101,13,56,3,1,0,0,0.03,0.004,200000
2562,13,-14.655,0,3,9,1,0,0,0.03,0.004,200000
2563,400,67.364,40,101,11,0,0,1,0.03,0.004,200000
2564,12,-12.638,0,3,6,1,0,0,0.03,0.004,200000
2565,400,71.437,43,106,8,0,0,1,0.03,0.004,200000
2566,63,-1.116,6,22,3,1,0,0,0.03,0.004,200000
2567,365,11.291,16,47,5,1,0,0,0.03,0.004,200000
2568,400,53.912,34,82,44,0,0,1,0.03,0.004,200000
2569,138,18.688,18,55,4,1,0,0,0.03,0.004,200000
2570,400,38.664,25,76,60,0,0,1,0.03,0.004,200000
2571,400,61.803,37,102,32,0,0,1,0.03,0.004,200000
2572,94,6.22,11,36,7,1,0,0,0.03,0.004,200000
2573,10,-13.746,0,3,4,1,0,0,0.03,0.004,200000
2574,7,-13.283,0,4,2,1,0,0,0.03,0.004,200000
2575,400,74.288,46,104,13,0,0,1,0.03,0.004,200000
2576,146,20.164,17,49,3,1,0,0,0.03,0.004,200000
2577,400,70.281,40,112,9,0,0,1,0.03,0.004,200000
2578,7,-14.063,0,3,3,1,0,0,0.03,0.004,200000
2579,10,-13.696,0,3,4,1,0,0,0.03,0.004,200000
2580,175,20.9,21,50,7,1,0,0,0.03,0.004,200000
2581,254,34.004,25,88,12,1,0,0,0.03,0.004,200000
2582,7,-13.563,0,2,3,1,0,0,0.03,0.004,200000
2583,5,-13.634,0,4,1,1,0,0,0.03,0.004,200000
2584,400,63.15,38,85,17,0,0,1,0.03,0.004,200000
2585,298,31.355,25,76,20,1,0,0,0.03,0.004,200000
2586,244,38.963,29,76,2,1,0,0,0.03,0.004,200000
2587,400,72.423,42,103,7,0,0,1,0.03,0.004,200000
2588,400,73.927,42,109,12,0,0,1,0.03,0.004,200000
2589,343,56.031,36,116,5,1,0,0,0.03,0.004,200000
2590,400,63.922,39,90,12,0,0,1,0.03,0.004,200000
2591,78,-6.026,3,20,7,1,0,0,0.03,0.004,200000
2592,7,-13.433,0,3,2,1,0,0,0.03,0.004,200000
2593,400,73.77,43,103,1,0,0,1,0.03,0.004,200000
2594,400,71.661,42,110,13,0,0,1,0.03,0.004,200000
2595,400,74.144,42,112,7,0,0,1,0.03,0.004,200000
2596,400,63.188,38,95,6,0,0,1,0.03,0.004,200000
2597,84,6.396,9,29,1,1,0,0,0.03,0.004,200000
2598,203,24.572,19,65,7,1,0,0,0.03,0.004,200000
2599,32,-5.958,1,14,2,1,0,0,0.03,0.004,200000
2600,400,78.186,46,114,2,0,0,1,0.03,0.004,200000
2601,279,47.348,32,102,2,1,0,0,0.03,0.004,200000
2602,7,-13.433,0,3,2,1,0,0,0.03,0.004,200000
2603,52,-3.63,4,20,3,1,0,0,0.03,0.004,200000
2604,134,13.857,16,48,6,1,0,0,0.03,0.004,200000
2605,400,68.366,39,99,9,0,0,1,0.03,0.004,200000
2606,400,77.55,46,115,4,0,0,1,0.03,0.004,200000
2607,180,12.788,11,48,12,1,0,0,0.03,0.004,200000
2608,81,-1.572,6,27,10,1,0,0,0.03,0.004,200000
2609,13,-14.139,0,2,7,1,0,0,0.03,0.004,200000
2610,157,17.276,19,42,1,1,0,0,0.03,0.004,200000
2611,285,40.486,32,83,10,1,0,0,0.03,0.004,200000
2612,5,-13.111,0,3,0,1,0,0,0.03,0.004,200000
2613,9,-13.611,0,4,4,1,0,0,0.03,0.004,200000
2614,120,12.222,12,34,3,1,0,0,0.03,0.004,200000
2615,400,73.028,42,102,8,0,0,1,0.03,0.004,200000
2616,400,72.743,43,98,4,0,0,1,0.03,0.004,200000
2617,400,74.468,44,107,7,0,0,1,0.03,0.004,200000
2618,400,73.971,45,103,15,0,0,1,0.03,0.004,200000
2619,400,72.078,42,105,12,0,0,1,0.03,0.004,200000
2620,103,5.019,7,32,5,1,0,0,0.03,0.004,200000
2621,400,76.675,46,100,4,0,0,1,0.03,0.004,200000
2622,10,-14.519,0,1,5,1,0,0,0.03,0.004,200000
2623,135,2.968,6,40,14,1,0,0,0.03,0.004,200000
2624,5,-13.255,0,3,0,1,0,0,0.03,0.004,200000
2625,355,50.172,36,96,16,1,0,0,0.03,0.004,200000
2626,10,-13.726,0,4,5,1,0,0,0.03,0.004,200000
2627,86,8.687,12,27,5,1,0,0,0.03,0.004,200000
2628,400,68.476,39,115,18,0,0,1,0.03,0.004,200000
2629,7,-13.963,0,3,3,1,0,0,0.03,0.004,200000
2630,400,71.49,42,112,11,0,0,1,0.03,0.004,200000
2631,84,-0.138,7,27,5,1,0,0,0.03,0.004,200000
2632,400,51.721,32,80,16,0,0,1,0.03,0.004,200000
2633,7,-13.383,0,3,2,1,0,0,0.03,0.004,200000
2634,326,40.351,32,85,29,1,0,0,0.03,0.004,200000
2635,61,1.286,7,18,6,1,0,0,0.03,0.004,200000
2636,400,71.269,42,106,9,0,0,1,0.03,0.004,200000
2637,400,66.087,40,93,18,0,0,1,0.03,0.004,200000
2638,344,55.974,39,103,6,1,0,0,0.03,0.004,200000
2639,400,60.885,34,98,25,0,0,1,0.03,0.004,200000
2640,170,18.168,17,71,6,1,0,0,0.03,0.004,200000
2641,400,72.462,41,114,8,0,0,1,0.03,0.004,200000
2642,95,-1.042,4,28,16,1,0,0,0.03,0.004,200000
2643,148,17.267,15,47,5,1,0,0,0.03,0.004,200000
2644,400,57.412,35,83,20,0,0,1,0.03,0.004,200000
2645,400,68.286,39,104,17,0,0,1,0.03,0.004,200000
2646,369,37.675,31,73,33,1,0,0,0.03,0.004,200000
2647,400,66.72,42,99,6,0,0,1,0.03,0.004,200000
2648,400,72.235,42,102,7,0,0,1,0.03,0.004,200000
2649,95,3.937,10,30,3,1,0,0,0.03,0.004,200000
2650,400,68.803,41,103,13,0,0,1,0.03,0.004,200000
2651,42,-5.694,4,15,4,1,0,0,0.03,0.004,200000
2652,400,76.37,46,112,15,0,0,1,0.03,0.004,200000
2653,400,75.621,45,112,6,0,0,1,0.03,0.004,200000
2654,400,61.877,37,107,38,0,0,1,0.03,0.004,200000
2655,400,66.588,37,112,16,0,0,1,0.03,0.004,200000
2656,7,-14.113,0,2,3,1,0,0,0.03,0.004,200000
2657,7,-14.063,0,3,3,1,0,0,0.03,0.004,200000
2658,400,49.449,30,78,20,0,0,1,0.03,0.004,200000
2659,400,51.539,33,92,49,0,0,1,0.03,0.004,200000
2660,400,61.793,36,99,16,0,0,1,0.03,0.004,200000
2661,400,46.536,26,90,22,0,0,1,0.03,0.004,200000
2662,106,11.945,12,43,6,1,0,0,0.03,0.004,200000
2663,400,69.565,45,98,27,0,0,1,0.03,0.004,200000
2664,9,-12.78,0,5,4,1,0,0,0.03,0.004,200000
2665,309,47.74,33,89,5,1,0,0,0.03,0.004,200000
2666,224,7.161,9,43,7,1,0,0,0.03,0.004,200000
2667,400,79.6,48,118,7,0,0,1,0.03,0.004,200000
2668,144,13.073,13,47,1,1,0,0,0.03,0.004,200000
2669,400,68.478,42,95,9,0,0,1,0.03,0.004,200000
2670,168,16.52,17,53,10,1,0,0,0.03,0.004,200000
2671,7,-13.563,0,3,3,1,0,0,0.03,0.004,200000
2672,400,74.551,45,106,6,0,0,1,0.03,0.004,200000
2673,400,68.426,41,103,6,0,0,1,0.03,0.004,200000
2674,400,71.121,40,106,5,0,0,1,0.03,0.004,200000
2675,162,18.857,17,49,9,1,0,0,0.03,0.004,200000
2676,400,61.514,34,106,21,0,0,1,0.03,0.004,200000
2677,400,60.06,35,85,4,0,0,1,0.03,0.004,200000
2678,7,-13.333,0,4,2,1,0,0,0.03,0.004,200000
2679,182,25.448,19,63,5,1,0,0,0.03,0.004,200000
2680,400,61.899,38,94,3,0,0,1,0.03,0.004,200000
2681,400,70.633,39,111,10,0,0,1,0.03,0.004,200000
2682,400,70.882,42,108,6,0,0,1,0.03,0.004,200000
2683,400,72.398,41,106,12,0,0,1,0.03,0.004,200000
2684,400,75.044,46,111,5,0,0,1,0.03,0.004,200000
2685,10,-14.556,0,1,6,1,0,0,0.03,0.004,200000
2686,22,-7.609,0,9,0,1,0,0,0.03,0.004,200000
2687,400,67.394,44,100,23,0,0,1,0.03,0.004,200000
2688,351,58.424,41,96,3,1,0,0,0.03,0.004,200000
2689,75,1.702,8,23,4,1,0,0,0.03,0.004,200000
2690,244,30.061,24,73,10,1,0,0,0.03,0.004,200000
2691,400,65.151,37,103,6,0,0,1,0.03,0.004,200000
2692,28,-6.182,2,7,1,1,0,0,0.03,0.004,200000
2693,400,72.242,43,115,9,0,0,1,0.03,0.004,200000
2694,7,-14.263,0,1,3,1,0,0,0.03,0.004,200000
2695,257,37.854,32,76,5,1,0,0,0.03,0.004,200000
2696,265,35.539,27,71,2,1,0,0,0.03,0.004,200000
2697,315,49.761,36,100,3,1,0,0,0.03,0.004,200000
2698,12,-13.874,0,3,6,1,0,0,0.03,0.004,200000
2699,400,34.678,22,57,11,0,0,1,0.03,0.004,200000
2700,99,4.562,6,33,0,1,0,0,0.03,0.004,200000
2701,400,62.04,36,100,28,0,0,1,0.03,0.004,200000
2702,86,3.872,9,34,3,1,0,0,0.03,0.004,200000
2703,400,60.865,37,96,37,0,0,1,0.03,0.004,200000
2704,400,73.09,43,114,9,0,0,1,0.03,0.004,200000
2705,11,-14.65,0,2,8,1,0,0,0.03,0.004,200000
2706,234,18.116,17,59,29,1,0,0,0.03,0.004,200000
2707,400,53.118,29,93,8,0,0,1,0.03,0.004,200000
2708,24,-10.704,1,9,6,1,0,0,0.03,0.004,200000
2709,55,-4.445,5,19,6,1,0,0,0.03,0.004,200000
2710,400,70.519,41,101,4,0,0,1,0.03,0.004,200000
2711,400,66.695,40,96,5,0,0,1,0.03,0.004,200000
2712,18,-14.56,0,3,12,1,0,0,0.03,0.004,200000
2713,37,-6.23,1,14,2,1,0,0,0.03,0.004,200000
2714,7,-13.433,0,3,2,1,0,0,0.03,0.004,200000
2715,10,-14.226,0,3,5,1,0,0,0.03,0.004,200000
2716,400,62.412,39,101,20,0,0,1,0.03,0.004,200000
2717,10,-15.006,0,2,6,1,0,0,0.03,0.004,200000
2718,384,61.904,39,123,1,1,0,0,0.03,0.004,200000
2719,400,71.888,41,110,5,0,0,1,0.03,0.004,200000
2720,102,11.732,13,35,1,1,0,0,0.03,0.004,200000
2721,400,69.541,41,101,5,0,0,1,0.03,0.004,200000
2722,400,42.005,26,71,9,0,0,1,0.03,0.004,200000
2723,94,7.69,12,37,6,1,0,0,0.03,0.004,200000
2724,400,71.273,40,110,4,0,0,1,0.03,0.004,200000
2725,400,63.805,37,100,4,0,0,1,0.03,0.004,200000
2726,400,74.708,43,113,5,0,0,1,0.03,0.004,200000
2727,248,39.551,30,78,1,1,0,0,0.03,0.004,200000
2728,66,1.113,5,26,0,1,0,0,0.03,0.004,200000
2729,356,56.209,38,96,3,1,0,0,0.03,0.004,200000
2730,257,35.982,27,79,4,1,0,0,0.03,0.004,200000
2731,400,69.093,41,108,9,0,0,1,0.03,0.004,200000
2732,400,66.13,40,95,14,0,0,1,0.03,0.004,200000
2733,400,71.691,42,108,3,0,0,1,0.03,0.004,200000
2734,296,51.766,40,96,4,1,0,0,0.03,0.004,200000
2735,7,-14.193,0,2,4,1,0,0,0.03,0.004,200000
2736,124,14.953,14,43,3,1,0,0,0.03,0.004,200000
2737,400,67.818,40,102,2,0,0,1,0.03,0.004,200000
2738,75,5.41,8,29,2,1,0,0,0.03,0.004,200000
2739,235,29.931,22,68,3,1,0,0,0.03,0.004,200000
2740,400,72.559,43,102,14,0,0,1,0.03,0.004,200000
2741,400,68.152,41,95,5,0,0,1,0.03,0.004,200000
2742,400,70.349,43,100,4,0,0,1,0.03,0.004,200000
2743,400,68.092,39,108,4,0,0,1,0.03,0.004,200000
2744,400,67.193,39,101,11,0,0,1,0.03,0.004,200000
2745,171,24.272,19,60,1,1,0,0,0.03,0.004,200000
2746,159,17.046,14,46,3,1,0,0,0.03,0.004,200000
2747,14,-8.755,0,4,0,1,0,0,0.03,0.004,200000
2748,76,3.259,8,32,1,1,0,0,0.03,0.004,200000
2749,400,78.259,47,113,5,0,0,1,0.03,0.004,200000
2750,13,-14.768,0,2,8,1,0,0,0.03,0.004,200000
2751,400,46.476,29,69,6,0,0,1,0.03,0.004,200000
2752,400,60.037,37,89,4,0,0,1,0.03,0.004,200000
2753,23,-8.93,1,12,2,1,0,0,0.03,0.004,200000
2754,400,74.987,44,108,1,0,0,1,0.03,0.004,200000
2755,83,7.166,10,27,2,1,0,0,0.03,0.004,200000
2756,400,31.927,19,57,3,0,0,1,0.03,0.004,200000
2757,400,57.242,32,98,4,0,0,1,0.03,0.004,200000
2758,400,61.882,37,92,14,0,0,1,0.03,0.004,200000
2759,400,75.372,46,105,4,0,0,1,0.03,0.004,200000
2760,307,41.282,28,87,1,1,0,0,0.03,0.004,200000
2761,170,13.668,15,43,4,1,0,0,0.03,0.004,200000
2762,400,67.771,41,107,2,0,0,1,0.03,0.004,200000
2763,224,32.997,24,68,0,1,0,0,0.03,0.004,200000
2764,400,73.681,44,111,4,0,0,1,0.03,0.004,200000
2765,400,74.287,43,105,6,0,0,1,0.03,0.004,200000
2766,400,76.591,46,104,6,0,0,1,0.03,0.004,200000
2767,400,77.106,46,115,14,0,0,1,0.03,0.004,200000
2768,102,7.751,13,30,4,1,0,0,0.03,0.004,200000
2769,378,44.417,31,94,26,1,0,0,0.03,0.004,200000
2770,20,-10.746,0,7,2,1,0,0,0.03,0.004,200000
2771,400,67.1,39,99,3,0,0,1,0.03,0.004,200000
2772,143,16.91,14,55,0,1,0,0,0.03,0.004,200000
2773,400,77.996,46,117,6,0,0,1,0.03,0.004,200000
2774,333,44.938,33,96,9,1,0,0,0.03,0.004,200000
2775,42,-3.928,2,14,1,1,0,0,0.03,0.004,200000
2776,400,69.266,42,100,6,0,0,1,0.03,0.004,200000
2777,400,75.798,45,103,2,0,0,1,0.03,0.004,200000
2778,50,-3.709,4,18,2,1,0,0,0.03,0.004,200000
2779,21,-10.784,1,9,3,1,0,0,0.03,0.004,200000
2780,210,22.919,17,68,5,1,0,0,0.03,0.004,200000
2781,400,69.336,40,115,11,0,0,1,0.03,0.004,200000
2782,400,68.63,41,98,12,0,0,1,0.03,0.004,200000
2783,400,73.93,42,107,3,0,0,1,0.03,0.004,200000
2784,400,73.003,41,114,2,0,0,1,0.03,0.004,200000
2785,23,-10.345,0,10,2,1,0,0,0.03,0.004,200000
2786,58,-2.477,2,23,2,1,0,0,0.03,0.004,200000
2787,400,64.242,40,96,23,0,0,1,0.03,0.004,200000
2788,71,1.636,6,23,3,1,0,0,0.03,0.004,200000
2789,123,11.574,10,42,0,1,0,0,0.03,0.004,200000
2790,230,35.254,27,81,2,1,0,0,0.03,0.004,200000
2791,400,67.942,41,101,5,0,0,1,0.03,0.004,200000
2792,252,39.836,32,71,2,1,0,0,0.03,0.004,200000
2793,400,55.861,34,88,9,0,0,1,0.03,0.004,200000
2794,309,37.955,30,74,3,1,0,0,0.03,0.004,200000
2795,268,37.465,28,79,6,1,0,0,0.03,0.004,200000
2796,257,27.741,21,75,25,1,0,0,0.03,0.004,200000
2797,50,-4.092,2,21,1,1,0,0,0.03,0.004,200000
2798,129,9.474,11,35,6,1,0,0,0.03,0.004,200000
2799,289,30.696,26,82,22,1,0,0,0.03,0.004,200000
2800,400,74.952,44,112,8,0,0,1,0.03,0.004,200000
2801,400,72.078,43,105,2,0,0,1,0.03,0.004,200000
2802,366,48.606,35,105,23,1,0,0,0.03,0.004,200000
2803,400,70.445,40,102,8,0,0,1,0.03,0.004,200000
2804,85,4.664,7,26,0,1,0,0,0.03,0.004,200000
2805,400,73.862,44,107,7,0,0,1,0.03,0.004,200000
2806,400,65.616,38,98,25,0,0,1,0.03,0.004,200000
2807,400,73.474,43,111,12,0,0,1,0.03,0.004,200000
2808,400,70.894,42,104,10,0,0,1,0.03,0.004,200000
2809,294,41.782,32,93,5,1,0,0,0.03,0.004,200000
2810,400,60.638,36,101,3,0,0,1,0.03,0.004,200000
2811,146,16.092,16,40,8,1,0,0,0.03,0.004,200000
2812,400,68.461,40,108,2,0,0,1,0.03,0.004,200000
2813,400,71.204,43,104,13,0,0,1,0.03,0.004,200000
2814,400,69.649,44,101,24,0,0,1,0.03,0.004,200000
2815,126,12.382,12,46,4,1,0,0,0.03,0.004,200000
2816,400,73.307,44,99,3,0,0,1,0.03,0.004,200000
2817,400,66.152,38,115,18,0,0,1,0.03,0.004,200000
2818,400,64.967,41,106,35,0,0,1,0.03,0.004,200000
2819,5,-13.741,0,3,1,1,0,0,0.03,0.004,200000
2820,233,32.986,27,75,6,1,0,0,0.03,0.004,200000
2821,16,-8.426,0,6,1,1,0,0,0.03,0.004,200000
2822,234,35.624,24,86,0,1,0,0,0.03,0.004,200000
2823,400,50.22,31,81,40,0,0,1,0.03,0.004,200000
2824,71,-1.277,6,25,3,1,0,0,0.03,0.004,200000
2825,400,70.492,43,109,21,0,0,1,0.03,0.004,200000
2826,105,2.059,7,34,4,1,0,0,0.03,0.004,200000
2827,136,15.344,14,45,1,1,0,0,0.03,0.004,200000
2828,230,21.248,16,69,18,1,0,0,0.03,0.004,200000
2829,324,29.46,28,66,44,1,0,0,0.03,0.004,200000
2830,400,64.06,37,98,17,0,0,1,0.03,0.004,200000
2831,149,18.503,17,56,2,1,0,0,0.03,0.004,200000
2832,90,6.989,8,32,0,1,0,0,0.03,0.004,200000
2833,400,72.081,41,108,7,0,0,1,0.03,0.004,200000
2834,400,45.273,27,97,4,0,0,1,0.03,0.004,200000
2835,400,73.019,43,118,12,0,0,1,0.03,0.004,200000
2836,32,-10.507,1,12,9,1,0,0,0.03,0.004,200000
2837,235,35.561,28,85,4,1,0,0,0.03,0.004,200000
2838,400,57.621,36,90,9,0,0,1,0.03,0.004,200000
2839,400,67.566,42,100,6,0,0,1,0.03,0.004,200000
2840,65,1.035,5,24,4,1,0,0,0.03,0.004,200000
2841,55,-5.566,1,16,0,1,0,0,0.03,0.004,200000
2842,61,1.883,6,25,1,1,0,0,0.03,0.004,200000
2843,62,-0.493,4,20,2,1,0,0,0.03,0.004,200000
2844,400,59.459,36,92,35,0,0,1,0.03,0.004,200000
2845,400,27.108,17,49,12,0,0,1,0.03,0.004,200000
2846,400,71.412,43,110,9,0,0,1,0.03,0.004,200000
2847,328,48.58,37,93,18,1,0,0,0.03,0.004,200000
2848,400,51.038,33,71,21,0,0,1,0.03,0.004,200000
2849,400,60.282,34,99,12,0,0,1,0.03,0.004,200000
2850,400,58.97,38,84,5,0,0,1,0.03,0.004,200000
2851,31,-6.688,2,12,1,1,0,0,0.03,0.004,200000
2852,400,40.08,28,64,31,0,0,1,0.03,0.004,200000
2853,400,70.222,42,111,2,0,0,1,0.03,0.004,200000
2854,400,68.689,40,96,3,0,0,1,0.03,0.004,200000
2855,85,3.86,7,38,1,1,0,0,0.03,0.004,200000
2856,81,1.19,6,38,4,1,0,0,0.03,0.004,200000
2857,400,27.757,22,49,5,0,0,1,0.03,0.004,200000
2858,400,76.804,45,117,4,0,0,1,0.03,0.004,200000
2859,400,77.341,46,114,6,0,0,1,0.03,0.004,200000
2860,400,76.905,44,118,3,0,0,1,0.03,0.004,200000
2861,400,10.571,8,20,1,0,0,1,0.03,0.004,200000
2862,400,61.923,38,97,3,0,0,1,0.03,0.004,200000
2863,400,77.741,45,125,3,0,0,1,0.03,0.004,200000
2864,400,73.576,44,110,13,0,0,1,0.03,0.004,200000
2865,323,20.941,22,60,1,1,0,0,0.03,0.004,200000
2866,119,6.312,9,36,1,1,0,0,0.03,0.004,200000
2867,400,73.171,42,113,13,0,0,1,0.03,0.004,200000
2868,272,46.995,34,96,2,1,0,0,0.03,0.004,200000
2869,400,58.006,35,88,4,0,0,1,0.03,0.004,200000
2870,400,59.659,37,95,33,0,0,1,0.03,0.004,200000
2871,400,52.898,27,91,6,0,0,1,0.03,0.004,200000
2872,109,9.682,10,40,1,1,0,0,0.03,0.004,200000
2873,400,61.472,36,89,2,0,0,1,0.03,0.004,200000
2874,74,2.947,6,28,1,1,0,0,0.03,0.004,200000
2875,42,-4.023,2,17,1,1,0,0,0.03,0.004,200000
2876,400,75.49,43,107,7,0,0,1,0.03,0.004,200000
2877,68,5.178,8,27,0,1,0,0,0.03,0.004,200000
2878,198,27.165,23,65,3,1,0,0,0.03,0.004,200000
2879,400,62.552,38,92,4,0,0,1,0.03,0.004,200000
2880,400,70.974,41,100,6,0,0,1,0.03,0.004,200000
2881,400,60.939,37,91,6,0,0,1,0.03,0.004,200000
2882,80,1.307,7,26,4,1,0,0,0.03,0.004,200000
2883,241,38.243,30,79,5,1,0,0,0.03,0.004,200000
2884,7,-9.086,0,3,0,1,0,0,0.03,0.004,200000
2885,400,74.523,42,113,4,0,0,1,0.03,0.004,200000
2886,24,-6.597,1,10,0,1,0,0,0.03,0.004,200000
2887,400,57.627,33,86,4,0,0,1,0.03,0.004,200000
2888,400,72.671,42,110,5,0,0,1,0.03,0.004,200000
2889,400,74.306,43,115,8,0,0,1,0.03,0.004,200000
2890,400,71.189,40,112,4,0,0,1,0.03,0.004,200000
2891,400,59.886,36,94,4,0,0,1,0.03,0.004,200000
2892,400,77.998,47,107,10,0,0,1,0.03,0.004,200000
2893,400,30.961,20,52,10,0,0,1,0.03,0.004,200000
2894,82,3.806,7,25,6,1,0,0,0.03,0.004,200000
2895,400,69.078,42,104,17,0,0,1,0.03,0.004,200000
2896,266,19.7,19,53,17,1,0,0,0.03,0.004,200000
2897,400,76.517,46,115,2,0,0,1,0.03,0.004,200000
2898,106,13.016,14,36,0,1,0,0,0.03,0.004,200000
2899,187,9.116,11,38,15,1,0,0,0.03,0.004,200000
2900,400,66.874,41,98,2,0,0,1,0.03,0.004,200000
2901,400,32.917,24,58,8,0,0,1,0.03,0.004,200000
2902,282,42.477,32,68,1,1,0,0,0.03,0.004,200000
2903,400,62.753,36,97,11,0,0,1,0.03,0.004,200000
2904,400,26.295,15,58,3,0,0,1,0.03,0.004,200000
2905,400,61.915,36,98,7,0,0,1,0.03,0.004,200000
2906,400,13.177,11,34,37,0,0,1,0.03,0.004,200000
2907,400,3.882,5,15,14,0,0,1,0.03,0.004,200000
2908,400,75.161,45,108,3,0,0,1,0.03,0.004,200000
2909,122,6.764,8,48,3,1,0,0,0.03,0.004,200000
2910,400,66.874,37,109,5,0,0,1,0.03,0.004,200000
2911,293,49.191,34,98,1,1,0,0,0.03,0.004,200000
2912,80,3.506,7,23,3,1,0,0,0.03,0.004,200000
2913,395,54.496,37,108,8,1,0,0,0.03,0.004,200000
2914,400,72.826,45,112,5,0,0,1,0.03,0.004,200000
2915,400,54.962,34,82,4,0,0,1,0.03,0.004,200000
2916,400,60.202,36,86,6,0,0,1,0.03,0.004,200000
2917,400,20.41,13,46,2,0,0,1,0.03,0.004,200000
2918,400,63.689,37,102,7,0,0,1,0.03,0.004,200000
2919,206,24.365,21,66,3,1,0,0,0.03,0.004,200000
2920,274,47.922,35,94,0,1,0,0,0.03,0.004,200000
2921,126,4.528,10,31,12,1,0,0,0.03,0.004,200000
2922,400,55.41,31,82,17,0,0,1,0.03,0.004,200000
2923,400,59.495,35,93,0,0,0,1,0.03,0.004,200000
2924,400,45.793,28,69,49,0,0,1,0.03,0.004,200000
2925,400,76.85,47,106,5,0,0,1,0.03,0.004,200000
2926,400,66.421,40,106,13,0,0,1,0.03,0.004,200000
2927,400,69.731,42,107,11,0,0,1,0.03,0.004,200000
2928,29,-5.208,2,11,0,1,0,0,0.03,0.004,200000
2929,400,74.327,42,116,6,0,0,1,0.03,0.004,200000
2930,400,47.591,29,85,6,0,0,1,0.03,0.004,200000
2931,400,43.371,27,70,6,0,0,1,0.03,0.004,200000
2932,332,49.529,39,92,9,1,0,0,0.03,0.004,200000
2933,165,13.827,14,42,3,1,0,0,0.03,0.004,200000
2934,400,34.768,22,57,5,0,0,1,0.03,0.004,200000
2935,288,49.761,36,93,11,1,0,0,0.03,0.004,200000
2936,363,41.021,32,87,30,1,0,0,0.03,0.004,200000
2937,400,3.442,9,28,139,0,0,1,0.03,0.004,200000
2938,78,-3.878,4,22,9,1,0,0,0.03,0.004,200000
2939,400,80.371,48,115,6,0,0,1,0.03,0.004,200000
2940,33,-7.188,2,13,2,1,0,0,0.03,0.004,200000
2941,400,49.384,30,78,6,0,0,1,0.03,0.004,200000
2942,400,2.733,4,14,11,0,0,1,0.03,0.004,200000
2943,141,20.384,18,44,0,1,0,0,0.03,0.004,200000
2944,77,6.314,9,23,1,1,0,0,0.03,0.004,200000
2945,400,51.709,31,91,23,0,0,1,0.03,0.004,200000
2946,400,46.552,28,76,25,0,0,1,0.03,0.004,200000
2947,400,55.592,33,95,12,0,0,1,0.03,0.004,200000
2948,400,51.735,30,89,9,0,0,1,0.03,0.004,200000
2949,400,30.167,16,49,8,0,0,1,0.03,0.004,200000
2950,400,50.595,32,77,4,0,0,1,0.03,0.004,200000
2951,99,8.339,10,30,1,1,0,0,0.03,0.004,200000
2952,89,7.677,10,26,0,1,0,0,0.03,0.004,200000
2953,15,-15.594,0,2,13,1,0,0,0.03,0.004,200000
2954,347,49.699,37,99,13,1,0,0,0.03,0.004,200000
2955,400,44.907,26,59,8,0,0,1,0.03,0.004,200000
2956,400,71.153,40,110,6,0,0,1,0.03,0.004,200000
2957,55,-0.397,5,17,1,1,0,0,0.03,0.004,200000
2958,400,50.02,30,90,4,0,0,1,0.03,0.004,200000
2959,400,72.509,44,107,6,0,0,1,0.03,0.004,200000
2960,400,44.244,27,68,6,0,0,1,0.03,0.004,200000
2961,400,60.087,36,88,2,0,0,1,0.03,0.004,200000
2962,400,78.541,46,112,4,0,0,1,0.03,0.004,200000
2963,81,-3.936,5,18,5,1,0,0,0.03,0.004,200000
2964,400,60.76,32,84,2,0,0,1,0.03,0.004,200000
2965,400,43.856,27,70,5,0,0,1,0.03,0.004,200000
2966,400,69.293,42,103,5,0,0,1,0.03,0.004,200000
2967,170,18.297,18,49,5,1,0,0,0.03,0.004,200000
2968,400,48.717,31,70,24,0,0,1,0.03,0.004,200000
2969,80,2.554,6,24,1,1,0,0,0.03,0.004,200000
2970,7,-9.457,0,3,1,1,0,0,0.03,0.004,200000
2971,400,71.712,44,99,10,0,0,1,0.03,0.004,200000
2972,221,38.073,29,76,1,1,0,0,0.03,0.004,200000
2973,255,35.503,27,84,6,1,0,0,0.03,0.004,200000
2974,7,-13.703,0,3,5,1,0,0,0.03,0.004,200000
2975,400,74.121,44,106,2,0,0,1,0.03,0.004,200000
2976,190,21.045,17,58,3,1,0,0,0.03,0.004,200000
2977,281,41.987,31,89,4,1,0,0,0.03,0.004,200000
2978,400,41.827,26,75,17,0,0,1,0.03,0.004,200000
2979,400,60.61,36,82,1,0,0,1,0.03,0.004,200000
2980,400,12.726,9,35,30,0,0,1,0.03,0.004,200000
2981,400,60.622,39,78,2,0,0,1,0.03,0.004,200000
2982,25,-10.305,1,9,2,1,0,0,0.03,0.004,200000
2983,21,-9.332,1,9,2,1,0,0,0.03,0.004,200000
2984,145,18.036,14,54,1,1,0,0,0.03,0.004,200000
2985,400,55.129,33,87,3,0,0,1,0.03,0.004,200000
2986,400,73.636,45,109,6,0,0,1,0.03,0.004,200000
2987,400,37.636,23,69,7,0,0,1,0.03,0.004,200000
2988,400,48.381,29,73,6,0,0,1,0.03,0.004,200000
2989,400,68.293,41,103,10,0,0,1,0.03,0.004,200000
2990,400,73.998,43,119,9,0,0,1,0.03,0.004,200000
2991,400,56.713,34,91,3,0,0,1,0.03,0.004,200000
2992,400,61.138,37,85,10,0,0,1,0.03,0.004,200000
2993,111,-7.597,2,14,2,1,0,0,0.03,0.004,200000
2994,96,3.581,7,37,2,1,0,0,0.03,0.004,200000
2995,400,58.632,34,95,6,0,0,1,0.03,0.004,200000
2996,357,58.942,42,102,4,1,0,0,0.03,0.004,200000
2997,400,45.216,21,50,8,0,0,1,0.03,0.004,200000
2998,400,76.879,45,113,4,0,0,1,0.03,0.004,200000
2999,400,60.71,38,87,4,0,0,1,0.03,0.004,200000
3000,400,4.419,5,13,4,0,0,1,0.03,0.004,200000
